AccelerationRaw[0],AccelerationRaw[1],AccelerationRaw[2],AngleVelocityRaw[0],AngleVelocityRaw[1],AngleVelocityRaw[2],AngleRaw[0],AngleRaw[1],AngleRaw[2],AccelerationValue[0],AccelerationValue[1],AccelerationValue[2],AngleVelocityValue[0],AngleVelocityValue[1],AngleVelocityValue[2],AngleValue[0],AngleValue[1],AngleValue[2],TargetMotorPosition[0],TargetMotorPosition[1],TargetMotorPosition[2],TargetMotorPosition[3],TargetMotorPosition[4],TargetMotorPosition[5],TargetMotorPosition[6],TargetMotorPosition[7],TargetMotorPosition[8],TargetMotorPosition[9],TargetMotorPosition[10],TargetMotorPosition[11],TargetMotorPosition[12],TargetMotorPosition[13],TargetMotorPosition[14],TargetMotorPosition[15],TargetMotorPosition[16],TargetMotorPosition[17],TargetMotorPosition[18],TargetMotorPosition[19],TargetMotorPosition[20],TargetMotorPosition[21],TargetMotorPosition[22],TargetMotorPosition[23],TargetMotorPosition[24],TargetMotorPosition[25],TargetMotorPosition[26],TargetMotorPosition[27],TargetMotorPosition[28],TargetMotorVelocity[0],TargetMotorVelocity[1],TargetMotorVelocity[2],TargetMotorVelocity[3],TargetMotorVelocity[4],TargetMotorVelocity[5],TargetMotorVelocity[6],TargetMotorVelocity[7],TargetMotorVelocity[8],TargetMotorVelocity[9],TargetMotorVelocity[10],TargetMotorVelocity[11],TargetMotorVelocity[12],TargetMotorVelocity[13],TargetMotorVelocity[14],TargetMotorVelocity[15],TargetMotorVelocity[16],TargetMotorVelocity[17],TargetMotorVelocity[18],TargetMotorVelocity[19],TargetMotorVelocity[20],TargetMotorVelocity[21],TargetMotorVelocity[22],TargetMotorVelocity[23],TargetMotorVelocity[24],TargetMotorVelocity[25],TargetMotorVelocity[26],TargetMotorVelocity[27],TargetMotorVelocity[28],CurrentMotorPosition[0],CurrentMotorPosition[1],CurrentMotorPosition[2],CurrentMotorPosition[3],CurrentMotorPosition[4],CurrentMotorPosition[5],CurrentMotorPosition[6],CurrentMotorPosition[7],CurrentMotorPosition[8],CurrentMotorPosition[9],CurrentMotorPosition[10],CurrentMotorPosition[11],CurrentMotorPosition[12],CurrentMotorPosition[13],CurrentMotorPosition[14],CurrentMotorPosition[15],CurrentMotorPosition[16],CurrentMotorPosition[17],CurrentMotorPosition[18],CurrentMotorPosition[19],CurrentMotorPosition[20],CurrentMotorPosition[21],CurrentMotorPosition[22],CurrentMotorPosition[23],CurrentMotorPosition[24],CurrentMotorPosition[25],CurrentMotorPosition[26],CurrentMotorPosition[27],CurrentMotorPosition[28],CurrentMotorVelocity[0],CurrentMotorVelocity[1],CurrentMotorVelocity[2],CurrentMotorVelocity[3],CurrentMotorVelocity[4],CurrentMotorVelocity[5],CurrentMotorVelocity[6],CurrentMotorVelocity[7],CurrentMotorVelocity[8],CurrentMotorVelocity[9],CurrentMotorVelocity[10],CurrentMotorVelocity[11],CurrentMotorVelocity[12],CurrentMotorVelocity[13],CurrentMotorVelocity[14],CurrentMotorVelocity[15],CurrentMotorVelocity[16],CurrentMotorVelocity[17],CurrentMotorVelocity[18],CurrentMotorVelocity[19],CurrentMotorVelocity[20],CurrentMotorVelocity[21],CurrentMotorVelocity[22],CurrentMotorVelocity[23],CurrentMotorVelocity[24],CurrentMotorVelocity[25],CurrentMotorVelocity[26],CurrentMotorVelocity[27],CurrentMotorVelocity[28],CurrentMotorTorque[0],CurrentMotorTorque[1],CurrentMotorTorque[2],CurrentMotorTorque[3],CurrentMotorTorque[4],CurrentMotorTorque[5],CurrentMotorTorque[6],CurrentMotorTorque[7],CurrentMotorTorque[8],CurrentMotorTorque[9],CurrentMotorTorque[10],CurrentMotorTorque[11],CurrentMotorTorque[12],CurrentMotorTorque[13],CurrentMotorTorque[14],CurrentMotorTorque[15],CurrentMotorTorque[16],CurrentMotorTorque[17],CurrentMotorTorque[18],CurrentMotorTorque[19],CurrentMotorTorque[20],CurrentMotorTorque[21],CurrentMotorTorque[22],CurrentMotorTorque[23],CurrentMotorTorque[24],CurrentMotorTorque[25],CurrentMotorTorque[26],CurrentMotorTorque[27],CurrentMotorTorque[28],TargetMotorTorque[0],TargetMotorTorque[1],TargetMotorTorque[2],TargetMotorTorque[3],TargetMotorTorque[4],TargetMotorTorque[5],TargetMotorTorque[6],TargetMotorTorque[7],TargetMotorTorque[8],TargetMotorTorque[9],TargetMotorTorque[10],TargetMotorTorque[11],TargetMotorTorque[12],TargetMotorTorque[13],TargetMotorTorque[14],TargetMotorTorque[15],TargetMotorTorque[16],TargetMotorTorque[17],TargetMotorTorque[18],TargetMotorTorque[19],TargetMotorTorque[20],TargetMotorTorque[21],TargetMotorTorque[22],TargetMotorTorque[23],TargetMotorTorque[24],TargetMotorTorque[25],TargetMotorTorque[26],TargetMotorTorque[27],TargetMotorTorque[28],TargetMotorDamping[0],TargetMotorDamping[1],TargetMotorDamping[2],TargetMotorDamping[3],TargetMotorDamping[4],TargetMotorDamping[5],TargetMotorDamping[6],TargetMotorDamping[7],TargetMotorDamping[8],TargetMotorDamping[9],TargetMotorDamping[10],TargetMotorDamping[11],TargetMotorDamping[12],TargetMotorDamping[13],TargetMotorDamping[14],TargetMotorDamping[15],TargetMotorDamping[16],TargetMotorDamping[17],TargetMotorDamping[18],TargetMotorDamping[19],TargetMotorDamping[20],TargetMotorDamping[21],TargetMotorDamping[22],TargetMotorDamping[23],TargetMotorDamping[24],TargetMotorDamping[25],TargetMotorDamping[26],TargetMotorDamping[27],TargetMotorDamping[28],TargetMotorStiffness[0],TargetMotorStiffness[1],TargetMotorStiffness[2],TargetMotorStiffness[3],TargetMotorStiffness[4],TargetMotorStiffness[5],TargetMotorStiffness[6],TargetMotorStiffness[7],TargetMotorStiffness[8],TargetMotorStiffness[9],TargetMotorStiffness[10],TargetMotorStiffness[11],TargetMotorStiffness[12],TargetMotorStiffness[13],TargetMotorStiffness[14],TargetMotorStiffness[15],TargetMotorStiffness[16],TargetMotorStiffness[17],TargetMotorStiffness[18],TargetMotorStiffness[19],TargetMotorStiffness[20],TargetMotorStiffness[21],TargetMotorStiffness[22],TargetMotorStiffness[23],TargetMotorStiffness[24],TargetMotorStiffness[25],TargetMotorStiffness[26],TargetMotorStiffness[27],TargetMotorStiffness[28],DanceNet1NetLastAction[0],DanceNet1NetLastAction[1],DanceNet1NetLastAction[2],DanceNet1NetLastAction[3],DanceNet1NetLastAction[4],DanceNet1NetLastAction[5],DanceNet1NetLastAction[6],DanceNet1NetLastAction[7],DanceNet1NetLastAction[8],DanceNet1NetLastAction[9],DanceNet1NetLastAction[10],DanceNet1NetLastAction[11],DanceNet1NetLastAction[12],DanceNet1NetLastAction[13],DanceNet1NetLastAction[14],DanceNet1NetLastAction[15],DanceNet1NetLastAction[16],DanceNet1NetLastAction[17],DanceNet1NetLastAction[18],DanceNet1NetLastAction[19],DanceNet1NetLastAction[20],DanceNet1NetLastAction[21],DanceNet1NetLastAction[22],DanceNet1NetLastAction[23],DanceNet1NetLastAction[24],DanceNet1NetLastAction[25],DanceNet1NetLastAction[26],DanceNet1NetLastAction[27],DanceNet1NetLastAction[28],DanceNet1InferenceTime,DanceNet1Action[0],DanceNet1Action[1],DanceNet1Action[2],DanceNet1Action[3],DanceNet1Action[4],DanceNet1Action[5],DanceNet1Action[6],DanceNet1Action[7],DanceNet1Action[8],DanceNet1Action[9],DanceNet1Action[10],DanceNet1Action[11],DanceNet1Action[12],DanceNet1Action[13],DanceNet1Action[14],DanceNet1Action[15],DanceNet1Action[16],DanceNet1Action[17],DanceNet1Action[18],DanceNet1Action[19],DanceNet1Action[20],DanceNet1Action[21],DanceNet1Action[22],DanceNet1Action[23],DanceNet1Action[24],DanceNet1Action[25],DanceNet1Action[26],DanceNet1Action[27],DanceNet1Action[28],DanceNet1RefTraj[0],DanceNet1RefTraj[1],DanceNet1RefTraj[2],DanceNet1RefTraj[3],DanceNet1RefTraj[4],DanceNet1RefTraj[5],DanceNet1RefTraj[6],DanceNet1RefTraj[7],DanceNet1RefTraj[8],DanceNet1RefTraj[9],DanceNet1RefTraj[10],DanceNet1RefTraj[11],DanceNet1RefTraj[12],DanceNet1RefTraj[13],DanceNet1RefTraj[14],DanceNet1RefTraj[15],DanceNet1RefTraj[16],DanceNet1RefTraj[17],DanceNet1RefTraj[18],DanceNet1RefTraj[19],DanceNet1RefTraj[20],DanceNet1RefTraj[21],DanceNet1RefTraj[22],DanceNet1RefTraj[23],DanceNet1RefTraj[24],DanceNet1RefTraj[25],DanceNet1RefTraj[26],DanceNet1RefTraj[27],DanceNet1RefTraj[28],DanceNet1RefVel[0],DanceNet1RefVel[1],DanceNet1RefVel[2],DanceNet1RefVel[3],DanceNet1RefVel[4],DanceNet1RefVel[5],DanceNet1RefVel[6],DanceNet1RefVel[7],DanceNet1RefVel[8],DanceNet1RefVel[9],DanceNet1RefVel[10],DanceNet1RefVel[11],DanceNet1RefVel[12],DanceNet1RefVel[13],DanceNet1RefVel[14],DanceNet1RefVel[15],DanceNet1RefVel[16],DanceNet1RefVel[17],DanceNet1RefVel[18],DanceNet1RefVel[19],DanceNet1RefVel[20],DanceNet1RefVel[21],DanceNet1RefVel[22],DanceNet1RefVel[23],DanceNet1RefVel[24],DanceNet1RefVel[25],DanceNet1RefVel[26],DanceNet1RefVel[27],DanceNet1RefVel[28],AlterAngleValue[0],AlterAngleValue[1],AlterAngleValue[2],WalkNet1NetLastAction[0],WalkNet1NetLastAction[1],WalkNet1NetLastAction[2],WalkNet1NetLastAction[3],WalkNet1NetLastAction[4],WalkNet1NetLastAction[5],WalkNet1NetLastAction[6],WalkNet1NetLastAction[7],WalkNet1NetLastAction[8],WalkNet1NetLastAction[9],WalkNet1NetLastAction[10],WalkNet1NetLastAction[11],WalkNet1NetLastAction[12],WalkNet1NetLastAction[13],WalkNet1NetLastAction[14],WalkNet1NetLastAction[15],WalkNet1NetLastAction[16],WalkNet1NetLastAction[17],WalkNet1NetLastAction[18],WalkNet1NetLastAction[19],WalkNet1NetLastAction[20],WalkNet1NetLastAction[21],WalkNet1NetLastAction[22],WalkNet1NetLastAction[23],WalkNet1NetLastAction[24],WalkNet1NetLastAction[25],WalkNet1NetLastAction[26],WalkNet1NetLastAction[27],WalkNet1NetLastAction[28],WalkNet1Action[0],WalkNet1Action[1],WalkNet1Action[2],WalkNet1Action[3],WalkNet1Action[4],WalkNet1Action[5],WalkNet1Action[6],WalkNet1Action[7],WalkNet1Action[8],WalkNet1Action[9],WalkNet1Action[10],WalkNet1Action[11],WalkNet1Action[12],WalkNet1Action[13],WalkNet1Action[14],WalkNet1Action[15],WalkNet1Action[16],WalkNet1Action[17],WalkNet1Action[18],WalkNet1Action[19],WalkNet1Action[20],WalkNet1Action[21],WalkNet1Action[22],WalkNet1Action[23],WalkNet1Action[24],WalkNet1Action[25],WalkNet1Action[26],WalkNet1Action[27],WalkNet1Action[28],WalkNet1InferenceTime,WalkNet1NetProjectedGravity[0],WalkNet1NetProjectedGravity[1],WalkNet1NetProjectedGravity[2],WalkNet1NetUserCommand3[0],WalkNet1NetUserCommand3[1],WalkNet1NetUserCommand3[2],DepthCenterDistance,DepthMinDistance,DepthMaxDistance
-25.5768,-0.0105189,18.3185,-0.00023323,0.291935,-0.000152746,-4.66549e-07,0.000583871,-3.05628e-07,-25.5768,-0.0105189,18.3185,-0.00023323,0.291935,-0.000152746,-4.66549e-07,0.000583871,-3.05628e-07,-0.312,0,0,0.669,-0.363,0,-0.312,0,0,0.669,-0.363,0,0,0,0,0.2,0.2,0,0.6,0,0,0,0.2,-0.2,0,0.6,0,0,0,0,0,0,0,0,0,0,0,0,0,0,0,0,0,0,0,0,0,0,0,0,0,0,0,0,0,0,0,0,-0.308798,7.07524e-05,0.000165981,0.664486,-0.357702,1.18883e-05,-0.308798,-7.08959e-05,-0.000165921,0.664486,-0.357702,-1.19761e-05,2.39403e-07,6.62686e-07,-0.00224093,0.200114,0.199635,0.000571391,0.598005,6.84974e-05,0.00149099,-3.62506e-05,0.200114,-0.199635,-0.000570621,0.598006,-6.84586e-05,0.00149089,3.63864e-05,1.60108,0.0353762,0.0829906,-2.25689,2.64918,0.00594416,1.60103,-0.035448,-0.0829604,-2.25679,2.64914,-0.00598803,0.000119702,0.000331343,-1.12047,0.0571304,-0.182478,0.285695,-0.997611,0.0342487,0.745497,-0.0181253,0.0567287,0.182629,-0.285311,-0.996957,-0.0342293,0.745446,0.0181932,12.5359,-8.05092e-17,-3.46e-17,-66.2969,10.346,1.08914e-18,12.5359,-4.86358e-17,4.26881e-18,-66.2969,10.346,-4.96118e-17,-2.09687e-17,6.62772e-18,-3.74733e-16,-2.85013,-2.85013,-1.13985e-16,-8.55037,-6.40488e-17,-7.81728e-17,5.24105e-17,-2.85013,2.85013,8.89167e-17,-8.55037,1.05828e-16,-7.83488e-17,-2.99997e-17,0,0,0,0,0,0,0,0,0,0,0,0,0,0,0,0,0,0,0,0,0,0,0,0,0,0,0,0,0,2.55789,2.55789,2.55789,6.3088,6.3088,1.81445,2.55789,2.55789,1.81445,6.3088,6.3088,0.907223,0.907223,1.81445,1.81445,0.907223,0.907223,1.81445,1.81445,0.907223,0.907223,0.907223,0.907223,0.907223,0.907223,1.06814,1.06814,1.06814,1.06814,40.1792,40.1792,40.1792,99.0984,99.0984,28.5012,40.1792,40.1792,28.5012,99.0984,99.0984,14.2506,14.2506,28.5012,28.5012,14.2506,14.2506,28.5012,28.5012,14.2506,14.2506,14.2506,14.2506,14.2506,14.2506,16.7783,16.7783,16.7783,16.7783,0,0,0,0,0,0,0,0,0,0,0,0,0,0,0,0,0,0,0,0,0,0,0,0,0,0,0,0,0,0,0,0,0,0,0,0,0,0,0,0,0,0,0,0,0,0,0,0,0,0,0,0,0,0,0,0,0,0,0,0,0,0,0,0,0,0,0,0,0,0,0,0,0,0,0,0,0,0,0,0,0,0,0,0,0,0,0,0,0,0,0,0,0,0,0,0,0,0,0,0,0,0,0,0,0,0,0,0,0,0,0,0,0,0,0,0,0,-4.66549e-07,0.000583871,-3.05628e-07,0,0,0,0,0,0,0,0,0,0,0,0,0,0,0,0,0,0,0,0,0,0,0,0,0,0,0,0,0,-0.312,0,0,0.669,-0.363,0,-0.312,0,0,0.669,-0.363,0,0,0,0,0.2,0.2,0,0.6,0,0,0,0.2,-0.2,0,0.6,0,0,0,1.099,0.000583871,4.66548e-07,-1,0.6,0,0,0,0,0
-0.5467,-0.0172801,-0.760901,0.0048132,-0.0617071,0.00512768,7.55252e-05,0.000499723,0.0001459,-0.5467,-0.0172801,-0.760901,0.0048132,-0.0617071,0.00512768,7.55252e-05,0.000499723,0.0001459,-0.312,0,0,0.669,-0.363,0,-0.312,0,0,0.669,-0.363,0,0,0,0,0.2,0.2,0,0.6,0,0,0,0.2,-0.2,0,0.6,0,0,0,0,0,0,0,0,0,0,0,0,0,0,0,0,0,0,0,0,0,0,0,0,0,0,0,0,0,0,0,0,-0.303543,6.99525e-05,0.000151862,0.652545,-0.357434,-4.92196e-06,-0.303529,-8.33689e-05,-0.000220386,0.652534,-0.357434,1.69308e-05,-0.00012864,-9.73916e-05,-0.0033969,0.20142,0.198622,0.000974356,0.593209,1.77727e-05,0.00124727,0.000200548,0.202248,-0.198488,-0.00155514,0.591132,-2.94591e-05,0.00169824,-0.000160025,-0.0798205,-0.00895604,-0.0205938,-0.15237,-0.108844,-0.00043914,-0.0797822,0.00869934,0.0207698,-0.151673,-0.108896,0.00160421,-0.00476214,-0.0055934,0.177032,0.0371606,-0.0305449,-0.0234322,-0.0498521,-0.00334268,-0.141838,0.00337267,0.0842188,0.0312642,0.0106086,-0.18499,0.00390999,-0.129773,-0.00634875,-0.258357,0.018004,0.0434195,3.19509,0.144323,0.00146034,-0.259959,-0.0160985,-0.025403,3.19481,0.144787,-0.002027,0.00796103,0.0143737,-0.198547,-0.0657739,0.0496413,0.0141875,0.335965,0.00343514,0.112448,-0.00873429,-0.126368,-0.0546941,0.0216589,0.387524,-0.00430161,0.104572,0.012068,0,0,0,0,0,0,0,0,0,0,0,0,0,0,0,0,0,0,0,0,0,0,0,0,0,0,0,0,0,2.55789,2.55789,2.55789,6.3088,6.3088,1.81445,2.55789,2.55789,1.81445,6.3088,6.3088,0.907223,0.907223,1.81445,1.81445,0.907223,0.907223,1.81445,1.81445,0.907223,0.907223,0.907223,0.907223,0.907223,0.907223,1.06814,1.06814,1.06814,1.06814,40.1792,40.1792,40.1792,99.0984,99.0984,28.5012,40.1792,40.1792,28.5012,99.0984,99.0984,14.2506,14.2506,28.5012,28.5012,14.2506,14.2506,28.5012,28.5012,14.2506,14.2506,14.2506,14.2506,14.2506,14.2506,16.7783,16.7783,16.7783,16.7783,0,0,0,0,0,0,0,0,0,0,0,0,0,0,0,0,0,0,0,0,0,0,0,0,0,0,0,0,0,0,0,0,0,0,0,0,0,0,0,0,0,0,0,0,0,0,0,0,0,0,0,0,0,0,0,0,0,0,0,0,0,0,0,0,0,0,0,0,0,0,0,0,0,0,0,0,0,0,0,0,0,0,0,0,0,0,0,0,0,0,0,0,0,0,0,0,0,0,0,0,0,0,0,0,0,0,0,0,0,0,0,0,0,0,0,0,0,7.55252e-05,0.000499723,0.0001459,0,0,0,0,0,0,0,0,0,0,0,0,0,0,0,0,0,0,0,0,0,0,0,0,0,0,0,0,0,-0.312,0,0,0.669,-0.363,0,-0.312,0,0,0.669,-0.363,0,0,0,0,0.2,0.2,0,0.6,0,0,0,0.2,-0.2,0,0.6,0,0,0,0.671,0.000499723,-7.55252e-05,-1,0.6,0,0,0,0,0
-0.358394,-0.0063544,-0.0125232,9.67163e-05,-0.00836016,-0.00962573,0.000117019,-0.000150901,3.91772e-05,-0.358394,-0.0063544,-0.0125232,9.67163e-05,-0.00836016,-0.00962573,0.000117019,-0.000150901,3.91772e-05,-0.312,0,0,0.669,-0.363,0,-0.312,0,0,0.669,-0.363,0,0,0,0,0.2,0.2,0,0.6,0,0,0,0.2,-0.2,0,0.6,0,0,0,0,0,0,0,0,0,0,0,0,0,0,0,0,0,0,0,0,0,0,0,0,0,0,0,0,0,0,0,0,-0.306446,-7.38034e-05,-0.000120623,0.654984,-0.359182,-1.49761e-06,-0.306451,6.42163e-05,0.000177898,0.654998,-0.359182,1.50881e-05,-3.95432e-05,-0.000123188,-0.000927127,0.200839,0.198206,0.000584206,0.593922,-1.13939e-05,-0.000418214,0.000160375,0.201833,-0.198155,-0.000911463,0.590516,4.11136e-06,-0.000125573,-0.00013439,-0.118656,-0.0035732,-0.0044924,0.19843,-0.0627774,0.000207999,-0.119638,0.00345163,0.0108946,0.199058,-0.0627547,-0.000741906,0.00839827,0.00126539,0.0529984,-0.0594213,-0.0125579,-0.0152955,0.0658263,-0.000451183,-0.0300464,-0.00300041,-0.0748466,0.00918098,0.0322901,0.0530095,0.000462741,-0.0427824,0.00370195,0.0848414,0.0132214,0.0193398,0.207875,0.0212526,-0.00036028,0.0874998,-0.0128277,-0.0271356,0.201826,0.0211154,0.000409129,-0.00641799,0.0018463,-0.0828549,0.0370294,0.0374051,0.0105845,0.0631994,0.00066507,0.0383576,0.00023703,0.0336417,-0.0348435,-0.0157129,0.115156,-0.000672065,0.0533361,-0.00141257,0,0,0,0,0,0,0,0,0,0,0,0,0,0,0,0,0,0,0,0,0,0,0,0,0,0,0,0,0,2.55789,2.55789,2.55789,6.3088,6.3088,1.81445,2.55789,2.55789,1.81445,6.3088,6.3088,0.907223,0.907223,1.81445,1.81445,0.907223,0.907223,1.81445,1.81445,0.907223,0.907223,0.907223,0.907223,0.907223,0.907223,1.06814,1.06814,1.06814,1.06814,40.1792,40.1792,40.1792,99.0984,99.0984,28.5012,40.1792,40.1792,28.5012,99.0984,99.0984,14.2506,14.2506,28.5012,28.5012,14.2506,14.2506,28.5012,28.5012,14.2506,14.2506,14.2506,14.2506,14.2506,14.2506,16.7783,16.7783,16.7783,16.7783,0,0,0,0,0,0,0,0,0,0,0,0,0,0,0,0,0,0,0,0,0,0,0,0,0,0,0,0,0,0,0,0,0,0,0,0,0,0,0,0,0,0,0,0,0,0,0,0,0,0,0,0,0,0,0,0,0,0,0,0,0,0,0,0,0,0,0,0,0,0,0,0,0,0,0,0,0,0,0,0,0,0,0,0,0,0,0,0,0,0,0,0,0,0,0,0,0,0,0,0,0,0,0,0,0,0,0,0,0,0,0,0,0,0,0,0,0,0.000117019,-0.000150901,3.91772e-05,0,0,0,0,0,0,0,0,0,0,0,0,0,0,0,0,0,0,0,0,0,0,0,0,0,0,0,0,0,-0.312,0,0,0.669,-0.363,0,-0.312,0,0,0.669,-0.363,0,0,0,0,0.2,0.2,0,0.6,0,0,0,0.2,-0.2,0,0.6,0,0,0,0.664,-0.000134183,-0.000116823,-1,0.6,0,0,0,10,0
-0.00225231,5.28555e-05,0.0424385,-0.00117082,-0.000631015,-0.00975741,0.000103787,-0.000192442,-0.000144325,-0.00225231,5.28555e-05,0.0424385,-0.00117082,-0.000631015,-0.00975741,0.000103787,-0.000192442,-0.000144325,-0.312,0,0,0.669,-0.363,0,-0.312,0,0,0.669,-0.363,0,0,0,0,0.2,0.2,0,0.6,0,0,0,0.2,-0.2,0,0.6,0,0,0,0,0,0,0,0,0,0,0,0,0,0,0,0,0,0,0,0,0,0,0,0,0,0,0,0,0,0,0,0,-0.308142,-0.000101952,-0.000123919,0.658519,-0.360128,3.68852e-07,-0.308162,8.15806e-05,0.000257788,0.658533,-0.360127,3.42563e-06,0.000119485,-8.50626e-05,-0.000450172,0.199651,0.198033,0.000323808,0.595196,-1.24598e-05,-0.000579936,9.70181e-05,0.200213,-0.198016,-0.000390279,0.591987,6.50947e-06,-0.000485812,-6.70194e-05,-0.077359,-0.00038993,0.00200582,0.184271,-0.0455989,3.45552e-05,-0.0781543,-0.000469989,0.000433998,0.18401,-0.0455873,-0.000491462,0.00828828,0.00245571,0.0141427,-0.0661308,-0.00793213,-0.0137061,0.0698758,0.000145607,0.00172078,-0.00379501,-0.0934028,0.00699132,0.025787,0.0935682,-1.73625e-05,-0.00720663,0.0034996,0.0460192,0.00562503,0.000886324,-0.114103,0.00374065,-9.57945e-05,0.0488183,-0.00277073,-0.00952307,-0.1143,0.00363615,0.000424559,-0.00923472,-0.00183398,-0.0152717,0.0637264,0.0352733,0.0152628,0.0124408,7.96124e-05,0.00831509,0.00192093,0.0794408,-0.0345442,-0.0178563,0.0389605,-0.000114478,0.0180798,-0.00259598,0,0,0,0,0,0,0,0,0,0,0,0,0,0,0,0,0,0,0,0,0,0,0,0,0,0,0,0,0,2.55789,2.55789,2.55789,6.3088,6.3088,1.81445,2.55789,2.55789,1.81445,6.3088,6.3088,0.907223,0.907223,1.81445,1.81445,0.907223,0.907223,1.81445,1.81445,0.907223,0.907223,0.907223,0.907223,0.907223,0.907223,1.06814,1.06814,1.06814,1.06814,40.1792,40.1792,40.1792,99.0984,99.0984,28.5012,40.1792,40.1792,28.5012,99.0984,99.0984,14.2506,14.2506,28.5012,28.5012,14.2506,14.2506,28.5012,28.5012,14.2506,14.2506,14.2506,14.2506,14.2506,14.2506,16.7783,16.7783,16.7783,16.7783,0,0,0,0,0,0,0,0,0,0,0,0,0,0,0,0,0,0,0,0,0,0,0,0,0,0,0,0,0,0,0,0,0,0,0,0,0,0,0,0,0,0,0,0,0,0,0,0,0,0,0,0,0,0,0,0,0,0,0,0,0,0,0,0,0,0,0,0,0,0,0,0,0,0,0,0,0,0,0,0,0,0,0,0,0,0,0,0,0,0,0,0,0,0,0,0,0,0,0,0,0,0,0,0,0,0,0,0,0,0,0,0,0,0,0,0,0,0.000103787,-0.000192442,-0.000144325,0,0,0,0,0,0,0,0,0,0,0,0,0,0,0,0,0,0,0,0,0,0,0,0,0,0,0,0,0,-0.312,0,0,0.669,-0.363,0,-0.312,0,0,0.669,-0.363,0,0,0,0,0.2,0.2,0,0.6,0,0,0,0.2,-0.2,0,0.6,0,0,0,0.568,-0.000192442,-0.000103787,-1,0.6,0,0,1.77016,1.33076,1.96026
0.0754896,0.00170401,0.0379414,-0.00138823,-0.00420897,-0.00593518,7.68552e-05,-0.000238484,-0.000300124,0.0754896,0.00170401,0.0379414,-0.00138823,-0.00420897,-0.00593518,7.68552e-05,-0.000238484,-0.000300124,-0.312,0,0,0.669,-0.363,0,-0.312,0,0,0.669,-0.363,0,0,0,0,0.2,0.2,0,0.6,0,0,0,0.2,-0.2,0,0.6,0,0,0,0,0,0,0,0,0,0,0,0,0,0,0,0,0,0,0,0,0,0,0,0,0,0,0,0,0,0,0,0,-0.309363,-9.45314e-05,-6.87482e-05,0.661682,-0.360894,1.94328e-07,-0.309399,5.76725e-05,0.000213028,0.661688,-0.360894,-1.96599e-06,0.000242087,-3.78818e-05,-0.000246425,0.198466,0.197899,7.95156e-05,0.596437,-8.02786e-06,-0.000457087,2.33646e-05,0.198518,-0.197892,3.6775e-05,0.593815,5.20151e-06,-0.000480704,-8.7694e-06,-0.0498726,0.000765153,0.00284,0.136643,-0.033103,-2.72931e-05,-0.0506564,-0.00142945,-0.00354558,0.136176,-0.0331031,-0.0001206,0.00411748,0.00215868,0.00942637,-0.0523946,-0.00588872,-0.0108675,0.0545866,0.000232777,0.00739846,-0.00342614,-0.075039,0.00544841,0.017944,0.0854812,-7.42796e-05,0.00370563,0.00242897,0.0231594,0.00204669,-0.00439817,-0.139139,0.000280974,3.92093e-05,0.0265186,0.00121734,-0.000139047,-0.136883,0.000239623,0.000158166,-0.00749186,-0.0028204,-0.00935089,0.0693712,0.0352658,0.0174019,0.00248721,-9.37516e-05,-9.32846e-07,0.00274993,0.0892767,-0.0349931,-0.0169349,0.0134043,-8.88499e-06,0.0046689,-0.00247635,0,0,0,0,0,0,0,0,0,0,0,0,0,0,0,0,0,0,0,0,0,0,0,0,0,0,0,0,0,2.55789,2.55789,2.55789,6.3088,6.3088,1.81445,2.55789,2.55789,1.81445,6.3088,6.3088,0.907223,0.907223,1.81445,1.81445,0.907223,0.907223,1.81445,1.81445,0.907223,0.907223,0.907223,0.907223,0.907223,0.907223,1.06814,1.06814,1.06814,1.06814,40.1792,40.1792,40.1792,99.0984,99.0984,28.5012,40.1792,40.1792,28.5012,99.0984,99.0984,14.2506,14.2506,28.5012,28.5012,14.2506,14.2506,28.5012,28.5012,14.2506,14.2506,14.2506,14.2506,14.2506,14.2506,16.7783,16.7783,16.7783,16.7783,0,0,0,0,0,0,0,0,0,0,0,0,0,0,0,0,0,0,0,0,0,0,0,0,0,0,0,0,0,0,0,0,0,0,0,0,0,0,0,0,0,0,0,0,0,0,0,0,0,0,0,0,0,0,0,0,0,0,0,0,0,0,0,0,0,0,0,0,0,0,0,0,0,0,0,0,0,0,0,0,0,0,0,0,0,0,0,0,0,0,0,0,0,0,0,0,0,0,0,0,0,0,0,0,0,0,0,0,0,0,0,0,0,0,0,0,0,7.68552e-05,-0.000238484,-0.000300124,0,0,0,0,0,0,0,0,0,0,0,0,0,0,0,0,0,0,0,0,0,0,0,0,0,0,0,0,0,-0.312,0,0,0.669,-0.363,0,-0.312,0,0,0.669,-0.363,0,0,0,0,0.2,0.2,0,0.6,0,0,0,0.2,-0.2,0,0.6,0,0,0,0.874,-0.000238484,-7.68552e-05,-1,0.6,0,0,1.77016,1.33076,1.96026
0.0674728,0.00122137,0.0264244,-0.00120089,-0.00863301,-0.00150288,4.82994e-05,-0.00038726,-0.000375741,0.0674728,0.00122137,0.0264244,-0.00120089,-0.00863301,-0.00150288,4.82994e-05,-0.00038726,-0.000375741,-0.312,0,0,0.669,-0.363,0,-0.312,0,0,0.669,-0.363,0,0,0,0,0.2,0.2,0,0.6,0,0,0,0.2,-0.2,0,0.6,0,0,0,0,0,0,0,0,0,0,0,0,0,0,0,0,0,0,0,0,0,0,0,0,0,0,0,0,0,0,0,0,-0.310221,-7.3916e-05,-1.81895e-05,0.664135,-0.361502,-3.84934e-07,-0.310274,3.10324e-05,0.000128699,0.664131,-0.361501,-2.28446e-06,0.00027445,1.17894e-06,-8.72948e-06,0.197527,0.197793,-0.000118228,0.59742,-3.97666e-06,-0.00032141,-3.94436e-05,0.197201,-0.197802,0.000349333,0.595424,3.96095e-06,-0.00038373,3.27139e-05,-0.031199,0.000997958,0.00176533,0.0926036,-0.0235217,-2.05072e-05,-0.0319679,-0.000931986,-0.00373269,0.0922374,-0.0235322,4.28002e-05,-0.000538584,0.00145895,0.0120953,-0.0348367,-0.00381443,-0.00746252,0.0370342,0.000135505,0.00473936,-0.00235005,-0.0474737,0.00288944,0.0114386,0.0626185,-3.97297e-05,0.00420618,0.00148937,0.00935032,0.000503426,-0.00392503,-0.105309,-9.44267e-05,5.00017e-05,0.0133933,0.00122637,0.00299853,-0.102671,-5.74977e-05,1.55509e-06,-0.0037659,-0.00270722,-0.0205595,0.0672148,0.034993,0.0170193,0.00588032,-7.1577e-05,0.000133247,0.00271944,0.0837776,-0.0341082,-0.0154841,0.00978942,-2.19379e-05,0.00195667,-0.00216482,0,0,0,0,0,0,0,0,0,0,0,0,0,0,0,0,0,0,0,0,0,0,0,0,0,0,0,0,0,2.55789,2.55789,2.55789,6.3088,6.3088,1.81445,2.55789,2.55789,1.81445,6.3088,6.3088,0.907223,0.907223,1.81445,1.81445,0.907223,0.907223,1.81445,1.81445,0.907223,0.907223,0.907223,0.907223,0.907223,0.907223,1.06814,1.06814,1.06814,1.06814,40.1792,40.1792,40.1792,99.0984,99.0984,28.5012,40.1792,40.1792,28.5012,99.0984,99.0984,14.2506,14.2506,28.5012,28.5012,14.2506,14.2506,28.5012,28.5012,14.2506,14.2506,14.2506,14.2506,14.2506,14.2506,16.7783,16.7783,16.7783,16.7783,0,0,0,0,0,0,0,0,0,0,0,0,0,0,0,0,0,0,0,0,0,0,0,0,0,0,0,0,0,0,0,0,0,0,0,0,0,0,0,0,0,0,0,0,0,0,0,0,0,0,0,0,0,0,0,0,0,0,0,0,0,0,0,0,0,0,0,0,0,0,0,0,0,0,0,0,0,0,0,0,0,0,0,0,0,0,0,0,0,0,0,0,0,0,0,0,0,0,0,0,0,0,0,0,0,0,0,0,0,0,0,0,0,0,0,0,0,4.82994e-05,-0.00038726,-0.000375741,0,0,0,0,0,0,0,0,0,0,0,0,0,0,0,0,0,0,0,0,0,0,0,0,0,0,0,0,0,-0.312,0,0,0.669,-0.363,0,-0.312,0,0,0.669,-0.363,0,0,0,0,0.2,0.2,0,0.6,0,0,0,0.2,-0.2,0,0.6,0,0,0,0.717,-0.000369994,-5.07e-05,-1,0.6,0,0,1.75016,1.31552,1.96023
0.0502875,0.000543329,0.0190407,-0.00101196,-0.0107379,0.00111749,2.86017e-05,-0.00056584,-0.000375035,0.0502875,0.000543329,0.0190407,-0.00101196,-0.0107379,0.00111749,2.86017e-05,-0.00056584,-0.000375035,-0.312,0,0,0.669,-0.363,0,-0.312,0,0,0.669,-0.363,0,0,0,0,0.2,0.2,0,0.6,0,0,0,0.2,-0.2,0,0.6,0,0,0,0,0,0,0,0,0,0,0,0,0,0,0,0,0,0,0,0,0,0,0,0,0,0,0,0,0,0,0,0,-0.310674,-5.63316e-05,4.3578e-06,0.665529,-0.361866,-5.97505e-07,-0.310739,1.99528e-05,6.86084e-05,0.66552,-0.361866,-1.14469e-06,0.000237451,2.25821e-05,0.000226668,0.197028,0.197746,-0.000227639,0.597974,-2.3786e-06,-0.00026232,-7.30183e-05,0.196546,-0.197774,0.000514891,0.59638,3.48357e-06,-0.000321656,5.4022e-05,-0.02085,0.000944111,0.000877655,0.0665698,-0.0178092,-5.01861e-06,-0.0214857,-0.000375904,-0.00298538,0.066315,-0.0178246,7.17499e-05,-0.00307577,0.000995714,0.0136763,-0.0224222,-0.001585,-0.0050332,0.0262438,5.4897e-05,0.00222312,-0.00149809,-0.028092,0.000363818,0.00755981,0.046048,-1.78917e-05,0.00281095,0.00096579,0.000898462,-0.000102854,-0.00256927,-0.0785528,-7.19406e-05,2.87728e-05,0.00515532,0.000273,0.00345821,-0.0760598,2.20096e-05,-4.59376e-05,-0.000878554,-0.00247313,-0.0302933,0.0632168,0.0337543,0.0157852,0.00976518,-2.13201e-05,0.00156672,0.00243609,0.0756707,-0.0322963,-0.0143271,0.0113534,-3.80324e-05,0.00232015,-0.00195887,0,0,0,0,0,0,0,0,0,0,0,0,0,0,0,0,0,0,0,0,0,0,0,0,0,0,0,0,0,2.55789,2.55789,2.55789,6.3088,6.3088,1.81445,2.55789,2.55789,1.81445,6.3088,6.3088,0.907223,0.907223,1.81445,1.81445,0.907223,0.907223,1.81445,1.81445,0.907223,0.907223,0.907223,0.907223,0.907223,0.907223,1.06814,1.06814,1.06814,1.06814,40.1792,40.1792,40.1792,99.0984,99.0984,28.5012,40.1792,40.1792,28.5012,99.0984,99.0984,14.2506,14.2506,28.5012,28.5012,14.2506,14.2506,28.5012,28.5012,14.2506,14.2506,14.2506,14.2506,14.2506,14.2506,16.7783,16.7783,16.7783,16.7783,0,0,0,0,0,0,0,0,0,0,0,0,0,0,0,0,0,0,0,0,0,0,0,0,0,0,0,0,0,0,0,0,0,0,0,0,0,0,0,0,0,0,0,0,0,0,0,0,0,0,0,0,0,0,0,0,0,0,0,0,0,0,0,0,0,0,0,0,0,0,0,0,0,0,0,0,0,0,0,0,0,0,0,0,0,0,0,0,0,0,0,0,0,0,0,0,0,0,0,0,0,0,0,0,0,0,0,0,0,0,0,0,0,0,0,0,0,2.86017e-05,-0.00056584,-0.000375035,0,0,0,0,0,0,0,0,0,0,0,0,0,0,0,0,0,0,0,0,0,0,0,0,0,0,0,0,0,-0.312,0,0,0.669,-0.363,0,-0.312,0,0,0.669,-0.363,0,0,0,0,0.2,0.2,0,0.6,0,0,0,0.2,-0.2,0,0.6,0,0,0,0.825,-0.00056584,-2.86017e-05,-1,0.6,0,0,1.71488,1.28896,1.96061
-5.84795,-0.0323657,38.2636,-0.0216566,1.10658,-0.0206543,-0.000162747,0.0112786,-0.000543109,-5.84795,-0.0323657,38.2636,-0.0216566,1.10658,-0.0206543,-0.000162747,0.0112786,-0.000543109,-0.312,0,0,0.669,-0.363,0,-0.312,0,0,0.669,-0.363,0,0,0,0,0.2,0.2,0,0.6,0,0,0,0.2,-0.2,0,0.6,0,0,0,0,0,0,0,0,0,0,0,0,0,0,0,0,0,0,0,0,0,0,0,0,0,0,0,0,0,0,0,0,-0.335407,-7.05442e-05,-4.6338e-05,0.737566,-0.396563,-0.000156329,-0.335536,7.90522e-05,0.000164291,0.737641,-0.396578,9.1105e-05,0.000346069,0.000242222,-0.0225364,0.182166,0.191687,0.00311787,0.617269,0.000184638,0.00252348,0.00115898,0.179897,-0.191213,-0.00393655,0.62093,-0.000180705,0.000617825,-0.000766426,-1.40515,0.000782945,-0.000650395,5.62669,-2.76406,-0.0101816,-1.41032,0.00340205,0.00569338,5.63431,-2.76514,0.00340525,0.0167471,0.0248128,-2.44619,-1.21184,-0.581932,0.178784,1.46109,0.00804183,0.505575,0.108953,-1.42735,0.640257,-0.314519,2.09366,-0.00675106,0.307246,-0.0733562,4.85047,0.00247228,0.00476733,-41.1767,20.1598,0.0229242,4.86873,-0.0117644,-0.0162414,-41.2317,20.1691,-0.00507994,-0.0184576,-0.0460864,4.57997,1.31346,0.589128,-0.46072,-3.0708,-0.0103934,-0.406969,-0.114261,1.51387,-0.643983,0.351075,-2.44546,0.0115818,-0.251225,0.0879244,0,0,0,0,0,0,0,0,0,0,0,0,0,0,0,0,0,0,0,0,0,0,0,0,0,0,0,0,0,2.55789,2.55789,2.55789,6.3088,6.3088,1.81445,2.55789,2.55789,1.81445,6.3088,6.3088,0.907223,0.907223,1.81445,1.81445,0.907223,0.907223,1.81445,1.81445,0.907223,0.907223,0.907223,0.907223,0.907223,0.907223,1.06814,1.06814,1.06814,1.06814,40.1792,40.1792,40.1792,99.0984,99.0984,28.5012,40.1792,40.1792,28.5012,99.0984,99.0984,14.2506,14.2506,28.5012,28.5012,14.2506,14.2506,28.5012,28.5012,14.2506,14.2506,14.2506,14.2506,14.2506,14.2506,16.7783,16.7783,16.7783,16.7783,0,0,0,0,0,0,0,0,0,0,0,0,0,0,0,0,0,0,0,0,0,0,0,0,0,0,0,0,0,0,0,0,0,0,0,0,0,0,0,0,0,0,0,0,0,0,0,0,0,0,0,0,0,0,0,0,0,0,0,0,0,0,0,0,0,0,0,0,0,0,0,0,0,0,0,0,0,0,0,0,0,0,0,0,0,0,0,0,0,0,0,0,0,0,0,0,0,0,0,0,0,0,0,0,0,0,0,0,0,0,0,0,0,0,0,0,0,-0.000162747,0.0112786,-0.000543109,0,0,0,0,0,0,0,0,0,0,0,0,0,0,0,0,0,0,0,0,0,0,0,0,0,0,0,0,0,-0.312,0,0,0.669,-0.363,0,-0.312,0,0,0.669,-0.363,0,0,0,0,0.2,0.2,0,0.6,0,0,0,0.2,-0.2,0,0.6,0,0,0,0.951,0.0112783,0.000162736,-0.999936,0.6,0,0,1.71488,1.28896,1.96061
6.7239,-0.004876,24.9065,-0.0289845,0.775325,0.00717815,-0.000717439,0.031312,-0.000752605,6.7239,-0.004876,24.9065,-0.0289845,0.775325,0.00717815,-0.000717439,0.031312,-0.000752605,-0.312,0,0,0.669,-0.363,0,-0.312,0,0,0.669,-0.363,0,0,0,0,0.2,0.2,0,0.6,0,0,0,0.2,-0.2,0,0.6,0,0,0,0,0,0,0,0,0,0,0,0,0,0,0,0,0,0,0,0,0,0,0,0,0,0,0,0,0,0,0,0,-0.345841,5.19084e-08,-7.26591e-05,0.827459,-0.441438,-0.00029773,-0.346004,0.000152229,0.000158678,0.827576,-0.441432,8.52628e-05,0.000493734,0.000811891,-0.0744699,0.165089,0.176262,0.00313049,0.640922,0.000335367,0.0152833,0.00211998,0.158089,-0.175118,-0.00595681,0.660119,-0.000244771,0.0103676,-0.00167976,0.0305728,0.00502315,-0.00329713,3.28478,-1.67306,-0.00445784,0.0322658,0.00391942,-0.00497645,3.28168,-1.67034,-0.00240984,-0.00825347,0.0268881,-2.28816,-0.431613,-0.899,-0.116502,0.895237,0.00704041,0.597416,-0.0069168,-0.628781,0.896323,0.0856761,1.65347,-0.00200771,0.511357,-0.0138969,1.50679,-0.0120155,0.00963094,-37.511,18.8209,0.0172453,1.511,-0.0157826,0.00256633,-37.5102,18.8054,0.000606053,-0.00371316,-0.0719888,6.35435,0.969287,1.10631,0.080136,-2.85783,-0.0112596,-0.766217,-0.0337977,1.25665,-1.1284,0.044479,-2.81213,0.00632692,-0.71485,0.0503631,0,0,0,0,0,0,0,0,0,0,0,0,0,0,0,0,0,0,0,0,0,0,0,0,0,0,0,0,0,2.55789,2.55789,2.55789,6.3088,6.3088,1.81445,2.55789,2.55789,1.81445,6.3088,6.3088,0.907223,0.907223,1.81445,1.81445,0.907223,0.907223,1.81445,1.81445,0.907223,0.907223,0.907223,0.907223,0.907223,0.907223,1.06814,1.06814,1.06814,1.06814,40.1792,40.1792,40.1792,99.0984,99.0984,28.5012,40.1792,40.1792,28.5012,99.0984,99.0984,14.2506,14.2506,28.5012,28.5012,14.2506,14.2506,28.5012,28.5012,14.2506,14.2506,14.2506,14.2506,14.2506,14.2506,16.7783,16.7783,16.7783,16.7783,0,0,0,0,0,0,0,0,0,0,0,0,0,0,0,0,0,0,0,0,0,0,0,0,0,0,0,0,0,0,0,0,0,0,0,0,0,0,0,0,0,0,0,0,0,0,0,0,0,0,0,0,0,0,0,0,0,0,0,0,0,0,0,0,0,0,0,0,0,0,0,0,0,0,0,0,0,0,0,0,0,0,0,0,0,0,0,0,0,0,0,0,0,0,0,0,0,0,0,0,0,0,0,0,0,0,0,0,0,0,0,0,0,0,0,0,0,-0.000717439,0.031312,-0.000752605,0,0,0,0,0,0,0,0,0,0,0,0,0,0,0,0,0,0,0,0,0,0,0,0,0,0,0,0,0,-0.312,0,0,0.669,-0.363,0,-0.312,0,0,0.669,-0.363,0,0,0,0,0.2,0.2,0,0.6,0,0,0,0.2,-0.2,0,0.6,0,0,0,0.754,0.0313068,0.000717087,-0.99951,0.6,0,0,1.66266,1.25104,1.96179
4.80135,-0.0408578,17.9096,-0.0258498,0.21622,0.0499385,-0.00124229,0.0403323,-0.000115533,4.80135,-0.0408578,17.9096,-0.0258498,0.21622,0.0499385,-0.00124229,0.0403323,-0.000115533,-0.312,0,0,0.669,-0.363,0,-0.312,0,0,0.669,-0.363,0,0,0,0,0.2,0.2,0,0.6,0,0,0,0.2,-0.2,0,0.6,0,0,0,0,0,0,0,0,0,0,0,0,0,0,0,0,0,0,0,0,0,0,0,0,0,0,0,0,0,0,0,0,-0.339857,9.35293e-05,-0.000196839,0.867443,-0.462624,-0.000350925,-0.339933,0.00021894,-1.1932e-05,0.867435,-0.462562,1.37126e-05,-0.000122708,0.00123901,-0.106264,0.166475,0.156345,-0.000519722,0.652665,0.000412809,0.0238413,0.00122425,0.157529,-0.156036,-0.00104732,0.683667,-0.000266969,0.0184008,-0.00131375,0.41432,0.003718,-0.00817292,1.1208,-0.637375,-0.00180009,0.419999,0.00243337,-0.0105088,1.11367,-0.63521,-0.00422961,-0.0464799,0.0171023,-1.03921,0.421212,-1.05,-0.215198,0.374811,0.000850023,0.291533,-0.0639449,0.403465,0.985482,0.342379,0.817248,-0.000207959,0.299333,0.0385999,0.123216,-0.0137334,0.027271,-27.5527,14.27,0.0133468,0.112602,-0.015479,0.0182915,-27.5081,14.249,0.00342842,0.0400633,-0.0668666,5.0599,0.168182,1.53785,0.385141,-2.23229,-0.00724775,-0.621297,0.0364136,0.32593,-1.48862,-0.271373,-2.32643,0.00493464,-0.642781,-0.0141919,0,0,0,0,0,0,0,0,0,0,0,0,0,0,0,0,0,0,0,0,0,0,0,0,0,0,0,0,0,2.55789,2.55789,2.55789,6.3088,6.3088,1.81445,2.55789,2.55789,1.81445,6.3088,6.3088,0.907223,0.907223,1.81445,1.81445,0.907223,0.907223,1.81445,1.81445,0.907223,0.907223,0.907223,0.907223,0.907223,0.907223,1.06814,1.06814,1.06814,1.06814,40.1792,40.1792,40.1792,99.0984,99.0984,28.5012,40.1792,40.1792,28.5012,99.0984,99.0984,14.2506,14.2506,28.5012,28.5012,14.2506,14.2506,28.5012,28.5012,14.2506,14.2506,14.2506,14.2506,14.2506,14.2506,16.7783,16.7783,16.7783,16.7783,0,0,0,0,0,0,0,0,0,0,0,0,0,0,0,0,0,0,0,0,0,0,0,0,0,0,0,0,0,0,0,0,0,0,0,0,0,0,0,0,0,0,0,0,0,0,0,0,0,0,0,0,0,0,0,0,0,0,0,0,0,0,0,0,0,0,0,0,0,0,0,0,0,0,0,0,0,0,0,0,0,0,0,0,0,0,0,0,0,0,0,0,0,0,0,0,0,0,0,0,0,0,0,0,0,0,0,0,0,0,0,0,0,0,0,0,0,-0.00124229,0.0403323,-0.000115533,0,0,0,0,0,0,0,0,0,0,0,0,0,0,0,0,0,0,0,0,0,0,0,0,0,0,0,0,0,-0.312,0,0,0.669,-0.363,0,-0.312,0,0,0.669,-0.363,0,0,0,0,0.2,0.2,0,0.6,0,0,0,0.2,-0.2,0,0.6,0,0,0,0.989,0.0403214,0.00124127,-0.999186,0.6,0,0,1.66266,1.25104,1.96179
2.04293,-0.0450592,13.9469,-0.0222079,-0.100809,0.064965,-0.00166879,0.0407866,0.00109906,2.04293,-0.0450592,13.9469,-0.0222079,-0.100809,0.064965,-0.00166879,0.0407866,0.00109906,-0.312,0,0,0.669,-0.363,0,-0.312,0,0,0.669,-0.363,0,0,0,0,0.2,0.2,0,0.6,0,0,0,0.2,-0.2,0,0.6,0,0,0,0,0,0,0,0,0,0,0,0,0,0,0,0,0,0,0,0,0,0,0,0,0,0,0,0,0,0,0,0,-0.331357,0.000132366,-0.000384823,0.875885,-0.468501,-0.000383825,-0.331315,0.000237411,-0.000237818,0.875759,-0.468427,-7.77984e-05,-0.00122694,0.00151772,-0.116803,0.180441,0.13516,-0.00502249,0.656794,0.000366567,0.0272032,-0.000182464,0.172508,-0.136277,0.00690381,0.693599,-0.000246689,0.022227,-0.000293289,0.409581,0.000566269,-0.0100025,-0.0282858,-0.068147,-0.00168609,0.41532,-0.000241957,-0.0115323,-0.0328602,-0.0689348,-0.00473521,-0.0581133,0.0122351,-0.180894,0.868837,-1.0466,-0.226118,0.099346,-0.00440954,0.0874865,-0.0718376,0.961228,0.976366,0.424181,0.284163,0.00193741,0.116863,0.0574611,-0.253171,-0.00741849,0.0400577,-20.8417,11.1334,0.0138526,-0.269247,-0.00952596,0.0270547,-20.7992,11.1292,0.00525445,0.0685922,-0.065184,3.76406,-0.458638,1.84922,0.541978,-1.82776,-0.00168821,-0.477688,0.0658676,-0.420547,-1.77047,-0.468274,-1.90605,0.00233151,-0.508771,-0.0535946,0,0,0,0,0,0,0,0,0,0,0,0,0,0,0,0,0,0,0,0,0,0,0,0,0,0,0,0,0,2.55789,2.55789,2.55789,6.3088,6.3088,1.81445,2.55789,2.55789,1.81445,6.3088,6.3088,0.907223,0.907223,1.81445,1.81445,0.907223,0.907223,1.81445,1.81445,0.907223,0.907223,0.907223,0.907223,0.907223,0.907223,1.06814,1.06814,1.06814,1.06814,40.1792,40.1792,40.1792,99.0984,99.0984,28.5012,40.1792,40.1792,28.5012,99.0984,99.0984,14.2506,14.2506,28.5012,28.5012,14.2506,14.2506,28.5012,28.5012,14.2506,14.2506,14.2506,14.2506,14.2506,14.2506,16.7783,16.7783,16.7783,16.7783,0,0,0,0,0,0,0,0,0,0,0,0,0,0,0,0,0,0,0,0,0,0,0,0,0,0,0,0,0,0,0,0,0,0,0,0,0,0,0,0,0,0,0,0,0,0,0,0,0,0,0,0,0,0,0,0,0,0,0,0,0,0,0,0,0,0,0,0,0,0,0,0,0,0,0,0,0,0,0,0,0,0,0,0,0,0,0,0,0,0,0,0,0,0,0,0,0,0,0,0,0,0,0,0,0,0,0,0,0,0,0,0,0,0,0,0,0,-0.00166879,0.0407866,0.00109906,0,0,0,0,0,0,0,0,0,0,0,0,0,0,0,0,0,0,0,0,0,0,0,0,0,0,0,0,0,-0.312,0,0,0.669,-0.363,0,-0.312,0,0,0.669,-0.363,0,0,0,0,0.2,0.2,0,0.6,0,0,0,0.2,-0.2,0,0.6,0,0,0,0.747,0.0407753,0.0016674,-0.999167,0.6,0,0,1.59265,1.21617,1.98006
0.314343,-0.0388731,11.4995,-0.018897,-0.232313,0.0556956,-0.00202733,0.0370827,0.00233338,0.314343,-0.0388731,11.4995,-0.018897,-0.232313,0.0556956,-0.00202733,0.0370827,0.00233338,-0.312,0,0,0.669,-0.363,0,-0.312,0,0,0.669,-0.363,0,0,0,0,0.2,0.2,0,0.6,0,0,0,0.2,-0.2,0,0.6,0,0,0,0,0,0,0,0,0,0,0,0,0,0,0,0,0,0,0,0,0,0,0,0,0,0,0,0,0,0,0,0,-0.324011,0.000122126,-0.000587653,0.868589,-0.46666,-0.000420601,-0.323871,0.000217413,-0.000461788,0.868411,-0.466609,-0.000173287,-0.00229911,0.0017512,-0.11495,0.199798,0.11533,-0.00934976,0.65726,0.000251091,0.0277973,-0.00155786,0.194148,-0.117617,0.0154134,0.696059,-0.000192249,0.0233956,0.00088961,0.326566,-0.0011704,-0.00988825,-0.571991,0.202414,-0.00192408,0.331277,-0.00147139,-0.0106527,-0.573783,0.199694,-0.00484189,-0.0476702,0.01182,0.264936,1.0122,-0.933717,-0.205205,-0.022708,-0.00647335,-0.00500625,-0.0650619,1.13509,0.887475,0.417284,0.0221228,0.00320743,0.0216247,0.0587428,-0.350758,-0.00215417,0.0483931,-16.509,9.16658,0.0153249,-0.368309,-0.00517061,0.0321695,-16.4793,9.17683,0.00671732,0.076128,-0.0705678,2.86514,-0.882828,2.04053,0.632413,-1.60635,0.00202815,-0.396984,0.0802668,-0.909794,-1.96455,-0.589225,-1.65356,-5.44736e-06,-0.421789,-0.0760736,0,0,0,0,0,0,0,0,0,0,0,0,0,0,0,0,0,0,0,0,0,0,0,0,0,0,0,0,0,2.55789,2.55789,2.55789,6.3088,6.3088,1.81445,2.55789,2.55789,1.81445,6.3088,6.3088,0.907223,0.907223,1.81445,1.81445,0.907223,0.907223,1.81445,1.81445,0.907223,0.907223,0.907223,0.907223,0.907223,0.907223,1.06814,1.06814,1.06814,1.06814,40.1792,40.1792,40.1792,99.0984,99.0984,28.5012,40.1792,40.1792,28.5012,99.0984,99.0984,14.2506,14.2506,28.5012,28.5012,14.2506,14.2506,28.5012,28.5012,14.2506,14.2506,14.2506,14.2506,14.2506,14.2506,16.7783,16.7783,16.7783,16.7783,0,0,0,0,0,0,0,0,0,0,0,0,0,0,0,0,0,0,0,0,0,0,0,0,0,0,0,0,0,0,0,0,0,0,0,0,0,0,0,0,0,0,0,0,0,0,0,0,0,0,0,0,0,0,0,0,0,0,0,0,0,0,0,0,0,0,0,0,0,0,0,0,0,0,0,0,0,0,0,0,0,0,0,0,0,0,0,0,0,0,0,0,0,0,0,0,0,0,0,0,0,0,0,0,0,0,0,0,0,0,0,0,0,0,0,0,0,-0.00202733,0.0370827,0.00233338,0,0,0,0,0,0,0,0,0,0,0,0,0,0,0,0,0,0,0,0,0,0,0,0,0,0,0,0,0,-0.312,0,0,0.669,-0.363,0,-0.312,0,0,0.669,-0.363,0,0,0,0,0.2,0.2,0,0.6,0,0,0,0.2,-0.2,0,0.6,0,0,0,0.667,0.0370742,0.00202593,-0.99931,0.6,0,0,1.58039,1.20981,1.97
-0.57971,-0.0330613,9.90951,-0.0156844,-0.252631,0.0348228,-0.00233904,0.0320934,0.00323943,-0.57971,-0.0330613,9.90951,-0.0156844,-0.252631,0.0348228,-0.00233904,0.0320934,0.00323943,-0.312,0,0,0.669,-0.363,0,-0.312,0,0,0.669,-0.363,0,0,0,0,0.2,0.2,0,0.6,0,0,0,0.2,-0.2,0,0.6,0,0,0,0,0,0,0,0,0,0,0,0,0,0,0,0,0,0,0,0,0,0,0,0,0,0,0,0,0,0,0,0,-0.318562,0.000103114,-0.000763774,0.854596,-0.460676,-0.000465354,-0.318336,0.000191523,-0.000651285,0.85439,-0.4607,-0.000264172,-0.00304686,0.00199791,-0.107439,0.219749,0.0985294,-0.0130798,0.656209,0.00011986,0.0272718,-0.00273455,0.216471,-0.101384,0.0232439,0.695092,-0.000123148,0.0233219,0.00199688,0.231961,-0.000206244,-0.00784409,-0.767495,0.35221,-0.00262656,0.234852,-0.000602799,-0.00841697,-0.767703,0.351382,-0.00408645,-0.028409,0.012383,0.435071,0.964913,-0.756516,-0.170047,-0.0702114,-0.00640776,-0.0377279,-0.053386,1.07608,0.742784,0.366122,-0.0915657,0.00353975,-0.0186068,0.0518565,-0.329286,-0.00351442,0.0506063,-13.7728,7.54377,0.0176973,-0.345806,-0.00601081,0.0338565,-13.7502,7.54846,0.00751049,0.0703344,-0.0784663,2.31438,-1.13835,2.12866,0.678391,-1.48453,0.00398157,-0.35697,0.0869965,-1.1913,-2.07289,-0.658569,-1.50899,-0.00159644,-0.374645,-0.0880819,0,0,0,0,0,0,0,0,0,0,0,0,0,0,0,0,0,0,0,0,0,0,0,0,0,0,0,0,0,2.55789,2.55789,2.55789,6.3088,6.3088,1.81445,2.55789,2.55789,1.81445,6.3088,6.3088,0.907223,0.907223,1.81445,1.81445,0.907223,0.907223,1.81445,1.81445,0.907223,0.907223,0.907223,0.907223,0.907223,0.907223,1.06814,1.06814,1.06814,1.06814,40.1792,40.1792,40.1792,99.0984,99.0984,28.5012,40.1792,40.1792,28.5012,99.0984,99.0984,14.2506,14.2506,28.5012,28.5012,14.2506,14.2506,28.5012,28.5012,14.2506,14.2506,14.2506,14.2506,14.2506,14.2506,16.7783,16.7783,16.7783,16.7783,0,0,0,0,0,0,0,0,0,0,0,0,0,0,0,0,0,0,0,0,0,0,0,0,0,0,0,0,0,0,0,0,0,0,0,0,0,0,0,0,0,0,0,0,0,0,0,0,0,0,0,0,0,0,0,0,0,0,0,0,0,0,0,0,0,0,0,0,0,0,0,0,0,0,0,0,0,0,0,0,0,0,0,0,0,0,0,0,0,0,0,0,0,0,0,0,0,0,0,0,0,0,0,0,0,0,0,0,0,0,0,0,0,0,0,0,0,-0.00233904,0.0320934,0.00323943,0,0,0,0,0,0,0,0,0,0,0,0,0,0,0,0,0,0,0,0,0,0,0,0,0,0,0,0,0,-0.312,0,0,0.669,-0.363,0,-0.312,0,0,0.669,-0.363,0,0,0,0,0.2,0.2,0,0.6,0,0,0,0.2,-0.2,0,0.6,0,0,0,0.821,0.0320878,0.00233783,-0.999482,0.6,0,0,1.58039,1.20981,1.97
-1.62188,0.648351,9.10661,0.0364016,-0.20362,-0.0882603,-0.0021722,0.0274819,0.00286956,-1.62188,0.648351,9.10661,0.0364016,-0.20362,-0.0882603,-0.0021722,0.0274819,0.00286956,-0.312,0,0,0.669,-0.363,0,-0.312,0,0,0.669,-0.363,0,0,0,0,0.2,0.2,0,0.6,0,0,0,0.2,-0.2,0,0.6,0,0,0,0,0,0,0,0,0,0,0,0,0,0,0,0,0,0,0,0,0,0,0,0,0,0,0,0,0,0,0,0,-0.315322,0.000244304,-3.41851e-05,0.83913,-0.453153,-0.000306804,-0.315499,0.000319575,6.65253e-05,0.83918,-0.453029,-9.29222e-05,-0.00335756,0.00195945,-0.0981419,0.237761,0.0851628,-0.0158595,0.654624,-1.05519e-05,0.0263264,-0.00357167,0.233766,-0.0901341,0.0232044,0.690514,-0.00226194,0.0183553,-0.00358447,0.106173,0.0167041,0.0762337,-0.750592,0.385038,0.0188223,0.0689139,0.0158059,0.0756484,-0.73584,0.40674,0.0216598,0.0157167,-0.0241054,0.464698,0.84313,-0.60083,-0.115827,-0.0825267,-0.00659234,-0.052171,-0.0308057,0.604223,0.325513,-0.310261,-0.354792,-0.113868,-0.354047,-0.42743,-0.152288,-0.0466786,-0.180304,-12.218,6.59303,-0.0223836,-0.0525333,-0.0474892,-0.129624,-12.3332,6.46664,-0.0163529,0.0440506,-0.0216829,1.97,-1.29334,2.18091,0.660689,-1.41044,0.00606482,-0.329119,0.0794678,-1.06477,-1.90545,-0.0680845,-1.16287,0.183614,0.0836534,0.544334,0,0,0,0,0,0,0,0,0,0,0,0,0,0,0,0,0,0,0,0,0,0,0,0,0,0,0,0,0,2.55789,2.55789,2.55789,6.3088,6.3088,1.81445,2.55789,2.55789,1.81445,6.3088,6.3088,0.907223,0.907223,1.81445,1.81445,0.907223,0.907223,1.81445,1.81445,0.907223,0.907223,0.907223,0.907223,0.907223,0.907223,1.06814,1.06814,1.06814,1.06814,40.1792,40.1792,40.1792,99.0984,99.0984,28.5012,40.1792,40.1792,28.5012,99.0984,99.0984,14.2506,14.2506,28.5012,28.5012,14.2506,14.2506,28.5012,28.5012,14.2506,14.2506,14.2506,14.2506,14.2506,14.2506,16.7783,16.7783,16.7783,16.7783,0,0,0,0,0,0,0,0,0,0,0,0,0,0,0,0,0,0,0,0,0,0,0,0,0,0,0,0,0,0,0,0,0,0,0,0,0,0,0,0,0,0,0,0,0,0,0,0,0,0,0,0,0,0,0,0,0,0,0,0,0,0,0,0,0,0,0,0,0,0,0,0,0,0,0,0,0,0,0,0,0,0,0,0,0,0,0,0,0,0,0,0,0,0,0,0,0,0,0,0,0,0,0,0,0,0,0,0,0,0,0,0,0,0,0,0,0,-0.0021722,0.0274819,0.00286956,0,0,0,0,0,0,0,0,0,0,0,0,0,0,0,0,0,0,0,0,0,0,0,0,0,0,0,0,0,-0.312,0,0,0.669,-0.363,0,-0.312,0,0,0.669,-0.363,0,0,0,0,0.2,0.2,0,0.6,0,0,0,0.2,-0.2,0,0.6,0,0,0,0.648,0.0274784,0.00217138,-0.99962,0.6,0,0,1.59355,1.21524,1.98419
-1.40778,-0.42133,8.91697,0.00395657,-0.147829,-0.0474479,-0.0018143,0.0240746,0.00128406,-1.40778,-0.42133,8.91697,0.00395657,-0.147829,-0.0474479,-0.0018143,0.0240746,0.00128406,-0.312,0,0,0.669,-0.363,0,-0.312,0,0,0.669,-0.363,0,0,0,0,0.2,0.2,0,0.6,0,0,0,0.2,-0.2,0,0.6,0,0,0,0,0,0,0,0,0,0,0,0,0,0,0,0,0,0,0,0,0,0,0,0,0,0,0,0,0,0,0,0,-0.314653,0.000396267,0.000506013,0.825498,-0.445464,-0.000130844,-0.314975,0.000452415,0.000595413,0.825386,-0.445028,0.000152366,-0.00226556,0.00160375,-0.0894657,0.249667,0.0779751,-0.0141184,0.651542,0.00197207,0.0209051,0.00202668,0.241541,-0.0885688,0.0189591,0.683419,-0.00275557,0.0145439,-0.00696819,0.00390382,-0.00396073,-0.00410521,-0.632398,0.380617,0.00219224,0.011411,-0.0048003,-0.00463994,-0.642728,0.383019,0.00478606,0.0547938,-0.00373378,0.394565,0.374189,-0.117539,0.0913653,-0.17284,0.0570618,-0.260821,0.262375,0.263735,-0.0808616,-0.0773528,-0.3256,0.0309387,-0.0706344,0.0210521,0.0923216,-0.0117136,-0.0196863,-11.5789,5.84526,-0.00148836,0.0896354,-0.0117277,-0.0155038,-11.4955,5.76848,-0.00738932,-0.0186243,-0.0334233,1.83753,-1.07521,1.88635,0.206736,-1.15954,-0.0959028,-0.040346,-0.302,-0.843485,-1.54262,-0.171175,-1.05123,0.0241131,-0.147098,0.132967,0,0,0,0,0,0,0,0,0,0,0,0,0,0,0,0,0,0,0,0,0,0,0,0,0,0,0,0,0,2.55789,2.55789,2.55789,6.3088,6.3088,1.81445,2.55789,2.55789,1.81445,6.3088,6.3088,0.907223,0.907223,1.81445,1.81445,0.907223,0.907223,1.81445,1.81445,0.907223,0.907223,0.907223,0.907223,0.907223,0.907223,1.06814,1.06814,1.06814,1.06814,40.1792,40.1792,40.1792,99.0984,99.0984,28.5012,40.1792,40.1792,28.5012,99.0984,99.0984,14.2506,14.2506,28.5012,28.5012,14.2506,14.2506,28.5012,28.5012,14.2506,14.2506,14.2506,14.2506,14.2506,14.2506,16.7783,16.7783,16.7783,16.7783,0,0,0,0,0,0,0,0,0,0,0,0,0,0,0,0,0,0,0,0,0,0,0,0,0,0,0,0,0,0,0,0,0,0,0,0,0,0,0,0,0,0,0,0,0,0,0,0,0,0,0,0,0,0,0,0,0,0,0,0,0,0,0,0,0,0,0,0,0,0,0,0,0,0,0,0,0,0,0,0,0,0,0,0,0,0,0,0,0,0,0,0,0,0,0,0,0,0,0,0,0,0,0,0,0,0,0,0,0,0,0,0,0,0,0,0,0,-0.0018143,0.0240746,0.00128406,0,0,0,0,0,0,0,0,0,0,0,0,0,0,0,0,0,0,0,0,0,0,0,0,0,0,0,0,0,-0.312,0,0,0.669,-0.363,0,-0.312,0,0,0.669,-0.363,0,0,0,0,0.2,0.2,0,0.6,0,0,0,0.2,-0.2,0,0.6,0,0,0,1.03,0.0240723,0.00181378,-0.999709,0.6,0,0,1.59355,1.21524,1.98419
-0.935806,-0.101729,8.83095,-0.00512759,-0.12521,-0.0128634,-0.00188412,0.0213954,0.000821357,-0.935806,-0.101729,8.83095,-0.00512759,-0.12521,-0.0128634,-0.00188412,0.0213954,0.000821357,-0.312,0,0,0.669,-0.363,0,-0.312,0,0,0.669,-0.363,0,0,0,0,0.2,0.2,0,0.6,0,0,0,0.2,-0.2,0,0.6,0,0,0,0,0,0,0,0,0,0,0,0,0,0,0,0,0,0,0,0,0,0,0,0,0,0,0,0,0,0,0,0,-0.314567,0.000223224,0.000305178,0.814066,-0.438282,-0.000107218,-0.314744,0.000270472,0.00039026,0.813885,-0.437941,0.00019494,-0.0015201,0.00170211,-0.0826146,0.253836,0.0792974,-0.0141395,0.648759,0.00174922,0.0189591,0.00256624,0.244805,-0.0923503,0.0198594,0.678232,-0.00193778,0.0143807,-0.00483986,0.00234884,-0.00928883,-0.00935496,-0.516588,0.335591,0.00128359,0.00789872,-0.00950248,-0.00936802,-0.516395,0.327658,0.00138457,0.0259325,0.00810177,0.305236,0.105295,0.16865,-0.0412467,-0.10706,-0.0323522,-0.00864787,-0.0885165,0.0865884,-0.252927,0.0903981,-0.210094,0.0346467,0.011763,0.121123,0.0938807,0.0146183,0.0116748,-11.1356,5.37391,0.000720593,0.085886,0.0133151,0.00591395,-11.1148,5.39029,-0.00412669,-0.0027935,-0.062085,1.8044,-0.877451,1.58727,0.473535,-1.19005,0.00409671,-0.253915,0.0333111,-0.729088,-1.32149,-0.36023,-1.08545,-0.00510435,-0.251567,-0.0454179,0,0,0,0,0,0,0,0,0,0,0,0,0,0,0,0,0,0,0,0,0,0,0,0,0,0,0,0,0,2.55789,2.55789,2.55789,6.3088,6.3088,1.81445,2.55789,2.55789,1.81445,6.3088,6.3088,0.907223,0.907223,1.81445,1.81445,0.907223,0.907223,1.81445,1.81445,0.907223,0.907223,0.907223,0.907223,0.907223,0.907223,1.06814,1.06814,1.06814,1.06814,40.1792,40.1792,40.1792,99.0984,99.0984,28.5012,40.1792,40.1792,28.5012,99.0984,99.0984,14.2506,14.2506,28.5012,28.5012,14.2506,14.2506,28.5012,28.5012,14.2506,14.2506,14.2506,14.2506,14.2506,14.2506,16.7783,16.7783,16.7783,16.7783,0,0,0,0,0,0,0,0,0,0,0,0,0,0,0,0,0,0,0,0,0,0,0,0,0,0,0,0,0,0,0,0,0,0,0,0,0,0,0,0,0,0,0,0,0,0,0,0,0,0,0,0,0,0,0,0,0,0,0,0,0,0,0,0,0,0,0,0,0,0,0,0,0,0,0,0,0,0,0,0,0,0,0,0,0,0,0,0,0,0,0,0,0,0,0,0,0,0,0,0,0,0,0,0,0,0,0,0,0,0,0,0,0,0,0,0,0,-0.00188412,0.0213954,0.000821357,0,0,0,0,0,0,0,0,0,0,0,0,0,0,0,0,0,0,0,0,0,0,0,0,0,0,0,0,0,-0.312,0,0,0.669,-0.363,0,-0.312,0,0,0.669,-0.363,0,0,0,0,0.2,0.2,0,0.6,0,0,0,0.2,-0.2,0,0.6,0,0,0,0.728,0.0213938,0.00188369,-0.999769,0.6,0,0,1.60918,1.22291,1.97848
-0.776522,-0.0862993,8.8704,-0.00802101,-0.110958,-0.00253435,-0.00202254,0.0190592,0.000688352,-0.776522,-0.0862993,8.8704,-0.00802101,-0.110958,-0.00253435,-0.00202254,0.0190592,0.000688352,-0.312,0,0,0.669,-0.363,0,-0.312,0,0,0.669,-0.363,0,0,0,0,0.2,0.2,0,0.6,0,0,0,0.2,-0.2,0,0.6,0,0,0,0,0,0,0,0,0,0,0,0,0,0,0,0,0,0,0,0,0,0,0,0,0,0,0,0,0,0,0,0,-0.314697,6.94314e-05,0.00013254,0.805228,-0.432308,-9.58971e-05,-0.314805,0.000114012,0.000218779,0.805098,-0.43207,0.00020373,-0.00115598,0.00189204,-0.0772868,0.25409,0.0841994,-0.0146914,0.647037,0.00122175,0.0192067,0.000730572,0.244981,-0.0982598,0.0213832,0.674763,-0.00138697,0.0146802,-0.00271403,-0.0144284,-0.0064355,-0.00830145,-0.379781,0.270278,-0.000167109,-0.0113622,-0.00654278,-0.00822357,-0.377035,0.264147,-0.000371158,0.0127765,0.0104993,0.236041,-0.0549667,0.299974,-0.0109995,-0.0756547,-0.0218379,0.0175674,-0.0812548,-0.048607,-0.32238,0.0537734,-0.150388,0.0228039,0.0148238,0.0916897,0.140025,0.0140053,0.0153583,-11.0933,5.17541,0.00269976,0.136636,0.0124868,0.00830336,-11.0975,5.18885,-0.00274496,0.00421761,-0.0721535,1.77626,-0.735032,1.39671,0.445337,-1.20492,0.00258777,-0.289266,0.0639998,-0.608894,-1.17105,-0.357449,-1.0944,-0.00128336,-0.262033,-0.0529591,0,0,0,0,0,0,0,0,0,0,0,0,0,0,0,0,0,0,0,0,0,0,0,0,0,0,0,0,0,2.55789,2.55789,2.55789,6.3088,6.3088,1.81445,2.55789,2.55789,1.81445,6.3088,6.3088,0.907223,0.907223,1.81445,1.81445,0.907223,0.907223,1.81445,1.81445,0.907223,0.907223,0.907223,0.907223,0.907223,0.907223,1.06814,1.06814,1.06814,1.06814,40.1792,40.1792,40.1792,99.0984,99.0984,28.5012,40.1792,40.1792,28.5012,99.0984,99.0984,14.2506,14.2506,28.5012,28.5012,14.2506,14.2506,28.5012,28.5012,14.2506,14.2506,14.2506,14.2506,14.2506,14.2506,16.7783,16.7783,16.7783,16.7783,0,0,0,0,0,0,0,0,0,0,0,0,0,0,0,0,0,0,0,0,0,0,0,0,0,0,0,0,0,0,0,0,0,0,0,0,0,0,0,0,0,0,0,0,0,0,0,0,0,0,0,0,0,0,0,0,0,0,0,0,0,0,0,0,0,0,0,0,0,0,0,0,0,0,0,0,0,0,0,0,0,0,0,0,0,0,0,0,0,0,0,0,0,0,0,0,0,0,0,0,0,0,0,0,0,0,0,0,0,0,0,0,0,0,0,0,0,-0.00202254,0.0190592,0.000688352,0,0,0,0,0,0,0,0,0,0,0,0,0,0,0,0,0,0,0,0,0,0,0,0,0,0,0,0,0,-0.312,0,0,0.669,-0.363,0,-0.312,0,0,0.669,-0.363,0,0,0,0,0.2,0.2,0,0.6,0,0,0,0.2,-0.2,0,0.6,0,0,0,0.693,0.019058,0.00202217,-0.999816,0.6,0,0,1.61985,1.22824,1.97385
-0.607312,-0.0712593,9.03189,-0.00965348,-0.107027,0.00517729,-0.00220148,0.016902,0.00073116,-0.607312,-0.0712593,9.03189,-0.00965348,-0.107027,0.00517729,-0.00220148,0.016902,0.00073116,-0.312,0,0,0.669,-0.363,0,-0.312,0,0,0.669,-0.363,0,0,0,0,0.2,0.2,0,0.6,0,0,0,0.2,-0.2,0,0.6,0,0,0,0,0,0,0,0,0,0,0,0,0,0,0,0,0,0,0,0,0,0,0,0,0,0,0,0,0,0,0,0,-0.315116,-1.96087e-05,-3.15425e-05,0.799047,-0.427651,-0.000119084,-0.315173,2.30316e-05,5.64412e-05,0.798969,-0.427503,0.000176531,-0.00101334,0.00210477,-0.0732034,0.251652,0.0912719,-0.0144942,0.645629,0.000868628,0.0194702,-0.00052933,0.242881,-0.105136,0.0217816,0.67212,-0.00101396,0.0149156,-0.00123603,-0.0254324,-0.00303168,-0.00808839,-0.253531,0.205952,-0.00192093,-0.0227346,-0.00313422,-0.00801294,-0.251692,0.200969,-0.00211273,0.00298684,0.0107827,0.18028,-0.171056,0.392704,0.0256816,-0.0673657,-0.0146472,0.00833445,-0.0488773,-0.146222,-0.357871,-0.00679412,-0.11951,0.0156981,0.0089423,0.0603132,0.186436,0.00913502,0.0214036,-11.2642,5.11173,0.00647427,0.182122,0.00767083,0.0125358,-11.2689,5.12719,-0.000805122,0.0110331,-0.0789537,1.76071,-0.594754,1.21147,0.373865,-1.18116,0.00104088,-0.285851,0.0531489,-0.490089,-1.03975,-0.30952,-1.08378,0.000143786,-0.260197,-0.0446674,0,0,0,0,0,0,0,0,0,0,0,0,0,0,0,0,0,0,0,0,0,0,0,0,0,0,0,0,0,2.55789,2.55789,2.55789,6.3088,6.3088,1.81445,2.55789,2.55789,1.81445,6.3088,6.3088,0.907223,0.907223,1.81445,1.81445,0.907223,0.907223,1.81445,1.81445,0.907223,0.907223,0.907223,0.907223,0.907223,0.907223,1.06814,1.06814,1.06814,1.06814,40.1792,40.1792,40.1792,99.0984,99.0984,28.5012,40.1792,40.1792,28.5012,99.0984,99.0984,14.2506,14.2506,28.5012,28.5012,14.2506,14.2506,28.5012,28.5012,14.2506,14.2506,14.2506,14.2506,14.2506,14.2506,16.7783,16.7783,16.7783,16.7783,0,0,0,0,0,0,0,0,0,0,0,0,0,0,0,0,0,0,0,0,0,0,0,0,0,0,0,0,0,0,0,0,0,0,0,0,0,0,0,0,0,0,0,0,0,0,0,0,0,0,0,0,0,0,0,0,0,0,0,0,0,0,0,0,0,0,0,0,0,0,0,0,0,0,0,0,0,0,0,0,0,0,0,0,0,0,0,0,0,0,0,0,0,0,0,0,0,0,0,0,0,0,0,0,0,0,0,0,0,0,0,0,0,0,0,0,0,-0.00220148,0.016902,0.00073116,0,0,0,0,0,0,0,0,0,0,0,0,0,0,0,0,0,0,0,0,0,0,0,0,0,0,0,0,0,-0.312,0,0,0.669,-0.363,0,-0.312,0,0,0.669,-0.363,0,0,0,0,0.2,0.2,0,0.6,0,0,0,0.2,-0.2,0,0.6,0,0,0,0.764,0.0169012,0.00220116,-0.999855,0.6,0,0,1.61985,1.22824,1.97385
-0.425838,-0.0564208,9.22012,-0.0103514,-0.115659,0.0101017,-0.00240085,0.0146876,0.000898876,-0.425838,-0.0564208,9.22012,-0.0103514,-0.115659,0.0101017,-0.00240085,0.0146876,0.000898876,-0.312,0,0,0.669,-0.363,0,-0.312,0,0,0.669,-0.363,0,0,0,0,0.2,0.2,0,0.6,0,0,0,0.2,-0.2,0,0.6,0,0,0,0,0,0,0,0,0,0,0,0,0,0,0,0,0,0,0,0,0,0,0,0,0,0,0,0,0,0,0,0,-0.315654,-4.46189e-05,-0.000187936,0.795149,-0.424144,-0.000173878,-0.315656,-4.25636e-06,-9.8884e-05,0.795088,-0.424086,0.000118017,-0.00103627,0.00231513,-0.0700482,0.247305,0.099846,-0.0136694,0.644325,0.000633654,0.0195107,-0.00122363,0.239188,-0.112497,0.0211038,0.669961,-0.000756129,0.0150257,-0.000303231,-0.0266685,0.00013701,-0.00756947,-0.151118,0.151652,-0.00334993,-0.0240066,1.3371e-05,-0.00753523,-0.150875,0.14784,-0.00353462,-0.00407105,0.0102146,0.142291,-0.249762,0.453374,0.0524196,-0.0636453,-0.00964157,-0.00285665,-0.0244068,-0.211343,-0.373711,-0.0534005,-0.099636,0.0108541,0.00282872,0.0366526,0.213634,0.00219635,0.0264575,-11.521,5.10101,0.0106174,0.207064,0.000875189,0.0161614,-11.5173,5.11968,0.00131104,0.0178319,-0.0840747,1.74111,-0.460318,1.03307,0.301482,-1.15092,-0.000172452,-0.276456,0.0407642,-0.377392,-0.919293,-0.257319,-1.06896,0.00101818,-0.255639,-0.0349835,0,0,0,0,0,0,0,0,0,0,0,0,0,0,0,0,0,0,0,0,0,0,0,0,0,0,0,0,0,2.55789,2.55789,2.55789,6.3088,6.3088,1.81445,2.55789,2.55789,1.81445,6.3088,6.3088,0.907223,0.907223,1.81445,1.81445,0.907223,0.907223,1.81445,1.81445,0.907223,0.907223,0.907223,0.907223,0.907223,0.907223,1.06814,1.06814,1.06814,1.06814,40.1792,40.1792,40.1792,99.0984,99.0984,28.5012,40.1792,40.1792,28.5012,99.0984,99.0984,14.2506,14.2506,28.5012,28.5012,14.2506,14.2506,28.5012,28.5012,14.2506,14.2506,14.2506,14.2506,14.2506,14.2506,16.7783,16.7783,16.7783,16.7783,0,0,0,0,0,0,0,0,0,0,0,0,0,0,0,0,0,0,0,0,0,0,0,0,0,0,0,0,0,0,0,0,0,0,0,0,0,0,0,0,0,0,0,0,0,0,0,0,0,0,0,0,0,0,0,0,0,0,0,0,0,0,0,0,0,0,0,0,0,0,0,0,0,0,0,0,0,0,0,0,0,0,0,0,0,0,0,0,0,0,0,0,0,0,0,0,0,0,0,0,0,0,0,0,0,0,0,0,0,0,0,0,0,0,0,0,0,-0.00240085,0.0146876,0.000898876,0,0,0,0,0,0,0,0,0,0,0,0,0,0,0,0,0,0,0,0,0,0,0,0,0,0,0,0,0,-0.312,0,0,0.669,-0.363,0,-0.312,0,0,0.669,-0.363,0,0,0,0,0.2,0.2,0,0.6,0,0,0,0.2,-0.2,0,0.6,0,0,0,0.702,0.0146871,0.00240059,-0.999889,0.6,0,0,1.62767,1.23156,1.97291
-0.261708,-0.0448827,9.39694,-0.0104193,-0.135383,0.0121885,-0.00260636,0.0121737,0.00113457,-0.261708,-0.0448827,9.39694,-0.0104193,-0.135383,0.0121885,-0.00260636,0.0121737,0.00113457,-0.312,0,0,0.669,-0.363,0,-0.312,0,0,0.669,-0.363,0,0,0,0,0.2,0.2,0,0.6,0,0,0,0.2,-0.2,0,0.6,0,0,0,0,0,0,0,0,0,0,0,0,0,0,0,0,0,0,0,0,0,0,0,0,0,0,0,0,0,0,0,0,-0.316123,-1.34135e-05,-0.000332373,0.792997,-0.421612,-0.000252651,-0.316075,2.42413e-05,-0.000243105,0.792929,-0.421609,3.54784e-05,-0.00116618,0.00251016,-0.0674413,0.241773,0.109287,-0.0124203,0.643082,0.000481384,0.0193534,-0.00151593,0.234525,-0.119982,0.0196865,0.668126,-0.00057846,0.015025,0.000238589,-0.0197272,0.00261186,-0.00693422,-0.076026,0.10741,-0.00435571,-0.0174713,0.00246937,-0.00693874,-0.0767409,0.105877,-0.00454731,-0.00802792,0.00933795,0.123249,-0.293553,0.482712,0.0692618,-0.0610268,-0.00614702,-0.0115609,-0.00762612,-0.246785,-0.372124,-0.0826953,-0.0861001,0.0074508,-0.00222523,0.0202278,0.216877,-0.00548032,0.0307085,-11.7831,5.12901,0.0147138,0.20938,-0.00664913,0.0192357,-11.7726,5.13776,0.00341797,0.0234507,-0.0880542,1.70351,-0.340003,0.869985,0.234588,-1.1202,-0.00119199,-0.266322,0.0295577,-0.277263,-0.812479,-0.209888,-1.05273,0.00168771,-0.250291,-0.0263891,0,0,0,0,0,0,0,0,0,0,0,0,0,0,0,0,0,0,0,0,0,0,0,0,0,0,0,0,0,2.55789,2.55789,2.55789,6.3088,6.3088,1.81445,2.55789,2.55789,1.81445,6.3088,6.3088,0.907223,0.907223,1.81445,1.81445,0.907223,0.907223,1.81445,1.81445,0.907223,0.907223,0.907223,0.907223,0.907223,0.907223,1.06814,1.06814,1.06814,1.06814,40.1792,40.1792,40.1792,99.0984,99.0984,28.5012,40.1792,40.1792,28.5012,99.0984,99.0984,14.2506,14.2506,28.5012,28.5012,14.2506,14.2506,28.5012,28.5012,14.2506,14.2506,14.2506,14.2506,14.2506,14.2506,16.7783,16.7783,16.7783,16.7783,0,0,0,0,0,0,0,0,0,0,0,0,0,0,0,0,0,0,0,0,0,0,0,0,0,0,0,0,0,0,0,0,0,0,0,0,0,0,0,0,0,0,0,0,0,0,0,0,0,0,0,0,0,0,0,0,0,0,0,0,0,0,0,0,0,0,0,0,0,0,0,0,0,0,0,0,0,0,0,0,0,0,0,0,0,0,0,0,0,0,0,0,0,0,0,0,0,0,0,0,0,0,0,0,0,0,0,0,0,0,0,0,0,0,0,0,0,-0.00260636,0.0121737,0.00113457,0,0,0,0,0,0,0,0,0,0,0,0,0,0,0,0,0,0,0,0,0,0,0,0,0,0,0,0,0,-0.312,0,0,0.669,-0.363,0,-0.312,0,0,0.669,-0.363,0,0,0,0,0.2,0.2,0,0.6,0,0,0,0.2,-0.2,0,0.6,0,0,0,0.865,0.0121734,0.00260616,-0.999923,0.6,0,0,1.62767,1.23156,1.97291
-0.121658,-0.0328907,9.54012,-0.010067,-0.162661,0.0119124,-0.00280882,0.00917647,0.00138684,-0.121658,-0.0328907,9.54012,-0.010067,-0.162661,0.0119124,-0.00280882,0.00917647,0.00138684,-0.312,0,0,0.669,-0.363,0,-0.312,0,0,0.669,-0.363,0,0,0,0,0.2,0.2,0,0.6,0,0,0,0.2,-0.2,0,0.6,0,0,0,0,0,0,0,0,0,0,0,0,0,0,0,0,0,0,0,0,0,0,0,0,0,0,0,0,0,0,0,0,-0.316392,5.68697e-05,-0.000463349,0.792075,-0.41983,-0.000346685,-0.316302,9.13488e-05,-0.000374745,0.791984,-0.419847,-6.23861e-05,-0.00134337,0.00268819,-0.0650371,0.23571,0.118988,-0.0109317,0.641887,0.000386219,0.0190505,-0.00154112,0.229443,-0.127254,0.0178519,0.66651,-0.000457014,0.0149342,0.000515737,-0.00763783,0.00413684,-0.00621504,-0.0249181,0.0754762,-0.004923,-0.00555107,0.00396694,-0.00626869,-0.0264019,0.0745887,-0.00512193,-0.00918822,0.0085384,0.119773,-0.306856,0.482848,0.0774538,-0.0587228,-0.00376413,-0.0177278,0.0031641,-0.256537,-0.354367,-0.0971117,-0.0770223,0.00507511,-0.00629178,0.00936275,0.198939,-0.0122122,0.0342171,-12.0181,5.15289,0.0184625,0.190123,-0.0131824,0.0218335,-12.0006,5.16009,0.00535367,0.0272003,-0.0917828,1.64359,-0.239341,0.72908,0.1763,-1.0902,-0.00201711,-0.256371,0.0199548,-0.194111,-0.723069,-0.169845,-1.03543,0.00220361,-0.244455,-0.0192797,0,0,0,0,0,0,0,0,0,0,0,0,0,0,0,0,0,0,0,0,0,0,0,0,0,0,0,0,0,2.55789,2.55789,2.55789,6.3088,6.3088,1.81445,2.55789,2.55789,1.81445,6.3088,6.3088,0.907223,0.907223,1.81445,1.81445,0.907223,0.907223,1.81445,1.81445,0.907223,0.907223,0.907223,0.907223,0.907223,0.907223,1.06814,1.06814,1.06814,1.06814,40.1792,40.1792,40.1792,99.0984,99.0984,28.5012,40.1792,40.1792,28.5012,99.0984,99.0984,14.2506,14.2506,28.5012,28.5012,14.2506,14.2506,28.5012,28.5012,14.2506,14.2506,14.2506,14.2506,14.2506,14.2506,16.7783,16.7783,16.7783,16.7783,0,0,0,0,0,0,0,0,0,0,0,0,0,0,0,0,0,0,0,0,0,0,0,0,0,0,0,0,0,0,0,0,0,0,0,0,0,0,0,0,0,0,0,0,0,0,0,0,0,0,0,0,0,0,0,0,0,0,0,0,0,0,0,0,0,0,0,0,0,0,0,0,0,0,0,0,0,0,0,0,0,0,0,0,0,0,0,0,0,0,0,0,0,0,0,0,0,0,0,0,0,0,0,0,0,0,0,0,0,0,0,0,0,0,0,0,0,-0.00280882,0.00917647,0.00138684,0,0,0,0,0,0,0,0,0,0,0,0,0,0,0,0,0,0,0,0,0,0,0,0,0,0,0,0,0,-0.312,0,0,0.669,-0.363,0,-0.312,0,0,0.669,-0.363,0,0,0,0,0.2,0.2,0,0.6,0,0,0,0.2,-0.2,0,0.6,0,0,0,0.812,0.00917634,0.0028087,-0.999954,0.6,0,0,1.6343,1.23389,1.97325
-0.00984958,-0.0233014,9.64849,-0.00934189,-0.193967,0.00988416,-0.00300091,0.00558344,0.00161559,-0.00984958,-0.0233014,9.64849,-0.00934189,-0.193967,0.00988416,-0.00300091,0.00558344,0.00161559,-0.312,0,0,0.669,-0.363,0,-0.312,0,0,0.669,-0.363,0,0,0,0,0.2,0.2,0,0.6,0,0,0,0.2,-0.2,0,0.6,0,0,0,0,0,0,0,0,0,0,0,0,0,0,0,0,0,0,0,0,0,0,0,0,0,0,0,0,0,0,0,0,-0.31638,0.000151279,-0.000578477,0.791953,-0.418591,-0.00044772,-0.316252,0.000182108,-0.000491371,0.791828,-0.418613,-0.000167308,-0.00152133,0.00284828,-0.0625707,0.229665,0.128402,-0.00936147,0.640741,0.000329316,0.0186488,-0.00140281,0.224406,-0.134013,0.0158643,0.665042,-0.000374488,0.0147718,0.000622935,0.00763094,0.00508307,-0.00535473,0.00681339,0.0520199,-0.00509995,0.0094797,0.0048917,-0.00544439,0.00479683,0.0518137,-0.00529445,-0.00840994,0.00758981,0.127586,-0.295184,0.457239,0.0784017,-0.0560813,-0.00219712,-0.0217077,0.00939232,-0.245315,-0.322599,-0.0996811,-0.0706319,0.00344437,-0.00947681,0.00260829,0.161179,-0.0184883,0.0367501,-12.2106,5.17853,0.0217207,0.151394,-0.0192576,0.0237382,-12.1862,5.18211,0.00703557,0.0292006,-0.0946988,1.56122,-0.161434,0.615267,0.128684,-1.06206,-0.00264715,-0.246959,0.012148,-0.130491,-0.653495,-0.138309,-1.01761,0.0025746,-0.238338,-0.0137112,0,0,0,0,0,0,0,0,0,0,0,0,0,0,0,0,0,0,0,0,0,0,0,0,0,0,0,0,0,2.55789,2.55789,2.55789,6.3088,6.3088,1.81445,2.55789,2.55789,1.81445,6.3088,6.3088,0.907223,0.907223,1.81445,1.81445,0.907223,0.907223,1.81445,1.81445,0.907223,0.907223,0.907223,0.907223,0.907223,0.907223,1.06814,1.06814,1.06814,1.06814,40.1792,40.1792,40.1792,99.0984,99.0984,28.5012,40.1792,40.1792,28.5012,99.0984,99.0984,14.2506,14.2506,28.5012,28.5012,14.2506,14.2506,28.5012,28.5012,14.2506,14.2506,14.2506,14.2506,14.2506,14.2506,16.7783,16.7783,16.7783,16.7783,0,0,0,0,0,0,0,0,0,0,0,0,0,0,0,0,0,0,0,0,0,0,0,0,0,0,0,0,0,0,0,0,0,0,0,0,0,0,0,0,0,0,0,0,0,0,0,0,0,0,0,0,0,0,0,0,0,0,0,0,0,0,0,0,0,0,0,0,0,0,0,0,0,0,0,0,0,0,0,0,0,0,0,0,0,0,0,0,0,0,0,0,0,0,0,0,0,0,0,0,0,0,0,0,0,0,0,0,0,0,0,0,0,0,0,0,0,-0.00300091,0.00558344,0.00161559,0,0,0,0,0,0,0,0,0,0,0,0,0,0,0,0,0,0,0,0,0,0,0,0,0,0,0,0,0,-0.312,0,0,0.669,-0.363,0,-0.312,0,0,0.669,-0.363,0,0,0,0,0.2,0.2,0,0.6,0,0,0,0.2,-0.2,0,0.6,0,0,0,0.673,0.00558341,0.00300086,-0.99998,0.6,0,0,1.6343,1.23389,1.97325
0.0755829,-0.016703,9.72402,-0.0083668,-0.226015,0.00673626,-0.00317654,0.00135111,0.00179305,0.0755829,-0.016703,9.72402,-0.0083668,-0.226015,0.00673626,-0.00317654,0.00135111,0.00179305,-0.312,0,0,0.669,-0.363,0,-0.312,0,0,0.669,-0.363,0,0,0,0,0.2,0.2,0,0.6,0,0,0,0.2,-0.2,0,0.6,0,0,0,0,0,0,0,0,0,0,0,0,0,0,0,0,0,0,0,0,0,0,0,0,0,0,0,0,0,0,0,0,-0.316046,0.000258998,-0.000675027,0.792301,-0.417747,-0.000548445,-0.315886,0.000285817,-0.000589992,0.792134,-0.417755,-0.000271693,-0.00166855,0.00298839,-0.0598672,0.224071,0.137063,-0.00783842,0.639656,0.000296937,0.0181897,-0.00117922,0.219775,-0.140008,0.0139286,0.663691,-0.000318381,0.0145563,0.000629448,0.0241435,0.0054983,-0.00438625,0.0243268,0.035229,-0.00493422,0.0255927,0.00529136,-0.00449852,0.0221423,0.0359781,-0.00510609,-0.00632208,0.00658742,0.142099,-0.26459,0.410492,0.0735505,-0.0525192,-0.00121979,-0.0236925,0.0122007,-0.218261,-0.27955,-0.0932643,-0.0650716,0.00234955,-0.0116896,-0.00116557,0.1069,-0.0240189,0.0382512,-12.3595,5.20211,0.0243591,0.096893,-0.0245893,0.0249019,-12.3299,5.19759,0.00838859,0.0295664,-0.0968994,1.45952,-0.107137,0.531212,0.0928684,-1.0372,-0.0030902,-0.238499,0.00622411,-0.0870434,-0.60499,-0.115657,-1.00069,0.00281484,-0.232322,-0.00964354,0,0,0,0,0,0,0,0,0,0,0,0,0,0,0,0,0,0,0,0,0,0,0,0,0,0,0,0,0,2.55789,2.55789,2.55789,6.3088,6.3088,1.81445,2.55789,2.55789,1.81445,6.3088,6.3088,0.907223,0.907223,1.81445,1.81445,0.907223,0.907223,1.81445,1.81445,0.907223,0.907223,0.907223,0.907223,0.907223,0.907223,1.06814,1.06814,1.06814,1.06814,40.1792,40.1792,40.1792,99.0984,99.0984,28.5012,40.1792,40.1792,28.5012,99.0984,99.0984,14.2506,14.2506,28.5012,28.5012,14.2506,14.2506,28.5012,28.5012,14.2506,14.2506,14.2506,14.2506,14.2506,14.2506,16.7783,16.7783,16.7783,16.7783,0,0,0,0,0,0,0,0,0,0,0,0,0,0,0,0,0,0,0,0,0,0,0,0,0,0,0,0,0,0,0,0,0,0,0,0,0,0,0,0,0,0,0,0,0,0,0,0,0,0,0,0,0,0,0,0,0,0,0,0,0,0,0,0,0,0,0,0,0,0,0,0,0,0,0,0,0,0,0,0,0,0,0,0,0,0,0,0,0,0,0,0,0,0,0,0,0,0,0,0,0,0,0,0,0,0,0,0,0,0,0,0,0,0,0,0,0,-0.00317654,0.00135111,0.00179305,0,0,0,0,0,0,0,0,0,0,0,0,0,0,0,0,0,0,0,0,0,0,0,0,0,0,0,0,0,-0.312,0,0,0.669,-0.363,0,-0.312,0,0,0.669,-0.363,0,0,0,0,0.2,0.2,0,0.6,0,0,0,0.2,-0.2,0,0.6,0,0,0,0.742,0.00135111,0.00317653,-0.999994,0.6,0,0,1.6418,1.23619,1.97377
0.140566,-0.0114556,9.77057,-0.00725567,-0.256197,0.00306276,-0.00333189,-0.00350546,0.00190364,0.140566,-0.0114556,9.77057,-0.00725567,-0.256197,0.00306276,-0.00333189,-0.00350546,0.00190364,-0.312,0,0,0.669,-0.363,0,-0.312,0,0,0.669,-0.363,0,0,0,0,0.2,0.2,0,0.6,0,0,0,0.2,-0.2,0,0.6,0,0,0,0,0,0,0,0,0,0,0,0,0,0,0,0,0,0,0,0,0,0,0,0,0,0,0,0,0,0,0,0,-0.315385,0.000369376,-0.000751099,0.792891,-0.417167,-0.000642721,-0.315199,0.000391855,-0.000668575,0.792678,-0.417159,-0.000369089,-0.00176518,0.00310931,-0.0568388,0.219243,0.144605,-0.00646277,0.638658,0.000279299,0.0177115,-0.000928328,0.215814,-0.145046,0.0121962,0.662455,-0.000279766,0.0143085,0.000585069,0.0402951,0.00548855,-0.00331642,0.0325893,0.0243841,-0.00449898,0.0414769,0.00526439,-0.00345031,0.0302497,0.0253038,-0.00463709,-0.00355533,0.00559948,0.159191,-0.220869,0.347816,0.0643269,-0.047623,-0.000656669,-0.0238222,0.0125103,-0.180179,-0.228383,-0.080377,-0.0589143,0.00163485,-0.0127899,-0.00281449,0.0402169,-0.0284985,0.0386764,-12.4733,5.21296,0.0263229,0.0297627,-0.0288499,0.0253164,-12.438,5.20625,0.00938834,0.0285466,-0.0986235,1.34336,-0.075767,0.477579,0.0691842,-1.0171,-0.0033655,-0.231405,0.0021824,-0.0632313,-0.577549,-0.101799,-0.986227,0.0029405,-0.226903,-0.0069996,0,0,0,0,0,0,0,0,0,0,0,0,0,0,0,0,0,0,0,0,0,0,0,0,0,0,0,0,0,2.55789,2.55789,2.55789,6.3088,6.3088,1.81445,2.55789,2.55789,1.81445,6.3088,6.3088,0.907223,0.907223,1.81445,1.81445,0.907223,0.907223,1.81445,1.81445,0.907223,0.907223,0.907223,0.907223,0.907223,0.907223,1.06814,1.06814,1.06814,1.06814,40.1792,40.1792,40.1792,99.0984,99.0984,28.5012,40.1792,40.1792,28.5012,99.0984,99.0984,14.2506,14.2506,28.5012,28.5012,14.2506,14.2506,28.5012,28.5012,14.2506,14.2506,14.2506,14.2506,14.2506,14.2506,16.7783,16.7783,16.7783,16.7783,0,0,0,0,0,0,0,0,0,0,0,0,0,0,0,0,0,0,0,0,0,0,0,0,0,0,0,0,0,0,0,0,0,0,0,0,0,0,0,0,0,0,0,0,0,0,0,0,0,0,0,0,0,0,0,0,0,0,0,0,0,0,0,0,0,0,0,0,0,0,0,0,0,0,0,0,0,0,0,0,0,0,0,0,0,0,0,0,0,0,0,0,0,0,0,0,0,0,0,0,0,0,0,0,0,0,0,0,0,0,0,0,0,0,0,0,0,-0.00333189,-0.00350546,0.00190364,0,0,0,0,0,0,0,0,0,0,0,0,0,0,0,0,0,0,0,0,0,0,0,0,0,0,0,0,0,-0.312,0,0,0.669,-0.363,0,-0.312,0,0,0.669,-0.363,0,0,0,0,0.2,0.2,0,0.6,0,0,0,0.2,-0.2,0,0.6,0,0,0,0.554,-0.00350545,0.00333186,-0.999988,0.6,0,0,1.65158,1.23915,1.9737
0.188187,-0.00872745,9.79702,-0.00613023,-0.282795,-0.0006561,-0.00346468,-0.00892914,0.00194216,0.188187,-0.00872745,9.79702,-0.00613023,-0.282795,-0.0006561,-0.00346468,-0.00892914,0.00194216,-0.312,0,0,0.669,-0.363,0,-0.312,0,0,0.669,-0.363,0,0,0,0,0.2,0.2,0,0.6,0,0,0,0.2,-0.2,0,0.6,0,0,0,0,0,0,0,0,0,0,0,0,0,0,0,0,0,0,0,0,0,0,0,0,0,0,0,0,0,0,0,0,-0.31441,0.000475937,-0.000805682,0.793576,-0.416773,-0.000726055,-0.314205,0.000493831,-0.000725899,0.793318,-0.41674,-0.00045459,-0.00180348,0.00321082,-0.0534677,0.215386,0.15077,-0.00530691,0.637773,0.000269641,0.0172493,-0.000691651,0.212697,-0.149004,0.0107719,0.661359,-0.000252418,0.0140514,0.00052487,0.055314,0.0051255,-0.00224295,0.0350574,0.0167897,-0.00387107,0.0561732,0.00488971,-0.0023855,0.0327994,0.0178233,-0.00395356,-0.000561778,0.00469787,0.175933,-0.169047,0.274627,0.0520979,-0.0412371,-0.000374666,-0.0222899,0.011069,-0.135205,-0.172385,-0.0632337,-0.0512027,0.00118077,-0.0127383,-0.00299198,-0.0365769,-0.0319371,0.0382059,-12.5589,5.2225,0.0276214,-0.0470012,-0.0320753,0.0250763,-12.5195,5.21273,0.0100201,0.0264614,-0.0999267,1.21757,-0.0658039,0.453313,0.0572975,-1.00282,-0.00349641,-0.226025,-5.52686e-05,-0.0578659,-0.57006,-0.0962641,-0.975612,0.00297482,-0.222517,-0.00567569,0,0,0,0,0,0,0,0,0,0,0,0,0,0,0,0,0,0,0,0,0,0,0,0,0,0,0,0,0,2.55789,2.55789,2.55789,6.3088,6.3088,1.81445,2.55789,2.55789,1.81445,6.3088,6.3088,0.907223,0.907223,1.81445,1.81445,0.907223,0.907223,1.81445,1.81445,0.907223,0.907223,0.907223,0.907223,0.907223,0.907223,1.06814,1.06814,1.06814,1.06814,40.1792,40.1792,40.1792,99.0984,99.0984,28.5012,40.1792,40.1792,28.5012,99.0984,99.0984,14.2506,14.2506,28.5012,28.5012,14.2506,14.2506,28.5012,28.5012,14.2506,14.2506,14.2506,14.2506,14.2506,14.2506,16.7783,16.7783,16.7783,16.7783,0,0,0,0,0,0,0,0,0,0,0,0,0,0,0,0,0,0,0,0,0,0,0,0,0,0,0,0,0,0,0,0,0,0,0,0,0,0,0,0,0,0,0,0,0,0,0,0,0,0,0,0,0,0,0,0,0,0,0,0,0,0,0,0,0,0,0,0,0,0,0,0,0,0,0,0,0,0,0,0,0,0,0,0,0,0,0,0,0,0,0,0,0,0,0,0,0,0,0,0,0,0,0,0,0,0,0,0,0,0,0,0,0,0,0,0,0,-0.00346468,-0.00892914,0.00194216,0,0,0,0,0,0,0,0,0,0,0,0,0,0,0,0,0,0,0,0,0,0,0,0,0,0,0,0,0,-0.312,0,0,0.669,-0.363,0,-0.312,0,0,0.669,-0.363,0,0,0,0,0.2,0.2,0,0.6,0,0,0,0.2,-0.2,0,0.6,0,0,0,1.348,-0.00892903,0.00346453,-0.999954,0.6,0,0,1.65158,1.23915,1.9737
0.223915,-0.00926505,9.80855,-0.0050948,-0.304677,-0.00405595,-0.00357512,-0.0148343,0.00191167,0.223915,-0.00926505,9.80855,-0.0050948,-0.304677,-0.00405595,-0.00357512,-0.0148343,0.00191167,-0.312,0,0,0.669,-0.363,0,-0.312,0,0,0.669,-0.363,0,0,0,0,0.2,0.2,0,0.6,0,0,0,0.2,-0.2,0,0.6,0,0,0,0,0,0,0,0,0,0,0,0,0,0,0,0,0,0,0,0,0,0,0,0,0,0,0,0,0,0,0,0,-0.313154,0.000572946,-0.000839406,0.794274,-0.416504,-0.000795524,-0.312938,0.000586042,-0.00076247,0.793975,-0.416437,-0.000524887,-0.00178318,0.00329515,-0.0497875,0.212614,0.155403,-0.00441672,0.637032,0.000263483,0.0168339,-0.000497122,0.210521,-0.151818,0.00971918,0.660437,-0.000232102,0.0138077,0.000472463,0.0685726,0.00454954,-0.00124029,0.0345484,0.0114255,-0.00313475,0.0689784,0.00430534,-0.00138443,0.0326276,0.0130835,-0.00314797,0.00228322,0.00390197,0.190098,-0.113451,0.196172,0.0381307,-0.0334523,-0.000274715,-0.0193338,0.00849911,-0.0868839,-0.114754,-0.0437482,-0.0415692,0.000901352,-0.011567,-0.00220437,-0.120513,-0.0345235,0.0370506,-12.6261,5.23095,0.0283237,-0.130172,-0.0344483,0.0243396,-12.5847,5.21279,0.0103191,0.0236604,-0.100852,1.0872,-0.0749635,0.455951,0.0562584,-0.995137,-0.0035097,-0.222589,-0.000649561,-0.0691534,-0.580565,-0.0982446,-0.969894,0.00293798,-0.219531,-0.00552928,0,0,0,0,0,0,0,0,0,0,0,0,0,0,0,0,0,0,0,0,0,0,0,0,0,0,0,0,0,2.55789,2.55789,2.55789,6.3088,6.3088,1.81445,2.55789,2.55789,1.81445,6.3088,6.3088,0.907223,0.907223,1.81445,1.81445,0.907223,0.907223,1.81445,1.81445,0.907223,0.907223,0.907223,0.907223,0.907223,0.907223,1.06814,1.06814,1.06814,1.06814,40.1792,40.1792,40.1792,99.0984,99.0984,28.5012,40.1792,40.1792,28.5012,99.0984,99.0984,14.2506,14.2506,28.5012,28.5012,14.2506,14.2506,28.5012,28.5012,14.2506,14.2506,14.2506,14.2506,14.2506,14.2506,16.7783,16.7783,16.7783,16.7783,0,0,0,0,0,0,0,0,0,0,0,0,0,0,0,0,0,0,0,0,0,0,0,0,0,0,0,0,0,0,0,0,0,0,0,0,0,0,0,0,0,0,0,0,0,0,0,0,0,0,0,0,0,0,0,0,0,0,0,0,0,0,0,0,0,0,0,0,0,0,0,0,0,0,0,0,0,0,0,0,0,0,0,0,0,0,0,0,0,0,0,0,0,0,0,0,0,0,0,0,0,0,0,0,0,0,0,0,0,0,0,0,0,0,0,0,0,-0.00357512,-0.0148343,0.00191167,0,0,0,0,0,0,0,0,0,0,0,0,0,0,0,0,0,0,0,0,0,0,0,0,0,0,0,0,0,-0.312,0,0,0.669,-0.363,0,-0.312,0,0,0.669,-0.363,0,0,0,0,0.2,0.2,0,0.6,0,0,0,0.2,-0.2,0,0.6,0,0,0,0.811,-0.0148338,0.00357472,-0.999884,0.6,0,0,1.66411,1.24305,1.97277
0.254842,-0.00754291,9.80707,-0.00425085,-0.321356,-0.00689782,-0.00366582,-0.0211203,0.001821,0.254842,-0.00754291,9.80707,-0.00425085,-0.321356,-0.00689782,-0.00366582,-0.0211203,0.001821,-0.312,0,0,0.669,-0.363,0,-0.312,0,0,0.669,-0.363,0,0,0,0,0.2,0.2,0,0.6,0,0,0,0.2,-0.2,0,0.6,0,0,0,0,0,0,0,0,0,0,0,0,0,0,0,0,0,0,0,0,0,0,0,0,0,0,0,0,0,0,0,0,-0.311658,0.000655934,-0.000854029,0.79495,-0.416311,-0.000849745,-0.311436,0.000664072,-0.000780005,0.794615,-0.416214,-0.0005789,-0.00170973,0.00336668,-0.0458654,0.210961,0.158456,-0.00381421,0.636459,0.000258018,0.0164904,-0.000361577,0.209322,-0.153488,0.00906651,0.659729,-0.000216039,0.0135987,0.000442665,0.0796226,0.00385833,-0.000338745,0.033071,0.00792273,-0.00236766,0.0796819,0.00360965,-0.000481667,0.0314603,0.00986453,-0.00233395,0.00471431,0.00328837,0.200394,-0.0575562,0.117299,0.0235565,-0.0245522,-0.000284219,-0.0152672,0.0053083,-0.0380701,-0.0583877,-0.0235334,-0.0301235,0.000736727,-0.00939811,-0.000842934,-0.208064,-0.0359426,0.0353448,-12.6852,5.2283,0.0285112,-0.217575,-0.0356456,0.023223,-12.6413,5.21166,0.0103717,0.0203985,-0.101955,0.956591,-0.100603,0.481877,0.0646551,-0.994319,-0.00343099,-0.221174,0.00018407,-0.0949783,-0.606544,-0.10669,-0.969733,0.00285002,-0.218159,-0.00639026,0,0,0,0,0,0,0,0,0,0,0,0,0,0,0,0,0,0,0,0,0,0,0,0,0,0,0,0,0,2.55789,2.55789,2.55789,6.3088,6.3088,1.81445,2.55789,2.55789,1.81445,6.3088,6.3088,0.907223,0.907223,1.81445,1.81445,0.907223,0.907223,1.81445,1.81445,0.907223,0.907223,0.907223,0.907223,0.907223,0.907223,1.06814,1.06814,1.06814,1.06814,40.1792,40.1792,40.1792,99.0984,99.0984,28.5012,40.1792,40.1792,28.5012,99.0984,99.0984,14.2506,14.2506,28.5012,28.5012,14.2506,14.2506,28.5012,28.5012,14.2506,14.2506,14.2506,14.2506,14.2506,14.2506,16.7783,16.7783,16.7783,16.7783,0,0,0,0,0,0,0,0,0,0,0,0,0,0,0,0,0,0,0,0,0,0,0,0,0,0,0,0,0,0,0,0,0,0,0,0,0,0,0,0,0,0,0,0,0,0,0,0,0,0,0,0,0,0,0,0,0,0,0,0,0,0,0,0,0,0,0,0,0,0,0,0,0,0,0,0,0,0,0,0,0,0,0,0,0,0,0,0,0,0,0,0,0,0,0,0,0,0,0,0,0,0,0,0,0,0,0,0,0,0,0,0,0,0,0,0,0,-0.00366582,-0.0211203,0.001821,0,0,0,0,0,0,0,0,0,0,0,0,0,0,0,0,0,0,0,0,0,0,0,0,0,0,0,0,0,-0.312,0,0,0.669,-0.363,0,-0.312,0,0,0.669,-0.363,0,0,0,0,0.2,0.2,0,0.6,0,0,0,0.2,-0.2,0,0.6,0,0,0,0.737,-0.0211187,0.00366499,-0.99977,0.6,0,0,1.66411,1.24305,1.97277
0.278225,-0.0144937,9.8056,-0.00366123,-0.333697,-0.00924241,-0.00374785,-0.0283498,0.00166632,0.278225,-0.0144937,9.8056,-0.00366123,-0.333697,-0.00924241,-0.00374785,-0.0283498,0.00166632,-0.312,0,0,0.669,-0.363,0,-0.312,0,0,0.669,-0.363,0,0,0,0,0.2,0.2,0,0.6,0,0,0,0.2,-0.2,0,0.6,0,0,0,0,0,0,0,0,0,0,0,0,0,0,0,0,0,0,0,0,0,0,0,0,0,0,0,0,0,0,0,0,-0.309791,0.000729723,-0.000851194,0.795661,-0.416153,-0.000891934,-0.30957,0.000732272,-0.000780367,0.795294,-0.416022,-0.000619623,-0.0015794,0.00343537,-0.0413724,0.210406,0.160038,-0.00348461,0.636045,0.000250921,0.0162171,-0.000289714,0.209108,-0.15407,0.00880919,0.659236,-0.000201213,0.0134294,0.000445448,0.0889279,0.00296953,0.000480477,0.0317279,0.00634393,-0.00155661,0.0887467,0.00271328,0.000336417,0.0304754,0.00797378,-0.00146279,0.00681262,0.00299166,0.206609,0.00104485,0.0350915,0.00798115,-0.0139677,-0.000361289,-0.00994433,0.00155927,0.0134536,-0.000767673,-0.00205235,-0.0158785,0.000631781,-0.00615904,0.000960606,-0.30737,-0.0369509,0.0331825,-12.7461,5.22963,0.0282877,-0.315729,-0.0364228,0.0217696,-12.7021,5.20496,0.0101854,0.0166797,-0.10314,0.816683,-0.144562,0.532166,0.0828121,-1.00099,-0.00326609,-0.221908,0.00244962,-0.137523,-0.649329,-0.122028,-0.975989,0.00271365,-0.218613,-0.00828732,0,0,0,0,0,0,0,0,0,0,0,0,0,0,0,0,0,0,0,0,0,0,0,0,0,0,0,0,0,2.55789,2.55789,2.55789,6.3088,6.3088,1.81445,2.55789,2.55789,1.81445,6.3088,6.3088,0.907223,0.907223,1.81445,1.81445,0.907223,0.907223,1.81445,1.81445,0.907223,0.907223,0.907223,0.907223,0.907223,0.907223,1.06814,1.06814,1.06814,1.06814,40.1792,40.1792,40.1792,99.0984,99.0984,28.5012,40.1792,40.1792,28.5012,99.0984,99.0984,14.2506,14.2506,28.5012,28.5012,14.2506,14.2506,28.5012,28.5012,14.2506,14.2506,14.2506,14.2506,14.2506,14.2506,16.7783,16.7783,16.7783,16.7783,0,0,0,0,0,0,0,0,0,0,0,0,0,0,0,0,0,0,0,0,0,0,0,0,0,0,0,0,0,0,0,0,0,0,0,0,0,0,0,0,0,0,0,0,0,0,0,0,0,0,0,0,0,0,0,0,0,0,0,0,0,0,0,0,0,0,0,0,0,0,0,0,0,0,0,0,0,0,0,0,0,0,0,0,0,0,0,0,0,0,0,0,0,0,0,0,0,0,0,0,0,0,0,0,0,0,0,0,0,0,0,0,0,0,0,0,0,-0.00374785,-0.0283498,0.00166632,0,0,0,0,0,0,0,0,0,0,0,0,0,0,0,0,0,0,0,0,0,0,0,0,0,0,0,0,0,-0.312,0,0,0.669,-0.363,0,-0.312,0,0,0.669,-0.363,0,0,0,0,0.2,0.2,0,0.6,0,0,0,0.2,-0.2,0,0.6,0,0,0,0.723,-0.0276788,0.00373953,-0.99961,0.6,0,0,1.67923,1.2479,1.97111
0.298618,-0.0183455,9.7996,-0.00346567,-0.339514,-0.0105203,-0.00380649,-0.0344204,0.00150919,0.298618,-0.0183455,9.7996,-0.00346567,-0.339514,-0.0105203,-0.00380649,-0.0344204,0.00150919,-0.312,0,0,0.669,-0.363,0,-0.312,0,0,0.669,-0.363,0,0,0,0,0.2,0.2,0,0.6,0,0,0,0.2,-0.2,0,0.6,0,0,0,0,0,0,0,0,0,0,0,0,0,0,0,0,0,0,0,0,0,0,0,0,0,0,0,0,0,0,0,0,-0.308132,0.000776018,-0.000837309,0.796227,-0.416043,-0.000913952,-0.307916,0.000773901,-0.000769078,0.79584,-0.415886,-0.00063951,-0.00144405,0.00348904,-0.0376369,0.21087,0.160052,-0.00345973,0.635882,0.000243592,0.0160849,-0.000291652,0.209745,-0.153657,0.00893541,0.659072,-0.000190369,0.0133491,0.00047793,0.0944993,0.00227531,0.000979351,0.0312947,0.00591065,-0.000970119,0.0941508,0.0020148,0.000836201,0.0303482,0.00737674,-0.000833167,0.00800893,0.00299151,0.207761,0.0449627,-0.0255447,-0.00371796,-0.00514104,-0.000444838,-0.00524567,-0.001413,0.0524049,0.0411265,0.0140103,-0.00358771,0.000582107,-0.00305387,0.0024739,-0.388343,-0.0370776,0.0313453,-12.799,5.22199,0.0278675,-0.396079,-0.0363513,0.0205387,-12.7549,5.19566,0.0099062,0.0136521,-0.104622,0.707506,-0.190198,0.585951,0.102904,-1.01186,-0.0030891,-0.224134,0.00510753,-0.18117,-0.692571,-0.138111,-0.985929,0.00258587,-0.220444,-0.0104021,0,0,0,0,0,0,0,0,0,0,0,0,0,0,0,0,0,0,0,0,0,0,0,0,0,0,0,0,0,2.55789,2.55789,2.55789,6.3088,6.3088,1.81445,2.55789,2.55789,1.81445,6.3088,6.3088,0.907223,0.907223,1.81445,1.81445,0.907223,0.907223,1.81445,1.81445,0.907223,0.907223,0.907223,0.907223,0.907223,0.907223,1.06814,1.06814,1.06814,1.06814,40.1792,40.1792,40.1792,99.0984,99.0984,28.5012,40.1792,40.1792,28.5012,99.0984,99.0984,14.2506,14.2506,28.5012,28.5012,14.2506,14.2506,28.5012,28.5012,14.2506,14.2506,14.2506,14.2506,14.2506,14.2506,16.7783,16.7783,16.7783,16.7783,0,0,0,0,0,0,0,0,0,0,0,0,0,0,0,0,0,0,0,0,0,0,0,0,0,0,0,0,0,0,0,0,0,0,0,0,0,0,0,0,0,0,0,0,0,0,0,0,0,0,0,0,0,0,0,0,0,0,0,0,0,0,0,0,0,0,0,0,0,0,0,0,0,0,0,0,0,0,0,0,0,0,0,0,0,0,0,0,0,0,0,0,0,0,0,0,0,0,0,0,0,0,0,0,0,0,0,0,0,0,0,0,0,0,0,0,0,-0.00380649,-0.0344204,0.00150919,0,0,0,0,0,0,0,0,0,0,0,0,0,0,0,0,0,0,0,0,0,0,0,0,0,0,0,0,0,-0.312,0,0,0.669,-0.363,0,-0.312,0,0,0.669,-0.363,0,0,0,0,0.2,0.2,0,0.6,0,0,0,0.2,-0.2,0,0.6,0,0,0,0.683,-0.0344136,0.00380423,-0.9994,0.6,0,0,1.69641,1.25351,1.96903
0.322153,-0.02296,9.79236,-0.00356706,-0.342129,-0.0112986,-0.00386903,-0.0412462,0.00131521,0.322153,-0.02296,9.79236,-0.00356706,-0.342129,-0.0112986,-0.00386903,-0.0412462,0.00131521,-0.312,0,0,0.669,-0.363,0,-0.312,0,0,0.669,-0.363,0,0,0,0,0.2,0.2,0,0.6,0,0,0,0.2,-0.2,0,0.6,0,0,0,0,0,0,0,0,0,0,0,0,0,0,0,0,0,0,0,0,0,0,0,0,0,0,0,0,0,0,0,0,-0.306193,0.000813662,-0.000813246,0.796856,-0.415919,-0.000927219,-0.305985,0.000806283,-0.000747883,0.796454,-0.415737,-0.000649609,-0.00127425,0.00355155,-0.0335024,0.212255,0.158886,-0.003662,0.635885,0.000233659,0.016038,-0.000353413,0.211228,-0.152386,0.00939076,0.659151,-0.000179147,0.0133282,0.000544928,0.0986025,0.00157644,0.0013585,0.0317573,0.00658378,-0.000432012,0.0981764,0.00131131,0.00121486,0.0310756,0.00762282,-0.000257969,0.00880114,0.00327844,0.205351,0.0881633,-0.0834525,-0.0150496,0.00438744,-0.000537904,5.46298e-06,-0.00439534,0.0910903,0.0807275,0.0295198,0.0100652,0.00054553,0.00060451,0.00403929,-0.476881,-0.0368032,0.0293916,-12.8637,5.20581,0.0272746,-0.484113,-0.0358531,0.0192361,-12.8196,5.18003,0.00953099,0.0104809,-0.106878,0.59324,-0.248469,0.65443,0.128933,-1.02879,-0.00286521,-0.228087,0.0086463,-0.236761,-0.746195,-0.158474,-1.00143,0.0024378,-0.223859,-0.0131647,0,0,0,0,0,0,0,0,0,0,0,0,0,0,0,0,0,0,0,0,0,0,0,0,0,0,0,0,0,2.55789,2.55789,2.55789,6.3088,6.3088,1.81445,2.55789,2.55789,1.81445,6.3088,6.3088,0.907223,0.907223,1.81445,1.81445,0.907223,0.907223,1.81445,1.81445,0.907223,0.907223,0.907223,0.907223,0.907223,0.907223,1.06814,1.06814,1.06814,1.06814,40.1792,40.1792,40.1792,99.0984,99.0984,28.5012,40.1792,40.1792,28.5012,99.0984,99.0984,14.2506,14.2506,28.5012,28.5012,14.2506,14.2506,28.5012,28.5012,14.2506,14.2506,14.2506,14.2506,14.2506,14.2506,16.7783,16.7783,16.7783,16.7783,0,0,0,0,0,0,0,0,0,0,0,0,0,0,0,0,0,0,0,0,0,0,0,0,0,0,0,0,0,0,0,0,0,0,0,0,0,0,0,0,0,0,0,0,0,0,0,0,0,0,0,0,0,0,0,0,0,0,0,0,0,0,0,0,0,0,0,0,0,0,0,0,0,0,0,0,0,0,0,0,0,0,0,0,0,0,0,0,0,0,0,0,0,0,0,0,0,0,0,0,0,0,0,0,0,0,0,0,0,0,0,0,0,0,0,0,0,-0.00386903,-0.0412462,0.00131521,0,0,0,0,0,0,0,0,0,0,0,0,0,0,0,0,0,0,0,0,0,0,0,0,0,0,0,0,0,-0.312,0,0,0.669,-0.363,0,-0.312,0,0,0.669,-0.363,0,0,0,0,0.2,0.2,0,0.6,0,0,0,0.2,-0.2,0,0.6,0,0,0,0.752,-0.0412345,0.00386573,-0.999142,0.6,0,0,1.69641,1.25351,1.96903
0.34802,-0.027893,9.78586,-0.00397798,-0.341563,-0.0114779,-0.00393529,-0.048088,0.00111285,0.34802,-0.027893,9.78586,-0.00397798,-0.341563,-0.0114779,-0.00393529,-0.048088,0.00111285,-0.312,0,0,0.669,-0.363,0,-0.312,0,0,0.669,-0.363,0,0,0,0,0.2,0.2,0,0.6,0,0,0,0.2,-0.2,0,0.6,0,0,0,0,0,0,0,0,0,0,0,0,0,0,0,0,0,0,0,0,0,0,0,0,0,0,0,0,0,0,0,0,-0.304193,0.000839045,-0.000783702,0.797504,-0.415775,-0.000931265,-0.303995,0.000826346,-0.000721186,0.797091,-0.415573,-0.000649879,-0.00109454,0.00362233,-0.0294518,0.214431,0.156688,-0.0040679,0.636071,0.000221994,0.0160936,-0.000469628,0.213423,-0.150413,0.0101244,0.659496,-0.000168546,0.0133805,0.000640837,0.100788,0.00100676,0.00155461,0.0331167,0.00824248,-3.43369e-05,0.100357,0.000737999,0.00140999,0.0326322,0.00881423,0.000164313,0.00907679,0.00382703,0.199794,0.1246,-0.129714,-0.0242392,0.0131847,-0.00061768,0.0049948,-0.00688552,0.124111,0.112062,0.0420602,0.0230004,0.000517708,0.00423736,0.00537179,-0.563058,-0.0363421,0.0276749,-12.9357,5.18157,0.0266629,-0.5699,-0.0351683,0.0181019,-12.8918,5.1571,0.0091486,0.00762725,-0.10984,0.48705,-0.312133,0.727511,0.157061,-1.04972,-0.00262724,-0.233298,0.0125403,-0.297595,-0.802633,-0.18023,-1.02072,0.00228964,-0.228505,-0.0161813,0,0,0,0,0,0,0,0,0,0,0,0,0,0,0,0,0,0,0,0,0,0,0,0,0,0,0,0,0,2.55789,2.55789,2.55789,6.3088,6.3088,1.81445,2.55789,2.55789,1.81445,6.3088,6.3088,0.907223,0.907223,1.81445,1.81445,0.907223,0.907223,1.81445,1.81445,0.907223,0.907223,0.907223,0.907223,0.907223,0.907223,1.06814,1.06814,1.06814,1.06814,40.1792,40.1792,40.1792,99.0984,99.0984,28.5012,40.1792,40.1792,28.5012,99.0984,99.0984,14.2506,14.2506,28.5012,28.5012,14.2506,14.2506,28.5012,28.5012,14.2506,14.2506,14.2506,14.2506,14.2506,14.2506,16.7783,16.7783,16.7783,16.7783,0,0,0,0,0,0,0,0,0,0,0,0,0,0,0,0,0,0,0,0,0,0,0,0,0,0,0,0,0,0,0,0,0,0,0,0,0,0,0,0,0,0,0,0,0,0,0,0,0,0,0,0,0,0,0,0,0,0,0,0,0,0,0,0,0,0,0,0,0,0,0,0,0,0,0,0,0,0,0,0,0,0,0,0,0,0,0,0,0,0,0,0,0,0,0,0,0,0,0,0,0,0,0,0,0,0,0,0,0,0,0,0,0,0,0,0,0,-0.00393529,-0.048088,0.00111285,0,0,0,0,0,0,0,0,0,0,0,0,0,0,0,0,0,0,0,0,0,0,0,0,0,0,0,0,0,-0.312,0,0,0.669,-0.363,0,-0.312,0,0,0.669,-0.363,0,0,0,0,0.2,0.2,0,0.6,0,0,0,0.2,-0.2,0,0.6,0,0,0,0.719,-0.0480695,0.00393073,-0.998836,0.6,0,0,1.71497,1.2596,1.96689
0.37726,-0.0332798,9.78091,-0.00463971,-0.338825,-0.0111633,-0.00401134,-0.0548929,0.000912788,0.37726,-0.0332798,9.78091,-0.00463971,-0.338825,-0.0111633,-0.00401134,-0.0548929,0.000912788,-0.312,0,0,0.669,-0.363,0,-0.312,0,0,0.669,-0.363,0,0,0,0,0.2,0.2,0,0.6,0,0,0,0.2,-0.2,0,0.6,0,0,0,0,0,0,0,0,0,0,0,0,0,0,0,0,0,0,0,0,0,0,0,0,0,0,0,0,0,0,0,0,-0.302167,0.000855183,-0.000752067,0.798187,-0.415593,-0.000929008,-0.301978,0.00083712,-0.000692398,0.797767,-0.415375,-0.000643491,-0.000914554,0.003706,-0.0255385,0.217257,0.153702,-0.00463176,0.636421,0.000208962,0.0162437,-0.000629274,0.216211,-0.147909,0.0110732,0.660086,-0.000158481,0.013503,0.000760136,0.101429,0.00062606,0.00159032,0.035142,0.0105683,0.000213908,0.100999,0.000355746,0.00144579,0.0348057,0.010954,0.000424695,0.00889288,0.00455309,0.192006,0.153798,-0.163398,-0.0310574,0.0208731,-0.00067574,0.00946463,-0.00878559,0.15096,0.134616,0.0513327,0.0345635,0.000490768,0.00761026,0.00639921,-0.646429,-0.0360029,0.0262765,-13.0154,5.14971,0.0261355,-0.652873,-0.0346093,0.017191,-12.9717,5.12496,0.00881427,0.00518701,-0.113469,0.388877,-0.378721,0.800823,0.185556,-1.07344,-0.00238834,-0.239421,0.0165412,-0.361495,-0.858935,-0.202203,-1.04275,0.00214848,-0.234087,-0.0192811,0,0,0,0,0,0,0,0,0,0,0,0,0,0,0,0,0,0,0,0,0,0,0,0,0,0,0,0,0,2.55789,2.55789,2.55789,6.3088,6.3088,1.81445,2.55789,2.55789,1.81445,6.3088,6.3088,0.907223,0.907223,1.81445,1.81445,0.907223,0.907223,1.81445,1.81445,0.907223,0.907223,0.907223,0.907223,0.907223,0.907223,1.06814,1.06814,1.06814,1.06814,40.1792,40.1792,40.1792,99.0984,99.0984,28.5012,40.1792,40.1792,28.5012,99.0984,99.0984,14.2506,14.2506,28.5012,28.5012,14.2506,14.2506,28.5012,28.5012,14.2506,14.2506,14.2506,14.2506,14.2506,14.2506,16.7783,16.7783,16.7783,16.7783,0,0,0,0,0,0,0,0,0,0,0,0,0,0,0,0,0,0,0,0,0,0,0,0,0,0,0,0,0,0,0,0,0,0,0,0,0,0,0,0,0,0,0,0,0,0,0,0,0,0,0,0,0,0,0,0,0,0,0,0,0,0,0,0,0,0,0,0,0,0,0,0,0,0,0,0,0,0,0,0,0,0,0,0,0,0,0,0,0,0,0,0,0,0,0,0,0,0,0,0,0,0,0,0,0,0,0,0,0,0,0,0,0,0,0,0,0,-0.00401134,-0.0548929,0.000912788,0,0,0,0,0,0,0,0,0,0,0,0,0,0,0,0,0,0,0,0,0,0,0,0,0,0,0,0,0,-0.312,0,0,0.669,-0.363,0,-0.312,0,0,0.669,-0.363,0,0,0,0,0.2,0.2,0,0.6,0,0,0,0.2,-0.2,0,0.6,0,0,0,0.623,-0.0548653,0.00400529,-0.998486,0.6,0,0,1.71497,1.2596,1.96689
0.413907,-0.039021,9.7769,-0.00558223,-0.334507,-0.0103841,-0.00411216,-0.0622976,0.000705553,0.413907,-0.039021,9.7769,-0.00558223,-0.334507,-0.0103841,-0.00411216,-0.0622976,0.000705553,-0.312,0,0,0.669,-0.363,0,-0.312,0,0,0.669,-0.363,0,0,0,0,0.2,0.2,0,0.6,0,0,0,0.2,-0.2,0,0.6,0,0,0,0,0,0,0,0,0,0,0,0,0,0,0,0,0,0,0,0,0,0,0,0,0,0,0,0,0,0,0,0,-0.299941,0.000866301,-0.000718343,0.798991,-0.415326,-0.000922727,-0.299762,0.000842316,-0.000661807,0.798565,-0.415095,-0.000632544,-0.000725647,0.00381695,-0.0214325,0.22094,0.149812,-0.00537654,0.636966,0.000193631,0.0165028,-0.000840231,0.219812,-0.144753,0.0122856,0.660977,-0.000148069,0.0137099,0.00091047,0.100706,0.000396885,0.00147048,0.0378684,0.0141052,0.000322589,0.100318,0.000126227,0.00132606,0.0376244,0.0143782,0.000533393,0.00829187,0.0055156,0.181998,0.177405,-0.185728,-0.0357334,0.0277297,-0.000709587,0.0135558,-0.0101397,0.173102,0.149249,0.0576381,0.0451204,0.000457541,0.0108046,0.00712868,-0.734388,-0.0358377,0.025182,-13.1115,5.10218,0.0257382,-0.740518,-0.0342049,0.0165039,-13.0679,5.07691,0.00854804,0.00299367,-0.118301,0.289281,-0.452683,0.877146,0.215486,-1.10131,-0.00213741,-0.246786,0.0208015,-0.432911,-0.917638,-0.225357,-1.06887,0.00200763,-0.240925,-0.0226,0,0,0,0,0,0,0,0,0,0,0,0,0,0,0,0,0,0,0,0,0,0,0,0,0,0,0,0,0,2.55789,2.55789,2.55789,6.3088,6.3088,1.81445,2.55789,2.55789,1.81445,6.3088,6.3088,0.907223,0.907223,1.81445,1.81445,0.907223,0.907223,1.81445,1.81445,0.907223,0.907223,0.907223,0.907223,0.907223,0.907223,1.06814,1.06814,1.06814,1.06814,40.1792,40.1792,40.1792,99.0984,99.0984,28.5012,40.1792,40.1792,28.5012,99.0984,99.0984,14.2506,14.2506,28.5012,28.5012,14.2506,14.2506,28.5012,28.5012,14.2506,14.2506,14.2506,14.2506,14.2506,14.2506,16.7783,16.7783,16.7783,16.7783,0,0,0,0,0,0,0,0,0,0,0,0,0,0,0,0,0,0,0,0,0,0,0,0,0,0,0,0,0,0,0,0,0,0,0,0,0,0,0,0,0,0,0,0,0,0,0,0,0,0,0,0,0,0,0,0,0,0,0,0,0,0,0,0,0,0,0,0,0,0,0,0,0,0,0,0,0,0,0,0,0,0,0,0,0,0,0,0,0,0,0,0,0,0,0,0,0,0,0,0,0,0,0,0,0,0,0,0,0,0,0,0,0,0,0,0,0,-0.00411216,-0.0622976,0.000705553,0,0,0,0,0,0,0,0,0,0,0,0,0,0,0,0,0,0,0,0,0,0,0,0,0,0,0,0,0,-0.312,0,0,0.669,-0.363,0,-0.312,0,0,0.669,-0.363,0,0,0,0,0.2,0.2,0,0.6,0,0,0,0.2,-0.2,0,0.6,0,0,0,0.463,-0.0615896,0.00409431,-0.998093,0.6,0,0,1.73429,1.26591,2.00791
0.448273,-0.0441823,9.77337,-0.00644405,-0.330816,-0.00951393,-0.00421106,-0.0682823,0.000551665,0.448273,-0.0441823,9.77337,-0.00644405,-0.330816,-0.00951393,-0.00421106,-0.0682823,0.000551665,-0.312,0,0,0.669,-0.363,0,-0.312,0,0,0.669,-0.363,0,0,0,0,0.2,0.2,0,0.6,0,0,0,0.2,-0.2,0,0.6,0,0,0,0,0,0,0,0,0,0,0,0,0,0,0,0,0,0,0,0,0,0,0,0,0,0,0,0,0,0,0,0,-0.29814,0.000873367,-0.000693701,0.799696,-0.415038,-0.000917073,-0.29797,0.000844518,-0.000639784,0.799268,-0.414797,-0.0006233,-0.000583595,0.00392409,-0.018242,0.22427,0.146382,-0.0060394,0.637509,0.000180799,0.0167738,-0.00102883,0.22306,-0.142013,0.0133489,0.661859,-0.00014014,0.0139261,0.00104197,0.0993404,0.000374181,0.00127079,0.0403073,0.0177864,0.000295559,0.0989014,0.000103497,0.00112099,0.0401757,0.018551,0.000472768,0.0075698,0.00633785,0.173449,0.190248,-0.192994,-0.0374227,0.0319416,-0.000712764,0.0161563,-0.0106726,0.1855,0.15361,0.0598345,0.05177,0.000425849,0.0129023,0.00740307,-0.803447,-0.0360997,0.024657,-13.1963,5.05145,0.0256084,-0.80908,-0.0342706,0.0162182,-13.1532,5.02112,0.00846659,0.0016004,-0.122745,0.213368,-0.511989,0.933384,0.237715,-1.1245,-0.00195011,-0.252998,0.0240083,-0.490586,-0.961176,-0.242699,-1.09076,0.00190681,-0.24678,-0.0251242,0,0,0,0,0,0,0,0,0,0,0,0,0,0,0,0,0,0,0,0,0,0,0,0,0,0,0,0,0,2.55789,2.55789,2.55789,6.3088,6.3088,1.81445,2.55789,2.55789,1.81445,6.3088,6.3088,0.907223,0.907223,1.81445,1.81445,0.907223,0.907223,1.81445,1.81445,0.907223,0.907223,0.907223,0.907223,0.907223,0.907223,1.06814,1.06814,1.06814,1.06814,40.1792,40.1792,40.1792,99.0984,99.0984,28.5012,40.1792,40.1792,28.5012,99.0984,99.0984,14.2506,14.2506,28.5012,28.5012,14.2506,14.2506,28.5012,28.5012,14.2506,14.2506,14.2506,14.2506,14.2506,14.2506,16.7783,16.7783,16.7783,16.7783,0,0,0,0,0,0,0,0,0,0,0,0,0,0,0,0,0,0,0,0,0,0,0,0,0,0,0,0,0,0,0,0,0,0,0,0,0,0,0,0,0,0,0,0,0,0,0,0,0,0,0,0,0,0,0,0,0,0,0,0,0,0,0,0,0,0,0,0,0,0,0,0,0,0,0,0,0,0,0,0,0,0,0,0,0,0,0,0,0,0,0,0,0,0,0,0,0,0,0,0,0,0,0,0,0,0,0,0,0,0,0,0,0,0,0,0,0,-0.00421106,-0.0682823,0.000551665,0,0,0,0,0,0,0,0,0,0,0,0,0,0,0,0,0,0,0,0,0,0,0,0,0,0,0,0,0,-0.312,0,0,0.669,-0.363,0,-0.312,0,0,0.669,-0.363,0,0,0,0,0.2,0.2,0,0.6,0,0,0,0.2,-0.2,0,0.6,0,0,0,0.604,-0.0682292,0.00420124,-0.997661,0.6,0,0,1.75394,1.27226,2.09015
0.490845,-0.0478101,9.77092,-0.00744361,-0.32745,-0.00839316,-0.00434022,-0.0748604,0.000401271,0.490845,-0.0478101,9.77092,-0.00744361,-0.32745,-0.00839316,-0.00434022,-0.0748604,0.000401271,-0.312,0,0,0.669,-0.363,0,-0.312,0,0,0.669,-0.363,0,0,0,0,0.2,0.2,0,0.6,0,0,0,0.2,-0.2,0,0.6,0,0,0,0,0,0,0,0,0,0,0,0,0,0,0,0,0,0,0,0,0,0,0,0,0,0,0,0,0,0,0,0,-0.296175,0.000880908,-0.000671444,0.800533,-0.41463,-0.000912415,-0.296011,0.000846629,-0.000620527,0.800101,-0.414379,-0.000615036,-0.00044213,0.00406183,-0.0148736,0.228173,0.142533,-0.00678911,0.638185,0.000166758,0.0171207,-0.00124352,0.226868,-0.138956,0.0145454,0.662954,-0.000132059,0.0142041,0.00119033,0.0973199,0.000401485,0.000973182,0.0430659,0.0226076,0.000167439,0.0970612,0.000129865,0.000823532,0.0428467,0.0229209,0.000349262,0.00664789,0.00732746,0.164434,0.198168,-0.190432,-0.0372265,0.0350769,-0.000689676,0.018187,-0.0106986,0.193586,0.151101,0.0593811,0.0568821,0.000385047,0.0146151,0.00738048,-0.877491,-0.0363878,0.0244852,-13.2962,4.98136,0.0256806,-0.883348,-0.0343365,0.016182,-13.2522,4.95369,0.00844301,0.000373338,-0.128454,0.13339,-0.575151,0.986939,0.259123,-1.14953,-0.00176712,-0.259816,0.0271424,-0.552493,-1.00321,-0.259618,-1.11469,0.00181267,-0.253293,-0.0276257,0,0,0,0,0,0,0,0,0,0,0,0,0,0,0,0,0,0,0,0,0,0,0,0,0,0,0,0,0,2.55789,2.55789,2.55789,6.3088,6.3088,1.81445,2.55789,2.55789,1.81445,6.3088,6.3088,0.907223,0.907223,1.81445,1.81445,0.907223,0.907223,1.81445,1.81445,0.907223,0.907223,0.907223,0.907223,0.907223,0.907223,1.06814,1.06814,1.06814,1.06814,40.1792,40.1792,40.1792,99.0984,99.0984,28.5012,40.1792,40.1792,28.5012,99.0984,99.0984,14.2506,14.2506,28.5012,28.5012,14.2506,14.2506,28.5012,28.5012,14.2506,14.2506,14.2506,14.2506,14.2506,14.2506,16.7783,16.7783,16.7783,16.7783,0,0,0,0,0,0,0,0,0,0,0,0,0,0,0,0,0,0,0,0,0,0,0,0,0,0,0,0,0,0,0,0,0,0,0,0,0,0,0,0,0,0,0,0,0,0,0,0,0,0,0,0,0,0,0,0,0,0,0,0,0,0,0,0,0,0,0,0,0,0,0,0,0,0,0,0,0,0,0,0,0,0,0,0,0,0,0,0,0,0,0,0,0,0,0,0,0,0,0,0,0,0,0,0,0,0,0,0,0,0,0,0,0,0,0,0,0,-0.00434022,-0.0748604,0.000401271,0,0,0,0,0,0,0,0,0,0,0,0,0,0,0,0,0,0,0,0,0,0,0,0,0,0,0,0,0,-0.312,0,0,0.669,-0.363,0,-0.312,0,0,0.669,-0.363,0,0,0,0,0.2,0.2,0,0.6,0,0,0,0.2,-0.2,0,0.6,0,0,0,0.795,-0.0747905,0.00432805,-0.99719,0.6,0,0,1.75394,1.27226,2.09015
0.536922,-0.051828,9.76823,-0.00839316,-0.325536,-0.00720644,-0.00448971,-0.081386,0.000274826,0.536922,-0.051828,9.76823,-0.00839316,-0.325536,-0.00720644,-0.00448971,-0.081386,0.000274826,-0.312,0,0,0.669,-0.363,0,-0.312,0,0,0.669,-0.363,0,0,0,0,0.2,0.2,0,0.6,0,0,0,0.2,-0.2,0,0.6,0,0,0,0,0,0,0,0,0,0,0,0,0,0,0,0,0,0,0,0,0,0,0,0,0,0,0,0,0,0,0,0,-0.294253,0.000891094,-0.000655861,0.801423,-0.414121,-0.000911312,-0.294095,0.00085139,-0.000607977,0.800987,-0.413857,-0.000610611,-0.000320427,0.00421781,-0.0116736,0.232166,0.138844,-0.0075131,0.638907,0.000153471,0.0174984,-0.00145264,0.230776,-0.136027,0.0157021,0.664126,-0.000124866,0.0145089,0.00133467,0.0950944,0.000579927,0.000610604,0.0456681,0.0278291,-4.51439e-05,0.094835,0.000310283,0.000457838,0.045482,0.0286401,9.74542e-05,0.00563569,0.00820263,0.156577,0.199992,-0.178179,-0.0350994,0.0366833,-0.000640584,0.019333,-0.0101826,0.196094,0.141767,0.056192,0.0596613,0.000338063,0.0156518,0.00703819,-0.949208,-0.0372429,0.0247415,-13.4005,4.89945,0.0260113,-0.954834,-0.0349755,0.0164549,-13.3562,4.86714,0.00858282,-0.000469619,-0.134433,0.0562382,-0.634171,1.02955,0.276339,-1.17322,-0.00161904,-0.26628,0.0297151,-0.610868,-1.03732,-0.27353,-1.13748,0.00173996,-0.259548,-0.0297257,0,0,0,0,0,0,0,0,0,0,0,0,0,0,0,0,0,0,0,0,0,0,0,0,0,0,0,0,0,2.55789,2.55789,2.55789,6.3088,6.3088,1.81445,2.55789,2.55789,1.81445,6.3088,6.3088,0.907223,0.907223,1.81445,1.81445,0.907223,0.907223,1.81445,1.81445,0.907223,0.907223,0.907223,0.907223,0.907223,0.907223,1.06814,1.06814,1.06814,1.06814,40.1792,40.1792,40.1792,99.0984,99.0984,28.5012,40.1792,40.1792,28.5012,99.0984,99.0984,14.2506,14.2506,28.5012,28.5012,14.2506,14.2506,28.5012,28.5012,14.2506,14.2506,14.2506,14.2506,14.2506,14.2506,16.7783,16.7783,16.7783,16.7783,0,0,0,0,0,0,0,0,0,0,0,0,0,0,0,0,0,0,0,0,0,0,0,0,0,0,0,0,0,0,0,0,0,0,0,0,0,0,0,0,0,0,0,0,0,0,0,0,0,0,0,0,0,0,0,0,0,0,0,0,0,0,0,0,0,0,0,0,0,0,0,0,0,0,0,0,0,0,0,0,0,0,0,0,0,0,0,0,0,0,0,0,0,0,0,0,0,0,0,0,0,0,0,0,0,0,0,0,0,0,0,0,0,0,0,0,0,-0.00448971,-0.081386,0.000274826,0,0,0,0,0,0,0,0,0,0,0,0,0,0,0,0,0,0,0,0,0,0,0,0,0,0,0,0,0,-0.312,0,0,0.669,-0.363,0,-0.312,0,0,0.669,-0.363,0,0,0,0,0.2,0.2,0,0.6,0,0,0,0.2,-0.2,0,0.6,0,0,0,0.764,-0.0812962,0.00447484,-0.99668,0.6,0,0,1.77374,1.27855,2.1779
0.587292,-0.0546283,9.76533,-0.00925749,-0.325683,-0.00602012,-0.00465866,-0.087895,0.0001732,0.587292,-0.0546283,9.76533,-0.00925749,-0.325683,-0.00602012,-0.00465866,-0.087895,0.0001732,-0.312,0,0,0.669,-0.363,0,-0.312,0,0,0.669,-0.363,0,0,0,0,0.2,0.2,0,0.6,0,0,0,0.2,-0.2,0,0.6,0,0,0,0,0,0,0,0,0,0,0,0,0,0,0,0,0,0,0,0,0,0,0,0,0,0,0,0,0,0,0,0,-0.292376,0.000904966,-0.000648036,0.802364,-0.413502,-0.000915074,-0.292222,0.000859895,-0.000603218,0.801923,-0.413218,-0.000611864,-0.000218764,0.00439085,-0.00861327,0.236135,0.135491,-0.0081766,0.639645,0.000141424,0.0178897,-0.00164632,0.234679,-0.133348,0.0167691,0.665329,-0.000118671,0.0148272,0.00146905,0.0929117,0.000778286,0.000209918,0.0481039,0.0336235,-0.000310267,0.0927429,0.000510871,5.75935e-05,0.0478806,0.0345101,-0.000188474,0.00464037,0.0090186,0.150383,0.196559,-0.158003,-0.0313931,0.0368404,-0.000568202,0.0196428,-0.00921552,0.193702,0.126793,0.050717,0.0602047,0.000285761,0.0160386,0.00642005,-1.01921,-0.0382608,0.0254164,-13.5086,4.80297,0.0265759,-1.02489,-0.0357863,0.0170215,-13.4638,4.76856,0.0088614,-0.00104591,-0.140835,-0.0197606,-0.688172,1.06024,0.288995,-1.19476,-0.00150879,-0.272203,0.0316624,-0.664803,-1.06281,-0.284112,-1.15845,0.00168961,-0.265358,-0.0313678,0,0,0,0,0,0,0,0,0,0,0,0,0,0,0,0,0,0,0,0,0,0,0,0,0,0,0,0,0,2.55789,2.55789,2.55789,6.3088,6.3088,1.81445,2.55789,2.55789,1.81445,6.3088,6.3088,0.907223,0.907223,1.81445,1.81445,0.907223,0.907223,1.81445,1.81445,0.907223,0.907223,0.907223,0.907223,0.907223,0.907223,1.06814,1.06814,1.06814,1.06814,40.1792,40.1792,40.1792,99.0984,99.0984,28.5012,40.1792,40.1792,28.5012,99.0984,99.0984,14.2506,14.2506,28.5012,28.5012,14.2506,14.2506,28.5012,28.5012,14.2506,14.2506,14.2506,14.2506,14.2506,14.2506,16.7783,16.7783,16.7783,16.7783,0,0,0,0,0,0,0,0,0,0,0,0,0,0,0,0,0,0,0,0,0,0,0,0,0,0,0,0,0,0,0,0,0,0,0,0,0,0,0,0,0,0,0,0,0,0,0,0,0,0,0,0,0,0,0,0,0,0,0,0,0,0,0,0,0,0,0,0,0,0,0,0,0,0,0,0,0,0,0,0,0,0,0,0,0,0,0,0,0,0,0,0,0,0,0,0,0,0,0,0,0,0,0,0,0,0,0,0,0,0,0,0,0,0,0,0,0,-0.00465866,-0.087895,0.0001732,0,0,0,0,0,0,0,0,0,0,0,0,0,0,0,0,0,0,0,0,0,0,0,0,0,0,0,0,0,-0.312,0,0,0.669,-0.363,0,-0.312,0,0,0.669,-0.363,0,0,0,0,0.2,0.2,0,0.6,0,0,0,0.2,-0.2,0,0.6,0,0,0,0.66,-0.0877819,0.00464066,-0.996129,0.6,0,0,1.77374,1.27855,2.1779
0.643752,-0.0565834,9.75906,-0.00997225,-0.328324,-0.00489691,-0.00484505,-0.0944335,9.60652e-05,0.643752,-0.0565834,9.75906,-0.00997225,-0.328324,-0.00489691,-0.00484505,-0.0944335,9.60652e-05,-0.312,0,0,0.669,-0.363,0,-0.312,0,0,0.669,-0.363,0,0,0,0,0.2,0.2,0,0.6,0,0,0,0.2,-0.2,0,0.6,0,0,0,0,0,0,0,0,0,0,0,0,0,0,0,0,0,0,0,0,0,0,0,0,0,0,0,0,0,0,0,0,-0.290541,0.000923255,-0.000647897,0.803354,-0.412748,-0.000924375,-0.290388,0.00087284,-0.000606226,0.802907,-0.412454,-0.00061924,-0.000136955,0.00457893,-0.0056562,0.239987,0.13261,-0.00875205,0.640372,0.000131045,0.018279,-0.00181658,0.238487,-0.131018,0.017706,0.666521,-0.000113573,0.0151467,0.00158851,0.0909552,0.00108793,-0.000142285,0.0506121,0.040529,-0.000601032,0.0910093,0.00082153,-0.000300189,0.0501269,0.0410573,-0.000515545,0.00360917,0.00964347,0.1461,0.188811,-0.131917,-0.0264901,0.0357292,-0.000476684,0.0192211,-0.00789438,0.187182,0.107441,0.0434594,0.0587257,0.000229691,0.0158402,0.00558083,-1.08777,-0.0397175,0.0263021,-13.6224,4.68418,0.0273435,-1.09403,-0.0370288,0.0177536,-13.5752,4.6515,0.00925355,-0.00131171,-0.147343,-0.0961122,-0.736584,1.07883,0.296953,-1.21378,-0.00144016,-0.277438,0.0329546,-0.713662,-1.07934,-0.291221,-1.17713,0.00166152,-0.270571,-0.0325235,0,0,0,0,0,0,0,0,0,0,0,0,0,0,0,0,0,0,0,0,0,0,0,0,0,0,0,0,0,2.55789,2.55789,2.55789,6.3088,6.3088,1.81445,2.55789,2.55789,1.81445,6.3088,6.3088,0.907223,0.907223,1.81445,1.81445,0.907223,0.907223,1.81445,1.81445,0.907223,0.907223,0.907223,0.907223,0.907223,0.907223,1.06814,1.06814,1.06814,1.06814,40.1792,40.1792,40.1792,99.0984,99.0984,28.5012,40.1792,40.1792,28.5012,99.0984,99.0984,14.2506,14.2506,28.5012,28.5012,14.2506,14.2506,28.5012,28.5012,14.2506,14.2506,14.2506,14.2506,14.2506,14.2506,16.7783,16.7783,16.7783,16.7783,0,0,0,0,0,0,0,0,0,0,0,0,0,0,0,0,0,0,0,0,0,0,0,0,0,0,0,0,0,0,0,0,0,0,0,0,0,0,0,0,0,0,0,0,0,0,0,0,0,0,0,0,0,0,0,0,0,0,0,0,0,0,0,0,0,0,0,0,0,0,0,0,0,0,0,0,0,0,0,0,0,0,0,0,0,0,0,0,0,0,0,0,0,0,0,0,0,0,0,0,0,0,0,0,0,0,0,0,0,0,0,0,0,0,0,0,0,-0.00484505,-0.0944335,9.60652e-05,0,0,0,0,0,0,0,0,0,0,0,0,0,0,0,0,0,0,0,0,0,0,0,0,0,0,0,0,0,-0.312,0,0,0.669,-0.363,0,-0.312,0,0,0.669,-0.363,0,0,0,0,0.2,0.2,0,0.6,0,0,0,0.2,-0.2,0,0.6,0,0,0,0.767,-0.0942932,0.00482344,-0.995533,0.6,0,0,1.79377,1.28479,2.23568
0.701257,-0.0583628,9.7559,-0.010528,-0.333872,-0.00389114,-0.0050456,-0.101056,4.18822e-05,0.701257,-0.0583628,9.7559,-0.010528,-0.333872,-0.00389114,-0.0050456,-0.101056,4.18822e-05,-0.312,0,0,0.669,-0.363,0,-0.312,0,0,0.669,-0.363,0,0,0,0,0.2,0.2,0,0.6,0,0,0,0.2,-0.2,0,0.6,0,0,0,0,0,0,0,0,0,0,0,0,0,0,0,0,0,0,0,0,0,0,0,0,0,0,0,0,0,0,0,0,-0.288739,0.000948887,-0.000654017,0.804392,-0.411863,-0.000939666,-0.288583,0.00089317,-0.000615548,0.803932,-0.41156,-0.000633267,-7.58714e-05,0.00477711,-0.00275861,0.243647,0.130296,-0.00921992,0.641065,0.000122671,0.0186525,-0.00195759,0.242128,-0.129112,0.0184829,0.667664,-0.000109659,0.015456,0.00168932,0.0895689,0.00143768,-0.000437975,0.0529163,0.0472613,-0.000896775,0.0897323,0.0011726,-0.000600234,0.0522544,0.0478017,-0.000843833,0.0026167,0.0101036,0.144208,0.177848,-0.101953,-0.0207731,0.0336395,-0.000369932,0.0181631,-0.00633015,0.177444,0.0850895,0.0349233,0.0556607,0.000168201,0.0151056,0.00457796,-1.1568,-0.0416106,0.0272891,-13.7391,4.55772,0.0283052,-1.16343,-0.0387146,0.018546,-13.6896,4.52406,0.00973728,-0.00130218,-0.153831,-0.174967,-0.77938,1.08574,0.300367,-1.22998,-0.00141297,-0.281887,0.0336084,-0.757267,-1.08709,-0.294892,-1.19327,0.00165936,-0.275052,-0.0331936,0,0,0,0,0,0,0,0,0,0,0,0,0,0,0,0,0,0,0,0,0,0,0,0,0,0,0,0,0,2.55789,2.55789,2.55789,6.3088,6.3088,1.81445,2.55789,2.55789,1.81445,6.3088,6.3088,0.907223,0.907223,1.81445,1.81445,0.907223,0.907223,1.81445,1.81445,0.907223,0.907223,0.907223,0.907223,0.907223,0.907223,1.06814,1.06814,1.06814,1.06814,40.1792,40.1792,40.1792,99.0984,99.0984,28.5012,40.1792,40.1792,28.5012,99.0984,99.0984,14.2506,14.2506,28.5012,28.5012,14.2506,14.2506,28.5012,28.5012,14.2506,14.2506,14.2506,14.2506,14.2506,14.2506,16.7783,16.7783,16.7783,16.7783,0,0,0,0,0,0,0,0,0,0,0,0,0,0,0,0,0,0,0,0,0,0,0,0,0,0,0,0,0,0,0,0,0,0,0,0,0,0,0,0,0,0,0,0,0,0,0,0,0,0,0,0,0,0,0,0,0,0,0,0,0,0,0,0,0,0,0,0,0,0,0,0,0,0,0,0,0,0,0,0,0,0,0,0,0,0,0,0,0,0,0,0,0,0,0,0,0,0,0,0,0,0,0,0,0,0,0,0,0,0,0,0,0,0,0,0,0,-0.0050456,-0.101056,4.18822e-05,0,0,0,0,0,0,0,0,0,0,0,0,0,0,0,0,0,0,0,0,0,0,0,0,0,0,0,0,0,-0.312,0,0,0.669,-0.363,0,-0.312,0,0,0.669,-0.363,0,0,0,0,0.2,0.2,0,0.6,0,0,0,0.2,-0.2,0,0.6,0,0,0,0.692,-0.100885,0.00501983,-0.994885,0.6,0,0,1.79377,1.28479,2.23568
0.764707,-0.0595105,9.74938,-0.010919,-0.342491,-0.00300729,-0.00525728,-0.107824,8.6703e-06,0.764707,-0.0595105,9.74938,-0.010919,-0.342491,-0.00300729,-0.00525728,-0.107824,8.6703e-06,-0.312,0,0,0.669,-0.363,0,-0.312,0,0,0.669,-0.363,0,0,0,0,0.2,0.2,0,0.6,0,0,0,0.2,-0.2,0,0.6,0,0,0,0,0,0,0,0,0,0,0,0,0,0,0,0,0,0,0,0,0,0,0,0,0,0,0,0,0,0,0,0,-0.286955,0.000981336,-0.000665772,0.805473,-0.410852,-0.000960576,-0.286794,0.000920403,-0.000630521,0.804998,-0.410539,-0.000653789,-3.35737e-05,0.00498276,0.000128083,0.247063,0.128606,-0.00956837,0.641707,0.000116541,0.0189996,-0.00206563,0.245548,-0.127672,0.0190802,0.668731,-0.000106975,0.0157463,0.00176884,0.0889831,0.00177376,-0.00070685,0.0549984,0.0533233,-0.00118269,0.089263,0.00151336,-0.000864968,0.054143,0.0538206,-0.00115109,0.0017189,0.010402,0.144807,0.164724,-0.0700935,-0.0146446,0.0307793,-0.000253764,0.0166363,-0.00462888,0.165453,0.0610848,0.0256505,0.0512956,0.000106207,0.0139729,0.00347138,-1.22682,-0.0437402,0.0284363,-13.8591,4.41999,0.0294021,-1.23395,-0.0406461,0.0194458,-13.8069,4.38593,0.0103028,-0.00110945,-0.160255,-0.257832,-0.816676,1.08192,0.299575,-1.24337,-0.00142704,-0.285529,0.0336615,-0.795637,-1.0866,-0.295303,-1.20677,0.00167836,-0.278789,-0.033391,0,0,0,0,0,0,0,0,0,0,0,0,0,0,0,0,0,0,0,0,0,0,0,0,0,0,0,0,0,2.55789,2.55789,2.55789,6.3088,6.3088,1.81445,2.55789,2.55789,1.81445,6.3088,6.3088,0.907223,0.907223,1.81445,1.81445,0.907223,0.907223,1.81445,1.81445,0.907223,0.907223,0.907223,0.907223,0.907223,0.907223,1.06814,1.06814,1.06814,1.06814,40.1792,40.1792,40.1792,99.0984,99.0984,28.5012,40.1792,40.1792,28.5012,99.0984,99.0984,14.2506,14.2506,28.5012,28.5012,14.2506,14.2506,28.5012,28.5012,14.2506,14.2506,14.2506,14.2506,14.2506,14.2506,16.7783,16.7783,16.7783,16.7783,0,0,0,0,0,0,0,0,0,0,0,0,0,0,0,0,0,0,0,0,0,0,0,0,0,0,0,0,0,0,0,0,0,0,0,0,0,0,0,0,0,0,0,0,0,0,0,0,0,0,0,0,0,0,0,0,0,0,0,0,0,0,0,0,0,0,0,0,0,0,0,0,0,0,0,0,0,0,0,0,0,0,0,0,0,0,0,0,0,0,0,0,0,0,0,0,0,0,0,0,0,0,0,0,0,0,0,0,0,0,0,0,0,0,0,0,0,-0.00525728,-0.107824,8.6703e-06,0,0,0,0,0,0,0,0,0,0,0,0,0,0,0,0,0,0,0,0,0,0,0,0,0,0,0,0,0,-0.312,0,0,0.669,-0.363,0,-0.312,0,0,0.669,-0.363,0,0,0,0,0.2,0.2,0,0.6,0,0,0,0.2,-0.2,0,0.6,0,0,0,0.925,-0.107615,0.00522673,-0.994179,0.6,0,0,1.81439,1.2911,2.23606
0.831308,-0.0604312,9.74172,-0.011151,-0.354149,-0.00224366,-0.00547689,-0.114797,-5.54891e-06,0.831308,-0.0604312,9.74172,-0.011151,-0.354149,-0.00224366,-0.00547689,-0.114797,-5.54891e-06,-0.701272,0.0190942,-0.270738,0.408149,-0.636941,0.0441456,-0.642719,0.126,0.0747529,0.529665,-0.087267,-0.0619126,0.00442357,-0.0401851,-0.413007,0.0971102,0.743121,0.138893,0.2618,0.00646171,-0.196261,0.135343,0.0691959,-0.625806,-0.146876,0.565354,0.00196336,-0.0510371,-0.00851919,0,0,0,0,0,0,0,0,0,0,0,0,0,0,0,0,0,0,0,0,0,0,0,0,0,0,0,0,0,-0.285175,0.00102024,-0.000682549,0.806595,-0.40972,-0.000987226,-0.285007,0.000954149,-0.000650379,0.806101,-0.409396,-0.00067982,-8.16623e-06,0.0051926,0.00305354,0.250201,0.127557,-0.00979303,0.642287,0.000112778,0.0193124,-0.00213906,0.248712,-0.126719,0.0194885,0.6697,-0.00010553,0.0160104,0.00182562,0.0891693,0.00207789,-0.000941465,0.0569772,0.0592689,-0.00144655,0.0895248,0.00182225,-0.00109211,0.0559673,0.0598477,-0.00141979,0.000918315,0.0105449,0.147823,0.150401,-0.0381938,-0.00845853,0.0274237,-0.000134435,0.0147836,-0.00289014,0.15207,0.0367195,0.0161357,0.0460564,4.47502e-05,0.0125403,0.0023201,-1.29861,-0.0460693,0.0297008,-13.9824,4.27143,0.030636,-1.3062,-0.0427789,0.0204177,-13.9274,4.23586,0.0109126,-0.000759142,-0.166513,-0.346084,-0.84888,1.06878,0.295088,-1.25405,-0.00147822,-0.288383,0.0331794,-0.829046,-1.07876,-0.292763,-1.21769,0.00171784,-0.281766,-0.0331546,0,0,0,0,0,0,0,0,0,0,0,0,0,0,0,0,0,0,0,0,0,0,0,0,0,0,0,0,0,2.55789,2.55789,2.55789,6.3088,6.3088,1.81445,2.55789,2.55789,1.81445,6.3088,6.3088,0.907223,0.907223,1.81445,1.81445,0.907223,0.907223,1.81445,1.81445,0.907223,0.907223,0.907223,0.907223,0.907223,0.907223,1.06814,1.06814,1.06814,1.06814,40.1792,40.1792,40.1792,99.0984,99.0984,28.5012,40.1792,40.1792,28.5012,99.0984,99.0984,14.2506,14.2506,28.5012,28.5012,14.2506,14.2506,28.5012,28.5012,14.2506,14.2506,14.2506,14.2506,14.2506,14.2506,16.7783,16.7783,16.7783,16.7783,0,0,0,0,0,0,0,0,0,0,0,0,0,0,0,0,0,0,0,0,0,0,0,0,0,0,0,0,0,0,0,0,0,0,0,0,0,0,0,0,0,0,0,0,0,0,0,0,0,0,0,0,0,0,0,0,0,0,0,0,0,0,0,0,0,0,0,0,0,0,0,0,0,0,0,0,0,0,0,0,0,0,0,0,0,0,0,0,0,0,0,0,0,0,0,0,0,0,0,0,0,0,0,0,0,0,0,0,0,0,0,0,0,0,0,0,0,-0.00547689,-0.114797,-5.54891e-06,-0.234599,-0.298247,-0.941697,1.23837,-0.970879,-0.091626,0.316691,-0.334892,0.0100862,-0.314558,-0.465041,-0.710938,-0.604002,0.0147334,0.0263535,0.0348723,0.230118,-0.447494,-0.685054,-0.494456,0.170444,0.308595,-0.11435,-0.743882,-0.397349,-0.781213,-0.644442,0.100656,-0.141167,-0.701272,0.0190942,-0.270738,0.408149,-0.636941,0.0441456,-0.642719,0.126,0.0747529,0.529665,-0.087267,-0.0619126,0.00442357,-0.0401851,-0.413007,0.0971102,0.743121,0.138893,0.2618,0.00646171,-0.196261,0.135343,0.0691959,-0.625806,-0.146876,0.565354,0.00196336,-0.0510371,-0.00851919,0.765,-0.114545,0.00544082,-0.993403,0.6,0,0,1.83611,1.29766,2.49476
-2.51416,0.431906,14.8501,-0.0068744,0.52084,-0.292799,-0.00521266,-0.113506,-0.00484376,-2.51416,0.431906,14.8501,-0.0068744,0.52084,-0.292799,-0.00521266,-0.113506,-0.00484376,-0.622063,0.00927538,-0.221495,0.372204,-0.715904,0.00954537,-0.575449,-0.00305105,0.0419463,0.525436,-0.087267,-0.0940106,-0.0148752,-0.132492,-0.153545,0.204973,0.495129,0.067865,0.2618,0.0137876,-0.0959491,0.148724,0.223453,-0.518815,-0.102856,0.583278,0.00403431,-0.0324169,-0.00145171,0,0,0,0,0,0,0,0,0,0,0,0,0,0,0,0,0,0,0,0,0,0,0,0,0,0,0,0,0,-0.300311,0.00095291,-0.0146334,0.815402,-0.431781,-0.0031252,-0.296183,0.0120699,0.00105438,0.796979,-0.392804,-0.00399563,0.0031668,-0.00275335,0.0106361,0.272447,0.129726,-0.00116611,0.592091,0.00143134,-0.000541603,0.0199062,0.246299,-0.134747,0.0199321,0.673195,0.000552282,0.00680717,0.0038913,-1.20398,-0.0682891,-1.12847,0.355147,-1.13424,-0.0384393,-0.953809,0.931639,0.244428,-0.899473,1.37114,-0.248042,0.057262,-0.644457,0.329559,1.33982,0.443272,0.579177,-3.54178,0.0614517,-1.98589,1.47668,-0.294898,-0.73432,-0.136156,0.0723803,0.0322698,-0.587972,0.101085,-13.25,0.836443,-7.62441,-42.8174,-13.2541,1.46822,-11.7,2.40042,1.75419,-21.5117,22.4382,-0.612272,-0.0835974,0.0248297,-12.7441,-3.71683,8.44163,2.98147,-3.28123,0.0151219,-1.17054,0.342254,-2.29269,-6.40738,-2.29995,-1.927,-0.0113977,-0.358505,-0.324039,0,0,0,0,0,0,0,0,0,0,0,0,0,0,0,0,0,0,0,0,0,0,0,0,0,0,0,0,0,2.55789,2.55789,2.55789,6.3088,6.3088,1.81445,2.55789,2.55789,1.81445,6.3088,6.3088,0.907223,0.907223,1.81445,1.81445,0.907223,0.907223,1.81445,1.81445,0.907223,0.907223,0.907223,0.907223,0.907223,0.907223,1.06814,1.06814,1.06814,1.06814,40.1792,40.1792,40.1792,99.0984,99.0984,28.5012,40.1792,40.1792,28.5012,99.0984,99.0984,14.2506,14.2506,28.5012,28.5012,14.2506,14.2506,28.5012,28.5012,14.2506,14.2506,14.2506,14.2506,14.2506,14.2506,16.7783,16.7783,16.7783,16.7783,0,0,0,0,0,0,0,0,0,0,0,0,0,0,0,0,0,0,0,0,0,0,0,0,0,0,0,0,0,0,0,0,0,0,0,0,0,0,0,0,0,0,0,0,0,0,0,0,0,0,0,0,0,0,0,0,0,0,0,0,0,0,0,0,0,0,0,0,0,0,0,0,0,0,0,0,0,0,0,0,0,0,0,0,0,0,0,0,0,0,0,0,0,0,0,0,0,0,0,0,0,0,0,0,0,0,0,0,0,0,0,0,0,0,0,0,0,-0.00521266,-0.113506,-0.00484376,0.0113386,0.0534745,-0.350099,0.672923,-0.72693,-0.302096,0.154739,-0.234522,-0.033917,-0.157373,-0.224459,-0.566277,-0.481145,0.031437,0.0541512,0.0169399,-0.00557223,-0.218773,-0.435121,-0.404522,0.0956418,0.339106,-0.0194858,-0.846389,-0.409409,-1.0064,-1.02079,0.0217644,-0.214354,-0.622063,0.00927538,-0.221495,0.372204,-0.715904,0.00954537,-0.575449,-0.00305105,0.0419463,0.525436,-0.087267,-0.0940106,-0.0148752,-0.132492,-0.153545,0.204973,0.495129,0.067865,0.2618,0.0137876,-0.0959491,0.148724,0.223453,-0.518815,-0.102856,0.583278,0.00403431,-0.0324169,-0.00145171,0.693,-0.113262,0.00517909,-0.993552,0.6,0,0,1.83611,1.29766,2.49476
1.16501,-0.935879,13.9626,0.0466081,0.565344,-0.0382306,-0.00449174,-0.103013,-0.00771866,1.16501,-0.935879,13.9626,0.0466081,0.565344,-0.0382306,-0.00449174,-0.103013,-0.00771866,-0.477281,-0.00488763,-0.232585,0.271781,-0.68836,0.00775819,-0.496942,0.113591,-0.0217693,0.608305,-0.087267,-0.066924,-0.00302603,-0.157807,0.0214009,0.223975,0.252679,-0.0167953,0.2618,0.028304,-0.0441444,0.102112,0.338302,-0.397959,-0.0540747,0.589402,0.00620427,-0.022692,0.000291613,0,0,0,0,0,0,0,0,0,0,0,0,0,0,0,0,0,0,0,0,0,0,0,0,0,0,0,0,0,-0.330248,-0.005716,-0.0360509,0.816117,-0.469506,-0.00491956,-0.32368,0.0278469,0.00848132,0.76904,-0.361578,-0.00752217,-0.00543458,-0.0125888,0.0282094,0.29665,0.147309,0.00432318,0.521793,0.00429615,-0.0252223,0.0516157,0.246506,-0.153543,0.0141396,0.671166,0.00148565,-0.00068674,0.00535276,-1.52717,-0.545771,-0.951359,-0.414717,-1.90417,-0.0842089,-1.5547,0.616351,0.475885,-1.74665,1.66857,-0.110258,-0.782783,-0.318378,1.12779,1.01162,1.14191,0.214801,-3.22883,0.154582,-0.87318,1.47497,0.196276,-1.08224,-0.375244,-0.189921,0.044757,-0.285526,0.0480601,-7.89431,1.84655,-5.02236,-42.0617,-12.6523,0.58034,-6.30419,-2.86153,0.161437,-13.8506,17.1328,-1.1261,0.496108,-2.78597,-7.15778,-2.2477,4.00077,1.44909,-1.59057,-0.00464359,-0.212933,0.0497729,-0.485025,-4.282,-1.35035,-1.29469,-0.00518332,-0.228463,-0.169702,0,0,0,0,0,0,0,0,0,0,0,0,0,0,0,0,0,0,0,0,0,0,0,0,0,0,0,0,0,2.55789,2.55789,2.55789,6.3088,6.3088,1.81445,2.55789,2.55789,1.81445,6.3088,6.3088,0.907223,0.907223,1.81445,1.81445,0.907223,0.907223,1.81445,1.81445,0.907223,0.907223,0.907223,0.907223,0.907223,0.907223,1.06814,1.06814,1.06814,1.06814,40.1792,40.1792,40.1792,99.0984,99.0984,28.5012,40.1792,40.1792,28.5012,99.0984,99.0984,14.2506,14.2506,28.5012,28.5012,14.2506,14.2506,28.5012,28.5012,14.2506,14.2506,14.2506,14.2506,14.2506,14.2506,16.7783,16.7783,16.7783,16.7783,0,0,0,0,0,0,0,0,0,0,0,0,0,0,0,0,0,0,0,0,0,0,0,0,0,0,0,0,0,0,0,0,0,0,0,0,0,0,0,0,0,0,0,0,0,0,0,0,0,0,0,0,0,0,0,0,0,0,0,0,0,0,0,0,0,0,0,0,0,0,0,0,0,0,0,0,0,0,0,0,0,0,0,0,0,0,0,0,0,0,0,0,0,0,0,0,0,0,0,0,0,0,0,0,0,0,0,0,0,0,0,0,0,0,0,0,0,-0.00449174,-0.103013,-0.00771866,0.0546656,0.315341,0.0487961,0.120113,-0.451367,-0.359815,-0.0382951,-0.123296,-0.00689965,-0.190941,-0.14226,-0.301857,-0.337766,0.064536,0.0832778,-0.00892641,0.207454,-0.100654,-0.304587,-0.424777,-0.0496361,0.232825,0.00391422,-1.13277,-0.173086,-0.927846,-0.845188,0.0176895,-0.152593,-0.477281,-0.00488763,-0.232585,0.271781,-0.68836,0.00775819,-0.496942,0.113591,-0.0217693,0.608305,-0.087267,-0.066924,-0.00302603,-0.157807,0.0214009,0.223975,0.252679,-0.0167953,0.2618,0.028304,-0.0441444,0.102112,0.338302,-0.397959,-0.0540747,0.589402,0.00620427,-0.022692,0.000291613,0.708,-0.102831,0.00446791,-0.994689,0.6,0,0,1.85637,1.30394,2.53978
1.39877,-1.23362,12.0996,0.110061,0.552541,0.118385,-0.00313038,-0.0917134,-0.00619769,1.39877,-1.23362,12.0996,0.110061,0.552541,0.118385,-0.00313038,-0.0917134,-0.00619769,-0.513527,0.137957,-0.316925,0.162795,-0.686168,0.0323148,-0.393292,0.181166,-0.047853,0.717506,-0.087267,-0.0476868,-0.0251636,-0.132548,0.0553104,0.226177,0.167158,-0.0570916,0.2618,0.02842,-0.00110005,0.0552389,0.346209,-0.35685,-0.0366281,0.592363,0.00690141,-0.0161487,-0.00181308,0,0,0,0,0,0,0,0,0,0,0,0,0,0,0,0,0,0,0,0,0,0,0,0,0,0,0,0,0,-0.350356,-0.0231621,-0.0493537,0.789662,-0.493491,-0.00646758,-0.355753,0.0347839,0.0232205,0.735001,-0.324466,-0.0111448,-0.0316962,-0.0113772,0.0502683,0.310865,0.174112,0.00279795,0.465755,0.00998535,-0.0297174,0.0703523,0.255357,-0.175723,0.00646121,0.664874,0.00270013,-0.00396612,0.0050171,-0.630401,-1.11615,-0.525843,-1.81374,-1.15924,-0.0422904,-1.59942,0.130929,0.798746,-1.65949,1.99858,-0.302243,-1.60587,0.30706,1.05998,0.518679,1.37524,-0.174891,-2.43516,0.297267,0.0431096,0.630277,0.598831,-1.12663,-0.357517,-0.370748,0.057065,-0.12148,-0.0319815,-3.3714,3.3778,-6.02311,-40.7445,-12.2774,0.505519,-1.68614,2.71232,-2.7514,-2.43951,11.4316,-0.603339,1.78732,-4.63547,-2.71292,-1.72266,-0.0940822,-0.246717,-1.40177,-0.00750223,-0.227349,-0.13592,0.674975,-2.18199,-0.540871,-0.890177,-0.00256644,-0.185667,-0.0450689,0,0,0,0,0,0,0,0,0,0,0,0,0,0,0,0,0,0,0,0,0,0,0,0,0,0,0,0,0,2.55789,2.55789,2.55789,6.3088,6.3088,1.81445,2.55789,2.55789,1.81445,6.3088,6.3088,0.907223,0.907223,1.81445,1.81445,0.907223,0.907223,1.81445,1.81445,0.907223,0.907223,0.907223,0.907223,0.907223,0.907223,1.06814,1.06814,1.06814,1.06814,40.1792,40.1792,40.1792,99.0984,99.0984,28.5012,40.1792,40.1792,28.5012,99.0984,99.0984,14.2506,14.2506,28.5012,28.5012,14.2506,14.2506,28.5012,28.5012,14.2506,14.2506,14.2506,14.2506,14.2506,14.2506,16.7783,16.7783,16.7783,16.7783,0,0,0,0,0,0,0,0,0,0,0,0,0,0,0,0,0,0,0,0,0,0,0,0,0,0,0,0,0,0,0,0,0,0,0,0,0,0,0,0,0,0,0,0,0,0,0,0,0,0,0,0,0,0,0,0,0,0,0,0,0,0,0,0,0,0,0,0,0,0,0,0,0,0,0,0,0,0,0,0,0,0,0,0,0,0,0,0,0,0,0,0,0,0,0,0,0,0,0,0,0,0,0,0,0,0,0,0,0,0,0,0,0,0,0,0,0,-0.00313038,-0.0917134,-0.00619769,0.0596867,0.33337,0.126113,-0.0748821,-0.357633,-0.302224,-0.130175,-0.0835157,-0.0573756,-0.196702,-0.102508,-0.368055,-0.148466,0.0648003,0.0926352,0.251954,0.330869,-0.00250822,-0.216759,-0.578809,-0.10911,0.12595,-0.0243364,-1.44357,0.138327,-0.921596,-0.568091,0.073681,-0.108731,-0.513527,0.137957,-0.316925,0.162795,-0.686168,0.0323148,-0.393292,0.181166,-0.047853,0.717506,-0.087267,-0.0476868,-0.0251636,-0.132548,0.0553104,0.226177,0.167158,-0.0570916,0.2618,0.02842,-0.00110005,0.0552389,0.346209,-0.35685,-0.0366281,0.592363,0.00690141,-0.0161487,-0.00181308,0.651,-0.0915849,0.00311722,-0.995792,0.6,0,0,1.85637,1.30394,2.53978
0.759577,-1.67727,10.0504,0.134631,0.585762,0.0591021,-0.000940093,-0.0801798,-0.00415656,0.759577,-1.67727,10.0504,0.134631,0.585762,0.0591021,-0.000940093,-0.0801798,-0.00415656,-0.605719,0.225704,-0.381082,0.106416,-0.6709,0.0738285,-0.273125,0.187129,-0.0402801,0.760239,-0.087267,-0.0520507,-0.066026,-0.0934194,0.0710953,0.230281,0.138614,-0.0699719,0.2618,0.0351987,0.025331,0.0141488,0.297413,-0.332183,-0.0220207,0.587454,0.00707286,-0.0185306,-0.00166058,0,0,0,0,0,0,0,0,0,0,0,0,0,0,0,0,0,0,0,0,0,0,0,0,0,0,0,0,0,-0.352969,-0.0483978,-0.0554856,0.74197,-0.510242,-0.00479936,-0.388769,0.0330297,0.0376392,0.709652,-0.280387,-0.0229916,-0.0682739,0.000593411,0.0671451,0.317449,0.201394,-0.0032977,0.422827,0.0149337,-0.0203275,0.0722309,0.268297,-0.197002,0.000461587,0.657929,0.00379393,-0.00494552,0.00360193,0.19,-1.35468,-0.252167,-2.66772,-0.859722,0.1362,-1.65051,-0.240817,0.571277,-1.00228,2.33374,-0.716269,-1.87647,0.751141,0.681142,0.209196,1.28676,-0.353676,-1.86984,0.217881,0.591312,-0.128663,0.665016,-1.01588,-0.250988,-0.324784,0.0476541,-0.0152179,-0.0719979,-6.78939,10.7982,-9.90594,-41.3519,-12.2577,0.829347,3.93151,6.47031,-3.5264,7.14743,4.98446,0.270751,2.27593,-5.08159,-1.58865,-1.50033,-1.64416,-0.90684,-1.19491,-0.00472363,-0.250159,-0.141877,0.526987,-1.37781,-0.298681,-0.760893,0.000816061,-0.169307,-0.0129248,0,0,0,0,0,0,0,0,0,0,0,0,0,0,0,0,0,0,0,0,0,0,0,0,0,0,0,0,0,2.55789,2.55789,2.55789,6.3088,6.3088,1.81445,2.55789,2.55789,1.81445,6.3088,6.3088,0.907223,0.907223,1.81445,1.81445,0.907223,0.907223,1.81445,1.81445,0.907223,0.907223,0.907223,0.907223,0.907223,0.907223,1.06814,1.06814,1.06814,1.06814,40.1792,40.1792,40.1792,99.0984,99.0984,28.5012,40.1792,40.1792,28.5012,99.0984,99.0984,14.2506,14.2506,28.5012,28.5012,14.2506,14.2506,28.5012,28.5012,14.2506,14.2506,14.2506,14.2506,14.2506,14.2506,16.7783,16.7783,16.7783,16.7783,0,0,0,0,0,0,0,0,0,0,0,0,0,0,0,0,0,0,0,0,0,0,0,0,0,0,0,0,0,0,0,0,0,0,0,0,0,0,0,0,0,0,0,0,0,0,0,0,0,0,0,0,0,0,0,0,0,0,0,0,0,0,0,0,0,0,0,0,0,0,0,0,0,0,0,0,0,0,0,0,0,0,0,0,0,0,0,0,0,0,0,0,0,0,0,0,0,0,0,0,0,0,0,0,0,0,0,0,0,0,0,0,0,0,0,0,0,-0.000940093,-0.0801798,-0.00415656,0.0690446,0.222112,0.162104,-0.139966,-0.30139,-0.213005,-0.159543,-0.0502093,-0.150546,-0.215267,-0.168399,-0.536427,0.070999,0.0802565,0.0949366,0.412211,0.341759,0.0577571,-0.248729,-0.695981,-0.0918427,0.0322606,-0.0222894,-1.60435,0.260192,-0.878055,-0.384545,0.168336,-0.118681,-0.605719,0.225704,-0.381082,0.106416,-0.6709,0.0738285,-0.273125,0.187129,-0.0402801,0.760239,-0.087267,-0.0520507,-0.066026,-0.0934194,0.0710953,0.230281,0.138614,-0.0699719,0.2618,0.0351987,0.025331,0.0141488,0.297413,-0.332183,-0.0220207,0.587454,0.00707286,-0.0185306,-0.00166058,0.704,-0.0800939,0.000937072,-0.996787,0.6,0,0,1.83128,1.29981,2.25135
1.6911,-2.33724,8.97702,0.129835,0.525941,-0.0715647,0.00169368,-0.0689068,-0.00440771,1.6911,-2.33724,8.97702,0.129835,0.525941,-0.0715647,0.00169368,-0.0689068,-0.00440771,-0.57018,0.358898,-0.48082,0.130358,-0.661633,0.208703,-0.299644,0.0867136,0.0407478,0.795149,-0.087267,-0.0684584,-0.090831,-0.0272505,0.0894826,0.188432,0.0966977,-0.0782229,0.2618,0.0352769,-0.0246598,-0.0154538,0.25963,-0.33244,-0.023974,0.582073,0.00675647,-0.0200448,-0.00194244,0,0,0,0,0,0,0,0,0,0,0,0,0,0,0,0,0,0,0,0,0,0,0,0,0,0,0,0,0,-0.344124,-0.0759057,-0.063122,0.683504,-0.521329,0.00313726,-0.418031,0.0285132,0.0459818,0.697471,-0.235059,-0.0349117,-0.10074,0.0165161,0.0777286,0.319948,0.224177,-0.0102206,0.390399,0.0201807,-0.00490182,0.0614781,0.280619,-0.215434,-0.00292196,0.65372,0.00462208,-0.00522872,0.00216912,0.565296,-1.34461,-0.557003,-2.99378,-0.571076,0.482258,-1.27157,-0.146075,0.293144,-0.31788,2.0625,-0.457237,-1.34904,0.770441,0.464356,0.0750027,0.998695,-0.354388,-1.38957,0.251927,0.788141,-0.650759,0.588213,-0.836699,-0.119142,-0.141998,0.0347314,0.000710992,-0.0608586,-11.8632,15.4709,-11.5089,-38.9265,-11.4075,1.16952,9.1112,6.78572,-3.02318,8.72373,-1.39819,0.207599,1.74644,-4.50019,-1.0208,-1.34795,-2.12647,-1.07845,-1.14208,-0.0138806,-0.273299,-0.0964712,-0.279924,-0.909396,-0.160002,-0.956797,0.00366528,-0.220061,0.0020894,0,0,0,0,0,0,0,0,0,0,0,0,0,0,0,0,0,0,0,0,0,0,0,0,0,0,0,0,0,2.55789,2.55789,2.55789,6.3088,6.3088,1.81445,2.55789,2.55789,1.81445,6.3088,6.3088,0.907223,0.907223,1.81445,1.81445,0.907223,0.907223,1.81445,1.81445,0.907223,0.907223,0.907223,0.907223,0.907223,0.907223,1.06814,1.06814,1.06814,1.06814,40.1792,40.1792,40.1792,99.0984,99.0984,28.5012,40.1792,40.1792,28.5012,99.0984,99.0984,14.2506,14.2506,28.5012,28.5012,14.2506,14.2506,28.5012,28.5012,14.2506,14.2506,14.2506,14.2506,14.2506,14.2506,16.7783,16.7783,16.7783,16.7783,0,0,0,0,0,0,0,0,0,0,0,0,0,0,0,0,0,0,0,0,0,0,0,0,0,0,0,0,0,0,0,0,0,0,0,0,0,0,0,0,0,0,0,0,0,0,0,0,0,0,0,0,0,0,0,0,0,0,0,0,0,0,0,0,0,0,0,0,0,0,0,0,0,0,0,0,0,0,0,0,0,0,0,0,0,0,0,0,0,0,0,0,0,0,0,0,0,0,0,0,0,0,0,0,0,0,0,0,0,0,0,0,0,0,0,0,0,0.00169368,-0.0689068,-0.00440771,-0.0263767,0.135962,0.204029,-0.23554,-0.301975,-0.0621339,-0.178356,-0.0546631,-0.207104,-0.275292,-0.24063,-0.471522,0.0225658,0.0804349,0.0906898,0.655466,0.158368,-0.0562269,-0.269055,-0.878136,0.092909,-0.0352361,-0.0260728,-1.53607,0.359746,-0.851628,-0.371894,0.475863,-0.156092,-0.57018,0.358898,-0.48082,0.130358,-0.661633,0.208703,-0.299644,0.0867136,0.0407478,0.795149,-0.087267,-0.0684584,-0.090831,-0.0272505,0.0894826,0.188432,0.0966977,-0.0782229,0.2618,0.0352769,-0.0246598,-0.0154538,0.25963,-0.33244,-0.023974,0.582073,0.00675647,-0.0200448,-0.00194244,0.64,-0.0688523,-0.00168966,-0.997625,0.6,0,0,1.80808,1.30139,2.25181
1.39797,-1.45255,8.51236,0.111093,0.444456,-0.0844327,0.00422559,-0.0592751,-0.00609795,1.39797,-1.45255,8.51236,0.111093,0.444456,-0.0844327,0.00422559,-0.0592751,-0.00609795,-0.473567,0.329864,-0.483958,0.19084,-0.518511,0.23753,-0.302193,0.102603,0.0489385,0.759517,-0.087267,-0.0891815,-0.103895,-0.0439357,0.12782,0.180022,0.15586,-0.0512154,0.2618,0.040299,-0.0275202,-0.0600597,0.252827,-0.284305,0.00555722,0.581824,0.00636337,-0.0178539,-0.00331844,0,0,0,0,0,0,0,0,0,0,0,0,0,0,0,0,0,0,0,0,0,0,0,0,0,0,0,0,0,-0.333311,-0.101023,-0.0778432,0.625037,-0.532562,0.0296739,-0.43988,0.0283556,0.0506827,0.700805,-0.197876,-0.0436777,-0.119846,0.0298286,0.087077,0.31936,0.238931,-0.016519,0.369349,0.02448,-7.18834e-05,0.0442714,0.292002,-0.230203,-0.00525786,0.651885,0.00514523,-0.00513378,0.00115176,0.49723,-1.15994,-0.960306,-2.82714,-0.572171,1.57491,-0.903538,0.11502,0.185634,0.403998,1.94288,-0.411204,-0.628611,0.55562,0.485849,-0.108782,0.516767,-0.313748,-0.890914,0.188877,0.0198316,-0.870195,0.555913,-0.66074,-0.116384,-0.0516548,0.0219325,0.00887493,-0.0452738,-10.7809,21.4287,-13.9385,-31.6026,-9.30883,2.31493,7.98166,2.1299,-0.632192,6.93669,3.90616,0.00743075,1.02694,-2.65175,-0.771849,-1.78492,-2.52654,-1.2092,-1.45632,-0.017143,-0.38133,-0.0688161,-0.952673,-0.861055,-0.163829,-1.10947,0.00359361,-0.257767,-0.00393266,0,0,0,0,0,0,0,0,0,0,0,0,0,0,0,0,0,0,0,0,0,0,0,0,0,0,0,0,0,2.55789,2.55789,2.55789,6.3088,6.3088,1.81445,2.55789,2.55789,1.81445,6.3088,6.3088,0.907223,0.907223,1.81445,1.81445,0.907223,0.907223,1.81445,1.81445,0.907223,0.907223,0.907223,0.907223,0.907223,0.907223,1.06814,1.06814,1.06814,1.06814,40.1792,40.1792,40.1792,99.0984,99.0984,28.5012,40.1792,40.1792,28.5012,99.0984,99.0984,14.2506,14.2506,28.5012,28.5012,14.2506,14.2506,28.5012,28.5012,14.2506,14.2506,14.2506,14.2506,14.2506,14.2506,16.7783,16.7783,16.7783,16.7783,0,0,0,0,0,0,0,0,0,0,0,0,0,0,0,0,0,0,0,0,0,0,0,0,0,0,0,0,0,0,0,0,0,0,0,0,0,0,0,0,0,0,0,0,0,0,0,0,0,0,0,0,0,0,0,0,0,0,0,0,0,0,0,0,0,0,0,0,0,0,0,0,0,0,0,0,0,0,0,0,0,0,0,0,0,0,0,0,0,0,0,0,0,0,0,0,0,0,0,0,0,0,0,0,0,0,0,0,0,0,0,0,0,0,0,0,0,0.00422559,-0.0592751,-0.00609795,-0.0455518,0.120451,0.291442,-0.100643,-0.192224,-0.100178,-0.116776,0.012671,-0.23689,-0.269106,-0.243975,-0.295075,0.0179113,0.0918856,0.0854133,0.602441,0.187387,-0.0627487,-0.239646,-0.883867,0.111585,-0.136942,-0.0445422,-1.36359,0.258132,-0.44348,-0.371433,0.541593,-0.203343,-0.473567,0.329864,-0.483958,0.19084,-0.518511,0.23753,-0.302193,0.102603,0.0489385,0.759517,-0.087267,-0.0891815,-0.103895,-0.0439357,0.12782,0.180022,0.15586,-0.0512154,0.2618,0.040299,-0.0275202,-0.0600597,0.252827,-0.284305,0.00555722,0.581824,0.00636337,-0.0178539,-0.00331844,0.679,-0.0592404,-0.00421816,-0.998235,0.6,0,0,1.80808,1.30139,2.25181
0.803427,-1.35086,7.31167,0.133977,0.408627,-0.0478028,0.00691482,-0.050571,-0.00736149,0.803427,-1.35086,7.31167,0.133977,0.408627,-0.0478028,0.00691482,-0.050571,-0.00736149,-0.435968,0.269004,-0.386872,0.297545,-0.476727,0.203312,-0.281436,0.100423,0.0720004,0.619266,-0.087267,-0.119038,-0.101513,-0.0607755,0.11486,0.201156,0.266862,-0.0150949,0.2618,0.0432476,0.00779182,-0.0533448,0.270562,-0.271876,0.000739499,0.58742,0.00531421,-0.0103605,-0.00930904,0,0,0,0,0,0,0,0,0,0,0,0,0,0,0,0,0,0,0,0,0,0,0,0,0,0,0,0,0,-0.324168,-0.119486,-0.105046,0.568053,-0.513099,0.0626891,-0.447876,0.0359491,0.052047,0.704498,-0.170433,-0.0543513,-0.123487,0.0340913,0.0948678,0.314191,0.24363,-0.0198212,0.353899,0.0288009,-0.000785505,0.019194,0.302255,-0.242292,-0.00568853,0.650629,0.0054659,-0.00441263,-0.000574494,0.365895,-0.714824,-1.55787,-2.55983,1.03726,1.5961,-0.104182,0.585283,0.0385973,0.0450702,1.536,-0.570678,0.0890805,0.00255328,0.36938,-0.361371,0.0722378,-0.143035,-0.699131,0.20133,-0.0557984,-1.27964,0.482711,-0.529498,0.0338258,-0.0533983,0.0113127,0.0393711,-0.0832011,-6.97189,19.9402,-11.4034,-21.3389,-7.07861,2.12443,6.21077,1.31503,-0.153432,5.02599,4.2418,0.00544196,0.240861,-2.2766,0.300924,-1.61143,-1.34015,-0.650468,-1.37216,-0.0186946,-0.333991,0.0233023,-1.13444,-0.113051,0.137208,-1.09355,0.00258019,-0.266898,0.0444105,0,0,0,0,0,0,0,0,0,0,0,0,0,0,0,0,0,0,0,0,0,0,0,0,0,0,0,0,0,2.55789,2.55789,2.55789,6.3088,6.3088,1.81445,2.55789,2.55789,1.81445,6.3088,6.3088,0.907223,0.907223,1.81445,1.81445,0.907223,0.907223,1.81445,1.81445,0.907223,0.907223,0.907223,0.907223,0.907223,0.907223,1.06814,1.06814,1.06814,1.06814,40.1792,40.1792,40.1792,99.0984,99.0984,28.5012,40.1792,40.1792,28.5012,99.0984,99.0984,14.2506,14.2506,28.5012,28.5012,14.2506,14.2506,28.5012,28.5012,14.2506,14.2506,14.2506,14.2506,14.2506,14.2506,16.7783,16.7783,16.7783,16.7783,0,0,0,0,0,0,0,0,0,0,0,0,0,0,0,0,0,0,0,0,0,0,0,0,0,0,0,0,0,0,0,0,0,0,0,0,0,0,0,0,0,0,0,0,0,0,0,0,0,0,0,0,0,0,0,0,0,0,0,0,0,0,0,0,0,0,0,0,0,0,0,0,0,0,0,0,0,0,0,0,0,0,0,0,0,0,0,0,0,0,0,0,0,0,0,0,0,0,0,0,0,0,0,0,0,0,0,0,0,0,0,0,0,0,0,0,0,0.00691482,-0.050571,-0.00736149,0.00263635,0.160889,0.261892,0.152452,-0.163884,-0.138574,-0.0344179,0.00168613,-0.231461,-0.218616,-0.168863,-0.226407,0.0558205,0.0986089,0.0713309,0.49129,0.183405,0.0177661,-0.139065,-0.706556,0.164168,-0.121632,-0.124952,-1.0593,-0.14183,-0.324323,-0.358725,0.463572,-0.271417,-0.435968,0.269004,-0.386872,0.297545,-0.476727,0.203312,-0.281436,0.100423,0.0720004,0.619266,-0.087267,-0.119038,-0.101513,-0.0607755,0.11486,0.201156,0.266862,-0.0150949,0.2618,0.0432476,0.00779182,-0.0533448,0.270562,-0.271876,0.000739499,0.58742,0.00531421,-0.0103605,-0.00930904,0.593,-0.0505494,-0.00690592,-0.998698,0.6,0,0,1.78892,1.29841,2.16575
-0.195593,-1.99819,5.53278,0.136757,0.452802,-0.0306165,0.00992107,-0.0418603,-0.00797575,-0.195593,-1.99819,5.53278,0.136757,0.452802,-0.0306165,0.00992107,-0.0418603,-0.00797575,-0.477484,0.211369,-0.280901,0.379726,-0.487882,0.161234,-0.1856,0.105356,0.101551,0.493886,-0.087267,-0.135238,-0.101854,-0.0294337,0.107892,0.244998,0.29415,-0.00437262,0.2618,0.038514,0.0503169,-0.0516674,0.255562,-0.306387,-0.0122245,0.586167,0.00535826,-0.00472023,-0.0117128,0,0,0,0,0,0,0,0,0,0,0,0,0,0,0,0,0,0,0,0,0,0,0,0,0,0,0,0,0,-0.32068,-0.12375,-0.133941,0.528781,-0.49129,0.0889865,-0.437315,0.0525775,0.0518753,0.683711,-0.152229,-0.0727876,-0.115571,0.0273994,0.0995267,0.304548,0.242906,-0.0209498,0.339398,0.0328277,0.00413002,-0.00261145,0.310673,-0.250588,-0.00578189,0.648684,0.00538408,-0.00257802,-0.00308906,-0.0138225,0.109628,-1.2083,-1.53055,1.02616,1.06418,0.800841,0.957099,0.066642,-1.55025,0.592629,-0.972426,0.544086,-0.447631,0.171279,-0.560454,-0.0468491,-0.0110453,-0.711392,0.179613,0.325795,-0.923404,0.367052,-0.302197,-0.0198901,-0.11256,-0.00595022,0.0958636,-0.13066,-4.69165,15.6138,-7.01032,-13.0924,-4.96069,1.2893,4.34246,-0.438939,0.50307,3.14404,-1.67729,0.245066,-0.257635,-1.70876,0.119102,-0.993439,0.390813,0.19523,-0.949979,-0.0151035,-0.240716,0.120199,-0.904719,-0.0115328,0.112009,-0.91228,0.00540254,-0.233306,0.0341067,0,0,0,0,0,0,0,0,0,0,0,0,0,0,0,0,0,0,0,0,0,0,0,0,0,0,0,0,0,2.55789,2.55789,2.55789,6.3088,6.3088,1.81445,2.55789,2.55789,1.81445,6.3088,6.3088,0.907223,0.907223,1.81445,1.81445,0.907223,0.907223,1.81445,1.81445,0.907223,0.907223,0.907223,0.907223,0.907223,0.907223,1.06814,1.06814,1.06814,1.06814,40.1792,40.1792,40.1792,99.0984,99.0984,28.5012,40.1792,40.1792,28.5012,99.0984,99.0984,14.2506,14.2506,28.5012,28.5012,14.2506,14.2506,28.5012,28.5012,14.2506,14.2506,14.2506,14.2506,14.2506,14.2506,16.7783,16.7783,16.7783,16.7783,0,0,0,0,0,0,0,0,0,0,0,0,0,0,0,0,0,0,0,0,0,0,0,0,0,0,0,0,0,0,0,0,0,0,0,0,0,0,0,0,0,0,0,0,0,0,0,0,0,0,0,0,0,0,0,0,0,0,0,0,0,0,0,0,0,0,0,0,0,0,0,0,0,0,0,0,0,0,0,0,0,0,0,0,0,0,0,0,0,0,0,0,0,0,0,0,0,0,0,0,0,0,0,0,0,0,0,0,0,0,0,0,0,0,0,0,0,0.00992107,-0.0418603,-0.00797575,0.1026,0.126686,0.246004,0.214671,-0.242573,-0.0671118,-0.00997002,-0.0278732,-0.232238,-0.112534,-0.185671,-0.302229,0.230848,0.0878157,0.071922,0.386029,0.192415,0.114727,-0.063358,-0.513017,0.231547,-0.117807,-0.157217,-0.824938,-0.499381,-0.356132,-0.332485,0.367629,-0.308356,-0.477484,0.211369,-0.280901,0.379726,-0.487882,0.161234,-0.1856,0.105356,0.101551,0.493886,-0.087267,-0.135238,-0.101854,-0.0294337,0.107892,0.244998,0.29415,-0.00437262,0.2618,0.038514,0.0503169,-0.0516674,0.255562,-0.306387,-0.0122245,0.586167,0.00535826,-0.00472023,-0.0117128,0.526,-0.0418481,-0.00991222,-0.999075,0.6,0,0,1.78892,1.29841,2.16575
-1.23165,-0.994457,5.50886,0.111028,0.550734,-0.0979963,0.0124917,-0.0316461,-0.00917081,-1.23165,-0.994457,5.50886,0.111028,0.550734,-0.0979963,0.0124917,-0.0316461,-0.00917081,-0.578653,0.0505448,-0.128356,0.429382,-0.564922,0.0485927,0.0177123,0.185861,0.0899401,0.386465,-0.087267,-0.12059,-0.108163,0.0234841,0.113042,0.31113,0.286155,0.00393631,0.2618,0.0437829,0.11007,-0.0187531,0.306223,-0.357455,-0.0234189,0.58964,0.0050357,-0.00346441,-0.0116238,0,0,0,0,0,0,0,0,0,0,0,0,0,0,0,0,0,0,0,0,0,0,0,0,0,0,0,0,0,-0.326125,-0.112813,-0.147669,0.512357,-0.480032,0.102226,-0.413148,0.072224,0.05615,0.63185,-0.146843,-0.0995521,-0.101971,0.0159978,0.0997363,0.292358,0.24187,-0.0197762,0.324321,0.0347337,0.0168214,-0.0177192,0.315047,-0.255501,-0.00572044,0.646526,0.00532282,0.000251668,-0.00543066,-0.48193,0.798515,-0.240508,-0.429082,0.518595,0.368404,1.29656,0.918037,0.381577,-3.0511,-0.107598,-1.41077,0.694063,-0.565665,-0.0712972,-0.642913,-0.0245463,0.0893306,-0.704537,0.0639153,0.686172,-0.628371,0.0992024,-0.198522,0.018083,-0.0991649,-0.00267336,0.145296,-0.100944,-4.99257,11.1275,-4.53068,-10.1224,-3.94716,0.932519,5.86011,-1.00309,0.696415,4.87596,6.33656,0.779317,-0.621522,-0.267265,0.332687,-0.117006,0.775338,0.288895,-0.505826,-0.0048131,-0.139628,0.0913158,-0.960042,-0.538965,-0.106509,-0.906112,0.00332706,-0.237813,0.00310087,0,0,0,0,0,0,0,0,0,0,0,0,0,0,0,0,0,0,0,0,0,0,0,0,0,0,0,0,0,2.55789,2.55789,2.55789,6.3088,6.3088,1.81445,2.55789,2.55789,1.81445,6.3088,6.3088,0.907223,0.907223,1.81445,1.81445,0.907223,0.907223,1.81445,1.81445,0.907223,0.907223,0.907223,0.907223,0.907223,0.907223,1.06814,1.06814,1.06814,1.06814,40.1792,40.1792,40.1792,99.0984,99.0984,28.5012,40.1792,40.1792,28.5012,99.0984,99.0984,14.2506,14.2506,28.5012,28.5012,14.2506,14.2506,28.5012,28.5012,14.2506,14.2506,14.2506,14.2506,14.2506,14.2506,16.7783,16.7783,16.7783,16.7783,0,0,0,0,0,0,0,0,0,0,0,0,0,0,0,0,0,0,0,0,0,0,0,0,0,0,0,0,0,0,0,0,0,0,0,0,0,0,0,0,0,0,0,0,0,0,0,0,0,0,0,0,0,0,0,0,0,0,0,0,0,0,0,0,0,0,0,0,0,0,0,0,0,0,0,0,0,0,0,0,0,0,0,0,0,0,0,0,0,0,0,0,0,0,0,0,0,0,0,0,0,0,0,0,0,0,0,0,0,0,0,0,0,0,0,0,0,0.0124917,-0.0316461,-0.00917081,0.253387,0.242199,0.257746,0.196442,-0.359012,0.0535461,0.00897518,-0.0533973,-0.246623,-0.0262881,-0.139062,-0.486997,0.602163,0.0998295,0.0675925,0.0923114,0.339443,0.25097,-0.0465016,-0.23442,0.205072,-0.0427589,-0.156022,-0.683332,-0.805719,-0.575831,-0.398678,0.110796,-0.274958,-0.578653,0.0505448,-0.128356,0.429382,-0.564922,0.0485927,0.0177123,0.185861,0.0899401,0.386465,-0.087267,-0.12059,-0.108163,0.0234841,0.113042,0.31113,0.286155,0.00393631,0.2618,0.0437829,0.11007,-0.0187531,0.306223,-0.357455,-0.0234189,0.58964,0.0050357,-0.00346441,-0.0116238,0.703,-0.0316408,-0.0124851,-0.999421,0.6,0,0,1.77487,1.29332,2.10361
0.0117141,-1.20822,6.04606,0.029734,0.583365,-0.146389,0.0139614,-0.0197532,-0.011581,0.0117141,-1.20822,6.04606,0.029734,0.583365,-0.146389,0.0139614,-0.0197532,-0.011581,-0.768904,-0.234596,0.096603,0.670278,-0.679553,-0.048491,0.217469,0.171507,0.145586,0.295755,-0.087267,-0.122566,-0.0979083,0.110382,0.109364,0.414941,0.317533,0.026381,0.2618,0.0414934,0.186069,0.0189528,0.359658,-0.363291,-0.0263853,0.597172,0.00474324,-0.00286673,-0.00956293,0,0,0,0,0,0,0,0,0,0,0,0,0,0,0,0,0,0,0,0,0,0,0,0,0,0,0,0,0,-0.337269,-0.0912376,-0.143212,0.51752,-0.490946,0.091724,-0.378778,0.08981,0.0690829,0.560538,-0.154622,-0.119205,-0.0884994,0.00537293,0.0934778,0.279582,0.241104,-0.0166996,0.309739,0.0369803,0.0393843,-0.0215065,0.315041,-0.259232,-0.00414149,0.644488,0.00525174,0.00276721,-0.00673946,-0.636814,1.23039,0.610939,0.48849,-0.546696,-0.899533,1.86286,0.808877,0.833638,-3.75255,-0.549021,-0.58972,0.612791,-0.430423,-0.378259,-0.605339,-0.0250772,0.193094,-0.64722,0.113383,1.21154,-0.00650544,-0.0323933,-0.169949,0.114046,-0.11321,-0.00467815,0.10621,-0.0430999,-8.17874,2.67339,-0.730296,-11.5358,-3.80045,0.299434,11.2836,1.78804,-0.818592,5.76618,9.88398,0.570314,-0.838168,1.338,1.22727,0.991574,0.671581,0.25661,-0.177937,-0.00588703,-0.077054,0.057164,-0.101289,-1.24423,-0.371583,-0.804569,0.00107244,-0.219772,-0.0337301,0,0,0,0,0,0,0,0,0,0,0,0,0,0,0,0,0,0,0,0,0,0,0,0,0,0,0,0,0,2.55789,2.55789,2.55789,6.3088,6.3088,1.81445,2.55789,2.55789,1.81445,6.3088,6.3088,0.907223,0.907223,1.81445,1.81445,0.907223,0.907223,1.81445,1.81445,0.907223,0.907223,0.907223,0.907223,0.907223,0.907223,1.06814,1.06814,1.06814,1.06814,40.1792,40.1792,40.1792,99.0984,99.0984,28.5012,40.1792,40.1792,28.5012,99.0984,99.0984,14.2506,14.2506,28.5012,28.5012,14.2506,14.2506,28.5012,28.5012,14.2506,14.2506,14.2506,14.2506,14.2506,14.2506,16.7783,16.7783,16.7783,16.7783,0,0,0,0,0,0,0,0,0,0,0,0,0,0,0,0,0,0,0,0,0,0,0,0,0,0,0,0,0,0,0,0,0,0,0,0,0,0,0,0,0,0,0,0,0,0,0,0,0,0,0,0,0,0,0,0,0,0,0,0,0,0,0,0,0,0,0,0,0,0,0,0,0,0,0,0,0,0,0,0,0,0,0,0,0,0,0,0,0,0,0,0,0,0,0,0,0,0,0,0,0,0,0,0,0,0,0,0,0,0,0,0,0,0,0,0,0,0.0139614,-0.0197532,-0.011581,0.490088,0.364037,0.249361,0.267987,-0.37232,0.251682,0.0601513,-0.0601612,-0.223241,0.143958,-0.0379542,-0.834457,0.966985,0.0946091,0.0636669,-0.428449,0.313228,0.424257,-0.0384792,0.176429,0.331951,0.0432143,-0.12836,0.00364409,-1.0644,-0.902731,-0.623984,-0.110564,-0.279462,-0.768904,-0.234596,0.096603,0.670278,-0.679553,-0.048491,0.217469,0.171507,0.145586,0.295755,-0.087267,-0.122566,-0.0979083,0.110382,0.109364,0.414941,0.317533,0.026381,0.2618,0.0414934,0.186069,0.0189528,0.359658,-0.363291,-0.0263853,0.597172,0.00474324,-0.00286673,-0.00956293,0.922,-0.0197519,-0.0139582,-0.999707,0.6,0,0,1.75373,1.28368,2.04927
-0.436855,0.411158,3.38207,-0.0611918,0.578399,-0.175213,0.0135255,-0.0080674,-0.0148161,-0.436855,0.411158,3.38207,-0.0611918,0.578399,-0.175213,0.0135255,-0.0080674,-0.0148161,-0.935636,-0.459818,0.194291,1.36066,-0.795912,-0.0360672,0.191055,-0.183925,0.327514,0.128206,-0.087267,-0.230734,-0.0765843,0.284793,0.129659,0.550809,0.472352,0.0965288,0.2618,0.0348503,0.12808,0.0505255,0.357118,-0.21756,0.0139999,0.608336,0.00265759,-0.0165752,0.00896505,0,0,0,0,0,0,0,0,0,0,0,0,0,0,0,0,0,0,0,0,0,0,0,0,0,0,0,0,0,-0.363284,-0.0647653,-0.120974,0.55811,-0.537456,0.0641347,-0.337045,0.104079,0.0901057,0.477792,-0.173464,-0.125511,-0.0723448,-0.00185354,0.0860829,0.271024,0.240854,-0.0108781,0.29282,0.0382274,0.0734545,-0.0141149,0.315314,-0.263408,-0.00151203,0.639355,0.0051427,0.00380775,-0.00672656,-1.60534,1.38128,1.60259,2.45217,-2.22379,-1.6941,2.18093,0.62121,1.20917,-4.2725,-1.22587,-0.124296,0.87771,-0.282894,-0.376945,-0.319789,0.0181388,0.342886,-0.798327,0.0447304,1.72608,0.494656,0.0525228,-0.241229,0.118636,-0.338156,-0.00555287,0.00353175,0.0137135,-12.3768,-10.2254,5.0852,-4.11889,0.261029,-0.340004,16.8624,1.11454,-0.518379,8.14854,15.7516,0.186285,-1.13625,3.72158,1.326,2.34925,1.08421,0.462734,0.582406,0.00598684,0.0503365,0.0357022,0.593126,-1.21967,-0.464538,-0.369541,-0.000752094,-0.124998,-0.0617425,0,0,0,0,0,0,0,0,0,0,0,0,0,0,0,0,0,0,0,0,0,0,0,0,0,0,0,0,0,2.55789,2.55789,2.55789,6.3088,6.3088,1.81445,2.55789,2.55789,1.81445,6.3088,6.3088,0.907223,0.907223,1.81445,1.81445,0.907223,0.907223,1.81445,1.81445,0.907223,0.907223,0.907223,0.907223,0.907223,0.907223,1.06814,1.06814,1.06814,1.06814,40.1792,40.1792,40.1792,99.0984,99.0984,28.5012,40.1792,40.1792,28.5012,99.0984,99.0984,14.2506,14.2506,28.5012,28.5012,14.2506,14.2506,28.5012,28.5012,14.2506,14.2506,14.2506,14.2506,14.2506,14.2506,16.7783,16.7783,16.7783,16.7783,0,0,0,0,0,0,0,0,0,0,0,0,0,0,0,0,0,0,0,0,0,0,0,0,0,0,0,0,0,0,0,0,0,0,0,0,0,0,0,0,0,0,0,0,0,0,0,0,0,0,0,0,0,0,0,0,0,0,0,0,0,0,0,0,0,0,0,0,0,0,0,0,0,0,0,0,0,0,0,0,0,0,0,0,0,0,0,0,0,0,0,0,0,0,0,0,0,0,0,0,0,0,0,0,0,0,0,0,0,0,0,0,0,0,0,0,0,0.0135255,-0.0080674,-0.0148161,0.799878,0.358245,0.295634,0.62099,-0.0400379,0.649357,0.220095,0.0319211,-0.17462,0.342701,0.111892,-1.13896,0.918744,0.0794622,0.0356719,-0.839779,-0.335907,0.292035,-0.222483,0.354839,0.746765,0.115203,0.120335,1.97245,-1.54221,-1.23456,-1.40214,-0.0822369,-0.526097,-0.935636,-0.459818,0.194291,1.36066,-0.795912,-0.0360672,0.191055,-0.183925,0.327514,0.128206,-0.087267,-0.230734,-0.0765843,0.284793,0.129659,0.550809,0.472352,0.0965288,0.2618,0.0348503,0.12808,0.0505255,0.357118,-0.21756,0.0139999,0.608336,0.00265759,-0.0165752,0.00896505,0.672,-0.00806731,-0.0135247,-0.999876,0.6,0,0,1.75373,1.28368,2.04927
-4.90293,4.52223,17.5109,0.0153748,0.687284,-0.35307,0.0127088,0.00352092,-0.0198019,-4.90293,4.52223,17.5109,0.0153748,0.687284,-0.35307,0.0127088,0.00352092,-0.0198019,-0.831406,-0.0761932,-0.038922,1.46586,-0.660398,-0.00619342,-0.101679,-0.44354,0.459532,0.0906464,-0.087267,-0.291123,-0.0789322,0.211949,0.181185,0.378857,0.427774,0.0693812,0.2618,0.0438327,-0.0259103,0.084029,0.235957,-0.161819,0.0136613,0.583811,-0.00226328,-0.0505845,0.0336726,0,0,0,0,0,0,0,0,0,0,0,0,0,0,0,0,0,0,0,0,0,0,0,0,0,0,0,0,0,-0.441964,-0.0402963,-0.0943836,0.714464,-0.606076,0.0371781,-0.305022,0.116422,0.09948,0.391782,-0.19154,-0.0846252,-0.0418875,-0.0177789,0.0875103,0.271227,0.238858,0.00231121,0.281091,0.0371892,0.0904358,-0.000873476,0.314272,-0.26897,-0.0013036,0.637117,0.00445183,2.19893e-05,-0.00328176,-4.62977,1.59159,1.09107,10.0199,-2.97137,-1.10711,0.805964,1.06843,-0.653845,-3.3627,0.850324,2.48352,1.40341,-1.50858,-0.0354079,0.12352,-0.281617,0.827994,-0.165999,-0.0619963,0.461604,0.742876,-0.380657,-0.253122,-0.113696,0.352885,-0.0402318,-0.198862,0.187548,-8.11288,-20.5814,8.77374,2.97673,0.0478324,-0.0693737,17.6117,-14.3381,7.2429,-3.6547,7.22408,-4.75101,-1.8129,11.0687,1.05286,3.8948,3.56146,1.24007,-0.154364,0.0233879,0.134565,0.080905,0.867796,0.981788,0.299847,-0.73691,0.0125625,-0.0404864,0.00121371,0,0,0,0,0,0,0,0,0,0,0,0,0,0,0,0,0,0,0,0,0,0,0,0,0,0,0,0,0,2.55789,2.55789,2.55789,6.3088,6.3088,1.81445,2.55789,2.55789,1.81445,6.3088,6.3088,0.907223,0.907223,1.81445,1.81445,0.907223,0.907223,1.81445,1.81445,0.907223,0.907223,0.907223,0.907223,0.907223,0.907223,1.06814,1.06814,1.06814,1.06814,40.1792,40.1792,40.1792,99.0984,99.0984,28.5012,40.1792,40.1792,28.5012,99.0984,99.0984,14.2506,14.2506,28.5012,28.5012,14.2506,14.2506,28.5012,28.5012,14.2506,14.2506,14.2506,14.2506,14.2506,14.2506,16.7783,16.7783,16.7783,16.7783,0,0,0,0,0,0,0,0,0,0,0,0,0,0,0,0,0,0,0,0,0,0,0,0,0,0,0,0,0,0,0,0,0,0,0,0,0,0,0,0,0,0,0,0,0,0,0,0,0,0,0,0,0,0,0,0,0,0,0,0,0,0,0,0,0,0,0,0,0,0,0,0,0,0,0,0,0,0,0,0,0,0,0,0,0,0,0,0,0,0,0,0,0,0,0,0,0,0,0,0,0,0,0,0,0,0,0,0,0,0,0,0,0,0,0,0,0,0.0127088,0.00352092,-0.0198019,0.407813,0.0819863,0.41312,0.519347,0.0870572,0.483266,0.158196,0.0311491,-0.179973,0.0415401,-0.217303,-0.948606,0.384116,0.0999428,-0.0303792,-0.139154,-0.81005,-0.059078,-0.678979,-0.0710843,1.04778,0.191594,0.451975,2.27245,-1.64932,-0.848107,-1.85106,-0.0141216,-0.663789,-0.831406,-0.0761932,-0.038922,1.46586,-0.660398,-0.00619342,-0.101679,-0.44354,0.459532,0.0906464,-0.087267,-0.291123,-0.0789322,0.211949,0.181185,0.378857,0.427774,0.0693812,0.2618,0.0438327,-0.0259103,0.084029,0.235957,-0.161819,0.0136613,0.583811,-0.00226328,-0.0505845,0.0336726,0.652,0.00352091,-0.0127084,-0.999913,0.6,0,0,1.72136,1.27149,2.0181
1.71884,-1.65683,12.7153,-0.237934,0.457735,-0.39966,0.0108742,0.0149358,-0.0272578,1.71884,-1.65683,12.7153,-0.237934,0.457735,-0.39966,0.0108742,0.0149358,-0.0272578,-0.820252,0.0754121,-0.16462,1.39589,-0.594312,-0.00501348,-0.284822,-0.464161,0.44971,0.0906179,-0.087267,-0.294573,-0.0578605,-0.0202105,0.116306,0.197625,0.338231,0.0305319,0.2618,0.0103076,-0.0975631,0.199836,0.223288,-0.282201,-0.0215646,0.57888,-0.00495586,-0.0562354,0.0392031,0,0,0,0,0,0,0,0,0,0,0,0,0,0,0,0,0,0,0,0,0,0,0,0,0,0,0,0,0,-0.53023,-0.0088052,-0.0860381,0.911003,-0.621935,0.0240479,-0.301374,0.146349,0.0800274,0.342497,-0.158805,-0.069266,-0.023712,-0.0494005,0.0894241,0.277848,0.236842,0.0131232,0.287055,0.0382423,0.0730877,0.019892,0.304826,-0.267627,-0.0070405,0.64997,0.00257492,-0.00637768,0.00478657,-3.91186,1.40346,0.12813,9.12629,-0.532895,-0.487918,-0.0152936,1.59989,-0.806611,-1.99656,1.83111,-0.0235878,0.520402,-1.30338,0.119633,0.530328,0.0797406,0.423274,0.305925,0.0789375,-1.28952,1.03193,-0.504015,0.362358,-0.295099,0.731201,-0.0915951,-0.304985,0.419577,-2.02053,-6.33755,1.53256,-2.23953,-0.449941,0.0267076,8.05658,-27.7052,12.3713,-12.3055,-4.13771,-3.2305,-1.31317,9.92659,2.38858,1.01068,2.6896,0.83745,-1.30619,0.00894846,-0.276604,-0.0198564,-0.538443,1.24999,0.568679,-1.86507,0.017441,-0.406944,0.0358649,0,0,0,0,0,0,0,0,0,0,0,0,0,0,0,0,0,0,0,0,0,0,0,0,0,0,0,0,0,2.55789,2.55789,2.55789,6.3088,6.3088,1.81445,2.55789,2.55789,1.81445,6.3088,6.3088,0.907223,0.907223,1.81445,1.81445,0.907223,0.907223,1.81445,1.81445,0.907223,0.907223,0.907223,0.907223,0.907223,0.907223,1.06814,1.06814,1.06814,1.06814,40.1792,40.1792,40.1792,99.0984,99.0984,28.5012,40.1792,40.1792,28.5012,99.0984,99.0984,14.2506,14.2506,28.5012,28.5012,14.2506,14.2506,28.5012,28.5012,14.2506,14.2506,14.2506,14.2506,14.2506,14.2506,16.7783,16.7783,16.7783,16.7783,0,0,0,0,0,0,0,0,0,0,0,0,0,0,0,0,0,0,0,0,0,0,0,0,0,0,0,0,0,0,0,0,0,0,0,0,0,0,0,0,0,0,0,0,0,0,0,0,0,0,0,0,0,0,0,0,0,0,0,0,0,0,0,0,0,0,0,0,0,0,0,0,0,0,0,0,0,0,0,0,0,0,0,0,0,0,0,0,0,0,0,0,0,0,0,0,0,0,0,0,0,0,0,0,0,0,0,0,0,0,0,0,0,0,0,0,0,0.0108742,0.0149358,-0.0272578,-0.00541629,0.0530987,0.26519,0.315181,-0.187426,-0.0460819,0.0696158,-0.0491694,-0.131928,-0.191096,-0.283481,-0.928235,0.0496366,0.0235023,-0.0665208,0.137727,-0.847711,-0.222454,-0.754829,-0.30065,1.02538,0.455645,0.52621,2.07292,-1.6494,-0.659646,-1.90267,-0.0114312,-0.671655,-0.820252,0.0754121,-0.16462,1.39589,-0.594312,-0.00501348,-0.284822,-0.464161,0.44971,0.0906179,-0.087267,-0.294573,-0.0578605,-0.0202105,0.116306,0.197625,0.338231,0.0305319,0.2618,0.0103076,-0.0975631,0.199836,0.223288,-0.282201,-0.0215646,0.57888,-0.00495586,-0.0562354,0.0392031,0.648,0.0149352,-0.0108728,-0.999829,0.6,0,0,1.72136,1.27149,2.0181
0.70932,0.0765205,9.74293,-0.320891,0.321643,-0.215212,0.00492872,0.0220588,-0.033012,0.70932,0.0765205,9.74293,-0.320891,0.321643,-0.215212,0.00492872,0.0220588,-0.033012,-0.87281,0.0245054,-0.141611,1.34358,-0.552641,0.0290036,-0.255655,-0.537825,0.456871,0.105673,-0.087267,-0.328521,-0.0422253,-0.0751022,0.122647,0.145147,0.276617,0.00904964,0.2618,-0.00718602,-0.119449,0.238886,0.228478,-0.37798,-0.0572013,0.583802,-0.00431494,-0.0449148,0.0363144,0,0,0,0,0,0,0,0,0,0,0,0,0,0,0,0,0,0,0,0,0,0,0,0,0,0,0,0,0,-0.596799,0.0121828,-0.0910305,1.0587,-0.614288,0.0154866,-0.305309,0.176072,0.0695853,0.307132,-0.12436,-0.0744008,-0.020851,-0.0693009,0.0953465,0.287181,0.240672,0.0143385,0.297525,0.0320118,0.0377934,0.0617157,0.299299,-0.258472,-0.0112715,0.658539,0.000543305,-0.0126318,0.0136077,-2.88442,0.809285,-0.457991,6.10489,0.383127,-0.369381,-0.297053,1.37823,-0.310997,-1.61228,1.58625,-0.33847,-0.100078,-0.774827,0.364713,0.396433,0.174805,0.00701119,0.489814,-0.371767,-1.78157,2.27216,-0.14763,0.484206,-0.11925,0.213418,-0.0935748,-0.328902,0.416838,-1.58981,0.419549,-1.8784,-5.44142,-0.459326,0.0889804,1.53166,-29.2087,11.4612,-11.4003,-6.23672,-2.84645,-0.479129,2.85195,-0.0424288,-1.63912,1.22953,0.466753,-1.93034,0.0270633,-0.326705,-0.0728349,-0.939146,-0.757981,-0.0239307,-1.59448,0.00760364,-0.391857,-0.013148,0,0,0,0,0,0,0,0,0,0,0,0,0,0,0,0,0,0,0,0,0,0,0,0,0,0,0,0,0,2.55789,2.55789,2.55789,6.3088,6.3088,1.81445,2.55789,2.55789,1.81445,6.3088,6.3088,0.907223,0.907223,1.81445,1.81445,0.907223,0.907223,1.81445,1.81445,0.907223,0.907223,0.907223,0.907223,0.907223,0.907223,1.06814,1.06814,1.06814,1.06814,40.1792,40.1792,40.1792,99.0984,99.0984,28.5012,40.1792,40.1792,28.5012,99.0984,99.0984,14.2506,14.2506,28.5012,28.5012,14.2506,14.2506,28.5012,28.5012,14.2506,14.2506,14.2506,14.2506,14.2506,14.2506,16.7783,16.7783,16.7783,16.7783,0,0,0,0,0,0,0,0,0,0,0,0,0,0,0,0,0,0,0,0,0,0,0,0,0,0,0,0,0,0,0,0,0,0,0,0,0,0,0,0,0,0,0,0,0,0,0,0,0,0,0,0,0,0,0,0,0,0,0,0,0,0,0,0,0,0,0,0,0,0,0,0,0,0,0,0,0,0,0,0,0,0,0,0,0,0,0,0,0,0,0,0,0,0,0,0,0,0,0,0,0,0,0,0,0,0,0,0,0,0,0,0,0,0,0,0,0,0.00492872,0.0220588,-0.033012,-0.12507,0.0649335,0.279648,0.174694,-0.405813,-0.171241,0.0206341,-0.130425,-0.0962778,-0.235658,-0.217423,-1.02422,0.102905,-0.0163848,-0.057918,0.044755,-0.982246,-0.272356,-0.602876,-0.258628,1.04171,0.544684,0.487436,1.92374,-1.60647,-0.54081,-1.66661,0.0661312,-0.749061,-0.87281,0.0245054,-0.141611,1.34358,-0.552641,0.0290036,-0.255655,-0.537825,0.456871,0.105673,-0.087267,-0.328521,-0.0422253,-0.0751022,0.122647,0.145147,0.276617,0.00904964,0.2618,-0.00718602,-0.119449,0.238886,0.228478,-0.37798,-0.0572013,0.583802,-0.00431494,-0.0449148,0.0363144,0.852,0.022057,-0.0049275,-0.999745,0.6,0,0,1.68361,1.25751,2.04414
-0.420614,1.26729,9.85947,-0.288963,0.328321,-0.02373,-0.00134568,0.02825,-0.0350944,-0.420614,1.26729,9.85947,-0.288963,0.328321,-0.02373,-0.00134568,0.02825,-0.0350944,-0.890631,-0.0241571,-0.0916605,1.32294,-0.501982,0.0388005,-0.218027,-0.50735,0.426124,0.149451,-0.087267,-0.35063,-0.027322,-0.0451555,0.171522,0.13512,0.319611,0.0233526,0.2618,-0.00700328,-0.0952021,0.220517,0.21471,-0.380309,-0.0652918,0.585395,-0.00238141,-0.0379216,0.0328423,0,0,0,0,0,0,0,0,0,0,0,0,0,0,0,0,0,0,0,0,0,0,0,0,0,0,0,0,0,-0.64599,0.0211518,-0.100799,1.1508,-0.597228,0.0173092,-0.313752,0.198252,0.0660744,0.279286,-0.0971713,-0.0811897,-0.0257257,-0.0795599,0.103917,0.291252,0.242003,0.0126035,0.307724,0.0217764,0.00365052,0.109184,0.298071,-0.25013,-0.0129488,0.660066,-0.000878508,-0.0169207,0.0208963,-2.15621,0.191472,-0.496699,3.60709,0.766497,0.190794,-0.477226,0.910912,-0.113174,-1.24591,1.20006,-0.316417,-0.311496,-0.3598,0.419535,0.0436381,-0.0635858,-0.0980961,0.448084,-0.499936,-1.53963,2.21224,-0.0306569,0.329869,-0.0635832,0.00329662,-0.0596982,-0.167258,0.318607,-3.61804,-0.456193,-0.405831,-4.05841,-0.437536,-0.00931047,3.50615,-31.9249,11.3532,-9.4211,-6.54395,-3.23972,0.0293396,0.802941,-0.226129,-2.15154,0.522507,0.0760088,-2.13769,0.0396451,-0.358835,-0.154728,-0.964438,-2.13075,-0.571558,-1.29574,0.00603205,-0.292588,-0.0817399,0,0,0,0,0,0,0,0,0,0,0,0,0,0,0,0,0,0,0,0,0,0,0,0,0,0,0,0,0,2.55789,2.55789,2.55789,6.3088,6.3088,1.81445,2.55789,2.55789,1.81445,6.3088,6.3088,0.907223,0.907223,1.81445,1.81445,0.907223,0.907223,1.81445,1.81445,0.907223,0.907223,0.907223,0.907223,0.907223,0.907223,1.06814,1.06814,1.06814,1.06814,40.1792,40.1792,40.1792,99.0984,99.0984,28.5012,40.1792,40.1792,28.5012,99.0984,99.0984,14.2506,14.2506,28.5012,28.5012,14.2506,14.2506,28.5012,28.5012,14.2506,14.2506,14.2506,14.2506,14.2506,14.2506,16.7783,16.7783,16.7783,16.7783,0,0,0,0,0,0,0,0,0,0,0,0,0,0,0,0,0,0,0,0,0,0,0,0,0,0,0,0,0,0,0,0,0,0,0,0,0,0,0,0,0,0,0,0,0,0,0,0,0,0,0,0,0,0,0,0,0,0,0,0,0,0,0,0,0,0,0,0,0,0,0,0,0,0,0,0,0,0,0,0,0,0,0,0,0,0,0,0,0,0,0,0,0,0,0,0,0,0,0,0,0,0,0,0,0,0,0,0,0,0,0,0,0,0,0,0,0,-0.00134568,0.02825,-0.0350944,-0.147933,0.0335393,0.391087,0.272725,-0.411123,-0.102959,0.0532462,-0.148872,-0.0622969,-0.221233,-0.196042,-1.05677,0.171626,-0.0159682,-0.0319649,-0.0441189,-0.926588,-0.21707,-0.509009,-0.167402,0.971604,0.502801,0.440831,1.86488,-1.48163,-0.396343,-1.41152,0.0884691,-0.799471,-0.890631,-0.0241571,-0.0916605,1.32294,-0.501982,0.0388005,-0.218027,-0.50735,0.426124,0.149451,-0.087267,-0.35063,-0.027322,-0.0451555,0.171522,0.13512,0.319611,0.0233526,0.2618,-0.00700328,-0.0952021,0.220517,0.21471,-0.380309,-0.0652918,0.585395,-0.00238141,-0.0379216,0.0328423,0.709,0.0282463,0.00134515,-0.9996,0.6,0,0,1.68361,1.25751,2.04414
-0.823984,1.22478,9.73027,-0.274647,0.340468,0.0759457,-0.00768189,0.0354267,-0.0343766,-0.823984,1.22478,9.73027,-0.274647,0.340468,0.0759457,-0.00768189,0.0354267,-0.0343766,-0.859582,-0.0441328,-0.10428,1.22067,-0.45154,0.0305077,-0.186665,-0.444748,0.393103,0.176066,-0.087267,-0.350964,-0.0178673,-0.0308874,0.186498,0.192332,0.373868,0.050799,0.2618,-0.000997348,-0.0694269,0.181036,0.234127,-0.331091,-0.0638417,0.588035,-0.000189793,-0.0361701,0.0305431,0,0,0,0,0,0,0,0,0,0,0,0,0,0,0,0,0,0,0,0,0,0,0,0,0,0,0,0,0,-0.687221,0.0202417,-0.106613,1.20791,-0.569304,0.0235851,-0.328295,0.212873,0.0651505,0.26066,-0.0771753,-0.0881077,-0.0335678,-0.0821999,0.113607,0.288204,0.238886,0.0119079,0.314544,0.0126335,-0.0193777,0.144743,0.296042,-0.244371,-0.0148652,0.660805,-0.00153376,-0.0182941,0.0260971,-1.64437,-0.19738,-0.134818,1.96202,1.11644,0.269751,-0.706994,0.509623,-0.034301,-0.631995,0.731079,-0.279421,-0.346147,-0.0120747,0.391126,-0.29974,-0.19134,-0.0263263,0.254066,-0.35571,-0.785965,1.28169,-0.15344,0.18578,-0.107036,0.0410787,-0.0204807,-0.0170651,0.186071,-3.98961,-1.35855,0.972379,-1.20949,-0.386835,-0.0569585,6.19544,-30.2586,10.3388,-7.00735,-5.63151,-3.48581,0.400319,1.09055,0.930248,-1.94604,1.30897,0.367088,-1.96599,0.0427352,-0.359617,-0.0899688,-1.03565,-2.11739,-0.626508,-1.31042,0.00774747,-0.308497,-0.0873321,0,0,0,0,0,0,0,0,0,0,0,0,0,0,0,0,0,0,0,0,0,0,0,0,0,0,0,0,0,2.55789,2.55789,2.55789,6.3088,6.3088,1.81445,2.55789,2.55789,1.81445,6.3088,6.3088,0.907223,0.907223,1.81445,1.81445,0.907223,0.907223,1.81445,1.81445,0.907223,0.907223,0.907223,0.907223,0.907223,0.907223,1.06814,1.06814,1.06814,1.06814,40.1792,40.1792,40.1792,99.0984,99.0984,28.5012,40.1792,40.1792,28.5012,99.0984,99.0984,14.2506,14.2506,28.5012,28.5012,14.2506,14.2506,28.5012,28.5012,14.2506,14.2506,14.2506,14.2506,14.2506,14.2506,16.7783,16.7783,16.7783,16.7783,0,0,0,0,0,0,0,0,0,0,0,0,0,0,0,0,0,0,0,0,0,0,0,0,0,0,0,0,0,0,0,0,0,0,0,0,0,0,0,0,0,0,0,0,0,0,0,0,0,0,0,0,0,0,0,0,0,0,0,0,0,0,0,0,0,0,0,0,0,0,0,0,0,0,0,0,0,0,0,0,0,0,0,0,0,0,0,0,0,0,0,0,0,0,0,0,0,0,0,0,0,0,0,0,0,0,0,0,0,0,0,0,0,0,0,0,0,-0.00768189,0.0354267,-0.0343766,-0.0174837,0.0778121,0.425233,0.396437,-0.298902,-0.0704265,0.115827,-0.145565,-0.0407391,-0.144676,-0.160607,-1.00006,0.228904,-0.00227405,-0.00254753,-0.080601,-0.812256,-0.1583,-0.485499,-0.19045,0.896314,0.412779,0.409969,1.57323,-1.40573,-0.252493,-1.48243,0.0695606,-0.800232,-0.859582,-0.0441328,-0.10428,1.22067,-0.45154,0.0305077,-0.186665,-0.444748,0.393103,0.176066,-0.087267,-0.350964,-0.0178673,-0.0308874,0.186498,0.192332,0.373868,0.050799,0.2618,-0.000997348,-0.0694269,0.181036,0.234127,-0.331091,-0.0638417,0.588035,-0.000189793,-0.0361701,0.0305431,0.691,0.0347377,0.00713338,-0.999371,0.6,0,0,1.66055,1.25765,2.07183
-0.20352,0.858543,9.624,-0.28738,0.356527,0.0323484,-0.0128372,0.0418959,-0.0335325,-0.20352,0.858543,9.624,-0.28738,0.356527,0.0323484,-0.0128372,0.0418959,-0.0335325,-0.784538,-0.0452736,-0.133563,1.08804,-0.389981,0.0371894,-0.203512,-0.391614,0.340962,0.189013,-0.087267,-0.349319,-0.020582,-0.0384471,0.177622,0.229687,0.377866,0.0660766,0.2618,-0.00155952,-0.0626457,0.143876,0.229193,-0.293291,-0.0489183,0.589076,0.000813896,-0.0371774,0.0316111,0,0,0,0,0,0,0,0,0,0,0,0,0,0,0,0,0,0,0,0,0,0,0,0,0,0,0,0,0,-0.708705,0.0136852,-0.108036,1.22356,-0.540325,0.0259221,-0.339928,0.219322,0.0649187,0.252847,-0.0671423,-0.0926583,-0.0383131,-0.0799238,0.11807,0.281997,0.23529,0.0144787,0.31659,0.0084236,-0.0273354,0.156351,0.29131,-0.240407,-0.0183094,0.662108,-0.00148243,-0.018061,0.0284141,-0.90676,-0.470566,-0.0916064,0.191068,1.46014,0.0825313,-0.597015,0.277884,-0.0335114,-0.332892,0.455589,-0.212467,-0.185166,0.170004,0.173785,-0.364828,-0.165839,0.175085,0.0524535,-0.185532,-0.285338,0.376311,-0.310632,0.228035,-0.233639,0.0448765,0.0110475,0.0277509,0.0915914,-3.69381,-1.2038,0.350386,-2.14767,-0.441872,-0.020218,7.66465,-27.3968,9.38896,-5.48854,-4.89246,-3.48344,0.472587,1.09044,1.62524,-0.961323,2.13016,0.715098,-1.66838,0.0345325,-0.33294,-0.0030421,-0.546947,-1.49819,-0.445984,-1.30462,0.0107882,-0.332971,-0.0659092,0,0,0,0,0,0,0,0,0,0,0,0,0,0,0,0,0,0,0,0,0,0,0,0,0,0,0,0,0,2.55789,2.55789,2.55789,6.3088,6.3088,1.81445,2.55789,2.55789,1.81445,6.3088,6.3088,0.907223,0.907223,1.81445,1.81445,0.907223,0.907223,1.81445,1.81445,0.907223,0.907223,0.907223,0.907223,0.907223,0.907223,1.06814,1.06814,1.06814,1.06814,40.1792,40.1792,40.1792,99.0984,99.0984,28.5012,40.1792,40.1792,28.5012,99.0984,99.0984,14.2506,14.2506,28.5012,28.5012,14.2506,14.2506,28.5012,28.5012,14.2506,14.2506,14.2506,14.2506,14.2506,14.2506,16.7783,16.7783,16.7783,16.7783,0,0,0,0,0,0,0,0,0,0,0,0,0,0,0,0,0,0,0,0,0,0,0,0,0,0,0,0,0,0,0,0,0,0,0,0,0,0,0,0,0,0,0,0,0,0,0,0,0,0,0,0,0,0,0,0,0,0,0,0,0,0,0,0,0,0,0,0,0,0,0,0,0,0,0,0,0,0,0,0,0,0,0,0,0,0,0,0,0,0,0,0,0,0,0,0,0,0,0,0,0,0,0,0,0,0,0,0,0,0,0,0,0,0,0,0,0,-0.0128372,0.0418959,-0.0335325,0.0676887,0.066562,0.404996,0.405552,-0.212713,-0.0876631,0.150661,-0.111539,-0.0469291,-0.093116,-0.146632,-0.863009,0.198135,-0.00355586,0.0109246,-0.0826845,-0.715215,-0.142838,-0.499019,-0.243929,0.777428,0.328051,0.424305,1.19499,-1.36881,-0.0769432,-1.39012,0.0847955,-0.796483,-0.784538,-0.0452736,-0.133563,1.08804,-0.389981,0.0371894,-0.203512,-0.391614,0.340962,0.189013,-0.087267,-0.349319,-0.020582,-0.0384471,0.177622,0.229687,0.377866,0.0660766,0.2618,-0.00155952,-0.0626457,0.143876,0.229193,-0.293291,-0.0489183,0.589076,0.000813896,-0.0371774,0.0316111,0.667,0.0418837,0.0128256,-0.99904,0.6,0,0,1.64368,1.24841,2.08
0.217925,1.04613,8.7288,-0.282337,0.358243,-0.0767977,-0.0187636,0.0493214,-0.0343744,0.217925,1.04613,8.7288,-0.282337,0.358243,-0.0767977,-0.0187636,0.0493214,-0.0343744,-0.684054,-0.0504244,-0.110602,0.908611,-0.350824,0.054902,-0.292881,-0.384131,0.316749,0.1845,-0.087267,-0.335173,-0.0249702,-0.0666051,0.139298,0.227047,0.372606,0.0930621,0.2618,-0.00574499,-0.0486708,0.152785,0.253546,-0.3031,-0.0374832,0.59269,3.65794e-06,-0.0391526,0.0353744,0,0,0,0,0,0,0,0,0,0,0,0,0,0,0,0,0,0,0,0,0,0,0,0,0,0,0,0,0,-0.715524,0.0017986,-0.111822,1.20135,-0.499894,0.0286763,-0.349165,0.223235,0.0636284,0.248855,-0.0608389,-0.0970692,-0.0391439,-0.0756094,0.117889,0.275349,0.23266,0.0207226,0.31611,0.00524445,-0.0310136,0.154254,0.28283,-0.235375,-0.0221863,0.662926,-0.00104728,-0.0178169,0.0297086,-0.0370987,-0.641297,-0.32344,-1.79363,1.7909,0.140972,-0.394008,0.193595,-0.130684,-0.141367,0.234092,-0.219389,0.066147,0.160837,-0.0720592,-0.291017,-0.0760484,0.307515,-0.0715636,-0.138879,-0.141807,-0.245719,-0.453984,0.242585,-0.153425,-0.0334862,0.0229328,0.00336476,0.0529712,-2.59751,-0.299163,-0.15364,-0.701216,-0.437139,-0.0105914,6.84543,-25.1572,8.09592,-5.03229,-4.12402,-3.39837,0.225066,0.727333,1.8286,-0.386681,2.14811,0.728832,-1.4368,0.0295879,-0.323125,0.0676591,-0.363927,-1.0453,-0.238344,-1.22917,0.00702525,-0.333044,-0.024405,0,0,0,0,0,0,0,0,0,0,0,0,0,0,0,0,0,0,0,0,0,0,0,0,0,0,0,0,0,2.55789,2.55789,2.55789,6.3088,6.3088,1.81445,2.55789,2.55789,1.81445,6.3088,6.3088,0.907223,0.907223,1.81445,1.81445,0.907223,0.907223,1.81445,1.81445,0.907223,0.907223,0.907223,0.907223,0.907223,0.907223,1.06814,1.06814,1.06814,1.06814,40.1792,40.1792,40.1792,99.0984,99.0984,28.5012,40.1792,40.1792,28.5012,99.0984,99.0984,14.2506,14.2506,28.5012,28.5012,14.2506,14.2506,28.5012,28.5012,14.2506,14.2506,14.2506,14.2506,14.2506,14.2506,16.7783,16.7783,16.7783,16.7783,0,0,0,0,0,0,0,0,0,0,0,0,0,0,0,0,0,0,0,0,0,0,0,0,0,0,0,0,0,0,0,0,0,0,0,0,0,0,0,0,0,0,0,0,0,0,0,0,0,0,0,0,0,0,0,0,0,0,0,0,0,0,0,0,0,0,0,0,0,0,0,0,0,0,0,0,0,0,0,0,0,0,0,0,0,0,0,0,0,0,0,0,0,0,0,0,0,0,0,0,0,0,0,0,0,0,0,0,0,0,0,0,0,0,0,0,0,-0.0187636,0.0493214,-0.0343744,0.0616704,0.122091,0.317614,0.39356,-0.235078,-0.151866,0.212191,-0.0854654,-0.0569346,-0.0464856,-0.098125,-0.679493,0.0349185,-0.0130991,4.90992e-05,-0.0920916,-0.70155,-0.110974,-0.525533,-0.201996,0.722219,0.348364,0.474818,0.683312,-1.38168,0.0347231,-1.44705,0.125182,-0.764229,-0.684054,-0.0504244,-0.110602,0.908611,-0.350824,0.054902,-0.292881,-0.384131,0.316749,0.1845,-0.087267,-0.335173,-0.0249702,-0.0666051,0.139298,0.227047,0.372606,0.0930621,0.2618,-0.00574499,-0.0486708,0.152785,0.253546,-0.3031,-0.0374832,0.59269,3.65794e-06,-0.0391526,0.0353744,0.751,0.0493014,0.0187397,-0.998608,0.6,0,0,1.64368,1.24841,2.08
0.351648,1.43667,8.12167,-0.247425,0.350223,-0.149356,-0.0244751,0.0564146,-0.0371686,0.351648,1.43667,8.12167,-0.247425,0.350223,-0.149356,-0.0244751,0.0564146,-0.0371686,-0.560877,-0.0609204,-0.0759984,0.752438,-0.327817,0.0913324,-0.399578,-0.382653,0.258999,0.191941,-0.087267,-0.295243,-0.0151468,-0.0302964,0.142065,0.209758,0.357988,0.100514,0.2618,-0.000318302,-0.0528067,0.141461,0.289711,-0.273977,-0.0199759,0.592293,-0.000597188,-0.0437934,0.0413361,0,0,0,0,0,0,0,0,0,0,0,0,0,0,0,0,0,0,0,0,0,0,0,0,0,0,0,0,0,-0.705531,-0.00991496,-0.11595,1.13692,-0.459387,0.0352789,-0.356811,0.226087,0.0622261,0.248767,-0.0576917,-0.099651,-0.0374581,-0.0713462,0.115268,0.270123,0.230787,0.0306384,0.314527,0.00220921,-0.0311133,0.150888,0.273296,-0.230982,-0.0224197,0.661368,-0.000799155,-0.0187938,0.0312218,0.752178,-0.51565,-0.21492,-3.89767,1.76368,0.34098,-0.390723,0.167522,-0.106051,0.0366597,0.125177,-0.071142,0.111649,0.131228,-0.127353,-0.240289,-0.0847885,0.540022,-0.0882113,-0.149821,0.0585745,-0.0903993,-0.431464,0.168086,0.0705164,-0.196806,0.00875123,-0.0747005,0.0863632,-0.960956,-0.297974,0.697259,0.959598,-0.407459,-0.0584446,3.52561,-24.8853,7.39674,-6.59952,-3.71847,-3.28618,0.0886115,-0.169361,0.921928,-0.399079,2.10107,0.815505,-1.35511,0.0212384,-0.298585,0.117393,0.111989,-1.18987,-0.268047,-0.982421,0.00405335,-0.271591,-0.0192502,0,0,0,0,0,0,0,0,0,0,0,0,0,0,0,0,0,0,0,0,0,0,0,0,0,0,0,0,0,2.55789,2.55789,2.55789,6.3088,6.3088,1.81445,2.55789,2.55789,1.81445,6.3088,6.3088,0.907223,0.907223,1.81445,1.81445,0.907223,0.907223,1.81445,1.81445,0.907223,0.907223,0.907223,0.907223,0.907223,0.907223,1.06814,1.06814,1.06814,1.06814,40.1792,40.1792,40.1792,99.0984,99.0984,28.5012,40.1792,40.1792,28.5012,99.0984,99.0984,14.2506,14.2506,28.5012,28.5012,14.2506,14.2506,28.5012,28.5012,14.2506,14.2506,14.2506,14.2506,14.2506,14.2506,16.7783,16.7783,16.7783,16.7783,0,0,0,0,0,0,0,0,0,0,0,0,0,0,0,0,0,0,0,0,0,0,0,0,0,0,0,0,0,0,0,0,0,0,0,0,0,0,0,0,0,0,0,0,0,0,0,0,0,0,0,0,0,0,0,0,0,0,0,0,0,0,0,0,0,0,0,0,0,0,0,0,0,0,0,0,0,0,0,0,0,0,0,0,0,0,0,0,0,0,0,0,0,0,0,0,0,0,0,0,0,0,0,0,0,0,0,0,0,0,0,0,0,0,0,0,0,-0.0244751,0.0564146,-0.0371686,0.0222481,0.204549,0.323921,0.360229,-0.168674,-0.0690787,0.229182,-0.0455471,-0.0345362,-0.0152008,-0.103446,-0.454531,-0.159946,-0.00072576,-0.00801585,-0.111261,-0.69885,-0.120405,-0.587824,-0.138798,0.590544,0.322545,0.55484,0.237944,-1.36045,0.100333,-1.49926,0.208247,-0.673184,-0.560877,-0.0609204,-0.0759984,0.752438,-0.327817,0.0913324,-0.399578,-0.382653,0.258999,0.191941,-0.087267,-0.295243,-0.0151468,-0.0302964,0.142065,0.209758,0.357988,0.100514,0.2618,-0.000318302,-0.0528067,0.141461,0.289711,-0.273977,-0.0199759,0.592293,-0.000597188,-0.0437934,0.0413361,0.828,0.0563847,0.0244337,-0.99811,0.6,0,0,1.62566,1.23016,2.08428
0.326508,1.3483,7.68205,-0.244694,0.291158,-0.0917744,-0.0297675,0.0625609,-0.0398712,0.326508,1.3483,7.68205,-0.244694,0.291158,-0.0917744,-0.0297675,0.0625609,-0.0398712,-0.455083,-0.0883643,-0.0396288,0.674907,-0.316644,0.110917,-0.440899,-0.384017,0.265232,0.193447,-0.087267,-0.268555,0.000815596,-0.0250873,0.173246,0.197457,0.356047,0.0884825,0.2618,0.0017229,-0.0658617,0.109779,0.296641,-0.232638,-0.00907287,0.590539,-0.00014335,-0.0426779,0.0406273,0,0,0,0,0,0,0,0,0,0,0,0,0,0,0,0,0,0,0,0,0,0,0,0,0,0,0,0,0,-0.683528,-0.0178543,-0.116096,1.03755,-0.423568,0.0494792,-0.367946,0.228673,0.0605262,0.253802,-0.0570479,-0.0980406,-0.0364327,-0.0675646,0.114925,0.265283,0.229883,0.0423351,0.313579,0.000903494,-0.030593,0.147271,0.266982,-0.227258,-0.0195778,0.656141,-0.000773687,-0.0218012,0.03371,1.23702,-0.297731,0.0268688,-5.33068,1.5429,0.722845,-0.642987,0.165179,-0.170024,0.324875,-0.0126416,0.149469,0.0557622,0.107029,0.0556592,-0.250408,-0.0149702,0.553622,-0.0592404,-0.0401834,0.0166068,-0.185105,-0.199721,0.170565,0.18535,-0.362839,0.00041156,-0.17974,0.132187,1.85681,-0.929825,1.50601,4.51096,-0.283123,-0.119039,0.298233,-24.9114,5.89035,-8.11823,-2.97716,-2.94998,0.264628,0.795406,0.694314,-0.574361,1.84356,0.658001,-1.38655,0.0193087,-0.333301,0.0859783,0.520899,-0.82423,-0.164339,-0.720459,0.00261538,-0.188067,-0.0103284,0,0,0,0,0,0,0,0,0,0,0,0,0,0,0,0,0,0,0,0,0,0,0,0,0,0,0,0,0,2.55789,2.55789,2.55789,6.3088,6.3088,1.81445,2.55789,2.55789,1.81445,6.3088,6.3088,0.907223,0.907223,1.81445,1.81445,0.907223,0.907223,1.81445,1.81445,0.907223,0.907223,0.907223,0.907223,0.907223,0.907223,1.06814,1.06814,1.06814,1.06814,40.1792,40.1792,40.1792,99.0984,99.0984,28.5012,40.1792,40.1792,28.5012,99.0984,99.0984,14.2506,14.2506,28.5012,28.5012,14.2506,14.2506,28.5012,28.5012,14.2506,14.2506,14.2506,14.2506,14.2506,14.2506,16.7783,16.7783,16.7783,16.7783,0,0,0,0,0,0,0,0,0,0,0,0,0,0,0,0,0,0,0,0,0,0,0,0,0,0,0,0,0,0,0,0,0,0,0,0,0,0,0,0,0,0,0,0,0,0,0,0,0,0,0,0,0,0,0,0,0,0,0,0,0,0,0,0,0,0,0,0,0,0,0,0,0,0,0,0,0,0,0,0,0,0,0,0,0,0,0,0,0,0,0,0,0,0,0,0,0,0,0,0,0,0,0,0,0,0,0,0,0,0,0,0,0,0,0,0,0,-0.0297675,0.0625609,-0.0398712,-0.00579785,0.22035,0.395018,0.355802,-0.0744187,-0.0572016,0.201749,-0.020687,0.00185964,-0.00996897,-0.126997,-0.261317,-0.235413,0.00392839,-0.00192414,-0.161382,-0.701341,-0.150171,-0.572851,-0.0723753,0.604756,0.250308,0.545326,0.0168451,-1.35616,0.132195,-1.52286,0.252902,-0.612331,-0.455083,-0.0883643,-0.0396288,0.674907,-0.316644,0.110917,-0.440899,-0.384017,0.265232,0.193447,-0.087267,-0.268555,0.000815596,-0.0250873,0.173246,0.197457,0.356047,0.0884825,0.2618,0.0017229,-0.0658617,0.109779,0.296641,-0.232638,-0.00907287,0.590539,-0.00014335,-0.0426779,0.0406273,0.661,0.0625201,0.0297049,-0.997602,0.6,0,0,1.62566,1.23016,2.08428
0.236694,1.37914,7.85502,-0.225848,0.237134,-0.0157328,-0.0346097,0.0678074,-0.0409687,0.236694,1.37914,7.85502,-0.225848,0.237134,-0.0157328,-0.0346097,0.0678074,-0.0409687,-0.334085,-0.109616,-0.0433891,0.589924,-0.318588,0.130552,-0.50537,-0.389325,0.286088,0.223262,-0.087267,-0.238776,0.0143146,-0.0351757,0.183777,0.192709,0.356187,0.0871288,0.2618,-0.00128497,-0.0834068,0.0826017,0.331724,-0.24124,-0.0161686,0.590384,5.95369e-05,-0.0376387,0.0371811,0,0,0,0,0,0,0,0,0,0,0,0,0,0,0,0,0,0,0,0,0,0,0,0,0,0,0,0,0,-0.654435,-0.0208799,-0.112661,0.927477,-0.394769,0.0662065,-0.381104,0.233463,0.0560849,0.261853,-0.0588377,-0.096088,-0.0359461,-0.0671484,0.116457,0.259535,0.231308,0.0505712,0.313299,0.000582064,-0.0327503,0.138198,0.264614,-0.222915,-0.0162659,0.648854,-0.000690949,-0.0251396,0.0356374,1.51262,-0.0439038,0.217413,-5.30761,1.23768,0.776624,-0.662921,0.327413,-0.321499,0.407631,-0.127103,0.0386213,0.0407116,-0.112827,0.113309,-0.298831,0.115385,0.300386,-0.0312094,-0.00256541,-0.145078,-0.528283,-0.0541105,0.234761,0.160303,-0.367399,0.00570641,-0.15224,0.0788777,4.23047,-2.54664,2.38834,8.08333,-0.0890814,-0.137882,-0.763348,-25.5611,6.46569,-9.31882,-2.0648,-2.50106,0.498563,1.32302,1.4373,-0.623351,1.67937,0.518615,-1.43012,0.0201518,-0.345832,0.0647459,0.515466,-0.345486,-0.0382211,-0.598259,0.00329144,-0.134821,-9.42132e-05,0,0,0,0,0,0,0,0,0,0,0,0,0,0,0,0,0,0,0,0,0,0,0,0,0,0,0,0,0,2.55789,2.55789,2.55789,6.3088,6.3088,1.81445,2.55789,2.55789,1.81445,6.3088,6.3088,0.907223,0.907223,1.81445,1.81445,0.907223,0.907223,1.81445,1.81445,0.907223,0.907223,0.907223,0.907223,0.907223,0.907223,1.06814,1.06814,1.06814,1.06814,40.1792,40.1792,40.1792,99.0984,99.0984,28.5012,40.1792,40.1792,28.5012,99.0984,99.0984,14.2506,14.2506,28.5012,28.5012,14.2506,14.2506,28.5012,28.5012,14.2506,14.2506,14.2506,14.2506,14.2506,14.2506,16.7783,16.7783,16.7783,16.7783,0,0,0,0,0,0,0,0,0,0,0,0,0,0,0,0,0,0,0,0,0,0,0,0,0,0,0,0,0,0,0,0,0,0,0,0,0,0,0,0,0,0,0,0,0,0,0,0,0,0,0,0,0,0,0,0,0,0,0,0,0,0,0,0,0,0,0,0,0,0,0,0,0,0,0,0,0,0,0,0,0,0,0,0,0,0,0,0,0,0,0,0,0,0,0,0,0,0,0,0,0,0,0,0,0,0,0,0,0,0,0,0,0,0,0,0,0,-0.0346097,0.0678074,-0.0409687,-0.0166245,0.300344,0.419029,0.356121,-0.0940321,-0.0802041,0.198662,-0.036866,0.0326388,0.000323494,-0.129079,-0.0403338,-0.353157,-0.00292985,0.000799144,-0.200195,-0.711037,-0.190176,-0.505211,-0.0792428,0.65231,0.18834,0.499069,-0.225504,-1.27113,0.126653,-1.56446,0.297671,-0.544433,-0.334085,-0.109616,-0.0433891,0.589924,-0.318588,0.130552,-0.50537,-0.389325,0.286088,0.223262,-0.087267,-0.238776,0.0143146,-0.0351757,0.183777,0.192709,0.356187,0.0871288,0.2618,-0.00128497,-0.0834068,0.0826017,0.331724,-0.24124,-0.0161686,0.590384,5.95369e-05,-0.0376387,0.0371811,0.66,0.0677555,0.0345233,-0.997104,0.6,0,0,1.60866,1.21299,2.07665
0.195117,1.42295,8.04696,-0.210925,0.203852,0.0344354,-0.0390744,0.0723235,-0.0408548,0.195117,1.42295,8.04696,-0.210925,0.203852,0.0344354,-0.0390744,0.0723235,-0.0408548,-0.20287,-0.13609,-0.0558529,0.462807,-0.346547,0.153748,-0.577343,-0.343328,0.269871,0.305111,-0.087267,-0.176584,0.0223372,-0.0678892,0.188687,0.194022,0.355279,0.0857479,0.2618,-0.00136792,-0.108278,0.0572652,0.402198,-0.255756,-0.0167735,0.5904,0.000668197,-0.0320979,0.030855,0,0,0,0,0,0,0,0,0,0,0,0,0,0,0,0,0,0,0,0,0,0,0,0,0,0,0,0,0,-0.618723,-0.0215682,-0.107766,0.820925,-0.374272,0.0835898,-0.395516,0.240958,0.0500368,0.274894,-0.0641725,-0.0954035,-0.0367889,-0.0698548,0.11809,0.2529,0.234199,0.0555494,0.313118,-0.000119396,-0.0388337,0.123421,0.26484,-0.217433,-0.0136628,0.641593,-0.000563813,-0.0269193,0.0363828,1.88011,-0.0312252,0.180145,-5.06856,0.867964,0.805882,-0.757299,0.437519,-0.349199,0.749576,-0.330853,0.0300574,-0.0652671,-0.224125,0.0993757,-0.338261,0.150612,0.190728,-0.0340948,-0.0346541,-0.344327,-0.757209,0.0761109,0.275771,0.119067,-0.357469,0.00696862,-0.0661217,0.0224064,6.75881,-3.44789,2.08458,8.81537,0.024822,-0.124841,-2.55176,-26.3609,7.29904,-9.69351,-0.294677,-2.0714,0.789874,1.32275,1.71731,-0.559932,1.60387,0.543222,-1.41995,0.0160637,-0.330593,0.0989813,0.898747,-0.585216,-0.140783,-0.484604,0.00317547,-0.110847,-0.0105048,0,0,0,0,0,0,0,0,0,0,0,0,0,0,0,0,0,0,0,0,0,0,0,0,0,0,0,0,0,2.55789,2.55789,2.55789,6.3088,6.3088,1.81445,2.55789,2.55789,1.81445,6.3088,6.3088,0.907223,0.907223,1.81445,1.81445,0.907223,0.907223,1.81445,1.81445,0.907223,0.907223,0.907223,0.907223,0.907223,0.907223,1.06814,1.06814,1.06814,1.06814,40.1792,40.1792,40.1792,99.0984,99.0984,28.5012,40.1792,40.1792,28.5012,99.0984,99.0984,14.2506,14.2506,28.5012,28.5012,14.2506,14.2506,28.5012,28.5012,14.2506,14.2506,14.2506,14.2506,14.2506,14.2506,16.7783,16.7783,16.7783,16.7783,0,0,0,0,0,0,0,0,0,0,0,0,0,0,0,0,0,0,0,0,0,0,0,0,0,0,0,0,0,0,0,0,0,0,0,0,0,0,0,0,0,0,0,0,0,0,0,0,0,0,0,0,0,0,0,0,0,0,0,0,0,0,0,0,0,0,0,0,0,0,0,0,0,0,0,0,0,0,0,0,0,0,0,0,0,0,0,0,0,0,0,0,0,0,0,0,0,0,0,0,0,0,0,0,0,0,0,0,0,0,0,0,0,0,0,0,0,-0.0390744,0.0723235,-0.0408548,-0.0136294,0.461033,0.430226,0.354052,-0.12713,-0.154794,0.195514,-0.0382452,0.0509311,-0.0267519,-0.128854,0.199307,-0.484604,-0.00311899,0.00896899,-0.248544,-0.62703,-0.246885,-0.43084,-0.102006,0.615333,0.13057,0.414157,-0.588012,-1.03772,0.0469203,-1.61219,0.350561,-0.402629,-0.20287,-0.13609,-0.0558529,0.462807,-0.346547,0.153748,-0.577343,-0.343328,0.269871,0.305111,-0.087267,-0.176584,0.0223372,-0.0678892,0.188687,0.194022,0.355279,0.0857479,0.2618,-0.00136792,-0.108278,0.0572652,0.402198,-0.255756,-0.0167735,0.5904,0.000668197,-0.0320979,0.030855,0.583,0.0722605,0.0389623,-0.996624,0.6,0,0,1.59447,1.19785,2.05957
0.209373,1.71327,7.49578,-0.176462,0.177899,0.0782813,-0.0430718,0.0763388,-0.0397997,0.209373,1.71327,7.49578,-0.176462,0.177899,0.0782813,-0.0430718,0.0763388,-0.0397997,-0.108357,-0.193415,-0.0594187,0.291625,-0.450299,0.139263,-0.606014,-0.14127,0.19722,0.45117,-0.087267,-0.0820927,0.0299453,-0.123428,0.197195,0.21337,0.354193,0.0722616,0.2618,0.00234257,-0.103388,0.0440771,0.517017,-0.296364,-0.0265875,0.590894,0.00387445,-0.0230686,0.0161531,0,0,0,0,0,0,0,0,0,0,0,0,0,0,0,0,0,0,0,0,0,0,0,0,0,0,0,0,0,-0.572663,-0.0242627,-0.105548,0.712716,-0.366371,0.102352,-0.414453,0.249954,0.0454015,0.300659,-0.0760248,-0.0937851,-0.0417809,-0.0729264,0.11918,0.245762,0.237612,0.0586989,0.312596,-0.000729162,-0.049797,0.105321,0.268995,-0.211981,-0.0106489,0.632944,-0.000282671,-0.0272769,0.0354092,2.46176,-0.18921,-0.0510186,-5.31687,0.291666,0.880887,-1.04684,0.505477,-0.251409,1.51508,-0.708987,0.100579,-0.312263,-0.229493,0.0712235,-0.350929,0.16073,0.111916,-0.0622352,-0.019848,-0.595057,-0.889052,0.325833,0.233568,0.168031,-0.475915,0.0143113,-0.0197637,-0.0592583,8.74563,-4.02286,2.02083,8.38868,0.104688,-0.132665,-3.97714,-25.0378,6.79292,-8.77938,3.1809,-1.26873,1.19162,0.474689,1.87951,-0.425623,1.52906,0.557529,-1.35839,0.0105491,-0.304925,0.116637,1.63267,-0.840585,-0.233924,-0.221398,0.000616295,-0.0657524,-0.0119896,0,0,0,0,0,0,0,0,0,0,0,0,0,0,0,0,0,0,0,0,0,0,0,0,0,0,0,0,0,2.55789,2.55789,2.55789,6.3088,6.3088,1.81445,2.55789,2.55789,1.81445,6.3088,6.3088,0.907223,0.907223,1.81445,1.81445,0.907223,0.907223,1.81445,1.81445,0.907223,0.907223,0.907223,0.907223,0.907223,0.907223,1.06814,1.06814,1.06814,1.06814,40.1792,40.1792,40.1792,99.0984,99.0984,28.5012,40.1792,40.1792,28.5012,99.0984,99.0984,14.2506,14.2506,28.5012,28.5012,14.2506,14.2506,28.5012,28.5012,14.2506,14.2506,14.2506,14.2506,14.2506,14.2506,16.7783,16.7783,16.7783,16.7783,0,0,0,0,0,0,0,0,0,0,0,0,0,0,0,0,0,0,0,0,0,0,0,0,0,0,0,0,0,0,0,0,0,0,0,0,0,0,0,0,0,0,0,0,0,0,0,0,0,0,0,0,0,0,0,0,0,0,0,0,0,0,0,0,0,0,0,0,0,0,0,0,0,0,0,0,0,0,0,0,0,0,0,0,0,0,0,0,0,0,0,0,0,0,0,0,0,0,0,0,0,0,0,0,0,0,0,0,0,0,0,0,0,0,0,0,0,-0.0430718,0.0763388,-0.0397997,0.0304859,0.72283,0.449625,0.351575,-0.21972,-0.281429,0.164764,-0.0606221,0.0682782,-0.0679392,-0.122233,0.371919,-0.536966,0.0053413,0.0520054,-0.35324,-0.258006,-0.235736,-0.309642,-0.108518,0.449682,0.1005,0.216818,-1.07618,-0.621198,-0.248955,-1.48181,0.317533,-0.187179,-0.108357,-0.193415,-0.0594187,0.291625,-0.450299,0.139263,-0.606014,-0.14127,0.19722,0.45117,-0.087267,-0.0820927,0.0299453,-0.123428,0.197195,0.21337,0.354193,0.0722616,0.2618,0.00234257,-0.103388,0.0440771,0.517017,-0.296364,-0.0265875,0.590894,0.00387445,-0.0230686,0.0161531,0.605,0.0762646,0.0429331,-0.996163,0.6,0,0,1.59447,1.19785,2.05957
-1.30746,-3.8301,17.7534,-0.514938,0.503555,0.0577252,-0.0510069,0.0844424,-0.0383884,-1.30746,-3.8301,17.7534,-0.514938,0.503555,0.0577252,-0.0510069,0.0844424,-0.0383884,-0.096095,0.126946,-0.522234,-0.0709905,-0.952438,-0.00150893,-0.6585,0.365032,0.024296,0.648678,-0.087267,-0.0106042,0.0232593,-0.359171,0.209018,0.215123,0.22393,-0.000374438,0.2618,0.0015748,-0.132154,0.119065,0.554293,-0.444906,-0.0772155,0.585847,0.00688128,-0.0226065,0.000135424,0,0,0,0,0,0,0,0,0,0,0,0,0,0,0,0,0,0,0,0,0,0,0,0,0,0,0,0,0,-0.547041,-0.055079,-0.109109,0.657979,-0.350347,0.129045,-0.44156,0.238979,0.0549775,0.350337,-0.0979641,-0.0900227,-0.0497549,-0.0472317,0.113421,0.233723,0.246128,0.0603745,0.316626,-0.00026659,-0.0586668,0.0882183,0.272013,-0.19838,-0.00740276,0.631956,0.000603694,-0.0253561,0.031038,1.22319,-2.14687,0.168797,-1.93862,0.292366,1.16295,-1.19599,-1.17142,1.12245,2.80903,-1.21008,0.227119,-0.537224,2.23983,-0.640344,-0.659848,0.557055,0.0612993,0.303351,0.0320417,-0.281539,-0.784654,0.135084,0.921883,0.233483,0.0841765,0.04713,0.196472,-0.237389,14.7312,-0.415692,1.78529,-24.3483,-12.1964,-1.86115,-3.45691,-12.6101,2.28358,-7.30995,8.53925,-0.0829083,1.59322,-5.86654,3.42525,0.305118,1.05914,0.223495,-2.08946,0.00835198,-0.361607,0.0805448,3.3921,-2.18289,-0.456442,-0.777986,0.00443012,-0.152236,0.00655538,0,0,0,0,0,0,0,0,0,0,0,0,0,0,0,0,0,0,0,0,0,0,0,0,0,0,0,0,0,2.55789,2.55789,2.55789,6.3088,6.3088,1.81445,2.55789,2.55789,1.81445,6.3088,6.3088,0.907223,0.907223,1.81445,1.81445,0.907223,0.907223,1.81445,1.81445,0.907223,0.907223,0.907223,0.907223,0.907223,0.907223,1.06814,1.06814,1.06814,1.06814,40.1792,40.1792,40.1792,99.0984,99.0984,28.5012,40.1792,40.1792,28.5012,99.0984,99.0984,14.2506,14.2506,28.5012,28.5012,14.2506,14.2506,28.5012,28.5012,14.2506,14.2506,14.2506,14.2506,14.2506,14.2506,16.7783,16.7783,16.7783,16.7783,0,0,0,0,0,0,0,0,0,0,0,0,0,0,0,0,0,0,0,0,0,0,0,0,0,0,0,0,0,0,0,0,0,0,0,0,0,0,0,0,0,0,0,0,0,0,0,0,0,0,0,0,0,0,0,0,0,0,0,0,0,0,0,0,0,0,0,0,0,0,0,0,0,0,0,0,0,0,0,0,0,0,0,0,0,0,0,0,0,0,0,0,0,0,0,0,0,0,0,0,0,0,0,0,0,0,0,0,0,0,0,0,0,0,0,0,0,-0.0510069,0.0844424,-0.0383884,0.0344815,0.807822,0.476581,0.0545619,-0.55841,-0.818947,-0.000853756,-0.176059,0.0530335,-0.302529,-0.189974,0.394314,-0.632823,0.0035907,0.092365,0.231846,0.666669,-0.301324,-0.303439,-0.953772,0.0553973,0.27148,0.00181774,-2.11027,-0.0579532,-1.68093,-0.773509,-0.00344052,-0.0241787,-0.096095,0.126946,-0.522234,-0.0709905,-0.952438,-0.00150893,-0.6585,0.365032,0.024296,0.648678,-0.087267,-0.0106042,0.0232593,-0.359171,0.209018,0.215123,0.22393,-0.000374438,0.2618,0.0015748,-0.132154,0.119065,0.554293,-0.444906,-0.0772155,0.585847,0.00688128,-0.0226065,0.000135424,0.868,0.0843421,0.0508031,-0.995141,0.6,0,0,1.58121,1.18378,2.04464
4.55785,0.00488686,17.9704,-0.253353,0.112664,-0.190089,-0.0593855,0.0906017,-0.0397543,4.55785,0.00488686,17.9704,-0.253353,0.112664,-0.190089,-0.0593855,0.0906017,-0.0397543,-0.12695,0.639968,-0.993397,-0.0989385,-0.847863,0.164062,-0.804351,0.222895,0.0246507,1.0243,-0.087267,-0.112411,-0.0689606,-0.324483,0.177386,0.17266,0.20832,0.0156967,0.2618,0.00798963,-0.166728,0.0605965,0.35783,-0.436399,-0.0527951,0.582331,0.0071734,-0.00801793,0.00108256,0,0,0,0,0,0,0,0,0,0,0,0,0,0,0,0,0,0,0,0,0,0,0,0,0,0,0,0,0,-0.514461,-0.113537,-0.111641,0.628954,-0.437075,0.124675,-0.468292,0.205661,0.082384,0.414938,-0.114021,-0.0828362,-0.0652036,0.00915348,0.103488,0.225859,0.256133,0.0523704,0.327882,-0.000164559,-0.0666372,0.0925496,0.280137,-0.180243,-0.000939573,0.633639,0.00196814,-0.0209048,0.0250325,2.19531,-3.28934,-0.427887,-2.17529,-5.12395,-0.758473,-1.37883,-1.89292,1.32175,3.32103,-0.279752,0.41768,-0.873412,2.94626,-0.315049,-0.0565278,0.268831,-0.530373,0.590329,0.00158583,-0.359195,0.493628,0.656841,0.787304,0.37214,0.0130166,0.065137,0.218488,-0.278061,11.6821,17.7248,-15.6169,-57.3836,-19.6516,-2.30879,-4.19573,11.0419,-4.04627,2.64165,5.19171,0.661391,2.02758,-15.7269,3.64613,-0.0254959,-0.75672,-0.571994,-2.95537,0.0229709,-0.599801,-0.0609947,3.3828,-4.49985,-1.40922,-0.845189,0.0126461,-0.26195,-0.116425,0,0,0,0,0,0,0,0,0,0,0,0,0,0,0,0,0,0,0,0,0,0,0,0,0,0,0,0,0,2.55789,2.55789,2.55789,6.3088,6.3088,1.81445,2.55789,2.55789,1.81445,6.3088,6.3088,0.907223,0.907223,1.81445,1.81445,0.907223,0.907223,1.81445,1.81445,0.907223,0.907223,0.907223,0.907223,0.907223,0.907223,1.06814,1.06814,1.06814,1.06814,40.1792,40.1792,40.1792,99.0984,99.0984,28.5012,40.1792,40.1792,28.5012,99.0984,99.0984,14.2506,14.2506,28.5012,28.5012,14.2506,14.2506,28.5012,28.5012,14.2506,14.2506,14.2506,14.2506,14.2506,14.2506,16.7783,16.7783,16.7783,16.7783,0,0,0,0,0,0,0,0,0,0,0,0,0,0,0,0,0,0,0,0,0,0,0,0,0,0,0,0,0,0,0,0,0,0,0,0,0,0,0,0,0,0,0,0,0,0,0,0,0,0,0,0,0,0,0,0,0,0,0,0,0,0,0,0,0,0,0,0,0,0,0,0,0,0,0,0,0,0,0,0,0,0,0,0,0,0,0,0,0,0,0,0,0,0,0,0,0,0,0,0,0,0,0,0,0,0,0,0,0,0,0,0,0,0,0,0,0,-0.0593855,0.0906017,-0.0397543,-0.0623391,0.359868,0.404458,0.0189703,-0.539012,-0.739854,0.03579,-0.120378,-0.157237,-0.527861,-0.237171,0.337961,-0.899194,0.0182171,0.0962861,1.16879,0.40708,-0.380157,-0.107622,-1.81427,0.056206,0.138166,0.0145309,-2.18997,1.01323,-1.38271,-0.252996,0.374077,-0.256309,-0.12695,0.639968,-0.993397,-0.0989385,-0.847863,0.164062,-0.804351,0.222895,0.0246507,1.0243,-0.087267,-0.112411,-0.0689606,-0.324483,0.177386,0.17266,0.20832,0.0156967,0.2618,0.00798963,-0.166728,0.0605965,0.35783,-0.436399,-0.0527951,0.582331,0.0071734,-0.00801793,0.00108256,0.74,0.0904778,0.0591072,-0.994143,0.6,0,0,1.58121,1.18378,2.04464
2.76344,2.81885,14.9059,0.303179,-0.100664,-0.510206,-0.0592446,0.0897964,-0.0476924,2.76344,2.81885,14.9059,0.303179,-0.100664,-0.510206,-0.0592446,0.0897964,-0.0476924,-0.0149187,0.555502,-0.904574,0.0733583,-0.432304,0.251902,-0.876803,-0.0086857,0.114777,0.969603,-0.087267,-0.107524,-0.120835,-0.0823291,0.16159,0.137481,0.392998,0.0870158,0.2618,0.0182022,-0.152017,-0.0320816,0.244207,-0.309758,-0.0146724,0.580992,0.00430196,-0.00116582,0.00205528,0,0,0,0,0,0,0,0,0,0,0,0,0,0,0,0,0,0,0,0,0,0,0,0,0,0,0,0,0,-0.466333,-0.181027,-0.140538,0.564254,-0.507934,0.119979,-0.517407,0.17339,0.0949146,0.533693,-0.112198,-0.0869279,-0.0786506,0.0550238,0.104036,0.231832,0.251927,0.0462499,0.337367,0.00121718,-0.0792217,0.0886596,0.293391,-0.172159,0.00876723,0.634145,0.00324774,-0.0144082,0.0204343,2.62272,-3.30135,-2.47104,-3.65864,-3.25437,0.180492,-2.7574,-1.28652,0.0748664,7.03873,0.35143,-0.443657,-0.349271,1.51861,0.163616,0.486065,-0.56703,-0.296056,0.433051,0.0840952,-0.695449,-0.410795,0.642223,0.106533,0.458549,0.102549,0.0540501,0.340728,-0.188072,7.30142,41.2876,-28.7135,-43.8491,-13.6538,1.05327,-4.60172,5.37174,-2.30511,5.88188,-1.30683,0.0240123,0.522072,-13.8217,1.84873,-1.23767,-0.186682,-0.382713,-2.93023,0.0217666,-0.621162,-0.0419202,0.359557,-3.91129,-1.30036,-0.955933,0.00758844,-0.25024,-0.121855,0,0,0,0,0,0,0,0,0,0,0,0,0,0,0,0,0,0,0,0,0,0,0,0,0,0,0,0,0,2.55789,2.55789,2.55789,6.3088,6.3088,1.81445,2.55789,2.55789,1.81445,6.3088,6.3088,0.907223,0.907223,1.81445,1.81445,0.907223,0.907223,1.81445,1.81445,0.907223,0.907223,0.907223,0.907223,0.907223,0.907223,1.06814,1.06814,1.06814,1.06814,40.1792,40.1792,40.1792,99.0984,99.0984,28.5012,40.1792,40.1792,28.5012,99.0984,99.0984,14.2506,14.2506,28.5012,28.5012,14.2506,14.2506,28.5012,28.5012,14.2506,14.2506,14.2506,14.2506,14.2506,14.2506,16.7783,16.7783,16.7783,16.7783,0,0,0,0,0,0,0,0,0,0,0,0,0,0,0,0,0,0,0,0,0,0,0,0,0,0,0,0,0,0,0,0,0,0,0,0,0,0,0,0,0,0,0,0,0,0,0,0,0,0,0,0,0,0,0,0,0,0,0,0,0,0,0,0,0,0,0,0,0,0,0,0,0,0,0,0,0,0,0,0,0,0,0,0,0,0,0,0,0,0,0,0,0,0,0,0,0,0,0,0,0,0,0,0,0,0,0,0,0,0,0,0,0,0,0,0,0,-0.0592446,0.0897964,-0.0476924,-0.142549,0.100796,0.368441,0.440054,-0.250258,-0.187719,0.198405,-0.0334545,-0.275516,-0.504276,-0.25514,0.542568,-1.03152,0.0415028,0.0577437,1.01453,-0.0158629,-0.346614,-0.0156485,-1.65205,0.261703,-0.0731492,0.0275874,-1.69862,0.857244,-0.197637,-0.186643,0.574361,-0.245166,-0.0149187,0.555502,-0.904574,0.0733583,-0.432304,0.251902,-0.876803,-0.0086857,0.114777,0.969603,-0.087267,-0.107524,-0.120835,-0.0823291,0.16159,0.137481,0.392998,0.0870158,0.2618,0.0182022,-0.152017,-0.0320816,0.244207,-0.309758,-0.0146724,0.580992,0.00430196,-0.00116582,0.00205528,0.724,0.0896758,0.0589714,-0.994224,0.6,0,0,1.56543,1.16529,2.03137
1.501,1.512,8.0901,0.579492,-0.111667,-0.52159,-0.0506449,0.0874224,-0.0584177,1.501,1.512,8.0901,0.579492,-0.111667,-0.52159,-0.0506449,0.0874224,-0.0584177,0.11218,0.488168,-0.794651,0.120184,-0.250448,0.252716,-0.993077,0.0373565,0.105,0.977513,-0.087267,-0.0774392,-0.149026,0.0183105,0.155935,0.138357,0.412387,0.0815894,0.2618,0.0163309,-0.161598,-0.107437,0.204784,-0.281939,-0.0397143,0.58065,0.00243485,-0.00342373,0.000888999,0,0,0,0,0,0,0,0,0,0,0,0,0,0,0,0,0,0,0,0,0,0,0,0,0,0,0,0,0,-0.409426,-0.236518,-0.207935,0.47027,-0.481006,0.135572,-0.562986,0.153657,0.0846119,0.657892,-0.104214,-0.0932981,-0.0760938,0.0664338,0.105567,0.242115,0.237418,0.0458994,0.339905,0.00530348,-0.0888539,0.0595776,0.303896,-0.17372,0.0149905,0.63734,0.00354044,-0.00679355,0.0166854,2.87537,-2.22684,-3.86949,-4.60182,1.65367,1.19441,-1.9451,-0.704282,-0.845408,5.41655,0.344857,-0.225163,0.375133,-0.120639,0.0990212,0.491219,-0.697099,-0.0023453,-0.0279482,0.223021,-0.415738,-1.68265,0.477388,-0.189484,0.19709,0.188887,0.00638253,0.372484,-0.178468,8.741,37.6774,-18.6466,-10.9481,-5.62732,1.39911,-7.64793,-4.59113,2.25991,-3.29324,-0.500628,0.0092457,-0.940627,-4.28495,1.47129,-1.92794,2.84385,1.14659,-2.21507,-0.0151464,-0.530635,0.199401,-1.26912,-1.79352,-0.615225,-1.13993,0.00642531,-0.297942,-0.056972,0,0,0,0,0,0,0,0,0,0,0,0,0,0,0,0,0,0,0,0,0,0,0,0,0,0,0,0,0,2.55789,2.55789,2.55789,6.3088,6.3088,1.81445,2.55789,2.55789,1.81445,6.3088,6.3088,0.907223,0.907223,1.81445,1.81445,0.907223,0.907223,1.81445,1.81445,0.907223,0.907223,0.907223,0.907223,0.907223,0.907223,1.06814,1.06814,1.06814,1.06814,40.1792,40.1792,40.1792,99.0984,99.0984,28.5012,40.1792,40.1792,28.5012,99.0984,99.0984,14.2506,14.2506,28.5012,28.5012,14.2506,14.2506,28.5012,28.5012,14.2506,14.2506,14.2506,14.2506,14.2506,14.2506,16.7783,16.7783,16.7783,16.7783,0,0,0,0,0,0,0,0,0,0,0,0,0,0,0,0,0,0,0,0,0,0,0,0,0,0,0,0,0,0,0,0,0,0,0,0,0,0,0,0,0,0,0,0,0,0,0,0,0,0,0,0,0,0,0,0,0,0,0,0,0,0,0,0,0,0,0,0,0,0,0,0,0,0,0,0,0,0,0,0,0,0,0,0,0,0,0,0,0,0,0,0,0,0,0,0,0,0,0,0,0,0,0,0,0,0,0,0,0,0,0,0,0,0,0,0,0,-0.0506449,0.0874224,-0.0584177,-0.140552,0.0109082,0.355548,0.484264,-0.186828,0.0417499,0.186032,-0.0905526,-0.339795,-0.402303,-0.259724,0.774692,-1.24387,0.0372362,0.0326822,0.891556,0.0682253,-0.368458,-0.0459556,-1.45129,0.239411,-0.244967,0.0119327,-1.56509,0.879802,0.320972,-0.112899,0.576217,-0.176569,0.11218,0.488168,-0.794651,0.120184,-0.250448,0.252716,-0.993077,0.0373565,0.105,0.977513,-0.087267,-0.0774392,-0.149026,0.0183105,0.155935,0.138357,0.412387,0.0815894,0.2618,0.0163309,-0.161598,-0.107437,0.204784,-0.281939,-0.0397143,0.58065,0.00243485,-0.00342373,0.000888999,0.676,0.0873111,0.0504299,-0.994904,0.6,0,0,1.57416,1.16764,2.06216
0.277364,-3.29498,5.7145,0.527351,-0.0846216,-0.371444,-0.0397188,0.0851066,-0.0671408,0.277364,-3.29498,5.7145,0.527351,-0.0846216,-0.371444,-0.0397188,0.0851066,-0.0671408,0.191954,0.410254,-0.675546,0.165992,-0.160702,0.24955,-1.0649,0.0144626,0.150799,0.988615,-0.087267,-0.0647374,-0.170825,0.00491921,0.174523,0.151539,0.376638,0.0644667,0.2618,0.00867657,-0.164026,-0.117585,0.216522,-0.273135,-0.0388999,0.58433,0.00197478,-0.00023332,0.00294501,0,0,0,0,0,0,0,0,0,0,0,0,0,0,0,0,0,0,0,0,0,0,0,0,0,0,0,0,0,-0.353371,-0.264519,-0.284704,0.376015,-0.421251,0.156577,-0.599863,0.147959,0.0685711,0.752825,-0.0932767,-0.098722,-0.0706984,0.0550937,0.108146,0.249736,0.228279,0.044746,0.335443,0.00861455,-0.0990396,0.0153218,0.312061,-0.176754,0.0123777,0.641367,0.00316083,-0.000833198,0.0136866,2.64399,-0.984787,-3.6747,-4.20003,1.76834,0.500783,-1.68721,-0.225656,-0.513636,4.05414,1.26518,-1.61765,0.247401,-0.603173,0.139999,0.268803,-0.198476,-0.117392,-0.340627,0.153325,-0.561479,-2.23905,0.328951,-0.0828984,-0.301628,0.253004,-0.018,0.255177,-0.153521,12.1002,32.7247,-11.3236,0.826532,4.07386,1.38841,-11.4396,-4.05132,2.17663,-3.60207,-6.4181,1.19055,-1.30969,0.140732,1.12702,-1.84478,2.85909,1.24239,-1.53979,-0.0255763,-0.400263,0.264218,-1.82922,-1.4057,-0.4916,-1.26785,0.00799649,-0.311732,-0.057394,0,0,0,0,0,0,0,0,0,0,0,0,0,0,0,0,0,0,0,0,0,0,0,0,0,0,0,0,0,2.55789,2.55789,2.55789,6.3088,6.3088,1.81445,2.55789,2.55789,1.81445,6.3088,6.3088,0.907223,0.907223,1.81445,1.81445,0.907223,0.907223,1.81445,1.81445,0.907223,0.907223,0.907223,0.907223,0.907223,0.907223,1.06814,1.06814,1.06814,1.06814,40.1792,40.1792,40.1792,99.0984,99.0984,28.5012,40.1792,40.1792,28.5012,99.0984,99.0984,14.2506,14.2506,28.5012,28.5012,14.2506,14.2506,28.5012,28.5012,14.2506,14.2506,14.2506,14.2506,14.2506,14.2506,16.7783,16.7783,16.7783,16.7783,0,0,0,0,0,0,0,0,0,0,0,0,0,0,0,0,0,0,0,0,0,0,0,0,0,0,0,0,0,0,0,0,0,0,0,0,0,0,0,0,0,0,0,0,0,0,0,0,0,0,0,0,0,0,0,0,0,0,0,0,0,0,0,0,0,0,0,0,0,0,0,0,0,0,0,0,0,0,0,0,0,0,0,0,0,0,0,0,0,0,0,0,0,0,0,0,0,0,0,0,0,0,0,0,0,0,0,0,0,0,0,0,0,0,0,0,0,-0.0397188,0.0851066,-0.0671408,-0.110497,0.0376725,0.397929,0.402753,-0.166754,0.0112163,0.14699,-0.0886957,-0.389498,-0.34568,-0.210332,0.920385,-1.37505,0.0197834,0.0265068,0.749258,0.0264134,-0.373995,-0.00313178,-1.23377,0.343836,-0.268106,0.0395298,-1.43446,0.911464,0.576903,-0.050341,0.568999,-0.147608,0.191954,0.410254,-0.675546,0.165992,-0.160702,0.24955,-1.0649,0.0144626,0.150799,0.988615,-0.087267,-0.0647374,-0.170825,0.00491921,0.174523,0.151539,0.376638,0.0644667,0.2618,0.00867657,-0.164026,-0.117585,0.216522,-0.273135,-0.0388999,0.58433,0.00197478,-0.00023332,0.00294501,0.607,0.0850039,0.0395646,-0.995595,0.6,0,0,1.57416,1.16764,2.06216
-0.397075,-0.767545,3.22791,0.439331,-0.118219,-0.144284,-0.0311078,0.0827128,-0.07203,-0.397075,-0.767545,3.22791,0.439331,-0.118219,-0.144284,-0.0311078,0.0827128,-0.07203,0.243028,0.267519,-0.507609,0.222892,-0.144233,0.189567,-1.05187,0.0791576,0.123805,0.87237,-0.087267,-0.0324323,-0.156028,0.0737198,0.185097,0.159246,0.328875,0.0460054,0.2618,0.00527985,-0.188887,-0.0776127,0.203144,-0.192664,-0.00841196,0.586791,0.00132828,0.00072813,0.0104712,0,0,0,0,0,0,0,0,0,0,0,0,0,0,0,0,0,0,0,0,0,0,0,0,0,0,0,0,0,-0.305476,-0.281999,-0.34649,0.292655,-0.384643,0.153162,-0.629493,0.13538,0.0743324,0.8171,-0.0697795,-0.157812,-0.0650302,0.0511173,0.112952,0.252128,0.230349,0.040792,0.326325,0.00957401,-0.110739,-0.0245523,0.319303,-0.177648,0.00560481,0.643669,0.00283959,0.0040446,0.0111492,2.15805,-0.715507,-2.67098,-4.00679,1.78726,-0.232843,-1.35408,-0.884085,0.718499,2.61625,0.890728,-2.7203,0.316413,-0.0707037,0.303238,-0.0326927,0.250767,-0.208673,-0.489101,0.0257846,-0.590996,-1.76373,0.385127,-0.0875195,-0.339111,-0.013205,-0.0122002,0.199028,-0.111251,14.4293,29.6106,-6.31025,12.1898,12.2861,3.11022,-14.1108,-2.85818,1.0422,0.222444,-7.08184,3.85709,-1.76978,-1.13165,1.25666,-1.44021,1.88588,1.05823,-0.960311,-0.0348686,-0.240059,0.273993,-1.80935,-1.29213,-0.335443,-0.984525,-0.0020923,-0.298703,-0.019643,0,0,0,0,0,0,0,0,0,0,0,0,0,0,0,0,0,0,0,0,0,0,0,0,0,0,0,0,0,2.55789,2.55789,2.55789,6.3088,6.3088,1.81445,2.55789,2.55789,1.81445,6.3088,6.3088,0.907223,0.907223,1.81445,1.81445,0.907223,0.907223,1.81445,1.81445,0.907223,0.907223,0.907223,0.907223,0.907223,0.907223,1.06814,1.06814,1.06814,1.06814,40.1792,40.1792,40.1792,99.0984,99.0984,28.5012,40.1792,40.1792,28.5012,99.0984,99.0984,14.2506,14.2506,28.5012,28.5012,14.2506,14.2506,28.5012,28.5012,14.2506,14.2506,14.2506,14.2506,14.2506,14.2506,16.7783,16.7783,16.7783,16.7783,0,0,0,0,0,0,0,0,0,0,0,0,0,0,0,0,0,0,0,0,0,0,0,0,0,0,0,0,0,0,0,0,0,0,0,0,0,0,0,0,0,0,0,0,0,0,0,0,0,0,0,0,0,0,0,0,0,0,0,0,0,0,0,0,0,0,0,0,0,0,0,0,0,0,0,0,0,0,0,0,0,0,0,0,0,0,0,0,0,0,0,0,0,0,0,0,0,0,0,0,0,0,0,0,0,0,0,0,0,0,0,0,0,0,0,0,0,-0.0311078,0.0827128,-0.07203,-0.0929236,0.00716856,0.422041,0.293847,0.0167265,0.168089,0.104897,-0.0191801,-0.35576,-0.262032,-0.177301,1.01366,-1.35125,0.0120386,0.017829,0.488578,0.144568,-0.430682,0.00977344,-0.927061,0.282287,-0.176965,0.140551,-1.27219,0.579961,0.62387,0.193882,0.432231,-0.073949,0.243028,0.267519,-0.507609,0.222892,-0.144233,0.189567,-1.05187,0.0791576,0.123805,0.87237,-0.087267,-0.0324323,-0.156028,0.0737198,0.185097,0.159246,0.328875,0.0460054,0.2618,0.00527985,-0.188887,-0.0776127,0.203144,-0.192664,-0.00841196,0.586791,0.00132828,0.00072813,0.0104712,0.706,0.0826185,0.0309964,-0.996099,0.6,0,0,1.59186,1.19643,2.07078
-2.89477,0.794321,4.32021,0.413447,0.0573065,0.01041,-0.022876,0.0822089,-0.073123,-2.89477,0.794321,4.32021,0.413447,0.0573065,0.01041,-0.022876,0.0822089,-0.073123,0.193698,0.0951569,-0.399276,0.237891,-0.224576,0.180004,-0.917041,0.266686,0.0362566,0.802196,-0.087267,-0.0159566,-0.133331,0.104844,0.225025,0.178213,0.263971,0.0118392,0.2618,0.00576279,-0.192161,-0.0328786,0.220481,-0.174862,-0.0120887,0.580869,-0.000173051,-0.00766137,0.0122434,0,0,0,0,0,0,0,0,0,0,0,0,0,0,0,0,0,0,0,0,0,0,0,0,0,0,0,0,0,-0.273305,-0.287397,-0.372968,0.226625,-0.338234,0.151789,-0.648766,0.115075,0.0921956,0.846593,-0.0639643,-0.176501,-0.0568095,0.0485964,0.115665,0.246555,0.236489,0.0362904,0.317554,0.00926928,-0.126257,-0.0450367,0.323475,-0.17952,-0.000360484,0.644183,0.00247077,0.00716908,0.0101661,1.17478,0.0637859,-0.488471,-2.67174,3.03695,0.362108,-0.814561,-0.951424,0.817618,0.929713,-0.343486,0.988842,0.38779,-0.304984,-0.0111245,-0.473968,0.289329,-0.177622,-0.420706,-0.0289076,-0.807606,-0.686926,0.0593314,-0.115646,-0.254018,0.0364313,-0.0179601,0.138726,-0.0245374,17.5993,22.264,-3.90387,17.1691,0.528348,0.651972,-14.1844,1.00789,-0.62401,-3.41078,-0.835564,1.56054,-1.77875,1.16391,1.93999,-0.866083,1.05477,0.618602,-0.837369,-0.0321601,-0.172367,0.173511,-1.79974,-0.0901184,0.116365,-0.991449,-0.0004791,-0.257317,0.0327795,0,0,0,0,0,0,0,0,0,0,0,0,0,0,0,0,0,0,0,0,0,0,0,0,0,0,0,0,0,2.55789,2.55789,2.55789,6.3088,6.3088,1.81445,2.55789,2.55789,1.81445,6.3088,6.3088,0.907223,0.907223,1.81445,1.81445,0.907223,0.907223,1.81445,1.81445,0.907223,0.907223,0.907223,0.907223,0.907223,0.907223,1.06814,1.06814,1.06814,1.06814,40.1792,40.1792,40.1792,99.0984,99.0984,28.5012,40.1792,40.1792,28.5012,99.0984,99.0984,14.2506,14.2506,28.5012,28.5012,14.2506,14.2506,28.5012,28.5012,14.2506,14.2506,14.2506,14.2506,14.2506,14.2506,16.7783,16.7783,16.7783,16.7783,0,0,0,0,0,0,0,0,0,0,0,0,0,0,0,0,0,0,0,0,0,0,0,0,0,0,0,0,0,0,0,0,0,0,0,0,0,0,0,0,0,0,0,0,0,0,0,0,0,0,0,0,0,0,0,0,0,0,0,0,0,0,0,0,0,0,0,0,0,0,0,0,0,0,0,0,0,0,0,0,0,0,0,0,0,0,0,0,0,0,0,0,0,0,0,0,0,0,0,0,0,0,0,0,0,0,0,0,0,0,0,0,0,0,0,0,0,-0.022876,0.0822089,-0.073123,-0.0496776,0.0466984,0.51308,0.14586,0.0573169,0.239055,0.0269946,-0.0275635,-0.304009,-0.186339,-0.256794,0.92357,-1.105,0.0131397,-0.0023228,0.173788,0.487056,-0.438146,-0.102836,-0.72921,0.0826686,-0.0749666,0.16434,-1.22942,0.379842,0.394751,0.338707,0.410426,-0.0363827,0.193698,0.0951569,-0.399276,0.237891,-0.224576,0.180004,-0.917041,0.266686,0.0362566,0.802196,-0.087267,-0.0159566,-0.133331,0.104844,0.225025,0.178213,0.263971,0.0118392,0.2618,0.00576279,-0.192161,-0.0328786,0.220481,-0.174862,-0.0120887,0.580869,-0.000173051,-0.00766137,0.0122434,0.667,0.0821164,0.0227967,-0.996362,0.6,0,0,1.59186,1.19643,2.07078
-0.783529,-2.24534,7.16729,0.25254,0.0516325,0.0433289,-0.0160088,0.0838212,-0.0722689,-0.783529,-2.24534,7.16729,0.25254,0.0516325,0.0433289,-0.0160088,0.0838212,-0.0722689,0.140804,-0.012181,-0.436221,0.182114,-0.33092,0.213533,-0.875312,0.336784,-0.00679319,0.750727,-0.087267,0.00754283,-0.145684,0.0365326,0.186973,0.163333,0.244517,-0.0098922,0.2618,0.00541713,-0.160001,-0.0213851,0.259476,-0.266844,-0.0413852,0.581976,-0.00236931,-0.00894565,0.00516277,0,0,0,0,0,0,0,0,0,0,0,0,0,0,0,0,0,0,0,0,0,0,0,0,0,0,0,0,0,-0.25712,-0.283599,-0.366871,0.197065,-0.300582,0.165471,-0.658898,0.10184,0.109699,0.849231,-0.0690731,-0.139215,-0.0538993,0.042831,0.11121,0.234026,0.242526,0.0304102,0.310463,0.00859325,-0.140832,-0.0454311,0.320625,-0.179526,-0.005627,0.647427,0.00171818,0.00858853,0.0102649,0.615114,0.128713,0.671388,-0.87455,1.71377,0.590167,-0.340431,-0.482037,0.971208,-0.304795,-0.241816,2.00324,-0.0764607,-0.121043,-0.325945,-0.684269,0.295184,-0.282986,-0.323416,-0.0343697,-0.646721,0.194498,-0.280559,0.117215,-0.227592,0.234236,-0.0377584,0.0639765,0.0116098,16.5059,14.7893,-2.85164,10.0561,-3.06186,-0.694294,-9.49018,7.87268,-3.76108,-3.10033,-0.297178,-0.029602,-1.11086,2.0914,3.7953,-0.198481,0.0451933,-0.00521187,-0.803758,-0.0102405,-0.146298,0.0131421,-1.20515,-0.0108167,0.120929,-1.34609,0.00847877,-0.334658,0.0212703,0,0,0,0,0,0,0,0,0,0,0,0,0,0,0,0,0,0,0,0,0,0,0,0,0,0,0,0,0,2.55789,2.55789,2.55789,6.3088,6.3088,1.81445,2.55789,2.55789,1.81445,6.3088,6.3088,0.907223,0.907223,1.81445,1.81445,0.907223,0.907223,1.81445,1.81445,0.907223,0.907223,0.907223,0.907223,0.907223,0.907223,1.06814,1.06814,1.06814,1.06814,40.1792,40.1792,40.1792,99.0984,99.0984,28.5012,40.1792,40.1792,28.5012,99.0984,99.0984,14.2506,14.2506,28.5012,28.5012,14.2506,14.2506,28.5012,28.5012,14.2506,14.2506,14.2506,14.2506,14.2506,14.2506,16.7783,16.7783,16.7783,16.7783,0,0,0,0,0,0,0,0,0,0,0,0,0,0,0,0,0,0,0,0,0,0,0,0,0,0,0,0,0,0,0,0,0,0,0,0,0,0,0,0,0,0,0,0,0,0,0,0,0,0,0,0,0,0,0,0,0,0,0,0,0,0,0,0,0,0,0,0,0,0,0,0,0,0,0,0,0,0,0,0,0,0,0,0,0,0,0,0,0,0,0,0,0,0,0,0,0,0,0,0,0,0,0,0,0,0,0,0,0,0,0,0,0,0,0,0,0,-0.0160088,0.0838212,-0.0722689,-0.0836053,0.13561,0.426317,0.101503,-0.152411,0.083298,-0.0225552,-0.0943623,-0.332174,-0.211659,-0.241924,0.82697,-1.02879,0.0123516,-0.0318025,-0.0222465,0.615079,-0.364818,-0.120074,-0.796683,-0.0154892,-0.0487602,0.0692981,-1.38848,0.233066,0.0914836,0.242888,0.486876,0.0171984,0.140804,-0.012181,-0.436221,0.182114,-0.33092,0.213533,-0.875312,0.336784,-0.00679319,0.750727,-0.087267,0.00754283,-0.145684,0.0365326,0.186973,0.163333,0.244517,-0.0098922,0.2618,0.00541713,-0.160001,-0.0213851,0.259476,-0.266844,-0.0413852,0.581976,-0.00236931,-0.00894565,0.00516277,0.661,0.0837231,0.0159519,-0.996361,0.6,0,0,1.60285,1.2197,2.04582
1.36278,-1.42524,8.15669,0.159809,-0.156882,0.0428697,-0.0120815,0.0827885,-0.0710398,1.36278,-1.42524,8.15669,0.159809,-0.156882,0.0428697,-0.0120815,0.0827885,-0.0710398,-0.00147529,0.0590017,-0.518964,0.0856684,-0.553497,0.309694,-0.856626,0.254402,0.041378,0.709791,-0.087267,0.0405525,-0.169893,0.0125628,0.0755655,0.101634,0.258644,-0.013771,0.2618,-0.00354992,-0.125678,0.0303161,0.253555,-0.314629,-0.0592024,0.581681,-0.00438144,-0.0116539,0.0012613,0,0,0,0,0,0,0,0,0,0,0,0,0,0,0,0,0,0,0,0,0,0,0,0,0,0,0,0,0,-0.242683,-0.289529,-0.357326,0.189065,-0.290146,0.181679,-0.661586,0.0931344,0.130994,0.832335,-0.0730607,-0.100536,-0.0633021,0.0475755,0.103753,0.219477,0.248049,0.0225291,0.306443,0.00769282,-0.145214,-0.0388098,0.314709,-0.176011,-0.00873569,0.651879,0.000616136,0.0096726,0.00958571,0.824692,-0.539092,0.340784,-0.317352,0.292252,0.833891,-0.0715039,-0.364709,1.04989,-1.10994,-0.18944,1.77714,-0.771396,0.462573,-0.339966,-0.691111,0.218184,-0.407269,-0.132797,-0.0366552,-0.0101199,0.329411,-0.280558,0.183572,-0.0865613,0.159717,-0.0536365,0.0479412,-0.0370378,13.394,12.3743,-4.03403,1.30256,-5.88948,-0.580455,-8.42607,10.7341,-5.80166,-1.42779,-0.230931,-0.0671398,-0.54838,-1.04593,2.99846,-0.175226,-0.256658,-0.190546,-1.02133,0.00162751,-0.185243,-0.051169,-0.539786,-1.45516,-0.375536,-1.35361,0.00694024,-0.364458,-0.0325029,0,0,0,0,0,0,0,0,0,0,0,0,0,0,0,0,0,0,0,0,0,0,0,0,0,0,0,0,0,2.55789,2.55789,2.55789,6.3088,6.3088,1.81445,2.55789,2.55789,1.81445,6.3088,6.3088,0.907223,0.907223,1.81445,1.81445,0.907223,0.907223,1.81445,1.81445,0.907223,0.907223,0.907223,0.907223,0.907223,0.907223,1.06814,1.06814,1.06814,1.06814,40.1792,40.1792,40.1792,99.0984,99.0984,28.5012,40.1792,40.1792,28.5012,99.0984,99.0984,14.2506,14.2506,28.5012,28.5012,14.2506,14.2506,28.5012,28.5012,14.2506,14.2506,14.2506,14.2506,14.2506,14.2506,16.7783,16.7783,16.7783,16.7783,0,0,0,0,0,0,0,0,0,0,0,0,0,0,0,0,0,0,0,0,0,0,0,0,0,0,0,0,0,0,0,0,0,0,0,0,0,0,0,0,0,0,0,0,0,0,0,0,0,0,0,0,0,0,0,0,0,0,0,0,0,0,0,0,0,0,0,0,0,0,0,0,0,0,0,0,0,0,0,0,0,0,0,0,0,0,0,0,0,0,0,0,0,0,0,0,0,0,0,0,0,0,0,0,0,0,0,0,0,0,0,0,0,0,0,0,0,-0.0120815,0.0827885,-0.0710398,-0.224283,0.12211,0.172297,0.133715,-0.261365,0.0286445,-0.0313993,-0.134987,-0.387374,-0.302031,-0.245889,0.56712,-0.994667,-0.00809418,-0.0588107,0.107757,0.464622,-0.286559,-0.156426,-0.947799,0.0943459,0.0691237,0.01693,-1.66352,0.116326,-0.543251,0.305405,0.706133,0.0924638,-0.00147529,0.0590017,-0.518964,0.0856684,-0.553497,0.309694,-0.856626,0.254402,0.041378,0.709791,-0.087267,0.0405525,-0.169893,0.0125628,0.0755655,0.101634,0.258644,-0.013771,0.2618,-0.00354992,-0.125678,0.0303161,0.253555,-0.314629,-0.0592024,0.581681,-0.00438144,-0.0116539,0.0012613,0.641,0.082694,0.0120398,-0.996502,0.6,0,0,1.60285,1.2197,2.04582
1.75515,-0.815422,8.86451,0.127301,-0.292709,-0.018789,-0.00964554,0.0779489,-0.070612,1.75515,-0.815422,8.86451,0.127301,-0.292709,-0.018789,-0.00964554,0.0779489,-0.070612,-0.0487106,0.134067,-0.622487,0.0561514,-0.526542,0.359223,-0.777116,0.188344,0.0365493,0.658592,-0.087267,0.0616605,-0.17879,-0.00848807,0.0596201,0.0502115,0.320909,0.010633,0.2618,-0.00299603,-0.126792,0.0464694,0.288795,-0.273727,-0.026244,0.583376,-0.00572716,-0.0116858,-0.00603612,0,0,0,0,0,0,0,0,0,0,0,0,0,0,0,0,0,0,0,0,0,0,0,0,0,0,0,0,0,-0.221578,-0.309463,-0.351825,0.185,-0.331606,0.212508,-0.663879,0.0824031,0.152234,0.803962,-0.0761728,-0.0644116,-0.0868284,0.0668053,0.0984331,0.206145,0.251491,0.0133952,0.306434,0.0052473,-0.137762,-0.0228209,0.309356,-0.171516,-0.0101236,0.655242,-0.000753079,0.00968888,0.00853595,1.25085,-1.17691,0.0924395,-0.567664,-2.35846,1.6535,-0.216338,-0.577529,0.920689,-1.56061,-0.149304,1.71987,-1.44225,1.16145,-0.179734,-0.607336,0.0826205,-0.409741,0.0543241,-0.137426,0.526035,0.896442,-0.22984,0.192816,-0.0428757,0.0659071,-0.0634931,-0.0140242,-0.0493423,5.79806,17.6663,-7.02826,-6.83837,-7.39844,-0.172699,-7.29714,8.34792,-4.86383,0.197375,-0.174841,-0.0526422,0.0452142,-3.54821,-0.298132,-0.93723,0.00886524,-0.0201537,-1.35955,-0.00264597,-0.287035,-0.0455095,-0.588845,-2.22052,-0.655682,-1.33135,0.00700711,-0.348122,-0.0680901,0,0,0,0,0,0,0,0,0,0,0,0,0,0,0,0,0,0,0,0,0,0,0,0,0,0,0,0,0,2.55789,2.55789,2.55789,6.3088,6.3088,1.81445,2.55789,2.55789,1.81445,6.3088,6.3088,0.907223,0.907223,1.81445,1.81445,0.907223,0.907223,1.81445,1.81445,0.907223,0.907223,0.907223,0.907223,0.907223,0.907223,1.06814,1.06814,1.06814,1.06814,40.1792,40.1792,40.1792,99.0984,99.0984,28.5012,40.1792,40.1792,28.5012,99.0984,99.0984,14.2506,14.2506,28.5012,28.5012,14.2506,14.2506,28.5012,28.5012,14.2506,14.2506,14.2506,14.2506,14.2506,14.2506,16.7783,16.7783,16.7783,16.7783,0,0,0,0,0,0,0,0,0,0,0,0,0,0,0,0,0,0,0,0,0,0,0,0,0,0,0,0,0,0,0,0,0,0,0,0,0,0,0,0,0,0,0,0,0,0,0,0,0,0,0,0,0,0,0,0,0,0,0,0,0,0,0,0,0,0,0,0,0,0,0,0,0,0,0,0,0,0,0,0,0,0,0,0,0,0,0,0,0,0,0,0,0,0,0,0,0,0,0,0,0,0,0,0,0,0,0,0,0,0,0,0,0,0,0,0,0,-0.00964554,0.0779489,-0.070612,-0.341533,0.202462,0.13594,0.275685,-0.168104,-0.0193536,0.0242443,-0.059839,-0.407659,-0.396947,-0.223132,0.480853,-0.849455,-0.00683125,-0.0768737,0.244851,0.343978,-0.289099,-0.156855,-1.13687,0.0833361,0.105955,-0.0810207,-1.74769,-0.0296798,-0.466382,0.447491,0.819063,0.140592,-0.0487106,0.134067,-0.622487,0.0561514,-0.526542,0.359223,-0.777116,0.188344,0.0365493,0.658592,-0.087267,0.0616605,-0.17879,-0.00848807,0.0596201,0.0502115,0.320909,0.010633,0.2618,-0.00299603,-0.126792,0.0464694,0.288795,-0.273727,-0.026244,0.583376,-0.00572716,-0.0116858,-0.00603612,0.97,0.07787,0.00961611,-0.996917,0.6,0,0,1.59916,1.23203,2.00555
1.33242,-0.565942,8.77122,0.254702,-0.304744,-0.0729648,-0.00556917,0.0719607,-0.0714056,1.33242,-0.565942,8.77122,0.254702,-0.304744,-0.0729648,-0.00556917,0.0719607,-0.0714056,-0.0143231,0.199297,-0.680291,0.0526962,-0.413777,0.362755,-0.716741,0.195946,0.0125413,0.624032,-0.087267,0.0639211,-0.198198,0.0024759,0.0792196,0.0277037,0.33461,0.0194964,0.2618,0.000525771,-0.146564,0.0119973,0.311076,-0.262977,-0.0192397,0.585079,-0.0068394,-0.0104036,-0.0105417,0,0,0,0,0,0,0,0,0,0,0,0,0,0,0,0,0,0,0,0,0,0,0,0,0,0,0,0,0,-0.191856,-0.335259,-0.3637,0.165807,-0.366686,0.248204,-0.665672,0.0692929,0.159162,0.764794,-0.0787381,-0.0310726,-0.116391,0.0870833,0.0948119,0.193903,0.250469,0.00775904,0.310018,0.00330269,-0.127704,-0.00506331,0.306216,-0.169864,-0.00831599,0.65323,-0.00209281,0.00848474,0.00544382,1.53999,-1.33808,-0.919756,-1.11414,-1.5887,1.82154,-0.0913321,-0.677803,-0.0217294,-2.06292,-0.128404,1.55446,-1.4853,0.935453,-0.134948,-0.578465,-0.102479,-0.192764,0.189762,-0.087164,0.483595,0.829507,-0.112387,0.030878,0.15882,-0.195492,-0.0631317,-0.0901839,-0.160025,1.9168,22.1741,-8.18721,-4.18805,-5.98698,-0.0668698,-4.30124,6.48414,-3.5619,2.21241,-0.0513213,-0.0795368,0.414436,-4.38712,-0.738656,-1.52672,1.09142,0.447907,-1.72481,-0.0126258,-0.420998,-0.0131263,-0.145191,-1.51277,-0.3889,-0.985675,0.00612073,-0.249788,-0.0195113,0,0,0,0,0,0,0,0,0,0,0,0,0,0,0,0,0,0,0,0,0,0,0,0,0,0,0,0,0,2.55789,2.55789,2.55789,6.3088,6.3088,1.81445,2.55789,2.55789,1.81445,6.3088,6.3088,0.907223,0.907223,1.81445,1.81445,0.907223,0.907223,1.81445,1.81445,0.907223,0.907223,0.907223,0.907223,0.907223,0.907223,1.06814,1.06814,1.06814,1.06814,40.1792,40.1792,40.1792,99.0984,99.0984,28.5012,40.1792,40.1792,28.5012,99.0984,99.0984,14.2506,14.2506,28.5012,28.5012,14.2506,14.2506,28.5012,28.5012,14.2506,14.2506,14.2506,14.2506,14.2506,14.2506,16.7783,16.7783,16.7783,16.7783,0,0,0,0,0,0,0,0,0,0,0,0,0,0,0,0,0,0,0,0,0,0,0,0,0,0,0,0,0,0,0,0,0,0,0,0,0,0,0,0,0,0,0,0,0,0,0,0,0,0,0,0,0,0,0,0,0,0,0,0,0,0,0,0,0,0,0,0,0,0,0,0,0,0,0,0,0,0,0,0,0,0,0,0,0,0,0,0,0,0,0,0,0,0,0,0,0,0,0,0,0,0,0,0,0,0,0,0,0,0,0,0,0,0,0,0,0,-0.00556917,0.0719607,-0.0714056,-0.392853,0.253264,0.180629,0.306924,-0.143594,0.00564529,0.0444536,-0.0438684,-0.451912,-0.474001,-0.200276,0.543656,-0.73919,0.00119881,-0.0918029,0.363981,0.357862,-0.33418,-0.139644,-1.24244,0.0285955,0.0273549,-0.141498,-1.75755,-0.128239,-0.144804,0.442635,0.827118,0.145746,-0.0143231,0.199297,-0.680291,0.0526962,-0.413777,0.362755,-0.716741,0.195946,0.0125413,0.624032,-0.087267,0.0639211,-0.198198,0.0024759,0.0792196,0.0277037,0.33461,0.0194964,0.2618,0.000525771,-0.146564,0.0119973,0.311076,-0.262977,-0.0192397,0.585079,-0.0068394,-0.0104036,-0.0105417,0.848,0.0718986,0.00555472,-0.997396,0.6,0,0,1.60217,1.23801,1.99945
1.07172,-1.12417,9.21696,0.340098,-0.278282,-0.0997964,0.000742534,0.0663688,-0.073001,1.07172,-1.12417,9.21696,0.340098,-0.278282,-0.0997964,0.000742534,0.0663688,-0.073001,-0.0475699,0.302791,-0.6906,0.0754712,-0.373912,0.381154,-0.619558,0.137454,0.0971142,0.571472,-0.087267,0.0456821,-0.218788,0.0476171,0.0758825,0.0305901,0.320413,0.0159821,0.2618,0.00610211,-0.113466,-0.00542122,0.309133,-0.273546,-0.0245821,0.584341,-0.00659736,-0.00995551,-0.0135439,0,0,0,0,0,0,0,0,0,0,0,0,0,0,0,0,0,0,0,0,0,0,0,0,0,0,0,0,0,-0.158668,-0.359316,-0.391429,0.137166,-0.368038,0.272407,-0.663197,0.0586261,0.150365,0.721126,-0.0809461,-0.00418964,-0.145043,0.100063,0.0905134,0.181846,0.247487,0.00614707,0.314748,0.00252817,-0.122756,0.00173074,0.304553,-0.170196,-0.00489807,0.648062,-0.00340624,0.00643002,0.00172052,1.60066,-1.11943,-1.51508,-1.35864,0.123864,0.467013,0.188608,-0.426488,-0.625809,-2.10622,-0.106619,1.1712,-1.39445,0.554984,-0.212648,-0.583027,-0.120624,-0.0472203,0.200107,-0.021948,0.145514,0.150305,-0.0765582,-0.00920734,0.174052,-0.241387,-0.0606399,-0.102575,-0.173916,1.76641,25.2725,-7.80285,0.090837,-5.34863,1.50213,-2.62757,6.64175,-2.86536,3.54113,0.0373137,-0.0930038,0.47363,-3.77025,0.0704871,-1.67432,1.35859,0.467265,-1.88947,-0.00821475,-0.478249,0.00256224,0.160833,-1.30963,-0.356978,-0.800411,0.00710331,-0.173268,-0.0188836,0,0,0,0,0,0,0,0,0,0,0,0,0,0,0,0,0,0,0,0,0,0,0,0,0,0,0,0,0,2.55789,2.55789,2.55789,6.3088,6.3088,1.81445,2.55789,2.55789,1.81445,6.3088,6.3088,0.907223,0.907223,1.81445,1.81445,0.907223,0.907223,1.81445,1.81445,0.907223,0.907223,0.907223,0.907223,0.907223,0.907223,1.06814,1.06814,1.06814,1.06814,40.1792,40.1792,40.1792,99.0984,99.0984,28.5012,40.1792,40.1792,28.5012,99.0984,99.0984,14.2506,14.2506,28.5012,28.5012,14.2506,14.2506,28.5012,28.5012,14.2506,14.2506,14.2506,14.2506,14.2506,14.2506,16.7783,16.7783,16.7783,16.7783,0,0,0,0,0,0,0,0,0,0,0,0,0,0,0,0,0,0,0,0,0,0,0,0,0,0,0,0,0,0,0,0,0,0,0,0,0,0,0,0,0,0,0,0,0,0,0,0,0,0,0,0,0,0,0,0,0,0,0,0,0,0,0,0,0,0,0,0,0,0,0,0,0,0,0,0,0,0,0,0,0,0,0,0,0,0,0,0,0,0,0,0,0,0,0,0,0,0,0,0,0,0,0,0,0,0,0,0,0,0,0,0,0,0,0,0,0,0.000742534,0.0663688,-0.073001,-0.386272,0.248835,0.17302,0.274554,-0.167693,0.108572,0.0364407,-0.0560496,-0.498858,-0.471236,-0.210182,0.482936,-0.561702,0.0139134,-0.0885541,0.552996,0.251036,-0.258714,-0.133629,-1.26126,0.22143,-0.0123609,-0.181796,-1.6926,-0.278125,-0.0311173,0.475758,0.869069,0.10416,-0.0475699,0.302791,-0.6906,0.0754712,-0.373912,0.381154,-0.619558,0.137454,0.0971142,0.571472,-0.087267,0.0456821,-0.218788,0.0476171,0.0758825,0.0305901,0.320413,0.0159821,0.2618,0.00610211,-0.113466,-0.00542122,0.309133,-0.273546,-0.0245821,0.584341,-0.00659736,-0.00995551,-0.0135439,0.74,0.0663201,-0.000740899,-0.997798,0.6,0,0,1.60217,1.23801,1.99945
1.61729,-0.943608,9.23687,0.352975,-0.282476,-0.0867827,0.00770342,0.0610936,-0.0748428,1.61729,-0.943608,9.23687,0.352975,-0.282476,-0.0867827,0.00770342,0.0610936,-0.0748428,-0.0803897,0.3678,-0.721714,0.0977329,-0.369545,0.361937,-0.540162,0.0993274,0.14086,0.533895,-0.087267,0.0238503,-0.22379,0.057838,0.0490498,0.033419,0.329436,0.0281968,0.2618,0.00619276,-0.087225,-0.0139845,0.323754,-0.274547,-0.0191496,0.586351,-0.0059328,-0.00994282,-0.0179259,0,0,0,0,0,0,0,0,0,0,0,0,0,0,0,0,0,0,0,0,0,0,0,0,0,0,0,0,0,-0.128492,-0.377139,-0.415497,0.113497,-0.357936,0.274412,-0.652707,0.0547597,0.140576,0.674885,-0.0826719,0.0127411,-0.170468,0.107584,0.0849068,0.169813,0.245292,0.00533472,0.31677,0.0033858,-0.114575,0.000520455,0.303094,-0.170312,-0.00207112,0.644083,-0.00434698,0.00474647,-0.0017005,1.3838,-0.774924,-0.953678,-0.980641,0.52199,-0.0412078,0.68823,-0.0402277,-0.323441,-2.30006,-0.0900725,0.64116,-1.16321,0.297884,-0.255478,-0.590417,-0.0860679,-0.0530793,0.0646945,0.0579852,0.481075,-0.131649,-0.0494144,0.00237077,0.124593,-0.159705,-0.0396801,-0.0661322,-0.154594,-0.256629,29.2756,-8.57518,2.46631,-4.83785,3.08863,-0.342567,3.48831,-0.608795,4.06956,0.0999257,-0.12401,0.354791,-2.24496,0.225997,-1.4566,1.15223,0.393276,-1.68895,-0.0129554,-0.413714,0.0294588,0.136764,-1.47128,-0.431541,-0.828666,0.00465638,-0.174078,-0.0329469,0,0,0,0,0,0,0,0,0,0,0,0,0,0,0,0,0,0,0,0,0,0,0,0,0,0,0,0,0,2.55789,2.55789,2.55789,6.3088,6.3088,1.81445,2.55789,2.55789,1.81445,6.3088,6.3088,0.907223,0.907223,1.81445,1.81445,0.907223,0.907223,1.81445,1.81445,0.907223,0.907223,0.907223,0.907223,0.907223,0.907223,1.06814,1.06814,1.06814,1.06814,40.1792,40.1792,40.1792,99.0984,99.0984,28.5012,40.1792,40.1792,28.5012,99.0984,99.0984,14.2506,14.2506,28.5012,28.5012,14.2506,14.2506,28.5012,28.5012,14.2506,14.2506,14.2506,14.2506,14.2506,14.2506,16.7783,16.7783,16.7783,16.7783,0,0,0,0,0,0,0,0,0,0,0,0,0,0,0,0,0,0,0,0,0,0,0,0,0,0,0,0,0,0,0,0,0,0,0,0,0,0,0,0,0,0,0,0,0,0,0,0,0,0,0,0,0,0,0,0,0,0,0,0,0,0,0,0,0,0,0,0,0,0,0,0,0,0,0,0,0,0,0,0,0,0,0,0,0,0,0,0,0,0,0,0,0,0,0,0,0,0,0,0,0,0,0,0,0,0,0,0,0,0,0,0,0,0,0,0,0,0.00770342,0.0610936,-0.0748428,-0.379821,0.282172,0.111838,0.295127,-0.169976,0.131877,0.0642915,-0.043663,-0.510265,-0.438946,-0.183209,0.422997,-0.416699,0.0141201,-0.079634,0.671724,0.181405,-0.198882,-0.133459,-1.31809,0.321174,-0.031886,-0.240614,-1.62911,-0.385286,-0.0186641,0.508197,0.825252,0.054381,-0.0803897,0.3678,-0.721714,0.0977329,-0.369545,0.361937,-0.540162,0.0993274,0.14086,0.533895,-0.087267,0.0238503,-0.22379,0.057838,0.0490498,0.033419,0.329436,0.0281968,0.2618,0.00619276,-0.087225,-0.0139845,0.323754,-0.274547,-0.0191496,0.586351,-0.0059328,-0.00994282,-0.0179259,0.898,0.0610556,-0.00768897,-0.998105,0.6,0,0,1.61144,1.24859,2.00031
2.13352,-0.904542,9.39506,0.354427,-0.287099,-0.0627958,0.0147792,0.0557674,-0.0764201,2.13352,-0.904542,9.39506,0.354427,-0.287099,-0.0627958,0.0147792,0.0557674,-0.0764201,-0.130624,0.350066,-0.711926,0.135813,-0.377776,0.330953,-0.428243,0.140475,0.140745,0.511356,-0.087267,0.00818927,-0.231535,0.0744363,0.0321868,0.0506411,0.323851,0.0385553,0.2618,0.00999489,-0.0583474,-0.0250337,0.315739,-0.29281,-0.0268481,0.587055,-0.00484899,-0.0113576,-0.0200063,0,0,0,0,0,0,0,0,0,0,0,0,0,0,0,0,0,0,0,0,0,0,0,0,0,0,0,0,0,-0.101899,-0.391502,-0.43309,0.100377,-0.348142,0.27254,-0.631973,0.0560447,0.138365,0.627651,-0.0841799,0.0191946,-0.189238,0.110868,0.0783073,0.157963,0.24304,0.00604688,0.317143,0.00451206,-0.101461,-0.00407484,0.302708,-0.170576,0.000843642,0.64149,-0.00483143,0.00353065,-0.0053381,1.23585,-0.681322,-0.781701,-0.445609,0.467116,-0.105585,1.19276,0.122571,0.0597414,-2.25721,-0.0755944,0.152281,-0.766799,0.104089,-0.293456,-0.565042,-0.101449,0.059805,0.00887677,0.0477556,0.67823,-0.234034,0.0397011,-0.0147473,0.152844,-0.109997,-0.0194612,-0.0528091,-0.17003,-2.26851,32.2128,-9.58784,2.67098,-5.01281,2.73643,0.75698,1.45548,0.0248096,4.84117,0.164106,-0.0861753,0.211841,-1.70075,-0.273093,-1.26692,1.32672,0.525645,-1.59352,-0.0197947,-0.405715,0.0708407,0.280581,-1.46714,-0.419398,-0.805988,0.00219548,-0.169202,-0.028614,0,0,0,0,0,0,0,0,0,0,0,0,0,0,0,0,0,0,0,0,0,0,0,0,0,0,0,0,0,2.55789,2.55789,2.55789,6.3088,6.3088,1.81445,2.55789,2.55789,1.81445,6.3088,6.3088,0.907223,0.907223,1.81445,1.81445,0.907223,0.907223,1.81445,1.81445,0.907223,0.907223,0.907223,0.907223,0.907223,0.907223,1.06814,1.06814,1.06814,1.06814,40.1792,40.1792,40.1792,99.0984,99.0984,28.5012,40.1792,40.1792,28.5012,99.0984,99.0984,14.2506,14.2506,28.5012,28.5012,14.2506,14.2506,28.5012,28.5012,14.2506,14.2506,14.2506,14.2506,14.2506,14.2506,16.7783,16.7783,16.7783,16.7783,0,0,0,0,0,0,0,0,0,0,0,0,0,0,0,0,0,0,0,0,0,0,0,0,0,0,0,0,0,0,0,0,0,0,0,0,0,0,0,0,0,0,0,0,0,0,0,0,0,0,0,0,0,0,0,0,0,0,0,0,0,0,0,0,0,0,0,0,0,0,0,0,0,0,0,0,0,0,0,0,0,0,0,0,0,0,0,0,0,0,0,0,0,0,0,0,0,0,0,0,0,0,0,0,0,0,0,0,0,0,0,0,0,0,0,0,0,0.0147792,0.0557674,-0.0764201,-0.340553,0.263895,0.0733892,0.282393,-0.211615,0.169722,0.08791,-0.0612163,-0.527923,-0.382034,-0.173762,0.331252,-0.212298,0.0227894,-0.0650863,0.639336,0.256553,-0.133038,-0.152449,-1.30021,0.320913,-0.0570794,-0.268538,-1.52052,-0.449563,-0.0421382,0.528246,0.754605,0.0186723,-0.130624,0.350066,-0.711926,0.135813,-0.377776,0.330953,-0.428243,0.140475,0.140745,0.511356,-0.087267,0.00818927,-0.231535,0.0744363,0.0321868,0.0506411,0.323851,0.0385553,0.2618,0.00999489,-0.0583474,-0.0250337,0.315739,-0.29281,-0.0268481,0.587055,-0.00484899,-0.0113576,-0.0200063,0.648,0.0557385,-0.0147557,-0.998336,0.6,0,0,1.61144,1.24859,2.00031
2.58881,-0.830166,9.29364,0.338502,-0.296606,-0.0463692,0.0223927,0.0499376,-0.0778018,2.58881,-0.830166,9.29364,0.338502,-0.296606,-0.0463692,0.0223927,0.0499376,-0.0778018,-0.15969,0.337606,-0.705252,0.205947,-0.390631,0.298158,-0.310593,0.17655,0.153867,0.457747,-0.087267,-0.0163996,-0.236784,0.103202,0.018477,0.0790175,0.312632,0.041154,0.2618,0.0117448,-0.0125727,-0.0265722,0.299112,-0.332351,-0.0374246,0.586524,-0.00414254,-0.0145247,-0.0209106,0,0,0,0,0,0,0,0,0,0,0,0,0,0,0,0,0,0,0,0,0,0,0,0,0,0,0,0,0,-0.0772201,-0.40563,-0.445177,0.101166,-0.342193,0.270009,-0.598138,0.0608787,0.144996,0.580225,-0.0855823,0.0177487,-0.200832,0.110753,0.0700129,0.146457,0.240141,0.0098181,0.315878,0.00634075,-0.0830544,-0.0110547,0.30391,-0.171305,0.0036203,0.640331,-0.00489994,0.00232002,-0.00867272,0.99583,-0.602987,-0.371086,0.29545,0.278186,-0.10906,1.68663,0.285131,0.445583,-1.94374,-0.0590062,-0.158605,-0.365204,-0.056205,-0.321284,-0.455485,-0.115965,0.183219,-0.0593252,0.0783481,0.816423,-0.29969,0.11427,-0.04496,0.10489,-0.020117,-6.63641e-05,-0.0438267,-0.130773,-4.68362,31.875,-9.71875,1.82,-5.19863,1.93525,2.66382,2.50926,-0.874623,5.44237,0.205838,-0.00162084,-0.0933721,-0.937981,-0.459572,-0.947499,1.30195,0.488525,-1.43139,-0.0193415,-0.384574,0.0732566,0.0843735,-1.6928,-0.529466,-0.866495,0.000879121,-0.181076,-0.0500085,0,0,0,0,0,0,0,0,0,0,0,0,0,0,0,0,0,0,0,0,0,0,0,0,0,0,0,0,0,2.55789,2.55789,2.55789,6.3088,6.3088,1.81445,2.55789,2.55789,1.81445,6.3088,6.3088,0.907223,0.907223,1.81445,1.81445,0.907223,0.907223,1.81445,1.81445,0.907223,0.907223,0.907223,0.907223,0.907223,0.907223,1.06814,1.06814,1.06814,1.06814,40.1792,40.1792,40.1792,99.0984,99.0984,28.5012,40.1792,40.1792,28.5012,99.0984,99.0984,14.2506,14.2506,28.5012,28.5012,14.2506,14.2506,28.5012,28.5012,14.2506,14.2506,14.2506,14.2506,14.2506,14.2506,16.7783,16.7783,16.7783,16.7783,0,0,0,0,0,0,0,0,0,0,0,0,0,0,0,0,0,0,0,0,0,0,0,0,0,0,0,0,0,0,0,0,0,0,0,0,0,0,0,0,0,0,0,0,0,0,0,0,0,0,0,0,0,0,0,0,0,0,0,0,0,0,0,0,0,0,0,0,0,0,0,0,0,0,0,0,0,0,0,0,0,0,0,0,0,0,0,0,0,0,0,0,0,0,0,0,0,0,0,0,0,0,0,0,0,0,0,0,0,0,0,0,0,0,0,0,0,0.0223927,0.0499376,-0.0778018,-0.275852,0.225985,0.0421294,0.256812,-0.301773,0.235311,0.0938351,-0.0853318,-0.539891,-0.315244,-0.180884,0.278168,0.00256987,0.0267794,-0.0556039,0.616579,0.322438,-0.028667,-0.19496,-1.28802,0.350833,-0.0605872,-0.280676,-1.32051,-0.602441,-0.078798,0.513067,0.67983,-0.0373927,-0.15969,0.337606,-0.705252,0.205947,-0.390631,0.298158,-0.310593,0.17655,0.153867,0.457747,-0.087267,-0.0163996,-0.236784,0.103202,0.018477,0.0790175,0.312632,0.041154,0.2618,0.0117448,-0.0125727,-0.0265722,0.299112,-0.332351,-0.0374246,0.586524,-0.00414254,-0.0145247,-0.0209106,0.846,0.0505072,-0.0216916,-0.998488,0.6,0,0,1.61897,1.24279,1.98811
2.67495,-0.633134,9.05225,0.323371,-0.298396,-0.0294404,0.0283716,0.044981,-0.0786766,2.67495,-0.633134,9.05225,0.323371,-0.298396,-0.0294404,0.0283716,0.044981,-0.0786766,-0.200606,0.319309,-0.674776,0.295954,-0.419697,0.256033,-0.169868,0.20001,0.153809,0.39358,-0.087267,-0.0392206,-0.229529,0.101726,-0.00577604,0.108151,0.30334,0.0393774,0.2618,0.0131782,0.0413308,-0.0204985,0.283125,-0.372334,-0.0475671,0.586978,-0.00394949,-0.0164925,-0.0198176,0,0,0,0,0,0,0,0,0,0,0,0,0,0,0,0,0,0,0,0,0,0,0,0,0,0,0,0,0,-0.060967,-0.416274,-0.44944,0.116892,-0.342179,0.2679,-0.559779,0.0674007,0.155783,0.541894,-0.0862634,0.0110848,-0.20336,0.107342,0.0622123,0.139288,0.237504,0.0136344,0.31337,0.0078703,-0.0631795,-0.0158613,0.305744,-0.173366,0.00543352,0.641201,-0.00472106,0.00129922,-0.0106145,0.802615,-0.557311,-0.111352,1.18384,0.0368121,-0.117563,2.36322,0.435534,0.700882,-2.14004,-0.0444472,-0.466423,0.00366666,-0.265894,-0.422271,-0.332496,-0.145705,0.197822,-0.144919,0.078433,1.16449,-0.233225,0.134759,-0.166418,0.0933725,0.0728754,0.0105138,-0.0487005,-0.0904764,-6.03149,31.6964,-9.91369,1.87085,-4.89763,1.07373,4.21182,3.34355,-1.25739,4.98387,0.17092,0.0137911,-0.457032,0.340763,-0.455029,-0.546261,1.20431,0.422231,-1.2034,-0.0161467,-0.31938,0.0596817,-0.197565,-2.12737,-0.695533,-0.989267,-0.00179421,-0.211298,-0.0750213,0,0,0,0,0,0,0,0,0,0,0,0,0,0,0,0,0,0,0,0,0,0,0,0,0,0,0,0,0,2.55789,2.55789,2.55789,6.3088,6.3088,1.81445,2.55789,2.55789,1.81445,6.3088,6.3088,0.907223,0.907223,1.81445,1.81445,0.907223,0.907223,1.81445,1.81445,0.907223,0.907223,0.907223,0.907223,0.907223,0.907223,1.06814,1.06814,1.06814,1.06814,40.1792,40.1792,40.1792,99.0984,99.0984,28.5012,40.1792,40.1792,28.5012,99.0984,99.0984,14.2506,14.2506,28.5012,28.5012,14.2506,14.2506,28.5012,28.5012,14.2506,14.2506,14.2506,14.2506,14.2506,14.2506,16.7783,16.7783,16.7783,16.7783,0,0,0,0,0,0,0,0,0,0,0,0,0,0,0,0,0,0,0,0,0,0,0,0,0,0,0,0,0,0,0,0,0,0,0,0,0,0,0,0,0,0,0,0,0,0,0,0,0,0,0,0,0,0,0,0,0,0,0,0,0,0,0,0,0,0,0,0,0,0,0,0,0,0,0,0,0,0,0,0,0,0,0,0,0,0,0,0,0,0,0,0,0,0,0,0,0,0,0,0,0,0,0,0,0,0,0,0,0,0,0,0,0,0,0,0,0,0.0283716,0.044981,-0.0786766,-0.209425,0.189533,-0.0131699,0.235625,-0.392938,0.231946,0.0897845,-0.108458,-0.523349,-0.264387,-0.174786,0.203443,0.25958,0.0300476,-0.0530126,0.583163,0.365285,0.0942384,-0.221373,-1.23236,0.350699,-0.0467387,-0.266005,-1.06384,-0.78543,-0.161687,0.501046,0.583781,-0.0894268,-0.200606,0.319309,-0.674776,0.295954,-0.419697,0.256033,-0.169868,0.20001,0.153809,0.39358,-0.087267,-0.0392206,-0.229529,0.101726,-0.00577604,0.108151,0.30334,0.0393774,0.2618,0.0131782,0.0413308,-0.0204985,0.283125,-0.372334,-0.0475671,0.586978,-0.00394949,-0.0164925,-0.0198176,0.799,0.0449659,-0.0283391,-0.998586,0.6,0,0,1.62618,1.23088,1.99658
0.444647,6.84929,16.9888,0.433766,-0.246471,-0.0553034,0.0352836,0.0399664,-0.0794144,0.444647,6.84929,16.9888,0.433766,-0.246471,-0.0553034,0.0352836,0.0399664,-0.0794144,-0.308729,0.224168,-0.637578,0.42099,-0.463251,0.178836,-0.00339568,0.2242,0.16054,0.366589,-0.087267,-0.0739144,-0.229325,0.119912,-0.018438,0.162153,0.33505,0.0501375,0.2618,0.0196273,0.0915129,-0.0160596,0.290389,-0.35768,-0.039561,0.58698,-0.00461268,-0.0188937,-0.016815,0,0,0,0,0,0,0,0,0,0,0,0,0,0,0,0,0,0,0,0,0,0,0,0,0,0,0,0,0,-0.048145,-0.425069,-0.44517,0.156854,-0.34965,0.264892,-0.502485,0.078308,0.168544,0.495397,-0.0904745,-0.0138789,-0.198666,0.0966658,0.0503114,0.133826,0.233228,0.0171745,0.310085,0.00947387,-0.0333599,-0.0183005,0.307386,-0.179571,0.00682994,0.64391,-0.00448193,0.000254663,-0.0116438,0.393254,-0.0755168,0.492609,2.3661,-0.241533,-0.145056,2.67004,0.870917,0.215856,-1.80603,-0.40217,-3.52517,0.150748,-0.987322,-0.504395,-0.200955,-0.386828,0.175079,0.0466209,0.0758168,1.4891,-0.0685164,0.0200754,-0.493563,0.0289983,0.252763,0.00852566,-0.0433572,-0.0322319,-7.2905,30.5009,-10.2829,-0.436756,-5.24386,0.0324853,6.21802,3.07967,-1.19144,2.43415,4.25914,2.15775,-0.669104,1.54777,-0.617107,-0.170765,1.2657,0.341384,-1.29603,-0.015403,-0.271608,0.0376158,-0.397431,-2.36881,-0.815895,-1.16032,-0.00109039,-0.229148,-0.101232,0,0,0,0,0,0,0,0,0,0,0,0,0,0,0,0,0,0,0,0,0,0,0,0,0,0,0,0,0,2.55789,2.55789,2.55789,6.3088,6.3088,1.81445,2.55789,2.55789,1.81445,6.3088,6.3088,0.907223,0.907223,1.81445,1.81445,0.907223,0.907223,1.81445,1.81445,0.907223,0.907223,0.907223,0.907223,0.907223,0.907223,1.06814,1.06814,1.06814,1.06814,40.1792,40.1792,40.1792,99.0984,99.0984,28.5012,40.1792,40.1792,28.5012,99.0984,99.0984,14.2506,14.2506,28.5012,28.5012,14.2506,14.2506,28.5012,28.5012,14.2506,14.2506,14.2506,14.2506,14.2506,14.2506,16.7783,16.7783,16.7783,16.7783,0,0,0,0,0,0,0,0,0,0,0,0,0,0,0,0,0,0,0,0,0,0,0,0,0,0,0,0,0,0,0,0,0,0,0,0,0,0,0,0,0,0,0,0,0,0,0,0,0,0,0,0,0,0,0,0,0,0,0,0,0,0,0,0,0,0,0,0,0,0,0,0,0,0,0,0,0,0,0,0,0,0,0,0,0,0,0,0,0,0,0,0,0,0,0,0,0,0,0,0,0,0,0,0,0,0,0,0,0,0,0,0,0,0,0,0,0,0.0352836,0.0399664,-0.0794144,-0.086295,0.206096,-0.0420404,0.307928,-0.359526,0.273411,0.114318,-0.090203,-0.522884,-0.201785,-0.17477,0.00597468,0.563613,0.0447523,-0.0619144,0.409404,0.409463,0.208659,-0.253604,-1.16443,0.366047,-0.0366174,-0.225702,-0.707262,-0.862401,-0.285892,0.394899,0.407764,-0.168532,-0.308729,0.224168,-0.637578,0.42099,-0.463251,0.178836,-0.00339568,0.2242,0.16054,0.366589,-0.087267,-0.0739144,-0.229325,0.119912,-0.018438,0.162153,0.33505,0.0501375,0.2618,0.0196273,0.0915129,-0.0160596,0.290389,-0.35768,-0.039561,0.58698,-0.00461268,-0.0188937,-0.016815,0.669,0.0399558,-0.0352481,-0.99858,0.6,0,0,1.62618,1.23088,1.99658
1.104,1.52937,10.4819,0.64854,0.0237612,-0.261982,0.047183,0.0388884,-0.083117,1.104,1.52937,10.4819,0.64854,0.0237612,-0.261982,0.047183,0.0388884,-0.083117,-0.595136,-0.0482543,-0.550351,0.573279,-0.58414,-0.00841149,0.266579,0.172134,0.231471,0.317546,-0.087267,-0.109206,-0.259451,0.116786,0.0239578,0.301747,0.412468,0.0746325,0.2618,0.0253459,0.128991,-0.00448025,0.350846,-0.247771,0.0106449,0.590507,-0.00568131,-0.0222772,-0.00802789,0,0,0,0,0,0,0,0,0,0,0,0,0,0,0,0,0,0,0,0,0,0,0,0,0,0,0,0,0,-0.0469166,-0.414188,-0.433076,0.22567,-0.368281,0.249461,-0.4533,0.104427,0.158708,0.467789,-0.0911219,-0.0691131,-0.198351,0.0580948,0.0364705,0.133128,0.220002,0.0206024,0.31027,0.0120847,0.00318264,-0.0183553,0.303166,-0.194871,0.00594733,0.650154,-0.00450646,4.18452e-05,-0.0117403,-0.0094218,0.998488,0.6491,3.82947,-0.834125,-1.2163,2.52813,1.58899,-0.828714,-1.38826,0.120936,-1.82689,-0.0063684,-2.46276,-0.805386,0.148132,-0.705338,0.100278,-0.094302,0.128754,1.83189,0.0112434,-0.278791,-0.894283,-0.0838492,0.239061,-0.00356386,0.00625484,0.00262436,-10.484,23.3922,-9.8264,-3.96529,-4.05362,-0.0611252,11.8547,1.00949,1.4482,-1.68863,-0.235511,1.69845,-0.43932,5.97242,-0.14766,0.326978,2.27435,0.629957,-1.26153,-0.00974909,-0.39034,0.0193514,0.0668863,-1.54415,-0.580009,-1.33169,0.0018114,-0.324224,-0.0879522,0,0,0,0,0,0,0,0,0,0,0,0,0,0,0,0,0,0,0,0,0,0,0,0,0,0,0,0,0,2.55789,2.55789,2.55789,6.3088,6.3088,1.81445,2.55789,2.55789,1.81445,6.3088,6.3088,0.907223,0.907223,1.81445,1.81445,0.907223,0.907223,1.81445,1.81445,0.907223,0.907223,0.907223,0.907223,0.907223,0.907223,1.06814,1.06814,1.06814,1.06814,40.1792,40.1792,40.1792,99.0984,99.0984,28.5012,40.1792,40.1792,28.5012,99.0984,99.0984,14.2506,14.2506,28.5012,28.5012,14.2506,14.2506,28.5012,28.5012,14.2506,14.2506,14.2506,14.2506,14.2506,14.2506,16.7783,16.7783,16.7783,16.7783,0,0,0,0,0,0,0,0,0,0,0,0,0,0,0,0,0,0,0,0,0,0,0,0,0,0,0,0,0,0,0,0,0,0,0,0,0,0,0,0,0,0,0,0,0,0,0,0,0,0,0,0,0,0,0,0,0,0,0,0,0,0,0,0,0,0,0,0,0,0,0,0,0,0,0,0,0,0,0,0,0,0,0,0,0,0,0,0,0,0,0,0,0,0,0,0,0,0,0,0,0,0,0,0,0,0,0,0,0,0,0,0,0,0,0,0,0,0.047183,0.0388884,-0.083117,0.231994,0.343945,0.0546261,0.484448,-0.108922,0.266285,0.17017,0.0242714,-0.591574,-0.116668,-0.127426,-0.517099,1.05668,0.0577913,-0.0762583,-0.0881282,0.314373,0.294113,-0.299019,-1.00512,0.527776,-0.0102154,-0.107756,-0.272973,-1.00226,-0.630637,-0.0544339,-0.019179,-0.249,-0.595136,-0.0482543,-0.550351,0.573279,-0.58414,-0.00841149,0.266579,0.172134,0.231471,0.317546,-0.087267,-0.109206,-0.259451,0.116786,0.0239578,0.301747,0.412468,0.0746325,0.2618,0.0253459,0.128991,-0.00448025,0.350846,-0.247771,0.0106449,0.590507,-0.00568131,-0.0222772,-0.00802789,0.622,0.0388786,-0.0471298,-0.998132,0.6,0,0,1.63381,1.21991,2.02005
1.7434,-1.21687,6.61072,0.462622,-0.116371,-0.443614,0.0580862,0.0381063,-0.0907489,1.7434,-1.21687,6.61072,0.462622,-0.116371,-0.443614,0.0580862,0.0381063,-0.0907489,-1.00558,-0.173057,-0.394018,0.861703,-0.946009,-0.11392,0.539859,-0.246181,0.448034,0.19727,-0.087267,-0.193262,-0.265406,0.0983445,0.0670443,0.479872,0.420493,0.07685,0.2618,0.0243367,0.126579,0.0187379,0.374802,-0.137133,0.0735463,0.597741,-0.00312676,-0.0211177,0.0122337,0,0,0,0,0,0,0,0,0,0,0,0,0,0,0,0,0,0,0,0,0,0,0,0,0,0,0,0,0,-0.0630201,-0.389471,-0.419578,0.328654,-0.417322,0.189778,-0.405368,0.140185,0.139534,0.432847,-0.0851026,-0.093849,-0.195174,0.00602002,0.0282261,0.145329,0.209869,0.0224927,0.302637,0.0153638,0.0398348,-0.0171119,0.30006,-0.211516,0.00590728,0.651655,-0.00484129,-0.000893495,-0.0108769,-1.0635,1.5706,0.644464,5.22546,-2.22014,-3.59717,2.34417,2.05395,-0.983312,-1.9495,0.369259,-0.941521,0.190873,-2.71307,-0.190949,0.921224,-0.287832,0.0880317,-0.526212,0.152707,1.64464,0.0739026,-0.0212342,-0.745166,0.047764,-0.119782,-0.01748,-0.0925161,0.0565007,-18.7952,10.0171,-6.50824,-8.35844,0.580555,0.661368,21.1475,-3.68776,4.38267,0.445544,-2.49418,0.650149,-1.092,7.94309,0.266005,1.46472,3.19069,1.33463,-0.245261,0.00280798,-0.237963,0.112585,0.762203,0.165668,0.0289479,-0.92697,0.00388633,-0.279086,-0.0108761,0,0,0,0,0,0,0,0,0,0,0,0,0,0,0,0,0,0,0,0,0,0,0,0,0,0,0,0,0,2.55789,2.55789,2.55789,6.3088,6.3088,1.81445,2.55789,2.55789,1.81445,6.3088,6.3088,0.907223,0.907223,1.81445,1.81445,0.907223,0.907223,1.81445,1.81445,0.907223,0.907223,0.907223,0.907223,0.907223,0.907223,1.06814,1.06814,1.06814,1.06814,40.1792,40.1792,40.1792,99.0984,99.0984,28.5012,40.1792,40.1792,28.5012,99.0984,99.0984,14.2506,14.2506,28.5012,28.5012,14.2506,14.2506,28.5012,28.5012,14.2506,14.2506,14.2506,14.2506,14.2506,14.2506,16.7783,16.7783,16.7783,16.7783,0,0,0,0,0,0,0,0,0,0,0,0,0,0,0,0,0,0,0,0,0,0,0,0,0,0,0,0,0,0,0,0,0,0,0,0,0,0,0,0,0,0,0,0,0,0,0,0,0,0,0,0,0,0,0,0,0,0,0,0,0,0,0,0,0,0,0,0,0,0,0,0,0,0,0,0,0,0,0,0,0,0,0,0,0,0,0,0,0,0,0,0,0,0,0,0,0,0,0,0,0,0,0,0,0,0,0,0,0,0,0,0,0,0,0,0,0,0.0580862,0.0381063,-0.0907489,0.638136,0.398566,0.152868,0.502745,0.143342,0.224235,0.175226,0.167693,-0.605153,-0.026207,-0.030317,-1.2667,1.55577,0.0554902,-0.0419695,-0.316059,-0.449607,0.288614,-0.283455,-0.719607,1.02156,0.0427243,0.164209,0.549542,-1.34526,-1.6626,-0.615032,-0.259749,-0.440655,-1.00558,-0.173057,-0.394018,0.861703,-0.946009,-0.11392,0.539859,-0.246181,0.448034,0.19727,-0.087267,-0.193262,-0.265406,0.0983445,0.0670443,0.479872,0.420493,0.07685,0.2618,0.0243367,0.126579,0.0187379,0.374802,-0.137133,0.0735463,0.597741,-0.00312676,-0.0211177,0.0122337,0.749,0.0380971,-0.0580114,-0.997589,0.6,0,0,1.63381,1.21991,2.02005
-1.47494,-2.6651,8.36246,0.135471,-0.226149,-0.649134,0.0635277,0.0339571,-0.102576,-1.47494,-2.6651,8.36246,0.135471,-0.226149,-0.649134,0.0635277,0.0339571,-0.102576,-1.08166,-0.0324879,-0.14193,1.32332,-0.990497,-0.0220149,0.467695,-0.941122,0.52,0.103727,-0.087267,-0.283777,-0.197883,0.0485542,0.130041,0.462519,0.31119,0.0661664,0.2618,0.0349591,-0.0277116,-0.0131945,0.376933,-0.141961,0.0798166,0.602314,-0.0048286,-0.0123956,0.0366778,0,0,0,0,0,0,0,0,0,0,0,0,0,0,0,0,0,0,0,0,0,0,0,0,0,0,0,0,0,-0.11522,-0.351431,-0.38813,0.479963,-0.549545,0.111052,-0.365935,0.180281,0.114696,0.382574,-0.0722272,-0.109649,-0.181928,-0.0453299,0.0382888,0.174667,0.209337,0.0248664,0.290823,0.0175998,0.064777,-0.0109843,0.301059,-0.221924,0.0108023,0.650499,-0.00455409,-0.00312418,-0.00674283,-3.17373,2.12056,1.63025,7.61115,-6.23853,-3.84134,1.85535,1.9922,-1.25803,-2.7735,0.760721,-0.704446,0.838718,-2.37489,0.662505,1.7718,0.204963,0.160274,-0.61429,0.0898249,0.971514,0.371289,0.0550028,-0.27774,0.348953,-0.0639942,0.0182685,-0.109794,0.244,-27.9635,1.98053,-4.37763,-9.75473,0.112625,0.561669,31.7915,-22.075,11.7878,-1.44451,-6.15586,-0.55848,-1.93326,8.39137,-0.39805,2.82618,2.88039,1.21631,0.27008,0.0140275,-0.0183149,0.0936464,0.997585,1.51048,0.596781,-0.822967,0.00433832,-0.188267,0.0620566,0,0,0,0,0,0,0,0,0,0,0,0,0,0,0,0,0,0,0,0,0,0,0,0,0,0,0,0,0,2.55789,2.55789,2.55789,6.3088,6.3088,1.81445,2.55789,2.55789,1.81445,6.3088,6.3088,0.907223,0.907223,1.81445,1.81445,0.907223,0.907223,1.81445,1.81445,0.907223,0.907223,0.907223,0.907223,0.907223,0.907223,1.06814,1.06814,1.06814,1.06814,40.1792,40.1792,40.1792,99.0984,99.0984,28.5012,40.1792,40.1792,28.5012,99.0984,99.0984,14.2506,14.2506,28.5012,28.5012,14.2506,14.2506,28.5012,28.5012,14.2506,14.2506,14.2506,14.2506,14.2506,14.2506,16.7783,16.7783,16.7783,16.7783,0,0,0,0,0,0,0,0,0,0,0,0,0,0,0,0,0,0,0,0,0,0,0,0,0,0,0,0,0,0,0,0,0,0,0,0,0,0,0,0,0,0,0,0,0,0,0,0,0,0,0,0,0,0,0,0,0,0,0,0,0,0,0,0,0,0,0,0,0,0,0,0,0,0,0,0,0,0,0,0,0,0,0,0,0,0,0,0,0,0,0,0,0,0,0,0,0,0,0,0,0,0,0,0,0,0,0,0,0,0,0,0,0,0,0,0,0,0.0635277,0.0339571,-0.102576,0.598569,0.403426,0.296505,0.253524,0.132335,0.110708,0.150866,0.18199,-0.451192,-0.0150397,0.031066,-1.40564,1.42398,0.0797103,-0.0648127,-0.0593336,-1.7188,-0.0631853,-0.166382,-0.259212,1.38748,-0.0300847,0.492314,1.86596,-1.61202,-1.78947,-1.05533,-0.0501962,-0.64704,-1.08166,-0.0324879,-0.14193,1.32332,-0.990497,-0.0220149,0.467695,-0.941122,0.52,0.103727,-0.087267,-0.283777,-0.197883,0.0485542,0.130041,0.462519,0.31119,0.0661664,0.2618,0.0349591,-0.0277116,-0.0131945,0.376933,-0.141961,0.0798166,0.602314,-0.0048286,-0.0123956,0.0366778,0.827,0.0339506,-0.0634484,-0.997407,0.6,0,0,1.63658,1.20184,2.01027
-4.75391,-3.32965,10.7085,-0.207169,0.104272,-0.415678,0.0625499,0.0329409,-0.113475,-4.75391,-3.32965,10.7085,-0.207169,0.104272,-0.415678,0.0625499,0.0329409,-0.113475,-0.933237,0.108805,-0.181775,1.34174,-0.899582,0.018931,0.129964,-0.818921,0.52,0.182744,-0.087267,-0.281604,-0.0861918,-0.109113,0.165431,0.251947,0.282299,0.0530553,0.2618,0.0309761,-0.16413,0.0159715,0.309715,-0.329141,-0.0289318,0.594667,-0.00616975,-0.0124162,0.0370209,0,0,0,0,0,0,0,0,0,0,0,0,0,0,0,0,0,0,0,0,0,0,0,0,0,0,0,0,0,-0.216029,-0.299645,-0.323722,0.686314,-0.666799,0.0682205,-0.335136,0.210692,0.0733179,0.321077,-0.0567167,-0.122017,-0.147755,-0.0886442,0.0551432,0.210641,0.214296,0.0307521,0.28684,0.0218672,0.0522449,-0.0105399,0.30284,-0.222091,0.0180346,0.64856,-0.00455422,-0.00399142,0.00249172,-5.60545,2.80556,3.73379,10.9788,-5.04077,-1.5083,1.57375,1.18638,-2.35335,-3.0915,0.696934,-0.584713,2.05462,-1.82967,0.538818,1.7307,0.314183,0.333724,-0.124096,0.221851,-1.17619,-0.0812399,0.0391492,0.258726,0.386696,-0.0255925,-0.00408593,-0.0210185,0.487494,-20.8029,3.80798,-2.01625,-4.9433,-0.228218,0.187111,28.4495,-49.3588,16.9108,-2.40012,-7.48156,-1.78629,-2.52558,7.32063,0.99169,2.04708,1.12605,0.417152,-0.496043,-0.01443,-0.115749,0.0332471,1.01125,0.975102,0.547118,-0.721428,-0.00039121,-0.114347,0.0562949,0,0,0,0,0,0,0,0,0,0,0,0,0,0,0,0,0,0,0,0,0,0,0,0,0,0,0,0,0,2.55789,2.55789,2.55789,6.3088,6.3088,1.81445,2.55789,2.55789,1.81445,6.3088,6.3088,0.907223,0.907223,1.81445,1.81445,0.907223,0.907223,1.81445,1.81445,0.907223,0.907223,0.907223,0.907223,0.907223,0.907223,1.06814,1.06814,1.06814,1.06814,40.1792,40.1792,40.1792,99.0984,99.0984,28.5012,40.1792,40.1792,28.5012,99.0984,99.0984,14.2506,14.2506,28.5012,28.5012,14.2506,14.2506,28.5012,28.5012,14.2506,14.2506,14.2506,14.2506,14.2506,14.2506,16.7783,16.7783,16.7783,16.7783,0,0,0,0,0,0,0,0,0,0,0,0,0,0,0,0,0,0,0,0,0,0,0,0,0,0,0,0,0,0,0,0,0,0,0,0,0,0,0,0,0,0,0,0,0,0,0,0,0,0,0,0,0,0,0,0,0,0,0,0,0,0,0,0,0,0,0,0,0,0,0,0,0,0,0,0,0,0,0,0,0,0,0,0,0,0,0,0,0,0,0,0,0,0,0,0,0,0,0,0,0,0,0,0,0,0,0,0,0,0,0,0,0,0,0,0,0,0.0625499,0.0329409,-0.113475,0.118444,0.250162,0.377198,0.18765,-0.294455,-0.248788,0.120971,-0.0659673,-0.196526,-0.182098,-0.0715825,-1.13458,0.807172,0.0706286,-0.0828144,0.198713,-1.49562,-0.374233,-0.166658,-0.331981,1.36421,0.0364167,0.49692,1.91848,-1.38668,-1.5302,-0.909789,0.0431645,-0.642086,-0.933237,0.108805,-0.181775,1.34174,-0.899582,0.018931,0.129964,-0.818921,0.52,0.182744,-0.087267,-0.281604,-0.0861918,-0.109113,0.165431,0.251947,0.282299,0.0530553,0.2618,0.0309761,-0.16413,0.0159715,0.309715,-0.329141,-0.0289318,0.594667,-0.00616975,-0.0124162,0.0370209,1.637,0.032935,-0.0624753,-0.997503,0.6,0,0,1.64305,1.19134,2.01054
-2.35147,-0.812023,9.24726,-0.417394,0.177491,-0.11806,0.0555165,0.0358847,-0.118145,-2.35147,-0.812023,9.24726,-0.417394,0.177491,-0.11806,0.0555165,0.0358847,-0.118145,-0.799225,0.17464,-0.223903,1.35467,-0.788092,0.0482483,-0.159948,-0.669958,0.52,0.166704,-0.087267,-0.269513,-0.0421851,-0.121345,0.164659,0.14042,0.263896,0.0250756,0.2618,0.00301125,-0.203119,0.108253,0.217198,-0.424753,-0.0842849,0.586977,-0.00506712,-0.0200287,0.0387077,0,0,0,0,0,0,0,0,0,0,0,0,0,0,0,0,0,0,0,0,0,0,0,0,0,0,0,0,0,-0.327126,-0.244116,-0.256201,0.878429,-0.72947,0.0520966,-0.315068,0.231008,0.0337088,0.277751,-0.0510154,-0.131005,-0.114964,-0.11372,0.0655803,0.240901,0.222534,0.0351189,0.292761,0.0247828,0.00694198,-0.00573184,0.305139,-0.212964,0.0203093,0.648022,-0.00501983,-0.00342603,0.0132852,-5.27,2.76568,2.98136,8.36528,-2.62833,-0.573164,0.735061,0.946372,-1.6435,-1.54524,0.052293,-0.387247,1.27625,-0.898455,0.383074,1.31807,0.40708,0.201611,0.382948,0.115983,-2.46931,0.331388,0.121997,0.512555,-0.0302833,0.00501113,-0.019997,0.0383649,0.487637,-11.0547,7.32241,-4.63708,-6.97416,-0.288068,0.0970264,16.0187,-44.5602,16.8767,0.651142,-4.12128,-1.80125,-0.780365,1.82404,2.079,-1.04233,0.484387,0.158017,-1.56453,-0.0170619,-0.223428,0.0156595,-0.0462649,-2.10502,-0.688411,-0.885926,0.00293015,-0.189419,-0.127275,0,0,0,0,0,0,0,0,0,0,0,0,0,0,0,0,0,0,0,0,0,0,0,0,0,0,0,0,0,2.55789,2.55789,2.55789,6.3088,6.3088,1.81445,2.55789,2.55789,1.81445,6.3088,6.3088,0.907223,0.907223,1.81445,1.81445,0.907223,0.907223,1.81445,1.81445,0.907223,0.907223,0.907223,0.907223,0.907223,0.907223,1.06814,1.06814,1.06814,1.06814,40.1792,40.1792,40.1792,99.0984,99.0984,28.5012,40.1792,40.1792,28.5012,99.0984,99.0984,14.2506,14.2506,28.5012,28.5012,14.2506,14.2506,28.5012,28.5012,14.2506,14.2506,14.2506,14.2506,14.2506,14.2506,16.7783,16.7783,16.7783,16.7783,0,0,0,0,0,0,0,0,0,0,0,0,0,0,0,0,0,0,0,0,0,0,0,0,0,0,0,0,0,0,0,0,0,0,0,0,0,0,0,0,0,0,0,0,0,0,0,0,0,0,0,0,0,0,0,0,0,0,0,0,0,0,0,0,0,0,0,0,0,0,0,0,0,0,0,0,0,0,0,0,0,0,0,0,0,0,0,0,0,0,0,0,0,0,0,0,0,0,0,0,0,0,0,0,0,0,0,0,0,0,0,0,0,0,0,0,0,0.0555165,0.0358847,-0.118145,-0.135849,0.0392131,0.375439,0.145689,-0.512458,-0.276679,0.0571748,-0.192178,-0.0961861,-0.237804,-0.174798,-0.889832,0.277697,0.00686595,-0.0680142,0.31895,-1.22356,-0.463131,-0.268838,-0.408921,1.18742,0.246827,0.519561,1.95535,-1.43242,-1.21226,-0.894604,0.110011,-0.614517,-0.799225,0.17464,-0.223903,1.35467,-0.788092,0.0482483,-0.159948,-0.669958,0.52,0.166704,-0.087267,-0.269513,-0.0421851,-0.121345,0.164659,0.14042,0.263896,0.0250756,0.2618,0.00301125,-0.203119,0.108253,0.217198,-0.424753,-0.0842849,0.586977,-0.00506712,-0.0200287,0.0387077,0.848,0.035877,-0.0554522,-0.997817,0.6,0,0,1.64305,1.19134,2.01054
-1.62384,0.93925,9.02019,-0.444906,0.144726,0.0316204,0.0466654,0.0386315,-0.11844,-1.62384,0.93925,9.02019,-0.444906,0.144726,0.0316204,0.0466654,0.0386315,-0.11844,-0.809923,0.160596,-0.162474,1.39901,-0.668635,0.0558557,-0.208943,-0.553421,0.46913,0.13986,-0.087267,-0.251023,-0.0329439,-0.0725655,0.18752,0.0946734,0.24338,-0.00985483,0.2618,-0.00944771,-0.179789,0.17242,0.175256,-0.464289,-0.0997835,0.583075,-0.00274421,-0.0245778,0.0347614,0,0,0,0,0,0,0,0,0,0,0,0,0,0,0,0,0,0,0,0,0,0,0,0,0,0,0,0,0,-0.427474,-0.188509,-0.209297,1.01745,-0.746204,0.0488214,-0.308281,0.251117,0.00937656,0.257604,-0.0534116,-0.138507,-0.0991809,-0.127094,0.075755,0.262707,0.230203,0.0335785,0.302402,0.0204033,-0.0419216,0.0198104,0.306611,-0.20491,0.016277,0.650734,-0.00512828,-0.00331525,0.022897,-4.69179,2.82541,1.84141,5.89328,-0.617217,-0.054386,0.180855,1.08004,-0.899241,-0.687775,-0.223609,-0.380667,0.432007,-0.560585,0.481382,0.88659,0.272537,-0.113564,0.469731,-0.281173,-2.23566,1.48495,-0.0182518,0.261767,-0.295137,0.208489,-0.000497201,0.0118095,0.423692,-3.08542,7.6194,-5.41079,-3.98572,-0.267388,0.0848052,5.49865,-39.6485,16.247,-4.48826,-2.08506,-1.53408,0.369451,1.17886,1.635,-2.56596,0.2117,-0.0270942,-2.00204,0.00507249,-0.270202,-0.0695573,-1.28038,-3.39475,-1.18518,-1.27492,0.00174688,-0.287645,-0.191665,0,0,0,0,0,0,0,0,0,0,0,0,0,0,0,0,0,0,0,0,0,0,0,0,0,0,0,0,0,2.55789,2.55789,2.55789,6.3088,6.3088,1.81445,2.55789,2.55789,1.81445,6.3088,6.3088,0.907223,0.907223,1.81445,1.81445,0.907223,0.907223,1.81445,1.81445,0.907223,0.907223,0.907223,0.907223,0.907223,0.907223,1.06814,1.06814,1.06814,1.06814,40.1792,40.1792,40.1792,99.0984,99.0984,28.5012,40.1792,40.1792,28.5012,99.0984,99.0984,14.2506,14.2506,28.5012,28.5012,14.2506,14.2506,28.5012,28.5012,14.2506,14.2506,14.2506,14.2506,14.2506,14.2506,16.7783,16.7783,16.7783,16.7783,0,0,0,0,0,0,0,0,0,0,0,0,0,0,0,0,0,0,0,0,0,0,0,0,0,0,0,0,0,0,0,0,0,0,0,0,0,0,0,0,0,0,0,0,0,0,0,0,0,0,0,0,0,0,0,0,0,0,0,0,0,0,0,0,0,0,0,0,0,0,0,0,0,0,0,0,0,0,0,0,0,0,0,0,0,0,0,0,0,0,0,0,0,0,0,0,0,0,0,0,0,0,0,0,0,0,0,0,0,0,0,0,0,0,0,0,0,0.0466654,0.0386315,-0.11844,-0.240155,-0.056419,0.427564,0.0989101,-0.602606,-0.165457,-0.02247,-0.227516,-0.0751153,-0.242993,-0.227184,-0.909371,0.188216,-0.0215417,-0.0368346,0.293302,-1.01073,-0.409936,-0.3299,-0.29673,1.06966,0.393135,0.466591,2.0818,-1.50898,-0.871594,-0.650748,0.127357,-0.572359,-0.809923,0.160596,-0.162474,1.39901,-0.668635,0.0558557,-0.208943,-0.553421,0.46913,0.13986,-0.087267,-0.251023,-0.0329439,-0.0725655,0.18752,0.0946734,0.24338,-0.00985483,0.2618,-0.00944771,-0.179789,0.17242,0.175256,-0.464289,-0.0997835,0.583075,-0.00274421,-0.0245778,0.0347614,0.651,0.0386219,-0.0466136,-0.998166,0.6,0,0,1.63897,1.19426,2.00858
-1.40945,1.13302,9.51829,-0.450629,0.116035,0.155007,0.0378427,0.0408176,-0.116087,-1.40945,1.13302,9.51829,-0.450629,0.116035,0.155007,0.0378427,0.0408176,-0.116087,-0.824927,0.122346,-0.0788466,1.35768,-0.548335,0.0315139,-0.19016,-0.495418,0.432674,0.149774,-0.087267,-0.237508,-0.0432983,-0.0682259,0.200209,0.105151,0.249857,-0.0255257,0.2618,-0.00705684,-0.114295,0.182555,0.158129,-0.435162,-0.0965214,0.582282,-0.00150031,-0.0239306,0.0283631,0,0,0,0,0,0,0,0,0,0,0,0,0,0,0,0,0,0,0,0,0,0,0,0,0,0,0,0,0,-0.5181,-0.128136,-0.178212,1.12047,-0.726569,0.0500142,-0.306544,0.275051,-0.00334595,0.245471,-0.0573814,-0.146449,-0.097928,-0.13762,0.0868922,0.274831,0.234008,0.0254315,0.31061,0.012683,-0.0745768,0.059453,0.304307,-0.204458,0.00944925,0.656493,-0.00459246,-0.00327448,0.0292654,-4.27878,3.14682,1.31412,4.54115,0.971422,0.0770393,0.101604,1.27679,-0.417847,-0.54598,-0.184411,-0.405056,-0.204092,-0.491934,0.515088,0.373498,0.0561514,-0.459705,0.383832,-0.37648,-1.27764,1.96341,-0.230235,-0.169815,-0.373562,0.334196,0.0280141,0.015176,0.255309,-0.931923,3.8447,-2.77933,-1.07452,-0.396233,0.0262491,3.70894,-36.4226,14.2873,-7.02276,-1.83865,-1.13459,1.05935,2.73979,1.91685,-2.94063,0.0518515,-0.180468,-2.0732,0.0249061,-0.325453,-0.165329,-1.66317,-3.58976,-1.23443,-1.57135,0.00060289,-0.367692,-0.183837,0,0,0,0,0,0,0,0,0,0,0,0,0,0,0,0,0,0,0,0,0,0,0,0,0,0,0,0,0,2.55789,2.55789,2.55789,6.3088,6.3088,1.81445,2.55789,2.55789,1.81445,6.3088,6.3088,0.907223,0.907223,1.81445,1.81445,0.907223,0.907223,1.81445,1.81445,0.907223,0.907223,0.907223,0.907223,0.907223,0.907223,1.06814,1.06814,1.06814,1.06814,40.1792,40.1792,40.1792,99.0984,99.0984,28.5012,40.1792,40.1792,28.5012,99.0984,99.0984,14.2506,14.2506,28.5012,28.5012,14.2506,14.2506,28.5012,28.5012,14.2506,14.2506,14.2506,14.2506,14.2506,14.2506,16.7783,16.7783,16.7783,16.7783,0,0,0,0,0,0,0,0,0,0,0,0,0,0,0,0,0,0,0,0,0,0,0,0,0,0,0,0,0,0,0,0,0,0,0,0,0,0,0,0,0,0,0,0,0,0,0,0,0,0,0,0,0,0,0,0,0,0,0,0,0,0,0,0,0,0,0,0,0,0,0,0,0,0,0,0,0,0,0,0,0,0,0,0,0,0,0,0,0,0,0,0,0,0,0,0,0,0,0,0,0,0,0,0,0,0,0,0,0,0,0,0,0,0,0,0,0,0.0378427,0.0408176,-0.116087,-0.216265,-0.09547,0.456496,0.113679,-0.536193,-0.155562,-0.0582011,-0.220078,-0.0987245,-0.191473,-0.237823,-0.936774,0.222521,-0.0160903,-0.0201381,0.223445,-0.904797,-0.260605,-0.321212,-0.144,0.98654,0.416244,0.380708,1.96393,-1.4807,-0.52853,-0.421238,0.0718548,-0.541541,-0.824927,0.122346,-0.0788466,1.35768,-0.548335,0.0315139,-0.19016,-0.495418,0.432674,0.149774,-0.087267,-0.237508,-0.0432983,-0.0682259,0.200209,0.105151,0.249857,-0.0255257,0.2618,-0.00705684,-0.114295,0.182555,0.158129,-0.435162,-0.0965214,0.582282,-0.00150031,-0.0239306,0.0283631,0.771,0.0408062,-0.0378022,-0.998452,0.6,0,0,1.63897,1.19426,2.00858
-0.72808,0.99181,10.4406,-0.483932,0.0948201,0.165573,0.0284932,0.0428376,-0.112605,-0.72808,0.99181,10.4406,-0.483932,0.0948201,0.165573,0.0284932,0.0428376,-0.112605,-0.843487,0.0431633,-0.0336505,1.24314,-0.440538,0.00259812,-0.129747,-0.394047,0.366531,0.203558,-0.087267,-0.201109,-0.0620585,-0.0861367,0.193362,0.150382,0.25841,-0.0246215,0.2618,-0.00191309,-0.0538615,0.14852,0.166316,-0.357059,-0.0715868,0.584658,-2.94749e-05,-0.021665,0.0258716,0,0,0,0,0,0,0,0,0,0,0,0,0,0,0,0,0,0,0,0,0,0,0,0,0,0,0,0,0,-0.595017,-0.0628753,-0.151917,1.18945,-0.679643,0.0461888,-0.30371,0.300276,-0.00541858,0.237813,-0.0617648,-0.154494,-0.107777,-0.144035,0.0955149,0.277587,0.233227,0.0142088,0.315982,0.00674519,-0.0829192,0.0950857,0.296409,-0.210434,0.000541339,0.664363,-0.00391582,-0.00216751,0.0318141,-3.49015,3.28957,1.2324,2.71022,2.14701,-0.242574,0.210445,1.23754,0.0836101,-0.300269,-0.238268,-0.392895,-0.635945,-0.223522,0.358292,-0.032056,-0.145639,-0.577318,0.270566,-0.250495,-0.0471286,1.55381,-0.512882,-0.40936,-0.486622,0.390877,0.0317083,0.0804474,0.0699568,-0.40388,-0.734986,-0.220825,-0.73344,-0.550915,0.0181656,4.09021,-35.0555,12.3889,-6.82504,-1.09116,-0.83489,1.46476,2.57891,2.32423,-2.45797,0.339208,-0.105721,-2.00802,0.030496,-0.376646,-0.169904,-1.54098,-2.86692,-0.959845,-1.79025,0.00657875,-0.445962,-0.137006,0,0,0,0,0,0,0,0,0,0,0,0,0,0,0,0,0,0,0,0,0,0,0,0,0,0,0,0,0,2.55789,2.55789,2.55789,6.3088,6.3088,1.81445,2.55789,2.55789,1.81445,6.3088,6.3088,0.907223,0.907223,1.81445,1.81445,0.907223,0.907223,1.81445,1.81445,0.907223,0.907223,0.907223,0.907223,0.907223,0.907223,1.06814,1.06814,1.06814,1.06814,40.1792,40.1792,40.1792,99.0984,99.0984,28.5012,40.1792,40.1792,28.5012,99.0984,99.0984,14.2506,14.2506,28.5012,28.5012,14.2506,14.2506,28.5012,28.5012,14.2506,14.2506,14.2506,14.2506,14.2506,14.2506,16.7783,16.7783,16.7783,16.7783,0,0,0,0,0,0,0,0,0,0,0,0,0,0,0,0,0,0,0,0,0,0,0,0,0,0,0,0,0,0,0,0,0,0,0,0,0,0,0,0,0,0,0,0,0,0,0,0,0,0,0,0,0,0,0,0,0,0,0,0,0,0,0,0,0,0,0,0,0,0,0,0,0,0,0,0,0,0,0,0,0,0,0,0,0,0,0,0,0,0,0,0,0,0,0,0,0,0,0,0,0,0,0,0,0,0,0,0,0,0,0,0,0,0,0,0,0,0.0284932,0.0428376,-0.112605,-0.113135,-0.0768018,0.440885,0.13318,-0.358111,-0.1964,-0.0561396,-0.163225,-0.1415,-0.136767,-0.205932,-0.970671,0.332854,-0.00436203,-0.000395631,0.0788304,-0.71966,-0.12281,-0.290802,-0.0614568,0.835728,0.338641,0.347265,1.6373,-1.32732,-0.221119,-0.175224,0.00592396,-0.458548,-0.843487,0.0431633,-0.0336505,1.24314,-0.440538,0.00259812,-0.129747,-0.394047,0.366531,0.203558,-0.087267,-0.201109,-0.0620585,-0.0861367,0.193362,0.150382,0.25841,-0.0246215,0.2618,-0.00191309,-0.0538615,0.14852,0.166316,-0.357059,-0.0715868,0.584658,-2.94749e-05,-0.021665,0.0258716,0.706,0.0428245,-0.0284632,-0.998677,0.6,0,0,1.62751,1.20308,1.99953
-0.207383,1.14727,10.4609,-0.490949,0.0972179,0.0858388,0.0186338,0.0449723,-0.110126,-0.207383,1.14727,10.4609,-0.490949,0.0972179,0.0858388,0.0186338,0.0449723,-0.110126,-0.865,-0.0195491,-0.0102916,1.10443,-0.327747,-0.00339981,-0.118187,-0.286492,0.290834,0.265489,-0.087267,-0.18372,-0.0738868,-0.114728,0.161022,0.166427,0.286682,-0.00191515,0.2618,0.00336904,-0.00638394,0.134743,0.168998,-0.289252,-0.0332387,0.588137,0.000166684,-0.0227438,0.0266775,0,0,0,0,0,0,0,0,0,0,0,0,0,0,0,0,0,0,0,0,0,0,0,0,0,0,0,0,0,-0.652449,-0.00164878,-0.129819,1.21568,-0.615842,0.035688,-0.298145,0.321688,-0.000616987,0.237945,-0.0696445,-0.161627,-0.120967,-0.144537,0.0986885,0.274468,0.228096,0.00408543,0.319192,0.00365915,-0.0711705,0.113819,0.283128,-0.219143,-0.00962225,0.671259,-0.00309113,-0.00017578,0.0315345,-2.47253,2.8281,0.91931,0.479257,2.85653,-0.542909,0.344019,0.959959,0.267374,0.144379,-0.479303,-0.329147,-0.593186,0.0442928,0.0594559,-0.227645,-0.340153,-0.498516,0.158759,-0.11716,0.792654,0.639857,-0.734529,-0.470238,-0.506231,0.250094,0.0401773,0.0969438,-0.0432168,-1.39191,-5.35023,1.44848,-0.9461,-0.678202,0.0410772,5.95395,-31.1827,9.97709,-4.23429,1.11799,-0.268839,1.38565,1.58652,2.5754,-1.5773,0.712568,0.0578889,-1.90507,0.0273945,-0.44965,-0.100494,-1.02727,-1.56305,-0.434556,-1.73932,0.00869629,-0.466272,-0.0516311,0,0,0,0,0,0,0,0,0,0,0,0,0,0,0,0,0,0,0,0,0,0,0,0,0,0,0,0,0,2.55789,2.55789,2.55789,6.3088,6.3088,1.81445,2.55789,2.55789,1.81445,6.3088,6.3088,0.907223,0.907223,1.81445,1.81445,0.907223,0.907223,1.81445,1.81445,0.907223,0.907223,0.907223,0.907223,0.907223,0.907223,1.06814,1.06814,1.06814,1.06814,40.1792,40.1792,40.1792,99.0984,99.0984,28.5012,40.1792,40.1792,28.5012,99.0984,99.0984,14.2506,14.2506,28.5012,28.5012,14.2506,14.2506,28.5012,28.5012,14.2506,14.2506,14.2506,14.2506,14.2506,14.2506,16.7783,16.7783,16.7783,16.7783,0,0,0,0,0,0,0,0,0,0,0,0,0,0,0,0,0,0,0,0,0,0,0,0,0,0,0,0,0,0,0,0,0,0,0,0,0,0,0,0,0,0,0,0,0,0,0,0,0,0,0,0,0,0,0,0,0,0,0,0,0,0,0,0,0,0,0,0,0,0,0,0,0,0,0,0,0,0,0,0,0,0,0,0,0,0,0,0,0,0,0,0,0,0,0,0,0,0,0,0,0,0,0,0,0,0,0,0,0,0,0,0,0,0,0,0,0,0.0186338,0.0449723,-0.110126,-0.0765508,-0.0706884,0.367146,0.197642,-0.203503,-0.261592,-0.00436674,-0.0757876,-0.168469,-0.0745438,-0.15923,-1.00996,0.353967,0.00768176,0.00223734,-0.0357032,-0.523229,-0.014556,-0.305282,-0.0187959,0.66313,0.307227,0.358083,1.24175,-1.15071,0.100533,0.0829974,-0.00775191,-0.418901,-0.865,-0.0195491,-0.0102916,1.10443,-0.327747,-0.00339981,-0.118187,-0.286492,0.290834,0.265489,-0.087267,-0.18372,-0.0738868,-0.114728,0.161022,0.166427,0.286682,-0.00191515,0.2618,0.00336904,-0.00638394,0.134743,0.168998,-0.289252,-0.0332387,0.588137,0.000166684,-0.0227438,0.0266775,0.854,0.0449572,-0.0186139,-0.998815,0.6,0,0,1.62751,1.20308,1.99953
-0.315518,1.2306,9.54268,-0.464894,0.123976,-0.0446232,0.00885934,0.0473296,-0.110048,-0.315518,1.2306,9.54268,-0.464894,0.123976,-0.0446232,0.00885934,0.0473296,-0.110048,-0.839896,-0.059766,0.0169892,0.957202,-0.2092,0.00501057,-0.159161,-0.258129,0.263865,0.267507,-0.087267,-0.213116,-0.0781034,-0.138172,0.136928,0.150283,0.321528,0.022602,0.2618,0.00467788,0.0172009,0.139746,0.156554,-0.249647,0.00101485,0.588758,-4.56928e-06,-0.0292902,0.0287579,0,0,0,0,0,0,0,0,0,0,0,0,0,0,0,0,0,0,0,0,0,0,0,0,0,0,0,0,0,-0.692459,0.0462232,-0.115019,1.19834,-0.538704,0.0253328,-0.292704,0.336716,0.00362701,0.248043,-0.0833877,-0.167708,-0.128894,-0.141013,0.0972937,0.26927,0.219359,-0.00214845,0.32053,0.00306576,-0.0482136,0.120371,0.266284,-0.228451,-0.0167875,0.674205,-0.0023493,0.000725016,0.0299901,-1.72104,2.04613,0.529893,-1.57852,3.43178,-0.461025,0.261407,0.639918,0.0897213,0.648603,-0.792434,-0.286097,-0.197841,0.171001,-0.14138,-0.289841,-0.484695,-0.251285,0.0647339,-0.0134391,1.20388,0.208907,-0.875928,-0.465413,-0.270824,0.00487385,0.0325446,0.00918811,-0.0741418,-2.57502,-7.89504,2.75629,-0.140732,-0.784207,0.0204418,6.38244,-26.6591,7.96094,-2.21469,4.38984,0.0263615,1.00071,0.413784,2.04928,-1.21573,1.37806,0.451503,-1.78029,0.0156432,-0.480591,0.0107889,-0.617069,-0.458921,0.0143307,-1.48573,0.00748441,-0.412956,0.0247048,0,0,0,0,0,0,0,0,0,0,0,0,0,0,0,0,0,0,0,0,0,0,0,0,0,0,0,0,0,2.55789,2.55789,2.55789,6.3088,6.3088,1.81445,2.55789,2.55789,1.81445,6.3088,6.3088,0.907223,0.907223,1.81445,1.81445,0.907223,0.907223,1.81445,1.81445,0.907223,0.907223,0.907223,0.907223,0.907223,0.907223,1.06814,1.06814,1.06814,1.06814,40.1792,40.1792,40.1792,99.0984,99.0984,28.5012,40.1792,40.1792,28.5012,99.0984,99.0984,14.2506,14.2506,28.5012,28.5012,14.2506,14.2506,28.5012,28.5012,14.2506,14.2506,14.2506,14.2506,14.2506,14.2506,16.7783,16.7783,16.7783,16.7783,0,0,0,0,0,0,0,0,0,0,0,0,0,0,0,0,0,0,0,0,0,0,0,0,0,0,0,0,0,0,0,0,0,0,0,0,0,0,0,0,0,0,0,0,0,0,0,0,0,0,0,0,0,0,0,0,0,0,0,0,0,0,0,0,0,0,0,0,0,0,0,0,0,0,0,0,0,0,0,0,0,0,0,0,0,0,0,0,0,0,0,0,0,0,0,0,0,0,0,0,0,0,0,0,0,0,0,0,0,0,0,0,0,0,0,0,0,0.00885934,0.0473296,-0.110048,-0.113359,-0.0990614,0.312211,0.277096,-0.1132,-0.315046,0.0515349,0.00231395,-0.178084,-0.0401304,-0.150893,-0.964111,0.279133,0.010666,-6.13319e-05,-0.109152,-0.471429,0.0392199,-0.393153,0.0310278,0.601638,0.318636,0.386007,0.821882,-1.14496,0.438599,0.166561,0.0114246,-0.485925,-0.839896,-0.059766,0.0169892,0.957202,-0.2092,0.00501057,-0.159161,-0.258129,0.263865,0.267507,-0.087267,-0.213116,-0.0781034,-0.138172,0.136928,0.150283,0.321528,0.022602,0.2618,0.00467788,0.0172009,0.139746,0.156554,-0.249647,0.00101485,0.588758,-4.56928e-06,-0.0292902,0.0287579,0.624,0.047312,-0.00884931,-0.998841,0.6,0,0,1.61733,1.21297,1.98568
0.0408469,1.04763,9.20538,-0.421746,0.121177,-0.139256,-0.000257647,0.0498366,-0.112241,0.0408469,1.04763,9.20538,-0.421746,0.121177,-0.139256,-0.000257647,0.0498366,-0.112241,-0.83659,-0.0208534,-0.0314523,0.827212,-0.0975274,0.0216856,-0.156805,-0.354986,0.264528,0.240813,-0.087267,-0.250264,-0.0743609,-0.154063,0.137168,0.143169,0.325306,0.022667,0.2618,0.00550874,0.0184066,0.132459,0.12403,-0.241064,0.0089506,0.586644,-0.000170431,-0.0336803,0.0314439,0,0,0,0,0,0,0,0,0,0,0,0,0,0,0,0,0,0,0,0,0,0,0,0,0,0,0,0,0,-0.719518,0.0787119,-0.106107,1.14262,-0.450421,0.0197362,-0.287557,0.346194,0.0027039,0.261856,-0.100527,-0.173721,-0.127554,-0.136682,0.0937703,0.262909,0.209202,-0.00385467,0.322108,0.00320786,-0.0228267,0.123891,0.247511,-0.236802,-0.0182115,0.673382,-0.00181689,-0.00112798,0.02854,-1.15662,1.31562,0.339502,-3.33823,3.912,-0.21103,0.268744,0.399683,-0.194232,0.650089,-0.876822,-0.299435,0.271484,0.167021,-0.17761,-0.340334,-0.495188,-0.0258511,0.0841819,0.0022368,1.21907,0.169055,-0.93722,-0.378609,0.0372389,-0.155503,0.022031,-0.129482,-0.0529545,-1.92376,-8.9787,4.02661,1.82913,-0.82486,-0.0342455,4.50623,-25.2835,7.71529,-3.52885,6.67047,-0.295613,0.503839,-0.383125,1.54576,-1.31031,2.04141,0.802238,-1.87122,0.0173312,-0.526758,0.0748153,-0.466594,0.156852,0.252158,-1.29285,0.00680216,-0.344507,0.0636712,0,0,0,0,0,0,0,0,0,0,0,0,0,0,0,0,0,0,0,0,0,0,0,0,0,0,0,0,0,2.55789,2.55789,2.55789,6.3088,6.3088,1.81445,2.55789,2.55789,1.81445,6.3088,6.3088,0.907223,0.907223,1.81445,1.81445,0.907223,0.907223,1.81445,1.81445,0.907223,0.907223,0.907223,0.907223,0.907223,0.907223,1.06814,1.06814,1.06814,1.06814,40.1792,40.1792,40.1792,99.0984,99.0984,28.5012,40.1792,40.1792,28.5012,99.0984,99.0984,14.2506,14.2506,28.5012,28.5012,14.2506,14.2506,28.5012,28.5012,14.2506,14.2506,14.2506,14.2506,14.2506,14.2506,16.7783,16.7783,16.7783,16.7783,0,0,0,0,0,0,0,0,0,0,0,0,0,0,0,0,0,0,0,0,0,0,0,0,0,0,0,0,0,0,0,0,0,0,0,0,0,0,0,0,0,0,0,0,0,0,0,0,0,0,0,0,0,0,0,0,0,0,0,0,0,0,0,0,0,0,0,0,0,0,0,0,0,0,0,0,0,0,0,0,0,0,0,0,0,0,0,0,0,0,0,0,0,0,0,0,0,0,0,0,0,0,0,0,0,0,0,0,0,0,0,0,0,0,0,0,0,-0.000257647,0.0498366,-0.112241,-0.129581,-0.17322,0.312756,0.28571,-0.0936307,-0.35128,0.0516831,0.0204083,-0.16955,-0.035986,-0.179271,-0.958074,0.283437,0.0125605,-0.00228764,-0.0380851,-0.648322,0.0419689,-0.452079,-0.0574422,0.603151,0.302019,0.422061,0.451181,-1.22108,0.757062,0.269157,0.0494453,-0.570628,-0.83659,-0.0208534,-0.0314523,0.827212,-0.0975274,0.0216856,-0.156805,-0.354986,0.264528,0.240813,-0.087267,-0.250264,-0.0743609,-0.154063,0.137168,0.143169,0.325306,0.022667,0.2618,0.00550874,0.0184066,0.132459,0.12403,-0.241064,0.0089506,0.586644,-0.000170431,-0.0336803,0.0314439,0.742,0.049816,0.000257327,-0.998758,0.6,0,0,1.60849,1.22553,2.86734
0.373016,0.827908,9.02381,-0.362599,0.0694168,-0.162888,-0.00827305,0.0516532,-0.115443,0.373016,0.827908,9.02381,-0.362599,0.0694168,-0.162888,-0.00827305,0.0516532,-0.115443,-0.840225,0.00168331,-0.0805215,0.730851,-0.020896,0.0359679,-0.12445,-0.443146,0.298177,0.20729,-0.087267,-0.279115,-0.0645228,-0.150369,0.151027,0.149182,0.314249,0.0132925,0.2618,0.00163527,0.00991159,0.135907,0.0821335,-0.263611,-0.0113997,0.584232,-0.000194409,-0.0351141,0.033311,0,0,0,0,0,0,0,0,0,0,0,0,0,0,0,0,0,0,0,0,0,0,0,0,0,0,0,0,0,-0.738028,0.0974145,-0.103166,1.05954,-0.355807,0.0198079,-0.280342,0.352355,-0.00532531,0.269543,-0.116713,-0.179662,-0.116379,-0.134767,0.0912197,0.25585,0.200564,-0.00422677,0.324372,0.00333132,-0.00164387,0.125311,0.228323,-0.242444,-0.0161938,0.670256,-0.00149842,-0.00470649,0.028235,-0.820798,0.687901,0.00207061,-4.41694,4.17422,0.054998,0.405265,0.282542,-0.557011,0.207545,-0.768058,-0.283781,0.739644,0.00179989,-0.0755963,-0.353699,-0.375549,-0.0332167,0.0836281,0.00488327,0.929194,0.0265579,-0.947185,-0.21316,0.137224,-0.215545,0.013848,-0.184222,0.00238088,-1.91691,-6.56466,2.81064,4.11296,-0.79341,-0.0435318,3.96969,-29.1117,8.61461,-4.28221,7.64063,-0.752552,-0.0257682,-0.600902,1.45929,-1.29642,2.11855,0.817363,-1.9528,0.0263435,-0.559374,0.0743082,-0.647974,0.219041,0.241441,-1.20125,0.00768634,-0.29583,0.0533927,0,0,0,0,0,0,0,0,0,0,0,0,0,0,0,0,0,0,0,0,0,0,0,0,0,0,0,0,0,2.55789,2.55789,2.55789,6.3088,6.3088,1.81445,2.55789,2.55789,1.81445,6.3088,6.3088,0.907223,0.907223,1.81445,1.81445,0.907223,0.907223,1.81445,1.81445,0.907223,0.907223,0.907223,0.907223,0.907223,0.907223,1.06814,1.06814,1.06814,1.06814,40.1792,40.1792,40.1792,99.0984,99.0984,28.5012,40.1792,40.1792,28.5012,99.0984,99.0984,14.2506,14.2506,28.5012,28.5012,14.2506,14.2506,28.5012,28.5012,14.2506,14.2506,14.2506,14.2506,14.2506,14.2506,16.7783,16.7783,16.7783,16.7783,0,0,0,0,0,0,0,0,0,0,0,0,0,0,0,0,0,0,0,0,0,0,0,0,0,0,0,0,0,0,0,0,0,0,0,0,0,0,0,0,0,0,0,0,0,0,0,0,0,0,0,0,0,0,0,0,0,0,0,0,0,0,0,0,0,0,0,0,0,0,0,0,0,0,0,0,0,0,0,0,0,0,0,0,0,0,0,0,0,0,0,0,0,0,0,0,0,0,0,0,0,0,0,0,0,0,0,0,0,0,0,0,0,0,0,0,0,-0.00827305,0.0516532,-0.115443,-0.115871,-0.268747,0.344357,0.260499,-0.145039,-0.342856,0.0303082,-0.0259925,-0.147118,-0.0303079,-0.211649,-0.964712,0.342528,0.00372859,-0.00260948,0.00307428,-0.809331,0.0225994,-0.471325,-0.147059,0.679873,0.309882,0.447122,0.176384,-1.31668,0.975596,0.317575,0.0820104,-0.636409,-0.840225,0.00168331,-0.0805215,0.730851,-0.020896,0.0359679,-0.12445,-0.443146,0.298177,0.20729,-0.087267,-0.279115,-0.0645228,-0.150369,0.151027,0.149182,0.314249,0.0132925,0.2618,0.00163527,0.00991159,0.135907,0.0821335,-0.263611,-0.0113997,0.584232,-0.000194409,-0.0351141,0.033311,0.738,0.0516303,0.00826192,-0.998632,0.6,0,0,1.60849,1.22553,2.86734
0.667004,0.575065,9.24959,-0.315424,-0.00936705,-0.160389,-0.0151741,0.0521411,-0.118751,0.667004,0.575065,9.24959,-0.315424,-0.00936705,-0.160389,-0.0151741,0.0521411,-0.118751,-0.81965,0.0158366,-0.135066,0.625992,0.0204872,0.0583658,-0.0949502,-0.519114,0.324213,0.18594,-0.087267,-0.300658,-0.0522957,-0.155299,0.154733,0.146376,0.315434,0.0217265,0.2618,-0.00536149,0.000422877,0.141109,0.0684624,-0.296092,-0.0284633,0.58413,-0.00119604,-0.0346212,0.035432,0,0,0,0,0,0,0,0,0,0,0,0,0,0,0,0,0,0,0,0,0,0,0,0,0,0,0,0,0,-0.751055,0.10545,-0.107325,0.964596,-0.265788,0.0237933,-0.269447,0.357569,-0.018802,0.267276,-0.129981,-0.185088,-0.0980237,-0.136468,0.090863,0.249044,0.194515,-0.0061319,0.326032,0.00250767,0.0120981,0.12659,0.208639,-0.244318,-0.015149,0.667185,-0.00131931,-0.00824152,0.0292035,-0.583227,0.230158,-0.334623,-4.70147,3.94055,0.216526,0.602489,0.271657,-0.728448,-0.286347,-0.609782,-0.253014,0.992282,-0.152551,0.0457448,-0.318286,-0.254108,-0.121126,0.0324832,-0.0476234,0.543268,0.0617858,-0.989,-0.0193285,0.0151181,-0.154054,0.00950068,-0.153671,0.0518946,-2.13918,-4.80581,1.8655,6.01671,-0.641077,-0.0436651,4.33935,-32.8261,10.3043,-4.3114,7.98873,-1.11292,-0.391969,-0.154241,1.65795,-1.14112,1.93812,0.763561,-1.9147,0.0308898,-0.532461,0.0748379,-0.93048,-0.246541,0.0379129,-1.2417,0.00925844,-0.288044,0.0126682,0,0,0,0,0,0,0,0,0,0,0,0,0,0,0,0,0,0,0,0,0,0,0,0,0,0,0,0,0,2.55789,2.55789,2.55789,6.3088,6.3088,1.81445,2.55789,2.55789,1.81445,6.3088,6.3088,0.907223,0.907223,1.81445,1.81445,0.907223,0.907223,1.81445,1.81445,0.907223,0.907223,0.907223,0.907223,0.907223,0.907223,1.06814,1.06814,1.06814,1.06814,40.1792,40.1792,40.1792,99.0984,99.0984,28.5012,40.1792,40.1792,28.5012,99.0984,99.0984,14.2506,14.2506,28.5012,28.5012,14.2506,14.2506,28.5012,28.5012,14.2506,14.2506,14.2506,14.2506,14.2506,14.2506,16.7783,16.7783,16.7783,16.7783,0,0,0,0,0,0,0,0,0,0,0,0,0,0,0,0,0,0,0,0,0,0,0,0,0,0,0,0,0,0,0,0,0,0,0,0,0,0,0,0,0,0,0,0,0,0,0,0,0,0,0,0,0,0,0,0,0,0,0,0,0,0,0,0,0,0,0,0,0,0,0,0,0,0,0,0,0,0,0,0,0,0,0,0,0,0,0,0,0,0,0,0,0,0,0,0,0,0,0,0,0,0,0,0,0,0,0,0,0,0,0,0,0,0,0,0,0,-0.0151741,0.0521411,-0.118751,-0.122268,-0.299919,0.352806,0.263201,-0.2191,-0.354098,0.0495385,-0.0648992,-0.119239,-0.0495427,-0.213016,-0.927137,0.396404,-0.0122247,-0.016054,0.0289228,-0.948072,0.000964202,-0.464708,-0.246675,0.739237,0.321743,0.475592,-0.122649,-1.37757,1.09361,0.316067,0.13308,-0.685531,-0.81965,0.0158366,-0.135066,0.625992,0.0204872,0.0583658,-0.0949502,-0.519114,0.324213,0.18594,-0.087267,-0.300658,-0.0522957,-0.155299,0.154733,0.146376,0.315434,0.0217265,0.2618,-0.00536149,0.000422877,0.141109,0.0684624,-0.296092,-0.0284633,0.58413,-0.00119604,-0.0346212,0.035432,0.409,0.0521174,0.0151529,-0.998526,0.6,0,0,1.60064,1.22767,2.92209
0.93927,0.316791,9.54901,-0.28578,-0.0598148,-0.122956,-0.0213268,0.0515126,-0.121645,0.93927,0.316791,9.54901,-0.28578,-0.0598148,-0.122956,-0.0213268,0.0515126,-0.121645,-0.768954,0.027035,-0.158245,0.522835,0.0579572,0.0803695,-0.0991639,-0.568149,0.331277,0.165194,-0.087267,-0.318429,-0.0411349,-0.163643,0.146107,0.139314,0.320186,0.0313996,0.2618,-0.0133362,-0.00544339,0.14797,0.0559443,-0.31857,-0.0363523,0.584135,-0.00218084,-0.0338428,0.0387613,0,0,0,0,0,0,0,0,0,0,0,0,0,0,0,0,0,0,0,0,0,0,0,0,0,0,0,0,0,-0.75693,0.10524,-0.118153,0.865814,-0.188526,0.0323037,-0.254196,0.36249,-0.0328655,0.257728,-0.140943,-0.189728,-0.0775961,-0.139579,0.0912431,0.24235,0.189798,-0.00698228,0.326836,0.000151712,0.0188563,0.128297,0.188384,-0.243135,-0.0158622,0.66498,-0.00139041,-0.010809,0.0308238,-0.169328,-0.148387,-0.678011,-4.84035,3.35206,0.438134,0.814903,0.249774,-0.656283,-0.563694,-0.519519,-0.210909,0.982316,-0.159203,0.0583717,-0.329581,-0.205542,-0.00955279,0.000547886,-0.124985,0.238764,0.0966986,-0.9887,0.0974438,-0.0459349,-0.123985,-0.00422061,-0.106369,0.0797045,-2.09143,-3.26789,0.95709,6.34513,-0.481063,-0.0488999,4.37459,-36.026,11.3567,-3.70048,8.50536,-1.39097,-0.520607,-0.171339,1.73616,-1.0764,1.97971,0.838798,-1.87759,0.0346123,-0.486507,0.0970754,-0.83014,-0.835614,-0.137571,-1.23835,0.0080956,-0.287189,-0.0081006,0,0,0,0,0,0,0,0,0,0,0,0,0,0,0,0,0,0,0,0,0,0,0,0,0,0,0,0,0,2.55789,2.55789,2.55789,6.3088,6.3088,1.81445,2.55789,2.55789,1.81445,6.3088,6.3088,0.907223,0.907223,1.81445,1.81445,0.907223,0.907223,1.81445,1.81445,0.907223,0.907223,0.907223,0.907223,0.907223,0.907223,1.06814,1.06814,1.06814,1.06814,40.1792,40.1792,40.1792,99.0984,99.0984,28.5012,40.1792,40.1792,28.5012,99.0984,99.0984,14.2506,14.2506,28.5012,28.5012,14.2506,14.2506,28.5012,28.5012,14.2506,14.2506,14.2506,14.2506,14.2506,14.2506,16.7783,16.7783,16.7783,16.7783,0,0,0,0,0,0,0,0,0,0,0,0,0,0,0,0,0,0,0,0,0,0,0,0,0,0,0,0,0,0,0,0,0,0,0,0,0,0,0,0,0,0,0,0,0,0,0,0,0,0,0,0,0,0,0,0,0,0,0,0,0,0,0,0,0,0,0,0,0,0,0,0,0,0,0,0,0,0,0,0,0,0,0,0,0,0,0,0,0,0,0,0,0,0,0,0,0,0,0,0,0,0,0,0,0,0,0,0,0,0,0,0,0,0,0,0,0,-0.0213268,0.0515126,-0.121645,-0.13837,-0.328461,0.333138,0.274035,-0.270352,-0.373123,0.0715942,-0.0828868,-0.0937917,-0.0657914,-0.212944,-0.834548,0.388709,-0.0304079,-0.0292727,0.0493747,-1.03763,-0.0124115,-0.45426,-0.289008,0.755345,0.337387,0.52028,-0.416827,-1.43673,1.20047,0.297772,0.18325,-0.72605,-0.768954,0.027035,-0.158245,0.522835,0.0579572,0.0803695,-0.0991639,-0.568149,0.331277,0.165194,-0.087267,-0.318429,-0.0411349,-0.163643,0.146107,0.139314,0.320186,0.0313996,0.2618,-0.0133362,-0.00544339,0.14797,0.0559443,-0.31857,-0.0363523,0.584135,-0.00218084,-0.0338428,0.0387613,0.643,0.0514898,0.0212969,-0.998446,0.6,0,0,1.60064,1.22767,2.92209
1.21533,0.107692,9.7022,-0.268331,-0.096824,-0.0825112,-0.0270238,0.0500721,-0.123689,1.21533,0.107692,9.7022,-0.268331,-0.096824,-0.0825112,-0.0270238,0.0500721,-0.123689,-0.714979,0.0325792,-0.15028,0.437164,0.0732684,0.102714,-0.0972873,-0.58475,0.336954,0.146091,-0.087267,-0.313437,-0.0340951,-0.164621,0.129073,0.12991,0.334514,0.0445445,0.2618,-0.0205444,-0.00926864,0.161083,0.0481351,-0.337461,-0.0437878,0.584184,-0.00299161,-0.0332344,0.0419649,0,0,0,0,0,0,0,0,0,0,0,0,0,0,0,0,0,0,0,0,0,0,0,0,0,0,0,0,0,-0.753556,0.100098,-0.132718,0.764865,-0.122171,0.0446538,-0.235307,0.366783,-0.043221,0.24472,-0.150615,-0.193653,-0.0597779,-0.141293,0.0916507,0.235362,0.186439,-0.00538746,0.326913,-0.00373415,0.0211904,0.131175,0.168597,-0.240372,-0.0166272,0.663143,-0.00168587,-0.0125473,0.0330295,0.301634,-0.306216,-0.763801,-4.90754,2.8765,0.602207,0.972375,0.210678,-0.405422,-0.682992,-0.465295,-0.180347,0.783834,-0.047697,0.0658748,-0.341655,-0.121646,0.112546,-0.0287207,-0.19408,0.0650292,0.161455,-0.946877,0.149066,-0.0160565,-0.113877,-0.0149036,-0.0706754,0.111497,-1.3651,-2.18486,0.859417,6.60546,-0.338984,-0.0729877,3.04317,-38.0771,11.4297,-3.69953,9.129,-1.61607,-0.449582,-0.545702,1.47317,-1.0652,2.02435,0.852465,-1.82373,0.0390921,-0.443711,0.0964717,-0.759657,-1.24559,-0.262048,-1.21906,0.00767681,-0.283356,-0.0218824,0,0,0,0,0,0,0,0,0,0,0,0,0,0,0,0,0,0,0,0,0,0,0,0,0,0,0,0,0,2.55789,2.55789,2.55789,6.3088,6.3088,1.81445,2.55789,2.55789,1.81445,6.3088,6.3088,0.907223,0.907223,1.81445,1.81445,0.907223,0.907223,1.81445,1.81445,0.907223,0.907223,0.907223,0.907223,0.907223,0.907223,1.06814,1.06814,1.06814,1.06814,40.1792,40.1792,40.1792,99.0984,99.0984,28.5012,40.1792,40.1792,28.5012,99.0984,99.0984,14.2506,14.2506,28.5012,28.5012,14.2506,14.2506,28.5012,28.5012,14.2506,14.2506,14.2506,14.2506,14.2506,14.2506,16.7783,16.7783,16.7783,16.7783,0,0,0,0,0,0,0,0,0,0,0,0,0,0,0,0,0,0,0,0,0,0,0,0,0,0,0,0,0,0,0,0,0,0,0,0,0,0,0,0,0,0,0,0,0,0,0,0,0,0,0,0,0,0,0,0,0,0,0,0,0,0,0,0,0,0,0,0,0,0,0,0,0,0,0,0,0,0,0,0,0,0,0,0,0,0,0,0,0,0,0,0,0,0,0,0,0,0,0,0,0,0,0,0,0,0,0,0,0,0,0,0,0,0,0,0,0,-0.0270238,0.0500721,-0.123689,-0.159811,-0.346267,0.2943,0.306704,-0.313424,-0.375351,0.101566,-0.0998406,-0.0777403,-0.0884571,-0.212296,-0.735972,0.392136,-0.0468433,-0.0401553,0.0595003,-1.06795,-0.0211334,-0.446094,-0.27446,0.768288,0.367284,0.563281,-0.66114,-1.49121,1.24413,0.238754,0.234198,-0.714667,-0.714979,0.0325792,-0.15028,0.437164,0.0732684,0.102714,-0.0972873,-0.58475,0.336954,0.146091,-0.087267,-0.313437,-0.0340951,-0.164621,0.129073,0.12991,0.334514,0.0445445,0.2618,-0.0205444,-0.00926864,0.161083,0.0481351,-0.337461,-0.0437878,0.584184,-0.00299161,-0.0332344,0.0419649,0.659,0.0500511,0.0269866,-0.998382,0.6,0,0,1.59718,1.21154,2.98269
1.4023,-0.0226157,9.75131,-0.253405,-0.0945371,-0.0476137,-0.032366,0.0484289,-0.124951,1.4023,-0.0226157,9.75131,-0.253405,-0.0945371,-0.0476137,-0.032366,0.0484289,-0.124951,-0.662612,0.0238772,-0.132545,0.369448,0.0723008,0.119266,-0.0689372,-0.584152,0.353689,0.138424,-0.087267,-0.277813,-0.0299913,-0.164646,0.117699,0.125916,0.336561,0.0483569,0.2618,-0.0260709,-0.0147656,0.176314,0.0472326,-0.353425,-0.0517848,0.583335,-0.00333663,-0.0320717,0.0446197,0,0,0,0,0,0,0,0,0,0,0,0,0,0,0,0,0,0,0,0,0,0,0,0,0,0,0,0,0,-0.740852,0.0946617,-0.14483,0.665945,-0.0695119,0.0599454,-0.212774,0.370434,-0.0474762,0.229849,-0.159223,-0.196886,-0.0470036,-0.140456,0.0912233,0.22795,0.185207,-0.00134864,0.326366,-0.00860912,0.0210781,0.136386,0.1499,-0.237014,-0.0168128,0.661052,-0.00213079,-0.0138145,0.0357865,0.742326,-0.246073,-0.514401,-4.70647,2.26652,0.726663,1.15862,0.175906,-0.0782812,-0.765258,-0.412001,-0.145431,0.511655,0.0884477,0.00890593,-0.36422,0.00240868,0.235461,-0.0519881,-0.233975,-0.029538,0.290123,-0.88155,0.162456,0.00972306,-0.133637,-0.0211383,-0.0554694,0.135656,-0.819169,-1.87363,1.08976,6.77075,-0.182525,-0.10032,1.74571,-38.8108,11.1398,-3.61163,9.65722,-1.53018,-0.29218,-0.834298,1.10321,-1.07244,2.14034,0.895175,-1.76246,0.0421466,-0.409377,0.0943961,-0.659638,-1.57765,-0.388713,-1.16229,0.00814916,-0.26883,-0.0400854,0,0,0,0,0,0,0,0,0,0,0,0,0,0,0,0,0,0,0,0,0,0,0,0,0,0,0,0,0,2.55789,2.55789,2.55789,6.3088,6.3088,1.81445,2.55789,2.55789,1.81445,6.3088,6.3088,0.907223,0.907223,1.81445,1.81445,0.907223,0.907223,1.81445,1.81445,0.907223,0.907223,0.907223,0.907223,0.907223,0.907223,1.06814,1.06814,1.06814,1.06814,40.1792,40.1792,40.1792,99.0984,99.0984,28.5012,40.1792,40.1792,28.5012,99.0984,99.0984,14.2506,14.2506,28.5012,28.5012,14.2506,14.2506,28.5012,28.5012,14.2506,14.2506,14.2506,14.2506,14.2506,14.2506,16.7783,16.7783,16.7783,16.7783,0,0,0,0,0,0,0,0,0,0,0,0,0,0,0,0,0,0,0,0,0,0,0,0,0,0,0,0,0,0,0,0,0,0,0,0,0,0,0,0,0,0,0,0,0,0,0,0,0,0,0,0,0,0,0,0,0,0,0,0,0,0,0,0,0,0,0,0,0,0,0,0,0,0,0,0,0,0,0,0,0,0,0,0,0,0,0,0,0,0,0,0,0,0,0,0,0,0,0,0,0,0,0,0,0,0,0,0,0,0,0,0,0,0,0,0,0,-0.032366,0.0484289,-0.124951,-0.16892,-0.348325,0.268366,0.311373,-0.349825,-0.37541,0.110259,-0.118074,-0.0683832,-0.125692,-0.223695,-0.640332,0.443913,-0.0594442,-0.0447864,0.0436077,-1.06685,-0.033667,-0.430488,-0.242071,0.806446,0.402014,0.598915,-0.85425,-1.51307,1.24137,0.246716,0.271938,-0.633442,-0.662612,0.0238772,-0.132545,0.369448,0.0723008,0.119266,-0.0689372,-0.584152,0.353689,0.138424,-0.087267,-0.277813,-0.0299913,-0.164646,0.117699,0.125916,0.336561,0.0483569,0.2618,-0.0260709,-0.0147656,0.176314,0.0472326,-0.353425,-0.0517848,0.583335,-0.00333663,-0.0320717,0.0446197,0.63,0.0484099,0.0323225,-0.998304,0.6,0,0,1.59841,1.19988,2.07152
0.733551,-5.04307,17.6646,-0.395334,-0.0176337,0.00759976,-0.0383484,0.0475406,-0.125327,0.733551,-5.04307,17.6646,-0.395334,-0.0176337,0.00759976,-0.0383484,0.0475406,-0.125327,-0.617198,-0.019502,-0.0998992,0.306961,0.0268179,0.123294,-0.00469115,-0.495235,0.336738,0.16087,-0.087267,-0.208233,-0.0300226,-0.170186,0.109081,0.126932,0.331595,0.0468334,0.2618,-0.0296049,-0.0224605,0.182682,0.0648836,-0.339589,-0.0420077,0.584157,-0.00260386,-0.0351947,0.0442118,0,0,0,0,0,0,0,0,0,0,0,0,0,0,0,0,0,0,0,0,0,0,0,0,0,0,0,0,0,-0.722137,0.0878768,-0.14832,0.601903,-0.0241886,0.0662692,-0.187053,0.368983,-0.0443297,0.214661,-0.167319,-0.199163,-0.0392821,-0.131703,0.0890076,0.219299,0.187882,0.00412298,0.327223,-0.013756,0.0192314,0.144571,0.132126,-0.231586,-0.0173745,0.660833,-0.00261227,-0.0148167,0.0386682,0.981385,-0.577365,0.159042,-1.52017,1.15611,-0.438819,1.20647,-0.524721,0.33236,-0.72475,-0.401764,-0.0982178,0.354753,1.01199,-0.0468172,-0.475121,0.301225,0.310089,0.158568,-0.238873,-0.0834458,0.426853,-0.881802,0.468543,-0.0472201,0.183983,-0.0229401,-0.0245785,0.123644,0.0345618,-1.31472,0.454668,-12.923,1.02111,2.01118,1.63999,-37.317,10.8075,-3.10293,10.4131,-1.03129,-0.17286,-2.44707,0.972611,-0.916616,1.89123,0.724875,-2.10883,0.0408957,-0.399441,0.0704647,-0.423992,-2.10423,-0.446307,-1.4565,0.0127404,-0.250147,-0.035036,0,0,0,0,0,0,0,0,0,0,0,0,0,0,0,0,0,0,0,0,0,0,0,0,0,0,0,0,0,2.55789,2.55789,2.55789,6.3088,6.3088,1.81445,2.55789,2.55789,1.81445,6.3088,6.3088,0.907223,0.907223,1.81445,1.81445,0.907223,0.907223,1.81445,1.81445,0.907223,0.907223,0.907223,0.907223,0.907223,0.907223,1.06814,1.06814,1.06814,1.06814,40.1792,40.1792,40.1792,99.0984,99.0984,28.5012,40.1792,40.1792,28.5012,99.0984,99.0984,14.2506,14.2506,28.5012,28.5012,14.2506,14.2506,28.5012,28.5012,14.2506,14.2506,14.2506,14.2506,14.2506,14.2506,16.7783,16.7783,16.7783,16.7783,0,0,0,0,0,0,0,0,0,0,0,0,0,0,0,0,0,0,0,0,0,0,0,0,0,0,0,0,0,0,0,0,0,0,0,0,0,0,0,0,0,0,0,0,0,0,0,0,0,0,0,0,0,0,0,0,0,0,0,0,0,0,0,0,0,0,0,0,0,0,0,0,0,0,0,0,0,0,0,0,0,0,0,0,0,0,0,0,0,0,0,0,0,0,0,0,0,0,0,0,0,0,0,0,0,0,0,0,0,0,0,0,0,0,0,0,0,-0.0383484,0.0475406,-0.125327,-0.166602,-0.308079,0.248715,0.300049,-0.318277,-0.38804,0.106785,-0.0957818,-0.0684545,-0.164425,-0.212657,-0.557392,0.561247,-0.067502,-0.0349507,-0.0356171,-0.904462,-0.0512123,-0.472406,-0.182449,0.767796,0.416533,0.59344,-1.03245,-1.44906,1.11166,0.265968,0.281123,-0.474793,-0.617198,-0.019502,-0.0998992,0.306961,0.0268179,0.123294,-0.00469115,-0.495235,0.336738,0.16087,-0.087267,-0.208233,-0.0300226,-0.170186,0.109081,0.126932,0.331595,0.0468334,0.2618,-0.0296049,-0.0224605,0.182682,0.0648836,-0.339589,-0.0420077,0.584157,-0.00260386,-0.0351947,0.0442118,0.655,0.0475227,0.0382957,-0.998136,0.6,0,0,1.59841,1.19988,2.07152
0.892296,-1.27011,12.8347,-0.476921,0.195047,0.112425,-0.0477111,0.050176,-0.124067,0.892296,-1.27011,12.8347,-0.476921,0.195047,0.112425,-0.0477111,0.050176,-0.124067,-0.548598,-0.108291,-0.0367815,0.301147,-0.0270593,0.111569,0.0721414,-0.340279,0.33232,0.186921,-0.087267,-0.121708,-0.0285084,-0.135304,0.127276,0.152016,0.30539,0.0328883,0.2618,-0.0328501,-0.0129355,0.180859,0.0810891,-0.33413,-0.0409861,0.588508,-0.000835344,-0.0367391,0.0419376,0,0,0,0,0,0,0,0,0,0,0,0,0,0,0,0,0,0,0,0,0,0,0,0,0,0,0,0,0,-0.690666,0.0698963,-0.134004,0.564773,-0.0107922,0.0571179,-0.162211,0.346172,-0.0347551,0.200667,-0.175258,-0.199571,-0.0319372,-0.0980553,0.0846908,0.208237,0.197185,0.0102625,0.330733,-0.0186452,0.0172884,0.153424,0.116078,-0.219017,-0.0166249,0.663599,-0.0027596,-0.0151427,0.0403643,1.89493,-1.11588,1.03211,-2.31666,0.572133,-0.246295,1.18954,-1.50626,0.547717,-0.717361,-0.371621,0.0388109,0.3588,2.02803,-0.212833,-0.538852,0.546098,0.287053,0.101802,-0.22364,-0.0924711,0.41516,-0.664565,0.660611,0.13518,-0.0183772,-0.0030588,-0.0162519,0.0802304,-1.66247,-0.92448,-1.08205,-11.9893,0.243711,2.44094,3.30898,-30.2139,9.63711,0.379315,11.0472,-0.148036,-0.292633,-5.54928,1.11853,-0.671443,1.44349,0.526466,-2.19001,0.046773,-0.485229,0.0417868,-0.110474,-2.30669,-0.460812,-1.36377,0.00591424,-0.323288,-0.0163422,0,0,0,0,0,0,0,0,0,0,0,0,0,0,0,0,0,0,0,0,0,0,0,0,0,0,0,0,0,2.55789,2.55789,2.55789,6.3088,6.3088,1.81445,2.55789,2.55789,1.81445,6.3088,6.3088,0.907223,0.907223,1.81445,1.81445,0.907223,0.907223,1.81445,1.81445,0.907223,0.907223,0.907223,0.907223,0.907223,0.907223,1.06814,1.06814,1.06814,1.06814,40.1792,40.1792,40.1792,99.0984,99.0984,28.5012,40.1792,40.1792,28.5012,99.0984,99.0984,14.2506,14.2506,28.5012,28.5012,14.2506,14.2506,28.5012,28.5012,14.2506,14.2506,14.2506,14.2506,14.2506,14.2506,16.7783,16.7783,16.7783,16.7783,0,0,0,0,0,0,0,0,0,0,0,0,0,0,0,0,0,0,0,0,0,0,0,0,0,0,0,0,0,0,0,0,0,0,0,0,0,0,0,0,0,0,0,0,0,0,0,0,0,0,0,0,0,0,0,0,0,0,0,0,0,0,0,0,0,0,0,0,0,0,0,0,0,0,0,0,0,0,0,0,0,0,0,0,0,0,0,0,0,0,0,0,0,0,0,0,0,0,0,0,0,0,0,0,0,0,0,0,0,0,0,0,0,0,0,0,0,-0.0477111,0.050176,-0.124067,-0.109409,-0.271129,0.290202,0.2403,-0.305831,-0.308508,0.0749886,-0.0934524,-0.0650021,-0.171667,-0.15426,-0.432106,0.701569,-0.0749014,-0.0112125,-0.197775,-0.621462,-0.0294942,-0.493137,-0.0671752,0.757722,0.412376,0.562914,-1.04903,-1.37477,0.95802,0.451281,0.254389,-0.277507,-0.548598,-0.108291,-0.0367815,0.301147,-0.0270593,0.111569,0.0721414,-0.340279,0.33232,0.186921,-0.087267,-0.121708,-0.0285084,-0.135304,0.127276,0.152016,0.30539,0.0328883,0.2618,-0.0328501,-0.0129355,0.180859,0.0810891,-0.33413,-0.0409861,0.588508,-0.000835344,-0.0367391,0.0419376,0.676,0.050155,0.047633,-0.997605,0.6,0,0,1.6017,1.19067,2.10609
1.33584,1.02896,9.03397,-0.307947,0.290185,0.170536,-0.0555312,0.056089,-0.121292,1.33584,1.02896,9.03397,-0.307947,0.290185,0.170536,-0.0555312,0.056089,-0.121292,-0.51632,-0.171324,0.0324022,0.321157,-0.0663873,0.0989338,0.167337,-0.226712,0.315645,0.216583,-0.087267,-0.0566886,-0.0342384,-0.0635769,0.140298,0.17686,0.279926,0.0214795,0.2618,-0.0306523,-0.00533341,0.17225,0.0807982,-0.301185,-0.02539,0.590487,0.000578343,-0.0374978,0.0417076,0,0,0,0,0,0,0,0,0,0,0,0,0,0,0,0,0,0,0,0,0,0,0,0,0,0,0,0,0,-0.645836,0.0455359,-0.10984,0.514077,-0.00381017,0.0624767,-0.135554,0.31297,-0.0211612,0.187059,-0.183146,-0.197183,-0.0276231,-0.0560674,0.0760769,0.197939,0.208271,0.0140201,0.329395,-0.0230545,0.0166048,0.160632,0.105105,-0.207739,-0.0125948,0.659085,-0.00239523,-0.0167886,0.0415757,2.33426,-1.26395,1.2221,-2.59596,0.17235,0.460882,1.33601,-1.69939,0.764003,-0.650341,-0.39857,0.162504,0.085293,2.04728,-0.433507,-0.442545,0.52117,0.125938,-0.159878,-0.197199,-0.0390682,0.302465,-0.435953,0.452963,0.24256,-0.36189,0.0197414,-0.118767,0.0600728,-1.91404,-3.06725,-0.144143,-5.21286,-3.59413,0.598415,4.97561,-22.0278,8.75036,3.99278,11.9667,0.937242,-0.111909,-5.90949,2.27704,-0.243868,0.913694,0.30076,-1.66968,0.0400578,-0.393296,0.0109323,0.0649671,-2.22528,-0.612535,-0.8348,0.00475353,-0.217873,-0.0545638,0,0,0,0,0,0,0,0,0,0,0,0,0,0,0,0,0,0,0,0,0,0,0,0,0,0,0,0,0,2.55789,2.55789,2.55789,6.3088,6.3088,1.81445,2.55789,2.55789,1.81445,6.3088,6.3088,0.907223,0.907223,1.81445,1.81445,0.907223,0.907223,1.81445,1.81445,0.907223,0.907223,0.907223,0.907223,0.907223,0.907223,1.06814,1.06814,1.06814,1.06814,40.1792,40.1792,40.1792,99.0984,99.0984,28.5012,40.1792,40.1792,28.5012,99.0984,99.0984,14.2506,14.2506,28.5012,28.5012,14.2506,14.2506,28.5012,28.5012,14.2506,14.2506,14.2506,14.2506,14.2506,14.2506,16.7783,16.7783,16.7783,16.7783,0,0,0,0,0,0,0,0,0,0,0,0,0,0,0,0,0,0,0,0,0,0,0,0,0,0,0,0,0,0,0,0,0,0,0,0,0,0,0,0,0,0,0,0,0,0,0,0,0,0,0,0,0,0,0,0,0,0,0,0,0,0,0,0,0,0,0,0,0,0,0,0,0,0,0,0,0,0,0,0,0,0,0,0,0,0,0,0,0,0,0,0,0,0,0,0,0,0,0,0,0,0,0,0,0,0,0,0,0,0,0,0,0,0,0,0,0,-0.0555312,0.056089,-0.121292,-0.0527604,-0.271792,0.319894,0.182239,-0.230712,-0.144962,0.0489754,-0.0578917,-0.078067,-0.164244,-0.127687,-0.373155,0.875427,-0.0698902,0.0077629,-0.312894,-0.414051,-0.0121607,-0.50332,0.0591771,0.719702,0.392748,0.559827,-0.991962,-1.29018,0.845866,0.725141,0.225579,-0.129256,-0.51632,-0.171324,0.0324022,0.321157,-0.0663873,0.0989338,0.167337,-0.226712,0.315645,0.216583,-0.087267,-0.0566886,-0.0342384,-0.0635769,0.140298,0.17686,0.279926,0.0214795,0.2618,-0.0306523,-0.00533341,0.17225,0.0807982,-0.301185,-0.02539,0.590487,0.000578343,-0.0374978,0.0417076,0.758,0.0560596,0.0554154,-0.996888,0.6,0,0,1.6017,1.19067,2.10609
1.40312,1.4601,7.58107,-0.111819,0.273887,0.125652,-0.05948,0.0625955,-0.118615,1.40312,1.4601,7.58107,-0.111819,0.273887,0.125652,-0.05948,0.0625955,-0.118615,-0.534073,-0.211022,0.0700564,0.326327,-0.0941342,0.0919997,0.257841,-0.165483,0.283748,0.2516,-0.0261448,-0.00908581,-0.0452845,0.00194823,0.129765,0.187747,0.280021,0.0227513,0.2618,-0.0263831,-0.00686196,0.157184,0.0731762,-0.265891,-0.00234684,0.589049,0.000950812,-0.039319,0.0402087,0,0,0,0,0,0,0,0,0,0,0,0,0,0,0,0,0,0,0,0,0,0,0,0,0,0,0,0,0,-0.597194,0.0201593,-0.0868594,0.467769,-0.0112476,0.0712425,-0.106705,0.279789,-0.00285275,0.176701,-0.192496,-0.193288,-0.0300023,-0.0176204,0.0639948,0.190598,0.217235,0.015416,0.324149,-0.025759,0.0162977,0.164345,0.0965453,-0.201012,-0.00708669,0.651351,-0.00173197,-0.0197047,0.0424175,2.40502,-1.23425,1.05861,-2.14244,-0.491681,0.44287,1.43991,-1.57694,1.02518,-0.434072,-0.506336,0.204781,-0.279912,1.76166,-0.586275,-0.265,0.372481,0.0229756,-0.296161,-0.105677,-0.027064,0.12291,-0.392231,0.239348,0.28907,-0.394391,0.0307949,-0.144129,0.0414796,-2.79142,-4.60786,2.09828,-1.18841,-2.46845,0.00481618,7.39503,-16.3819,7.30807,6.67443,13.4854,1.76599,0.158633,-4.48844,3.26562,0.0632515,0.548141,0.118166,-1.25704,0.0270124,-0.289567,-0.00312505,0.132359,-1.65774,-0.515624,-0.613293,0.00534352,-0.147396,-0.0537476,0,0,0,0,0,0,0,0,0,0,0,0,0,0,0,0,0,0,0,0,0,0,0,0,0,0,0,0,0,2.55789,2.55789,2.55789,6.3088,6.3088,1.81445,2.55789,2.55789,1.81445,6.3088,6.3088,0.907223,0.907223,1.81445,1.81445,0.907223,0.907223,1.81445,1.81445,0.907223,0.907223,0.907223,0.907223,0.907223,0.907223,1.06814,1.06814,1.06814,1.06814,40.1792,40.1792,40.1792,99.0984,99.0984,28.5012,40.1792,40.1792,28.5012,99.0984,99.0984,14.2506,14.2506,28.5012,28.5012,14.2506,14.2506,28.5012,28.5012,14.2506,14.2506,14.2506,14.2506,14.2506,14.2506,16.7783,16.7783,16.7783,16.7783,0,0,0,0,0,0,0,0,0,0,0,0,0,0,0,0,0,0,0,0,0,0,0,0,0,0,0,0,0,0,0,0,0,0,0,0,0,0,0,0,0,0,0,0,0,0,0,0,0,0,0,0,0,0,0,0,0,0,0,0,0,0,0,0,0,0,0,0,0,0,0,0,0,0,0,0,0,0,0,0,0,0,0,0,0,0,0,0,0,0,0,0,0,0,0,0,0,0,0,0,0,0,0,0,0,0,0,0,0,0,0,0,0,0,0,0,0,-0.05948,0.0625955,-0.118615,-0.0279383,-0.289171,0.295878,0.182455,-0.150239,0.00444215,0.0518753,-0.00535104,-0.103253,-0.166635,-0.14699,-0.405579,1.04072,-0.060156,0.0127624,-0.385396,-0.302227,-0.015646,-0.527766,0.127946,0.646973,0.358395,0.539708,-0.977219,-1.19032,0.766739,0.960628,0.209769,-0.0207165,-0.534073,-0.211022,0.0700564,0.326327,-0.0941342,0.0919997,0.257841,-0.165483,0.283748,0.2516,-0.0261448,-0.00908581,-0.0452845,0.00194823,0.129765,0.187747,0.280021,0.0227513,0.2618,-0.0263831,-0.00686196,0.157184,0.0731762,-0.265891,-0.00234684,0.589049,0.000950812,-0.039319,0.0402087,0.89,0.0625547,0.0593285,-0.996277,0.6,0,0,1.60382,1.17791,2.15076
1.01532,1.09504,7.23817,0.0476833,0.204137,0.0119805,-0.0599603,0.0683973,-0.11755,1.01532,1.09504,7.23817,0.0476833,0.204137,0.0119805,-0.0599603,0.0683973,-0.11755,-0.554897,-0.232293,0.0881824,0.324188,-0.117491,0.0868032,0.325614,-0.12835,0.239579,0.279862,0.0419223,0.0192623,-0.0571331,0.0583339,0.110474,0.192822,0.283382,0.025698,0.2618,-0.0194446,-0.0149124,0.134873,0.0647192,-0.235869,0.018731,0.588148,0.000677447,-0.0409063,0.0382441,0,0,0,0,0,0,0,0,0,0,0,0,0,0,0,0,0,0,0,0,0,0,0,0,0,0,0,0,0,-0.546412,-0.00402997,-0.0649883,0.429369,-0.0285576,0.0802091,-0.0734066,0.24859,0.0220628,0.16706,-0.202608,-0.189579,-0.0393724,0.0160483,0.0496852,0.187138,0.223316,0.0162779,0.317255,-0.0265371,0.0146538,0.162966,0.087262,-0.197444,0.000464796,0.643886,-0.0010602,-0.0229076,0.0424321,2.14632,-0.975481,0.927051,-1.4976,-0.760906,0.373383,1.47302,-1.26862,1.21042,-0.426971,-0.441022,0.111043,-0.532057,1.32097,-0.569964,-0.0453466,0.208153,0.0177,-0.302804,-0.0149228,-0.0980954,-0.114879,-0.408632,0.11323,0.355881,-0.307644,0.0246884,-0.129319,-9.35439e-05,-4.94594,-5.84061,3.07849,-0.760712,-1.71531,-0.340701,9.59789,-13.4142,5.34987,11.0144,20.1871,2.4647,0.369178,-2.80619,3.34974,0.0710051,0.612246,0.143185,-1.03627,0.0162147,-0.221604,0.0190275,0.165713,-1.08235,-0.356519,-0.596017,0.00689881,-0.137728,-0.0350876,0,0,0,0,0,0,0,0,0,0,0,0,0,0,0,0,0,0,0,0,0,0,0,0,0,0,0,0,0,2.55789,2.55789,2.55789,6.3088,6.3088,1.81445,2.55789,2.55789,1.81445,6.3088,6.3088,0.907223,0.907223,1.81445,1.81445,0.907223,0.907223,1.81445,1.81445,0.907223,0.907223,0.907223,0.907223,0.907223,0.907223,1.06814,1.06814,1.06814,1.06814,40.1792,40.1792,40.1792,99.0984,99.0984,28.5012,40.1792,40.1792,28.5012,99.0984,99.0984,14.2506,14.2506,28.5012,28.5012,14.2506,14.2506,28.5012,28.5012,14.2506,14.2506,14.2506,14.2506,14.2506,14.2506,16.7783,16.7783,16.7783,16.7783,0,0,0,0,0,0,0,0,0,0,0,0,0,0,0,0,0,0,0,0,0,0,0,0,0,0,0,0,0,0,0,0,0,0,0,0,0,0,0,0,0,0,0,0,0,0,0,0,0,0,0,0,0,0,0,0,0,0,0,0,0,0,0,0,0,0,0,0,0,0,0,0,0,0,0,0,0,0,0,0,0,0,0,0,0,0,0,0,0,0,0,0,0,0,0,0,0,0,0,0,0,0,0,0,0,0,0,0,0,0,0,0,0,0,0,0,0,-0.0599603,0.0683973,-0.11755,-0.0163665,-0.308454,0.251892,0.190119,-0.0817852,0.133007,0.0585939,0.0427086,-0.130269,-0.164886,-0.159079,-0.443609,1.16449,-0.0443356,0.00909314,-0.424244,-0.23441,-0.0340017,-0.549071,0.16105,0.546263,0.307523,0.513338,-0.98332,-1.10973,0.700132,1.15474,0.19792,0.04392,-0.554897,-0.232293,0.0881824,0.324188,-0.117491,0.0868032,0.325614,-0.12835,0.239579,0.279862,0.0419223,0.0192623,-0.0571331,0.0583339,0.110474,0.192822,0.283382,0.025698,0.2618,-0.0194446,-0.0149124,0.134873,0.0647192,-0.235869,0.018731,0.588148,0.000677447,-0.0409063,0.0382441,0.654,0.068344,0.0597842,-0.995869,0.6,0,0,1.5993,1.17088,2.15952
0.231804,0.514423,7.66499,0.11934,0.194695,-0.0806563,-0.0582264,0.0725821,-0.118656,0.231804,0.514423,7.66499,0.11934,0.194695,-0.0806563,-0.0582264,0.0725821,-0.118656,-0.561074,-0.251422,0.0973076,0.324588,-0.140026,0.0893404,0.357117,-0.13947,0.200309,0.313235,0.127024,0.0437495,-0.0674293,0.0759798,0.0942695,0.198429,0.291786,0.0328361,0.2618,-0.0112937,-0.021218,0.112047,0.0540524,-0.220977,0.0292837,0.587054,0.000147653,-0.0417634,0.0376887,0,0,0,0,0,0,0,0,0,0,0,0,0,0,0,0,0,0,0,0,0,0,0,0,0,0,0,0,0,-0.506632,-0.020513,-0.0482506,0.406304,-0.0464074,0.0861353,-0.0433193,0.226894,0.0478766,0.157527,-0.209264,-0.187886,-0.0505388,0.0379074,0.0374821,0.187523,0.226152,0.0173139,0.311892,-0.0252041,0.0111563,0.156355,0.07839,-0.19536,0.00826878,0.63908,-0.000674669,-0.0254688,0.0416422,1.8256,-0.704766,0.767087,-0.949682,-0.819402,0.258428,1.45882,-0.936848,1.37647,-0.480598,-0.280746,0.0720009,-0.567123,0.918077,-0.564694,0.0819943,0.106653,0.0352812,-0.245536,0.0816901,-0.194787,-0.378843,-0.439861,0.111199,0.396076,-0.203816,0.0146961,-0.112573,-0.0402241,-6.57912,-6.70249,3.53592,-2.08047,-1.85873,-0.451648,11.1499,-11.8749,3.06148,15.089,26.6376,2.89016,0.405335,-1.09925,3.11888,0.0175233,0.715375,0.164625,-0.984599,0.00867816,-0.198425,0.0322961,0.197715,-0.672057,-0.20238,-0.637083,0.00660483,-0.138302,-0.0124213,0,0,0,0,0,0,0,0,0,0,0,0,0,0,0,0,0,0,0,0,0,0,0,0,0,0,0,0,0,2.55789,2.55789,2.55789,6.3088,6.3088,1.81445,2.55789,2.55789,1.81445,6.3088,6.3088,0.907223,0.907223,1.81445,1.81445,0.907223,0.907223,1.81445,1.81445,0.907223,0.907223,0.907223,0.907223,0.907223,0.907223,1.06814,1.06814,1.06814,1.06814,40.1792,40.1792,40.1792,99.0984,99.0984,28.5012,40.1792,40.1792,28.5012,99.0984,99.0984,14.2506,14.2506,28.5012,28.5012,14.2506,14.2506,28.5012,28.5012,14.2506,14.2506,14.2506,14.2506,14.2506,14.2506,16.7783,16.7783,16.7783,16.7783,0,0,0,0,0,0,0,0,0,0,0,0,0,0,0,0,0,0,0,0,0,0,0,0,0,0,0,0,0,0,0,0,0,0,0,0,0,0,0,0,0,0,0,0,0,0,0,0,0,0,0,0,0,0,0,0,0,0,0,0,0,0,0,0,0,0,0,0,0,0,0,0,0,0,0,0,0,0,0,0,0,0,0,0,0,0,0,0,0,0,0,0,0,0,0,0,0,0,0,0,0,0,0,0,0,0,0,0,0,0,0,0,0,0,0,0,0,-0.0582264,0.0725821,-0.118656,-0.00358236,-0.332775,0.214944,0.209281,-0.0478304,0.173241,0.0748697,0.0667697,-0.153746,-0.171438,-0.173767,-0.454891,1.22203,-0.0257508,0.0019819,-0.459179,-0.254718,-0.0483791,-0.560576,0.177716,0.456726,0.255478,0.505882,-0.982179,-1.01455,0.635867,1.39743,0.203705,0.0997533,-0.561074,-0.251422,0.0973076,0.324588,-0.140026,0.0893404,0.357117,-0.13947,0.200309,0.313235,0.127024,0.0437495,-0.0674293,0.0759798,0.0942695,0.198429,0.291786,0.0328361,0.2618,-0.0112937,-0.021218,0.112047,0.0540524,-0.220977,0.0292837,0.587054,0.000147653,-0.0417634,0.0376887,0.688,0.0725184,0.0580403,-0.995677,0.6,0,0,1.5993,1.17088,2.15952
-0.285038,0.0729637,8.91959,0.151716,0.240649,-0.149062,-0.0553003,0.0774742,-0.121647,-0.285038,0.0729637,8.91959,0.151716,0.240649,-0.149062,-0.0553003,0.0774742,-0.121647,-0.50852,-0.257742,0.107767,0.323026,-0.124724,0.0969529,0.346797,-0.151119,0.171576,0.348601,0.214162,0.0627325,-0.0735828,0.0772255,0.093313,0.205098,0.309095,0.0442264,0.2618,-0.00163567,-0.0264519,0.0964693,0.0541693,-0.224719,0.0271849,0.587419,0.000581716,-0.0424116,0.0385387,0,0,0,0,0,0,0,0,0,0,0,0,0,0,0,0,0,0,0,0,0,0,0,0,0,0,0,0,0,-0.470973,-0.031475,-0.0346964,0.39214,-0.0663782,0.0917593,-0.01311,0.211486,0.0756744,0.147363,-0.209814,-0.183065,-0.06181,0.0516568,0.0247683,0.190026,0.226899,0.019209,0.308172,-0.0216382,0.00615241,0.143795,0.0681461,-0.192058,0.0167911,0.63647,-0.000533662,-0.0276277,0.0406023,1.4573,-0.34404,0.505929,-0.492936,-0.809519,0.248409,1.24968,-0.527095,1.17574,-0.394125,0.122191,0.35702,-0.471474,0.422053,-0.536537,0.153731,0.00438512,0.0709755,-0.136431,0.161256,-0.208556,-0.572588,-0.451465,0.19387,0.371333,-0.0752589,0.00355701,-0.0757432,-0.0398841,-7.31867,-7.92339,3.9991,-3.53569,-2.18325,-0.514635,11.7029,-12.723,1.45566,18.9577,32.7308,2.93998,0.342132,-0.105284,2.95476,-0.00660341,0.918276,0.251341,-1.07444,0.00120258,-0.200077,0.0642152,0.20383,-0.573208,-0.152527,-0.745809,0.00751723,-0.154433,-0.00516868,0,0,0,0,0,0,0,0,0,0,0,0,0,0,0,0,0,0,0,0,0,0,0,0,0,0,0,0,0,2.55789,2.55789,2.55789,6.3088,6.3088,1.81445,2.55789,2.55789,1.81445,6.3088,6.3088,0.907223,0.907223,1.81445,1.81445,0.907223,0.907223,1.81445,1.81445,0.907223,0.907223,0.907223,0.907223,0.907223,0.907223,1.06814,1.06814,1.06814,1.06814,40.1792,40.1792,40.1792,99.0984,99.0984,28.5012,40.1792,40.1792,28.5012,99.0984,99.0984,14.2506,14.2506,28.5012,28.5012,14.2506,14.2506,28.5012,28.5012,14.2506,14.2506,14.2506,14.2506,14.2506,14.2506,16.7783,16.7783,16.7783,16.7783,0,0,0,0,0,0,0,0,0,0,0,0,0,0,0,0,0,0,0,0,0,0,0,0,0,0,0,0,0,0,0,0,0,0,0,0,0,0,0,0,0,0,0,0,0,0,0,0,0,0,0,0,0,0,0,0,0,0,0,0,0,0,0,0,0,0,0,0,0,0,0,0,0,0,0,0,0,0,0,0,0,0,0,0,0,0,0,0,0,0,0,0,0,0,0,0,0,0,0,0,0,0,0,0,0,0,0,0,0,0,0,0,0,0,0,0,0,-0.0553003,0.0774742,-0.121647,0.0116241,-0.332508,0.212763,0.248747,-0.0563619,0.176082,0.100841,0.0619843,-0.167776,-0.179481,-0.168873,-0.358911,1.20318,-0.0037295,0.00780818,-0.470722,-0.275993,-0.0603129,-0.569276,0.196817,0.39121,0.21996,0.517292,-0.986633,-0.913699,0.679506,1.64592,0.221062,0.143036,-0.50852,-0.257742,0.107767,0.323026,-0.124724,0.0969529,0.346797,-0.151119,0.171576,0.348601,0.214162,0.0627325,-0.0735828,0.0772255,0.093313,0.205098,0.309095,0.0442264,0.2618,-0.00163567,-0.0264519,0.0964693,0.0541693,-0.224719,0.0271849,0.587419,0.000581716,-0.0424116,0.0385387,2.177,0.0764679,0.0556654,-0.995517,0.6,0,0,1.59482,1.17273,2.14135
-0.64701,-0.197985,10.0903,0.146167,0.311049,-0.186281,-0.0527803,0.082453,-0.125041,-0.64701,-0.197985,10.0903,0.146167,0.311049,-0.186281,-0.0527803,0.082453,-0.125041,-0.426316,-0.279004,0.135893,0.33377,-0.0943037,0.112174,0.321374,-0.151136,0.148379,0.379781,0.292871,0.0860306,-0.0741372,0.0670455,0.0942741,0.216386,0.324318,0.0563658,0.2618,0.00679965,-0.0296788,0.0813287,0.0720571,-0.244196,0.0155065,0.588451,0.00152425,-0.0433248,0.0395635,0,0,0,0,0,0,0,0,0,0,0,0,0,0,0,0,0,0,0,0,0,0,0,0,0,0,0,0,0,-0.445506,-0.0332427,-0.027096,0.383523,-0.0755274,0.0976354,0.00749174,0.206292,0.0935699,0.142364,-0.202546,-0.173639,-0.0699766,0.054614,0.0143156,0.192934,0.226008,0.021598,0.306894,-0.0172231,0.00221332,0.13181,0.0600039,-0.187737,0.0227494,0.636193,-0.000394826,-0.0288362,0.0402294,1.35603,0.060882,0.344653,-0.427695,-0.419777,0.329528,1.0341,-0.124566,0.873033,-0.161108,0.584095,0.639389,-0.435822,0.00285318,-0.584816,0.17919,-0.0617544,0.137649,-0.0462462,0.248871,-0.198612,-0.651935,-0.431035,0.282311,0.305707,0.019049,0.00826253,-0.0521852,-0.0127461,-5.94228,-9.09862,4.51394,-3.28973,-2.24737,-0.607713,10.9922,-13.9677,0.653412,21.6092,37.9103,2.82248,0.337761,0.588063,3.29464,0.0226336,1.2403,0.39239,-1.20155,-0.00319395,-0.226134,0.085035,0.306042,-0.764969,-0.209348,-0.833244,0.00763931,-0.169159,-0.0140813,0,0,0,0,0,0,0,0,0,0,0,0,0,0,0,0,0,0,0,0,0,0,0,0,0,0,0,0,0,2.55789,2.55789,2.55789,6.3088,6.3088,1.81445,2.55789,2.55789,1.81445,6.3088,6.3088,0.907223,0.907223,1.81445,1.81445,0.907223,0.907223,1.81445,1.81445,0.907223,0.907223,0.907223,0.907223,0.907223,0.907223,1.06814,1.06814,1.06814,1.06814,40.1792,40.1792,40.1792,99.0984,99.0984,28.5012,40.1792,40.1792,28.5012,99.0984,99.0984,14.2506,14.2506,28.5012,28.5012,14.2506,14.2506,28.5012,28.5012,14.2506,14.2506,14.2506,14.2506,14.2506,14.2506,16.7783,16.7783,16.7783,16.7783,0,0,0,0,0,0,0,0,0,0,0,0,0,0,0,0,0,0,0,0,0,0,0,0,0,0,0,0,0,0,0,0,0,0,0,0,0,0,0,0,0,0,0,0,0,0,0,0,0,0,0,0,0,0,0,0,0,0,0,0,0,0,0,0,0,0,0,0,0,0,0,0,0,0,0,0,0,0,0,0,0,0,0,0,0,0,0,0,0,0,0,0,0,0,0,0,0,0,0,0,0,0,0,0,0,0,0,0,0,0,0,0,0,0,0,0,0,-0.0527803,0.082453,-0.125041,0.0373611,-0.291723,0.214954,0.283457,-0.100772,0.15287,0.12852,0.0353563,-0.16904,-0.174857,-0.155024,-0.208778,1.15675,0.0155039,0.0204595,-0.509553,-0.276025,-0.0676705,-0.581534,0.248185,0.338319,0.185437,0.531047,-0.955993,-0.824781,0.766256,1.87038,0.255769,0.196158,-0.426316,-0.279004,0.135893,0.33377,-0.0943037,0.112174,0.321374,-0.151136,0.148379,0.379781,0.292871,0.0860306,-0.0741372,0.0670455,0.0942741,0.216386,0.324318,0.0563658,0.2618,0.00679965,-0.0296788,0.0813287,0.0720571,-0.244196,0.0155065,0.588451,0.00152425,-0.0433248,0.0395635,1.126,0.0823596,0.0525766,-0.995215,0.6,0,0,1.59482,1.17273,2.14135
-0.293212,-0.40412,10.5397,0.108744,0.384966,-0.191907,-0.0504746,0.0896364,-0.12927,-0.293212,-0.40412,10.5397,0.108744,0.384966,-0.191907,-0.0504746,0.0896364,-0.12927,-0.280268,-0.303044,0.153595,0.329896,-0.0247968,0.132336,0.260132,-0.132824,0.126394,0.420851,0.343232,0.10025,-0.0659026,0.0221604,0.102307,0.234622,0.33564,0.0683093,0.2618,0.012602,-0.041268,0.0672945,0.117459,-0.268636,0.00249806,0.590819,0.00255044,-0.0451676,0.0396395,0,0,0,0,0,0,0,0,0,0,0,0,0,0,0,0,0,0,0,0,0,0,0,0,0,0,0,0,0,-0.417519,-0.0261646,-0.020684,0.374422,-0.07672,0.108422,0.0264257,0.209602,0.10713,0.142983,-0.184045,-0.160687,-0.0785733,0.0493061,0.00048394,0.196493,0.224081,0.0255801,0.30677,-0.0111133,-0.00151107,0.117302,0.0523908,-0.18139,0.0275445,0.63684,-4.79795e-05,-0.0298462,0.0405009,1.38766,0.525372,0.244417,-0.416485,-0.0307635,0.565386,0.838716,0.356165,0.523528,0.200904,1.13781,0.638115,-0.415503,-0.420194,-0.709013,0.202753,-0.0869401,0.195082,2.43673e-06,0.289353,-0.157154,-0.684488,-0.307351,0.345089,0.208238,0.040853,0.0182435,-0.0431102,0.0188413,-3.81735,-11.4001,5.63505,-1.42223,-1.58561,-0.906329,9.70096,-15.2988,0.200506,22.4613,40.5013,2.95413,0.434247,1.20819,3.93782,0.114579,1.51166,0.521756,-1.28576,-0.00734207,-0.25656,0.107456,0.570308,-1.19248,-0.3569,-0.852745,0.00704911,-0.178871,-0.0355204,0,0,0,0,0,0,0,0,0,0,0,0,0,0,0,0,0,0,0,0,0,0,0,0,0,0,0,0,0,2.55789,2.55789,2.55789,6.3088,6.3088,1.81445,2.55789,2.55789,1.81445,6.3088,6.3088,0.907223,0.907223,1.81445,1.81445,0.907223,0.907223,1.81445,1.81445,0.907223,0.907223,0.907223,0.907223,0.907223,0.907223,1.06814,1.06814,1.06814,1.06814,40.1792,40.1792,40.1792,99.0984,99.0984,28.5012,40.1792,40.1792,28.5012,99.0984,99.0984,14.2506,14.2506,28.5012,28.5012,14.2506,14.2506,28.5012,28.5012,14.2506,14.2506,14.2506,14.2506,14.2506,14.2506,16.7783,16.7783,16.7783,16.7783,0,0,0,0,0,0,0,0,0,0,0,0,0,0,0,0,0,0,0,0,0,0,0,0,0,0,0,0,0,0,0,0,0,0,0,0,0,0,0,0,0,0,0,0,0,0,0,0,0,0,0,0,0,0,0,0,0,0,0,0,0,0,0,0,0,0,0,0,0,0,0,0,0,0,0,0,0,0,0,0,0,0,0,0,0,0,0,0,0,0,0,0,0,0,0,0,0,0,0,0,0,0,0,0,0,0,0,0,0,0,0,0,0,0,0,0,0,-0.0504746,0.0896364,-0.12927,0.0789409,-0.188201,0.233269,0.309274,-0.156498,0.0505279,0.155752,0.00569583,-0.150264,-0.163071,-0.123238,0.0579534,1.0449,0.0287339,0.0342337,-0.553459,-0.242581,-0.0940951,-0.606269,0.280515,0.288191,0.153438,0.532067,-0.967042,-0.707659,0.964472,2.014,0.30174,0.228581,-0.280268,-0.303044,0.153595,0.329896,-0.0247968,0.132336,0.260132,-0.132824,0.126394,0.420851,0.343232,0.10025,-0.0659026,0.0221604,0.102307,0.234622,0.33564,0.0683093,0.2618,0.012602,-0.041268,0.0672945,0.117459,-0.268636,0.00249806,0.590819,0.00255044,-0.0451676,0.0396395,0.732,0.0895164,0.0502506,-0.994717,0.6,0,0,1.58886,1.17714,2.11072
-1.15545,-3.33397,12.9359,0.0769098,0.390932,-0.163474,-0.0486941,0.0976323,-0.13332,-1.15545,-3.33397,12.9359,0.0769098,0.390932,-0.163474,-0.0486941,0.0976323,-0.13332,-0.0824233,-0.31736,0.159171,0.33248,0.0591051,0.167789,0.139827,-0.0703318,0.117201,0.457734,0.339562,0.118351,-0.05033,-0.0290829,0.114082,0.262104,0.328976,0.0783141,0.2618,0.0147042,-0.0645806,0.0621773,0.173737,-0.308657,-0.0179408,0.593157,0.00306905,-0.0492195,0.0376342,0,0,0,0,0,0,0,0,0,0,0,0,0,0,0,0,0,0,0,0,0,0,0,0,0,0,0,0,0,-0.385146,-0.0106935,-0.00968066,0.361326,-0.0652629,0.118246,0.0414128,0.221852,0.11236,0.154327,-0.15656,-0.147841,-0.0866155,0.035856,-0.0163868,0.200887,0.221735,0.0305108,0.307454,-0.00493959,-0.00615489,0.102516,0.048907,-0.174985,0.0305803,0.636449,0.00048572,-0.0311493,0.0411188,1.67474,0.842432,0.583223,-0.599504,0.0243358,0.513419,0.625,0.717999,0.0105044,0.825896,1.51883,0.670124,-0.310902,-0.756204,-0.849763,0.253193,-0.0885794,0.239114,0.0421685,0.284541,-0.2385,-0.692634,-0.04553,0.329519,0.110533,-0.00351508,0.0258133,-0.0890183,0.0281125,-0.0383335,-13.9621,4.80868,0.825404,3.178,-0.530871,7.12145,-16.1374,0.284011,21.6832,40.3017,2.94677,0.606787,1.05967,4.89412,0.25682,1.72877,0.652995,-1.36101,-0.00795936,-0.287788,0.125447,1.03516,-1.59551,-0.510107,-0.72112,0.00676629,-0.151301,-0.0578247,0,0,0,0,0,0,0,0,0,0,0,0,0,0,0,0,0,0,0,0,0,0,0,0,0,0,0,0,0,2.55789,2.55789,2.55789,6.3088,6.3088,1.81445,2.55789,2.55789,1.81445,6.3088,6.3088,0.907223,0.907223,1.81445,1.81445,0.907223,0.907223,1.81445,1.81445,0.907223,0.907223,0.907223,0.907223,0.907223,0.907223,1.06814,1.06814,1.06814,1.06814,40.1792,40.1792,40.1792,99.0984,99.0984,28.5012,40.1792,40.1792,28.5012,99.0984,99.0984,14.2506,14.2506,28.5012,28.5012,14.2506,14.2506,28.5012,28.5012,14.2506,14.2506,14.2506,14.2506,14.2506,14.2506,16.7783,16.7783,16.7783,16.7783,0,0,0,0,0,0,0,0,0,0,0,0,0,0,0,0,0,0,0,0,0,0,0,0,0,0,0,0,0,0,0,0,0,0,0,0,0,0,0,0,0,0,0,0,0,0,0,0,0,0,0,0,0,0,0,0,0,0,0,0,0,0,0,0,0,0,0,0,0,0,0,0,0,0,0,0,0,0,0,0,0,0,0,0,0,0,0,0,0,0,0,0,0,0,0,0,0,0,0,0,0,0,0,0,0,0,0,0,0,0,0,0,0,0,0,0,0,-0.0486941,0.0976323,-0.13332,0.141604,-0.059882,0.260118,0.294078,-0.247749,-0.0663119,0.178564,-0.0409069,-0.114757,-0.139827,-0.0918531,0.419283,0.825186,0.033527,0.0411949,-0.579604,-0.128449,-0.14725,-0.660656,0.290698,0.267231,0.141771,0.505151,-0.959673,-0.602478,1.20374,2.00353,0.382576,0.269853,-0.0824233,-0.31736,0.159171,0.33248,0.0591051,0.167789,0.139827,-0.0703318,0.117201,0.457734,0.339562,0.118351,-0.05033,-0.0290829,0.114082,0.262104,0.328976,0.0783141,0.2618,0.0147042,-0.0645806,0.0621773,0.173737,-0.308657,-0.0179408,0.593157,0.00306905,-0.0492195,0.0376342,0.699,0.0974773,0.0484431,-0.994058,0.6,0,0,1.57862,0.600185,2.96542
-0.839061,-1.03637,12.0579,-0.0843459,0.495132,-0.0554471,-0.0496602,0.10708,-0.135993,-0.839061,-1.03637,12.0579,-0.0843459,0.495132,-0.0554471,-0.0496602,0.10708,-0.135993,0.174947,-0.302367,0.0787685,0.364613,0.0358136,0.214861,-0.0933439,0.121659,0.10527,0.510343,0.204562,0.13464,-0.0158366,-0.0815222,0.171176,0.297816,0.300102,0.0783856,0.2618,0.0099588,-0.0969729,0.0614513,0.263188,-0.380881,-0.0521362,0.59691,0.00312289,-0.051188,0.0314974,0,0,0,0,0,0,0,0,0,0,0,0,0,0,0,0,0,0,0,0,0,0,0,0,0,0,0,0,0,-0.349226,0.00198211,0.00202347,0.344357,-0.0586519,0.124099,0.0486293,0.230958,0.108674,0.18242,-0.126308,-0.132936,-0.0901664,0.027799,-0.0369269,0.204814,0.221485,0.036974,0.309674,0.000331834,-0.0143747,0.0895821,0.0506943,-0.166438,0.0311165,0.637066,0.00104057,-0.0334236,0.0413549,1.84431,0.511171,0.671653,-0.96256,0.523743,0.289459,0.202993,0.330208,-0.364229,1.7131,1.61598,0.799557,-0.0292755,-0.257435,-1.09109,0.190867,0.024561,0.324086,0.109428,0.233915,-0.430171,-0.566192,0.254166,0.424986,0.00651088,-0.00234694,0.0275764,-0.106808,0.00434514,6.13579,-14.1441,4.73425,4.69318,8.60626,0.76097,3.09683,-12.9635,0.80555,17.0343,36.5222,2.88929,0.631953,-1.1442,6.23152,0.654171,1.51607,0.591927,-1.5695,-0.00753968,-0.326913,0.125547,1.56933,-2.40955,-0.703,-0.743695,0.00490037,-0.151285,-0.067224,0,0,0,0,0,0,0,0,0,0,0,0,0,0,0,0,0,0,0,0,0,0,0,0,0,0,0,0,0,2.55789,2.55789,2.55789,6.3088,6.3088,1.81445,2.55789,2.55789,1.81445,6.3088,6.3088,0.907223,0.907223,1.81445,1.81445,0.907223,0.907223,1.81445,1.81445,0.907223,0.907223,0.907223,0.907223,0.907223,0.907223,1.06814,1.06814,1.06814,1.06814,40.1792,40.1792,40.1792,99.0984,99.0984,28.5012,40.1792,40.1792,28.5012,99.0984,99.0984,14.2506,14.2506,28.5012,28.5012,14.2506,14.2506,28.5012,28.5012,14.2506,14.2506,14.2506,14.2506,14.2506,14.2506,16.7783,16.7783,16.7783,16.7783,0,0,0,0,0,0,0,0,0,0,0,0,0,0,0,0,0,0,0,0,0,0,0,0,0,0,0,0,0,0,0,0,0,0,0,0,0,0,0,0,0,0,0,0,0,0,0,0,0,0,0,0,0,0,0,0,0,0,0,0,0,0,0,0,0,0,0,0,0,0,0,0,0,0,0,0,0,0,0,0,0,0,0,0,0,0,0,0,0,0,0,0,0,0,0,0,0,0,0,0,0,0,0,0,0,0,0,0,0,0,0,0,0,0,0,0,0,-0.0496602,0.10708,-0.135993,0.22303,0.144075,0.390297,0.228242,-0.412428,-0.185879,0.178727,-0.118876,-0.036109,-0.104269,-0.0414763,0.889326,0.399338,0.022707,0.0419176,-0.552221,0.222189,-0.221108,-0.687079,0.143857,0.240025,0.140115,0.422779,-0.868037,-0.45245,1.13732,1.61855,0.489903,0.306992,0.174947,-0.302367,0.0787685,0.364613,0.0358136,0.214861,-0.0933439,0.121659,0.10527,0.510343,0.204562,0.13464,-0.0158366,-0.0815222,0.171176,0.297816,0.300102,0.0783856,0.2618,0.0099588,-0.0969729,0.0614513,0.263188,-0.380881,-0.0521362,0.59691,0.00312289,-0.051188,0.0314974,0.631,0.106875,0.0493555,-0.993047,0.6,0,0,1.57862,0.600185,2.96542
0.510199,0.103328,8.49849,-0.0109654,0.193845,0.0465309,-0.0505781,0.113726,-0.136367,0.510199,0.103328,8.49849,-0.0109654,0.193845,0.0465309,-0.0505781,0.113726,-0.136367,0.421371,-0.0218002,-0.16043,0.394215,-0.0517069,0.277555,-0.410195,0.323552,0.0455607,0.564077,-0.087267,0.0636527,0.0245619,-0.150559,0.204739,0.301608,0.269351,0.0421304,0.2618,0.0142333,-0.15239,0.0354664,0.315378,-0.433477,-0.0632332,0.596255,0.00293336,-0.0481708,0.0215342,0,0,0,0,0,0,0,0,0,0,0,0,0,0,0,0,0,0,0,0,0,0,0,0,0,0,0,0,0,-0.313749,0.00779053,0.00762274,0.324658,-0.0558599,0.14264,0.0401437,0.237185,0.101386,0.237127,-0.101437,-0.108436,-0.0908677,0.0224778,-0.0533724,0.21176,0.221053,0.0429705,0.31036,0.00317472,-0.0279486,0.079969,0.0630807,-0.16168,0.0306641,0.632515,0.00145362,-0.03609,0.0410139,1.77415,0.165301,0.033601,-0.977483,-0.00701396,1.00196,-0.666984,0.309369,-0.415862,3.20562,1.13839,1.39111,0.0671275,-0.307422,-0.683331,0.448612,-0.0532311,0.268867,-0.0215005,0.109546,-0.750697,-0.408598,0.876067,0.0839263,-0.0688943,-0.307303,0.0186367,-0.170234,-0.0268041,15.2452,-12.9237,2.70051,10.0039,9.10709,0.239316,-3.72784,-5.41486,0.80126,7.67401,23.4634,2.25343,1.04938,-2.4424,7.64023,0.847364,1.1698,0.51957,-1.36092,-0.00247354,-0.316578,0.108799,2.12632,-3.22623,-1.12906,-0.277513,0.00847518,-0.0812497,-0.133075,0,0,0,0,0,0,0,0,0,0,0,0,0,0,0,0,0,0,0,0,0,0,0,0,0,0,0,0,0,2.55789,2.55789,2.55789,6.3088,6.3088,1.81445,2.55789,2.55789,1.81445,6.3088,6.3088,0.907223,0.907223,1.81445,1.81445,0.907223,0.907223,1.81445,1.81445,0.907223,0.907223,0.907223,0.907223,0.907223,0.907223,1.06814,1.06814,1.06814,1.06814,40.1792,40.1792,40.1792,99.0984,99.0984,28.5012,40.1792,40.1792,28.5012,99.0984,99.0984,14.2506,14.2506,28.5012,28.5012,14.2506,14.2506,28.5012,28.5012,14.2506,14.2506,14.2506,14.2506,14.2506,14.2506,16.7783,16.7783,16.7783,16.7783,0,0,0,0,0,0,0,0,0,0,0,0,0,0,0,0,0,0,0,0,0,0,0,0,0,0,0,0,0,0,0,0,0,0,0,0,0,0,0,0,0,0,0,0,0,0,0,0,0,0,0,0,0,0,0,0,0,0,0,0,0,0,0,0,0,0,0,0,0,0,0,0,0,0,0,0,0,0,0,0,0,0,0,0,0,0,0,0,0,0,0,0,0,0,0,0,0,0,0,0,0,0,0,0,0,0,0,0,0,0,0,0,0,0,0,0,0,-0.0505781,0.113726,-0.136367,0.231677,0.263072,0.466826,0.158127,-0.532352,-0.343291,0.0960615,-0.144178,0.0560037,-0.0773985,-0.0502649,1.33938,-0.179336,0.0324533,0.0393736,-0.0398144,0.590912,-0.347465,-0.646581,-0.292998,0.103883,0.080867,0.289046,-0.78362,-0.299215,0.887731,0.0293832,0.632853,0.145134,0.421371,-0.0218002,-0.16043,0.394215,-0.0517069,0.277555,-0.410195,0.323552,0.0455607,0.564077,-0.087267,0.0636527,0.0245619,-0.150559,0.204739,0.301608,0.269351,0.0421304,0.2618,0.0142333,-0.15239,0.0354664,0.315378,-0.433477,-0.0632332,0.596255,0.00293336,-0.0481708,0.0215342,0.831,0.113481,0.05023,-0.99227,0.6,0,0,1.567,1.18086,2.86677
-0.0405789,-0.968978,3.96452,0.146016,-0.313881,0.0940112,-0.0484029,0.111379,-0.134615,-0.0405789,-0.968978,3.96452,0.146016,-0.313881,0.0940112,-0.0484029,0.111379,-0.134615,0.483908,0.271464,-0.377266,0.368982,-0.151583,0.337029,-0.629192,0.333815,0.000639398,0.600641,-0.087267,-0.00899455,0.00243247,-0.205204,0.176013,0.273743,0.25065,0.0149376,0.2618,0.00960755,-0.182222,0.0342283,0.250866,-0.359589,-0.0552288,0.591941,-0.000547934,-0.0440227,0.0222247,0,0,0,0,0,0,0,0,0,0,0,0,0,0,0,0,0,0,0,0,0,0,0,0,0,0,0,0,0,-0.282499,0.00437935,-0.0168017,0.309049,-0.0782913,0.166742,0.011928,0.243644,0.0913817,0.323958,-0.097635,-0.0681628,-0.0917068,0.0140649,-0.0561912,0.225605,0.221252,0.0422947,0.308202,0.00572092,-0.0519032,0.0690102,0.088336,-0.166668,0.0301314,0.621825,0.00173069,-0.0389475,0.0387367,1.52692,-0.349906,-1.53381,-0.716303,-1.4256,0.764113,-1.65024,0.197271,-0.551005,4.61486,0.224789,2.20738,-0.00608127,-0.357945,0.075162,0.815506,0.0695398,-0.165716,-0.204671,0.134188,-1.33893,-0.595443,1.4495,-0.443339,-0.0587019,-0.551371,0.0102948,-0.168076,-0.130814,24.5048,-0.281053,-1.89095,12.9536,11.3584,1.57437,-12.8379,2.60413,-0.342898,-4.75922,-0.365833,-0.0801668,1.6967,-3.99885,7.32973,0.374749,0.634041,0.270204,-0.982499,0.00260211,-0.248129,0.0501558,1.98328,-3.43968,-1.294,0.164759,0.00918656,0.0159604,-0.151884,0,0,0,0,0,0,0,0,0,0,0,0,0,0,0,0,0,0,0,0,0,0,0,0,0,0,0,0,0,2.55789,2.55789,2.55789,6.3088,6.3088,1.81445,2.55789,2.55789,1.81445,6.3088,6.3088,0.907223,0.907223,1.81445,1.81445,0.907223,0.907223,1.81445,1.81445,0.907223,0.907223,0.907223,0.907223,0.907223,0.907223,1.06814,1.06814,1.06814,1.06814,40.1792,40.1792,40.1792,99.0984,99.0984,28.5012,40.1792,40.1792,28.5012,99.0984,99.0984,14.2506,14.2506,28.5012,28.5012,14.2506,14.2506,28.5012,28.5012,14.2506,14.2506,14.2506,14.2506,14.2506,14.2506,16.7783,16.7783,16.7783,16.7783,0,0,0,0,0,0,0,0,0,0,0,0,0,0,0,0,0,0,0,0,0,0,0,0,0,0,0,0,0,0,0,0,0,0,0,0,0,0,0,0,0,0,0,0,0,0,0,0,0,0,0,0,0,0,0,0,0,0,0,0,0,0,0,0,0,0,0,0,0,0,0,0,0,0,0,0,0,0,0,0,0,0,0,0,0,0,0,0,0,0,0,0,0,0,0,0,0,0,0,0,0,0,0,0,0,0,0,0,0,0,0,0,0,0,0,0,0,-0.0484029,0.111379,-0.134615,0.16814,0.11598,0.401328,0.115487,-0.363878,-0.467886,0.0340592,-0.125927,0.00554628,-0.0951787,-0.108171,1.45359,-0.579297,0.0219062,-0.00735473,0.495782,0.609657,-0.415485,-0.590902,-0.689012,0.00145789,0.078044,0.298315,-0.855577,-0.194944,0.602909,-1.3253,0.76846,-0.0205085,0.483908,0.271464,-0.377266,0.368982,-0.151583,0.337029,-0.629192,0.333815,0.000639398,0.600641,-0.087267,-0.00899455,0.00243247,-0.205204,0.176013,0.273743,0.25065,0.0149376,0.2618,0.00960755,-0.182222,0.0342283,0.250866,-0.359589,-0.0552288,0.591941,-0.000547934,-0.0440227,0.0222247,0.853,0.111149,0.0480842,-0.99264,0.6,0,0,1.567,1.18086,2.86677
-4.6585,-3.02598,9.57558,0.250052,-0.471046,0.0882102,-0.0431362,0.101812,-0.132398,-4.6585,-3.02598,9.57558,0.250052,-0.471046,0.0882102,-0.0431362,0.101812,-0.132398,0.444948,0.484458,-0.516213,0.291561,-0.193031,0.370457,-0.753268,0.267512,-0.00816952,0.752383,-0.087267,-0.0357326,-0.0464521,-0.188317,0.151193,0.215796,0.248642,0.0131242,0.2618,0.00642175,-0.155378,0.0391392,0.213968,-0.310657,-0.0604601,0.592473,-0.000398217,-0.0378594,0.0265868,0,0,0,0,0,0,0,0,0,0,0,0,0,0,0,0,0,0,0,0,0,0,0,0,0,0,0,0,0,-0.257169,-0.00715528,-0.0645852,0.299479,-0.120709,0.173317,-0.0302695,0.246104,0.0742621,0.415148,-0.0933039,-0.0425475,-0.091864,0.0045635,-0.0476437,0.242273,0.222558,0.0352437,0.307096,0.00691673,-0.0812652,0.0591278,0.117722,-0.177371,0.0242592,0.615639,0.00101644,-0.0408132,0.036147,0.98743,-0.592231,-1.65159,-0.211001,-1.30113,0.0899494,-2.24401,-0.102848,-0.975417,4.20424,0.200856,0.751085,0.196583,-0.290184,0.404797,0.727452,0.10376,-0.383473,0.0154556,0.0430015,-1.38869,-0.443265,1.34643,-0.477879,-0.467421,-0.0082247,-0.0372561,-0.0356426,-0.148635,27.1735,12.6482,-7.8079,8.85122,6.23254,4.61125,-18.4369,3.63869,-0.381864,-8.13337,-0.662492,-0.239561,1.24169,-5.36649,5.56671,-0.2266,0.316202,0.104721,-1.30102,0.000469971,-0.179531,0.0436301,0.686821,-2.16362,-0.744076,-0.334291,0.0152245,0.00385579,-0.0845282,0,0,0,0,0,0,0,0,0,0,0,0,0,0,0,0,0,0,0,0,0,0,0,0,0,0,0,0,0,2.55789,2.55789,2.55789,6.3088,6.3088,1.81445,2.55789,2.55789,1.81445,6.3088,6.3088,0.907223,0.907223,1.81445,1.81445,0.907223,0.907223,1.81445,1.81445,0.907223,0.907223,0.907223,0.907223,0.907223,0.907223,1.06814,1.06814,1.06814,1.06814,40.1792,40.1792,40.1792,99.0984,99.0984,28.5012,40.1792,40.1792,28.5012,99.0984,99.0984,14.2506,14.2506,28.5012,28.5012,14.2506,14.2506,28.5012,28.5012,14.2506,14.2506,14.2506,14.2506,14.2506,14.2506,16.7783,16.7783,16.7783,16.7783,0,0,0,0,0,0,0,0,0,0,0,0,0,0,0,0,0,0,0,0,0,0,0,0,0,0,0,0,0,0,0,0,0,0,0,0,0,0,0,0,0,0,0,0,0,0,0,0,0,0,0,0,0,0,0,0,0,0,0,0,0,0,0,0,0,0,0,0,0,0,0,0,0,0,0,0,0,0,0,0,0,0,0,0,0,0,0,0,0,0,0,0,0,0,0,0,0,0,0,0,0,0,0,0,0,0,0,0,0,0,0,0,0,0,0,0,0,-0.0431362,0.101812,-0.132398,0.0360174,0.0318488,0.344734,0.110909,-0.25231,-0.429381,0.0299245,-0.137855,-0.105915,-0.153851,-0.101028,1.38244,-0.8059,0.0146422,-0.00534513,0.884779,0.488564,-0.354277,-0.508174,-0.942774,-0.0186273,0.0892412,0.356865,-1.07636,0.237789,0.48471,-1.40575,0.844679,-0.081474,0.444948,0.484458,-0.516213,0.291561,-0.193031,0.370457,-0.753268,0.267512,-0.00816952,0.752383,-0.087267,-0.0357326,-0.0464521,-0.188317,0.151193,0.215796,0.248642,0.0131242,0.2618,0.00642175,-0.155378,0.0391392,0.213968,-0.310657,-0.0604601,0.592473,-0.000398217,-0.0378594,0.0265868,0.679,0.101636,0.0428995,-0.993896,0.6,0,0,1.56324,0.593816,2.82059
-3.14223,-1.44247,9.80721,0.252951,-0.390373,0.233968,-0.0379607,0.093195,-0.12867,-3.14223,-1.44247,9.80721,0.252951,-0.390373,0.233968,-0.0379607,0.093195,-0.12867,0.313458,0.566056,-0.485473,0.253259,-0.217085,0.372265,-0.77574,0.204061,0.0055426,0.949546,-0.087267,-0.035953,-0.0702387,-0.143955,0.142224,0.17392,0.244677,0.0218113,0.2618,0.00417015,-0.125878,0.0280844,0.203569,-0.302923,-0.0589266,0.58738,0.00109542,-0.0318116,0.0257834,0,0,0,0,0,0,0,0,0,0,0,0,0,0,0,0,0,0,0,0,0,0,0,0,0,0,0,0,0,-0.243374,-0.0200121,-0.0829575,0.299059,-0.136757,0.182429,-0.0873068,0.239652,0.0536798,0.511775,-0.0905451,-0.0364023,-0.087421,0.00308892,-0.0387088,0.251728,0.224601,0.0278336,0.308829,0.00706535,-0.0987987,0.05238,0.143055,-0.184478,0.0105458,0.619862,0.000444904,-0.0387349,0.0340143,0.680583,-0.690092,-0.745214,0.0469192,-0.621857,0.630398,-3.00318,-0.412095,-1.04425,4.83901,0.155296,0.09527,0.2993,-0.0313543,0.319455,0.256868,0.0597567,-0.33412,0.153117,-0.0028521,-0.583838,-0.276942,1.19966,-0.308634,-0.766687,0.336559,-0.0192849,0.171128,-0.106009,26.0353,21.9577,-15.5845,-0.974834,-1.66111,4.27858,-19.2553,2.12788,0.0902416,-6.34094,-0.632571,-0.0933999,0.348136,-5.41496,4.76896,-0.775161,0.277941,0.185809,-1.58937,-0.00695078,-0.254887,0.0637451,-0.0556157,-1.52587,-0.337601,-0.785742,0.00742237,-0.154178,-0.0166083,0,0,0,0,0,0,0,0,0,0,0,0,0,0,0,0,0,0,0,0,0,0,0,0,0,0,0,0,0,2.55789,2.55789,2.55789,6.3088,6.3088,1.81445,2.55789,2.55789,1.81445,6.3088,6.3088,0.907223,0.907223,1.81445,1.81445,0.907223,0.907223,1.81445,1.81445,0.907223,0.907223,0.907223,0.907223,0.907223,0.907223,1.06814,1.06814,1.06814,1.06814,40.1792,40.1792,40.1792,99.0984,99.0984,28.5012,40.1792,40.1792,28.5012,99.0984,99.0984,14.2506,14.2506,28.5012,28.5012,14.2506,14.2506,28.5012,28.5012,14.2506,14.2506,14.2506,14.2506,14.2506,14.2506,16.7783,16.7783,16.7783,16.7783,0,0,0,0,0,0,0,0,0,0,0,0,0,0,0,0,0,0,0,0,0,0,0,0,0,0,0,0,0,0,0,0,0,0,0,0,0,0,0,0,0,0,0,0,0,0,0,0,0,0,0,0,0,0,0,0,0,0,0,0,0,0,0,0,0,0,0,0,0,0,0,0,0,0,0,0,0,0,0,0,0,0,0,0,0,0,0,0,0,0,0,0,0,0,0,0,0,0,0,0,0,0,0,0,0,0,0,0,0,0,0,0,0,0,0,0,0,-0.0379607,0.093195,-0.12867,-0.0594641,0.00813879,0.324285,0.101869,-0.234674,-0.328231,0.049732,-0.134359,-0.160151,-0.165605,-0.1694,1.14229,-0.846941,0.00950836,0.0147035,1.0338,0.372682,-0.287014,-0.426996,-0.886634,0.0126377,0.0640351,0.346081,-1.18559,0.800047,0.416114,-1.24121,0.848802,-0.0819765,0.313458,0.566056,-0.485473,0.253259,-0.217085,0.372265,-0.77574,0.204061,0.0055426,0.949546,-0.087267,-0.035953,-0.0702387,-0.143955,0.142224,0.17392,0.244677,0.0218113,0.2618,0.00417015,-0.125878,0.0280844,0.203569,-0.302923,-0.0589266,0.58738,0.00109542,-0.0318116,0.0257834,0.712,0.0930601,0.0377869,-0.994943,0.6,0,0,1.56324,0.593816,2.82059
-2.32566,-1.32176,9.31465,0.254626,-0.392925,0.323038,-0.0324908,0.0851586,-0.12272,-2.32566,-1.32176,9.31465,0.254626,-0.392925,0.323038,-0.0324908,0.0851586,-0.12272,0.128302,0.583814,-0.413171,0.249246,-0.174123,0.374296,-0.744914,0.179653,0.0496947,1.09199,-0.087267,-0.0241962,-0.0979479,-0.121809,0.112446,0.163609,0.230836,0.0218291,0.2618,0.00705838,-0.091468,0.017755,0.195435,-0.316734,-0.0514781,0.585051,0.00276683,-0.0233237,0.0211148,0,0,0,0,0,0,0,0,0,0,0,0,0,0,0,0,0,0,0,0,0,0,0,0,0,0,0,0,0,-0.232021,-0.0336276,-0.090971,0.298298,-0.148296,0.195558,-0.161622,0.229368,0.037075,0.627669,-0.0888493,-0.0355128,-0.0864495,0.00560609,-0.0291562,0.253734,0.224546,0.0239862,0.311119,0.00655375,-0.101933,0.0452889,0.166896,-0.190187,-0.0033892,0.627105,0.000489404,-0.0334814,0.0318281,0.640775,-0.67967,-0.326081,-0.0786161,-0.559644,0.614589,-3.8625,-0.577005,-0.743472,5.89045,0.11752,0.0234804,-0.0134549,0.158501,0.401237,-0.0626185,-0.0523262,-0.122234,0.148103,-0.0327314,0.022919,-0.338562,1.1562,-0.279855,-0.637696,0.381041,0.00651704,0.278049,-0.104159,20.424,25.7797,-15.0935,-3.99601,-3.38327,3.92525,-15.0046,0.397062,0.425936,-4.78015,-0.556334,-0.0289773,0.256529,-4.56008,4.10479,-1.11372,0.322828,0.167476,-1.64565,-0.00513925,-0.345438,0.0635593,-0.50356,-1.36121,-0.217862,-1.05341,0.00319387,-0.262839,0.00886239,0,0,0,0,0,0,0,0,0,0,0,0,0,0,0,0,0,0,0,0,0,0,0,0,0,0,0,0,0,2.55789,2.55789,2.55789,6.3088,6.3088,1.81445,2.55789,2.55789,1.81445,6.3088,6.3088,0.907223,0.907223,1.81445,1.81445,0.907223,0.907223,1.81445,1.81445,0.907223,0.907223,0.907223,0.907223,0.907223,0.907223,1.06814,1.06814,1.06814,1.06814,40.1792,40.1792,40.1792,99.0984,99.0984,28.5012,40.1792,40.1792,28.5012,99.0984,99.0984,14.2506,14.2506,28.5012,28.5012,14.2506,14.2506,28.5012,28.5012,14.2506,14.2506,14.2506,14.2506,14.2506,14.2506,16.7783,16.7783,16.7783,16.7783,0,0,0,0,0,0,0,0,0,0,0,0,0,0,0,0,0,0,0,0,0,0,0,0,0,0,0,0,0,0,0,0,0,0,0,0,0,0,0,0,0,0,0,0,0,0,0,0,0,0,0,0,0,0,0,0,0,0,0,0,0,0,0,0,0,0,0,0,0,0,0,0,0,0,0,0,0,0,0,0,0,0,0,0,0,0,0,0,0,0,0,0,0,0,0,0,0,0,0,0,0,0,0,0,0,0,0,0,0,0,0,0,0,0,0,0,0,-0.0324908,0.0851586,-0.12272,-0.0829756,-0.0104084,0.256389,0.0703086,-0.266165,-0.277736,0.0497724,-0.117375,-0.223331,-0.177181,-0.200651,0.804135,-0.790643,0.0160938,0.0371383,1.06624,0.328106,-0.208556,-0.313067,-0.754586,0.113309,0.0404832,0.283417,-1.19703,1.20626,0.538631,-1.05416,0.853433,-0.0551697,0.128302,0.583814,-0.413171,0.249246,-0.174123,0.374296,-0.744914,0.179653,0.0496947,1.09199,-0.087267,-0.0241962,-0.0979479,-0.121809,0.112446,0.163609,0.230836,0.0218291,0.2618,0.00705838,-0.091468,0.017755,0.195435,-0.316734,-0.0514781,0.585051,0.00276683,-0.0233237,0.0211148,0.856,0.0850557,0.0323674,-0.99585,0.6,0,0,1.57986,1.19596,2.86856
-2.26311,-1.06528,9.06563,0.269303,-0.362314,0.37416,-0.0268008,0.0773578,-0.115442,-2.26311,-1.06528,9.06563,0.269303,-0.362314,0.37416,-0.0268008,0.0773578,-0.115442,-0.00728997,0.626988,-0.384654,0.252446,-0.177628,0.387945,-0.715954,0.116901,0.096621,1.14534,-0.087267,-0.0404775,-0.119363,-0.0976385,0.0822834,0.175487,0.223968,0.0130733,0.2618,0.00850665,-0.048928,0.0216346,0.176741,-0.292934,-0.0294927,0.584948,0.00424727,-0.0152891,0.016472,0,0,0,0,0,0,0,0,0,0,0,0,0,0,0,0,0,0,0,0,0,0,0,0,0,0,0,0,0,-0.222059,-0.0467238,-0.0935162,0.296332,-0.157242,0.202926,-0.247033,0.217931,0.0298549,0.751925,-0.0875609,-0.0327722,-0.0896096,0.0108055,-0.0186605,0.250466,0.222694,0.0227555,0.312313,0.00659758,-0.0944955,0.0376984,0.189717,-0.196481,-0.012287,0.633878,0.0010219,-0.0266184,0.0290021,0.516295,-0.64654,-0.105921,-0.0671058,-0.41894,0.217326,-4.26218,-0.572693,-0.166758,5.98591,0.0823812,0.179385,-0.160965,0.264885,0.436103,-0.287365,-0.134965,-0.0376347,0.0787734,0.00947928,0.471262,-0.358139,1.08429,-0.337515,-0.341962,0.328812,0.0254386,0.336825,-0.133003,12.864,26.9396,-12.6334,-4.18562,0.86507,4.45561,-9.29743,-0.122045,0.897726,-3.7548,-0.476228,-0.0357459,0.0411017,-4.26756,2.89185,-1.01063,0.224706,0.0436045,-1.55694,-0.00215095,-0.371663,0.0410319,-0.887871,-1.41935,-0.244834,-1.15516,0.00147488,-0.301039,0.0111362,0,0,0,0,0,0,0,0,0,0,0,0,0,0,0,0,0,0,0,0,0,0,0,0,0,0,0,0,0,2.55789,2.55789,2.55789,6.3088,6.3088,1.81445,2.55789,2.55789,1.81445,6.3088,6.3088,0.907223,0.907223,1.81445,1.81445,0.907223,0.907223,1.81445,1.81445,0.907223,0.907223,0.907223,0.907223,0.907223,0.907223,1.06814,1.06814,1.06814,1.06814,40.1792,40.1792,40.1792,99.0984,99.0984,28.5012,40.1792,40.1792,28.5012,99.0984,99.0984,14.2506,14.2506,28.5012,28.5012,14.2506,14.2506,28.5012,28.5012,14.2506,14.2506,14.2506,14.2506,14.2506,14.2506,16.7783,16.7783,16.7783,16.7783,0,0,0,0,0,0,0,0,0,0,0,0,0,0,0,0,0,0,0,0,0,0,0,0,0,0,0,0,0,0,0,0,0,0,0,0,0,0,0,0,0,0,0,0,0,0,0,0,0,0,0,0,0,0,0,0,0,0,0,0,0,0,0,0,0,0,0,0,0,0,0,0,0,0,0,0,0,0,0,0,0,0,0,0,0,0,0,0,0,0,0,0,0,0,0,0,0,0,0,0,0,0,0,0,0,0,0,0,0,0,0,0,0,0,0,0,0,-0.0268008,0.0773578,-0.115442,-0.0558922,-0.0530334,0.187614,0.0546491,-0.2119,-0.222626,0.0298085,-0.0672462,-0.272159,-0.206477,-0.202037,0.556501,-0.737753,0.019396,0.0570096,1.14509,0.213499,-0.111561,-0.205221,-0.702505,0.220306,0.0493291,0.221098,-1.18791,1.3584,0.528637,-0.933535,0.884554,-0.0922928,-0.00728997,0.626988,-0.384654,0.252446,-0.177628,0.387945,-0.715954,0.116901,0.096621,1.14534,-0.087267,-0.0404775,-0.119363,-0.0976385,0.0822834,0.175487,0.223968,0.0130733,0.2618,0.00850665,-0.048928,0.0216346,0.176741,-0.292934,-0.0294927,0.584948,0.00424727,-0.0152891,0.016472,0.722,0.0772807,0.0267174,-0.996651,0.6,0,0,1.59683,1.21104,2.91455
-1.67621,-1.01113,9.2817,0.2985,-0.302182,0.356193,-0.0205816,0.0706859,-0.107903,-1.67621,-1.01113,9.2817,0.2985,-0.302182,0.356193,-0.0205816,0.0706859,-0.107903,-0.0788819,0.612121,-0.346234,0.265009,-0.238165,0.39176,-0.684367,0.0621068,0.113707,1.05234,-0.087267,-0.0680309,-0.127906,-0.0446067,0.05385,0.18257,0.240351,0.000694123,0.2618,0.0100114,-0.0280352,0.0390735,0.131022,-0.274805,-0.0132417,0.580707,0.00492373,-0.0126467,0.0113633,0,0,0,0,0,0,0,0,0,0,0,0,0,0,0,0,0,0,0,0,0,0,0,0,0,0,0,0,0,-0.2139,-0.0596101,-0.0951265,0.298179,-0.167497,0.206936,-0.331569,0.205755,0.0304453,0.861923,-0.0865132,-0.0322833,-0.091969,0.0161755,-0.00999933,0.243855,0.219598,0.0208558,0.312012,0.00702175,-0.0782598,0.0328693,0.209621,-0.203469,-0.0155446,0.640559,0.00180321,-0.0189767,0.0255048,0.423677,-0.635614,-0.108274,0.178921,-0.560675,0.120854,-4.04199,-0.648627,0.154663,4.9355,0.0495629,-0.0566688,-0.0517672,0.24429,0.331042,-0.383723,-0.186265,-0.11276,0.00212862,0.023084,0.875627,-0.190332,0.893042,-0.33379,-0.0743991,0.353191,0.0347188,0.375723,-0.16295,7.30526,29.1702,-11.4037,-5.56167,2.38287,4.90146,-5.26263,-1.98699,1.65285,-3.03615,-0.390246,-0.0738229,-0.326278,-3.69184,1.98376,-0.647747,0.21757,-0.023064,-1.41316,0.000394466,-0.363787,0.0129686,-1.27627,-0.97494,-0.123973,-1.29277,0.00318621,-0.333878,0.0244766,0,0,0,0,0,0,0,0,0,0,0,0,0,0,0,0,0,0,0,0,0,0,0,0,0,0,0,0,0,2.55789,2.55789,2.55789,6.3088,6.3088,1.81445,2.55789,2.55789,1.81445,6.3088,6.3088,0.907223,0.907223,1.81445,1.81445,0.907223,0.907223,1.81445,1.81445,0.907223,0.907223,0.907223,0.907223,0.907223,0.907223,1.06814,1.06814,1.06814,1.06814,40.1792,40.1792,40.1792,99.0984,99.0984,28.5012,40.1792,40.1792,28.5012,99.0984,99.0984,14.2506,14.2506,28.5012,28.5012,14.2506,14.2506,28.5012,28.5012,14.2506,14.2506,14.2506,14.2506,14.2506,14.2506,16.7783,16.7783,16.7783,16.7783,0,0,0,0,0,0,0,0,0,0,0,0,0,0,0,0,0,0,0,0,0,0,0,0,0,0,0,0,0,0,0,0,0,0,0,0,0,0,0,0,0,0,0,0,0,0,0,0,0,0,0,0,0,0,0,0,0,0,0,0,0,0,0,0,0,0,0,0,0,0,0,0,0,0,0,0,0,0,0,0,0,0,0,0,0,0,0,0,0,0,0,0,0,0,0,0,0,0,0,0,0,0,0,0,0,0,0,0,0,0,0,0,0,0,0,0,0,-0.0205816,0.0706859,-0.107903,-0.0397415,-0.157277,0.122783,0.0920054,-0.170563,-0.101708,0.00158267,-0.0301923,-0.291639,-0.246528,-0.258961,0.42575,-0.680065,0.0228269,0.0660896,1.11794,0.113427,-0.0639231,-0.169752,-0.632338,0.259263,0.0890914,0.152525,-1.15208,1.09319,0.355998,-0.775517,0.893252,-0.155117,-0.0788819,0.612121,-0.346234,0.265009,-0.238165,0.39176,-0.684367,0.0621068,0.113707,1.05234,-0.087267,-0.0680309,-0.127906,-0.0446067,0.05385,0.18257,0.240351,0.000694123,0.2618,0.0100114,-0.0280352,0.0390735,0.131022,-0.274805,-0.0132417,0.580707,0.00492373,-0.0126467,0.0113633,1.237,0.070627,0.0205288,-0.997292,0.6,0,0,1.59683,1.21104,2.91455
-0.603465,-1.44857,9.0848,0.297303,-0.252254,0.251035,-0.0140276,0.0653289,-0.101682,-0.603465,-1.44857,9.0848,0.297303,-0.252254,0.251035,-0.0140276,0.0653289,-0.101682,-0.1687,0.47253,-0.232915,0.27966,-0.289962,0.360711,-0.589152,0.0420358,0.0898012,0.825453,-0.087267,-0.0638052,-0.139696,-0.0114824,0.0179111,0.172366,0.274939,-0.0054848,0.2618,0.0163255,-0.0264667,0.0661344,0.0635679,-0.28926,-0.00681648,0.575611,0.00338456,-0.0169301,0.00662141,0,0,0,0,0,0,0,0,0,0,0,0,0,0,0,0,0,0,0,0,0,0,0,0,0,0,0,0,0,-0.205469,-0.0714208,-0.0989282,0.307273,-0.184477,0.213967,-0.401585,0.191082,0.0337498,0.930078,-0.0853147,-0.0386939,-0.0897791,0.0190669,-0.00583062,0.236671,0.216183,0.0159612,0.311485,0.0076902,-0.0591353,0.0336605,0.224046,-0.209481,-0.0144453,0.64888,0.00252783,-0.0113296,0.0215726,0.457812,-0.55492,-0.180983,0.543911,-0.947181,0.355058,-3.15424,-0.807052,0.25155,2.41066,0.0251465,-0.42656,0.16866,0.134503,0.131005,-0.31853,-0.159083,-0.276938,-0.0389851,0.0351169,0.910803,0.0958506,0.580577,-0.239089,0.12281,0.441097,0.0301613,0.373682,-0.180035,3.99124,28.8537,-9.45829,-7.52085,0.467058,4.39967,-3.39847,-3.22333,1.89109,-3.63513,-0.38348,-0.045423,-0.6892,-2.03638,1.44112,-0.482516,0.485902,0.0574122,-1.34797,0.00158706,-0.380263,-0.00958318,-1.86227,-0.704182,-0.0837601,-1.60212,0.00739596,-0.41443,0.0232243,0,0,0,0,0,0,0,0,0,0,0,0,0,0,0,0,0,0,0,0,0,0,0,0,0,0,0,0,0,2.55789,2.55789,2.55789,6.3088,6.3088,1.81445,2.55789,2.55789,1.81445,6.3088,6.3088,0.907223,0.907223,1.81445,1.81445,0.907223,0.907223,1.81445,1.81445,0.907223,0.907223,0.907223,0.907223,0.907223,0.907223,1.06814,1.06814,1.06814,1.06814,40.1792,40.1792,40.1792,99.0984,99.0984,28.5012,40.1792,40.1792,28.5012,99.0984,99.0984,14.2506,14.2506,28.5012,28.5012,14.2506,14.2506,28.5012,28.5012,14.2506,14.2506,14.2506,14.2506,14.2506,14.2506,16.7783,16.7783,16.7783,16.7783,0,0,0,0,0,0,0,0,0,0,0,0,0,0,0,0,0,0,0,0,0,0,0,0,0,0,0,0,0,0,0,0,0,0,0,0,0,0,0,0,0,0,0,0,0,0,0,0,0,0,0,0,0,0,0,0,0,0,0,0,0,0,0,0,0,0,0,0,0,0,0,0,0,0,0,0,0,0,0,0,0,0,0,0,0,0,0,0,0,0,0,0,0,0,0,0,0,0,0,0,0,0,0,0,0,0,0,0,0,0,0,0,0,0,0,0,0,-0.0140276,0.0653289,-0.101682,-0.0630076,-0.311079,0.0408392,0.170868,-0.203521,-0.026181,-0.0125059,-0.0155423,-0.31852,-0.288969,-0.327362,0.261714,-0.506171,0.0372238,0.0454298,0.862995,0.0767712,-0.0603467,-0.227247,-0.42538,0.204756,0.150793,0.0888769,-1.1103,0.446166,0.208286,-0.36644,0.822458,-0.145482,-0.1687,0.47253,-0.232915,0.27966,-0.289962,0.360711,-0.589152,0.0420358,0.0898012,0.825453,-0.087267,-0.0638052,-0.139696,-0.0114824,0.0179111,0.172366,0.274939,-0.0054848,0.2618,0.0163255,-0.0264667,0.0661344,0.0635679,-0.28926,-0.00681648,0.575611,0.00338456,-0.0169301,0.00662141,0.795,0.0652825,0.0139972,-0.997769,0.6,0,0,1.61123,1.22607,2.94483
0.0923466,-1.9086,7.83333,0.264879,-0.192739,0.0862015,-0.00795889,0.0611734,-0.0982805,0.0923466,-1.9086,7.83333,0.264879,-0.192739,0.0862015,-0.00795889,0.0611734,-0.0982805,-0.294371,0.346554,-0.12252,0.296591,-0.341722,0.315931,-0.389351,0.038581,0.0790315,0.527448,-0.087267,-0.0491169,-0.147968,-0.00167437,0.00442353,0.13889,0.304105,-0.0107412,0.2618,0.0179142,-0.0335866,0.0919212,0.0128993,-0.32207,-0.00920158,0.574168,0.000205335,-0.0222887,0.00147313,0,0,0,0,0,0,0,0,0,0,0,0,0,0,0,0,0,0,0,0,0,0,0,0,0,0,0,0,0,-0.194736,-0.079962,-0.10195,0.322504,-0.207676,0.221677,-0.447291,0.172529,0.0375923,0.931008,-0.0839783,-0.0460814,-0.0841928,0.0197433,-0.00667908,0.231372,0.213951,0.00847776,0.311039,0.00969147,-0.0434431,0.0409158,0.230966,-0.213589,-0.00979716,0.658912,0.00268511,-0.00507716,0.0176437,0.559702,-0.389262,0.00737507,0.79456,-1.18854,0.305039,-1.87334,-1.03471,0.27891,-1.2571,0.000797803,-0.314757,0.235031,0.107164,-0.076123,-0.178871,-0.0507142,-0.376156,-0.0766566,0.106859,0.676349,0.408662,0.182465,-0.146906,0.293815,0.474007,0.000240536,0.287687,-0.172307,-0.335447,23.1506,-5.14367,-9.17966,-0.827221,3.38096,-0.964615,-2.7413,1.06854,-3.71094,-0.393681,0.034039,-1.02384,-1.00597,0.839101,-0.665831,0.928599,0.280557,-1.29602,-0.00228383,-0.378161,-0.00959841,-2.57389,-0.932317,-0.210227,-1.9092,0.0110172,-0.502747,0.0022381,0,0,0,0,0,0,0,0,0,0,0,0,0,0,0,0,0,0,0,0,0,0,0,0,0,0,0,0,0,2.55789,2.55789,2.55789,6.3088,6.3088,1.81445,2.55789,2.55789,1.81445,6.3088,6.3088,0.907223,0.907223,1.81445,1.81445,0.907223,0.907223,1.81445,1.81445,0.907223,0.907223,0.907223,0.907223,0.907223,0.907223,1.06814,1.06814,1.06814,1.06814,40.1792,40.1792,40.1792,99.0984,99.0984,28.5012,40.1792,40.1792,28.5012,99.0984,99.0984,14.2506,14.2506,28.5012,28.5012,14.2506,14.2506,28.5012,28.5012,14.2506,14.2506,14.2506,14.2506,14.2506,14.2506,16.7783,16.7783,16.7783,16.7783,0,0,0,0,0,0,0,0,0,0,0,0,0,0,0,0,0,0,0,0,0,0,0,0,0,0,0,0,0,0,0,0,0,0,0,0,0,0,0,0,0,0,0,0,0,0,0,0,0,0,0,0,0,0,0,0,0,0,0,0,0,0,0,0,0,0,0,0,0,0,0,0,0,0,0,0,0,0,0,0,0,0,0,0,0,0,0,0,0,0,0,0,0,0,0,0,0,0,0,0,0,0,0,0,0,0,0,0,0,0,0,0,0,0,0,0,0,-0.00795889,0.0611734,-0.0982805,-0.139336,-0.426608,0.0100861,0.237369,-0.278331,-0.00381774,-0.024491,-0.0209805,-0.337383,-0.357816,-0.346732,0.0321962,-0.141269,0.0408461,0.00275614,0.632922,0.0704616,-0.0765808,-0.299174,-0.223762,0.1802,0.209589,0.0197734,-1.06202,-0.403671,0.0606805,0.14172,0.720355,-0.111991,-0.294371,0.346554,-0.12252,0.296591,-0.341722,0.315931,-0.389351,0.038581,0.0790315,0.527448,-0.087267,-0.0491169,-0.147968,-0.00167437,0.00442353,0.13889,0.304105,-0.0107412,0.2618,0.0179142,-0.0335866,0.0919212,0.0128993,-0.32207,-0.00920158,0.574168,0.000205335,-0.0222887,0.00147313,0.676,0.0611353,0.00794392,-0.998098,0.6,0,0,1.61123,1.22607,2.94483
0.582522,-2.33627,5.71799,0.198435,-0.161994,-0.0658806,-0.00204033,0.0575142,-0.0979681,0.582522,-2.33627,5.71799,0.198435,-0.161994,-0.0658806,-0.00204033,0.0575142,-0.0979681,-0.444962,0.255878,-0.0509501,0.321757,-0.404338,0.253817,-0.0713449,0.146195,0.0582717,0.324751,-0.087267,-0.011912,-0.141659,0.00112056,0.0157056,0.130649,0.28751,-0.0213389,0.2618,0.0203559,-0.0326053,0.120993,0.0322393,-0.372407,-0.0269961,0.577173,-0.00197363,-0.0252289,-0.00127974,0,0,0,0,0,0,0,0,0,0,0,0,0,0,0,0,0,0,0,0,0,0,0,0,0,0,0,0,0,-0.179666,-0.0848324,-0.0948644,0.347768,-0.242822,0.224199,-0.464637,0.144875,0.0443879,0.830333,-0.0831713,-0.0488594,-0.0784986,0.021948,-0.0128067,0.227162,0.215222,-0.00193462,0.310589,0.012202,-0.0319807,0.0554443,0.229301,-0.216445,-0.00142373,0.669637,0.00183092,-0.000442412,0.013269,0.59679,-0.248854,0.613694,1.03442,-1.36818,-0.0894307,-0.353091,-1.27201,0.476198,-5.32146,-0.0532451,-0.0241733,0.0487994,0.331109,-0.200204,-0.0976792,0.176676,-0.391109,-0.112847,0.0897978,0.358194,0.578005,-0.218641,-0.0680522,0.376586,0.308187,-0.037669,0.152406,-0.150176,-6.11594,17.8672,-2.45941,-11.4995,-1.27087,2.73397,3.88462,-1.18564,0.237894,2.45336,-0.131475,0.0228058,-1.0793,-1.12998,0.876804,-1.15988,1.13504,0.465088,-1.22669,-0.000390112,-0.359528,-0.00480413,-2.91341,-1.43313,-0.442697,-1.9582,0.012923,-0.53368,-0.0348812,0,0,0,0,0,0,0,0,0,0,0,0,0,0,0,0,0,0,0,0,0,0,0,0,0,0,0,0,0,2.55789,2.55789,2.55789,6.3088,6.3088,1.81445,2.55789,2.55789,1.81445,6.3088,6.3088,0.907223,0.907223,1.81445,1.81445,0.907223,0.907223,1.81445,1.81445,0.907223,0.907223,0.907223,0.907223,0.907223,0.907223,1.06814,1.06814,1.06814,1.06814,40.1792,40.1792,40.1792,99.0984,99.0984,28.5012,40.1792,40.1792,28.5012,99.0984,99.0984,14.2506,14.2506,28.5012,28.5012,14.2506,14.2506,28.5012,28.5012,14.2506,14.2506,14.2506,14.2506,14.2506,14.2506,16.7783,16.7783,16.7783,16.7783,0,0,0,0,0,0,0,0,0,0,0,0,0,0,0,0,0,0,0,0,0,0,0,0,0,0,0,0,0,0,0,0,0,0,0,0,0,0,0,0,0,0,0,0,0,0,0,0,0,0,0,0,0,0,0,0,0,0,0,0,0,0,0,0,0,0,0,0,0,0,0,0,0,0,0,0,0,0,0,0,0,0,0,0,0,0,0,0,0,0,0,0,0,0,0,0,0,0,0,0,0,0,0,0,0,0,0,0,0,0,0,0,0,0,0,0,0,-0.00204033,0.0575142,-0.0979681,-0.158128,-0.382511,0.0358103,0.199531,-0.393104,0.002555,-0.0486547,-0.0615539,-0.322996,-0.384168,-0.306406,-0.242832,0.439515,0.0464135,-0.0264914,0.467318,0.267,-0.0743432,-0.338638,-0.0930516,0.132865,0.275876,-0.0171775,-0.99025,-0.981713,-0.117885,0.646944,0.578728,-0.0271606,-0.444962,0.255878,-0.0509501,0.321757,-0.404338,0.253817,-0.0713449,0.146195,0.0582717,0.324751,-0.087267,-0.011912,-0.141659,0.00112056,0.0157056,0.130649,0.28751,-0.0213389,0.2618,0.0203559,-0.0326053,0.120993,0.0322393,-0.372407,-0.0269961,0.577173,-0.00197363,-0.0252289,-0.00127974,1.039,0.0581278,0.00283736,-0.998305,0.6,0,0,1.62024,1.24046,2.94214
1.1225,-2.43888,5.73545,0.166696,-0.111563,-0.0705727,0.000895699,0.0559291,-0.099071,1.1225,-2.43888,5.73545,0.166696,-0.111563,-0.0705727,0.000895699,0.0559291,-0.099071,-0.559661,0.216825,-0.0363116,0.345102,-0.489434,0.190547,0.22835,0.280193,0.00999147,0.298973,-0.0508216,0.035008,-0.133902,0.0273457,0.022793,0.156027,0.261536,-0.0177788,0.2618,0.0245003,-0.0305668,0.113891,0.0980972,-0.418342,-0.034595,0.580035,-0.002671,-0.0274935,0.000332506,0,0,0,0,0,0,0,0,0,0,0,0,0,0,0,0,0,0,0,0,0,0,0,0,0,0,0,0,0,-0.168185,-0.085652,-0.0803854,0.370259,-0.26981,0.219778,-0.455711,0.126209,0.0543471,0.723444,-0.0834515,-0.0442715,-0.0775932,0.0266368,-0.021093,0.223967,0.218891,-0.00859858,0.309538,0.0138904,-0.0271967,0.0680901,0.223742,-0.21755,0.0036474,0.672626,0.000957767,0.000660309,0.011044,0.728451,0.117687,1.23049,1.54863,-1.52502,-0.294093,1.04674,-1.06722,0.775234,-7.32699,-0.0744091,0.448957,0.0509082,0.309249,-0.597367,-0.218232,0.272522,-0.40345,-0.0931167,0.103073,0.280008,0.837119,-0.392193,-0.0773698,0.292128,0.0770314,-0.0551702,0.0269688,-0.124862,-13.0122,13.3409,-1.87709,-13.5517,-5.40497,1.14291,12.9798,3.45153,-1.12785,5.16226,0.00619192,0.0812816,-0.977989,-1.17214,2.12633,-1.13306,0.753783,0.374743,-1.21253,-0.00114607,-0.3354,0.00391021,-2.39418,-2.13408,-0.69796,-1.70184,0.00892269,-0.475443,-0.0720861,0,0,0,0,0,0,0,0,0,0,0,0,0,0,0,0,0,0,0,0,0,0,0,0,0,0,0,0,0,2.55789,2.55789,2.55789,6.3088,6.3088,1.81445,2.55789,2.55789,1.81445,6.3088,6.3088,0.907223,0.907223,1.81445,1.81445,0.907223,0.907223,1.81445,1.81445,0.907223,0.907223,0.907223,0.907223,0.907223,0.907223,1.06814,1.06814,1.06814,1.06814,40.1792,40.1792,40.1792,99.0984,99.0984,28.5012,40.1792,40.1792,28.5012,99.0984,99.0984,14.2506,14.2506,28.5012,28.5012,14.2506,14.2506,28.5012,28.5012,14.2506,14.2506,14.2506,14.2506,14.2506,14.2506,16.7783,16.7783,16.7783,16.7783,0,0,0,0,0,0,0,0,0,0,0,0,0,0,0,0,0,0,0,0,0,0,0,0,0,0,0,0,0,0,0,0,0,0,0,0,0,0,0,0,0,0,0,0,0,0,0,0,0,0,0,0,0,0,0,0,0,0,0,0,0,0,0,0,0,0,0,0,0,0,0,0,0,0,0,0,0,0,0,0,0,0,0,0,0,0,0,0,0,0,0,0,0,0,0,0,0,0,0,0,0,0,0,0,0,0,0,0,0,0,0,0,0,0,0,0,0,0.000895699,0.0559291,-0.099071,-0.100264,-0.232349,0.0519703,0.140309,-0.497841,0.062351,-0.0405373,-0.07888,-0.30531,-0.356136,-0.267982,-0.452311,0.986856,0.0558631,-0.0358519,0.395993,0.511725,-0.0696953,-0.369036,-0.066317,0.0227816,0.259682,0.00446312,-0.923677,-1.05523,-0.360558,0.890256,0.434466,0.0798218,-0.559661,0.216825,-0.0363116,0.345102,-0.489434,0.190547,0.22835,0.280193,0.00999147,0.298973,-0.0508216,0.035008,-0.133902,0.0273457,0.022793,0.156027,0.261536,-0.0177788,0.2618,0.0245003,-0.0305668,0.113891,0.0980972,-0.418342,-0.034595,0.580035,-0.002671,-0.0274935,0.000332506,0.411,0.0558999,-0.000894299,-0.998436,0.6,0,0,1.62418,1.25148,1.85591
3.17668,-2.06312,5.79794,0.0471539,-0.220547,0.0105859,0.00290609,0.053736,-0.0996788,3.17668,-2.06312,5.79794,0.0471539,-0.220547,0.0105859,0.00290609,0.053736,-0.0996788,-0.589661,0.175175,-0.0415772,0.41543,-0.614165,0.177074,0.351378,0.27779,0.0438673,0.318536,-0.0212326,0.0701889,-0.12564,0.0668535,-0.00381899,0.210401,0.253029,-0.0202261,0.2618,0.019685,-0.0212793,0.100207,0.124812,-0.431723,-0.0345022,0.581049,-0.0034774,-0.030075,0.00106137,0,0,0,0,0,0,0,0,0,0,0,0,0,0,0,0,0,0,0,0,0,0,0,0,0,0,0,0,0,-0.15068,-0.0789733,-0.0502733,0.412832,-0.310837,0.204085,-0.418906,0.109405,0.0756789,0.578785,-0.0764882,-0.0276282,-0.0754081,0.03383,-0.0400501,0.218033,0.224566,-0.0135537,0.306688,0.016607,-0.0225894,0.0808745,0.215613,-0.220011,0.00952313,0.670081,-5.55597e-05,-0.000515904,0.00950095,0.911883,0.298311,1.37486,2.40036,-2.18136,-1.45496,2.16908,-0.714661,1.26598,-6.66355,0.310628,0.94285,0.108738,0.46928,-0.956461,-0.292457,0.303192,-0.175599,-0.136695,0.130062,0.18264,0.52656,-0.345401,-0.16085,0.293556,-0.226619,-0.0463477,-0.10887,-0.049076,-18.6757,10.9125,-3.20642,-21.2671,-4.55977,1.77976,20.6574,8.64758,-4.0206,14.2279,0.57027,0.0530864,-0.957264,-0.921288,3.55168,-0.614023,0.262699,0.208415,-1.01788,-0.00555859,-0.283026,-0.0085773,-1.35514,-2.69133,-0.889059,-1.28152,0.00514755,-0.345283,-0.0985845,0,0,0,0,0,0,0,0,0,0,0,0,0,0,0,0,0,0,0,0,0,0,0,0,0,0,0,0,0,2.55789,2.55789,2.55789,6.3088,6.3088,1.81445,2.55789,2.55789,1.81445,6.3088,6.3088,0.907223,0.907223,1.81445,1.81445,0.907223,0.907223,1.81445,1.81445,0.907223,0.907223,0.907223,0.907223,0.907223,0.907223,1.06814,1.06814,1.06814,1.06814,40.1792,40.1792,40.1792,99.0984,99.0984,28.5012,40.1792,40.1792,28.5012,99.0984,99.0984,14.2506,14.2506,28.5012,28.5012,14.2506,14.2506,28.5012,28.5012,14.2506,14.2506,14.2506,14.2506,14.2506,14.2506,16.7783,16.7783,16.7783,16.7783,0,0,0,0,0,0,0,0,0,0,0,0,0,0,0,0,0,0,0,0,0,0,0,0,0,0,0,0,0,0,0,0,0,0,0,0,0,0,0,0,0,0,0,0,0,0,0,0,0,0,0,0,0,0,0,0,0,0,0,0,0,0,0,0,0,0,0,0,0,0,0,0,0,0,0,0,0,0,0,0,0,0,0,0,0,0,0,0,0,0,0,0,0,0,0,0,0,0,0,0,0,0,0,0,0,0,0,0,0,0,0,0,0,0,0,0,0,0.00290609,0.053736,-0.0996788,0.023716,-0.171437,-0.00870769,0.120912,-0.528352,0.152433,-0.0461176,-0.0786684,-0.286471,-0.30856,-0.254378,-0.507101,1.21155,0.0448837,-0.0466759,0.319926,0.507335,-0.0485188,-0.403686,-0.0759337,0.100022,0.228482,0.0142464,-0.72312,-0.999438,-0.716262,0.974636,0.403745,0.160038,-0.589661,0.175175,-0.0415772,0.41543,-0.614165,0.177074,0.351378,0.27779,0.0438673,0.318536,-0.0212326,0.0701889,-0.12564,0.0668535,-0.00381899,0.210401,0.253029,-0.0202261,0.2618,0.019685,-0.0212793,0.100207,0.124812,-0.431723,-0.0345022,0.581049,-0.0034774,-0.030075,0.00106137,0.536,0.0537101,-0.00290189,-0.998552,0.6,0,0,1.62418,1.25148,1.85591
1.00021,5.13053,18.3933,0.0876553,-0.399326,0.076122,0.00330311,0.0475849,-0.0988511,1.00021,5.13053,18.3933,0.0876553,-0.399326,0.076122,0.00330311,0.0475849,-0.0988511,-0.673074,0.016275,0.0102287,0.738491,-0.771607,0.084364,0.402763,0.0616979,0.331289,0.211891,-0.087267,0.040313,-0.13106,0.206175,0.00576682,0.340963,0.343856,0.00574146,0.2618,0.0145755,0.0110347,0.0827219,0.126969,-0.390232,-0.0233726,0.580343,-0.00393369,-0.0360564,0.00331523,0,0,0,0,0,0,0,0,0,0,0,0,0,0,0,0,0,0,0,0,0,0,0,0,0,0,0,0,0,-0.132151,-0.0664863,-0.0214207,0.473025,-0.36842,0.185372,-0.367893,0.10283,0.0971103,0.486725,-0.0920888,-0.0218003,-0.0708088,0.0395374,-0.0610912,0.212562,0.229203,-0.0156425,0.305046,0.0177707,-0.0185304,0.0871176,0.208734,-0.224887,0.0147904,0.665722,-0.00101807,-0.00370795,0.00890978,0.853907,1.46034,1.27232,3.23224,-2.49691,-0.743119,2.84622,0.55025,0.183839,-2.18123,-2.39406,-1.95322,0.322034,-0.49016,-0.954536,-0.302637,-0.0238041,-0.0750232,0.265885,0.0417009,0.209775,0.214638,-0.381129,-0.373242,0.179246,-0.00825178,-0.0463373,-0.172882,-0.0239495,-20.5903,6.74626,-4.15695,-25.3213,-8.41297,1.07525,21.9521,6.37741,-2.3829,-1.32803,22.2634,2.29766,-1.07431,1.1671,3.41484,0.231596,0.277027,0.0110062,-1.51961,-0.0101913,-0.205413,-0.0106197,-0.878067,-2.65437,-0.882669,-1.33192,0.00762504,-0.252482,-0.107159,0,0,0,0,0,0,0,0,0,0,0,0,0,0,0,0,0,0,0,0,0,0,0,0,0,0,0,0,0,2.55789,2.55789,2.55789,6.3088,6.3088,1.81445,2.55789,2.55789,1.81445,6.3088,6.3088,0.907223,0.907223,1.81445,1.81445,0.907223,0.907223,1.81445,1.81445,0.907223,0.907223,0.907223,0.907223,0.907223,0.907223,1.06814,1.06814,1.06814,1.06814,40.1792,40.1792,40.1792,99.0984,99.0984,28.5012,40.1792,40.1792,28.5012,99.0984,99.0984,14.2506,14.2506,28.5012,28.5012,14.2506,14.2506,28.5012,28.5012,14.2506,14.2506,14.2506,14.2506,14.2506,14.2506,16.7783,16.7783,16.7783,16.7783,0,0,0,0,0,0,0,0,0,0,0,0,0,0,0,0,0,0,0,0,0,0,0,0,0,0,0,0,0,0,0,0,0,0,0,0,0,0,0,0,0,0,0,0,0,0,0,0,0,0,0,0,0,0,0,0,0,0,0,0,0,0,0,0,0,0,0,0,0,0,0,0,0,0,0,0,0,0,0,0,0,0,0,0,0,0,0,0,0,0,0,0,0,0,0,0,0,0,0,0,0,0,0,0,0,0,0,0,0,0,0,0,0,0,0,0,0,0.00330311,0.0475849,-0.0988511,0.32141,-0.166517,0.0131489,0.328006,-0.433747,0.470099,0.0130911,-0.0532918,-0.298831,-0.248864,-0.263854,-0.65944,1.30539,0.0332335,-0.0528005,0.0297234,0.112681,0.0251601,-0.483973,0.0186809,0.755373,0.188614,0.0444993,0.198171,-1.30356,-1.16525,0.491177,0.192358,0.0919177,-0.673074,0.016275,0.0102287,0.738491,-0.771607,0.084364,0.402763,0.0616979,0.331289,0.211891,-0.087267,0.040313,-0.13106,0.206175,0.00576682,0.340963,0.343856,0.00574146,0.2618,0.0145755,0.0110347,0.0827219,0.126969,-0.390232,-0.0233726,0.580343,-0.00393369,-0.0360564,0.00331523,0.61,0.0475669,-0.00329937,-0.998863,0.6,0,0,1.62146,1.24887,1.84501
0.626259,2.74466,13.5177,0.269532,-0.415667,-0.167587,0.00793083,0.0393141,-0.100038,0.626259,2.74466,13.5177,0.269532,-0.415667,-0.167587,0.00793083,0.0393141,-0.100038,-0.966062,-0.154343,0.0408945,1.08128,-0.907653,-0.0120345,0.45014,-0.310974,0.52,0.156793,-0.087267,-0.0222906,-0.129941,0.176076,0.0184663,0.37434,0.413736,0.0448202,0.2618,0.031666,0.0160596,0.0358016,0.153883,-0.276043,0.0434362,0.57561,-0.00391507,-0.0485148,0.0119557,0,0,0,0,0,0,0,0,0,0,0,0,0,0,0,0,0,0,0,0,0,0,0,0,0,0,0,0,0,-0.132924,-0.0144115,-0.0150816,0.567633,-0.464922,0.157723,-0.317849,0.138098,0.0760609,0.454483,-0.108291,-0.0749585,-0.0615097,0.00183453,-0.0713247,0.212982,0.220106,-0.0152577,0.308305,0.0171936,-0.00683511,0.0866007,0.197657,-0.237262,0.0169437,0.669871,-0.00194923,-0.00626859,0.00893054,-0.323047,3.21877,-0.199356,4.79614,-4.40688,-1.34031,2.34279,2.41332,-1.50903,-1.57449,0.0334173,-1.85984,0.502906,-2.61544,-0.291742,0.32651,-0.617564,-0.000302688,-0.0167396,-0.0520869,0.660383,-0.0960793,-0.637425,-0.735567,0.050106,0.231381,-0.0429803,-0.0854294,0.00669156,-20.9184,-6.58131,1.34326,-12.9104,-2.43554,0.359127,23.1227,-8.83451,9.89818,-14.6454,2.53282,3.44968,-1.44333,10.2998,2.77183,1.59727,2.30402,0.574571,-1.36803,0.0083865,-0.342381,0.0276141,-0.452977,-1.53648,-0.629798,-1.748,0.0123765,-0.404072,-0.102239,0,0,0,0,0,0,0,0,0,0,0,0,0,0,0,0,0,0,0,0,0,0,0,0,0,0,0,0,0,2.55789,2.55789,2.55789,6.3088,6.3088,1.81445,2.55789,2.55789,1.81445,6.3088,6.3088,0.907223,0.907223,1.81445,1.81445,0.907223,0.907223,1.81445,1.81445,0.907223,0.907223,0.907223,0.907223,0.907223,0.907223,1.06814,1.06814,1.06814,1.06814,40.1792,40.1792,40.1792,99.0984,99.0984,28.5012,40.1792,40.1792,28.5012,99.0984,99.0984,14.2506,14.2506,28.5012,28.5012,14.2506,14.2506,28.5012,28.5012,14.2506,14.2506,14.2506,14.2506,14.2506,14.2506,16.7783,16.7783,16.7783,16.7783,0,0,0,0,0,0,0,0,0,0,0,0,0,0,0,0,0,0,0,0,0,0,0,0,0,0,0,0,0,0,0,0,0,0,0,0,0,0,0,0,0,0,0,0,0,0,0,0,0,0,0,0,0,0,0,0,0,0,0,0,0,0,0,0,0,0,0,0,0,0,0,0,0,0,0,0,0,0,0,0,0,0,0,0,0,0,0,0,0,0,0,0,0,0,0,0,0,0,0,0,0,0,0,0,0,0,0,0,0,0,0,0,0,0,0,0,0,0.00793083,0.0393141,-0.100038,0.397512,-0.105152,0.042105,0.487339,-0.173385,0.401472,0.102194,0.0990389,-0.296279,-0.18751,-0.327383,-1.19453,1.39192,0.0722016,-0.0525506,-0.281881,-0.567941,0.0366176,-0.651198,0.0746867,1.44285,0.0816312,0.160478,1.17572,-1.46069,-1.55322,-0.29601,-0.0274398,-0.0508249,-0.966062,-0.154343,0.0408945,1.08128,-0.907653,-0.0120345,0.45014,-0.310974,0.52,0.156793,-0.087267,-0.0222906,-0.129941,0.176076,0.0184663,0.37434,0.413736,0.0448202,0.2618,0.031666,0.0160596,0.0358016,0.153883,-0.276043,0.0434362,0.57561,-0.00391507,-0.0485148,0.0119557,0.609,0.039304,-0.00792462,-0.999196,0.6,0,0,1.62146,1.24887,1.84501
-3.29784,-1.62451,12.5577,0.00057053,-0.364312,-0.2048,0.0108267,0.0299661,-0.104135,-3.29784,-1.62451,12.5577,0.00057053,-0.364312,-0.2048,0.0108267,0.0299661,-0.104135,-0.966219,-0.104279,-0.0465231,1.21853,-0.850011,-0.0419082,0.353791,-0.417625,0.52,0.272442,-0.087267,-0.0769534,-0.088038,-0.037726,0.072087,0.27475,0.397579,0.057804,0.2618,0.0417357,-0.0677719,0.0322633,0.201254,-0.284612,0.0498819,0.579887,-0.00404011,-0.04682,0.01985,0,0,0,0,0,0,0,0,0,0,0,0,0,0,0,0,0,0,0,0,0,0,0,0,0,0,0,0,0,-0.177181,0.044116,-0.03497,0.698177,-0.581261,0.115614,-0.285754,0.184185,0.0372379,0.417196,-0.100974,-0.0989382,-0.0413451,-0.0502513,-0.0610724,0.226161,0.209029,-0.0119752,0.304382,0.0201866,0.00396707,0.0735256,0.187815,-0.250481,0.0203314,0.671354,-0.00258642,-0.0103975,0.0092168,-2.98336,2.50235,-1.10946,6.96099,-5.11419,-2.07571,1.37895,2.10365,-1.89601,-2.01113,0.492854,-0.860026,1.12058,-2.27449,0.60964,0.762688,-0.378746,0.216237,-0.272368,0.183433,0.409611,-0.769776,-0.482488,-0.489509,0.212374,-0.0353735,-0.0278426,-0.261522,0.0197645,-24.3828,-14.4547,5.90456,-5.22509,-0.0398249,0.13154,26.1619,-25.2322,17.2177,-13.6224,-1.59066,1.89274,-2.27192,10.6466,1.11056,1.44488,3.29657,1.23681,-0.74185,-0.00212748,-0.212877,0.1543,-0.0673515,0.110446,0.14356,-1.58913,0.00748553,-0.371423,0.025522,0,0,0,0,0,0,0,0,0,0,0,0,0,0,0,0,0,0,0,0,0,0,0,0,0,0,0,0,0,2.55789,2.55789,2.55789,6.3088,6.3088,1.81445,2.55789,2.55789,1.81445,6.3088,6.3088,0.907223,0.907223,1.81445,1.81445,0.907223,0.907223,1.81445,1.81445,0.907223,0.907223,0.907223,0.907223,0.907223,0.907223,1.06814,1.06814,1.06814,1.06814,40.1792,40.1792,40.1792,99.0984,99.0984,28.5012,40.1792,40.1792,28.5012,99.0984,99.0984,14.2506,14.2506,28.5012,28.5012,14.2506,14.2506,28.5012,28.5012,14.2506,14.2506,14.2506,14.2506,14.2506,14.2506,16.7783,16.7783,16.7783,16.7783,0,0,0,0,0,0,0,0,0,0,0,0,0,0,0,0,0,0,0,0,0,0,0,0,0,0,0,0,0,0,0,0,0,0,0,0,0,0,0,0,0,0,0,0,0,0,0,0,0,0,0,0,0,0,0,0,0,0,0,0,0,0,0,0,0,0,0,0,0,0,0,0,0,0,0,0,0,0,0,0,0,0,0,0,0,0,0,0,0,0,0,0,0,0,0,0,0,0,0,0,0,0,0,0,0,0,0,0,0,0,0,0,0,0,0,0,0,0.0108267,0.0299661,-0.104135,0.170437,0.00285957,0.164366,0.4505,-0.192924,-0.0860191,0.131799,0.113736,-0.200735,-0.300774,-0.269964,-1.19482,1.21595,0.0951615,-0.0542291,-0.190448,-0.762721,-0.154527,-0.628449,-0.0849665,1.56248,0.0735635,0.266439,1.56714,-1.13089,-1.38883,-0.204047,-0.0955548,-0.175462,-0.966219,-0.104279,-0.0465231,1.21853,-0.850011,-0.0419082,0.353791,-0.417625,0.52,0.272442,-0.087267,-0.0769534,-0.088038,-0.037726,0.072087,0.27475,0.397579,0.057804,0.2618,0.0417357,-0.0677719,0.0322633,0.201254,-0.284612,0.0498819,0.579887,-0.00404011,-0.04682,0.01985,1.053,0.0299617,-0.0108216,-0.999492,0.6,0,0,1.62326,1.24254,1.82499
-3.4134,-0.707436,10.5804,-0.172674,-0.166187,0.0555997,0.00872413,0.024393,-0.105427,-3.4134,-0.707436,10.5804,-0.172674,-0.166187,0.0555997,0.00872413,0.024393,-0.105427,-0.963128,-0.0456537,-0.106647,1.25813,-0.763709,-0.0526067,0.191886,-0.437895,0.52,0.321273,-0.087267,-0.123859,-0.0456416,-0.121553,0.0625412,0.214578,0.384463,0.0573931,0.2618,0.0211391,-0.117591,0.0835206,0.19015,-0.331012,0.00456883,0.585834,-0.00296724,-0.0357429,0.0261633,0,0,0,0,0,0,0,0,0,0,0,0,0,0,0,0,0,0,0,0,0,0,0,0,0,0,0,0,0,-0.250265,0.0764657,-0.0621648,0.84159,-0.653413,0.073626,-0.269199,0.21881,0.00395134,0.3873,-0.0964873,-0.112123,-0.0224258,-0.0852708,-0.0465398,0.238808,0.205166,-0.0064633,0.304138,0.0255004,-0.00451091,0.0588671,0.182453,-0.257528,0.0248631,0.664019,-0.00299009,-0.0159225,0.0109801,-3.7402,1.00032,-1.31444,6.85564,-3.04726,-1.89727,0.645384,1.47608,-1.38399,-1.12363,0.0270924,-0.553895,0.704089,-1.34984,0.573175,0.480771,-0.0569316,0.31566,0.0546732,0.266242,-0.694378,-0.643019,-0.178298,-0.248725,0.231635,-0.50264,-0.016948,-0.311379,0.10391,-19.38,-10.03,4.01423,-5.53673,-0.247049,0.154998,23.4432,-29.3507,17.2747,-4.16589,0.555368,1.00292,-1.61137,3.88149,2.26293,0.0582663,2.81925,1.28351,-1.29977,-0.0090045,-0.291949,0.209147,0.430173,-0.144678,0.152672,-0.895974,0.000411495,-0.200089,0.0396141,0,0,0,0,0,0,0,0,0,0,0,0,0,0,0,0,0,0,0,0,0,0,0,0,0,0,0,0,0,2.55789,2.55789,2.55789,6.3088,6.3088,1.81445,2.55789,2.55789,1.81445,6.3088,6.3088,0.907223,0.907223,1.81445,1.81445,0.907223,0.907223,1.81445,1.81445,0.907223,0.907223,0.907223,0.907223,0.907223,0.907223,1.06814,1.06814,1.06814,1.06814,40.1792,40.1792,40.1792,99.0984,99.0984,28.5012,40.1792,40.1792,28.5012,99.0984,99.0984,14.2506,14.2506,28.5012,28.5012,14.2506,14.2506,28.5012,28.5012,14.2506,14.2506,14.2506,14.2506,14.2506,14.2506,16.7783,16.7783,16.7783,16.7783,0,0,0,0,0,0,0,0,0,0,0,0,0,0,0,0,0,0,0,0,0,0,0,0,0,0,0,0,0,0,0,0,0,0,0,0,0,0,0,0,0,0,0,0,0,0,0,0,0,0,0,0,0,0,0,0,0,0,0,0,0,0,0,0,0,0,0,0,0,0,0,0,0,0,0,0,0,0,0,0,0,0,0,0,0,0,0,0,0,0,0,0,0,0,0,0,0,0,0,0,0,0,0,0,0,0,0,0,0,0,0,0,0,0,0,0,0,0.00872413,0.024393,-0.105427,0.0332396,-0.0224595,0.1426,0.420594,-0.298721,-0.277152,0.130862,0.0104174,-0.104067,-0.293656,-0.190148,-1.18917,0.920262,0.0481992,-0.0398283,-0.0833787,-0.799741,-0.268118,-0.479764,-0.194772,1.5024,0.190435,0.351181,1.68006,-0.99163,-1.14272,-0.0531336,-0.119948,-0.28241,-0.963128,-0.0456537,-0.106647,1.25813,-0.763709,-0.0526067,0.191886,-0.437895,0.52,0.321273,-0.087267,-0.123859,-0.0456416,-0.121553,0.0625412,0.214578,0.384463,0.0573931,0.2618,0.0211391,-0.117591,0.0835206,0.19015,-0.331012,0.00456883,0.585834,-0.00296724,-0.0357429,0.0261633,0.552,0.0243906,-0.00872143,-0.999664,0.6,0,0,1.63865,1.23849,1.81401
-2.93578,0.439945,9.96887,-0.203954,-0.0265695,0.234782,0.00481938,0.0220416,-0.102207,-2.93578,0.439945,9.96887,-0.203954,-0.0265695,0.234782,0.00481938,0.0220416,-0.102207,-0.97796,0.0313698,-0.116266,1.32879,-0.687799,-0.0474196,0.096723,-0.463064,0.52,0.310713,-0.087267,-0.163545,-0.0211304,-0.0925758,0.0715832,0.207929,0.335004,0.0292375,0.2618,0.00562615,-0.11667,0.149348,0.175557,-0.380972,-0.0370941,0.589775,-0.000991718,-0.0293241,0.0295487,0,0,0,0,0,0,0,0,0,0,0,0,0,0,0,0,0,0,0,0,0,0,0,0,0,0,0,0,0,-0.328971,0.084508,-0.0865586,0.965368,-0.683245,0.0390525,-0.265492,0.243444,-0.0177613,0.375353,-0.100754,-0.121734,-0.0145103,-0.105084,-0.0328917,0.245857,0.206538,-0.000815896,0.307371,0.025384,-0.0259173,0.0588326,0.180549,-0.260178,0.025208,0.653482,-0.00312398,-0.0198922,0.015131,-3.8633,0.0376412,-1.07823,5.51969,-1.20257,-1.5218,0.0353675,1.09055,-0.847562,-0.298332,-0.350353,-0.43325,0.15779,-0.775203,0.580994,0.220966,0.131445,0.31723,0.157977,-0.0702841,-1.12988,0.234967,-0.0958425,-0.080012,-0.098748,-0.484974,-0.000167069,-0.154573,0.20292,-15.7776,-5.47981,1.97377,-5.79624,-0.391067,0.153666,18.3075,-30.1378,16.9101,-3.29564,3.36164,0.358674,-0.627432,0.961536,1.60814,-0.670174,2.4314,1.11583,-1.58961,0.00233545,-0.293753,0.155863,0.214238,-0.933444,-0.218517,-0.614813,0.00358029,-0.100941,-0.0348909,0,0,0,0,0,0,0,0,0,0,0,0,0,0,0,0,0,0,0,0,0,0,0,0,0,0,0,0,0,2.55789,2.55789,2.55789,6.3088,6.3088,1.81445,2.55789,2.55789,1.81445,6.3088,6.3088,0.907223,0.907223,1.81445,1.81445,0.907223,0.907223,1.81445,1.81445,0.907223,0.907223,0.907223,0.907223,0.907223,0.907223,1.06814,1.06814,1.06814,1.06814,40.1792,40.1792,40.1792,99.0984,99.0984,28.5012,40.1792,40.1792,28.5012,99.0984,99.0984,14.2506,14.2506,28.5012,28.5012,14.2506,14.2506,28.5012,28.5012,14.2506,14.2506,14.2506,14.2506,14.2506,14.2506,16.7783,16.7783,16.7783,16.7783,0,0,0,0,0,0,0,0,0,0,0,0,0,0,0,0,0,0,0,0,0,0,0,0,0,0,0,0,0,0,0,0,0,0,0,0,0,0,0,0,0,0,0,0,0,0,0,0,0,0,0,0,0,0,0,0,0,0,0,0,0,0,0,0,0,0,0,0,0,0,0,0,0,0,0,0,0,0,0,0,0,0,0,0,0,0,0,0,0,0,0,0,0,0,0,0,0,0,0,0,0,0,0,0,0,0,0,0,0,0,0,0,0,0,0,0,0,0.00481938,0.0220416,-0.102207,0.0180795,-0.0557336,0.163217,0.307823,-0.412635,-0.211082,0.0666644,-0.0845783,-0.0481794,-0.180839,-0.137245,-1.21626,0.746463,0.0128282,-0.0133115,0.0572915,-0.845706,-0.266018,-0.393608,-0.212339,1.46694,0.340529,0.396623,1.88156,-1.02175,-0.926247,-0.0511553,-0.108121,-0.372899,-0.97796,0.0313698,-0.116266,1.32879,-0.687799,-0.0474196,0.096723,-0.463064,0.52,0.310713,-0.087267,-0.163545,-0.0211304,-0.0925758,0.0715832,0.207929,0.335004,0.0292375,0.2618,0.00562615,-0.11667,0.149348,0.175557,-0.380972,-0.0370941,0.589775,-0.000991718,-0.0293241,0.0295487,0.565,0.0220398,-0.0048182,-0.999745,0.6,0,0,1.63865,1.23849,1.81401
-2.47146,0.734322,9.98739,-0.199858,0.0741455,0.334081,0.000950749,0.022133,-0.0962278,-2.47146,0.734322,9.98739,-0.199858,0.0741455,0.334081,0.000950749,0.022133,-0.0962278,-0.972962,0.0901486,-0.0918009,1.39876,-0.61354,-0.0531907,0.041053,-0.463158,0.52,0.27702,-0.087267,-0.172267,-0.0169781,-0.0562646,0.107357,0.211099,0.265255,-0.0076393,0.2618,0.00377068,-0.0983896,0.183463,0.165714,-0.400813,-0.0642329,0.59091,0.000847747,-0.0253026,0.0285229,0,0,0,0,0,0,0,0,0,0,0,0,0,0,0,0,0,0,0,0,0,0,0,0,0,0,0,0,0,-0.410127,0.0831778,-0.102445,1.0679,-0.684603,0.0146616,-0.268872,0.264367,-0.0315032,0.371669,-0.108406,-0.130072,-0.0155407,-0.118828,-0.019469,0.248655,0.210546,0.00163418,0.30932,0.0206918,-0.0452365,0.0779655,0.178731,-0.261612,0.0196451,0.646274,-0.00271797,-0.0211666,0.020023,-4.00254,-0.105244,-0.546519,4.67665,0.020374,-1.03392,-0.173805,1.0289,-0.527535,-0.129071,-0.392329,-0.402259,-0.223052,-0.617981,0.575743,0.0492326,0.201674,0.100198,0.0603184,-0.253421,-0.845458,1.12066,-0.135701,-0.0864366,-0.365378,-0.245155,0.0249807,-0.0180252,0.219468,-12.7772,-1.84342,0.928705,-3.55692,-0.449135,0.109479,15.1814,-31.7874,16.7177,-5.20248,4.4877,-0.119553,0.0820073,1.86615,1.49912,-0.645813,1.59415,0.623106,-1.46804,0.0141216,-0.252008,0.0154087,0.061062,-1.63008,-0.494368,-0.668379,0.00282782,-0.111342,-0.0788229,0,0,0,0,0,0,0,0,0,0,0,0,0,0,0,0,0,0,0,0,0,0,0,0,0,0,0,0,0,2.55789,2.55789,2.55789,6.3088,6.3088,1.81445,2.55789,2.55789,1.81445,6.3088,6.3088,0.907223,0.907223,1.81445,1.81445,0.907223,0.907223,1.81445,1.81445,0.907223,0.907223,0.907223,0.907223,0.907223,0.907223,1.06814,1.06814,1.06814,1.06814,40.1792,40.1792,40.1792,99.0984,99.0984,28.5012,40.1792,40.1792,28.5012,99.0984,99.0984,14.2506,14.2506,28.5012,28.5012,14.2506,14.2506,28.5012,28.5012,14.2506,14.2506,14.2506,14.2506,14.2506,14.2506,16.7783,16.7783,16.7783,16.7783,0,0,0,0,0,0,0,0,0,0,0,0,0,0,0,0,0,0,0,0,0,0,0,0,0,0,0,0,0,0,0,0,0,0,0,0,0,0,0,0,0,0,0,0,0,0,0,0,0,0,0,0,0,0,0,0,0,0,0,0,0,0,0,0,0,0,0,0,0,0,0,0,0,0,0,0,0,0,0,0,0,0,0,0,0,0,0,0,0,0,0,0,0,0,0,0,0,0,0,0,0,0,0,0,0,0,0,0,0,0,0,0,0,0,0,0,0,0.000950749,0.022133,-0.0962278,0.0253076,-0.078175,0.244785,0.148788,-0.457874,-0.128289,-0.0174184,-0.146457,-0.0387118,-0.101958,-0.122014,-1.20713,0.644791,0.00859753,0.011379,0.164641,-0.84588,-0.224338,-0.339628,-0.167659,1.40439,0.418314,0.382853,2.0811,-1.11783,-0.714479,-0.0568607,-0.12128,-0.392786,-0.972962,0.0901486,-0.0918009,1.39876,-0.61354,-0.0531907,0.041053,-0.463158,0.52,0.27702,-0.087267,-0.172267,-0.0169781,-0.0562646,0.107357,0.211099,0.265255,-0.0076393,0.2618,0.00377068,-0.0983896,0.183463,0.165714,-0.400813,-0.0642329,0.59091,0.000847747,-0.0253026,0.0285229,0.597,0.0221312,-0.000950516,-0.999755,0.6,0,0,1.64591,1.24451,1.79509
-1.39916,0.664123,10.3285,-0.215992,0.0714034,0.401549,-0.00294071,0.0233086,-0.0885573,-1.39916,0.664123,10.3285,-0.215992,0.0714034,0.401549,-0.00294071,0.0233086,-0.0885573,-0.938809,0.151527,-0.121285,1.37298,-0.5058,-0.0598326,-0.0303841,-0.504004,0.52,0.277608,-0.087267,-0.185936,-0.0307139,-0.08598,0.121232,0.226388,0.227625,-0.0255448,0.2618,0.00501843,-0.0920939,0.172091,0.163398,-0.381849,-0.0648921,0.590677,0.00191036,-0.0236198,0.0317614,0,0,0,0,0,0,0,0,0,0,0,0,0,0,0,0,0,0,0,0,0,0,0,0,0,0,0,0,0,-0.491352,0.0846221,-0.105888,1.15598,-0.665735,-0.00390218,-0.272069,0.286424,-0.0384739,0.366717,-0.114421,-0.137875,-0.0247234,-0.131187,-0.00665641,0.248565,0.214093,-0.000557153,0.3097,0.0159084,-0.0558659,0.105517,0.176303,-0.263887,0.00967782,0.644114,-0.0019189,-0.0200817,0.0238237,-3.9376,0.195415,0.103377,4.06204,0.893669,-0.819969,-0.0602356,1.14764,-0.171469,-0.312919,-0.246662,-0.37692,-0.642384,-0.580594,0.57951,-0.0510744,0.109527,-0.158217,0.00990093,-0.21311,-0.380009,1.33465,-0.145067,-0.141925,-0.552107,0.00483703,0.0408659,0.0904173,0.150553,-9.45555,-0.225351,0.430229,-1.43335,-0.470555,0.0823011,12.8173,-32.9529,16.2941,-7.01106,4.23774,-0.155392,0.642672,3.18604,2.17185,-0.499102,0.616956,0.0827186,-1.38072,0.0201458,-0.255532,-0.0971113,-0.0321188,-1.83275,-0.568933,-0.874481,0.00310931,-0.175833,-0.0865285,0,0,0,0,0,0,0,0,0,0,0,0,0,0,0,0,0,0,0,0,0,0,0,0,0,0,0,0,0,2.55789,2.55789,2.55789,6.3088,6.3088,1.81445,2.55789,2.55789,1.81445,6.3088,6.3088,0.907223,0.907223,1.81445,1.81445,0.907223,0.907223,1.81445,1.81445,0.907223,0.907223,0.907223,0.907223,0.907223,0.907223,1.06814,1.06814,1.06814,1.06814,40.1792,40.1792,40.1792,99.0984,99.0984,28.5012,40.1792,40.1792,28.5012,99.0984,99.0984,14.2506,14.2506,28.5012,28.5012,14.2506,14.2506,28.5012,28.5012,14.2506,14.2506,14.2506,14.2506,14.2506,14.2506,16.7783,16.7783,16.7783,16.7783,0,0,0,0,0,0,0,0,0,0,0,0,0,0,0,0,0,0,0,0,0,0,0,0,0,0,0,0,0,0,0,0,0,0,0,0,0,0,0,0,0,0,0,0,0,0,0,0,0,0,0,0,0,0,0,0,0,0,0,0,0,0,0,0,0,0,0,0,0,0,0,0,0,0,0,0,0,0,0,0,0,0,0,0,0,0,0,0,0,0,0,0,0,0,0,0,0,0,0,0,0,0,0,0,0,0,0,0,0,0,0,0,0,0,0,0,0,-0.00294071,0.0233086,-0.0885573,0.0601682,-0.0834572,0.27642,0.0629869,-0.414634,-0.196043,-0.0582446,-0.14796,-0.0700306,-0.0641794,-0.125143,-1.14476,0.514323,0.0114425,0.0256421,0.276738,-0.920477,-0.209983,-0.31704,-0.221505,1.27596,0.392386,0.426323,2.00758,-1.11615,-0.407231,0.0558923,-0.136424,-0.423953,-0.938809,0.151527,-0.121285,1.37298,-0.5058,-0.0598326,-0.0303841,-0.504004,0.52,0.277608,-0.087267,-0.185936,-0.0307139,-0.08598,0.121232,0.226388,0.227625,-0.0255448,0.2618,0.00501843,-0.0920939,0.172091,0.163398,-0.381849,-0.0648921,0.590677,0.00191036,-0.0236198,0.0317614,0.699,0.0233065,0.00293991,-0.999724,0.6,0,0,1.64591,1.24451,1.79509
-0.638497,0.556229,10.3262,-0.243212,0.0295842,0.379729,-0.00743179,0.0241251,-0.0806095,-0.638497,0.556229,10.3262,-0.243212,0.0295842,0.379729,-0.00743179,0.0241251,-0.0806095,-0.897694,0.185578,-0.147206,1.25015,-0.346447,-0.0584632,-0.13494,-0.501357,0.460511,0.304741,-0.087267,-0.204825,-0.0483701,-0.141442,0.110849,0.214384,0.22431,-0.0224719,0.2618,0.00546853,-0.0744453,0.145508,0.157631,-0.346211,-0.0481353,0.591431,0.00142558,-0.0257184,0.035884,0,0,0,0,0,0,0,0,0,0,0,0,0,0,0,0,0,0,0,0,0,0,0,0,0,0,0,0,0,-0.565323,0.0898666,-0.100204,1.22037,-0.623411,-0.0194775,-0.272878,0.309103,-0.0372287,0.361355,-0.119193,-0.144904,-0.0417609,-0.140389,0.00553428,0.248025,0.214548,-0.00502623,0.309796,0.0124805,-0.0607499,0.1262,0.173692,-0.266685,-0.0017897,0.645836,-0.00101106,-0.0175162,0.0267843,-3.44776,0.303024,0.349624,2.60756,1.93466,-0.69634,0.0307851,1.12591,0.225262,-0.245848,-0.233388,-0.331696,-0.973688,-0.384618,0.570874,-0.00325714,-0.065681,-0.251511,0.00118947,-0.143152,-0.178919,0.834562,-0.129874,-0.149535,-0.554344,0.121832,0.042669,0.140389,0.128164,-6.31016,1.73809,-1.70831,-1.55519,-0.567228,0.113955,9.73324,-35.4653,15.5404,-6.78413,4.59531,-0.289522,0.997704,2.25176,2.25578,-0.301665,0.224852,-0.144311,-1.37087,0.0240916,-0.28224,-0.110814,-0.0350944,-1.51323,-0.403313,-1.04723,0.00351393,-0.247986,-0.0552701,0,0,0,0,0,0,0,0,0,0,0,0,0,0,0,0,0,0,0,0,0,0,0,0,0,0,0,0,0,2.55789,2.55789,2.55789,6.3088,6.3088,1.81445,2.55789,2.55789,1.81445,6.3088,6.3088,0.907223,0.907223,1.81445,1.81445,0.907223,0.907223,1.81445,1.81445,0.907223,0.907223,0.907223,0.907223,0.907223,0.907223,1.06814,1.06814,1.06814,1.06814,40.1792,40.1792,40.1792,99.0984,99.0984,28.5012,40.1792,40.1792,28.5012,99.0984,99.0984,14.2506,14.2506,28.5012,28.5012,14.2506,14.2506,28.5012,28.5012,14.2506,14.2506,14.2506,14.2506,14.2506,14.2506,16.7783,16.7783,16.7783,16.7783,0,0,0,0,0,0,0,0,0,0,0,0,0,0,0,0,0,0,0,0,0,0,0,0,0,0,0,0,0,0,0,0,0,0,0,0,0,0,0,0,0,0,0,0,0,0,0,0,0,0,0,0,0,0,0,0,0,0,0,0,0,0,0,0,0,0,0,0,0,0,0,0,0,0,0,0,0,0,0,0,0,0,0,0,0,0,0,0,0,0,0,0,0,0,0,0,0,0,0,0,0,0,0,0,0,0,0,0,0,0,0,0,0,0,0,0,0,-0.00743179,0.0241251,-0.0806095,0.0327969,-0.0966056,0.252747,0.0554287,-0.333376,-0.322502,-0.0512381,-0.109753,-0.110289,-0.0560409,-0.115022,-1.06967,0.32337,0.0124688,0.0191351,0.338927,-0.915643,-0.169743,-0.34521,-0.268847,1.05001,0.331772,0.481658,1.6573,-1.03878,0.0472052,0.263379,-0.133302,-0.467021,-0.897694,0.185578,-0.147206,1.25015,-0.346447,-0.0584632,-0.13494,-0.501357,0.460511,0.304741,-0.087267,-0.204825,-0.0483701,-0.141442,0.110849,0.214384,0.22431,-0.0224719,0.2618,0.00546853,-0.0744453,0.145508,0.157631,-0.346211,-0.0481353,0.591431,0.00142558,-0.0257184,0.035884,0.447,0.0241228,0.00742956,-0.999681,0.6,0,0,1.64143,1.24695,1.76309
-0.704589,0.604167,9.62882,-0.246685,0.0167181,0.292243,-0.0124052,0.0243618,-0.0739608,-0.704589,0.604167,9.62882,-0.246685,0.0167181,0.292243,-0.0124052,0.0243618,-0.0739608,-0.890489,0.178425,-0.108598,1.12047,-0.221136,-0.0365265,-0.178608,-0.420677,0.3806,0.312726,-0.087267,-0.230901,-0.0622552,-0.154089,0.117008,0.188176,0.276987,-0.00188933,0.2618,0.00589692,-0.0501712,0.137039,0.150287,-0.314827,-0.0395183,0.592703,0.000950245,-0.0321371,0.0349438,0,0,0,0,0,0,0,0,0,0,0,0,0,0,0,0,0,0,0,0,0,0,0,0,0,0,0,0,0,-0.627104,0.0949398,-0.0926207,1.24379,-0.550148,-0.0310855,-0.274662,0.329145,-0.0293333,0.361126,-0.125627,-0.151218,-0.0632119,-0.144143,0.0181038,0.248888,0.21142,-0.00894923,0.309839,0.0101908,-0.0603041,0.134286,0.171289,-0.268867,-0.0110522,0.648719,-0.000411955,-0.0152904,0.0293232,-2.81258,0.232341,0.288827,0.310897,3.31512,-0.494889,-0.109312,0.949541,0.457886,0.0893773,-0.361748,-0.30227,-1.08261,-0.128902,0.60769,0.0666664,-0.229646,-0.190655,0.0111767,-0.0978898,0.105774,0.225015,-0.111813,-0.0998987,-0.384876,0.0988944,0.0246869,0.0941037,0.117915,-3.77063,3.06352,-2.99876,-2.03561,-0.762913,0.121159,5.91574,-35.7286,13.161,-6.10087,5.99364,-0.495446,1.17144,0.297624,1.5409,-0.547553,0.370007,-0.0535836,-1.38694,0.0216152,-0.290123,-0.0525352,-0.0971373,-1.01594,-0.17564,-1.0796,0.00439834,-0.277316,-0.0150971,0,0,0,0,0,0,0,0,0,0,0,0,0,0,0,0,0,0,0,0,0,0,0,0,0,0,0,0,0,2.55789,2.55789,2.55789,6.3088,6.3088,1.81445,2.55789,2.55789,1.81445,6.3088,6.3088,0.907223,0.907223,1.81445,1.81445,0.907223,0.907223,1.81445,1.81445,0.907223,0.907223,0.907223,0.907223,0.907223,0.907223,1.06814,1.06814,1.06814,1.06814,40.1792,40.1792,40.1792,99.0984,99.0984,28.5012,40.1792,40.1792,28.5012,99.0984,99.0984,14.2506,14.2506,28.5012,28.5012,14.2506,14.2506,28.5012,28.5012,14.2506,14.2506,14.2506,14.2506,14.2506,14.2506,16.7783,16.7783,16.7783,16.7783,0,0,0,0,0,0,0,0,0,0,0,0,0,0,0,0,0,0,0,0,0,0,0,0,0,0,0,0,0,0,0,0,0,0,0,0,0,0,0,0,0,0,0,0,0,0,0,0,0,0,0,0,0,0,0,0,0,0,0,0,0,0,0,0,0,0,0,0,0,0,0,0,0,0,0,0,0,0,0,0,0,0,0,0,0,0,0,0,0,0,0,0,0,0,0,0,0,0,0,0,0,0,0,0,0,0,0,0,0,0,0,0,0,0,0,0,0,-0.0124052,0.0243618,-0.0739608,-0.0269594,-0.113351,0.26679,0.175537,-0.261817,-0.351339,-0.00430787,-0.0901057,-0.141948,-0.0610997,-0.0979492,-1.05651,0.243618,0.0134456,0.0127548,0.325863,-0.768295,-0.114395,-0.431365,-0.198335,0.867807,0.312462,0.469038,1.28749,-1.01601,0.404562,0.334747,-0.0832841,-0.526478,-0.890489,0.178425,-0.108598,1.12047,-0.221136,-0.0365265,-0.178608,-0.420677,0.3806,0.312726,-0.087267,-0.230901,-0.0622552,-0.154089,0.117008,0.188176,0.276987,-0.00188933,0.2618,0.00589692,-0.0501712,0.137039,0.150287,-0.314827,-0.0395183,0.592703,0.000950245,-0.0321371,0.0349438,1.032,0.0243594,0.0124012,-0.999626,0.6,0,0,1.64143,1.24695,1.76309
-0.745317,0.405964,8.901,-0.242418,0.0271129,0.193789,-0.0173432,0.0246591,-0.0692363,-0.745317,0.405964,8.901,-0.242418,0.0271129,0.193789,-0.0173432,0.0246591,-0.0692363,-0.904133,0.166911,-0.0952615,1.01839,-0.140718,-0.00374545,-0.151765,-0.410598,0.354041,0.290865,-0.087267,-0.261849,-0.0676139,-0.1478,0.136118,0.174983,0.318284,0.00487915,0.2618,0.00592674,-0.0361367,0.13683,0.128891,-0.294839,-0.0377259,0.590824,0.000798638,-0.0406164,0.0336063,0,0,0,0,0,0,0,0,0,0,0,0,0,0,0,0,0,0,0,0,0,0,0,0,0,0,0,0,0,-0.677061,0.100612,-0.0860369,1.22369,-0.462171,-0.0341249,-0.278252,0.346665,-0.0195913,0.364487,-0.133484,-0.157779,-0.0840814,-0.144849,0.0311161,0.250383,0.206503,-0.0111201,0.310398,0.00875994,-0.0534098,0.13521,0.16902,-0.269096,-0.0174745,0.650869,-0.000144962,-0.0151405,0.0309222,-2.28291,0.33902,0.270934,-1.6983,3.9094,-0.0561819,-0.177572,0.866921,0.446592,0.166587,-0.398192,-0.336083,-0.961328,-0.0525472,0.631078,0.0685571,-0.245265,-0.0762579,0.0425988,-0.0635605,0.426297,-0.00956172,-0.10957,0.0336199,-0.265438,0.0466892,0.0113513,-0.0212248,0.0622467,-2.8272,2.31701,-1.65402,-0.32454,-0.821983,0.0369892,4.47381,-32.9631,10.5874,-6.20153,7.01848,-0.745511,1.17946,-0.205292,1.30724,-0.949367,1.21989,0.401395,-1.45918,0.0161066,-0.329789,0.032948,-0.17163,-0.677393,-0.0690817,-1.04533,0.00653718,-0.266963,0.0010637,0,0,0,0,0,0,0,0,0,0,0,0,0,0,0,0,0,0,0,0,0,0,0,0,0,0,0,0,0,2.55789,2.55789,2.55789,6.3088,6.3088,1.81445,2.55789,2.55789,1.81445,6.3088,6.3088,0.907223,0.907223,1.81445,1.81445,0.907223,0.907223,1.81445,1.81445,0.907223,0.907223,0.907223,0.907223,0.907223,0.907223,1.06814,1.06814,1.06814,1.06814,40.1792,40.1792,40.1792,99.0984,99.0984,28.5012,40.1792,40.1792,28.5012,99.0984,99.0984,14.2506,14.2506,28.5012,28.5012,14.2506,14.2506,28.5012,28.5012,14.2506,14.2506,14.2506,14.2506,14.2506,14.2506,16.7783,16.7783,16.7783,16.7783,0,0,0,0,0,0,0,0,0,0,0,0,0,0,0,0,0,0,0,0,0,0,0,0,0,0,0,0,0,0,0,0,0,0,0,0,0,0,0,0,0,0,0,0,0,0,0,0,0,0,0,0,0,0,0,0,0,0,0,0,0,0,0,0,0,0,0,0,0,0,0,0,0,0,0,0,0,0,0,0,0,0,0,0,0,0,0,0,0,0,0,0,0,0,0,0,0,0,0,0,0,0,0,0,0,0,0,0,0,0,0,0,0,0,0,0,0,-0.0173432,0.0246591,-0.0692363,-0.0570416,-0.162135,0.310362,0.269699,-0.216241,-0.336999,0.011125,-0.0860188,-0.154166,-0.0606499,-0.123168,-1.08143,0.292641,0.0135136,0.0107198,0.304835,-0.749888,-0.0823953,-0.54518,-0.173979,0.807249,0.311987,0.451086,0.996379,-1.07835,0.633892,0.355993,-0.00853999,-0.597041,-0.904133,0.166911,-0.0952615,1.01839,-0.140718,-0.00374545,-0.151765,-0.410598,0.354041,0.290865,-0.087267,-0.261849,-0.0676139,-0.1478,0.136118,0.174983,0.318284,0.00487915,0.2618,0.00592674,-0.0361367,0.13683,0.128891,-0.294839,-0.0377259,0.590824,0.000798638,-0.0406164,0.0336063,0.661,0.0246566,0.0173371,-0.999546,0.6,0,0,1.6354,1.23439,1.76032
-0.444207,0.108242,8.81714,-0.24385,0.0405195,0.111936,-0.0221637,0.0253904,-0.0662779,-0.444207,0.108242,8.81714,-0.24385,0.0405195,0.111936,-0.0221637,0.0253904,-0.0662779,-0.946417,0.165641,-0.119218,0.930172,-0.0787242,0.0246666,-0.0920886,-0.471031,0.372828,0.266398,-0.087267,-0.267598,-0.0677431,-0.152005,0.145736,0.175681,0.317695,-0.00119099,0.2618,0.00444657,-0.0326022,0.150392,0.096838,-0.323867,-0.0551023,0.587334,0.000104216,-0.0446103,0.0319376,0,0,0,0,0,0,0,0,0,0,0,0,0,0,0,0,0,0,0,0,0,0,0,0,0,0,0,0,0,-0.717124,0.108144,-0.0824878,1.17288,-0.375614,-0.0274455,-0.279254,0.363822,-0.0130766,0.364065,-0.140327,-0.165055,-0.0993461,-0.146884,0.0427901,0.251193,0.203146,-0.0127835,0.311972,0.00768411,-0.0428142,0.134651,0.166217,-0.266402,-0.0222165,0.652406,-2.32756e-05,-0.0172957,0.0316321,-1.83294,0.413368,0.077957,-2.90295,3.79938,0.393874,0.0396762,0.87541,0.213391,-0.147274,-0.311778,-0.369676,-0.602589,-0.173031,0.542545,0.0282474,-0.104428,-0.0805003,0.0796808,-0.0486059,0.545034,-0.035731,-0.153109,0.196801,-0.196074,0.0446685,0.00625022,-0.122126,0.0242903,-2.90931,1.36076,-0.769651,2.33332,-0.737572,-0.0366848,5.06617,-33.2636,10.0419,-6.46491,7.17562,-1.0528,1.0116,0.24084,1.6821,-1.11294,1.74368,0.649223,-1.57815,0.0187069,-0.392751,0.0623077,-0.399422,-0.569905,-0.0379629,-1.0947,0.00747703,-0.263664,0.00723193,0,0,0,0,0,0,0,0,0,0,0,0,0,0,0,0,0,0,0,0,0,0,0,0,0,0,0,0,0,2.55789,2.55789,2.55789,6.3088,6.3088,1.81445,2.55789,2.55789,1.81445,6.3088,6.3088,0.907223,0.907223,1.81445,1.81445,0.907223,0.907223,1.81445,1.81445,0.907223,0.907223,0.907223,0.907223,0.907223,0.907223,1.06814,1.06814,1.06814,1.06814,40.1792,40.1792,40.1792,99.0984,99.0984,28.5012,40.1792,40.1792,28.5012,99.0984,99.0984,14.2506,14.2506,28.5012,28.5012,14.2506,14.2506,28.5012,28.5012,14.2506,14.2506,14.2506,14.2506,14.2506,14.2506,16.7783,16.7783,16.7783,16.7783,0,0,0,0,0,0,0,0,0,0,0,0,0,0,0,0,0,0,0,0,0,0,0,0,0,0,0,0,0,0,0,0,0,0,0,0,0,0,0,0,0,0,0,0,0,0,0,0,0,0,0,0,0,0,0,0,0,0,0,0,0,0,0,0,0,0,0,0,0,0,0,0,0,0,0,0,0,0,0,0,0,0,0,0,0,0,0,0,0,0,0,0,0,0,0,0,0,0,0,0,0,0,0,0,0,0,0,0,0,0,0,0,0,0,0,0,0,-0.0221637,0.0253904,-0.0662779,-0.0554504,-0.23522,0.332292,0.268355,-0.28243,-0.346587,-0.00271557,-0.125639,-0.154461,-0.0480874,-0.170017,-1.15865,0.401631,0.0101386,0.00139885,0.302515,-0.860257,-0.0743362,-0.598789,-0.217731,0.850085,0.342909,0.428687,0.744798,-1.14812,0.810685,0.392406,0.0562422,-0.61015,-0.946417,0.165641,-0.119218,0.930172,-0.0787242,0.0246666,-0.0920886,-0.471031,0.372828,0.266398,-0.087267,-0.267598,-0.0677431,-0.152005,0.145736,0.175681,0.317695,-0.00119099,0.2618,0.00444657,-0.0326022,0.150392,0.096838,-0.323867,-0.0551023,0.587334,0.000104216,-0.0446103,0.0319376,0.585,0.0253877,0.0221548,-0.999432,0.6,0,0,1.63212,1.22199,1.77762
-0.158703,0.0756932,9.04721,-0.243445,0.043997,0.0458148,-0.0269894,0.0263226,-0.0648153,-0.158703,0.0756932,9.04721,-0.243445,0.043997,0.0458148,-0.0269894,0.0263226,-0.0648153,-0.944021,0.157355,-0.156861,0.817233,-0.0218091,0.045389,-0.0595445,-0.538776,0.383567,0.241231,-0.087267,-0.286222,-0.0625644,-0.163354,0.149625,0.172201,0.311648,0.00151041,0.2618,8.40347e-05,-0.0285837,0.154812,0.0773882,-0.349335,-0.0643826,0.584953,-0.00105688,-0.0445498,0.0331459,0,0,0,0,0,0,0,0,0,0,0,0,0,0,0,0,0,0,0,0,0,0,0,0,0,0,0,0,0,-0.749276,0.115366,-0.0847829,1.10561,-0.295551,-0.0144259,-0.274798,0.38115,-0.01196,0.35629,-0.1453,-0.172116,-0.106468,-0.152117,0.0521181,0.251343,0.202506,-0.0152371,0.314035,0.0065133,-0.0325725,0.136937,0.162104,-0.261281,-0.0260877,0.654003,-0.000111809,-0.0200623,0.0320762,-1.48091,0.337639,-0.246689,-3.47763,3.4998,0.650311,0.325299,0.872053,-0.0504483,-0.515885,-0.224887,-0.336058,-0.194889,-0.329721,0.422622,0.0058197,0.0130586,-0.122953,0.0845964,-0.056522,0.470634,0.150701,-0.231977,0.282908,-0.172032,0.0666846,-0.00463125,-0.125002,0.0178687,-4.21067,1.18513,-0.825698,4.03834,-0.636006,-0.0644193,6.57098,-36.39,11.0222,-5.8288,7.11872,-1.06208,0.746805,0.557968,1.90812,-1.08355,1.63804,0.623794,-1.65225,0.0216153,-0.426616,0.0566945,-0.729113,-1.13779,-0.255069,-1.19752,0.00887585,-0.278607,-0.0216455,0,0,0,0,0,0,0,0,0,0,0,0,0,0,0,0,0,0,0,0,0,0,0,0,0,0,0,0,0,2.55789,2.55789,2.55789,6.3088,6.3088,1.81445,2.55789,2.55789,1.81445,6.3088,6.3088,0.907223,0.907223,1.81445,1.81445,0.907223,0.907223,1.81445,1.81445,0.907223,0.907223,0.907223,0.907223,0.907223,0.907223,1.06814,1.06814,1.06814,1.06814,40.1792,40.1792,40.1792,99.0984,99.0984,28.5012,40.1792,40.1792,28.5012,99.0984,99.0984,14.2506,14.2506,28.5012,28.5012,14.2506,14.2506,28.5012,28.5012,14.2506,14.2506,14.2506,14.2506,14.2506,14.2506,16.7783,16.7783,16.7783,16.7783,0,0,0,0,0,0,0,0,0,0,0,0,0,0,0,0,0,0,0,0,0,0,0,0,0,0,0,0,0,0,0,0,0,0,0,0,0,0,0,0,0,0,0,0,0,0,0,0,0,0,0,0,0,0,0,0,0,0,0,0,0,0,0,0,0,0,0,0,0,0,0,0,0,0,0,0,0,0,0,0,0,0,0,0,0,0,0,0,0,0,0,0,0,0,0,0,0,0,0,0,0,0,0,0,0,0,0,0,0,0,0,0,0,0,0,0,0,-0.0269894,0.0263226,-0.0648153,-0.0633845,-0.279567,0.341159,0.254569,-0.3405,-0.372463,0.00344389,-0.146799,-0.142653,-0.051274,-0.201973,-1.15428,0.461067,0.000191607,-0.0141861,0.287383,-0.983982,-0.0651736,-0.597977,-0.28648,0.874571,0.352987,0.444906,0.422724,-1.21989,0.972992,0.406381,0.103491,-0.652616,-0.944021,0.157355,-0.156861,0.817233,-0.0218091,0.045389,-0.0595445,-0.538776,0.383567,0.241231,-0.087267,-0.286222,-0.0625644,-0.163354,0.149625,0.172201,0.311648,0.00151041,0.2618,8.40347e-05,-0.0285837,0.154812,0.0773882,-0.349335,-0.0643826,0.584953,-0.00105688,-0.0445498,0.0331459,0.585,0.0263195,0.0269768,-0.99929,0.6,0,0,1.63212,1.22199,1.77762
0.367373,-0.0457356,9.44414,-0.256261,0.0324556,0.0185569,-0.0320069,0.0272787,-0.0643081,0.367373,-0.0457356,9.44414,-0.256261,0.0324556,0.0185569,-0.0320069,0.0272787,-0.0643081,-0.918259,0.13628,-0.181338,0.710135,0.0218617,0.0710402,-0.0471891,-0.588423,0.387862,0.216311,-0.087267,-0.298129,-0.0541903,-0.181082,0.146181,0.160004,0.303781,0.00701416,0.2618,-0.00502018,-0.0258187,0.156839,0.0600285,-0.367479,-0.0679283,0.582884,-0.00242442,-0.0429537,0.0365808,0,0,0,0,0,0,0,0,0,0,0,0,0,0,0,0,0,0,0,0,0,0,0,0,0,0,0,0,0,-0.7725,0.119072,-0.093787,1.02605,-0.221694,0.0010458,-0.264435,0.397257,-0.0149782,0.342431,-0.149182,-0.178651,-0.106262,-0.158916,0.0584558,0.250757,0.203108,-0.0165649,0.316213,0.00460868,-0.0237847,0.14032,0.156515,-0.255193,-0.0289843,0.656042,-0.000463428,-0.0219958,0.0328117,-0.9954,0.0998945,-0.589264,-4.09325,3.22106,0.731515,0.605865,0.773102,-0.209898,-0.7745,-0.190356,-0.315106,0.12429,-0.350407,0.288034,-0.0357501,0.0490714,-0.0375903,0.0909319,-0.0991658,0.409278,0.167454,-0.282555,0.30168,-0.108747,0.0847502,-0.0179029,-0.071218,0.0407993,-4.38459,1.27165,-1.12556,4.56582,-0.560472,-0.0622977,6.75044,-39.529,11.7136,-5.3183,7.27384,-1.25337,0.526067,0.4841,2.09173,-1.08764,1.50887,0.587681,-1.72635,0.0248532,-0.438286,0.0562088,-0.875957,-1.60939,-0.400961,-1.29125,0.00923458,-0.301505,-0.0370261,0,0,0,0,0,0,0,0,0,0,0,0,0,0,0,0,0,0,0,0,0,0,0,0,0,0,0,0,0,2.55789,2.55789,2.55789,6.3088,6.3088,1.81445,2.55789,2.55789,1.81445,6.3088,6.3088,0.907223,0.907223,1.81445,1.81445,0.907223,0.907223,1.81445,1.81445,0.907223,0.907223,0.907223,0.907223,0.907223,0.907223,1.06814,1.06814,1.06814,1.06814,40.1792,40.1792,40.1792,99.0984,99.0984,28.5012,40.1792,40.1792,28.5012,99.0984,99.0984,14.2506,14.2506,28.5012,28.5012,14.2506,14.2506,28.5012,28.5012,14.2506,14.2506,14.2506,14.2506,14.2506,14.2506,16.7783,16.7783,16.7783,16.7783,0,0,0,0,0,0,0,0,0,0,0,0,0,0,0,0,0,0,0,0,0,0,0,0,0,0,0,0,0,0,0,0,0,0,0,0,0,0,0,0,0,0,0,0,0,0,0,0,0,0,0,0,0,0,0,0,0,0,0,0,0,0,0,0,0,0,0,0,0,0,0,0,0,0,0,0,0,0,0,0,0,0,0,0,0,0,0,0,0,0,0,0,0,0,0,0,0,0,0,0,0,0,0,0,0,0,0,0,0,0,0,0,0,0,0,0,0,-0.0320069,0.0272787,-0.0643081,-0.0911952,-0.319149,0.333307,0.236632,-0.381868,-0.412884,0.015993,-0.154883,-0.123559,-0.0644787,-0.229736,-1.10723,0.483632,-0.0114465,-0.0325421,0.248892,-1.07465,-0.0588691,-0.576553,-0.331183,0.884365,0.357608,0.491012,0.117306,-1.29096,1.09753,0.424526,0.161979,-0.679765,-0.918259,0.13628,-0.181338,0.710135,0.0218617,0.0710402,-0.0471891,-0.588423,0.387862,0.216311,-0.087267,-0.298129,-0.0541903,-0.181082,0.146181,0.160004,0.303781,0.00701416,0.2618,-0.00502018,-0.0258187,0.156839,0.0600285,-0.367479,-0.0679283,0.582884,-0.00242442,-0.0429537,0.0365808,0.579,0.0272753,0.0319896,-0.999116,0.6,0,0,1.62753,1.20972,1.79211
0.788074,-0.0899887,9.67907,-0.262754,0.00438825,0.0249871,-0.0372315,0.0278624,-0.0639435,0.788074,-0.0899887,9.67907,-0.262754,0.00438825,0.0249871,-0.0372315,0.0278624,-0.0639435,-0.880033,0.119877,-0.191154,0.612554,0.0636558,0.093235,-0.0631626,-0.623012,0.389675,0.183831,-0.087267,-0.308643,-0.0453109,-0.181932,0.132532,0.142556,0.299719,0.0106237,0.2618,-0.0113118,-0.0258666,0.16929,0.037167,-0.383886,-0.0720795,0.581026,-0.00334265,-0.0421139,0.0405235,0,0,0,0,0,0,0,0,0,0,0,0,0,0,0,0,0,0,0,0,0,0,0,0,0,0,0,0,0,-0.785555,0.117784,-0.10875,0.936354,-0.155959,0.0191135,-0.248898,0.410921,-0.0199321,0.324586,-0.152791,-0.184718,-0.101066,-0.16518,0.0622971,0.249113,0.203887,-0.0157668,0.318545,0.00180974,-0.0162629,0.143469,0.150402,-0.249427,-0.0303429,0.658061,-0.00108384,-0.0227432,0.0343419,-0.493048,-0.14943,-0.848037,-4.49819,2.85489,0.859942,0.839821,0.635939,-0.259505,-0.934812,-0.188573,-0.289657,0.318666,-0.290604,0.186245,-0.0931732,0.0433157,0.0681066,0.0985598,-0.140623,0.350174,0.151639,-0.289721,0.262382,-0.0282926,0.076628,-0.0308267,-0.0169034,0.0842965,-4.08297,1.09751,-0.844345,5.46176,-0.435307,-0.0790788,6.0265,-41.7404,12.0818,-4.99979,7.61068,-1.35864,0.390201,0.0640573,2.07755,-1.18731,1.38878,0.531595,-1.80665,0.0295764,-0.452625,0.0549694,-1.02627,-1.91927,-0.503763,-1.35151,0.0103106,-0.320481,-0.0506878,0,0,0,0,0,0,0,0,0,0,0,0,0,0,0,0,0,0,0,0,0,0,0,0,0,0,0,0,0,2.55789,2.55789,2.55789,6.3088,6.3088,1.81445,2.55789,2.55789,1.81445,6.3088,6.3088,0.907223,0.907223,1.81445,1.81445,0.907223,0.907223,1.81445,1.81445,0.907223,0.907223,0.907223,0.907223,0.907223,0.907223,1.06814,1.06814,1.06814,1.06814,40.1792,40.1792,40.1792,99.0984,99.0984,28.5012,40.1792,40.1792,28.5012,99.0984,99.0984,14.2506,14.2506,28.5012,28.5012,14.2506,14.2506,28.5012,28.5012,14.2506,14.2506,14.2506,14.2506,14.2506,14.2506,16.7783,16.7783,16.7783,16.7783,0,0,0,0,0,0,0,0,0,0,0,0,0,0,0,0,0,0,0,0,0,0,0,0,0,0,0,0,0,0,0,0,0,0,0,0,0,0,0,0,0,0,0,0,0,0,0,0,0,0,0,0,0,0,0,0,0,0,0,0,0,0,0,0,0,0,0,0,0,0,0,0,0,0,0,0,0,0,0,0,0,0,0,0,0,0,0,0,0,0,0,0,0,0,0,0,0,0,0,0,0,0,0,0,0,0,0,0,0,0,0,0,0,0,0,0,0,-0.0372315,0.0278624,-0.0639435,-0.130978,-0.371275,0.302186,0.227368,-0.419279,-0.414823,0.0242231,-0.164348,-0.103313,-0.0821143,-0.254688,-1.03742,0.454459,-0.0257921,-0.0448672,0.218936,-1.13783,-0.0589784,-0.56528,-0.349111,0.888498,0.385999,0.543934,-0.160971,-1.38358,1.21672,0.42757,0.212585,-0.703736,-0.880033,0.119877,-0.191154,0.612554,0.0636558,0.093235,-0.0631626,-0.623012,0.389675,0.183831,-0.087267,-0.308643,-0.0453109,-0.181932,0.132532,0.142556,0.299719,0.0106237,0.2618,-0.0113118,-0.0258666,0.16929,0.037167,-0.383886,-0.0720795,0.581026,-0.00334265,-0.0421139,0.0405235,0.899,0.0278588,0.0372084,-0.998919,0.6,0,0,1.62753,1.20972,1.79211
1.0706,-0.270259,9.91037,-0.281242,-0.0339189,0.0333571,-0.0427121,0.0277142,-0.0633702,1.0706,-0.270259,9.91037,-0.281242,-0.0339189,0.0333571,-0.0427121,0.0277142,-0.0633702,-0.840503,0.108706,-0.198652,0.534837,0.0801103,0.113962,-0.057958,-0.656739,0.406132,0.153396,-0.087267,-0.29952,-0.0395924,-0.185458,0.12067,0.132361,0.297477,0.0139934,0.2618,-0.0167933,-0.0302303,0.183399,0.0215171,-0.395842,-0.0781484,0.579794,-0.00392733,-0.0403846,0.0432417,0,0,0,0,0,0,0,0,0,0,0,0,0,0,0,0,0,0,0,0,0,0,0,0,0,0,0,0,0,-0.789609,0.112904,-0.126369,0.841561,-0.0969022,0.0386317,-0.229654,0.421764,-0.0246329,0.303945,-0.156247,-0.190357,-0.0933137,-0.169321,0.0651814,0.246532,0.20479,-0.0136477,0.320867,-0.00196648,-0.0103526,0.148602,0.144253,-0.244567,-0.0304143,0.660227,-0.00183244,-0.0227364,0.0367709,-0.0868414,-0.282467,-0.889459,-4.64103,2.56543,0.909925,0.991452,0.489095,-0.204564,-1.06423,-0.174798,-0.270127,0.403891,-0.149943,0.172188,-0.133996,0.0535222,0.122039,0.0913754,-0.185887,0.262904,0.281265,-0.292261,0.214184,0.0220086,0.0912463,-0.0353209,0.0143437,0.125014,-3.41359,0.980279,-0.388151,6.18828,-0.3153,-0.0950877,4.21986,-43.2077,12.1841,-5.37277,7.87671,-1.44527,0.324974,-0.0772582,1.64155,-1.36275,1.3091,0.477756,-1.86171,0.0349097,-0.460231,0.0437996,-1.26259,-2.18069,-0.60892,-1.4337,0.0122668,-0.339626,-0.0690161,0,0,0,0,0,0,0,0,0,0,0,0,0,0,0,0,0,0,0,0,0,0,0,0,0,0,0,0,0,2.55789,2.55789,2.55789,6.3088,6.3088,1.81445,2.55789,2.55789,1.81445,6.3088,6.3088,0.907223,0.907223,1.81445,1.81445,0.907223,0.907223,1.81445,1.81445,0.907223,0.907223,0.907223,0.907223,0.907223,0.907223,1.06814,1.06814,1.06814,1.06814,40.1792,40.1792,40.1792,99.0984,99.0984,28.5012,40.1792,40.1792,28.5012,99.0984,99.0984,14.2506,14.2506,28.5012,28.5012,14.2506,14.2506,28.5012,28.5012,14.2506,14.2506,14.2506,14.2506,14.2506,14.2506,16.7783,16.7783,16.7783,16.7783,0,0,0,0,0,0,0,0,0,0,0,0,0,0,0,0,0,0,0,0,0,0,0,0,0,0,0,0,0,0,0,0,0,0,0,0,0,0,0,0,0,0,0,0,0,0,0,0,0,0,0,0,0,0,0,0,0,0,0,0,0,0,0,0,0,0,0,0,0,0,0,0,0,0,0,0,0,0,0,0,0,0,0,0,0,0,0,0,0,0,0,0,0,0,0,0,0,0,0,0,0,0,0,0,0,0,0,0,0,0,0,0,0,0,0,0,0,-0.0427121,0.0277142,-0.0633702,-0.154224,-0.406959,0.27514,0.222257,-0.446539,-0.422863,0.0319063,-0.178186,-0.0902746,-0.114017,-0.27122,-0.965221,0.463964,-0.0382905,-0.0527152,0.198533,-1.19942,-0.068928,-0.542069,-0.362803,0.92602,0.418168,0.580419,-0.382601,-1.47038,1.26364,0.425628,0.259844,-0.682936,-0.840503,0.108706,-0.198652,0.534837,0.0801103,0.113962,-0.057958,-0.656739,0.406132,0.153396,-0.087267,-0.29952,-0.0395924,-0.185458,0.12067,0.132361,0.297477,0.0139934,0.2618,-0.0167933,-0.0302303,0.183399,0.0215171,-0.395842,-0.0781484,0.579794,-0.00392733,-0.0403846,0.0432417,0.614,0.0277107,0.0426827,-0.998704,0.6,0,0,1.62281,1.19736,1.78187
1.361,-0.370962,10.1672,-0.2938,-0.0500809,0.0409717,-0.0484842,0.027158,-0.0625815,1.361,-0.370962,10.1672,-0.2938,-0.0500809,0.0409717,-0.0484842,0.027158,-0.0625815,-0.821204,0.0897619,-0.205433,0.460561,0.0857806,0.131191,-0.0256605,-0.678539,0.424603,0.154082,-0.087267,-0.265393,-0.037739,-0.203965,0.111277,0.125425,0.296399,0.0174796,0.2618,-0.022526,-0.0285269,0.196986,0.0166343,-0.405352,-0.0833201,0.579272,-0.00444467,-0.0368392,0.0444407,0,0,0,0,0,0,0,0,0,0,0,0,0,0,0,0,0,0,0,0,0,0,0,0,0,0,0,0,0,-0.785716,0.106501,-0.143385,0.748407,-0.0492284,0.0586199,-0.206583,0.429839,-0.0270293,0.280543,-0.159172,-0.195268,-0.0849286,-0.170459,0.0670387,0.243074,0.205874,-0.0107302,0.322945,-0.00633099,-0.0068549,0.156317,0.138001,-0.240703,-0.0303011,0.662267,-0.00258585,-0.0220872,0.0396141,0.291728,-0.329877,-0.811262,-4.43376,2.05287,0.923774,1.19306,0.347868,-0.0450384,-1.20083,-0.141974,-0.225345,0.396876,0.0158674,0.116194,-0.171633,0.061755,0.154527,0.0750839,-0.207636,0.134881,0.398837,-0.298514,0.163851,0.00744523,0.0817513,-0.0342496,0.0421205,0.135428,-2.93355,0.912861,-0.178117,6.55086,-0.166177,-0.100053,2.99677,-44.544,12.456,-5.22617,7.97118,-1.28416,0.286869,-0.428011,1.35618,-1.42328,1.25431,0.4316,-1.89284,0.0389883,-0.458218,0.0282361,-1.39104,-2.36211,-0.68696,-1.47764,0.0140548,-0.351329,-0.083212,0,0,0,0,0,0,0,0,0,0,0,0,0,0,0,0,0,0,0,0,0,0,0,0,0,0,0,0,0,2.55789,2.55789,2.55789,6.3088,6.3088,1.81445,2.55789,2.55789,1.81445,6.3088,6.3088,0.907223,0.907223,1.81445,1.81445,0.907223,0.907223,1.81445,1.81445,0.907223,0.907223,0.907223,0.907223,0.907223,0.907223,1.06814,1.06814,1.06814,1.06814,40.1792,40.1792,40.1792,99.0984,99.0984,28.5012,40.1792,40.1792,28.5012,99.0984,99.0984,14.2506,14.2506,28.5012,28.5012,14.2506,14.2506,28.5012,28.5012,14.2506,14.2506,14.2506,14.2506,14.2506,14.2506,16.7783,16.7783,16.7783,16.7783,0,0,0,0,0,0,0,0,0,0,0,0,0,0,0,0,0,0,0,0,0,0,0,0,0,0,0,0,0,0,0,0,0,0,0,0,0,0,0,0,0,0,0,0,0,0,0,0,0,0,0,0,0,0,0,0,0,0,0,0,0,0,0,0,0,0,0,0,0,0,0,0,0,0,0,0,0,0,0,0,0,0,0,0,0,0,0,0,0,0,0,0,0,0,0,0,0,0,0,0,0,0,0,0,0,0,0,0,0,0,0,0,0,0,0,0,0,-0.0484842,0.027158,-0.0625815,-0.170039,-0.418092,0.253724,0.219798,-0.468223,-0.46506,0.0398552,-0.189978,-0.0860486,-0.147139,-0.278227,-0.929974,0.52295,-0.0513615,-0.0596593,0.163935,-1.23924,-0.0650441,-0.49448,-0.375188,0.968138,0.449149,0.596512,-0.594416,-1.46842,1.27981,0.483304,0.299128,-0.605123,-0.821204,0.0897619,-0.205433,0.460561,0.0857806,0.131191,-0.0256605,-0.678539,0.424603,0.154082,-0.087267,-0.265393,-0.037739,-0.203965,0.111277,0.125425,0.296399,0.0174796,0.2618,-0.022526,-0.0285269,0.196986,0.0166343,-0.405352,-0.0833201,0.579272,-0.00444467,-0.0368392,0.0444407,0.914,0.0271547,0.0484474,-0.998457,0.6,0,0,1.6209,1.18585,1.76258
1.48177,-0.214803,10.2096,-0.274677,-0.0535975,0.0386047,-0.0542082,0.0264507,-0.0617066,1.48177,-0.214803,10.2096,-0.274677,-0.0535975,0.0386047,-0.0542082,0.0264507,-0.0617066,-0.767123,0.0801158,-0.191805,0.392437,0.0885923,0.136064,-0.00722852,-0.653172,0.405127,0.154751,-0.087267,-0.24092,-0.0379617,-0.197631,0.105113,0.112643,0.301598,0.0267774,0.2618,-0.0259054,-0.0245028,0.202666,0.0230199,-0.391177,-0.0789887,0.579471,-0.00451894,-0.0353063,0.0463203,0,0,0,0,0,0,0,0,0,0,0,0,0,0,0,0,0,0,0,0,0,0,0,0,0,0,0,0,0,-0.774594,0.0991927,-0.158478,0.660889,-0.0128428,0.0780248,-0.180963,0.434604,-0.0251898,0.257467,-0.162658,-0.198772,-0.0781835,-0.167695,0.0678546,0.238942,0.2071,-0.0073611,0.32436,-0.0110964,-0.00451478,0.16587,0.131801,-0.238097,-0.0306795,0.663393,-0.00329309,-0.0207091,0.0422221,0.638057,-0.381305,-0.720784,-4.12206,1.55785,0.888144,1.27883,0.168096,0.194835,-1.10047,-0.201571,-0.145633,0.274141,0.215403,0.067484,-0.20247,0.0629276,0.171487,0.0486378,-0.225759,0.106881,0.473973,-0.293918,0.0880636,-0.0240715,0.0230638,-0.0318323,0.0731788,0.117601,-3.47269,0.56801,-0.0757806,5.96664,-0.0800391,-0.097251,3.03946,-45.1711,12.5149,-3.43209,8.66481,-0.818193,0.320909,-1.38877,1.15428,-1.43463,1.21865,0.403677,-1.88097,0.0415781,-0.439944,0.0170476,-1.37667,-2.47081,-0.728584,-1.44437,0.0146888,-0.349218,-0.0882924,0,0,0,0,0,0,0,0,0,0,0,0,0,0,0,0,0,0,0,0,0,0,0,0,0,0,0,0,0,2.55789,2.55789,2.55789,6.3088,6.3088,1.81445,2.55789,2.55789,1.81445,6.3088,6.3088,0.907223,0.907223,1.81445,1.81445,0.907223,0.907223,1.81445,1.81445,0.907223,0.907223,0.907223,0.907223,0.907223,0.907223,1.06814,1.06814,1.06814,1.06814,40.1792,40.1792,40.1792,99.0984,99.0984,28.5012,40.1792,40.1792,28.5012,99.0984,99.0984,14.2506,14.2506,28.5012,28.5012,14.2506,14.2506,28.5012,28.5012,14.2506,14.2506,14.2506,14.2506,14.2506,14.2506,16.7783,16.7783,16.7783,16.7783,0,0,0,0,0,0,0,0,0,0,0,0,0,0,0,0,0,0,0,0,0,0,0,0,0,0,0,0,0,0,0,0,0,0,0,0,0,0,0,0,0,0,0,0,0,0,0,0,0,0,0,0,0,0,0,0,0,0,0,0,0,0,0,0,0,0,0,0,0,0,0,0,0,0,0,0,0,0,0,0,0,0,0,0,0,0,0,0,0,0,0,0,0,0,0,0,0,0,0,0,0,0,0,0,0,0,0,0,0,0,0,0,0,0,0,0,0,-0.0542082,0.0264507,-0.0617066,-0.199184,-0.403532,0.239667,0.231653,-0.435902,-0.450618,0.0610551,-0.180102,-0.0865565,-0.183023,-0.275553,-0.831204,0.556613,-0.0590668,-0.0606562,0.146318,-1.19291,-0.0558689,-0.473905,-0.350299,0.92373,0.462098,0.621742,-0.78869,-1.46651,1.28783,0.485491,0.310241,-0.549322,-0.767123,0.0801158,-0.191805,0.392437,0.0885923,0.136064,-0.00722852,-0.653172,0.405127,0.154751,-0.087267,-0.24092,-0.0379617,-0.197631,0.105113,0.112643,0.301598,0.0267774,0.2618,-0.0259054,-0.0245028,0.202666,0.0230199,-0.391177,-0.0789887,0.579471,-0.00451894,-0.0353063,0.0463203,1.115,0.0264476,0.0541627,-0.998182,0.6,0,0,1.6209,1.18585,1.76258
1.71772,-0.293689,10.0134,-0.256648,-0.0512186,0.0428912,-0.059555,0.0258528,-0.0608258,1.71772,-0.293689,10.0134,-0.256648,-0.0512186,0.0428912,-0.059555,0.0258528,-0.0608258,-0.701096,0.0534079,-0.154862,0.3425,0.0989568,0.131491,-0.0039471,-0.584369,0.374964,0.157004,-0.087267,-0.211772,-0.0403558,-0.186096,0.0938138,0.103474,0.307045,0.0345147,0.2618,-0.0293352,-0.0238265,0.208179,0.0218514,-0.373915,-0.0720045,0.57906,-0.00427701,-0.0364126,0.0475933,0,0,0,0,0,0,0,0,0,0,0,0,0,0,0,0,0,0,0,0,0,0,0,0,0,0,0,0,0,-0.756108,0.0923054,-0.169129,0.579442,0.0144342,0.0941083,-0.153277,0.435859,-0.0184403,0.236961,-0.167544,-0.20129,-0.0743784,-0.160963,0.0670658,0.233926,0.208319,-0.00285443,0.325234,-0.0156295,-0.00203697,0.17486,0.125931,-0.236707,-0.0315494,0.663219,-0.0038365,-0.0193602,0.0444194,1.00435,-0.324215,-0.426095,-3.82933,1.16337,0.704562,1.38648,-0.00165578,0.426979,-0.968461,-0.274645,-0.115252,0.124242,0.40438,-0.0139621,-0.253261,0.0702817,0.236077,0.0278138,-0.208697,0.126314,0.416985,-0.26038,0.0411858,-0.0400883,-0.0458472,-0.0232326,0.0587007,0.0989679,-2.9597,0.320747,0.18472,5.47453,-0.010781,-0.0854387,2.39739,-43.7787,11.3496,-2.15264,9.59589,-0.462485,0.39748,-1.73894,1.15141,-1.50049,1.27069,0.42469,-1.86602,0.0425567,-0.434288,0.020443,-1.22803,-2.24511,-0.638557,-1.36657,0.0133679,-0.332069,-0.0734255,0,0,0,0,0,0,0,0,0,0,0,0,0,0,0,0,0,0,0,0,0,0,0,0,0,0,0,0,0,2.55789,2.55789,2.55789,6.3088,6.3088,1.81445,2.55789,2.55789,1.81445,6.3088,6.3088,0.907223,0.907223,1.81445,1.81445,0.907223,0.907223,1.81445,1.81445,0.907223,0.907223,0.907223,0.907223,0.907223,0.907223,1.06814,1.06814,1.06814,1.06814,40.1792,40.1792,40.1792,99.0984,99.0984,28.5012,40.1792,40.1792,28.5012,99.0984,99.0984,14.2506,14.2506,28.5012,28.5012,14.2506,14.2506,28.5012,28.5012,14.2506,14.2506,14.2506,14.2506,14.2506,14.2506,16.7783,16.7783,16.7783,16.7783,0,0,0,0,0,0,0,0,0,0,0,0,0,0,0,0,0,0,0,0,0,0,0,0,0,0,0,0,0,0,0,0,0,0,0,0,0,0,0,0,0,0,0,0,0,0,0,0,0,0,0,0,0,0,0,0,0,0,0,0,0,0,0,0,0,0,0,0,0,0,0,0,0,0,0,0,0,0,0,0,0,0,0,0,0,0,0,0,0,0,0,0,0,0,0,0,0,0,0,0,0,0,0,0,0,0,0,0,0,0,0,0,0,0,0,0,0,-0.059555,0.0258528,-0.0608258,-0.220089,-0.406197,0.213905,0.244073,-0.396544,-0.424318,0.0786969,-0.164177,-0.0920152,-0.215413,-0.281074,-0.710618,0.562606,-0.0668871,-0.0574089,0.0975405,-1.06725,-0.0543268,-0.488754,-0.282829,0.854956,0.47467,0.638829,-0.931099,-1.46009,1.31739,0.490894,0.299813,-0.482862,-0.701096,0.0534079,-0.154862,0.3425,0.0989568,0.131491,-0.0039471,-0.584369,0.374964,0.157004,-0.087267,-0.211772,-0.0403558,-0.186096,0.0938138,0.103474,0.307045,0.0345147,0.2618,-0.0293352,-0.0238265,0.208179,0.0218514,-0.373915,-0.0720045,0.57906,-0.00427701,-0.0364126,0.0475933,0.816,0.0258499,0.0594999,-0.997894,0.6,0,0,1.62245,1.17545,1.7865
1.39876,-2.5712,13.6264,-0.304556,-0.00178509,0.0407054,-0.064952,0.0256945,-0.0599806,1.39876,-2.5712,13.6264,-0.304556,-0.00178509,0.0407054,-0.064952,0.0256945,-0.0599806,-0.654413,0.00570687,-0.11506,0.295896,0.0817045,0.131612,0.0302097,-0.505098,0.345178,0.184994,-0.087267,-0.158661,-0.046867,-0.186011,0.0823444,0.100819,0.307114,0.0357019,0.2618,-0.0311176,-0.0300885,0.206543,0.0205045,-0.350751,-0.0551026,0.579,-0.0037522,-0.0391748,0.0464056,0,0,0,0,0,0,0,0,0,0,0,0,0,0,0,0,0,0,0,0,0,0,0,0,0,0,0,0,0,-0.732934,0.0853443,-0.170418,0.519896,0.0507867,0.103081,-0.124066,0.432313,-0.0079293,0.219511,-0.17416,-0.203465,-0.0725452,-0.149015,0.0643252,0.227628,0.210368,0.00278231,0.326275,-0.0198889,9.21668e-05,0.182911,0.120208,-0.235212,-0.0324829,0.662974,-0.00417601,-0.0188635,0.0460921,1.17657,-0.496716,0.183793,-1.67769,1.97453,0.336242,1.42573,-0.422386,0.61162,-0.788344,-0.372589,-0.106236,0.0718722,0.877842,-0.131058,-0.347218,0.159176,0.298348,0.105746,-0.195817,0.102161,0.376037,-0.29442,0.151519,-0.0470265,0.0664911,-0.0147666,0.0177702,0.0684493,-1.59865,-0.155491,0.275422,-6.1459,-7.95582,0.200037,1.23311,-39.9671,9.87873,-1.27876,10.8489,-0.0244883,0.389544,-2.4646,1.11565,-1.46255,1.25225,0.378707,-2.00478,0.0425069,-0.428346,0.0215791,-1.13881,-2.09086,-0.518797,-1.45833,0.0139808,-0.308856,-0.0488988,0,0,0,0,0,0,0,0,0,0,0,0,0,0,0,0,0,0,0,0,0,0,0,0,0,0,0,0,0,2.55789,2.55789,2.55789,6.3088,6.3088,1.81445,2.55789,2.55789,1.81445,6.3088,6.3088,0.907223,0.907223,1.81445,1.81445,0.907223,0.907223,1.81445,1.81445,0.907223,0.907223,0.907223,0.907223,0.907223,0.907223,1.06814,1.06814,1.06814,1.06814,40.1792,40.1792,40.1792,99.0984,99.0984,28.5012,40.1792,40.1792,28.5012,99.0984,99.0984,14.2506,14.2506,28.5012,28.5012,14.2506,14.2506,28.5012,28.5012,14.2506,14.2506,14.2506,14.2506,14.2506,14.2506,16.7783,16.7783,16.7783,16.7783,0,0,0,0,0,0,0,0,0,0,0,0,0,0,0,0,0,0,0,0,0,0,0,0,0,0,0,0,0,0,0,0,0,0,0,0,0,0,0,0,0,0,0,0,0,0,0,0,0,0,0,0,0,0,0,0,0,0,0,0,0,0,0,0,0,0,0,0,0,0,0,0,0,0,0,0,0,0,0,0,0,0,0,0,0,0,0,0,0,0,0,0,0,0,0,0,0,0,0,0,0,0,0,0,0,0,0,0,0,0,0,0,0,0,0,0,0,-0.064952,0.0256945,-0.0599806,-0.226143,-0.409268,0.187753,0.24423,-0.343727,-0.424123,0.0814039,-0.125639,-0.106861,-0.248318,-0.281874,-0.625358,0.624988,-0.0709513,-0.0503646,0.0104226,-0.922476,-0.0686047,-0.52583,-0.210137,0.78704,0.470939,0.622887,-1.064,-1.38026,1.26819,0.570911,0.300088,-0.361764,-0.654413,0.00570687,-0.11506,0.295896,0.0817045,0.131612,0.0302097,-0.505098,0.345178,0.184994,-0.087267,-0.158661,-0.046867,-0.186011,0.0823444,0.100819,0.307114,0.0357019,0.2618,-0.0311176,-0.0300885,0.206543,0.0205045,-0.350751,-0.0551026,0.579,-0.0037522,-0.0391748,0.0464056,1.123,0.0256917,0.064885,-0.997562,0.6,0,0,1.62245,1.17545,1.7865
1.11722,-1.71906,12.1775,-0.362589,0.116136,0.0289006,-0.0719495,0.0274158,-0.0594074,1.11722,-1.71906,12.1775,-0.362589,0.116136,0.0289006,-0.0719495,0.0274158,-0.0594074,-0.58803,-0.0586119,-0.0602429,0.273347,0.052697,0.121859,0.0729329,-0.389717,0.317656,0.213442,-0.087267,-0.0958095,-0.053755,-0.162995,0.0898178,0.109742,0.302714,0.0353637,0.2618,-0.0334483,-0.0317122,0.201618,0.0275134,-0.335221,-0.0424987,0.581223,-0.00254616,-0.0406793,0.044129,0,0,0,0,0,0,0,0,0,0,0,0,0,0,0,0,0,0,0,0,0,0,0,0,0,0,0,0,0,-0.702156,0.0709038,-0.160407,0.488821,0.0807889,0.108828,-0.0961292,0.415697,0.00636475,0.20741,-0.183365,-0.204733,-0.0713092,-0.122629,0.0590411,0.219592,0.215288,0.00884227,0.328883,-0.0236627,0.00110424,0.189074,0.113733,-0.229956,-0.0316571,0.664897,-0.00426617,-0.01874,0.0465623,1.69455,-0.902844,0.676891,-1.63414,1.09567,0.204461,1.30132,-1.1132,0.761235,-0.523428,-0.50981,-0.0296129,0.0665125,1.59562,-0.245257,-0.397409,0.302307,0.279854,0.103955,-0.170122,0.0341781,0.26271,-0.295386,0.320232,0.115705,0.0481061,-0.00278287,0.00862024,0.0184166,-2.26145,-0.484122,0.199306,-9.30435,-7.16447,0.228023,1.77334,-34.372,8.33684,1.00644,12.5277,0.689061,0.291196,-4.52783,1.14456,-1.33419,1.05101,0.259526,-2.119,0.0480178,-0.475768,0.0100729,-1.05608,-1.99753,-0.422644,-1.51331,0.0114001,-0.351653,-0.0192974,0,0,0,0,0,0,0,0,0,0,0,0,0,0,0,0,0,0,0,0,0,0,0,0,0,0,0,0,0,2.55789,2.55789,2.55789,6.3088,6.3088,1.81445,2.55789,2.55789,1.81445,6.3088,6.3088,0.907223,0.907223,1.81445,1.81445,0.907223,0.907223,1.81445,1.81445,0.907223,0.907223,0.907223,0.907223,0.907223,0.907223,1.06814,1.06814,1.06814,1.06814,40.1792,40.1792,40.1792,99.0984,99.0984,28.5012,40.1792,40.1792,28.5012,99.0984,99.0984,14.2506,14.2506,28.5012,28.5012,14.2506,14.2506,28.5012,28.5012,14.2506,14.2506,14.2506,14.2506,14.2506,14.2506,16.7783,16.7783,16.7783,16.7783,0,0,0,0,0,0,0,0,0,0,0,0,0,0,0,0,0,0,0,0,0,0,0,0,0,0,0,0,0,0,0,0,0,0,0,0,0,0,0,0,0,0,0,0,0,0,0,0,0,0,0,0,0,0,0,0,0,0,0,0,0,0,0,0,0,0,0,0,0,0,0,0,0,0,0,0,0,0,0,0,0,0,0,0,0,0,0,0,0,0,0,0,0,0,0,0,0,0,0,0,0,0,0,0,0,0,0,0,0,0,0,0,0,0,0,0,0,-0.0719495,0.0274158,-0.0594074,-0.205798,-0.393287,0.204794,0.234198,-0.308316,-0.371644,0.0806327,-0.0969013,-0.122567,-0.270778,-0.25204,-0.504122,0.703014,-0.0762656,-0.0341763,-0.107045,-0.711752,-0.0723069,-0.546025,-0.110023,0.724287,0.45971,0.592329,-1.12831,-1.29914,1.18547,0.689088,0.277851,-0.218455,-0.58803,-0.0586119,-0.0602429,0.273347,0.052697,0.121859,0.0729329,-0.389717,0.317656,0.213442,-0.087267,-0.0958095,-0.053755,-0.162995,0.0898178,0.109742,0.302714,0.0353637,0.2618,-0.0334483,-0.0317122,0.201618,0.0275134,-0.335221,-0.0424987,0.581223,-0.00254616,-0.0406793,0.044129,0.546,0.0274124,0.0718605,-0.997038,0.6,0,0,1.61423,1.16709,1.8353
0.83552,-0.385145,10.2585,-0.30316,0.236492,0.0238226,-0.0788106,0.03165,-0.0591768,0.83552,-0.385145,10.2585,-0.30316,0.236492,0.0238226,-0.0788106,0.03165,-0.0591768,-0.497346,-0.111385,-0.00767994,0.286006,0.034907,0.1068,0.101167,-0.273304,0.293586,0.242403,-0.0621537,-0.0481622,-0.0588103,-0.121294,0.108893,0.128736,0.299572,0.0356265,0.2618,-0.0333362,-0.034841,0.194812,0.0445724,-0.322557,-0.0309709,0.584717,-0.0012366,-0.0419758,0.0417392,0,0,0,0,0,0,0,0,0,0,0,0,0,0,0,0,0,0,0,0,0,0,0,0,0,0,0,0,0,-0.663728,0.0498051,-0.143287,0.453213,0.0918064,0.111143,-0.0702454,0.388275,0.0225029,0.199529,-0.194906,-0.204256,-0.0704181,-0.0865307,0.0510272,0.211008,0.221861,0.014007,0.329674,-0.0270265,0.00102954,0.19251,0.107723,-0.223162,-0.0274533,0.664082,-0.00400438,-0.0193152,0.0463081,1.9786,-1.14382,0.94321,-1.87963,0.255931,0.0842883,1.22563,-1.51331,0.825838,-0.335904,-0.607675,0.0576778,0.0210617,1.88394,-0.397909,-0.413861,0.33144,0.220832,-0.0162018,-0.151142,-0.0266801,0.126609,-0.268975,0.327856,0.26926,-0.132773,0.0138133,-0.0454162,-0.00905437,-1.8987,-1.55845,1.0158,-6.40942,-5.73922,0.149059,2.64645,-27.5576,6.96161,3.43858,14.3661,1.4994,0.215129,-5.49064,1.85133,-1.06966,0.857643,0.203281,-1.92746,0.0461455,-0.447482,0.0129002,-0.895552,-1.89203,-0.443427,-1.27641,0.00939544,-0.314854,-0.023293,0,0,0,0,0,0,0,0,0,0,0,0,0,0,0,0,0,0,0,0,0,0,0,0,0,0,0,0,0,2.55789,2.55789,2.55789,6.3088,6.3088,1.81445,2.55789,2.55789,1.81445,6.3088,6.3088,0.907223,0.907223,1.81445,1.81445,0.907223,0.907223,1.81445,1.81445,0.907223,0.907223,0.907223,0.907223,0.907223,0.907223,1.06814,1.06814,1.06814,1.06814,40.1792,40.1792,40.1792,99.0984,99.0984,28.5012,40.1792,40.1792,28.5012,99.0984,99.0984,14.2506,14.2506,28.5012,28.5012,14.2506,14.2506,28.5012,28.5012,14.2506,14.2506,14.2506,14.2506,14.2506,14.2506,16.7783,16.7783,16.7783,16.7783,0,0,0,0,0,0,0,0,0,0,0,0,0,0,0,0,0,0,0,0,0,0,0,0,0,0,0,0,0,0,0,0,0,0,0,0,0,0,0,0,0,0,0,0,0,0,0,0,0,0,0,0,0,0,0,0,0,0,0,0,0,0,0,0,0,0,0,0,0,0,0,0,0,0,0,0,0,0,0,0,0,0,0,0,0,0,0,0,0,0,0,0,0,0,0,0,0,0,0,0,0,0,0,0,0,0,0,0,0,0,0,0,0,0,0,0,0,-0.0788106,0.03165,-0.0591768,-0.162488,-0.35439,0.248286,0.227033,-0.279443,-0.276562,0.081232,-0.0706167,-0.134093,-0.274269,-0.205137,-0.338502,0.754579,-0.07601,-0.0165985,-0.203425,-0.499142,-0.079441,-0.563427,-0.0140261,0.669406,0.444191,0.560251,-1.0922,-1.21655,1.13473,0.857939,0.243516,-0.109815,-0.497346,-0.111385,-0.00767994,0.286006,0.034907,0.1068,0.101167,-0.273304,0.293586,0.242403,-0.0621537,-0.0481622,-0.0588103,-0.121294,0.108893,0.128736,0.299572,0.0356265,0.2618,-0.0333362,-0.034841,0.194812,0.0445724,-0.322557,-0.0309709,0.584717,-0.0012366,-0.0419758,0.0417392,0.697,0.0316447,0.0786896,-0.996397,0.6,0,0,1.59141,1.1582,1.77108
0.633964,0.442205,8.70382,-0.169455,0.293869,-0.000885142,-0.0835707,0.03758,-0.0594128,0.633964,0.442205,8.70382,-0.169455,0.293869,-0.000885142,-0.0835707,0.03758,-0.0594128,-0.433079,-0.158984,0.0383545,0.314847,0.00418561,0.105662,0.138542,-0.211387,0.274719,0.269783,0.0202987,0.000290168,-0.0680807,-0.0709857,0.112506,0.15368,0.288488,0.0340736,0.2618,-0.0281235,-0.0373139,0.182117,0.0557882,-0.307079,-0.0184508,0.586263,-0.000828096,-0.0429881,0.0405122,0,0,0,0,0,0,0,0,0,0,0,0,0,0,0,0,0,0,0,0,0,0,0,0,0,0,0,0,0,-0.62273,0.0271521,-0.1225,0.417054,0.0895254,0.111201,-0.0451275,0.35683,0.0400536,0.19441,-0.207284,-0.202572,-0.0715958,-0.0493505,0.0403622,0.202699,0.227872,0.01804,0.327852,-0.0294903,-0.000681698,0.193198,0.10203,-0.217537,-0.0207603,0.659903,-0.00344241,-0.0210346,0.0456332,2.00982,-1.09868,1.0764,-1.74551,-0.258529,-0.0285325,1.21774,-1.57206,0.909287,-0.219574,-0.620397,0.0973651,-0.124732,1.77879,-0.518806,-0.382248,0.267236,0.165791,-0.137019,-0.102482,-0.118183,-0.000421916,-0.269016,0.232339,0.363099,-0.26731,0.026601,-0.100357,-0.027672,-0.0187902,-2.82107,1.94037,-2.20251,-3.93047,-0.0824398,2.80548,-21.4031,5.63151,6.10291,18.1959,2.11463,0.281817,-5.22927,2.91321,-0.706269,0.777911,0.193378,-1.65415,0.0390591,-0.386685,0.0210718,-0.575444,-1.71226,-0.463859,-0.997034,0.00817999,-0.249112,-0.0327447,0,0,0,0,0,0,0,0,0,0,0,0,0,0,0,0,0,0,0,0,0,0,0,0,0,0,0,0,0,2.55789,2.55789,2.55789,6.3088,6.3088,1.81445,2.55789,2.55789,1.81445,6.3088,6.3088,0.907223,0.907223,1.81445,1.81445,0.907223,0.907223,1.81445,1.81445,0.907223,0.907223,0.907223,0.907223,0.907223,0.907223,1.06814,1.06814,1.06814,1.06814,40.1792,40.1792,40.1792,99.0984,99.0984,28.5012,40.1792,40.1792,28.5012,99.0984,99.0984,14.2506,14.2506,28.5012,28.5012,14.2506,14.2506,28.5012,28.5012,14.2506,14.2506,14.2506,14.2506,14.2506,14.2506,16.7783,16.7783,16.7783,16.7783,0,0,0,0,0,0,0,0,0,0,0,0,0,0,0,0,0,0,0,0,0,0,0,0,0,0,0,0,0,0,0,0,0,0,0,0,0,0,0,0,0,0,0,0,0,0,0,0,0,0,0,0,0,0,0,0,0,0,0,0,0,0,0,0,0,0,0,0,0,0,0,0,0,0,0,0,0,0,0,0,0,0,0,0,0,0,0,0,0,0,0,0,0,0,0,0,0,0,0,0,0,0,0,0,0,0,0,0,0,0,0,0,0,0,0,0,0,-0.0835707,0.03758,-0.0594128,-0.105614,-0.328817,0.256524,0.201762,-0.24415,-0.161855,0.0776912,-0.0420696,-0.155231,-0.270259,-0.184387,-0.22113,0.822839,-0.0641244,-0.0111153,-0.290357,-0.386062,-0.0850794,-0.577014,0.070048,0.626387,0.415244,0.543782,-1.00996,-1.13847,1.04712,1.09307,0.24092,0.000661613,-0.433079,-0.158984,0.0383545,0.314847,0.00418561,0.105662,0.138542,-0.211387,0.274719,0.269783,0.0202987,0.000290168,-0.0680807,-0.0709857,0.112506,0.15368,0.288488,0.0340736,0.2618,-0.0281235,-0.0373139,0.182117,0.0557882,-0.307079,-0.0184508,0.586263,-0.000828096,-0.0429881,0.0405122,0.702,0.0375712,0.0834146,-0.995806,0.6,0,0,1.59141,1.1582,1.77108
0.305752,0.756462,8.35997,-0.0209119,0.330109,-0.050915,-0.0854324,0.0443221,-0.0605207,0.305752,0.756462,8.35997,-0.0209119,0.330109,-0.050915,-0.0854324,0.0443221,-0.0605207,-0.363621,-0.190666,0.0781492,0.333039,-0.0223917,0.105095,0.151383,-0.149227,0.23776,0.28814,0.0646072,0.0256014,-0.0781318,-0.00808348,0.106201,0.174424,0.283367,0.0353289,0.2618,-0.0200985,-0.0454708,0.166929,0.0666199,-0.267766,0.00605742,0.588071,-0.000256011,-0.0455001,0.0408398,0,0,0,0,0,0,0,0,0,0,0,0,0,0,0,0,0,0,0,0,0,0,0,0,0,0,0,0,0,-0.583702,0.00763167,-0.0999216,0.388688,0.0758455,0.111947,-0.0186407,0.327272,0.0600059,0.188476,-0.216673,-0.200619,-0.0753889,-0.0175125,0.0272921,0.195328,0.231753,0.0211989,0.324214,-0.0299586,-0.00390357,0.190634,0.0956695,-0.213996,-0.0129872,0.654343,-0.00287876,-0.0234353,0.0447992,1.85636,-0.859976,1.13053,-1.25387,-0.743158,0.0506681,1.31856,-1.37036,1.10707,-0.319635,-0.376185,0.123421,-0.251232,1.41241,-0.640478,-0.322326,0.13669,0.121199,-0.20634,0.000256402,-0.178821,-0.162878,-0.324823,0.131392,0.392629,-0.2877,0.0240781,-0.118198,-0.033813,1.36203,-4.50797,2.72995,0.528802,-2.48953,-0.2775,2.99916,-18.1813,4.22559,10.0161,25.8545,2.76022,0.315727,-4.08306,3.60152,-0.296181,0.676701,0.135721,-1.42068,0.0269063,-0.319811,0.0229055,-0.279142,-1.45095,-0.426056,-0.846565,0.00824534,-0.204096,-0.0333959,0,0,0,0,0,0,0,0,0,0,0,0,0,0,0,0,0,0,0,0,0,0,0,0,0,0,0,0,0,2.55789,2.55789,2.55789,6.3088,6.3088,1.81445,2.55789,2.55789,1.81445,6.3088,6.3088,0.907223,0.907223,1.81445,1.81445,0.907223,0.907223,1.81445,1.81445,0.907223,0.907223,0.907223,0.907223,0.907223,0.907223,1.06814,1.06814,1.06814,1.06814,40.1792,40.1792,40.1792,99.0984,99.0984,28.5012,40.1792,40.1792,28.5012,99.0984,99.0984,14.2506,14.2506,28.5012,28.5012,14.2506,14.2506,28.5012,28.5012,14.2506,14.2506,14.2506,14.2506,14.2506,14.2506,16.7783,16.7783,16.7783,16.7783,0,0,0,0,0,0,0,0,0,0,0,0,0,0,0,0,0,0,0,0,0,0,0,0,0,0,0,0,0,0,0,0,0,0,0,0,0,0,0,0,0,0,0,0,0,0,0,0,0,0,0,0,0,0,0,0,0,0,0,0,0,0,0,0,0,0,0,0,0,0,0,0,0,0,0,0,0,0,0,0,0,0,0,0,0,0,0,0,0,0,0,0,0,0,0,0,0,0,0,0,0,0,0,0,0,0,0,0,0,0,0,0,0,0,0,0,0,-0.0854324,0.0443221,-0.0605207,-0.0583165,-0.30412,0.24215,0.190086,-0.154513,-0.0184311,0.0805534,0.0138115,-0.178148,-0.248461,-0.160113,-0.0942776,0.846291,-0.0458265,-0.00343635,-0.348218,-0.272538,-0.103678,-0.610733,0.142726,0.542116,0.380615,0.548179,-0.958078,-1.08612,0.971331,1.21943,0.239628,0.0583738,-0.363621,-0.190666,0.0781492,0.333039,-0.0223917,0.105095,0.151383,-0.149227,0.23776,0.28814,0.0646072,0.0256014,-0.0781318,-0.00808348,0.106201,0.174424,0.283367,0.0353289,0.2618,-0.0200985,-0.0454708,0.166929,0.0666199,-0.267766,0.00605742,0.588071,-0.000256011,-0.0455001,0.0408398,0.486,0.0443076,0.0852447,-0.995374,0.6,0,0,1.57717,1.15005,1.77323
0.224502,0.268495,8.72443,0.056193,0.346446,-0.1165,-0.0850931,0.0514349,-0.0629322,0.224502,0.268495,8.72443,0.056193,0.346446,-0.1165,-0.0850931,0.0514349,-0.0629322,-0.31532,-0.219382,0.103861,0.350716,-0.0384767,0.11084,0.148704,-0.125764,0.208088,0.309387,0.111219,0.0513978,-0.0869887,0.017166,0.0868236,0.194651,0.290339,0.0429877,0.2618,-0.0118041,-0.0481241,0.154905,0.0753217,-0.257349,0.0140806,0.588768,-6.17401e-05,-0.0478492,0.04029,0,0,0,0,0,0,0,0,0,0,0,0,0,0,0,0,0,0,0,0,0,0,0,0,0,0,0,0,0,-0.5475,-0.0060073,-0.076693,0.369182,0.0564645,0.113851,0.00866322,0.302805,0.0825599,0.182719,-0.221151,-0.196165,-0.0808491,0.00653644,0.0119815,0.189608,0.233171,0.0238403,0.319763,-0.0280895,-0.00909557,0.184696,0.0880817,-0.211403,-0.00433286,0.649532,-0.00230452,-0.0262319,0.0438912,1.7321,-0.539152,1.13862,-0.834335,-0.94085,0.0905388,1.32566,-1.09,1.11011,-0.239821,-0.114514,0.32397,-0.285175,1.02198,-0.754636,-0.229841,0.0298092,0.100894,-0.22794,0.110359,-0.282336,-0.319713,-0.378691,0.139604,0.446138,-0.216758,0.024974,-0.131634,-0.0355711,3.02042,-6.01668,3.36113,1.67651,-1.91705,-0.422471,2.39152,-15.386,2.45797,11.9872,29.134,2.89556,0.28979,-2.28575,4.05563,0.00049867,0.681316,0.132008,-1.24907,0.0148107,-0.268107,0.0330017,0.0339449,-0.922994,-0.24597,-0.803075,0.00722809,-0.182974,-0.0105673,0,0,0,0,0,0,0,0,0,0,0,0,0,0,0,0,0,0,0,0,0,0,0,0,0,0,0,0,0,2.55789,2.55789,2.55789,6.3088,6.3088,1.81445,2.55789,2.55789,1.81445,6.3088,6.3088,0.907223,0.907223,1.81445,1.81445,0.907223,0.907223,1.81445,1.81445,0.907223,0.907223,0.907223,0.907223,0.907223,0.907223,1.06814,1.06814,1.06814,1.06814,40.1792,40.1792,40.1792,99.0984,99.0984,28.5012,40.1792,40.1792,28.5012,99.0984,99.0984,14.2506,14.2506,28.5012,28.5012,14.2506,14.2506,28.5012,28.5012,14.2506,14.2506,14.2506,14.2506,14.2506,14.2506,16.7783,16.7783,16.7783,16.7783,0,0,0,0,0,0,0,0,0,0,0,0,0,0,0,0,0,0,0,0,0,0,0,0,0,0,0,0,0,0,0,0,0,0,0,0,0,0,0,0,0,0,0,0,0,0,0,0,0,0,0,0,0,0,0,0,0,0,0,0,0,0,0,0,0,0,0,0,0,0,0,0,0,0,0,0,0,0,0,0,0,0,0,0,0,0,0,0,0,0,0,0,0,0,0,0,0,0,0,0,0,0,0,0,0,0,0,0,0,0,0,0,0,0,0,0,0,-0.0850931,0.0514349,-0.0629322,-0.0121961,-0.284279,0.197966,0.205982,-0.13076,0.0391403,0.0980162,0.0321052,-0.198343,-0.226008,-0.150757,-0.00606311,0.841396,-0.0269145,-0.000828717,-0.400664,-0.229687,-0.109728,-0.642264,0.189685,0.474462,0.353198,0.5408,-0.907667,-1.02553,0.92546,1.35236,0.252726,0.117192,-0.31532,-0.219382,0.103861,0.350716,-0.0384767,0.11084,0.148704,-0.125764,0.208088,0.309387,0.111219,0.0513978,-0.0869887,0.017166,0.0868236,0.194651,0.290339,0.0429877,0.2618,-0.0118041,-0.0481241,0.154905,0.0753217,-0.257349,0.0140806,0.588768,-6.17401e-05,-0.0478492,0.04029,1.079,0.0514122,0.0848781,-0.995064,0.6,0,0,1.57717,1.15005,1.77323
0.243451,-0.0784203,9.07915,0.0960248,0.344858,-0.16516,-0.0836735,0.0584777,-0.0664856,0.243451,-0.0784203,9.07915,0.0960248,0.344858,-0.16516,-0.0836735,0.0584777,-0.0664856,-0.271743,-0.240409,0.124679,0.374622,-0.0419049,0.12195,0.133579,-0.129013,0.191209,0.320968,0.162749,0.0754222,-0.0918752,0.0279083,0.0648915,0.217081,0.302721,0.0525146,0.2618,-0.00442053,-0.0494787,0.148367,0.0824053,-0.268225,0.00873093,0.588772,0.000185799,-0.0501519,0.0402941,0,0,0,0,0,0,0,0,0,0,0,0,0,0,0,0,0,0,0,0,0,0,0,0,0,0,0,0,0,-0.514107,-0.0132766,-0.0551116,0.357209,0.0360703,0.11734,0.0345814,0.284697,0.101591,0.180031,-0.219728,-0.186367,-0.0858203,0.0221837,-0.00470168,0.186,0.232519,0.0265479,0.315198,-0.0242905,-0.0148788,0.176485,0.0803171,-0.207929,0.00451337,0.645859,-0.00183268,-0.0290699,0.043135,1.59543,-0.236729,0.997296,-0.479008,-0.944258,0.184292,1.22172,-0.758319,0.820089,-0.0393368,0.193845,0.620669,-0.219729,0.602478,-0.811891,-0.120045,-0.0610329,0.11842,-0.218933,0.192383,-0.275484,-0.4051,-0.357439,0.207235,0.430354,-0.164455,0.0202277,-0.132617,-0.0300639,3.97233,-7.63984,3.85742,2.40853,-1.44719,-0.520623,1.49547,-14.5384,1.54811,13.1819,31.7284,2.86578,0.183216,-1.26395,4.0764,0.244007,0.874321,0.245215,-1.13003,0.00390255,-0.225957,0.0577942,0.255122,-0.878806,-0.245885,-0.783368,0.00789575,-0.173759,-0.0139544,0,0,0,0,0,0,0,0,0,0,0,0,0,0,0,0,0,0,0,0,0,0,0,0,0,0,0,0,0,2.55789,2.55789,2.55789,6.3088,6.3088,1.81445,2.55789,2.55789,1.81445,6.3088,6.3088,0.907223,0.907223,1.81445,1.81445,0.907223,0.907223,1.81445,1.81445,0.907223,0.907223,0.907223,0.907223,0.907223,0.907223,1.06814,1.06814,1.06814,1.06814,40.1792,40.1792,40.1792,99.0984,99.0984,28.5012,40.1792,40.1792,28.5012,99.0984,99.0984,14.2506,14.2506,28.5012,28.5012,14.2506,14.2506,28.5012,28.5012,14.2506,14.2506,14.2506,14.2506,14.2506,14.2506,16.7783,16.7783,16.7783,16.7783,0,0,0,0,0,0,0,0,0,0,0,0,0,0,0,0,0,0,0,0,0,0,0,0,0,0,0,0,0,0,0,0,0,0,0,0,0,0,0,0,0,0,0,0,0,0,0,0,0,0,0,0,0,0,0,0,0,0,0,0,0,0,0,0,0,0,0,0,0,0,0,0,0,0,0,0,0,0,0,0,0,0,0,0,0,0,0,0,0,0,0,0,0,0,0,0,0,0,0,0,0,0,0,0,0,0,0,0,0,0,0,0,0,0,0,0,0,-0.0836735,0.0584777,-0.0664856,0.0389465,-0.268128,0.147959,0.234215,-0.15556,0.0636337,0.119739,0.0199074,-0.209485,-0.205852,-0.150709,0.0735224,0.813773,-0.0100793,0.00249391,-0.439067,-0.23562,-0.112816,-0.673172,0.227705,0.435975,0.338293,0.540854,-0.839493,-0.9925,0.915684,1.49931,0.278058,0.17197,-0.271743,-0.240409,0.124679,0.374622,-0.0419049,0.12195,0.133579,-0.129013,0.191209,0.320968,0.162749,0.0754222,-0.0918752,0.0279083,0.0648915,0.217081,0.302721,0.0525146,0.2618,-0.00442053,-0.0494787,0.148367,0.0824053,-0.268225,0.00873093,0.588772,0.000185799,-0.0501519,0.0402941,0.984,0.0584443,0.083433,-0.994798,0.6,0,0,1.56747,1.14785,1.73901
0.476502,-0.354111,9.34508,0.104544,0.317964,-0.19031,-0.0818318,0.0650904,-0.0707148,0.476502,-0.354111,9.34508,0.104544,0.317964,-0.19031,-0.0818318,0.0650904,-0.0707148,-0.224452,-0.263763,0.140256,0.386759,-0.040254,0.132276,0.117062,-0.135933,0.175215,0.334971,0.19814,0.0967152,-0.0917401,0.0194436,0.051747,0.233874,0.313567,0.0591707,0.2618,0.00159951,-0.0520854,0.13577,0.0923908,-0.276652,0.00754678,0.588948,0.000722888,-0.0517563,0.0404977,0,0,0,0,0,0,0,0,0,0,0,0,0,0,0,0,0,0,0,0,0,0,0,0,0,0,0,0,0,-0.483481,-0.0146355,-0.0371071,0.351482,0.0178651,0.123933,0.058445,0.273689,0.114378,0.18065,-0.211464,-0.171123,-0.0887446,0.0294795,-0.0217242,0.185017,0.230462,0.0296168,0.311022,-0.0193374,-0.0200548,0.167951,0.073948,-0.203031,0.0121553,0.643042,-0.00144399,-0.0318653,0.0428355,1.46063,0.0427684,0.796639,-0.184653,-0.816341,0.349087,1.12504,-0.394336,0.547282,0.109776,0.545238,0.842972,-0.0940384,0.207252,-0.810621,0.0250185,-0.110797,0.142655,-0.194256,0.237792,-0.236053,-0.394583,-0.25542,0.27558,0.348787,-0.12271,0.0175673,-0.130817,-0.00824896,4.8365,-9.13421,4.46107,3.51688,-0.776583,-0.68462,0.17422,-15.1288,1.20394,13.3547,33.8649,2.78318,0.0480615,-0.455953,3.93533,0.451905,1.12877,0.389256,-1.05277,-0.00301339,-0.205719,0.0785284,0.362551,-1.16461,-0.360814,-0.77852,0.00860559,-0.167409,-0.0331439,0,0,0,0,0,0,0,0,0,0,0,0,0,0,0,0,0,0,0,0,0,0,0,0,0,0,0,0,0,2.55789,2.55789,2.55789,6.3088,6.3088,1.81445,2.55789,2.55789,1.81445,6.3088,6.3088,0.907223,0.907223,1.81445,1.81445,0.907223,0.907223,1.81445,1.81445,0.907223,0.907223,0.907223,0.907223,0.907223,0.907223,1.06814,1.06814,1.06814,1.06814,40.1792,40.1792,40.1792,99.0984,99.0984,28.5012,40.1792,40.1792,28.5012,99.0984,99.0984,14.2506,14.2506,28.5012,28.5012,14.2506,14.2506,28.5012,28.5012,14.2506,14.2506,14.2506,14.2506,14.2506,14.2506,16.7783,16.7783,16.7783,16.7783,0,0,0,0,0,0,0,0,0,0,0,0,0,0,0,0,0,0,0,0,0,0,0,0,0,0,0,0,0,0,0,0,0,0,0,0,0,0,0,0,0,0,0,0,0,0,0,0,0,0,0,0,0,0,0,0,0,0,0,0,0,0,0,0,0,0,0,0,0,0,0,0,0,0,0,0,0,0,0,0,0,0,0,0,0,0,0,0,0,0,0,0,0,0,0,0,0,0,0,0,0,0,0,0,0,0,0,0,0,0,0,0,0,0,0,0,0,-0.0818318,0.0650904,-0.0707148,0.077236,-0.24536,0.117988,0.258944,-0.174773,0.0443333,0.134915,0.0172074,-0.209177,-0.193075,-0.148346,0.159891,0.783609,0.00364703,0.00970308,-0.481717,-0.248259,-0.11876,-0.694707,0.256154,0.399508,0.309569,0.543587,-0.804882,-0.95257,0.920392,1.60023,0.301603,0.22052,-0.224452,-0.263763,0.140256,0.386759,-0.040254,0.132276,0.117062,-0.135933,0.175215,0.334971,0.19814,0.0967152,-0.0917401,0.0194436,0.051747,0.233874,0.313567,0.0591707,0.2618,0.00159951,-0.0520854,0.13577,0.0923908,-0.276652,0.00754678,0.588948,0.000722888,-0.0517563,0.0404977,0.699,0.0650444,0.0815674,-0.994543,0.6,0,0,1.56747,1.14785,1.73901
0.780923,-0.667635,9.54278,0.0816392,0.255167,-0.187636,-0.0802096,0.0707323,-0.0750423,0.780923,-0.667635,9.54278,0.0816392,0.255167,-0.187636,-0.0802096,0.0707323,-0.0750423,-0.151248,-0.286452,0.146502,0.392303,-0.0310611,0.145465,0.0816045,-0.123179,0.163321,0.357745,0.217026,0.120017,-0.0844886,-0.00727323,0.0477767,0.245553,0.322558,0.0637717,0.2618,0.00616735,-0.0614422,0.122133,0.111888,-0.290102,0.00312578,0.589959,0.00139716,-0.0529165,0.0401645,0,0,0,0,0,0,0,0,0,0,0,0,0,0,0,0,0,0,0,0,0,0,0,0,0,0,0,0,0,-0.454436,-0.0116318,-0.023478,0.349344,0.00375573,0.133021,0.0800292,0.269058,0.121596,0.185293,-0.197508,-0.152545,-0.0892348,0.030393,-0.0381868,0.187134,0.228244,0.0328691,0.307707,-0.0139723,-0.0246028,0.158528,0.0704689,-0.197074,0.0186504,0.640994,-0.0010138,-0.0344477,0.0428039,1.41816,0.21127,0.572554,-0.0607812,-0.620151,0.455193,1.0072,-0.121444,0.220659,0.334897,0.792304,0.981832,0.0253682,-0.05017,-0.76925,0.185257,-0.0903705,0.144168,-0.141689,0.250862,-0.204934,-0.458362,-0.0830021,0.317545,0.308,-0.0809853,0.0199462,-0.117551,0.00292113,5.69294,-10.6335,5.0979,4.12509,-0.457431,-0.838821,-1.06137,-15.9222,1.09431,12.9167,34.4548,2.69599,-0.0489294,-0.248067,3.95943,0.521082,1.30151,0.483224,-1.04932,-0.00559264,-0.204907,0.0894526,0.407443,-1.4085,-0.432093,-0.783069,0.00776191,-0.164455,-0.0408921,0,0,0,0,0,0,0,0,0,0,0,0,0,0,0,0,0,0,0,0,0,0,0,0,0,0,0,0,0,2.55789,2.55789,2.55789,6.3088,6.3088,1.81445,2.55789,2.55789,1.81445,6.3088,6.3088,0.907223,0.907223,1.81445,1.81445,0.907223,0.907223,1.81445,1.81445,0.907223,0.907223,0.907223,0.907223,0.907223,0.907223,1.06814,1.06814,1.06814,1.06814,40.1792,40.1792,40.1792,99.0984,99.0984,28.5012,40.1792,40.1792,28.5012,99.0984,99.0984,14.2506,14.2506,28.5012,28.5012,14.2506,14.2506,28.5012,28.5012,14.2506,14.2506,14.2506,14.2506,14.2506,14.2506,16.7783,16.7783,16.7783,16.7783,0,0,0,0,0,0,0,0,0,0,0,0,0,0,0,0,0,0,0,0,0,0,0,0,0,0,0,0,0,0,0,0,0,0,0,0,0,0,0,0,0,0,0,0,0,0,0,0,0,0,0,0,0,0,0,0,0,0,0,0,0,0,0,0,0,0,0,0,0,0,0,0,0,0,0,0,0,0,0,0,0,0,0,0,0,0,0,0,0,0,0,0,0,0,0,0,0,0,0,0,0,0,0,0,0,0,0,0,0,0,0,0,0,0,0,0,0,-0.0802096,0.0707323,-0.0750423,0.103866,-0.200905,0.108936,0.279444,-0.205443,-0.0165837,0.145406,0.00712708,-0.192642,-0.18701,-0.134772,0.293585,0.718851,0.0140622,0.0187536,-0.523155,-0.224966,-0.140094,-0.710281,0.267561,0.372388,0.278475,0.539115,-0.789072,-0.887622,0.946608,1.65409,0.331674,0.273652,-0.151248,-0.286452,0.146502,0.392303,-0.0310611,0.145465,0.0816045,-0.123179,0.163321,0.357745,0.217026,0.120017,-0.0844886,-0.00727323,0.0477767,0.245553,0.322558,0.0637717,0.2618,0.00616735,-0.0614422,0.122133,0.111888,-0.290102,0.00312578,0.589959,0.00139716,-0.0529165,0.0401645,0.683,0.0706733,0.0799232,-0.994292,0.6,0,0,1.56037,1.14944,1.80709
0.939032,-0.733522,9.62302,0.0613736,0.163585,-0.159185,-0.0790242,0.074819,-0.0788729,0.939032,-0.733522,9.62302,0.0613736,0.163585,-0.159185,-0.0790242,0.074819,-0.0788729,-0.0277724,-0.30218,0.132074,0.393492,-0.0304286,0.161888,-0.00176945,-0.0622929,0.145804,0.39388,0.198381,0.139755,-0.0684444,-0.0353997,0.0576317,0.257326,0.326121,0.0701775,0.2618,0.00677754,-0.0757298,0.112279,0.154896,-0.303911,-0.00504879,0.59209,0.00220565,-0.0542919,0.0387096,0,0,0,0,0,0,0,0,0,0,0,0,0,0,0,0,0,0,0,0,0,0,0,0,0,0,0,0,0,-0.425113,-0.00655235,-0.0145115,0.347744,-0.0046248,0.143928,0.0983038,0.268811,0.12257,0.196848,-0.180207,-0.130645,-0.0881875,0.0273257,-0.0535677,0.192373,0.22681,0.0358704,0.305882,-0.00875005,-0.0296855,0.147816,0.0711377,-0.190752,0.0242498,0.639447,-0.000526188,-0.0367135,0.0429214,1.46727,0.264018,0.328352,-0.067669,-0.346525,0.542973,0.828783,0.0586416,-0.0773863,0.737506,0.92282,1.15188,0.0824464,-0.211508,-0.714405,0.338324,-0.0432192,0.129189,-0.0655082,0.240511,-0.247851,-0.51956,0.144386,0.314963,0.259774,-0.0589627,0.0227446,-0.104035,0.00774079,7.34826,-11.9045,5.59717,4.86705,-0.419009,-0.931916,-2.77339,-15.8671,1.25448,11.5916,33.7961,2.56476,-0.0120557,-0.625221,4.18695,0.47785,1.40963,0.556448,-1.13374,-0.00542583,-0.22752,0.102947,0.478721,-1.69199,-0.53289,-0.761656,0.00790838,-0.160424,-0.0539167,0,0,0,0,0,0,0,0,0,0,0,0,0,0,0,0,0,0,0,0,0,0,0,0,0,0,0,0,0,2.55789,2.55789,2.55789,6.3088,6.3088,1.81445,2.55789,2.55789,1.81445,6.3088,6.3088,0.907223,0.907223,1.81445,1.81445,0.907223,0.907223,1.81445,1.81445,0.907223,0.907223,0.907223,0.907223,0.907223,0.907223,1.06814,1.06814,1.06814,1.06814,40.1792,40.1792,40.1792,99.0984,99.0984,28.5012,40.1792,40.1792,28.5012,99.0984,99.0984,14.2506,14.2506,28.5012,28.5012,14.2506,14.2506,28.5012,28.5012,14.2506,14.2506,14.2506,14.2506,14.2506,14.2506,16.7783,16.7783,16.7783,16.7783,0,0,0,0,0,0,0,0,0,0,0,0,0,0,0,0,0,0,0,0,0,0,0,0,0,0,0,0,0,0,0,0,0,0,0,0,0,0,0,0,0,0,0,0,0,0,0,0,0,0,0,0,0,0,0,0,0,0,0,0,0,0,0,0,0,0,0,0,0,0,0,0,0,0,0,0,0,0,0,0,0,0,0,0,0,0,0,0,0,0,0,0,0,0,0,0,0,0,0,0,0,0,0,0,0,0,0,0,0,0,0,0,0,0,0,0,0,-0.0790242,0.074819,-0.0788729,0.130709,-0.102841,0.131406,0.287568,-0.236928,-0.0807149,0.160012,-0.0115118,-0.15606,-0.169845,-0.106179,0.519093,0.566583,0.0154535,0.0296057,-0.55188,-0.113767,-0.172672,-0.728742,0.24121,0.332449,0.256006,0.519586,-0.78568,-0.784575,0.948412,1.60092,0.369121,0.318654,-0.0277724,-0.30218,0.132074,0.393492,-0.0304286,0.161888,-0.00176945,-0.0622929,0.145804,0.39388,0.198381,0.139755,-0.0684444,-0.0353997,0.0576317,0.257326,0.326121,0.0701775,0.2618,0.00677754,-0.0757298,0.112279,0.154896,-0.303911,-0.00504879,0.59209,0.00220565,-0.0542919,0.0387096,0.656,0.0747492,0.0787211,-0.99409,0.6,0,0,1.55205,1.15231,1.75149
1.11389,-0.686922,9.40049,0.0497515,0.019856,-0.113934,-0.0781279,0.0765259,-0.0817479,1.11389,-0.686922,9.40049,0.0497515,0.019856,-0.113934,-0.0781279,0.0765259,-0.0817479,0.0969149,-0.279395,0.0747688,0.399439,-0.0589851,0.17561,-0.125508,0.0663022,0.127342,0.45477,0.122754,0.152461,-0.0451661,-0.0676116,0.0832632,0.271495,0.318411,0.0721655,0.2618,0.00299962,-0.095744,0.106914,0.212447,-0.351743,-0.0236172,0.593171,0.00280494,-0.0548282,0.034627,0,0,0,0,0,0,0,0,0,0,0,0,0,0,0,0,0,0,0,0,0,0,0,0,0,0,0,0,0,-0.394438,-0.00252922,-0.0114894,0.344976,-0.00970223,0.156091,0.110559,0.270693,0.118493,0.220988,-0.163437,-0.104615,-0.0872471,0.0226193,-0.0668638,0.200781,0.226219,0.0390522,0.305373,-0.00458156,-0.0364101,0.136777,0.0773165,-0.18478,0.0284267,0.637727,2.30783e-05,-0.0388596,0.0429356,1.56422,0.143844,-0.00764568,-0.155576,-0.219713,0.619931,0.494989,0.122812,-0.313846,1.46132,0.832473,1.3472,0.0521638,-0.256667,-0.597989,0.494,-0.00811814,0.154821,-0.00735453,0.18231,-0.340213,-0.513813,0.44945,0.280201,0.174052,-0.0804384,0.0263906,-0.106379,-0.00273486,10.8563,-12.4244,5.711,5.77777,-0.678504,-0.931623,-5.77768,-13.6707,1.28699,8.3765,30.8275,2.29707,0.228612,-1.2079,4.64126,0.388067,1.43676,0.607077,-1.22434,-0.00350453,-0.252829,0.116758,0.739483,-1.94769,-0.63498,-0.67459,0.00853182,-0.146279,-0.0682819,0,0,0,0,0,0,0,0,0,0,0,0,0,0,0,0,0,0,0,0,0,0,0,0,0,0,0,0,0,2.55789,2.55789,2.55789,6.3088,6.3088,1.81445,2.55789,2.55789,1.81445,6.3088,6.3088,0.907223,0.907223,1.81445,1.81445,0.907223,0.907223,1.81445,1.81445,0.907223,0.907223,0.907223,0.907223,0.907223,0.907223,1.06814,1.06814,1.06814,1.06814,40.1792,40.1792,40.1792,99.0984,99.0984,28.5012,40.1792,40.1792,28.5012,99.0984,99.0984,14.2506,14.2506,28.5012,28.5012,14.2506,14.2506,28.5012,28.5012,14.2506,14.2506,14.2506,14.2506,14.2506,14.2506,16.7783,16.7783,16.7783,16.7783,0,0,0,0,0,0,0,0,0,0,0,0,0,0,0,0,0,0,0,0,0,0,0,0,0,0,0,0,0,0,0,0,0,0,0,0,0,0,0,0,0,0,0,0,0,0,0,0,0,0,0,0,0,0,0,0,0,0,0,0,0,0,0,0,0,0,0,0,0,0,0,0,0,0,0,0,0,0,0,0,0,0,0,0,0,0,0,0,0,0,0,0,0,0,0,0,0,0,0,0,0,0,0,0,0,0,0,0,0,0,0,0,0,0,0,0,0,-0.0781279,0.0765259,-0.0817479,0.163015,0.0283802,0.189848,0.269989,-0.34599,-0.154161,0.164544,-0.0538496,-0.102983,-0.147884,-0.0916612,0.746813,0.340596,0.00683943,0.0376498,-0.510268,0.12109,-0.218306,-0.73594,0.136552,0.290352,0.243775,0.464787,-0.768721,-0.610931,0.866976,1.38525,0.400409,0.347627,0.0969149,-0.279395,0.0747688,0.399439,-0.0589851,0.17561,-0.125508,0.0663022,0.127342,0.45477,0.122754,0.152461,-0.0451661,-0.0676116,0.0832632,0.271495,0.318411,0.0721655,0.2618,0.00299962,-0.095744,0.106914,0.212447,-0.351743,-0.0236172,0.593171,0.00280494,-0.0548282,0.034627,1.276,0.0764512,0.07782,-0.994032,0.6,0,0,1.55205,1.15231,1.75149
0.84597,-0.45789,8.8039,0.0716549,-0.195312,-0.0518584,-0.0770391,0.0743924,-0.0831921,0.84597,-0.45789,8.8039,0.0716549,-0.195312,-0.0518584,-0.0770391,0.0743924,-0.0831921,0.25971,-0.0876889,-0.119769,0.388495,-0.137881,0.209751,-0.349498,0.266248,0.0773285,0.555308,-0.087267,0.103592,-0.011695,-0.136645,0.122387,0.281601,0.303253,0.0535767,0.2618,0.00121069,-0.126654,0.0910192,0.281508,-0.429245,-0.0485457,0.593921,0.00323872,-0.0524464,0.0247321,0,0,0,0,0,0,0,0,0,0,0,0,0,0,0,0,0,0,0,0,0,0,0,0,0,0,0,0,0,-0.365494,-0.00338122,-0.0171888,0.343867,-0.0173221,0.166723,0.111082,0.272716,0.111578,0.265368,-0.152281,-0.0738329,-0.0879309,0.0182437,-0.0745878,0.21263,0.226223,0.0422766,0.305727,-0.0024,-0.0458169,0.12698,0.0908411,-0.18086,0.0311179,0.634743,0.000585265,-0.0409324,0.042415,1.43438,-0.165893,-0.48661,-0.0154135,-0.353717,0.543082,-0.150634,0.103325,-0.40267,2.57011,0.495717,1.56241,-0.043933,-0.226555,-0.290254,0.658161,0.00542308,0.155097,0.0220227,0.0831725,-0.486517,-0.437915,0.835809,0.117475,0.0959347,-0.158946,0.0262038,-0.109229,-0.0321842,15.0376,-10.7291,4.81722,5.65464,-1.87637,-0.688589,-9.14289,-8.54796,1.12324,3.20963,24.314,1.84153,0.656106,-2.05621,5.03732,0.272921,1.31142,0.573456,-1.28991,0.00154593,-0.274195,0.112461,1.02657,-2.55295,-0.871764,-0.52336,0.00931555,-0.119429,-0.0971424,0,0,0,0,0,0,0,0,0,0,0,0,0,0,0,0,0,0,0,0,0,0,0,0,0,0,0,0,0,2.55789,2.55789,2.55789,6.3088,6.3088,1.81445,2.55789,2.55789,1.81445,6.3088,6.3088,0.907223,0.907223,1.81445,1.81445,0.907223,0.907223,1.81445,1.81445,0.907223,0.907223,0.907223,0.907223,0.907223,0.907223,1.06814,1.06814,1.06814,1.06814,40.1792,40.1792,40.1792,99.0984,99.0984,28.5012,40.1792,40.1792,28.5012,99.0984,99.0984,14.2506,14.2506,28.5012,28.5012,14.2506,14.2506,28.5012,28.5012,14.2506,14.2506,14.2506,14.2506,14.2506,14.2506,16.7783,16.7783,16.7783,16.7783,0,0,0,0,0,0,0,0,0,0,0,0,0,0,0,0,0,0,0,0,0,0,0,0,0,0,0,0,0,0,0,0,0,0,0,0,0,0,0,0,0,0,0,0,0,0,0,0,0,0,0,0,0,0,0,0,0,0,0,0,0,0,0,0,0,0,0,0,0,0,0,0,0,0,0,0,0,0,0,0,0,0,0,0,0,0,0,0,0,0,0,0,0,0,0,0,0,0,0,0,0,0,0,0,0,0,0,0,0,0,0,0,0,0,0,0,0,-0.0770391,0.0743924,-0.0831921,0.186059,0.185846,0.279054,0.235428,-0.522701,-0.311563,0.12216,-0.110689,-0.0266659,-0.119023,-0.0815987,1.04413,-0.0684846,0.0027605,0.0434722,-0.160149,0.486256,-0.288784,-0.70397,-0.218737,0.176317,0.207533,0.33197,-0.799932,-0.324223,0.641984,0.382855,0.478254,0.236201,0.25971,-0.0876889,-0.119769,0.388495,-0.137881,0.209751,-0.349498,0.266248,0.0773285,0.555308,-0.087267,0.103592,-0.011695,-0.136645,0.122387,0.281601,0.303253,0.0535767,0.2618,0.00121069,-0.126654,0.0910192,0.281508,-0.429245,-0.0485457,0.593921,0.00323872,-0.0524464,0.0247321,0.952,0.0743238,0.0767501,-0.994276,0.6,0,0,1.53627,1.15575,1.72446
-0.404105,-0.201279,7.52082,0.170388,-0.422237,0.0106237,-0.074636,0.0675241,-0.0828859,-0.404105,-0.201279,7.52082,0.170388,-0.422237,0.0106237,-0.074636,0.0675241,-0.0828859,0.348492,0.174971,-0.436838,0.31738,-0.303549,0.24026,-0.547137,0.360981,0.013747,0.617567,-0.087267,0.0287153,-0.00543174,-0.21212,0.15783,0.261672,0.274958,0.0175893,0.2618,-0.00545813,-0.149785,0.094593,0.255935,-0.417315,-0.047981,0.589779,0.000685693,-0.048071,0.01771,0,0,0,0,0,0,0,0,0,0,0,0,0,0,0,0,0,0,0,0,0,0,0,0,0,0,0,0,0,-0.343674,-0.0155496,-0.0360263,0.348964,-0.0327826,0.172711,0.0912294,0.271339,0.103491,0.341213,-0.155143,-0.0367961,-0.0927515,0.0168748,-0.0727869,0.227691,0.227794,0.0424003,0.306333,-0.00159825,-0.0598905,0.117001,0.112725,-0.182206,0.0325751,0.628836,0.00110639,-0.0426326,0.0402509,1.03687,-0.886282,-1.23652,0.34013,-0.693141,0.343995,-1.24112,-0.144339,-0.440096,4.27409,-0.301671,1.77595,-0.284246,-0.0375867,0.171797,0.787946,0.0957891,-0.0582474,0.0194563,0.036002,-0.74987,-0.50101,1.22589,-0.227419,0.0246259,-0.322348,0.0235199,-0.0978721,-0.122414,21.7082,-0.808961,-0.402672,1.9318,-5.93311,0.501103,-14.5861,0.126004,0.0019492,-4.86834,8.74437,0.392647,1.41588,-4.31532,5.24831,0.0793974,0.990295,0.413587,-1.30543,0.00904172,-0.281407,0.0787771,1.34387,-3.34908,-1.18995,-0.237479,0.0105959,-0.0656906,-0.131441,0,0,0,0,0,0,0,0,0,0,0,0,0,0,0,0,0,0,0,0,0,0,0,0,0,0,0,0,0,2.55789,2.55789,2.55789,6.3088,6.3088,1.81445,2.55789,2.55789,1.81445,6.3088,6.3088,0.907223,0.907223,1.81445,1.81445,0.907223,0.907223,1.81445,1.81445,0.907223,0.907223,0.907223,0.907223,0.907223,0.907223,1.06814,1.06814,1.06814,1.06814,40.1792,40.1792,40.1792,99.0984,99.0984,28.5012,40.1792,40.1792,28.5012,99.0984,99.0984,14.2506,14.2506,28.5012,28.5012,14.2506,14.2506,28.5012,28.5012,14.2506,14.2506,14.2506,14.2506,14.2506,14.2506,16.7783,16.7783,16.7783,16.7783,0,0,0,0,0,0,0,0,0,0,0,0,0,0,0,0,0,0,0,0,0,0,0,0,0,0,0,0,0,0,0,0,0,0,0,0,0,0,0,0,0,0,0,0,0,0,0,0,0,0,0,0,0,0,0,0,0,0,0,0,0,0,0,0,0,0,0,0,0,0,0,0,0,0,0,0,0,0,0,0,0,0,0,0,0,0,0,0,0,0,0,0,0,0,0,0,0,0,0,0,0,0,0,0,0,0,0,0,0,0,0,0,0,0,0,0,0,-0.074636,0.0675241,-0.0828859,0.140618,0.127538,0.359869,0.170912,-0.4955,-0.483656,0.0401053,-0.109402,-0.0123849,-0.13889,-0.137193,1.20628,-0.429438,-0.0124451,0.00920383,0.319555,0.65927,-0.341525,-0.645241,-0.79781,0.0313446,0.215681,0.237715,-1.00273,-0.146674,0.169541,-1.13362,0.547816,0.0654738,0.348492,0.174971,-0.436838,0.31738,-0.303549,0.24026,-0.547137,0.360981,0.013747,0.617567,-0.087267,0.0287153,-0.00543174,-0.21212,0.15783,0.261672,0.274958,0.0175893,0.2618,-0.00545813,-0.149785,0.094593,0.255935,-0.417315,-0.047981,0.589779,0.000685693,-0.048071,0.01771,0.721,0.0674728,0.0743968,-0.994943,0.6,0,0,1.53627,1.15575,1.72446
-0.552578,-0.785105,9.59337,0.327207,-0.636329,0.026806,-0.0693697,0.0564046,-0.0812833,-0.552578,-0.785105,9.59337,0.327207,-0.636329,0.026806,-0.0693697,0.0564046,-0.0812833,0.292543,0.406228,-0.684569,0.221136,-0.34668,0.296277,-0.676817,0.293087,0.00310198,0.793105,-0.087267,-0.0148051,-0.0570764,-0.198308,0.128786,0.19246,0.276553,0.0113871,0.2618,-0.00658203,-0.140904,0.0993034,0.174397,-0.377933,-0.0629778,0.589212,0.000647733,-0.0421618,0.0223557,0,0,0,0,0,0,0,0,0,0,0,0,0,0,0,0,0,0,0,0,0,0,0,0,0,0,0,0,0,-0.32911,-0.0437405,-0.0820553,0.36379,-0.0670765,0.169834,0.056655,0.268973,0.0899555,0.432754,-0.148662,-0.015601,-0.0970213,0.0145435,-0.0627104,0.24321,0.229901,0.0360705,0.310968,-0.00265676,-0.0762675,0.110172,0.138644,-0.188886,0.0306256,0.626877,0.000862136,-0.0429227,0.0363727,0.76073,-1.67149,-2.75761,0.665374,-1.75841,-0.055808,-1.88059,-0.14217,-0.806672,4.46919,1.28109,0.707554,-0.201985,-0.178754,0.618591,0.79884,0.061672,-0.395155,0.240239,-0.0635609,-0.743212,-0.292416,1.30355,-0.421446,-0.163568,0.0455107,-0.0174954,0.0513467,-0.203825,25.4228,12.8237,-7.4459,-8.92937,-12.4956,2.19595,-19.6003,3.94684,-0.741592,-10.2387,2.12307,0.0077411,1.46672,-6.12067,5.21448,-0.426961,0.579544,0.172933,-1.86967,0.0179648,-0.369365,0.039816,0.522697,-2.90065,-0.982489,-0.649085,0.0156639,-0.126802,-0.0976927,0,0,0,0,0,0,0,0,0,0,0,0,0,0,0,0,0,0,0,0,0,0,0,0,0,0,0,0,0,2.55789,2.55789,2.55789,6.3088,6.3088,1.81445,2.55789,2.55789,1.81445,6.3088,6.3088,0.907223,0.907223,1.81445,1.81445,0.907223,0.907223,1.81445,1.81445,0.907223,0.907223,0.907223,0.907223,0.907223,0.907223,1.06814,1.06814,1.06814,1.06814,40.1792,40.1792,40.1792,99.0984,99.0984,28.5012,40.1792,40.1792,28.5012,99.0984,99.0984,14.2506,14.2506,28.5012,28.5012,14.2506,14.2506,28.5012,28.5012,14.2506,14.2506,14.2506,14.2506,14.2506,14.2506,16.7783,16.7783,16.7783,16.7783,0,0,0,0,0,0,0,0,0,0,0,0,0,0,0,0,0,0,0,0,0,0,0,0,0,0,0,0,0,0,0,0,0,0,0,0,0,0,0,0,0,0,0,0,0,0,0,0,0,0,0,0,0,0,0,0,0,0,0,0,0,0,0,0,0,0,0,0,0,0,0,0,0,0,0,0,0,0,0,0,0,0,0,0,0,0,0,0,0,0,0,0,0,0,0,0,0,0,0,0,0,0,0,0,0,0,0,0,0,0,0,0,0,0,0,0,0,-0.0693697,0.0564046,-0.0812833,-0.0171919,-0.0583763,0.293644,0.174548,-0.405704,-0.452161,0.0259638,-0.143596,-0.13014,-0.226378,-0.144807,1.10409,-0.666276,-0.0150077,0.0086943,0.741906,0.535273,-0.321275,-0.565923,-1.25025,0.00707283,0.226422,0.300073,-1.2772,0.353916,0.0465408,-1.39641,0.675542,-0.033757,0.292543,0.406228,-0.684569,0.221136,-0.34668,0.296277,-0.676817,0.293087,0.00310198,0.793105,-0.087267,-0.0148051,-0.0570764,-0.198308,0.128786,0.19246,0.276553,0.0113871,0.2618,-0.00658203,-0.140904,0.0993034,0.174397,-0.377933,-0.0629778,0.589212,0.000647733,-0.0421618,0.0223557,0.667,0.0563747,0.0692038,-0.996008,0.6,0,0,1.5052,1.16196,1.73962
-2.89357,-0.719468,10.9134,0.443328,-0.625234,-0.0607638,-0.0615419,0.0429166,-0.0806504,-2.89357,-0.719468,10.9134,0.443328,-0.625234,-0.0607638,-0.0615419,0.0429166,-0.0806504,0.158102,0.433573,-0.69651,0.217846,-0.204451,0.30601,-0.688741,0.226722,0.024634,0.986962,-0.087267,-0.0337435,-0.11059,-0.147716,0.125318,0.122741,0.307917,0.0385249,0.2618,-0.00359057,-0.11454,0.0758499,0.169846,-0.356467,-0.0566119,0.589839,0.000866429,-0.0339601,0.0265144,0,0,0,0,0,0,0,0,0,0,0,0,0,0,0,0,0,0,0,0,0,0,0,0,0,0,0,0,0,-0.314318,-0.0832804,-0.143618,0.369051,-0.0991536,0.172028,0.00161744,0.261858,0.0725631,0.538585,-0.130773,-0.010277,-0.108277,0.0130231,-0.0441639,0.25802,0.230195,0.027932,0.316272,-0.00393686,-0.0868796,0.106241,0.162352,-0.196724,0.0221721,0.632277,0.000459941,-0.0398325,0.0339334,0.878339,-2.1123,-3.2083,-0.00545057,-1.48543,0.441377,-3.09953,-0.475025,-0.869586,5.28528,0.824621,-0.00571589,-0.771225,-0.0644093,0.923726,0.64405,-0.0410981,-0.369726,0.268083,-0.0593535,-0.393324,-0.150559,1.02526,-0.390112,-0.557314,0.400668,-0.0138305,0.211822,-0.11142,22.3362,24.887,-13.8135,-14.903,-15.3214,2.86791,-19.6052,2.40761,-0.423232,-7.76555,-0.87217,-0.0841635,1.3831,-5.92934,3.24635,-1.5195,0.685087,0.200574,-2.0313,0.0157171,-0.404572,0.0394131,-0.764186,-2.24457,-0.734184,-1.11868,0.0189196,-0.250946,-0.0807609,0,0,0,0,0,0,0,0,0,0,0,0,0,0,0,0,0,0,0,0,0,0,0,0,0,0,0,0,0,2.55789,2.55789,2.55789,6.3088,6.3088,1.81445,2.55789,2.55789,1.81445,6.3088,6.3088,0.907223,0.907223,1.81445,1.81445,0.907223,0.907223,1.81445,1.81445,0.907223,0.907223,0.907223,0.907223,0.907223,0.907223,1.06814,1.06814,1.06814,1.06814,40.1792,40.1792,40.1792,99.0984,99.0984,28.5012,40.1792,40.1792,28.5012,99.0984,99.0984,14.2506,14.2506,28.5012,28.5012,14.2506,14.2506,28.5012,28.5012,14.2506,14.2506,14.2506,14.2506,14.2506,14.2506,16.7783,16.7783,16.7783,16.7783,0,0,0,0,0,0,0,0,0,0,0,0,0,0,0,0,0,0,0,0,0,0,0,0,0,0,0,0,0,0,0,0,0,0,0,0,0,0,0,0,0,0,0,0,0,0,0,0,0,0,0,0,0,0,0,0,0,0,0,0,0,0,0,0,0,0,0,0,0,0,0,0,0,0,0,0,0,0,0,0,0,0,0,0,0,0,0,0,0,0,0,0,0,0,0,0,0,0,0,0,0,0,0,0,0,0,0,0,0,0,0,0,0,0,0,0,0,-0.0615419,0.0429166,-0.0806504,-0.176159,-0.0687538,0.285738,0.246061,-0.356761,-0.336807,0.0878406,-0.129081,-0.252155,-0.271886,-0.136384,0.858562,-0.688053,-0.00818685,0.0116298,0.791848,0.414068,-0.261163,-0.455835,-1.27206,0.0561681,0.172945,0.355894,-1.28658,0.906749,0.452142,-1.3478,0.697733,-0.0769386,0.158102,0.433573,-0.69651,0.217846,-0.204451,0.30601,-0.688741,0.226722,0.024634,0.986962,-0.087267,-0.0337435,-0.11059,-0.147716,0.125318,0.122741,0.307917,0.0385249,0.2618,-0.00359057,-0.11454,0.0758499,0.169846,-0.356467,-0.0566119,0.589839,0.000866429,-0.0339601,0.0265144,0.553,0.0429034,0.0614464,-0.997188,0.6,0,0,1.45431,1.17651,1.69876
-3.71694,-0.725589,8.74142,0.544126,-0.486876,-0.131112,-0.0514445,0.0310157,-0.0819857,-3.71694,-0.725589,8.74142,0.544126,-0.486876,-0.131112,-0.0514445,0.0310157,-0.0819857,0.0207364,0.344036,-0.654668,0.2139,-0.073119,0.276131,-0.671583,0.263081,0.050925,1.12338,-0.087267,-0.0237301,-0.156725,-0.109257,0.124387,0.102921,0.299755,0.0516602,0.2618,-0.00322612,-0.0876534,0.0534828,0.195783,-0.363946,-0.0652495,0.589948,0.000826384,-0.0259844,0.0251917,0,0,0,0,0,0,0,0,0,0,0,0,0,0,0,0,0,0,0,0,0,0,0,0,0,0,0,0,0,-0.297945,-0.12117,-0.203862,0.357058,-0.0978107,0.183611,-0.0773758,0.253868,0.0580531,0.660434,-0.11785,-0.01486,-0.13247,0.0102073,-0.0214835,0.267925,0.227849,0.0250209,0.319582,-0.0040811,-0.0881336,0.0980431,0.181184,-0.20609,0.010753,0.638366,0.000375712,-0.0341031,0.0325116,0.846505,-1.79146,-2.92054,-0.626326,0.32105,0.581785,-4.17957,-0.37015,-0.665392,6.10296,0.596505,-0.313805,-1.39413,-0.194494,1.01264,0.29346,-0.125577,-0.0366742,0.157632,-0.000107523,0.0614917,-0.440252,0.799171,-0.509053,-0.573184,0.279858,-0.00118716,0.277308,-0.061109,16.3108,26.7626,-12.5961,-9.85684,-12.6661,2.34019,-14.1438,-0.154701,0.236397,-5.69395,-0.710852,0.00492,1.52356,-4.18942,2.29315,-2.36756,1.25457,0.471576,-1.91784,0.00599496,-0.422381,0.0842837,-0.899986,-1.70215,-0.452438,-1.10147,0.00967998,-0.291352,-0.0371686,0,0,0,0,0,0,0,0,0,0,0,0,0,0,0,0,0,0,0,0,0,0,0,0,0,0,0,0,0,2.55789,2.55789,2.55789,6.3088,6.3088,1.81445,2.55789,2.55789,1.81445,6.3088,6.3088,0.907223,0.907223,1.81445,1.81445,0.907223,0.907223,1.81445,1.81445,0.907223,0.907223,0.907223,0.907223,0.907223,0.907223,1.06814,1.06814,1.06814,1.06814,40.1792,40.1792,40.1792,99.0984,99.0984,28.5012,40.1792,40.1792,28.5012,99.0984,99.0984,14.2506,14.2506,28.5012,28.5012,14.2506,14.2506,28.5012,28.5012,14.2506,14.2506,14.2506,14.2506,14.2506,14.2506,16.7783,16.7783,16.7783,16.7783,0,0,0,0,0,0,0,0,0,0,0,0,0,0,0,0,0,0,0,0,0,0,0,0,0,0,0,0,0,0,0,0,0,0,0,0,0,0,0,0,0,0,0,0,0,0,0,0,0,0,0,0,0,0,0,0,0,0,0,0,0,0,0,0,0,0,0,0,0,0,0,0,0,0,0,0,0,0,0,0,0,0,0,0,0,0,0,0,0,0,0,0,0,0,0,0,0,0,0,0,0,0,0,0,0,0,0,0,0,0,0,0,0,0,0,0,0,-0.0514445,0.0310157,-0.0819857,-0.22135,-0.00961408,0.283614,0.227452,-0.373812,-0.249116,0.117791,-0.148775,-0.357349,-0.261818,-0.134927,0.607686,-0.656716,-0.00735587,0.0110923,0.628323,0.480472,-0.199858,-0.34878,-1.19564,0.116114,0.121946,0.338139,-1.29783,1.29577,0.826669,-1.22576,0.629607,-0.0541069,0.0207364,0.344036,-0.654668,0.2139,-0.073119,0.276131,-0.671583,0.263081,0.050925,1.12338,-0.087267,-0.0237301,-0.156725,-0.109257,0.124387,0.102921,0.299755,0.0516602,0.2618,-0.00322612,-0.0876534,0.0534828,0.195783,-0.363946,-0.0652495,0.589948,0.000826384,-0.0259844,0.0251917,0.61,0.0310107,0.0513971,-0.998197,0.6,0,0,1.45431,1.17651,1.69876
-3.2213,-1.26296,7.4053,0.570267,-0.347277,-0.158737,-0.0401713,0.0221137,-0.0844743,-3.2213,-1.26296,7.4053,0.570267,-0.347277,-0.158737,-0.0401713,0.0221137,-0.0844743,-0.0660036,0.318004,-0.646145,0.206559,-0.000696412,0.246162,-0.684277,0.270079,0.0775028,1.2195,-0.087267,-0.0228151,-0.197918,-0.0792681,0.104989,0.106542,0.283953,0.0566512,0.2618,-0.00353591,-0.0481833,0.0397126,0.237422,-0.341252,-0.0588472,0.594932,0.000854357,-0.0167612,0.0235492,0,0,0,0,0,0,0,0,0,0,0,0,0,0,0,0,0,0,0,0,0,0,0,0,0,0,0,0,0,-0.283479,-0.152182,-0.257822,0.339203,-0.0658506,0.190044,-0.169519,0.251693,0.0515811,0.786687,-0.108544,-0.0186011,-0.165272,0.00537917,0.000191975,0.27025,0.225547,0.0272879,0.3202,-0.00393367,-0.0817905,0.0857682,0.196515,-0.217402,-0.000568704,0.640597,0.000367594,-0.0280222,0.0312931,0.681505,-1.4346,-2.48122,-0.73095,1.73304,0.265671,-4.60911,0.0295651,-0.158358,6.0349,0.424037,-0.114606,-1.68991,-0.251125,0.919948,-0.0850321,-0.0736679,0.179776,0.0233667,0.00425056,0.373108,-0.603124,0.667636,-0.584291,-0.563368,0.0700015,0.000648928,0.26822,-0.0637232,10.5704,23.5483,-9.67169,-7.62216,-11.4853,1.99997,-8.60747,0.435338,0.285304,-4.42673,-0.557428,0.0354821,1.61882,-2.83465,1.80585,-2.3505,1.13364,0.389946,-1.69432,0.00529519,-0.41573,0.0888402,-0.626427,-1.57628,-0.422446,-0.917562,0.00718722,-0.253958,-0.0365279,0,0,0,0,0,0,0,0,0,0,0,0,0,0,0,0,0,0,0,0,0,0,0,0,0,0,0,0,0,2.55789,2.55789,2.55789,6.3088,6.3088,1.81445,2.55789,2.55789,1.81445,6.3088,6.3088,0.907223,0.907223,1.81445,1.81445,0.907223,0.907223,1.81445,1.81445,0.907223,0.907223,0.907223,0.907223,0.907223,0.907223,1.06814,1.06814,1.06814,1.06814,40.1792,40.1792,40.1792,99.0984,99.0984,28.5012,40.1792,40.1792,28.5012,99.0984,99.0984,14.2506,14.2506,28.5012,28.5012,14.2506,14.2506,28.5012,28.5012,14.2506,14.2506,14.2506,14.2506,14.2506,14.2506,16.7783,16.7783,16.7783,16.7783,0,0,0,0,0,0,0,0,0,0,0,0,0,0,0,0,0,0,0,0,0,0,0,0,0,0,0,0,0,0,0,0,0,0,0,0,0,0,0,0,0,0,0,0,0,0,0,0,0,0,0,0,0,0,0,0,0,0,0,0,0,0,0,0,0,0,0,0,0,0,0,0,0,0,0,0,0,0,0,0,0,0,0,0,0,0,0,0,0,0,0,0,0,0,0,0,0,0,0,0,0,0,0,0,0,0,0,0,0,0,0,0,0,0,0,0,0,-0.0401713,0.0221137,-0.0844743,-0.213093,0.0853249,0.239385,0.191422,-0.322068,-0.180739,0.12917,-0.134177,-0.451272,-0.230289,-0.068023,0.44927,-0.679901,-0.00806223,0.0114677,0.580781,0.493253,-0.109863,-0.22498,-1.18007,0.176714,0.0905488,0.316093,-1.31877,1.56989,1.0332,-1.17651,0.561275,-0.0520207,-0.0660036,0.318004,-0.646145,0.206559,-0.000696412,0.246162,-0.684277,0.270079,0.0775028,1.2195,-0.087267,-0.0228151,-0.197918,-0.0792681,0.104989,0.106542,0.283953,0.0566512,0.2618,-0.00353591,-0.0481833,0.0397126,0.237422,-0.341252,-0.0588472,0.594932,0.000854357,-0.0167612,0.0235492,0.918,0.0221119,0.0401507,-0.998949,0.6,0,0,1.40074,1.20287,1.75963
-3.4468,-2.48007,9.34467,0.299548,0.000322406,0.037966,-0.0326108,0.0191266,-0.0857212,-3.4468,-2.48007,9.34467,0.299548,0.000322406,0.037966,-0.0326108,0.0191266,-0.0857212,-0.0326436,0.404116,-0.739219,0.216934,-0.127337,0.312961,-0.748968,0.150643,0.130001,1.27677,-0.087267,-0.0345859,-0.194528,-0.0490644,0.137964,0.178156,0.253487,0.028514,0.2618,-0.00280719,-0.0192366,0.0346073,0.223699,-0.282854,-0.0210456,0.590699,0.00238096,-0.0124285,0.0214402,0,0,0,0,0,0,0,0,0,0,0,0,0,0,0,0,0,0,0,0,0,0,0,0,0,0,0,0,0,-0.277715,-0.169227,-0.268802,0.327239,-0.0555554,0.181676,-0.263776,0.247735,0.051151,0.903172,-0.102113,-0.0196336,-0.18907,0.0125642,0.0138405,0.261086,0.22889,0.0326688,0.319744,-0.00386786,-0.0677066,0.0727825,0.20772,-0.223546,-0.011801,0.643182,0.000448889,-0.0219999,0.0292398,0.263708,-0.637627,0.080282,-0.753447,0.285741,-1.16406,-4.54943,-0.316426,-0.0209713,5.36204,0.288032,-0.0166631,-0.686282,0.596647,0.418048,-0.769317,0.270891,0.277171,0.0321887,0.00167508,0.789583,-0.607826,0.540256,-0.196996,-0.519939,0.0928684,0.00759178,0.294958,-0.109781,7.91641,21.164,-15.3349,-7.56577,3.5892,3.65852,-5.44243,1.63079,0.766197,-2.37205,-0.344592,-0.0260543,0.585892,-3.63725,1.74999,-1.58211,0.553701,0.187944,-1.6756,0.00310279,-0.42115,0.0799435,-0.0519219,-1.49716,-0.199798,-0.914376,-0.000808087,-0.226205,0.020602,0,0,0,0,0,0,0,0,0,0,0,0,0,0,0,0,0,0,0,0,0,0,0,0,0,0,0,0,0,2.55789,2.55789,2.55789,6.3088,6.3088,1.81445,2.55789,2.55789,1.81445,6.3088,6.3088,0.907223,0.907223,1.81445,1.81445,0.907223,0.907223,1.81445,1.81445,0.907223,0.907223,0.907223,0.907223,0.907223,0.907223,1.06814,1.06814,1.06814,1.06814,40.1792,40.1792,40.1792,99.0984,99.0984,28.5012,40.1792,40.1792,28.5012,99.0984,99.0984,14.2506,14.2506,28.5012,28.5012,14.2506,14.2506,28.5012,28.5012,14.2506,14.2506,14.2506,14.2506,14.2506,14.2506,16.7783,16.7783,16.7783,16.7783,0,0,0,0,0,0,0,0,0,0,0,0,0,0,0,0,0,0,0,0,0,0,0,0,0,0,0,0,0,0,0,0,0,0,0,0,0,0,0,0,0,0,0,0,0,0,0,0,0,0,0,0,0,0,0,0,0,0,0,0,0,0,0,0,0,0,0,0,0,0,0,0,0,0,0,0,0,0,0,0,0,0,0,0,0,0,0,0,0,0,0,0,0,0,0,0,0,0,0,0,0,0,0,0,0,0,0,0,0,0,0,0,0,0,0,0,0,-0.0326108,0.0191266,-0.0857212,-0.0498076,0.0540354,0.314572,0.121956,-0.188915,-0.111872,0.0650147,-0.0479861,-0.443544,-0.177638,-0.124846,0.510197,-0.798047,-0.00640067,0.0319589,0.738048,0.275123,-0.0438614,-0.166823,-1.35006,0.296414,0.0789081,0.287785,-1.28918,1.7332,0.672054,-1.14595,0.713583,-0.0788594,-0.0326436,0.404116,-0.739219,0.216934,-0.127337,0.312961,-0.748968,0.150643,0.130001,1.27677,-0.087267,-0.0345859,-0.194528,-0.0490644,0.137964,0.178156,0.253487,0.028514,0.2618,-0.00280719,-0.0192366,0.0346073,0.223699,-0.282854,-0.0210456,0.590699,0.00238096,-0.0124285,0.0214402,0.697,0.0191255,0.0325991,-0.999286,0.6,0,0,1.40074,1.20287,1.75963
-0.809484,-0.975986,9.4436,0.289976,-0.0270412,0.0988354,-0.0268106,0.0188597,-0.0841998,-0.809484,-0.975986,9.4436,0.289976,-0.0270412,0.0988354,-0.0268106,0.0188597,-0.0841998,-0.0515669,0.406727,-0.688392,0.224369,-0.204473,0.332639,-0.787865,0.0982428,0.149679,1.25539,-0.087267,-0.036124,-0.195275,0.00887772,0.106016,0.223295,0.214413,-0.00581802,0.2618,0.0050841,-0.0150269,0.0267148,0.171367,-0.254519,-0.00542342,0.584503,0.00284104,-0.0133088,0.0185503,0,0,0,0,0,0,0,0,0,0,0,0,0,0,0,0,0,0,0,0,0,0,0,0,0,0,0,0,0,-0.273734,-0.187594,-0.272909,0.31612,-0.0594379,0.173132,-0.352331,0.237373,0.0488982,1.00231,-0.0976077,-0.0214802,-0.190671,0.0254732,0.021952,0.245151,0.23506,0.0342573,0.318387,-0.00383054,-0.0485771,0.0626469,0.218869,-0.227433,-0.0169383,0.644986,0.000944884,-0.0156791,0.0264012,0.260511,-1.0855,-0.506227,-0.492584,-0.301075,-0.127824,-4.19534,-0.65668,-0.145975,4.50422,0.2019,-0.122889,0.380735,0.613374,0.334134,-0.812491,0.28554,-0.020069,-0.0742786,0.00834999,0.92954,-0.460088,0.550757,-0.166597,-0.112134,0.112135,0.0218462,0.300893,-0.124835,9.11684,26.3991,-17.667,-6.8121,-4.82179,4.21988,-5.35606,-1.91864,2.57537,-1.118,-0.246032,-0.0788234,-0.306189,-3.23263,2.67187,-0.246431,-0.000601509,-0.147207,-1.46845,0.00835533,-0.420809,0.0129991,-0.417713,-0.634468,0.0567763,-1.02007,-4.48671e-05,-0.264334,0.0534474,0,0,0,0,0,0,0,0,0,0,0,0,0,0,0,0,0,0,0,0,0,0,0,0,0,0,0,0,0,2.55789,2.55789,2.55789,6.3088,6.3088,1.81445,2.55789,2.55789,1.81445,6.3088,6.3088,0.907223,0.907223,1.81445,1.81445,0.907223,0.907223,1.81445,1.81445,0.907223,0.907223,0.907223,0.907223,0.907223,0.907223,1.06814,1.06814,1.06814,1.06814,40.1792,40.1792,40.1792,99.0984,99.0984,28.5012,40.1792,40.1792,28.5012,99.0984,99.0984,14.2506,14.2506,28.5012,28.5012,14.2506,14.2506,28.5012,28.5012,14.2506,14.2506,14.2506,14.2506,14.2506,14.2506,16.7783,16.7783,16.7783,16.7783,0,0,0,0,0,0,0,0,0,0,0,0,0,0,0,0,0,0,0,0,0,0,0,0,0,0,0,0,0,0,0,0,0,0,0,0,0,0,0,0,0,0,0,0,0,0,0,0,0,0,0,0,0,0,0,0,0,0,0,0,0,0,0,0,0,0,0,0,0,0,0,0,0,0,0,0,0,0,0,0,0,0,0,0,0,0,0,0,0,0,0,0,0,0,0,0,0,0,0,0,0,0,0,0,0,0,0,0,0,0,0,0,0,0,0,0,0,-0.0268106,0.0188597,-0.0841998,0.0531141,-0.0652868,0.241726,0.0328634,-0.124308,0.0202421,-0.0132657,-0.0123659,-0.445246,-0.105242,-0.208005,0.475637,-0.869086,0.0115923,0.0381343,0.742817,0.179424,-0.0342628,-0.178639,-1.25723,0.341284,0.0609123,0.248995,-1.26798,1.67224,0.45208,-0.977065,0.758449,-0.0823664,-0.0515669,0.406727,-0.688392,0.224369,-0.204473,0.332639,-0.787865,0.0982428,0.149679,1.25539,-0.087267,-0.036124,-0.195275,0.00887772,0.106016,0.223295,0.214413,-0.00581802,0.2618,0.0050841,-0.0150269,0.0267148,0.171367,-0.254519,-0.00542342,0.584503,0.00284104,-0.0133088,0.0185503,0.632,0.0188586,0.0268026,-0.999463,0.6,0,0,1.41814,1.22982,1.74497
-0.207673,-0.981027,9.23534,0.266809,-0.0588927,0.0245826,-0.0212324,0.0178904,-0.0829807,-0.207673,-0.981027,9.23534,0.266809,-0.0588927,0.0245826,-0.0212324,0.0178904,-0.0829807,-0.0871461,0.326592,-0.622474,0.240706,-0.22553,0.323624,-0.821941,0.0759113,0.150125,1.18248,-0.087267,-0.0249627,-0.206715,0.0281126,0.065974,0.224675,0.25013,-0.0022745,0.2618,0.0121516,-0.0247623,0.0364478,0.129781,-0.265461,-0.00193386,0.581168,0.00182223,-0.0152824,0.0144255,0,0,0,0,0,0,0,0,0,0,0,0,0,0,0,0,0,0,0,0,0,0,0,0,0,0,0,0,0,-0.267618,-0.212374,-0.286405,0.310335,-0.0711024,0.181619,-0.429871,0.221279,0.0489793,1.0769,-0.0939914,-0.0240747,-0.177132,0.0376052,0.0275243,0.231745,0.240158,0.029619,0.315027,-0.00201463,-0.0327204,0.054385,0.228008,-0.229234,-0.0162304,0.648937,0.00135942,-0.0100246,0.0237323,0.385843,-1.27852,-0.731284,-0.222787,-0.598421,0.635148,-3.59802,-0.899504,0.153193,3.11412,0.15055,-0.127902,0.853636,0.592053,0.20692,-0.562197,0.191417,-0.328989,-0.206446,0.111178,0.651033,-0.400209,0.375434,-0.00754432,0.109513,0.235981,0.016495,0.269065,-0.116803,7.78598,28.0443,-14.3686,-7.12949,-9.43018,3.19339,-5.3041,-2.7561,2.66307,-2.1456,-0.29489,-0.0578409,-0.979996,-1.87223,1.8382,0.390261,-0.554291,-0.445428,-1.15412,0.00235461,-0.347706,-0.0393145,-1.15066,-0.33575,0.0656802,-1.32314,0.00685056,-0.338161,0.0399015,0,0,0,0,0,0,0,0,0,0,0,0,0,0,0,0,0,0,0,0,0,0,0,0,0,0,0,0,0,2.55789,2.55789,2.55789,6.3088,6.3088,1.81445,2.55789,2.55789,1.81445,6.3088,6.3088,0.907223,0.907223,1.81445,1.81445,0.907223,0.907223,1.81445,1.81445,0.907223,0.907223,0.907223,0.907223,0.907223,0.907223,1.06814,1.06814,1.06814,1.06814,40.1792,40.1792,40.1792,99.0984,99.0984,28.5012,40.1792,40.1792,28.5012,99.0984,99.0984,14.2506,14.2506,28.5012,28.5012,14.2506,14.2506,28.5012,28.5012,14.2506,14.2506,14.2506,14.2506,14.2506,14.2506,16.7783,16.7783,16.7783,16.7783,0,0,0,0,0,0,0,0,0,0,0,0,0,0,0,0,0,0,0,0,0,0,0,0,0,0,0,0,0,0,0,0,0,0,0,0,0,0,0,0,0,0,0,0,0,0,0,0,0,0,0,0,0,0,0,0,0,0,0,0,0,0,0,0,0,0,0,0,0,0,0,0,0,0,0,0,0,0,0,0,0,0,0,0,0,0,0,0,0,0,0,0,0,0,0,0,0,0,0,0,0,0,0,0,0,0,0,0,0,0,0,0,0,0,0,0,0,-0.0212324,0.0178904,-0.0829807,0.0562626,-0.160105,0.150427,0.1143,-0.149258,0.0640996,-0.00518608,-0.0044094,-0.471332,-0.0685183,-0.252774,0.410657,-0.93132,0.027707,0.0244592,0.596465,0.138639,-0.0564605,-0.20513,-1.13684,0.342299,0.0831046,0.193629,-1.22139,1.46432,0.392029,-0.642611,0.737895,-0.0569175,-0.0871461,0.326592,-0.622474,0.240706,-0.22553,0.323624,-0.821941,0.0759113,0.150125,1.18248,-0.087267,-0.0249627,-0.206715,0.0281126,0.065974,0.224675,0.25013,-0.0022745,0.2618,0.0121516,-0.0247623,0.0364478,0.129781,-0.265461,-0.00193386,0.581168,0.00182223,-0.0152824,0.0144255,0.59,0.0178895,0.0212274,-0.999615,0.6,0,0,1.41802,1.24136,1.7307
-0.448135,-1.15065,8.58267,0.245303,-0.0286332,-0.0529752,-0.0161104,0.0168384,-0.0833927,-0.448135,-1.15065,8.58267,0.245303,-0.0286332,-0.0529752,-0.0161104,0.0168384,-0.0833927,-0.118822,0.285162,-0.577888,0.24802,-0.265354,0.341657,-0.806585,0.0479673,0.161898,1.06754,-0.087267,-0.0191411,-0.209784,0.046941,0.062959,0.200196,0.284676,-0.00371266,0.2618,0.0161216,-0.0268354,0.0501115,0.115446,-0.287688,-0.00245339,0.580172,-9.72702e-06,-0.0165757,0.00954,0,0,0,0,0,0,0,0,0,0,0,0,0,0,0,0,0,0,0,0,0,0,0,0,0,0,0,0,0,-0.260365,-0.237716,-0.300395,0.309649,-0.0846026,0.195919,-0.495197,0.201062,0.0553852,1.118,-0.0910711,-0.0245013,-0.15781,0.0490775,0.0308484,0.223172,0.242511,0.0223251,0.310756,0.00151838,-0.0244322,0.0490222,0.233265,-0.22791,-0.0121169,0.654079,0.00140383,-0.00544895,0.0210419,0.379535,-1.25084,-0.629808,0.0438131,-0.647363,0.68106,-3.02941,-1.0923,0.491154,1.35545,0.107368,0.0264811,0.985139,0.591299,0.0977828,-0.339972,0.0630243,-0.358577,-0.228651,0.177861,0.279913,-0.210069,0.171165,0.13568,0.247967,0.237734,-0.00193131,0.20258,-0.12139,6.04922,25.7797,-11.3323,-7.05559,-9.92501,2.40494,-5.50265,-2.36324,1.91341,-2.6231,-0.325363,-0.0276175,-1.56789,-1.6217,0.790754,0.333354,0.0421471,-0.0616067,-0.994825,-0.00930257,-0.268889,0.0110371,-1.64202,-0.638811,-0.0698692,-1.47915,0.00892136,-0.380865,0.0203019,0,0,0,0,0,0,0,0,0,0,0,0,0,0,0,0,0,0,0,0,0,0,0,0,0,0,0,0,0,2.55789,2.55789,2.55789,6.3088,6.3088,1.81445,2.55789,2.55789,1.81445,6.3088,6.3088,0.907223,0.907223,1.81445,1.81445,0.907223,0.907223,1.81445,1.81445,0.907223,0.907223,0.907223,0.907223,0.907223,0.907223,1.06814,1.06814,1.06814,1.06814,40.1792,40.1792,40.1792,99.0984,99.0984,28.5012,40.1792,40.1792,28.5012,99.0984,99.0984,14.2506,14.2506,28.5012,28.5012,14.2506,14.2506,28.5012,28.5012,14.2506,14.2506,14.2506,14.2506,14.2506,14.2506,16.7783,16.7783,16.7783,16.7783,0,0,0,0,0,0,0,0,0,0,0,0,0,0,0,0,0,0,0,0,0,0,0,0,0,0,0,0,0,0,0,0,0,0,0,0,0,0,0,0,0,0,0,0,0,0,0,0,0,0,0,0,0,0,0,0,0,0,0,0,0,0,0,0,0,0,0,0,0,0,0,0,0,0,0,0,0,0,0,0,0,0,0,0,0,0,0,0,0,0,0,0,0,0,0,0,0,0,0,0,0,0,0,0,0,0,0,0,0,0,0,0,0,0,0,0,0,-0.0161104,0.0168384,-0.0833927,0.000447354,-0.192793,0.143553,0.193069,-0.199938,0.10703,-0.00846523,-0.00559398,-0.478328,-0.0907006,-0.266141,0.352806,-0.903274,0.0367589,-0.000130562,0.520799,0.0876042,-0.0611874,-0.22249,-1.05541,0.369143,0.114259,0.128052,-1.20053,1.13653,0.278461,-0.286812,0.779012,-0.0436437,-0.118822,0.285162,-0.577888,0.24802,-0.265354,0.341657,-0.806585,0.0479673,0.161898,1.06754,-0.087267,-0.0191411,-0.209784,0.046941,0.062959,0.200196,0.284676,-0.00371266,0.2618,0.0161216,-0.0268354,0.0501115,0.115446,-0.287688,-0.00245339,0.580172,-9.72702e-06,-0.0165757,0.00954,0.871,0.0168376,0.0161075,-0.999729,0.6,0,0,1.41802,1.24136,1.7307
-0.0106347,-1.42648,8.25289,0.208639,-0.0190129,-0.0311468,-0.0115827,0.0163184,-0.0842155,-0.0106347,-1.42648,8.25289,0.208639,-0.0190129,-0.0311468,-0.0115827,0.0163184,-0.0842155,-0.184382,0.259075,-0.523279,0.246492,-0.297729,0.348064,-0.7021,0.0308088,0.152442,0.880867,-0.087267,-0.00712826,-0.201586,0.0523356,0.065033,0.174032,0.298898,-0.00909236,0.2618,0.0196159,-0.0432587,0.0684431,0.0983695,-0.278574,0.005424,0.580059,-0.00193337,-0.0170209,0.00516351,0,0,0,0,0,0,0,0,0,0,0,0,0,0,0,0,0,0,0,0,0,0,0,0,0,0,0,0,0,-0.253539,-0.26069,-0.306395,0.314496,-0.103577,0.21517,-0.5475,0.176626,0.0683267,1.11969,-0.0888484,-0.022973,-0.138215,0.0614026,0.0319807,0.217059,0.243593,0.0139696,0.307793,0.00540851,-0.0202891,0.0480826,0.235275,-0.223874,-0.00608236,0.658841,0.000977721,-0.00222106,0.0180944,0.351008,-1.07708,-0.0853311,0.261789,-0.90517,0.971964,-2.35633,-1.30444,0.795909,-0.663033,0.0638434,0.0905124,0.926533,0.664421,0.0196707,-0.269588,0.0445755,-0.411603,-0.139158,0.181181,0.175971,-0.00174164,0.0552158,0.251646,0.329752,0.192356,-0.0235075,0.140147,-0.134571,4.56137,24.6197,-10.6023,-8.2207,-10.3294,1.84958,-4.46877,-1.97819,1.335,-1.72248,-0.284979,-0.0265395,-1.85145,-1.54862,0.826172,0.00357879,0.543859,0.235233,-1.07091,-0.0116993,-0.254629,0.0304266,-1.76509,-1.12004,-0.236108,-1.53539,0.00848068,-0.391381,0.00223252,0,0,0,0,0,0,0,0,0,0,0,0,0,0,0,0,0,0,0,0,0,0,0,0,0,0,0,0,0,2.55789,2.55789,2.55789,6.3088,6.3088,1.81445,2.55789,2.55789,1.81445,6.3088,6.3088,0.907223,0.907223,1.81445,1.81445,0.907223,0.907223,1.81445,1.81445,0.907223,0.907223,0.907223,0.907223,0.907223,0.907223,1.06814,1.06814,1.06814,1.06814,40.1792,40.1792,40.1792,99.0984,99.0984,28.5012,40.1792,40.1792,28.5012,99.0984,99.0984,14.2506,14.2506,28.5012,28.5012,14.2506,14.2506,28.5012,28.5012,14.2506,14.2506,14.2506,14.2506,14.2506,14.2506,16.7783,16.7783,16.7783,16.7783,0,0,0,0,0,0,0,0,0,0,0,0,0,0,0,0,0,0,0,0,0,0,0,0,0,0,0,0,0,0,0,0,0,0,0,0,0,0,0,0,0,0,0,0,0,0,0,0,0,0,0,0,0,0,0,0,0,0,0,0,0,0,0,0,0,0,0,0,0,0,0,0,0,0,0,0,0,0,0,0,0,0,0,0,0,0,0,0,0,0,0,0,0,0,0,0,0,0,0,0,0,0,0,0,0,0,0,0,0,0,0,0,0,0,0,0,0,-0.0115827,0.0163184,-0.0842155,-0.0592091,-0.231728,0.148282,0.225498,-0.179157,0.11933,-0.0207315,0.0123673,-0.459637,-0.164791,-0.267665,0.233072,-0.712451,0.0447262,-0.025951,0.473156,0.0562671,-0.0986342,-0.228466,-0.95568,0.347583,0.156057,0.0693081,-1.20489,0.604193,0.186138,-0.000908586,0.79362,-0.0162531,-0.184382,0.259075,-0.523279,0.246492,-0.297729,0.348064,-0.7021,0.0308088,0.152442,0.880867,-0.087267,-0.00712826,-0.201586,0.0523356,0.065033,0.174032,0.298898,-0.00909236,0.2618,0.0196159,-0.0432587,0.0684431,0.0983695,-0.278574,0.005424,0.580059,-0.00193337,-0.0170209,0.00516351,0.954,0.0163177,0.0115809,-0.9998,0.6,0,0,1.41732,1.25107,1.76136
0.720043,-1.78734,8.10755,0.173645,-0.0306624,0.025514,-0.00763459,0.0160003,-0.0841736,0.720043,-1.78734,8.10755,0.173645,-0.0306624,0.025514,-0.00763459,0.0160003,-0.0841736,-0.24124,0.242738,-0.475717,0.234164,-0.336978,0.352016,-0.552873,0.0303968,0.129104,0.648617,-0.087267,0.00702223,-0.184095,0.0600159,0.0630612,0.155915,0.292312,-0.0283383,0.2618,0.0156769,-0.0725149,0.0839679,0.07799,-0.271933,0.0072441,0.577576,-0.00368955,-0.019543,-0.00059222,0,0,0,0,0,0,0,0,0,0,0,0,0,0,0,0,0,0,0,0,0,0,0,0,0,0,0,0,0,-0.245818,-0.27753,-0.30043,0.323011,-0.12626,0.235466,-0.580929,0.148135,0.0843786,1.07319,-0.0871496,-0.0194279,-0.119154,0.0734673,0.0303337,0.211441,0.244119,0.0050606,0.307633,0.00922432,-0.0200143,0.0518404,0.234807,-0.217602,0.000953944,0.663221,0.000143439,6.45797e-05,0.0148347,0.400248,-0.722634,0.547591,0.424642,-1.08009,0.8593,-1.30574,-1.50993,0.874944,-3.18757,0.0232897,0.206766,0.910242,0.64699,-0.0996905,-0.246286,0.0272439,-0.425996,-0.0254466,0.174959,-0.0301627,0.226765,-0.0557746,0.369801,0.370072,0.181547,-0.0411328,0.10822,-0.150086,1.47859,23.3681,-10.2008,-10.2509,-10.2129,1.62091,-1.53156,-1.01696,0.454551,-0.0464456,-0.215935,-0.00828023,-1.99439,-1.69027,1.16783,-0.30722,0.75972,0.363892,-1.28773,-0.0108742,-0.308519,0.0320467,-1.89811,-1.18201,-0.259492,-1.6019,0.00917144,-0.401748,5.64959e-05,0,0,0,0,0,0,0,0,0,0,0,0,0,0,0,0,0,0,0,0,0,0,0,0,0,0,0,0,0,2.55789,2.55789,2.55789,6.3088,6.3088,1.81445,2.55789,2.55789,1.81445,6.3088,6.3088,0.907223,0.907223,1.81445,1.81445,0.907223,0.907223,1.81445,1.81445,0.907223,0.907223,0.907223,0.907223,0.907223,0.907223,1.06814,1.06814,1.06814,1.06814,40.1792,40.1792,40.1792,99.0984,99.0984,28.5012,40.1792,40.1792,28.5012,99.0984,99.0984,14.2506,14.2506,28.5012,28.5012,14.2506,14.2506,28.5012,28.5012,14.2506,14.2506,14.2506,14.2506,14.2506,14.2506,16.7783,16.7783,16.7783,16.7783,0,0,0,0,0,0,0,0,0,0,0,0,0,0,0,0,0,0,0,0,0,0,0,0,0,0,0,0,0,0,0,0,0,0,0,0,0,0,0,0,0,0,0,0,0,0,0,0,0,0,0,0,0,0,0,0,0,0,0,0,0,0,0,0,0,0,0,0,0,0,0,0,0,0,0,0,0,0,0,0,0,0,0,0,0,0,0,0,0,0,0,0,0,0,0,0,0,0,0,0,0,0,0,0,0,0,0,0,0,0,0,0,0,0,0,0,0,-0.00763459,0.0160003,-0.0841736,-0.100517,-0.278195,0.143786,0.21048,-0.164015,0.136842,-0.0646142,0.0165173,-0.419755,-0.264588,-0.300993,0.129231,-0.439913,0.0357449,-0.0495235,0.44332,0.0555146,-0.165341,-0.26232,-0.868816,0.29437,0.191455,-0.00794917,-1.24005,-0.0581278,0.0742076,0.258506,0.802632,0.0160114,-0.24124,0.242738,-0.475717,0.234164,-0.336978,0.352016,-0.552873,0.0303968,0.129104,0.648617,-0.087267,0.00702223,-0.184095,0.0600159,0.0630612,0.155915,0.292312,-0.0283383,0.2618,0.0156769,-0.0725149,0.0839679,0.07799,-0.271933,0.0072441,0.577576,-0.00368955,-0.019543,-0.00059222,0.606,0.0159996,0.00763354,-0.999843,0.6,0,0,1.41732,1.25107,1.76136
1.7621,-2.18137,7.76158,0.12667,-0.0785116,0.0961247,-0.00442423,0.0153541,-0.0828026,1.7621,-2.18137,7.76158,0.12667,-0.0785116,0.0961247,-0.00442423,0.0153541,-0.0828026,-0.319072,0.250836,-0.425277,0.215301,-0.386327,0.355515,-0.366365,0.0474268,0.107036,0.45489,-0.087267,0.0170394,-0.167181,0.0563729,0.0426134,0.150802,0.272231,-0.0456185,0.2618,0.0112795,-0.0911329,0.0975027,0.0561115,-0.291335,-0.00245571,0.576028,-0.00444492,-0.0219972,-0.00539183,0,0,0,0,0,0,0,0,0,0,0,0,0,0,0,0,0,0,0,0,0,0,0,0,0,0,0,0,0,-0.234652,-0.287057,-0.282964,0.33363,-0.152699,0.252371,-0.588988,0.115859,0.100666,0.973642,-0.0860199,-0.0134567,-0.10059,0.0850147,0.0249673,0.206219,0.244741,-0.00540863,0.309438,0.0112052,-0.0258905,0.0594298,0.232061,-0.208777,0.00800073,0.667451,-0.000961703,0.00154425,0.0111298,0.607106,-0.369793,1.0918,0.482238,-1.26412,0.70944,0.0205466,-1.68287,0.852364,-5.77281,-0.0130583,0.323721,0.881248,0.647777,-0.255747,-0.20032,0.0476334,-0.535214,0.0227916,0.0726479,-0.358362,0.37788,-0.148402,0.501619,0.358379,0.162533,-0.0516763,0.0696029,-0.173904,-1.77775,22.1989,-10.3593,-12.9269,-10.3428,1.51796,1.47494,0.700572,-0.641893,2.92348,-0.10993,0.00325154,-1.98555,-1.78091,1.57396,-0.524526,0.641747,0.301888,-1.44595,-0.00223536,-0.350849,0.00461755,-2.06064,-1.32875,-0.323469,-1.69928,0.00969762,-0.428246,-0.00927321,0,0,0,0,0,0,0,0,0,0,0,0,0,0,0,0,0,0,0,0,0,0,0,0,0,0,0,0,0,2.55789,2.55789,2.55789,6.3088,6.3088,1.81445,2.55789,2.55789,1.81445,6.3088,6.3088,0.907223,0.907223,1.81445,1.81445,0.907223,0.907223,1.81445,1.81445,0.907223,0.907223,0.907223,0.907223,0.907223,0.907223,1.06814,1.06814,1.06814,1.06814,40.1792,40.1792,40.1792,99.0984,99.0984,28.5012,40.1792,40.1792,28.5012,99.0984,99.0984,14.2506,14.2506,28.5012,28.5012,14.2506,14.2506,28.5012,28.5012,14.2506,14.2506,14.2506,14.2506,14.2506,14.2506,16.7783,16.7783,16.7783,16.7783,0,0,0,0,0,0,0,0,0,0,0,0,0,0,0,0,0,0,0,0,0,0,0,0,0,0,0,0,0,0,0,0,0,0,0,0,0,0,0,0,0,0,0,0,0,0,0,0,0,0,0,0,0,0,0,0,0,0,0,0,0,0,0,0,0,0,0,0,0,0,0,0,0,0,0,0,0,0,0,0,0,0,0,0,0,0,0,0,0,0,0,0,0,0,0,0,0,0,0,0,0,0,0,0,0,0,0,0,0,0,0,0,0,0,0,0,0,-0.00442423,0.0153541,-0.0828026,-0.112175,-0.32808,0.0971629,0.164694,-0.208252,0.128536,-0.104015,-0.00559926,-0.381189,-0.311352,-0.321766,-0.0129152,-0.0992883,0.0257184,-0.0596627,0.458109,0.0866169,-0.207792,-0.295261,-0.776696,0.244052,0.222316,-0.0723727,-1.29384,-0.61059,-0.0665232,0.515216,0.81061,0.0388515,-0.319072,0.250836,-0.425277,0.215301,-0.386327,0.355515,-0.366365,0.0474268,0.107036,0.45489,-0.087267,0.0170394,-0.167181,0.0563729,0.0426134,0.150802,0.272231,-0.0456185,0.2618,0.0112795,-0.0911329,0.0975027,0.0561115,-0.291335,-0.00245571,0.576028,-0.00444492,-0.0219972,-0.00539183,0.691,0.0153535,0.0044237,-0.999872,0.6,0,0,1.41441,1.25787,1.74954
2.47466,-2.25297,7.3925,0.0742241,-0.135972,0.159427,-0.00229214,0.0138538,-0.0801644,2.47466,-2.25297,7.3925,0.0742241,-0.135972,0.159427,-0.00229214,0.0138538,-0.0801644,-0.398898,0.248248,-0.35825,0.213059,-0.462005,0.345753,-0.192743,0.11254,0.0920978,0.366615,-0.0798392,0.0331965,-0.151076,0.057277,0.0129082,0.136966,0.267905,-0.0421776,0.2618,0.0084645,-0.0967839,0.112315,0.0563376,-0.36293,-0.0309186,0.575267,-0.00438346,-0.0249921,-0.00828988,0,0,0,0,0,0,0,0,0,0,0,0,0,0,0,0,0,0,0,0,0,0,0,0,0,0,0,0,0,-0.218326,-0.290126,-0.253796,0.345263,-0.184145,0.265347,-0.571264,0.0813448,0.117557,0.833952,-0.0858337,-0.00622278,-0.0834633,0.097979,0.015483,0.202144,0.245385,-0.0169865,0.310519,0.0114037,-0.0360972,0.0689726,0.22727,-0.197782,0.0144321,0.670726,-0.00199794,0.00219555,0.00747229,0.871454,-0.0662115,1.63748,0.53406,-1.4905,0.326688,1.23647,-1.73929,0.89994,-7.30652,-0.0480556,0.354921,0.794727,0.740528,-0.449847,-0.137431,0.0307482,-0.572301,-0.0215791,-0.00514208,-0.524994,0.454747,-0.243256,0.579005,0.315689,0.102264,-0.0455159,0.0255997,-0.165843,-6.23142,21.8889,-10.9015,-16.2415,-10.6806,1.82298,5.18679,2.94109,-1.84005,7.53921,0.102496,0.0116871,-1.91218,-2.41891,1.62583,-0.593104,0.357256,0.205732,-1.38983,0.0030611,-0.318402,-0.00850518,-2.21709,-1.83703,-0.517485,-1.71774,0.00788134,-0.435036,-0.0373043,0,0,0,0,0,0,0,0,0,0,0,0,0,0,0,0,0,0,0,0,0,0,0,0,0,0,0,0,0,2.55789,2.55789,2.55789,6.3088,6.3088,1.81445,2.55789,2.55789,1.81445,6.3088,6.3088,0.907223,0.907223,1.81445,1.81445,0.907223,0.907223,1.81445,1.81445,0.907223,0.907223,0.907223,0.907223,0.907223,0.907223,1.06814,1.06814,1.06814,1.06814,40.1792,40.1792,40.1792,99.0984,99.0984,28.5012,40.1792,40.1792,28.5012,99.0984,99.0984,14.2506,14.2506,28.5012,28.5012,14.2506,14.2506,28.5012,28.5012,14.2506,14.2506,14.2506,14.2506,14.2506,14.2506,16.7783,16.7783,16.7783,16.7783,0,0,0,0,0,0,0,0,0,0,0,0,0,0,0,0,0,0,0,0,0,0,0,0,0,0,0,0,0,0,0,0,0,0,0,0,0,0,0,0,0,0,0,0,0,0,0,0,0,0,0,0,0,0,0,0,0,0,0,0,0,0,0,0,0,0,0,0,0,0,0,0,0,0,0,0,0,0,0,0,0,0,0,0,0,0,0,0,0,0,0,0,0,0,0,0,0,0,0,0,0,0,0,0,0,0,0,0,0,0,0,0,0,0,0,0,0,-0.00229214,0.0138538,-0.0801644,-0.143723,-0.327565,0.029432,0.154831,-0.371497,0.130597,-0.096169,-0.0704975,-0.344469,-0.321035,-0.331984,-0.158704,0.217802,0.0192999,-0.0588376,0.453383,0.205535,-0.220677,-0.33546,-0.654282,0.209992,0.25609,-0.111272,-1.30023,-0.862327,-0.282338,0.807505,0.788351,0.0756914,-0.398898,0.248248,-0.35825,0.213059,-0.462005,0.345753,-0.192743,0.11254,0.0920978,0.366615,-0.0798392,0.0331965,-0.151076,0.057277,0.0129082,0.136966,0.267905,-0.0421776,0.2618,0.0084645,-0.0967839,0.112315,0.0563376,-0.36293,-0.0309186,0.575267,-0.00438346,-0.0249921,-0.00828988,0.702,0.0138534,0.00229192,-0.999901,0.6,0,0,1.41441,1.25787,1.74954
2.80435,-1.60034,7.41931,0.0333992,-0.186785,0.248111,-0.00132356,0.011361,-0.0760866,2.80435,-1.60034,7.41931,0.0333992,-0.186785,0.248111,-0.00132356,0.011361,-0.0760866,-0.444399,0.2622,-0.300069,0.243364,-0.512853,0.330124,-0.0416002,0.164264,0.0641036,0.336891,0.0278329,0.0555465,-0.130506,0.0794758,-0.0184639,0.140767,0.271327,-0.0319103,0.2618,0.00921652,-0.0959738,0.115578,0.0675239,-0.402959,-0.039632,0.575602,-0.00384291,-0.0263056,-0.0100794,0,0,0,0,0,0,0,0,0,0,0,0,0,0,0,0,0,0,0,0,0,0,0,0,0,0,0,0,0,-0.198167,-0.28825,-0.212549,0.361295,-0.226274,0.266808,-0.535945,0.048878,0.139665,0.687895,-0.0848432,0.0024413,-0.0702593,0.114665,0.00202951,0.19873,0.245031,-0.0263547,0.310129,0.0107509,-0.0467644,0.0793722,0.221161,-0.186761,0.0196697,0.671491,-0.00271027,0.00167384,0.00476412,1.04373,0.191897,2.26232,0.81916,-1.99113,-0.0380232,1.93701,-1.50711,1.22022,-6.89706,0.0191069,0.435863,0.553578,0.887035,-0.651319,-0.147658,-0.0528542,-0.404981,-0.038334,-0.0381326,-0.490686,0.504636,-0.284061,0.49126,0.234742,-0.0424363,-0.0291767,-0.0472161,-0.113269,-10.6799,21.0902,-11.4373,-19.7176,-10.8171,2.2926,8.95892,6.3463,-3.47861,11.3523,0.347189,0.0455739,-1.6583,-3.17196,1.52336,-0.739781,0.366438,0.279997,-1.31612,0.0017581,-0.270119,0.0132149,-2.08672,-2.9568,-0.931495,-1.58881,0.00325654,-0.40259,-0.0970592,0,0,0,0,0,0,0,0,0,0,0,0,0,0,0,0,0,0,0,0,0,0,0,0,0,0,0,0,0,2.55789,2.55789,2.55789,6.3088,6.3088,1.81445,2.55789,2.55789,1.81445,6.3088,6.3088,0.907223,0.907223,1.81445,1.81445,0.907223,0.907223,1.81445,1.81445,0.907223,0.907223,0.907223,0.907223,0.907223,0.907223,1.06814,1.06814,1.06814,1.06814,40.1792,40.1792,40.1792,99.0984,99.0984,28.5012,40.1792,40.1792,28.5012,99.0984,99.0984,14.2506,14.2506,28.5012,28.5012,14.2506,14.2506,28.5012,28.5012,14.2506,14.2506,14.2506,14.2506,14.2506,14.2506,16.7783,16.7783,16.7783,16.7783,0,0,0,0,0,0,0,0,0,0,0,0,0,0,0,0,0,0,0,0,0,0,0,0,0,0,0,0,0,0,0,0,0,0,0,0,0,0,0,0,0,0,0,0,0,0,0,0,0,0,0,0,0,0,0,0,0,0,0,0,0,0,0,0,0,0,0,0,0,0,0,0,0,0,0,0,0,0,0,0,0,0,0,0,0,0,0,0,0,0,0,0,0,0,0,0,0,0,0,0,0,0,0,0,0,0,0,0,0,0,0,0,0,0,0,0,0,-0.00132356,0.011361,-0.0760866,-0.135057,-0.302059,-0.0420996,0.162634,-0.462767,0.181213,-0.0727587,-0.090365,-0.297567,-0.293587,-0.327492,-0.241804,0.493839,0.0210146,-0.0515821,0.478863,0.299999,-0.21883,-0.353091,-0.548025,0.146163,0.26353,-0.135293,-1.21381,-0.947092,-0.427344,1.11456,0.752716,0.126652,-0.444399,0.2622,-0.300069,0.243364,-0.512853,0.330124,-0.0416002,0.164264,0.0641036,0.336891,0.0278329,0.0555465,-0.130506,0.0794758,-0.0184639,0.140767,0.271327,-0.0319103,0.2618,0.00921652,-0.0959738,0.115578,0.0675239,-0.402959,-0.039632,0.575602,-0.00384291,-0.0263056,-0.0100794,0.927,0.0113608,0.00132347,-0.999935,0.6,0,0,1.41168,1.26239,1.72463
3.11973,-1.24737,7.70377,0.0237247,-0.226616,0.339418,-0.000736166,0.00810101,-0.0702621,3.11973,-1.24737,7.70377,0.0237247,-0.226616,0.339418,-0.000736166,0.00810101,-0.0702621,-0.455707,0.236323,-0.234719,0.325497,-0.577508,0.307463,0.0336049,0.174337,0.0681417,0.333648,0.0802079,0.0550069,-0.107263,0.103496,-0.0620885,0.171092,0.291286,-0.017095,0.2618,0.00729376,-0.0727176,0.114199,0.0837551,-0.407667,-0.0439433,0.57659,-0.0044113,-0.0269004,-0.010326,0,0,0,0,0,0,0,0,0,0,0,0,0,0,0,0,0,0,0,0,0,0,0,0,0,0,0,0,0,-0.175062,-0.279811,-0.162161,0.385148,-0.272647,0.265642,-0.489789,0.0227497,0.163095,0.563305,-0.0573726,0.0135404,-0.0601516,0.131,-0.0159448,0.195062,0.242478,-0.0313718,0.308946,0.0103199,-0.055246,0.0883563,0.214295,-0.179727,0.0243051,0.669196,-0.00303104,3.95168e-05,0.0027385,1.16843,0.580563,2.56994,1.32409,-2.08203,-0.0671682,2.43487,-1.13765,1.05934,-5.47539,1.28654,0.575517,0.484188,0.742915,-0.887315,-0.164588,-0.163355,-0.192462,-0.0541326,-0.018032,-0.365996,0.40403,-0.319118,0.230674,0.21823,-0.161371,-0.0128175,-0.0966023,-0.084891,-13.7564,20.3869,-11.9644,-22.0361,-10.6153,1.95416,11.9535,8.59063,-4.74433,12.2232,0.321001,0.0836261,-1.43346,-2.79693,1.56219,-0.618019,0.55025,0.331038,-1.23829,0.000455158,-0.246867,0.0218127,-1.79671,-3.40675,-1.10889,-1.40785,-0.000192694,-0.343943,-0.123282,0,0,0,0,0,0,0,0,0,0,0,0,0,0,0,0,0,0,0,0,0,0,0,0,0,0,0,0,0,2.55789,2.55789,2.55789,6.3088,6.3088,1.81445,2.55789,2.55789,1.81445,6.3088,6.3088,0.907223,0.907223,1.81445,1.81445,0.907223,0.907223,1.81445,1.81445,0.907223,0.907223,0.907223,0.907223,0.907223,0.907223,1.06814,1.06814,1.06814,1.06814,40.1792,40.1792,40.1792,99.0984,99.0984,28.5012,40.1792,40.1792,28.5012,99.0984,99.0984,14.2506,14.2506,28.5012,28.5012,14.2506,14.2506,28.5012,28.5012,14.2506,14.2506,14.2506,14.2506,14.2506,14.2506,16.7783,16.7783,16.7783,16.7783,0,0,0,0,0,0,0,0,0,0,0,0,0,0,0,0,0,0,0,0,0,0,0,0,0,0,0,0,0,0,0,0,0,0,0,0,0,0,0,0,0,0,0,0,0,0,0,0,0,0,0,0,0,0,0,0,0,0,0,0,0,0,0,0,0,0,0,0,0,0,0,0,0,0,0,0,0,0,0,0,0,0,0,0,0,0,0,0,0,0,0,0,0,0,0,0,0,0,0,0,0,0,0,0,0,0,0,0,0,0,0,0,0,0,0,0,0,-0.000736166,0.00810101,-0.0702621,-0.0659123,-0.26505,-0.141568,0.208141,-0.473501,0.235981,-0.0389783,-0.100195,-0.244571,-0.263232,-0.314224,-0.262457,0.631188,0.0166305,-0.0592114,0.431604,0.318397,-0.165803,-0.361074,-0.428674,0.15537,0.260384,-0.138602,-0.979586,-0.956342,-0.611723,1.26392,0.701047,0.125421,-0.455707,0.236323,-0.234719,0.325497,-0.577508,0.307463,0.0336049,0.174337,0.0681417,0.333648,0.0802079,0.0550069,-0.107263,0.103496,-0.0620885,0.171092,0.291286,-0.017095,0.2618,0.00729376,-0.0727176,0.114199,0.0837551,-0.407667,-0.0439433,0.57659,-0.0044113,-0.0269004,-0.010326,0.732,0.00810093,0.000736142,-0.999967,0.6,0,0,1.41104,1.2639,1.71089
0.16146,5.2522,19.2797,0.356573,0.0450578,0.301553,0.00285689,0.00670609,-0.0636836,0.16146,5.2522,19.2797,0.356573,0.0450578,0.301553,0.00285689,0.00670609,-0.0636836,-0.520011,0.152535,-0.125935,0.560049,-0.667533,0.181928,0.0980633,0.0694449,0.286047,0.218823,-0.087267,-0.0158586,-0.103847,0.207943,-0.04521,0.241616,0.383425,0.00266437,0.2618,0.00936286,-0.0158133,0.0928908,0.133378,-0.362041,-0.0213936,0.578212,-0.00581394,-0.029491,-0.00843964,0,0,0,0,0,0,0,0,0,0,0,0,0,0,0,0,0,0,0,0,0,0,0,0,0,0,0,0,0,-0.153875,-0.249904,-0.113771,0.426405,-0.325909,0.263841,-0.444491,0.0207909,0.158587,0.513435,-0.0406235,-0.0110576,-0.0543619,0.12566,-0.0385477,0.189579,0.231797,-0.0316931,0.313397,0.00975022,-0.0568078,0.0947845,0.202805,-0.180408,0.0260143,0.670035,-0.0034237,-0.00195688,0.00128829,1.00245,2.44748,2.02508,2.30863,-2.40603,-0.094379,2.26876,0.922403,-1.25587,-0.898854,0.0135797,-1.95255,0.106714,-1.4117,-1.20453,-0.298073,-0.908894,0.0264673,0.465079,-0.0402613,0.156454,0.294073,-0.768574,-0.306405,-0.021692,0.234072,-0.019566,-0.0517358,-0.0671969,-14.6436,13.8933,-10.1686,-24.0918,-9.76676,1.42168,13.704,4.32593,-0.60885,-12.1689,11.6057,2.70317,-0.874926,1.47203,1.49341,0.0234344,1.59256,0.351017,-2.27488,-0.00215827,-0.322705,0.0133332,-1.03657,-3.01688,-0.991862,-1.78626,0.00412309,-0.347437,-0.123786,0,0,0,0,0,0,0,0,0,0,0,0,0,0,0,0,0,0,0,0,0,0,0,0,0,0,0,0,0,2.55789,2.55789,2.55789,6.3088,6.3088,1.81445,2.55789,2.55789,1.81445,6.3088,6.3088,0.907223,0.907223,1.81445,1.81445,0.907223,0.907223,1.81445,1.81445,0.907223,0.907223,0.907223,0.907223,0.907223,0.907223,1.06814,1.06814,1.06814,1.06814,40.1792,40.1792,40.1792,99.0984,99.0984,28.5012,40.1792,40.1792,28.5012,99.0984,99.0984,14.2506,14.2506,28.5012,28.5012,14.2506,14.2506,28.5012,28.5012,14.2506,14.2506,14.2506,14.2506,14.2506,14.2506,16.7783,16.7783,16.7783,16.7783,0,0,0,0,0,0,0,0,0,0,0,0,0,0,0,0,0,0,0,0,0,0,0,0,0,0,0,0,0,0,0,0,0,0,0,0,0,0,0,0,0,0,0,0,0,0,0,0,0,0,0,0,0,0,0,0,0,0,0,0,0,0,0,0,0,0,0,0,0,0,0,0,0,0,0,0,0,0,0,0,0,0,0,0,0,0,0,0,0,0,0,0,0,0,0,0,0,0,0,0,0,0,0,0,0,0,0,0,0,0,0,0,0,0,0,0,0,0.00285689,0.00670609,-0.0636836,0.0948879,-0.151904,-0.103083,0.418227,-0.369469,0.474132,0.00607504,-0.0487796,-0.236781,-0.23422,-0.292457,-0.379896,0.748911,0.0213483,-0.0780385,0.27858,0.126829,-0.0360558,-0.395848,-0.229999,0.652215,0.2118,-0.113282,-0.3107,-1.28379,-0.868452,0.423921,0.414813,-0.0361591,-0.520011,0.152535,-0.125935,0.560049,-0.667533,0.181928,0.0980633,0.0694449,0.286047,0.218823,-0.087267,-0.0158586,-0.103847,0.207943,-0.04521,0.241616,0.383425,0.00266437,0.2618,0.00936286,-0.0158133,0.0928908,0.133378,-0.362041,-0.0213936,0.578212,-0.00581394,-0.029491,-0.00843964,0.772,0.00670604,-0.00285682,-0.999973,0.6,0,0,1.41104,1.2639,1.71089
2.76638,0.299189,10.2531,0.320451,-0.0651379,0.188092,0.0102988,0.00665161,-0.058964,2.76638,0.299189,10.2531,0.320451,-0.0651379,0.188092,0.0102988,0.00665161,-0.058964,-0.748357,-0.109643,-0.043194,0.835876,-0.804416,0.00629992,0.200126,-0.127996,0.502079,0.0674537,-0.087267,-0.0567379,-0.107913,0.207967,-0.0248054,0.382335,0.443595,0.0440583,0.2618,0.0220689,0.0471493,0.0843799,0.20103,-0.243508,0.0297533,0.583304,-0.00514805,-0.0344597,0.00498087,0,0,0,0,0,0,0,0,0,0,0,0,0,0,0,0,0,0,0,0,0,0,0,0,0,0,0,0,0,-0.14661,-0.187097,-0.0837947,0.492991,-0.402852,0.240082,-0.397306,0.052108,0.124264,0.486095,-0.0384471,-0.0444424,-0.0511356,0.0833511,-0.0546355,0.190796,0.213601,-0.0321913,0.314479,0.00943237,-0.042203,0.0946308,0.189319,-0.190189,0.026358,0.672188,-0.00406334,-0.00270731,0.000194747,0.096622,3.55579,1.24073,3.38246,-3.54044,-1.47045,2.38755,1.97047,-1.84316,-1.8152,0.255218,-1.43575,0.147543,-2.42629,-0.488139,0.344247,-0.788277,-0.0848593,-0.179758,-0.00911438,0.817927,-0.12443,-0.548097,-0.571767,0.0352877,-0.0477064,-0.0324287,-0.0557759,-0.040802,-15.2979,4.96275,-4.88139,-14.4139,-3.86427,0.966292,13.9698,-4.01589,7.88053,-15.9118,-6.22301,1.71964,-0.896658,7.7807,1.24269,0.472945,3.14901,1.12502,-1.24565,0.00759901,-0.368793,0.0785068,-0.28965,-1.9521,-0.712068,-1.55983,0.0050508,-0.398772,-0.0999955,0,0,0,0,0,0,0,0,0,0,0,0,0,0,0,0,0,0,0,0,0,0,0,0,0,0,0,0,0,2.55789,2.55789,2.55789,6.3088,6.3088,1.81445,2.55789,2.55789,1.81445,6.3088,6.3088,0.907223,0.907223,1.81445,1.81445,0.907223,0.907223,1.81445,1.81445,0.907223,0.907223,0.907223,0.907223,0.907223,0.907223,1.06814,1.06814,1.06814,1.06814,40.1792,40.1792,40.1792,99.0984,99.0984,28.5012,40.1792,40.1792,28.5012,99.0984,99.0984,14.2506,14.2506,28.5012,28.5012,14.2506,14.2506,28.5012,28.5012,14.2506,14.2506,14.2506,14.2506,14.2506,14.2506,16.7783,16.7783,16.7783,16.7783,0,0,0,0,0,0,0,0,0,0,0,0,0,0,0,0,0,0,0,0,0,0,0,0,0,0,0,0,0,0,0,0,0,0,0,0,0,0,0,0,0,0,0,0,0,0,0,0,0,0,0,0,0,0,0,0,0,0,0,0,0,0,0,0,0,0,0,0,0,0,0,0,0,0,0,0,0,0,0,0,0,0,0,0,0,0,0,0,0,0,0,0,0,0,0,0,0,0,0,0,0,0,0,0,0,0,0,0,0,0,0,0,0,0,0,0,0,0.0102988,0.00665161,-0.058964,0.415741,0.00234891,-0.0565589,0.55542,-0.0992032,0.474185,0.100457,0.0678406,-0.246051,-0.111494,-0.224106,-0.796932,0.935311,0.0503194,-0.0691005,-0.200244,-0.233762,0.107505,-0.46254,-0.0788864,1.14479,0.192395,0.0668565,0.475889,-1.71546,-1.25881,-0.75567,0.0143644,-0.129368,-0.748357,-0.109643,-0.043194,0.835876,-0.804416,0.00629992,0.200126,-0.127996,0.502079,0.0674537,-0.087267,-0.0567379,-0.107913,0.207967,-0.0248054,0.382335,0.443595,0.0440583,0.2618,0.0220689,0.0471493,0.0843799,0.20103,-0.243508,0.0297533,0.583304,-0.00514805,-0.0344597,0.00498087,0.704,0.00665156,-0.0102984,-0.999925,0.6,0,0,1.4113,1.26345,1.67888
-0.875369,-1.35823,9.46978,0.0999222,-0.169124,0.0102113,0.0147504,0.00284341,-0.0573288,-0.875369,-1.35823,9.46978,0.0999222,-0.169124,0.0102113,0.0147504,0.00284341,-0.0573288,-0.900477,-0.183645,-0.0044374,1.09239,-0.880028,-0.0259016,0.266186,-0.285578,0.52,0.083441,-0.087267,-0.0448091,-0.0792948,0.116044,0.0345502,0.349252,0.383801,0.0410904,0.2618,0.0393446,0.0234758,0.0811921,0.254898,-0.280906,0.0307069,0.588486,-0.00450915,-0.0332944,0.017646,0,0,0,0,0,0,0,0,0,0,0,0,0,0,0,0,0,0,0,0,0,0,0,0,0,0,0,0,0,-0.170627,-0.117785,-0.0782387,0.588345,-0.506354,0.182434,-0.357303,0.0953317,0.0856003,0.434342,-0.0257616,-0.068791,-0.0431327,0.0328672,-0.0481382,0.207168,0.200347,-0.0289914,0.304825,0.0124508,-0.018836,0.0889646,0.18265,-0.201037,0.0283113,0.668067,-0.00448082,-0.00581047,0.00134426,-1.78787,3.27732,-0.104713,4.85105,-4.68827,-2.94225,1.80628,2.23537,-1.7211,-2.97746,0.823506,-1.02374,0.401582,-2.35492,0.604321,1.06613,-0.444959,0.274948,-0.568548,0.163661,1.16274,-0.271995,-0.252689,-0.435125,0.114359,-0.317046,-0.0167149,-0.2078,0.0812135,-18.8934,-7.94325,1.59567,-5.78554,0.0731021,0.319329,17.8609,-14.4928,15.0677,-18.3776,-11.0624,1.11645,-1.30831,9.26748,-0.394609,1.58752,3.91659,1.6176,-0.221027,-0.0129775,-0.116734,0.187346,0.487369,-0.19237,-0.0808353,-1.11372,0.00685045,-0.27201,-0.0250576,0,0,0,0,0,0,0,0,0,0,0,0,0,0,0,0,0,0,0,0,0,0,0,0,0,0,0,0,0,2.55789,2.55789,2.55789,6.3088,6.3088,1.81445,2.55789,2.55789,1.81445,6.3088,6.3088,0.907223,0.907223,1.81445,1.81445,0.907223,0.907223,1.81445,1.81445,0.907223,0.907223,0.907223,0.907223,0.907223,0.907223,1.06814,1.06814,1.06814,1.06814,40.1792,40.1792,40.1792,99.0984,99.0984,28.5012,40.1792,40.1792,28.5012,99.0984,99.0984,14.2506,14.2506,28.5012,28.5012,14.2506,14.2506,28.5012,28.5012,14.2506,14.2506,14.2506,14.2506,14.2506,14.2506,16.7783,16.7783,16.7783,16.7783,0,0,0,0,0,0,0,0,0,0,0,0,0,0,0,0,0,0,0,0,0,0,0,0,0,0,0,0,0,0,0,0,0,0,0,0,0,0,0,0,0,0,0,0,0,0,0,0,0,0,0,0,0,0,0,0,0,0,0,0,0,0,0,0,0,0,0,0,0,0,0,0,0,0,0,0,0,0,0,0,0,0,0,0,0,0,0,0,0,0,0,0,0,0,0,0,0,0,0,0,0,0,0,0,0,0,0,0,0,0,0,0,0,0,0,0,0,0.0147504,0.00284341,-0.0573288,0.340309,0.125173,0.078778,0.419084,-0.184473,0.264592,0.0936903,0.0700147,-0.1808,-0.10695,-0.154543,-1.07475,1.05596,0.0897097,-0.0605248,-0.335396,-0.521559,0.0535271,-0.446899,-0.00810415,1.43557,0.185126,0.236856,1.20741,-1.66987,-1.47444,-1.15538,-0.0590581,-0.102169,-0.900477,-0.183645,-0.0044374,1.09239,-0.880028,-0.0259016,0.266186,-0.285578,0.52,0.083441,-0.087267,-0.0448091,-0.0792948,0.116044,0.0345502,0.349252,0.383801,0.0410904,0.2618,0.0393446,0.0234758,0.0811921,0.254898,-0.280906,0.0307069,0.588486,-0.00450915,-0.0332944,0.017646,0.566,0.0028434,-0.0147498,-0.999887,0.6,0,0,1.4113,1.26345,1.67888
-3.32541,-1.22237,9.2262,-0.112641,0.04047,0.141599,0.0146159,0.000959221,-0.0556883,-3.32541,-1.22237,9.2262,-0.112641,0.04047,0.141599,0.0146159,0.000959221,-0.0556883,-0.898162,-0.121098,-0.0192983,1.21325,-0.834461,-0.0464714,0.19603,-0.291933,0.52,0.136189,-0.087267,-0.0552399,-0.0354176,0.017311,0.075075,0.253435,0.352352,0.0420675,0.2618,0.035014,-0.0464536,0.109265,0.255617,-0.336146,-0.0010385,0.591425,-0.0036609,-0.0268279,0.0262814,0,0,0,0,0,0,0,0,0,0,0,0,0,0,0,0,0,0,0,0,0,0,0,0,0,0,0,0,0,-0.230205,-0.0617955,-0.0848196,0.715413,-0.605152,0.125965,-0.33001,0.136051,0.0527209,0.374793,-0.0101317,-0.0826698,-0.0327883,-0.00857189,-0.0309615,0.228329,0.195301,-0.0224747,0.297289,0.0190359,-0.00333589,0.0840311,0.181486,-0.209267,0.0311397,0.657272,-0.0044899,-0.0107355,0.00527913,-3.35317,2.35922,-0.287399,6.68255,-4.30973,-2.50816,1.23157,1.85211,-1.3721,-2.8526,0.707332,-0.504396,0.422375,-1.70252,0.727673,0.982563,-0.0823258,0.364844,-0.272114,0.337605,0.582882,-0.201522,-0.0066183,-0.360944,0.154016,-0.589623,0.00112188,-0.278098,0.216972,-18.5857,-11.002,4.02379,-4.08726,-0.0154335,0.232376,20.9049,-21.6293,15.9024,-11.1851,-12.0984,1.00994,-1.08001,6.7285,0.470781,0.841891,2.79747,1.1796,-0.498478,-0.0169616,-0.152197,0.14774,1.0503,-0.686517,-0.141401,-0.533878,-0.00188774,-0.0918875,-0.0221606,0,0,0,0,0,0,0,0,0,0,0,0,0,0,0,0,0,0,0,0,0,0,0,0,0,0,0,0,0,2.55789,2.55789,2.55789,6.3088,6.3088,1.81445,2.55789,2.55789,1.81445,6.3088,6.3088,0.907223,0.907223,1.81445,1.81445,0.907223,0.907223,1.81445,1.81445,0.907223,0.907223,0.907223,0.907223,0.907223,0.907223,1.06814,1.06814,1.06814,1.06814,40.1792,40.1792,40.1792,99.0984,99.0984,28.5012,40.1792,40.1792,28.5012,99.0984,99.0984,14.2506,14.2506,28.5012,28.5012,14.2506,14.2506,28.5012,28.5012,14.2506,14.2506,14.2506,14.2506,14.2506,14.2506,16.7783,16.7783,16.7783,16.7783,0,0,0,0,0,0,0,0,0,0,0,0,0,0,0,0,0,0,0,0,0,0,0,0,0,0,0,0,0,0,0,0,0,0,0,0,0,0,0,0,0,0,0,0,0,0,0,0,0,0,0,0,0,0,0,0,0,0,0,0,0,0,0,0,0,0,0,0,0,0,0,0,0,0,0,0,0,0,0,0,0,0,0,0,0,0,0,0,0,0,0,0,0,0,0,0,0,0,0,0,0,0,0,0,0,0,0,0,0,0,0,0,0,0,0,0,0,0.0146159,0.000959221,-0.0556883,0.121837,0.126813,0.171178,0.347377,-0.310427,0.0394708,0.0959181,-0.00236788,-0.0807556,-0.171861,-0.115094,-1.07053,0.927831,0.0798354,-0.0491391,-0.221166,-0.533166,-0.105919,-0.360102,-0.0352451,1.42958,0.249135,0.352766,1.55207,-1.51945,-1.34449,-0.980531,-0.105959,-0.125953,-0.898162,-0.121098,-0.0192983,1.21325,-0.834461,-0.0464714,0.19603,-0.291933,0.52,0.136189,-0.087267,-0.0552399,-0.0354176,0.017311,0.075075,0.253435,0.352352,0.0420675,0.2618,0.035014,-0.0464536,0.109265,0.255617,-0.336146,-0.0010385,0.591425,-0.0036609,-0.0268279,0.0262814,0.712,0.00095922,-0.0146154,-0.999893,0.6,0,0,1.4119,1.25139,1.65162
-2.40674,-1.51502,7.87597,-0.2548,0.22057,0.323124,0.0109301,0.00355869,-0.0507058,-2.40674,-1.51502,7.87597,-0.2548,0.22057,0.323124,0.0109301,0.00355869,-0.0507058,-0.893935,-0.0570115,-0.0245609,1.29475,-0.793603,-0.0556821,0.0872346,-0.292556,0.52,0.139733,-0.087267,-0.0712499,-0.00856064,-0.0261366,0.0803523,0.207745,0.313085,0.0256006,0.2618,0.0234642,-0.0787341,0.148309,0.233086,-0.342786,-0.0144885,0.594604,-0.00245273,-0.0215896,0.0319502,0,0,0,0,0,0,0,0,0,0,0,0,0,0,0,0,0,0,0,0,0,0,0,0,0,0,0,0,0,-0.303654,-0.0239663,-0.0887341,0.851679,-0.666721,0.0791499,-0.311709,0.17073,0.0347991,0.327137,-0.000765843,-0.0862629,-0.0287821,-0.0352703,-0.0177249,0.244292,0.196391,-0.0149567,0.297733,0.0236215,-0.00558182,0.0865752,0.18312,-0.216124,0.0316484,0.645027,-0.00429728,-0.0147828,0.0114514,-3.63115,1.49683,-0.0789139,6.49682,-2.60195,-2.07377,0.829722,1.66621,-0.313048,-2.1061,0.648798,0.229583,0.00680481,-0.980914,0.476366,0.655555,0.171008,0.408044,0.0786414,0.182138,-0.336845,0.24729,0.105898,-0.325052,-0.0417197,-0.550289,0.0111928,-0.172371,0.29997,-14.7594,-7.85762,3.05342,-4.79347,-0.207976,0.188467,18.3519,-22.713,14.7437,-5.71871,-11.9377,0.388871,-0.130999,3.39446,1.70869,-0.471909,2.10348,0.915436,-1.17355,-0.00352184,-0.290778,0.110175,0.941949,-1.41563,-0.436212,-0.304029,-0.00120091,-0.0183281,-0.0731,0,0,0,0,0,0,0,0,0,0,0,0,0,0,0,0,0,0,0,0,0,0,0,0,0,0,0,0,0,2.55789,2.55789,2.55789,6.3088,6.3088,1.81445,2.55789,2.55789,1.81445,6.3088,6.3088,0.907223,0.907223,1.81445,1.81445,0.907223,0.907223,1.81445,1.81445,0.907223,0.907223,0.907223,0.907223,0.907223,0.907223,1.06814,1.06814,1.06814,1.06814,40.1792,40.1792,40.1792,99.0984,99.0984,28.5012,40.1792,40.1792,28.5012,99.0984,99.0984,14.2506,14.2506,28.5012,28.5012,14.2506,14.2506,28.5012,28.5012,14.2506,14.2506,14.2506,14.2506,14.2506,14.2506,16.7783,16.7783,16.7783,16.7783,0,0,0,0,0,0,0,0,0,0,0,0,0,0,0,0,0,0,0,0,0,0,0,0,0,0,0,0,0,0,0,0,0,0,0,0,0,0,0,0,0,0,0,0,0,0,0,0,0,0,0,0,0,0,0,0,0,0,0,0,0,0,0,0,0,0,0,0,0,0,0,0,0,0,0,0,0,0,0,0,0,0,0,0,0,0,0,0,0,0,0,0,0,0,0,0,0,0,0,0,0,0,0,0,0,0,0,0,0,0,0,0,0,0,0,0,0,0.0109301,0.00355869,-0.0507058,0.0176588,0.0754394,0.183211,0.257844,-0.325567,-0.0595941,0.058372,-0.0330352,-0.0195191,-0.158078,-0.0724233,-1.0628,0.729134,0.0535007,-0.0329222,-0.104122,-0.534303,-0.179522,-0.28979,-0.0448564,1.33605,0.338159,0.428856,1.78447,-1.50934,-1.22797,-0.836422,-0.126961,-0.162457,-0.893935,-0.0570115,-0.0245609,1.29475,-0.793603,-0.0556821,0.0872346,-0.292556,0.52,0.139733,-0.087267,-0.0712499,-0.00856064,-0.0261366,0.0803523,0.207745,0.313085,0.0256006,0.2618,0.0234642,-0.0787341,0.148309,0.233086,-0.342786,-0.0144885,0.594604,-0.00245273,-0.0215896,0.0319502,0.938,0.00355868,-0.0109298,-0.999934,0.6,0,0,1.42094,0.569638,1.63068
-1.67877,-0.927171,7.79513,-0.279443,0.292064,0.433087,0.00570987,0.00839086,-0.0427821,-1.67877,-0.927171,7.79513,-0.279443,0.292064,0.433087,0.00570987,0.00839086,-0.0427821,-0.877869,-0.00869339,-0.0245126,1.36695,-0.74858,-0.0643297,-0.00124116,-0.307339,0.52,0.113485,-0.087267,-0.0518106,-0.00244245,-0.0224188,0.102871,0.211108,0.24916,-0.00567758,0.2618,0.0172904,-0.0809686,0.187076,0.215707,-0.335443,-0.0214306,0.595546,-0.00050677,-0.0206521,0.0323878,0,0,0,0,0,0,0,0,0,0,0,0,0,0,0,0,0,0,0,0,0,0,0,0,0,0,0,0,0,-0.378853,0.00156886,-0.0876797,0.975746,-0.70063,0.0421962,-0.300981,0.201886,0.0292741,0.293899,0.00517612,-0.091435,-0.0328476,-0.0517678,-0.007607,0.254537,0.200892,-0.00904981,0.301784,0.0240339,-0.0173754,0.0998047,0.185869,-0.223371,0.0285825,0.636843,-0.00386141,-0.0164976,0.0178781,-3.65578,1.08205,0.165815,5.73005,-1.41777,-1.61752,0.468166,1.49557,-0.0477877,-1.46503,0.433438,-0.284417,-0.361772,-0.660533,0.400849,0.401422,0.249292,0.277104,0.195635,-0.0209078,-0.622322,0.751792,0.121126,-0.383142,-0.210865,-0.27412,0.0221384,-0.0378874,0.290836,-11.4926,-5.21859,2.18788,-4.36504,-0.248955,0.150206,14.4899,-23.5511,14.4353,-6.37807,-10.3911,0.747453,0.648263,2.02131,1.72525,-1.03685,1.39679,0.501483,-1.5349,0.00896591,-0.309411,0.019356,0.562822,-1.35954,-0.433127,-0.396495,-6.1997e-05,-0.0367188,-0.0771569,0,0,0,0,0,0,0,0,0,0,0,0,0,0,0,0,0,0,0,0,0,0,0,0,0,0,0,0,0,2.55789,2.55789,2.55789,6.3088,6.3088,1.81445,2.55789,2.55789,1.81445,6.3088,6.3088,0.907223,0.907223,1.81445,1.81445,0.907223,0.907223,1.81445,1.81445,0.907223,0.907223,0.907223,0.907223,0.907223,0.907223,1.06814,1.06814,1.06814,1.06814,40.1792,40.1792,40.1792,99.0984,99.0984,28.5012,40.1792,40.1792,28.5012,99.0984,99.0984,14.2506,14.2506,28.5012,28.5012,14.2506,14.2506,28.5012,28.5012,14.2506,14.2506,14.2506,14.2506,14.2506,14.2506,16.7783,16.7783,16.7783,16.7783,0,0,0,0,0,0,0,0,0,0,0,0,0,0,0,0,0,0,0,0,0,0,0,0,0,0,0,0,0,0,0,0,0,0,0,0,0,0,0,0,0,0,0,0,0,0,0,0,0,0,0,0,0,0,0,0,0,0,0,0,0,0,0,0,0,0,0,0,0,0,0,0,0,0,0,0,0,0,0,0,0,0,0,0,0,0,0,0,0,0,0,0,0,0,0,0,0,0,0,0,0,0,0,0,0,0,0,0,0,0,0,0,0,0,0,0,0,0.00570987,0.00839086,-0.0427821,0.0253274,0.0358145,0.234556,0.11209,-0.308824,-0.051117,-0.0129454,-0.048864,-0.00556903,-0.0943414,-0.0597822,-1.03346,0.567548,0.0394239,-0.0068022,-0.015877,-0.561302,-0.184616,-0.277206,-0.0447681,1.25614,0.426551,0.434731,1.99039,-1.58419,-1.09958,-0.829734,-0.146678,-0.118133,-0.877869,-0.00869339,-0.0245126,1.36695,-0.74858,-0.0643297,-0.00124116,-0.307339,0.52,0.113485,-0.087267,-0.0518106,-0.00244245,-0.0224188,0.102871,0.211108,0.24916,-0.00567758,0.2618,0.0172904,-0.0809686,0.187076,0.215707,-0.335443,-0.0214306,0.595546,-0.00050677,-0.0206521,0.0323878,0.685,0.00839076,-0.00570963,-0.999949,0.6,0,0,1.42094,0.569638,1.63068
-1.15341,0.983167,9.57912,-0.255378,0.260218,0.461986,0.000602776,0.0135127,-0.0335616,-1.15341,0.983167,9.57912,-0.255378,0.260218,0.461986,0.000602776,0.0135127,-0.0335616,-0.840508,0.0529779,-0.0490378,1.37915,-0.682117,-0.076422,-0.0782151,-0.328272,0.504185,0.100871,-0.087267,-0.0323224,-0.0119851,-0.0411768,0.125991,0.210394,0.233755,-0.0133851,0.2618,0.0124556,-0.0725508,0.201524,0.214354,-0.305401,-0.0141886,0.595767,0.000954445,-0.0217467,0.0337677,0,0,0,0,0,0,0,0,0,0,0,0,0,0,0,0,0,0,0,0,0,0,0,0,0,0,0,0,0,-0.453108,0.0220653,-0.0830478,1.08333,-0.713491,0.0130601,-0.295114,0.230755,0.0270072,0.268526,0.0100851,-0.0993031,-0.0430874,-0.0649552,0.00253503,0.261467,0.204954,-0.00748684,0.305763,0.0222479,-0.0283431,0.121792,0.188671,-0.231876,0.0228247,0.634887,-0.00308176,-0.0162116,0.0228622,-3.58021,0.964512,0.296766,4.93262,-0.507772,-1.28064,0.279023,1.40668,-0.0763121,-1.16376,0.193248,-0.437918,-0.633858,-0.621567,0.470972,0.299421,0.127215,0.0248628,0.17707,-0.0979174,-0.479592,1.11753,0.118964,-0.443757,-0.328306,0.0373459,0.0385308,0.0505188,0.206914,-8.04827,-3.67819,1.64836,-2.87721,-0.274378,0.120545,11.1515,-25.1308,14.2217,-8.10927,-10.8719,1.05641,1.11277,2.33411,1.98205,-0.992379,0.502107,0.00734829,-1.57323,0.017516,-0.314645,-0.0778034,0.273165,-1.08741,-0.345938,-0.671304,0.00199042,-0.119168,-0.0644906,0,0,0,0,0,0,0,0,0,0,0,0,0,0,0,0,0,0,0,0,0,0,0,0,0,0,0,0,0,2.55789,2.55789,2.55789,6.3088,6.3088,1.81445,2.55789,2.55789,1.81445,6.3088,6.3088,0.907223,0.907223,1.81445,1.81445,0.907223,0.907223,1.81445,1.81445,0.907223,0.907223,0.907223,0.907223,0.907223,0.907223,1.06814,1.06814,1.06814,1.06814,40.1792,40.1792,40.1792,99.0984,99.0984,28.5012,40.1792,40.1792,28.5012,99.0984,99.0984,14.2506,14.2506,28.5012,28.5012,14.2506,14.2506,28.5012,28.5012,14.2506,14.2506,14.2506,14.2506,14.2506,14.2506,16.7783,16.7783,16.7783,16.7783,0,0,0,0,0,0,0,0,0,0,0,0,0,0,0,0,0,0,0,0,0,0,0,0,0,0,0,0,0,0,0,0,0,0,0,0,0,0,0,0,0,0,0,0,0,0,0,0,0,0,0,0,0,0,0,0,0,0,0,0,0,0,0,0,0,0,0,0,0,0,0,0,0,0,0,0,0,0,0,0,0,0,0,0,0,0,0,0,0,0,0,0,0,0,0,0,0,0,0,0,0,0,0,0,0,0,0,0,0,0,0,0,0,0,0,0,0,0.000602776,0.0135127,-0.0335616,0.023699,0.0327289,0.287271,0.076965,-0.240325,-0.0938873,-0.0305194,-0.0323514,-0.0273271,-0.0788142,-0.0568245,-0.965229,0.426968,0.0284,0.0128112,0.0967551,-0.599533,-0.165423,-0.291898,-0.0895591,1.14959,0.459494,0.453252,2.02517,-1.62016,-0.910043,-0.836218,-0.17425,-0.0736983,-0.840508,0.0529779,-0.0490378,1.37915,-0.682117,-0.076422,-0.0782151,-0.328272,0.504185,0.100871,-0.087267,-0.0323224,-0.0119851,-0.0411768,0.125991,0.210394,0.233755,-0.0133851,0.2618,0.0124556,-0.0725508,0.201524,0.214354,-0.305401,-0.0141886,0.595767,0.000954445,-0.0217467,0.0337677,0.669,0.0135123,-0.000602721,-0.999909,0.6,0,0,1.41403,1.25692,1.60298
-0.460303,0.654832,9.66999,-0.254203,0.173315,0.435794,-0.00431514,0.0175271,-0.0244916,-0.460303,0.654832,9.66999,-0.254203,0.173315,0.435794,-0.00431514,0.0175271,-0.0244916,-0.804003,0.107525,-0.0770124,1.33343,-0.567495,-0.088918,-0.157697,-0.342303,0.437408,0.13233,-0.087267,-0.0516151,-0.0290578,-0.0875049,0.127332,0.212243,0.244596,-0.00238318,0.2618,0.0106022,-0.0552027,0.184953,0.217417,-0.287819,-0.00711566,0.597357,0.00124977,-0.0220447,0.0355039,0,0,0,0,0,0,0,0,0,0,0,0,0,0,0,0,0,0,0,0,0,0,0,0,0,0,0,0,0,-0.52144,0.0403241,-0.0768858,1.16793,-0.705406,-0.011352,-0.29072,0.258177,0.0269497,0.247191,0.013072,-0.106012,-0.0582031,-0.0764442,0.0137101,0.267215,0.205737,-0.00838943,0.308844,0.0194734,-0.0346325,0.143822,0.191756,-0.240224,0.015874,0.637692,-0.00212453,-0.014776,0.0262696,-3.19729,0.867622,0.302399,3.65102,0.415245,-1.08981,0.23632,1.34928,0.0729105,-0.992408,0.114576,-0.277755,-0.833805,-0.532466,0.552743,0.270032,-0.0401519,-0.0597322,0.139369,-0.13801,-0.227565,1.00407,0.164775,-0.387437,-0.344832,0.197732,0.0450456,0.0856682,0.140023,-4.74363,-1.67782,0.360036,-2.19173,-0.31906,0.125087,7.98942,-26.9201,13.5073,-8.32928,-10.6914,1.29841,1.3802,1.9623,2.1998,-1.05223,0.419452,-0.035881,-1.59118,0.024424,-0.329947,-0.0883088,0.175874,-0.581539,-0.121893,-0.898552,0.00347721,-0.20287,-0.0258003,0,0,0,0,0,0,0,0,0,0,0,0,0,0,0,0,0,0,0,0,0,0,0,0,0,0,0,0,0,2.55789,2.55789,2.55789,6.3088,6.3088,1.81445,2.55789,2.55789,1.81445,6.3088,6.3088,0.907223,0.907223,1.81445,1.81445,0.907223,0.907223,1.81445,1.81445,0.907223,0.907223,0.907223,0.907223,0.907223,0.907223,1.06814,1.06814,1.06814,1.06814,40.1792,40.1792,40.1792,99.0984,99.0984,28.5012,40.1792,40.1792,28.5012,99.0984,99.0984,14.2506,14.2506,28.5012,28.5012,14.2506,14.2506,28.5012,28.5012,14.2506,14.2506,14.2506,14.2506,14.2506,14.2506,16.7783,16.7783,16.7783,16.7783,0,0,0,0,0,0,0,0,0,0,0,0,0,0,0,0,0,0,0,0,0,0,0,0,0,0,0,0,0,0,0,0,0,0,0,0,0,0,0,0,0,0,0,0,0,0,0,0,0,0,0,0,0,0,0,0,0,0,0,0,0,0,0,0,0,0,0,0,0,0,0,0,0,0,0,0,0,0,0,0,0,0,0,0,0,0,0,0,0,0,0,0,0,0,0,0,0,0,0,0,0,0,0,0,0,0,0,0,0,0,0,0,0,0,0,0,0,-0.00431514,0.0175271,-0.0244916,0.0279146,0.0397119,0.29033,0.101682,-0.200236,-0.19952,-0.00543388,-0.0162244,-0.0662548,-0.0743061,-0.0354728,-0.89856,0.281807,0.0241741,0.0167753,0.196376,-0.625158,-0.125868,-0.295899,-0.14065,0.997334,0.421711,0.476557,1.8948,-1.53045,-0.583168,-0.694166,-0.202742,-0.117687,-0.804003,0.107525,-0.0770124,1.33343,-0.567495,-0.088918,-0.157697,-0.342303,0.437408,0.13233,-0.087267,-0.0516151,-0.0290578,-0.0875049,0.127332,0.212243,0.244596,-0.00238318,0.2618,0.0106022,-0.0552027,0.184953,0.217417,-0.287819,-0.00711566,0.597357,0.00124977,-0.0220447,0.0355039,0.656,0.0175262,0.00431446,-0.999837,0.6,0,0,1.41403,1.25692,1.60298
-0.579332,0.360526,8.97078,-0.255971,0.136063,0.369347,-0.00936922,0.0204344,-0.0165248,-0.579332,0.360526,8.97078,-0.255971,0.136063,0.369347,-0.00936922,0.0204344,-0.0165248,-0.810505,0.135596,-0.0626689,1.26593,-0.455629,-0.0813321,-0.180753,-0.331205,0.376568,0.158363,-0.087267,-0.0982077,-0.0481343,-0.120165,0.113854,0.220888,0.26796,0.0116567,0.2618,0.0123377,-0.0262964,0.165054,0.216632,-0.267529,0.00265379,0.599698,0.00126922,-0.0233657,0.033111,0,0,0,0,0,0,0,0,0,0,0,0,0,0,0,0,0,0,0,0,0,0,0,0,0,0,0,0,0,-0.579799,0.0560124,-0.0712486,1.22107,-0.669389,-0.0326599,-0.28892,0.283475,0.0289031,0.233937,0.0121843,-0.111769,-0.0758366,-0.0849328,0.0254445,0.272481,0.203561,-0.00807196,0.310615,0.016743,-0.0350744,0.156856,0.195566,-0.246549,0.00975689,0.641748,-0.00130863,-0.0130631,0.0287116,-2.66045,0.726492,0.215517,1.99375,1.66867,-0.955229,0.057096,1.22339,0.0865704,-0.479868,-0.115177,-0.362224,-0.874573,-0.386012,0.55122,0.240584,-0.147305,0.0319424,0.0780318,-0.127031,0.0584086,0.487089,0.204324,-0.266981,-0.269263,0.179393,0.0360553,0.0795912,0.10542,-2.27008,0.235269,-0.817035,-1.78405,-0.445809,0.13305,5.15436,-28.1872,11.4821,-6.99285,-9.18838,1.14262,1.44379,0.610861,1.90173,-1.07572,0.708402,0.102696,-1.52998,0.0271057,-0.333358,-0.0459183,0.131993,-0.34449,0.00422705,-0.937093,0.00436662,-0.235399,0.000933407,0,0,0,0,0,0,0,0,0,0,0,0,0,0,0,0,0,0,0,0,0,0,0,0,0,0,0,0,0,2.55789,2.55789,2.55789,6.3088,6.3088,1.81445,2.55789,2.55789,1.81445,6.3088,6.3088,0.907223,0.907223,1.81445,1.81445,0.907223,0.907223,1.81445,1.81445,0.907223,0.907223,0.907223,0.907223,0.907223,0.907223,1.06814,1.06814,1.06814,1.06814,40.1792,40.1792,40.1792,99.0984,99.0984,28.5012,40.1792,40.1792,28.5012,99.0984,99.0984,14.2506,14.2506,28.5012,28.5012,14.2506,14.2506,28.5012,28.5012,14.2506,14.2506,14.2506,14.2506,14.2506,14.2506,16.7783,16.7783,16.7783,16.7783,0,0,0,0,0,0,0,0,0,0,0,0,0,0,0,0,0,0,0,0,0,0,0,0,0,0,0,0,0,0,0,0,0,0,0,0,0,0,0,0,0,0,0,0,0,0,0,0,0,0,0,0,0,0,0,0,0,0,0,0,0,0,0,0,0,0,0,0,0,0,0,0,0,0,0,0,0,0,0,0,0,0,0,0,0,0,0,0,0,0,0,0,0,0,0,0,0,0,0,0,0,0,0,0,0,0,0,0,0,0,0,0,0,0,0,0,0,-0.00936922,0.0204344,-0.0165248,0.0476273,0.0379237,0.259599,0.154955,-0.153973,-0.273987,0.0265784,0.00605092,-0.109751,-0.0586098,-0.00405209,-0.910434,0.239701,0.0281312,0.0170363,0.247642,-0.60489,-0.0599583,-0.31363,-0.114454,0.858613,0.376339,0.444437,1.70229,-1.45621,-0.264155,-0.505755,-0.185445,-0.223923,-0.810505,0.135596,-0.0626689,1.26593,-0.455629,-0.0813321,-0.180753,-0.331205,0.376568,0.158363,-0.087267,-0.0982077,-0.0481343,-0.120165,0.113854,0.220888,0.26796,0.0116567,0.2618,0.0123377,-0.0262964,0.165054,0.216632,-0.267529,0.00265379,0.599698,0.00126922,-0.0233657,0.033111,0.635,0.020433,0.00936712,-0.999747,0.6,0,0,1.4008,1.25817,1.56954
-0.732232,0.357144,8.59405,-0.247483,0.168718,0.278513,-0.014418,0.0235357,-0.0102259,-0.732232,0.357144,8.59405,-0.247483,0.168718,0.278513,-0.014418,0.0235357,-0.0102259,-0.842583,0.143657,-0.0571535,1.20501,-0.374115,-0.0536362,-0.16044,-0.328832,0.351397,0.174287,-0.087267,-0.156154,-0.0598095,-0.121542,0.117761,0.220499,0.297924,0.0186015,0.2618,0.0142939,-0.00544124,0.16027,0.204918,-0.261649,0.00196315,0.600009,0.00130305,-0.0278047,0.0307127,0,0,0,0,0,0,0,0,0,0,0,0,0,0,0,0,0,0,0,0,0,0,0,0,0,0,0,0,0,-0.626668,0.0703292,-0.0657283,1.24153,-0.612784,-0.0468541,-0.289156,0.306539,0.0294425,0.229605,0.00822794,-0.124165,-0.0921686,-0.0911121,0.0350863,0.276826,0.200553,-0.00586258,0.310962,0.0150648,-0.0285461,0.16034,0.199337,-0.249977,0.00582044,0.645036,-0.000704558,-0.0120642,0.0297331,-2.10943,0.720942,0.25472,0.448199,2.55323,-0.583103,-0.0172598,1.13266,-0.0546183,-0.0795552,-0.239227,-0.748074,-0.730835,-0.322026,0.406037,0.18596,-0.141298,0.117931,0.0229073,-0.069831,0.407401,0.0612107,0.181996,-0.109128,-0.146868,0.123736,0.0262815,0.0356721,0.032753,-2.0485,0.836332,-0.554112,-0.855877,-0.556771,0.0789039,4.41985,-28.4275,9.94965,-6.47445,-8.03612,1.01,1.29273,-0.286639,1.49497,-0.967289,1.0864,0.284126,-1.43251,0.0239985,-0.327584,0.00716578,0.0849155,-0.144156,0.0927991,-0.899543,0.00506128,-0.229498,0.0218151,0,0,0,0,0,0,0,0,0,0,0,0,0,0,0,0,0,0,0,0,0,0,0,0,0,0,0,0,0,2.55789,2.55789,2.55789,6.3088,6.3088,1.81445,2.55789,2.55789,1.81445,6.3088,6.3088,0.907223,0.907223,1.81445,1.81445,0.907223,0.907223,1.81445,1.81445,0.907223,0.907223,0.907223,0.907223,0.907223,0.907223,1.06814,1.06814,1.06814,1.06814,40.1792,40.1792,40.1792,99.0984,99.0984,28.5012,40.1792,40.1792,28.5012,99.0984,99.0984,14.2506,14.2506,28.5012,28.5012,14.2506,14.2506,28.5012,28.5012,14.2506,14.2506,14.2506,14.2506,14.2506,14.2506,16.7783,16.7783,16.7783,16.7783,0,0,0,0,0,0,0,0,0,0,0,0,0,0,0,0,0,0,0,0,0,0,0,0,0,0,0,0,0,0,0,0,0,0,0,0,0,0,0,0,0,0,0,0,0,0,0,0,0,0,0,0,0,0,0,0,0,0,0,0,0,0,0,0,0,0,0,0,0,0,0,0,0,0,0,0,0,0,0,0,0,0,0,0,0,0,0,0,0,0,0,0,0,0,0,0,0,0,0,0,0,0,0,0,0,0,0,0,0,0,0,0,0,0,0,0,0,-0.014418,0.0235357,-0.0102259,0.0467387,0.0112125,0.268506,0.223276,-0.140565,-0.277127,0.0424133,0.00447618,-0.136372,-0.0448246,0.000125781,-0.96902,0.276799,0.0325916,0.0174904,0.262365,-0.600555,-0.0124066,-0.373213,-0.104381,0.801219,0.365432,0.412246,1.52856,-1.4108,-0.0316958,-0.323746,-0.122296,-0.356047,-0.842583,0.143657,-0.0571535,1.20501,-0.374115,-0.0536362,-0.16044,-0.328832,0.351397,0.174287,-0.087267,-0.156154,-0.0598095,-0.121542,0.117761,0.220499,0.297924,0.0186015,0.2618,0.0142939,-0.00544124,0.16027,0.204918,-0.261649,0.00196315,0.600009,0.00130305,-0.0278047,0.0307127,0.711,0.0235335,0.0144135,-0.999619,0.6,0,0,1.39115,1.24291,1.53776
-0.585407,0.163251,8.47209,-0.247112,0.180751,0.201492,-0.0193284,0.0270865,-0.00560218,-0.585407,0.163251,8.47209,-0.247112,0.180751,0.201492,-0.0193284,0.0270865,-0.00560218,-0.880886,0.148139,-0.0703968,1.14615,-0.30779,-0.0260478,-0.119164,-0.379936,0.358922,0.168754,-0.087267,-0.198686,-0.0658697,-0.111422,0.126788,0.224456,0.298429,0.00815523,0.2618,0.0162999,-0.00312288,0.160667,0.175707,-0.265361,-0.0048819,0.596643,0.00152471,-0.0340655,0.0292796,0,0,0,0,0,0,0,0,0,0,0,0,0,0,0,0,0,0,0,0,0,0,0,0,0,0,0,0,0,-0.664306,0.0844247,-0.0607737,1.23615,-0.548909,-0.0502735,-0.289879,0.328442,0.0258477,0.230429,0.00296431,-0.14466,-0.103921,-0.097271,0.0422154,0.279909,0.199168,-0.00375054,0.311219,0.014347,-0.0172368,0.159952,0.202461,-0.249976,0.003579,0.64781,-0.000275814,-0.0123938,0.029814,-1.71881,0.698635,0.19347,-0.65157,2.83399,-0.057271,-0.0196963,1.09238,-0.293391,0.0992804,-0.283758,-1.18072,-0.457793,-0.344593,0.301226,0.12363,-0.0167224,0.0916708,0.0277228,-0.02683,0.590132,-0.0465467,0.141284,0.0714831,-0.0817097,0.118126,0.0192776,-0.0286144,-0.00432361,-2.82846,0.64847,-0.384866,0.606179,-0.582944,0.0116257,5.27366,-29.1041,9.7469,-6.13116,-7.24149,0.857276,1.05825,-0.115994,1.59527,-0.961634,1.42993,0.470916,-1.44975,0.0232596,-0.35934,0.04475,-0.0919554,-0.218,0.0556416,-0.93246,0.00607707,-0.229213,0.0197689,0,0,0,0,0,0,0,0,0,0,0,0,0,0,0,0,0,0,0,0,0,0,0,0,0,0,0,0,0,2.55789,2.55789,2.55789,6.3088,6.3088,1.81445,2.55789,2.55789,1.81445,6.3088,6.3088,0.907223,0.907223,1.81445,1.81445,0.907223,0.907223,1.81445,1.81445,0.907223,0.907223,0.907223,0.907223,0.907223,0.907223,1.06814,1.06814,1.06814,1.06814,40.1792,40.1792,40.1792,99.0984,99.0984,28.5012,40.1792,40.1792,28.5012,99.0984,99.0984,14.2506,14.2506,28.5012,28.5012,14.2506,14.2506,28.5012,28.5012,14.2506,14.2506,14.2506,14.2506,14.2506,14.2506,16.7783,16.7783,16.7783,16.7783,0,0,0,0,0,0,0,0,0,0,0,0,0,0,0,0,0,0,0,0,0,0,0,0,0,0,0,0,0,0,0,0,0,0,0,0,0,0,0,0,0,0,0,0,0,0,0,0,0,0,0,0,0,0,0,0,0,0,0,0,0,0,0,0,0,0,0,0,0,0,0,0,0,0,0,0,0,0,0,0,0,0,0,0,0,0,0,0,0,0,0,0,0,0,0,0,0,0,0,0,0,0,0,0,0,0,0,0,0,0,0,0,0,0,0,0,0,-0.0193284,0.0270865,-0.00560218,0.0557622,-0.0553908,0.289089,0.224428,-0.149029,-0.254054,0.0185947,-0.0111312,-0.150189,-0.0273933,-0.0450554,-1.03897,0.352182,0.0371655,0.0204656,0.270551,-0.693889,-0.00712048,-0.457249,-0.128568,0.818378,0.366337,0.39301,1.36071,-1.42658,0.157446,-0.187585,-0.0593917,-0.453025,-0.880886,0.148139,-0.0703968,1.14615,-0.30779,-0.0260478,-0.119164,-0.379936,0.358922,0.168754,-0.087267,-0.198686,-0.0658697,-0.111422,0.126788,0.224456,0.298429,0.00815523,0.2618,0.0162999,-0.00312288,0.160667,0.175707,-0.265361,-0.0048819,0.596643,0.00152471,-0.0340655,0.0292796,0.524,0.0270832,0.0193201,-0.999446,0.6,0,0,1.39115,1.24291,1.53776
-0.317603,0.00399107,8.99312,-0.264703,0.163868,0.141116,-0.0243906,0.0305777,-0.00232953,-0.317603,0.00399107,8.99312,-0.264703,0.163868,0.141116,-0.0243906,0.0305777,-0.00232953,-0.92973,0.144366,-0.0870259,1.08398,-0.256527,-0.00199022,-0.0554669,-0.442657,0.387454,0.153187,-0.087267,-0.198104,-0.0665597,-0.102525,0.130737,0.228791,0.28573,-0.00365393,0.2618,0.0131594,-0.00347516,0.166943,0.152916,-0.288882,-0.021766,0.594127,0.00170135,-0.0374225,0.0274596,0,0,0,0,0,0,0,0,0,0,0,0,0,0,0,0,0,0,0,0,0,0,0,0,0,0,0,0,0,-0.695116,0.0970847,-0.0591337,1.21281,-0.484116,-0.0449743,-0.288744,0.349923,0.0174111,0.23126,-0.00302277,-0.171577,-0.109063,-0.104692,0.0474224,0.281913,0.20063,-0.00379835,0.312396,0.0142902,-0.00632963,0.159495,0.204314,-0.246424,0.0020256,0.651346,7.03502e-05,-0.0138613,0.0296044,-1.42232,0.599734,-0.0167059,-1.40797,2.85625,0.31656,0.11449,1.07939,-0.514997,0.00208703,-0.334173,-1.38907,-0.109323,-0.414555,0.227707,0.088139,0.119266,-0.0412961,0.0615912,0.00455904,0.494235,-0.0267291,0.0623087,0.245872,-0.0600303,0.181784,0.0164137,-0.0713246,-0.0122739,-3.88915,0.558257,-0.46272,1.88692,-0.573589,-0.0325429,6.55965,-31.9892,10.6035,-6.24152,-6.35707,0.838602,0.736739,0.513685,1.84545,-0.899011,1.2941,0.409544,-1.55452,0.0248059,-0.401435,0.0383757,-0.466901,-0.475275,-0.0398166,-1.11157,0.00710882,-0.261739,0.00764306,0,0,0,0,0,0,0,0,0,0,0,0,0,0,0,0,0,0,0,0,0,0,0,0,0,0,0,0,0,2.55789,2.55789,2.55789,6.3088,6.3088,1.81445,2.55789,2.55789,1.81445,6.3088,6.3088,0.907223,0.907223,1.81445,1.81445,0.907223,0.907223,1.81445,1.81445,0.907223,0.907223,0.907223,0.907223,0.907223,0.907223,1.06814,1.06814,1.06814,1.06814,40.1792,40.1792,40.1792,99.0984,99.0984,28.5012,40.1792,40.1792,28.5012,99.0984,99.0984,14.2506,14.2506,28.5012,28.5012,14.2506,14.2506,28.5012,28.5012,14.2506,14.2506,14.2506,14.2506,14.2506,14.2506,16.7783,16.7783,16.7783,16.7783,0,0,0,0,0,0,0,0,0,0,0,0,0,0,0,0,0,0,0,0,0,0,0,0,0,0,0,0,0,0,0,0,0,0,0,0,0,0,0,0,0,0,0,0,0,0,0,0,0,0,0,0,0,0,0,0,0,0,0,0,0,0,0,0,0,0,0,0,0,0,0,0,0,0,0,0,0,0,0,0,0,0,0,0,0,0,0,0,0,0,0,0,0,0,0,0,0,0,0,0,0,0,0,0,0,0,0,0,0,0,0,0,0,0,0,0,0,-0.0243906,0.0305777,-0.00232953,0.0656456,-0.107356,0.298094,0.195474,-0.202659,-0.233768,-0.00833132,-0.0496287,-0.151763,-0.00924909,-0.0788265,-1.12818,0.468514,0.0300047,0.0228366,0.263659,-0.808436,-0.00792371,-0.502309,-0.158938,0.883433,0.380648,0.368581,1.18342,-1.47097,0.303634,-0.0740514,-0.0045379,-0.451697,-0.92973,0.144366,-0.0870259,1.08398,-0.256527,-0.00199022,-0.0554669,-0.442657,0.387454,0.153187,-0.087267,-0.198104,-0.0665597,-0.102525,0.130737,0.228791,0.28573,-0.00365393,0.2618,0.0131594,-0.00347516,0.166943,0.152916,-0.288882,-0.021766,0.594127,0.00170135,-0.0374225,0.0274596,0.642,0.0305729,0.0243768,-0.999235,0.6,0,0,1.38047,1.22716,1.51289
-0.108923,-0.19404,9.77619,-0.29136,0.143495,0.116902,-0.0298177,0.0337387,0.000130449,-0.108923,-0.19404,9.77619,-0.29136,0.143495,0.116902,-0.0298177,0.0337387,0.000130449,-0.940448,0.150409,-0.128227,0.985237,-0.198828,0.0126073,-0.0294655,-0.517727,0.406413,0.150522,-0.087267,-0.209636,-0.061432,-0.128083,0.125742,0.223651,0.282659,-0.0036516,0.2618,0.0077664,-0.00564744,0.166469,0.137451,-0.31798,-0.0356327,0.592627,0.00101542,-0.0375107,0.0285011,0,0,0,0,0,0,0,0,0,0,0,0,0,0,0,0,0,0,0,0,0,0,0,0,0,0,0,0,0,-0.720296,0.107988,-0.0627022,1.17687,-0.422718,-0.0342074,-0.283432,0.371295,0.00573172,0.227921,-0.0115658,-0.189488,-0.107728,-0.114546,0.0509729,0.283032,0.203413,-0.00618307,0.314337,0.01366,0.0021452,0.160543,0.204494,-0.240037,0.00018414,0.656118,0.000359198,-0.0154121,0.0293581,-1.16329,0.517661,-0.274384,-1.95022,2.69241,0.540213,0.358735,1.06669,-0.621513,-0.282388,-0.473961,-0.577333,0.174243,-0.533596,0.15619,0.047235,0.139884,-0.141191,0.0806385,-0.0373532,0.375517,0.0644037,-0.0182314,0.364145,-0.0913715,0.243362,0.0140915,-0.0604847,-0.0143878,-5.49871,0.172456,-0.327395,2.71685,-0.545445,-0.0608634,8.30508,-35.3445,11.9621,-5.78169,-4.63413,0.421539,0.447767,1.27432,1.99289,-0.8153,1.04959,0.322382,-1.65468,0.0266717,-0.421196,0.0318917,-0.721851,-1.00897,-0.227857,-1.2983,0.00776188,-0.302084,-0.0170213,0,0,0,0,0,0,0,0,0,0,0,0,0,0,0,0,0,0,0,0,0,0,0,0,0,0,0,0,0,2.55789,2.55789,2.55789,6.3088,6.3088,1.81445,2.55789,2.55789,1.81445,6.3088,6.3088,0.907223,0.907223,1.81445,1.81445,0.907223,0.907223,1.81445,1.81445,0.907223,0.907223,0.907223,0.907223,0.907223,0.907223,1.06814,1.06814,1.06814,1.06814,40.1792,40.1792,40.1792,99.0984,99.0984,28.5012,40.1792,40.1792,28.5012,99.0984,99.0984,14.2506,14.2506,28.5012,28.5012,14.2506,14.2506,28.5012,28.5012,14.2506,14.2506,14.2506,14.2506,14.2506,14.2506,16.7783,16.7783,16.7783,16.7783,0,0,0,0,0,0,0,0,0,0,0,0,0,0,0,0,0,0,0,0,0,0,0,0,0,0,0,0,0,0,0,0,0,0,0,0,0,0,0,0,0,0,0,0,0,0,0,0,0,0,0,0,0,0,0,0,0,0,0,0,0,0,0,0,0,0,0,0,0,0,0,0,0,0,0,0,0,0,0,0,0,0,0,0,0,0,0,0,0,0,0,0,0,0,0,0,0,0,0,0,0,0,0,0,0,0,0,0,0,0,0,0,0,0,0,0,0,-0.0298177,0.0337387,0.000130449,0.0539271,-0.142619,0.286705,0.188471,-0.269007,-0.292042,-0.00832602,-0.0812461,-0.140071,-0.000157741,-0.0989701,-1.14775,0.516001,0.0177082,0.0136296,0.274696,-0.945539,-0.0128767,-0.503493,-0.234185,0.926663,0.379566,0.382561,0.901831,-1.47857,0.468177,0.0095581,0.028746,-0.47799,-0.940448,0.150409,-0.128227,0.985237,-0.198828,0.0126073,-0.0294655,-0.517727,0.406413,0.150522,-0.087267,-0.209636,-0.061432,-0.128083,0.125742,0.223651,0.282659,-0.0036516,0.2618,0.0077664,-0.00564744,0.166469,0.137451,-0.31798,-0.0356327,0.592627,0.00101542,-0.0375107,0.0285011,0.6,0.0337323,0.0297963,-0.998987,0.6,0,0,1.38047,1.22716,1.51289
0.00549855,-0.334482,9.80617,-0.339655,0.141733,0.107845,-0.0361576,0.0367732,0.00222315,0.00549855,-0.334482,9.80617,-0.339655,0.141733,0.107845,-0.0361576,0.0367732,0.00222315,-0.940651,0.133352,-0.163279,0.871702,-0.148699,0.0276961,-0.0169169,-0.548901,0.420967,0.145835,-0.087267,-0.227765,-0.0526844,-0.154163,0.12124,0.207919,0.280195,-0.00224038,0.2618,0.00103634,-0.0131653,0.167611,0.123481,-0.333408,-0.0455713,0.592374,0.000372807,-0.0368721,0.0309437,0,0,0,0,0,0,0,0,0,0,0,0,0,0,0,0,0,0,0,0,0,0,0,0,0,0,0,0,0,-0.738553,0.115221,-0.0706031,1.12642,-0.362326,-0.022047,-0.274094,0.390869,-0.00697473,0.220464,-0.0210803,-0.198661,-0.102058,-0.123777,0.0527217,0.283199,0.206021,-0.00849841,0.316216,0.011818,0.00800663,0.161454,0.203107,-0.231864,-0.0016926,0.661213,0.000427724,-0.0161593,0.0296057,-0.780436,0.264958,-0.487557,-2.74807,2.64925,0.568628,0.510089,0.931346,-0.639217,-0.414489,-0.475713,-0.409126,0.339109,-0.414954,0.0695918,-0.00700043,0.121821,-0.102462,0.0688661,-0.0977748,0.247947,0.0354471,-0.0835569,0.418309,-0.0740957,0.218694,0.00194158,-0.0199139,0.0191767,-6.14526,0.727416,-1.1451,2.83033,-0.546732,-0.0431906,8.5724,-38.8255,12.9077,-4.41575,-3.65609,0.207621,0.285537,0.619814,1.96002,-0.844214,0.983464,0.322145,-1.68898,0.0307751,-0.421219,0.0388098,-0.861768,-1.59593,-0.412217,-1.39142,0.00794632,-0.336146,-0.0383576,0,0,0,0,0,0,0,0,0,0,0,0,0,0,0,0,0,0,0,0,0,0,0,0,0,0,0,0,0,2.55789,2.55789,2.55789,6.3088,6.3088,1.81445,2.55789,2.55789,1.81445,6.3088,6.3088,0.907223,0.907223,1.81445,1.81445,0.907223,0.907223,1.81445,1.81445,0.907223,0.907223,0.907223,0.907223,0.907223,0.907223,1.06814,1.06814,1.06814,1.06814,40.1792,40.1792,40.1792,99.0984,99.0984,28.5012,40.1792,40.1792,28.5012,99.0984,99.0984,14.2506,14.2506,28.5012,28.5012,14.2506,14.2506,28.5012,28.5012,14.2506,14.2506,14.2506,14.2506,14.2506,14.2506,16.7783,16.7783,16.7783,16.7783,0,0,0,0,0,0,0,0,0,0,0,0,0,0,0,0,0,0,0,0,0,0,0,0,0,0,0,0,0,0,0,0,0,0,0,0,0,0,0,0,0,0,0,0,0,0,0,0,0,0,0,0,0,0,0,0,0,0,0,0,0,0,0,0,0,0,0,0,0,0,0,0,0,0,0,0,0,0,0,0,0,0,0,0,0,0,0,0,0,0,0,0,0,0,0,0,0,0,0,0,0,0,0,0,0,0,0,0,0,0,0,0,0,0,0,0,0,-0.0361576,0.0367732,0.00222315,0.0180554,-0.174471,0.276439,0.182853,-0.304183,-0.351506,-0.0051083,-0.103907,-0.120126,-0.00720617,-0.102361,-1.14812,0.538919,0.00236296,0.00500406,0.243545,-1.00247,-0.0300182,-0.494922,-0.298201,0.959846,0.382169,0.415347,0.578055,-1.49194,0.611134,0.064499,0.0631498,-0.519328,-0.940651,0.133352,-0.163279,0.871702,-0.148699,0.0276961,-0.0169169,-0.548901,0.420967,0.145835,-0.087267,-0.227765,-0.0526844,-0.154163,0.12124,0.207919,0.280195,-0.00224038,0.2618,0.00103634,-0.0131653,0.167611,0.123481,-0.333408,-0.0455713,0.592374,0.000372807,-0.0368721,0.0309437,1.148,0.0367649,0.0361253,-0.998671,0.6,0,0,1.36831,1.21057,1.49382
0.201848,-0.213551,9.69426,-0.363668,0.124326,0.111789,-0.0432261,0.0395928,0.00430255,0.201848,-0.213551,9.69426,-0.363668,0.124326,0.111789,-0.0432261,0.0395928,0.00430255,-0.928025,0.116071,-0.186457,0.782065,-0.10948,0.0440266,-0.00453965,-0.582255,0.437716,0.132571,-0.087267,-0.250579,-0.0466185,-0.17123,0.125823,0.204474,0.289157,0.00192326,0.2618,-0.00521655,-0.0165223,0.1715,0.104594,-0.345602,-0.0544735,0.592059,-0.000117416,-0.0361247,0.0338655,0,0,0,0,0,0,0,0,0,0,0,0,0,0,0,0,0,0,0,0,0,0,0,0,0,0,0,0,0,-0.74904,0.116579,-0.0835767,1.05935,-0.304544,-0.00922473,-0.262886,0.407511,-0.0192315,0.211357,-0.0304614,-0.206797,-0.0942183,-0.129996,0.0536278,0.282121,0.208037,-0.00989415,0.318243,0.00864286,0.0107307,0.162216,0.20075,-0.223306,-0.00338123,0.665437,0.000290599,-0.0163038,0.0306731,-0.404911,-0.0404329,-0.774506,-3.553,2.52369,0.601618,0.56614,0.788385,-0.585944,-0.468669,-0.466602,-0.407059,0.404015,-0.259232,0.0596664,-0.0720654,0.0828923,-0.0552832,0.075653,-0.159447,0.0932997,0.0386491,-0.123203,0.408319,-0.0711247,0.163622,-0.00689209,0.00196211,0.0585172,-6.67715,0.748198,-1.33538,3.24815,-0.517458,-0.0372934,8.47131,-40.3864,13.59,-3.61729,-2.78115,0.0586863,0.233117,-0.222943,1.83343,-0.996065,0.952228,0.318048,-1.76197,0.0361442,-0.428084,0.0423787,-0.991669,-1.93509,-0.533701,-1.41151,0.00889081,-0.347658,-0.0572557,0,0,0,0,0,0,0,0,0,0,0,0,0,0,0,0,0,0,0,0,0,0,0,0,0,0,0,0,0,2.55789,2.55789,2.55789,6.3088,6.3088,1.81445,2.55789,2.55789,1.81445,6.3088,6.3088,0.907223,0.907223,1.81445,1.81445,0.907223,0.907223,1.81445,1.81445,0.907223,0.907223,0.907223,0.907223,0.907223,0.907223,1.06814,1.06814,1.06814,1.06814,40.1792,40.1792,40.1792,99.0984,99.0984,28.5012,40.1792,40.1792,28.5012,99.0984,99.0984,14.2506,14.2506,28.5012,28.5012,14.2506,14.2506,28.5012,28.5012,14.2506,14.2506,14.2506,14.2506,14.2506,14.2506,16.7783,16.7783,16.7783,16.7783,0,0,0,0,0,0,0,0,0,0,0,0,0,0,0,0,0,0,0,0,0,0,0,0,0,0,0,0,0,0,0,0,0,0,0,0,0,0,0,0,0,0,0,0,0,0,0,0,0,0,0,0,0,0,0,0,0,0,0,0,0,0,0,0,0,0,0,0,0,0,0,0,0,0,0,0,0,0,0,0,0,0,0,0,0,0,0,0,0,0,0,0,0,0,0,0,0,0,0,0,0,0,0,0,0,0,0,0,0,0,0,0,0,0,0,0,0,-0.0432261,0.0395928,0.00430255,0.010201,-0.217536,0.286889,0.203288,-0.331988,-0.390422,0.00438523,-0.124205,-0.106295,1.5659e-05,-0.106584,-1.12506,0.561524,-0.0118942,-0.00157604,0.211984,-1.06339,-0.0376724,-0.48489,-0.340532,0.998037,0.391037,0.454566,0.322434,-1.52976,0.722978,0.0368524,0.100385,-0.571344,-0.928025,0.116071,-0.186457,0.782065,-0.10948,0.0440266,-0.00453965,-0.582255,0.437716,0.132571,-0.087267,-0.250579,-0.0466185,-0.17123,0.125823,0.204474,0.289157,0.00192326,0.2618,-0.00521655,-0.0165223,0.1715,0.104594,-0.345602,-0.0544735,0.592059,-0.000117416,-0.0361247,0.0338655,0.82,0.0395824,0.0431787,-0.998283,0.6,0,0,1.36831,1.21057,1.49382
0.49169,-0.292624,9.75192,-0.368869,0.0773642,0.0881806,-0.0505421,0.0417526,0.00618622,0.49169,-0.292624,9.75192,-0.368869,0.0773642,0.0881806,-0.0505421,0.0417526,0.00618622,-0.923752,0.103425,-0.195471,0.694064,-0.0767234,0.057968,0.0141763,-0.58849,0.442481,0.11392,-0.087267,-0.243189,-0.0423897,-0.174119,0.122524,0.190397,0.280987,-0.000355895,0.2618,-0.0102004,-0.0249075,0.183791,0.0882707,-0.348462,-0.058096,0.591481,-0.000215064,-0.0364638,0.036949,0,0,0,0,0,0,0,0,0,0,0,0,0,0,0,0,0,0,0,0,0,0,0,0,0,0,0,0,0,-0.752985,0.113188,-0.10182,0.981464,-0.251804,0.00456578,-0.250324,0.42199,-0.0294614,0.200631,-0.0392242,-0.215268,-0.0859137,-0.133531,0.0549103,0.280296,0.209417,-0.0103781,0.319825,0.00455229,0.0114504,0.163562,0.197317,-0.215524,-0.00508599,0.668904,3.04571e-05,-0.0160661,0.0325002,-0.114589,-0.222345,-1.00055,-3.90266,2.29592,0.64841,0.640023,0.699782,-0.441775,-0.560019,-0.425047,-0.428668,0.393509,-0.131904,0.101891,-0.0888832,0.0629479,-0.0103055,0.0495891,-0.197022,0.0162765,0.0756622,-0.190426,0.35451,-0.0785153,0.143103,-0.0121933,0.0207642,0.0921259,-6.74788,0.667224,-0.949036,4.42835,-0.416092,-0.0499722,8.28101,-42.083,14.1223,-3.30871,-2.16098,-0.126284,0.204139,-0.831891,1.86216,-1.00106,1.08058,0.370988,-1.75835,0.0395248,-0.415936,0.0458853,-1.15524,-2.17453,-0.631525,-1.4503,0.0106471,-0.358523,-0.0751277,0,0,0,0,0,0,0,0,0,0,0,0,0,0,0,0,0,0,0,0,0,0,0,0,0,0,0,0,0,2.55789,2.55789,2.55789,6.3088,6.3088,1.81445,2.55789,2.55789,1.81445,6.3088,6.3088,0.907223,0.907223,1.81445,1.81445,0.907223,0.907223,1.81445,1.81445,0.907223,0.907223,0.907223,0.907223,0.907223,0.907223,1.06814,1.06814,1.06814,1.06814,40.1792,40.1792,40.1792,99.0984,99.0984,28.5012,40.1792,40.1792,28.5012,99.0984,99.0984,14.2506,14.2506,28.5012,28.5012,14.2506,14.2506,28.5012,28.5012,14.2506,14.2506,14.2506,14.2506,14.2506,14.2506,16.7783,16.7783,16.7783,16.7783,0,0,0,0,0,0,0,0,0,0,0,0,0,0,0,0,0,0,0,0,0,0,0,0,0,0,0,0,0,0,0,0,0,0,0,0,0,0,0,0,0,0,0,0,0,0,0,0,0,0,0,0,0,0,0,0,0,0,0,0,0,0,0,0,0,0,0,0,0,0,0,0,0,0,0,0,0,0,0,0,0,0,0,0,0,0,0,0,0,0,0,0,0,0,0,0,0,0,0,0,0,0,0,0,0,0,0,0,0,0,0,0,0,0,0,0,0,-0.0505421,0.0417526,0.00618622,-0.0218955,-0.254754,0.279367,0.184659,-0.338507,-0.39701,-0.000811477,-0.132465,-0.0966528,-0.0215093,-0.114346,-1.11726,0.595705,-0.0232578,-0.00288673,0.188889,-1.07478,-0.0567915,-0.489441,-0.356995,1.0089,0.419063,0.495953,0.0714752,-1.58295,0.81639,0.097078,0.132173,-0.554495,-0.923752,0.103425,-0.195471,0.694064,-0.0767234,0.057968,0.0141763,-0.58849,0.442481,0.11392,-0.087267,-0.243189,-0.0423897,-0.174119,0.122524,0.190397,0.280987,-0.000355895,0.2618,-0.0102004,-0.0249075,0.183791,0.0882707,-0.348462,-0.058096,0.591481,-0.000215064,-0.0364638,0.036949,0.681,0.0417405,0.0504766,-0.997853,0.6,0,0,1.35778,1.19321,1.48342
0.654965,-0.4463,9.78479,-0.375134,0.0315758,0.0662113,-0.0579676,0.0429705,0.00765189,0.654965,-0.4463,9.78479,-0.375134,0.0315758,0.0662113,-0.0579676,0.0429705,0.00765189,-0.884841,0.0833566,-0.200519,0.620175,-0.0587665,0.0700708,0.0172714,-0.591979,0.4461,0.102038,-0.087267,-0.239238,-0.0387782,-0.182938,0.123229,0.180294,0.280266,0.00419455,0.2618,-0.0141328,-0.0318476,0.191608,0.0807152,-0.349116,-0.0594716,0.591137,-0.000554644,-0.0361755,0.0397057,0,0,0,0,0,0,0,0,0,0,0,0,0,0,0,0,0,0,0,0,0,0,0,0,0,0,0,0,0,-0.751607,0.108176,-0.122266,0.899412,-0.204473,0.0186796,-0.235645,0.435067,-0.0359496,0.18736,-0.0467007,-0.22369,-0.0786316,-0.134583,0.0570318,0.278,0.210569,-0.010655,0.321253,0.000112995,0.0100358,0.167506,0.192559,-0.208971,-0.00688361,0.671921,-0.000211577,-0.0157476,0.0347635,0.121945,-0.239409,-1.02412,-4.01951,2.05696,0.653334,0.757803,0.637494,-0.231058,-0.704949,-0.349425,-0.412275,0.319534,-0.00584142,0.148824,-0.1161,0.0497361,-0.00874098,0.0441236,-0.206994,-0.0941873,0.22491,-0.254664,0.290442,-0.0811602,0.117971,-0.0103323,0.0181146,0.109212,-7.23702,0.425995,-0.392279,4.65509,-0.349472,-0.0652655,8.15149,-42.7043,14.0785,-2.96457,-1.87636,0.0860231,0.222996,-1.10375,1.629,-1.14529,0.95856,0.31132,-1.79029,0.0409978,-0.416307,0.0309463,-1.26336,-2.25246,-0.65528,-1.48495,0.0110406,-0.367408,-0.0796673,0,0,0,0,0,0,0,0,0,0,0,0,0,0,0,0,0,0,0,0,0,0,0,0,0,0,0,0,0,2.55789,2.55789,2.55789,6.3088,6.3088,1.81445,2.55789,2.55789,1.81445,6.3088,6.3088,0.907223,0.907223,1.81445,1.81445,0.907223,0.907223,1.81445,1.81445,0.907223,0.907223,0.907223,0.907223,0.907223,0.907223,1.06814,1.06814,1.06814,1.06814,40.1792,40.1792,40.1792,99.0984,99.0984,28.5012,40.1792,40.1792,28.5012,99.0984,99.0984,14.2506,14.2506,28.5012,28.5012,14.2506,14.2506,28.5012,28.5012,14.2506,14.2506,14.2506,14.2506,14.2506,14.2506,16.7783,16.7783,16.7783,16.7783,0,0,0,0,0,0,0,0,0,0,0,0,0,0,0,0,0,0,0,0,0,0,0,0,0,0,0,0,0,0,0,0,0,0,0,0,0,0,0,0,0,0,0,0,0,0,0,0,0,0,0,0,0,0,0,0,0,0,0,0,0,0,0,0,0,0,0,0,0,0,0,0,0,0,0,0,0,0,0,0,0,0,0,0,0,0,0,0,0,0,0,0,0,0,0,0,0,0,0,0,0,0,0,0,0,0,0,0,0,0,0,0,0,0,0,0,0,-0.0579676,0.0429705,0.00765189,-0.0449307,-0.271981,0.280975,0.183015,-0.339999,-0.417118,0.009564,-0.135601,-0.0884181,-0.0427404,-0.11897,-1.0462,0.601358,-0.0322243,-0.00744479,0.152237,-1.08115,-0.0726157,-0.485572,-0.366214,1.01715,0.436886,0.532956,-0.139238,-1.61684,0.867599,0.140715,0.159768,-0.545487,-0.884841,0.0833566,-0.200519,0.620175,-0.0587665,0.0700708,0.0172714,-0.591979,0.4461,0.102038,-0.087267,-0.239238,-0.0387782,-0.182938,0.123229,0.180294,0.280266,0.00419455,0.2618,-0.0141328,-0.0318476,0.191608,0.0807152,-0.349116,-0.0594716,0.591137,-0.000554644,-0.0361755,0.0397057,0.656,0.0429573,0.0578817,-0.997399,0.6,0,0,1.34961,1.17552,1.47326
0.855986,-0.579465,9.86482,-0.376352,-0.00295344,0.0402117,-0.0654956,0.0434719,0.00865712,0.855986,-0.579465,9.86482,-0.376352,-0.00295344,0.0402117,-0.0654956,0.0434719,0.00865712,-0.852755,0.0620446,-0.191377,0.547725,-0.0449712,0.0799725,0.026901,-0.581463,0.43468,0.0993015,-0.087267,-0.227372,-0.0380025,-0.189788,0.116316,0.170474,0.283555,0.0112075,0.2618,-0.0165324,-0.0357911,0.191082,0.0705097,-0.344368,-0.0564896,0.590559,-0.00100689,-0.0357075,0.0416452,0,0,0,0,0,0,0,0,0,0,0,0,0,0,0,0,0,0,0,0,0,0,0,0,0,0,0,0,0,-0.745226,0.103315,-0.142073,0.817672,-0.165011,0.0324297,-0.218478,0.446794,-0.0377935,0.172491,-0.0532991,-0.231782,-0.0733069,-0.132907,0.0593751,0.274998,0.211182,-0.00995512,0.322414,-0.00424506,0.00694104,0.172863,0.186539,-0.203765,-0.0085664,0.674024,-0.000474184,-0.0154345,0.0371879,0.373421,-0.229929,-0.963339,-3.92444,1.704,0.630941,0.881811,0.561234,0.00997986,-0.746266,-0.325303,-0.397159,0.211767,0.137186,0.150026,-0.154705,0.0227974,0.0528495,0.0350752,-0.200747,-0.161798,0.268475,-0.311964,0.223283,-0.072737,0.065685,-0.0120853,0.0152541,0.114538,-6.55773,-0.213107,0.0619216,4.9247,-0.248391,-0.0720136,7.27641,-43.1331,13.8113,-2.3893,-1.38561,0.24406,0.293243,-1.6524,1.5834,-1.21219,0.964391,0.311682,-1.80427,0.0413079,-0.408911,0.0261892,-1.23322,-2.27648,-0.658344,-1.47146,0.0115689,-0.365605,-0.0797384,0,0,0,0,0,0,0,0,0,0,0,0,0,0,0,0,0,0,0,0,0,0,0,0,0,0,0,0,0,2.55789,2.55789,2.55789,6.3088,6.3088,1.81445,2.55789,2.55789,1.81445,6.3088,6.3088,0.907223,0.907223,1.81445,1.81445,0.907223,0.907223,1.81445,1.81445,0.907223,0.907223,0.907223,0.907223,0.907223,0.907223,1.06814,1.06814,1.06814,1.06814,40.1792,40.1792,40.1792,99.0984,99.0984,28.5012,40.1792,40.1792,28.5012,99.0984,99.0984,14.2506,14.2506,28.5012,28.5012,14.2506,14.2506,28.5012,28.5012,14.2506,14.2506,14.2506,14.2506,14.2506,14.2506,16.7783,16.7783,16.7783,16.7783,0,0,0,0,0,0,0,0,0,0,0,0,0,0,0,0,0,0,0,0,0,0,0,0,0,0,0,0,0,0,0,0,0,0,0,0,0,0,0,0,0,0,0,0,0,0,0,0,0,0,0,0,0,0,0,0,0,0,0,0,0,0,0,0,0,0,0,0,0,0,0,0,0,0,0,0,0,0,0,0,0,0,0,0,0,0,0,0,0,0,0,0,0,0,0,0,0,0,0,0,0,0,0,0,0,0,0,0,0,0,0,0,0,0,0,0,0,-0.0654956,0.0434719,0.00865712,-0.0673229,-0.295251,0.265213,0.190513,-0.329174,-0.432736,0.0255543,-0.128802,-0.0866494,-0.0621929,-0.126722,-0.987597,0.618945,-0.0376956,-0.0135152,0.113314,-1.06194,-0.0816073,-0.47929,-0.349518,0.991115,0.435687,0.558989,-0.345847,-1.62464,0.90694,0.220012,0.182345,-0.51843,-0.852755,0.0620446,-0.191377,0.547725,-0.0449712,0.0799725,0.026901,-0.581463,0.43468,0.0993015,-0.087267,-0.227372,-0.0380025,-0.189788,0.116316,0.170474,0.283555,0.0112075,0.2618,-0.0165324,-0.0357911,0.191082,0.0705097,-0.344368,-0.0564896,0.590559,-0.00100689,-0.0357075,0.0416452,0.452,0.0434582,0.065387,-0.996913,0.6,0,0,1.34961,1.17552,1.47326
0.999683,-2.65974,12.9771,-0.401587,-0.0167431,0.000365479,-0.0731529,0.0434949,0.00903633,0.999683,-2.65974,12.9771,-0.401587,-0.0167431,0.000365479,-0.0731529,0.0434949,0.00903633,-0.837335,0.0334386,-0.186487,0.463181,-0.0441012,0.0929085,0.0523289,-0.554947,0.413051,0.111828,-0.087267,-0.189542,-0.0388926,-0.201541,0.100015,0.155826,0.283062,0.0161494,0.2618,-0.0200671,-0.0401563,0.187316,0.0621541,-0.335507,-0.0497554,0.589784,-0.00148399,-0.0362138,0.041703,0,0,0,0,0,0,0,0,0,0,0,0,0,0,0,0,0,0,0,0,0,0,0,0,0,0,0,0,0,-0.734335,0.0988626,-0.158209,0.744642,-0.124376,0.0445679,-0.199005,0.456388,-0.034886,0.15809,-0.0600933,-0.239561,-0.0699966,-0.127776,0.0611511,0.27112,0.211588,-0.00764283,0.323381,-0.00814378,0.00324509,0.177199,0.17915,-0.199626,-0.00975139,0.675352,-0.000790922,-0.0152165,0.0394298,0.51704,-0.262492,-0.627601,-2.2372,2.70599,0.479314,1.01158,0.371376,0.284775,-0.674328,-0.359157,-0.3864,0.108594,0.417273,0.0904915,-0.212835,0.0447735,0.140261,0.0733638,-0.175219,-0.17933,0.190171,-0.407374,0.219776,-0.0485532,0.100489,-0.016366,0.00561726,0.101066,-6.07127,-0.889012,0.340913,-2.26976,-9.6415,0.1958,6.58579,-42.7299,12.9768,-1.58628,-0.539038,0.511992,0.33822,-2.37877,1.4296,-1.24861,0.997687,0.298013,-1.8551,0.0398436,-0.395204,0.0264505,-1.19969,-2.2417,-0.622384,-1.49815,0.0131361,-0.351167,-0.0715302,0,0,0,0,0,0,0,0,0,0,0,0,0,0,0,0,0,0,0,0,0,0,0,0,0,0,0,0,0,2.55789,2.55789,2.55789,6.3088,6.3088,1.81445,2.55789,2.55789,1.81445,6.3088,6.3088,0.907223,0.907223,1.81445,1.81445,0.907223,0.907223,1.81445,1.81445,0.907223,0.907223,0.907223,0.907223,0.907223,0.907223,1.06814,1.06814,1.06814,1.06814,40.1792,40.1792,40.1792,99.0984,99.0984,28.5012,40.1792,40.1792,28.5012,99.0984,99.0984,14.2506,14.2506,28.5012,28.5012,14.2506,14.2506,28.5012,28.5012,14.2506,14.2506,14.2506,14.2506,14.2506,14.2506,16.7783,16.7783,16.7783,16.7783,0,0,0,0,0,0,0,0,0,0,0,0,0,0,0,0,0,0,0,0,0,0,0,0,0,0,0,0,0,0,0,0,0,0,0,0,0,0,0,0,0,0,0,0,0,0,0,0,0,0,0,0,0,0,0,0,0,0,0,0,0,0,0,0,0,0,0,0,0,0,0,0,0,0,0,0,0,0,0,0,0,0,0,0,0,0,0,0,0,0,0,0,0,0,0,0,0,0,0,0,0,0,0,0,0,0,0,0,0,0,0,0,0,0,0,0,0,-0.0731529,0.0434949,0.00903633,-0.10072,-0.314302,0.228045,0.189389,-0.308971,-0.459533,0.0368223,-0.113447,-0.0886789,-0.0908889,-0.137123,-0.959434,0.665384,-0.0457549,-0.019919,0.0610699,-1.01352,-0.0915604,-0.486086,-0.340587,0.941798,0.427098,0.559766,-0.586946,-1.58892,0.909421,0.351754,0.211841,-0.432174,-0.837335,0.0334386,-0.186487,0.463181,-0.0441012,0.0929085,0.0523289,-0.554947,0.413051,0.111828,-0.087267,-0.189542,-0.0388926,-0.201541,0.100015,0.155826,0.283062,0.0161494,0.2618,-0.0200671,-0.0401563,0.187316,0.0621541,-0.335507,-0.0497554,0.589784,-0.00148399,-0.0362138,0.041703,0.682,0.0434812,0.0730186,-0.996382,0.6,0,0,1.3454,1.15968,1.49274
-0.205339,-4.23777,15.6492,-0.657285,0.144433,0.0261675,-0.0844077,0.0450777,0.00899912,-0.205339,-4.23777,15.6492,-0.657285,0.144433,0.0261675,-0.0844077,0.0450777,0.00899912,-0.795966,-0.0458189,-0.152315,0.40587,-0.098792,0.102907,0.122174,-0.433192,0.393327,0.120493,-0.087267,-0.0877576,-0.0368078,-0.212035,0.118743,0.169012,0.268332,0.00953191,0.2618,-0.027812,-0.0300746,0.174301,0.06359,-0.330802,-0.0491138,0.592767,-0.0013901,-0.0372497,0.0379177,0,0,0,0,0,0,0,0,0,0,0,0,0,0,0,0,0,0,0,0,0,0,0,0,0,0,0,0,0,-0.720575,0.0883439,-0.158688,0.722855,-0.105236,0.0405981,-0.180184,0.450273,-0.027375,0.146526,-0.0681486,-0.246895,-0.0646985,-0.10307,0.0613957,0.263786,0.215762,-0.00320839,0.327953,-0.0119222,0.000179148,0.179617,0.168205,-0.189799,-0.010436,0.681843,-0.00118619,-0.0146139,0.0406778,0.901886,-0.797181,0.432481,-1.1571,0.40234,-0.412363,0.816388,-0.847211,0.379891,-0.563209,-0.408713,-0.332051,0.425132,1.82491,0.0360509,-0.453145,0.321969,0.234843,0.268568,-0.178838,-0.0888881,0.0943048,-0.566818,0.651079,0.0158263,0.333011,-0.0168731,0.0719615,0.0479463,-6.82315,-0.393059,-2.00251,-19.2576,3.40676,2.2032,7.2279,-38.5506,11.872,-0.0377659,0.626079,1.11808,0.0241945,-5.83286,1.0742,-1.14871,0.691432,0.13069,-2.37079,0.0453144,-0.483832,0.0240648,-1.00255,-2.63212,-0.559844,-1.91876,0.0134356,-0.431221,-0.0327546,0,0,0,0,0,0,0,0,0,0,0,0,0,0,0,0,0,0,0,0,0,0,0,0,0,0,0,0,0,2.55789,2.55789,2.55789,6.3088,6.3088,1.81445,2.55789,2.55789,1.81445,6.3088,6.3088,0.907223,0.907223,1.81445,1.81445,0.907223,0.907223,1.81445,1.81445,0.907223,0.907223,0.907223,0.907223,0.907223,0.907223,1.06814,1.06814,1.06814,1.06814,40.1792,40.1792,40.1792,99.0984,99.0984,28.5012,40.1792,40.1792,28.5012,99.0984,99.0984,14.2506,14.2506,28.5012,28.5012,14.2506,14.2506,28.5012,28.5012,14.2506,14.2506,14.2506,14.2506,14.2506,14.2506,16.7783,16.7783,16.7783,16.7783,0,0,0,0,0,0,0,0,0,0,0,0,0,0,0,0,0,0,0,0,0,0,0,0,0,0,0,0,0,0,0,0,0,0,0,0,0,0,0,0,0,0,0,0,0,0,0,0,0,0,0,0,0,0,0,0,0,0,0,0,0,0,0,0,0,0,0,0,0,0,0,0,0,0,0,0,0,0,0,0,0,0,0,0,0,0,0,0,0,0,0,0,0,0,0,0,0,0,0,0,0,0,0,0,0,0,0,0,0,0,0,0,0,0,0,0,0,-0.0844077,0.0450777,0.00899912,-0.070655,-0.311028,0.270746,0.155803,-0.298242,-0.483461,0.0217337,-0.111984,-0.0839254,-0.0927471,-0.0970896,-0.883882,0.792944,-0.0634141,-0.0186589,-0.0836804,-0.791152,-0.068573,-0.49999,-0.278177,0.896824,0.397425,0.508956,-0.750381,-1.56421,0.753456,0.481097,0.234638,-0.200096,-0.795966,-0.0458189,-0.152315,0.40587,-0.098792,0.102907,0.122174,-0.433192,0.393327,0.120493,-0.087267,-0.0877576,-0.0368078,-0.212035,0.118743,0.169012,0.268332,0.00953191,0.2618,-0.027812,-0.0300746,0.174301,0.06359,-0.330802,-0.0491138,0.592767,-0.0013901,-0.0372497,0.0379177,0.965,0.0450625,0.0842219,-0.995428,0.6,0,0,1.3454,1.15968,1.49274
0.978666,-0.686235,11.3628,-0.584769,0.243546,0.0912783,-0.0972136,0.0497849,0.0099094,0.978666,-0.686235,11.3628,-0.584769,0.243546,0.0912783,-0.0972136,0.0497849,0.0099094,-0.749616,-0.12015,-0.116748,0.347603,-0.121754,0.10124,0.182406,-0.287182,0.370414,0.124021,-0.087267,0.0242104,-0.0310426,-0.151174,0.127904,0.171026,0.239407,-0.00988897,0.2618,-0.0322469,-0.0259755,0.166463,0.0541531,-0.321122,-0.0443412,0.594606,-0.000350971,-0.039066,0.0353118,0,0,0,0,0,0,0,0,0,0,0,0,0,0,0,0,0,0,0,0,0,0,0,0,0,0,0,0,0,-0.693827,0.0663327,-0.144375,0.687884,-0.0977545,0.0368715,-0.161992,0.424753,-0.0196978,0.133542,-0.0758658,-0.250928,-0.0536281,-0.0598644,0.0593574,0.253432,0.222608,0.000370992,0.331626,-0.0166807,0.000961104,0.178754,0.157643,-0.176534,-0.00880499,0.684855,-0.0014316,-0.0138162,0.0408447,1.53859,-1.28776,0.849094,-2.14895,0.399481,0.0464038,0.894669,-1.51314,0.380916,-0.692892,-0.374317,-0.107475,0.61037,2.28704,-0.0794126,-0.505935,0.316164,0.119697,0.0996317,-0.231094,0.0775483,-0.0955129,-0.450514,0.607929,0.13498,-0.0382306,-0.00976031,0.00881734,0.00540812,-7.88076,-1.39119,-2.38837,-15.2329,-2.4969,1.89468,9.14584,-30.8066,11.0977,2.91272,1.16956,2.43447,-0.291652,-8.35026,1.88185,-0.747581,0.361976,0.0287722,-2.20243,0.051085,-0.513081,0.0182966,-0.924193,-2.75284,-0.683643,-1.55401,0.0112045,-0.411563,-0.0518201,0,0,0,0,0,0,0,0,0,0,0,0,0,0,0,0,0,0,0,0,0,0,0,0,0,0,0,0,0,2.55789,2.55789,2.55789,6.3088,6.3088,1.81445,2.55789,2.55789,1.81445,6.3088,6.3088,0.907223,0.907223,1.81445,1.81445,0.907223,0.907223,1.81445,1.81445,0.907223,0.907223,0.907223,0.907223,0.907223,0.907223,1.06814,1.06814,1.06814,1.06814,40.1792,40.1792,40.1792,99.0984,99.0984,28.5012,40.1792,40.1792,28.5012,99.0984,99.0984,14.2506,14.2506,28.5012,28.5012,14.2506,14.2506,28.5012,28.5012,14.2506,14.2506,14.2506,14.2506,14.2506,14.2506,16.7783,16.7783,16.7783,16.7783,0,0,0,0,0,0,0,0,0,0,0,0,0,0,0,0,0,0,0,0,0,0,0,0,0,0,0,0,0,0,0,0,0,0,0,0,0,0,0,0,0,0,0,0,0,0,0,0,0,0,0,0,0,0,0,0,0,0,0,0,0,0,0,0,0,0,0,0,0,0,0,0,0,0,0,0,0,0,0,0,0,0,0,0,0,0,0,0,0,0,0,0,0,0,0,0,0,0,0,0,0,0,0,0,0,0,0,0,0,0,0,0,0,0,0,0,0,-0.0972136,0.0497849,0.0099094,-0.0660628,-0.332546,0.291635,0.0898528,-0.27617,-0.344692,-0.0225478,-0.101102,-0.0707802,-0.109078,-0.0723993,-0.799231,0.902948,-0.0735261,-0.00471097,-0.219433,-0.524489,-0.0592268,-0.524369,-0.21322,0.844581,0.379552,0.473978,-0.916546,-1.55415,0.687973,0.770063,0.230837,0.0552022,-0.749616,-0.12015,-0.116748,0.347603,-0.121754,0.10124,0.182406,-0.287182,0.370414,0.124021,-0.087267,0.0242104,-0.0310426,-0.151174,0.127904,0.171026,0.239407,-0.00988897,0.2618,-0.0322469,-0.0259755,0.166463,0.0541531,-0.321122,-0.0443412,0.594606,-0.000350971,-0.039066,0.0353118,0.659,0.0497644,0.0969403,-0.994045,0.6,0,0,1.34457,1.14533,1.47606
1.3539,0.558176,9.49768,-0.392115,0.241535,0.122621,-0.106918,0.0553816,0.0116424,1.3539,0.558176,9.49768,-0.392115,0.241535,0.122621,-0.106918,0.0553816,0.0116424,-0.697965,-0.172433,-0.0830188,0.32938,-0.131811,0.0978719,0.23348,-0.183857,0.335108,0.146963,0.0265349,0.112488,-0.0313033,-0.0837758,0.131683,0.181834,0.238467,-0.0180814,0.2618,-0.0336948,-0.0270401,0.157678,0.0487509,-0.306025,-0.0292834,0.595088,0.000428497,-0.0405003,0.0337988,0,0,0,0,0,0,0,0,0,0,0,0,0,0,0,0,0,0,0,0,0,0,0,0,0,0,0,0,0,-0.657077,0.0378617,-0.126876,0.637945,-0.0899275,0.0426774,-0.141499,0.391683,-0.010764,0.118939,-0.0840319,-0.247128,-0.0416458,-0.0141939,0.0556415,0.243324,0.227573,-0.000106559,0.331894,-0.0215089,0.00253086,0.176014,0.148903,-0.166566,-0.00545238,0.682024,-0.0013389,-0.0149866,0.0404665,1.92869,-1.50874,0.810505,-2.65091,0.303441,0.411247,1.02416,-1.69978,0.500468,-0.731053,-0.437093,0.403631,0.559947,2.20498,-0.136398,-0.458357,0.153221,-0.107387,-0.0536522,-0.218532,0.0592882,-0.160417,-0.399348,0.383444,0.185615,-0.234764,0.00648795,-0.0826928,-0.0172811,-8.52009,-2.64765,-1.6768,-12.6312,-5.21726,0.962597,10.4242,-23.0608,10.0018,5.00116,2.31467,3.54369,-0.352598,-7.83722,2.36067,-0.611816,0.00883472,-0.109783,-1.92813,0.0461563,-0.465649,0.00353635,-0.988196,-2.56681,-0.716279,-1.24789,0.00946109,-0.322371,-0.0658678,0,0,0,0,0,0,0,0,0,0,0,0,0,0,0,0,0,0,0,0,0,0,0,0,0,0,0,0,0,2.55789,2.55789,2.55789,6.3088,6.3088,1.81445,2.55789,2.55789,1.81445,6.3088,6.3088,0.907223,0.907223,1.81445,1.81445,0.907223,0.907223,1.81445,1.81445,0.907223,0.907223,0.907223,0.907223,0.907223,0.907223,1.06814,1.06814,1.06814,1.06814,40.1792,40.1792,40.1792,99.0984,99.0984,28.5012,40.1792,40.1792,28.5012,99.0984,99.0984,14.2506,14.2506,28.5012,28.5012,14.2506,14.2506,28.5012,28.5012,14.2506,14.2506,14.2506,14.2506,14.2506,14.2506,16.7783,16.7783,16.7783,16.7783,0,0,0,0,0,0,0,0,0,0,0,0,0,0,0,0,0,0,0,0,0,0,0,0,0,0,0,0,0,0,0,0,0,0,0,0,0,0,0,0,0,0,0,0,0,0,0,0,0,0,0,0,0,0,0,0,0,0,0,0,0,0,0,0,0,0,0,0,0,0,0,0,0,0,0,0,0,0,0,0,0,0,0,0,0,0,0,0,0,0,0,0,0,0,0,0,0,0,0,0,0,0,0,0,0,0,0,0,0,0,0,0,0,0,0,0,0,-0.106918,0.0553816,0.0116424,-0.0414208,-0.344863,0.300252,0.087709,-0.241747,-0.191017,-0.0412274,-0.066769,-0.0713746,-0.109412,-0.0659286,-0.704899,0.996225,-0.0768274,0.00575158,-0.314919,-0.335784,-0.061654,-0.543622,-0.15162,0.764079,0.359521,0.453669,-0.968513,-1.48872,0.659295,1.11086,0.223158,0.256484,-0.697965,-0.172433,-0.0830188,0.32938,-0.131811,0.0978719,0.23348,-0.183857,0.335108,0.146963,0.0265349,0.112488,-0.0313033,-0.0837758,0.131683,0.181834,0.238467,-0.0180814,0.2618,-0.0336948,-0.0270401,0.157678,0.0487509,-0.306025,-0.0292834,0.595088,0.000428497,-0.0405003,0.0337988,0.64,0.0553533,0.106551,-0.992765,0.6,0,0,1.34567,1.12713,1.46522
0.581147,1.13172,8.25743,-0.175781,0.242399,0.0633079,-0.112463,0.0607705,0.0129841,0.581147,1.13172,8.25743,-0.175781,0.242399,0.0633079,-0.112463,0.0607705,0.0129841,-0.662378,-0.222754,-0.0594211,0.329101,-0.152832,0.099284,0.300139,-0.119539,0.277526,0.181913,0.139613,0.188609,-0.040395,-0.0311416,0.138341,0.202447,0.256625,-0.00919825,0.2618,-0.0326747,-0.025763,0.136777,0.0609607,-0.276649,-0.00416041,0.596348,0.000521085,-0.0384556,0.03445,0,0,0,0,0,0,0,0,0,0,0,0,0,0,0,0,0,0,0,0,0,0,0,0,0,0,0,0,0,-0.615797,0.00691978,-0.113818,0.584103,-0.0871506,0.0506847,-0.118111,0.359093,0.00355651,0.101242,-0.0864054,-0.242382,-0.0334733,0.0271196,0.0514449,0.235043,0.22842,-0.00365601,0.32912,-0.0254499,0.00242839,0.171573,0.139746,-0.161909,-0.000488803,0.676568,-0.00102042,-0.0172473,0.0396923,2.04972,-1.55883,0.470488,-2.66309,0.0413221,0.366811,1.14966,-1.54913,0.862379,-0.888771,-0.0761705,0.273799,0.248195,1.90409,-0.151648,-0.35067,-0.0643976,-0.221731,-0.187876,-0.169741,-0.0507444,-0.238666,-0.484824,0.104857,0.269837,-0.31699,0.014033,-0.118272,-0.0318581,-8.45393,-3.33116,-0.0379613,-8.81446,-4.82484,0.703837,11.2118,-17.9225,7.97043,10.0468,11.4974,4.85383,-0.220164,-6.59233,2.6117,-0.434205,0.175032,-0.0316852,-1.60063,0.0376413,-0.382527,0.0135185,-0.872995,-2.17187,-0.649871,-1.05055,0.00877515,-0.268488,-0.0624074,0,0,0,0,0,0,0,0,0,0,0,0,0,0,0,0,0,0,0,0,0,0,0,0,0,0,0,0,0,2.55789,2.55789,2.55789,6.3088,6.3088,1.81445,2.55789,2.55789,1.81445,6.3088,6.3088,0.907223,0.907223,1.81445,1.81445,0.907223,0.907223,1.81445,1.81445,0.907223,0.907223,0.907223,0.907223,0.907223,0.907223,1.06814,1.06814,1.06814,1.06814,40.1792,40.1792,40.1792,99.0984,99.0984,28.5012,40.1792,40.1792,28.5012,99.0984,99.0984,14.2506,14.2506,28.5012,28.5012,14.2506,14.2506,28.5012,28.5012,14.2506,14.2506,14.2506,14.2506,14.2506,14.2506,16.7783,16.7783,16.7783,16.7783,0,0,0,0,0,0,0,0,0,0,0,0,0,0,0,0,0,0,0,0,0,0,0,0,0,0,0,0,0,0,0,0,0,0,0,0,0,0,0,0,0,0,0,0,0,0,0,0,0,0,0,0,0,0,0,0,0,0,0,0,0,0,0,0,0,0,0,0,0,0,0,0,0,0,0,0,0,0,0,0,0,0,0,0,0,0,0,0,0,0,0,0,0,0,0,0,0,0,0,0,0,0,0,0,0,0,0,0,0,0,0,0,0,0,0,0,0,-0.112463,0.0607705,0.0129841,0.00557841,-0.317024,0.315431,0.129111,-0.174768,-0.071006,-0.0209729,-0.00948616,-0.0921045,-0.104737,-0.0490174,-0.639906,1.11797,-0.0745015,0.00699435,-0.406822,-0.218318,-0.0587422,-0.516177,-0.108522,0.632788,0.311866,0.462411,-0.969308,-1.38905,0.599348,1.43333,0.226377,0.430047,-0.662378,-0.222754,-0.0594211,0.329101,-0.152832,0.099284,0.300139,-0.119539,0.277526,0.181913,0.139613,0.188609,-0.040395,-0.0311416,0.138341,0.202447,0.256625,-0.00919825,0.2618,-0.0326747,-0.025763,0.136777,0.0609607,-0.276649,-0.00416041,0.596348,0.000521085,-0.0384556,0.03445,0.6,0.0607331,0.112019,-0.991848,0.6,0,0,1.34567,1.12713,1.46522
-0.434085,0.632026,8.04699,0.0158032,0.303552,-0.0534472,-0.113874,0.0665902,0.0122725,-0.434085,0.632026,8.04699,0.0158032,0.303552,-0.0534472,-0.113874,0.0665902,0.0122725,-0.596503,-0.26098,-0.0412958,0.308727,-0.158521,0.107272,0.326259,-0.0721354,0.203774,0.220935,0.231294,0.233034,-0.0507291,0.0169555,0.13652,0.212684,0.270764,0.00357985,0.2618,-0.028624,-0.0392232,0.105807,0.0658325,-0.246534,0.0200901,0.59653,3.87285e-05,-0.0375652,0.0375172,0,0,0,0,0,0,0,0,0,0,0,0,0,0,0,0,0,0,0,0,0,0,0,0,0,0,0,0,0,-0.575332,-0.0223036,-0.109062,0.535833,-0.0926123,0.0595696,-0.0933608,0.332325,0.0274937,0.0820349,-0.0836838,-0.236167,-0.0316834,0.0595746,0.0463549,0.228775,0.22462,-0.00671689,0.324446,-0.0279897,0.000947775,0.162821,0.12781,-0.162306,0.00629491,0.670016,-0.000722557,-0.0193117,0.0388847,1.9215,-1.36433,0.0790364,-2.24119,-0.352484,0.504877,1.2047,-1.16573,1.55179,-0.930254,0.170985,0.399523,-0.0293125,1.4011,-0.239503,-0.265555,-0.256379,-0.150651,-0.257305,-0.104129,-0.08999,-0.469732,-0.65336,-0.0983214,0.358199,-0.347066,0.0109582,-0.0941331,-0.0292098,-8.36068,-4.60905,1.71685,-6.53498,-3.83887,0.257737,12.7604,-15.1708,4.51382,15.6741,21.0807,5.72666,-0.118658,-5.14048,3.08142,-0.130111,0.670598,0.186629,-1.33594,0.0284635,-0.304534,0.0500048,-0.384639,-1.55584,-0.467813,-0.88209,0.00858861,-0.223813,-0.0406401,0,0,0,0,0,0,0,0,0,0,0,0,0,0,0,0,0,0,0,0,0,0,0,0,0,0,0,0,0,2.55789,2.55789,2.55789,6.3088,6.3088,1.81445,2.55789,2.55789,1.81445,6.3088,6.3088,0.907223,0.907223,1.81445,1.81445,0.907223,0.907223,1.81445,1.81445,0.907223,0.907223,0.907223,0.907223,0.907223,0.907223,1.06814,1.06814,1.06814,1.06814,40.1792,40.1792,40.1792,99.0984,99.0984,28.5012,40.1792,40.1792,28.5012,99.0984,99.0984,14.2506,14.2506,28.5012,28.5012,14.2506,14.2506,28.5012,28.5012,14.2506,14.2506,14.2506,14.2506,14.2506,14.2506,16.7783,16.7783,16.7783,16.7783,0,0,0,0,0,0,0,0,0,0,0,0,0,0,0,0,0,0,0,0,0,0,0,0,0,0,0,0,0,0,0,0,0,0,0,0,0,0,0,0,0,0,0,0,0,0,0,0,0,0,0,0,0,0,0,0,0,0,0,0,0,0,0,0,0,0,0,0,0,0,0,0,0,0,0,0,0,0,0,0,0,0,0,0,0,0,0,0,0,0,0,0,0,0,0,0,0,0,0,0,0,0,0,0,0,0,0,0,0,0,0,0,0,0,0,0,0,-0.113874,0.0665902,0.0122725,0.0289202,-0.305915,0.311278,0.16135,-0.106103,0.0386602,0.00816241,0.0458074,-0.115667,-0.111942,-0.0465796,-0.519595,1.16567,-0.0652655,0.000519839,-0.476636,-0.131743,-0.0894327,-0.504225,-0.0754197,0.464625,0.24125,0.503581,-1.02741,-1.27777,0.583124,1.69478,0.244592,0.531342,-0.596503,-0.26098,-0.0412958,0.308727,-0.158521,0.107272,0.326259,-0.0721354,0.203774,0.220935,0.231294,0.233034,-0.0507291,0.0169555,0.13652,0.212684,0.270764,0.00357985,0.2618,-0.028624,-0.0392232,0.105807,0.0658325,-0.246534,0.0200901,0.59653,3.87285e-05,-0.0375652,0.0375172,0.617,0.066541,0.113377,-0.991321,0.6,0,0,1.34638,1.11711,1.45247
-1.21202,-0.479178,8.77509,0.0967917,0.436446,-0.180611,-0.112795,0.0741619,0.00882401,-1.21202,-0.479178,8.77509,0.0967917,0.436446,-0.180611,-0.112795,0.0741619,0.00882401,-0.486197,-0.305242,-0.0141334,0.296804,-0.159774,0.128071,0.311414,-0.0464871,0.148652,0.25618,0.320999,0.270139,-0.060397,0.0395155,0.131062,0.223776,0.285161,0.0203254,0.2618,-0.020411,-0.0482439,0.0776955,0.079252,-0.236832,0.0254321,0.597929,0.000100329,-0.0374327,0.0401688,0,0,0,0,0,0,0,0,0,0,0,0,0,0,0,0,0,0,0,0,0,0,0,0,0,0,0,0,0,-0.536547,-0.0448819,-0.110366,0.493529,-0.0993749,0.0716527,-0.0693894,0.313802,0.0589226,0.064855,-0.0734001,-0.22775,-0.0346006,0.0820549,0.0380984,0.22349,0.218424,-0.00721569,0.319796,-0.0287912,-0.0036303,0.148102,0.111933,-0.164671,0.0144462,0.663972,-0.000614159,-0.0210166,0.0386397,1.87426,-0.943321,-0.161779,-1.98487,-0.362069,0.631536,1.09269,-0.758598,1.53564,-0.72095,0.669572,0.578168,-0.235089,0.928023,-0.455946,-0.241763,-0.304299,-0.00895554,-0.234618,-0.0194107,-0.268553,-0.760555,-0.859792,-0.109454,0.423389,-0.28952,0.00159758,-0.0722287,0.00320498,-7.13037,-6.24807,3.13018,-5.96768,-3.6743,-0.09559,13.0961,-13.5429,1.4146,20.1013,26.172,6.10425,-0.0378599,-3.55875,3.62401,0.0665007,1.01822,0.313608,-1.24395,0.0208787,-0.27008,0.082158,0.0938437,-1.06645,-0.29413,-0.833732,0.00876582,-0.201098,-0.019357,0,0,0,0,0,0,0,0,0,0,0,0,0,0,0,0,0,0,0,0,0,0,0,0,0,0,0,0,0,2.55789,2.55789,2.55789,6.3088,6.3088,1.81445,2.55789,2.55789,1.81445,6.3088,6.3088,0.907223,0.907223,1.81445,1.81445,0.907223,0.907223,1.81445,1.81445,0.907223,0.907223,0.907223,0.907223,0.907223,0.907223,1.06814,1.06814,1.06814,1.06814,40.1792,40.1792,40.1792,99.0984,99.0984,28.5012,40.1792,40.1792,28.5012,99.0984,99.0984,14.2506,14.2506,28.5012,28.5012,14.2506,14.2506,28.5012,28.5012,14.2506,14.2506,14.2506,14.2506,14.2506,14.2506,16.7783,16.7783,16.7783,16.7783,0,0,0,0,0,0,0,0,0,0,0,0,0,0,0,0,0,0,0,0,0,0,0,0,0,0,0,0,0,0,0,0,0,0,0,0,0,0,0,0,0,0,0,0,0,0,0,0,0,0,0,0,0,0,0,0,0,0,0,0,0,0,0,0,0,0,0,0,0,0,0,0,0,0,0,0,0,0,0,0,0,0,0,0,0,0,0,0,0,0,0,0,0,0,0,0,0,0,0,0,0,0,0,0,0,0,0,0,0,0,0,0,0,0,0,0,0,-0.112795,0.0741619,0.00882401,0.0542123,-0.275317,0.298834,0.194176,-0.0839806,0.0900992,0.0463439,0.0579878,-0.137711,-0.118985,-0.0277954,-0.318141,1.13856,-0.0465391,0.00134668,-0.557472,-0.0849007,-0.110001,-0.502446,-0.0258122,0.338942,0.177154,0.539172,-1.06141,-1.17726,0.579552,1.9506,0.292014,0.615944,-0.486197,-0.305242,-0.0141334,0.296804,-0.159774,0.128071,0.311414,-0.0464871,0.148652,0.25618,0.320999,0.270139,-0.060397,0.0395155,0.131062,0.223776,0.285161,0.0203254,0.2618,-0.020411,-0.0482439,0.0776955,0.079252,-0.236832,0.0254321,0.597929,0.000100329,-0.0374327,0.0401688,0.896,0.0732695,0.112411,-0.990957,0.6,0,0,1.34638,1.11711,1.45247
-1.18931,-1.22436,9.58279,0.0932394,0.585465,-0.284838,-0.111302,0.0844788,0.002768,-1.18931,-1.22436,9.58279,0.0932394,0.585465,-0.284838,-0.111302,0.0844788,0.002768,-0.350111,-0.350333,0.0205609,0.300428,-0.143364,0.16347,0.285854,-0.0238743,0.114967,0.297014,0.449238,0.333974,-0.0670066,0.0571076,0.124385,0.236682,0.300164,0.038798,0.2618,-0.0109096,-0.0504832,0.0512184,0.114321,-0.262243,0.00442329,0.600644,0.00170773,-0.0376287,0.0432285,0,0,0,0,0,0,0,0,0,0,0,0,0,0,0,0,0,0,0,0,0,0,0,0,0,0,0,0,0,-0.497052,-0.0578612,-0.11441,0.455246,-0.105828,0.0888131,-0.0479918,0.303175,0.0849693,0.0540342,-0.0539644,-0.210973,-0.0414533,0.0959507,0.0241672,0.218155,0.212498,-0.00454478,0.31577,-0.0271926,-0.0103065,0.128963,0.0926953,-0.165358,0.02229,0.658966,-0.000574818,-0.0224573,0.0392408,1.96316,-0.433089,-0.253768,-1.81985,-0.356358,0.897483,0.959922,-0.373166,1.08243,-0.357157,1.09695,1.21336,-0.422319,0.531274,-0.762842,-0.251089,-0.244049,0.154247,-0.194035,0.0967927,-0.331632,-0.934187,-0.98364,0.0313635,0.374861,-0.240916,0.00163062,-0.0631981,0.0387524,-4.48169,-8.75961,4.62563,-4.41285,-3.21656,-0.472426,11.9679,-13.0421,-0.15355,22.4716,30.5354,5.86287,0.0894519,-2.59984,4.40524,0.310014,1.26447,0.426432,-1.19871,0.00951655,-0.24268,0.114321,0.678313,-1.03354,-0.287396,-0.776876,0.0095143,-0.184157,-0.0240879,0,0,0,0,0,0,0,0,0,0,0,0,0,0,0,0,0,0,0,0,0,0,0,0,0,0,0,0,0,2.55789,2.55789,2.55789,6.3088,6.3088,1.81445,2.55789,2.55789,1.81445,6.3088,6.3088,0.907223,0.907223,1.81445,1.81445,0.907223,0.907223,1.81445,1.81445,0.907223,0.907223,0.907223,0.907223,0.907223,0.907223,1.06814,1.06814,1.06814,1.06814,40.1792,40.1792,40.1792,99.0984,99.0984,28.5012,40.1792,40.1792,28.5012,99.0984,99.0984,14.2506,14.2506,28.5012,28.5012,14.2506,14.2506,28.5012,28.5012,14.2506,14.2506,14.2506,14.2506,14.2506,14.2506,16.7783,16.7783,16.7783,16.7783,0,0,0,0,0,0,0,0,0,0,0,0,0,0,0,0,0,0,0,0,0,0,0,0,0,0,0,0,0,0,0,0,0,0,0,0,0,0,0,0,0,0,0,0,0,0,0,0,0,0,0,0,0,0,0,0,0,0,0,0,0,0,0,0,0,0,0,0,0,0,0,0,0,0,0,0,0,0,0,0,0,0,0,0,0,0,0,0,0,0,0,0,0,0,0,0,0,0,0,0,0,0,0,0,0,0,0,0,0,0,0,0,0,0,0,0,0,-0.111302,0.0844788,0.002768,0.083638,-0.195357,0.28361,0.228384,-0.14192,0.130211,0.0884634,0.0100855,-0.152782,-0.113668,0.00864646,-0.0696024,1.09188,-0.024875,0.0229223,-0.639822,-0.0436024,-0.115107,-0.505077,0.0375509,0.262136,0.116783,0.580241,-1.05108,-1.06081,0.626348,2.3163,0.372728,0.761495,-0.350111,-0.350333,0.0205609,0.300428,-0.143364,0.16347,0.285854,-0.0238743,0.114967,0.297014,0.449238,0.333974,-0.0670066,0.0571076,0.124385,0.236682,0.300164,0.038798,0.2618,-0.0109096,-0.0504832,0.0512184,0.114321,-0.262243,0.00442329,0.600644,0.00170773,-0.0376287,0.0432285,0.648,0.0843784,0.110676,-0.990268,0.6,0,0,1.34433,1.11701,1.45526
-1.02809,-1.54691,10.2242,0.0447627,0.718026,-0.338891,-0.110536,0.097523,-0.005047,-1.02809,-1.54691,10.2242,0.0447627,0.718026,-0.338891,-0.110536,0.097523,-0.005047,-0.200286,-0.418388,0.0668419,0.303622,-0.118486,0.204658,0.257179,0.00287072,0.0777697,0.344406,0.545799,0.39936,-0.0698172,0.0244207,0.109211,0.255052,0.31724,0.0584648,0.2618,-0.00439333,-0.0477778,0.0113659,0.166907,-0.292413,-0.019833,0.60448,0.00341257,-0.0381051,0.0449222,0,0,0,0,0,0,0,0,0,0,0,0,0,0,0,0,0,0,0,0,0,0,0,0,0,0,0,0,0,-0.454617,-0.0583062,-0.119485,0.419508,-0.109553,0.114342,-0.0284661,0.302159,0.101402,0.0496818,-0.022213,-0.177096,-0.0528294,0.100479,0.00351904,0.21225,0.208076,0.00128426,0.31277,-0.0233306,-0.0164421,0.10729,0.0728289,-0.162917,0.0271051,0.654221,-0.00019657,-0.0239784,0.040996,2.14434,0.245946,-0.300351,-1.69692,-0.22735,1.32229,0.87059,0.166491,0.656785,-0.0220727,1.84666,2.1545,-0.67546,0.0418241,-1.10141,-0.275405,-0.150696,0.307823,-0.149686,0.196655,-0.266512,-1.03107,-0.943419,0.183071,0.18454,-0.242395,0.0224826,-0.0744467,0.0902036,-1.1484,-12.2285,6.33635,-1.2812,-2.05757,-0.957204,10.3712,-13.4177,-0.818642,24.9576,35.6019,5.48537,0.376442,-1.36012,5.40463,0.603719,1.4646,0.51442,-1.1976,-0.00116598,-0.24298,0.135657,1.43913,-1.56645,-0.487868,-0.650779,0.00829441,-0.150663,-0.0587214,0,0,0,0,0,0,0,0,0,0,0,0,0,0,0,0,0,0,0,0,0,0,0,0,0,0,0,0,0,2.55789,2.55789,2.55789,6.3088,6.3088,1.81445,2.55789,2.55789,1.81445,6.3088,6.3088,0.907223,0.907223,1.81445,1.81445,0.907223,0.907223,1.81445,1.81445,0.907223,0.907223,0.907223,0.907223,0.907223,0.907223,1.06814,1.06814,1.06814,1.06814,40.1792,40.1792,40.1792,99.0984,99.0984,28.5012,40.1792,40.1792,28.5012,99.0984,99.0984,14.2506,14.2506,28.5012,28.5012,14.2506,14.2506,28.5012,28.5012,14.2506,14.2506,14.2506,14.2506,14.2506,14.2506,16.7783,16.7783,16.7783,16.7783,0,0,0,0,0,0,0,0,0,0,0,0,0,0,0,0,0,0,0,0,0,0,0,0,0,0,0,0,0,0,0,0,0,0,0,0,0,0,0,0,0,0,0,0,0,0,0,0,0,0,0,0,0,0,0,0,0,0,0,0,0,0,0,0,0,0,0,0,0,0,0,0,0,0,0,0,0,0,0,0,0,0,0,0,0,0,0,0,0,0,0,0,0,0,0,0,0,0,0,0,0,0,0,0,0,0,0,0,0,0,0,0,0,0,0,0,0,-0.110536,0.097523,-0.005047,0.125524,-0.0754543,0.249012,0.267319,-0.210711,0.0556816,0.133305,-0.0452211,-0.15919,-0.104445,0.0601374,0.204027,1.03951,-0.0100172,0.0458058,-0.764114,0.00524288,-0.108938,-0.511471,0.122075,0.177323,0.0259154,0.602975,-1.04197,-0.925661,0.697294,2.59167,0.46664,0.910581,-0.200286,-0.418388,0.0668419,0.303622,-0.118486,0.204658,0.257179,0.00287072,0.0777697,0.344406,0.545799,0.39936,-0.0698172,0.0244207,0.109211,0.255052,0.31724,0.0584648,0.2618,-0.00439333,-0.0477778,0.0113659,0.166907,-0.292413,-0.019833,0.60448,0.00341257,-0.0381051,0.0449222,0.425,0.0973685,0.109787,-0.989174,0.6,0,0,1.33442,0.591328,1.44038
-0.682028,-1.77899,10.3852,-0.012345,0.81421,-0.379491,-0.111089,0.112899,-0.014019,-0.682028,-1.77899,10.3852,-0.012345,0.81421,-0.379491,-0.111089,0.112899,-0.014019,-0.0237893,-0.465902,0.0986188,0.276444,-0.037498,0.260314,0.182241,0.0607943,0.0284133,0.389475,0.622555,0.479155,-0.0745265,-0.0306119,0.0918232,0.282351,0.313353,0.071896,0.2618,-0.000882254,-0.0496012,-0.0251689,0.217337,-0.328799,-0.0510758,0.608378,0.00495095,-0.0415037,0.0452743,0,0,0,0,0,0,0,0,0,0,0,0,0,0,0,0,0,0,0,0,0,0,0,0,0,0,0,0,0,-0.4064,-0.0462526,-0.124944,0.385318,-0.109089,0.148762,-0.0107565,0.311305,0.108028,0.0554252,0.0223942,-0.122038,-0.0695898,0.0958383,-0.0249848,0.20621,0.206087,0.0101595,0.310053,-0.0184889,-0.0205761,0.0813196,0.0554727,-0.158293,0.028118,0.648247,0.000561381,-0.0259409,0.0432904,2.48124,0.807207,-0.297249,-1.60276,0.0229734,1.69766,0.781427,0.632965,0.0590903,0.569405,2.44117,3.24745,-0.935126,-0.384488,-1.50211,-0.257725,-0.00406491,0.444477,-0.136009,0.228853,-0.162826,-1.27035,-0.753858,0.256893,0.00341684,-0.314611,0.0395531,-0.10736,0.106256,2.10353,-16.882,8.44148,1.94697,-1.08067,-1.47897,8.72974,-13.9016,-1.06577,25.5297,37.1056,4.6695,0.808513,-1.38868,6.49718,0.94246,1.61262,0.575261,-1.1398,-0.00663532,-0.238367,0.152455,2.28053,-2.13283,-0.685784,-0.40585,0.00597041,-0.0926927,-0.0867091,0,0,0,0,0,0,0,0,0,0,0,0,0,0,0,0,0,0,0,0,0,0,0,0,0,0,0,0,0,2.55789,2.55789,2.55789,6.3088,6.3088,1.81445,2.55789,2.55789,1.81445,6.3088,6.3088,0.907223,0.907223,1.81445,1.81445,0.907223,0.907223,1.81445,1.81445,0.907223,0.907223,0.907223,0.907223,0.907223,0.907223,1.06814,1.06814,1.06814,1.06814,40.1792,40.1792,40.1792,99.0984,99.0984,28.5012,40.1792,40.1792,28.5012,99.0984,99.0984,14.2506,14.2506,28.5012,28.5012,14.2506,14.2506,28.5012,28.5012,14.2506,14.2506,14.2506,14.2506,14.2506,14.2506,16.7783,16.7783,16.7783,16.7783,0,0,0,0,0,0,0,0,0,0,0,0,0,0,0,0,0,0,0,0,0,0,0,0,0,0,0,0,0,0,0,0,0,0,0,0,0,0,0,0,0,0,0,0,0,0,0,0,0,0,0,0,0,0,0,0,0,0,0,0,0,0,0,0,0,0,0,0,0,0,0,0,0,0,0,0,0,0,0,0,0,0,0,0,0,0,0,0,0,0,0,0,0,0,0,0,0,0,0,0,0,0,0,0,0,0,0,0,0,0,0,0,0,0,0,0,0,-0.111089,0.112899,-0.014019,0.187769,0.0395309,0.209366,0.258456,-0.293674,-0.0697982,0.16393,-0.116458,-0.169928,-0.0934124,0.112453,0.526368,0.902648,-0.00201163,0.066455,-0.85089,0.11103,-0.113096,-0.557091,0.18011,0.0647853,-0.0573875,0.607701,-1.11947,-0.797136,0.928252,2.81056,0.593542,1.09252,-0.0237893,-0.465902,0.0986188,0.276444,-0.037498,0.260314,0.182241,0.0607943,0.0284133,0.389475,0.622555,0.479155,-0.0745265,-0.0306119,0.0918232,0.282351,0.313353,0.071896,0.2618,-0.000882254,-0.0496012,-0.0251689,0.217337,-0.328799,-0.0510758,0.608378,0.00495095,-0.0415037,0.0452743,0.44,0.112659,0.110155,-0.987509,0.6,0,0,1.33442,0.591328,1.44038
1.1872,0.0182826,9.37574,0.0339586,0.714393,-0.405427,-0.112063,0.12812,-0.0236869,1.1872,0.0182826,9.37574,0.0339586,0.714393,-0.405427,-0.112063,0.12812,-0.0236869,0.20057,-0.34724,0.0152157,0.254021,0.0530381,0.335818,-0.010515,0.200382,-0.0340595,0.506781,0.536337,0.508165,-0.0741242,-0.103454,0.111201,0.287954,0.308795,0.10161,0.2618,-0.00757872,-0.0530237,-0.0738131,0.315818,-0.398377,-0.0998916,0.613094,0.00654172,-0.0447253,0.0414034,0,0,0,0,0,0,0,0,0,0,0,0,0,0,0,0,0,0,0,0,0,0,0,0,0,0,0,0,0,-0.349004,-0.0231813,-0.117502,0.348998,-0.09106,0.18128,0.00372105,0.329163,0.0973218,0.0749269,0.0783304,-0.0398484,-0.0903331,0.0809256,-0.05888,0.202253,0.206017,0.0206642,0.307904,-0.0137787,-0.0236595,0.0520943,0.0441937,-0.154125,0.0252835,0.640703,0.00154482,-0.0290422,0.0457158,3.05482,1.25651,0.698165,-1.73668,0.846754,1.42934,0.579461,1.06553,-0.989698,1.29462,3.01738,4.77144,-1.05429,-1.01811,-1.64774,-0.0731521,0.0182187,0.491341,-0.105591,0.214413,-0.130975,-1.39779,-0.354333,0.131178,-0.198485,-0.397016,0.0491216,-0.172428,0.107196,5.52591,-20.9433,7.01432,3.71876,-0.03652,-0.348316,5.62188,-13.3641,-0.358415,23.6542,35.698,3.29543,1.16052,-1.46247,7.27248,1.24088,1.52332,0.565956,-1.13282,-0.0106142,-0.2497,0.164085,2.82604,-2.62066,-0.91514,-0.125493,0.00514876,-0.0301761,-0.123555,0,0,0,0,0,0,0,0,0,0,0,0,0,0,0,0,0,0,0,0,0,0,0,0,0,0,0,0,0,2.55789,2.55789,2.55789,6.3088,6.3088,1.81445,2.55789,2.55789,1.81445,6.3088,6.3088,0.907223,0.907223,1.81445,1.81445,0.907223,0.907223,1.81445,1.81445,0.907223,0.907223,0.907223,0.907223,0.907223,0.907223,1.06814,1.06814,1.06814,1.06814,40.1792,40.1792,40.1792,99.0984,99.0984,28.5012,40.1792,40.1792,28.5012,99.0984,99.0984,14.2506,14.2506,28.5012,28.5012,14.2506,14.2506,28.5012,28.5012,14.2506,14.2506,14.2506,14.2506,14.2506,14.2506,16.7783,16.7783,16.7783,16.7783,0,0,0,0,0,0,0,0,0,0,0,0,0,0,0,0,0,0,0,0,0,0,0,0,0,0,0,0,0,0,0,0,0,0,0,0,0,0,0,0,0,0,0,0,0,0,0,0,0,0,0,0,0,0,0,0,0,0,0,0,0,0,0,0,0,0,0,0,0,0,0,0,0,0,0,0,0,0,0,0,0,0,0,0,0,0,0,0,0,0,0,0,0,0,0,0,0,0,0,0,0,0,0,0,0,0,0,0,0,0,0,0,0,0,0,0,0,-0.112063,0.12812,-0.0236869,0.200544,0.264076,0.253549,0.248064,-0.452319,-0.235885,0.231682,-0.227763,-0.169011,-0.0755592,0.175751,0.936121,0.550611,-0.0172802,0.0878073,-0.634175,0.365964,-0.120899,-0.600333,0.0277888,-0.077659,-0.168301,0.555744,-1.18342,-0.462609,1.18644,2.56469,0.765699,1.15867,0.20057,-0.34724,0.0152157,0.254021,0.0530381,0.335818,-0.010515,0.200382,-0.0340595,0.506781,0.536337,0.508165,-0.0741242,-0.103454,0.111201,0.287954,0.308795,0.10161,0.2618,-0.00757872,-0.0530237,-0.0738131,0.315818,-0.398377,-0.0998916,0.613094,0.00654172,-0.0447253,0.0414034,1.005,0.12777,0.110912,-0.985583,0.6,0,0,1.3185,0.599203,1.44833
-2.48003,-3.8228,10.2717,-0.151153,0.674488,-0.2868,-0.114006,0.140563,-0.032406,-2.48003,-3.8228,10.2717,-0.151153,0.674488,-0.2868,-0.114006,0.140563,-0.032406,0.542319,0.224133,-0.326294,0.289348,0.118589,0.478159,-0.480726,0.396681,-0.117435,0.645781,-0.087267,0.299307,-0.0819234,-0.236665,0.175444,0.297539,0.231132,0.0524225,0.2618,-0.0100969,-0.108777,-0.180566,0.332343,-0.446074,-0.104051,0.618486,0.00666892,-0.0360569,0.0318171,0,0,0,0,0,0,0,0,0,0,0,0,0,0,0,0,0,0,0,0,0,0,0,0,0,0,0,0,0,-0.289173,-0.00218489,-0.114092,0.309342,-0.0692471,0.230458,-0.00183731,0.349275,0.0821804,0.13226,0.129464,0.0474388,-0.113763,0.065389,-0.0899887,0.201255,0.207931,0.0348652,0.305737,-0.0115812,-0.026533,0.0176454,0.0430921,-0.150972,0.016919,0.631747,0.00269035,-0.0336149,0.0472724,2.85212,0.949493,-0.0394399,-1.965,0.618382,2.42292,-0.694255,0.800178,-0.616005,3.64967,2.49652,3.92337,-1.03092,-0.428424,-1.62338,-0.110874,0.267039,0.750758,-0.0740737,0.0715998,-0.136572,-1.66081,0.154866,0.208574,-0.533637,-0.413087,0.060497,-0.242454,0.0348088,12.5631,-16.2674,5.23647,6.59939,8.16933,-1.50825,1.27895,-8.10038,-2.28666,15.239,25.2758,3.16025,1.5202,-3.96895,8.56716,1.32715,1.233,0.559631,-1.1063,-0.00824182,-0.250854,0.20316,3.79781,-3.7167,-1.19719,0.119987,0.00160529,0.0727585,-0.141999,0,0,0,0,0,0,0,0,0,0,0,0,0,0,0,0,0,0,0,0,0,0,0,0,0,0,0,0,0,2.55789,2.55789,2.55789,6.3088,6.3088,1.81445,2.55789,2.55789,1.81445,6.3088,6.3088,0.907223,0.907223,1.81445,1.81445,0.907223,0.907223,1.81445,1.81445,0.907223,0.907223,0.907223,0.907223,0.907223,0.907223,1.06814,1.06814,1.06814,1.06814,40.1792,40.1792,40.1792,99.0984,99.0984,28.5012,40.1792,40.1792,28.5012,99.0984,99.0984,14.2506,14.2506,28.5012,28.5012,14.2506,14.2506,28.5012,28.5012,14.2506,14.2506,14.2506,14.2506,14.2506,14.2506,16.7783,16.7783,16.7783,16.7783,0,0,0,0,0,0,0,0,0,0,0,0,0,0,0,0,0,0,0,0,0,0,0,0,0,0,0,0,0,0,0,0,0,0,0,0,0,0,0,0,0,0,0,0,0,0,0,0,0,0,0,0,0,0,0,0,0,0,0,0,0,0,0,0,0,0,0,0,0,0,0,0,0,0,0,0,0,0,0,0,0,0,0,0,0,0,0,0,0,0,0,0,0,0,0,0,0,0,0,0,0,0,0,0,0,0,0,0,0,0,0,0,0,0,0,0,0,-0.114006,0.140563,-0.032406,0.222398,0.301754,0.400031,0.0709845,-0.561074,-0.53962,0.119528,-0.237246,-0.186793,-0.101869,0.24813,1.56027,-0.308149,-0.0230219,0.0895146,0.409341,0.72447,-0.248023,-0.48398,-0.59592,-0.267764,-0.411709,0.42707,-1.08267,-0.0662157,1.37337,0.246952,1.09025,0.68245,0.542319,0.224133,-0.326294,0.289348,0.118589,0.478159,-0.480726,0.396681,-0.117435,0.645781,-0.087267,0.299307,-0.0819234,-0.236665,0.175444,0.297539,0.231132,0.0524225,0.2618,-0.0100969,-0.108777,-0.180566,0.332343,-0.446074,-0.104051,0.618486,0.00666892,-0.0360569,0.0318171,0.929,0.1401,0.112637,-0.98371,0.6,0,0,1.3185,0.599203,1.44833
0.84307,0.405564,5.43109,0.0497346,0.0829268,-0.0521831,-0.115792,0.146823,-0.0361002,0.84307,0.405564,5.43109,0.0497346,0.0829268,-0.0521831,-0.115792,0.146823,-0.0361002,0.58533,0.680807,-0.567939,0.384377,-0.0215113,0.52,-0.721587,0.132835,0.101417,0.733847,-0.087267,-0.083582,-0.122171,-0.341432,0.216585,0.333954,0.243479,0.0393227,0.2618,-0.00915094,-0.0476286,-0.145075,0.283113,-0.335933,-0.0752424,0.612657,0.00237764,-0.014424,0.0200357,0,0,0,0,0,0,0,0,0,0,0,0,0,0,0,0,0,0,0,0,0,0,0,0,0,0,0,0,0,-0.241603,0.00850752,-0.131117,0.272141,-0.0589602,0.270624,-0.0395013,0.354887,0.047271,0.265048,0.081786,0.114694,-0.13194,0.0596577,-0.108751,0.202284,0.215191,0.0429785,0.306369,-0.0111342,-0.0385068,-0.0304524,0.0562165,-0.153046,0.00883747,0.621385,0.00381709,-0.0362215,0.0457597,2.24752,0.452484,-1.22613,-1.79907,0.39902,1.11109,-2.18738,0.00767426,-2.42457,6.98924,-2.63328,3.17258,-0.733943,-0.390269,-0.599725,0.178312,0.338972,0.159658,0.00881088,0.0235119,-0.741321,-2.52713,0.969706,-0.390145,-0.350341,-0.504064,0.0470983,-0.105815,-0.0939441,25.9244,7.55428,-4.92754,12.7975,15.0639,3.43276,-12.2453,1.57973,-0.503467,-5.73724,-0.0836849,-0.221432,1.40844,-7.81952,9.22316,1.22198,-0.0849274,-0.0745023,-1.31274,-0.00344428,-0.347239,0.12491,3.13044,-3.88427,-1.29937,0.495599,-0.00319916,0.11341,-0.133804,0,0,0,0,0,0,0,0,0,0,0,0,0,0,0,0,0,0,0,0,0,0,0,0,0,0,0,0,0,2.55789,2.55789,2.55789,6.3088,6.3088,1.81445,2.55789,2.55789,1.81445,6.3088,6.3088,0.907223,0.907223,1.81445,1.81445,0.907223,0.907223,1.81445,1.81445,0.907223,0.907223,0.907223,0.907223,0.907223,0.907223,1.06814,1.06814,1.06814,1.06814,40.1792,40.1792,40.1792,99.0984,99.0984,28.5012,40.1792,40.1792,28.5012,99.0984,99.0984,14.2506,14.2506,28.5012,28.5012,14.2506,14.2506,28.5012,28.5012,14.2506,14.2506,14.2506,14.2506,14.2506,14.2506,16.7783,16.7783,16.7783,16.7783,0,0,0,0,0,0,0,0,0,0,0,0,0,0,0,0,0,0,0,0,0,0,0,0,0,0,0,0,0,0,0,0,0,0,0,0,0,0,0,0,0,0,0,0,0,0,0,0,0,0,0,0,0,0,0,0,0,0,0,0,0,0,0,0,0,0,0,0,0,0,0,0,0,0,0,0,0,0,0,0,0,0,0,0,0,0,0,0,0,0,0,0,0,0,0,0,0,0,0,0,0,0,0,0,0,0,0,0,0,0,0,0,0,0,0,0,0,-0.115792,0.146823,-0.0361002,0.305428,0.189505,0.493834,0.0991369,-0.30994,-0.778499,0.0896598,-0.17156,-0.278562,-0.0857823,0.169889,1.63882,-0.74804,-0.0208651,0.0319142,1.24338,0.2426,-0.108598,-0.193608,-1.03724,0.23124,-0.330784,0.268932,-0.811674,0.184929,0.973842,-1.59302,1.19262,-0.190575,0.58533,0.680807,-0.567939,0.384377,-0.0215113,0.52,-0.721587,0.132835,0.101417,0.733847,-0.087267,-0.083582,-0.122171,-0.341432,0.216585,0.333954,0.243479,0.0393227,0.2618,-0.00915094,-0.0476286,-0.145075,0.283113,-0.335933,-0.0752424,0.612657,0.00237764,-0.014424,0.0200357,0.689,0.146296,0.11429,-0.982616,0.6,0,0,1.30447,1.08724,1.47814
-1.3246,1.01837,7.6538,0.519515,-0.598436,-0.131224,-0.109147,0.138921,-0.0366976,-1.3246,1.01837,7.6538,0.519515,-0.598436,-0.131224,-0.109147,0.138921,-0.0366976,0.343095,0.655309,-0.427551,0.351852,0.064514,0.39231,-0.736979,0.136875,0.189545,0.803655,-0.087267,-0.221278,-0.168861,-0.221838,0.105709,0.239735,0.272062,0.0743955,0.2618,0.00408146,-0.00207958,-0.0401691,0.29347,-0.348825,-0.114821,0.608493,0.00171742,-0.0094564,0.0156399,0,0,0,0,0,0,0,0,0,0,0,0,0,0,0,0,0,0,0,0,0,0,0,0,0,0,0,0,0,-0.209223,0.019119,-0.185643,0.25202,-0.0840855,0.276649,-0.0981341,0.363421,0.0147797,0.405554,0.0375078,0.100921,-0.148662,0.0394669,-0.100919,0.212964,0.21794,0.0406865,0.304568,-0.0104546,-0.0407973,-0.066495,0.0811682,-0.166433,0.000634094,0.614081,0.00346384,-0.0328887,0.0410938,1.43685,0.492737,-3.46063,-0.704487,-1.47133,-0.0549403,-3.11158,0.508646,-1.0636,6.61352,-1.87926,-2.4943,-0.932525,-1.305,0.735874,0.701729,-0.0127321,-0.163821,-0.0618589,0.0365889,0.132806,-1.41753,1.2781,-0.784618,-0.503945,-0.128935,-0.0282568,0.256898,-0.272096,28.395,25.3377,-6.94907,17.6644,15.3058,6.96086,-17.2549,-10.5794,4.49134,-8.93628,-0.483024,-0.54699,1.17846,-8.63123,7.7703,1.12751,0.350033,0.259538,-1.08601,-0.0141705,-0.199805,0.177055,1.74418,-1.74066,-0.65418,0.166302,0.0122815,0.0516821,-0.070108,0,0,0,0,0,0,0,0,0,0,0,0,0,0,0,0,0,0,0,0,0,0,0,0,0,0,0,0,0,2.55789,2.55789,2.55789,6.3088,6.3088,1.81445,2.55789,2.55789,1.81445,6.3088,6.3088,0.907223,0.907223,1.81445,1.81445,0.907223,0.907223,1.81445,1.81445,0.907223,0.907223,0.907223,0.907223,0.907223,0.907223,1.06814,1.06814,1.06814,1.06814,40.1792,40.1792,40.1792,99.0984,99.0984,28.5012,40.1792,40.1792,28.5012,99.0984,99.0984,14.2506,14.2506,28.5012,28.5012,14.2506,14.2506,28.5012,28.5012,14.2506,14.2506,14.2506,14.2506,14.2506,14.2506,16.7783,16.7783,16.7783,16.7783,0,0,0,0,0,0,0,0,0,0,0,0,0,0,0,0,0,0,0,0,0,0,0,0,0,0,0,0,0,0,0,0,0,0,0,0,0,0,0,0,0,0,0,0,0,0,0,0,0,0,0,0,0,0,0,0,0,0,0,0,0,0,0,0,0,0,0,0,0,0,0,0,0,0,0,0,0,0,0,0,0,0,0,0,0,0,0,0,0,0,0,0,0,0,0,0,0,0,0,0,0,0,0,0,0,0,0,0,0,0,0,0,0,0,0,0,0,-0.109147,0.138921,-0.0366976,0.0906009,0.21312,0.241027,0.164307,-0.339337,-0.505812,0.169629,-0.261803,-0.38502,-0.00893691,0.113993,1.19642,-0.776151,0.00930613,0.0230523,1.19681,0.249978,-0.00474165,-0.12693,-0.780849,0.432181,-0.0915895,0.209929,-0.904427,0.384003,1.21916,-1.46423,0.894506,-0.504537,0.343095,0.655309,-0.427551,0.351852,0.064514,0.39231,-0.736979,0.136875,0.189545,0.803655,-0.087267,-0.221278,-0.168861,-0.221838,0.105709,0.239735,0.272062,0.0743955,0.2618,0.00408146,-0.00207958,-0.0401691,0.29347,-0.348825,-0.114821,0.608493,0.00171742,-0.0094564,0.0156399,0.718,0.138474,0.107881,-0.984473,0.6,0,0,1.30447,1.08724,1.47814
-3.88262,-1.26017,7.53076,0.518695,-0.510491,-0.0633734,-0.0992336,0.127106,-0.0375468,-3.88262,-1.26017,7.53076,0.518695,-0.510491,-0.0633734,-0.0992336,0.127106,-0.0375468,0.190331,0.569874,-0.375679,0.270164,0.0521669,0.302788,-0.713621,0.288776,0.088824,0.9017,-0.087267,-0.221762,-0.1951,-0.151831,0.0859844,0.214457,0.2097,0.0773764,0.2618,0.00830414,-0.0188972,-0.016675,0.305903,-0.37377,-0.128712,0.604202,0.00167901,-0.0109505,0.0201224,0,0,0,0,0,0,0,0,0,0,0,0,0,0,0,0,0,0,0,0,0,0,0,0,0,0,0,0,0,-0.190325,0.0308098,-0.220934,0.240648,-0.0901626,0.264035,-0.168017,0.368761,0.0134459,0.530158,0.00537526,0.026174,-0.172654,0.021915,-0.0827919,0.224857,0.21701,0.0412755,0.303081,-0.0065746,-0.0289831,-0.0698048,0.107498,-0.179098,-0.0156599,0.614258,0.00280886,-0.0267079,0.0356469,0.749289,0.645838,-0.68766,-0.338426,-0.215824,-0.675136,-3.50286,0.0889493,0.400096,5.59355,-1.37821,-4.0499,-1.27441,-0.709281,0.822033,0.442471,-0.0925816,0.203591,-0.0140898,0.204341,0.734481,0.329507,1.3409,-0.611047,-0.957947,0.0333143,-0.0222121,0.307899,-0.278925,19.5617,23.4925,-6.22591,13.3534,16.4552,4.85045,-14.0681,-9.65512,4.3925,-8.26164,-0.487078,0.0770942,1.18754,-5.67559,3.83829,-0.208158,0.860709,0.634885,-1.11852,-0.0354784,-0.263978,0.160075,1.46925,-1.8888,-0.580294,-0.121211,0.00705683,-0.0377797,-0.0463407,0,0,0,0,0,0,0,0,0,0,0,0,0,0,0,0,0,0,0,0,0,0,0,0,0,0,0,0,0,2.55789,2.55789,2.55789,6.3088,6.3088,1.81445,2.55789,2.55789,1.81445,6.3088,6.3088,0.907223,0.907223,1.81445,1.81445,0.907223,0.907223,1.81445,1.81445,0.907223,0.907223,0.907223,0.907223,0.907223,0.907223,1.06814,1.06814,1.06814,1.06814,40.1792,40.1792,40.1792,99.0984,99.0984,28.5012,40.1792,40.1792,28.5012,99.0984,99.0984,14.2506,14.2506,28.5012,28.5012,14.2506,14.2506,28.5012,28.5012,14.2506,14.2506,14.2506,14.2506,14.2506,14.2506,16.7783,16.7783,16.7783,16.7783,0,0,0,0,0,0,0,0,0,0,0,0,0,0,0,0,0,0,0,0,0,0,0,0,0,0,0,0,0,0,0,0,0,0,0,0,0,0,0,0,0,0,0,0,0,0,0,0,0,0,0,0,0,0,0,0,0,0,0,0,0,0,0,0,0,0,0,0,0,0,0,0,0,0,0,0,0,0,0,0,0,0,0,0,0,0,0,0,0,0,0,0,0,0,0,0,0,0,0,0,0,0,0,0,0,0,0,0,0,0,0,0,0,0,0,0,0,-0.0992336,0.127106,-0.0375468,0.0329633,0.241469,0.196053,0.0221164,-0.396214,-0.346191,0.176426,-0.293476,-0.444848,0.0214768,0.056398,0.917422,-0.733492,0.0189343,0.0225368,1.04078,0.527401,-0.0430875,-0.146985,-0.686113,0.202528,-0.0380207,0.270096,-1.13738,0.663604,1.18395,-1.0866,0.690387,-0.50564,0.190331,0.569874,-0.375679,0.270164,0.0521669,0.302788,-0.713621,0.288776,0.088824,0.9017,-0.087267,-0.221762,-0.1951,-0.151831,0.0859844,0.214457,0.2097,0.0773764,0.2618,0.00830414,-0.0188972,-0.016675,0.305903,-0.37377,-0.128712,0.604202,0.00167901,-0.0109505,0.0201224,0.731,0.126764,0.0982716,-0.987053,0.6,0,0,1.30145,1.0693,1.478
-3.42973,-1.51321,7.35113,0.487856,-0.384291,0.0513173,-0.0892129,0.117886,-0.0367295,-3.42973,-1.51321,7.35113,0.487856,-0.384291,0.0513173,-0.0892129,0.117886,-0.0367295,0.0629126,0.542217,-0.292774,0.262998,0.0378888,0.291531,-0.658039,0.317074,0.0197966,1.02617,-0.087267,-0.191464,-0.211682,-0.116413,0.0466581,0.2389,0.0957628,0.0219842,0.2618,0.0141957,-0.00287557,-0.0639094,0.292051,-0.35353,-0.0909601,0.604598,0.00250251,-0.0078485,0.0211561,0,0,0,0,0,0,0,0,0,0,0,0,0,0,0,0,0,0,0,0,0,0,0,0,0,0,0,0,0,-0.178211,0.0443208,-0.221925,0.230912,-0.0934116,0.234938,-0.243688,0.365785,0.0220975,0.637774,-0.0186572,-0.0457385,-0.198434,0.0124471,-0.0652587,0.231312,0.213886,0.0487983,0.303746,-0.00216695,-0.0186757,-0.0578084,0.136091,-0.191869,-0.0349279,0.615373,0.00250024,-0.0215467,0.0317546,0.609261,0.622189,0.142027,-0.566058,-0.210907,-1.74115,-3.78284,-0.318804,0.383332,4.95037,-1.0258,-3.14846,-1.20035,-0.366039,0.766265,0.196406,-0.199222,0.452395,0.0462341,0.195435,0.386551,0.674983,1.4666,-0.688205,-0.934372,0.0752066,-0.0109125,0.220956,-0.161709,13.3386,19.5167,-6.5285,7.32309,15.6021,4.98192,-9.40702,-2.39284,1.20511,-5.01125,-0.32028,0.352746,1.13608,-4.02117,2.87643,-0.440627,0.111202,0.0257547,-1.27558,-0.0300256,-0.359012,-0.0116789,1.13054,-1.99957,-0.505484,-0.255349,-0.00184222,-0.0578683,-0.024382,0,0,0,0,0,0,0,0,0,0,0,0,0,0,0,0,0,0,0,0,0,0,0,0,0,0,0,0,0,2.55789,2.55789,2.55789,6.3088,6.3088,1.81445,2.55789,2.55789,1.81445,6.3088,6.3088,0.907223,0.907223,1.81445,1.81445,0.907223,0.907223,1.81445,1.81445,0.907223,0.907223,0.907223,0.907223,0.907223,0.907223,1.06814,1.06814,1.06814,1.06814,40.1792,40.1792,40.1792,99.0984,99.0984,28.5012,40.1792,40.1792,28.5012,99.0984,99.0984,14.2506,14.2506,28.5012,28.5012,14.2506,14.2506,28.5012,28.5012,14.2506,14.2506,14.2506,14.2506,14.2506,14.2506,16.7783,16.7783,16.7783,16.7783,0,0,0,0,0,0,0,0,0,0,0,0,0,0,0,0,0,0,0,0,0,0,0,0,0,0,0,0,0,0,0,0,0,0,0,0,0,0,0,0,0,0,0,0,0,0,0,0,0,0,0,0,0,0,0,0,0,0,0,0,0,0,0,0,0,0,0,0,0,0,0,0,0,0,0,0,0,0,0,0,0,0,0,0,0,0,0,0,0,0,0,0,0,0,0,0,0,0,0,0,0,0,0,0,0,0,0,0,0,0,0,0,0,0,0,0,0,-0.0892129,0.117886,-0.0367295,0.0886955,0.209885,0.106385,-0.237671,-0.350064,-0.265432,0.0501261,-0.207398,-0.482656,0.0632128,0.0617177,0.684714,-0.63198,0.0323676,0.0335903,0.990267,0.579082,-0.00655659,-0.105348,-0.534701,0.0451382,-0.14572,0.283971,-1.15782,1.01857,1.14324,-0.903341,0.664719,-0.436557,0.0629126,0.542217,-0.292774,0.262998,0.0378888,0.291531,-0.658039,0.317074,0.0197966,1.02617,-0.087267,-0.191464,-0.211682,-0.116413,0.0466581,0.2389,0.0957628,0.0219842,0.2618,0.0141957,-0.00287557,-0.0639094,0.292051,-0.35353,-0.0909601,0.604598,0.00250251,-0.0078485,0.0211561,1.024,0.117613,0.0884763,-0.98911,0.6,0,0,1.32208,1.13341,1.46508
-3.95597,-1.24429,7.44538,0.49067,-0.0884462,0.107814,-0.0792376,0.113528,-0.0345506,-3.95597,-1.24429,7.44538,0.49067,-0.0884462,0.107814,-0.0792376,0.113528,-0.0345506,-0.0741271,0.505337,-0.289807,0.27479,-0.0415788,0.324022,-0.510973,0.230614,0.0489565,0.940625,-0.087267,-0.177782,-0.224453,-0.118936,0.0434682,0.289097,0.1134,0.0110262,0.2618,0.00238926,0.0527812,-0.0426289,0.253604,-0.309205,-0.0534393,0.600433,0.00323525,-0.00447484,0.0184284,0,0,0,0,0,0,0,0,0,0,0,0,0,0,0,0,0,0,0,0,0,0,0,0,0,0,0,0,0,-0.16711,0.0540981,-0.21143,0.222022,-0.0999464,0.200678,-0.321596,0.353687,0.0254872,0.739572,-0.0368323,-0.0930726,-0.221046,0.00821217,-0.0548313,0.233099,0.209772,0.0529171,0.301988,0.00216955,-0.0100852,-0.0533184,0.164423,-0.208352,-0.0477196,0.617476,0.00262221,-0.0170562,0.028432,0.589576,0.362865,0.623344,-0.341085,-0.399237,-1.67804,-3.77296,-0.803898,0.0302501,4.87788,-0.763351,-1.86277,-0.987595,-0.149403,0.238943,-0.0128294,-0.259164,0.0331466,-0.111051,0.208221,0.388689,0.00733566,1.33677,-0.894895,-0.466865,0.169137,0.0029379,0.217484,-0.13661,7.8242,18.6403,-4.85079,6.26375,16.0312,5.55356,-4.01748,0.433054,-0.243325,-2.12293,-0.164217,0.311439,1.04335,-3.28198,2.35453,0.0743406,-1.41432,-0.984318,-0.94001,-0.0163659,-0.252353,-0.175369,0.625431,-1.28794,-0.185125,-0.369484,-0.00660703,-0.0719756,0.0278623,0,0,0,0,0,0,0,0,0,0,0,0,0,0,0,0,0,0,0,0,0,0,0,0,0,0,0,0,0,2.55789,2.55789,2.55789,6.3088,6.3088,1.81445,2.55789,2.55789,1.81445,6.3088,6.3088,0.907223,0.907223,1.81445,1.81445,0.907223,0.907223,1.81445,1.81445,0.907223,0.907223,0.907223,0.907223,0.907223,0.907223,1.06814,1.06814,1.06814,1.06814,40.1792,40.1792,40.1792,99.0984,99.0984,28.5012,40.1792,40.1792,28.5012,99.0984,99.0984,14.2506,14.2506,28.5012,28.5012,14.2506,14.2506,28.5012,28.5012,14.2506,14.2506,14.2506,14.2506,14.2506,14.2506,16.7783,16.7783,16.7783,16.7783,0,0,0,0,0,0,0,0,0,0,0,0,0,0,0,0,0,0,0,0,0,0,0,0,0,0,0,0,0,0,0,0,0,0,0,0,0,0,0,0,0,0,0,0,0,0,0,0,0,0,0,0,0,0,0,0,0,0,0,0,0,0,0,0,0,0,0,0,0,0,0,0,0,0,0,0,0,0,0,0,0,0,0,0,0,0,0,0,0,0,0,0,0,0,0,0,0,0,0,0,0,0,0,0,0,0,0,0,0,0,0,0,0,0,0,0,0,-0.0792376,0.113528,-0.0345506,0.20315,0.122221,0.0991118,-0.197457,-0.248999,-0.271185,0.0251409,-0.121847,-0.511776,0.0376,0.00581395,0.434434,-0.36339,0.00544776,0.0434257,0.922911,0.421178,0.120346,-0.0600643,-0.529283,0.111626,-0.0971981,0.247359,-1.12419,0.774607,0.916614,-0.812281,0.738802,-0.405361,-0.0741271,0.505337,-0.289807,0.27479,-0.0415788,0.324022,-0.510973,0.230614,0.0489565,0.940625,-0.087267,-0.177782,-0.224453,-0.118936,0.0434682,0.289097,0.1134,0.0110262,0.2618,0.00238926,0.0527812,-0.0426289,0.253604,-0.309205,-0.0534393,0.600433,0.00323525,-0.00447484,0.0184284,0.921,0.113284,0.0786451,-0.990445,0.6,0,0,1.32208,1.13341,1.46508
