AccelerationRaw[0],AccelerationRaw[1],AccelerationRaw[2],AngleVelocityRaw[0],AngleVelocityRaw[1],AngleVelocityRaw[2],AngleRaw[0],AngleRaw[1],AngleRaw[2],AccelerationValue[0],AccelerationValue[1],AccelerationValue[2],AngleVelocityValue[0],AngleVelocityValue[1],AngleVelocityValue[2],AngleValue[0],AngleValue[1],AngleValue[2],TargetMotorPosition[0],TargetMotorPosition[1],TargetMotorPosition[2],TargetMotorPosition[3],TargetMotorPosition[4],TargetMotorPosition[5],TargetMotorPosition[6],TargetMotorPosition[7],TargetMotorPosition[8],TargetMotorPosition[9],TargetMotorPosition[10],TargetMotorPosition[11],TargetMotorPosition[12],TargetMotorPosition[13],TargetMotorPosition[14],TargetMotorPosition[15],TargetMotorPosition[16],TargetMotorPosition[17],TargetMotorPosition[18],TargetMotorPosition[19],TargetMotorPosition[20],TargetMotorPosition[21],TargetMotorPosition[22],TargetMotorPosition[23],TargetMotorPosition[24],TargetMotorPosition[25],TargetMotorPosition[26],TargetMotorPosition[27],TargetMotorPosition[28],TargetMotorVelocity[0],TargetMotorVelocity[1],TargetMotorVelocity[2],TargetMotorVelocity[3],TargetMotorVelocity[4],TargetMotorVelocity[5],TargetMotorVelocity[6],TargetMotorVelocity[7],TargetMotorVelocity[8],TargetMotorVelocity[9],TargetMotorVelocity[10],TargetMotorVelocity[11],TargetMotorVelocity[12],TargetMotorVelocity[13],TargetMotorVelocity[14],TargetMotorVelocity[15],TargetMotorVelocity[16],TargetMotorVelocity[17],TargetMotorVelocity[18],TargetMotorVelocity[19],TargetMotorVelocity[20],TargetMotorVelocity[21],TargetMotorVelocity[22],TargetMotorVelocity[23],TargetMotorVelocity[24],TargetMotorVelocity[25],TargetMotorVelocity[26],TargetMotorVelocity[27],TargetMotorVelocity[28],CurrentMotorPosition[0],CurrentMotorPosition[1],CurrentMotorPosition[2],CurrentMotorPosition[3],CurrentMotorPosition[4],CurrentMotorPosition[5],CurrentMotorPosition[6],CurrentMotorPosition[7],CurrentMotorPosition[8],CurrentMotorPosition[9],CurrentMotorPosition[10],CurrentMotorPosition[11],CurrentMotorPosition[12],CurrentMotorPosition[13],CurrentMotorPosition[14],CurrentMotorPosition[15],CurrentMotorPosition[16],CurrentMotorPosition[17],CurrentMotorPosition[18],CurrentMotorPosition[19],CurrentMotorPosition[20],CurrentMotorPosition[21],CurrentMotorPosition[22],CurrentMotorPosition[23],CurrentMotorPosition[24],CurrentMotorPosition[25],CurrentMotorPosition[26],CurrentMotorPosition[27],CurrentMotorPosition[28],CurrentMotorVelocity[0],CurrentMotorVelocity[1],CurrentMotorVelocity[2],CurrentMotorVelocity[3],CurrentMotorVelocity[4],CurrentMotorVelocity[5],CurrentMotorVelocity[6],CurrentMotorVelocity[7],CurrentMotorVelocity[8],CurrentMotorVelocity[9],CurrentMotorVelocity[10],CurrentMotorVelocity[11],CurrentMotorVelocity[12],CurrentMotorVelocity[13],CurrentMotorVelocity[14],CurrentMotorVelocity[15],CurrentMotorVelocity[16],CurrentMotorVelocity[17],CurrentMotorVelocity[18],CurrentMotorVelocity[19],CurrentMotorVelocity[20],CurrentMotorVelocity[21],CurrentMotorVelocity[22],CurrentMotorVelocity[23],CurrentMotorVelocity[24],CurrentMotorVelocity[25],CurrentMotorVelocity[26],CurrentMotorVelocity[27],CurrentMotorVelocity[28],CurrentMotorTorque[0],CurrentMotorTorque[1],CurrentMotorTorque[2],CurrentMotorTorque[3],CurrentMotorTorque[4],CurrentMotorTorque[5],CurrentMotorTorque[6],CurrentMotorTorque[7],CurrentMotorTorque[8],CurrentMotorTorque[9],CurrentMotorTorque[10],CurrentMotorTorque[11],CurrentMotorTorque[12],CurrentMotorTorque[13],CurrentMotorTorque[14],CurrentMotorTorque[15],CurrentMotorTorque[16],CurrentMotorTorque[17],CurrentMotorTorque[18],CurrentMotorTorque[19],CurrentMotorTorque[20],CurrentMotorTorque[21],CurrentMotorTorque[22],CurrentMotorTorque[23],CurrentMotorTorque[24],CurrentMotorTorque[25],CurrentMotorTorque[26],CurrentMotorTorque[27],CurrentMotorTorque[28],TargetMotorTorque[0],TargetMotorTorque[1],TargetMotorTorque[2],TargetMotorTorque[3],TargetMotorTorque[4],TargetMotorTorque[5],TargetMotorTorque[6],TargetMotorTorque[7],TargetMotorTorque[8],TargetMotorTorque[9],TargetMotorTorque[10],TargetMotorTorque[11],TargetMotorTorque[12],TargetMotorTorque[13],TargetMotorTorque[14],TargetMotorTorque[15],TargetMotorTorque[16],TargetMotorTorque[17],TargetMotorTorque[18],TargetMotorTorque[19],TargetMotorTorque[20],TargetMotorTorque[21],TargetMotorTorque[22],TargetMotorTorque[23],TargetMotorTorque[24],TargetMotorTorque[25],TargetMotorTorque[26],TargetMotorTorque[27],TargetMotorTorque[28],TargetMotorDamping[0],TargetMotorDamping[1],TargetMotorDamping[2],TargetMotorDamping[3],TargetMotorDamping[4],TargetMotorDamping[5],TargetMotorDamping[6],TargetMotorDamping[7],TargetMotorDamping[8],TargetMotorDamping[9],TargetMotorDamping[10],TargetMotorDamping[11],TargetMotorDamping[12],TargetMotorDamping[13],TargetMotorDamping[14],TargetMotorDamping[15],TargetMotorDamping[16],TargetMotorDamping[17],TargetMotorDamping[18],TargetMotorDamping[19],TargetMotorDamping[20],TargetMotorDamping[21],TargetMotorDamping[22],TargetMotorDamping[23],TargetMotorDamping[24],TargetMotorDamping[25],TargetMotorDamping[26],TargetMotorDamping[27],TargetMotorDamping[28],TargetMotorStiffness[0],TargetMotorStiffness[1],TargetMotorStiffness[2],TargetMotorStiffness[3],TargetMotorStiffness[4],TargetMotorStiffness[5],TargetMotorStiffness[6],TargetMotorStiffness[7],TargetMotorStiffness[8],TargetMotorStiffness[9],TargetMotorStiffness[10],TargetMotorStiffness[11],TargetMotorStiffness[12],TargetMotorStiffness[13],TargetMotorStiffness[14],TargetMotorStiffness[15],TargetMotorStiffness[16],TargetMotorStiffness[17],TargetMotorStiffness[18],TargetMotorStiffness[19],TargetMotorStiffness[20],TargetMotorStiffness[21],TargetMotorStiffness[22],TargetMotorStiffness[23],TargetMotorStiffness[24],TargetMotorStiffness[25],TargetMotorStiffness[26],TargetMotorStiffness[27],TargetMotorStiffness[28],DanceNet1NetLastAction[0],DanceNet1NetLastAction[1],DanceNet1NetLastAction[2],DanceNet1NetLastAction[3],DanceNet1NetLastAction[4],DanceNet1NetLastAction[5],DanceNet1NetLastAction[6],DanceNet1NetLastAction[7],DanceNet1NetLastAction[8],DanceNet1NetLastAction[9],DanceNet1NetLastAction[10],DanceNet1NetLastAction[11],DanceNet1NetLastAction[12],DanceNet1NetLastAction[13],DanceNet1NetLastAction[14],DanceNet1NetLastAction[15],DanceNet1NetLastAction[16],DanceNet1NetLastAction[17],DanceNet1NetLastAction[18],DanceNet1NetLastAction[19],DanceNet1NetLastAction[20],DanceNet1NetLastAction[21],DanceNet1NetLastAction[22],DanceNet1NetLastAction[23],DanceNet1NetLastAction[24],DanceNet1NetLastAction[25],DanceNet1NetLastAction[26],DanceNet1NetLastAction[27],DanceNet1NetLastAction[28],DanceNet1InferenceTime,DanceNet1Action[0],DanceNet1Action[1],DanceNet1Action[2],DanceNet1Action[3],DanceNet1Action[4],DanceNet1Action[5],DanceNet1Action[6],DanceNet1Action[7],DanceNet1Action[8],DanceNet1Action[9],DanceNet1Action[10],DanceNet1Action[11],DanceNet1Action[12],DanceNet1Action[13],DanceNet1Action[14],DanceNet1Action[15],DanceNet1Action[16],DanceNet1Action[17],DanceNet1Action[18],DanceNet1Action[19],DanceNet1Action[20],DanceNet1Action[21],DanceNet1Action[22],DanceNet1Action[23],DanceNet1Action[24],DanceNet1Action[25],DanceNet1Action[26],DanceNet1Action[27],DanceNet1Action[28],DanceNet1RefTraj[0],DanceNet1RefTraj[1],DanceNet1RefTraj[2],DanceNet1RefTraj[3],DanceNet1RefTraj[4],DanceNet1RefTraj[5],DanceNet1RefTraj[6],DanceNet1RefTraj[7],DanceNet1RefTraj[8],DanceNet1RefTraj[9],DanceNet1RefTraj[10],DanceNet1RefTraj[11],DanceNet1RefTraj[12],DanceNet1RefTraj[13],DanceNet1RefTraj[14],DanceNet1RefTraj[15],DanceNet1RefTraj[16],DanceNet1RefTraj[17],DanceNet1RefTraj[18],DanceNet1RefTraj[19],DanceNet1RefTraj[20],DanceNet1RefTraj[21],DanceNet1RefTraj[22],DanceNet1RefTraj[23],DanceNet1RefTraj[24],DanceNet1RefTraj[25],DanceNet1RefTraj[26],DanceNet1RefTraj[27],DanceNet1RefTraj[28],DanceNet1RefVel[0],DanceNet1RefVel[1],DanceNet1RefVel[2],DanceNet1RefVel[3],DanceNet1RefVel[4],DanceNet1RefVel[5],DanceNet1RefVel[6],DanceNet1RefVel[7],DanceNet1RefVel[8],DanceNet1RefVel[9],DanceNet1RefVel[10],DanceNet1RefVel[11],DanceNet1RefVel[12],DanceNet1RefVel[13],DanceNet1RefVel[14],DanceNet1RefVel[15],DanceNet1RefVel[16],DanceNet1RefVel[17],DanceNet1RefVel[18],DanceNet1RefVel[19],DanceNet1RefVel[20],DanceNet1RefVel[21],DanceNet1RefVel[22],DanceNet1RefVel[23],DanceNet1RefVel[24],DanceNet1RefVel[25],DanceNet1RefVel[26],DanceNet1RefVel[27],DanceNet1RefVel[28],AlterAngleValue[0],AlterAngleValue[1],AlterAngleValue[2],WalkNet1NetLastAction[0],WalkNet1NetLastAction[1],WalkNet1NetLastAction[2],WalkNet1NetLastAction[3],WalkNet1NetLastAction[4],WalkNet1NetLastAction[5],WalkNet1NetLastAction[6],WalkNet1NetLastAction[7],WalkNet1NetLastAction[8],WalkNet1NetLastAction[9],WalkNet1NetLastAction[10],WalkNet1NetLastAction[11],WalkNet1NetLastAction[12],WalkNet1NetLastAction[13],WalkNet1NetLastAction[14],WalkNet1NetLastAction[15],WalkNet1NetLastAction[16],WalkNet1NetLastAction[17],WalkNet1NetLastAction[18],WalkNet1NetLastAction[19],WalkNet1NetLastAction[20],WalkNet1NetLastAction[21],WalkNet1NetLastAction[22],WalkNet1NetLastAction[23],WalkNet1NetLastAction[24],WalkNet1NetLastAction[25],WalkNet1NetLastAction[26],WalkNet1NetLastAction[27],WalkNet1NetLastAction[28],WalkNet1Action[0],WalkNet1Action[1],WalkNet1Action[2],WalkNet1Action[3],WalkNet1Action[4],WalkNet1Action[5],WalkNet1Action[6],WalkNet1Action[7],WalkNet1Action[8],WalkNet1Action[9],WalkNet1Action[10],WalkNet1Action[11],WalkNet1Action[12],WalkNet1Action[13],WalkNet1Action[14],WalkNet1Action[15],WalkNet1Action[16],WalkNet1Action[17],WalkNet1Action[18],WalkNet1Action[19],WalkNet1Action[20],WalkNet1Action[21],WalkNet1Action[22],WalkNet1Action[23],WalkNet1Action[24],WalkNet1Action[25],WalkNet1Action[26],WalkNet1Action[27],WalkNet1Action[28],WalkNet1InferenceTime,WalkNet1NetProjectedGravity[0],WalkNet1NetProjectedGravity[1],WalkNet1NetProjectedGravity[2],WalkNet1NetUserCommand3[0],WalkNet1NetUserCommand3[1],WalkNet1NetUserCommand3[2],DepthCenterDistance,DepthMinDistance,DepthMaxDistance
-25.5768,-0.0105189,18.3185,-0.00023323,0.291935,-0.000152746,-4.66549e-07,0.000583871,-3.05628e-07,-25.5768,-0.0105189,18.3185,-0.00023323,0.291935,-0.000152746,-4.66549e-07,0.000583871,-3.05628e-07,-0.312,0,0,0.669,-0.363,0,-0.312,0,0,0.669,-0.363,0,0,0,0,0.2,0.2,0,0.6,0,0,0,0.2,-0.2,0,0.6,0,0,0,0,0,0,0,0,0,0,0,0,0,0,0,0,0,0,0,0,0,0,0,0,0,0,0,0,0,0,0,0,-0.308798,7.07524e-05,0.000165981,0.664486,-0.357702,1.18883e-05,-0.308798,-7.08959e-05,-0.000165921,0.664486,-0.357702,-1.19761e-05,2.39403e-07,6.62686e-07,-0.00224093,0.200114,0.199635,0.000571391,0.598005,6.84974e-05,0.00149099,-3.62506e-05,0.200114,-0.199635,-0.000570621,0.598006,-6.84586e-05,0.00149089,3.63864e-05,1.60108,0.0353762,0.0829906,-2.25689,2.64918,0.00594416,1.60103,-0.035448,-0.0829604,-2.25679,2.64914,-0.00598803,0.000119702,0.000331343,-1.12047,0.0571304,-0.182478,0.285695,-0.997611,0.0342487,0.745497,-0.0181253,0.0567287,0.182629,-0.285311,-0.996957,-0.0342293,0.745446,0.0181932,12.5359,-8.05092e-17,-3.46e-17,-66.2969,10.346,1.08914e-18,12.5359,-4.86358e-17,4.26881e-18,-66.2969,10.346,-4.96118e-17,-2.09687e-17,6.62772e-18,-3.74733e-16,-2.85013,-2.85013,-1.13985e-16,-8.55037,-6.40488e-17,-7.81728e-17,5.24105e-17,-2.85013,2.85013,8.89167e-17,-8.55037,1.05828e-16,-7.83488e-17,-2.99997e-17,0,0,0,0,0,0,0,0,0,0,0,0,0,0,0,0,0,0,0,0,0,0,0,0,0,0,0,0,0,2.55789,6.3088,2.55789,6.3088,1.81445,1.81445,2.55789,6.3088,2.55789,6.3088,1.81445,1.81445,2.55789,1.81445,1.81445,0.907223,0.907223,0.907223,0.907223,0.907223,1.06814,1.06814,0.907223,0.907223,0.907223,0.907223,0.907223,1.06814,1.06814,40.1792,99.0984,40.1792,99.0984,28.5012,28.5012,40.1792,99.0984,40.1792,99.0984,28.5012,28.5012,40.1792,28.5012,28.5012,14.2506,14.2506,14.2506,14.2506,14.2506,16.7783,16.7783,14.2506,14.2506,14.2506,14.2506,14.2506,16.7783,16.7783,0,0,0,0,0,0,0,0,0,0,0,0,0,0,0,0,0,0,0,0,0,0,0,0,0,0,0,0,0,0,0,0,0,0,0,0,0,0,0,0,0,0,0,0,0,0,0,0,0,0,0,0,0,0,0,0,0,0,0,0,0,0,0,0,0,0,0,0,0,0,0,0,0,0,0,0,0,0,0,0,0,0,0,0,0,0,0,0,0,0,0,0,0,0,0,0,0,0,0,0,0,0,0,0,0,0,0,0,0,0,0,0,0,0,0,0,0,-4.66549e-07,0.000583871,-3.05628e-07,0,0,0,0,0,0,0,0,0,0,0,0,0,0,0,0,0,0,0,0,0,0,0,0,0,0,0,0,0,-0.312,0,0,0.669,-0.363,0,-0.312,0,0,0.669,-0.363,0,0,0,0,0.2,0.2,0,0.6,0,0,0,0.2,-0.2,0,0.6,0,0,0,1.068,0.000583871,4.66548e-07,-1,0.6,0,0,0,0,0
-0.453898,0.000324627,-0.73804,1.05194e-05,-0.0478881,7.73242e-05,-1.20703e-06,0.000718403,1.74657e-06,-0.453898,0.000324627,-0.73804,1.05194e-05,-0.0478881,7.73242e-05,-1.20703e-06,0.000718403,1.74657e-06,-0.312,0,0,0.669,-0.363,0,-0.312,0,0,0.669,-0.363,0,0,0,0,0.2,0.2,0,0.6,0,0,0,0.2,-0.2,0,0.6,0,0,0,0,0,0,0,0,0,0,0,0,0,0,0,0,0,0,0,0,0,0,0,0,0,0,0,0,0,0,0,0,-0.303588,5.86553e-05,0.000149044,0.652526,-0.35313,-5.59936e-06,-0.303588,-5.8501e-05,-0.000149202,0.652526,-0.35313,5.64043e-06,-1.26503e-06,1.34672e-06,-0.00366374,0.202256,0.198467,0.00149261,0.590529,2.96383e-05,0.00187134,0.000145833,0.202258,-0.198466,-0.0014933,0.590529,-2.95975e-05,0.00187131,-0.000146017,-0.0786425,-0.00873858,-0.0202124,-0.140577,-0.191896,-0.000358792,-0.0786089,0.00875887,0.0201835,-0.140599,-0.191897,0.000362877,-2.84015e-05,-3.42408e-05,0.159173,0.0947468,-0.0332938,-0.0103575,-0.239685,-0.00456493,-0.125638,0.00632418,0.0948669,0.0332496,0.0103405,-0.239759,0.0045615,-0.125637,-0.00633073,-0.259497,0.0472195,0.043412,3.1166,0.0181503,0.0013528,-0.259599,-0.0473838,-0.0433328,3.11679,0.0181494,-0.00136505,0.000201835,9.84275e-06,-0.155389,-0.133383,0.0566573,-0.0193198,0.386114,0.00419206,0.0935626,-0.011361,-0.133582,-0.0566421,0.0193813,0.386213,-0.00419051,0.0935654,0.0113807,0,0,0,0,0,0,0,0,0,0,0,0,0,0,0,0,0,0,0,0,0,0,0,0,0,0,0,0,0,2.55789,6.3088,2.55789,6.3088,1.81445,1.81445,2.55789,6.3088,2.55789,6.3088,1.81445,1.81445,2.55789,1.81445,1.81445,0.907223,0.907223,0.907223,0.907223,0.907223,1.06814,1.06814,0.907223,0.907223,0.907223,0.907223,0.907223,1.06814,1.06814,40.1792,99.0984,40.1792,99.0984,28.5012,28.5012,40.1792,99.0984,40.1792,99.0984,28.5012,28.5012,40.1792,28.5012,28.5012,14.2506,14.2506,14.2506,14.2506,14.2506,16.7783,16.7783,14.2506,14.2506,14.2506,14.2506,14.2506,16.7783,16.7783,0,0,0,0,0,0,0,0,0,0,0,0,0,0,0,0,0,0,0,0,0,0,0,0,0,0,0,0,0,0,0,0,0,0,0,0,0,0,0,0,0,0,0,0,0,0,0,0,0,0,0,0,0,0,0,0,0,0,0,0,0,0,0,0,0,0,0,0,0,0,0,0,0,0,0,0,0,0,0,0,0,0,0,0,0,0,0,0,0,0,0,0,0,0,0,0,0,0,0,0,0,0,0,0,0,0,0,0,0,0,0,0,0,0,0,0,0,-1.20703e-06,0.000718403,1.74657e-06,0,0,0,0,0,0,0,0,0,0,0,0,0,0,0,0,0,0,0,0,0,0,0,0,0,0,0,0,0,-0.312,0,0,0.669,-0.363,0,-0.312,0,0,0.669,-0.363,0,0,0,0,0.2,0.2,0,0.6,0,0,0,0.2,-0.2,0,0.6,0,0,0,0.79,0.000718403,1.20703e-06,-1,0.6,0,0,0,0,0
-0.345016,-1.81143e-05,0.0128079,2.74954e-05,-0.0080397,-9.74127e-05,-6.7516e-07,0.000193014,6.69574e-07,-0.345016,-1.81143e-05,0.0128079,2.74954e-05,-0.0080397,-9.74127e-05,-6.7516e-07,0.000193014,6.69574e-07,-0.312,0,0,0.669,-0.363,0,-0.312,0,0,0.669,-0.363,0,0,0,0,0.2,0.2,0,0.6,0,0,0,0.2,-0.2,0,0.6,0,0,0,0,0,0,0,0,0,0,0,0,0,0,0,0,0,0,0,0,0,0,0,0,0,0,0,0,0,0,0,0,-0.306498,-4.70756e-05,-0.000100982,0.655036,-0.356661,-1.62846e-06,-0.306497,4.73399e-05,0.00010067,0.655035,-0.356661,1.65319e-06,2.34654e-07,5.25053e-07,-0.00132144,0.202157,0.198116,0.000936776,0.589098,-1.3124e-05,-7.39881e-05,0.000140717,0.202157,-0.198116,-0.000936097,0.589099,1.30655e-05,-7.36721e-05,-0.000140575,-0.119777,-0.00152054,-0.00380998,0.197338,-0.119434,0.000200586,-0.119786,0.00151879,0.00382077,0.197353,-0.119432,-0.000202377,8.97144e-05,-3.218e-05,0.0543303,-0.0627065,-0.00853528,-0.0284119,0.0341913,-0.000648349,-0.0503761,-0.00276573,-0.0628659,0.0085142,0.0284614,0.0342197,0.000645698,-0.0503617,0.00277904,0.0895712,0.0171079,0.0164563,0.207019,0.0416415,-0.000345604,0.0895693,-0.0171278,-0.0164641,0.206933,0.0416366,0.000348084,-0.000238285,4.3943e-05,-0.0722279,0.0175027,0.0350959,0.0116621,0.137848,0.000899921,0.060546,0.000255605,0.0176364,-0.0350712,-0.0117235,0.13781,-0.00089621,0.0605233,-0.000274017,0,0,0,0,0,0,0,0,0,0,0,0,0,0,0,0,0,0,0,0,0,0,0,0,0,0,0,0,0,2.55789,6.3088,2.55789,6.3088,1.81445,1.81445,2.55789,6.3088,2.55789,6.3088,1.81445,1.81445,2.55789,1.81445,1.81445,0.907223,0.907223,0.907223,0.907223,0.907223,1.06814,1.06814,0.907223,0.907223,0.907223,0.907223,0.907223,1.06814,1.06814,40.1792,99.0984,40.1792,99.0984,28.5012,28.5012,40.1792,99.0984,40.1792,99.0984,28.5012,28.5012,40.1792,28.5012,28.5012,14.2506,14.2506,14.2506,14.2506,14.2506,16.7783,16.7783,14.2506,14.2506,14.2506,14.2506,14.2506,16.7783,16.7783,0,0,0,0,0,0,0,0,0,0,0,0,0,0,0,0,0,0,0,0,0,0,0,0,0,0,0,0,0,0,0,0,0,0,0,0,0,0,0,0,0,0,0,0,0,0,0,0,0,0,0,0,0,0,0,0,0,0,0,0,0,0,0,0,0,0,0,0,0,0,0,0,0,0,0,0,0,0,0,0,0,0,0,0,0,0,0,0,0,0,0,0,0,0,0,0,0,0,0,0,0,0,0,0,0,0,0,0,0,0,0,0,0,0,0,0,0,-6.7516e-07,0.000193014,6.69574e-07,0,0,0,0,0,0,0,0,0,0,0,0,0,0,0,0,0,0,0,0,0,0,0,0,0,0,0,0,0,-0.312,0,0,0.669,-0.363,0,-0.312,0,0,0.669,-0.363,0,0,0,0,0.2,0.2,0,0.6,0,0,0,0.2,-0.2,0,0.6,0,0,0,0.682,0.000209094,7.30111e-07,-1,0.6,0,0,0,10,0
-0.00337061,-2.21536e-05,0.0523662,2.43862e-05,-0.00489219,-7.54192e-05,-2.04431e-07,0.000104649,-9.35874e-07,-0.00337061,-2.21536e-05,0.0523662,2.43862e-05,-0.00489219,-7.54192e-05,-2.04431e-07,0.000104649,-9.35874e-07,-0.312,0,0,0.669,-0.363,0,-0.312,0,0,0.669,-0.363,0,0,0,0,0.2,0.2,0,0.6,0,0,0,0.2,-0.2,0,0.6,0,0,0,0,0,0,0,0,0,0,0,0,0,0,0,0,0,0,0,0,0,0,0,0,0,0,0,0,0,0,0,0,-0.308211,-4.69872e-05,-0.000105716,0.658539,-0.35836,2.61313e-07,-0.30821,4.71787e-05,0.0001057,0.658539,-0.35836,-2.62417e-07,1.37673e-06,5.02295e-08,-0.000768014,0.200659,0.198007,0.000453513,0.590504,-1.59434e-05,-0.000531782,8.20056e-05,0.200657,-0.198007,-0.00045267,0.590504,1.58825e-05,-0.000531458,-8.18043e-05,-0.0780409,0.000726803,0.00142549,0.182542,-0.0787752,4.62678e-05,-0.0780631,-0.000732165,-0.00140817,0.182549,-0.0787737,-4.73597e-05,3.90692e-05,-2.21842e-05,0.0198039,-0.0908186,-0.00481802,-0.0250223,0.0997716,9.42512e-05,-0.0105889,-0.00336675,-0.0909113,0.00482209,0.0250067,0.0997395,-9.29046e-05,-0.0105985,0.00336363,0.0506868,0.000874516,0.00134765,-0.105135,0.0120609,-0.000108606,0.0507348,-0.000862344,-0.00139078,-0.105197,0.0120564,0.000110715,-0.000167854,3.93156e-05,-0.0157772,0.0699224,0.0328271,0.0160115,0.0505967,0.00018177,0.0229013,0.00212408,0.0700376,-0.0328272,-0.0160138,0.0506156,-0.000181854,0.0229035,-0.00212548,0,0,0,0,0,0,0,0,0,0,0,0,0,0,0,0,0,0,0,0,0,0,0,0,0,0,0,0,0,2.55789,6.3088,2.55789,6.3088,1.81445,1.81445,2.55789,6.3088,2.55789,6.3088,1.81445,1.81445,2.55789,1.81445,1.81445,0.907223,0.907223,0.907223,0.907223,0.907223,1.06814,1.06814,0.907223,0.907223,0.907223,0.907223,0.907223,1.06814,1.06814,40.1792,99.0984,40.1792,99.0984,28.5012,28.5012,40.1792,99.0984,40.1792,99.0984,28.5012,28.5012,40.1792,28.5012,28.5012,14.2506,14.2506,14.2506,14.2506,14.2506,16.7783,16.7783,14.2506,14.2506,14.2506,14.2506,14.2506,16.7783,16.7783,0,0,0,0,0,0,0,0,0,0,0,0,0,0,0,0,0,0,0,0,0,0,0,0,0,0,0,0,0,0,0,0,0,0,0,0,0,0,0,0,0,0,0,0,0,0,0,0,0,0,0,0,0,0,0,0,0,0,0,0,0,0,0,0,0,0,0,0,0,0,0,0,0,0,0,0,0,0,0,0,0,0,0,0,0,0,0,0,0,0,0,0,0,0,0,0,0,0,0,0,0,0,0,0,0,0,0,0,0,0,0,0,0,0,0,0,0,-2.04431e-07,0.000104649,-9.35874e-07,0,0,0,0,0,0,0,0,0,0,0,0,0,0,0,0,0,0,0,0,0,0,0,0,0,0,0,0,0,-0.312,0,0,0.669,-0.363,0,-0.312,0,0,0.669,-0.363,0,0,0,0,0.2,0.2,0,0.6,0,0,0,0.2,-0.2,0,0.6,0,0,0,0.605,0.000104649,2.04431e-07,-1,0.6,0,0,1.76967,1.3307,1.96011
0.0742741,-2.64481e-05,0.0393881,1.76907e-05,-0.00971628,-3.5101e-05,2.11892e-07,-4.47737e-05,-1.98547e-06,0.0742741,-2.64481e-05,0.0393881,1.76907e-05,-0.00971628,-3.5101e-05,2.11892e-07,-4.47737e-05,-1.98547e-06,-0.312,0,0,0.669,-0.363,0,-0.312,0,0,0.669,-0.363,0,0,0,0,0.2,0.2,0,0.6,0,0,0,0.2,-0.2,0,0.6,0,0,0,0,0,0,0,0,0,0,0,0,0,0,0,0,0,0,0,0,0,0,0,0,0,0,0,0,0,0,0,0,-0.309437,-2.83762e-05,-6.71363e-05,0.661677,-0.359652,4.87921e-07,-0.309437,2.84447e-05,6.73837e-05,0.661677,-0.359652,-5.02366e-07,1.5856e-06,-2.98441e-07,-0.000442929,0.198928,0.197926,1.82913e-05,0.592597,-1.18404e-05,-0.000547455,2.04419e-05,0.198925,-0.197926,-1.79838e-05,0.592596,1.18178e-05,-0.000547442,-2.03634e-05,-0.0498281,0.000934511,0.00196613,0.135794,-0.0549028,-4.69513e-06,-0.0498504,-0.000940898,-0.00195718,0.135791,-0.0549036,4.33062e-06,-8.69347e-06,-1.3907e-05,0.015458,-0.0796608,-0.00353419,-0.0190023,0.102167,0.00023992,0.00416729,-0.00275417,-0.0796814,0.0035363,0.0189733,0.102122,-0.000237962,0.00415006,0.00274734,0.0261657,-0.0030119,-0.00226374,-0.132917,0.00451361,-9.13645e-06,0.0262348,0.00304424,0.00222908,-0.13292,0.00451324,1.02956e-05,-5.10124e-05,3.42595e-05,-0.014451,0.0870536,0.032753,0.0169949,0.0144415,-4.16625e-05,0.00558369,0.00259385,0.0871162,-0.0327541,-0.0169734,0.0144891,4.02214e-05,0.00560141,-0.002588,0,0,0,0,0,0,0,0,0,0,0,0,0,0,0,0,0,0,0,0,0,0,0,0,0,0,0,0,0,2.55789,6.3088,2.55789,6.3088,1.81445,1.81445,2.55789,6.3088,2.55789,6.3088,1.81445,1.81445,2.55789,1.81445,1.81445,0.907223,0.907223,0.907223,0.907223,0.907223,1.06814,1.06814,0.907223,0.907223,0.907223,0.907223,0.907223,1.06814,1.06814,40.1792,99.0984,40.1792,99.0984,28.5012,28.5012,40.1792,99.0984,40.1792,99.0984,28.5012,28.5012,40.1792,28.5012,28.5012,14.2506,14.2506,14.2506,14.2506,14.2506,16.7783,16.7783,14.2506,14.2506,14.2506,14.2506,14.2506,16.7783,16.7783,0,0,0,0,0,0,0,0,0,0,0,0,0,0,0,0,0,0,0,0,0,0,0,0,0,0,0,0,0,0,0,0,0,0,0,0,0,0,0,0,0,0,0,0,0,0,0,0,0,0,0,0,0,0,0,0,0,0,0,0,0,0,0,0,0,0,0,0,0,0,0,0,0,0,0,0,0,0,0,0,0,0,0,0,0,0,0,0,0,0,0,0,0,0,0,0,0,0,0,0,0,0,0,0,0,0,0,0,0,0,0,0,0,0,0,0,0,2.11892e-07,-4.47737e-05,-1.98547e-06,0,0,0,0,0,0,0,0,0,0,0,0,0,0,0,0,0,0,0,0,0,0,0,0,0,0,0,0,0,-0.312,0,0,0.669,-0.363,0,-0.312,0,0,0.669,-0.363,0,0,0,0,0.2,0.2,0,0.6,0,0,0,0.2,-0.2,0,0.6,0,0,0,0.609,-4.47737e-05,-2.11892e-07,-1,0.6,0,0,1.76967,1.3307,1.96011
0.068073,-2.94149e-05,0.0247646,1.02025e-05,-0.0135827,-6.59363e-06,5.09435e-07,-0.00030991,-2.38352e-06,0.068073,-2.94149e-05,0.0247646,1.02025e-05,-0.0135827,-6.59363e-06,5.09435e-07,-0.00030991,-2.38352e-06,-0.312,0,0,0.669,-0.363,0,-0.312,0,0,0.669,-0.363,0,0,0,0,0.2,0.2,0,0.6,0,0,0,0.2,-0.2,0,0.6,0,0,0,0,0,0,0,0,0,0,0,0,0,0,0,0,0,0,0,0,0,0,0,0,0,0,0,0,0,0,0,0,-0.310289,-1.14766e-05,-3.15091e-05,0.66412,-0.360648,2.9333e-07,-0.310289,1.14183e-05,3.18345e-05,0.66412,-0.360648,-3.09691e-07,1.08904e-06,-5.20373e-07,-8.44429e-05,0.197468,0.197864,-0.000322484,0.594573,-7.20209e-06,-0.000421283,-2.90189e-05,0.197465,-0.197864,0.000322283,0.594572,7.21211e-06,-0.000421577,2.8979e-05,-0.0307583,0.000614588,0.00129503,0.0924096,-0.038275,-9.17656e-06,-0.030774,-0.000619549,-0.0012954,0.0924036,-0.0382768,9.27085e-06,-2.99035e-05,-7.24844e-06,0.0170521,-0.0548759,-0.00213173,-0.0127284,0.0781082,0.000173834,0.00586006,-0.00183489,-0.0548587,0.00212723,0.0127112,0.078087,-0.000172805,0.00584995,0.00183101,0.0110315,-0.0028121,-0.0021091,-0.102393,0.00252058,8.20366e-06,0.011102,0.00284942,0.00209522,-0.102362,0.002523,-7.85095e-06,2.81258e-05,2.85048e-05,-0.0273189,0.0863983,0.0324517,0.0162535,0.00647627,-5.78074e-05,0.000888174,0.00247013,0.086424,-0.0324461,-0.0162344,0.00651503,5.6678e-05,0.000904488,-0.00246512,0,0,0,0,0,0,0,0,0,0,0,0,0,0,0,0,0,0,0,0,0,0,0,0,0,0,0,0,0,2.55789,6.3088,2.55789,6.3088,1.81445,1.81445,2.55789,6.3088,2.55789,6.3088,1.81445,1.81445,2.55789,1.81445,1.81445,0.907223,0.907223,0.907223,0.907223,0.907223,1.06814,1.06814,0.907223,0.907223,0.907223,0.907223,0.907223,1.06814,1.06814,40.1792,99.0984,40.1792,99.0984,28.5012,28.5012,40.1792,99.0984,40.1792,99.0984,28.5012,28.5012,40.1792,28.5012,28.5012,14.2506,14.2506,14.2506,14.2506,14.2506,16.7783,16.7783,14.2506,14.2506,14.2506,14.2506,14.2506,16.7783,16.7783,0,0,0,0,0,0,0,0,0,0,0,0,0,0,0,0,0,0,0,0,0,0,0,0,0,0,0,0,0,0,0,0,0,0,0,0,0,0,0,0,0,0,0,0,0,0,0,0,0,0,0,0,0,0,0,0,0,0,0,0,0,0,0,0,0,0,0,0,0,0,0,0,0,0,0,0,0,0,0,0,0,0,0,0,0,0,0,0,0,0,0,0,0,0,0,0,0,0,0,0,0,0,0,0,0,0,0,0,0,0,0,0,0,0,0,0,0,5.09435e-07,-0.00030991,-2.38352e-06,0,0,0,0,0,0,0,0,0,0,0,0,0,0,0,0,0,0,0,0,0,0,0,0,0,0,0,0,0,-0.312,0,0,0.669,-0.363,0,-0.312,0,0,0.669,-0.363,0,0,0,0,0.2,0.2,0,0.6,0,0,0,0.2,-0.2,0,0.6,0,0,0,0.655,-0.000282745,-4.89026e-07,-1,0.6,0,0,1.74968,1.31546,1.96007
0.0515499,-2.84136e-05,0.0170831,5.14229e-06,-0.0148338,5.69708e-06,6.40769e-07,-0.000569165,-2.36799e-06,0.0515499,-2.84136e-05,0.0170831,5.14229e-06,-0.0148338,5.69708e-06,6.40769e-07,-0.000569165,-2.36799e-06,-0.312,0,0,0.669,-0.363,0,-0.312,0,0,0.669,-0.363,0,0,0,0,0.2,0.2,0,0.6,0,0,0,0.2,-0.2,0,0.6,0,0,0,0,0,0,0,0,0,0,0,0,0,0,0,0,0,0,0,0,0,0,0,0,0,0,0,0,0,0,0,0,-0.310732,-2.93841e-06,-1.35341e-05,0.665513,-0.361237,1.59396e-07,-0.310733,2.81007e-06,1.38064e-05,0.665513,-0.361237,-1.72176e-07,5.21329e-07,-6.09474e-07,0.000230096,0.196678,0.197842,-0.000508252,0.595766,-4.82523e-06,-0.000332004,-5.5436e-05,0.196676,-0.197842,0.000507845,0.595764,4.84657e-06,-0.000332404,5.53515e-05,-0.0202668,0.000372576,0.000784325,0.0666031,-0.0286679,-5.92592e-06,-0.0202756,-0.000375591,-0.00078887,0.0665977,-0.0286695,6.18575e-06,-3.13981e-05,-3.27912e-06,0.0176388,-0.0354349,-0.000468896,-0.00852327,0.0571924,0.000100298,0.00411234,-0.00119468,-0.0354059,0.000463043,0.00851589,0.057192,-9.99481e-05,0.00410962,0.0011932,0.00181881,-0.00213236,-0.00152431,-0.0770854,0.00183328,6.55849e-06,0.00188084,0.00216488,0.00152383,-0.0770466,0.00183649,-6.63071e-06,5.75443e-05,2.38362e-05,-0.0375451,0.0803004,0.0313557,0.0151178,0.00813711,-2.61441e-05,0.00107672,0.00223459,0.0803081,-0.0313472,-0.0151047,0.00815948,2.5477e-05,0.00108703,-0.0022314,0,0,0,0,0,0,0,0,0,0,0,0,0,0,0,0,0,0,0,0,0,0,0,0,0,0,0,0,0,2.55789,6.3088,2.55789,6.3088,1.81445,1.81445,2.55789,6.3088,2.55789,6.3088,1.81445,1.81445,2.55789,1.81445,1.81445,0.907223,0.907223,0.907223,0.907223,0.907223,1.06814,1.06814,0.907223,0.907223,0.907223,0.907223,0.907223,1.06814,1.06814,40.1792,99.0984,40.1792,99.0984,28.5012,28.5012,40.1792,99.0984,40.1792,99.0984,28.5012,28.5012,40.1792,28.5012,28.5012,14.2506,14.2506,14.2506,14.2506,14.2506,16.7783,16.7783,14.2506,14.2506,14.2506,14.2506,14.2506,16.7783,16.7783,0,0,0,0,0,0,0,0,0,0,0,0,0,0,0,0,0,0,0,0,0,0,0,0,0,0,0,0,0,0,0,0,0,0,0,0,0,0,0,0,0,0,0,0,0,0,0,0,0,0,0,0,0,0,0,0,0,0,0,0,0,0,0,0,0,0,0,0,0,0,0,0,0,0,0,0,0,0,0,0,0,0,0,0,0,0,0,0,0,0,0,0,0,0,0,0,0,0,0,0,0,0,0,0,0,0,0,0,0,0,0,0,0,0,0,0,0,6.40769e-07,-0.000569165,-2.36799e-06,0,0,0,0,0,0,0,0,0,0,0,0,0,0,0,0,0,0,0,0,0,0,0,0,0,0,0,0,0,-0.312,0,0,0.669,-0.363,0,-0.312,0,0,0.669,-0.363,0,0,0,0,0.2,0.2,0,0.6,0,0,0,0.2,-0.2,0,0.6,0,0,0,0.69,-0.000569165,-6.40769e-07,-1,0.6,0,0,1.71469,1.28895,1.96007
-3.88212,-0.0106718,35.6158,-0.00318463,0.986189,-0.00125614,-3.04653e-05,0.010436,-2.12959e-05,-3.88212,-0.0106718,35.6158,-0.00318463,0.986189,-0.00125614,-3.04653e-05,0.010436,-2.12959e-05,-0.312,0,0,0.669,-0.363,0,-0.312,0,0,0.669,-0.363,0,0,0,0,0.2,0.2,0,0.6,0,0,0,0.2,-0.2,0,0.6,0,0,0,0,0,0,0,0,0,0,0,0,0,0,0,0,0,0,0,0,0,0,0,0,0,0,0,0,0,0,0,0,-0.335156,-4.24091e-05,-9.83449e-05,0.739352,-0.397784,-0.000133246,-0.335164,4.27124e-05,0.000104969,0.739366,-0.39779,0.000122357,1.61738e-05,3.7046e-05,-0.0224324,0.180293,0.191553,0.00389027,0.620848,0.000195669,0.000200763,0.000764156,0.180251,-0.191532,-0.00385488,0.620905,-0.000195121,0.000206213,-0.000757265,-1.35487,-0.00141218,-0.00364043,5.87884,-3.00028,-0.00745372,-1.35545,0.00160112,0.00394368,5.87993,-3.00077,0.00638112,0.00103086,0.00373475,-2.43352,-1.38214,-0.602778,0.303602,2.16831,0.0075552,0.25639,0.0717802,-1.38467,0.605234,-0.301232,2.17247,-0.0075303,0.257111,-0.0713182,4.74662,0.0150105,0.0145827,-42.6303,6.18011,0.0179789,4.74844,-0.0157816,-0.0158447,-42.6385,6.18115,-0.0159483,-0.00350217,-0.00705632,4.56333,1.4754,0.611309,-0.34356,-2.12476,-0.0109058,-0.196797,-0.087162,1.47852,-0.613515,0.340818,-2.12939,0.0108778,-0.197587,0.0865245,0,0,0,0,0,0,0,0,0,0,0,0,0,0,0,0,0,0,0,0,0,0,0,0,0,0,0,0,0,2.55789,6.3088,2.55789,6.3088,1.81445,1.81445,2.55789,6.3088,2.55789,6.3088,1.81445,1.81445,2.55789,1.81445,1.81445,0.907223,0.907223,0.907223,0.907223,0.907223,1.06814,1.06814,0.907223,0.907223,0.907223,0.907223,0.907223,1.06814,1.06814,40.1792,99.0984,40.1792,99.0984,28.5012,28.5012,40.1792,99.0984,40.1792,99.0984,28.5012,28.5012,40.1792,28.5012,28.5012,14.2506,14.2506,14.2506,14.2506,14.2506,16.7783,16.7783,14.2506,14.2506,14.2506,14.2506,14.2506,16.7783,16.7783,0,0,0,0,0,0,0,0,0,0,0,0,0,0,0,0,0,0,0,0,0,0,0,0,0,0,0,0,0,0,0,0,0,0,0,0,0,0,0,0,0,0,0,0,0,0,0,0,0,0,0,0,0,0,0,0,0,0,0,0,0,0,0,0,0,0,0,0,0,0,0,0,0,0,0,0,0,0,0,0,0,0,0,0,0,0,0,0,0,0,0,0,0,0,0,0,0,0,0,0,0,0,0,0,0,0,0,0,0,0,0,0,0,0,0,0,0,-3.04653e-05,0.010436,-2.12959e-05,0,0,0,0,0,0,0,0,0,0,0,0,0,0,0,0,0,0,0,0,0,0,0,0,0,0,0,0,0,-0.312,0,0,0.669,-0.363,0,-0.312,0,0,0.669,-0.363,0,0,0,0,0.2,0.2,0,0.6,0,0,0,0.2,-0.2,0,0.6,0,0,0,0.938,0.0104358,3.04637e-05,-0.999946,0.6,0,0,1.71469,1.28895,1.96007
9.52528,-0.00784757,23.5916,-0.00543965,0.385009,0.000816907,-0.000120755,0.0250866,-2.48122e-05,9.52528,-0.00784757,23.5916,-0.00543965,0.385009,0.000816907,-0.000120755,0.0250866,-2.48122e-05,-0.312,0,0,0.669,-0.363,0,-0.312,0,0,0.669,-0.363,0,0,0,0,0.2,0.2,0,0.6,0,0,0,0.2,-0.2,0,0.6,0,0,0,0,0,0,0,0,0,0,0,0,0,0,0,0,0,0,0,0,0,0,0,0,0,0,0,0,0,0,0,0,-0.342983,-4.3724e-05,-0.000126631,0.837587,-0.450545,-0.00021743,-0.342997,5.47026e-05,0.000120887,0.837615,-0.450559,0.000177615,1.63597e-05,0.000135448,-0.0728986,0.160225,0.176498,0.00550874,0.663847,0.000282156,0.00909452,0.00156921,0.160181,-0.176408,-0.00544448,0.663955,-0.000280645,0.00911084,-0.00155798,0.229234,0.000637775,-0.000465556,3.78924,-2.16134,-0.00205107,0.229255,0.000114346,-0.00103218,3.78957,-2.16168,0.000358879,-0.000817725,0.00565467,-2.14798,-0.504407,-0.84285,-0.106025,1.92952,0.00376566,0.491204,0.00706387,-0.502554,0.846762,0.107033,1.93087,-0.00370769,0.491507,-0.00697272,0.937978,0.0010559,0.00647827,-41.5235,6.50324,0.0104676,0.938666,-0.00650877,-0.00302646,-41.5289,6.50427,-0.00643755,0.000965111,-0.0135541,6.09376,1.12533,1.06068,-0.0190917,-2.67024,-0.00732826,-0.665577,-0.0413876,1.12464,-1.06534,0.0172641,-2.67314,0.00725521,-0.666218,0.0410934,0,0,0,0,0,0,0,0,0,0,0,0,0,0,0,0,0,0,0,0,0,0,0,0,0,0,0,0,0,2.55789,6.3088,2.55789,6.3088,1.81445,1.81445,2.55789,6.3088,2.55789,6.3088,1.81445,1.81445,2.55789,1.81445,1.81445,0.907223,0.907223,0.907223,0.907223,0.907223,1.06814,1.06814,0.907223,0.907223,0.907223,0.907223,0.907223,1.06814,1.06814,40.1792,99.0984,40.1792,99.0984,28.5012,28.5012,40.1792,99.0984,40.1792,99.0984,28.5012,28.5012,40.1792,28.5012,28.5012,14.2506,14.2506,14.2506,14.2506,14.2506,16.7783,16.7783,14.2506,14.2506,14.2506,14.2506,14.2506,16.7783,16.7783,0,0,0,0,0,0,0,0,0,0,0,0,0,0,0,0,0,0,0,0,0,0,0,0,0,0,0,0,0,0,0,0,0,0,0,0,0,0,0,0,0,0,0,0,0,0,0,0,0,0,0,0,0,0,0,0,0,0,0,0,0,0,0,0,0,0,0,0,0,0,0,0,0,0,0,0,0,0,0,0,0,0,0,0,0,0,0,0,0,0,0,0,0,0,0,0,0,0,0,0,0,0,0,0,0,0,0,0,0,0,0,0,0,0,0,0,0,-0.000120755,0.0250866,-2.48122e-05,0,0,0,0,0,0,0,0,0,0,0,0,0,0,0,0,0,0,0,0,0,0,0,0,0,0,0,0,0,-0.312,0,0,0.669,-0.363,0,-0.312,0,0,0.669,-0.363,0,0,0,0,0.2,0.2,0,0.6,0,0,0,0.2,-0.2,0,0.6,0,0,0,0.735,0.025084,0.000120717,-0.999685,0.6,0,0,1.66276,1.25105,1.96117
7.31891,-0.00682359,17.8831,-0.00693677,-0.388965,0.00192565,-0.000246184,0.023808,6.3401e-06,7.31891,-0.00682359,17.8831,-0.00693677,-0.388965,0.00192565,-0.000246184,0.023808,6.3401e-06,-0.312,0,0,0.669,-0.363,0,-0.312,0,0,0.669,-0.363,0,0,0,0,0.2,0.2,0,0.6,0,0,0,0.2,-0.2,0,0.6,0,0,0,0,0,0,0,0,0,0,0,0,0,0,0,0,0,0,0,0,0,0,0,0,0,0,0,0,0,0,0,0,-0.331556,-2.58466e-05,-0.000135861,0.888094,-0.482541,-0.000233966,-0.331564,5.43237e-05,8.09094e-05,0.888122,-0.482562,0.00015495,-1.13467e-05,0.000261157,-0.0999585,0.163364,0.158258,0.000443409,0.693816,0.000343298,0.0173839,0.0011107,0.16338,-0.158085,-0.000356052,0.693939,-0.000340988,0.0174035,-0.00109718,0.739557,0.000959595,-0.000694452,1.64261,-1.20449,-0.000257398,0.740072,-2.41162e-05,-0.00246175,1.64244,-1.20482,-0.00190781,-0.00167614,0.00674612,-0.723126,0.643469,-0.953794,-0.338021,1.15104,0.00195954,0.333887,-0.0406731,0.646929,0.958065,0.339392,1.15159,-0.00193895,0.334016,0.0408354,-0.98927,-0.00330272,0.00699344,-32.8137,5.66185,0.00724233,-0.990149,-0.00512253,0.00271994,-32.8157,5.66302,-0.00125599,0.00451553,-0.0191272,4.35644,0.0436687,1.42704,0.278668,-2.41461,-0.00690335,-0.65753,0.0204092,0.0404277,-1.43323,-0.28107,-2.41685,0.00684833,-0.657988,-0.0207911,0,0,0,0,0,0,0,0,0,0,0,0,0,0,0,0,0,0,0,0,0,0,0,0,0,0,0,0,0,2.55789,6.3088,2.55789,6.3088,1.81445,1.81445,2.55789,6.3088,2.55789,6.3088,1.81445,1.81445,2.55789,1.81445,1.81445,0.907223,0.907223,0.907223,0.907223,0.907223,1.06814,1.06814,0.907223,0.907223,0.907223,0.907223,0.907223,1.06814,1.06814,40.1792,99.0984,40.1792,99.0984,28.5012,28.5012,40.1792,99.0984,40.1792,99.0984,28.5012,28.5012,40.1792,28.5012,28.5012,14.2506,14.2506,14.2506,14.2506,14.2506,16.7783,16.7783,14.2506,14.2506,14.2506,14.2506,14.2506,16.7783,16.7783,0,0,0,0,0,0,0,0,0,0,0,0,0,0,0,0,0,0,0,0,0,0,0,0,0,0,0,0,0,0,0,0,0,0,0,0,0,0,0,0,0,0,0,0,0,0,0,0,0,0,0,0,0,0,0,0,0,0,0,0,0,0,0,0,0,0,0,0,0,0,0,0,0,0,0,0,0,0,0,0,0,0,0,0,0,0,0,0,0,0,0,0,0,0,0,0,0,0,0,0,0,0,0,0,0,0,0,0,0,0,0,0,0,0,0,0,0,-0.000246184,0.023808,6.3401e-06,0,0,0,0,0,0,0,0,0,0,0,0,0,0,0,0,0,0,0,0,0,0,0,0,0,0,0,0,0,-0.312,0,0,0.669,-0.363,0,-0.312,0,0,0.669,-0.363,0,0,0,0,0.2,0.2,0,0.6,0,0,0,0.2,-0.2,0,0.6,0,0,0,0.838,0.0238058,0.000246114,-0.999717,0.6,0,0,1.66276,1.25105,1.96117
4.19213,-0.00604464,14.6307,-0.00793299,-0.851582,0.00204715,-0.000395787,0.010456,5.15953e-05,4.19213,-0.00604464,14.6307,-0.00793299,-0.851582,0.00204715,-0.000395787,0.010456,5.15953e-05,-0.312,0,0,0.669,-0.363,0,-0.312,0,0,0.669,-0.363,0,0,0,0,0.2,0.2,0,0.6,0,0,0,0.2,-0.2,0,0.6,0,0,0,0,0,0,0,0,0,0,0,0,0,0,0,0,0,0,0,0,0,0,0,0,0,0,0,0,0,0,0,0,-0.315607,-6.9945e-06,-0.000157025,0.906191,-0.499907,-0.000236559,-0.315601,5.64818e-05,2.97447e-05,0.906213,-0.499935,0.000110944,-4.57795e-05,0.00040547,-0.102312,0.184577,0.138931,-0.00715684,0.710012,0.000344516,0.0221344,0.000109481,0.184659,-0.13867,0.00727594,0.710146,-0.00034217,0.0221575,-9.17335e-05,0.813953,0.000935595,-0.0013043,0.413526,-0.641368,-0.000129587,0.814681,0.00022801,-0.00255888,0.413117,-0.641678,-0.00230139,-0.00168012,0.0075663,0.302032,1.32978,-0.96118,-0.397706,0.573701,-0.00145076,0.16779,-0.0544288,1.33279,0.965684,0.399407,0.574213,0.00144157,0.168002,0.0546646,-1.87259,-0.0050204,0.00942582,-26.6104,5.10716,0.00694817,-1.87457,-0.00681471,0.00516967,-26.6102,5.1085,0.000873743,0.00605248,-0.0247229,2.53107,-0.905501,1.71833,0.450089,-2.11259,-0.00391848,-0.559527,0.0539426,-0.909391,-1.72599,-0.453268,-2.11495,0.00389161,-0.560125,-0.0544815,0,0,0,0,0,0,0,0,0,0,0,0,0,0,0,0,0,0,0,0,0,0,0,0,0,0,0,0,0,2.55789,6.3088,2.55789,6.3088,1.81445,1.81445,2.55789,6.3088,2.55789,6.3088,1.81445,1.81445,2.55789,1.81445,1.81445,0.907223,0.907223,0.907223,0.907223,0.907223,1.06814,1.06814,0.907223,0.907223,0.907223,0.907223,0.907223,1.06814,1.06814,40.1792,99.0984,40.1792,99.0984,28.5012,28.5012,40.1792,99.0984,40.1792,99.0984,28.5012,28.5012,40.1792,28.5012,28.5012,14.2506,14.2506,14.2506,14.2506,14.2506,16.7783,16.7783,14.2506,14.2506,14.2506,14.2506,14.2506,16.7783,16.7783,0,0,0,0,0,0,0,0,0,0,0,0,0,0,0,0,0,0,0,0,0,0,0,0,0,0,0,0,0,0,0,0,0,0,0,0,0,0,0,0,0,0,0,0,0,0,0,0,0,0,0,0,0,0,0,0,0,0,0,0,0,0,0,0,0,0,0,0,0,0,0,0,0,0,0,0,0,0,0,0,0,0,0,0,0,0,0,0,0,0,0,0,0,0,0,0,0,0,0,0,0,0,0,0,0,0,0,0,0,0,0,0,0,0,0,0,0,-0.000395787,0.010456,5.15953e-05,0,0,0,0,0,0,0,0,0,0,0,0,0,0,0,0,0,0,0,0,0,0,0,0,0,0,0,0,0,-0.312,0,0,0.669,-0.363,0,-0.312,0,0,0.669,-0.363,0,0,0,0,0.2,0.2,0,0.6,0,0,0,0.2,-0.2,0,0.6,0,0,0,0.826,0.0104558,0.000395765,-0.999945,0.6,0,0,1.60162,1.21923,1.97496
2.14511,-0.00573664,12.4628,-0.00855521,-1.07273,0.00180638,-0.000561786,-0.00932685,9.96441e-05,2.14511,-0.00573664,12.4628,-0.00855521,-1.07273,0.00180638,-0.000561786,-0.00932685,9.96441e-05,-0.312,0,0,0.669,-0.363,0,-0.312,0,0,0.669,-0.363,0,0,0,0,0.2,0.2,0,0.6,0,0,0,0.2,-0.2,0,0.6,0,0,0,0,0,0,0,0,0,0,0,0,0,0,0,0,0,0,0,0,0,0,0,0,0,0,0,0,0,0,0,0,-0.299721,1.23861e-05,-0.000185907,0.906529,-0.508889,-0.000239507,-0.299701,6.38654e-05,-1.99235e-05,0.906542,-0.508922,6.43192e-05,-7.63199e-05,0.000563776,-0.0892317,0.214719,0.120501,-0.015013,0.717614,0.000287621,0.0242999,-0.000984458,0.21485,-0.120149,0.0151661,0.717755,-0.000285545,0.0243273,0.00100686,0.769438,0.00103065,-0.00148293,-0.245678,-0.316882,-0.000194402,0.770215,0.000456301,-0.00242093,-0.246229,-0.317101,-0.0022747,-0.00138197,0.00816722,0.887096,1.60051,-0.877415,-0.381515,0.253364,-0.00375021,0.0692331,-0.0535945,1.6025,0.881941,0.38317,0.253608,0.00373583,0.0694346,0.0538143,-2.4168,-0.00739176,0.0111492,-22.345,4.76087,0.00709171,-2.41955,-0.00904211,0.0068368,-22.3429,4.76221,0.00226615,0.00657864,-0.0303314,1.06208,-1.60488,1.9145,0.552453,-1.91978,-0.000947803,-0.486943,0.0724326,-1.6086,-1.9235,-0.556105,-1.92205,0.000931015,-0.487619,-0.0730406,0,0,0,0,0,0,0,0,0,0,0,0,0,0,0,0,0,0,0,0,0,0,0,0,0,0,0,0,0,2.55789,6.3088,2.55789,6.3088,1.81445,1.81445,2.55789,6.3088,2.55789,6.3088,1.81445,1.81445,2.55789,1.81445,1.81445,0.907223,0.907223,0.907223,0.907223,0.907223,1.06814,1.06814,0.907223,0.907223,0.907223,0.907223,0.907223,1.06814,1.06814,40.1792,99.0984,40.1792,99.0984,28.5012,28.5012,40.1792,99.0984,40.1792,99.0984,28.5012,28.5012,40.1792,28.5012,28.5012,14.2506,14.2506,14.2506,14.2506,14.2506,16.7783,16.7783,14.2506,14.2506,14.2506,14.2506,14.2506,16.7783,16.7783,0,0,0,0,0,0,0,0,0,0,0,0,0,0,0,0,0,0,0,0,0,0,0,0,0,0,0,0,0,0,0,0,0,0,0,0,0,0,0,0,0,0,0,0,0,0,0,0,0,0,0,0,0,0,0,0,0,0,0,0,0,0,0,0,0,0,0,0,0,0,0,0,0,0,0,0,0,0,0,0,0,0,0,0,0,0,0,0,0,0,0,0,0,0,0,0,0,0,0,0,0,0,0,0,0,0,0,0,0,0,0,0,0,0,0,0,0,-0.000561786,-0.00932685,9.96441e-05,0,0,0,0,0,0,0,0,0,0,0,0,0,0,0,0,0,0,0,0,0,0,0,0,0,0,0,0,0,-0.312,0,0,0.669,-0.363,0,-0.312,0,0,0.669,-0.363,0,0,0,0,0.2,0.2,0,0.6,0,0,0,0.2,-0.2,0,0.6,0,0,0,1.228,-0.00932671,0.000561762,-0.999956,0.6,0,0,1.61517,1.22105,1.96803
-1.32683,0.00152583,10.3244,-0.00857552,-1.10724,0.00127298,-0.000736376,-0.0315682,0.000145944,-1.32683,0.00152583,10.3244,-0.00857552,-1.10724,0.00127298,-0.000736376,-0.0315682,0.000145944,-0.312,0,0,0.669,-0.363,0,-0.312,0,0,0.669,-0.363,0,0,0,0,0.2,0.2,0,0.6,0,0,0,0.2,-0.2,0,0.6,0,0,0,0,0,0,0,0,0,0,0,0,0,0,0,0,0,0,0,0,0,0,0,0,0,0,0,0,0,0,0,0,-0.285924,4.13719e-05,-0.000209543,0.897769,-0.51295,-0.000261792,-0.285888,6.98625e-05,-7.11869e-05,0.897768,-0.512984,4.088e-05,-9.90606e-05,0.000729087,-0.0676632,0.246155,0.104403,-0.0191454,0.719992,0.000548049,0.0224119,0.00181545,0.246308,-0.103965,0.0193259,0.720145,-0.000559524,0.0224366,-0.00181069,0.524903,0.00247655,-0.00024518,-0.522366,-0.118409,-0.00316493,0.525759,-0.000443782,-0.00339749,-0.523311,-0.118305,0.00116606,-0.000739933,0.00805639,1.23349,1.38489,-0.730972,0.362668,-0.0965652,0.0858224,-0.540801,0.761083,1.38462,0.734488,-0.362214,-0.0946651,-0.0889275,-0.541285,-0.764682,-2.46597,-0.0176771,0.00970507,-19.5288,4.51429,0.012011,-2.46949,-0.00598206,0.0105515,-19.5231,4.51511,-0.00204158,0.00619392,-0.035005,-0.192129,-1.94425,2.03706,0.122685,-1.69669,-0.054805,0.0885872,-0.67334,-1.94646,-2.04671,-0.126034,-1.70034,0.0571086,0.0890262,0.676871,0,0,0,0,0,0,0,0,0,0,0,0,0,0,0,0,0,0,0,0,0,0,0,0,0,0,0,0,0,2.55789,6.3088,2.55789,6.3088,1.81445,1.81445,2.55789,6.3088,2.55789,6.3088,1.81445,1.81445,2.55789,1.81445,1.81445,0.907223,0.907223,0.907223,0.907223,0.907223,1.06814,1.06814,0.907223,0.907223,0.907223,0.907223,0.907223,1.06814,1.06814,40.1792,99.0984,40.1792,99.0984,28.5012,28.5012,40.1792,99.0984,40.1792,99.0984,28.5012,28.5012,40.1792,28.5012,28.5012,14.2506,14.2506,14.2506,14.2506,14.2506,16.7783,16.7783,14.2506,14.2506,14.2506,14.2506,14.2506,16.7783,16.7783,0,0,0,0,0,0,0,0,0,0,0,0,0,0,0,0,0,0,0,0,0,0,0,0,0,0,0,0,0,0,0,0,0,0,0,0,0,0,0,0,0,0,0,0,0,0,0,0,0,0,0,0,0,0,0,0,0,0,0,0,0,0,0,0,0,0,0,0,0,0,0,0,0,0,0,0,0,0,0,0,0,0,0,0,0,0,0,0,0,0,0,0,0,0,0,0,0,0,0,0,0,0,0,0,0,0,0,0,0,0,0,0,0,0,0,0,0,-0.000736376,-0.0315682,0.000145944,0,0,0,0,0,0,0,0,0,0,0,0,0,0,0,0,0,0,0,0,0,0,0,0,0,0,0,0,0,-0.312,0,0,0.669,-0.363,0,-0.312,0,0,0.669,-0.363,0,0,0,0,0.2,0.2,0,0.6,0,0,0,0.2,-0.2,0,0.6,0,0,0,1.533,-0.0315629,0.000736009,-0.999501,0.6,0,0,1.61517,1.22105,1.96803
-0.238573,-0.00737493,10.2857,-0.00848635,-1.03323,0.00114452,-0.000908111,-0.0528148,0.000185607,-0.238573,-0.00737493,10.2857,-0.00848635,-1.03323,0.00114452,-0.000908111,-0.0528148,0.000185607,-0.312,0,0,0.669,-0.363,0,-0.312,0,0,0.669,-0.363,0,0,0,0,0.2,0.2,0,0.6,0,0,0,0.2,-0.2,0,0.6,0,0,0,0,0,0,0,0,0,0,0,0,0,0,0,0,0,0,0,0,0,0,0,0,0,0,0,0,0,0,0,0,-0.277105,9.30846e-05,-0.00020936,0.886075,-0.513835,-0.000329864,-0.277051,5.61923e-05,-0.000141883,0.886054,-0.513868,7.39188e-05,-0.000107051,0.000889434,-0.042545,0.266616,0.0970699,-0.00776295,0.713672,0.00267303,0.0142417,0.0136719,0.266755,-0.0965941,0.00793965,0.71387,-0.00272822,0.0142807,-0.0137073,0.427508,0.00223288,-0.000197279,-0.636061,0.00184405,-0.00257068,0.428341,-0.00040261,-0.00312014,-0.637,0.00195922,0.000910792,-0.000368631,0.0080536,1.24256,0.781365,-0.0522669,0.418832,-0.361156,0.0655724,-0.194112,0.268223,0.780792,0.0533501,-0.418953,-0.359171,-0.0663504,-0.192934,-0.268655,-2.45747,-0.0235596,0.00876296,-17.6894,4.31011,0.0144044,-2.46179,-0.00241225,0.013856,-17.6813,4.31081,-0.00418807,0.00509944,-0.0394592,-0.980184,-1.67529,1.57034,-0.313439,-1.29597,-0.106726,0.0119726,-0.587129,-1.67667,-1.57814,0.311071,-1.30072,0.108789,0.0100087,0.588609,0,0,0,0,0,0,0,0,0,0,0,0,0,0,0,0,0,0,0,0,0,0,0,0,0,0,0,0,0,2.55789,6.3088,2.55789,6.3088,1.81445,1.81445,2.55789,6.3088,2.55789,6.3088,1.81445,1.81445,2.55789,1.81445,1.81445,0.907223,0.907223,0.907223,0.907223,0.907223,1.06814,1.06814,0.907223,0.907223,0.907223,0.907223,0.907223,1.06814,1.06814,40.1792,99.0984,40.1792,99.0984,28.5012,28.5012,40.1792,99.0984,40.1792,99.0984,28.5012,28.5012,40.1792,28.5012,28.5012,14.2506,14.2506,14.2506,14.2506,14.2506,16.7783,16.7783,14.2506,14.2506,14.2506,14.2506,14.2506,16.7783,16.7783,0,0,0,0,0,0,0,0,0,0,0,0,0,0,0,0,0,0,0,0,0,0,0,0,0,0,0,0,0,0,0,0,0,0,0,0,0,0,0,0,0,0,0,0,0,0,0,0,0,0,0,0,0,0,0,0,0,0,0,0,0,0,0,0,0,0,0,0,0,0,0,0,0,0,0,0,0,0,0,0,0,0,0,0,0,0,0,0,0,0,0,0,0,0,0,0,0,0,0,0,0,0,0,0,0,0,0,0,0,0,0,0,0,0,0,0,0,-0.000908111,-0.0528148,0.000185607,0,0,0,0,0,0,0,0,0,0,0,0,0,0,0,0,0,0,0,0,0,0,0,0,0,0,0,0,0,-0.312,0,0,0.669,-0.363,0,-0.312,0,0,0.669,-0.363,0,0,0,0,0.2,0.2,0,0.6,0,0,0,0.2,-0.2,0,0.6,0,0,0,0.872,-0.0527902,0.000906844,-0.998605,0.6,0,0,1.66898,1.23981,1.95122
0.318101,-0.00802518,9.64721,-0.00847854,-0.976206,0.00126755,-0.0010808,-0.0728852,0.000230225,0.318101,-0.00802518,9.64721,-0.00847854,-0.976206,0.00126755,-0.0010808,-0.0728852,0.000230225,-0.312,0,0,0.669,-0.363,0,-0.312,0,0,0.669,-0.363,0,0,0,0,0.2,0.2,0,0.6,0,0,0,0.2,-0.2,0,0.6,0,0,0,0,0,0,0,0,0,0,0,0,0,0,0,0,0,0,0,0,0,0,0,0,0,0,0,0,0,0,0,0,-0.268477,0.000126033,-0.000219579,0.87266,-0.513241,-0.000354679,-0.268411,5.96911e-05,-0.000186653,0.872624,-0.513271,6.54899e-05,-0.000117988,0.00105329,-0.0182571,0.278835,0.100841,-0.00571179,0.707721,0.00253774,0.0137801,0.0128731,0.278973,-0.100344,0.00588909,0.707926,-0.00257995,0.0138306,-0.0128942,0.425535,0.00126246,-0.000760922,-0.683128,0.0434436,-0.000411809,0.426087,0.000560847,-0.00167568,-0.683748,0.0435136,-0.00123965,-0.000595935,0.0082461,1.19099,0.503842,0.314679,-0.0973279,-0.248189,-0.0468734,0.0553314,-0.197345,0.504053,-0.31357,0.097416,-0.248902,0.0476503,0.0554276,0.198169,-2.81244,-0.0205508,0.0106196,-16.0063,4.2087,0.0110355,-2.81652,-0.00898242,0.0118735,-15.9989,4.20945,0.0001258,0.00622972,-0.0445181,-1.58219,-1.58519,1.15225,0.141449,-1.30751,0.00451648,-0.281863,-0.0253008,-1.58733,-1.16031,-0.144095,-1.30995,-0.00465995,-0.282928,0.0246861,0,0,0,0,0,0,0,0,0,0,0,0,0,0,0,0,0,0,0,0,0,0,0,0,0,0,0,0,0,2.55789,6.3088,2.55789,6.3088,1.81445,1.81445,2.55789,6.3088,2.55789,6.3088,1.81445,1.81445,2.55789,1.81445,1.81445,0.907223,0.907223,0.907223,0.907223,0.907223,1.06814,1.06814,0.907223,0.907223,0.907223,0.907223,0.907223,1.06814,1.06814,40.1792,99.0984,40.1792,99.0984,28.5012,28.5012,40.1792,99.0984,40.1792,99.0984,28.5012,28.5012,40.1792,28.5012,28.5012,14.2506,14.2506,14.2506,14.2506,14.2506,16.7783,16.7783,14.2506,14.2506,14.2506,14.2506,14.2506,16.7783,16.7783,0,0,0,0,0,0,0,0,0,0,0,0,0,0,0,0,0,0,0,0,0,0,0,0,0,0,0,0,0,0,0,0,0,0,0,0,0,0,0,0,0,0,0,0,0,0,0,0,0,0,0,0,0,0,0,0,0,0,0,0,0,0,0,0,0,0,0,0,0,0,0,0,0,0,0,0,0,0,0,0,0,0,0,0,0,0,0,0,0,0,0,0,0,0,0,0,0,0,0,0,0,0,0,0,0,0,0,0,0,0,0,0,0,0,0,0,0,-0.0010808,-0.0728852,0.000230225,0,0,0,0,0,0,0,0,0,0,0,0,0,0,0,0,0,0,0,0,0,0,0,0,0,0,0,0,0,-0.312,0,0,0.669,-0.363,0,-0.312,0,0,0.669,-0.363,0,0,0,0,0.2,0.2,0,0.6,0,0,0,0.2,-0.2,0,0.6,0,0,0,0.839,-0.0728206,0.00107793,-0.997344,0.6,0,0,1.66898,1.23981,1.95122
0.232896,-0.00877066,9.17671,-0.00831338,-0.884038,0.00121836,-0.00125252,-0.091459,0.000276891,0.232896,-0.00877066,9.17671,-0.00831338,-0.884038,0.00121836,-0.00125252,-0.091459,0.000276891,-0.312,0,0,0.669,-0.363,0,-0.312,0,0,0.669,-0.363,0,0,0,0,0.2,0.2,0,0.6,0,0,0,0.2,-0.2,0,0.6,0,0,0,0,0,0,0,0,0,0,0,0,0,0,0,0,0,0,0,0,0,0,0,0,0,0,0,0,0,0,0,0,-0.260616,0.000148244,-0.00023611,0.859437,-0.512369,-0.00035857,-0.26054,7.38537e-05,-0.000214471,0.85939,-0.512398,3.74627e-05,-0.000128244,0.00121715,0.00481899,0.28673,0.108149,-0.00872198,0.703555,0.00178353,0.0149601,0.00887466,0.286871,-0.107631,0.00889757,0.703733,-0.00181349,0.0150063,-0.0088845,0.361915,0.00104298,-0.000833434,-0.631647,0.0382481,-0.00017069,0.362393,0.000762426,-0.00123283,-0.63223,0.038355,-0.0013781,-0.000430374,0.00813227,1.11614,0.309047,0.387511,-0.15159,-0.187122,-0.0301423,0.0533265,-0.183207,0.309018,-0.386559,0.151411,-0.188757,0.0306621,0.052954,0.183634,-2.98003,-0.0211218,0.0115602,-14.9602,4.1863,0.0105006,-2.98432,-0.0119479,0.0117404,-14.9519,4.18694,0.00139245,0.00626666,-0.0490115,-2.11644,-1.5243,0.970771,0.261507,-1.30854,0.00234596,-0.308313,0.0461877,-1.52631,-0.979004,-0.263865,-1.30969,-0.00239164,-0.308725,-0.0464889,0,0,0,0,0,0,0,0,0,0,0,0,0,0,0,0,0,0,0,0,0,0,0,0,0,0,0,0,0,2.55789,6.3088,2.55789,6.3088,1.81445,1.81445,2.55789,6.3088,2.55789,6.3088,1.81445,1.81445,2.55789,1.81445,1.81445,0.907223,0.907223,0.907223,0.907223,0.907223,1.06814,1.06814,0.907223,0.907223,0.907223,0.907223,0.907223,1.06814,1.06814,40.1792,99.0984,40.1792,99.0984,28.5012,28.5012,40.1792,99.0984,40.1792,99.0984,28.5012,28.5012,40.1792,28.5012,28.5012,14.2506,14.2506,14.2506,14.2506,14.2506,16.7783,16.7783,14.2506,14.2506,14.2506,14.2506,14.2506,16.7783,16.7783,0,0,0,0,0,0,0,0,0,0,0,0,0,0,0,0,0,0,0,0,0,0,0,0,0,0,0,0,0,0,0,0,0,0,0,0,0,0,0,0,0,0,0,0,0,0,0,0,0,0,0,0,0,0,0,0,0,0,0,0,0,0,0,0,0,0,0,0,0,0,0,0,0,0,0,0,0,0,0,0,0,0,0,0,0,0,0,0,0,0,0,0,0,0,0,0,0,0,0,0,0,0,0,0,0,0,0,0,0,0,0,0,0,0,0,0,0,-0.00125252,-0.091459,0.000276891,0,0,0,0,0,0,0,0,0,0,0,0,0,0,0,0,0,0,0,0,0,0,0,0,0,0,0,0,0,-0.312,0,0,0.669,-0.363,0,-0.312,0,0,0.669,-0.363,0,0,0,0,0.2,0.2,0,0.6,0,0,0,0.2,-0.2,0,0.6,0,0,0,1.003,-0.0913316,0.00124729,-0.99582,0.6,0,0,1.73284,1.26278,2.01548
0.298625,-0.0101195,8.99174,-0.00809339,-0.766326,0.00120423,-0.00142103,-0.107865,0.000323115,0.298625,-0.0101195,8.99174,-0.00809339,-0.766326,0.00120423,-0.00142103,-0.107865,0.000323115,-0.312,0,0,0.669,-0.363,0,-0.312,0,0,0.669,-0.363,0,0,0,0,0.2,0.2,0,0.6,0,0,0,0.2,-0.2,0,0.6,0,0,0,0,0,0,0,0,0,0,0,0,0,0,0,0,0,0,0,0,0,0,0,0,0,0,0,0,0,0,0,0,-0.254191,0.000168396,-0.000252152,0.847895,-0.511932,-0.000363787,-0.254105,8.91186e-05,-0.000236798,0.847836,-0.511959,1.28575e-05,-0.000135098,0.00137775,0.0259184,0.290966,0.116008,-0.011039,0.700004,0.00130053,0.0157799,0.00580484,0.291102,-0.115473,0.0112099,0.700147,-0.0013218,0.0158173,-0.00580815,0.288585,0.000983968,-0.00077224,-0.527848,0.00551211,-0.000340989,0.289022,0.000752508,-0.00103722,-0.528418,0.0056481,-0.00110368,-0.000283268,0.00793974,1.00074,0.135499,0.393154,-0.0836593,-0.172848,-0.0201248,0.0307202,-0.12985,0.135071,-0.392351,0.0833983,-0.174659,0.0204975,0.0302544,0.130106,-3.05578,-0.0227305,0.0120622,-14.4298,4.2277,0.0109359,-3.06033,-0.0134541,0.0121229,-14.4205,4.22821,0.00162336,0.00615772,-0.0532596,-2.52033,-1.43021,0.850989,0.23736,-1.27261,-0.00014836,-0.298932,0.042291,-1.43179,-0.859328,-0.23957,-1.27305,0.000112482,-0.29908,-0.0425149,0,0,0,0,0,0,0,0,0,0,0,0,0,0,0,0,0,0,0,0,0,0,0,0,0,0,0,0,0,2.55789,6.3088,2.55789,6.3088,1.81445,1.81445,2.55789,6.3088,2.55789,6.3088,1.81445,1.81445,2.55789,1.81445,1.81445,0.907223,0.907223,0.907223,0.907223,0.907223,1.06814,1.06814,0.907223,0.907223,0.907223,0.907223,0.907223,1.06814,1.06814,40.1792,99.0984,40.1792,99.0984,28.5012,28.5012,40.1792,99.0984,40.1792,99.0984,28.5012,28.5012,40.1792,28.5012,28.5012,14.2506,14.2506,14.2506,14.2506,14.2506,16.7783,16.7783,14.2506,14.2506,14.2506,14.2506,14.2506,16.7783,16.7783,0,0,0,0,0,0,0,0,0,0,0,0,0,0,0,0,0,0,0,0,0,0,0,0,0,0,0,0,0,0,0,0,0,0,0,0,0,0,0,0,0,0,0,0,0,0,0,0,0,0,0,0,0,0,0,0,0,0,0,0,0,0,0,0,0,0,0,0,0,0,0,0,0,0,0,0,0,0,0,0,0,0,0,0,0,0,0,0,0,0,0,0,0,0,0,0,0,0,0,0,0,0,0,0,0,0,0,0,0,0,0,0,0,0,0,0,0,-0.00142103,-0.107865,0.000323115,0,0,0,0,0,0,0,0,0,0,0,0,0,0,0,0,0,0,0,0,0,0,0,0,0,0,0,0,0,-0.312,0,0,0.669,-0.363,0,-0.312,0,0,0.669,-0.363,0,0,0,0,0.2,0.2,0,0.6,0,0,0,0.2,-0.2,0,0.6,0,0,0,1.24,-0.107656,0.00141277,-0.994187,0.6,0,0,1.79593,1.28534,2.19781
0.525117,-0.0118256,8.98071,-0.00785778,-0.646591,0.00126733,-0.00158559,-0.121863,0.000369089,0.525117,-0.0118256,8.98071,-0.00785778,-0.646591,0.00126733,-0.00158559,-0.121863,0.000369089,-0.312,0,0,0.669,-0.363,0,-0.312,0,0,0.669,-0.363,0,0,0,0,0.2,0.2,0,0.6,0,0,0,0.2,-0.2,0,0.6,0,0,0,0,0,0,0,0,0,0,0,0,0,0,0,0,0,0,0,0,0,0,0,0,0,0,0,0,0,0,0,0,-0.249148,0.000187566,-0.000266869,0.838646,-0.512313,-0.000372281,-0.249054,0.000103606,-0.000256196,0.838576,-0.512336,-6.45913e-06,-0.000139948,0.00153417,0.0445153,0.292005,0.123749,-0.0119894,0.696608,0.000970016,0.0161697,0.00370074,0.292128,-0.123198,0.012155,0.696715,-0.000985052,0.0161979,-0.00370022,0.224266,0.000937829,-0.000708057,-0.408651,-0.0401294,-0.000483741,0.224681,0.000697695,-0.000924996,-0.409217,-0.0399757,-0.000863645,-0.000221393,0.00772305,0.871731,-0.0118356,0.380046,-0.0208865,-0.16743,-0.0139489,0.0111482,-0.0870469,-0.012568,-0.379245,0.0206258,-0.169135,0.0142156,0.0106978,0.087194,-3.09589,-0.0243471,0.0124916,-14.2397,4.31738,0.0114399,-3.10071,-0.0145712,0.0126066,-14.2293,4.31778,0.00173963,0.00617827,-0.0573379,-2.824,-1.31278,0.750969,0.194066,-1.2291,-0.00109817,-0.284646,0.0318985,-1.31391,-0.759516,-0.196194,-1.22912,0.00106982,-0.284647,-0.0320688,0,0,0,0,0,0,0,0,0,0,0,0,0,0,0,0,0,0,0,0,0,0,0,0,0,0,0,0,0,2.55789,6.3088,2.55789,6.3088,1.81445,1.81445,2.55789,6.3088,2.55789,6.3088,1.81445,1.81445,2.55789,1.81445,1.81445,0.907223,0.907223,0.907223,0.907223,0.907223,1.06814,1.06814,0.907223,0.907223,0.907223,0.907223,0.907223,1.06814,1.06814,40.1792,99.0984,40.1792,99.0984,28.5012,28.5012,40.1792,99.0984,40.1792,99.0984,28.5012,28.5012,40.1792,28.5012,28.5012,14.2506,14.2506,14.2506,14.2506,14.2506,16.7783,16.7783,14.2506,14.2506,14.2506,14.2506,14.2506,16.7783,16.7783,0,0,0,0,0,0,0,0,0,0,0,0,0,0,0,0,0,0,0,0,0,0,0,0,0,0,0,0,0,0,0,0,0,0,0,0,0,0,0,0,0,0,0,0,0,0,0,0,0,0,0,0,0,0,0,0,0,0,0,0,0,0,0,0,0,0,0,0,0,0,0,0,0,0,0,0,0,0,0,0,0,0,0,0,0,0,0,0,0,0,0,0,0,0,0,0,0,0,0,0,0,0,0,0,0,0,0,0,0,0,0,0,0,0,0,0,0,-0.00158559,-0.121863,0.000369089,0,0,0,0,0,0,0,0,0,0,0,0,0,0,0,0,0,0,0,0,0,0,0,0,0,0,0,0,0,-0.312,0,0,0.669,-0.363,0,-0.312,0,0,0.669,-0.363,0,0,0,0,0.2,0.2,0,0.6,0,0,0,0.2,-0.2,0,0.6,0,0,0,0.848,-0.121562,0.00157383,-0.992583,0.6,0,0,1.79593,1.28534,2.19781
0.836912,-0.0137167,9.05638,-0.00763449,-0.538757,0.00139787,-0.00174619,-0.133583,0.000415655,0.836912,-0.0137167,9.05638,-0.00763449,-0.538757,0.00139787,-0.00174619,-0.133583,0.000415655,-0.312,0,0,0.669,-0.363,0,-0.312,0,0,0.669,-0.363,0,0,0,0,0.2,0.2,0,0.6,0,0,0,0.2,-0.2,0,0.6,0,0,0,0,0,0,0,0,0,0,0,0,0,0,0,0,0,0,0,0,0,0,0,0,0,0,0,0,0,0,0,0,-0.245239,0.000205824,-0.00028048,0.831728,-0.513649,-0.000382952,-0.245137,0.000116801,-0.000274035,0.831646,-0.513669,-2.17329e-05,-0.000144373,0.00168632,0.0605927,0.290467,0.131093,-0.011913,0.69333,0.0007404,0.0162319,0.00231183,0.290574,-0.130524,0.0120741,0.693406,-0.000750976,0.0162516,-0.00230914,0.174118,0.000892856,-0.000660892,-0.296858,-0.0884644,-0.000566098,0.174529,0.000627526,-0.000872716,-0.29743,-0.0883013,-0.000690972,-0.000229892,0.00751638,0.75058,-0.124365,0.355005,0.0209208,-0.160653,-0.00968699,-0.00263416,-0.056729,-0.125251,-0.354027,-0.0211027,-0.162151,0.00987813,-0.00303184,0.056812,-3.12488,-0.0258804,0.0129167,-14.2462,4.44052,0.0118988,-3.13002,-0.0154554,0.0131804,-14.2347,4.4408,0.00186037,0.00636181,-0.0613075,-3.06674,-1.18857,0.667302,0.154347,-1.18813,-0.00171078,-0.270834,0.0226204,-1.18932,-0.676239,-0.156473,-1.18787,0.00168767,-0.270746,-0.0227565,0,0,0,0,0,0,0,0,0,0,0,0,0,0,0,0,0,0,0,0,0,0,0,0,0,0,0,0,0,2.55789,6.3088,2.55789,6.3088,1.81445,1.81445,2.55789,6.3088,2.55789,6.3088,1.81445,1.81445,2.55789,1.81445,1.81445,0.907223,0.907223,0.907223,0.907223,0.907223,1.06814,1.06814,0.907223,0.907223,0.907223,0.907223,0.907223,1.06814,1.06814,40.1792,99.0984,40.1792,99.0984,28.5012,28.5012,40.1792,99.0984,40.1792,99.0984,28.5012,28.5012,40.1792,28.5012,28.5012,14.2506,14.2506,14.2506,14.2506,14.2506,16.7783,16.7783,14.2506,14.2506,14.2506,14.2506,14.2506,16.7783,16.7783,0,0,0,0,0,0,0,0,0,0,0,0,0,0,0,0,0,0,0,0,0,0,0,0,0,0,0,0,0,0,0,0,0,0,0,0,0,0,0,0,0,0,0,0,0,0,0,0,0,0,0,0,0,0,0,0,0,0,0,0,0,0,0,0,0,0,0,0,0,0,0,0,0,0,0,0,0,0,0,0,0,0,0,0,0,0,0,0,0,0,0,0,0,0,0,0,0,0,0,0,0,0,0,0,0,0,0,0,0,0,0,0,0,0,0,0,0,-0.00174619,-0.133583,0.000415655,0,0,0,0,0,0,0,0,0,0,0,0,0,0,0,0,0,0,0,0,0,0,0,0,0,0,0,0,0,-0.312,0,0,0.669,-0.363,0,-0.312,0,0,0.669,-0.363,0,0,0,0,0.2,0.2,0,0.6,0,0,0,0.2,-0.2,0,0.6,0,0,0,0.758,-0.133186,0.00173063,-0.99109,0.6,0,0,1.85122,1.30465,2.18824
1.16659,-0.015639,9.16034,-0.00743712,-0.447879,0.00157681,-0.00190331,-0.14333,0.000463744,1.16659,-0.015639,9.16034,-0.00743712,-0.447879,0.00157681,-0.00190331,-0.14333,0.000463744,-0.312,0,0,0.669,-0.363,0,-0.312,0,0,0.669,-0.363,0,0,0,0,0.2,0.2,0,0.6,0,0,0,0.2,-0.2,0,0.6,0,0,0,0,0,0,0,0,0,0,0,0,0,0,0,0,0,0,0,0,0,0,0,0,0,0,0,0,0,0,0,0,-0.24217,0.000223218,-0.00029335,0.826847,-0.515922,-0.000394731,-0.242059,0.000128546,-0.000291333,0.826753,-0.515939,-3.41434e-05,-0.000149521,0.00183462,0.074438,0.287106,0.137817,-0.0112139,0.690212,0.000581316,0.016074,0.00141733,0.287195,-0.137225,0.0113729,0.69026,-0.000588691,0.0160864,-0.00141336,0.138657,0.000851472,-0.000631588,-0.204172,-0.133528,-0.000601778,0.13908,0.000554612,-0.000863645,-0.204762,-0.133359,-0.000569098,-0.000285307,0.00733638,0.647616,-0.197923,0.319344,0.0439406,-0.151809,-0.00669704,-0.0115941,-0.0361469,-0.198822,-0.318021,-0.0439672,-0.153076,0.00683432,-0.011929,0.0361995,-3.15673,-0.0273482,0.0133571,-14.3426,4.5854,0.0123045,-3.16223,-0.016173,0.0138439,-14.3298,4.58558,0.00199221,0.00669656,-0.0652125,-3.27672,-1.07248,0.601899,0.122626,-1.15131,-0.00216993,-0.25847,0.0154336,-1.07295,-0.611454,-0.124853,-1.15086,0.00215023,-0.258324,-0.0155567,0,0,0,0,0,0,0,0,0,0,0,0,0,0,0,0,0,0,0,0,0,0,0,0,0,0,0,0,0,2.55789,6.3088,2.55789,6.3088,1.81445,1.81445,2.55789,6.3088,2.55789,6.3088,1.81445,1.81445,2.55789,1.81445,1.81445,0.907223,0.907223,0.907223,0.907223,0.907223,1.06814,1.06814,0.907223,0.907223,0.907223,0.907223,0.907223,1.06814,1.06814,40.1792,99.0984,40.1792,99.0984,28.5012,28.5012,40.1792,99.0984,40.1792,99.0984,28.5012,28.5012,40.1792,28.5012,28.5012,14.2506,14.2506,14.2506,14.2506,14.2506,16.7783,16.7783,14.2506,14.2506,14.2506,14.2506,14.2506,16.7783,16.7783,0,0,0,0,0,0,0,0,0,0,0,0,0,0,0,0,0,0,0,0,0,0,0,0,0,0,0,0,0,0,0,0,0,0,0,0,0,0,0,0,0,0,0,0,0,0,0,0,0,0,0,0,0,0,0,0,0,0,0,0,0,0,0,0,0,0,0,0,0,0,0,0,0,0,0,0,0,0,0,0,0,0,0,0,0,0,0,0,0,0,0,0,0,0,0,0,0,0,0,0,0,0,0,0,0,0,0,0,0,0,0,0,0,0,0,0,0,-0.00190331,-0.14333,0.000463744,0,0,0,0,0,0,0,0,0,0,0,0,0,0,0,0,0,0,0,0,0,0,0,0,0,0,0,0,0,-0.312,0,0,0.669,-0.363,0,-0.312,0,0,0.669,-0.363,0,0,0,0,0.2,0.2,0,0.6,0,0,0,0.2,-0.2,0,0.6,0,0,0,0.599,-0.142839,0.00188379,-0.989744,0.6,0,0,1.85122,1.30465,2.18824
1.4697,-0.0174835,9.25928,-0.00726741,-0.373239,0.00178428,-0.00205755,-0.151442,0.000514127,1.4697,-0.0174835,9.25928,-0.00726741,-0.373239,0.00178428,-0.00205755,-0.151442,0.000514127,-0.312,0,0,0.669,-0.363,0,-0.312,0,0,0.669,-0.363,0,0,0,0,0.2,0.2,0,0.6,0,0,0,0.2,-0.2,0,0.6,0,0,0,0,0,0,0,0,0,0,0,0,0,0,0,0,0,0,0,0,0,0,0,0,0,0,0,0,0,0,0,0,-0.239665,0.000239843,-0.000305784,0.823571,-0.519034,-0.000406843,-0.239546,0.000138875,-0.000308762,0.823465,-0.519047,-4.45079e-05,-0.000156094,0.00197965,0.086449,0.282694,0.143725,-0.0102207,0.687286,0.000471433,0.0157766,0.000852906,0.282766,-0.143102,0.0103815,0.687311,-0.000476505,0.015783,-0.000847972,0.115939,0.000815633,-0.000615099,-0.134141,-0.172705,-0.000604683,0.116387,0.000486221,-0.000880554,-0.134761,-0.17253,-0.00048043,-0.000366524,0.0071856,0.564988,-0.233822,0.274587,0.0524838,-0.141565,-0.00462721,-0.0171146,-0.0226247,-0.234628,-0.272784,-0.0522913,-0.14261,0.00472619,-0.0173877,0.022672,-3.19815,-0.028773,0.0138133,-14.4602,4.7441,0.0126598,-3.20406,-0.0167745,0.0145813,-14.446,4.74417,0.00212701,0.00715737,-0.0690759,-3.47026,-0.974816,0.556295,0.0998231,-1.1185,-0.00249497,-0.247456,0.0102695,-0.975113,-0.566711,-0.102263,-1.11792,0.00247732,-0.247274,-0.0104008,0,0,0,0,0,0,0,0,0,0,0,0,0,0,0,0,0,0,0,0,0,0,0,0,0,0,0,0,0,2.55789,6.3088,2.55789,6.3088,1.81445,1.81445,2.55789,6.3088,2.55789,6.3088,1.81445,1.81445,2.55789,1.81445,1.81445,0.907223,0.907223,0.907223,0.907223,0.907223,1.06814,1.06814,0.907223,0.907223,0.907223,0.907223,0.907223,1.06814,1.06814,40.1792,99.0984,40.1792,99.0984,28.5012,28.5012,40.1792,99.0984,40.1792,99.0984,28.5012,28.5012,40.1792,28.5012,28.5012,14.2506,14.2506,14.2506,14.2506,14.2506,16.7783,16.7783,14.2506,14.2506,14.2506,14.2506,14.2506,16.7783,16.7783,0,0,0,0,0,0,0,0,0,0,0,0,0,0,0,0,0,0,0,0,0,0,0,0,0,0,0,0,0,0,0,0,0,0,0,0,0,0,0,0,0,0,0,0,0,0,0,0,0,0,0,0,0,0,0,0,0,0,0,0,0,0,0,0,0,0,0,0,0,0,0,0,0,0,0,0,0,0,0,0,0,0,0,0,0,0,0,0,0,0,0,0,0,0,0,0,0,0,0,0,0,0,0,0,0,0,0,0,0,0,0,0,0,0,0,0,0,-0.00205755,-0.151442,0.000514127,0,0,0,0,0,0,0,0,0,0,0,0,0,0,0,0,0,0,0,0,0,0,0,0,0,0,0,0,0,-0.312,0,0,0.669,-0.363,0,-0.312,0,0,0.669,-0.363,0,0,0,0,0.2,0.2,0,0.6,0,0,0,0.2,-0.2,0,0.6,0,0,0,0.789,-0.150864,0.002034,-0.988553,0.6,0,0,1.89469,1.31933,2.18121
1.72403,-0.0191922,9.33812,-0.00711968,-0.311192,0.00200229,-0.00220944,-0.158207,0.000567263,1.72403,-0.0191922,9.33812,-0.00711968,-0.311192,0.00200229,-0.00220944,-0.158207,0.000567263,-0.312,0,0,0.669,-0.363,0,-0.312,0,0,0.669,-0.363,0,0,0,0,0.2,0.2,0,0.6,0,0,0,0.2,-0.2,0,0.6,0,0,0,0,0,0,0,0,0,0,0,0,0,0,0,0,0,0,0,0,0,0,0,0,0,0,0,0,0,0,0,0,-0.237503,0.000255817,-0.000317965,0.821458,-0.52286,-0.000418752,-0.237374,0.000147918,-0.000326672,0.821339,-0.522869,-5.33311e-05,-0.000164414,0.00212192,0.09701,0.277932,0.148658,-0.00917823,0.68458,0.000395237,0.0153976,0.00050097,0.277989,-0.147993,0.00934579,0.684587,-0.000398645,0.0153991,-0.000494983,0.102896,0.000785595,-0.000604456,-0.0852863,-0.205575,-0.000585235,0.103375,0.000425525,-0.00090832,-0.0859466,-0.20539,-0.000411059,-0.000456805,0.00705802,0.500193,-0.237268,0.223005,0.0505146,-0.129899,-0.00322524,-0.0201258,-0.0141072,-0.237918,-0.220635,-0.0500587,-0.130742,0.00329697,-0.0203426,0.0141664,-3.25061,-0.0301689,0.0142757,-14.5617,4.91201,0.0129684,-3.25697,-0.0172947,0.0153684,-14.546,4.91196,0.00225401,0.0077146,-0.0729033,-3.65448,-0.901251,0.530806,0.08589,-1.09005,-0.00269299,-0.237742,0.00690887,-0.901476,-0.542315,-0.0886533,-1.08938,0.00267641,-0.237538,-0.00706861,0,0,0,0,0,0,0,0,0,0,0,0,0,0,0,0,0,0,0,0,0,0,0,0,0,0,0,0,0,2.55789,6.3088,2.55789,6.3088,1.81445,1.81445,2.55789,6.3088,2.55789,6.3088,1.81445,1.81445,2.55789,1.81445,1.81445,0.907223,0.907223,0.907223,0.907223,0.907223,1.06814,1.06814,0.907223,0.907223,0.907223,0.907223,0.907223,1.06814,1.06814,40.1792,99.0984,40.1792,99.0984,28.5012,28.5012,40.1792,99.0984,40.1792,99.0984,28.5012,28.5012,40.1792,28.5012,28.5012,14.2506,14.2506,14.2506,14.2506,14.2506,16.7783,16.7783,14.2506,14.2506,14.2506,14.2506,14.2506,16.7783,16.7783,0,0,0,0,0,0,0,0,0,0,0,0,0,0,0,0,0,0,0,0,0,0,0,0,0,0,0,0,0,0,0,0,0,0,0,0,0,0,0,0,0,0,0,0,0,0,0,0,0,0,0,0,0,0,0,0,0,0,0,0,0,0,0,0,0,0,0,0,0,0,0,0,0,0,0,0,0,0,0,0,0,0,0,0,0,0,0,0,0,0,0,0,0,0,0,0,0,0,0,0,0,0,0,0,0,0,0,0,0,0,0,0,0,0,0,0,0,-0.00220944,-0.158207,0.000567263,0,0,0,0,0,0,0,0,0,0,0,0,0,0,0,0,0,0,0,0,0,0,0,0,0,0,0,0,0,-0.312,0,0,0.669,-0.363,0,-0.312,0,0,0.669,-0.363,0,0,0,0,0.2,0.2,0,0.6,0,0,0,0.2,-0.2,0,0.6,0,0,0,0.914,-0.157548,0.00218185,-0.987509,0.6,0,0,1.89469,1.31933,2.18121
1.92352,-0.0207494,9.39314,-0.00698502,-0.257222,0.00221618,-0.00235932,-0.163827,0.00062323,1.92352,-0.0207494,9.39314,-0.00698502,-0.257222,0.00221618,-0.00235932,-0.163827,0.00062323,-0.312,0,0,0.669,-0.363,0,-0.312,0,0,0.669,-0.363,0,0,0,0,0.2,0.2,0,0.6,0,0,0,0.2,-0.2,0,0.6,0,0,0,0,0,0,0,0,0,0,0,0,0,0,0,0,0,0,0,0,0,0,0,0,0,0,0,0,0,0,0,0,-0.235526,0.000271244,-0.000329933,0.820124,-0.52728,-0.000430098,-0.235387,0.000155836,-0.000345145,0.819992,-0.527286,-6.08804e-05,-0.000174522,0.00226182,0.10643,0.273392,0.15251,-0.00825918,0.682129,0.00034159,0.0149811,0.000278867,0.273438,-0.151791,0.00843898,0.682121,-0.000343788,0.0149789,-0.000271462,0.0962756,0.000760383,-0.000592821,-0.0537403,-0.232886,-0.000550738,0.0967889,0.000372688,-0.000935459,-0.0544489,-0.232686,-0.000350723,-0.000544072,0.00694394,0.448813,-0.215362,0.167349,0.0413639,-0.116206,-0.00229689,-0.0211091,-0.00907963,-0.215828,-0.164375,-0.0406224,-0.116873,0.00234924,-0.0212764,0.00916137,-3.31235,-0.0315411,0.0147287,-14.6319,5.0869,0.0132334,-3.3192,-0.0177518,0.0161791,-14.6146,5.08672,0.00236216,0.0083388,-0.0766883,-3.83063,-0.85381,0.524563,0.0803025,-1.06693,-0.00278053,-0.229535,0.0051206,-0.854038,-0.537372,-0.0834901,-1.06621,0.00276433,-0.22932,-0.00532666,0,0,0,0,0,0,0,0,0,0,0,0,0,0,0,0,0,0,0,0,0,0,0,0,0,0,0,0,0,2.55789,6.3088,2.55789,6.3088,1.81445,1.81445,2.55789,6.3088,2.55789,6.3088,1.81445,1.81445,2.55789,1.81445,1.81445,0.907223,0.907223,0.907223,0.907223,0.907223,1.06814,1.06814,0.907223,0.907223,0.907223,0.907223,0.907223,1.06814,1.06814,40.1792,99.0984,40.1792,99.0984,28.5012,28.5012,40.1792,99.0984,40.1792,99.0984,28.5012,28.5012,40.1792,28.5012,28.5012,14.2506,14.2506,14.2506,14.2506,14.2506,16.7783,16.7783,14.2506,14.2506,14.2506,14.2506,14.2506,16.7783,16.7783,0,0,0,0,0,0,0,0,0,0,0,0,0,0,0,0,0,0,0,0,0,0,0,0,0,0,0,0,0,0,0,0,0,0,0,0,0,0,0,0,0,0,0,0,0,0,0,0,0,0,0,0,0,0,0,0,0,0,0,0,0,0,0,0,0,0,0,0,0,0,0,0,0,0,0,0,0,0,0,0,0,0,0,0,0,0,0,0,0,0,0,0,0,0,0,0,0,0,0,0,0,0,0,0,0,0,0,0,0,0,0,0,0,0,0,0,0,-0.00235932,-0.163827,0.00062323,0,0,0,0,0,0,0,0,0,0,0,0,0,0,0,0,0,0,0,0,0,0,0,0,0,0,0,0,0,-0.312,0,0,0.669,-0.363,0,-0.312,0,0,0.669,-0.363,0,0,0,0,0.2,0.2,0,0.6,0,0,0,0.2,-0.2,0,0.6,0,0,0,0.917,-0.163095,0.00232773,-0.986608,0.6,0,0,1.92745,1.32995,2.17544
2.07164,-0.0221673,9.42655,-0.00685438,-0.207153,0.00241535,-0.00250726,-0.168417,0.00068174,2.07164,-0.0221673,9.42655,-0.00685438,-0.207153,0.00241535,-0.00250726,-0.168417,0.00068174,-0.312,0,0,0.669,-0.363,0,-0.312,0,0,0.669,-0.363,0,0,0,0,0.2,0.2,0,0.6,0,0,0,0.2,-0.2,0,0.6,0,0,0,0,0,0,0,0,0,0,0,0,0,0,0,0,0,0,0,0,0,0,0,0,0,0,0,0,0,0,0,0,-0.233638,0.000286206,-0.000341604,0.819272,-0.532196,-0.000440634,-0.233489,0.000162769,-0.00036408,0.819126,-0.532198,-6.72535e-05,-0.000186267,0.00239948,0.114927,0.269499,0.155232,-0.00757604,0.67998,0.000302724,0.0145649,0.000129583,0.269538,-0.154446,0.00777383,0.67996,-0.000304034,0.0145598,-0.00012024,0.0932096,0.000738382,-0.00057466,-0.0350452,-0.25582,-0.000505941,0.0937559,0.000326116,-0.000954342,-0.035807,-0.255599,-0.000292301,-0.000620466,0.0068335,0.406243,-0.175551,0.110512,0.0277753,-0.0998577,-0.00169358,-0.0203147,-0.00643132,-0.175839,-0.106942,-0.0267474,-0.100373,0.00173213,-0.0204395,0.00654106,-3.37999,-0.0328878,0.0151548,-14.6687,5.26802,0.0134566,-3.38735,-0.0181509,0.0169894,-14.6495,5.26768,0.00244122,0.00900337,-0.0804179,-3.99674,-0.831985,0.535735,0.0822035,-1.05042,-0.00278126,-0.223193,0.00467493,-0.832267,-0.550012,-0.0858999,-1.04966,0.00276498,-0.222975,-0.00494212,0,0,0,0,0,0,0,0,0,0,0,0,0,0,0,0,0,0,0,0,0,0,0,0,0,0,0,0,0,2.55789,6.3088,2.55789,6.3088,1.81445,1.81445,2.55789,6.3088,2.55789,6.3088,1.81445,1.81445,2.55789,1.81445,1.81445,0.907223,0.907223,0.907223,0.907223,0.907223,1.06814,1.06814,0.907223,0.907223,0.907223,0.907223,0.907223,1.06814,1.06814,40.1792,99.0984,40.1792,99.0984,28.5012,28.5012,40.1792,99.0984,40.1792,99.0984,28.5012,28.5012,40.1792,28.5012,28.5012,14.2506,14.2506,14.2506,14.2506,14.2506,16.7783,16.7783,14.2506,14.2506,14.2506,14.2506,14.2506,16.7783,16.7783,0,0,0,0,0,0,0,0,0,0,0,0,0,0,0,0,0,0,0,0,0,0,0,0,0,0,0,0,0,0,0,0,0,0,0,0,0,0,0,0,0,0,0,0,0,0,0,0,0,0,0,0,0,0,0,0,0,0,0,0,0,0,0,0,0,0,0,0,0,0,0,0,0,0,0,0,0,0,0,0,0,0,0,0,0,0,0,0,0,0,0,0,0,0,0,0,0,0,0,0,0,0,0,0,0,0,0,0,0,0,0,0,0,0,0,0,0,-0.00250726,-0.168417,0.00068174,0,0,0,0,0,0,0,0,0,0,0,0,0,0,0,0,0,0,0,0,0,0,0,0,0,0,0,0,0,-0.312,0,0,0.669,-0.363,0,-0.312,0,0,0.669,-0.363,0,0,0,0,0.2,0.2,0,0.6,0,0,0,0.2,-0.2,0,0.6,0,0,0,0.672,-0.167622,0.00247179,-0.985848,0.6,0,0,1.95181,1.3375,2.22067
2.17698,-0.0255538,9.44071,-0.00673442,-0.157719,0.00259271,-0.00265316,-0.172018,0.000742193,2.17698,-0.0255538,9.44071,-0.00673442,-0.157719,0.00259271,-0.00265316,-0.172018,0.000742193,-0.312,0,0,0.669,-0.363,0,-0.312,0,0,0.669,-0.363,0,0,0,0,0.2,0.2,0,0.6,0,0,0,0.2,-0.2,0,0.6,0,0,0,0,0,0,0,0,0,0,0,0,0,0,0,0,0,0,0,0,0,0,0,0,0,0,0,0,0,0,0,0,-0.231794,0.000300632,-0.000352787,0.818692,-0.537534,-0.000450183,-0.231633,0.000168707,-0.000383233,0.818529,-0.537532,-7.24151e-05,-0.00019934,0.00253503,0.122633,0.266534,0.156829,-0.00719226,0.67819,0.000273404,0.0141823,1.49138e-05,0.266569,-0.155966,0.00741361,0.678161,-0.000274058,0.0141751,-3.05478e-06,0.091462,0.000660377,-0.000537874,-0.0251744,-0.275563,-0.000450572,0.0921865,0.000228211,-0.000947587,-0.0261168,-0.276015,-0.000221456,-0.000663791,0.0067851,0.368598,-0.12469,0.0552712,0.0119729,-0.0806576,-0.00130632,-0.0179403,-0.00534794,-0.124832,-0.0511132,-0.0106753,-0.0810195,0.00133394,-0.0180328,0.00548631,-3.44962,-0.0342028,0.0155374,-14.6761,5.45536,0.0136383,-3.45751,-0.0184882,0.0177792,-14.655,5.45484,0.00248227,0.00968554,-0.084077,-4.14956,-0.833667,0.561777,0.0904943,-1.04155,-0.00272062,-0.219066,0.005342,-0.834028,-0.577649,-0.0947647,-1.04079,0.00270391,-0.21885,-0.00568171,0,0,0,0,0,0,0,0,0,0,0,0,0,0,0,0,0,0,0,0,0,0,0,0,0,0,0,0,0,2.55789,6.3088,2.55789,6.3088,1.81445,1.81445,2.55789,6.3088,2.55789,6.3088,1.81445,1.81445,2.55789,1.81445,1.81445,0.907223,0.907223,0.907223,0.907223,0.907223,1.06814,1.06814,0.907223,0.907223,0.907223,0.907223,0.907223,1.06814,1.06814,40.1792,99.0984,40.1792,99.0984,28.5012,28.5012,40.1792,99.0984,40.1792,99.0984,28.5012,28.5012,40.1792,28.5012,28.5012,14.2506,14.2506,14.2506,14.2506,14.2506,16.7783,16.7783,14.2506,14.2506,14.2506,14.2506,14.2506,16.7783,16.7783,0,0,0,0,0,0,0,0,0,0,0,0,0,0,0,0,0,0,0,0,0,0,0,0,0,0,0,0,0,0,0,0,0,0,0,0,0,0,0,0,0,0,0,0,0,0,0,0,0,0,0,0,0,0,0,0,0,0,0,0,0,0,0,0,0,0,0,0,0,0,0,0,0,0,0,0,0,0,0,0,0,0,0,0,0,0,0,0,0,0,0,0,0,0,0,0,0,0,0,0,0,0,0,0,0,0,0,0,0,0,0,0,0,0,0,0,0,-0.00265316,-0.172018,0.000742193,0,0,0,0,0,0,0,0,0,0,0,0,0,0,0,0,0,0,0,0,0,0,0,0,0,0,0,0,0,-0.312,0,0,0.669,-0.363,0,-0.312,0,0,0.669,-0.363,0,0,0,0,0.2,0.2,0,0.6,0,0,0,0.2,-0.2,0,0.6,0,0,0,0.708,-0.171171,0.002614,-0.985238,0.6,0,0,1.95181,1.3375,2.22067
2.24514,-0.0255534,9.44708,-0.00657201,-0.106672,0.00273357,-0.00279672,-0.174615,0.000803651,2.24514,-0.0255534,9.44708,-0.00657201,-0.106672,0.00273357,-0.00279672,-0.174615,0.000803651,-0.312,0,0,0.669,-0.363,0,-0.312,0,0,0.669,-0.363,0,0,0,0,0.2,0.2,0,0.6,0,0,0,0.2,-0.2,0,0.6,0,0,0,0,0,0,0,0,0,0,0,0,0,0,0,0,0,0,0,0,0,0,0,0,0,0,0,0,0,0,0,0,-0.229983,0.000314471,-0.000362723,0.818238,-0.543269,-0.000458878,-0.229809,0.000173833,-0.000401371,0.818056,-0.54327,-7.60216e-05,-0.000213911,0.00266864,0.129615,0.264653,0.157363,-0.00713188,0.676812,0.000250239,0.0138617,-8.95684e-05,0.264686,-0.156411,0.007382,0.676777,-0.000250398,0.0138531,0.000104536,0.0894996,0.000722457,-0.000494582,-0.0211612,-0.294812,-0.000410645,0.0900663,0.000280024,-0.000914959,-0.022026,-0.294372,-0.000151693,-0.000746346,0.0065705,0.333243,-0.06867,0.00398268,-0.00424384,-0.0588324,-0.00105378,-0.0142797,-0.00522719,-0.0687019,0.000599669,0.00578529,-0.0591165,0.00107498,-0.0143411,0.00539627,-3.51776,-0.0357699,0.0157954,-14.6583,5.65297,0.0138164,-3.52602,-0.0191337,0.0183881,-14.6354,5.65176,0.00245499,0.0104815,-0.0875809,-4.28626,-0.855848,0.599685,0.10391,-1.04087,-0.00262205,-0.217348,0.00689169,-0.856287,-0.617211,-0.108811,-1.04009,0.00260439,-0.217142,-0.00731545,0,0,0,0,0,0,0,0,0,0,0,0,0,0,0,0,0,0,0,0,0,0,0,0,0,0,0,0,0,2.55789,6.3088,2.55789,6.3088,1.81445,1.81445,2.55789,6.3088,2.55789,6.3088,1.81445,1.81445,2.55789,1.81445,1.81445,0.907223,0.907223,0.907223,0.907223,0.907223,1.06814,1.06814,0.907223,0.907223,0.907223,0.907223,0.907223,1.06814,1.06814,40.1792,99.0984,40.1792,99.0984,28.5012,28.5012,40.1792,99.0984,40.1792,99.0984,28.5012,28.5012,40.1792,28.5012,28.5012,14.2506,14.2506,14.2506,14.2506,14.2506,16.7783,16.7783,14.2506,14.2506,14.2506,14.2506,14.2506,16.7783,16.7783,0,0,0,0,0,0,0,0,0,0,0,0,0,0,0,0,0,0,0,0,0,0,0,0,0,0,0,0,0,0,0,0,0,0,0,0,0,0,0,0,0,0,0,0,0,0,0,0,0,0,0,0,0,0,0,0,0,0,0,0,0,0,0,0,0,0,0,0,0,0,0,0,0,0,0,0,0,0,0,0,0,0,0,0,0,0,0,0,0,0,0,0,0,0,0,0,0,0,0,0,0,0,0,0,0,0,0,0,0,0,0,0,0,0,0,0,0,-0.00279672,-0.174615,0.000803651,0,0,0,0,0,0,0,0,0,0,0,0,0,0,0,0,0,0,0,0,0,0,0,0,0,0,0,0,0,-0.312,0,0,0.669,-0.363,0,-0.312,0,0,0.669,-0.363,0,0,0,0,0.2,0.2,0,0.6,0,0,0,0.2,-0.2,0,0.6,0,0,0,0.736,-0.173729,0.00275419,-0.98479,0.6,0,0,1.96679,1.34259,2.30978
2.28802,-0.0258516,9.44632,-0.0064327,-0.052631,0.00285543,-0.00293746,-0.176159,0.000865076,2.28802,-0.0258516,9.44632,-0.0064327,-0.052631,0.00285543,-0.00293746,-0.176159,0.000865076,-0.312,0,0,0.669,-0.363,0,-0.312,0,0,0.669,-0.363,0,0,0,0,0.2,0.2,0,0.6,0,0,0,0.2,-0.2,0,0.6,0,0,0,0,0,0,0,0,0,0,0,0,0,0,0,0,0,0,0,0,0,0,0,0,0,0,0,0,0,0,0,0,-0.228229,0.000327705,-0.000371884,0.81783,-0.549338,-0.000466325,-0.22804,0.000178082,-0.000419154,0.817628,-0.549343,-7.81691e-05,-0.000228848,0.0027997,0.135891,0.263902,0.156933,-0.00738738,0.675893,0.000231121,0.0136263,-0.000198051,0.263935,-0.155885,0.00767051,0.675854,-0.000230907,0.0136168,0.000216632,0.086027,0.000648182,-0.000419434,-0.0201187,-0.310365,-0.000342707,0.0867716,0.000192182,-0.000862103,-0.0211767,-0.310666,-7.64735e-05,-0.000765053,0.00649982,0.297831,-0.0123548,-0.0413259,-0.0195293,-0.0351713,-0.000885112,-0.00959751,-0.00563835,-0.0123191,0.0463276,0.0212655,-0.0353575,0.000902066,-0.00963178,0.00582908,-3.58004,-0.0364353,0.0160028,-14.6259,5.85361,0.0139053,-3.58947,-0.0188318,0.0189915,-14.5995,5.85426,0.00237437,0.0110796,-0.0912464,-4.40297,-0.894764,0.646221,0.121115,-1.04843,-0.00250296,-0.21816,0.00909724,-0.895264,-0.665517,-0.126659,-1.04769,0.00248467,-0.217962,-0.00960387,0,0,0,0,0,0,0,0,0,0,0,0,0,0,0,0,0,0,0,0,0,0,0,0,0,0,0,0,0,2.55789,6.3088,2.55789,6.3088,1.81445,1.81445,2.55789,6.3088,2.55789,6.3088,1.81445,1.81445,2.55789,1.81445,1.81445,0.907223,0.907223,0.907223,0.907223,0.907223,1.06814,1.06814,0.907223,0.907223,0.907223,0.907223,0.907223,1.06814,1.06814,40.1792,99.0984,40.1792,99.0984,28.5012,28.5012,40.1792,99.0984,40.1792,99.0984,28.5012,28.5012,40.1792,28.5012,28.5012,14.2506,14.2506,14.2506,14.2506,14.2506,16.7783,16.7783,14.2506,14.2506,14.2506,14.2506,14.2506,16.7783,16.7783,0,0,0,0,0,0,0,0,0,0,0,0,0,0,0,0,0,0,0,0,0,0,0,0,0,0,0,0,0,0,0,0,0,0,0,0,0,0,0,0,0,0,0,0,0,0,0,0,0,0,0,0,0,0,0,0,0,0,0,0,0,0,0,0,0,0,0,0,0,0,0,0,0,0,0,0,0,0,0,0,0,0,0,0,0,0,0,0,0,0,0,0,0,0,0,0,0,0,0,0,0,0,0,0,0,0,0,0,0,0,0,0,0,0,0,0,0,-0.00293746,-0.176159,0.000865076,0,0,0,0,0,0,0,0,0,0,0,0,0,0,0,0,0,0,0,0,0,0,0,0,0,0,0,0,0,-0.312,0,0,0.669,-0.363,0,-0.312,0,0,0.669,-0.363,0,0,0,0,0.2,0.2,0,0.6,0,0,0,0.2,-0.2,0,0.6,0,0,0,0.983,-0.175249,0.00289199,-0.98452,0.6,0,0,1.96679,1.34259,2.30978
2.3112,-0.0282607,9.44195,-0.00625116,0.00476887,0.00296215,-0.00307452,-0.176586,0.000925538,2.3112,-0.0282607,9.44195,-0.00625116,0.00476887,0.00296215,-0.00307452,-0.176586,0.000925538,-0.312,0,0,0.669,-0.363,0,-0.312,0,0,0.669,-0.363,0,0,0,0,0.2,0.2,0,0.6,0,0,0,0.2,-0.2,0,0.6,0,0,0,0,0,0,0,0,0,0,0,0,0,0,0,0,0,0,0,0,0,0,0,0,0,0,0,0,0,0,0,0,-0.226558,0.000341753,-0.000380686,0.817416,-0.555727,-0.000472411,-0.226359,0.000182976,-0.00043692,0.817197,-0.555715,-7.89184e-05,-0.000244097,0.00292598,0.141453,0.264247,0.155675,-0.00792903,0.675457,0.000214794,0.0134918,-0.000317652,0.264281,-0.154526,0.00824838,0.675414,-0.000214273,0.0134817,0.000340261,0.0810402,0.000667419,-0.000453162,-0.0212481,-0.325956,-0.000266919,0.0815642,0.000203447,-0.000912827,-0.0221139,-0.325079,4.24662e-09,-0.00072287,0.00625098,0.261775,0.0407152,-0.0792744,-0.0329094,-0.0108891,-0.00076542,-0.00431436,-0.0062748,0.0407978,0.0845029,0.0347694,-0.0110164,0.000778975,-0.00434221,0.00648137,-3.63553,-0.0381922,0.0164344,-14.5784,6.06389,0.0139525,-3.64462,-0.019647,0.0198168,-14.5518,6.06136,0.00226752,0.0116461,-0.0943337,-4.49825,-0.946736,0.698209,0.1408,-1.06353,-0.00237885,-0.221328,0.0117502,-0.9473,-0.719149,-0.146976,-1.06279,0.0023585,-0.221132,-0.0123425,0,0,0,0,0,0,0,0,0,0,0,0,0,0,0,0,0,0,0,0,0,0,0,0,0,0,0,0,0,2.55789,6.3088,2.55789,6.3088,1.81445,1.81445,2.55789,6.3088,2.55789,6.3088,1.81445,1.81445,2.55789,1.81445,1.81445,0.907223,0.907223,0.907223,0.907223,0.907223,1.06814,1.06814,0.907223,0.907223,0.907223,0.907223,0.907223,1.06814,1.06814,40.1792,99.0984,40.1792,99.0984,28.5012,28.5012,40.1792,99.0984,40.1792,99.0984,28.5012,28.5012,40.1792,28.5012,28.5012,14.2506,14.2506,14.2506,14.2506,14.2506,16.7783,16.7783,14.2506,14.2506,14.2506,14.2506,14.2506,16.7783,16.7783,0,0,0,0,0,0,0,0,0,0,0,0,0,0,0,0,0,0,0,0,0,0,0,0,0,0,0,0,0,0,0,0,0,0,0,0,0,0,0,0,0,0,0,0,0,0,0,0,0,0,0,0,0,0,0,0,0,0,0,0,0,0,0,0,0,0,0,0,0,0,0,0,0,0,0,0,0,0,0,0,0,0,0,0,0,0,0,0,0,0,0,0,0,0,0,0,0,0,0,0,0,0,0,0,0,0,0,0,0,0,0,0,0,0,0,0,0,-0.00307452,-0.176586,0.000925538,0,0,0,0,0,0,0,0,0,0,0,0,0,0,0,0,0,0,0,0,0,0,0,0,0,0,0,0,0,-0.312,0,0,0.669,-0.363,0,-0.312,0,0,0.669,-0.363,0,0,0,0,0.2,0.2,0,0.6,0,0,0,0.2,-0.2,0,0.6,0,0,0,0.54,-0.17567,0.00302671,-0.984445,0.6,0,0,1.95309,1.34537,2.37339
2.31902,-0.025721,9.43422,-0.00608834,0.0654633,0.00306622,-0.00320819,-0.175828,0.000984515,2.31902,-0.025721,9.43422,-0.00608834,0.0654633,0.00306622,-0.00320819,-0.175828,0.000984515,-0.312,0,0,0.669,-0.363,0,-0.312,0,0,0.669,-0.363,0,0,0,0,0.2,0.2,0,0.6,0,0,0,0.2,-0.2,0,0.6,0,0,0,0,0,0,0,0,0,0,0,0,0,0,0,0,0,0,0,0,0,0,0,0,0,0,0,0,0,0,0,0,-0.22501,0.000353953,-0.000389302,0.816966,-0.562415,-0.000476952,-0.224799,0.000186044,-0.00045473,0.816728,-0.56239,-7.90285e-05,-0.000258285,0.00305002,0.146284,0.265591,0.15375,-0.00871057,0.6755,0.000200522,0.0134657,-0.000450386,0.265628,-0.152494,0.00906815,0.675455,-0.000199743,0.0134553,0.000477223,0.074042,0.000606644,-0.000368416,-0.0235054,-0.340859,-0.000199265,0.0746253,0.000147497,-0.000833797,-0.0244768,-0.340158,2.70548e-05,-0.000745087,0.00613327,0.22493,0.0878074,-0.108863,-0.0436763,0.0126821,-0.000672293,0.00113125,-0.00691857,0.0879249,0.114268,0.0456341,0.0126016,0.000685951,0.00113161,0.00713578,-3.68052,-0.0383872,0.0165613,-14.5214,6.27956,0.0139482,-3.69084,-0.0189607,0.0203392,-14.4911,6.27887,0.00224747,0.0121547,-0.0978742,-4.57136,-1.00791,0.752391,0.161656,-1.08496,-0.00225895,-0.226521,0.0146523,-1.00853,-0.775081,-0.168464,-1.08427,0.00223681,-0.22634,-0.0153248,0,0,0,0,0,0,0,0,0,0,0,0,0,0,0,0,0,0,0,0,0,0,0,0,0,0,0,0,0,2.55789,6.3088,2.55789,6.3088,1.81445,1.81445,2.55789,6.3088,2.55789,6.3088,1.81445,1.81445,2.55789,1.81445,1.81445,0.907223,0.907223,0.907223,0.907223,0.907223,1.06814,1.06814,0.907223,0.907223,0.907223,0.907223,0.907223,1.06814,1.06814,40.1792,99.0984,40.1792,99.0984,28.5012,28.5012,40.1792,99.0984,40.1792,99.0984,28.5012,28.5012,40.1792,28.5012,28.5012,14.2506,14.2506,14.2506,14.2506,14.2506,16.7783,16.7783,14.2506,14.2506,14.2506,14.2506,14.2506,16.7783,16.7783,0,0,0,0,0,0,0,0,0,0,0,0,0,0,0,0,0,0,0,0,0,0,0,0,0,0,0,0,0,0,0,0,0,0,0,0,0,0,0,0,0,0,0,0,0,0,0,0,0,0,0,0,0,0,0,0,0,0,0,0,0,0,0,0,0,0,0,0,0,0,0,0,0,0,0,0,0,0,0,0,0,0,0,0,0,0,0,0,0,0,0,0,0,0,0,0,0,0,0,0,0,0,0,0,0,0,0,0,0,0,0,0,0,0,0,0,0,-0.00320819,-0.175828,0.000984515,0,0,0,0,0,0,0,0,0,0,0,0,0,0,0,0,0,0,0,0,0,0,0,0,0,0,0,0,0,-0.312,0,0,0.669,-0.363,0,-0.312,0,0,0.669,-0.363,0,0,0,0,0.2,0.2,0,0.6,0,0,0,0.2,-0.2,0,0.6,0,0,0,0.653,-0.174923,0.00315873,-0.984577,0.6,0,0,1.94173,1.34565,2.39468
2.31551,-0.0291721,9.42744,-0.0059176,0.129116,0.00312861,-0.00333793,-0.173823,0.00104085,2.31551,-0.0291721,9.42744,-0.0059176,0.129116,0.00312861,-0.00333793,-0.173823,0.00104085,-0.312,0,0,0.669,-0.363,0,-0.312,0,0,0.669,-0.363,0,0,0,0,0.2,0.2,0,0.6,0,0,0,0.2,-0.2,0,0.6,0,0,0,0,0,0,0,0,0,0,0,0,0,0,0,0,0,0,0,0,0,0,0,0,0,0,0,0,0,0,0,0,-0.223623,0.000365346,-0.000395836,0.816464,-0.569389,-0.00048008,-0.2234,0.000188212,-0.000470511,0.816206,-0.569354,-7.64025e-05,-0.000272855,0.00317127,0.150369,0.267792,0.151329,-0.0096746,0.675995,0.000187896,0.0135471,-0.000594581,0.26783,-0.149963,0.010072,0.67595,-0.000186895,0.0135366,0.00062588,0.0651729,0.000557493,-0.000285266,-0.0264924,-0.355046,-0.000123292,0.0658258,9.69513e-05,-0.000746012,-0.0275766,-0.354604,0.000188604,-0.0007253,0.00598675,0.187285,0.12692,-0.129721,-0.0514373,0.0342989,-0.000598198,0.00640484,-0.00742062,0.127006,0.135186,0.053448,0.0342778,0.000608559,0.00640943,0.00764718,-3.71489,-0.0396189,0.016633,-14.4536,6.50381,0.0139134,-3.7255,-0.0192542,0.0207723,-14.4214,6.50207,0.00186449,0.0127648,-0.100941,-4.6217,-1.07442,0.806042,0.182492,-1.11126,-0.00214551,-0.233383,0.0176093,-1.07505,-0.830309,-0.18992,-1.11059,0.00212198,-0.233212,-0.0183682,0,0,0,0,0,0,0,0,0,0,0,0,0,0,0,0,0,0,0,0,0,0,0,0,0,0,0,0,0,2.55789,6.3088,2.55789,6.3088,1.81445,1.81445,2.55789,6.3088,2.55789,6.3088,1.81445,1.81445,2.55789,1.81445,1.81445,0.907223,0.907223,0.907223,0.907223,0.907223,1.06814,1.06814,0.907223,0.907223,0.907223,0.907223,0.907223,1.06814,1.06814,40.1792,99.0984,40.1792,99.0984,28.5012,28.5012,40.1792,99.0984,40.1792,99.0984,28.5012,28.5012,40.1792,28.5012,28.5012,14.2506,14.2506,14.2506,14.2506,14.2506,16.7783,16.7783,14.2506,14.2506,14.2506,14.2506,14.2506,16.7783,16.7783,0,0,0,0,0,0,0,0,0,0,0,0,0,0,0,0,0,0,0,0,0,0,0,0,0,0,0,0,0,0,0,0,0,0,0,0,0,0,0,0,0,0,0,0,0,0,0,0,0,0,0,0,0,0,0,0,0,0,0,0,0,0,0,0,0,0,0,0,0,0,0,0,0,0,0,0,0,0,0,0,0,0,0,0,0,0,0,0,0,0,0,0,0,0,0,0,0,0,0,0,0,0,0,0,0,0,0,0,0,0,0,0,0,0,0,0,0,-0.00333793,-0.173823,0.00104085,0,0,0,0,0,0,0,0,0,0,0,0,0,0,0,0,0,0,0,0,0,0,0,0,0,0,0,0,0,-0.312,0,0,0.669,-0.363,0,-0.312,0,0,0.669,-0.363,0,0,0,0,0.2,0.2,0,0.6,0,0,0,0.2,-0.2,0,0.6,0,0,0,0.722,-0.172949,0.00328763,-0.984925,0.6,0,0,1.94173,1.34565,2.39468
2.30248,-0.0408239,9.41539,-0.00571505,0.195185,0.00316997,-0.00346318,-0.170517,0.00109342,2.30248,-0.0408239,9.41539,-0.00571505,0.195185,0.00316997,-0.00346318,-0.170517,0.00109342,-0.312,0,0,0.669,-0.363,0,-0.312,0,0,0.669,-0.363,0,0,0,0,0.2,0.2,0,0.6,0,0,0,0.2,-0.2,0,0.6,0,0,0,0,0,0,0,0,0,0,0,0,0,0,0,0,0,0,0,0,0,0,0,0,0,0,0,0,0,0,0,0,-0.222433,0.000377039,-0.000400405,0.815891,-0.576644,-0.000481742,-0.222198,0.000190227,-0.00048503,0.815612,-0.576597,-7.16475e-05,-0.000287139,0.00328831,0.153699,0.270675,0.148587,-0.0107593,0.67689,0.000176675,0.013728,-0.000746491,0.270714,-0.147113,0.011197,0.676844,-0.000175468,0.0137177,0.000782352,0.0548626,0.000628474,-0.000243149,-0.0305911,-0.369496,-4.74393e-05,0.0553088,0.000130432,-0.000763558,-0.0314629,-0.368262,0.000281837,-0.000665298,0.00568593,0.14931,0.156756,-0.141902,-0.056068,0.0527337,-0.00053562,0.0111494,-0.007699,0.156798,0.147249,0.0580645,0.0527203,0.000543455,0.0111444,0.00792792,-3.73796,-0.0432628,0.016685,-14.3712,6.73692,0.0138758,-3.74667,-0.0216622,0.0214003,-14.343,6.72856,0.00162682,0.0135664,-0.103123,-4.64987,-1.14254,0.856705,0.202288,-1.14069,-0.0020465,-0.241371,0.0204684,-1.14319,-0.882247,-0.210285,-1.13988,0.00201312,-0.241242,-0.0213099,0,0,0,0,0,0,0,0,0,0,0,0,0,0,0,0,0,0,0,0,0,0,0,0,0,0,0,0,0,2.55789,6.3088,2.55789,6.3088,1.81445,1.81445,2.55789,6.3088,2.55789,6.3088,1.81445,1.81445,2.55789,1.81445,1.81445,0.907223,0.907223,0.907223,0.907223,0.907223,1.06814,1.06814,0.907223,0.907223,0.907223,0.907223,0.907223,1.06814,1.06814,40.1792,99.0984,40.1792,99.0984,28.5012,28.5012,40.1792,99.0984,40.1792,99.0984,28.5012,28.5012,40.1792,28.5012,28.5012,14.2506,14.2506,14.2506,14.2506,14.2506,16.7783,16.7783,14.2506,14.2506,14.2506,14.2506,14.2506,16.7783,16.7783,0,0,0,0,0,0,0,0,0,0,0,0,0,0,0,0,0,0,0,0,0,0,0,0,0,0,0,0,0,0,0,0,0,0,0,0,0,0,0,0,0,0,0,0,0,0,0,0,0,0,0,0,0,0,0,0,0,0,0,0,0,0,0,0,0,0,0,0,0,0,0,0,0,0,0,0,0,0,0,0,0,0,0,0,0,0,0,0,0,0,0,0,0,0,0,0,0,0,0,0,0,0,0,0,0,0,0,0,0,0,0,0,0,0,0,0,0,-0.00346318,-0.170517,0.00109342,0,0,0,0,0,0,0,0,0,0,0,0,0,0,0,0,0,0,0,0,0,0,0,0,0,0,0,0,0,-0.312,0,0,0.669,-0.363,0,-0.312,0,0,0.669,-0.363,0,0,0,0,0.2,0.2,0,0.6,0,0,0,0.2,-0.2,0,0.6,0,0,0,0.708,-0.169692,0.00341295,-0.985491,0.6,0,0,1.93284,1.34318,2.36665
2.2756,-0.0285754,9.42522,-0.00556937,0.262954,0.0031891,-0.00358428,-0.16587,0.00114134,2.2756,-0.0285754,9.42522,-0.00556937,0.262954,0.0031891,-0.00358428,-0.16587,0.00114134,-0.312,0,0,0.669,-0.363,0,-0.312,0,0,0.669,-0.363,0,0,0,0,0.2,0.2,0,0.6,0,0,0,0.2,-0.2,0,0.6,0,0,0,0,0,0,0,0,0,0,0,0,0,0,0,0,0,0,0,0,0,0,0,0,0,0,0,0,0,0,0,0,-0.221474,0.000386805,-0.000402418,0.815238,-0.584165,-0.000481727,-0.221223,0.000189752,-0.000497934,0.814932,-0.584115,-6.50158e-05,-0.000300169,0.00340367,0.156272,0.274045,0.145694,-0.0119023,0.678112,0.000166707,0.0139943,-0.00090114,0.274085,-0.144112,0.0123796,0.678067,-0.000165333,0.0139843,0.000941491,0.0420643,0.000502642,-3.15903e-05,-0.0343248,-0.38113,3.48381e-05,0.0427412,-1.78337e-05,-0.000591555,-0.0356073,-0.380492,0.000361149,-0.000659181,0.00566979,0.111799,0.176541,-0.145781,-0.0575612,0.0674277,-0.000467313,0.0149534,-0.00771333,0.176507,0.151061,0.0595219,0.0674465,0.000477399,0.0149743,0.00793532,-3.74487,-0.0409033,0.016262,-14.2842,6.97116,0.0136707,-3.75716,-0.0181921,0.0214875,-14.2449,6.97014,0.00121615,0.0136136,-0.107174,-4.6573,-1.20898,0.901928,0.220191,-1.17118,-0.00195842,-0.249906,0.0231149,-1.20951,-0.929171,-0.228721,-1.17058,0.00193187,-0.249749,-0.0240212,0,0,0,0,0,0,0,0,0,0,0,0,0,0,0,0,0,0,0,0,0,0,0,0,0,0,0,0,0,2.55789,6.3088,2.55789,6.3088,1.81445,1.81445,2.55789,6.3088,2.55789,6.3088,1.81445,1.81445,2.55789,1.81445,1.81445,0.907223,0.907223,0.907223,0.907223,0.907223,1.06814,1.06814,0.907223,0.907223,0.907223,0.907223,0.907223,1.06814,1.06814,40.1792,99.0984,40.1792,99.0984,28.5012,28.5012,40.1792,99.0984,40.1792,99.0984,28.5012,28.5012,40.1792,28.5012,28.5012,14.2506,14.2506,14.2506,14.2506,14.2506,16.7783,16.7783,14.2506,14.2506,14.2506,14.2506,14.2506,16.7783,16.7783,0,0,0,0,0,0,0,0,0,0,0,0,0,0,0,0,0,0,0,0,0,0,0,0,0,0,0,0,0,0,0,0,0,0,0,0,0,0,0,0,0,0,0,0,0,0,0,0,0,0,0,0,0,0,0,0,0,0,0,0,0,0,0,0,0,0,0,0,0,0,0,0,0,0,0,0,0,0,0,0,0,0,0,0,0,0,0,0,0,0,0,0,0,0,0,0,0,0,0,0,0,0,0,0,0,0,0,0,0,0,0,0,0,0,0,0,0,-0.00358428,-0.16587,0.00114134,0,0,0,0,0,0,0,0,0,0,0,0,0,0,0,0,0,0,0,0,0,0,0,0,0,0,0,0,0,-0.312,0,0,0.669,-0.363,0,-0.312,0,0,0.669,-0.363,0,0,0,0,0.2,0.2,0,0.6,0,0,0,0.2,-0.2,0,0.6,0,0,0,0.704,-0.165111,0.00353508,-0.986269,0.6,0,0,1.93284,1.34318,2.36665
2.2439,-0.0344405,9.42751,-0.0053824,0.331888,0.00319295,-0.0037006,-0.159854,0.00118381,2.2439,-0.0344405,9.42751,-0.0053824,0.331888,0.00319295,-0.0037006,-0.159854,0.00118381,-0.312,0,0,0.669,-0.363,0,-0.312,0,0,0.669,-0.363,0,0,0,0,0.2,0.2,0,0.6,0,0,0,0.2,-0.2,0,0.6,0,0,0,0,0,0,0,0,0,0,0,0,0,0,0,0,0,0,0,0,0,0,0,0,0,0,0,0,0,0,0,0,-0.220768,0.000396568,-0.00040211,0.814484,-0.591964,-0.000480207,-0.220505,0.000189039,-0.000508956,0.814153,-0.591896,-5.64714e-05,-0.000312435,0.00351495,0.158101,0.2777,0.142807,-0.0130439,0.679575,0.000157927,0.0143272,-0.00105302,0.277738,-0.141122,0.0135595,0.67953,-0.000156372,0.0143174,0.00109772,0.0287935,0.000516937,4.86887e-05,-0.0397327,-0.394621,0.00011567,0.0293087,-2.35207e-05,-0.000533366,-0.0408437,-0.393511,0.000539387,-0.000579784,0.00543286,0.0749946,0.186141,-0.142194,-0.0562312,0.0773449,-0.000409632,0.0178058,-0.00745036,0.186041,0.147211,0.0581001,0.0773374,0.000418971,0.0178164,0.00766354,-3.74156,-0.0428519,0.0160393,-14.1751,7.21982,0.0135205,-3.75305,-0.0190633,0.0217595,-14.1362,7.21464,0.000841637,0.0141127,-0.109649,-4.64452,-1.27043,0.940592,0.235546,-1.20113,-0.00188475,-0.258564,0.0254203,-1.27091,-0.969001,-0.244547,-1.20046,0.00185209,-0.258425,-0.0263925,0,0,0,0,0,0,0,0,0,0,0,0,0,0,0,0,0,0,0,0,0,0,0,0,0,0,0,0,0,2.55789,6.3088,2.55789,6.3088,1.81445,1.81445,2.55789,6.3088,2.55789,6.3088,1.81445,1.81445,2.55789,1.81445,1.81445,0.907223,0.907223,0.907223,0.907223,0.907223,1.06814,1.06814,0.907223,0.907223,0.907223,0.907223,0.907223,1.06814,1.06814,40.1792,99.0984,40.1792,99.0984,28.5012,28.5012,40.1792,99.0984,40.1792,99.0984,28.5012,28.5012,40.1792,28.5012,28.5012,14.2506,14.2506,14.2506,14.2506,14.2506,16.7783,16.7783,14.2506,14.2506,14.2506,14.2506,14.2506,16.7783,16.7783,0,0,0,0,0,0,0,0,0,0,0,0,0,0,0,0,0,0,0,0,0,0,0,0,0,0,0,0,0,0,0,0,0,0,0,0,0,0,0,0,0,0,0,0,0,0,0,0,0,0,0,0,0,0,0,0,0,0,0,0,0,0,0,0,0,0,0,0,0,0,0,0,0,0,0,0,0,0,0,0,0,0,0,0,0,0,0,0,0,0,0,0,0,0,0,0,0,0,0,0,0,0,0,0,0,0,0,0,0,0,0,0,0,0,0,0,0,-0.0037006,-0.159854,0.00118381,0,0,0,0,0,0,0,0,0,0,0,0,0,0,0,0,0,0,0,0,0,0,0,0,0,0,0,0,0,-0.312,0,0,0.669,-0.363,0,-0.312,0,0,0.669,-0.363,0,0,0,0,0.2,0.2,0,0.6,0,0,0,0.2,-0.2,0,0.6,0,0,0,0.664,-0.159174,0.00365341,-0.987244,0.6,0,0,1.92667,1.33776,2.28851
2.2083,-0.0213979,9.40965,-0.0050872,0.401504,0.00320223,-0.0038121,-0.152451,0.00122035,2.2083,-0.0213979,9.40965,-0.0050872,0.401504,0.00320223,-0.0038121,-0.152451,0.00122035,-0.312,0,0,0.669,-0.363,0,-0.312,0,0,0.669,-0.363,0,0,0,0,0.2,0.2,0,0.6,0,0,0,0.2,-0.2,0,0.6,0,0,0,0,0,0,0,0,0,0,0,0,0,0,0,0,0,0,0,0,0,0,0,0,0,0,0,0,0,0,0,0,-0.220337,0.000406402,-0.000399953,0.813609,-0.600035,-0.000477105,-0.220062,0.00018813,-0.000518635,0.813255,-0.59995,-4.57674e-05,-0.000323122,0.00362188,0.159207,0.281435,0.140065,-0.0141309,0.68118,0.000150254,0.0147048,-0.00119676,0.281471,-0.138283,0.0146825,0.681134,-0.000148501,0.0146952,0.00124555,0.0160294,0.000983499,5.53772e-05,-0.0478223,-0.413159,0.000153202,0.0153928,0.000442629,-0.000548608,-0.0477422,-0.407604,0.000525805,-0.000629966,0.00466978,0.0394463,0.185804,-0.132207,-0.0524732,0.081996,-0.000356435,0.0195458,-0.00693307,0.185722,0.136604,0.0541991,0.0817548,0.00037517,0.0195773,0.0071349,-3.72552,-0.0443554,0.015662,-14.0456,7.47636,0.0133137,-3.73696,-0.0194253,0.0219233,-14.0054,7.46951,0.000370179,0.014477,-0.112177,-4.61309,-1.32422,0.971347,0.247913,-1.22862,-0.00182051,-0.266842,0.0273198,-1.32462,-1.00082,-0.257319,-1.22787,0.00178173,-0.266716,-0.0283456,0,0,0,0,0,0,0,0,0,0,0,0,0,0,0,0,0,0,0,0,0,0,0,0,0,0,0,0,0,2.55789,6.3088,2.55789,6.3088,1.81445,1.81445,2.55789,6.3088,2.55789,6.3088,1.81445,1.81445,2.55789,1.81445,1.81445,0.907223,0.907223,0.907223,0.907223,0.907223,1.06814,1.06814,0.907223,0.907223,0.907223,0.907223,0.907223,1.06814,1.06814,40.1792,99.0984,40.1792,99.0984,28.5012,28.5012,40.1792,99.0984,40.1792,99.0984,28.5012,28.5012,40.1792,28.5012,28.5012,14.2506,14.2506,14.2506,14.2506,14.2506,16.7783,16.7783,14.2506,14.2506,14.2506,14.2506,14.2506,16.7783,16.7783,0,0,0,0,0,0,0,0,0,0,0,0,0,0,0,0,0,0,0,0,0,0,0,0,0,0,0,0,0,0,0,0,0,0,0,0,0,0,0,0,0,0,0,0,0,0,0,0,0,0,0,0,0,0,0,0,0,0,0,0,0,0,0,0,0,0,0,0,0,0,0,0,0,0,0,0,0,0,0,0,0,0,0,0,0,0,0,0,0,0,0,0,0,0,0,0,0,0,0,0,0,0,0,0,0,0,0,0,0,0,0,0,0,0,0,0,0,-0.0038121,-0.152451,0.00122035,0,0,0,0,0,0,0,0,0,0,0,0,0,0,0,0,0,0,0,0,0,0,0,0,0,0,0,0,0,-0.312,0,0,0.669,-0.363,0,-0.312,0,0,0.669,-0.363,0,0,0,0,0.2,0.2,0,0.6,0,0,0,0.2,-0.2,0,0.6,0,0,0,0.546,-0.151861,0.00376787,-0.988395,0.6,0,0,1.92346,1.32934,2.1792
2.1569,-0.0541433,9.39651,-0.00516758,0.471576,0.00319767,-0.0039193,-0.143651,0.00125068,2.1569,-0.0541433,9.39651,-0.00516758,0.471576,0.00319767,-0.0039193,-0.143651,0.00125068,-0.312,0,0,0.669,-0.363,0,-0.312,0,0,0.669,-0.363,0,0,0,0,0.2,0.2,0,0.6,0,0,0,0.2,-0.2,0,0.6,0,0,0,0,0,0,0,0,0,0,0,0,0,0,0,0,0,0,0,0,0,0,0,0,0,0,0,0,0,0,0,0,-0.220204,0.000414195,-0.000396244,0.812596,-0.608358,-0.000472112,-0.219914,0.000184953,-0.00052728,0.812214,-0.608268,-3.30681e-05,-0.000330916,0.0037266,0.159619,0.285056,0.137585,-0.0151179,0.682828,0.000143641,0.0151033,-0.00132748,0.285087,-0.135712,0.0157024,0.682782,-0.000141742,0.0150934,0.00137997,-0.000587606,-6.61026e-05,0.000289029,-0.0535894,-0.420233,0.00032061,0.00117659,-0.000617084,-0.000334903,-0.0561676,-0.423718,0.000722979,-0.000208358,0.00566158,0.00539741,0.175759,-0.11653,-0.0465407,0.0818291,-0.000313776,0.0200916,-0.00618134,0.175495,0.121204,0.0481277,0.0820219,0.000311357,0.0200408,0.00635383,-3.69095,-0.0440665,0.0155216,-13.9067,7.73062,0.0129611,-3.70371,-0.0179415,0.0223496,-13.8624,7.72609,-0.000253632,0.0141637,-0.11504,-4.56508,-1.36773,0.993604,0.25692,-1.25275,-0.00177617,-0.274121,0.028754,-1.36803,-1.02413,-0.266645,-1.25207,0.00174249,-0.273932,-0.0298203,0,0,0,0,0,0,0,0,0,0,0,0,0,0,0,0,0,0,0,0,0,0,0,0,0,0,0,0,0,2.55789,6.3088,2.55789,6.3088,1.81445,1.81445,2.55789,6.3088,2.55789,6.3088,1.81445,1.81445,2.55789,1.81445,1.81445,0.907223,0.907223,0.907223,0.907223,0.907223,1.06814,1.06814,0.907223,0.907223,0.907223,0.907223,0.907223,1.06814,1.06814,40.1792,99.0984,40.1792,99.0984,28.5012,28.5012,40.1792,99.0984,40.1792,99.0984,28.5012,28.5012,40.1792,28.5012,28.5012,14.2506,14.2506,14.2506,14.2506,14.2506,16.7783,16.7783,14.2506,14.2506,14.2506,14.2506,14.2506,16.7783,16.7783,0,0,0,0,0,0,0,0,0,0,0,0,0,0,0,0,0,0,0,0,0,0,0,0,0,0,0,0,0,0,0,0,0,0,0,0,0,0,0,0,0,0,0,0,0,0,0,0,0,0,0,0,0,0,0,0,0,0,0,0,0,0,0,0,0,0,0,0,0,0,0,0,0,0,0,0,0,0,0,0,0,0,0,0,0,0,0,0,0,0,0,0,0,0,0,0,0,0,0,0,0,0,0,0,0,0,0,0,0,0,0,0,0,0,0,0,0,-0.0039193,-0.143651,0.00125068,0,0,0,0,0,0,0,0,0,0,0,0,0,0,0,0,0,0,0,0,0,0,0,0,0,0,0,0,0,-0.312,0,0,0.669,-0.363,0,-0.312,0,0,0.669,-0.363,0,0,0,0,0.2,0.2,0,0.6,0,0,0,0.2,-0.2,0,0.6,0,0,0,0.552,-0.143157,0.00387892,-0.989692,0.6,0,0,1.92346,1.32934,2.1792
2.09724,-0.042347,9.42215,-0.00478982,0.541897,0.00321764,-0.00402109,-0.133446,0.00127442,2.09724,-0.042347,9.42215,-0.00478982,0.541897,0.00321764,-0.00402109,-0.133446,0.00127442,-0.312,0,0,0.669,-0.363,0,-0.312,0,0,0.669,-0.363,0,0,0,0,0.2,0.2,0,0.6,0,0,0,0.2,-0.2,0,0.6,0,0,0,0,0,0,0,0,0,0,0,0,0,0,0,0,0,0,0,0,0,0,0,0,0,0,0,0,0,0,0,0,-0.220369,0.000424693,-0.000390838,0.811408,-0.616973,-0.000465588,-0.220073,0.000184259,-0.000534812,0.811006,-0.616854,-1.89232e-05,-0.000337956,0.00382388,0.159371,0.288378,0.135459,-0.0159692,0.684419,0.000138056,0.015499,-0.00144109,0.288406,-0.133504,0.0165834,0.684371,-0.000135937,0.015489,0.0014969,-0.0157695,0.000699651,9.29292e-05,-0.0633386,-0.435508,0.000387557,-0.0158312,0.000136474,-0.00056398,-0.0636081,-0.433198,0.000746592,-0.000204933,0.00447069,-0.0266213,0.156881,-0.0974095,-0.0390895,0.0771565,-0.00025239,0.0193461,-0.00524596,0.156716,0.10114,0.0404522,0.077004,0.000261096,0.0193015,0.00540187,-3.64895,-0.04776,0.0154026,-13.7242,8.00631,0.0126521,-3.65939,-0.0205205,0.0227973,-13.6864,7.99581,-0.000718789,0.0144504,-0.11647,-4.50119,-1.39942,1.00726,0.262683,-1.27127,-0.00174082,-0.280203,0.0297178,-1.3997,-1.03831,-0.27266,-1.27035,0.00169647,-0.280032,-0.0308212,0,0,0,0,0,0,0,0,0,0,0,0,0,0,0,0,0,0,0,0,0,0,0,0,0,0,0,0,0,2.55789,6.3088,2.55789,6.3088,1.81445,1.81445,2.55789,6.3088,2.55789,6.3088,1.81445,1.81445,2.55789,1.81445,1.81445,0.907223,0.907223,0.907223,0.907223,0.907223,1.06814,1.06814,0.907223,0.907223,0.907223,0.907223,0.907223,1.06814,1.06814,40.1792,99.0984,40.1792,99.0984,28.5012,28.5012,40.1792,99.0984,40.1792,99.0984,28.5012,28.5012,40.1792,28.5012,28.5012,14.2506,14.2506,14.2506,14.2506,14.2506,16.7783,16.7783,14.2506,14.2506,14.2506,14.2506,14.2506,16.7783,16.7783,0,0,0,0,0,0,0,0,0,0,0,0,0,0,0,0,0,0,0,0,0,0,0,0,0,0,0,0,0,0,0,0,0,0,0,0,0,0,0,0,0,0,0,0,0,0,0,0,0,0,0,0,0,0,0,0,0,0,0,0,0,0,0,0,0,0,0,0,0,0,0,0,0,0,0,0,0,0,0,0,0,0,0,0,0,0,0,0,0,0,0,0,0,0,0,0,0,0,0,0,0,0,0,0,0,0,0,0,0,0,0,0,0,0,0,0,0,-0.00402109,-0.133446,0.00127442,0,0,0,0,0,0,0,0,0,0,0,0,0,0,0,0,0,0,0,0,0,0,0,0,0,0,0,0,0,-0.312,0,0,0.669,-0.363,0,-0.312,0,0,0.669,-0.363,0,0,0,0,0.2,0.2,0,0.6,0,0,0,0.2,-0.2,0,0.6,0,0,0,0.66,-0.13305,0.00398533,-0.991101,0.6,0,0,1.90708,1.31803,2.11811
2.03497,-0.0633674,9.39826,-0.00469879,0.612576,0.0032554,-0.00411832,-0.121831,0.00129204,2.03497,-0.0633674,9.39826,-0.00469879,0.612576,0.0032554,-0.00411832,-0.121831,0.00129204,-0.312,0,0,0.669,-0.363,0,-0.312,0,0,0.669,-0.363,0,0,0,0,0.2,0.2,0,0.6,0,0,0,0.2,-0.2,0,0.6,0,0,0,0,0,0,0,0,0,0,0,0,0,0,0,0,0,0,0,0,0,0,0,0,0,0,0,0,0,0,0,0,-0.220855,0.000434188,-0.000386429,0.81003,-0.625849,-0.000456672,-0.220547,0.000182463,-0.000543699,0.809607,-0.625728,-2.44712e-06,-0.000340874,0.00391643,0.158497,0.291236,0.133752,-0.0166593,0.685861,0.000133415,0.0158695,-0.00153453,0.291261,-0.131725,0.0172988,0.685812,-0.000131121,0.0158589,0.00159309,-0.0316832,0.000325831,0.000192644,-0.0732356,-0.450727,0.000502436,-0.0308406,-0.000240435,-0.000478477,-0.0746774,-0.451186,0.000902718,6.4354e-06,0.00465314,-0.0572131,0.130396,-0.075199,-0.0306238,0.0675386,-0.00021371,0.0176634,-0.00418633,0.13021,0.0786841,0.0317855,0.067557,0.000214032,0.0175874,0.00431154,-3.59049,-0.0499568,0.0152704,-13.5271,8.28704,0.0122598,-3.6004,-0.0215817,0.0232283,-13.4894,8.27325,-0.00137951,0.0144266,-0.118232,-4.42215,-1.41741,1.01244,0.265133,-1.28403,-0.00171741,-0.284743,0.0301947,-1.41771,-1.044,-0.275271,-1.28301,0.00166559,-0.284576,-0.0313146,0,0,0,0,0,0,0,0,0,0,0,0,0,0,0,0,0,0,0,0,0,0,0,0,0,0,0,0,0,2.55789,6.3088,2.55789,6.3088,1.81445,1.81445,2.55789,6.3088,2.55789,6.3088,1.81445,1.81445,2.55789,1.81445,1.81445,0.907223,0.907223,0.907223,0.907223,0.907223,1.06814,1.06814,0.907223,0.907223,0.907223,0.907223,0.907223,1.06814,1.06814,40.1792,99.0984,40.1792,99.0984,28.5012,28.5012,40.1792,99.0984,40.1792,99.0984,28.5012,28.5012,40.1792,28.5012,28.5012,14.2506,14.2506,14.2506,14.2506,14.2506,16.7783,16.7783,14.2506,14.2506,14.2506,14.2506,14.2506,16.7783,16.7783,0,0,0,0,0,0,0,0,0,0,0,0,0,0,0,0,0,0,0,0,0,0,0,0,0,0,0,0,0,0,0,0,0,0,0,0,0,0,0,0,0,0,0,0,0,0,0,0,0,0,0,0,0,0,0,0,0,0,0,0,0,0,0,0,0,0,0,0,0,0,0,0,0,0,0,0,0,0,0,0,0,0,0,0,0,0,0,0,0,0,0,0,0,0,0,0,0,0,0,0,0,0,0,0,0,0,0,0,0,0,0,0,0,0,0,0,0,-0.00411832,-0.121831,0.00129204,0,0,0,0,0,0,0,0,0,0,0,0,0,0,0,0,0,0,0,0,0,0,0,0,0,0,0,0,0,-0.312,0,0,0.669,-0.363,0,-0.312,0,0,0.669,-0.363,0,0,0,0,0.2,0.2,0,0.6,0,0,0,0.2,-0.2,0,0.6,0,0,0,0.861,-0.121529,0.00408779,-0.992579,0.6,0,0,1.90708,1.31803,2.11811
1.96535,-0.01602,9.34026,-0.00441975,0.683611,0.00327646,-0.00421163,-0.108798,0.00130315,1.96535,-0.01602,9.34026,-0.00441975,0.683611,0.00327646,-0.00421163,-0.108798,0.00130315,-0.312,0,0,0.669,-0.363,0,-0.312,0,0,0.669,-0.363,0,0,0,0,0.2,0.2,0,0.6,0,0,0,0.2,-0.2,0,0.6,0,0,0,0,0,0,0,0,0,0,0,0,0,0,0,0,0,0,0,0,0,0,0,0,0,0,0,0,0,0,0,0,-0.221671,0.000441532,-0.00037894,0.808457,-0.635013,-0.000446024,-0.22135,0.000178232,-0.000550011,0.808006,-0.634887,1.71398e-05,-0.000342308,0.00400735,0.15703,0.293488,0.132504,-0.0171721,0.687079,0.000129723,0.0161949,-0.00160568,0.293509,-0.130413,0.0178331,0.687029,-0.000127281,0.016184,0.00166649,-0.0467022,0.000789419,0.000444824,-0.0853391,-0.468444,0.000536737,-0.0470341,0.000216073,-0.00025076,-0.0854766,-0.465288,0.000960467,-0.00024493,0.00399117,-0.0864173,0.0973257,-0.0518759,-0.021602,0.0545575,-0.000167454,0.0150798,-0.00304124,0.097243,0.0546296,0.0226032,0.0543004,0.000187468,0.0151294,0.0031482,-3.51214,-0.0451294,0.0137636,-13.3237,8.56297,0.0117382,-3.52748,-0.0154324,0.0224077,-13.267,8.5599,-0.0022044,0.0140425,-0.122497,-4.32904,-1.42083,1.0095,0.264421,-1.29065,-0.00170493,-0.287538,0.0302032,-1.42098,-1.04211,-0.274755,-1.28995,0.00166115,-0.287375,-0.0313309,0,0,0,0,0,0,0,0,0,0,0,0,0,0,0,0,0,0,0,0,0,0,0,0,0,0,0,0,0,2.55789,6.3088,2.55789,6.3088,1.81445,1.81445,2.55789,6.3088,2.55789,6.3088,1.81445,1.81445,2.55789,1.81445,1.81445,0.907223,0.907223,0.907223,0.907223,0.907223,1.06814,1.06814,0.907223,0.907223,0.907223,0.907223,0.907223,1.06814,1.06814,40.1792,99.0984,40.1792,99.0984,28.5012,28.5012,40.1792,99.0984,40.1792,99.0984,28.5012,28.5012,40.1792,28.5012,28.5012,14.2506,14.2506,14.2506,14.2506,14.2506,16.7783,16.7783,14.2506,14.2506,14.2506,14.2506,14.2506,16.7783,16.7783,0,0,0,0,0,0,0,0,0,0,0,0,0,0,0,0,0,0,0,0,0,0,0,0,0,0,0,0,0,0,0,0,0,0,0,0,0,0,0,0,0,0,0,0,0,0,0,0,0,0,0,0,0,0,0,0,0,0,0,0,0,0,0,0,0,0,0,0,0,0,0,0,0,0,0,0,0,0,0,0,0,0,0,0,0,0,0,0,0,0,0,0,0,0,0,0,0,0,0,0,0,0,0,0,0,0,0,0,0,0,0,0,0,0,0,0,0,-0.00421163,-0.108798,0.00130315,0,0,0,0,0,0,0,0,0,0,0,0,0,0,0,0,0,0,0,0,0,0,0,0,0,0,0,0,0,-0.312,0,0,0.669,-0.363,0,-0.312,0,0,0.669,-0.363,0,0,0,0,0.2,0.2,0,0.6,0,0,0,0.2,-0.2,0,0.6,0,0,0,0.95,-0.108584,0.00418672,-0.994078,0.6,0,0,1.86733,1.30402,2.10853
1.88172,-0.0447548,9.36233,-0.00443876,0.755177,0.00323185,-0.00430084,-0.0943406,0.00130666,1.88172,-0.0447548,9.36233,-0.00443876,0.755177,0.00323185,-0.00430084,-0.0943406,0.00130666,-0.312,0,0,0.669,-0.363,0,-0.312,0,0,0.669,-0.363,0,0,0,0,0.2,0.2,0,0.6,0,0,0,0.2,-0.2,0,0.6,0,0,0,0,0,0,0,0,0,0,0,0,0,0,0,0,0,0,0,0,0,0,0,0,0,0,0,0,0,0,0,0,-0.222816,0.000447298,-0.000367046,0.806655,-0.644496,-0.000433755,-0.222482,0.000172119,-0.000552813,0.806173,-0.644352,3.80452e-05,-0.000342709,0.00409624,0.155004,0.295022,0.131729,-0.0175026,0.688003,0.000126876,0.0164586,-0.00165371,0.295039,-0.129582,0.018182,0.687953,-0.000124342,0.0164474,0.00171642,-0.0649455,-2.53131e-05,0.000767792,-0.0949452,-0.480558,0.000662868,-0.0636857,-0.000633023,4.14207e-06,-0.0974288,-0.481426,0.00111211,8.12754e-05,0.0047327,-0.113598,0.059163,-0.0280388,-0.01243,0.0387357,-0.00012864,0.0116177,-0.00187913,0.0589352,0.0308528,0.0132904,0.0388345,0.000127625,0.0115967,0.00196333,-3.42618,-0.045233,0.0130908,-13.0696,8.86322,0.0112092,-3.4418,-0.0142557,0.0224365,-13.0099,8.85869,-0.00299336,0.013613,-0.124708,-4.22311,-1.40968,0.999726,0.261145,-1.28984,-0.00169472,-0.288533,0.0298109,-1.40975,-1.03274,-0.271588,-1.28916,0.00165813,-0.28832,-0.0309538,0,0,0,0,0,0,0,0,0,0,0,0,0,0,0,0,0,0,0,0,0,0,0,0,0,0,0,0,0,2.55789,6.3088,2.55789,6.3088,1.81445,1.81445,2.55789,6.3088,2.55789,6.3088,1.81445,1.81445,2.55789,1.81445,1.81445,0.907223,0.907223,0.907223,0.907223,0.907223,1.06814,1.06814,0.907223,0.907223,0.907223,0.907223,0.907223,1.06814,1.06814,40.1792,99.0984,40.1792,99.0984,28.5012,28.5012,40.1792,99.0984,40.1792,99.0984,28.5012,28.5012,40.1792,28.5012,28.5012,14.2506,14.2506,14.2506,14.2506,14.2506,16.7783,16.7783,14.2506,14.2506,14.2506,14.2506,14.2506,16.7783,16.7783,0,0,0,0,0,0,0,0,0,0,0,0,0,0,0,0,0,0,0,0,0,0,0,0,0,0,0,0,0,0,0,0,0,0,0,0,0,0,0,0,0,0,0,0,0,0,0,0,0,0,0,0,0,0,0,0,0,0,0,0,0,0,0,0,0,0,0,0,0,0,0,0,0,0,0,0,0,0,0,0,0,0,0,0,0,0,0,0,0,0,0,0,0,0,0,0,0,0,0,0,0,0,0,0,0,0,0,0,0,0,0,0,0,0,0,0,0,-0.00430084,-0.0943406,0.00130666,0,0,0,0,0,0,0,0,0,0,0,0,0,0,0,0,0,0,0,0,0,0,0,0,0,0,0,0,0,-0.312,0,0,0.669,-0.363,0,-0.312,0,0,0.669,-0.363,0,0,0,0,0.2,0.2,0,0.6,0,0,0,0.2,-0.2,0,0.6,0,0,0,0.71,-0.0942007,0.0042817,-0.995544,0.6,0,0,1.86733,1.30402,2.10853
1.79363,0.00280755,9.33663,-0.00409838,0.827733,0.0032062,-0.00438573,-0.0784409,0.00130197,1.79363,0.00280755,9.33663,-0.00409838,0.827733,0.0032062,-0.00438573,-0.0784409,0.00130197,-0.312,0,0,0.669,-0.363,0,-0.312,0,0,0.669,-0.363,0,0,0,0,0.2,0.2,0,0.6,0,0,0,0.2,-0.2,0,0.6,0,0,0,0,0,0,0,0,0,0,0,0,0,0,0,0,0,0,0,0,0,0,0,0,0,0,0,0,0,0,0,0,-0.22429,0.000451766,-0.000351343,0.804602,-0.654317,-0.000419768,-0.223945,0.0001647,-0.000552052,0.804086,-0.654149,6.12205e-05,-0.000341408,0.0041821,0.152446,0.29575,0.13142,-0.0176545,0.688579,0.000124783,0.0166469,-0.00167888,0.295765,-0.129224,0.0183491,0.688528,-0.000122158,0.0166356,0.00174307,-0.0803039,0.000534871,0.000879255,-0.109817,-0.501609,0.000710084,-0.0805461,-4.18039e-05,0.000153968,-0.110582,-0.497579,0.00117508,-6.03411e-05,0.00385013,-0.139535,0.017439,-0.00541988,-0.00375584,0.0202676,-8.67767e-05,0.00756355,-0.000761044,0.0173259,0.00744042,0.00443797,0.0200047,0.000103578,0.00761701,0.000827082,-3.32543,-0.0406399,0.0115646,-12.7892,9.17269,0.0105986,-3.34555,-0.00861377,0.0214585,-12.7117,9.17539,-0.00394,0.0128816,-0.128461,-4.10415,-1.38376,0.983764,0.255621,-1.28172,-0.00168514,-0.287659,0.0290717,-1.38368,-1.01754,-0.266162,-1.28129,0.00166146,-0.287395,-0.030213,0,0,0,0,0,0,0,0,0,0,0,0,0,0,0,0,0,0,0,0,0,0,0,0,0,0,0,0,0,2.55789,6.3088,2.55789,6.3088,1.81445,1.81445,2.55789,6.3088,2.55789,6.3088,1.81445,1.81445,2.55789,1.81445,1.81445,0.907223,0.907223,0.907223,0.907223,0.907223,1.06814,1.06814,0.907223,0.907223,0.907223,0.907223,0.907223,1.06814,1.06814,40.1792,99.0984,40.1792,99.0984,28.5012,28.5012,40.1792,99.0984,40.1792,99.0984,28.5012,28.5012,40.1792,28.5012,28.5012,14.2506,14.2506,14.2506,14.2506,14.2506,16.7783,16.7783,14.2506,14.2506,14.2506,14.2506,14.2506,16.7783,16.7783,0,0,0,0,0,0,0,0,0,0,0,0,0,0,0,0,0,0,0,0,0,0,0,0,0,0,0,0,0,0,0,0,0,0,0,0,0,0,0,0,0,0,0,0,0,0,0,0,0,0,0,0,0,0,0,0,0,0,0,0,0,0,0,0,0,0,0,0,0,0,0,0,0,0,0,0,0,0,0,0,0,0,0,0,0,0,0,0,0,0,0,0,0,0,0,0,0,0,0,0,0,0,0,0,0,0,0,0,0,0,0,0,0,0,0,0,0,-0.00438573,-0.0784409,0.00130197,0,0,0,0,0,0,0,0,0,0,0,0,0,0,0,0,0,0,0,0,0,0,0,0,0,0,0,0,0,-0.312,0,0,0.669,-0.363,0,-0.312,0,0,0.669,-0.363,0,0,0,0,0.2,0.2,0,0.6,0,0,0,0.2,-0.2,0,0.6,0,0,0,0.685,-0.0783605,0.00437223,-0.996916,0.6,0,0,1.821,1.28759,2.09905
1.69313,-0.0335896,9.34764,-0.00384293,0.901646,0.00317479,-0.00446587,-0.0610754,0.00128863,1.69313,-0.0335896,9.34764,-0.00384293,0.901646,0.00317479,-0.00446587,-0.0610754,0.00128863,0.0602231,0.0419268,-0.331617,0.64256,0.215028,0.0777082,-0.503929,0.151168,-0.0209357,0.572176,-0.0967731,-0.0720657,0.0446681,-0.0387733,0.261281,0.0288569,0.503115,0.032049,0.363833,0.0317976,-0.0255533,-0.0186091,0.130394,-0.700629,-0.101211,0.401819,0.0459465,-0.0375207,-0.00487226,0,0,0,0,0,0,0,0,0,0,0,0,0,0,0,0,0,0,0,0,0,0,0,0,0,0,0,0,0,-0.226106,0.000456269,-0.00033256,0.802291,-0.664489,-0.000404076,-0.225751,0.000157094,-0.000548834,0.801745,-0.664293,8.68995e-05,-0.000337933,0.00426271,0.149378,0.295613,0.131546,-0.0176389,0.688775,0.0001234,0.0167496,-0.0016823,0.295625,-0.129311,0.0183452,0.688722,-0.000120685,0.0167381,0.00174757,-0.097977,0.000657399,0.00087121,-0.122089,-0.518828,0.000805175,-0.098525,4.01736e-05,6.62006e-05,-0.12245,-0.513902,0.00132188,0.000157388,0.00337404,-0.164626,-0.0268776,0.015426,0.00430646,0.000988975,-5.11482e-05,0.00311141,0.000291614,-0.026948,-0.0139206,-0.00381608,0.000650049,6.2277e-05,0.00310335,-0.000245276,-3.21446,-0.0483577,0.0110197,-12.4664,9.50298,0.010113,-3.22824,-0.0149841,0.0216802,-12.4085,9.49249,-0.00478879,0.0132806,-0.127815,-3.97236,-1.3431,0.963682,0.248308,-1.2675,-0.00170434,-0.28481,0.0280348,-1.34318,-0.996983,-0.258834,-1.26647,0.0016543,-0.284634,-0.0291786,0,0,0,0,0,0,0,0,0,0,0,0,0,0,0,0,0,0,0,0,0,0,0,0,0,0,0,0,0,2.55789,6.3088,2.55789,6.3088,1.81445,1.81445,2.55789,6.3088,2.55789,6.3088,1.81445,1.81445,2.55789,1.81445,1.81445,0.907223,0.907223,0.907223,0.907223,0.907223,1.06814,1.06814,0.907223,0.907223,0.907223,0.907223,0.907223,1.06814,1.06814,40.1792,99.0984,40.1792,99.0984,28.5012,28.5012,40.1792,99.0984,40.1792,99.0984,28.5012,28.5012,40.1792,28.5012,28.5012,14.2506,14.2506,14.2506,14.2506,14.2506,16.7783,16.7783,14.2506,14.2506,14.2506,14.2506,14.2506,16.7783,16.7783,0,0,0,0,0,0,0,0,0,0,0,0,0,0,0,0,0,0,0,0,0,0,0,0,0,0,0,0,0,0,0,0,0,0,0,0,0,0,0,0,0,0,0,0,0,0,0,0,0,0,0,0,0,0,0,0,0,0,0,0,0,0,0,0,0,0,0,0,0,0,0,0,0,0,0,0,0,0,0,0,0,0,0,0,0,0,0,0,0,0,0,0,0,0,0,0,0,0,0,0,0,0,0,0,0,0,0,0,0,0,0,0,0,0,0,0,0,-0.00446587,-0.0610754,0.00128863,-0.390223,-0.158708,0.595748,0.691133,-1.14148,-0.0884069,0.0730749,-0.230772,0.0815786,-0.538485,-0.451873,0.679802,-0.350525,0.0725017,0.104763,0.119565,0.431093,-0.342994,-0.503628,-0.605642,-0.0382354,-0.249783,-0.0653988,-0.0754013,-0.276119,1.31796,0.607024,0.177183,-0.164317,0.0602231,0.0419268,-0.331617,0.64256,0.215028,0.0777082,-0.503929,0.151168,-0.0209357,0.572176,-0.0967731,-0.0720657,0.0446681,-0.0387733,0.261281,0.0288569,0.503115,0.032049,0.363833,0.0317976,-0.0255533,-0.0186091,0.130394,-0.700629,-0.101211,0.401819,0.0459465,-0.0375207,-0.00487226,0.697,-0.0610375,0.00445752,-0.998125,0.6,0,0,1.76923,1.26903,2.09008
4.67833,-0.744322,12.9502,0.0344034,0.31734,0.0468811,-0.00380393,-0.0496491,0.00160473,4.67833,-0.744322,12.9502,0.0344034,0.31734,0.0468811,-0.00380393,-0.0496491,0.00160473,0.344926,0.147765,-0.424522,0.706769,0.395495,0.147647,-0.789083,0.187532,-0.0441445,0.614514,-0.115017,-0.0941471,0.0455223,-0.0877921,0.209289,0.0569666,0.372367,0.00331024,0.416721,0.016774,-0.0212641,-0.0199384,0.198338,-0.656765,-0.127714,0.469578,0.0414903,-0.0299641,-0.00151196,0,0,0,0,0,0,0,0,0,0,0,0,0,0,0,0,0,0,0,0,0,0,0,0,0,0,0,0,0,-0.231227,0.00503813,-0.0106684,0.798292,-0.673583,0.000928158,-0.223088,0.00823823,-0.0053393,0.784331,-0.66629,-0.00827145,0.00494677,-0.00399375,0.156629,0.300595,0.139231,-0.0274127,0.675133,0.0070431,0.0211311,-0.00711314,0.302359,-0.14188,0.0276462,0.67577,0.0106605,0.0169709,0.00371626,-0.274264,0.351079,-0.807284,-0.385701,-0.356621,0.0946493,0.304906,0.690033,-0.209985,-1.3788,0.186362,-0.66518,0.394969,-0.608543,0.731184,0.384664,0.698159,-0.728809,-1.137,0.408018,0.17569,-0.371925,0.563695,-1.07436,0.62281,-1.06671,0.611264,-0.0867161,0.153718,12.4183,1.55683,-10.9838,-13.4069,26.0045,2.02261,-11.975,10.208,0.00165067,-13.0523,15.9832,-0.693246,0.651135,0.0620501,1.80112,-4.20565,4.62647,1.47872,-3.4987,-0.0143632,-0.998878,0.190513,-2.92202,-7.08603,-2.3916,-3.01962,-0.0518615,-0.85258,-0.300685,0,0,0,0,0,0,0,0,0,0,0,0,0,0,0,0,0,0,0,0,0,0,0,0,0,0,0,0,0,2.55789,6.3088,2.55789,6.3088,1.81445,1.81445,2.55789,6.3088,2.55789,6.3088,1.81445,1.81445,2.55789,1.81445,1.81445,0.907223,0.907223,0.907223,0.907223,0.907223,1.06814,1.06814,0.907223,0.907223,0.907223,0.907223,0.907223,1.06814,1.06814,40.1792,99.0984,40.1792,99.0984,28.5012,28.5012,40.1792,99.0984,40.1792,99.0984,28.5012,28.5012,40.1792,28.5012,28.5012,14.2506,14.2506,14.2506,14.2506,14.2506,16.7783,16.7783,14.2506,14.2506,14.2506,14.2506,14.2506,16.7783,16.7783,0,0,0,0,0,0,0,0,0,0,0,0,0,0,0,0,0,0,0,0,0,0,0,0,0,0,0,0,0,0,0,0,0,0,0,0,0,0,0,0,0,0,0,0,0,0,0,0,0,0,0,0,0,0,0,0,0,0,0,0,0,0,0,0,0,0,0,0,0,0,0,0,0,0,0,0,0,0,0,0,0,0,0,0,0,0,0,0,0,0,0,0,0,0,0,0,0,0,0,0,0,0,0,0,0,0,0,0,0,0,0,0,0,0,0,0,0,-0.00380393,-0.0496491,0.00160473,-0.32613,-0.00378874,0.4772,0.393014,-1.04147,-0.200175,0.00754768,-0.291201,0.0831386,-0.417894,-0.297376,1.19976,-0.871311,0.0382464,0.0946021,0.421391,0.534796,-0.285421,-0.402198,-0.775317,-0.0806225,-0.267626,-0.0202945,0.107707,-0.155382,1.72944,0.565426,0.33665,-0.214665,0.344926,0.147765,-0.424522,0.706769,0.395495,0.147647,-0.789083,0.187532,-0.0441445,0.614514,-0.115017,-0.0941471,0.0455223,-0.0877921,0.209289,0.0569666,0.372367,0.00331024,0.416721,0.016774,-0.0212641,-0.0199384,0.198338,-0.656765,-0.127714,0.469578,0.0414903,-0.0299641,-0.00151196,0.712,-0.0496287,0.00379923,-0.998761,0.6,0,0,1.76923,1.26903,2.09008
0.442979,-0.232042,11.5629,0.0540008,0.296187,0.054045,-0.00283289,-0.0431401,0.00305278,0.442979,-0.232042,11.5629,0.0540008,0.296187,0.054045,-0.00283289,-0.0431401,0.00305278,0.599903,0.237542,-0.524228,0.731514,0.5236,0.213694,-1.06078,0.216119,-0.0730368,0.656864,-0.245303,-0.127423,0.0413764,-0.156903,0.173201,0.0488895,0.281374,-0.0301391,0.424312,0.00896794,-0.0192358,-0.024213,0.314209,-0.557304,-0.0953678,0.532019,0.0361522,-0.0189617,-0.000473444,0,0,0,0,0,0,0,0,0,0,0,0,0,0,0,0,0,0,0,0,0,0,0,0,0,0,0,0,0,-0.23392,0.0182467,-0.0313955,0.787928,-0.680863,0.00411602,-0.220478,0.0341755,-0.00115848,0.761229,-0.648323,-0.0320653,0.0088827,-0.0225813,0.171626,0.303589,0.156258,-0.0384252,0.650584,0.0109475,0.0203425,-0.0136495,0.311878,-0.171255,0.0301192,0.653319,0.0204354,0.011725,0.00767782,0.0381653,0.622441,-1.33768,-0.583404,-0.33926,0.172176,-0.0145201,1.40854,0.33751,-0.759404,1.27547,-1.16297,0.0607873,-0.986581,0.605241,-0.0665706,0.809685,-0.310289,-1.08933,0.105283,-0.108388,-0.229269,0.278629,-1.56016,-0.199713,-0.933258,0.361109,-0.260386,0.13175,23.2419,8.93542,-12.7139,-4.65911,31.2771,3.78395,-22.8642,6.69076,-2.56036,-9.60618,13.0851,0.302391,1.28604,-0.148909,-0.00616216,-3.48675,2.37797,0.896037,-2.37427,-0.0135173,-0.592085,0.144456,-1.8911,-5.58988,-2.11062,-1.78081,-0.0285112,-0.425438,-0.303578,0,0,0,0,0,0,0,0,0,0,0,0,0,0,0,0,0,0,0,0,0,0,0,0,0,0,0,0,0,2.55789,6.3088,2.55789,6.3088,1.81445,1.81445,2.55789,6.3088,2.55789,6.3088,1.81445,1.81445,2.55789,1.81445,1.81445,0.907223,0.907223,0.907223,0.907223,0.907223,1.06814,1.06814,0.907223,0.907223,0.907223,0.907223,0.907223,1.06814,1.06814,40.1792,99.0984,40.1792,99.0984,28.5012,28.5012,40.1792,99.0984,40.1792,99.0984,28.5012,28.5012,40.1792,28.5012,28.5012,14.2506,14.2506,14.2506,14.2506,14.2506,16.7783,16.7783,14.2506,14.2506,14.2506,14.2506,14.2506,16.7783,16.7783,0,0,0,0,0,0,0,0,0,0,0,0,0,0,0,0,0,0,0,0,0,0,0,0,0,0,0,0,0,0,0,0,0,0,0,0,0,0,0,0,0,0,0,0,0,0,0,0,0,0,0,0,0,0,0,0,0,0,0,0,0,0,0,0,0,0,0,0,0,0,0,0,0,0,0,0,0,0,0,0,0,0,0,0,0,0,0,0,0,0,0,0,0,0,0,0,0,0,0,0,0,0,0,0,0,0,0,0,0,0,0,0,0,0,0,0,0,-0.00283289,-0.0431401,0.00305278,-0.344547,0.260407,0.394915,0.18554,-0.814689,-0.357754,-0.0687201,-0.217448,0.0755669,-0.400585,-0.155004,1.66544,-1.36751,0.0204478,0.0824307,0.677411,0.616318,-0.258196,-0.254516,-0.957414,-0.133389,-0.325003,-0.00635488,0.178275,-0.0346086,2.10298,0.268362,0.487243,-0.290537,0.599903,0.237542,-0.524228,0.731514,0.5236,0.213694,-1.06078,0.216119,-0.0730368,0.656864,-0.245303,-0.127423,0.0413764,-0.156903,0.173201,0.0488895,0.281374,-0.0301391,0.424312,0.00896794,-0.0192358,-0.024213,0.314209,-0.557304,-0.0953678,0.532019,0.0361522,-0.0189617,-0.000473444,0.713,-0.0437188,0.00293345,-0.99904,0.6,0,0,1.71667,1.25032,1.98083
-0.0455243,-0.753611,11.1458,0.0634799,0.37866,-0.0116667,-0.00173615,-0.0369508,0.00361176,-0.0455243,-0.753611,11.1458,0.0634799,0.37866,-0.0116667,-0.00173615,-0.0369508,0.00361176,0.715539,0.293675,-0.575813,0.663229,0.5236,0.2618,-1.25179,0.243732,-0.0780914,0.682651,-0.531608,-0.152996,0.0139919,-0.230722,0.127989,0.000455131,0.220113,-0.0353412,0.428282,-0.00500417,-0.0122816,-0.0264423,0.39497,-0.433085,-0.0751085,0.563847,0.0226284,-0.0106008,-0.00335938,0,0,0,0,0,0,0,0,0,0,0,0,0,0,0,0,0,0,0,0,0,0,0,0,0,0,0,0,0,-0.22972,0.0319505,-0.0591342,0.775244,-0.687803,0.00417388,-0.227055,0.0627334,0.00361235,0.759004,-0.616877,-0.0567137,0.00444251,-0.0427346,0.180403,0.298297,0.170697,-0.0419933,0.632067,0.0110292,0.0181271,-0.0170232,0.314527,-0.201696,0.0230899,0.63961,0.0248408,0.00708617,0.00863045,0.377022,0.843705,-1.66802,-0.752462,-0.384195,-0.00215048,-0.567452,1.63304,0.0695278,0.292443,2.08237,-1.3388,-0.410163,-1.20374,0.380355,-0.448076,0.785102,-0.112053,-0.980828,-0.0247178,-0.129717,-0.154343,0.0394258,-1.77443,-0.494008,-0.608333,0.192028,-0.227522,0.0123546,32.481,15.2747,-14.6327,0.222746,35.2233,5.99829,-32.1632,5.1778,-3.41093,-11.4679,7.05427,0.409912,2.45301,-1.15921,-0.916266,-3.18737,0.885243,0.286086,-2.0899,-0.00796637,-0.493863,0.0478239,-0.063151,-3.52509,-1.26934,-0.9648,-0.0144618,-0.18916,-0.171912,0,0,0,0,0,0,0,0,0,0,0,0,0,0,0,0,0,0,0,0,0,0,0,0,0,0,0,0,0,2.55789,6.3088,2.55789,6.3088,1.81445,1.81445,2.55789,6.3088,2.55789,6.3088,1.81445,1.81445,2.55789,1.81445,1.81445,0.907223,0.907223,0.907223,0.907223,0.907223,1.06814,1.06814,0.907223,0.907223,0.907223,0.907223,0.907223,1.06814,1.06814,40.1792,99.0984,40.1792,99.0984,28.5012,28.5012,40.1792,99.0984,40.1792,99.0984,28.5012,28.5012,40.1792,28.5012,28.5012,14.2506,14.2506,14.2506,14.2506,14.2506,16.7783,16.7783,14.2506,14.2506,14.2506,14.2506,14.2506,16.7783,16.7783,0,0,0,0,0,0,0,0,0,0,0,0,0,0,0,0,0,0,0,0,0,0,0,0,0,0,0,0,0,0,0,0,0,0,0,0,0,0,0,0,0,0,0,0,0,0,0,0,0,0,0,0,0,0,0,0,0,0,0,0,0,0,0,0,0,0,0,0,0,0,0,0,0,0,0,0,0,0,0,0,0,0,0,0,0,0,0,0,0,0,0,0,0,0,0,0,0,0,0,0,0,0,0,0,0,0,0,0,0,0,0,0,0,0,0,0,0,-0.00173615,-0.0369508,0.00361176,-0.454982,0.444552,0.291828,0.0458595,-0.531456,-0.52607,-0.0805815,-0.171255,0.0255538,-0.391535,-0.0824317,1.87662,-1.71636,-0.01141,0.0515951,0.837489,0.695063,-0.164852,-0.142291,-1.05162,-0.142621,-0.354927,-0.0450918,-0.0164566,0.0389288,2.10855,-0.384442,0.662451,-0.348846,0.715539,0.293675,-0.575813,0.663229,0.5236,0.2618,-1.25179,0.243732,-0.0780914,0.682651,-0.531608,-0.152996,0.0139919,-0.230722,0.127989,0.000455131,0.220113,-0.0353412,0.428282,-0.00500417,-0.0122816,-0.0264423,0.39497,-0.433085,-0.0751085,0.563847,0.0226284,-0.0106008,-0.00335938,0.67,-0.0369424,0.00173497,-0.999316,0.6,0,0,1.71667,1.25032,1.98083
-0.814575,-3.26995,10.3493,-0.0443345,0.464863,-0.101866,-0.00139954,-0.0288503,0.0027598,-0.814575,-3.26995,10.3493,-0.0443345,0.464863,-0.101866,-0.00139954,-0.0288503,0.0027598,0.769412,0.324105,-0.569136,0.633798,0.5236,0.2618,-1.2934,0.21831,-0.0556857,0.639984,-0.699791,-0.179953,-0.0372249,-0.226361,0.130424,-0.00739727,0.173772,-0.0418283,0.424174,-0.01712,-0.00862015,-0.02761,0.424374,-0.404684,-0.0871432,0.594953,0.00985147,-0.00298448,-0.00077477,0,0,0,0,0,0,0,0,0,0,0,0,0,0,0,0,0,0,0,0,0,0,0,0,0,0,0,0,0,-0.217079,0.0528688,-0.0799047,0.753334,-0.693885,0.00749756,-0.247399,0.096558,0.00440807,0.766117,-0.585731,-0.0832047,-0.0112401,-0.063987,0.187418,0.284875,0.186127,-0.0406449,0.614773,0.00750855,0.0168963,-0.0197885,0.315357,-0.233749,0.00826284,0.630256,0.0248334,0.00375361,0.00705547,0.719174,1.16635,-0.407762,-1.17882,-0.0839484,0.36602,-1.35287,1.61636,-0.127996,0.155816,1.37177,-1.21454,-0.871319,-0.875834,0.25746,-0.838163,0.77951,0.205344,-0.799815,-0.198971,-0.0405234,-0.10386,0.00109128,-1.44257,-0.835653,-0.351134,-0.0440581,-0.122765,-0.121471,35.742,16.6581,-18.7892,-1.76125,34.9326,6.65721,-37.1558,4.53566,-3.12615,-9.48869,-0.950053,0.219981,3.20524,-3.13766,-2.21448,-3.34674,-0.197637,-0.0834656,-1.9479,0.00123139,-0.44835,0.00533641,1.11967,-1.54736,-0.45448,-0.6209,0.00857303,-0.103535,-0.0523539,0,0,0,0,0,0,0,0,0,0,0,0,0,0,0,0,0,0,0,0,0,0,0,0,0,0,0,0,0,2.55789,6.3088,2.55789,6.3088,1.81445,1.81445,2.55789,6.3088,2.55789,6.3088,1.81445,1.81445,2.55789,1.81445,1.81445,0.907223,0.907223,0.907223,0.907223,0.907223,1.06814,1.06814,0.907223,0.907223,0.907223,0.907223,0.907223,1.06814,1.06814,40.1792,99.0984,40.1792,99.0984,28.5012,28.5012,40.1792,99.0984,40.1792,99.0984,28.5012,28.5012,40.1792,28.5012,28.5012,14.2506,14.2506,14.2506,14.2506,14.2506,16.7783,16.7783,14.2506,14.2506,14.2506,14.2506,14.2506,16.7783,16.7783,0,0,0,0,0,0,0,0,0,0,0,0,0,0,0,0,0,0,0,0,0,0,0,0,0,0,0,0,0,0,0,0,0,0,0,0,0,0,0,0,0,0,0,0,0,0,0,0,0,0,0,0,0,0,0,0,0,0,0,0,0,0,0,0,0,0,0,0,0,0,0,0,0,0,0,0,0,0,0,0,0,0,0,0,0,0,0,0,0,0,0,0,0,0,0,0,0,0,0,0,0,0,0,0,0,0,0,0,0,0,0,0,0,0,0,0,0,-0.00139954,-0.0288503,0.0027598,-0.472886,0.511594,0.297379,-0.0598033,-0.466701,-0.516125,-0.0953726,-0.198695,-0.067985,-0.4009,-0.0115081,1.97501,-1.79236,-0.0390353,0.0224623,0.924268,0.622566,-0.115705,-0.0400597,-1.03943,-0.1017,-0.3706,-0.0103995,-0.100386,-0.0827475,2.22158,-0.767916,0.696377,-0.410311,0.769412,0.324105,-0.569136,0.633798,0.5236,0.2618,-1.2934,0.21831,-0.0556857,0.639984,-0.699791,-0.179953,-0.0372249,-0.226361,0.130424,-0.00739727,0.173772,-0.0418283,0.424174,-0.01712,-0.00862015,-0.02761,0.424374,-0.404684,-0.0871432,0.594953,0.00985147,-0.00298448,-0.00077477,1.162,-0.0288463,0.00139895,-0.999583,0.6,0,0,1.69913,1.24673,1.90222
-0.52529,-1.9534,9.15613,-0.109931,0.561259,-0.165889,-0.00296998,-0.0185824,0.000569544,-0.52529,-1.9534,9.15613,-0.109931,0.561259,-0.165889,-0.00296998,-0.0185824,0.000569544,0.666011,0.324057,-0.513346,0.599369,0.5236,0.260864,-1.12178,0.184165,-0.0387355,0.607443,-0.655338,-0.20316,-0.0928735,-0.210655,0.169441,-0.00649537,0.152414,-0.0320616,0.408898,-0.0226995,-0.00436022,-0.0291121,0.426433,-0.379475,-0.0809412,0.61053,0.00122426,-0.00286243,0.00133793,0,0,0,0,0,0,0,0,0,0,0,0,0,0,0,0,0,0,0,0,0,0,0,0,0,0,0,0,0,-0.194156,0.0720254,-0.0921848,0.721235,-0.695114,0.011114,-0.279995,0.126353,-0.00107543,0.76111,-0.598265,-0.109441,-0.0351529,-0.0773223,0.189603,0.264058,0.200258,-0.0344142,0.599884,0.00150589,0.0170773,-0.0213451,0.315977,-0.258933,-0.0112278,0.626199,0.0212106,0.00219904,0.00525715,1.38418,0.793047,-0.77298,-1.81033,0.0236728,0.00354146,-1.90179,1.38733,-0.415527,-0.51403,-1.23094,-1.20235,-1.36903,-0.520462,-0.00244447,-1.14671,0.640875,0.390771,-0.745725,-0.299447,0.00827202,-0.0474116,0.0149663,-1.14658,-0.974384,-0.0900505,-0.19543,-0.0338438,-0.0860179,35.4013,19.7588,-17.4918,2.20569,34.7222,7.09189,-36.1689,0.517929,-1.2468,-9.08807,-0.723265,0.177866,3.2623,-3.28898,-1.74055,-2.87344,-0.953419,-0.436527,-1.85601,0.00533457,-0.446465,-0.0483625,1.52051,-1.05502,-0.20873,-0.352978,0.0154667,-0.0410598,-0.0119279,0,0,0,0,0,0,0,0,0,0,0,0,0,0,0,0,0,0,0,0,0,0,0,0,0,0,0,0,0,2.55789,6.3088,2.55789,6.3088,1.81445,1.81445,2.55789,6.3088,2.55789,6.3088,1.81445,1.81445,2.55789,1.81445,1.81445,0.907223,0.907223,0.907223,0.907223,0.907223,1.06814,1.06814,0.907223,0.907223,0.907223,0.907223,0.907223,1.06814,1.06814,40.1792,99.0984,40.1792,99.0984,28.5012,28.5012,40.1792,99.0984,40.1792,99.0984,28.5012,28.5012,40.1792,28.5012,28.5012,14.2506,14.2506,14.2506,14.2506,14.2506,16.7783,16.7783,14.2506,14.2506,14.2506,14.2506,14.2506,16.7783,16.7783,0,0,0,0,0,0,0,0,0,0,0,0,0,0,0,0,0,0,0,0,0,0,0,0,0,0,0,0,0,0,0,0,0,0,0,0,0,0,0,0,0,0,0,0,0,0,0,0,0,0,0,0,0,0,0,0,0,0,0,0,0,0,0,0,0,0,0,0,0,0,0,0,0,0,0,0,0,0,0,0,0,0,0,0,0,0,0,0,0,0,0,0,0,0,0,0,0,0,0,0,0,0,0,0,0,0,0,0,0,0,0,0,0,0,0,0,0,-0.00296998,-0.0185824,0.000569544,-0.47083,0.51629,0.386342,-0.108502,-0.409221,-0.480314,-0.0731037,-0.184554,-0.169618,-0.435731,0.0240085,1.78617,-1.47892,-0.0517571,0.00279143,0.924132,0.525194,-0.0585258,-0.0384214,-0.937539,-0.0707438,-0.390762,0.0179585,-0.198569,-0.175546,2.22,-0.66656,0.594797,-0.463225,0.666011,0.324057,-0.513346,0.599369,0.5236,0.260864,-1.12178,0.184165,-0.0387355,0.607443,-0.655338,-0.20316,-0.0928735,-0.210655,0.169441,-0.00649537,0.152414,-0.0320616,0.408898,-0.0226995,-0.00436022,-0.0291121,0.426433,-0.379475,-0.0809412,0.61053,0.00122426,-0.00286243,0.00133793,0.655,-0.0185814,0.00296946,-0.999823,0.6,0,0,1.68216,1.24423,1.84253
0.287375,-2.24341,8.2691,-0.181653,0.559382,-0.226912,-0.00589268,-0.00727165,-0.00317814,0.287375,-2.24341,8.2691,-0.181653,0.559382,-0.226912,-0.00589268,-0.00727165,-0.00317814,0.384723,0.277847,-0.410591,0.566574,0.430874,0.171416,-0.853922,0.159504,-0.0270596,0.505289,-0.527369,-0.242287,-0.163528,-0.21377,0.139149,0.0480002,0.177956,-0.000513409,0.39846,-0.0291572,0.00498993,-0.0200046,0.395352,-0.343246,-0.0822937,0.581061,-0.00455248,-0.00381277,0.00544721,0,0,0,0,0,0,0,0,0,0,0,0,0,0,0,0,0,0,0,0,0,0,0,0,0,0,0,0,0,-0.159812,0.0838873,-0.106745,0.681682,-0.6918,0.0133532,-0.319418,0.149479,-0.013272,0.740928,-0.610994,-0.13462,-0.0659179,-0.0830954,0.18639,0.239019,0.210912,-0.0245806,0.583726,-0.00471016,0.0183671,-0.0224392,0.316937,-0.27902,-0.0294044,0.627482,0.0160023,0.00153007,0.00383301,1.89416,0.426362,-0.703085,-2.00745,0.291644,0.202916,-2.06782,0.997274,-0.711515,-1.23975,-0.413655,-1.14091,-1.59019,-0.108189,-0.2548,-1.29674,0.462117,0.54033,-0.8694,-0.287551,0.0516989,-0.0373117,0.0710074,-0.898613,-0.807009,0.144877,-0.251918,-0.00596665,-0.0614032,28.5495,20.9392,-14.639,4.16556,34.1844,6.69998,-27.1962,-2.81085,0.706056,-5.7529,-0.509838,0.1234,2.87383,-3.38656,-0.0711982,-2.36192,-1.2506,-0.577749,-1.73986,0.00391168,-0.4464,-0.06729,1.49826,-0.62341,0.000866927,-0.361677,0.0177373,-0.0592971,0.0244243,0,0,0,0,0,0,0,0,0,0,0,0,0,0,0,0,0,0,0,0,0,0,0,0,0,0,0,0,0,2.55789,6.3088,2.55789,6.3088,1.81445,1.81445,2.55789,6.3088,2.55789,6.3088,1.81445,1.81445,2.55789,1.81445,1.81445,0.907223,0.907223,0.907223,0.907223,0.907223,1.06814,1.06814,0.907223,0.907223,0.907223,0.907223,0.907223,1.06814,1.06814,40.1792,99.0984,40.1792,99.0984,28.5012,28.5012,40.1792,99.0984,40.1792,99.0984,28.5012,28.5012,40.1792,28.5012,28.5012,14.2506,14.2506,14.2506,14.2506,14.2506,16.7783,16.7783,14.2506,14.2506,14.2506,14.2506,14.2506,16.7783,16.7783,0,0,0,0,0,0,0,0,0,0,0,0,0,0,0,0,0,0,0,0,0,0,0,0,0,0,0,0,0,0,0,0,0,0,0,0,0,0,0,0,0,0,0,0,0,0,0,0,0,0,0,0,0,0,0,0,0,0,0,0,0,0,0,0,0,0,0,0,0,0,0,0,0,0,0,0,0,0,0,0,0,0,0,0,0,0,0,0,0,0,0,0,0,0,0,0,0,0,0,0,0,0,0,0,0,0,0,0,0,0,0,0,0,0,0,0,0,-0.00589268,-0.00727165,-0.00317814,-0.346575,0.445422,0.317274,-0.0502622,-0.326616,-0.487416,-0.00117062,-0.187638,-0.298656,-0.459532,-0.0431819,1.27245,-0.989728,-0.0664814,-0.0103801,0.792351,0.454867,0.0669782,-0.0511775,-0.749875,-0.0494198,-0.268516,0.0731161,-0.292092,-0.466863,1.81011,-0.374778,0.390845,-0.552438,0.384723,0.277847,-0.410591,0.566574,0.430874,0.171416,-0.853922,0.159504,-0.0270596,0.505289,-0.527369,-0.242287,-0.163528,-0.21377,0.139149,0.0480002,0.177956,-0.000513409,0.39846,-0.0291572,0.00498993,-0.0200046,0.395352,-0.343246,-0.0822937,0.581061,-0.00455248,-0.00381277,0.00544721,1.085,-0.00727159,0.00589249,-0.999956,0.6,0,0,1.68216,1.24423,1.84253
2.77904,0.132913,7.55473,-0.177203,0.515534,-0.216185,-0.00958778,0.00356726,-0.00749667,2.77904,0.132913,7.55473,-0.177203,0.515534,-0.216185,-0.00958778,0.00356726,-0.00749667,0.0815412,0.180979,-0.266189,0.663272,0.409847,0.0426436,-0.414643,0.134652,0.00488898,0.359762,-0.345781,-0.257103,-0.209656,-0.218521,0.150704,0.149985,0.209692,0.0100067,0.398383,-0.0188902,0.00634942,-0.0123424,0.314429,-0.362689,-0.0681326,0.564835,-0.00923529,-0.00549668,0.00932515,0,0,0,0,0,0,0,0,0,0,0,0,0,0,0,0,0,0,0,0,0,0,0,0,0,0,0,0,0,-0.120088,0.0889955,-0.125686,0.643251,-0.684228,0.0154459,-0.356709,0.16592,-0.0302982,0.70037,-0.579815,-0.162183,-0.0965829,-0.0829862,0.179819,0.213349,0.218025,-0.0124035,0.562733,-0.0109786,0.0205777,-0.0216486,0.321623,-0.293606,-0.0457763,0.627074,0.0104219,0.00240045,0.00351335,2.07125,0.0523274,-1.35107,-1.84868,0.378464,0.447829,-1.80593,0.749553,-0.857815,-1.26189,4.71197,-1.2126,-1.44416,0.0517861,-0.368878,-1.24552,0.276695,0.638144,-1.14509,-0.292977,0.0745525,0.0733312,0.351549,-0.624086,-0.766809,-0.124558,-0.256777,0.0381018,-0.00818106,15.2719,17.9137,-8.74597,3.71015,31.0816,4.38501,-15.4441,-5.1042,2.23634,-7.66233,-4.4596,-0.0196259,1.02149,-3.89557,-0.523489,-1.25125,-0.839411,-0.3958,-1.32694,0.00674974,-0.357379,-0.0457895,0.769302,-0.153387,0.171795,-0.559224,0.0204173,-0.148187,0.0406427,0,0,0,0,0,0,0,0,0,0,0,0,0,0,0,0,0,0,0,0,0,0,0,0,0,0,0,0,0,2.55789,6.3088,2.55789,6.3088,1.81445,1.81445,2.55789,6.3088,2.55789,6.3088,1.81445,1.81445,2.55789,1.81445,1.81445,0.907223,0.907223,0.907223,0.907223,0.907223,1.06814,1.06814,0.907223,0.907223,0.907223,0.907223,0.907223,1.06814,1.06814,40.1792,99.0984,40.1792,99.0984,28.5012,28.5012,40.1792,99.0984,40.1792,99.0984,28.5012,28.5012,40.1792,28.5012,28.5012,14.2506,14.2506,14.2506,14.2506,14.2506,16.7783,16.7783,14.2506,14.2506,14.2506,14.2506,14.2506,16.7783,16.7783,0,0,0,0,0,0,0,0,0,0,0,0,0,0,0,0,0,0,0,0,0,0,0,0,0,0,0,0,0,0,0,0,0,0,0,0,0,0,0,0,0,0,0,0,0,0,0,0,0,0,0,0,0,0,0,0,0,0,0,0,0,0,0,0,0,0,0,0,0,0,0,0,0,0,0,0,0,0,0,0,0,0,0,0,0,0,0,0,0,0,0,0,0,0,0,0,0,0,0,0,0,0,0,0,0,0,0,0,0,0,0,0,0,0,0,0,0,-0.00958778,0.00356726,-0.00749667,-0.114039,0.260909,0.343619,0.022099,-0.370947,-0.498249,0.0228164,-0.155349,-0.382901,-0.459707,-0.0801806,0.718736,-0.18746,-0.0430716,-0.0210574,0.516108,0.383996,0.0852261,-0.0737801,-0.486148,0.00892888,-0.165668,0.125168,-0.0163359,-0.881871,1.76217,0.0392615,0.0972318,-0.586221,0.0815412,0.180979,-0.266189,0.663272,0.409847,0.0426436,-0.414643,0.134652,0.00488898,0.359762,-0.345781,-0.257103,-0.209656,-0.218521,0.150704,0.149985,0.209692,0.0100067,0.398383,-0.0188902,0.00634942,-0.0123424,0.314429,-0.362689,-0.0681326,0.564835,-0.00923529,-0.00549668,0.00932515,0.897,0.00356725,0.00958758,-0.999948,0.6,0,0,1.65858,1.23407,1.807
8.19108,-0.531786,10.6175,-0.0599721,0.0757257,0.0592678,-0.0116548,0.01032,-0.00962184,8.19108,-0.531786,10.6175,-0.0599721,0.0757257,0.0592678,-0.0116548,0.01032,-0.00962184,-0.431281,-0.128985,-0.0759029,1.04557,0.12741,-0.0827096,0.317183,0.0406967,0.235253,0.148602,-0.202526,-0.256765,-0.242962,-0.0784574,0.166649,0.479854,0.375105,0.0290247,0.483006,-0.0162908,0.0219479,-0.000469064,0.0812175,-0.319525,-0.0373575,0.460526,0.0104702,-0.0224428,0.00275727,0,0,0,0,0,0,0,0,0,0,0,0,0,0,0,0,0,0,0,0,0,0,0,0,0,0,0,0,0,-0.0861362,0.0934816,-0.160049,0.627562,-0.673353,0.0166794,-0.361346,0.181076,-0.0466169,0.681862,-0.477465,-0.175353,-0.108632,-0.0892618,0.171058,0.190175,0.22055,-0.00250559,0.541438,-0.0135813,0.0213955,-0.0189826,0.331937,-0.305881,-0.0575082,0.627436,0.00513996,0.00312418,0.00372892,1.27699,0.359433,-1.67089,-0.0939194,0.7382,-0.101574,1.01982,0.77561,-0.50154,-1.01522,1.71394,-0.22172,-0.113741,-0.477878,-0.170705,-1.03771,0.0231569,0.340522,-0.946939,-0.0761833,0.0284617,0.126316,0.765907,-0.558871,-0.472662,0.169463,-0.243608,0.0525703,0.0204824,3.33558,6.55919,0.0125742,4.66998,29.6647,0.931857,-4.10867,-9.45912,3.45593,-26.4936,-0.293973,-2.07173,-3.65233,-2.85052,-0.0840067,0.371863,-0.193906,-0.150131,-1.18343,-0.00559251,-0.283251,-0.0267556,-0.861393,-0.301009,0.282582,-1.01331,0.0158761,-0.192567,0.0736978,0,0,0,0,0,0,0,0,0,0,0,0,0,0,0,0,0,0,0,0,0,0,0,0,0,0,0,0,0,2.55789,6.3088,2.55789,6.3088,1.81445,1.81445,2.55789,6.3088,2.55789,6.3088,1.81445,1.81445,2.55789,1.81445,1.81445,0.907223,0.907223,0.907223,0.907223,0.907223,1.06814,1.06814,0.907223,0.907223,0.907223,0.907223,0.907223,1.06814,1.06814,40.1792,99.0984,40.1792,99.0984,28.5012,28.5012,40.1792,99.0984,40.1792,99.0984,28.5012,28.5012,40.1792,28.5012,28.5012,14.2506,14.2506,14.2506,14.2506,14.2506,16.7783,16.7783,14.2506,14.2506,14.2506,14.2506,14.2506,16.7783,16.7783,0,0,0,0,0,0,0,0,0,0,0,0,0,0,0,0,0,0,0,0,0,0,0,0,0,0,0,0,0,0,0,0,0,0,0,0,0,0,0,0,0,0,0,0,0,0,0,0,0,0,0,0,0,0,0,0,0,0,0,0,0,0,0,0,0,0,0,0,0,0,0,0,0,0,0,0,0,0,0,0,0,0,0,0,0,0,0,0,0,0,0,0,0,0,0,0,0,0,0,0,0,0,0,0,0,0,0,0,0,0,0,0,0,0,0,0,0,-0.0116548,0.01032,-0.00962184,0.638096,-0.270836,0.379976,0.399256,-0.272529,-0.178891,0.0661792,-0.0851788,-0.443728,-0.266758,-0.318015,-0.217847,1.1491,-0.0371447,0.0238731,-0.367834,0.116057,0.294599,-0.301242,-0.138624,0.429649,-0.00629609,0.0370099,1.07388,-1.48405,1.11818,0.365897,-0.188586,-0.58545,-0.431281,-0.128985,-0.0759029,1.04557,0.12741,-0.0827096,0.317183,0.0406967,0.235253,0.148602,-0.202526,-0.256765,-0.242962,-0.0784574,0.166649,0.479854,0.375105,0.0290247,0.483006,-0.0162908,0.0219479,-0.000469064,0.0812175,-0.319525,-0.0373575,0.460526,0.0104702,-0.0224428,0.00275727,0.72,0.0103198,0.0116539,-0.999879,0.6,0,0,1.65858,1.23407,1.807
3.2775,4.01325,17.2632,-0.0473996,0.0307784,0.21024,-0.012684,0.0118078,-0.00695474,3.2775,4.01325,17.2632,-0.0473996,0.0307784,0.21024,-0.012684,0.0118078,-0.00695474,-1.26142,-0.388676,0.0374838,1.2272,-0.849762,-0.0156418,1.11655,-0.213983,0.633544,0.362646,0.140513,-0.198959,-0.247881,0.120247,0.170227,0.668924,0.520374,0.0805081,0.625061,0.0123635,0.0303012,-0.00437521,2.18006e-05,-0.23983,0.062726,0.404933,0.0454474,-0.0319969,-0.015227,0,0,0,0,0,0,0,0,0,0,0,0,0,0,0,0,0,0,0,0,0,0,0,0,0,0,0,0,0,-0.0944627,0.0889939,-0.194768,0.689154,-0.639492,0.00749461,-0.304489,0.189242,-0.0411463,0.622107,-0.494427,-0.149894,-0.0906476,-0.0944509,0.163854,0.174977,0.223436,-0.00244708,0.522621,-0.0146297,0.020424,-0.0146969,0.343163,-0.313692,-0.0632414,0.632151,0.00537326,0.0059407,0.0021459,-1.30695,-0.544884,-1.12188,4.78556,2.70021,-0.577306,3.71947,0.18544,0.787468,-3.945,-1.74728,1.72914,1.07406,0.00428814,-0.446036,-0.507519,0.226584,-0.192062,-0.836461,-0.0345287,-0.0977172,0.191128,0.403711,-0.219072,-0.177656,0.282662,0.0721257,0.166871,-0.0955673,-10.5194,-17.8312,8.08923,7.12226,17.4673,-1.54207,15.5161,-16.1882,8.54126,-22.0152,12.283,-6.28351,-9.13133,0.32711,0.947828,4.84288,1.92136,0.60771,0.264804,0.0115436,0.101306,0.0291514,-4.11568,0.113812,0.540852,-2.66437,0.00768161,-0.65041,0.114453,0,0,0,0,0,0,0,0,0,0,0,0,0,0,0,0,0,0,0,0,0,0,0,0,0,0,0,0,0,2.55789,6.3088,2.55789,6.3088,1.81445,1.81445,2.55789,6.3088,2.55789,6.3088,1.81445,1.81445,2.55789,1.81445,1.81445,0.907223,0.907223,0.907223,0.907223,0.907223,1.06814,1.06814,0.907223,0.907223,0.907223,0.907223,0.907223,1.06814,1.06814,40.1792,99.0984,40.1792,99.0984,28.5012,28.5012,40.1792,99.0984,40.1792,99.0984,28.5012,28.5012,40.1792,28.5012,28.5012,14.2506,14.2506,14.2506,14.2506,14.2506,16.7783,16.7783,14.2506,14.2506,14.2506,14.2506,14.2506,16.7783,16.7783,0,0,0,0,0,0,0,0,0,0,0,0,0,0,0,0,0,0,0,0,0,0,0,0,0,0,0,0,0,0,0,0,0,0,0,0,0,0,0,0,0,0,0,0,0,0,0,0,0,0,0,0,0,0,0,0,0,0,0,0,0,0,0,0,0,0,0,0,0,0,0,0,0,0,0,0,0,0,0,0,0,0,0,0,0,0,0,0,0,0,0,0,0,0,0,0,0,0,0,0,0,0,0,0,0,0,0,0,0,0,0,0,0,0,0,0,0,-0.012684,0.0118078,-0.00695474,1.06919,-0.45597,0.388134,0.730484,-0.0908169,0.274176,0.183567,0.143021,-0.452711,0.0571424,-0.444771,-1.73395,2.609,0.02819,0.103625,-1.10841,-0.610226,0.406722,-0.429483,0.0684578,1.15706,-0.0587269,-0.204387,1.59185,-0.873646,-1.10987,1.14806,-0.0356648,-0.453646,-1.26142,-0.388676,0.0374838,1.2272,-0.849762,-0.0156418,1.11655,-0.213983,0.633544,0.362646,0.140513,-0.198959,-0.247881,0.120247,0.170227,0.668924,0.520374,0.0805081,0.625061,0.0123635,0.0303012,-0.00437521,2.18006e-05,-0.23983,0.062726,0.404933,0.0454474,-0.0319969,-0.015227,0.688,0.0118075,0.0126828,-0.99985,0.6,0,0,1.63441,1.21998,1.77817
1.82962,0.504602,15.4869,0.0275765,-0.00359991,-0.1291,-0.0124431,0.0123668,-0.00612703,1.82962,0.504602,15.4869,0.0275765,-0.00359991,-0.1291,-0.0124431,0.0123668,-0.00612703,-1.48616,-0.278392,0.0622102,1.29118,-0.87267,0.0661464,1.23108,-0.338084,0.665494,0.590425,0.5236,-0.108021,-0.219674,0.141928,0.180635,0.47863,0.422862,0.0807743,0.557488,0.0449381,0.0186822,-0.0264226,0.0313288,-0.1684,0.140915,0.380587,0.0197963,-0.0325024,-0.00833166,0,0,0,0,0,0,0,0,0,0,0,0,0,0,0,0,0,0,0,0,0,0,0,0,0,0,0,0,0,-0.137632,0.0467201,-0.20727,0.826832,-0.664988,0.00240439,-0.245741,0.173177,-0.0286193,0.569645,-0.501559,-0.106443,-0.0758823,-0.0815141,0.154347,0.173373,0.228916,-0.00520144,0.518261,-0.00898551,0.0146393,-0.0132756,0.34204,-0.317956,-0.0528238,0.636739,0.0145432,0.0100124,-0.00472431,-2.30835,-3.12632,0.22448,7.43182,-2.43346,-0.180422,2.83465,-1.35844,0.938739,-2.04737,0.269383,2.18757,0.455168,1.17029,-0.677962,0.339487,0.380875,-0.0945539,0.196241,0.33556,-0.258613,0.0308342,-0.434993,-0.0811526,0.886625,0.156892,0.499718,0.197522,-0.332965,-39.3516,-24.898,9.86006,-6.18934,-0.931945,-0.198803,47.8436,-30.5058,24.53,-7.83901,17.9859,-6.55816,-8.19807,3.84716,1.57297,6.86151,3.84178,1.31061,1.41468,0.00155944,0.559808,0.114482,-4.55193,1.22497,0.904897,-3.46218,-0.0134725,-0.91466,0.191348,0,0,0,0,0,0,0,0,0,0,0,0,0,0,0,0,0,0,0,0,0,0,0,0,0,0,0,0,0,2.55789,6.3088,2.55789,6.3088,1.81445,1.81445,2.55789,6.3088,2.55789,6.3088,1.81445,1.81445,2.55789,1.81445,1.81445,0.907223,0.907223,0.907223,0.907223,0.907223,1.06814,1.06814,0.907223,0.907223,0.907223,0.907223,0.907223,1.06814,1.06814,40.1792,99.0984,40.1792,99.0984,28.5012,28.5012,40.1792,99.0984,40.1792,99.0984,28.5012,28.5012,40.1792,28.5012,28.5012,14.2506,14.2506,14.2506,14.2506,14.2506,16.7783,16.7783,14.2506,14.2506,14.2506,14.2506,14.2506,16.7783,16.7783,0,0,0,0,0,0,0,0,0,0,0,0,0,0,0,0,0,0,0,0,0,0,0,0,0,0,0,0,0,0,0,0,0,0,0,0,0,0,0,0,0,0,0,0,0,0,0,0,0,0,0,0,0,0,0,0,0,0,0,0,0,0,0,0,0,0,0,0,0,0,0,0,0,0,0,0,0,0,0,0,0,0,0,0,0,0,0,0,0,0,0,0,0,0,0,0,0,0,0,0,0,0,0,0,0,0,0,0,0,0,0,0,0,0,0,0,0,-0.0124431,0.0123668,-0.00612703,0.635305,-0.384587,0.411866,0.508149,0.072051,0.32361,0.184174,0.321301,-0.401198,-0.096931,-0.500284,-2.14441,2.81817,0.102463,0.0451376,-0.793907,-0.964131,0.250764,-0.436269,0.113616,1.21541,-0.354662,-0.111833,1.77431,-0.224076,-1.94284,2.05476,0.15082,-0.2463,-1.48616,-0.278392,0.0622102,1.29118,-0.87267,0.0661464,1.23108,-0.338084,0.665494,0.590425,0.5236,-0.108021,-0.219674,0.141928,0.180635,0.47863,0.422862,0.0807743,0.557488,0.0449381,0.0186822,-0.0264226,0.0313288,-0.1684,0.140915,0.380587,0.0197963,-0.0325024,-0.00833166,0.752,0.0123665,0.0124419,-0.999846,0.6,0,0,1.62975,1.21704,1.77409
-0.384634,-0.455766,10.7785,-0.0649741,-0.011538,-0.238797,-0.0130268,0.011938,-0.0103003,-0.384634,-0.455766,10.7785,-0.0649741,-0.011538,-0.238797,-0.0130268,0.011938,-0.0103003,-1.45891,-0.159669,0.000842354,1.28723,-0.87267,0.0840478,0.86963,-0.320296,0.460961,0.5766,0.508181,-0.0581613,-0.16256,0.147824,0.0692898,0.352641,0.359527,0.0844381,0.490208,0.0277155,0.00545841,-0.0255933,-0.0239673,-0.164706,0.106305,0.403891,0.00135411,-0.0326304,-0.00116681,0,0,0,0,0,0,0,0,0,0,0,0,0,0,0,0,0,0,0,0,0,0,0,0,0,0,0,0,0,-0.195839,-0.0194315,-0.16464,0.972257,-0.711712,0.0172389,-0.19612,0.134859,-0.00165541,0.541572,-0.493102,-0.0555634,-0.0724148,-0.0453996,0.140531,0.186865,0.237592,-0.00123974,0.523784,0.00429326,0.0128018,-0.0176227,0.329999,-0.314601,-0.0258206,0.629712,0.0172924,0.0130406,-0.00966057,-3.20538,-3.34276,3.23812,6.79455,-2.10485,0.853763,2.49032,-2.15577,1.53406,-1.08741,-0.0700335,1.25975,0.0256568,2.19519,-0.835482,0.859873,0.483833,0.346347,0.359501,0.679741,-0.0222621,-0.250115,-0.737703,0.411386,1.58055,-0.704813,0.0289223,0.0557886,-0.1561,-43.9745,-5.24621,1.47219,-10.9455,-0.774019,-0.167013,51.3041,-33.8693,23.0679,11.5553,28.8777,-4.30432,-6.04526,1.57292,2.54238,3.43728,2.222,0.877284,0.190737,-0.0369055,0.132138,0.121959,-3.63388,1.77013,1.00619,-2.98529,0.00690149,-0.846437,0.203796,0,0,0,0,0,0,0,0,0,0,0,0,0,0,0,0,0,0,0,0,0,0,0,0,0,0,0,0,0,2.55789,6.3088,2.55789,6.3088,1.81445,1.81445,2.55789,6.3088,2.55789,6.3088,1.81445,1.81445,2.55789,1.81445,1.81445,0.907223,0.907223,0.907223,0.907223,0.907223,1.06814,1.06814,0.907223,0.907223,0.907223,0.907223,0.907223,1.06814,1.06814,40.1792,99.0984,40.1792,99.0984,28.5012,28.5012,40.1792,99.0984,40.1792,99.0984,28.5012,28.5012,40.1792,28.5012,28.5012,14.2506,14.2506,14.2506,14.2506,14.2506,16.7783,16.7783,14.2506,14.2506,14.2506,14.2506,14.2506,16.7783,16.7783,0,0,0,0,0,0,0,0,0,0,0,0,0,0,0,0,0,0,0,0,0,0,0,0,0,0,0,0,0,0,0,0,0,0,0,0,0,0,0,0,0,0,0,0,0,0,0,0,0,0,0,0,0,0,0,0,0,0,0,0,0,0,0,0,0,0,0,0,0,0,0,0,0,0,0,0,0,0,0,0,0,0,0,0,0,0,0,0,0,0,0,0,0,0,0,0,0,0,0,0,0,0,0,0,0,0,0,0,0,0,0,0,0,0,0,0,0,-0.0130268,0.011938,-0.0103003,0.348036,-0.510668,0.157988,0.363738,0.0804741,0.337053,0.192527,0.242386,-0.296888,-0.250336,-0.447149,-2.09463,2.15805,0.0631941,0.0030875,-0.455337,-0.913405,0.0732663,-0.437986,0.00153842,0.841866,-0.343531,-0.0156617,1.76305,-0.263503,-1.90408,1.98638,0.191637,-0.132613,-1.45891,-0.159669,0.000842354,1.28723,-0.87267,0.0840478,0.86963,-0.320296,0.460961,0.5766,0.508181,-0.0581613,-0.16256,0.147824,0.0692898,0.352641,0.359527,0.0844381,0.490208,0.0277155,0.00545841,-0.0255933,-0.0239673,-0.164706,0.106305,0.403891,0.00135411,-0.0326304,-0.00116681,1.307,0.0119378,0.0130255,-0.999844,0.6,0,0,1.62975,1.21704,1.77409
-2.65178,1.08283,6.92166,-0.0357873,0.111112,-0.251004,-0.0145112,0.0117245,-0.0166426,-2.65178,1.08283,6.92166,-0.0357873,0.111112,-0.251004,-0.0145112,0.0117245,-0.0166426,-1.38034,0.00119176,-0.147474,1.23029,-0.87267,0.0623931,0.445688,-0.275832,0.324578,0.467853,0.252843,-0.0627801,-0.0870882,0.171504,-0.0176637,0.290123,0.363008,0.0681765,0.475915,0.0101008,-0.0065757,-0.00706432,-0.0528436,-0.30598,0.0103444,0.435441,-0.0103624,-0.0384734,0.00114859,0,0,0,0,0,0,0,0,0,0,0,0,0,0,0,0,0,0,0,0,0,0,0,0,0,0,0,0,0,-0.287182,-0.080578,-0.0838004,1.10021,-0.751239,0.0362566,-0.147554,0.087714,0.0249119,0.514753,-0.500846,-0.0466105,-0.0656331,0.00130906,0.129156,0.212238,0.246533,0.0115532,0.527009,0.0125021,0.0128993,-0.0216035,0.308817,-0.297875,0.00357864,0.610946,0.0130673,0.0106892,-0.00892429,-4.63003,-2.36714,3.73141,4.88884,-1.55544,0.750937,2.15092,-2.04231,1.12804,-1.2981,-0.42679,0.104058,0.407758,1.97625,-0.552453,1.19733,0.341356,0.658,0.0504029,0.260783,-0.00859222,-0.124349,-1.16171,0.992202,1.13282,-0.978676,-0.211498,-0.186934,0.0636341,-35.729,6.98303,-5.91939,-12.5471,-0.644294,-0.0104285,35.6058,-27.6758,14.938,13.9975,29.4783,-0.563187,-4.91121,0.646869,-0.82452,0.9347,1.30311,0.45529,-0.574986,-0.021617,-0.116395,0.0704904,-3.75519,1.05799,0.440574,-2.11504,0.0261943,-0.543638,0.0609798,0,0,0,0,0,0,0,0,0,0,0,0,0,0,0,0,0,0,0,0,0,0,0,0,0,0,0,0,0,2.55789,6.3088,2.55789,6.3088,1.81445,1.81445,2.55789,6.3088,2.55789,6.3088,1.81445,1.81445,2.55789,1.81445,1.81445,0.907223,0.907223,0.907223,0.907223,0.907223,1.06814,1.06814,0.907223,0.907223,0.907223,0.907223,0.907223,1.06814,1.06814,40.1792,99.0984,40.1792,99.0984,28.5012,28.5012,40.1792,99.0984,40.1792,99.0984,28.5012,28.5012,40.1792,28.5012,28.5012,14.2506,14.2506,14.2506,14.2506,14.2506,16.7783,16.7783,14.2506,14.2506,14.2506,14.2506,14.2506,16.7783,16.7783,0,0,0,0,0,0,0,0,0,0,0,0,0,0,0,0,0,0,0,0,0,0,0,0,0,0,0,0,0,0,0,0,0,0,0,0,0,0,0,0,0,0,0,0,0,0,0,0,0,0,0,0,0,0,0,0,0,0,0,0,0,0,0,0,0,0,0,0,0,0,0,0,0,0,0,0,0,0,0,0,0,0,0,0,0,0,0,0,0,0,0,0,0,0,0,0,0,0,0,0,0,0,0,0,0,0,0,0,0,0,0,0,0,0,0,0,0,-0.0145112,0.0117245,-0.0166426,0.205489,-0.576509,-0.0402749,0.371673,-0.241646,0.391047,0.155449,0.0235863,-0.159052,-0.282926,-0.375211,-1.95114,1.38379,0.0230309,-0.0236272,0.0033986,-0.786604,-0.0882634,-0.516415,-0.269336,0.592786,-0.094822,0.0154171,1.60066,-0.573622,-1.54971,1.40418,0.142263,-0.143145,-1.38034,0.00119176,-0.147474,1.23029,-0.87267,0.0623931,0.445688,-0.275832,0.324578,0.467853,0.252843,-0.0627801,-0.0870882,0.171504,-0.0176637,0.290123,0.363008,0.0681765,0.475915,0.0101008,-0.0065757,-0.00706432,-0.0528436,-0.30598,0.0103444,0.435441,-0.0103624,-0.0384734,0.00114859,0.703,0.0115094,0.0144323,-0.99983,0.6,0,0,1.63893,1.22407,1.78574
-3.23593,1.66855,4.52106,0.029742,0.267115,-0.167781,-0.014534,0.0140878,-0.0207066,-3.23593,1.66855,4.52106,0.029742,0.267115,-0.167781,-0.014534,0.0140878,-0.0207066,-1.1933,0.090919,-0.216684,1.21185,-0.741641,0.0320052,0.142055,-0.258066,0.241966,0.337717,0.125351,-0.118069,-0.0141453,0.164173,0.0645248,0.250336,0.34824,0.0340746,0.497158,0.01155,-0.0170657,0.0152851,-0.0391528,-0.4447,-0.0919488,0.44131,-0.0106349,-0.0434341,0.00139821,0,0,0,0,0,0,0,0,0,0,0,0,0,0,0,0,0,0,0,0,0,0,0,0,0,0,0,0,0,-0.384823,-0.108493,-0.0244798,1.16724,-0.77595,0.0425255,-0.11601,0.0590767,0.040235,0.486124,-0.504231,-0.0475653,-0.0541514,0.0281401,0.127837,0.235751,0.253014,0.0202793,0.526585,0.0129036,0.0108989,-0.0195103,0.285426,-0.27856,0.0176266,0.594858,0.00752492,0.00471782,-0.00547858,-5.8455,-0.975965,2.85289,2.82179,-1.23123,0.208723,1.54571,-1.23243,0.665648,-1.71252,-0.0389632,-0.127119,0.724585,1.11503,0.0322353,1.26707,0.365474,0.382018,-0.0876746,-0.0453097,-0.152329,0.179784,-1.44531,1.08443,0.531973,-0.877434,-0.304972,-0.376934,0.194893,-25.6432,17.5188,-12.3128,-12.2836,-0.529112,0.179616,18.695,-25.1661,9.71903,8.67128,21.6761,-0.201238,-3.1416,1.98223,-4.28494,-0.373329,1.24452,0.330515,-0.657105,-0.000473264,-0.1372,0.0192566,-3.58955,-1.34944,-0.613506,-1.50918,0.0229197,-0.335004,-0.103229,0,0,0,0,0,0,0,0,0,0,0,0,0,0,0,0,0,0,0,0,0,0,0,0,0,0,0,0,0,2.55789,6.3088,2.55789,6.3088,1.81445,1.81445,2.55789,6.3088,2.55789,6.3088,1.81445,1.81445,2.55789,1.81445,1.81445,0.907223,0.907223,0.907223,0.907223,0.907223,1.06814,1.06814,0.907223,0.907223,0.907223,0.907223,0.907223,1.06814,1.06814,40.1792,99.0984,40.1792,99.0984,28.5012,28.5012,40.1792,99.0984,40.1792,99.0984,28.5012,28.5012,40.1792,28.5012,28.5012,14.2506,14.2506,14.2506,14.2506,14.2506,16.7783,16.7783,14.2506,14.2506,14.2506,14.2506,14.2506,16.7783,16.7783,0,0,0,0,0,0,0,0,0,0,0,0,0,0,0,0,0,0,0,0,0,0,0,0,0,0,0,0,0,0,0,0,0,0,0,0,0,0,0,0,0,0,0,0,0,0,0,0,0,0,0,0,0,0,0,0,0,0,0,0,0,0,0,0,0,0,0,0,0,0,0,0,0,0,0,0,0,0,0,0,0,0,0,0,0,0,0,0,0,0,0,0,0,0,0,0,0,0,0,0,0,0,0,0,0,0,0,0,0,0,0,0,0,0,0,0,0,-0.014534,0.0140878,-0.0207066,0.114772,-0.545292,0.147123,0.338002,-0.55794,0.37433,0.0776934,-0.209652,-0.0258339,-0.234491,-0.361829,-1.60955,0.829255,0.0263352,-0.0242487,0.259279,-0.735941,-0.229067,-0.583001,-0.395736,0.44191,0.205167,0.0187676,1.54809,-0.944738,-0.86334,1.11349,0.0729751,-0.26921,-1.1933,0.090919,-0.216684,1.21185,-0.741641,0.0320052,0.142055,-0.258066,0.241966,0.337717,0.125351,-0.118069,-0.0141453,0.164173,0.0645248,0.250336,0.34824,0.0340746,0.497158,0.01155,-0.0170657,0.0152851,-0.0391528,-0.4447,-0.0919488,0.44131,-0.0106349,-0.0434341,0.00139821,0.799,0.0140874,0.014532,-0.999795,0.6,0,0,1.63893,1.22407,1.78574
-2.55532,1.3093,2.91291,0.0957024,0.354321,-0.0493389,-0.0130599,0.0192985,-0.0227723,-2.55532,1.3093,2.91291,0.0957024,0.354321,-0.0493389,-0.0130599,0.0192985,-0.0227723,-0.879672,0.0679565,-0.206171,1.14766,-0.397305,-0.00064682,-0.0321353,-0.226918,0.176391,0.245641,0.271644,-0.144802,0.034665,0.147011,0.217882,0.20317,0.30796,-0.00131797,0.496344,0.0132039,-0.0244886,0.0185412,0.00599505,-0.441698,-0.117959,0.458197,-0.00106299,-0.0461731,0.00673297,0,0,0,0,0,0,0,0,0,0,0,0,0,0,0,0,0,0,0,0,0,0,0,0,0,0,0,0,0,-0.511814,-0.112321,0.0177257,1.20114,-0.769928,0.0387843,-0.0897584,0.0454981,0.0475525,0.443197,-0.501445,-0.0551552,-0.0385653,0.0391349,0.13713,0.259864,0.261086,0.0219761,0.528647,0.012389,0.00548428,-0.011108,0.255255,-0.259135,0.0191399,0.57778,0.00231047,-0.00334577,-0.000228926,-6.48853,0.308056,1.5439,0.902368,0.751262,-0.261839,1.2378,-0.306094,0.321268,-2.30629,0.150518,-0.46675,0.694105,0.208097,0.514945,1.08845,0.411569,-0.0392975,0.166796,-0.0146365,-0.265072,0.438759,-1.62677,0.819154,-0.188346,-0.864314,-0.218404,-0.399004,0.225608,-11.2687,18.7275,-13.5423,-5.3783,-0.523777,0.280129,6.2625,-27.8579,7.15105,3.66478,17.5428,-0.827841,-0.844298,3.11459,-3.06782,-1.12744,0.879152,0.199263,-0.599825,0.00195689,-0.0921535,-0.0265405,-2.80211,-3.40244,-1.44886,-1.19318,0.0155327,-0.255039,-0.222811,0,0,0,0,0,0,0,0,0,0,0,0,0,0,0,0,0,0,0,0,0,0,0,0,0,0,0,0,0,2.55789,6.3088,2.55789,6.3088,1.81445,1.81445,2.55789,6.3088,2.55789,6.3088,1.81445,1.81445,2.55789,1.81445,1.81445,0.907223,0.907223,0.907223,0.907223,0.907223,1.06814,1.06814,0.907223,0.907223,0.907223,0.907223,0.907223,1.06814,1.06814,40.1792,99.0984,40.1792,99.0984,28.5012,28.5012,40.1792,99.0984,40.1792,99.0984,28.5012,28.5012,40.1792,28.5012,28.5012,14.2506,14.2506,14.2506,14.2506,14.2506,16.7783,16.7783,14.2506,14.2506,14.2506,14.2506,14.2506,16.7783,16.7783,0,0,0,0,0,0,0,0,0,0,0,0,0,0,0,0,0,0,0,0,0,0,0,0,0,0,0,0,0,0,0,0,0,0,0,0,0,0,0,0,0,0,0,0,0,0,0,0,0,0,0,0,0,0,0,0,0,0,0,0,0,0,0,0,0,0,0,0,0,0,0,0,0,0,0,0,0,0,0,0,0,0,0,0,0,0,0,0,0,0,0,0,0,0,0,0,0,0,0,0,0,0,0,0,0,0,0,0,0,0,0,0,0,0,0,0,0,-0.0130599,0.0192985,-0.0227723,0.0072286,-0.442351,0.496793,0.246159,-0.551097,0.3352,-0.00300511,-0.268957,0.0633097,-0.236345,-0.323325,-1.03676,0.511125,0.0301062,-0.00242372,0.193795,-0.647113,-0.328702,-0.619766,-0.376537,0.322148,0.248872,0.0903744,1.36501,-1.20731,-0.0782179,1.44705,-0.00147482,-0.330163,-0.879672,0.0679565,-0.206171,1.14766,-0.397305,-0.00064682,-0.0321353,-0.226918,0.176391,0.245641,0.271644,-0.144802,0.034665,0.147011,0.217882,0.20317,0.30796,-0.00131797,0.496344,0.0132039,-0.0244886,0.0185412,0.00599505,-0.441698,-0.117959,0.458197,-0.00106299,-0.0461731,0.00673297,0.571,0.0192973,0.0130571,-0.999729,0.6,0,0,1.64931,1.22959,1.80434
0.581415,1.17997,4.40215,0.10685,0.196171,-0.0709866,-0.0109908,0.0247075,-0.0237634,0.581415,1.17997,4.40215,0.10685,0.196171,-0.0709866,-0.0109908,0.0247075,-0.0237634,-0.639335,-0.0256244,-0.12648,0.983898,-0.127816,-0.0100811,-0.171233,-0.18339,0.046247,0.187535,0.353885,-0.134489,0.029385,0.129444,0.214894,0.156586,0.311381,-0.00224911,0.492365,0.0066091,-0.0195168,0.0136556,0.0116967,-0.31445,-0.076593,0.459961,0.00326275,-0.0432883,0.00786397,0,0,0,0,0,0,0,0,0,0,0,0,0,0,0,0,0,0,0,0,0,0,0,0,0,0,0,0,0,-0.632601,-0.100901,0.0336956,1.19337,-0.684613,0.0271871,-0.0601684,0.0434843,0.0511822,0.390611,-0.498729,-0.0612639,-0.0283395,0.0386063,0.147942,0.279067,0.268415,0.0182693,0.537085,0.0125634,0.000464974,-0.00245426,0.220107,-0.246121,0.0104009,0.564798,0.00071834,-0.0112358,0.00480547,-5.62177,0.779926,0.269041,-1.11152,4.98777,-0.595266,1.59062,0.0523202,0.160372,-2.68996,0.0567399,-0.180356,0.2829,-0.172726,0.549105,0.893122,0.306188,-0.247402,0.527044,0.0150095,-0.189339,0.38316,-1.85172,0.48358,-0.546454,-0.532957,-0.0345915,-0.345489,0.218836,4.23178,12.2347,-10.5702,1.69329,-0.790872,0.288405,-2.79224,-26.9349,4.68647,2.2493,21.7934,-2.0272,1.67601,3.35783,1.00613,-1.8767,0.28124,-0.0637318,-1.04196,-0.00422756,-0.206876,-0.0595676,-1.44495,-3.24972,-1.35667,-1.039,0.00715599,-0.214919,-0.206693,0,0,0,0,0,0,0,0,0,0,0,0,0,0,0,0,0,0,0,0,0,0,0,0,0,0,0,0,0,2.55789,6.3088,2.55789,6.3088,1.81445,1.81445,2.55789,6.3088,2.55789,6.3088,1.81445,1.81445,2.55789,1.81445,1.81445,0.907223,0.907223,0.907223,0.907223,0.907223,1.06814,1.06814,0.907223,0.907223,0.907223,0.907223,0.907223,1.06814,1.06814,40.1792,99.0984,40.1792,99.0984,28.5012,28.5012,40.1792,99.0984,40.1792,99.0984,28.5012,28.5012,40.1792,28.5012,28.5012,14.2506,14.2506,14.2506,14.2506,14.2506,16.7783,16.7783,14.2506,14.2506,14.2506,14.2506,14.2506,16.7783,16.7783,0,0,0,0,0,0,0,0,0,0,0,0,0,0,0,0,0,0,0,0,0,0,0,0,0,0,0,0,0,0,0,0,0,0,0,0,0,0,0,0,0,0,0,0,0,0,0,0,0,0,0,0,0,0,0,0,0,0,0,0,0,0,0,0,0,0,0,0,0,0,0,0,0,0,0,0,0,0,0,0,0,0,0,0,0,0,0,0,0,0,0,0,0,0,0,0,0,0,0,0,0,0,0,0,0,0,0,0,0,0,0,0,0,0,0,0,0,-0.0109908,0.0247075,-0.0237634,-0.0989881,-0.42935,0.489979,0.25396,-0.260957,0.295146,-0.00512819,-0.17464,0.0536666,-0.245419,-0.319303,-0.597822,0.257087,0.0150694,0.00743939,-0.0730745,-0.522982,-0.261967,-0.581044,-0.230994,0.0844622,0.183294,0.105555,0.898011,-1.37302,0.536243,1.63457,-0.0229859,-0.306649,-0.639335,-0.0256244,-0.12648,0.983898,-0.127816,-0.0100811,-0.171233,-0.18339,0.046247,0.187535,0.353885,-0.134489,0.029385,0.129444,0.214894,0.156586,0.311381,-0.00224911,0.492365,0.0066091,-0.0195168,0.0136556,0.0116967,-0.31445,-0.076593,0.459961,0.00326275,-0.0432883,0.00786397,0.948,0.0247049,0.0109873,-0.999634,0.6,0,0,1.64931,1.22959,1.80434
2.55415,1.33405,7.04029,0.10074,0.019167,-0.0253874,-0.00910457,0.0271262,-0.0247377,2.55415,1.33405,7.04029,0.10074,0.019167,-0.0253874,-0.00910457,0.0271262,-0.0247377,-0.461993,-0.0959734,0.0105859,0.743438,-0.00744858,0.00817437,-0.247903,-0.161649,-0.0276405,0.168735,0.399163,-0.105835,0.0236822,0.113407,0.145874,0.0963993,0.340237,0.0234745,0.488981,0.00589432,-0.0153112,0.017214,0.024087,-0.251735,-0.0202657,0.460766,-0.00654228,-0.0426969,0.00671166,0,0,0,0,0,0,0,0,0,0,0,0,0,0,0,0,0,0,0,0,0,0,0,0,0,0,0,0,0,-0.722737,-0.0889662,0.0255973,1.13929,-0.542215,0.0158474,-0.0217999,0.0439596,0.0498143,0.339586,-0.496959,-0.0652752,-0.0255914,0.0349892,0.153835,0.292426,0.27221,0.0129785,0.552628,0.0113994,-0.000406478,0.00271062,0.181827,-0.237115,-0.00247655,0.558055,0.00108175,-0.0164386,0.00724026,-3.77422,0.533277,-0.882368,-3.47634,7.12096,-0.494997,2.02208,0.0949731,-0.104985,-2.33306,0.168859,-0.103057,0.019557,-0.266925,0.23362,0.550233,0.0763662,-0.285106,0.882318,-0.0711653,0.0599007,0.194399,-1.88111,0.389459,-0.652424,-0.262595,0.03302,-0.190346,0.0719784,13.008,3.0215,-4.12734,5.49301,-1.09647,0.166522,-11.0104,-22.991,0.14829,-0.469112,23.9474,-1.77014,2.08249,3.13441,1.34119,-2.4282,0.47179,0.0308362,-1.63936,-0.00418025,-0.367304,-0.0271055,-0.757466,-1.46176,-0.473158,-1.16594,0.00192747,-0.241807,-0.0701908,0,0,0,0,0,0,0,0,0,0,0,0,0,0,0,0,0,0,0,0,0,0,0,0,0,0,0,0,0,2.55789,6.3088,2.55789,6.3088,1.81445,1.81445,2.55789,6.3088,2.55789,6.3088,1.81445,1.81445,2.55789,1.81445,1.81445,0.907223,0.907223,0.907223,0.907223,0.907223,1.06814,1.06814,0.907223,0.907223,0.907223,0.907223,0.907223,1.06814,1.06814,40.1792,99.0984,40.1792,99.0984,28.5012,28.5012,40.1792,99.0984,40.1792,99.0984,28.5012,28.5012,40.1792,28.5012,28.5012,14.2506,14.2506,14.2506,14.2506,14.2506,16.7783,16.7783,14.2506,14.2506,14.2506,14.2506,14.2506,16.7783,16.7783,0,0,0,0,0,0,0,0,0,0,0,0,0,0,0,0,0,0,0,0,0,0,0,0,0,0,0,0,0,0,0,0,0,0,0,0,0,0,0,0,0,0,0,0,0,0,0,0,0,0,0,0,0,0,0,0,0,0,0,0,0,0,0,0,0,0,0,0,0,0,0,0,0,0,0,0,0,0,0,0,0,0,0,0,0,0,0,0,0,0,0,0,0,0,0,0,0,0,0,0,0,0,0,0,0,0,0,0,0,0,0,0,0,0,0,0,0,-0.00910457,0.0271262,-0.0247377,-0.23622,-0.401099,0.332608,0.319755,-0.117961,0.25858,0.0535242,-0.0462078,0.0432516,-0.253133,-0.317468,-0.273936,0.117062,0.0134396,-0.014917,-0.273692,-0.460983,-0.205517,-0.573106,0.0193334,-0.0504806,0.231058,0.0900884,0.21228,-1.42663,0.810693,1.73781,0.0186384,-0.241314,-0.461993,-0.0959734,0.0105859,0.743438,-0.00744858,0.00817437,-0.247903,-0.161649,-0.0276405,0.168735,0.399163,-0.105835,0.0236822,0.113407,0.145874,0.0963993,0.340237,0.0234745,0.488981,0.00589432,-0.0153112,0.017214,0.024087,-0.251735,-0.0202657,0.460766,-0.00654228,-0.0426969,0.00671166,1.069,0.0271229,0.00910109,-0.999591,0.6,0,0,1.64185,1.23082,1.78428
2.86415,0.714994,6.38085,-0.00769659,-0.0429979,0.0576546,-0.00857472,0.0273117,-0.0242242,2.86415,0.714994,6.38085,-0.00769659,-0.0429979,0.0576546,-0.00857472,0.0273117,-0.0242242,-0.236454,-0.18436,0.184967,0.528514,-0.00839877,0.0566233,-0.305261,-0.156903,-0.0341,0.162599,0.466122,-0.0420443,0.0376878,0.0928307,0.0875344,0.0175047,0.317422,0.0198051,0.467633,0.0161201,-0.0145845,0.0264098,0.0486684,-0.199562,0.0469997,0.478564,-0.0211342,-0.0389574,0.0143614,0,0,0,0,0,0,0,0,0,0,0,0,0,0,0,0,0,0,0,0,0,0,0,0,0,0,0,0,0,-0.769589,-0.0826997,0.0114892,1.03324,-0.395459,0.0127563,0.0251671,0.03855,0.0452787,0.29849,-0.4976,-0.0628161,-0.0277277,0.0371017,0.151187,0.298653,0.272523,0.00964274,0.571652,0.0100721,0.00260485,0.00608591,0.145473,-0.2293,-0.0103102,0.554117,-0.000429085,-0.019613,0.00670183,-1.56361,0.249745,-0.573722,-6.05074,6.66252,-0.0644734,2.41862,-0.492217,-0.592107,-1.86146,-0.210169,0.435516,-0.223904,0.275016,-0.197706,0.207999,-0.027674,-0.104418,0.888055,-0.0617873,0.195011,0.153076,-1.68066,0.35088,-0.178376,-0.277883,-0.0972851,-0.123806,-0.0312358,16.4697,-2.78625,1.41519,8.2488,-1.09423,-0.0123411,-17.0151,-17.0228,-1.76323,-1.22542,25.8678,-1.76245,2.53882,1.70444,0.23918,-3.06965,0.979792,0.295625,-1.98844,-0.00407467,-0.501824,0.0245558,-0.219127,-0.642383,0.0503515,-1.11446,4.15663e-05,-0.256013,0.039689,0,0,0,0,0,0,0,0,0,0,0,0,0,0,0,0,0,0,0,0,0,0,0,0,0,0,0,0,0,2.55789,6.3088,2.55789,6.3088,1.81445,1.81445,2.55789,6.3088,2.55789,6.3088,1.81445,1.81445,2.55789,1.81445,1.81445,0.907223,0.907223,0.907223,0.907223,0.907223,1.06814,1.06814,0.907223,0.907223,0.907223,0.907223,0.907223,1.06814,1.06814,40.1792,99.0984,40.1792,99.0984,28.5012,28.5012,40.1792,99.0984,40.1792,99.0984,28.5012,28.5012,40.1792,28.5012,28.5012,14.2506,14.2506,14.2506,14.2506,14.2506,16.7783,16.7783,14.2506,14.2506,14.2506,14.2506,14.2506,16.7783,16.7783,0,0,0,0,0,0,0,0,0,0,0,0,0,0,0,0,0,0,0,0,0,0,0,0,0,0,0,0,0,0,0,0,0,0,0,0,0,0,0,0,0,0,0,0,0,0,0,0,0,0,0,0,0,0,0,0,0,0,0,0,0,0,0,0,0,0,0,0,0,0,0,0,0,0,0,0,0,0,0,0,0,0,0,0,0,0,0,0,0,0,0,0,0,0,0,0,0,0,0,0,0,0,0,0,0,0,0,0,0,0,0,0,0,0,0,0,0,-0.00857472,0.0273117,-0.0242242,-0.416107,-0.345051,0.199587,0.267733,0.000999655,0.211663,0.0451576,0.107164,0.0688303,-0.301811,-0.276885,0.137972,0.0123071,0.0367555,-0.0481881,-0.52575,-0.447448,-0.195763,-0.522912,0.33781,-0.0622779,0.35449,0.192768,-0.400631,-1.44413,0.808526,1.89048,0.129107,-0.0958651,-0.236454,-0.18436,0.184967,0.528514,-0.00839877,0.0566233,-0.305261,-0.156903,-0.0341,0.162599,0.466122,-0.0420443,0.0376878,0.0928307,0.0875344,0.0175047,0.317422,0.0198051,0.467633,0.0161201,-0.0145845,0.0264098,0.0486684,-0.199562,0.0469997,0.478564,-0.0211342,-0.0389574,0.0143614,0.809,0.0273083,0.00857142,-0.99959,0.6,0,0,1.62826,1.22873,1.75331
3.62369,2.18855,6.68501,-0.0520459,-0.026172,0.012885,-0.00989347,0.0276126,-0.0235143,3.62369,2.18855,6.68501,-0.0520459,-0.026172,0.012885,-0.00989347,0.0276126,-0.0235143,0.0438934,-0.23271,0.350445,0.486709,0.068044,0.045024,-0.335448,-0.124827,-0.0136337,0.174852,0.5236,0.0294263,0.0274357,0.126879,0.0720647,0.0105581,0.323594,0.0161041,0.435581,0.0140962,-0.0163639,0.0291859,0.0676229,-0.161409,0.0711725,0.493458,-0.00853284,-0.031807,0.0252788,0,0,0,0,0,0,0,0,0,0,0,0,0,0,0,0,0,0,0,0,0,0,0,0,0,0,0,0,0,-0.772519,-0.0815665,0.0133528,0.88571,-0.283832,0.0236856,0.0801382,0.0194055,0.0287127,0.266204,-0.507832,-0.0543772,-0.0345783,0.0513834,0.138417,0.298698,0.270967,0.00954768,0.587453,0.0113263,0.00701986,0.0109566,0.112664,-0.222637,-0.00517948,0.549325,-0.00525306,-0.0221169,0.00684301,0.518604,-0.0156024,0.438149,-7.69527,4.63578,0.624968,2.76564,-1.07935,-0.92717,-1.39222,-0.636733,0.390269,-0.396899,0.786067,-0.680666,-0.0851889,-0.160287,0.0181316,0.688792,0.0857362,0.222496,0.251999,-1.50536,0.275311,0.538476,-0.311043,-0.260881,-0.101807,0.0587969,20.3844,-10.094,5.88122,12.1951,-0.660027,-0.196463,-22.4308,-10.6134,-0.107959,-1.4379,28.8677,-0.614601,3.88297,-0.268288,-0.175628,-3.93715,0.781037,0.126246,-2.33609,-0.00936868,-0.598432,-0.00853725,0.450641,0.0719129,0.304916,-0.758585,0.00807877,-0.176287,0.0765852,0,0,0,0,0,0,0,0,0,0,0,0,0,0,0,0,0,0,0,0,0,0,0,0,0,0,0,0,0,2.55789,6.3088,2.55789,6.3088,1.81445,1.81445,2.55789,6.3088,2.55789,6.3088,1.81445,1.81445,2.55789,1.81445,1.81445,0.907223,0.907223,0.907223,0.907223,0.907223,1.06814,1.06814,0.907223,0.907223,0.907223,0.907223,0.907223,1.06814,1.06814,40.1792,99.0984,40.1792,99.0984,28.5012,28.5012,40.1792,99.0984,40.1792,99.0984,28.5012,28.5012,40.1792,28.5012,28.5012,14.2506,14.2506,14.2506,14.2506,14.2506,16.7783,16.7783,14.2506,14.2506,14.2506,14.2506,14.2506,16.7783,16.7783,0,0,0,0,0,0,0,0,0,0,0,0,0,0,0,0,0,0,0,0,0,0,0,0,0,0,0,0,0,0,0,0,0,0,0,0,0,0,0,0,0,0,0,0,0,0,0,0,0,0,0,0,0,0,0,0,0,0,0,0,0,0,0,0,0,0,0,0,0,0,0,0,0,0,0,0,0,0,0,0,0,0,0,0,0,0,0,0,0,0,0,0,0,0,0,0,0,0,0,0,0,0,0,0,0,0,0,0,0,0,0,0,0,0,0,0,0,-0.00989347,0.0276126,-0.0235143,-0.431946,-0.301833,0.164315,0.281807,0.0879903,0.289298,0.036719,0.16228,0.0501065,-0.374891,-0.242926,0.649979,-0.0428232,0.0321407,-0.0194557,-0.663631,-0.355976,-0.219647,-0.426934,0.640028,-0.0248996,0.391753,0.339309,-0.519849,-1.40919,0.982823,2.03493,0.102659,0.0670949,0.0438934,-0.23271,0.350445,0.486709,0.068044,0.045024,-0.335448,-0.124827,-0.0136337,0.174852,0.5236,0.0294263,0.0274357,0.126879,0.0720647,0.0105581,0.323594,0.0161041,0.435581,0.0140962,-0.0163639,0.0291859,0.0676229,-0.161409,0.0711725,0.493458,-0.00853284,-0.031807,0.0252788,0.499,0.0276091,0.00988954,-0.99957,0.6,0,0,1.62826,1.22873,1.75331
4.86756,2.55389,6.89127,0.001016,-0.0375857,-0.0590773,-0.0106625,0.0285173,-0.0240807,4.86756,2.55389,6.89127,0.001016,-0.0375857,-0.0590773,-0.0106625,0.0285173,-0.0240807,0.304131,-0.250104,0.413978,0.533991,0.154952,0.0224832,-0.338025,-0.0977334,-0.0209983,0.258274,0.5236,0.0844661,0.00990282,0.159538,0.0709869,0.0417917,0.368138,0.0349885,0.412809,0.00326132,-0.00972684,0.0292311,0.135628,-0.165293,0.0748743,0.504554,0.0149495,-0.0233957,0.0365176,0,0,0,0,0,0,0,0,0,0,0,0,0,0,0,0,0,0,0,0,0,0,0,0,0,0,0,0,0,-0.741463,-0.0800106,0.0399881,0.738442,-0.193178,0.0322155,0.142547,-0.00404572,0.0142734,0.245399,-0.523143,-0.0407872,-0.0447801,0.0675345,0.114372,0.294176,0.266273,0.00920042,0.595061,0.0122589,0.0113974,0.0159785,0.0833125,-0.216539,0.0081593,0.543421,-0.00686621,-0.0234926,0.0103839,2.00054,0.0864728,1.85652,-6.70796,4.06594,0.318425,3.1766,-1.13142,-0.622387,-0.785368,-0.781981,0.85486,-0.512765,0.689909,-1.23632,-0.245154,-0.307137,-0.0831212,0.175811,0.0323183,0.178241,0.22016,-1.31941,0.316856,0.745879,-0.291327,-0.0317235,-0.0416847,0.215464,26.6572,-15.7286,8.04646,17.3247,0.0353257,-0.224152,-27.1594,-4.91008,0.392462,-1.90156,31.2252,0.592444,4.20135,0.3956,1.0826,-3.81728,1.07032,0.155579,-2.45812,-0.00337466,-0.663856,-0.016894,0.983343,0.508583,0.251009,-0.457084,0.00482969,-0.0941557,0.0279038,0,0,0,0,0,0,0,0,0,0,0,0,0,0,0,0,0,0,0,0,0,0,0,0,0,0,0,0,0,2.55789,6.3088,2.55789,6.3088,1.81445,1.81445,2.55789,6.3088,2.55789,6.3088,1.81445,1.81445,2.55789,1.81445,1.81445,0.907223,0.907223,0.907223,0.907223,0.907223,1.06814,1.06814,0.907223,0.907223,0.907223,0.907223,0.907223,1.06814,1.06814,40.1792,99.0984,40.1792,99.0984,28.5012,28.5012,40.1792,99.0984,40.1792,99.0984,28.5012,28.5012,40.1792,28.5012,28.5012,14.2506,14.2506,14.2506,14.2506,14.2506,16.7783,16.7783,14.2506,14.2506,14.2506,14.2506,14.2506,16.7783,16.7783,0,0,0,0,0,0,0,0,0,0,0,0,0,0,0,0,0,0,0,0,0,0,0,0,0,0,0,0,0,0,0,0,0,0,0,0,0,0,0,0,0,0,0,0,0,0,0,0,0,0,0,0,0,0,0,0,0,0,0,0,0,0,0,0,0,0,0,0,0,0,0,0,0,0,0,0,0,0,0,0,0,0,0,0,0,0,0,0,0,0,0,0,0,0,0,0,0,0,0,0,0,0,0,0,0,0,0,0,0,0,0,0,0,0,0,0,0,-0.0106625,0.0285173,-0.0240807,-0.360731,-0.146775,0.161857,0.383372,0.0791355,0.363762,0.0797772,0.170721,0.0180858,-0.426814,-0.217626,1.12526,-0.0475304,0.00743614,0.0340864,-0.713234,-0.278712,-0.13056,-0.314032,0.756061,-0.0383498,0.392359,0.490164,-0.385011,-1.17129,1.18098,2.33226,0.051264,0.192591,0.304131,-0.250104,0.413978,0.533991,0.154952,0.0224832,-0.338025,-0.0977334,-0.0209983,0.258274,0.5236,0.0844661,0.00990282,0.159538,0.0709869,0.0417917,0.368138,0.0349885,0.412809,0.00326132,-0.00972684,0.0292311,0.135628,-0.165293,0.0748743,0.504554,0.0149495,-0.0233957,0.0365176,0.681,0.0285134,0.010658,-0.999537,0.6,0,0,1.62175,1.2245,1.74382
6.16656,2.21758,7.49424,0.0545692,-0.178239,-0.076975,-0.0100931,0.0279051,-0.0254125,6.16656,2.21758,7.49424,0.0545692,-0.178239,-0.076975,-0.0100931,0.0279051,-0.0254125,0.3963,-0.196957,0.355121,0.585611,0.191173,0.0299061,-0.264294,-0.0747752,-0.055037,0.405494,0.5236,0.117918,-0.00115228,0.182975,0.0398904,0.0973634,0.43539,0.0694787,0.427556,-0.0136099,-0.00213824,0.0267733,0.221087,-0.223126,0.055897,0.503893,0.0300359,-0.0213498,0.0375558,0,0,0,0,0,0,0,0,0,0,0,0,0,0,0,0,0,0,0,0,0,0,0,0,0,0,0,0,0,-0.686891,-0.0780566,0.0882684,0.630062,-0.109345,0.0323183,0.208335,-0.0251985,0.0032252,0.245343,-0.540759,-0.0186822,-0.0572574,0.0778054,0.0812315,0.287368,0.25907,0.00704041,0.591403,0.010322,0.0156855,0.019121,0.0603125,-0.20965,0.0228557,0.53676,-0.00207778,-0.0233218,0.016687,3.09423,0.0181459,2.67144,-4.38832,3.90466,-0.0803199,3.23687,-0.931991,-0.525149,0.495026,-0.859121,1.03493,-0.61638,0.337104,-1.62568,-0.324095,-0.388451,-0.149042,-0.367486,-0.119913,0.173579,0.119013,-0.904903,0.37307,0.738616,-0.30292,0.281114,0.0228455,0.328682,32.2363,-17.3586,6.52434,18.6098,0.466115,-0.142342,-30.0706,-1.26985,0.315858,-1.29608,31.8883,1.06211,4.27552,1.65749,2.71448,-3.19748,1.89056,0.518323,-2.23932,0.00778417,-0.622378,0.0390717,1.93563,0.312015,0.0919642,-0.177582,-0.0122051,-0.0248346,-0.0129609,0,0,0,0,0,0,0,0,0,0,0,0,0,0,0,0,0,0,0,0,0,0,0,0,0,0,0,0,0,2.55789,6.3088,2.55789,6.3088,1.81445,1.81445,2.55789,6.3088,2.55789,6.3088,1.81445,1.81445,2.55789,1.81445,1.81445,0.907223,0.907223,0.907223,0.907223,0.907223,1.06814,1.06814,0.907223,0.907223,0.907223,0.907223,0.907223,1.06814,1.06814,40.1792,99.0984,40.1792,99.0984,28.5012,28.5012,40.1792,99.0984,40.1792,99.0984,28.5012,28.5012,40.1792,28.5012,28.5012,14.2506,14.2506,14.2506,14.2506,14.2506,16.7783,16.7783,14.2506,14.2506,14.2506,14.2506,14.2506,16.7783,16.7783,0,0,0,0,0,0,0,0,0,0,0,0,0,0,0,0,0,0,0,0,0,0,0,0,0,0,0,0,0,0,0,0,0,0,0,0,0,0,0,0,0,0,0,0,0,0,0,0,0,0,0,0,0,0,0,0,0,0,0,0,0,0,0,0,0,0,0,0,0,0,0,0,0,0,0,0,0,0,0,0,0,0,0,0,0,0,0,0,0,0,0,0,0,0,0,0,0,0,0,0,0,0,0,0,0,0,0,0,0,0,0,0,0,0,0,0,0,-0.0100931,0.0279051,-0.0254125,-0.234022,0.0480796,0.0909541,0.536713,-0.0527302,0.4172,0.158418,0.127451,-0.00210444,-0.393189,-0.219133,1.29359,0.0871268,-0.0310319,0.0684848,-0.561672,-0.21324,-0.0287009,-0.286571,0.648568,-0.100516,0.359369,0.504098,-0.237804,-0.751455,1.26357,2.41243,0.0681889,0.268865,0.3963,-0.196957,0.355121,0.585611,0.191173,0.0299061,-0.264294,-0.0747752,-0.055037,0.405494,0.5236,0.117918,-0.00115228,0.182975,0.0398904,0.0973634,0.43539,0.0694787,0.427556,-0.0136099,-0.00213824,0.0267733,0.221087,-0.223126,0.055897,0.503893,0.0300359,-0.0213498,0.0375558,0.741,0.0279015,0.010089,-0.99956,0.6,0,0,1.62175,1.2245,1.74382
-1.42114,-10.5598,20.5599,-0.0937584,-0.265747,-0.0117964,-0.00900427,0.0234071,-0.0265306,-1.42114,-10.5598,20.5599,-0.0937584,-0.265747,-0.0117964,-0.00900427,0.0234071,-0.0265306,0.424007,-0.194892,0.155867,0.529131,0.126813,0.0371604,-0.150691,-0.0125102,-0.075905,0.666437,0.5236,0.164529,0.0207036,0.050974,0.0861377,0.193066,0.464119,0.0861073,0.441588,-0.0247293,0.0033378,0.0197968,0.318314,-0.344964,0.0351565,0.483617,0.0324625,-0.0206059,0.0270435,0,0,0,0,0,0,0,0,0,0,0,0,0,0,0,0,0,0,0,0,0,0,0,0,0,0,0,0,0,-0.619467,-0.0795252,0.132484,0.577702,-0.0306523,0.0445797,0.267508,-0.0400836,-0.00995124,0.278392,-0.5579,0.00584622,-0.0706234,0.0792856,0.045135,0.278703,0.251455,0.00520945,0.582179,0.00447003,0.0184335,0.019775,0.0484848,-0.202069,0.036252,0.529789,0.00605803,-0.023173,0.022957,2.90154,-0.689419,1.3936,-0.0464479,2.42894,2.03295,2.67727,-1.0478,-0.875286,2.33054,-0.827982,1.06961,-0.383925,0.515726,-1.76671,-0.587576,-0.212751,-0.0295644,-0.368832,-0.307186,0.0897344,0.006376,-0.353328,0.616864,0.551601,-0.0700189,0.394113,-0.0631773,0.271777,32.9379,-8.97399,5.22048,6.7088,-0.831352,-4.26371,-28.1943,1.50334,0.169129,-1.12036,32.2894,1.08828,4.13255,2.65101,3.01114,-2.13984,2.88824,0.960652,-1.81382,0.0213348,-0.448351,0.109278,2.8084,-0.718959,-0.250082,-0.171478,-0.0168398,0.0752491,-0.0550229,0,0,0,0,0,0,0,0,0,0,0,0,0,0,0,0,0,0,0,0,0,0,0,0,0,0,0,0,0,2.55789,6.3088,2.55789,6.3088,1.81445,1.81445,2.55789,6.3088,2.55789,6.3088,1.81445,1.81445,2.55789,1.81445,1.81445,0.907223,0.907223,0.907223,0.907223,0.907223,1.06814,1.06814,0.907223,0.907223,0.907223,0.907223,0.907223,1.06814,1.06814,40.1792,99.0984,40.1792,99.0984,28.5012,28.5012,40.1792,99.0984,40.1792,99.0984,28.5012,28.5012,40.1792,28.5012,28.5012,14.2506,14.2506,14.2506,14.2506,14.2506,16.7783,16.7783,14.2506,14.2506,14.2506,14.2506,14.2506,16.7783,16.7783,0,0,0,0,0,0,0,0,0,0,0,0,0,0,0,0,0,0,0,0,0,0,0,0,0,0,0,0,0,0,0,0,0,0,0,0,0,0,0,0,0,0,0,0,0,0,0,0,0,0,0,0,0,0,0,0,0,0,0,0,0,0,0,0,0,0,0,0,0,0,0,0,0,0,0,0,0,0,0,0,0,0,0,0,0,0,0,0,0,0,0,0,0,0,0,0,0,0,0,0,0,0,0,0,0,0,0,0,0,0,0,0,0,0,0,0,0,-0.00900427,0.0234071,-0.0265306,-0.0158112,0.269768,0.196402,0.602217,-0.330531,0.116226,0.196333,0.0801602,0.0378116,-0.361194,-0.265365,1.34419,0.294602,-0.0563853,0.0740176,-0.555783,-0.0356759,0.0448021,-0.276586,0.284664,-0.138627,0.265726,0.362996,-0.398871,-0.00730899,1.11682,2.32771,0.0847294,0.375142,0.424007,-0.194892,0.155867,0.529131,0.126813,0.0371604,-0.150691,-0.0125102,-0.075905,0.666437,0.5236,0.164529,0.0207036,0.050974,0.0861377,0.193066,0.464119,0.0861073,0.441588,-0.0247293,0.0033378,0.0197968,0.318314,-0.344964,0.0351565,0.483617,0.0324625,-0.0206059,0.0270435,0.693,0.023405,0.00900168,-0.999686,0.6,0,0,1.6125,1.21631,1.7254
-0.239084,-0.730177,19.3293,-0.292799,-0.00551176,0.251271,-0.0140629,0.0220476,-0.0238461,-0.239084,-0.730177,19.3293,-0.292799,-0.00551176,0.251271,-0.0140629,0.0220476,-0.0238461,0.67418,0.0276577,-0.495944,0.503606,0.0508948,0.139138,-0.523226,0.196285,-0.0865701,0.899953,-0.557358,0.0576373,0.13754,-0.159215,0.302656,0.307707,0.373634,0.036006,0.473508,-0.0271583,0.00307367,0.00753602,0.324588,-0.545368,-0.0404488,0.42145,0.0150667,-0.0278523,0.00709724,0,0,0,0,0,0,0,0,0,0,0,0,0,0,0,0,0,0,0,0,0,0,0,0,0,0,0,0,0,-0.565468,-0.109598,0.149626,0.606338,-0.0594946,0.0720012,0.304581,-0.0708962,-0.0266966,0.358916,-0.565885,0.0226175,-0.0680123,0.104367,0.00518632,0.258226,0.250376,0.00710027,0.581088,-0.00316974,0.0209984,0.0181489,0.0479193,-0.186665,0.048265,0.530327,0.0133911,-0.0220573,0.0252004,2.91658,-1.94106,0.40287,1.42684,-2.65856,0.981373,1.4232,-1.5588,-0.637708,4.92413,0.416967,0.544547,0.445606,1.43768,-2.10497,-1.24999,-0.00978184,0.124829,0.113041,-0.365143,0.171731,-0.0964493,0.324122,0.74735,0.657571,0.0106839,0.322959,0.103845,0.0754978,32.7022,3.03392,-1.00751,-17.0647,9.86197,-2.83806,-21.9635,15.7158,-0.14589,0.896105,30.8446,2.70419,2.59523,-4.06063,6.03416,0.15053,3.05763,1.01293,-2.0699,0.0239413,-0.465735,0.130115,3.6521,-2.9261,-0.756435,-0.676777,-0.0223222,-0.0800232,-0.0453849,0,0,0,0,0,0,0,0,0,0,0,0,0,0,0,0,0,0,0,0,0,0,0,0,0,0,0,0,0,2.55789,6.3088,2.55789,6.3088,1.81445,1.81445,2.55789,6.3088,2.55789,6.3088,1.81445,1.81445,2.55789,1.81445,1.81445,0.907223,0.907223,0.907223,0.907223,0.907223,1.06814,1.06814,0.907223,0.907223,0.907223,0.907223,0.907223,1.06814,1.06814,40.1792,99.0984,40.1792,99.0984,28.5012,28.5012,40.1792,99.0984,40.1792,99.0984,28.5012,28.5012,40.1792,28.5012,28.5012,14.2506,14.2506,14.2506,14.2506,14.2506,16.7783,16.7783,14.2506,14.2506,14.2506,14.2506,14.2506,16.7783,16.7783,0,0,0,0,0,0,0,0,0,0,0,0,0,0,0,0,0,0,0,0,0,0,0,0,0,0,0,0,0,0,0,0,0,0,0,0,0,0,0,0,0,0,0,0,0,0,0,0,0,0,0,0,0,0,0,0,0,0,0,0,0,0,0,0,0,0,0,0,0,0,0,0,0,0,0,0,0,0,0,0,0,0,0,0,0,0,0,0,0,0,0,0,0,0,0,0,0,0,0,0,0,0,0,0,0,0,0,0,0,0,0,0,0,0,0,0,0,-0.0140629,0.0220476,-0.0238461,0.245583,0.284073,0.690087,0.395904,-0.787473,-0.363026,0.0820973,-0.0922273,0.251194,-0.288415,-0.407111,1.80109,-0.385768,-0.0619236,0.0343536,0.0788729,0.559757,0.0412569,-0.373852,-0.905757,-0.158105,0.101153,0.0952638,-0.471662,0.65862,0.943721,-0.443156,0.317248,0.131419,0.67418,0.0276577,-0.495944,0.503606,0.0508948,0.139138,-0.523226,0.196285,-0.0865701,0.899953,-0.557358,0.0576373,0.13754,-0.159215,0.302656,0.307707,0.373634,0.036006,0.473508,-0.0271583,0.00307367,0.00753602,0.324588,-0.545368,-0.0404488,0.42145,0.0150667,-0.0278523,0.00709724,1.217,0.0220458,0.014059,-0.999658,0.6,0,0,1.60718,1.21185,1.68981
-4.23085,-0.0133311,14.99,0.00772603,-0.28388,-0.0628642,-0.0162536,0.0169977,-0.022712,-4.23085,-0.0133311,14.99,0.00772603,-0.28388,-0.0628642,-0.0162536,0.0169977,-0.022712,0.744116,0.107222,-0.777382,0.523844,0.0302652,0.143035,-0.826637,0.224063,-0.00661608,0.859148,-0.87267,-0.0403683,0.135628,-0.137834,0.285244,0.324758,0.364224,0.0300801,0.455025,-0.0298933,-0.00801846,0.0148996,0.173108,-0.598769,-0.102133,0.429497,-0.00759907,-0.0316987,0.00592777,0,0,0,0,0,0,0,0,0,0,0,0,0,0,0,0,0,0,0,0,0,0,0,0,0,0,0,0,0,-0.532509,-0.14056,0.135159,0.636228,-0.112224,0.0857262,0.285645,-0.061932,-0.00915042,0.501882,-0.557736,0.0296664,-0.0427246,0.113434,-0.00867949,0.240827,0.248138,0.0075552,0.582445,-0.00995607,0.0226887,0.0151706,0.0622857,-0.178854,0.0643844,0.523808,0.0146005,-0.0182551,0.0247264,1.30103,-1.39472,-1.50234,1.2693,-2.34205,0.518086,-1.91847,1.58562,0.969394,7.67567,0.576508,0.402912,1.86491,-0.167032,-0.257327,-0.720068,-0.150189,-0.0737038,-0.012579,-0.299422,0.0434042,-0.162993,0.905518,0.147746,0.737666,-0.562854,-0.010217,0.129822,-0.047534,45.3546,25.2644,-21.9429,-21.5184,8.93093,0.560825,-27.9079,16.7528,-5.81121,-8.05566,-0.9714,0.0818835,2.83818,-7.63687,9.32196,1.59089,1.91911,0.45123,-1.5547,0.0275464,-0.377985,0.0409015,2.97308,-5.39212,-2.17708,-0.993955,0.0153088,-0.320426,-0.247029,0,0,0,0,0,0,0,0,0,0,0,0,0,0,0,0,0,0,0,0,0,0,0,0,0,0,0,0,0,2.55789,6.3088,2.55789,6.3088,1.81445,1.81445,2.55789,6.3088,2.55789,6.3088,1.81445,1.81445,2.55789,1.81445,1.81445,0.907223,0.907223,0.907223,0.907223,0.907223,1.06814,1.06814,0.907223,0.907223,0.907223,0.907223,0.907223,1.06814,1.06814,40.1792,99.0984,40.1792,99.0984,28.5012,28.5012,40.1792,99.0984,40.1792,99.0984,28.5012,28.5012,40.1792,28.5012,28.5012,14.2506,14.2506,14.2506,14.2506,14.2506,16.7783,16.7783,14.2506,14.2506,14.2506,14.2506,14.2506,16.7783,16.7783,0,0,0,0,0,0,0,0,0,0,0,0,0,0,0,0,0,0,0,0,0,0,0,0,0,0,0,0,0,0,0,0,0,0,0,0,0,0,0,0,0,0,0,0,0,0,0,0,0,0,0,0,0,0,0,0,0,0,0,0,0,0,0,0,0,0,0,0,0,0,0,0,0,0,0,0,0,0,0,0,0,0,0,0,0,0,0,0,0,0,0,0,0,0,0,0,0,0,0,0,0,0,0,0,0,0,0,0,0,0,0,0,0,0,0,0,0,-0.0162536,0.0169977,-0.022712,0.284461,-0.0613168,0.650385,0.374447,-0.909233,-0.314275,0.0685857,-0.232874,0.247701,-0.330557,-0.388764,1.92882,-0.939896,-0.0681596,-0.0173266,0.305772,0.638971,-0.107629,-0.425481,-1.41975,-0.0120831,0.199992,0.0795665,-0.413949,0.542254,0.896684,-1.57011,0.326135,-0.0920438,0.744116,0.107222,-0.777382,0.523844,0.0302652,0.143035,-0.826637,0.224063,-0.00661608,0.859148,-0.87267,-0.0403683,0.135628,-0.137834,0.285244,0.324758,0.364224,0.0300801,0.455025,-0.0298933,-0.00801846,0.0148996,0.173108,-0.598769,-0.102133,0.429497,-0.00759907,-0.0316987,0.00592777,0.688,0.0169968,0.0162505,-0.999723,0.6,0,0,1.60718,1.21185,1.68981
-4.35718,0.0291052,15.5323,0.160906,-0.325573,-0.140766,-0.0141941,0.00988869,-0.0251511,-4.35718,0.0291052,15.5323,0.160906,-0.325573,-0.140766,-0.0141941,0.00988869,-0.0251511,0.594225,0.173304,-0.798667,0.492443,0.0332552,0.231886,-0.929881,0.143508,0.0362656,0.97327,-0.87267,-0.0354068,0.104915,-0.0129371,0.193106,0.249657,0.361693,0.0220565,0.470357,-0.0357631,-0.00832468,0.0207722,0.184677,-0.500664,-0.0984407,0.481203,-0.0125664,-0.0251999,0.0073784,0,0,0,0,0,0,0,0,0,0,0,0,0,0,0,0,0,0,0,0,0,0,0,0,0,0,0,0,0,-0.513342,-0.15982,0.0933621,0.655805,-0.150864,0.0923314,0.229358,-0.0108012,0.00958892,0.636825,-0.612963,0.0146714,-0.000227313,0.0970009,-0.00349283,0.230493,0.243688,0.00444242,0.579148,-0.0155131,0.0214235,0.0139037,0.0807007,-0.180118,0.070389,0.518219,0.00922089,-0.0179405,0.0247959,0.988225,-0.657373,-2.39446,0.633948,-1.58871,0.216043,-3.2825,2.95178,0.632572,5.75159,-3.647,-0.935087,2.16529,-1.20697,0.347413,-0.443161,-0.270542,-0.196883,-0.294096,-0.245755,-0.114201,-0.0334954,0.876084,-0.252353,-0.0272091,-0.0822627,-0.301656,0.00478321,-0.0161045,48.2245,30.8165,-29.1425,-17.5526,8.0916,1.03109,-34.4542,5.36208,-2.47231,-14.5628,-0.905286,0.127497,0.0476815,-4.66817,7.56188,1.73451,1.95021,0.531757,-1.53404,0.0184643,-0.381157,0.0515396,0.537519,-5.78558,-2.48733,-1.16646,0.0345466,-0.230282,-0.309571,0,0,0,0,0,0,0,0,0,0,0,0,0,0,0,0,0,0,0,0,0,0,0,0,0,0,0,0,0,2.55789,6.3088,2.55789,6.3088,1.81445,1.81445,2.55789,6.3088,2.55789,6.3088,1.81445,1.81445,2.55789,1.81445,1.81445,0.907223,0.907223,0.907223,0.907223,0.907223,1.06814,1.06814,0.907223,0.907223,0.907223,0.907223,0.907223,1.06814,1.06814,40.1792,99.0984,40.1792,99.0984,28.5012,28.5012,40.1792,99.0984,40.1792,99.0984,28.5012,28.5012,40.1792,28.5012,28.5012,14.2506,14.2506,14.2506,14.2506,14.2506,16.7783,16.7783,14.2506,14.2506,14.2506,14.2506,14.2506,16.7783,16.7783,0,0,0,0,0,0,0,0,0,0,0,0,0,0,0,0,0,0,0,0,0,0,0,0,0,0,0,0,0,0,0,0,0,0,0,0,0,0,0,0,0,0,0,0,0,0,0,0,0,0,0,0,0,0,0,0,0,0,0,0,0,0,0,0,0,0,0,0,0,0,0,0,0,0,0,0,0,0,0,0,0,0,0,0,0,0,0,0,0,0,0,0,0,0,0,0,0,0,0,0,0,0,0,0,0,0,0,0,0,0,0,0,0,0,0,0,0,-0.0141941,0.00988869,-0.0251511,0.113222,-0.0349374,0.4403,0.368676,-0.685544,-0.0294979,0.0502909,-0.224455,0.19161,-0.295598,-0.270868,1.65507,-1.12845,-0.0815433,-0.0286527,0.494219,0.409249,-0.111739,-0.33825,-1.45863,0.066233,0.278818,0.0990378,-0.503498,0.867704,0.903501,-1.51671,0.528722,-0.080731,0.594225,0.173304,-0.798667,0.492443,0.0332552,0.231886,-0.929881,0.143508,0.0362656,0.97327,-0.87267,-0.0354068,0.104915,-0.0129371,0.193106,0.249657,0.361693,0.0220565,0.470357,-0.0357631,-0.00832468,0.0207722,0.184677,-0.500664,-0.0984407,0.481203,-0.0125664,-0.0251999,0.0073784,0.666,0.00988853,0.014193,-0.99985,0.6,0,0,1.60612,1.20328,1.64293
-5.19722,-1.14757,12.8129,0.0618777,-0.0858363,-0.0418536,-0.0119751,0.00530103,-0.0263196,-5.19722,-1.14757,12.8129,0.0618777,-0.0858363,-0.0418536,-0.0119751,0.00530103,-0.0263196,0.289027,0.229498,-0.755848,0.418444,0.0123579,0.2618,-0.782217,0.0688007,0.0541413,1.13201,-0.87267,-0.0115087,0.0702444,0.00717076,0.215627,0.176016,0.247781,-0.0206988,0.445735,-0.0255033,-0.000137,0.0210908,0.227969,-0.404022,-0.0682475,0.512227,-0.0113404,-0.0179479,0.0102567,0,0,0,0,0,0,0,0,0,0,0,0,0,0,0,0,0,0,0,0,0,0,0,0,0,0,0,0,0,-0.492428,-0.164313,0.0548676,0.654296,-0.173992,0.0960025,0.140215,0.0380859,0.0167807,0.751404,-0.677907,0.000421373,0.0282688,0.0752227,0.00579127,0.219691,0.239453,-0.00089132,0.573255,-0.0209416,0.0182593,0.0146132,0.097541,-0.186026,0.0608476,0.52339,0.00307097,-0.0180879,0.0239083,1.24974,0.0280528,-1.67457,-0.546856,-0.861849,0.155101,-4.98554,2.08622,0.0888053,5.28962,-2.7996,-0.589334,1.02446,-0.997643,0.300347,-0.615691,-0.166078,-0.255574,-0.358875,-0.252466,-0.169387,0.0521185,0.749537,-0.361789,-0.70248,0.45423,-0.274156,0.0420188,-0.0791284,40.7347,33.5237,-30.0892,-13.2049,7.51879,3.58611,-30.7544,-2.65208,0.403086,-11.4458,-0.455186,0.0527803,0.428323,-0.740239,4.68489,0.957755,1.89655,0.559268,-1.17145,0.0177883,-0.271655,0.0485345,0.560478,-4.18857,-1.6746,-0.978103,0.0272513,-0.147369,-0.201957,0,0,0,0,0,0,0,0,0,0,0,0,0,0,0,0,0,0,0,0,0,0,0,0,0,0,0,0,0,2.55789,6.3088,2.55789,6.3088,1.81445,1.81445,2.55789,6.3088,2.55789,6.3088,1.81445,1.81445,2.55789,1.81445,1.81445,0.907223,0.907223,0.907223,0.907223,0.907223,1.06814,1.06814,0.907223,0.907223,0.907223,0.907223,0.907223,1.06814,1.06814,40.1792,99.0984,40.1792,99.0984,28.5012,28.5012,40.1792,99.0984,40.1792,99.0984,28.5012,28.5012,40.1792,28.5012,28.5012,14.2506,14.2506,14.2506,14.2506,14.2506,16.7783,16.7783,14.2506,14.2506,14.2506,14.2506,14.2506,16.7783,16.7783,0,0,0,0,0,0,0,0,0,0,0,0,0,0,0,0,0,0,0,0,0,0,0,0,0,0,0,0,0,0,0,0,0,0,0,0,0,0,0,0,0,0,0,0,0,0,0,0,0,0,0,0,0,0,0,0,0,0,0,0,0,0,0,0,0,0,0,0,0,0,0,0,0,0,0,0,0,0,0,0,0,0,0,0,0,0,0,0,0,0,0,0,0,0,0,0,0,0,0,0,0,0,0,0,0,0,0,0,0,0,0,0,0,0,0,0,0,-0.0119751,0.00530103,-0.0263196,-0.0546868,0.0637712,0.491652,0.108945,-0.465191,0.01635,-0.0471953,-0.155611,0.128289,-0.35174,-0.200131,1.09767,-0.85877,-0.0581501,-0.0258573,0.654472,0.196203,-0.0018389,-0.240908,-1.38043,0.0988798,0.283094,0.137672,-0.714524,1.32039,0.855853,-1.55092,0.619525,-0.0262411,0.289027,0.229498,-0.755848,0.418444,0.0123579,0.2618,-0.782217,0.0688007,0.0541413,1.13201,-0.87267,-0.0115087,0.0702444,0.00717076,0.215627,0.176016,0.247781,-0.0206988,0.445735,-0.0255033,-0.000137,0.0210908,0.227969,-0.404022,-0.0682475,0.512227,-0.0113404,-0.0179479,0.0102567,0.67,0.005301,0.0119747,-0.999914,0.6,0,0,1.60612,1.20328,1.64293
-3.68634,-0.888734,10.1024,-0.0472201,-0.0172634,0.0475039,-0.012075,0.00382006,-0.0258282,-3.68634,-0.888734,10.1024,-0.0472201,-0.0172634,0.0475039,-0.012075,0.00382006,-0.0258282,-0.0230585,0.27334,-0.60535,0.372032,0.000701864,0.2618,-0.594737,0.0161428,0.0927099,1.25296,-0.87267,0.0129682,0.0232974,-0.0253843,0.23022,0.158139,0.203581,-0.0346756,0.455956,-0.0130649,0.00455422,0.0207817,0.258137,-0.355858,-0.0381839,0.536614,-0.00463802,-0.0129257,0.00986708,0,0,0,0,0,0,0,0,0,0,0,0,0,0,0,0,0,0,0,0,0,0,0,0,0,0,0,0,0,-0.468159,-0.159322,0.0321469,0.633102,-0.184631,0.0988073,0.0223623,0.0660029,0.0138961,0.860714,-0.727042,-0.00381991,0.0365745,0.0608481,0.01574,0.206513,0.235705,-0.00620655,0.563586,-0.022746,0.0177277,0.016328,0.114107,-0.194105,0.0445233,0.53506,-0.00117629,-0.016035,0.0219373,1.34245,0.341455,-0.918417,-1.32863,-0.32788,0.11497,-6.1557,1.00466,-0.349043,5.13917,-2.1051,-0.100729,0.172137,-0.57743,0.400742,-0.714811,-0.230239,-0.246777,-0.570432,-0.0429709,-0.00199921,0.0899748,0.839777,-0.457027,-0.84012,0.637577,-0.175144,0.143389,-0.107122,27.2349,36.4957,-29.3749,-13.3633,6.24209,4.42672,-17.03,-6.17391,2.37598,-5.51394,-0.313386,-0.0314084,0.904447,-0.493903,4.88351,0.18183,0.365577,0.0152845,-1.19229,5.97435e-05,-0.303914,-0.0154223,0.879794,-2.60537,-0.864159,-0.882813,0.014854,-0.173714,-0.0852158,0,0,0,0,0,0,0,0,0,0,0,0,0,0,0,0,0,0,0,0,0,0,0,0,0,0,0,0,0,2.55789,6.3088,2.55789,6.3088,1.81445,1.81445,2.55789,6.3088,2.55789,6.3088,1.81445,1.81445,2.55789,1.81445,1.81445,0.907223,0.907223,0.907223,0.907223,0.907223,1.06814,1.06814,0.907223,0.907223,0.907223,0.907223,0.907223,1.06814,1.06814,40.1792,99.0984,40.1792,99.0984,28.5012,28.5012,40.1792,99.0984,40.1792,99.0984,28.5012,28.5012,40.1792,28.5012,28.5012,14.2506,14.2506,14.2506,14.2506,14.2506,16.7783,16.7783,14.2506,14.2506,14.2506,14.2506,14.2506,16.7783,16.7783,0,0,0,0,0,0,0,0,0,0,0,0,0,0,0,0,0,0,0,0,0,0,0,0,0,0,0,0,0,0,0,0,0,0,0,0,0,0,0,0,0,0,0,0,0,0,0,0,0,0,0,0,0,0,0,0,0,0,0,0,0,0,0,0,0,0,0,0,0,0,0,0,0,0,0,0,0,0,0,0,0,0,0,0,0,0,0,0,0,0,0,0,0,0,0,0,0,0,0,0,0,0,0,0,0,0,0,0,0,0,0,0,0,0,0,0,0,-0.012075,0.00382006,-0.0258282,-0.0954471,0.132559,0.524924,0.00816501,-0.355372,-0.0578787,-0.0790639,-0.0870631,0.0425487,-0.328434,-0.144525,0.527702,-0.516372,-0.0297893,-0.0105752,0.779499,0.0460352,0.0611298,-0.173498,-1.10557,0.169319,0.278945,0.132442,-0.846881,1.6653,0.829277,-1.63027,0.681995,0.0295687,-0.0230585,0.27334,-0.60535,0.372032,0.000701864,0.2618,-0.594737,0.0161428,0.0927099,1.25296,-0.87267,0.0129682,0.0232974,-0.0253843,0.23022,0.158139,0.203581,-0.0346756,0.455956,-0.0130649,0.00455422,0.0207817,0.258137,-0.355858,-0.0381839,0.536614,-0.00463802,-0.0129257,0.00986708,0.804,0.00382005,0.0120747,-0.99992,0.6,0,0,1.55008,0.587755,1.69398
-2.03933,-0.176828,8.09696,-0.0517194,-0.0978741,0.0914777,-0.0132426,0.00223759,-0.0239657,-2.03933,-0.176828,8.09696,-0.0517194,-0.0978741,0.0914777,-0.0132426,0.00223759,-0.0239657,-0.280956,0.307781,-0.467463,0.341367,0.00271678,0.2618,-0.488978,-0.0212978,0.120412,1.32499,-0.87267,0.026649,-0.032422,-0.0476689,0.190689,0.151372,0.270441,-0.00865563,0.471718,-0.00926315,0.00267531,0.0268679,0.248943,-0.288813,0.0046453,0.543657,0.00706939,-0.0133455,0.00827356,0,0,0,0,0,0,0,0,0,0,0,0,0,0,0,0,0,0,0,0,0,0,0,0,0,0,0,0,0,-0.441763,-0.149319,0.0231998,0.603049,-0.189883,0.100304,-0.108551,0.0773453,0.00942726,0.962241,-0.764046,0.000260307,0.0303834,0.0529321,0.0266745,0.191579,0.229446,-0.0114339,0.552948,-0.0206294,0.0178748,0.0178858,0.133433,-0.205141,0.0302557,0.548162,-0.00253023,-0.0128153,0.0192194,1.42811,0.55384,-0.277653,-1.52549,-0.267326,0.0459512,-6.48605,0.315782,-0.234694,4.67442,-1.60232,0.255721,-0.461733,-0.337893,0.466736,-0.767453,-0.39507,-0.251264,-0.507319,0.131297,0.000481276,0.0693161,1.00934,-0.623795,-0.612242,0.658842,-0.0369931,0.171366,-0.126269,13.3944,38.4919,-24.5819,-13.4816,5.88653,4.51072,-3.27996,-8.20958,3.87514,-0.702045,-0.182262,-0.0990141,0.891233,-1.64627,4.89521,0.19533,-0.0375338,-0.107782,-0.93292,-0.0111616,-0.227525,-0.02529,0.891202,-1.61232,-0.42048,-0.744438,0.00346203,-0.177786,-0.0207641,0,0,0,0,0,0,0,0,0,0,0,0,0,0,0,0,0,0,0,0,0,0,0,0,0,0,0,0,0,2.55789,6.3088,2.55789,6.3088,1.81445,1.81445,2.55789,6.3088,2.55789,6.3088,1.81445,1.81445,2.55789,1.81445,1.81445,0.907223,0.907223,0.907223,0.907223,0.907223,1.06814,1.06814,0.907223,0.907223,0.907223,0.907223,0.907223,1.06814,1.06814,40.1792,99.0984,40.1792,99.0984,28.5012,28.5012,40.1792,99.0984,40.1792,99.0984,28.5012,28.5012,40.1792,28.5012,28.5012,14.2506,14.2506,14.2506,14.2506,14.2506,16.7783,16.7783,14.2506,14.2506,14.2506,14.2506,14.2506,16.7783,16.7783,0,0,0,0,0,0,0,0,0,0,0,0,0,0,0,0,0,0,0,0,0,0,0,0,0,0,0,0,0,0,0,0,0,0,0,0,0,0,0,0,0,0,0,0,0,0,0,0,0,0,0,0,0,0,0,0,0,0,0,0,0,0,0,0,0,0,0,0,0,0,0,0,0,0,0,0,0,0,0,0,0,0,0,0,0,0,0,0,0,0,0,0,0,0,0,0,0,0,0,0,0,0,0,0,0,0,0,0,0,0,0,0,0,0,0,0,0,-0.0132426,0.00223759,-0.0239657,-0.110876,0.111595,0.434789,0.160612,-0.202502,-0.10869,-0.0197357,0.0105917,-0.0592132,-0.292496,-0.128469,0.0566973,-0.32322,-0.0211209,0.0161189,0.877717,-0.0607361,0.0359098,-0.179132,-0.853742,0.219912,0.360638,0.111053,-0.934328,1.87072,0.833871,-1.51871,0.691886,0.0607625,-0.280956,0.307781,-0.467463,0.341367,0.00271678,0.2618,-0.488978,-0.0212978,0.120412,1.32499,-0.87267,0.026649,-0.032422,-0.0476689,0.190689,0.151372,0.270441,-0.00865563,0.471718,-0.00926315,0.00267531,0.0268679,0.248943,-0.288813,0.0046453,0.543657,0.00706939,-0.0133455,0.00827356,1.028,0.00223758,0.0132421,-0.99991,0.6,0,0,1.50841,1.23009,1.73662
-1.33301,-0.26471,7.21833,-0.0123145,-0.167455,0.0747873,-0.0139194,-0.000839663,-0.0219469,-1.33301,-0.26471,7.21833,-0.0123145,-0.167455,0.0747873,-0.0139194,-0.000839663,-0.0219469,-0.359644,0.288739,-0.384605,0.303677,-0.0616088,0.2618,-0.511107,-0.0462378,0.124535,1.35211,-0.87267,0.0243607,-0.092013,-0.0591346,0.157501,0.143989,0.322366,0.0110678,0.45614,-0.0119147,-0.00464671,0.030518,0.188028,-0.267714,0.0190124,0.511738,0.0129554,-0.0164059,0.0103161,0,0,0,0,0,0,0,0,0,0,0,0,0,0,0,0,0,0,0,0,0,0,0,0,0,0,0,0,0,-0.413927,-0.136367,0.0243947,0.574123,-0.196799,0.100406,-0.238604,0.0781975,0.00754739,1.04985,-0.792037,0.00774149,0.0153473,0.0479575,0.0371491,0.176332,0.221638,-0.0169634,0.544749,-0.0176512,0.0167003,0.0196228,0.15539,-0.218282,0.0218366,0.560762,-0.000489533,-0.00989878,0.0159035,1.44783,0.674016,0.157648,-1.30744,-0.430463,-0.0596362,-6.26307,-0.12494,-0.0896052,3.93198,-1.22216,0.36628,-0.796644,-0.244686,0.422951,-0.751092,-0.384756,-0.257823,-0.355271,0.139163,-0.077233,0.0847488,1.11069,-0.656289,-0.299981,0.611169,0.123666,0.134884,-0.15189,1.82337,39.8736,-20.1925,-14.814,6.40585,4.66223,5.69994,-9.25692,4.71663,2.38743,-0.0816404,-0.124416,0.1253,-2.31825,3.55544,0.308361,1.03401,0.351505,-0.720061,-0.00687062,-0.155272,0.0314283,0.353277,-0.424405,0.0352447,-0.783119,-0.0047315,-0.198205,0.0368597,0,0,0,0,0,0,0,0,0,0,0,0,0,0,0,0,0,0,0,0,0,0,0,0,0,0,0,0,0,2.55789,6.3088,2.55789,6.3088,1.81445,1.81445,2.55789,6.3088,2.55789,6.3088,1.81445,1.81445,2.55789,1.81445,1.81445,0.907223,0.907223,0.907223,0.907223,0.907223,1.06814,1.06814,0.907223,0.907223,0.907223,0.907223,0.907223,1.06814,1.06814,40.1792,99.0984,40.1792,99.0984,28.5012,28.5012,40.1792,99.0984,40.1792,99.0984,28.5012,28.5012,40.1792,28.5012,28.5012,14.2506,14.2506,14.2506,14.2506,14.2506,16.7783,16.7783,14.2506,14.2506,14.2506,14.2506,14.2506,16.7783,16.7783,0,0,0,0,0,0,0,0,0,0,0,0,0,0,0,0,0,0,0,0,0,0,0,0,0,0,0,0,0,0,0,0,0,0,0,0,0,0,0,0,0,0,0,0,0,0,0,0,0,0,0,0,0,0,0,0,0,0,0,0,0,0,0,0,0,0,0,0,0,0,0,0,0,0,0,0,0,0,0,0,0,0,0,0,0,0,0,0,0,0,0,0,0,0,0,0,0,0,0,0,0,0,0,0,0,0,0,0,0,0,0,0,0,0,0,0,0,-0.0139194,-0.000839663,-0.0219469,-0.127711,-0.0272962,0.359117,0.279006,-0.154395,-0.134833,0.0252357,0.0433502,-0.168046,-0.328015,-0.201247,-0.0870143,-0.363634,-0.0271666,0.0295395,0.823413,-0.131859,-0.0623713,-0.220211,-0.702415,0.227442,0.409632,0.138469,-1.04181,1.94807,0.687202,-1.22296,0.698378,0.0555449,-0.359644,0.288739,-0.384605,0.303677,-0.0616088,0.2618,-0.511107,-0.0462378,0.124535,1.35211,-0.87267,0.0243607,-0.092013,-0.0591346,0.157501,0.143989,0.322366,0.0110678,0.45614,-0.0119147,-0.00464671,0.030518,0.188028,-0.267714,0.0190124,0.511738,0.0129554,-0.0164059,0.0103161,0.686,-0.000839663,0.0139189,-0.999903,0.6,0,0,1.50841,1.23009,1.73662
-0.493611,-0.569184,7.35088,0.0202508,-0.190752,0.0851814,-0.0138979,-0.00450171,-0.0201179,-0.493611,-0.569184,7.35088,0.0202508,-0.190752,0.0851814,-0.0138979,-0.00450171,-0.0201179,-0.43514,0.2608,-0.274059,0.267282,-0.059478,0.2618,-0.604146,-0.0718026,0.0904874,1.28235,-0.656893,0.0399591,-0.140833,-0.0572636,0.0665292,0.148828,0.360184,0.00902646,0.460291,-0.00482635,-0.0131634,0.0324952,0.10176,-0.241706,0.0251822,0.489226,0.015784,-0.0176709,0.0112459,0,0,0,0,0,0,0,0,0,0,0,0,0,0,0,0,0,0,0,0,0,0,0,0,0,0,0,0,0,-0.383163,-0.124286,0.0311143,0.549017,-0.206665,0.0990315,-0.358553,0.0700475,0.00734727,1.11991,-0.813031,0.0133332,-0.00271976,0.0454249,0.0439005,0.162196,0.215728,-0.0220837,0.537078,-0.015963,0.0144057,0.0212701,0.178505,-0.229999,0.0175614,0.570244,0.00288488,-0.00686182,0.0135369,1.62011,0.538677,0.350753,-1.14282,-0.565927,-0.0706557,-5.66456,-0.571195,0.00812597,3.05262,-0.913717,0.233681,-0.86547,-0.104921,0.221005,-0.663918,-0.231467,-0.225016,-0.402236,0.0635712,-0.135432,0.0743731,1.15163,-0.523801,-0.151199,0.394978,0.162721,0.139809,-0.0933806,-3.02197,37.5505,-17.6341,-17.0807,5.09215,4.75927,8.14837,-8.16929,4.67921,3.62397,-0.0439326,-0.109714,-1.35736,-2.81643,2.79227,0.333217,1.7336,0.678981,-0.798871,-0.00017741,-0.181054,0.0759257,-0.882431,-0.0640319,0.163793,-1.18906,-0.00442405,-0.309801,0.0477069,0,0,0,0,0,0,0,0,0,0,0,0,0,0,0,0,0,0,0,0,0,0,0,0,0,0,0,0,0,2.55789,6.3088,2.55789,6.3088,1.81445,1.81445,2.55789,6.3088,2.55789,6.3088,1.81445,1.81445,2.55789,1.81445,1.81445,0.907223,0.907223,0.907223,0.907223,0.907223,1.06814,1.06814,0.907223,0.907223,0.907223,0.907223,0.907223,1.06814,1.06814,40.1792,99.0984,40.1792,99.0984,28.5012,28.5012,40.1792,99.0984,40.1792,99.0984,28.5012,28.5012,40.1792,28.5012,28.5012,14.2506,14.2506,14.2506,14.2506,14.2506,16.7783,16.7783,14.2506,14.2506,14.2506,14.2506,14.2506,16.7783,16.7783,0,0,0,0,0,0,0,0,0,0,0,0,0,0,0,0,0,0,0,0,0,0,0,0,0,0,0,0,0,0,0,0,0,0,0,0,0,0,0,0,0,0,0,0,0,0,0,0,0,0,0,0,0,0,0,0,0,0,0,0,0,0,0,0,0,0,0,0,0,0,0,0,0,0,0,0,0,0,0,0,0,0,0,0,0,0,0,0,0,0,0,0,0,0,0,0,0,0,0,0,0,0,0,0,0,0,0,0,0,0,0,0,0,0,0,0,0,-0.0138979,-0.00450171,-0.0201179,-0.116678,-0.223998,0.151693,0.365235,-0.0950948,-0.130567,0.0205812,0.057418,-0.257207,-0.31855,-0.252575,-0.224895,-0.533555,-0.0110045,0.035989,0.743736,-0.204763,-0.176688,-0.237191,-0.500521,0.16526,0.436173,0.150951,-1.1456,1.74911,0.69206,-0.670105,0.689829,0.0911108,-0.43514,0.2608,-0.274059,0.267282,-0.059478,0.2618,-0.604146,-0.0718026,0.0904874,1.28235,-0.656893,0.0399591,-0.140833,-0.0572636,0.0665292,0.148828,0.360184,0.00902646,0.460291,-0.00482635,-0.0131634,0.0324952,0.10176,-0.241706,0.0251822,0.489226,0.015784,-0.0176709,0.0112459,0.653,-0.0045017,0.0138974,-0.999893,0.6,0,0,1.47049,1.23962,1.774
-0.641581,-0.927629,7.6262,0.0631817,-0.131204,0.0960446,-0.0130012,-0.00800797,-0.0180039,-0.641581,-0.927629,7.6262,0.0631817,-0.131204,0.0960446,-0.0130012,-0.00800797,-0.0180039,-0.498328,0.200257,-0.140159,0.234336,-0.0871152,0.259276,-0.617363,-0.0749569,0.0577373,1.08717,-0.318291,0.0372124,-0.154001,-0.0518864,0.0274613,0.141102,0.408278,0.0244346,0.476954,0.005964,-0.0171945,0.0339967,0.0848692,-0.220899,0.0206445,0.512044,0.0124418,-0.0201369,0.00824912,0,0,0,0,0,0,0,0,0,0,0,0,0,0,0,0,0,0,0,0,0,0,0,0,0,0,0,0,0,-0.351068,-0.114925,0.0397955,0.526224,-0.217974,0.0980716,-0.466438,0.0530818,0.00602625,1.16156,-0.781738,0.0205726,-0.0206087,0.0442863,0.0481948,0.150222,0.213949,-0.0279653,0.52982,-0.0133605,0.00976554,0.0229171,0.200479,-0.237763,0.014568,0.577214,0.00620604,-0.00398252,0.0120298,1.6041,0.410411,0.459911,-1.09163,-0.585493,-0.0416322,-5.12452,-1.01049,-0.0922417,1.40631,2.20443,0.359608,-0.867355,-0.0341356,0.141597,-0.537101,0.0230693,-0.297152,-0.377981,0.136395,-0.253786,0.0713416,1.00199,-0.277829,-0.127326,0.314891,0.151713,0.13942,-0.0645659,-7.34568,34.6502,-13.7745,-18.8301,5.5244,4.74319,7.3481,-6.31866,3.62749,2.6293,-0.388555,-0.0985084,-2.6283,-2.83963,0.223007,0.464513,2.08348,0.796569,-0.663627,-0.00152384,-0.119945,0.0833429,-2.31248,0.208999,0.270885,-1.53636,-0.00125873,-0.376715,0.0561947,0,0,0,0,0,0,0,0,0,0,0,0,0,0,0,0,0,0,0,0,0,0,0,0,0,0,0,0,0,2.55789,6.3088,2.55789,6.3088,1.81445,1.81445,2.55789,6.3088,2.55789,6.3088,1.81445,1.81445,2.55789,1.81445,1.81445,0.907223,0.907223,0.907223,0.907223,0.907223,1.06814,1.06814,0.907223,0.907223,0.907223,0.907223,0.907223,1.06814,1.06814,40.1792,99.0984,40.1792,99.0984,28.5012,28.5012,40.1792,99.0984,40.1792,99.0984,28.5012,28.5012,40.1792,28.5012,28.5012,14.2506,14.2506,14.2506,14.2506,14.2506,16.7783,16.7783,14.2506,14.2506,14.2506,14.2506,14.2506,16.7783,16.7783,0,0,0,0,0,0,0,0,0,0,0,0,0,0,0,0,0,0,0,0,0,0,0,0,0,0,0,0,0,0,0,0,0,0,0,0,0,0,0,0,0,0,0,0,0,0,0,0,0,0,0,0,0,0,0,0,0,0,0,0,0,0,0,0,0,0,0,0,0,0,0,0,0,0,0,0,0,0,0,0,0,0,0,0,0,0,0,0,0,0,0,0,0,0,0,0,0,0,0,0,0,0,0,0,0,0,0,0,0,0,0,0,0,0,0,0,0,-0.0130012,-0.00800797,-0.0180039,-0.134292,-0.26251,0.0626146,0.474895,-0.0476528,-0.118306,0.0557134,0.0470714,-0.281256,-0.280558,-0.200549,-0.340296,-0.557693,0.0135985,0.0283685,0.571084,-0.213759,-0.230795,-0.270291,-0.255977,0.105447,0.456326,0.110725,-1.23955,1.1925,0.629045,0.101941,0.591176,0.0848479,-0.498328,0.200257,-0.140159,0.234336,-0.0871152,0.259276,-0.617363,-0.0749569,0.0577373,1.08717,-0.318291,0.0372124,-0.154001,-0.0518864,0.0274613,0.141102,0.408278,0.0244346,0.476954,0.005964,-0.0171945,0.0339967,0.0848692,-0.220899,0.0206445,0.512044,0.0124418,-0.0201369,0.00824912,0.67,-0.00800788,0.0130004,-0.999883,0.6,0,0,1.47049,1.23962,1.774
0.172621,-1.60523,7.46215,0.0890926,-0.097584,0.0479282,-0.0112879,-0.010494,-0.0164092,0.172621,-1.60523,7.46215,0.0890926,-0.097584,0.0479282,-0.0112879,-0.010494,-0.0164092,-0.570277,0.121462,-0.0335825,0.186004,-0.125208,0.227237,-0.520159,-0.0277203,0.0175102,0.842018,-0.0289707,0.0312355,-0.165449,-0.0115465,0.0350756,0.118679,0.34719,-0.00542237,0.483836,0.012495,-0.0204342,0.032359,0.0644796,-0.260791,-0.00667829,0.518399,0.00531579,-0.0291212,0.0105317,0,0,0,0,0,0,0,0,0,0,0,0,0,0,0,0,0,0,0,0,0,0,0,0,0,0,0,0,0,-0.319356,-0.107139,0.0489468,0.503451,-0.229193,0.0979293,-0.558441,0.0308573,0.00289076,1.15284,-0.670588,0.0258578,-0.0369291,0.0430666,0.0517778,0.141035,0.217069,-0.0330301,0.525795,-0.00862421,0.00383523,0.0240645,0.217385,-0.239609,0.0113278,0.587268,0.00794845,-0.00270704,0.0103847,1.56249,0.337116,0.500297,-1.16504,-0.551055,-0.0215175,-4.24114,-1.16718,-0.11688,-1.47768,6.11154,0.216055,-0.787328,-0.0104617,0.18494,-0.371023,0.293657,-0.195126,-0.163794,0.239324,-0.26952,0.0493632,0.715671,0.0563312,-0.152444,0.560838,0.0648808,0.0683744,-0.0852157,-11.076,28.3162,-8.81626,-19.514,5.00899,4.58845,8.30886,-3.3747,2.54735,1.75457,-0.986508,-0.069703,-2.72794,-2.65862,-1.03661,0.345748,2.4966,1.00583,-0.558055,-0.00891129,-0.0642011,0.114365,-2.54398,0.24411,0.275423,-1.57007,0.00522403,-0.357663,0.0541877,0,0,0,0,0,0,0,0,0,0,0,0,0,0,0,0,0,0,0,0,0,0,0,0,0,0,0,0,0,2.55789,6.3088,2.55789,6.3088,1.81445,1.81445,2.55789,6.3088,2.55789,6.3088,1.81445,1.81445,2.55789,1.81445,1.81445,0.907223,0.907223,0.907223,0.907223,0.907223,1.06814,1.06814,0.907223,0.907223,0.907223,0.907223,0.907223,1.06814,1.06814,40.1792,99.0984,40.1792,99.0984,28.5012,28.5012,40.1792,99.0984,40.1792,99.0984,28.5012,28.5012,40.1792,28.5012,28.5012,14.2506,14.2506,14.2506,14.2506,14.2506,16.7783,16.7783,14.2506,14.2506,14.2506,14.2506,14.2506,16.7783,16.7783,0,0,0,0,0,0,0,0,0,0,0,0,0,0,0,0,0,0,0,0,0,0,0,0,0,0,0,0,0,0,0,0,0,0,0,0,0,0,0,0,0,0,0,0,0,0,0,0,0,0,0,0,0,0,0,0,0,0,0,0,0,0,0,0,0,0,0,0,0,0,0,0,0,0,0,0,0,0,0,0,0,0,0,0,0,0,0,0,0,0,0,0,0,0,0,0,0,0,0,0,0,0,0,0,0,0,0,0,0,0,0,0,0,0,0,0,0,-0.0112879,-0.010494,-0.0164092,-0.18542,-0.309,0.0799759,0.335608,-0.13861,-0.0263271,-0.0123635,-0.0152272,-0.302164,-0.264865,-0.186058,-0.471699,-0.380166,0.02849,0.0121205,0.346379,-0.0790516,-0.274281,-0.390884,-0.0613327,0.0319794,0.434345,0.141364,-1.37739,0.493406,0.54219,0.76162,0.518122,0.07122,-0.570277,0.121462,-0.0335825,0.186004,-0.125208,0.227237,-0.520159,-0.0277203,0.0175102,0.842018,-0.0289707,0.0312355,-0.165449,-0.0115465,0.0350756,0.118679,0.34719,-0.00542237,0.483836,0.012495,-0.0204342,0.032359,0.0644796,-0.260791,-0.00667829,0.518399,0.00531579,-0.0291212,0.0105317,0.887,-0.0104938,0.0112871,-0.999881,0.6,0,0,1.43161,0.574874,1.74771
1.03416,-2.08649,7.01645,0.0637433,-0.0996424,0.0543091,-0.00956828,-0.0124743,-0.0152077,1.03416,-2.08649,7.01645,0.0637433,-0.0996424,0.0543091,-0.00956828,-0.0124743,-0.0152077,-0.657778,0.0617842,0.062342,0.126997,-0.171896,0.21791,-0.323105,0.0355884,-0.0505355,0.65457,0.170602,0.0374337,-0.181961,0.000132984,0.0617855,0.0849255,0.286044,-0.029882,0.46204,0.0178579,-0.0271399,0.02984,0.0406593,-0.323132,-0.038639,0.504598,-0.000802237,-0.0379502,0.0103517,0,0,0,0,0,0,0,0,0,0,0,0,0,0,0,0,0,0,0,0,0,0,0,0,0,0,0,0,0,-0.286719,-0.100368,0.0592043,0.47751,-0.239387,0.0958367,-0.627658,0.0110312,0.0030137,1.08123,-0.504029,0.0279233,-0.0532002,0.0429818,0.055754,0.134485,0.224267,-0.0361709,0.526485,-0.00304731,-0.00126663,0.0252009,0.229176,-0.235499,0.00728742,0.601223,0.00742841,-0.00301784,0.0099383,1.62164,0.257202,0.573233,-1.3804,-0.47851,-0.120265,-3.00334,-0.893304,0.15035,-4.60394,8.2375,0.0615338,-0.827965,0.10987,0.249371,-0.245639,0.436824,-0.118538,0.0559199,0.26097,-0.203819,0.0543389,0.509786,0.306765,-0.180964,0.686493,-0.0437872,-0.0107471,-0.00490652,-15.4477,20.2275,-5.10864,-20.465,4.09725,3.95659,11.923,1.69881,0.29538,3.97495,-1.40223,-0.0205938,-2.44842,-1.67998,-1.01348,0.0110236,1.38738,0.553468,-0.670548,-0.0155442,-0.100364,0.06254,-2.81103,-0.612895,-0.0274799,-1.80417,0.00964489,-0.420841,0.0159157,0,0,0,0,0,0,0,0,0,0,0,0,0,0,0,0,0,0,0,0,0,0,0,0,0,0,0,0,0,2.55789,6.3088,2.55789,6.3088,1.81445,1.81445,2.55789,6.3088,2.55789,6.3088,1.81445,1.81445,2.55789,1.81445,1.81445,0.907223,0.907223,0.907223,0.907223,0.907223,1.06814,1.06814,0.907223,0.907223,0.907223,0.907223,0.907223,1.06814,1.06814,40.1792,99.0984,40.1792,99.0984,28.5012,28.5012,40.1792,99.0984,40.1792,99.0984,28.5012,28.5012,40.1792,28.5012,28.5012,14.2506,14.2506,14.2506,14.2506,14.2506,16.7783,16.7783,14.2506,14.2506,14.2506,14.2506,14.2506,16.7783,16.7783,0,0,0,0,0,0,0,0,0,0,0,0,0,0,0,0,0,0,0,0,0,0,0,0,0,0,0,0,0,0,0,0,0,0,0,0,0,0,0,0,0,0,0,0,0,0,0,0,0,0,0,0,0,0,0,0,0,0,0,0,0,0,0,0,0,0,0,0,0,0,0,0,0,0,0,0,0,0,0,0,0,0,0,0,0,0,0,0,0,0,0,0,0,0,0,0,0,0,0,0,0,0,0,0,0,0,0,0,0,0,0,0,0,0,0,0,0,-0.00956828,-0.0124743,-0.0152077,-0.262381,-0.363313,0.140877,0.196189,-0.280754,0.000303218,-0.0681339,-0.0881007,-0.332321,-0.314562,-0.217526,-0.631504,-0.0202816,0.0407178,-0.00182918,0.176193,0.101489,-0.36429,-0.509392,0.113857,-0.0922944,0.400532,0.138948,-1.54566,-0.0411512,0.435735,1.21667,0.496857,0.0853526,-0.657778,0.0617842,0.062342,0.126997,-0.171896,0.21791,-0.323105,0.0355884,-0.0505355,0.65457,0.170602,0.0374337,-0.181961,0.000132984,0.0617855,0.0849255,0.286044,-0.029882,0.46204,0.0178579,-0.0271399,0.02984,0.0406593,-0.323132,-0.038639,0.504598,-0.000802237,-0.0379502,0.0103517,1.084,-0.0124739,0.00956739,-0.999876,0.6,0,0,1.43161,0.574874,1.74771
1.73041,-1.93638,6.67894,0.0351298,-0.0853855,0.0902613,-0.00847258,-0.0138877,-0.0135401,1.73041,-1.93638,6.67894,0.0351298,-0.0853855,0.0902613,-0.00847258,-0.0138877,-0.0135401,-0.689856,0.0738881,0.0868098,0.0645771,-0.199347,0.229347,-0.134436,0.0573637,-0.0989658,0.526063,0.327733,0.0518084,-0.180458,0.00600101,0.0609513,0.0632097,0.237193,-0.0464087,0.445044,0.0142016,-0.030762,0.0294038,0.0604836,-0.322456,-0.043073,0.500057,-0.00084479,-0.0387598,0.00460701,0,0,0,0,0,0,0,0,0,0,0,0,0,0,0,0,0,0,0,0,0,0,0,0,0,0,0,0,0,-0.250508,-0.0957874,0.0719316,0.447685,-0.248748,0.0945094,-0.669524,-0.00172387,0.00735306,0.960785,-0.322822,0.0299063,-0.071425,0.045911,0.0580743,0.130088,0.232483,-0.0374883,0.528257,0.00259977,-0.00490808,0.0261313,0.237332,-0.228461,0.00316092,0.613652,0.00531165,-0.00419684,0.0104812,1.83671,0.141883,0.703533,-1.54131,-0.460652,-0.0448568,-1.60299,-0.497268,0.263612,-6.49549,8.42864,0.0940698,-0.945558,0.255867,0.136366,-0.138796,0.414213,-0.0364978,0.0188734,0.258834,-0.152107,0.0421253,0.356902,0.367511,-0.17682,0.501658,-0.109906,-0.0612668,0.0344218,-20.9608,14.5789,-2.09245,-22.3375,3.00272,3.56845,18.0353,6.85141,-2.95828,9.57174,-1.28149,0.0421305,-2.09061,-1.69244,-0.0986601,-0.499502,0.40504,0.146485,-0.983559,-0.0179188,-0.211907,0.0177653,-3.12541,-1.67069,-0.428246,-2.02668,0.0125653,-0.5016,-0.0376686,0,0,0,0,0,0,0,0,0,0,0,0,0,0,0,0,0,0,0,0,0,0,0,0,0,0,0,0,0,2.55789,6.3088,2.55789,6.3088,1.81445,1.81445,2.55789,6.3088,2.55789,6.3088,1.81445,1.81445,2.55789,1.81445,1.81445,0.907223,0.907223,0.907223,0.907223,0.907223,1.06814,1.06814,0.907223,0.907223,0.907223,0.907223,0.907223,1.06814,1.06814,40.1792,99.0984,40.1792,99.0984,28.5012,28.5012,40.1792,99.0984,40.1792,99.0984,28.5012,28.5012,40.1792,28.5012,28.5012,14.2506,14.2506,14.2506,14.2506,14.2506,16.7783,16.7783,14.2506,14.2506,14.2506,14.2506,14.2506,16.7783,16.7783,0,0,0,0,0,0,0,0,0,0,0,0,0,0,0,0,0,0,0,0,0,0,0,0,0,0,0,0,0,0,0,0,0,0,0,0,0,0,0,0,0,0,0,0,0,0,0,0,0,0,0,0,0,0,0,0,0,0,0,0,0,0,0,0,0,0,0,0,0,0,0,0,0,0,0,0,0,0,0,0,0,0,0,0,0,0,0,0,0,0,0,0,0,0,0,0,0,0,0,0,0,0,0,0,0,0,0,0,0,0,0,0,0,0,0,0,0,-0.00847258,-0.0138877,-0.0135401,-0.311896,-0.318111,0.138975,0.084804,-0.279212,0.0136829,-0.105817,-0.0982107,-0.329576,-0.353315,-0.22788,-0.69009,0.324291,0.032381,-0.00192621,0.210711,0.163587,-0.412908,-0.52026,0.158543,-0.180744,0.394678,0.0618383,-1.72366,-0.407621,0.373146,1.57494,0.522933,0.118128,-0.689856,0.0738881,0.0868098,0.0645771,-0.199347,0.229347,-0.134436,0.0573637,-0.0989658,0.526063,0.327733,0.0518084,-0.180458,0.00600101,0.0609513,0.0632097,0.237193,-0.0464087,0.445044,0.0142016,-0.030762,0.0294038,0.0604836,-0.322456,-0.043073,0.500057,-0.00084479,-0.0387598,0.00460701,0.668,-0.0138872,0.00847166,-0.999868,0.6,0,0,1.43548,1.25995,1.72217
2.67334,-1.58012,7.27128,0.0227953,-0.0689913,0.0956884,-0.00779043,-0.0145627,-0.0115828,2.67334,-1.58012,7.27128,0.0227953,-0.0689913,0.0956884,-0.00779043,-0.0145627,-0.0115828,-0.667448,0.129892,0.0570271,0.00982438,-0.243023,0.26177,-0.00904121,0.0598604,-0.112222,0.494692,0.404115,0.0587333,-0.173581,0.0148536,0.0323088,0.0520452,0.192559,-0.0555488,0.448255,0.00843581,-0.0322295,0.0261971,0.0959865,-0.309148,-0.0297612,0.504046,0.000380106,-0.0348523,-0.0024802,0,0,0,0,0,0,0,0,0,0,0,0,0,0,0,0,0,0,0,0,0,0,0,0,0,0,0,0,0,-0.207213,-0.0933209,0.085582,0.415055,-0.257828,0.093262,-0.682248,-0.00904016,0.00790351,0.8198,-0.148947,0.0345016,-0.0901284,0.0504351,0.0549888,0.127479,0.238739,-0.0370773,0.52829,0.00615371,-0.00774294,0.0272091,0.242187,-0.221022,-0.000268671,0.620902,0.00343789,-0.00552604,0.00990978,2.23711,0.0678353,0.669981,-1.65601,-0.465187,-0.0513788,-0.161589,-0.283368,-0.128871,-6.94663,7.91795,0.241956,-0.904927,0.260684,-0.158724,-0.0525255,0.257896,0.0331095,-0.0596203,0.138489,-0.120812,0.054543,0.210585,0.371942,-0.137732,0.234245,-0.0799155,-0.064263,-0.0429283,-24.9888,16.0413,-1.61682,-24.5518,2.47158,3.97083,22.5217,8.41193,-4.03499,14.1478,-0.842162,0.0561942,-1.35821,-1.69411,0.511672,-0.846064,-0.254531,-0.162809,-1.14992,-0.0118386,-0.258812,-0.021012,-2.77509,-1.77329,-0.478551,-1.9545,0.0117568,-0.491955,-0.0427395,0,0,0,0,0,0,0,0,0,0,0,0,0,0,0,0,0,0,0,0,0,0,0,0,0,0,0,0,0,2.55789,6.3088,2.55789,6.3088,1.81445,1.81445,2.55789,6.3088,2.55789,6.3088,1.81445,1.81445,2.55789,1.81445,1.81445,0.907223,0.907223,0.907223,0.907223,0.907223,1.06814,1.06814,0.907223,0.907223,0.907223,0.907223,0.907223,1.06814,1.06814,40.1792,99.0984,40.1792,99.0984,28.5012,28.5012,40.1792,99.0984,40.1792,99.0984,28.5012,28.5012,40.1792,28.5012,28.5012,14.2506,14.2506,14.2506,14.2506,14.2506,16.7783,16.7783,14.2506,14.2506,14.2506,14.2506,14.2506,16.7783,16.7783,0,0,0,0,0,0,0,0,0,0,0,0,0,0,0,0,0,0,0,0,0,0,0,0,0,0,0,0,0,0,0,0,0,0,0,0,0,0,0,0,0,0,0,0,0,0,0,0,0,0,0,0,0,0,0,0,0,0,0,0,0,0,0,0,0,0,0,0,0,0,0,0,0,0,0,0,0,0,0,0,0,0,0,0,0,0,0,0,0,0,0,0,0,0,0,0,0,0,0,0,0,0,0,0,0,0,0,0,0,0,0,0,0,0,0,0,0,-0.00779043,-0.0145627,-0.0115828,-0.337352,-0.237161,0.0736673,-0.0169669,-0.248868,0.0338676,-0.126657,-0.0678585,-0.317016,-0.345994,-0.218785,-0.649164,0.553302,0.0192345,0.00086668,0.37042,0.170707,-0.432605,-0.46781,0.10415,-0.204954,0.351635,-0.0332909,-1.87981,-0.497083,0.27356,1.7491,0.596862,0.133918,-0.667448,0.129892,0.0570271,0.00982438,-0.243023,0.26177,-0.00904121,0.0598604,-0.112222,0.494692,0.404115,0.0587333,-0.173581,0.0148536,0.0323088,0.0520452,0.192559,-0.0555488,0.448255,0.00843581,-0.0322295,0.0261971,0.0959865,-0.309148,-0.0297612,0.504046,0.000380106,-0.0348523,-0.0024802,0.678,-0.0145622,0.00778952,-0.999864,0.6,0,0,1.44434,0.585723,1.69701
3.5483,-1.16819,8.2865,0.00825859,-0.0930163,0.0956837,-0.00744535,-0.0152307,-0.00969157,3.5483,-1.16819,8.2865,0.00825859,-0.0930163,0.0956837,-0.00744535,-0.0152307,-0.00969157,-0.574491,0.174161,0.00189279,0.00213242,-0.279592,0.2618,0.0286419,0.0520332,-0.0707358,0.505403,0.366577,0.0504465,-0.16224,-0.0100894,0.00227264,0.0398497,0.20718,-0.0408715,0.445943,0.00405196,-0.0316471,0.0188921,0.119235,-0.310115,-0.0224596,0.512081,-0.00104918,-0.0313453,-0.00837924,0,0,0,0,0,0,0,0,0,0,0,0,0,0,0,0,0,0,0,0,0,0,0,0,0,0,0,0,0,-0.155385,-0.0917368,0.0974964,0.380871,-0.267802,0.0931832,-0.670603,-0.0120641,0.000396809,0.691886,-0.00207374,0.0401994,-0.107072,0.0540032,0.0457488,0.126128,0.240901,-0.0351495,0.528224,0.00720901,-0.0104239,0.0277402,0.244588,-0.214032,-0.00109846,0.623221,0.00241814,-0.00649398,0.00739288,2.65488,0.101056,0.513215,-1.69583,-0.516374,-0.0197666,0.926473,-0.045036,-0.549254,-5.71297,6.48999,0.272465,-0.765924,0.124552,-0.438931,-0.0118537,0.00468658,0.0966593,0.0248864,0.0245516,-0.112527,0.0187361,0.117877,0.337586,0.0287663,0.038596,-0.0400347,-0.0433319,-0.13022,-27.2242,21.37,-2.95243,-26.3055,1.60289,4.82755,24.3564,7.54493,-3.24044,16.539,-0.240808,0.0364926,-0.716166,-1.34778,0.479346,-1.0247,-0.7097,-0.382456,-1.15928,-0.00553855,-0.242968,-0.0460562,-2.21263,-1.65358,-0.422891,-1.74526,0.00725994,-0.43204,-0.024709,0,0,0,0,0,0,0,0,0,0,0,0,0,0,0,0,0,0,0,0,0,0,0,0,0,0,0,0,0,2.55789,6.3088,2.55789,6.3088,1.81445,1.81445,2.55789,6.3088,2.55789,6.3088,1.81445,1.81445,2.55789,1.81445,1.81445,0.907223,0.907223,0.907223,0.907223,0.907223,1.06814,1.06814,0.907223,0.907223,0.907223,0.907223,0.907223,1.06814,1.06814,40.1792,99.0984,40.1792,99.0984,28.5012,28.5012,40.1792,99.0984,40.1792,99.0984,28.5012,28.5012,40.1792,28.5012,28.5012,14.2506,14.2506,14.2506,14.2506,14.2506,16.7783,16.7783,14.2506,14.2506,14.2506,14.2506,14.2506,16.7783,16.7783,0,0,0,0,0,0,0,0,0,0,0,0,0,0,0,0,0,0,0,0,0,0,0,0,0,0,0,0,0,0,0,0,0,0,0,0,0,0,0,0,0,0,0,0,0,0,0,0,0,0,0,0,0,0,0,0,0,0,0,0,0,0,0,0,0,0,0,0,0,0,0,0,0,0,0,0,0,0,0,0,0,0,0,0,0,0,0,0,0,0,0,0,0,0,0,0,0,0,0,0,0,0,0,0,0,0,0,0,0,0,0,0,0,0,0,0,0,-0.00744535,-0.0152307,-0.00969157,-0.365159,-0.184153,0.00518185,0.0163701,-0.251072,-0.0230049,-0.0931912,-0.0512102,-0.296304,-0.351265,-0.200463,-0.479395,0.622124,0.00923888,-0.00239223,0.496666,0.148386,-0.424788,-0.420737,0.00345685,-0.129187,0.253582,-0.112472,-1.90174,-0.466538,0.190179,1.66351,0.644944,0.115023,-0.574491,0.174161,0.00189279,0.00213242,-0.279592,0.2618,0.0286419,0.0520332,-0.0707358,0.505403,0.366577,0.0504465,-0.16224,-0.0100894,0.00227264,0.0398497,0.20718,-0.0408715,0.445943,0.00405196,-0.0316471,0.0188921,0.119235,-0.310115,-0.0224596,0.512081,-0.00104918,-0.0313453,-0.00837924,0.708,-0.0152301,0.00744441,-0.999856,0.6,0,0,1.44434,0.585723,1.69701
3.94545,-0.893091,8.7549,0.00917868,-0.143376,0.115481,-0.0072801,-0.0167269,-0.0077823,3.94545,-0.893091,8.7549,0.00917868,-0.143376,0.115481,-0.0072801,-0.0167269,-0.0077823,-0.431562,0.203443,-0.0279151,0.0287642,-0.293635,0.2618,0.0116452,0.032112,-0.0360118,0.514838,0.280081,0.0366214,-0.141177,-0.0192305,-0.0415443,0.0400552,0.236529,-0.0213514,0.452925,-0.00145639,-0.0308999,0.0101554,0.116386,-0.315669,-0.0250452,0.513886,-0.00198305,-0.0325211,-0.011187,0,0,0,0,0,0,0,0,0,0,0,0,0,0,0,0,0,0,0,0,0,0,0,0,0,0,0,0,0,-0.0978735,-0.0880798,0.103082,0.348939,-0.27954,0.0903476,-0.641125,-0.00881086,-0.00962126,0.599037,0.0972139,0.0432706,-0.118523,0.0530556,0.0324081,0.125754,0.238547,-0.0324411,0.529301,0.00662133,-0.0120465,0.0262345,0.245597,-0.207943,0.00111308,0.622709,0.00145797,-0.0072276,0.00389364,2.85135,0.242708,0.0692077,-1.48048,-0.65258,-0.165075,1.72769,0.285667,-0.477734,-3.82124,4.09555,0.110228,-0.39984,-0.166062,-0.598859,0.019607,-0.19838,0.106138,0.0925427,-0.0405195,-0.0521239,-0.0969751,0.0743171,0.283292,0.151266,-0.0557356,-0.0463944,-0.0371776,-0.16586,-26.3214,24.557,-4.35003,-25.1367,1.12445,5.20342,22.6826,4.39064,-1.27293,15.1364,0.221543,0.00350889,-0.674453,-1.5378,0.301159,-1.22684,-0.286126,-0.226699,-1.26078,-3.82051e-05,-0.268473,-0.021802,-1.84961,-1.70718,-0.465366,-1.53014,0.00623572,-0.367391,-0.027257,0,0,0,0,0,0,0,0,0,0,0,0,0,0,0,0,0,0,0,0,0,0,0,0,0,0,0,0,0,2.55789,6.3088,2.55789,6.3088,1.81445,1.81445,2.55789,6.3088,2.55789,6.3088,1.81445,1.81445,2.55789,1.81445,1.81445,0.907223,0.907223,0.907223,0.907223,0.907223,1.06814,1.06814,0.907223,0.907223,0.907223,0.907223,0.907223,1.06814,1.06814,40.1792,99.0984,40.1792,99.0984,28.5012,28.5012,40.1792,99.0984,40.1792,99.0984,28.5012,28.5012,40.1792,28.5012,28.5012,14.2506,14.2506,14.2506,14.2506,14.2506,16.7783,16.7783,14.2506,14.2506,14.2506,14.2506,14.2506,16.7783,16.7783,0,0,0,0,0,0,0,0,0,0,0,0,0,0,0,0,0,0,0,0,0,0,0,0,0,0,0,0,0,0,0,0,0,0,0,0,0,0,0,0,0,0,0,0,0,0,0,0,0,0,0,0,0,0,0,0,0,0,0,0,0,0,0,0,0,0,0,0,0,0,0,0,0,0,0,0,0,0,0,0,0,0,0,0,0,0,0,0,0,0,0,0,0,0,0,0,0,0,0,0,0,0,0,0,0,0,0,0,0,0,0,0,0,0,0,0,0,-0.0072801,-0.0167269,-0.0077823,-0.36469,-0.190647,-0.0947253,0.0832898,-0.263738,-0.0438474,-0.0486834,-0.0571056,-0.257835,-0.335346,-0.196348,-0.21836,0.591083,-0.00332072,-0.00452155,0.580168,0.0915756,-0.414758,-0.43652,-0.0509821,-0.0657693,0.136313,-0.150159,-1.82579,-0.439631,0.158159,1.46629,0.649957,0.0835005,-0.431562,0.203443,-0.0279151,0.0287642,-0.293635,0.2618,0.0116452,0.032112,-0.0360118,0.514838,0.280081,0.0366214,-0.141177,-0.0192305,-0.0415443,0.0400552,0.236529,-0.0213514,0.452925,-0.00145639,-0.0308999,0.0101554,0.116386,-0.315669,-0.0250452,0.513886,-0.00198305,-0.0325211,-0.011187,0.959,-0.0167261,0.00727902,-0.999834,0.6,0,0,1.44911,0.585951,1.67044
3.97354,-1.06769,8.40756,0.00325504,-0.147815,0.146501,-0.00711553,-0.0186782,-0.00539334,3.97354,-1.06769,8.40756,0.00325504,-0.147815,0.146501,-0.00711553,-0.0186782,-0.00539334,-0.257681,0.191023,-0.0445444,0.112817,-0.25671,0.2618,-0.0503759,0.0322123,-0.0357954,0.529474,0.191628,0.0195452,-0.116307,-0.0245197,-0.0713183,0.0562265,0.29808,0.0140193,0.454573,-0.00464102,-0.0286854,0.00267241,0.111881,-0.356968,-0.0443848,0.505699,-0.00385125,-0.035395,-0.0105835,0,0,0,0,0,0,0,0,0,0,0,0,0,0,0,0,0,0,0,0,0,0,0,0,0,0,0,0,0,-0.0378314,-0.0816892,0.0988498,0.323121,-0.294697,0.0867046,-0.596693,-0.0014759,-0.0175241,0.541476,0.147192,0.0422089,-0.121071,0.0465705,0.0155822,0.125781,0.233215,-0.0297146,0.531317,0.00468552,-0.0129749,0.022352,0.245391,-0.202824,0.00415632,0.621046,0.000469255,-0.00838239,0.000664226,2.93578,0.373003,-0.414165,-1.13866,-0.830657,-0.176783,2.4307,0.402463,-0.338126,-2.24387,1.84738,-0.0873244,0.0635106,-0.399983,-0.778782,0.0301687,-0.295147,0.1005,0.125142,-0.101419,-0.0302095,-0.207892,0.00566452,0.239732,0.145901,-0.0940017,-0.0453248,-0.0649685,-0.144826,-23.2202,26.0036,-4.16381,-22.0159,1.47218,5.34561,18.4453,0.873966,0.120975,11.8229,0.423273,-0.00229147,-0.883947,-1.17626,-0.148334,-1.23574,0.30375,0.0164849,-1.22003,0.00459225,-0.26453,0.0145542,-1.82589,-1.82005,-0.546782,-1.44344,0.00624801,-0.3387,-0.0437238,0,0,0,0,0,0,0,0,0,0,0,0,0,0,0,0,0,0,0,0,0,0,0,0,0,0,0,0,0,2.55789,6.3088,2.55789,6.3088,1.81445,1.81445,2.55789,6.3088,2.55789,6.3088,1.81445,1.81445,2.55789,1.81445,1.81445,0.907223,0.907223,0.907223,0.907223,0.907223,1.06814,1.06814,0.907223,0.907223,0.907223,0.907223,0.907223,1.06814,1.06814,40.1792,99.0984,40.1792,99.0984,28.5012,28.5012,40.1792,99.0984,40.1792,99.0984,28.5012,28.5012,40.1792,28.5012,28.5012,14.2506,14.2506,14.2506,14.2506,14.2506,16.7783,16.7783,14.2506,14.2506,14.2506,14.2506,14.2506,16.7783,16.7783,0,0,0,0,0,0,0,0,0,0,0,0,0,0,0,0,0,0,0,0,0,0,0,0,0,0,0,0,0,0,0,0,0,0,0,0,0,0,0,0,0,0,0,0,0,0,0,0,0,0,0,0,0,0,0,0,0,0,0,0,0,0,0,0,0,0,0,0,0,0,0,0,0,0,0,0,0,0,0,0,0,0,0,0,0,0,0,0,0,0,0,0,0,0,0,0,0,0,0,0,0,0,0,0,0,0,0,0,0,0,0,0,0,0,0,0,0,-0.00711553,-0.0186782,-0.00539334,-0.327818,-0.200921,-0.162613,0.223631,-0.357903,-0.0559074,0.0319653,-0.101202,-0.212416,-0.331589,-0.215016,0.0992035,0.477812,-0.010582,-0.00878123,0.54475,0.0918615,-0.385035,-0.475095,-0.0813527,-0.0653743,0.0358709,-0.142058,-1.5861,-0.397893,0.242352,1.26461,0.615853,0.044565,-0.257681,0.191023,-0.0445444,0.112817,-0.25671,0.2618,-0.0503759,0.0322123,-0.0357954,0.529474,0.191628,0.0195452,-0.116307,-0.0245197,-0.0713183,0.0562265,0.29808,0.0140193,0.454573,-0.00464102,-0.0286854,0.00267241,0.111881,-0.356968,-0.0443848,0.505699,-0.00385125,-0.035395,-0.0105835,1.001,-0.0186771,0.00711423,-0.9998,0.6,0,0,1.44911,0.585951,1.67044
3.42803,-1.45122,7.44858,-0.0278077,-0.121858,0.173293,-0.00733556,-0.020544,-0.00240865,3.42803,-1.45122,7.44858,-0.0278077,-0.121858,0.173293,-0.00733556,-0.020544,-0.00240865,-0.0930305,0.167065,-0.0280478,0.220687,-0.148808,0.233773,-0.116296,0.048214,-0.0791621,0.487429,0.135057,0.000490554,-0.0983758,-0.0127842,-0.0910059,0.0910215,0.314907,0.0295636,0.459259,-0.00439845,-0.0240584,-0.00408223,0.0966589,-0.39488,-0.0575742,0.498707,-0.00669285,-0.0383122,-0.00456539,0,0,0,0,0,0,0,0,0,0,0,0,0,0,0,0,0,0,0,0,0,0,0,0,0,0,0,0,0,0.0193853,-0.0730907,0.0858285,0.308282,-0.315332,0.0840621,-0.542323,0.00646798,-0.0237866,0.511987,0.159522,0.0368403,-0.114444,0.0372613,-0.00305431,0.12681,0.227793,-0.0264705,0.53171,0.00225972,-0.0132109,0.016536,0.244259,-0.199235,0.00625802,0.617207,-0.000708129,-0.0099855,-0.00114884,2.69796,0.449649,-0.777878,-0.487038,-1.14755,-0.107268,2.8096,0.387333,-0.270028,-1.00166,0.249918,-0.285731,0.468813,-0.447751,-0.862727,0.0912017,-0.219222,0.158826,-0.0155852,-0.114487,-0.010735,-0.288885,-0.0460359,0.135151,0.0741559,-0.23612,-0.0564247,-0.0965095,-0.0691259,-17.9568,23.3763,-3.35514,-16.1482,3.66763,5.31008,12.7887,0.142577,0.22196,8.35017,0.463634,0.0241354,-1.20546,-0.935569,-0.331928,-1.0745,1.2073,0.42982,-1.08312,0.00585,-0.248752,0.0743846,-1.83293,-2.37253,-0.792572,-1.38133,0.00642269,-0.329399,-0.0846241,0,0,0,0,0,0,0,0,0,0,0,0,0,0,0,0,0,0,0,0,0,0,0,0,0,0,0,0,0,2.55789,6.3088,2.55789,6.3088,1.81445,1.81445,2.55789,6.3088,2.55789,6.3088,1.81445,1.81445,2.55789,1.81445,1.81445,0.907223,0.907223,0.907223,0.907223,0.907223,1.06814,1.06814,0.907223,0.907223,0.907223,0.907223,0.907223,1.06814,1.06814,40.1792,99.0984,40.1792,99.0984,28.5012,28.5012,40.1792,99.0984,40.1792,99.0984,28.5012,28.5012,40.1792,28.5012,28.5012,14.2506,14.2506,14.2506,14.2506,14.2506,16.7783,16.7783,14.2506,14.2506,14.2506,14.2506,14.2506,16.7783,16.7783,0,0,0,0,0,0,0,0,0,0,0,0,0,0,0,0,0,0,0,0,0,0,0,0,0,0,0,0,0,0,0,0,0,0,0,0,0,0,0,0,0,0,0,0,0,0,0,0,0,0,0,0,0,0,0,0,0,0,0,0,0,0,0,0,0,0,0,0,0,0,0,0,0,0,0,0,0,0,0,0,0,0,0,0,0,0,0,0,0,0,0,0,0,0,0,0,0,0,0,0,0,0,0,0,0,0,0,0,0,0,0,0,0,0,0,0,0,-0.00733556,-0.020544,-0.00240865,-0.248482,-0.235628,-0.207502,0.262,-0.444346,-0.0291493,0.067408,-0.131275,-0.179667,-0.320904,-0.230958,0.39991,0.35742,-0.0100289,-0.0152604,0.476428,0.137495,-0.322928,-0.514252,-0.0512246,-0.144576,-0.0547944,-0.0612796,-1.27848,-0.517796,0.488379,1.13562,0.533026,0.00111851,-0.0930305,0.167065,-0.0280478,0.220687,-0.148808,0.233773,-0.116296,0.048214,-0.0791621,0.487429,0.135057,0.000490554,-0.0983758,-0.0127842,-0.0910059,0.0910215,0.314907,0.0295636,0.459259,-0.00439845,-0.0240584,-0.00408223,0.0966589,-0.39488,-0.0575742,0.498707,-0.00669285,-0.0383122,-0.00456539,0.685,-0.0205425,0.00733395,-0.999762,0.6,0,0,1.45417,0.585848,1.64288
3.07584,-1.57944,6.33496,-0.0846121,-0.118843,0.172501,-0.00846292,-0.0223226,0.000941144,3.07584,-1.57944,6.33496,-0.0846121,-0.118843,0.172501,-0.00846292,-0.0223226,0.000941144,0.00700695,0.124876,-0.00214231,0.361901,-0.0503238,0.174092,-0.115016,0.0686761,-0.0907404,0.402751,0.105097,-0.0172489,-0.0872196,0.00194103,-0.0875308,0.138337,0.29383,0.034443,0.455648,-0.00289815,-0.0152962,-0.00786475,0.108885,-0.429567,-0.0700029,0.500244,-0.00708466,-0.0381288,0.00395714,0,0,0,0,0,0,0,0,0,0,0,0,0,0,0,0,0,0,0,0,0,0,0,0,0,0,0,0,0,0.0693674,-0.0623598,0.0688514,0.307742,-0.341614,0.0773265,-0.481321,0.0135675,-0.0333306,0.493543,0.153555,0.0274489,-0.1025,0.0285647,-0.0213125,0.129851,0.224634,-0.0217724,0.529144,0.000401084,-0.0129829,0.0100422,0.241802,-0.198709,0.00736505,0.611536,-0.00227811,-0.0122113,-0.000683169,2.29251,0.541912,-0.811629,0.232515,-1.42176,-0.431353,3.07239,0.346962,-0.528063,-0.825358,-0.442093,-0.463651,0.59371,-0.338623,-0.804122,0.222238,-0.0781619,0.24872,-0.17632,-0.079497,0.00757982,-0.303176,-0.141627,-0.0510998,0.0428453,-0.303088,-0.0776216,-0.118096,0.0488308,-12.3365,19.3588,-1.82706,-9.85639,7.96306,5.20692,6.98969,1.30427,-0.514101,4.645,0.265194,0.0736698,-1.35127,-0.519966,-0.476429,-0.732078,1.37402,0.509601,-0.841719,0.00395299,-0.196517,0.0870219,-1.9389,-2.76291,-0.966544,-1.34128,0.00723091,-0.315902,-0.116305,0,0,0,0,0,0,0,0,0,0,0,0,0,0,0,0,0,0,0,0,0,0,0,0,0,0,0,0,0,2.55789,6.3088,2.55789,6.3088,1.81445,1.81445,2.55789,6.3088,2.55789,6.3088,1.81445,1.81445,2.55789,1.81445,1.81445,0.907223,0.907223,0.907223,0.907223,0.907223,1.06814,1.06814,0.907223,0.907223,0.907223,0.907223,0.907223,1.06814,1.06814,40.1792,99.0984,40.1792,99.0984,28.5012,28.5012,40.1792,99.0984,40.1792,99.0984,28.5012,28.5012,40.1792,28.5012,28.5012,14.2506,14.2506,14.2506,14.2506,14.2506,16.7783,16.7783,14.2506,14.2506,14.2506,14.2506,14.2506,16.7783,16.7783,0,0,0,0,0,0,0,0,0,0,0,0,0,0,0,0,0,0,0,0,0,0,0,0,0,0,0,0,0,0,0,0,0,0,0,0,0,0,0,0,0,0,0,0,0,0,0,0,0,0,0,0,0,0,0,0,0,0,0,0,0,0,0,0,0,0,0,0,0,0,0,0,0,0,0,0,0,0,0,0,0,0,0,0,0,0,0,0,0,0,0,0,0,0,0,0,0,0,0,0,0,0,0,0,0,0,0,0,0,0,0,0,0,0,0,0,0,-0.00846292,-0.0223226,0.000941144,-0.140598,-0.207751,-0.199579,0.213942,-0.523437,0.00442575,0.0785334,-0.159614,-0.159292,-0.329138,-0.227454,0.582612,0.359757,-0.00660808,-0.0161537,0.356114,0.195847,-0.205316,-0.51179,-0.00391256,-0.165722,-0.105566,0.0531154,-0.875772,-0.759276,0.712933,1.06731,0.396946,-0.0393291,0.00700695,0.124876,-0.00214231,0.361901,-0.0503238,0.174092,-0.115016,0.0686761,-0.0907404,0.402751,0.105097,-0.0172489,-0.0872196,0.00194103,-0.0875308,0.138337,0.29383,0.034443,0.455648,-0.00289815,-0.0152962,-0.00786475,0.108885,-0.429567,-0.0700029,0.500244,-0.00708466,-0.0381288,0.00395714,0.595,-0.0223207,0.00846072,-0.999715,0.6,0,0,1.4579,0.584561,1.6129
1.65933,2.35438,8.32804,-0.0688575,-0.101262,0.187178,-0.0105487,-0.0242092,0.00451573,1.65933,2.35438,8.32804,-0.0688575,-0.101262,0.187178,-0.0105487,-0.0242092,0.00451573,-0.0409687,0.0406837,0.0279549,0.544696,-0.0493752,0.088778,0.0663085,0.0656973,-0.0320771,0.342315,0.0927295,-0.0325784,-0.0906186,0.065568,-0.0066339,0.231573,0.286489,0.0444637,0.453458,0.00287489,-0.0074621,-0.0131495,0.151435,-0.423707,-0.0612133,0.501016,0.00102771,-0.0353416,0.0146355,0,0,0,0,0,0,0,0,0,0,0,0,0,0,0,0,0,0,0,0,0,0,0,0,0,0,0,0,0,0.10718,-0.048705,0.0538411,0.326238,-0.374954,0.0622054,-0.415871,0.022117,-0.0448494,0.471205,0.121981,0.0116109,-0.0897307,0.0216847,-0.0365388,0.135737,0.223223,-0.0148799,0.523356,-0.000534175,-0.0114415,0.00421861,0.237732,-0.202798,0.00734539,0.604784,-0.00365481,-0.0145784,0.00224439,1.60457,0.855181,-0.613596,1.27818,-1.97561,-0.754152,3.2462,0.57337,-0.645542,-0.843012,-4.22239,-1.17651,0.520557,-0.480197,-0.617039,0.337089,-0.125561,0.382695,-0.242245,-0.0346716,0.0709858,-0.250597,-0.242954,-0.374529,-0.0446396,-0.323724,-0.0611881,-0.120032,0.160512,-8.13042,12.3172,-0.62809,-4.12903,12.5343,4.63423,3.95623,1.44999,-0.3087,-1.13955,5.81947,1.21756,-1.30998,0.166302,-0.264792,-0.250379,1.09507,0.367241,-0.724027,-0.00229059,-0.14198,0.0691445,-1.62972,-2.94363,-1.07365,-1.19509,0.00634059,-0.26958,-0.142187,0,0,0,0,0,0,0,0,0,0,0,0,0,0,0,0,0,0,0,0,0,0,0,0,0,0,0,0,0,2.55789,6.3088,2.55789,6.3088,1.81445,1.81445,2.55789,6.3088,2.55789,6.3088,1.81445,1.81445,2.55789,1.81445,1.81445,0.907223,0.907223,0.907223,0.907223,0.907223,1.06814,1.06814,0.907223,0.907223,0.907223,0.907223,0.907223,1.06814,1.06814,40.1792,99.0984,40.1792,99.0984,28.5012,28.5012,40.1792,99.0984,40.1792,99.0984,28.5012,28.5012,40.1792,28.5012,28.5012,14.2506,14.2506,14.2506,14.2506,14.2506,16.7783,16.7783,14.2506,14.2506,14.2506,14.2506,14.2506,16.7783,16.7783,0,0,0,0,0,0,0,0,0,0,0,0,0,0,0,0,0,0,0,0,0,0,0,0,0,0,0,0,0,0,0,0,0,0,0,0,0,0,0,0,0,0,0,0,0,0,0,0,0,0,0,0,0,0,0,0,0,0,0,0,0,0,0,0,0,0,0,0,0,0,0,0,0,0,0,0,0,0,0,0,0,0,0,0,0,0,0,0,0,0,0,0,0,0,0,0,0,0,0,0,0,0,0,0,0,0,0,0,0,0,0,0,0,0,0,0,0,-0.0105487,-0.0242092,0.00451573,0.0719901,-0.110732,-0.0151259,0.197203,-0.510074,0.149502,0.101382,-0.139572,-0.165499,-0.33413,-0.225693,0.494992,0.690916,0.00655503,0.00234327,0.11602,0.187353,-0.100161,-0.474378,0.0510549,-0.0585834,-0.176501,0.196447,-0.354486,-0.931624,0.715096,1.03911,0.202423,-0.0742819,-0.0409687,0.0406837,0.0279549,0.544696,-0.0493752,0.088778,0.0663085,0.0656973,-0.0320771,0.342315,0.0927295,-0.0325784,-0.0906186,0.065568,-0.0066339,0.231573,0.286489,0.0444637,0.453458,0.00287489,-0.0074621,-0.0131495,0.151435,-0.423707,-0.0612133,0.501016,0.00102771,-0.0353416,0.0146355,0.663,-0.0242068,0.0105454,-0.999651,0.6,0,0,1.4579,0.584561,1.6129
-0.796028,0.14078,8.98206,-0.0707948,-0.011439,0.196628,-0.0117183,-0.0252232,0.00822568,-0.796028,0.14078,8.98206,-0.0707948,-0.011439,0.196628,-0.0117183,-0.0252232,0.00822568,-0.395582,-0.128421,0.0355369,0.753026,-0.496652,0.0142589,0.401255,-0.0302654,0.166344,0.304049,0.0584998,-0.0780439,-0.110838,0.142468,0.117882,0.38537,0.320108,0.0572161,0.473318,0.00690762,0.000171766,-0.0174134,0.21037,-0.250395,0.022209,0.46959,0.0147752,-0.0325884,0.0222559,0,0,0,0,0,0,0,0,0,0,0,0,0,0,0,0,0,0,0,0,0,0,0,0,0,0,0,0,0,0.122995,-0.027043,0.041545,0.373143,-0.421352,0.0513547,-0.350837,0.0403531,-0.0553794,0.448501,0.00799783,-0.0308252,-0.0784727,0.00837587,-0.0449708,0.144176,0.218635,-0.00569944,0.51737,0.000198061,-0.00845992,-0.000995436,0.23074,-0.213939,0.00579099,0.599563,-0.00284059,-0.016062,0.00696476,0.345845,1.09309,-0.502679,2.84957,-2.32182,-0.346558,3.21459,1.07377,-0.256614,-1.42896,-6.09558,-2.35895,0.465404,-0.635611,-0.319164,0.478166,-0.255267,0.45715,-0.329346,0.0477621,0.151048,-0.232766,-0.418282,-0.658053,-0.108546,-0.218945,0.0604588,-0.0511548,0.235127,-7.58165,-0.121401,0.80395,-0.239039,14.7514,1.75838,8.72441,-3.98586,1.7245,-2.12181,13.1375,4.14373,-1.75753,2.80377,1.69319,0.836283,1.19372,0.304822,-0.621258,-0.00552951,-0.146786,0.0467893,-0.773109,-2.42551,-0.866285,-1.20435,0.000235107,-0.267066,-0.122654,0,0,0,0,0,0,0,0,0,0,0,0,0,0,0,0,0,0,0,0,0,0,0,0,0,0,0,0,0,2.55789,6.3088,2.55789,6.3088,1.81445,1.81445,2.55789,6.3088,2.55789,6.3088,1.81445,1.81445,2.55789,1.81445,1.81445,0.907223,0.907223,0.907223,0.907223,0.907223,1.06814,1.06814,0.907223,0.907223,0.907223,0.907223,0.907223,1.06814,1.06814,40.1792,99.0984,40.1792,99.0984,28.5012,28.5012,40.1792,99.0984,40.1792,99.0984,28.5012,28.5012,40.1792,28.5012,28.5012,14.2506,14.2506,14.2506,14.2506,14.2506,16.7783,16.7783,14.2506,14.2506,14.2506,14.2506,14.2506,16.7783,16.7783,0,0,0,0,0,0,0,0,0,0,0,0,0,0,0,0,0,0,0,0,0,0,0,0,0,0,0,0,0,0,0,0,0,0,0,0,0,0,0,0,0,0,0,0,0,0,0,0,0,0,0,0,0,0,0,0,0,0,0,0,0,0,0,0,0,0,0,0,0,0,0,0,0,0,0,0,0,0,0,0,0,0,0,0,0,0,0,0,0,0,0,0,0,0,0,0,0,0,0,0,0,0,0,0,0,0,0,0,0,0,0,0,0,0,0,0,0,-0.0117183,-0.0252232,0.00822568,0.422661,0.0236447,0.268783,0.273859,-0.114905,0.32484,0.130458,0.0506388,-0.202426,-0.288849,-0.297349,-0.152649,1.30264,0.0157501,0.033689,-0.366224,-0.0863095,0.00230556,-0.437423,0.0649021,0.303798,-0.233734,0.298733,0.239622,-1.04075,-0.30474,0.961062,0.0325117,-0.177948,-0.395582,-0.128421,0.0355369,0.753026,-0.496652,0.0142589,0.401255,-0.0302654,0.166344,0.304049,0.0584998,-0.0780439,-0.110838,0.142468,0.117882,0.38537,0.320108,0.0572161,0.473318,0.00690762,0.000171766,-0.0174134,0.21037,-0.250395,0.022209,0.46959,0.0147752,-0.0325884,0.0222559,0.956,-0.0252206,0.0117143,-0.999613,0.6,0,0,1.45765,0.583909,1.58815
-7.45713,4.09703,17.4488,0.133544,0.266521,0.153154,-0.0119091,-0.0244465,0.0124087,-7.45713,4.09703,17.4488,0.133544,0.266521,0.153154,-0.0119091,-0.0244465,0.0124087,-0.859773,-0.187824,0.0462521,0.896198,-0.87267,-0.00483877,0.706352,-0.188496,0.576173,0.319892,-0.137208,-0.158722,-0.125475,0.108471,0.18467,0.400365,0.334878,0.0648896,0.503903,0.0306949,-0.00054623,-0.0193915,0.244796,-0.171938,0.0986241,0.463855,0.0162883,-0.0281936,0.0289394,0,0,0,0,0,0,0,0,0,0,0,0,0,0,0,0,0,0,0,0,0,0,0,0,0,0,0,0,0,0.0993096,-0.00727876,0.0170068,0.466641,-0.464149,0.0480949,-0.309549,0.0673913,-0.0594263,0.4262,-0.0806946,-0.0747151,-0.0707031,-0.00977875,-0.0408201,0.155728,0.210162,0.00281961,0.514154,0.00194509,-0.00575797,-0.0057942,0.222039,-0.228623,0.00483626,0.593552,0.00129286,-0.0152323,0.0106348,-1.64968,1.21753,-1.43362,5.23166,-1.85081,0.0516267,1.12377,1.6994,-0.584935,-0.44636,-1.77369,-1.09686,0.02428,-1.51946,0.0691118,0.546648,-0.699985,0.427358,0.0922938,0.0852342,0.141417,-0.199163,-0.682321,-0.827842,-0.0471387,-0.231895,0.219583,0.0593847,0.156716,-15.7314,-19.2379,4.42789,-3.8296,1.8401,-0.705555,25.537,-19.8814,10.4243,-8.7138,7.88282,2.25541,-1.8396,6.90541,4.22703,2.80018,2.16053,0.389409,-0.653333,-0.00876242,-0.0310059,0.0229246,0.372422,0.424933,0.290678,-1.53928,-0.00802712,-0.350602,0.0283376,0,0,0,0,0,0,0,0,0,0,0,0,0,0,0,0,0,0,0,0,0,0,0,0,0,0,0,0,0,2.55789,6.3088,2.55789,6.3088,1.81445,1.81445,2.55789,6.3088,2.55789,6.3088,1.81445,1.81445,2.55789,1.81445,1.81445,0.907223,0.907223,0.907223,0.907223,0.907223,1.06814,1.06814,0.907223,0.907223,0.907223,0.907223,0.907223,1.06814,1.06814,40.1792,99.0984,40.1792,99.0984,28.5012,28.5012,40.1792,99.0984,40.1792,99.0984,28.5012,28.5012,40.1792,28.5012,28.5012,14.2506,14.2506,14.2506,14.2506,14.2506,16.7783,16.7783,14.2506,14.2506,14.2506,14.2506,14.2506,16.7783,16.7783,0,0,0,0,0,0,0,0,0,0,0,0,0,0,0,0,0,0,0,0,0,0,0,0,0,0,0,0,0,0,0,0,0,0,0,0,0,0,0,0,0,0,0,0,0,0,0,0,0,0,0,0,0,0,0,0,0,0,0,0,0,0,0,0,0,0,0,0,0,0,0,0,0,0,0,0,0,0,0,0,0,0,0,0,0,0,0,0,0,0,0,0,0,0,0,0,0,0,0,0,0,0,0,0,0,0,0,0,0,0,0,0,0,0,0,0,0,-0.0119091,-0.0244465,0.0124087,0.456853,0.10214,0.421066,0.307536,0.0639847,0.247325,0.147955,0.224873,-0.229158,-0.219111,-0.310424,-1.00041,1.85985,0.0699874,0.0371389,-0.535629,-0.537545,-0.00733186,-0.378433,0.0844716,1.05228,-0.260285,0.388443,0.647913,-0.99557,-1.54057,0.514828,-0.0110329,-0.361902,-0.859773,-0.187824,0.0462521,0.896198,-0.87267,-0.00483877,0.706352,-0.188496,0.576173,0.319892,-0.137208,-0.158722,-0.125475,0.108471,0.18467,0.400365,0.334878,0.0648896,0.503903,0.0306949,-0.00054623,-0.0193915,0.244796,-0.171938,0.0986241,0.463855,0.0162883,-0.0281936,0.0289394,0.864,-0.024444,0.0119053,-0.99963,0.6,0,0,1.45765,0.583909,1.58815
-3.44755,0.3394,15.4688,0.0812346,0.349896,0.0200761,-0.00958686,-0.0184749,0.0139998,-3.44755,0.3394,15.4688,0.0812346,0.349896,0.0200761,-0.00958686,-0.0184749,0.0139998,-0.921825,-0.0740069,-0.00615003,0.992103,-0.87267,-0.0184582,0.631546,-0.301222,0.701892,0.335031,-0.217609,-0.203618,-0.104721,-0.0223071,0.206166,0.319608,0.348947,0.0928308,0.479053,0.0366094,-0.0108297,-0.00992916,0.239623,-0.169492,0.107617,0.494997,0.00455114,-0.0218309,0.0345645,0,0,0,0,0,0,0,0,0,0,0,0,0,0,0,0,0,0,0,0,0,0,0,0,0,0,0,0,0,0.0459034,-0.0023694,-0.0174001,0.589449,-0.55461,0.0377009,-0.304846,0.0939632,-0.0657138,0.428085,-0.0950687,-0.082818,-0.0750259,-0.0323288,-0.0340126,0.169495,0.196613,0.00856797,0.52069,0.00865681,-0.00338358,-0.0098586,0.207586,-0.243037,0.0106169,0.588581,0.0054154,-0.0128042,0.0131866,-2.97421,-0.491434,-1.44064,6.11089,-4.82093,-0.638181,0.0705476,1.00826,0.0562686,0.221455,-0.300177,-0.107605,-0.41199,-0.711292,0.251258,0.788854,-0.612741,0.191157,0.454122,0.366447,0.131101,-0.192941,-0.766816,-0.551976,0.48537,-0.276856,0.176169,0.122815,0.136493,-28.9864,-16.1646,6.44184,-7.75268,-0.355675,-0.0623617,40.566,-34.5589,25.8607,-12.2097,-0.587122,-1.91056,-1.08933,5.42588,5.68694,2.61922,2.52615,0.618312,-0.624061,-0.0175086,-0.0818548,0.0439302,1.19481,1.54246,0.850111,-1.53948,-0.0066507,-0.390523,0.126308,0,0,0,0,0,0,0,0,0,0,0,0,0,0,0,0,0,0,0,0,0,0,0,0,0,0,0,0,0,2.55789,6.3088,2.55789,6.3088,1.81445,1.81445,2.55789,6.3088,2.55789,6.3088,1.81445,1.81445,2.55789,1.81445,1.81445,0.907223,0.907223,0.907223,0.907223,0.907223,1.06814,1.06814,0.907223,0.907223,0.907223,0.907223,0.907223,1.06814,1.06814,40.1792,99.0984,40.1792,99.0984,28.5012,28.5012,40.1792,99.0984,40.1792,99.0984,28.5012,28.5012,40.1792,28.5012,28.5012,14.2506,14.2506,14.2506,14.2506,14.2506,16.7783,16.7783,14.2506,14.2506,14.2506,14.2506,14.2506,16.7783,16.7783,0,0,0,0,0,0,0,0,0,0,0,0,0,0,0,0,0,0,0,0,0,0,0,0,0,0,0,0,0,0,0,0,0,0,0,0,0,0,0,0,0,0,0,0,0,0,0,0,0,0,0,0,0,0,0,0,0,0,0,0,0,0,0,0,0,0,0,0,0,0,0,0,0,0,0,0,0,0,0,0,0,0,0,0,0,0,0,0,0,0,0,0,0,0,0,0,0,0,0,0,0,0,0,0,0,0,0,0,0,0,0,0,0,0,0,0,0,-0.00958686,-0.0184749,0.0139998,0.272718,0.0903438,0.47008,0.339614,0.0695621,-0.0508624,0.211663,0.245378,-0.191255,-0.275771,-0.239418,-1.11374,1.72322,0.0834731,0.0103771,-0.211049,-0.85901,-0.145363,-0.293028,-0.011232,1.28189,-0.133276,0.463947,0.921409,-0.952398,-1.50592,0.331505,-0.0420865,-0.464269,-0.921825,-0.0740069,-0.00615003,0.992103,-0.87267,-0.0184582,0.631546,-0.301222,0.701892,0.335031,-0.217609,-0.203618,-0.104721,-0.0223071,0.206166,0.319608,0.348947,0.0928308,0.479053,0.0366094,-0.0108297,-0.00992916,0.239623,-0.169492,0.107617,0.494997,0.00455114,-0.0218309,0.0345645,0.578,-0.0184738,0.00958508,-0.999783,0.6,0,0,1.4521,1.26371,1.57206
-1.77305,0.00896015,12.9716,0.0390617,0.23196,-0.0157475,-0.00855768,-0.0131111,0.0135694,-1.77305,0.00896015,12.9716,0.0390617,0.23196,-0.0157475,-0.00855768,-0.0131111,0.0135694,-0.864243,0.00326958,-0.0496966,1.05519,-0.87267,-0.0165544,0.378052,-0.324805,0.619962,0.323416,-0.218912,-0.226904,-0.0639602,-0.0618766,0.157782,0.254795,0.364462,0.103714,0.453435,0.0288707,-0.0227334,-0.00198136,0.181962,-0.165776,0.0816778,0.51994,0.00122937,-0.0214127,0.0351043,0,0,0,0,0,0,0,0,0,0,0,0,0,0,0,0,0,0,0,0,0,0,0,0,0,0,0,0,0,-0.0253733,-0.0164718,-0.0298843,0.711404,-0.637258,0.0231442,-0.304424,0.105733,-0.0630414,0.430246,-0.100545,-0.0830422,-0.0799795,-0.0389886,-0.0258143,0.187936,0.18608,0.0127381,0.531537,0.0162629,-0.00113604,-0.0120147,0.193357,-0.248856,0.0224717,0.584092,0.00568949,-0.0108685,0.0169577,-3.72474,-0.832471,-0.0382897,5.69773,-3.541,-0.684452,0.182897,0.297854,0.235984,-0.0157604,-0.308037,0.031945,-0.186977,-0.0718252,0.352963,0.964186,-0.45294,0.218726,0.591576,0.346789,0.116316,-0.0692689,-0.654834,-0.0773618,0.627984,-0.211049,-0.0287781,0.0794275,0.195023,-26.7469,-0.80632,1.31718,-7.97991,-0.266705,0.0530348,37.3206,-42.4884,30.2358,-9.54828,-2.81354,-3.4806,-0.537259,0.694709,5.9223,1.03272,2.73481,0.947085,-1.26146,-0.0250961,-0.279322,0.110655,1.24834,1.24121,0.662927,-1.08596,0.00896566,-0.270154,0.0904784,0,0,0,0,0,0,0,0,0,0,0,0,0,0,0,0,0,0,0,0,0,0,0,0,0,0,0,0,0,2.55789,6.3088,2.55789,6.3088,1.81445,1.81445,2.55789,6.3088,2.55789,6.3088,1.81445,1.81445,2.55789,1.81445,1.81445,0.907223,0.907223,0.907223,0.907223,0.907223,1.06814,1.06814,0.907223,0.907223,0.907223,0.907223,0.907223,1.06814,1.06814,40.1792,99.0984,40.1792,99.0984,28.5012,28.5012,40.1792,99.0984,40.1792,99.0984,28.5012,28.5012,40.1792,28.5012,28.5012,14.2506,14.2506,14.2506,14.2506,14.2506,16.7783,16.7783,14.2506,14.2506,14.2506,14.2506,14.2506,16.7783,16.7783,0,0,0,0,0,0,0,0,0,0,0,0,0,0,0,0,0,0,0,0,0,0,0,0,0,0,0,0,0,0,0,0,0,0,0,0,0,0,0,0,0,0,0,0,0,0,0,0,0,0,0,0,0,0,0,0,0,0,0,0,0,0,0,0,0,0,0,0,0,0,0,0,0,0,0,0,0,0,0,0,0,0,0,0,0,0,0,0,0,0,0,0,0,0,0,0,0,0,0,0,0,0,0,0,0,0,0,0,0,0,0,0,0,0,0,0,0,-0.00855768,-0.0131111,0.0135694,0.124939,-0.0411287,0.35976,0.374989,0.0780335,-0.141085,0.236477,0.186234,-0.116812,-0.334182,-0.182544,-1.00858,1.26026,0.065828,0.00280308,0.00932404,-0.926263,-0.305143,-0.287416,-0.0907624,1.13225,-0.0265951,0.471193,1.10132,-0.98552,-1.36765,0.328534,-0.0377456,-0.517363,-0.864243,0.00326958,-0.0496966,1.05519,-0.87267,-0.0165544,0.378052,-0.324805,0.619962,0.323416,-0.218912,-0.226904,-0.0639602,-0.0618766,0.157782,0.254795,0.364462,0.103714,0.453435,0.0288707,-0.0227334,-0.00198136,0.181962,-0.165776,0.0816778,0.51994,0.00122937,-0.0214127,0.0351043,0.585,-0.0131107,0.00855684,-0.999877,0.6,0,0,1.43892,0.571341,1.55767
-1.81567,0.0244746,10.524,0.0378751,0.152626,-0.0459175,-0.00785929,-0.00994544,0.0124846,-1.81567,0.0244746,10.524,0.0378751,0.152626,-0.0459175,-0.00785929,-0.00994544,0.0124846,-0.800717,0.0502266,-0.0525155,1.15937,-0.87267,-0.0180125,0.111543,-0.325689,0.546241,0.257875,-0.310695,-0.243283,-0.0329379,-0.0123386,0.109808,0.244309,0.382461,0.0937668,0.480586,0.0231007,-0.029036,0.00847231,0.12097,-0.239972,0.029945,0.527206,-0.00463207,-0.0252422,0.0337664,0,0,0,0,0,0,0,0,0,0,0,0,0,0,0,0,0,0,0,0,0,0,0,0,0,0,0,0,0,-0.108361,-0.0302267,-0.022731,0.817765,-0.697853,0.0116282,-0.300575,0.10625,-0.0621142,0.426824,-0.108069,-0.0826002,-0.0770571,-0.0377182,-0.0156894,0.209526,0.179589,0.0174937,0.541292,0.0203264,-0.0001855,-0.0116285,0.180477,-0.244374,0.0320053,0.582895,0.0043425,-0.0103369,0.0211987,-4.2337,-0.586762,0.614855,4.77947,-2.61547,-0.499024,0.313055,-0.138834,-0.0167314,-0.254204,-0.43746,0.0125783,0.282678,0.150842,0.448043,1.08481,-0.217281,0.242992,0.408203,0.148173,0.016016,0.0444664,-0.630761,0.43789,0.363508,-0.000876904,-0.0656485,0.016905,0.183241,-19.815,6.97806,-2.49285,-6.66601,-0.230503,0.101145,26.6101,-42.0409,27.4675,-8.77136,-2.41459,-4.13715,-0.170867,-0.920889,4.08481,-0.318862,2.84613,1.01327,-1.62181,-0.0134603,-0.396774,0.115505,0.582592,0.770323,0.373845,-0.895101,0.0162207,-0.202724,0.033813,0,0,0,0,0,0,0,0,0,0,0,0,0,0,0,0,0,0,0,0,0,0,0,0,0,0,0,0,0,2.55789,6.3088,2.55789,6.3088,1.81445,1.81445,2.55789,6.3088,2.55789,6.3088,1.81445,1.81445,2.55789,1.81445,1.81445,0.907223,0.907223,0.907223,0.907223,0.907223,1.06814,1.06814,0.907223,0.907223,0.907223,0.907223,0.907223,1.06814,1.06814,40.1792,99.0984,40.1792,99.0984,28.5012,28.5012,40.1792,99.0984,40.1792,99.0984,28.5012,28.5012,40.1792,28.5012,28.5012,14.2506,14.2506,14.2506,14.2506,14.2506,16.7783,16.7783,14.2506,14.2506,14.2506,14.2506,14.2506,16.7783,16.7783,0,0,0,0,0,0,0,0,0,0,0,0,0,0,0,0,0,0,0,0,0,0,0,0,0,0,0,0,0,0,0,0,0,0,0,0,0,0,0,0,0,0,0,0,0,0,0,0,0,0,0,0,0,0,0,0,0,0,0,0,0,0,0,0,0,0,0,0,0,0,0,0,0,0,0,0,0,0,0,0,0,0,0,0,0,0,0,0,0,0,0,0,0,0,0,0,0,0,0,0,0,0,0,0,0,0,0,0,0,0,0,0,0,0,0,0,0,-0.00785929,-0.00994544,0.0124846,0.101029,-0.180196,0.250374,0.416028,-0.0911408,-0.0281332,0.213798,0.0682776,-0.0601554,-0.272275,-0.165977,-0.892559,0.773528,0.052672,-0.0105616,0.143234,-0.928785,-0.38974,-0.338818,-0.0959105,0.997615,0.113721,0.453236,1.39841,-1.17243,-1.24196,0.11926,-0.0410704,-0.55471,-0.800717,0.0502266,-0.0525155,1.15937,-0.87267,-0.0180125,0.111543,-0.325689,0.546241,0.257875,-0.310695,-0.243283,-0.0329379,-0.0123386,0.109808,0.244309,0.382461,0.0937668,0.480586,0.0231007,-0.029036,0.00847231,0.12097,-0.239972,0.029945,0.527206,-0.00463207,-0.0252422,0.0337664,0.674,-0.00994527,0.00785882,-0.99992,0.6,0,0,1.43892,0.571341,1.55767
-1.98276,0.167558,9.47074,0.0385382,0.139111,-0.0374627,-0.00704326,-0.0077879,0.0114882,-1.98276,0.167558,9.47074,0.0385382,0.139111,-0.0374627,-0.00704326,-0.0077879,0.0114882,-0.728584,0.0918522,-0.052785,1.25417,-0.828078,-0.033913,-0.0837634,-0.329087,0.492448,0.186666,-0.366815,-0.260225,-0.00899696,0.0409458,0.101197,0.263314,0.363859,0.0733323,0.521053,0.0245598,-0.0333792,0.0201565,0.104957,-0.299239,-0.0130844,0.529881,-7.56928e-05,-0.0276124,0.0361825,0,0,0,0,0,0,0,0,0,0,0,0,0,0,0,0,0,0,0,0,0,0,0,0,0,0,0,0,0,-0.201975,-0.0357589,-0.00639291,0.912395,-0.743116,0.00277768,-0.296032,0.102056,-0.0663648,0.419058,-0.11728,-0.0833156,-0.0672842,-0.0351214,-0.00288603,0.231309,0.178972,0.0200262,0.550283,0.0214188,-0.00235441,-0.00835552,0.168153,-0.232703,0.0360706,0.585173,0.00191929,-0.0108743,0.0250704,-4.73259,-0.0940014,0.952829,4.41545,-1.94931,-0.391339,0.286086,-0.241008,-0.233951,-0.429735,-0.497678,-0.0572911,0.511161,0.143175,0.570622,1.02497,0.102577,0.0839058,0.461311,0.0290941,-0.128761,0.176484,-0.633152,0.663224,0.104664,0.162065,-0.119698,-0.0305945,0.165944,-12.2251,9.23598,-4.16404,-3.29037,-0.145838,0.115844,15.7559,-40.9469,25.2472,-13.3327,-4.65831,-4.46011,0.0617598,0.415646,2.12094,-0.736135,2.83207,0.976402,-1.39977,-0.00229637,-0.308349,0.0934687,-0.119854,-0.676037,-0.19012,-0.966451,0.0159918,-0.2065,-0.0351082,0,0,0,0,0,0,0,0,0,0,0,0,0,0,0,0,0,0,0,0,0,0,0,0,0,0,0,0,0,2.55789,6.3088,2.55789,6.3088,1.81445,1.81445,2.55789,6.3088,2.55789,6.3088,1.81445,1.81445,2.55789,1.81445,1.81445,0.907223,0.907223,0.907223,0.907223,0.907223,1.06814,1.06814,0.907223,0.907223,0.907223,0.907223,0.907223,1.06814,1.06814,40.1792,99.0984,40.1792,99.0984,28.5012,28.5012,40.1792,99.0984,40.1792,99.0984,28.5012,28.5012,40.1792,28.5012,28.5012,14.2506,14.2506,14.2506,14.2506,14.2506,16.7783,16.7783,14.2506,14.2506,14.2506,14.2506,14.2506,16.7783,16.7783,0,0,0,0,0,0,0,0,0,0,0,0,0,0,0,0,0,0,0,0,0,0,0,0,0,0,0,0,0,0,0,0,0,0,0,0,0,0,0,0,0,0,0,0,0,0,0,0,0,0,0,0,0,0,0,0,0,0,0,0,0,0,0,0,0,0,0,0,0,0,0,0,0,0,0,0,0,0,0,0,0,0,0,0,0,0,0,0,0,0,0,0,0,0,0,0,0,0,0,0,0,0,0,0,0,0,0,0,0,0,0,0,0,0,0,0,0,-0.00704326,-0.0077879,0.0114882,0.144362,-0.216708,0.230739,0.373615,-0.226275,0.0933605,0.167205,-0.0298338,-0.0164314,-0.180006,-0.159879,-0.760819,0.416835,0.0559989,-0.000172587,0.26194,-0.938476,-0.448038,-0.370632,-0.0964028,0.899372,0.270554,0.485665,1.66877,-1.3755,-1.06042,-0.00869787,-0.0773249,-0.593338,-0.728584,0.0918522,-0.052785,1.25417,-0.828078,-0.033913,-0.0837634,-0.329087,0.492448,0.186666,-0.366815,-0.260225,-0.00899696,0.0409458,0.101197,0.263314,0.363859,0.0733323,0.521053,0.0245598,-0.0333792,0.0201565,0.104957,-0.299239,-0.0130844,0.529881,-7.56928e-05,-0.0276124,0.0361825,1.131,-0.00778782,0.00704298,-0.999945,0.6,0,0,1.43279,1.26164,1.53777
-1.10833,0.229974,9.52105,0.0171973,0.118206,-0.0380813,-0.00638536,-0.00572638,0.0107569,-1.10833,0.229974,9.52105,0.0171973,0.118206,-0.0380813,-0.00638536,-0.00572638,0.0107569,-0.667174,0.119024,-0.0638824,1.28586,-0.687517,-0.0532701,-0.242882,-0.3185,0.392523,0.162578,-0.353999,-0.2618,-0.00215577,0.0483726,0.0880186,0.278405,0.33085,0.0498523,0.554088,0.0189836,-0.0331203,0.0230459,0.101844,-0.337288,-0.043434,0.538862,0.00653198,-0.0302103,0.0388591,0,0,0,0,0,0,0,0,0,0,0,0,0,0,0,0,0,0,0,0,0,0,0,0,0,0,0,0,0,-0.30052,-0.0310049,0.0137878,0.999752,-0.767323,-0.00749846,-0.290262,0.0985484,-0.0723312,0.407083,-0.126515,-0.0852828,-0.0564668,-0.0336407,0.0107999,0.250965,0.183534,0.0200257,0.56262,0.022222,-0.00662278,-0.00245256,0.156267,-0.219176,0.0354245,0.589384,0.000919154,-0.0116946,0.029228,-4.83197,0.419992,1.03721,4.08894,-0.865222,-0.496803,0.371901,-0.135743,-0.225564,-0.65119,-0.461855,-0.108644,0.465667,0.084498,0.612108,0.925593,0.308061,-0.00851909,0.688497,0.041447,-0.197852,0.299686,-0.590875,0.665345,-0.1035,0.233607,-0.0253144,-0.0367091,0.190446,-5.06534,9.73545,-5.24807,-0.462203,-0.141985,0.146416,7.45384,-41.5276,23.3469,-17.8291,-6.04882,-4.79145,0.670319,2.00482,1.42445,-0.651379,2.31201,0.773341,-1.19243,-0.00382811,-0.230792,0.059887,-0.214414,-1.73071,-0.605815,-1.05165,0.00969158,-0.225946,-0.0894897,0,0,0,0,0,0,0,0,0,0,0,0,0,0,0,0,0,0,0,0,0,0,0,0,0,0,0,0,0,2.55789,6.3088,2.55789,6.3088,1.81445,1.81445,2.55789,6.3088,2.55789,6.3088,1.81445,1.81445,2.55789,1.81445,1.81445,0.907223,0.907223,0.907223,0.907223,0.907223,1.06814,1.06814,0.907223,0.907223,0.907223,0.907223,0.907223,1.06814,1.06814,40.1792,99.0984,40.1792,99.0984,28.5012,28.5012,40.1792,99.0984,40.1792,99.0984,28.5012,28.5012,40.1792,28.5012,28.5012,14.2506,14.2506,14.2506,14.2506,14.2506,16.7783,16.7783,14.2506,14.2506,14.2506,14.2506,14.2506,16.7783,16.7783,0,0,0,0,0,0,0,0,0,0,0,0,0,0,0,0,0,0,0,0,0,0,0,0,0,0,0,0,0,0,0,0,0,0,0,0,0,0,0,0,0,0,0,0,0,0,0,0,0,0,0,0,0,0,0,0,0,0,0,0,0,0,0,0,0,0,0,0,0,0,0,0,0,0,0,0,0,0,0,0,0,0,0,0,0,0,0,0,0,0,0,0,0,0,0,0,0,0,0,0,0,0,0,0,0,0,0,0,0,0,0,0,0,0,0,0,0,-0.00638536,-0.00572638,0.0107569,0.178771,-0.223805,0.200691,0.298352,-0.31303,0.110294,0.113668,-0.0990338,-0.00393714,-0.104684,-0.139401,-0.648664,0.126232,0.0432846,0.0148936,0.339428,-0.908283,-0.444563,-0.405503,-0.11667,0.716875,0.309337,0.521593,1.75914,-1.44419,-0.739931,0.0205231,-0.121461,-0.62125,-0.667174,0.119024,-0.0638824,1.28586,-0.687517,-0.0532701,-0.242882,-0.3185,0.392523,0.162578,-0.353999,-0.2618,-0.00215577,0.0483726,0.0880186,0.278405,0.33085,0.0498523,0.554088,0.0189836,-0.0331203,0.0230459,0.101844,-0.337288,-0.043434,0.538862,0.00653198,-0.0302103,0.0388591,0.879,-0.00572635,0.00638522,-0.999963,0.6,0,0,1.43279,1.26164,1.53777
-0.501873,0.502103,9.30032,-0.0102969,0.102399,-0.0327305,-0.0063147,-0.00392573,0.0101085,-0.501873,0.502103,9.30032,-0.0102969,0.102399,-0.0327305,-0.0063147,-0.00392573,0.0101085,-0.590585,0.107988,-0.0685389,1.23805,-0.519319,-0.0672933,-0.384395,-0.259255,0.231421,0.144792,-0.313435,-0.2618,0.00349901,0.0506714,0.065434,0.26554,0.29787,0.0273364,0.561127,0.0125959,-0.0299461,0.0219354,0.0952559,-0.327151,-0.0483312,0.537096,0.00982499,-0.0377517,0.0375382,0,0,0,0,0,0,0,0,0,0,0,0,0,0,0,0,0,0,0,0,0,0,0,0,0,0,0,0,0,-0.395579,-0.0188654,0.0321232,1.07296,-0.752239,-0.0203397,-0.283235,0.0965426,-0.0761599,0.393714,-0.135795,-0.0875475,-0.0486638,-0.0319791,0.0241702,0.268596,0.190898,0.0187719,0.5792,0.0216552,-0.0104315,0.00367767,0.14577,-0.207125,0.0311377,0.594495,0.00198054,-0.0130077,0.0335058,-4.53206,0.717419,0.808934,3.23228,1.19826,-0.614876,0.395627,-0.0810122,-0.105275,-0.635295,-0.482506,-0.0908542,0.29244,0.10894,0.598521,0.837247,0.39129,-0.0650419,0.886467,-0.0412111,-0.144673,0.277873,-0.49461,0.529353,-0.26654,0.255264,0.0695988,-0.0668269,0.191809,0.507487,9.36592,-5.92763,0.662086,-0.292681,0.176752,0.693515,-40.6365,19.173,-18.9264,-5.38104,-4.77398,1.07245,2.12214,0.705161,-0.605029,1.65204,0.506027,-1.13492,-0.000642488,-0.21677,0.0276874,-0.189134,-2.33727,-0.831204,-1.01905,0.0023877,-0.216371,-0.117675,0,0,0,0,0,0,0,0,0,0,0,0,0,0,0,0,0,0,0,0,0,0,0,0,0,0,0,0,0,2.55789,6.3088,2.55789,6.3088,1.81445,1.81445,2.55789,6.3088,2.55789,6.3088,1.81445,1.81445,2.55789,1.81445,1.81445,0.907223,0.907223,0.907223,0.907223,0.907223,1.06814,1.06814,0.907223,0.907223,0.907223,0.907223,0.907223,1.06814,1.06814,40.1792,99.0984,40.1792,99.0984,28.5012,28.5012,40.1792,99.0984,40.1792,99.0984,28.5012,28.5012,40.1792,28.5012,28.5012,14.2506,14.2506,14.2506,14.2506,14.2506,16.7783,16.7783,14.2506,14.2506,14.2506,14.2506,14.2506,16.7783,16.7783,0,0,0,0,0,0,0,0,0,0,0,0,0,0,0,0,0,0,0,0,0,0,0,0,0,0,0,0,0,0,0,0,0,0,0,0,0,0,0,0,0,0,0,0,0,0,0,0,0,0,0,0,0,0,0,0,0,0,0,0,0,0,0,0,0,0,0,0,0,0,0,0,0,0,0,0,0,0,0,0,0,0,0,0,0,0,0,0,0,0,0,0,0,0,0,0,0,0,0,0,0,0,0,0,0,0,0,0,0,0,0,0,0,0,0,0,0,-0.0063147,-0.00392573,0.0101085,0.149438,-0.238827,0.149196,0.223153,-0.289917,0.115536,0.0623297,-0.1102,0.00639035,-0.0886347,-0.143428,-0.508788,-0.132218,0.0287199,0.022402,0.307957,-0.739331,-0.401957,-0.506729,-0.125175,0.422652,0.294432,0.503863,1.62279,-1.49491,-0.356423,0.113013,-0.153435,-0.625126,-0.590585,0.107988,-0.0685389,1.23805,-0.519319,-0.0672933,-0.384395,-0.259255,0.231421,0.144792,-0.313435,-0.2618,0.00349901,0.0506714,0.065434,0.26554,0.29787,0.0273364,0.561127,0.0125959,-0.0299461,0.0219354,0.0952559,-0.327151,-0.0483312,0.537096,0.00982499,-0.0377517,0.0375382,0.658,-0.00392572,0.00631461,-0.999972,0.6,0,0,1.43293,1.26524,1.51751
-0.00483839,0.741365,8.89101,-0.0342895,0.132051,-0.0104955,-0.00678099,-0.00174057,0.00968532,-0.00483839,0.741365,8.89101,-0.0342895,0.132051,-0.0104955,-0.00678099,-0.00174057,0.00968532,-0.593649,0.0671361,-0.0226447,1.15428,-0.365523,-0.0551874,-0.403065,-0.182211,0.101902,0.149377,-0.281325,-0.2618,0.0091645,0.0564617,0.058892,0.235247,0.292268,0.0110762,0.571678,0.012438,-0.0247042,0.0236095,0.0705193,-0.302977,-0.0371208,0.517029,0.0154407,-0.0485135,0.0327791,0,0,0,0,0,0,0,0,0,0,0,0,0,0,0,0,0,0,0,0,0,0,0,0,0,0,0,0,0,-0.479202,-0.00427128,0.041228,1.11909,-0.69599,-0.0338244,-0.274119,0.0951143,-0.0788545,0.380529,-0.145594,-0.0903512,-0.0432867,-0.0299894,0.0353489,0.284406,0.198577,0.0165369,0.597433,0.0195117,-0.0116624,0.00852328,0.137538,-0.198359,0.0246886,0.59901,0.00387844,-0.0155551,0.036346,-3.86658,0.746288,0.204701,1.66895,3.0639,-0.61825,0.505345,-0.0518227,-0.130689,-0.645825,-0.50833,-0.152954,0.23053,0.0902006,0.491559,0.752946,0.35985,-0.126094,0.885977,-0.112155,-0.0106156,0.205952,-0.349064,0.349956,-0.343138,0.17163,0.0941123,-0.140276,0.107964,5.2934,6.59214,-5.03079,0.889297,-0.494885,0.170903,-5.6541,-34.7736,12.8191,-19.3382,-3.90335,-4.6093,1.27133,2.14319,-0.0483748,-0.937737,1.09192,0.266828,-1.3075,0.00322483,-0.28801,0.00357117,-0.286336,-2.16262,-0.738303,-1.0447,-0.000266338,-0.225372,-0.0979511,0,0,0,0,0,0,0,0,0,0,0,0,0,0,0,0,0,0,0,0,0,0,0,0,0,0,0,0,0,2.55789,6.3088,2.55789,6.3088,1.81445,1.81445,2.55789,6.3088,2.55789,6.3088,1.81445,1.81445,2.55789,1.81445,1.81445,0.907223,0.907223,0.907223,0.907223,0.907223,1.06814,1.06814,0.907223,0.907223,0.907223,0.907223,0.907223,1.06814,1.06814,40.1792,99.0984,40.1792,99.0984,28.5012,28.5012,40.1792,99.0984,40.1792,99.0984,28.5012,28.5012,40.1792,28.5012,28.5012,14.2506,14.2506,14.2506,14.2506,14.2506,16.7783,16.7783,14.2506,14.2506,14.2506,14.2506,14.2506,16.7783,16.7783,0,0,0,0,0,0,0,0,0,0,0,0,0,0,0,0,0,0,0,0,0,0,0,0,0,0,0,0,0,0,0,0,0,0,0,0,0,0,0,0,0,0,0,0,0,0,0,0,0,0,0,0,0,0,0,0,0,0,0,0,0,0,0,0,0,0,0,0,0,0,0,0,0,0,0,0,0,0,0,0,0,0,0,0,0,0,0,0,0,0,0,0,0,0,0,0,0,0,0,0,0,0,0,0,0,0,0,0,0,0,0,0,0,0,0,0,0,-0.00678099,-0.00174057,0.00968532,0.0803676,-0.295229,0.13428,0.21038,-0.234798,0.128738,0.0252548,-0.084639,0.0167374,-0.0645774,-0.189183,-0.514383,-0.166314,0.0283599,0.0352064,0.191455,-0.51962,-0.331597,-0.651181,-0.0413567,0.186106,0.316902,0.439983,1.3839,-1.48184,-0.00575158,0.186226,-0.125833,-0.604134,-0.593649,0.0671361,-0.0226447,1.15428,-0.365523,-0.0551874,-0.403065,-0.182211,0.101902,0.149377,-0.281325,-0.2618,0.0091645,0.0564617,0.058892,0.235247,0.292268,0.0110762,0.571678,0.012438,-0.0247042,0.0236095,0.0705193,-0.302977,-0.0371208,0.517029,0.0154407,-0.0485135,0.0327791,0.686,-0.00174057,0.00678093,-0.999976,0.6,0,0,1.43293,1.26524,1.51751
-0.00898714,0.940082,8.38913,-0.0575518,0.20082,0.0375674,-0.00775214,0.00159422,0.00999644,-0.00898714,0.940082,8.38913,-0.0575518,0.20082,0.0375674,-0.00775214,0.00159422,0.00999644,-0.578025,0.0238242,0.0191639,1.02786,-0.235221,-0.0319227,-0.385132,-0.167298,0.0541544,0.127031,-0.21291,-0.2618,0.0206137,0.0442714,0.0684021,0.201522,0.267797,-0.0106102,0.573008,0.0169129,-0.0220113,0.0257974,0.0456201,-0.246212,0.00118337,0.496413,0.0221209,-0.0559069,0.0335842,0,0,0,0,0,0,0,0,0,0,0,0,0,0,0,0,0,0,0,0,0,0,0,0,0,0,0,0,0,-0.548085,0.0090392,0.0400266,1.13169,-0.610981,-0.0410568,-0.262823,0.0938648,-0.082898,0.367832,-0.156443,-0.0947747,-0.0383393,-0.0283431,0.0435903,0.297285,0.205505,0.0122811,0.615754,0.0175552,-0.0105391,0.0125617,0.132245,-0.193383,0.0184699,0.60032,0.0067153,-0.0195203,0.0367176,-3.13716,0.627075,-0.236222,0.0183005,4.23377,-0.261406,0.598701,-0.0482657,-0.254207,-0.610024,-0.56856,-0.223113,0.253841,0.0522965,0.344738,0.564443,0.316388,-0.247962,0.890526,-0.0829873,0.0963319,0.174325,-0.203632,0.159495,-0.284502,-0.0381816,0.141212,-0.214253,-0.00909924,6.09857,1.90898,-2.01074,1.59851,-0.674284,0.0763987,-7.10581,-27.0196,8.04324,-17.8466,-2.57422,-4.35452,1.27128,2.31103,-0.201156,-1.39339,0.949319,0.200817,-1.42482,0.00289428,-0.332771,-0.00317625,-0.691641,-1.72072,-0.537138,-1.17165,-0.00352259,-0.264223,-0.0574942,0,0,0,0,0,0,0,0,0,0,0,0,0,0,0,0,0,0,0,0,0,0,0,0,0,0,0,0,0,2.55789,6.3088,2.55789,6.3088,1.81445,1.81445,2.55789,6.3088,2.55789,6.3088,1.81445,1.81445,2.55789,1.81445,1.81445,0.907223,0.907223,0.907223,0.907223,0.907223,1.06814,1.06814,0.907223,0.907223,0.907223,0.907223,0.907223,1.06814,1.06814,40.1792,99.0984,40.1792,99.0984,28.5012,28.5012,40.1792,99.0984,40.1792,99.0984,28.5012,28.5012,40.1792,28.5012,28.5012,14.2506,14.2506,14.2506,14.2506,14.2506,16.7783,16.7783,14.2506,14.2506,14.2506,14.2506,14.2506,16.7783,16.7783,0,0,0,0,0,0,0,0,0,0,0,0,0,0,0,0,0,0,0,0,0,0,0,0,0,0,0,0,0,0,0,0,0,0,0,0,0,0,0,0,0,0,0,0,0,0,0,0,0,0,0,0,0,0,0,0,0,0,0,0,0,0,0,0,0,0,0,0,0,0,0,0,0,0,0,0,0,0,0,0,0,0,0,0,0,0,0,0,0,0,0,0,0,0,0,0,0,0,0,0,0,0,0,0,0,0,0,0,0,0,0,0,0,0,0,0,0,-0.00775214,0.00159422,0.00999644,0.00347051,-0.352002,0.155964,0.154583,-0.105368,0.100943,-0.0241924,0.0026982,0.0376475,-0.0615445,-0.236188,-0.48585,-0.133564,0.0385632,0.0504379,0.0679409,-0.477092,-0.29545,-0.750419,0.0349996,0.0989038,0.346269,0.45079,1.02338,-1.54556,0.291349,0.342221,-0.072787,-0.627169,-0.578025,0.0238242,0.0191639,1.02786,-0.235221,-0.0319227,-0.385132,-0.167298,0.0541544,0.127031,-0.21291,-0.2618,0.0206137,0.0442714,0.0684021,0.201522,0.267797,-0.0106102,0.573008,0.0169129,-0.0220113,0.0257974,0.0456201,-0.246212,0.00118337,0.496413,0.0221209,-0.0559069,0.0335842,0.676,0.00159422,0.00775205,-0.999969,0.6,0,0,1.43314,1.26731,1.51351
0.561283,1.08308,8.8355,-0.0715285,0.235585,0.0583981,-0.00912936,0.00614761,0.010909,0.561283,1.08308,8.8355,-0.0715285,0.235585,0.0583981,-0.00912936,0.00614761,0.010909,-0.554523,-0.00195686,0.0517859,0.894122,-0.114451,-0.0178926,-0.334137,-0.186134,0.0556562,0.113542,-0.151948,-0.2618,0.029315,0.023903,0.0838175,0.190405,0.284635,-0.00786675,0.577898,0.0189495,-0.0187431,0.0268763,0.0346173,-0.206371,0.0250777,0.49479,0.0205859,-0.0538256,0.0342779,0,0,0,0,0,0,0,0,0,0,0,0,0,0,0,0,0,0,0,0,0,0,0,0,0,0,0,0,0,-0.599553,0.0177604,0.0329997,1.1078,-0.511078,-0.039794,-0.247645,0.0914942,-0.0889834,0.353453,-0.16682,-0.0968875,-0.0318118,-0.0267059,0.0483259,0.305883,0.210616,0.00600452,0.634405,0.0171567,-0.00774299,0.0162983,0.128793,-0.191528,0.0156474,0.598653,0.010613,-0.0241301,0.0358699,-2.23594,0.337115,-0.414124,-1.82013,4.7582,0.137151,0.82227,-0.121295,-0.340686,-0.776574,-0.520744,-0.095678,0.368439,0.0645183,0.210336,0.350695,0.191014,-0.348368,0.895311,-0.00114381,0.168857,0.164472,-0.12891,0.0439195,-0.0499956,-0.158937,0.188377,-0.221361,-0.0378503,6.53599,-1.51974,0.44907,2.8377,-0.782513,-0.0207175,-7.55668,-24.8543,6.58183,-17.7019,-0.411022,-4.53823,1.20027,1.89154,0.201466,-1.8071,0.632107,0.0673544,-1.68138,-0.00188041,-0.412191,-0.0190991,-1.06258,-0.82756,-0.150965,-1.335,-0.00715747,-0.301241,0.00462482,0,0,0,0,0,0,0,0,0,0,0,0,0,0,0,0,0,0,0,0,0,0,0,0,0,0,0,0,0,2.55789,6.3088,2.55789,6.3088,1.81445,1.81445,2.55789,6.3088,2.55789,6.3088,1.81445,1.81445,2.55789,1.81445,1.81445,0.907223,0.907223,0.907223,0.907223,0.907223,1.06814,1.06814,0.907223,0.907223,0.907223,0.907223,0.907223,1.06814,1.06814,40.1792,99.0984,40.1792,99.0984,28.5012,28.5012,40.1792,99.0984,40.1792,99.0984,28.5012,28.5012,40.1792,28.5012,28.5012,14.2506,14.2506,14.2506,14.2506,14.2506,16.7783,16.7783,14.2506,14.2506,14.2506,14.2506,14.2506,16.7783,16.7783,0,0,0,0,0,0,0,0,0,0,0,0,0,0,0,0,0,0,0,0,0,0,0,0,0,0,0,0,0,0,0,0,0,0,0,0,0,0,0,0,0,0,0,0,0,0,0,0,0,0,0,0,0,0,0,0,0,0,0,0,0,0,0,0,0,0,0,0,0,0,0,0,0,0,0,0,0,0,0,0,0,0,0,0,0,0,0,0,0,0,0,0,0,0,0,0,0,0,0,0,0,0,0,0,0,0,0,0,0,0,0,0,0,0,0,0,0,-0.00912936,0.00614761,0.010909,-0.0218773,-0.377089,0.191112,0.192976,-0.0145263,0.0545013,-0.017937,0.0571797,0.0535389,-0.0503949,-0.23989,-0.442927,-0.0404288,0.0432067,0.046938,-0.00558048,-0.530808,-0.251582,-0.722483,0.0945782,0.101647,0.360752,0.4601,0.641991,-1.58403,0.566717,0.481218,-0.040797,-0.641148,-0.554523,-0.00195686,0.0517859,0.894122,-0.114451,-0.0178926,-0.334137,-0.186134,0.0556562,0.113542,-0.151948,-0.2618,0.029315,0.023903,0.0838175,0.190405,0.284635,-0.00786675,0.577898,0.0189495,-0.0187431,0.0268763,0.0346173,-0.206371,0.0250777,0.49479,0.0205859,-0.0538256,0.0342779,0.721,0.00614757,0.00912906,-0.999939,0.6,0,0,1.43071,1.26608,1.50088
1.07501,1.1468,8.94911,-0.077304,0.220891,0.0499541,-0.0107631,0.010983,0.011888,1.07501,1.1468,8.94911,-0.077304,0.220891,0.0499541,-0.0107631,0.010983,0.011888,-0.499308,-0.0101092,0.062685,0.73313,-0.0130096,-0.00943852,-0.312846,-0.210629,0.0489202,0.0862053,-0.154687,-0.2618,0.0355961,0.00496112,0.0790026,0.179136,0.328745,0.0170151,0.582392,0.0186673,-0.0162321,0.0291398,0.0296807,-0.171314,0.0468882,0.503473,0.0138696,-0.0494808,0.0362884,0,0,0,0,0,0,0,0,0,0,0,0,0,0,0,0,0,0,0,0,0,0,0,0,0,0,0,0,0,-0.631838,0.0210902,0.0270262,1.04988,-0.40466,-0.0340878,-0.227794,0.087095,-0.0951794,0.336063,-0.176669,-0.0966623,-0.0236199,-0.0236806,0.0504585,0.310588,0.213097,-0.000903102,0.652208,0.0175942,-0.00393245,0.0190837,0.125808,-0.190276,0.0166283,0.596356,0.0134175,-0.0275498,0.0350097,-1.28,0.0827274,-0.223778,-3.34236,4.97628,0.292821,1.04797,-0.24618,-0.307116,-0.924961,-0.4802,0.0508002,0.43065,0.159857,0.11481,0.182072,0.0657921,-0.346557,0.820763,0.0254952,0.202293,0.1138,-0.128055,0.0679814,0.113448,-0.133922,0.113949,-0.130879,-0.0323207,6.3805,-2.83647,1.57832,4.94054,-0.783331,-0.0694176,-6.87714,-25.5415,6.81634,-16.4196,1.54544,-4.79347,1.05954,1.05848,0.771963,-1.87865,0.948872,0.20562,-1.8049,-0.00370519,-0.459572,0.00677989,-1.17836,-0.290429,0.0287944,-1.3412,-0.00183825,-0.300544,0.0249138,0,0,0,0,0,0,0,0,0,0,0,0,0,0,0,0,0,0,0,0,0,0,0,0,0,0,0,0,0,2.55789,6.3088,2.55789,6.3088,1.81445,1.81445,2.55789,6.3088,2.55789,6.3088,1.81445,1.81445,2.55789,1.81445,1.81445,0.907223,0.907223,0.907223,0.907223,0.907223,1.06814,1.06814,0.907223,0.907223,0.907223,0.907223,0.907223,1.06814,1.06814,40.1792,99.0984,40.1792,99.0984,28.5012,28.5012,40.1792,99.0984,40.1792,99.0984,28.5012,28.5012,40.1792,28.5012,28.5012,14.2506,14.2506,14.2506,14.2506,14.2506,16.7783,16.7783,14.2506,14.2506,14.2506,14.2506,14.2506,16.7783,16.7783,0,0,0,0,0,0,0,0,0,0,0,0,0,0,0,0,0,0,0,0,0,0,0,0,0,0,0,0,0,0,0,0,0,0,0,0,0,0,0,0,0,0,0,0,0,0,0,0,0,0,0,0,0,0,0,0,0,0,0,0,0,0,0,0,0,0,0,0,0,0,0,0,0,0,0,0,0,0,0,0,0,0,0,0,0,0,0,0,0,0,0,0,0,0,0,0,0,0,0,0,0,0,0,0,0,0,0,0,0,0,0,0,0,0,0,0,0,-0.0107631,0.010983,0.011888,-0.0475722,-0.388345,0.180134,0.293551,0.0654065,0.0113119,0.0387962,0.10691,0.0650102,-0.0401472,-0.220091,-0.342085,-0.00154488,0.0425632,0.031624,-0.028829,-0.600661,-0.217879,-0.664164,0.114484,0.0893444,0.391133,0.487087,0.182884,-1.66199,0.798013,0.474974,-0.0215208,-0.640365,-0.499308,-0.0101092,0.062685,0.73313,-0.0130096,-0.00943852,-0.312846,-0.210629,0.0489202,0.0862053,-0.154687,-0.2618,0.0355961,0.00496112,0.0790026,0.179136,0.328745,0.0170151,0.582392,0.0186673,-0.0162321,0.0291398,0.0296807,-0.171314,0.0468882,0.503473,0.0138696,-0.0494808,0.0362884,0.944,0.0109828,0.0107622,-0.999882,0.6,0,0,1.43071,1.26608,1.50088
1.65203,1.11008,8.66679,-0.0765564,0.171673,0.0376313,-0.0124881,0.0152114,0.0125979,1.65203,1.11008,8.66679,-0.0765564,0.171673,0.0376313,-0.0124881,0.0152114,0.0125979,-0.37908,-0.0181913,0.0646358,0.585292,0.05766,0.00449279,-0.330301,-0.216267,0.0318884,0.0611505,-0.179509,-0.2618,0.0464486,0.0121407,0.0602416,0.159262,0.359375,0.0355754,0.58078,0.0119681,-0.0152224,0.0323243,0.0273652,-0.168626,0.0522333,0.514747,0.0074533,-0.0476929,0.0396573,0,0,0,0,0,0,0,0,0,0,0,0,0,0,0,0,0,0,0,0,0,0,0,0,0,0,0,0,0,-0.643988,0.0201694,0.0264529,0.962517,-0.298438,-0.0272616,-0.203005,0.0800658,-0.100584,0.315391,-0.185834,-0.0947452,-0.0145294,-0.0183892,0.0508424,0.312295,0.213525,-0.00571443,0.667865,0.0179726,4.17229e-05,0.0208609,0.122558,-0.187439,0.0204823,0.595778,0.0138221,-0.0291781,0.0345681,-0.290456,-0.0971987,0.0681542,-4.71393,4.87084,0.317998,1.28383,-0.368837,-0.270461,-1.09857,-0.448886,0.0952251,0.462575,0.267393,0.0647918,0.0511608,-0.0050453,-0.190198,0.690373,0.0136176,0.19629,0.0756552,-0.132317,0.179126,0.250271,-0.0277634,-0.00595151,-0.0404835,-0.00799858,6.59772,-2.41614,1.31308,6.25782,-0.745415,-0.0704546,-7.62027,-26.5005,6.66865,-16.0244,1.67399,-4.93541,0.860983,0.170663,0.734531,-1.94464,1.64144,0.495543,-1.85276,-0.00283816,-0.480355,0.0577884,-1.19458,0.0756635,0.163747,-1.30259,0.00535111,-0.294607,0.0406045,0,0,0,0,0,0,0,0,0,0,0,0,0,0,0,0,0,0,0,0,0,0,0,0,0,0,0,0,0,2.55789,6.3088,2.55789,6.3088,1.81445,1.81445,2.55789,6.3088,2.55789,6.3088,1.81445,1.81445,2.55789,1.81445,1.81445,0.907223,0.907223,0.907223,0.907223,0.907223,1.06814,1.06814,0.907223,0.907223,0.907223,0.907223,0.907223,1.06814,1.06814,40.1792,99.0984,40.1792,99.0984,28.5012,28.5012,40.1792,99.0984,40.1792,99.0984,28.5012,28.5012,40.1792,28.5012,28.5012,14.2506,14.2506,14.2506,14.2506,14.2506,16.7783,16.7783,14.2506,14.2506,14.2506,14.2506,14.2506,16.7783,16.7783,0,0,0,0,0,0,0,0,0,0,0,0,0,0,0,0,0,0,0,0,0,0,0,0,0,0,0,0,0,0,0,0,0,0,0,0,0,0,0,0,0,0,0,0,0,0,0,0,0,0,0,0,0,0,0,0,0,0,0,0,0,0,0,0,0,0,0,0,0,0,0,0,0,0,0,0,0,0,0,0,0,0,0,0,0,0,0,0,0,0,0,0,0,0,0,0,0,0,0,0,0,0,0,0,0,0,0,0,0,0,0,0,0,0,0,0,0,-0.0124881,0.0152114,0.0125979,-0.0928878,-0.393624,0.137357,0.363391,0.0715362,0.027682,0.0811154,0.119097,0.0848304,-0.0438245,-0.194386,-0.122509,-0.0334237,0.0272885,0.0169943,-0.0518771,-0.61674,-0.204324,-0.640166,0.118046,0.0582386,0.433878,0.532307,-0.238715,-1.73344,0.959147,0.418379,0.010244,-0.623416,-0.37908,-0.0181913,0.0646358,0.585292,0.05766,0.00449279,-0.330301,-0.216267,0.0318884,0.0611505,-0.179509,-0.2618,0.0464486,0.0121407,0.0602416,0.159262,0.359375,0.0355754,0.58078,0.0119681,-0.0152224,0.0323243,0.0273652,-0.168626,0.0522333,0.514747,0.0074533,-0.0476929,0.0396573,0.632,0.0152109,0.0124864,-0.999806,0.6,0,0,1.42345,1.26121,1.48574
1.94309,1.14138,7.98603,-0.0706508,0.167621,0.0223378,-0.0141428,0.0191615,0.0130828,1.94309,1.14138,7.98603,-0.0706508,0.167621,0.0223378,-0.0141428,0.0191615,0.0130828,-0.280533,-0.0408658,0.0781513,0.500164,0.0874409,0.0209787,-0.325218,-0.221807,0.0408725,0.045331,-0.248811,-0.261331,0.0472695,0.0250642,0.0472684,0.161567,0.400547,0.060515,0.584332,7.85037e-06,-0.0129878,0.0354975,0.0269543,-0.186076,0.0459636,0.523595,0.00717623,-0.0462032,0.0432529,0,0,0,0,0,0,0,0,0,0,0,0,0,0,0,0,0,0,0,0,0,0,0,0,0,0,0,0,0,-0.635431,0.0162787,0.0306502,0.853039,-0.201158,-0.0188592,-0.172846,0.0712873,-0.104849,0.292535,-0.195076,-0.0930001,-0.00577936,-0.011309,0.0482796,0.311214,0.213419,-0.00730261,0.679589,0.0166755,0.00355015,0.0225048,0.118874,-0.182402,0.0263206,0.597105,0.0122704,-0.0298533,0.0352243,0.729185,-0.227507,0.248287,-5.59792,4.34634,0.401741,1.54036,-0.436433,-0.199745,-1.15689,-0.463937,0.112865,0.411586,0.341577,-0.106723,-0.0838333,0.00255917,-0.031329,0.461287,-0.0800925,0.158003,0.0802943,-0.158219,0.279017,0.331433,0.0594247,-0.0890483,-0.0101517,0.0506993,8.5242,-2.01991,0.744453,8.14998,-0.56324,-0.0643716,-10.1906,-25.773,5.98641,-15.8366,1.25799,-4.96147,1.05892,0.0386956,0.584806,-2.091,2.07973,0.641955,-1.84381,0.00492691,-0.485274,0.0796799,-1.15129,-0.0476991,0.0835932,-1.23849,0.0115444,-0.28595,0.0238184,0,0,0,0,0,0,0,0,0,0,0,0,0,0,0,0,0,0,0,0,0,0,0,0,0,0,0,0,0,2.55789,6.3088,2.55789,6.3088,1.81445,1.81445,2.55789,6.3088,2.55789,6.3088,1.81445,1.81445,2.55789,1.81445,1.81445,0.907223,0.907223,0.907223,0.907223,0.907223,1.06814,1.06814,0.907223,0.907223,0.907223,0.907223,0.907223,1.06814,1.06814,40.1792,99.0984,40.1792,99.0984,28.5012,28.5012,40.1792,99.0984,40.1792,99.0984,28.5012,28.5012,40.1792,28.5012,28.5012,14.2506,14.2506,14.2506,14.2506,14.2506,16.7783,16.7783,14.2506,14.2506,14.2506,14.2506,14.2506,16.7783,16.7783,0,0,0,0,0,0,0,0,0,0,0,0,0,0,0,0,0,0,0,0,0,0,0,0,0,0,0,0,0,0,0,0,0,0,0,0,0,0,0,0,0,0,0,0,0,0,0,0,0,0,0,0,0,0,0,0,0,0,0,0,0,0,0,0,0,0,0,0,0,0,0,0,0,0,0,0,0,0,0,0,0,0,0,0,0,0,0,0,0,0,0,0,0,0,0,0,0,0,0,0,0,0,0,0,0,0,0,0,0,0,0,0,0,0,0,0,0,-0.0141428,0.0191615,0.0130828,-0.0876315,-0.394562,0.107777,0.457268,0.0317481,0.0571489,0.13798,0.104802,0.0863297,-0.0357254,-0.17421,0.0574696,-0.0241412,1.78996e-05,0.0163625,-0.116539,-0.632539,-0.174331,-0.62017,0.14273,0.0746466,0.476471,0.580569,-0.48148,-1.77855,1.02705,0.260362,0.0478334,-0.59586,-0.280533,-0.0408658,0.0781513,0.500164,0.0874409,0.0209787,-0.325218,-0.221807,0.0408725,0.045331,-0.248811,-0.261331,0.0472695,0.0250642,0.0472684,0.161567,0.400547,0.060515,0.584332,7.85037e-06,-0.0129878,0.0354975,0.0269543,-0.186076,0.0459636,0.523595,0.00717623,-0.0462032,0.0432529,0.614,0.0191603,0.0141398,-0.999716,0.6,0,0,1.42345,1.26121,1.48574
2.3712,1.19915,7.80493,-0.0384914,0.103278,0.00349136,-0.0156287,0.0231909,0.0133242,2.3712,1.19915,7.80493,-0.0384914,0.103278,0.00349136,-0.0156287,0.0231909,0.0133242,-0.19139,-0.0608402,0.0714592,0.425206,0.100644,0.0287833,-0.288903,-0.22481,0.0421932,0.0510188,-0.261271,-0.236804,0.0375265,0.0461376,0.0302995,0.177531,0.393861,0.0615909,0.579208,-0.0111691,-0.0117396,0.0360047,0.0355496,-0.195447,0.0521752,0.52993,0.0119518,-0.0445013,0.0470024,0,0,0,0,0,0,0,0,0,0,0,0,0,0,0,0,0,0,0,0,0,0,0,0,0,0,0,0,0,-0.604693,0.00839899,0.037436,0.71881,-0.109564,-0.00642598,-0.132751,0.0601774,-0.10731,0.267107,-0.208777,-0.0907366,0.00190872,-0.00210525,0.0423878,0.307243,0.21453,-0.00500932,0.68727,0.0117991,0.00656151,0.0244434,0.114678,-0.174886,0.0342393,0.599733,0.0104245,-0.0300174,0.0375927,1.41436,-0.353198,0.259244,-5.11058,3.15729,0.471948,1.60445,-0.419946,-0.0507014,-0.968324,-0.640533,0.0520591,0.250731,0.335371,-0.141,-0.172373,0.0936703,0.148576,0.197291,-0.203097,0.0955629,0.078995,-0.12078,0.312343,0.335228,0.0965423,-0.0660377,0.00649138,0.105307,9.48334,-2.70079,0.975178,10.4759,-0.153238,-0.0766543,-11.7863,-25.2904,6.0942,-15.9487,-0.0316426,-4.96059,1.1724,0.152821,0.458282,-1.92148,2.57676,0.806285,-1.6596,0.0161662,-0.434057,0.102582,-1.13039,-0.435996,-0.128321,-1.17603,0.0134589,-0.277979,-0.0155359,0,0,0,0,0,0,0,0,0,0,0,0,0,0,0,0,0,0,0,0,0,0,0,0,0,0,0,0,0,2.55789,6.3088,2.55789,6.3088,1.81445,1.81445,2.55789,6.3088,2.55789,6.3088,1.81445,1.81445,2.55789,1.81445,1.81445,0.907223,0.907223,0.907223,0.907223,0.907223,1.06814,1.06814,0.907223,0.907223,0.907223,0.907223,0.907223,1.06814,1.06814,40.1792,99.0984,40.1792,99.0984,28.5012,28.5012,40.1792,99.0984,40.1792,99.0984,28.5012,28.5012,40.1792,28.5012,28.5012,14.2506,14.2506,14.2506,14.2506,14.2506,16.7783,16.7783,14.2506,14.2506,14.2506,14.2506,14.2506,16.7783,16.7783,0,0,0,0,0,0,0,0,0,0,0,0,0,0,0,0,0,0,0,0,0,0,0,0,0,0,0,0,0,0,0,0,0,0,0,0,0,0,0,0,0,0,0,0,0,0,0,0,0,0,0,0,0,0,0,0,0,0,0,0,0,0,0,0,0,0,0,0,0,0,0,0,0,0,0,0,0,0,0,0,0,0,0,0,0,0,0,0,0,0,0,0,0,0,0,0,0,0,0,0,0,0,0,0,0,0,0,0,0,0,0,0,0,0,0,0,0,-0.0156287,0.0231909,0.0133242,-0.0512325,-0.374963,0.0690859,0.442022,0.0103808,0.105198,0.140433,0.118965,0.0685357,-0.0474077,-0.159767,0.220273,0.0421832,-0.0254667,0.0272512,-0.173501,-0.641102,-0.157576,-0.597326,0.130508,0.0770588,0.483279,0.630898,-0.695241,-1.76233,1.05715,0.231951,0.0656288,-0.539936,-0.19139,-0.0608402,0.0714592,0.425206,0.100644,0.0287833,-0.288903,-0.22481,0.0421932,0.0510188,-0.261271,-0.236804,0.0375265,0.0461376,0.0302995,0.177531,0.393861,0.0615909,0.579208,-0.0111691,-0.0117396,0.0360047,0.0355496,-0.195447,0.0521752,0.52993,0.0119518,-0.0445013,0.0470024,0.65,0.0227433,0.0154583,-0.999622,0.6,0,0,1.41771,1.25669,1.46723
2.27163,1.06622,8.09829,-0.0284143,0.12457,-0.00437432,-0.0161925,0.0254155,0.0133018,2.27163,1.06622,8.09829,-0.0284143,0.12457,-0.00437432,-0.0161925,0.0254155,0.0133018,-0.112385,-0.084168,0.0890339,0.384244,0.0754508,0.032854,-0.225528,-0.205992,0.0390226,0.100348,-0.259834,-0.195123,0.0236217,0.0610452,0.019237,0.19512,0.387995,0.0633583,0.573594,-0.0206129,-0.00963804,0.0342534,0.063937,-0.206355,0.0551858,0.537269,0.0192141,-0.0418486,0.0484501,0,0,0,0,0,0,0,0,0,0,0,0,0,0,0,0,0,0,0,0,0,0,0,0,0,0,0,0,0,-0.574875,0.00101181,0.0405623,0.638369,-0.0632551,0.00143623,-0.104556,0.0526153,-0.106452,0.253345,-0.219783,-0.0870138,0.0043055,0.00404407,0.0366543,0.303513,0.216596,-0.00186679,0.688417,0.00706303,0.00793147,0.0257443,0.112332,-0.170075,0.0400092,0.601663,0.0103833,-0.029937,0.039595,2.08146,-0.516072,0.138171,-4.84003,2.59706,0.468304,1.79823,-0.484068,0.12265,-0.775641,-0.729,0.303926,0.0768155,0.392744,-0.403376,-0.241097,0.157298,0.215076,-0.0205943,-0.309515,0.0700016,0.0804352,-0.13023,0.283238,0.387479,0.124501,0.0164846,0.0149763,0.133416,10.2842,-2.99691,0.862477,9.11373,-0.0745702,-0.0682661,-11.9091,-24.4899,5.70246,-15.1718,0.0780031,-4.80031,1.10237,0.4929,0.576455,-1.57655,2.39533,0.715852,-1.55857,0.0190537,-0.40973,0.0877543,-0.966455,-0.615752,-0.161909,-1.13435,0.00762877,-0.256647,-0.0136279,0,0,0,0,0,0,0,0,0,0,0,0,0,0,0,0,0,0,0,0,0,0,0,0,0,0,0,0,0,2.55789,6.3088,2.55789,6.3088,1.81445,1.81445,2.55789,6.3088,2.55789,6.3088,1.81445,1.81445,2.55789,1.81445,1.81445,0.907223,0.907223,0.907223,0.907223,0.907223,1.06814,1.06814,0.907223,0.907223,0.907223,0.907223,0.907223,1.06814,1.06814,40.1792,99.0984,40.1792,99.0984,28.5012,28.5012,40.1792,99.0984,40.1792,99.0984,28.5012,28.5012,40.1792,28.5012,28.5012,14.2506,14.2506,14.2506,14.2506,14.2506,16.7783,16.7783,14.2506,14.2506,14.2506,14.2506,14.2506,16.7783,16.7783,0,0,0,0,0,0,0,0,0,0,0,0,0,0,0,0,0,0,0,0,0,0,0,0,0,0,0,0,0,0,0,0,0,0,0,0,0,0,0,0,0,0,0,0,0,0,0,0,0,0,0,0,0,0,0,0,0,0,0,0,0,0,0,0,0,0,0,0,0,0,0,0,0,0,0,0,0,0,0,0,0,0,0,0,0,0,0,0,0,0,0,0,0,0,0,0,0,0,0,0,0,0,0,0,0,0,0,0,0,0,0,0,0,0,0,0,0,-0.0161925,0.0254155,0.0133018,-0.0111263,-0.310237,0.0438623,0.428648,-0.0144907,0.139189,0.144463,0.125829,0.043141,-0.0602089,-0.143033,0.364563,0.157926,-0.0469994,0.0438102,-0.240026,-0.587438,-0.129368,-0.56172,0.162605,0.0712681,0.459772,0.650329,-0.812055,-1.62166,0.999711,0.235228,0.0749104,-0.444899,-0.112385,-0.084168,0.0890339,0.384244,0.0754508,0.032854,-0.225528,-0.205992,0.0390226,0.100348,-0.259834,-0.195123,0.0236217,0.0610452,0.019237,0.19512,0.387995,0.0633583,0.573594,-0.0206129,-0.00963804,0.0342534,0.063937,-0.206355,0.0551858,0.537269,0.0192141,-0.0418486,0.0484501,0.665,0.0254128,0.0161866,-0.999546,0.6,0,0,1.40308,1.25291,1.44862
3.06536,1.28638,7.5008,-0.00675446,0.0954467,-0.0159024,-0.0166389,0.028494,0.0131447,3.06536,1.28638,7.5008,-0.00675446,0.0954467,-0.0159024,-0.0166389,0.028494,0.0131447,-0.0399391,-0.099133,0.103813,0.362381,0.0348834,0.0371053,-0.160358,-0.171673,0.0284834,0.184886,-0.230286,-0.143408,0.00676214,0.0679427,0.0036599,0.214013,0.383487,0.0626466,0.568525,-0.0259881,-0.00828672,0.0315877,0.111594,-0.214617,0.0633375,0.549271,0.0288476,-0.0401831,0.0469561,0,0,0,0,0,0,0,0,0,0,0,0,0,0,0,0,0,0,0,0,0,0,0,0,0,0,0,0,0,-0.52364,-0.0104711,0.0438471,0.548332,-0.0255084,0.0103605,-0.0667049,0.0418495,-0.100636,0.244511,-0.237419,-0.0766149,0.00224212,0.0127685,0.0235034,0.297926,0.220554,0.00308374,0.68442,-0.000294596,0.00913068,0.0268428,0.110034,-0.165231,0.0483175,0.603284,0.0123263,-0.0294267,0.0422989,2.70327,-0.584472,0.156985,-4.04834,1.48373,0.398314,1.84294,-0.518335,0.357281,-0.229807,-0.993406,0.519109,-0.185785,0.398349,-0.629982,-0.250306,0.226895,0.248588,-0.296114,-0.347648,0.0310997,0.0457024,-0.0468243,0.203585,0.430838,0.0570783,0.105114,0.0289495,0.133821,9.79347,-3.70015,1.41553,9.29654,0.159701,-0.0823032,-11.0254,-21.2991,4.73006,-12.6947,1.073,-4.33519,1.30518,0.638188,1.06999,-1.23136,2.19178,0.637631,-1.32899,0.0259603,-0.355425,0.0761507,-0.594653,-0.772127,-0.280957,-0.992647,0.002336,-0.238709,-0.0364878,0,0,0,0,0,0,0,0,0,0,0,0,0,0,0,0,0,0,0,0,0,0,0,0,0,0,0,0,0,2.55789,6.3088,2.55789,6.3088,1.81445,1.81445,2.55789,6.3088,2.55789,6.3088,1.81445,1.81445,2.55789,1.81445,1.81445,0.907223,0.907223,0.907223,0.907223,0.907223,1.06814,1.06814,0.907223,0.907223,0.907223,0.907223,0.907223,1.06814,1.06814,40.1792,99.0984,40.1792,99.0984,28.5012,28.5012,40.1792,99.0984,40.1792,99.0984,28.5012,28.5012,40.1792,28.5012,28.5012,14.2506,14.2506,14.2506,14.2506,14.2506,16.7783,16.7783,14.2506,14.2506,14.2506,14.2506,14.2506,16.7783,16.7783,0,0,0,0,0,0,0,0,0,0,0,0,0,0,0,0,0,0,0,0,0,0,0,0,0,0,0,0,0,0,0,0,0,0,0,0,0,0,0,0,0,0,0,0,0,0,0,0,0,0,0,0,0,0,0,0,0,0,0,0,0,0,0,0,0,0,0,0,0,0,0,0,0,0,0,0,0,0,0,0,0,0,0,0,0,0,0,0,0,0,0,0,0,0,0,0,0,0,0,0,0,0,0,0,0,0,0,0,0,0,0,0,0,0,0,0,0,-0.0166389,0.028494,0.0131447,0.0319517,-0.201575,0.00834494,0.418369,-0.0333288,0.154916,0.14284,0.144416,0.0123499,-0.0717655,-0.115668,0.496873,0.276949,-0.0592554,0.0657755,-0.282703,-0.48957,-0.11123,-0.539364,0.189598,0.0520201,0.423991,0.630276,-0.874403,-1.38057,0.907214,0.302602,0.0846037,-0.326986,-0.0399391,-0.099133,0.103813,0.362381,0.0348834,0.0371053,-0.160358,-0.171673,0.0284834,0.184886,-0.230286,-0.143408,0.00676214,0.0679427,0.0036599,0.214013,0.383487,0.0626466,0.568525,-0.0259881,-0.00828672,0.0315877,0.111594,-0.214617,0.0633375,0.549271,0.0288476,-0.0401831,0.0469561,0.905,0.0284902,0.0166314,-0.999456,0.6,0,0,1.40308,1.25291,1.44862
3.23501,1.41433,6.69599,0.0300697,0.0352132,-0.03185,-0.0164571,0.0306201,0.0127333,3.23501,1.41433,6.69599,0.0300697,0.0352132,-0.03185,-0.0164571,0.0306201,0.0127333,0.0418492,-0.103849,0.0951063,0.333305,0.0188044,0.0610727,-0.103952,-0.110333,0.0157716,0.334024,-0.152432,-0.0704651,-0.00213969,0.060997,-0.00252654,0.231918,0.37852,0.0627564,0.572949,-0.0276125,-0.00785657,0.0282033,0.174744,-0.261059,0.045018,0.570285,0.0368527,-0.0375631,0.0422384,0,0,0,0,0,0,0,0,0,0,0,0,0,0,0,0,0,0,0,0,0,0,0,0,0,0,0,0,0,-0.462515,-0.0219818,0.0487237,0.477355,-0.00945832,0.0180562,-0.0302171,0.0313203,-0.090615,0.249842,-0.261971,-0.0630724,-0.00488249,0.0201472,0.00677473,0.292552,0.225818,0.00795336,0.675568,-0.00734105,0.00943067,0.0271531,0.110259,-0.162555,0.0575036,0.602951,0.0163169,-0.0292906,0.0441934,3.14831,-0.562497,0.25584,-3.07634,0.527441,0.344083,1.744,-0.479756,0.533129,0.550446,-1.40633,0.682382,-0.40215,0.283474,-0.793091,-0.229469,0.286837,0.225991,-0.50358,-0.319629,-0.013597,0.00615507,0.104355,0.0805961,0.466096,-0.042377,0.201255,-0.00522269,0.0857141,9.13551,-4.16826,1.56866,8.13481,0.295501,-0.0823731,-9.62065,-17.045,3.44267,-9.59013,3.30357,-3.555,1.48388,0.81007,1.39659,-0.90187,1.99831,0.576179,-1.08372,0.0247958,-0.290187,0.0677408,-0.0469002,-0.82135,-0.329747,-0.725758,-0.00448315,-0.178664,-0.0424731,0,0,0,0,0,0,0,0,0,0,0,0,0,0,0,0,0,0,0,0,0,0,0,0,0,0,0,0,0,2.55789,6.3088,2.55789,6.3088,1.81445,1.81445,2.55789,6.3088,2.55789,6.3088,1.81445,1.81445,2.55789,1.81445,1.81445,0.907223,0.907223,0.907223,0.907223,0.907223,1.06814,1.06814,0.907223,0.907223,0.907223,0.907223,0.907223,1.06814,1.06814,40.1792,99.0984,40.1792,99.0984,28.5012,28.5012,40.1792,99.0984,40.1792,99.0984,28.5012,28.5012,40.1792,28.5012,28.5012,14.2506,14.2506,14.2506,14.2506,14.2506,16.7783,16.7783,14.2506,14.2506,14.2506,14.2506,14.2506,16.7783,16.7783,0,0,0,0,0,0,0,0,0,0,0,0,0,0,0,0,0,0,0,0,0,0,0,0,0,0,0,0,0,0,0,0,0,0,0,0,0,0,0,0,0,0,0,0,0,0,0,0,0,0,0,0,0,0,0,0,0,0,0,0,0,0,0,0,0,0,0,0,0,0,0,0,0,0,0,0,0,0,0,0,0,0,0,0,0,0,0,0,0,0,0,0,0,0,0,0,0,0,0,0,0,0,0,0,0,0,0,0,0,0,0,0,0,0,0,0,0,-0.0164571,0.0306201,0.0127333,0.0727752,-0.0575851,-0.00576077,0.407043,-0.139221,0.139079,0.143091,0.102645,-0.00390779,-0.0616782,-0.0677528,0.646245,0.379963,-0.0629592,0.0840279,-0.296152,-0.314643,-0.105456,-0.504196,0.173695,0.0288042,0.378563,0.566951,-0.957319,-0.955268,0.870552,0.480115,0.139252,-0.160667,0.0418492,-0.103849,0.0951063,0.333305,0.0188044,0.0610727,-0.103952,-0.110333,0.0157716,0.334024,-0.152432,-0.0704651,-0.00213969,0.060997,-0.00252654,0.231918,0.37852,0.0627564,0.572949,-0.0276125,-0.00785657,0.0282033,0.174744,-0.261059,0.045018,0.570285,0.0368527,-0.0375631,0.0422384,0.695,0.0306153,0.0164487,-0.999396,0.6,0,0,1.37245,0.580171,1.43113
3.0034,1.66627,4.98496,0.0969461,-0.0462077,-0.108208,-0.0152221,0.0312452,0.0114311,3.0034,1.66627,4.98496,0.0969461,-0.0462077,-0.108208,-0.0152221,0.0312452,0.0114311,0.133922,-0.0801854,0.00582401,0.271261,0.0154717,0.0724183,-0.143837,0.0152699,-0.0287015,0.538501,-0.173377,-0.0101516,0.00929716,0.00336028,0.0273601,0.246825,0.378221,0.0756787,0.57535,-0.0329633,-0.011247,0.0241731,0.248813,-0.32214,0.0195103,0.574961,0.038837,-0.0375855,0.0350977,0,0,0,0,0,0,0,0,0,0,0,0,0,0,0,0,0,0,0,0,0,0,0,0,0,0,0,0,0,-0.3934,-0.0328823,0.0534084,0.422116,-0.00368296,0.0292015,0.000425223,0.0225747,-0.0760974,0.276579,-0.298839,-0.0474815,-0.0166277,0.0238547,-0.0120456,0.287868,0.231968,0.0124693,0.664013,-0.0130725,0.00845394,0.0266127,0.113527,-0.162862,0.0654931,0.600832,0.0214948,-0.0298617,0.0451511,3.53617,-0.522764,0.155099,-2.4204,0.189102,0.555564,1.39096,-0.343114,0.755992,1.73856,-2.14245,0.744993,-0.597067,0.0393029,-0.882329,-0.182494,0.320296,0.213123,-0.591507,-0.250729,-0.0734905,-0.0328229,0.24624,-0.099124,0.345167,-0.115165,0.247739,-0.0390532,0.0355615,8.68371,-3.78433,1.2462,6.56134,0.296234,-0.0984871,-7.69932,-10.8791,1.77389,-4.72597,7.84253,-2.03858,2.12132,0.915497,1.9162,-0.618144,1.80932,0.525027,-0.771123,0.0209614,-0.201174,0.061647,0.680528,-1.32743,-0.606458,-0.327805,-0.00617067,-0.0891945,-0.0864631,0,0,0,0,0,0,0,0,0,0,0,0,0,0,0,0,0,0,0,0,0,0,0,0,0,0,0,0,0,2.55789,6.3088,2.55789,6.3088,1.81445,1.81445,2.55789,6.3088,2.55789,6.3088,1.81445,1.81445,2.55789,1.81445,1.81445,0.907223,0.907223,0.907223,0.907223,0.907223,1.06814,1.06814,0.907223,0.907223,0.907223,0.907223,0.907223,1.06814,1.06814,40.1792,99.0984,40.1792,99.0984,28.5012,28.5012,40.1792,99.0984,40.1792,99.0984,28.5012,28.5012,40.1792,28.5012,28.5012,14.2506,14.2506,14.2506,14.2506,14.2506,16.7783,16.7783,14.2506,14.2506,14.2506,14.2506,14.2506,16.7783,16.7783,0,0,0,0,0,0,0,0,0,0,0,0,0,0,0,0,0,0,0,0,0,0,0,0,0,0,0,0,0,0,0,0,0,0,0,0,0,0,0,0,0,0,0,0,0,0,0,0,0,0,0,0,0,0,0,0,0,0,0,0,0,0,0,0,0,0,0,0,0,0,0,0,0,0,0,0,0,0,0,0,0,0,0,0,0,0,0,0,0,0,0,0,0,0,0,0,0,0,0,0,0,0,0,0,0,0,0,0,0,0,0,0,0,0,0,0,0,-0.0152221,0.0312452,0.0114311,0.106765,0.111299,0.0623837,0.406361,-0.278491,0.00766178,0.172555,0.0444854,0.0169797,-0.0562043,-0.0570912,0.8144,0.30712,-0.0751596,0.0885523,-0.228669,0.043546,-0.150964,-0.504498,0.0106366,-0.0524184,0.324468,0.471105,-1.13425,-0.372151,0.862953,0.43236,0.165121,-0.0231467,0.133922,-0.0801854,0.00582401,0.271261,0.0154717,0.0724183,-0.143837,0.0152699,-0.0287015,0.538501,-0.173377,-0.0101516,0.00929716,0.00336028,0.0273601,0.246825,0.378221,0.0756787,0.57535,-0.0329633,-0.011247,0.0241731,0.248813,-0.32214,0.0195103,0.574961,0.038837,-0.0375855,0.0350977,0.643,0.0312401,0.0152141,-0.999396,0.6,0,0,1.37245,0.580171,1.43113
0.486136,-2.62613,7.03715,0.12721,-0.232191,-0.336607,-0.0123233,0.0280001,0.00681378,0.486136,-2.62613,7.03715,0.12721,-0.232191,-0.336607,-0.0123233,0.0280001,0.00681378,0.345719,0.147817,-0.381925,0.210498,0.0678537,0.0992352,-0.483311,0.249116,-0.113124,0.818275,-0.770272,-0.0527662,0.0458216,-0.172412,0.122583,0.268047,0.245724,0.0207151,0.576532,-0.0285367,-0.0211208,0.0160587,0.286709,-0.459615,-0.0373303,0.580761,0.0342888,-0.03672,0.0256425,0,0,0,0,0,0,0,0,0,0,0,0,0,0,0,0,0,0,0,0,0,0,0,0,0,0,0,0,0,-0.322775,-0.0421538,0.0478464,0.375601,-0.0250147,0.0452788,0.0133693,0.0188142,-0.0582796,0.333493,-0.344962,-0.0355318,-0.0305729,0.0204687,-0.0238346,0.287027,0.23854,0.0184116,0.651197,-0.0184844,0.00581496,0.025034,0.121015,-0.167559,0.0707132,0.595686,0.0260282,-0.0309111,0.0448379,3.50068,-0.415742,-0.24249,-1.86265,-4.51597,1.05507,0.262881,-0.254954,0.795031,3.36885,-1.3622,0.504288,-0.551824,-0.109367,-0.399018,0.0266338,0.419906,0.353918,-0.60803,-0.250605,-0.162807,-0.0758147,0.423304,-0.238254,0.158637,-0.208227,0.199896,-0.091796,-0.0377731,9.63501,-1.21438,-0.954188,1.80922,7.4474,-1.3532,-7.06452,0.992129,-0.873679,0.270682,6.28512,-0.268402,3.18149,-0.203026,2.22731,-0.603584,1.64966,0.513232,-0.506229,0.022343,-0.122882,0.068211,1.45509,-1.97478,-0.896643,-0.0690243,0.0013199,-0.0242769,-0.12871,0,0,0,0,0,0,0,0,0,0,0,0,0,0,0,0,0,0,0,0,0,0,0,0,0,0,0,0,0,2.55789,6.3088,2.55789,6.3088,1.81445,1.81445,2.55789,6.3088,2.55789,6.3088,1.81445,1.81445,2.55789,1.81445,1.81445,0.907223,0.907223,0.907223,0.907223,0.907223,1.06814,1.06814,0.907223,0.907223,0.907223,0.907223,0.907223,1.06814,1.06814,40.1792,99.0984,40.1792,99.0984,28.5012,28.5012,40.1792,99.0984,40.1792,99.0984,28.5012,28.5012,40.1792,28.5012,28.5012,14.2506,14.2506,14.2506,14.2506,14.2506,16.7783,16.7783,14.2506,14.2506,14.2506,14.2506,14.2506,16.7783,16.7783,0,0,0,0,0,0,0,0,0,0,0,0,0,0,0,0,0,0,0,0,0,0,0,0,0,0,0,0,0,0,0,0,0,0,0,0,0,0,0,0,0,0,0,0,0,0,0,0,0,0,0,0,0,0,0,0,0,0,0,0,0,0,0,0,0,0,0,0,0,0,0,0,0,0,0,0,0,0,0,0,0,0,0,0,0,0,0,0,0,0,0,0,0,0,0,0,0,0,0,0,0,0,0,0,0,0,0,0,0,0,0,0,0,0,0,0,0,-0.0123233,0.0280001,0.00681378,0.155153,0.197705,0.279502,0.104255,-0.591948,-0.393117,0.0472326,-0.0851168,0.0836854,-0.053509,-0.0438667,1.20121,-0.31287,-0.0650666,0.0781818,0.421538,0.710417,-0.283498,-0.49288,-0.697522,-0.206602,0.21555,0.344191,-1.30754,0.425696,0.982389,-0.928622,0.226266,-0.120312,0.345719,0.147817,-0.381925,0.210498,0.0678537,0.0992352,-0.483311,0.249116,-0.113124,0.818275,-0.770272,-0.0527662,0.0458216,-0.172412,0.122583,0.268047,0.245724,0.0207151,0.576532,-0.0285367,-0.0211208,0.0160587,0.286709,-0.459615,-0.0373303,0.580761,0.0342888,-0.03672,0.0256425,1.15,0.0279965,0.0123181,-0.999532,0.6,0,0,1.33876,0.578342,1.41075
-6.23636,-3.35773,18.7603,-0.255296,0.257594,-0.0786947,-0.0153552,0.0273494,0.0011895,-6.23636,-3.35773,18.7603,-0.255296,0.257594,-0.0786947,-0.0153552,0.0273494,0.0011895,0.616688,0.317616,-0.703296,0.289272,-0.181113,0.119814,-0.926819,0.175363,-0.0339566,0.703584,-0.87267,-0.0709159,0.0521211,-0.153716,0.177651,0.304096,0.182161,-0.0345403,0.496717,-0.0208253,-0.033894,0.0133407,0.121812,-0.416845,-0.0679713,0.530448,0.00320229,-0.0323941,0.0233482,0,0,0,0,0,0,0,0,0,0,0,0,0,0,0,0,0,0,0,0,0,0,0,0,0,0,0,0,0,-0.287609,-0.0688979,0.0426825,0.36502,-0.104086,0.0570086,-0.0166883,0.0118368,-0.0249386,0.46104,-0.45359,-0.0399888,-0.0248201,0.0402876,-0.0231379,0.27567,0.252059,0.0266973,0.653326,-0.0217494,0.00166473,0.0233025,0.127341,-0.164407,0.067341,0.606012,0.0285182,-0.0318684,0.041846,0.791502,-1.56249,-0.311387,0.0519744,-1.30182,0.254271,-1.71108,-0.0435713,1.63204,6.27002,-5.01036,-0.316013,0.819454,1.30253,-0.213189,-1.05723,0.641665,0.336883,0.487638,-0.10705,-0.0753811,-0.0734152,0.268135,0.264823,-0.319107,0.678046,0.0916183,0.0683471,-0.179664,23.433,31.0418,-16.4408,-15.5481,7.68838,0.689255,-14.3905,24.4675,-7.72846,-3.62217,0.12255,0.213195,0.949988,-8.38919,4.38668,0.746168,-0.67367,-0.397252,-1.49367,0.00113016,-0.274826,-0.0441337,2.06067,-4.45854,-1.21785,-0.967961,0.000399828,-0.134623,-0.0855008,0,0,0,0,0,0,0,0,0,0,0,0,0,0,0,0,0,0,0,0,0,0,0,0,0,0,0,0,0,2.55789,6.3088,2.55789,6.3088,1.81445,1.81445,2.55789,6.3088,2.55789,6.3088,1.81445,1.81445,2.55789,1.81445,1.81445,0.907223,0.907223,0.907223,0.907223,0.907223,1.06814,1.06814,0.907223,0.907223,0.907223,0.907223,0.907223,1.06814,1.06814,40.1792,99.0984,40.1792,99.0984,28.5012,28.5012,40.1792,99.0984,40.1792,99.0984,28.5012,28.5012,40.1792,28.5012,28.5012,14.2506,14.2506,14.2506,14.2506,14.2506,16.7783,16.7783,14.2506,14.2506,14.2506,14.2506,14.2506,16.7783,16.7783,0,0,0,0,0,0,0,0,0,0,0,0,0,0,0,0,0,0,0,0,0,0,0,0,0,0,0,0,0,0,0,0,0,0,0,0,0,0,0,0,0,0,0,0,0,0,0,0,0,0,0,0,0,0,0,0,0,0,0,0,0,0,0,0,0,0,0,0,0,0,0,0,0,0,0,0,0,0,0,0,0,0,0,0,0,0,0,0,0,0,0,0,0,0,0,0,0,0,0,0,0,0,0,0,0,0,0,0,0,0,0,0,0,0,0,0,0,-0.0153552,0.0273494,0.0011895,0.23735,-0.178276,0.405062,-0.0406737,-0.494428,-0.350488,-0.0787553,-0.154981,0.0951903,-0.235496,-0.158586,1.69609,-1.12286,-0.0474839,0.00730155,0.905762,0.500091,-0.454947,-0.434815,-1.28445,-0.0620159,0.179068,0.313396,-1.08289,0.0986245,0.414721,-1.62767,0.273188,-0.161695,0.616688,0.317616,-0.703296,0.289272,-0.181113,0.119814,-0.926819,0.175363,-0.0339566,0.703584,-0.87267,-0.0709159,0.0521211,-0.153716,0.177651,0.304096,0.182161,-0.0345403,0.496717,-0.0208253,-0.033894,0.0133407,0.121812,-0.416845,-0.0679713,0.530448,0.00320229,-0.0323941,0.0233482,0.881,0.0273459,0.0153489,-0.999508,0.6,0,0,1.29782,0.576728,1.3764
-2.07478,0.679108,15.7601,-0.0824163,0.17101,-0.0274722,-0.0187139,0.0309805,0.000398241,-2.07478,0.679108,15.7601,-0.0824163,0.17101,-0.0274722,-0.0187139,0.0309805,0.000398241,0.54267,0.399334,-0.661407,0.297666,-0.166287,0.260294,-0.963488,0.0437417,0.018029,0.777752,-0.87267,-0.0478687,0.0445827,-0.0349948,0.156728,0.220534,0.216479,-0.0249966,0.518319,-0.0169057,-0.02502,0.00859064,0.179983,-0.319478,-0.0440627,0.542417,0.00580702,-0.0230452,0.0179189,0,0,0,0,0,0,0,0,0,0,0,0,0,0,0,0,0,0,0,0,0,0,0,0,0,0,0,0,0,-0.285148,-0.0891264,0.0282181,0.372646,-0.118578,0.0582891,-0.0582982,0.028231,-0.00150182,0.558983,-0.555338,-0.0486783,-0.00418645,0.0530972,-0.0183337,0.258971,0.259689,0.0275036,0.65348,-0.0218991,0.00151356,0.0227453,0.13515,-0.161479,0.056769,0.618927,0.0227481,-0.0262839,0.0390925,-0.0400223,-0.521254,-0.93255,0.383406,-0.47543,-0.034802,-2.29632,1.35761,0.713221,3.87206,-4.77907,-0.411238,1.02976,0.0987123,0.386057,-0.659216,0.133433,-0.150594,-0.386665,0.0199361,-0.0595631,-0.0309192,0.417481,0.0110237,-0.64396,0.599947,-0.350093,0.335205,-0.134529,36.4099,44.1157,-27.1467,-10.8893,-0.878785,1.79106,-29.274,6.81155,-3.34837,-10.5101,-0.420953,0.117839,-0.347529,-6.25752,4.88499,1.24519,-1.27244,-0.778864,-1.95765,-0.00199356,-0.552458,-0.130003,-0.557572,-3.68178,-1.22159,-1.80341,0.0389663,-0.452937,-0.125782,0,0,0,0,0,0,0,0,0,0,0,0,0,0,0,0,0,0,0,0,0,0,0,0,0,0,0,0,0,2.55789,6.3088,2.55789,6.3088,1.81445,1.81445,2.55789,6.3088,2.55789,6.3088,1.81445,1.81445,2.55789,1.81445,1.81445,0.907223,0.907223,0.907223,0.907223,0.907223,1.06814,1.06814,0.907223,0.907223,0.907223,0.907223,0.907223,1.06814,1.06814,40.1792,99.0984,40.1792,99.0984,28.5012,28.5012,40.1792,99.0984,40.1792,99.0984,28.5012,28.5012,40.1792,28.5012,28.5012,14.2506,14.2506,14.2506,14.2506,14.2506,16.7783,16.7783,14.2506,14.2506,14.2506,14.2506,14.2506,16.7783,16.7783,0,0,0,0,0,0,0,0,0,0,0,0,0,0,0,0,0,0,0,0,0,0,0,0,0,0,0,0,0,0,0,0,0,0,0,0,0,0,0,0,0,0,0,0,0,0,0,0,0,0,0,0,0,0,0,0,0,0,0,0,0,0,0,0,0,0,0,0,0,0,0,0,0,0,0,0,0,0,0,0,0,0,0,0,0,0,0,0,0,0,0,0,0,0,0,0,0,0,0,0,0,0,0,0,0,0,0,0,0,0,0,0,0,0,0,0,0,-0.0187139,0.0309805,0.000398241,0.0468201,-0.0456398,0.357355,0.0375738,-0.272421,-0.0797917,-0.0569947,-0.100467,0.0814226,-0.186242,-0.131295,1.56091,-1.18983,-0.0385467,0.0132406,1.1388,0.124741,-0.335835,-0.309329,-1.20795,0.0329269,0.115309,0.240519,-1.05895,0.310134,0.448526,-1.39232,0.593497,-0.109145,0.54267,0.399334,-0.661407,0.297666,-0.166287,0.260294,-0.963488,0.0437417,0.018029,0.777752,-0.87267,-0.0478687,0.0445827,-0.0349948,0.156728,0.220534,0.216479,-0.0249966,0.518319,-0.0169057,-0.02502,0.00859064,0.179983,-0.319478,-0.0440627,0.542417,0.00580702,-0.0230452,0.0179189,0.714,0.0309755,0.0187039,-0.999345,0.6,0,0,1.29782,0.576728,1.3764
-2.45842,0.11347,12.0304,-0.00930157,0.211547,-0.0437625,-0.019428,0.0344486,0.000272584,-2.45842,0.11347,12.0304,-0.00930157,0.211547,-0.0437625,-0.019428,0.0344486,0.000272584,0.318191,0.421953,-0.552036,0.245343,-0.0923114,0.2618,-0.81446,-0.0105772,0.0341811,0.888824,-0.87267,-0.0312706,0.00412103,-0.0586859,0.153785,0.139524,0.257752,-0.0120467,0.485549,-0.0113957,-0.0196795,0.00827503,0.229904,-0.312644,-0.0318602,0.572865,0.00732905,-0.0127155,0.00969345,0,0,0,0,0,0,0,0,0,0,0,0,0,0,0,0,0,0,0,0,0,0,0,0,0,0,0,0,0,-0.283417,-0.0904839,0.0176236,0.371636,-0.125265,0.0591128,-0.11763,0.0520454,-0.00114871,0.634336,-0.638235,-0.0495635,0.00460482,0.050487,-0.00829009,0.245997,0.258253,0.021972,0.643449,-0.0206669,-0.000110448,0.0205395,0.145601,-0.163006,0.0427199,0.62688,0.0175155,-0.0192459,0.0348314,0.285864,0.243633,-0.317256,-0.323477,-0.292037,0.0736412,-3.25127,1.07395,-0.442982,3.46298,-3.58086,0.0509706,0.135614,-0.304865,0.432768,-0.637619,-0.228092,-0.320821,-0.576008,0.0651757,-0.10045,-0.127082,0.523336,-0.143137,-0.688718,0.281753,-0.212223,0.319452,-0.222785,32.6239,47.4237,-26.4565,-5.62563,-0.656102,5.60274,-25.9731,-7.44129,1.67209,-7.66042,-0.172,-0.038241,1.20003,-1.97703,3.87495,0.203903,-0.424713,-0.391041,-1.29279,-0.0056986,-0.319907,-0.0668896,0.0188968,-2.11872,-0.620353,-1.46718,0.0268034,-0.406284,-0.0478531,0,0,0,0,0,0,0,0,0,0,0,0,0,0,0,0,0,0,0,0,0,0,0,0,0,0,0,0,0,2.55789,6.3088,2.55789,6.3088,1.81445,1.81445,2.55789,6.3088,2.55789,6.3088,1.81445,1.81445,2.55789,1.81445,1.81445,0.907223,0.907223,0.907223,0.907223,0.907223,1.06814,1.06814,0.907223,0.907223,0.907223,0.907223,0.907223,1.06814,1.06814,40.1792,99.0984,40.1792,99.0984,28.5012,28.5012,40.1792,99.0984,40.1792,99.0984,28.5012,28.5012,40.1792,28.5012,28.5012,14.2506,14.2506,14.2506,14.2506,14.2506,16.7783,16.7783,14.2506,14.2506,14.2506,14.2506,14.2506,16.7783,16.7783,0,0,0,0,0,0,0,0,0,0,0,0,0,0,0,0,0,0,0,0,0,0,0,0,0,0,0,0,0,0,0,0,0,0,0,0,0,0,0,0,0,0,0,0,0,0,0,0,0,0,0,0,0,0,0,0,0,0,0,0,0,0,0,0,0,0,0,0,0,0,0,0,0,0,0,0,0,0,0,0,0,0,0,0,0,0,0,0,0,0,0,0,0,0,0,0,0,0,0,0,0,0,0,0,0,0,0,0,0,0,0,0,0,0,0,0,0,-0.019428,0.0344486,0.000272584,-0.137891,0.0681836,0.350645,0.13168,-0.256839,-0.13381,-0.0274676,-0.0726444,0.00752636,-0.260959,-0.0618697,1.15094,-0.917656,-0.0259833,0.016711,1.20331,-0.0301637,-0.264151,-0.170675,-1.0082,0.0624259,0.111073,0.130112,-1.20817,0.626885,0.617197,-1.192,0.706509,-0.0713002,0.318191,0.421953,-0.552036,0.245343,-0.0923114,0.2618,-0.81446,-0.0105772,0.0341811,0.888824,-0.87267,-0.0312706,0.00412103,-0.0586859,0.153785,0.139524,0.257752,-0.0120467,0.485549,-0.0113957,-0.0196795,0.00827503,0.229904,-0.312644,-0.0318602,0.572865,0.00732905,-0.0127155,0.00969345,0.678,0.0344418,0.0194152,-0.999218,0.6,0,0,1.26426,1.23569,1.34674
-1.84182,-0.136793,10.3515,0.0183977,0.237362,-0.0226487,-0.0193761,0.0388224,-0.000162218,-1.84182,-0.136793,10.3515,0.0183977,0.237362,-0.0226487,-0.0193761,0.0388224,-0.000162218,0.120592,0.396347,-0.420886,0.231824,-0.023552,0.2618,-0.695518,-0.0177306,0.0570545,0.982694,-0.797145,-0.0231761,-0.0542598,-0.0842062,0.154232,0.139554,0.261801,-0.00893202,0.491134,-0.00428362,-0.0172644,0.00752499,0.218603,-0.284927,-0.0181969,0.608536,0.0129831,-0.00469019,0.00943267,0,0,0,0,0,0,0,0,0,0,0,0,0,0,0,0,0,0,0,0,0,0,0,0,0,0,0,0,0,-0.273337,-0.0811978,0.0185508,0.357507,-0.129727,0.0603026,-0.191065,0.0675212,-0.0156993,0.70719,-0.700111,-0.04458,-0.00184858,0.0439444,0.000228006,0.231864,0.251929,0.01404,0.629779,-0.0183256,0.000155763,0.0176257,0.157603,-0.167759,0.031189,0.630867,0.0144641,-0.0134853,0.0288576,0.694328,0.600426,0.153256,-0.883737,-0.212345,0.0428639,-3.75423,0.602475,-0.934371,3.47919,-2.65896,0.274475,-0.480991,-0.399023,0.326731,-0.764707,-0.390849,-0.417185,-0.733818,0.118884,0.0245265,-0.143055,0.618182,-0.31252,-0.490504,0.173674,-0.124892,0.257677,-0.289152,22.1534,46.3469,-23.334,-5.80774,1.42913,5.66021,-15.687,-11.5479,4.22665,-3.85619,-0.0776581,-0.115347,1.44525,-2.27265,3.74036,-0.651722,0.41098,-0.00434728,-1.41575,-0.00906805,-0.365662,-0.0056837,0.48366,-1.80344,-0.452181,-0.979894,0.0116636,-0.261065,-0.0117883,0,0,0,0,0,0,0,0,0,0,0,0,0,0,0,0,0,0,0,0,0,0,0,0,0,0,0,0,0,2.55789,6.3088,2.55789,6.3088,1.81445,1.81445,2.55789,6.3088,2.55789,6.3088,1.81445,1.81445,2.55789,1.81445,1.81445,0.907223,0.907223,0.907223,0.907223,0.907223,1.06814,1.06814,0.907223,0.907223,0.907223,0.907223,0.907223,1.06814,1.06814,40.1792,99.0984,40.1792,99.0984,28.5012,28.5012,40.1792,99.0984,40.1792,99.0984,28.5012,28.5012,40.1792,28.5012,28.5012,14.2506,14.2506,14.2506,14.2506,14.2506,16.7783,16.7783,14.2506,14.2506,14.2506,14.2506,14.2506,16.7783,16.7783,0,0,0,0,0,0,0,0,0,0,0,0,0,0,0,0,0,0,0,0,0,0,0,0,0,0,0,0,0,0,0,0,0,0,0,0,0,0,0,0,0,0,0,0,0,0,0,0,0,0,0,0,0,0,0,0,0,0,0,0,0,0,0,0,0,0,0,0,0,0,0,0,0,0,0,0,0,0,0,0,0,0,0,0,0,0,0,0,0,0,0,0,0,0,0,0,0,0,0,0,0,0,0,0,0,0,0,0,0,0,0,0,0,0,0,0,0,-0.0193761,0.0388224,-0.000162218,-0.137824,0.0424171,0.351665,0.140913,-0.193642,-0.191999,-0.0203659,-0.0414908,-0.0990963,-0.248227,0.0194636,0.790056,-0.700429,-0.00976708,0.0296027,1.13029,-0.0505632,-0.231734,-0.0629548,-0.768677,0.1042,0.101005,0.126612,-1.24672,0.894577,0.773975,-0.989893,0.687027,-0.0528438,0.120592,0.396347,-0.420886,0.231824,-0.023552,0.2618,-0.695518,-0.0177306,0.0570545,0.982694,-0.797145,-0.0231761,-0.0542598,-0.0842062,0.154232,0.139554,0.261801,-0.00893202,0.491134,-0.00428362,-0.0172644,0.00752499,0.218603,-0.284927,-0.0181969,0.608536,0.0129831,-0.00469019,0.00943267,0.626,0.0388126,0.0193603,-0.999059,0.6,0,0,1.26426,1.23569,1.34674
-1.2567,-0.272906,8.97615,0.0488136,0.17133,0.0230722,-0.0187266,0.0426105,-4.13649e-05,-1.2567,-0.272906,8.97615,0.0488136,0.17133,0.0230722,-0.0187266,0.0426105,-4.13649e-05,-0.0545437,0.380252,-0.254697,0.260436,0.10515,0.2618,-0.550137,0.0143761,0.0715285,0.908454,-0.623838,-0.0316464,-0.104065,-0.0801304,0.138732,0.169988,0.256433,-0.0198202,0.505009,0.00117796,-0.0165909,0.00772896,0.152891,-0.279765,-0.0214963,0.605121,0.0201124,-0.00459918,0.00669367,0,0,0,0,0,0,0,0,0,0,0,0,0,0,0,0,0,0,0,0,0,0,0,0,0,0,0,0,0,-0.2588,-0.0673693,0.0255174,0.338729,-0.134876,0.0611814,-0.270755,0.0770847,-0.0311352,0.779124,-0.72977,-0.0379696,-0.0161858,0.0358295,0.00802309,0.215418,0.243102,0.0052637,0.615242,-0.014711,0.000412837,0.0146758,0.170228,-0.175032,0.0229861,0.637192,0.013701,-0.0087743,0.0236418,0.80234,0.725939,0.351666,-0.902651,-0.318223,0.0358236,-3.92771,0.375052,-0.734416,3.42696,-0.973728,0.312405,-0.743713,-0.452261,0.329939,-0.873263,-0.487958,-0.432184,-0.706845,0.178915,-0.00791403,-0.138771,0.610954,-0.396425,-0.356958,0.422396,-0.0148464,0.236898,-0.227795,13.3177,41.5359,-18.8788,-4.95846,3.7019,5.64847,-7.2045,-11.8202,5.34914,-1.32388,-0.121473,-0.144299,0.374538,-2.6605,3.53615,-0.322588,0.685629,0.18114,-1.14176,-0.0136915,-0.293774,0.0272312,0.146512,-1.22272,-0.264338,-0.764082,0.0031853,-0.175369,0.00587469,0,0,0,0,0,0,0,0,0,0,0,0,0,0,0,0,0,0,0,0,0,0,0,0,0,0,0,0,0,2.55789,6.3088,2.55789,6.3088,1.81445,1.81445,2.55789,6.3088,2.55789,6.3088,1.81445,1.81445,2.55789,1.81445,1.81445,0.907223,0.907223,0.907223,0.907223,0.907223,1.06814,1.06814,0.907223,0.907223,0.907223,0.907223,0.907223,1.06814,1.06814,40.1792,99.0984,40.1792,99.0984,28.5012,28.5012,40.1792,99.0984,40.1792,99.0984,28.5012,28.5012,40.1792,28.5012,28.5012,14.2506,14.2506,14.2506,14.2506,14.2506,16.7783,16.7783,14.2506,14.2506,14.2506,14.2506,14.2506,16.7783,16.7783,0,0,0,0,0,0,0,0,0,0,0,0,0,0,0,0,0,0,0,0,0,0,0,0,0,0,0,0,0,0,0,0,0,0,0,0,0,0,0,0,0,0,0,0,0,0,0,0,0,0,0,0,0,0,0,0,0,0,0,0,0,0,0,0,0,0,0,0,0,0,0,0,0,0,0,0,0,0,0,0,0,0,0,0,0,0,0,0,0,0,0,0,0,0,0,0,0,0,0,0,0,0,0,0,0,0,0,0,0,0,0,0,0,0,0,0,0,-0.0187266,0.0426105,-4.13649e-05,-0.0684309,-0.107412,0.316324,0.128673,-0.181873,-0.182705,-0.045192,-0.0490136,-0.190057,-0.21659,0.0116754,0.4702,-0.434917,0.00268586,0.0458583,1.08439,0.040997,-0.222694,-0.0617333,-0.465161,0.130635,0.103743,0.0898469,-1.16512,0.682863,1.06743,-0.594737,0.641531,-0.0721569,-0.0545437,0.380252,-0.254697,0.260436,0.10515,0.2618,-0.550137,0.0143761,0.0715285,0.908454,-0.623838,-0.0316464,-0.104065,-0.0801304,0.138732,0.169988,0.256433,-0.0198202,0.505009,0.00117796,-0.0165909,0.00772896,0.152891,-0.279765,-0.0214963,0.605121,0.0201124,-0.00459918,0.00669367,0.617,0.0425976,0.0187085,-0.998917,0.6,0,0,1.23679,1.23453,1.33666
-0.668015,-0.580093,8.29994,0.0885299,0.122832,0.0692073,-0.0171209,0.0455238,0.00116887,-0.668015,-0.580093,8.29994,0.0885299,0.122832,0.0692073,-0.0171209,0.0455238,0.00116887,-0.166514,0.34079,-0.132832,0.286934,0.0831216,0.231267,-0.40739,0.0437432,0.0636015,0.684353,-0.432408,-0.0634438,-0.134185,-0.0459883,0.103074,0.193385,0.249263,-0.0443993,0.500557,0.00648516,-0.019604,0.00836916,0.0797549,-0.27899,-0.0242888,0.573731,0.0188909,-0.00623802,0.0035362,0,0,0,0,0,0,0,0,0,0,0,0,0,0,0,0,0,0,0,0,0,0,0,0,0,0,0,0,0,-0.242648,-0.0497992,0.0323575,0.326473,-0.145093,0.0615463,-0.340608,0.0870131,-0.0404139,0.823267,-0.708617,-0.034686,-0.0321678,0.0234724,0.0129143,0.197091,0.232425,-0.00460528,0.6026,-0.0104976,-0.000472295,0.0124337,0.181394,-0.183333,0.015759,0.648187,0.0150279,-0.00383311,0.0192582,0.820936,0.93511,0.344853,-0.423158,-0.646473,0.0161773,-3.17967,0.497037,-0.297367,1.44975,1.57077,0.114493,-0.812369,-0.680235,0.186293,-0.903539,-0.55594,-0.509509,-0.620846,0.198651,-0.0603551,-0.101771,0.501803,-0.41719,-0.345506,0.615862,0.0795427,0.258725,-0.199598,5.54267,36.895,-12.4002,-3.76329,8.22509,5.68006,-0.388262,-10.3575,5.29179,-1.12994,-0.400869,-0.122128,-0.850151,-1.76166,3.23481,0.415875,0.828532,0.233871,-0.847056,-0.013939,-0.211429,0.0280384,-0.859295,-1.00587,-0.220702,-1.14885,0.000330613,-0.279234,0.00221085,0,0,0,0,0,0,0,0,0,0,0,0,0,0,0,0,0,0,0,0,0,0,0,0,0,0,0,0,0,2.55789,6.3088,2.55789,6.3088,1.81445,1.81445,2.55789,6.3088,2.55789,6.3088,1.81445,1.81445,2.55789,1.81445,1.81445,0.907223,0.907223,0.907223,0.907223,0.907223,1.06814,1.06814,0.907223,0.907223,0.907223,0.907223,0.907223,1.06814,1.06814,40.1792,99.0984,40.1792,99.0984,28.5012,28.5012,40.1792,99.0984,40.1792,99.0984,28.5012,28.5012,40.1792,28.5012,28.5012,14.2506,14.2506,14.2506,14.2506,14.2506,16.7783,16.7783,14.2506,14.2506,14.2506,14.2506,14.2506,16.7783,16.7783,0,0,0,0,0,0,0,0,0,0,0,0,0,0,0,0,0,0,0,0,0,0,0,0,0,0,0,0,0,0,0,0,0,0,0,0,0,0,0,0,0,0,0,0,0,0,0,0,0,0,0,0,0,0,0,0,0,0,0,0,0,0,0,0,0,0,0,0,0,0,0,0,0,0,0,0,0,0,0,0,0,0,0,0,0,0,0,0,0,0,0,0,0,0,0,0,0,0,0,0,0,0,0,0,0,0,0,0,0,0,0,0,0,0,0,0,0,-0.0171209,0.0455238,0.00116887,-0.0150829,-0.274171,0.235019,0.112324,-0.180105,-0.104858,-0.101235,-0.0553809,-0.245067,-0.226739,-0.0598956,0.265705,-0.174214,0.0147868,0.0430732,0.971848,0.124745,-0.263137,-0.0837308,-0.242595,0.116157,0.112336,0.0474652,-1.08956,0.043783,1.0172,-0.158258,0.527311,-0.144658,-0.166514,0.34079,-0.132832,0.286934,0.0831216,0.231267,-0.40739,0.0437432,0.0636015,0.684353,-0.432408,-0.0634438,-0.134185,-0.0459883,0.103074,0.193385,0.249263,-0.0443993,0.500557,0.00648516,-0.019604,0.00836916,0.0797549,-0.27899,-0.0242888,0.573731,0.0188909,-0.00623802,0.0035362,0.965,0.0455081,0.0171024,-0.998818,0.6,0,0,1.2115,1.23715,1.31186
0.214208,-1.44018,7.11882,0.069832,0.117633,0.0656258,-0.015153,0.0483285,0.00277464,0.214208,-1.44018,7.11882,0.069832,0.117633,0.0656258,-0.015153,0.0483285,0.00277464,-0.333344,0.213745,0.00540989,0.270463,0.0359319,0.13327,-0.188043,0.0820677,-0.036411,0.462751,-0.198031,-0.0737603,-0.163134,-0.0787489,0.0357258,0.223873,0.257294,-0.0516533,0.518437,0.010434,-0.0170623,0.0136788,0.0127987,-0.290911,-0.0168722,0.560368,0.00658297,-0.0136474,0.00479482,0,0,0,0,0,0,0,0,0,0,0,0,0,0,0,0,0,0,0,0,0,0,0,0,0,0,0,0,0,-0.224362,-0.0285043,0.0369439,0.325221,-0.162653,0.06066,-0.384664,0.098322,-0.0444675,0.806571,-0.639836,-0.040165,-0.0468883,0.00656575,0.0119177,0.179905,0.221374,-0.0173453,0.589556,-0.00601774,-0.00243153,0.0111871,0.189635,-0.19154,0.00890229,0.659413,0.016062,0.00202264,0.0152019,0.924808,1.07074,0.281342,0.112988,-1.00174,-0.084526,-1.73307,0.513747,-0.026168,-1.9697,3.66634,-0.33629,-0.746132,-0.804877,-0.0920453,-0.748612,-0.515087,-0.690149,-0.745338,0.210256,-0.120248,-0.0614679,0.35189,-0.382577,-0.30638,0.489595,0.0395645,0.289662,-0.185144,0.0207339,29.9577,-7.44611,-4.3627,8.74121,4.97874,3.4971,-8.74609,4.52345,-0.697115,-0.727771,-0.055409,-1.67261,-0.020768,2.77476,0.878394,0.860921,0.222462,-0.633633,-0.0124211,-0.170451,0.0143656,-1.88789,-0.901021,-0.192505,-1.66753,0.00408685,-0.444523,0.00276405,0,0,0,0,0,0,0,0,0,0,0,0,0,0,0,0,0,0,0,0,0,0,0,0,0,0,0,0,0,2.55789,6.3088,2.55789,6.3088,1.81445,1.81445,2.55789,6.3088,2.55789,6.3088,1.81445,1.81445,2.55789,1.81445,1.81445,0.907223,0.907223,0.907223,0.907223,0.907223,1.06814,1.06814,0.907223,0.907223,0.907223,0.907223,0.907223,1.06814,1.06814,40.1792,99.0984,40.1792,99.0984,28.5012,28.5012,40.1792,99.0984,40.1792,99.0984,28.5012,28.5012,40.1792,28.5012,28.5012,14.2506,14.2506,14.2506,14.2506,14.2506,16.7783,16.7783,14.2506,14.2506,14.2506,14.2506,14.2506,16.7783,16.7783,0,0,0,0,0,0,0,0,0,0,0,0,0,0,0,0,0,0,0,0,0,0,0,0,0,0,0,0,0,0,0,0,0,0,0,0,0,0,0,0,0,0,0,0,0,0,0,0,0,0,0,0,0,0,0,0,0,0,0,0,0,0,0,0,0,0,0,0,0,0,0,0,0,0,0,0,0,0,0,0,0,0,0,0,0,0,0,0,0,0,0,0,0,0,0,0,0,0,0,0,0,0,0,0,0,0,0,0,0,0,0,0,0,0,0,0,0,-0.015153,0.0483285,0.00277464,0.0544338,-0.426838,0.0814583,0.130637,-0.207285,-0.179555,-0.117775,-0.0384702,-0.297937,-0.185971,-0.090364,-0.0389806,0.226387,0.0237906,0.0150098,0.609549,0.234037,-0.229021,-0.183185,0.00988024,-0.0664984,0.183606,0.0643592,-1.13653,-0.588172,0.909605,0.376146,0.303868,-0.168181,-0.333344,0.213745,0.00540989,0.270463,0.0359319,0.13327,-0.188043,0.0820677,-0.036411,0.462751,-0.198031,-0.0737603,-0.163134,-0.0787489,0.0357258,0.223873,0.257294,-0.0516533,0.518437,0.010434,-0.0170623,0.0136788,0.0127987,-0.290911,-0.0168722,0.560368,0.00658297,-0.0136474,0.00479482,0.611,0.0483097,0.0151348,-0.998718,0.6,0,0,1.2115,1.23715,1.31186
0.700772,-2.27145,5.73577,0.0246259,0.16996,0.0351671,-0.0139265,0.0518672,0.00387694,0.700772,-2.27145,5.73577,0.0246259,0.16996,0.0351671,-0.0139265,0.0518672,0.00387694,-0.50413,0.130699,0.0787856,0.262781,-0.00973571,0.0449232,0.143714,0.134831,-0.064452,0.331815,0.0318138,-0.0719369,-0.155816,-0.123509,0.00718085,0.243107,0.308178,-0.0319226,0.549124,0.00361305,-0.00900216,0.0197152,0.0218465,-0.348431,-0.0218098,0.564743,0.00143936,-0.02113,0.00153814,0,0,0,0,0,0,0,0,0,0,0,0,0,0,0,0,0,0,0,0,0,0,0,0,0,0,0,0,0,-0.201694,-0.00867473,0.0411817,0.330061,-0.184375,0.055636,-0.398624,0.103129,-0.0504691,0.726601,-0.527246,-0.0487386,-0.0592559,-0.00863931,0.0040625,0.165998,0.211971,-0.0319762,0.575349,-0.00161012,-0.00554121,0.0111322,0.19353,-0.19927,0.00474053,0.667607,0.0139892,0.00586647,0.0121683,1.16645,0.833797,0.326427,0.280053,-1.13272,-0.29564,-0.279461,0.0211595,-0.287853,-4.79804,5.69243,-0.400659,-0.628081,-0.553504,-0.420019,-0.575925,-0.392287,-0.727618,-0.739969,0.202556,-0.15818,0.00304401,0.104419,-0.359899,-0.119603,0.30708,-0.131357,0.148695,-0.118713,-8.2154,16.6572,-2.12491,-7.59554,8.25525,2.73349,9.19808,-2.49334,1.38018,3.10458,-0.938946,0.0157927,-2.65446,-0.90331,1.68117,1.3629,1.00996,0.369043,-0.170238,-0.0121026,-0.0315655,0.0369003,-2.6837,-0.97888,-0.187472,-1.82122,0.0125815,-0.488345,0.00675062,0,0,0,0,0,0,0,0,0,0,0,0,0,0,0,0,0,0,0,0,0,0,0,0,0,0,0,0,0,2.55789,6.3088,2.55789,6.3088,1.81445,1.81445,2.55789,6.3088,2.55789,6.3088,1.81445,1.81445,2.55789,1.81445,1.81445,0.907223,0.907223,0.907223,0.907223,0.907223,1.06814,1.06814,0.907223,0.907223,0.907223,0.907223,0.907223,1.06814,1.06814,40.1792,99.0984,40.1792,99.0984,28.5012,28.5012,40.1792,99.0984,40.1792,99.0984,28.5012,28.5012,40.1792,28.5012,28.5012,14.2506,14.2506,14.2506,14.2506,14.2506,16.7783,16.7783,14.2506,14.2506,14.2506,14.2506,14.2506,16.7783,16.7783,0,0,0,0,0,0,0,0,0,0,0,0,0,0,0,0,0,0,0,0,0,0,0,0,0,0,0,0,0,0,0,0,0,0,0,0,0,0,0,0,0,0,0,0,0,0,0,0,0,0,0,0,0,0,0,0,0,0,0,0,0,0,0,0,0,0,0,0,0,0,0,0,0,0,0,0,0,0,0,0,0,0,0,0,0,0,0,0,0,0,0,0,0,0,0,0,0,0,0,0,0,0,0,0,0,0,0,0,0,0,0,0,0,0,0,0,0,-0.0139265,0.0518672,0.00387694,0.0982878,-0.406208,0.0163731,0.246656,-0.338438,-0.281612,-0.0727867,-0.0497286,-0.284572,-0.116003,-0.0803884,-0.350892,0.832284,0.0082381,0.00328188,0.372722,0.384505,-0.120833,-0.28362,0.143888,-0.11771,0.264631,0.0206459,-1.15844,-0.961568,0.805478,0.900215,0.102429,-0.164023,-0.50413,0.130699,0.0787856,0.262781,-0.00973571,0.0449232,0.143714,0.134831,-0.064452,0.331815,0.0318138,-0.0719369,-0.155816,-0.123509,0.00718085,0.243107,0.308178,-0.0319226,0.549124,0.00361305,-0.00900216,0.0197152,0.0218465,-0.348431,-0.0218098,0.564743,0.00143936,-0.02113,0.00153814,0.659,0.051844,0.0139074,-0.998558,0.6,0,0,1.1852,1.24258,1.29124
1.44704,-2.56962,5.48233,-0.00745121,0.227896,-0.0266471,-0.0136165,0.0569658,0.00378543,1.44704,-2.56962,5.48233,-0.00745121,0.227896,-0.0266471,-0.0136165,0.0569658,0.00378543,-0.560319,0.0617904,0.105146,0.310214,-0.0808645,0.00216831,0.352476,0.208841,-0.107907,0.304679,0.114062,-0.0371382,-0.140396,-0.12141,-0.0124778,0.272182,0.309674,-0.0108847,0.567156,0.00306193,-0.00201972,0.0195057,0.0714445,-0.408602,-0.0332978,0.584005,-0.00508603,-0.0249264,9.03128e-05,0,0,0,0,0,0,0,0,0,0,0,0,0,0,0,0,0,0,0,0,0,0,0,0,0,0,0,0,0,-0.17302,0.00473126,0.0459751,0.339896,-0.210409,0.0471598,-0.384296,0.102723,-0.0528781,0.610209,-0.383076,-0.0552854,-0.0678259,-0.0176495,-0.0128701,0.154608,0.206287,-0.0448063,0.564132,0.000243019,-0.00826048,0.0119076,0.191842,-0.207186,0.00499123,0.671325,0.0106746,0.0062764,0.00976722,1.46079,0.461374,0.273744,0.616433,-1.37291,-0.436154,1.11862,-0.0989377,0.110823,-5.94634,6.98401,-0.279799,-0.346655,-0.240998,-0.898227,-0.483388,-0.160999,-0.570452,-0.440039,0.057211,-0.0961335,0.0408831,-0.158335,-0.395682,0.088259,0.0803981,-0.161313,-0.0308988,-0.0981548,-16.9875,9.28875,0.712025,-11.2794,8.11247,0.805477,18.4775,3.60909,-0.595197,9.35405,-0.857208,0.0318716,-2.67066,-2.47661,2.21205,1.71433,1.61975,0.70161,0.193483,-0.00414462,0.0941261,0.0863585,-2.29043,-1.6592,-0.451628,-1.60824,0.0141319,-0.433202,-0.0298256,0,0,0,0,0,0,0,0,0,0,0,0,0,0,0,0,0,0,0,0,0,0,0,0,0,0,0,0,0,2.55789,6.3088,2.55789,6.3088,1.81445,1.81445,2.55789,6.3088,2.55789,6.3088,1.81445,1.81445,2.55789,1.81445,1.81445,0.907223,0.907223,0.907223,0.907223,0.907223,1.06814,1.06814,0.907223,0.907223,0.907223,0.907223,0.907223,1.06814,1.06814,40.1792,99.0984,40.1792,99.0984,28.5012,28.5012,40.1792,99.0984,40.1792,99.0984,28.5012,28.5012,40.1792,28.5012,28.5012,14.2506,14.2506,14.2506,14.2506,14.2506,16.7783,16.7783,14.2506,14.2506,14.2506,14.2506,14.2506,16.7783,16.7783,0,0,0,0,0,0,0,0,0,0,0,0,0,0,0,0,0,0,0,0,0,0,0,0,0,0,0,0,0,0,0,0,0,0,0,0,0,0,0,0,0,0,0,0,0,0,0,0,0,0,0,0,0,0,0,0,0,0,0,0,0,0,0,0,0,0,0,0,0,0,0,0,0,0,0,0,0,0,0,0,0,0,0,0,0,0,0,0,0,0,0,0,0,0,0,0,0,0,0,0,0,0,0,0,0,0,0,0,0,0,0,0,0,0,0,0,0,-0.0136165,0.0569658,0.00378543,0.164583,-0.293119,-0.0284506,0.250067,-0.475633,-0.276826,-0.0248182,-0.0759224,-0.25641,-0.0748873,-0.0364693,-0.453512,1.21355,0.0069815,-0.0115967,0.176211,0.595564,-0.02711,-0.334578,0.192032,-0.197073,0.261819,0.00121224,-1.02317,-1.03895,0.643297,1.08775,0.00494397,-0.0846787,-0.560319,0.0617904,0.105146,0.310214,-0.0808645,0.00216831,0.352476,0.208841,-0.107907,0.304679,0.114062,-0.0371382,-0.140396,-0.12141,-0.0124778,0.272182,0.309674,-0.0108847,0.567156,0.00306193,-0.00201972,0.0195057,0.0714445,-0.408602,-0.0332978,0.584005,-0.00508603,-0.0249264,9.03128e-05,0.62,0.056935,0.013594,-0.998285,0.6,0,0,1.1852,1.24258,1.29124
2.23996,-2.32091,5.5956,-0.0371174,0.192255,-0.0298582,-0.0140419,0.0621531,0.00295799,2.23996,-2.32091,5.5956,-0.0371174,0.192255,-0.0298582,-0.0140419,0.0621531,0.00295799,-0.570425,-0.020447,0.0979547,0.43911,-0.121729,-0.0110322,0.477516,0.202085,-0.0633524,0.281561,0.171782,-0.0207339,-0.158142,-0.0717328,-0.0326064,0.38311,0.290442,-0.00673872,0.583806,0.01085,-0.00471561,0.014931,0.0559221,-0.383096,-0.0110216,0.593223,-0.00621878,-0.032306,0.00355787,0,0,0,0,0,0,0,0,0,0,0,0,0,0,0,0,0,0,0,0,0,0,0,0,0,0,0,0,0,-0.142415,0.0105836,0.0488426,0.3618,-0.243582,0.0407369,-0.349195,0.102168,-0.0465127,0.497659,-0.24999,-0.0525602,-0.0706899,-0.0205287,-0.0371259,0.145929,0.204345,-0.0511279,0.558206,0.0011541,-0.00889924,0.0121738,0.186575,-0.216385,0.00787927,0.6708,0.00656798,0.00354946,0.00824575,1.49174,0.140667,0.117773,1.36923,-1.83338,-0.266771,2.02112,-0.00887575,0.444755,-5.08056,5.9438,0.214406,-0.069329,-0.00248503,-1.22193,-0.334331,-0.020543,-0.169611,-0.158815,0.0363301,0.00864778,0.0142553,-0.271719,-0.490748,0.158479,-0.0793874,-0.199417,-0.171027,-0.0568901,-20.5448,3.98869,2.00042,-13.2876,7.80815,-0.613296,23.214,10.5889,-3.52735,12.9337,-0.438186,0.0495715,-2.63298,-2.79532,2.92863,2.12361,1.53769,0.742352,0.296673,-0.0061665,0.113295,0.110172,-1.39391,-2.30921,-0.72846,-1.17144,0.0142386,-0.300905,-0.0741551,0,0,0,0,0,0,0,0,0,0,0,0,0,0,0,0,0,0,0,0,0,0,0,0,0,0,0,0,0,2.55789,6.3088,2.55789,6.3088,1.81445,1.81445,2.55789,6.3088,2.55789,6.3088,1.81445,1.81445,2.55789,1.81445,1.81445,0.907223,0.907223,0.907223,0.907223,0.907223,1.06814,1.06814,0.907223,0.907223,0.907223,0.907223,0.907223,1.06814,1.06814,40.1792,99.0984,40.1792,99.0984,28.5012,28.5012,40.1792,99.0984,40.1792,99.0984,28.5012,28.5012,40.1792,28.5012,28.5012,14.2506,14.2506,14.2506,14.2506,14.2506,16.7783,16.7783,14.2506,14.2506,14.2506,14.2506,14.2506,16.7783,16.7783,0,0,0,0,0,0,0,0,0,0,0,0,0,0,0,0,0,0,0,0,0,0,0,0,0,0,0,0,0,0,0,0,0,0,0,0,0,0,0,0,0,0,0,0,0,0,0,0,0,0,0,0,0,0,0,0,0,0,0,0,0,0,0,0,0,0,0,0,0,0,0,0,0,0,0,0,0,0,0,0,0,0,0,0,0,0,0,0,0,0,0,0,0,0,0,0,0,0,0,0,0,0,0,0,0,0,0,0,0,0,0,0,0,0,0,0,0,-0.0140419,0.0621531,0.00295799,0.417508,-0.328512,-0.0743459,0.206218,-0.417477,-0.163558,-0.015365,-0.0251303,-0.288819,-0.036924,-0.0154524,-0.471969,1.44192,0.024739,-0.0141794,-0.0583097,0.576295,-0.0632961,-0.433633,0.178898,-0.115702,0.200413,0.0477561,-0.655589,-1.10488,0.550121,1.21936,-0.0251545,-0.0472753,-0.570425,-0.020447,0.0979547,0.43911,-0.121729,-0.0110322,0.477516,0.202085,-0.0633524,0.281561,0.171782,-0.0207339,-0.158142,-0.0717328,-0.0326064,0.38311,0.290442,-0.00673872,0.583806,0.01085,-0.00471561,0.014931,0.0559221,-0.383096,-0.0110216,0.593223,-0.00621878,-0.032306,0.00355787,0.641,0.0621131,0.0140144,-0.997971,0.6,0,0,1.16044,1.24433,1.26932
2.54861,-2.48395,4.05855,-0.0860526,0.0253664,0.0690805,-0.0152761,0.0649277,0.00296915,2.54861,-2.48395,4.05855,-0.0860526,0.0253664,0.0690805,-0.0152761,0.0649277,0.00296915,-0.599987,-0.0980365,0.0410192,0.600912,-0.360835,0.00946144,0.505393,0.052286,0.110575,0.272413,0.13091,-0.0578604,-0.151563,0.0208117,-0.057043,0.470444,0.333234,0.0199896,0.5903,0.00768099,-0.0085804,0.0118947,0.0401241,-0.321766,0.014974,0.566863,-0.0120304,-0.0423737,0.0115734,0,0,0,0,0,0,0,0,0,0,0,0,0,0,0,0,0,0,0,0,0,0,0,0,0,0,0,0,0,-0.116471,0.0103414,0.047426,0.401671,-0.277332,0.0357068,-0.300324,0.102984,-0.0338207,0.407612,-0.139096,-0.0451194,-0.0669794,-0.0186406,-0.0633351,0.143881,0.205131,-0.0508997,0.553565,0.00353809,-0.00968866,0.0115966,0.180503,-0.227647,0.0123823,0.668219,0.00302875,-0.00158966,0.00767619,1.13957,-0.139869,-0.117008,2.3753,-1.72198,-0.251581,2.64366,0.0415698,0.746471,-3.91385,4.93592,0.366461,0.26749,0.215416,-1.22055,0.0996589,0.103076,0.0824476,-0.239793,0.127491,-0.0690778,-0.0337676,-0.25971,-0.595583,0.227243,-0.153458,-0.158007,-0.281648,-0.0119152,-21.1269,-2.53114,2.31866,-10.262,6.83753,-0.819806,24.7433,9.41464,-2.9747,12.3715,-0.110202,0.0265109,-4.36539,-1.78239,3.1045,3.36134,1.1436,0.564989,0.658452,-0.0112779,0.151403,0.0930015,-1.53517,-1.68531,-0.542049,-0.920594,0.0107776,-0.223003,-0.0553538,0,0,0,0,0,0,0,0,0,0,0,0,0,0,0,0,0,0,0,0,0,0,0,0,0,0,0,0,0,2.55789,6.3088,2.55789,6.3088,1.81445,1.81445,2.55789,6.3088,2.55789,6.3088,1.81445,1.81445,2.55789,1.81445,1.81445,0.907223,0.907223,0.907223,0.907223,0.907223,1.06814,1.06814,0.907223,0.907223,0.907223,0.907223,0.907223,1.06814,1.06814,40.1792,99.0984,40.1792,99.0984,28.5012,28.5012,40.1792,99.0984,40.1792,99.0984,28.5012,28.5012,40.1792,28.5012,28.5012,14.2506,14.2506,14.2506,14.2506,14.2506,16.7783,16.7783,14.2506,14.2506,14.2506,14.2506,14.2506,16.7783,16.7783,0,0,0,0,0,0,0,0,0,0,0,0,0,0,0,0,0,0,0,0,0,0,0,0,0,0,0,0,0,0,0,0,0,0,0,0,0,0,0,0,0,0,0,0,0,0,0,0,0,0,0,0,0,0,0,0,0,0,0,0,0,0,0,0,0,0,0,0,0,0,0,0,0,0,0,0,0,0,0,0,0,0,0,0,0,0,0,0,0,0,0,0,0,0,0,0,0,0,0,0,0,0,0,0,0,0,0,0,0,0,0,0,0,0,0,0,0,-0.0152761,0.0649277,0.00296915,0.61664,-0.364533,-0.130064,0.303787,-0.277638,0.0474526,0.0455783,0.0341422,-0.276805,-0.0221163,-0.0755557,-0.52596,1.49283,0.0175134,-0.0274306,-0.279576,0.149107,-0.115172,-0.568768,0.0749145,0.201946,0.159658,0.155346,-0.19417,-1.13097,0.00493711,1.12616,0.021573,-0.131927,-0.599987,-0.0980365,0.0410192,0.600912,-0.360835,0.00946144,0.505393,0.052286,0.110575,0.272413,0.13091,-0.0578604,-0.151563,0.0208117,-0.057043,0.470444,0.333234,0.0199896,0.5903,0.00768099,-0.0085804,0.0118947,0.0401241,-0.321766,0.014974,0.566863,-0.0120304,-0.0423737,0.0115734,0.909,0.0648821,0.0152433,-0.997777,0.6,0,0,1.16044,1.24433,1.26932
-1.27608,3.20048,10.9404,-0.214939,-0.197084,0.23067,-0.0187213,0.0629053,0.00571727,-1.27608,3.20048,10.9404,-0.214939,-0.197084,0.23067,-0.0187213,0.0629053,0.00571727,-0.710286,-0.108621,0.00572524,0.734334,-0.693634,0.040165,0.514076,-0.130517,0.273113,0.258599,0.152165,-0.112442,-0.105847,0.119768,-0.0720218,0.443652,0.333101,0.0330041,0.556372,0.0176996,-0.0115923,0.00411665,-0.0235251,-0.249759,0.0518492,0.488339,-0.0178353,-0.0519669,0.0208506,0,0,0,0,0,0,0,0,0,0,0,0,0,0,0,0,0,0,0,0,0,0,0,0,0,0,0,0,0,-0.105542,-0.00427173,0.0375397,0.468027,-0.331595,0.0348458,-0.246284,0.0961106,-0.00758803,0.344941,-0.0699926,-0.0489668,-0.055394,-0.003794,-0.0831059,0.152951,0.210689,-0.0465036,0.545118,0.00496983,-0.0125068,0.0100085,0.177009,-0.238171,0.0170102,0.661828,-0.000947589,-0.0077242,0.00870842,0.297434,-0.935094,-0.585131,3.75601,-3.17635,-0.0297072,2.74648,-0.423913,1.44522,-2.09033,0.86972,-1.41246,0.634241,0.936985,-0.848139,0.634876,0.352454,0.302807,-0.339485,0.0544284,-0.211079,-0.0771475,-0.119019,-0.486603,0.186174,-0.366415,-0.191228,-0.339322,0.0629504,-20.6259,-2.58794,1.51185,-9.4157,4.574,-0.699441,23.3177,-0.427813,0.479849,9.95457,0.153033,-0.00458407,-5.55279,-1.25135,2.23661,3.95216,1.39237,0.708953,1.07865,-0.00726828,0.251379,0.1186,-1.86868,-0.775082,-0.222349,-0.974517,0.0144889,-0.246445,-0.021162,0,0,0,0,0,0,0,0,0,0,0,0,0,0,0,0,0,0,0,0,0,0,0,0,0,0,0,0,0,2.55789,6.3088,2.55789,6.3088,1.81445,1.81445,2.55789,6.3088,2.55789,6.3088,1.81445,1.81445,2.55789,1.81445,1.81445,0.907223,0.907223,0.907223,0.907223,0.907223,1.06814,1.06814,0.907223,0.907223,0.907223,0.907223,0.907223,1.06814,1.06814,40.1792,99.0984,40.1792,99.0984,28.5012,28.5012,40.1792,99.0984,40.1792,99.0984,28.5012,28.5012,40.1792,28.5012,28.5012,14.2506,14.2506,14.2506,14.2506,14.2506,16.7783,16.7783,14.2506,14.2506,14.2506,14.2506,14.2506,16.7783,16.7783,0,0,0,0,0,0,0,0,0,0,0,0,0,0,0,0,0,0,0,0,0,0,0,0,0,0,0,0,0,0,0,0,0,0,0,0,0,0,0,0,0,0,0,0,0,0,0,0,0,0,0,0,0,0,0,0,0,0,0,0,0,0,0,0,0,0,0,0,0,0,0,0,0,0,0,0,0,0,0,0,0,0,0,0,0,0,0,0,0,0,0,0,0,0,0,0,0,0,0,0,0,0,0,0,0,0,0,0,0,0,0,0,0,0,0,0,0,-0.0187213,0.0629053,0.00571727,0.555552,-0.509659,-0.164217,0.303483,-0.113456,0.273082,0.0752525,0.118221,-0.193311,-0.0994765,-0.254597,-0.727402,1.50869,0.0403568,-0.0406663,-0.30976,-0.372204,-0.1556,-0.697534,0.0104562,0.498794,0.0552564,0.279871,0.186315,-1.17036,-0.753879,1.17463,0.0915802,-0.25638,-0.710286,-0.108621,0.00572524,0.734334,-0.693634,0.040165,0.514076,-0.130517,0.273113,0.258599,0.152165,-0.112442,-0.105847,0.119768,-0.0720218,0.443652,0.333101,0.0330041,0.556372,0.0176996,-0.0115923,0.00411665,-0.0235251,-0.249759,0.0518492,0.488339,-0.0178353,-0.0519669,0.0208506,0.664,0.0628638,0.0186832,-0.997847,0.6,0,0,1.13863,0.571903,1.24548
-3.62678,3.02598,18.3375,0.29796,0.401034,0.0942651,-0.0148991,0.0665287,0.00874554,-3.62678,3.02598,18.3375,0.29796,0.401034,0.0942651,-0.0148991,0.0665287,0.00874554,-0.945544,-0.00268004,0.00202906,0.893737,-0.725231,0.0370689,0.560959,-0.385446,0.692541,0.270167,-0.0713927,-0.238079,-0.100234,0.0810965,-0.00604553,0.343703,0.367014,0.0442431,0.497677,0.0461782,-0.0134959,-0.00124552,-0.0117334,-0.149702,0.125829,0.437162,-0.00450932,-0.0529225,0.034827,0,0,0,0,0,0,0,0,0,0,0,0,0,0,0,0,0,0,0,0,0,0,0,0,0,0,0,0,0,-0.111625,0.00412898,0.00381497,0.554395,-0.419426,0.0369856,-0.210527,0.113456,-0.0168865,0.346756,-0.0919153,-0.0654817,-0.0414364,-0.0264272,-0.104409,0.162478,0.202367,-0.0347146,0.55493,0.00820918,-0.0144151,0.00811531,0.164066,-0.253485,0.0187415,0.659322,-0.00556566,-0.0119988,0.0107878,-0.557057,0.70393,-2.18287,4.02913,-4.21718,0.121409,1.56604,1.30304,-1.1587,0.565764,-1.59108,-0.485822,0.791219,-1.84247,-1.23452,0.549441,-0.664326,0.591193,0.650174,0.160873,0.0677303,-0.0782805,-0.935013,-0.766961,0.0609124,-0.0785901,-0.220149,-0.130828,0.10814,-22.7432,-15.5949,5.4549,-7.67611,-0.156071,-0.125785,25.2301,-31.9945,14.4087,-12.3179,9.75349,-0.384964,-4.54708,7.34168,3.05119,3.55461,2.4395,0.419723,-0.555397,-0.012114,0.00305569,0.0177784,-1.88547,0.752232,0.415242,-2.3684,0.024815,-0.524468,0.053406,0,0,0,0,0,0,0,0,0,0,0,0,0,0,0,0,0,0,0,0,0,0,0,0,0,0,0,0,0,2.55789,6.3088,2.55789,6.3088,1.81445,1.81445,2.55789,6.3088,2.55789,6.3088,1.81445,1.81445,2.55789,1.81445,1.81445,0.907223,0.907223,0.907223,0.907223,0.907223,1.06814,1.06814,0.907223,0.907223,0.907223,0.907223,0.907223,1.06814,1.06814,40.1792,99.0984,40.1792,99.0984,28.5012,28.5012,40.1792,99.0984,40.1792,99.0984,28.5012,28.5012,40.1792,28.5012,28.5012,14.2506,14.2506,14.2506,14.2506,14.2506,16.7783,16.7783,14.2506,14.2506,14.2506,14.2506,14.2506,16.7783,16.7783,0,0,0,0,0,0,0,0,0,0,0,0,0,0,0,0,0,0,0,0,0,0,0,0,0,0,0,0,0,0,0,0,0,0,0,0,0,0,0,0,0,0,0,0,0,0,0,0,0,0,0,0,0,0,0,0,0,0,0,0,0,0,0,0,0,0,0,0,0,0,0,0,0,0,0,0,0,0,0,0,0,0,0,0,0,0,0,0,0,0,0,0,0,0,0,0,0,0,0,0,0,0,0,0,0,0,0,0,0,0,0,0,0,0,0,0,0,-0.0148991,0.0665287,0.00874554,0.327658,-0.482773,-0.0137844,0.38081,0.114684,0.184908,0.100879,0.286903,-0.18306,-0.233307,-0.371287,-1.15706,1.59431,0.105291,-0.0102817,-0.00764281,-1.0992,-0.181151,-0.71036,0.00370573,1.26481,-0.0167182,0.467471,0.640893,-1.13737,-0.825924,0.664894,0.0845207,-0.542845,-0.945544,-0.00268004,0.00202906,0.893737,-0.725231,0.0370689,0.560959,-0.385446,0.692541,0.270167,-0.0713927,-0.238079,-0.100234,0.0810965,-0.00604553,0.343703,0.367014,0.0442431,0.497677,0.0461782,-0.0134959,-0.00124552,-0.0117334,-0.149702,0.125829,0.437162,-0.00450932,-0.0529225,0.034827,0.645,0.0664796,0.0148656,-0.997677,0.6,0,0,1.10945,0.57073,1.22626
-2.83127,-1.60688,16.0862,0.0567562,0.450297,0.107165,-0.0112749,0.0742469,0.0107266,-2.83127,-1.60688,16.0862,0.0567562,0.450297,0.107165,-0.0112749,0.0742469,0.0107266,-0.960581,0.0297585,-0.0591394,0.948934,-0.650423,0.0174385,0.466906,-0.452338,0.777994,0.290874,-0.108981,-0.2618,-0.0664909,-0.0138683,0.0465816,0.308272,0.357529,0.0602417,0.47046,0.0407538,-0.0194925,-0.000875087,0.0161122,-0.188102,0.091924,0.473972,-0.00427356,-0.0406031,0.0411695,0,0,0,0,0,0,0,0,0,0,0,0,0,0,0,0,0,0,0,0,0,0,0,0,0,0,0,0,0,-0.146592,0.0136229,-0.0188221,0.646986,-0.497866,0.0378665,-0.195446,0.133301,-0.0334402,0.361291,-0.122671,-0.0717014,-0.0315833,-0.0526011,-0.116571,0.178913,0.192785,-0.0265453,0.563478,0.0172872,-0.0101194,0.00508819,0.147417,-0.262849,0.0257262,0.651322,-0.00616455,-0.0125014,0.0140564,-2.24112,0.160408,-0.344473,4.66135,-3.42909,0.0108612,0.503367,0.642879,-0.419425,0.655203,-1.3721,-0.205164,0.208754,-0.744708,-0.463751,0.94674,-0.302982,0.304932,0.281259,0.484903,0.219912,-0.1667,-0.821221,-0.169182,0.527431,-0.624544,0.0158915,-0.0382599,0.189258,-26.622,-3.11422,2.03287,-4.57819,-0.229328,-0.0488808,29.1737,-55.8455,30.4461,-13.3541,3.96836,-4.34614,-3.4226,5.34624,3.93064,1.5311,2.78248,0.726964,-1.20474,-0.0271266,-0.294347,0.0688519,-1.55522,1.8239,0.985521,-2.53561,0.00924854,-0.650929,0.154011,0,0,0,0,0,0,0,0,0,0,0,0,0,0,0,0,0,0,0,0,0,0,0,0,0,0,0,0,0,2.55789,6.3088,2.55789,6.3088,1.81445,1.81445,2.55789,6.3088,2.55789,6.3088,1.81445,1.81445,2.55789,1.81445,1.81445,0.907223,0.907223,0.907223,0.907223,0.907223,1.06814,1.06814,0.907223,0.907223,0.907223,0.907223,0.907223,1.06814,1.06814,40.1792,99.0984,40.1792,99.0984,28.5012,28.5012,40.1792,99.0984,40.1792,99.0984,28.5012,28.5012,40.1792,28.5012,28.5012,14.2506,14.2506,14.2506,14.2506,14.2506,16.7783,16.7783,14.2506,14.2506,14.2506,14.2506,14.2506,16.7783,16.7783,0,0,0,0,0,0,0,0,0,0,0,0,0,0,0,0,0,0,0,0,0,0,0,0,0,0,0,0,0,0,0,0,0,0,0,0,0,0,0,0,0,0,0,0,0,0,0,0,0,0,0,0,0,0,0,0,0,0,0,0,0,0,0,0,0,0,0,0,0,0,0,0,0,0,0,0,0,0,0,0,0,0,0,0,0,0,0,0,0,0,0,0,0,0,0,0,0,0,0,0,0,0,0,0,0,0,0,0,0,0,0,0,0,0,0,0,0,-0.0112749,0.0742469,0.0107266,0.246871,-0.419283,0.106211,0.359183,0.0271293,-0.0316211,0.137357,0.209596,-0.121434,-0.295364,-0.287356,-1.18452,1.42254,0.0929228,-0.00974414,0.084864,-1.28996,-0.261642,-0.545002,-0.108008,1.42087,-0.011746,0.552604,0.798303,-1.07832,-0.655353,0.579188,0.0397616,-0.647531,-0.960581,0.0297585,-0.0591394,0.948934,-0.650423,0.0174385,0.466906,-0.452338,0.777994,0.290874,-0.108981,-0.2618,-0.0664909,-0.0138683,0.0465816,0.308272,0.357529,0.0602417,0.47046,0.0407538,-0.0194925,-0.000875087,0.0161122,-0.188102,0.091924,0.473972,-0.00427356,-0.0406031,0.0411695,0.62,0.0741787,0.0112436,-0.997182,0.6,0,0,1.10945,0.57073,1.22626
-1.77897,-0.355811,13.9304,-0.0421282,0.368653,0.030878,-0.0114191,0.0818047,0.0119125,-1.77897,-0.355811,13.9304,-0.0421282,0.368653,0.030878,-0.0114191,0.0818047,0.0119125,-0.885578,0.0872738,-0.105657,0.947827,-0.596419,0.0173959,0.271346,-0.423486,0.618543,0.27608,-0.153095,-0.2618,-0.0369481,-0.000236332,0.0585875,0.280825,0.372406,0.0726042,0.475661,0.025443,-0.0230085,0.00859775,0.000578531,-0.241654,0.0343449,0.513548,-0.00445571,-0.0315976,0.0394013,0,0,0,0,0,0,0,0,0,0,0,0,0,0,0,0,0,0,0,0,0,0,0,0,0,0,0,0,0,-0.203455,0.00751446,-0.0185905,0.736229,-0.539793,0.0329663,-0.192783,0.137222,-0.0338655,0.372641,-0.145595,-0.0738467,-0.031495,-0.0558452,-0.117488,0.201931,0.188764,-0.0193694,0.56708,0.0243002,-0.00668335,0.00185057,0.131013,-0.259289,0.0354501,0.63872,-0.00594445,-0.0129537,0.0199155,-3.03038,-0.580479,0.31694,4.09868,-1.50113,-0.287167,0.0740619,-0.115597,0.301654,0.436764,-0.951597,-0.041518,-0.16961,0.232868,0.0537726,1.24119,-0.127659,0.389445,0.123644,0.281222,0.134279,-0.135833,-0.854132,0.416648,0.458609,-0.63645,0.0113062,-0.0224314,0.294006,-22.8979,5.47156,-2.23632,-4.6865,-0.400335,0.0733846,26.3933,-58.1009,32.0551,-11.0376,2.79009,-5.26099,-1.08444,0.925664,4.55337,0.431995,2.5331,0.792366,-1.4922,-0.0221631,-0.361105,0.102059,-0.896714,0.689776,0.40136,-1.79334,0.0140397,-0.443987,0.0437916,0,0,0,0,0,0,0,0,0,0,0,0,0,0,0,0,0,0,0,0,0,0,0,0,0,0,0,0,0,2.55789,6.3088,2.55789,6.3088,1.81445,1.81445,2.55789,6.3088,2.55789,6.3088,1.81445,1.81445,2.55789,1.81445,1.81445,0.907223,0.907223,0.907223,0.907223,0.907223,1.06814,1.06814,0.907223,0.907223,0.907223,0.907223,0.907223,1.06814,1.06814,40.1792,99.0984,40.1792,99.0984,28.5012,28.5012,40.1792,99.0984,40.1792,99.0984,28.5012,28.5012,40.1792,28.5012,28.5012,14.2506,14.2506,14.2506,14.2506,14.2506,16.7783,16.7783,14.2506,14.2506,14.2506,14.2506,14.2506,16.7783,16.7783,0,0,0,0,0,0,0,0,0,0,0,0,0,0,0,0,0,0,0,0,0,0,0,0,0,0,0,0,0,0,0,0,0,0,0,0,0,0,0,0,0,0,0,0,0,0,0,0,0,0,0,0,0,0,0,0,0,0,0,0,0,0,0,0,0,0,0,0,0,0,0,0,0,0,0,0,0,0,0,0,0,0,0,0,0,0,0,0,0,0,0,0,0,0,0,0,0,0,0,0,0,0,0,0,0,0,0,0,0,0,0,0,0,0,0,0,0,-0.0114191,0.0818047,0.0119125,0.184289,-0.454701,0.133585,0.393103,-0.0949744,-0.000538859,0.165545,0.0783098,-0.0674794,-0.283505,-0.19712,-1.04754,1.06538,0.0580125,-0.0101595,0.248883,-1.20768,-0.308835,-0.424124,-0.192964,1.12966,0.115405,0.528871,0.795146,-1.12051,-0.532218,0.478604,0.0396645,-0.666594,-0.885578,0.0872738,-0.105657,0.947827,-0.596419,0.0173959,0.271346,-0.423486,0.618543,0.27608,-0.153095,-0.2618,-0.0369481,-0.000236332,0.0585875,0.280825,0.372406,0.0726042,0.475661,0.025443,-0.0230085,0.00859775,0.000578531,-0.241654,0.0343449,0.513548,-0.00445571,-0.0315976,0.0394013,0.644,0.0817134,0.0113806,-0.996591,0.6,0,0,1.08873,1.11131,1.21581
-1.16706,-0.0781653,11.1837,-0.0790582,0.193946,-0.0282177,-0.0127805,0.0865864,0.0114705,-1.16706,-0.0781653,11.1837,-0.0790582,0.193946,-0.0282177,-0.0127805,0.0865864,0.0114705,-0.774767,0.109559,-0.106251,0.974761,-0.509976,0.0122449,0.0289087,-0.346168,0.461405,0.20364,-0.253164,-0.2618,0.00340333,0.0365508,0.0288622,0.268774,0.390426,0.070121,0.512263,0.0129499,-0.0253094,0.0182704,-0.0153267,-0.328527,-0.0310673,0.530813,-0.00684497,-0.0302244,0.0369612,0,0,0,0,0,0,0,0,0,0,0,0,0,0,0,0,0,0,0,0,0,0,0,0,0,0,0,0,0,-0.270597,-0.00338913,-0.00881471,0.805395,-0.553853,0.0277169,-0.193575,0.130206,-0.0276225,0.375635,-0.160923,-0.0739986,-0.03273,-0.0466668,-0.109045,0.229083,0.188486,-0.0115167,0.570307,0.0255402,-0.00525359,0.00144929,0.113276,-0.24577,0.0401587,0.630108,-0.00587213,-0.0131846,0.0258869,-3.43519,-0.477428,0.588973,2.90877,-0.415598,-0.234577,-0.0068303,-0.503178,0.335853,-0.0461075,-0.654389,0.0192249,-0.0201207,0.600168,0.530123,1.36845,0.078379,0.392972,0.178161,0.00135587,0.0549425,0.0190217,-0.908515,0.823729,0.10235,-0.337218,0.00816909,0.00612682,0.252425,-16.1568,11.9888,-5.30552,-4.41789,-0.452264,0.130043,18.7712,-51.9797,25.1749,-9.79613,1.40674,-5.37429,-0.137382,0.319596,3.82415,-0.475636,2.56992,0.851375,-1.5041,-0.00374134,-0.354633,0.102093,-0.810552,-0.646587,-0.185793,-1.36064,0.0142492,-0.313441,-0.0484253,0,0,0,0,0,0,0,0,0,0,0,0,0,0,0,0,0,0,0,0,0,0,0,0,0,0,0,0,0,2.55789,6.3088,2.55789,6.3088,1.81445,1.81445,2.55789,6.3088,2.55789,6.3088,1.81445,1.81445,2.55789,1.81445,1.81445,0.907223,0.907223,0.907223,0.907223,0.907223,1.06814,1.06814,0.907223,0.907223,0.907223,0.907223,0.907223,1.06814,1.06814,40.1792,99.0984,40.1792,99.0984,28.5012,28.5012,40.1792,99.0984,40.1792,99.0984,28.5012,28.5012,40.1792,28.5012,28.5012,14.2506,14.2506,14.2506,14.2506,14.2506,16.7783,16.7783,14.2506,14.2506,14.2506,14.2506,14.2506,16.7783,16.7783,0,0,0,0,0,0,0,0,0,0,0,0,0,0,0,0,0,0,0,0,0,0,0,0,0,0,0,0,0,0,0,0,0,0,0,0,0,0,0,0,0,0,0,0,0,0,0,0,0,0,0,0,0,0,0,0,0,0,0,0,0,0,0,0,0,0,0,0,0,0,0,0,0,0,0,0,0,0,0,0,0,0,0,0,0,0,0,0,0,0,0,0,0,0,0,0,0,0,0,0,0,0,0,0,0,0,0,0,0,0,0,0,0,0,0,0,0,-0.0127805,0.0865864,0.0114705,0.15681,-0.490966,0.0658088,0.43419,-0.293055,0.0833394,0.159883,-0.0708364,0.0062156,-0.200048,-0.157753,-0.845165,0.622611,0.029527,-0.0156072,0.312436,-0.987185,-0.33972,-0.405692,-0.194049,0.842678,0.245237,0.496117,0.871956,-1.32709,-0.33512,0.250438,0.0279196,-0.684337,-0.774767,0.109559,-0.106251,0.974761,-0.509976,0.0122449,0.0289087,-0.346168,0.461405,0.20364,-0.253164,-0.2618,0.00340333,0.0365508,0.0288622,0.268774,0.390426,0.070121,0.512263,0.0129499,-0.0253094,0.0182704,-0.0153267,-0.328527,-0.0310673,0.530813,-0.00684497,-0.0302244,0.0369612,1.075,0.0864782,0.0127323,-0.996172,0.6,0,0,1.08873,1.11131,1.21581
-1.19929,0.386889,9.34852,-0.0697805,0.120169,-0.0441276,-0.0142797,0.0890131,0.0105286,-1.19929,0.386889,9.34852,-0.0697805,0.120169,-0.0441276,-0.0142797,0.0890131,0.0105286,-0.672245,0.122592,-0.0526475,0.996904,-0.417266,0.000151781,-0.107045,-0.280574,0.351989,0.113549,-0.316322,-0.2618,0.0177917,0.0633814,0.0394926,0.281769,0.337463,0.0401793,0.548671,0.0142635,-0.025812,0.0205315,-0.0231703,-0.323221,-0.0436178,0.533681,-0.0045917,-0.033277,0.0371919,0,0,0,0,0,0,0,0,0,0,0,0,0,0,0,0,0,0,0,0,0,0,0,0,0,0,0,0,0,-0.343578,-0.00716506,0.00181242,0.855725,-0.543544,0.0226028,-0.192881,0.120068,-0.0246049,0.367034,-0.170508,-0.0739148,-0.0291426,-0.0361629,-0.0940628,0.255781,0.192656,-0.0054253,0.577694,0.0226718,-0.00593488,0.00403222,0.0952361,-0.228399,0.0376318,0.625348,-0.00629189,-0.0134101,0.0308504,-3.64652,0.0104828,0.489211,2.1538,0.760117,-0.237547,0.11597,-0.50387,0.0883715,-0.627056,-0.390482,-0.00404031,0.2428,0.491541,0.770342,1.26273,0.305792,0.26829,0.459098,-0.163712,-0.0309195,0.146175,-0.906418,0.849805,-0.248705,-0.209382,-0.0201449,-0.0162645,0.204007,-8.20843,11.6994,-5.57612,-1.92477,-0.404755,0.135207,8.68875,-43.1419,19.3274,-12.4774,-1.65471,-5.34848,0.686145,1.21353,2.10722,-0.945329,2.56709,0.83864,-1.32933,0.00988239,-0.284716,0.0834105,-0.780957,-2.18474,-0.771176,-1.16535,0.0116584,-0.26623,-0.121503,0,0,0,0,0,0,0,0,0,0,0,0,0,0,0,0,0,0,0,0,0,0,0,0,0,0,0,0,0,2.55789,6.3088,2.55789,6.3088,1.81445,1.81445,2.55789,6.3088,2.55789,6.3088,1.81445,1.81445,2.55789,1.81445,1.81445,0.907223,0.907223,0.907223,0.907223,0.907223,1.06814,1.06814,0.907223,0.907223,0.907223,0.907223,0.907223,1.06814,1.06814,40.1792,99.0984,40.1792,99.0984,28.5012,28.5012,40.1792,99.0984,40.1792,99.0984,28.5012,28.5012,40.1792,28.5012,28.5012,14.2506,14.2506,14.2506,14.2506,14.2506,16.7783,16.7783,14.2506,14.2506,14.2506,14.2506,14.2506,16.7783,16.7783,0,0,0,0,0,0,0,0,0,0,0,0,0,0,0,0,0,0,0,0,0,0,0,0,0,0,0,0,0,0,0,0,0,0,0,0,0,0,0,0,0,0,0,0,0,0,0,0,0,0,0,0,0,0,0,0,0,0,0,0,0,0,0,0,0,0,0,0,0,0,0,0,0,0,0,0,0,0,0,0,0,0,0,0,0,0,0,0,0,0,0,0,0,0,0,0,0,0,0,0,0,0,0,0,0,0,0,0,0,0,0,0,0,0,0,0,0,-0.0142797,0.0890131,0.0105286,0.186442,-0.50885,0.0900471,0.31343,-0.280955,0.144516,0.0916128,-0.0994528,0.0324935,-0.117035,-0.151214,-0.657927,0.374315,0.0325222,-0.0104695,0.349604,-0.800129,-0.346465,-0.446665,-0.0961517,0.642848,0.275587,0.499214,0.9351,-1.58401,-0.123731,0.10643,0.000346075,-0.682988,-0.672245,0.122592,-0.0526475,0.996904,-0.417266,0.000151781,-0.107045,-0.280574,0.351989,0.113549,-0.316322,-0.2618,0.0177917,0.0633814,0.0394926,0.281769,0.337463,0.0401793,0.548671,0.0142635,-0.025812,0.0205315,-0.0231703,-0.323221,-0.0436178,0.533681,-0.0045917,-0.033277,0.0371919,0.699,0.0888956,0.0142227,-0.995939,0.6,0,0,1.07783,1.07973,1.20393
-0.266577,0.694976,9.13148,-0.0638172,0.0517636,-0.022044,-0.0155706,0.0904376,0.00985168,-0.266577,0.694976,9.13148,-0.0638172,0.0517636,-0.022044,-0.0155706,0.0904376,0.00985168,-0.534085,0.0740889,0.00980401,0.93671,-0.318618,-0.00184161,-0.170119,-0.221801,0.207063,0.11475,-0.236957,-0.2618,0.0174033,0.023392,0.0397974,0.284718,0.331461,0.0433043,0.562748,0.0153103,-0.0237203,0.0173125,-0.0210164,-0.260606,-0.00721667,0.505933,0.00159967,-0.0382679,0.0427832,0,0,0,0,0,0,0,0,0,0,0,0,0,0,0,0,0,0,0,0,0,0,0,0,0,0,0,0,0,-0.414807,0.00134537,0.0133923,0.8922,-0.511818,0.0161644,-0.185983,0.112643,-0.0247458,0.345683,-0.174738,-0.0758753,-0.0233829,-0.0295464,-0.0775388,0.279085,0.19965,-0.00169545,0.591243,0.0202253,-0.00715843,0.00765785,0.0779096,-0.212889,0.0307838,0.622193,-0.00611287,-0.0144545,0.0343135,-3.40818,0.650743,0.594087,1.54168,1.71034,-0.314693,0.492349,-0.302281,-0.0112141,-1.2776,-0.13526,-0.140578,0.262641,0.26485,0.819454,1.09173,0.368976,0.148274,0.771202,-0.0989124,-0.02938,0.171562,-0.834488,0.697337,-0.374393,-0.143004,0.0183262,-0.0601893,0.138785,-1.77505,8.19218,-4.15372,0.53872,-0.391213,0.113015,2.01164,-37.0911,15.2017,-15.2764,-3.7941,-5.05488,0.958506,2.1842,1.86853,-0.935845,1.64245,0.463913,-1.28044,0.00537426,-0.270925,0.0322976,-0.702202,-2.20362,-0.730235,-1.13726,0.00583084,-0.253163,-0.103375,0,0,0,0,0,0,0,0,0,0,0,0,0,0,0,0,0,0,0,0,0,0,0,0,0,0,0,0,0,2.55789,6.3088,2.55789,6.3088,1.81445,1.81445,2.55789,6.3088,2.55789,6.3088,1.81445,1.81445,2.55789,1.81445,1.81445,0.907223,0.907223,0.907223,0.907223,0.907223,1.06814,1.06814,0.907223,0.907223,0.907223,0.907223,0.907223,1.06814,1.06814,40.1792,99.0984,40.1792,99.0984,28.5012,28.5012,40.1792,99.0984,40.1792,99.0984,28.5012,28.5012,40.1792,28.5012,28.5012,14.2506,14.2506,14.2506,14.2506,14.2506,16.7783,16.7783,14.2506,14.2506,14.2506,14.2506,14.2506,16.7783,16.7783,0,0,0,0,0,0,0,0,0,0,0,0,0,0,0,0,0,0,0,0,0,0,0,0,0,0,0,0,0,0,0,0,0,0,0,0,0,0,0,0,0,0,0,0,0,0,0,0,0,0,0,0,0,0,0,0,0,0,0,0,0,0,0,0,0,0,0,0,0,0,0,0,0,0,0,0,0,0,0,0,0,0,0,0,0,0,0,0,0,0,0,0,0,0,0,0,0,0,0,0,0,0,0,0,0,0,0,0,0,0,0,0,0,0,0,0,0,-0.0155706,0.0904376,0.00985168,0.193165,-0.50394,0.0907419,0.299743,-0.138188,0.0533361,0.0987381,-0.0164547,0.0317841,-0.084939,-0.214483,-0.405601,0.259122,0.0349091,0.00364741,0.211283,-0.632521,-0.31839,-0.513657,0.0179054,0.378166,0.23238,0.574264,0.763443,-1.58058,0.101195,0.28739,-0.00419905,-0.606561,-0.534085,0.0740889,0.00980401,0.93671,-0.318618,-0.00184161,-0.170119,-0.221801,0.207063,0.11475,-0.236957,-0.2618,0.0174033,0.023392,0.0397974,0.284718,0.331461,0.0433043,0.562748,0.0153103,-0.0237203,0.0173125,-0.0210164,-0.260606,-0.00721667,0.505933,0.00159967,-0.0382679,0.0427832,0.691,0.0903143,0.0155064,-0.995793,0.6,0,0,1.07793,1.04782,1.18557
0.10378,0.991503,8.59682,-0.0445003,0.121937,0.0362985,-0.0167061,0.0927267,0.00999603,0.10378,0.991503,8.59682,-0.0445003,0.121937,0.0362985,-0.0167061,0.0927267,0.00999603,-0.38454,0.0647821,0.0529383,0.802151,-0.191653,-0.00270565,-0.290258,-0.184084,0.098669,0.0844897,-0.300697,-0.246724,0.0153,0.0163235,-0.00439941,0.295797,0.32191,0.0458284,0.595,0.00516858,-0.0157471,0.0180289,-0.0199422,-0.2235,0.0172359,0.514766,-0.00114125,-0.0394958,0.0395482,0,0,0,0,0,0,0,0,0,0,0,0,0,0,0,0,0,0,0,0,0,0,0,0,0,0,0,0,0,-0.470315,0.0138183,0.023857,0.905516,-0.461837,0.0108102,-0.17011,0.105601,-0.0249799,0.319765,-0.178214,-0.0797215,-0.0188101,-0.0238756,-0.0673262,0.297568,0.206823,0.00179638,0.608072,0.0188332,-0.00692658,0.00975935,0.0623914,-0.201009,0.0254641,0.61561,-0.00435866,-0.0157068,0.0368373,-2.39334,0.586632,0.441284,0.17307,2.4957,-0.232036,0.920214,-0.379338,-0.0192735,-1.25557,-0.224241,-0.196921,0.203191,0.275763,0.388213,0.833482,0.345073,0.177676,0.84957,-0.0558416,0.0504742,0.0780015,-0.699058,0.50755,-0.17291,-0.460113,0.0960152,-0.0866209,0.120434,3.51817,2.34302,-1.71176,1.64195,-0.446644,0.0608918,-2.25837,-30.1421,9.37504,-12.5325,-1.30518,-4.83397,0.92965,0.854642,2.3572,-0.926916,1.4697,0.43395,-1.39932,0.000684559,-0.326584,0.0430149,-0.557828,-1.31267,-0.298535,-1.17604,-0.00211712,-0.295983,-0.0264915,0,0,0,0,0,0,0,0,0,0,0,0,0,0,0,0,0,0,0,0,0,0,0,0,0,0,0,0,0,2.55789,6.3088,2.55789,6.3088,1.81445,1.81445,2.55789,6.3088,2.55789,6.3088,1.81445,1.81445,2.55789,1.81445,1.81445,0.907223,0.907223,0.907223,0.907223,0.907223,1.06814,1.06814,0.907223,0.907223,0.907223,0.907223,0.907223,1.06814,1.06814,40.1792,99.0984,40.1792,99.0984,28.5012,28.5012,40.1792,99.0984,40.1792,99.0984,28.5012,28.5012,40.1792,28.5012,28.5012,14.2506,14.2506,14.2506,14.2506,14.2506,16.7783,16.7783,14.2506,14.2506,14.2506,14.2506,14.2506,16.7783,16.7783,0,0,0,0,0,0,0,0,0,0,0,0,0,0,0,0,0,0,0,0,0,0,0,0,0,0,0,0,0,0,0,0,0,0,0,0,0,0,0,0,0,0,0,0,0,0,0,0,0,0,0,0,0,0,0,0,0,0,0,0,0,0,0,0,0,0,0,0,0,0,0,0,0,0,0,0,0,0,0,0,0,0,0,0,0,0,0,0,0,0,0,0,0,0,0,0,0,0,0,0,0,0,0,0,0,0,0,0,0,0,0,0,0,0,0,0,0,-0.0167061,0.0927267,0.00999603,0.218428,-0.50149,-0.0100311,0.277968,-0.0535821,0.0372192,0.104493,0.0392996,0.0279428,-0.0114011,-0.194342,-0.132482,0.0397084,0.0117849,-0.00260217,0.184743,-0.524963,-0.211369,-0.530139,0.0966828,0.180202,0.241996,0.530842,0.379715,-1.66688,0.390688,0.142058,-0.00616915,-0.562554,-0.38454,0.0647821,0.0529383,0.802151,-0.191653,-0.00270565,-0.290258,-0.184084,0.098669,0.0844897,-0.300697,-0.246724,0.0153,0.0163235,-0.00439941,0.295797,0.32191,0.0458284,0.595,0.00516858,-0.0157471,0.0180289,-0.0199422,-0.2235,0.0172359,0.514766,-0.00114125,-0.0394958,0.0395482,0.624,0.0925939,0.0166336,-0.995565,0.6,0,0,1.07793,1.04782,1.18557
1.18792,1.21422,8.03539,-0.0325419,0.11568,0.0717829,-0.0175472,0.0955932,0.0109948,1.18792,1.21422,8.03539,-0.0325419,0.11568,0.0717829,-0.0175472,0.0955932,0.0109948,-0.248588,0.00591143,0.161416,0.663321,-0.131884,0.0242601,-0.312633,-0.120394,0.00111089,0.0876746,-0.274677,-0.188889,0.0148694,0.0335699,-0.0496893,0.253593,0.360056,0.0554285,0.584078,0.00821658,-0.0120317,0.0197412,-0.0733553,-0.141738,0.0662477,0.480683,-0.00554237,-0.0478909,0.04127,0,0,0,0,0,0,0,0,0,0,0,0,0,0,0,0,0,0,0,0,0,0,0,0,0,0,0,0,0,-0.50258,0.0249929,0.0354283,0.882356,-0.392021,0.00693383,-0.148089,0.0961066,-0.0253602,0.296591,-0.185072,-0.0841129,-0.0156974,-0.0169016,-0.063551,0.311718,0.213267,0.00622068,0.626898,0.0156223,-0.0051154,0.0112689,0.0490714,-0.191784,0.0248649,0.607002,-0.00333561,-0.0184531,0.0377772,-1.22248,0.541232,0.575361,-1.79444,3.43251,-0.170083,1.13238,-0.490492,-0.0719034,-1.09061,-0.425109,-0.221778,0.161405,0.320968,0.183383,0.65909,0.294597,0.227714,0.956475,-0.171932,0.130384,0.0709441,-0.588191,0.409536,0.0603415,-0.444906,0.0340847,-0.141616,0.0325146,7.88258,0.613237,-0.774749,2.722,-0.529921,0.0334073,-8.54294,-24.728,5.12069,-14.2513,-2.57566,-4.23481,0.855684,0.348192,1.39514,-0.809649,1.2828,0.361218,-1.30383,0.00662849,-0.306803,0.03822,-0.44572,-0.824632,-0.150448,-0.930845,-0.000154836,-0.20587,-0.00251505,0,0,0,0,0,0,0,0,0,0,0,0,0,0,0,0,0,0,0,0,0,0,0,0,0,0,0,0,0,2.55789,6.3088,2.55789,6.3088,1.81445,1.81445,2.55789,6.3088,2.55789,6.3088,1.81445,1.81445,2.55789,1.81445,1.81445,0.907223,0.907223,0.907223,0.907223,0.907223,1.06814,1.06814,0.907223,0.907223,0.907223,0.907223,0.907223,1.06814,1.06814,40.1792,99.0984,40.1792,99.0984,28.5012,28.5012,40.1792,99.0984,40.1792,99.0984,28.5012,28.5012,40.1792,28.5012,28.5012,14.2506,14.2506,14.2506,14.2506,14.2506,16.7783,16.7783,14.2506,14.2506,14.2506,14.2506,14.2506,16.7783,16.7783,0,0,0,0,0,0,0,0,0,0,0,0,0,0,0,0,0,0,0,0,0,0,0,0,0,0,0,0,0,0,0,0,0,0,0,0,0,0,0,0,0,0,0,0,0,0,0,0,0,0,0,0,0,0,0,0,0,0,0,0,0,0,0,0,0,0,0,0,0,0,0,0,0,0,0,0,0,0,0,0,0,0,0,0,0,0,0,0,0,0,0,0,0,0,0,0,0,0,0,0,0,0,0,0,0,0,0,0,0,0,0,0,0,0,0,0,0,-0.0175472,0.0955932,0.0109948,0.122197,-0.623277,-0.113297,0.364943,0.132842,0.0765428,0.126382,0.151051,0.0271564,-0.0363046,-0.272056,0.115812,-0.00115595,0.0187346,-0.0126371,0.0168579,-0.343335,-0.161498,-0.642823,0.294799,0.00202885,0.26498,0.553953,-0.016194,-1.6578,0.526969,0.201386,0.0553156,-0.430686,-0.248588,0.00591143,0.161416,0.663321,-0.131884,0.0242601,-0.312633,-0.120394,0.00111089,0.0876746,-0.274677,-0.188889,0.0148694,0.0335699,-0.0496893,0.253593,0.360056,0.0554285,0.584078,0.00821658,-0.0120317,0.0197412,-0.0733553,-0.141738,0.0662477,0.480683,-0.00554237,-0.0478909,0.04127,0.65,0.0954477,0.0174662,-0.995281,0.6,0,0,1.08023,1.03521,1.16631
1.09223,1.26276,7.30676,-0.0334157,0.283976,0.106215,-0.018242,0.100781,0.0125853,1.09223,1.26276,7.30676,-0.0334157,0.283976,0.106215,-0.018242,0.100781,0.0125853,-0.131159,-0.0321403,0.230476,0.590304,-0.0765966,0.0366428,-0.317596,-0.111983,-0.0160682,0.0756471,-0.261402,-0.166702,0.0250044,0.0515814,-0.0620706,0.247811,0.380158,0.0597651,0.585526,0.00703353,-0.00840893,0.0241246,-0.0940256,-0.116649,0.0848546,0.47099,0.000729572,-0.0483896,0.0460741,0,0,0,0,0,0,0,0,0,0,0,0,0,0,0,0,0,0,0,0,0,0,0,0,0,0,0,0,0,-0.507927,0.0336907,0.0521951,0.823134,-0.320921,0.0107763,-0.119163,0.0839038,-0.0271526,0.277669,-0.194814,-0.0825562,-0.0120662,-0.0089712,-0.0694695,0.321473,0.219807,0.010552,0.6438,0.0133623,-0.00127159,0.0127492,0.0363935,-0.183443,0.0292603,0.596313,-0.00374822,-0.0216797,0.0377743,0.135261,0.359943,0.919224,-3.39799,3.20587,0.251158,1.50319,-0.621118,-0.184216,-0.838915,-0.552995,0.198976,0.242202,0.352958,-0.400802,0.414361,0.3483,0.181217,0.742131,-0.0864675,0.207347,0.0637802,-0.595541,0.415264,0.32551,-0.62315,-0.0339203,-0.170058,0.00756546,10.1429,-5.0269,2.09129,4.9622,-0.468828,-0.0721417,-11.5465,-16.3645,1.51503,-13.5649,-1.33428,-3.36815,0.521222,0.541941,1.30745,-1.33785,1.69373,0.471709,-1.52483,0.00584624,-0.39776,0.0475821,-1.02238,0.226879,0.253302,-1.11541,0.00462341,-0.266551,0.0553783,0,0,0,0,0,0,0,0,0,0,0,0,0,0,0,0,0,0,0,0,0,0,0,0,0,0,0,0,0,2.55789,6.3088,2.55789,6.3088,1.81445,1.81445,2.55789,6.3088,2.55789,6.3088,1.81445,1.81445,2.55789,1.81445,1.81445,0.907223,0.907223,0.907223,0.907223,0.907223,1.06814,1.06814,0.907223,0.907223,0.907223,0.907223,0.907223,1.06814,1.06814,40.1792,99.0984,40.1792,99.0984,28.5012,28.5012,40.1792,99.0984,40.1792,99.0984,28.5012,28.5012,40.1792,28.5012,28.5012,14.2506,14.2506,14.2506,14.2506,14.2506,16.7783,16.7783,14.2506,14.2506,14.2506,14.2506,14.2506,16.7783,16.7783,0,0,0,0,0,0,0,0,0,0,0,0,0,0,0,0,0,0,0,0,0,0,0,0,0,0,0,0,0,0,0,0,0,0,0,0,0,0,0,0,0,0,0,0,0,0,0,0,0,0,0,0,0,0,0,0,0,0,0,0,0,0,0,0,0,0,0,0,0,0,0,0,0,0,0,0,0,0,0,0,0,0,0,0,0,0,0,0,0,0,0,0,0,0,0,0,0,0,0,0,0,0,0,0,0,0,0,0,0,0,0,0,0,0,0,0,0,-0.018242,0.100781,0.0125853,0.109013,-0.670408,-0.141527,0.410779,0.190049,0.117611,0.13627,0.193477,0.0456663,-0.0330024,-0.294155,0.330275,-0.0102202,0.0160371,0.0016635,-0.0916562,-0.319349,-0.11287,-0.649517,0.420925,-0.0293458,0.323816,0.618437,-0.224422,-1.6921,0.653028,0.231652,0.0835491,-0.380098,-0.131159,-0.0321403,0.230476,0.590304,-0.0765966,0.0366428,-0.317596,-0.111983,-0.0160682,0.0756471,-0.261402,-0.166702,0.0250044,0.0515814,-0.0620706,0.247811,0.380158,0.0597651,0.585526,0.00703353,-0.00840893,0.0241246,-0.0940256,-0.116649,0.0848546,0.47099,0.000729572,-0.0483896,0.0460741,0.985,0.10061,0.0181484,-0.99476,0.6,0,0,1.08023,1.03521,1.16631
1.8518,1.41035,7.48867,-0.019729,0.297638,0.140943,-0.0186526,0.107483,0.0148284,1.8518,1.41035,7.48867,-0.019729,0.297638,0.140943,-0.0186526,0.107483,0.0148284,0.0313507,-0.0533101,0.25843,0.532392,-0.0543303,0.0314422,-0.316466,-0.116851,-0.0219399,0.117533,-0.2311,-0.134181,0.029416,0.0509715,-0.0687277,0.260479,0.39671,0.0616858,0.583119,0.00325239,-0.00729419,0.0235066,-0.0726703,-0.0805642,0.10534,0.471369,0.0114209,-0.0431854,0.0512252,0,0,0,0,0,0,0,0,0,0,0,0,0,0,0,0,0,0,0,0,0,0,0,0,0,0,0,0,0,-0.492926,0.0383992,0.0751684,0.747015,-0.255898,0.0180847,-0.0850696,0.0707174,-0.0321814,0.262673,-0.207105,-0.0751174,-0.00600428,-0.00203128,-0.0823949,0.327509,0.227295,0.013755,0.656518,0.0116417,0.00293829,0.0146942,0.023869,-0.174501,0.0376546,0.583977,-0.00291034,-0.0248811,0.0388667,0.975537,0.146504,1.2403,-3.77714,2.93087,0.349053,1.70831,-0.631505,-0.337591,-0.675972,-0.680527,0.420567,0.354404,0.278832,-0.617464,0.258831,0.386676,0.133881,0.553577,-0.0767894,0.201998,0.0949222,-0.584213,0.46539,0.474064,-0.614075,0.0552976,-0.148397,0.0758124,12.1247,-7.98464,3.16861,7.99639,-0.23627,-0.107775,-13.6398,-14.139,1.42443,-14.2943,-0.38177,-3.35411,0.390021,0.989817,1.73757,-1.36687,1.83884,0.532357,-1.51489,0.00439109,-0.404067,0.0558962,-1.14845,0.417597,0.260494,-1.07031,0.00168101,-0.239899,0.0442895,0,0,0,0,0,0,0,0,0,0,0,0,0,0,0,0,0,0,0,0,0,0,0,0,0,0,0,0,0,2.55789,6.3088,2.55789,6.3088,1.81445,1.81445,2.55789,6.3088,2.55789,6.3088,1.81445,1.81445,2.55789,1.81445,1.81445,0.907223,0.907223,0.907223,0.907223,0.907223,1.06814,1.06814,0.907223,0.907223,0.907223,0.907223,0.907223,1.06814,1.06814,40.1792,99.0984,40.1792,99.0984,28.5012,28.5012,40.1792,99.0984,40.1792,99.0984,28.5012,28.5012,40.1792,28.5012,28.5012,14.2506,14.2506,14.2506,14.2506,14.2506,16.7783,16.7783,14.2506,14.2506,14.2506,14.2506,14.2506,16.7783,16.7783,0,0,0,0,0,0,0,0,0,0,0,0,0,0,0,0,0,0,0,0,0,0,0,0,0,0,0,0,0,0,0,0,0,0,0,0,0,0,0,0,0,0,0,0,0,0,0,0,0,0,0,0,0,0,0,0,0,0,0,0,0,0,0,0,0,0,0,0,0,0,0,0,0,0,0,0,0,0,0,0,0,0,0,0,0,0,0,0,0,0,0,0,0,0,0,0,0,0,0,0,0,0,0,0,0,0,0,0,0,0,0,0,0,0,0,0,0,-0.0186526,0.107483,0.0148284,0.137899,-0.621715,-0.156706,0.448518,0.272326,0.11622,0.14065,0.240186,0.0537233,-0.0384903,-0.293292,0.627071,-0.00815641,0.00741578,0.0260408,-0.152027,-0.333232,-0.0979075,-0.579663,0.471979,-0.0400694,0.315521,0.687578,-0.389571,-1.57265,0.703798,0.300744,0.0716913,-0.305946,0.0313507,-0.0533101,0.25843,0.532392,-0.0543303,0.0314422,-0.316466,-0.116851,-0.0219399,0.117533,-0.2311,-0.134181,0.029416,0.0509715,-0.0687277,0.260479,0.39671,0.0616858,0.583119,0.00325239,-0.00729419,0.0235066,-0.0726703,-0.0805642,0.10534,0.471369,0.0114209,-0.0431854,0.0512252,0.689,0.107276,0.0185438,-0.994056,0.6,0,0,1.07987,1.02524,1.14971
2.32787,1.44706,7.34233,-0.00423286,0.283987,0.158546,-0.0187211,0.114371,0.0177065,2.32787,1.44706,7.34233,-0.00423286,0.283987,0.158546,-0.0187211,0.114371,0.0177065,0.19566,-0.0663401,0.253251,0.514351,-0.0809568,0.00887119,-0.323788,-0.120765,0.00887649,0.196155,-0.202218,-0.0947415,0.0246179,0.0475239,-0.0814441,0.295284,0.409136,0.0611259,0.588108,0.000157564,-0.00759174,0.0181081,-0.0072889,-0.0884963,0.106061,0.489561,0.0174509,-0.0345672,0.0528867,0,0,0,0,0,0,0,0,0,0,0,0,0,0,0,0,0,0,0,0,0,0,0,0,0,0,0,0,0,-0.459912,0.0380123,0.103922,0.6693,-0.202525,0.0226892,-0.0485771,0.0569254,-0.0372615,0.256432,-0.224483,-0.0626836,-0.00084943,0.00455471,-0.100582,0.330928,0.235735,0.0161689,0.664296,0.00946507,0.00647199,0.0161645,0.0116543,-0.163846,0.0480751,0.571861,0.000445949,-0.02668,0.041076,1.91617,-0.12976,1.46511,-3.68796,2.31504,0.175278,1.78421,-0.65688,-0.243664,-0.0805071,-1.03066,0.627486,0.22713,0.283343,-0.887737,0.160402,0.438035,0.0986317,0.287431,-0.105152,0.147671,0.0570331,-0.559953,0.578738,0.556701,-0.578988,0.178173,-0.067333,0.122158,15.0055,-8.361,2.53787,9.56666,-0.00359754,-0.0716849,-15.2594,-13.0539,1.19745,-13.0624,1.55263,-3.20702,0.657028,0.775867,2.55554,-1.1408,1.90924,0.557284,-1.42347,0.00722915,-0.390974,0.0607431,-0.687971,0.685645,0.330192,-0.914816,-0.00529069,-0.206596,0.0438471,0,0,0,0,0,0,0,0,0,0,0,0,0,0,0,0,0,0,0,0,0,0,0,0,0,0,0,0,0,2.55789,6.3088,2.55789,6.3088,1.81445,1.81445,2.55789,6.3088,2.55789,6.3088,1.81445,1.81445,2.55789,1.81445,1.81445,0.907223,0.907223,0.907223,0.907223,0.907223,1.06814,1.06814,0.907223,0.907223,0.907223,0.907223,0.907223,1.06814,1.06814,40.1792,99.0984,40.1792,99.0984,28.5012,28.5012,40.1792,99.0984,40.1792,99.0984,28.5012,28.5012,40.1792,28.5012,28.5012,14.2506,14.2506,14.2506,14.2506,14.2506,16.7783,16.7783,14.2506,14.2506,14.2506,14.2506,14.2506,16.7783,16.7783,0,0,0,0,0,0,0,0,0,0,0,0,0,0,0,0,0,0,0,0,0,0,0,0,0,0,0,0,0,0,0,0,0,0,0,0,0,0,0,0,0,0,0,0,0,0,0,0,0,0,0,0,0,0,0,0,0,0,0,0,0,0,0,0,0,0,0,0,0,0,0,0,0,0,0,0,0,0,0,0,0,0,0,0,0,0,0,0,0,0,0,0,0,0,0,0,0,0,0,0,0,0,0,0,0,0,0,0,0,0,0,0,0,0,0,0,0,-0.0187211,0.114371,0.0177065,0.217258,-0.472639,-0.185701,0.476852,0.254239,0.108359,0.139373,0.241829,0.0449604,-0.0271156,-0.251812,0.927154,-0.0215291,0.000359261,0.0397898,-0.189186,-0.344391,-0.101901,-0.463984,0.462519,0.0162114,0.243059,0.70988,-0.441021,-1.34844,0.643087,0.3666,0.0202272,-0.21602,0.19566,-0.0663401,0.253251,0.514351,-0.0809568,0.00887119,-0.323788,-0.120765,0.00887649,0.196155,-0.202218,-0.0947415,0.0246179,0.0475239,-0.0814441,0.295284,0.409136,0.0611259,0.588108,0.000157564,-0.00759174,0.0181081,-0.0072889,-0.0884963,0.106061,0.489561,0.0174509,-0.0345672,0.0528867,0.663,0.114122,0.0185977,-0.993293,0.6,0,0,1.07277,1.02235,1.1359
2.92729,1.75307,7.019,0.0437807,0.181634,0.145859,-0.0180654,0.119974,0.0208046,2.92729,1.75307,7.019,0.0437807,0.181634,0.145859,-0.0180654,0.119974,0.0208046,0.277577,-0.0562363,0.228772,0.503424,-0.0527909,-0.00774021,-0.289431,-0.0811032,0.0125376,0.338188,-0.154178,-0.0605299,0.0187014,0.053018,-0.0811621,0.337123,0.431795,0.0628213,0.611939,-0.00308731,-0.00851949,0.0120317,0.0568425,-0.169631,0.0727111,0.50545,0.0212147,-0.027969,0.0489754,0,0,0,0,0,0,0,0,0,0,0,0,0,0,0,0,0,0,0,0,0,0,0,0,0,0,0,0,0,-0.409766,0.0321955,0.132899,0.601128,-0.170433,0.0202696,-0.0138457,0.0437885,-0.0369397,0.267113,-0.252257,-0.0493901,-0.00153622,0.0106209,-0.122524,0.333528,0.245052,0.0176876,0.667007,0.00696924,0.0082624,0.0159818,0.00128184,-0.151477,0.0595168,0.560708,0.00482672,-0.0270519,0.0437312,2.75622,-0.392228,1.33017,-3.03203,1.23833,-0.176848,1.63958,-0.594711,0.129474,0.868083,-1.6085,0.602561,-0.148538,0.234355,-1.03611,0.169103,0.469918,0.0552562,0.0598589,-0.116275,0.0505479,-0.0309771,-0.427708,0.6406,0.589859,-0.494545,0.206428,-0.0022902,0.134841,17.5211,-7.44723,1.44458,10.6018,0.284446,-0.00464534,-16.5906,-12.5041,1.52917,-12.1194,4.19318,-2.42202,1.4059,0.582876,3.09447,-0.678189,1.92273,0.567314,-1.18346,0.0088905,-0.324441,0.0670302,0.281874,0.33848,0.146665,-0.560844,-0.00791747,-0.123009,0.0132963,0,0,0,0,0,0,0,0,0,0,0,0,0,0,0,0,0,0,0,0,0,0,0,0,0,0,0,0,0,2.55789,6.3088,2.55789,6.3088,1.81445,1.81445,2.55789,6.3088,2.55789,6.3088,1.81445,1.81445,2.55789,1.81445,1.81445,0.907223,0.907223,0.907223,0.907223,0.907223,1.06814,1.06814,0.907223,0.907223,0.907223,0.907223,0.907223,1.06814,1.06814,40.1792,99.0984,40.1792,99.0984,28.5012,28.5012,40.1792,99.0984,40.1792,99.0984,28.5012,28.5012,40.1792,28.5012,28.5012,14.2506,14.2506,14.2506,14.2506,14.2506,16.7783,16.7783,14.2506,14.2506,14.2506,14.2506,14.2506,16.7783,16.7783,0,0,0,0,0,0,0,0,0,0,0,0,0,0,0,0,0,0,0,0,0,0,0,0,0,0,0,0,0,0,0,0,0,0,0,0,0,0,0,0,0,0,0,0,0,0,0,0,0,0,0,0,0,0,0,0,0,0,0,0,0,0,0,0,0,0,0,0,0,0,0,0,0,0,0,0,0,0,0,0,0,0,0,0,0,0,0,0,0,0,0,0,0,0,0,0,0,0,0,0,0,0,0,0,0,0,0,0,0,0,0,0,0,0,0,0,0,-0.0180654,0.119974,0.0208046,0.312655,-0.326413,-0.185058,0.528515,0.0692438,0.120886,0.143239,0.165789,0.0341549,0.0272213,-0.215583,1.07676,0.0412185,-0.00703937,0.0483716,-0.160372,-0.231286,-0.114354,-0.375419,0.417812,0.0228977,0.161497,0.65738,-0.472182,-0.943395,0.707308,0.476136,-0.0176485,-0.138014,0.277577,-0.0562363,0.228772,0.503424,-0.0527909,-0.00774021,-0.289431,-0.0811032,0.0125376,0.338188,-0.154178,-0.0605299,0.0187014,0.053018,-0.0811621,0.337123,0.431795,0.0628213,0.611939,-0.00308731,-0.00851949,0.0120317,0.0568425,-0.169631,0.0727111,0.50545,0.0212147,-0.027969,0.0489754,0.563,0.119321,0.0180564,-0.992692,0.6,0,0,1.07277,1.02235,1.1359
2.99389,2.02041,5.51834,0.116543,-0.0436937,0.0606714,-0.016214,0.121752,0.0229579,2.99389,2.02041,5.51834,0.116543,-0.0436937,0.0606714,-0.016214,0.121752,0.0229579,0.328418,-0.00593944,0.114464,0.439476,-0.00225319,-0.00585456,-0.302853,0.0511807,-0.0232911,0.640255,-0.150031,-0.03596,0.0273995,0.0192608,-0.062014,0.360136,0.443787,0.0713401,0.633232,-0.00621296,-0.0156628,0.00115254,0.143787,-0.272328,0.0231942,0.511449,0.01977,-0.0224421,0.0426477,0,0,0,0,0,0,0,0,0,0,0,0,0,0,0,0,0,0,0,0,0,0,0,0,0,0,0,0,0,-0.348403,0.0234172,0.156436,0.548931,-0.143922,0.0132879,0.0125399,0.0337575,-0.0288314,0.300325,-0.293032,-0.038874,-0.00984869,0.0136081,-0.142419,0.338033,0.25529,0.0180257,0.66707,0.00423891,0.00755441,0.0140705,-0.0048552,-0.139634,0.0707504,0.550875,0.00912139,-0.0264021,0.0461381,3.2053,-0.45631,0.966792,-2.20106,1.25149,-0.350555,1.14483,-0.378147,0.497431,2.04685,-2.28755,0.470652,-0.486743,0.00681188,-0.85088,0.310106,0.526702,0.00197553,-0.00890281,-0.126322,-0.0678521,-0.109366,-0.185787,0.537238,0.536198,-0.440626,0.195379,0.0340157,0.111875,17.2253,-5.08697,0.378664,9.55122,0.338116,0.0390416,-15.0266,-8.849,0.413792,-8.58202,7.92693,-1.46462,2.38115,1.03082,3.34611,-0.264004,2.05112,0.636674,-0.772974,0.0108593,-0.200215,0.0811267,1.07295,-0.910375,-0.449836,-0.241712,-0.00536683,-0.0634822,-0.0699992,0,0,0,0,0,0,0,0,0,0,0,0,0,0,0,0,0,0,0,0,0,0,0,0,0,0,0,0,0,2.55789,6.3088,2.55789,6.3088,1.81445,1.81445,2.55789,6.3088,2.55789,6.3088,1.81445,1.81445,2.55789,1.81445,1.81445,0.907223,0.907223,0.907223,0.907223,0.907223,1.06814,1.06814,0.907223,0.907223,0.907223,0.907223,0.907223,1.06814,1.06814,40.1792,99.0984,40.1792,99.0984,28.5012,28.5012,40.1792,99.0984,40.1792,99.0984,28.5012,28.5012,40.1792,28.5012,28.5012,14.2506,14.2506,14.2506,14.2506,14.2506,16.7783,16.7783,14.2506,14.2506,14.2506,14.2506,14.2506,16.7783,16.7783,0,0,0,0,0,0,0,0,0,0,0,0,0,0,0,0,0,0,0,0,0,0,0,0,0,0,0,0,0,0,0,0,0,0,0,0,0,0,0,0,0,0,0,0,0,0,0,0,0,0,0,0,0,0,0,0,0,0,0,0,0,0,0,0,0,0,0,0,0,0,0,0,0,0,0,0,0,0,0,0,0,0,0,0,0,0,0,0,0,0,0,0,0,0,0,0,0,0,0,0,0,0,0,0,0,0,0,0,0,0,0,0,0,0,0,0,0,-0.016214,0.121752,0.0229579,0.365125,-0.128171,-0.141398,0.555859,-0.164916,0.0439165,0.162663,0.0528851,0.0500405,0.0757718,-0.201905,1.16961,0.0167063,-0.0141662,0.0450775,-0.0169378,0.145955,-0.210236,-0.301232,0.209049,-0.0425373,0.0154702,0.572445,-0.654547,-0.0819728,0.822539,0.485591,-0.013349,-0.0819924,0.328418,-0.00593944,0.114464,0.439476,-0.00225319,-0.00585456,-0.302853,0.0511807,-0.0232911,0.640255,-0.150031,-0.03596,0.0273995,0.0192608,-0.062014,0.360136,0.443787,0.0713401,0.633232,-0.00621296,-0.0156628,0.00115254,0.143787,-0.272328,0.0231942,0.511449,0.01977,-0.0224421,0.0426477,0.653,0.121451,0.0160932,-0.992467,0.6,0,0,1.06262,0.591488,1.12333
-1.28485,-1.28146,5.56409,0.196156,-0.207525,-0.217127,-0.0126292,0.118566,0.0214961,-1.28485,-1.28146,5.56409,0.196156,-0.207525,-0.217127,-0.0126292,0.118566,0.0214961,0.441737,0.159044,-0.212426,0.386561,0.0735549,0.0308977,-0.544404,0.33164,-0.0612154,1.16941,-0.680311,-0.109251,0.065384,-0.149654,0.0234608,0.387143,0.36663,0.0553368,0.697528,-0.00878093,-0.0283334,-0.00885055,0.261596,-0.50288,-0.0839976,0.529148,0.0169697,-0.0159402,0.0343383,0,0,0,0,0,0,0,0,0,0,0,0,0,0,0,0,0,0,0,0,0,0,0,0,0,0,0,0,0,-0.283484,0.0159239,0.163138,0.506546,-0.129,0.0134512,0.0134521,0.0313838,-0.0172212,0.374567,-0.339155,-0.0320709,-0.0264257,0.00792801,-0.15318,0.347091,0.26594,0.0193274,0.666443,0.00137081,0.00377468,0.00977004,-0.0056792,-0.13191,0.0794358,0.539307,0.0119936,-0.0250618,0.0479197,3.31982,-0.448735,-0.108179,-1.70503,-2.64813,1.1707,-0.445023,-0.0510505,0.480426,4.52752,-1.24023,0.121839,-0.870584,-0.350286,-0.453097,0.54268,0.586261,0.127198,-0.0384568,-0.13452,-0.226537,-0.219096,-0.00120162,0.323577,0.336994,-0.553446,0.117739,0.0283612,0.0697615,16.3973,0.244768,-1.84642,4.67067,6.09453,-1.97186,-11.6601,2.17184,-1.44621,-0.637785,6.52191,-0.34594,4.42456,1.00261,3.38287,-0.29138,2.04006,0.643595,-0.419943,0.0148345,-0.092494,0.0907426,2.13141,-2.27953,-1.12266,0.127123,0.00404614,-0.000113819,-0.166626,0,0,0,0,0,0,0,0,0,0,0,0,0,0,0,0,0,0,0,0,0,0,0,0,0,0,0,0,0,2.55789,6.3088,2.55789,6.3088,1.81445,1.81445,2.55789,6.3088,2.55789,6.3088,1.81445,1.81445,2.55789,1.81445,1.81445,0.907223,0.907223,0.907223,0.907223,0.907223,1.06814,1.06814,0.907223,0.907223,0.907223,0.907223,0.907223,1.06814,1.06814,40.1792,99.0984,40.1792,99.0984,28.5012,28.5012,40.1792,99.0984,40.1792,99.0984,28.5012,28.5012,40.1792,28.5012,28.5012,14.2506,14.2506,14.2506,14.2506,14.2506,16.7783,16.7783,14.2506,14.2506,14.2506,14.2506,14.2506,16.7783,16.7783,0,0,0,0,0,0,0,0,0,0,0,0,0,0,0,0,0,0,0,0,0,0,0,0,0,0,0,0,0,0,0,0,0,0,0,0,0,0,0,0,0,0,0,0,0,0,0,0,0,0,0,0,0,0,0,0,0,0,0,0,0,0,0,0,0,0,0,0,0,0,0,0,0,0,0,0,0,0,0,0,0,0,0,0,0,0,0,0,0,0,0,0,0,0,0,0,0,0,0,0,0,0,0,0,0,0,0,0,0,0,0,0,0,0,0,0,0,-0.0126292,0.118566,0.0214961,0.426705,0.140445,0.0534929,0.379932,-0.690596,-0.341225,0.126173,-0.191523,0.119413,0.222373,-0.16155,1.37657,-0.424446,-0.0200214,0.0386926,0.453553,0.945755,-0.38031,-0.21396,-0.387959,-0.111799,-0.118798,0.460911,-0.805447,1.42704,0.995389,-0.7235,0.0704499,-0.249102,0.441737,0.159044,-0.212426,0.386561,0.0735549,0.0308977,-0.544404,0.33164,-0.0612154,1.16941,-0.680311,-0.109251,0.065384,-0.149654,0.0234608,0.387143,0.36663,0.0553368,0.697528,-0.00878093,-0.0283334,-0.00885055,0.261596,-0.50288,-0.0839976,0.529148,0.0169697,-0.0159402,0.0343383,1.008,0.118288,0.0125402,-0.9929,0.6,0,0,1.06262,0.591488,1.12333
-11.877,-9.43534,18.4364,-0.157686,0.339825,-0.158566,-0.0115857,0.117737,0.0166012,-11.877,-9.43534,18.4364,-0.157686,0.339825,-0.158566,-0.0115857,0.117737,0.0166012,0.689321,0.293535,-0.555049,0.424347,-0.230382,0.0456856,-0.99175,0.364805,-0.0695358,1.43883,-0.66229,-0.0734309,0.0847226,-0.254021,0.119069,0.433479,0.106256,-0.0483842,0.658736,0.00771609,-0.0498176,-0.0167324,0.213232,-0.576825,-0.142739,0.512215,-0.00827396,-0.00634399,0.0219315,0,0,0,0,0,0,0,0,0,0,0,0,0,0,0,0,0,0,0,0,0,0,0,0,0,0,0,0,0,-0.240426,0.0035847,0.154222,0.500064,-0.239606,0.0454181,-0.0343162,0.0446568,0.0151812,0.54904,-0.426738,-0.0500251,-0.0406587,0.00618307,-0.157568,0.349422,0.279962,0.0247527,0.678643,-0.00134984,-0.00432003,0.00447408,-0.00511934,-0.125409,0.078881,0.532448,0.0133358,-0.0248704,0.0487397,1.31163,-0.920907,-0.186783,0.829674,-3.94677,1.08944,-2.72343,0.712028,1.80614,10.1329,-4.12213,-1.07134,-0.192892,0.654272,-0.791895,-0.504387,0.901185,0.398313,1.08057,-0.121065,-0.334563,-0.240813,-0.0558421,0.442704,-0.345383,-0.00928468,0.0575302,-0.0156489,-0.0221718,23.8601,20.606,-14.0565,-15.1012,17.0741,-2.55338,-13.455,23.9853,-7.62445,-0.775022,0.455724,0.2503,5.07005,-5.28616,6.22786,0.850924,0.482662,0.0986268,-0.609223,0.00532437,-0.0106499,0.0363635,3.85273,-5.75604,-2.06138,0.0148001,0.00237122,0.18181,-0.234384,0,0,0,0,0,0,0,0,0,0,0,0,0,0,0,0,0,0,0,0,0,0,0,0,0,0,0,0,0,2.55789,6.3088,2.55789,6.3088,1.81445,1.81445,2.55789,6.3088,2.55789,6.3088,1.81445,1.81445,2.55789,1.81445,1.81445,0.907223,0.907223,0.907223,0.907223,0.907223,1.06814,1.06814,0.907223,0.907223,0.907223,0.907223,0.907223,1.06814,1.06814,40.1792,99.0984,40.1792,99.0984,28.5012,28.5012,40.1792,99.0984,40.1792,99.0984,28.5012,28.5012,40.1792,28.5012,28.5012,14.2506,14.2506,14.2506,14.2506,14.2506,16.7783,16.7783,14.2506,14.2506,14.2506,14.2506,14.2506,16.7783,16.7783,0,0,0,0,0,0,0,0,0,0,0,0,0,0,0,0,0,0,0,0,0,0,0,0,0,0,0,0,0,0,0,0,0,0,0,0,0,0,0,0,0,0,0,0,0,0,0,0,0,0,0,0,0,0,0,0,0,0,0,0,0,0,0,0,0,0,0,0,0,0,0,0,0,0,0,0,0,0,0,0,0,0,0,0,0,0,0,0,0,0,0,0,0,0,0,0,0,0,0,0,0,0,0,0,0,0,0,0,0,0,0,0,0,0,0,0,0,-0.0115857,0.117737,0.0166012,0.532355,0.0301698,0.271489,-0.213745,-0.859198,-0.579193,-0.110321,-0.325459,0.154731,0.133925,-0.200159,1.82874,-1.24145,0.0175935,-0.0188655,0.83709,1.04033,-0.668685,-0.0851533,-1.0137,-0.126995,-0.224594,0.294379,-0.697691,2.19535,0.302382,-0.682412,0.104168,-0.16743,0.689321,0.293535,-0.555049,0.424347,-0.230382,0.0456856,-0.99175,0.364805,-0.0695358,1.43883,-0.66229,-0.0734309,0.0847226,-0.254021,0.119069,0.433479,0.106256,-0.0483842,0.658736,0.00771609,-0.0498176,-0.0167324,0.213232,-0.576825,-0.142739,0.512215,-0.00827396,-0.00634399,0.0219315,0.697,0.117465,0.0115052,-0.99301,0.6,0,0,1.05505,1.00505,1.10511
-1.91143,0.336447,15.6668,-0.0923819,0.255091,0.0538654,-0.0149244,0.123906,0.0155782,-1.91143,0.336447,15.6668,-0.0923819,0.255091,0.0538654,-0.0149244,0.123906,0.0155782,0.657101,0.452413,-0.603035,0.47422,-0.404296,0.150382,-1.2577,0.209132,0.0154,1.64996,-0.515366,-0.0259135,0.0775087,-0.144988,0.0275921,0.383433,0.141965,-0.0529536,0.620113,0.0258389,-0.0651864,-0.0256637,0.233195,-0.409402,-0.101002,0.530638,-0.0287766,0.00682023,0.00762051,0,0,0,0,0,0,0,0,0,0,0,0,0,0,0,0,0,0,0,0,0,0,0,0,0,0,0,0,0,-0.236601,-0.00882392,0.148776,0.535912,-0.285015,0.0572281,-0.107529,0.0728779,0.0436065,0.778948,-0.488119,-0.0595764,-0.0364276,0.0162886,-0.167077,0.336423,0.292743,0.0298526,0.700069,0.000442881,-0.0102027,0.00130427,-0.000990787,-0.121904,0.0675746,0.534778,0.00852874,-0.0203976,0.0464557,-0.0161936,-0.360329,-0.593188,2.07569,-1.54005,0.335655,-3.73213,1.96159,0.77401,11.4592,-2.33434,-0.279828,0.515681,0.128928,-0.482589,-0.718089,0.305731,0.110651,0.960797,0.134302,-0.255094,-0.128749,0.428806,-0.154166,-0.709919,0.20059,-0.28808,0.294998,-0.149598,37.3798,32.4659,-27.0254,-23.8569,4.44093,-0.983145,-26.055,17.5738,-6.87955,-5.93046,-0.650874,0.124016,3.72759,-8.10326,8.9453,2.00329,-2.9977,-1.24181,-1.4585,-0.0170841,-0.388083,-0.167361,2.72631,-6.42154,-2.39451,-0.477981,0.0217625,-0.0694425,-0.259031,0,0,0,0,0,0,0,0,0,0,0,0,0,0,0,0,0,0,0,0,0,0,0,0,0,0,0,0,0,2.55789,6.3088,2.55789,6.3088,1.81445,1.81445,2.55789,6.3088,2.55789,6.3088,1.81445,1.81445,2.55789,1.81445,1.81445,0.907223,0.907223,0.907223,0.907223,0.907223,1.06814,1.06814,0.907223,0.907223,0.907223,0.907223,0.907223,1.06814,1.06814,40.1792,99.0984,40.1792,99.0984,28.5012,28.5012,40.1792,99.0984,40.1792,99.0984,28.5012,28.5012,40.1792,28.5012,28.5012,14.2506,14.2506,14.2506,14.2506,14.2506,16.7783,16.7783,14.2506,14.2506,14.2506,14.2506,14.2506,16.7783,16.7783,0,0,0,0,0,0,0,0,0,0,0,0,0,0,0,0,0,0,0,0,0,0,0,0,0,0,0,0,0,0,0,0,0,0,0,0,0,0,0,0,0,0,0,0,0,0,0,0,0,0,0,0,0,0,0,0,0,0,0,0,0,0,0,0,0,0,0,0,0,0,0,0,0,0,0,0,0,0,0,0,0,0,0,0,0,0,0,0,0,0,0,0,0,0,0,0,0,0,0,0,0,0,0,0,0,0,0,0,0,0,0,0,0,0,0,0,0,-0.0149244,0.123906,0.0155782,0.418246,0.0756873,0.0629127,-0.132325,-0.477457,-0.330588,-0.12074,-0.230295,0.141556,0.0458588,-0.158153,1.7699,-1.72716,0.0589153,-0.0656134,1.29017,0.596392,-0.874975,0.0915456,-1.10134,0.0281256,-0.344475,0.102288,-0.555465,2.79745,-0.0941583,-0.34741,0.342885,-0.0590853,0.657101,0.452413,-0.603035,0.47422,-0.404296,0.150382,-1.2577,0.209132,0.0154,1.64996,-0.515366,-0.0259135,0.0775087,-0.144988,0.0275921,0.383433,0.141965,-0.0529536,0.620113,0.0258389,-0.0651864,-0.0256637,0.233195,-0.409402,-0.101002,0.530638,-0.0287766,0.00682023,0.00762051,0.591,0.123589,0.0148094,-0.992223,0.6,0,0,1.05505,1.00505,1.10511
-1.41785,1.33872,12.5491,0.0490617,0.0325783,-0.0268148,-0.0152188,0.125617,0.0161688,-1.41785,1.33872,12.5491,0.0490617,0.0325783,-0.0268148,-0.0152188,0.125617,0.0161688,0.462569,0.540986,-0.616712,0.454233,-0.360921,0.178871,-1.30858,0.182346,0.016214,1.97296,-0.3599,0.00902449,0.0484705,-0.0858618,-0.0539332,0.326682,0.244394,-0.0429297,0.584531,0.0455054,-0.0728973,-0.0415801,0.268291,-0.352723,-0.0755178,0.532117,-0.0276252,0.0260093,-0.00616657,0,0,0,0,0,0,0,0,0,0,0,0,0,0,0,0,0,0,0,0,0,0,0,0,0,0,0,0,0,-0.24164,-0.00835629,0.142196,0.575873,-0.312969,0.0618799,-0.201087,0.112359,0.0421482,1.01613,-0.496008,-0.0527065,-0.0319678,0.0135162,-0.167144,0.327969,0.292245,0.0277417,0.709239,0.00664956,-0.0169044,-0.00283941,0.0136341,-0.129378,0.0510422,0.540245,-0.00101181,-0.012659,0.0398128,-0.104947,0.299395,-0.266857,1.86668,-1.38176,0.161661,-4.87871,1.93504,-0.747081,11.3999,0.321076,0.462131,0.138643,-0.405541,0.0248964,-0.248859,-0.307445,-0.244637,0.119376,0.325272,-0.397025,-0.2245,0.874907,-0.539468,-0.90523,0.354884,-0.475519,0.396714,-0.374574,36.5805,44.1619,-29.3349,-21.7521,-0.178974,2.21154,-30.2337,-2.24962,0.443534,-8.40393,-1.06832,-0.0669587,4.08438,-3.9306,5.43643,1.0295,-1.93073,-0.957838,-1.41973,-0.0210102,-0.405702,-0.148526,2.38176,-3.55279,-1.38186,-0.42759,0.0361485,-0.0895095,-0.148139,0,0,0,0,0,0,0,0,0,0,0,0,0,0,0,0,0,0,0,0,0,0,0,0,0,0,0,0,0,2.55789,6.3088,2.55789,6.3088,1.81445,1.81445,2.55789,6.3088,2.55789,6.3088,1.81445,1.81445,2.55789,1.81445,1.81445,0.907223,0.907223,0.907223,0.907223,0.907223,1.06814,1.06814,0.907223,0.907223,0.907223,0.907223,0.907223,1.06814,1.06814,40.1792,99.0984,40.1792,99.0984,28.5012,28.5012,40.1792,99.0984,40.1792,99.0984,28.5012,28.5012,40.1792,28.5012,28.5012,14.2506,14.2506,14.2506,14.2506,14.2506,16.7783,16.7783,14.2506,14.2506,14.2506,14.2506,14.2506,16.7783,16.7783,0,0,0,0,0,0,0,0,0,0,0,0,0,0,0,0,0,0,0,0,0,0,0,0,0,0,0,0,0,0,0,0,0,0,0,0,0,0,0,0,0,0,0,0,0,0,0,0,0,0,0,0,0,0,0,0,0,0,0,0,0,0,0,0,0,0,0,0,0,0,0,0,0,0,0,0,0,0,0,0,0,0,0,0,0,0,0,0,0,0,0,0,0,0,0,0,0,0,0,0,0,0,0,0,0,0,0,0,0,0,0,0,0,0,0,0,0,-0.0152188,0.125617,0.0161688,0.288847,0.155711,-0.122973,0.101222,-0.348223,-0.195773,-0.0978839,-0.172188,0.0885231,-0.0352701,-0.154781,1.41462,-1.82009,0.103757,-0.0629882,1.54276,0.520006,-0.978475,0.349114,-1.12632,0.0296121,-0.558116,-0.0827717,-0.612463,3.71858,0.00474114,0.00706856,0.407844,0.0205767,0.462569,0.540986,-0.616712,0.454233,-0.360921,0.178871,-1.30858,0.182346,0.016214,1.97296,-0.3599,0.00902449,0.0484705,-0.0858618,-0.0539332,0.326682,0.244394,-0.0429297,0.584531,0.0455054,-0.0728973,-0.0415801,0.268291,-0.352723,-0.0755178,0.532117,-0.0276252,0.0260093,-0.00616657,0.588,0.125287,0.0150983,-0.992006,0.6,0,0,1.04481,0.565855,1.0758
-2.89586,0.1815,11.3376,0.0434132,0.100582,-0.102707,-0.0145618,0.126134,0.0147914,-2.89586,0.1815,11.3376,0.0434132,0.100582,-0.102707,-0.0145618,0.126134,0.0147914,0.364151,0.528144,-0.513294,0.465341,-0.338104,0.161025,-1.39142,0.117636,0.0114499,2.27734,-0.289819,0.0315604,0.000945541,-0.0942416,-0.0945899,0.340875,0.30101,-0.0213062,0.598644,0.0498729,-0.0791869,-0.0516718,0.268497,-0.380761,-0.0734301,0.553952,-0.0326212,0.046793,-0.0203137,0,0,0,0,0,0,0,0,0,0,0,0,0,0,0,0,0,0,0,0,0,0,0,0,0,0,0,0,0,-0.244329,0.00171801,0.14296,0.609127,-0.340608,0.0643589,-0.316462,0.147937,0.0194186,1.25937,-0.459879,-0.0367643,-0.0354447,0.00500238,-0.163006,0.326349,0.284875,0.0176784,0.702606,0.0164401,-0.0254884,-0.0109267,0.0359489,-0.142371,0.0335771,0.545066,-0.00864121,-0.00196841,0.0295326,0.0801071,0.654956,0.0110055,1.53787,-1.39748,0.0983528,-5.89786,1.6619,-1.57117,11.9846,2.21593,0.806239,-0.175435,-0.554016,0.0132599,-0.0721553,-0.449058,-0.633371,-0.544486,0.490504,-0.462367,-0.443326,1.2213,-0.740542,-0.86094,0.233351,-0.320854,0.524375,-0.517736,28.4129,49.6529,-30.676,-24.91,1.86897,3.07703,-25.078,-6.87183,3.50259,-3.8173,-1.10211,-0.15089,3.90138,-1.70743,2.94278,0.0548178,-0.208315,-0.319475,-1.21827,-0.0291377,-0.318457,-0.0492681,2.25092,-2.36685,-0.796838,-0.373777,0.0216771,-0.0885915,-0.0506535,0,0,0,0,0,0,0,0,0,0,0,0,0,0,0,0,0,0,0,0,0,0,0,0,0,0,0,0,0,2.55789,6.3088,2.55789,6.3088,1.81445,1.81445,2.55789,6.3088,2.55789,6.3088,1.81445,1.81445,2.55789,1.81445,1.81445,0.907223,0.907223,0.907223,0.907223,0.907223,1.06814,1.06814,0.907223,0.907223,0.907223,0.907223,0.907223,1.06814,1.06814,40.1792,99.0984,40.1792,99.0984,28.5012,28.5012,40.1792,99.0984,40.1792,99.0984,28.5012,28.5012,40.1792,28.5012,28.5012,14.2506,14.2506,14.2506,14.2506,14.2506,16.7783,16.7783,14.2506,14.2506,14.2506,14.2506,14.2506,16.7783,16.7783,0,0,0,0,0,0,0,0,0,0,0,0,0,0,0,0,0,0,0,0,0,0,0,0,0,0,0,0,0,0,0,0,0,0,0,0,0,0,0,0,0,0,0,0,0,0,0,0,0,0,0,0,0,0,0,0,0,0,0,0,0,0,0,0,0,0,0,0,0,0,0,0,0,0,0,0,0,0,0,0,0,0,0,0,0,0,0,0,0,0,0,0,0,0,0,0,0,0,0,0,0,0,0,0,0,0,0,0,0,0,0,0,0,0,0,0,0,-0.0145618,0.126134,0.0147914,0.321208,0.156179,-0.215675,0.230313,-0.412153,-0.21488,-0.0485802,-0.167428,0.00172687,-0.00309265,-0.104995,1.23487,-1.97137,0.113715,-0.0743797,1.50614,0.335468,-1.0629,0.628086,-0.937443,0.0209114,-0.693573,-0.272664,-0.580785,4.5866,0.0567661,0.16686,0.367152,0.0719609,0.364151,0.528144,-0.513294,0.465341,-0.338104,0.161025,-1.39142,0.117636,0.0114499,2.27734,-0.289819,0.0315604,0.000945541,-0.0942416,-0.0945899,0.340875,0.30101,-0.0213062,0.598644,0.0498729,-0.0791869,-0.0516718,0.268497,-0.380761,-0.0734301,0.553952,-0.0326212,0.046793,-0.0203137,0.68,0.1258,0.0144456,-0.99195,0.6,0,0,1.03407,0.580385,1.05916
-2.69241,0.34731,10.2208,0.0239704,0.161883,-0.131807,-0.0145918,0.128096,0.0122774,-2.69241,0.34731,10.2208,0.0239704,0.161883,-0.131807,-0.0145918,0.128096,0.0122774,0.295541,0.492144,-0.466597,0.461617,-0.263207,0.145184,-1.46451,0.0642762,0.00515666,2.48673,-0.303953,0.052153,-0.0286394,-0.112963,-0.12876,0.341622,0.334953,0.000107153,0.577509,0.0495126,-0.0888531,-0.0496414,0.227709,-0.341264,-0.0512056,0.555787,-0.0357397,0.0558308,-0.0273968,0,0,0,0,0,0,0,0,0,0,0,0,0,0,0,0,0,0,0,0,0,0,0,0,0,0,0,0,0,-0.240792,0.0128514,0.149524,0.634523,-0.36856,0.0642828,-0.447664,0.169957,-0.0164536,1.51341,-0.410085,-0.0180434,-0.0436444,-0.00127437,-0.161148,0.325574,0.275939,0.00467589,0.689903,0.02572,-0.0362967,-0.0216706,0.0632699,-0.159689,0.0192147,0.551007,-0.0150255,0.0106022,0.0175454,0.422271,0.543747,0.320096,1.16636,-1.44827,-0.0639375,-6.5905,0.748507,-2.03933,12.5306,2.47271,0.887924,-0.390946,-0.322475,-0.128467,-0.115955,-0.495906,-0.630564,-0.601249,0.416427,-0.543364,-0.52163,1.41041,-0.984456,-0.662124,0.403772,-0.291012,0.624621,-0.569624,23.4584,47.8406,-27.5512,-23.9385,3.38214,2.85021,-21.3912,-10.0695,6.02664,-2.11103,-1.00922,-0.189973,2.8592,-2.15962,1.97242,0.292345,0.774215,0.189914,-0.749738,-0.0334766,-0.144775,0.0512298,1.68852,-2.30913,-0.736287,-0.28276,0.0131314,-0.0511455,-0.0282162,0,0,0,0,0,0,0,0,0,0,0,0,0,0,0,0,0,0,0,0,0,0,0,0,0,0,0,0,0,2.55789,6.3088,2.55789,6.3088,1.81445,1.81445,2.55789,6.3088,2.55789,6.3088,1.81445,1.81445,2.55789,1.81445,1.81445,0.907223,0.907223,0.907223,0.907223,0.907223,1.06814,1.06814,0.907223,0.907223,0.907223,0.907223,0.907223,1.06814,1.06814,40.1792,99.0984,40.1792,99.0984,28.5012,28.5012,40.1792,99.0984,40.1792,99.0984,28.5012,28.5012,40.1792,28.5012,28.5012,14.2506,14.2506,14.2506,14.2506,14.2506,16.7783,16.7783,14.2506,14.2506,14.2506,14.2506,14.2506,16.7783,16.7783,0,0,0,0,0,0,0,0,0,0,0,0,0,0,0,0,0,0,0,0,0,0,0,0,0,0,0,0,0,0,0,0,0,0,0,0,0,0,0,0,0,0,0,0,0,0,0,0,0,0,0,0,0,0,0,0,0,0,0,0,0,0,0,0,0,0,0,0,0,0,0,0,0,0,0,0,0,0,0,0,0,0,0,0,0,0,0,0,0,0,0,0,0,0,0,0,0,0,0,0,0,0,0,0,0,0,0,0,0,0,0,0,0,0,0,0,0,-0.0145918,0.128096,0.0122774,0.322913,0.0631788,-0.293585,0.307707,-0.322097,-0.257566,0.000244319,-0.116754,-0.0523049,-0.0512827,-0.10081,1.10957,-2.10485,0.112894,-0.0814901,1.40347,0.1833,-1.19265,0.749398,-0.85216,0.00941776,-0.666319,-0.367738,-0.591404,5.18373,0.227539,0.134634,0.331033,0.118914,0.295541,0.492144,-0.466597,0.461617,-0.263207,0.145184,-1.46451,0.0642762,0.00515666,2.48673,-0.303953,0.052153,-0.0286394,-0.112963,-0.12876,0.341622,0.334953,0.000107153,0.577509,0.0495126,-0.0888531,-0.0496414,0.227709,-0.341264,-0.0512056,0.555787,-0.0357397,0.0558308,-0.0273968,1.007,0.127746,0.0144717,-0.991701,0.6,0,0,1.03407,0.580385,1.05916
-2.16279,0.129471,10.4197,0.0311005,0.24004,-0.11257,-0.0146905,0.131729,0.00948312,-2.16279,0.129471,10.4197,0.0311005,0.24004,-0.11257,-0.0146905,0.131729,0.00948312,0.273135,0.496429,-0.464635,0.423257,-0.203,0.134636,-1.5277,0.0308617,0.00651016,2.59088,-0.331358,0.0485782,-0.0272653,-0.0808551,-0.137883,0.298172,0.370835,0.0265552,0.532527,0.0398883,-0.0943716,-0.0466586,0.188142,-0.311793,-0.0322201,0.535372,-0.0327286,0.055725,-0.0274438,0,0,0,0,0,0,0,0,0,0,0,0,0,0,0,0,0,0,0,0,0,0,0,0,0,0,0,0,0,-0.229057,0.0193606,0.155888,0.653611,-0.396791,0.0623902,-0.583555,0.172706,-0.0581356,1.76386,-0.373424,0.00169847,-0.0498701,-0.00422501,-0.165259,0.323369,0.265958,-0.00587273,0.676193,0.0327215,-0.0469697,-0.0306908,0.092484,-0.180243,0.00761032,0.562002,-0.0206493,0.0238586,0.00588871,0.816196,0.261587,0.164923,0.8711,-1.41779,-0.116939,-6.66993,-0.218595,-2.1095,12.003,1.56265,0.929325,-0.16864,-0.190513,-0.439803,-0.195039,-0.527765,-0.454932,-0.660301,0.300766,-0.510499,-0.387663,1.47384,-1.06263,-0.563787,0.668134,-0.253547,0.642972,-0.539776,19.224,45.3263,-25.5703,-24.3745,6.28345,2.55617,-18.6726,-9.70424,7.76846,-3.10958,-0.835507,-0.240847,1.37732,-2.84615,1.68109,0.402837,1.43657,0.494993,-0.804687,-0.0340825,-0.161522,0.0975796,0.63354,-1.3686,-0.345244,-0.650241,0.0149996,-0.140016,0.0161634,0,0,0,0,0,0,0,0,0,0,0,0,0,0,0,0,0,0,0,0,0,0,0,0,0,0,0,0,0,2.55789,6.3088,2.55789,6.3088,1.81445,1.81445,2.55789,6.3088,2.55789,6.3088,1.81445,1.81445,2.55789,1.81445,1.81445,0.907223,0.907223,0.907223,0.907223,0.907223,1.06814,1.06814,0.907223,0.907223,0.907223,0.907223,0.907223,1.06814,1.06814,40.1792,99.0984,40.1792,99.0984,28.5012,28.5012,40.1792,99.0984,40.1792,99.0984,28.5012,28.5012,40.1792,28.5012,28.5012,14.2506,14.2506,14.2506,14.2506,14.2506,16.7783,16.7783,14.2506,14.2506,14.2506,14.2506,14.2506,16.7783,16.7783,0,0,0,0,0,0,0,0,0,0,0,0,0,0,0,0,0,0,0,0,0,0,0,0,0,0,0,0,0,0,0,0,0,0,0,0,0,0,0,0,0,0,0,0,0,0,0,0,0,0,0,0,0,0,0,0,0,0,0,0,0,0,0,0,0,0,0,0,0,0,0,0,0,0,0,0,0,0,0,0,0,0,0,0,0,0,0,0,0,0,0,0,0,0,0,0,0,0,0,0,0,0,0,0,0,0,0,0,0,0,0,0,0,0,0,0,0,-0.0146905,0.131729,0.00948312,0.223842,-0.0270375,-0.314387,0.38952,-0.2549,-0.184358,0.0605485,-0.0734651,-0.0497955,-0.153844,-0.147359,1.06865,-2.22026,0.0909493,-0.0746246,1.41569,0.0880101,-1.26672,0.747978,-0.848577,0.0118897,-0.626283,-0.368369,-0.700799,5.48073,0.364816,0.0721466,0.306984,0.110763,0.273135,0.496429,-0.464635,0.423257,-0.203,0.134636,-1.5277,0.0308617,0.00651016,2.59088,-0.331358,0.0485782,-0.0272653,-0.0808551,-0.137883,0.298172,0.370835,0.0265552,0.532527,0.0398883,-0.0943716,-0.0466586,0.188142,-0.311793,-0.0322201,0.535372,-0.0327286,0.055725,-0.0274438,0.672,0.131349,0.0145627,-0.991229,0.6,0,0,1.03028,0.962371,1.03766
-1.10918,-0.668242,11.6298,-0.00347715,0.275056,-0.0694656,-0.0148587,0.136821,0.00737868,-1.10918,-0.668242,11.6298,-0.00347715,0.275056,-0.0694656,-0.0148587,0.136821,0.00737868,0.288695,0.425376,-0.409402,0.383621,-0.233786,0.130928,-1.61504,-0.010152,-0.0497188,2.57451,-0.269689,0.0774914,-0.0279172,-0.0777236,-0.16055,0.274538,0.371807,0.0385323,0.50701,0.039758,-0.106176,-0.0406535,0.0982063,-0.282071,-0.0197265,0.497498,-0.0324807,0.051505,-0.0297599,0,0,0,0,0,0,0,0,0,0,0,0,0,0,0,0,0,0,0,0,0,0,0,0,0,0,0,0,0,-0.207535,0.0221407,0.156062,0.666321,-0.423328,0.0594959,-0.715112,0.160218,-0.0953559,1.98838,-0.354072,0.0166656,-0.0497057,-0.0069093,-0.177163,0.318867,0.255756,-0.0116425,0.660915,0.0357263,-0.0552166,-0.0370628,0.122346,-0.200438,-0.00201328,0.57756,-0.0242756,0.0365816,-0.00364687,1.32112,0.135917,-0.191874,0.50562,-1.28444,-0.168998,-6.38504,-0.848721,-1.63255,10.3271,0.73749,0.644101,0.167166,-0.205655,-0.782196,-0.30629,-0.491961,-0.19475,-0.761952,0.096531,-0.370444,-0.261582,1.50952,-0.957842,-0.440649,0.841676,-0.147056,0.604274,-0.417414,16.192,46.294,-24.6104,-27.2733,8.53976,2.42936,-16.6636,-7.81075,8.27763,-4.98048,-0.692122,-0.256247,0.58013,-1.8183,2.40468,-0.0499078,2.07554,0.725304,-1.1449,-0.0294496,-0.264829,0.121452,-0.384166,-0.734885,-0.0393149,-1.32961,0.0132824,-0.31514,0.0466976,0,0,0,0,0,0,0,0,0,0,0,0,0,0,0,0,0,0,0,0,0,0,0,0,0,0,0,0,0,2.55789,6.3088,2.55789,6.3088,1.81445,1.81445,2.55789,6.3088,2.55789,6.3088,1.81445,1.81445,2.55789,1.81445,1.81445,0.907223,0.907223,0.907223,0.907223,0.907223,1.06814,1.06814,0.907223,0.907223,0.907223,0.907223,0.907223,1.06814,1.06814,40.1792,99.0984,40.1792,99.0984,28.5012,28.5012,40.1792,99.0984,40.1792,99.0984,28.5012,28.5012,40.1792,28.5012,28.5012,14.2506,14.2506,14.2506,14.2506,14.2506,16.7783,16.7783,14.2506,14.2506,14.2506,14.2506,14.2506,16.7783,16.7783,0,0,0,0,0,0,0,0,0,0,0,0,0,0,0,0,0,0,0,0,0,0,0,0,0,0,0,0,0,0,0,0,0,0,0,0,0,0,0,0,0,0,0,0,0,0,0,0,0,0,0,0,0,0,0,0,0,0,0,0,0,0,0,0,0,0,0,0,0,0,0,0,0,0,0,0,0,0,0,0,0,0,0,0,0,0,0,0,0,0,0,0,0,0,0,0,0,0,0,0,0,0,0,0,0,0,0,0,0,0,0,0,0,0,0,0,0,-0.0148587,0.136821,0.00737868,0.169955,-0.2321,-0.366069,0.391736,-0.187131,-0.177217,0.0878574,-0.0449784,-0.050986,-0.212027,-0.233714,1.09707,-2.37978,0.0906522,-0.0740593,1.21307,-0.0289511,-1.42516,0.691334,-0.747702,-0.0908028,-0.545678,-0.399458,-0.813831,5.43405,0.294622,0.212758,0.298529,0.176688,0.288695,0.425376,-0.409402,0.383621,-0.233786,0.130928,-1.61504,-0.010152,-0.0497188,2.57451,-0.269689,0.0774914,-0.0279172,-0.0777236,-0.16055,0.274538,0.371807,0.0385323,0.50701,0.039758,-0.106176,-0.0406535,0.0982063,-0.282071,-0.0197265,0.497498,-0.0324807,0.051505,-0.0297599,0.654,0.136394,0.0147193,-0.990545,0.6,0,0,1.03028,0.962371,1.03766
0.275083,-1.44142,11.7719,-0.0696743,0.236506,-0.0306842,-0.016116,0.143254,0.00582097,0.275083,-1.44142,11.7719,-0.0696743,0.236506,-0.0306842,-0.016116,0.143254,0.00582097,0.217639,0.405056,-0.357404,0.298942,-0.192497,0.148158,-1.60668,-0.082018,-0.0934001,2.53547,-0.232316,0.111287,-0.01082,-0.0795082,-0.192031,0.222312,0.363464,0.049184,0.480119,0.0377926,-0.111384,-0.036125,0.0160435,-0.331075,-0.029114,0.463667,-0.0282469,0.0442666,-0.0340455,0,0,0,0,0,0,0,0,0,0,0,0,0,0,0,0,0,0,0,0,0,0,0,0,0,0,0,0,0,-0.166394,0.0223569,0.146077,0.668957,-0.449951,0.056046,-0.863772,0.128484,-0.123945,2.19445,-0.322369,0.036675,-0.0399683,-0.0104758,-0.200392,0.31015,0.245378,-0.012722,0.642299,0.0376116,-0.0647499,-0.0405721,0.15733,-0.219041,-0.0108203,0.597924,-0.0271546,0.0505682,-0.012695,2.03681,0.0253013,-0.611709,-0.124359,-1.02587,-0.157891,-5.992,-1.55221,-0.775677,7.08226,1.26747,0.766358,0.554221,-0.196267,-1.11249,-0.427671,-0.36178,0.016834,-0.748483,0.0621549,-0.376461,-0.0942684,1.43266,-0.620181,-0.313807,0.813738,-0.098716,0.531003,-0.323801,13.3826,39.9282,-20.8992,-27.6757,7.9713,2.39901,-15.2276,-4.34432,5.11257,-7.30615,-0.819346,-0.22831,-0.83869,-1.61513,3.05,-0.143034,2.13346,0.718198,-1.25999,-0.0262071,-0.296127,0.101183,-2.10205,-0.328893,0.157859,-2.15386,0.0140525,-0.546765,0.0601134,0,0,0,0,0,0,0,0,0,0,0,0,0,0,0,0,0,0,0,0,0,0,0,0,0,0,0,0,0,2.55789,6.3088,2.55789,6.3088,1.81445,1.81445,2.55789,6.3088,2.55789,6.3088,1.81445,1.81445,2.55789,1.81445,1.81445,0.907223,0.907223,0.907223,0.907223,0.907223,1.06814,1.06814,0.907223,0.907223,0.907223,0.907223,0.907223,1.06814,1.06814,40.1792,99.0984,40.1792,99.0984,28.5012,28.5012,40.1792,99.0984,40.1792,99.0984,28.5012,28.5012,40.1792,28.5012,28.5012,14.2506,14.2506,14.2506,14.2506,14.2506,16.7783,16.7783,14.2506,14.2506,14.2506,14.2506,14.2506,16.7783,16.7783,0,0,0,0,0,0,0,0,0,0,0,0,0,0,0,0,0,0,0,0,0,0,0,0,0,0,0,0,0,0,0,0,0,0,0,0,0,0,0,0,0,0,0,0,0,0,0,0,0,0,0,0,0,0,0,0,0,0,0,0,0,0,0,0,0,0,0,0,0,0,0,0,0,0,0,0,0,0,0,0,0,0,0,0,0,0,0,0,0,0,0,0,0,0,0,0,0,0,0,0,0,0,0,0,0,0,0,0,0,0,0,0,0,0,0,0,0,-0.016116,0.143254,0.00582097,0.0508747,-0.419439,-0.437849,0.372713,-0.298865,-0.181287,0.112144,-0.0663828,-0.0197609,-0.273341,-0.310853,0.967294,-2.3645,0.0861709,-0.0644058,1.15512,-0.233895,-1.49507,0.594176,-0.652738,-0.170579,-0.484894,-0.456981,-1.05531,5.32271,0.388765,0.297973,0.337815,0.253745,0.217639,0.405056,-0.357404,0.298942,-0.192497,0.148158,-1.60668,-0.082018,-0.0934001,2.53547,-0.232316,0.111287,-0.01082,-0.0795082,-0.192031,0.222312,0.363464,0.049184,0.480119,0.0377926,-0.111384,-0.036125,0.0160435,-0.331075,-0.029114,0.463667,-0.0282469,0.0442666,-0.0340455,0.604,0.141807,0.0156627,-0.98977,0.6,0,0,1.02203,0.944852,1.02031
1.05013,-1.61434,12.7091,-0.114161,0.170374,-0.0191109,-0.0177226,0.146598,0.00529344,1.05013,-1.61434,12.7091,-0.114161,0.170374,-0.0191109,-0.0177226,0.146598,0.00529344,0.188755,0.393677,-0.318382,0.241652,-0.094471,0.232316,-1.62021,-0.075526,-0.169954,2.50895,-0.197414,0.17479,-0.00313955,-0.0957434,-0.230944,0.178589,0.34032,0.0488936,0.479068,0.0454593,-0.115951,-0.0327971,-0.0769542,-0.356273,-0.0381758,0.422171,-0.0216816,0.0396403,-0.0384226,0,0,0,0,0,0,0,0,0,0,0,0,0,0,0,0,0,0,0,0,0,0,0,0,0,0,0,0,0,-0.128917,0.0216451,0.133519,0.661289,-0.463542,0.0540987,-0.95618,0.0970684,-0.13219,2.28723,-0.29875,0.0526064,-0.0280342,-0.0130324,-0.219857,0.302326,0.240038,-0.0106952,0.630926,0.0382108,-0.0701637,-0.0411916,0.178739,-0.227482,-0.0142011,0.610527,-0.0277211,0.0581906,-0.0176418,2.55566,-0.0584911,-0.89565,-0.737976,-0.729061,-0.115795,-5.61733,-2.22359,-0.318839,4.84954,1.44379,1.00957,0.852023,-0.150693,-1.25426,-0.533714,-0.303393,0.183873,-0.675538,0.0241356,-0.306987,-0.00849459,1.27884,-0.458197,-0.147568,0.743349,-0.0123894,0.438145,-0.282468,7.72776,38.4475,-17.5717,-31.7567,9.0461,2.87343,-12.1103,-4.41614,2.50146,-6.62187,-0.740877,-0.149783,-1.37993,-1.64617,2.99686,-0.68061,2.03696,0.697279,-1.54534,-0.0290911,-0.36417,0.0985612,-3.45127,-1.05507,-0.0707461,-2.7617,0.00488993,-0.698456,0.0281024,0,0,0,0,0,0,0,0,0,0,0,0,0,0,0,0,0,0,0,0,0,0,0,0,0,0,0,0,0,2.55789,6.3088,2.55789,6.3088,1.81445,1.81445,2.55789,6.3088,2.55789,6.3088,1.81445,1.81445,2.55789,1.81445,1.81445,0.907223,0.907223,0.907223,0.907223,0.907223,1.06814,1.06814,0.907223,0.907223,0.907223,0.907223,0.907223,1.06814,1.06814,40.1792,99.0984,40.1792,99.0984,28.5012,28.5012,40.1792,99.0984,40.1792,99.0984,28.5012,28.5012,40.1792,28.5012,28.5012,14.2506,14.2506,14.2506,14.2506,14.2506,16.7783,16.7783,14.2506,14.2506,14.2506,14.2506,14.2506,16.7783,16.7783,0,0,0,0,0,0,0,0,0,0,0,0,0,0,0,0,0,0,0,0,0,0,0,0,0,0,0,0,0,0,0,0,0,0,0,0,0,0,0,0,0,0,0,0,0,0,0,0,0,0,0,0,0,0,0,0,0,0,0,0,0,0,0,0,0,0,0,0,0,0,0,0,0,0,0,0,0,0,0,0,0,0,0,0,0,0,0,0,0,0,0,0,0,0,0,0,0,0,0,0,0,0,0,0,0,0,0,0,0,0,0,0,0,0,0,0,0,-0.0177226,0.146598,0.00529344,-0.0488185,-0.631483,-0.526576,0.319944,-0.356319,-0.218304,0.111482,-0.0870446,-0.00573385,-0.275738,-0.405469,0.914544,-2.38922,0.103652,-0.0494363,1.12267,-0.215381,-1.55636,0.532078,-0.581471,-0.310391,-0.440224,-0.515734,-1.21869,5.24709,0.612273,0.377553,0.529703,0.398539,0.188755,0.393677,-0.318382,0.241652,-0.094471,0.232316,-1.62021,-0.075526,-0.169954,2.50895,-0.197414,0.17479,-0.00313955,-0.0957434,-0.230944,0.178589,0.34032,0.0488936,0.479068,0.0454593,-0.115951,-0.0327971,-0.0769542,-0.356273,-0.0381758,0.422171,-0.0216816,0.0396403,-0.0384226,0.646,0.146073,0.0175316,-0.989118,0.6,0,0,1.0122,0.925005,1.01598
2.18604,-1.7826,12.5535,-0.156791,0.0325375,-0.0813783,-0.0206115,0.148898,0.00425983,2.18604,-1.7826,12.5535,-0.156791,0.0325375,-0.0813783,-0.0206115,0.148898,0.00425983,0.0520833,0.366168,-0.200032,0.18511,0.0482761,0.2618,-1.56176,-0.139863,-0.246017,2.42628,-0.226643,0.214981,-0.0084137,-0.144584,-0.299867,0.120772,0.294611,0.0440892,0.461851,0.0463791,-0.112028,-0.0292964,-0.173975,-0.42986,-0.0586097,0.374185,-0.0237997,0.0333684,-0.0446569,0,0,0,0,0,0,0,0,0,0,0,0,0,0,0,0,0,0,0,0,0,0,0,0,0,0,0,0,0,-0.0695357,0.0227477,0.115822,0.637346,-0.474466,0.053754,-1.06304,0.0516181,-0.135238,2.35727,-0.267964,0.0834806,-0.0111017,-0.0166023,-0.246438,0.290045,0.234608,-0.00525993,0.620402,0.0402762,-0.0763584,-0.0402436,0.200649,-0.234332,-0.0159332,0.62259,-0.0263817,0.0665785,-0.0229299,3.2083,0.21233,-0.8751,-1.49585,-0.441812,-0.00886734,-5.16489,-2.2208,-0.107891,2.56514,1.37212,1.52135,0.829782,-0.234416,-1.28503,-0.632141,-0.22743,0.301054,-0.43943,0.110287,-0.274633,0.0663012,0.95965,-0.251492,-0.0417502,0.483067,0.0815736,0.378242,-0.232068,2.51823,35.7463,-15.2809,-30.379,11.631,5.08261,-9.50523,1.12635,-1.12345,-1.74868,-0.515801,-0.155494,-1.74588,-1.87697,2.7491,-1.02874,1.719,0.506088,-1.61778,-0.0264794,-0.368641,0.0565894,-4.82158,-1.49914,-0.271591,-3.30506,-0.00629827,-0.856879,-0.0103264,0,0,0,0,0,0,0,0,0,0,0,0,0,0,0,0,0,0,0,0,0,0,0,0,0,0,0,0,0,2.55789,6.3088,2.55789,6.3088,1.81445,1.81445,2.55789,6.3088,2.55789,6.3088,1.81445,1.81445,2.55789,1.81445,1.81445,0.907223,0.907223,0.907223,0.907223,0.907223,1.06814,1.06814,0.907223,0.907223,0.907223,0.907223,0.907223,1.06814,1.06814,40.1792,99.0984,40.1792,99.0984,28.5012,28.5012,40.1792,99.0984,40.1792,99.0984,28.5012,28.5012,40.1792,28.5012,28.5012,14.2506,14.2506,14.2506,14.2506,14.2506,16.7783,16.7783,14.2506,14.2506,14.2506,14.2506,14.2506,16.7783,16.7783,0,0,0,0,0,0,0,0,0,0,0,0,0,0,0,0,0,0,0,0,0,0,0,0,0,0,0,0,0,0,0,0,0,0,0,0,0,0,0,0,0,0,0,0,0,0,0,0,0,0,0,0,0,0,0,0,0,0,0,0,0,0,0,0,0,0,0,0,0,0,0,0,0,0,0,0,0,0,0,0,0,0,0,0,0,0,0,0,0,0,0,0,0,0,0,0,0,0,0,0,0,0,0,0,0,0,0,0,0,0,0,0,0,0,0,0,0,-0.0206115,0.148898,0.00425983,-0.180647,-0.8527,-0.683726,0.215723,-0.524105,-0.329667,0.100528,-0.133636,-0.0153662,-0.314994,-0.51488,0.664936,-2.28248,0.105749,-0.0542656,1.04422,-0.398854,-1.50372,0.447892,-0.365324,-0.449309,-0.393235,-0.599415,-1.37994,5.01133,0.93775,0.310907,0.694528,0.490179,0.0520833,0.366168,-0.200032,0.18511,0.0482761,0.2618,-1.56176,-0.139863,-0.246017,2.42628,-0.226643,0.214981,-0.0084137,-0.144584,-0.299867,0.120772,0.294611,0.0440892,0.461851,0.0463791,-0.112028,-0.0292964,-0.173975,-0.42986,-0.0586097,0.374185,-0.0237997,0.0333684,-0.0446569,0.963,0.148349,0.020382,-0.988725,0.6,0,0,1.0122,0.925005,1.01598
1.9646,-1.05583,12.2039,-0.11942,-0.00986168,-0.0793825,-0.0235153,0.149321,0.00268647,1.9646,-1.05583,12.2039,-0.11942,-0.00986168,-0.0793825,-0.0235153,0.149321,0.00268647,-0.129536,0.328322,-0.0293578,0.0978408,0.406161,0.2618,-1.3777,-0.210027,-0.318638,2.13421,-0.202593,0.249712,0.0123337,-0.137637,-0.297233,0.0221757,0.314244,0.0338002,0.450319,0.0418057,-0.102493,-0.0181528,-0.224447,-0.410197,-0.0462315,0.353314,0.00481299,0.0201505,-0.0364172,0,0,0,0,0,0,0,0,0,0,0,0,0,0,0,0,0,0,0,0,0,0,0,0,0,0,0,0,0,-0.00176567,0.0311784,0.0980256,0.599538,-0.479313,0.0539085,-1.15996,0.0031222,-0.144467,2.38459,-0.251071,0.117396,0.00557133,-0.0243971,-0.271454,0.275,0.229079,0.00169198,0.613295,0.0423695,-0.0793741,-0.038131,0.215689,-0.239445,-0.0161598,0.626793,-0.0252939,0.0730663,-0.0276622,3.45333,0.603619,-0.847746,-2.18536,-0.102409,-0.034411,-4.65459,-2.49384,-0.726718,0.554724,0.530174,1.59316,0.789984,-0.50118,-1.12521,-0.800416,-0.298461,0.35198,-0.33153,0.0896163,-0.0914166,0.1156,0.584972,-0.268802,0.011253,0.0113888,0.043017,0.257456,-0.213729,-6.39108,29.7821,-9.83388,-28.0536,15.2568,5.95595,-4.53401,1.14521,-2.38923,-0.116613,-0.32546,-0.101281,-2.55801,-2.5834,1.24832,-1.49283,1.19798,0.289852,-1.87072,-0.0251357,-0.447795,0.0271914,-6.09931,-2.47858,-0.610119,-3.64381,-0.0176292,-0.949905,-0.0553851,0,0,0,0,0,0,0,0,0,0,0,0,0,0,0,0,0,0,0,0,0,0,0,0,0,0,0,0,0,2.55789,6.3088,2.55789,6.3088,1.81445,1.81445,2.55789,6.3088,2.55789,6.3088,1.81445,1.81445,2.55789,1.81445,1.81445,0.907223,0.907223,0.907223,0.907223,0.907223,1.06814,1.06814,0.907223,0.907223,0.907223,0.907223,0.907223,1.06814,1.06814,40.1792,99.0984,40.1792,99.0984,28.5012,28.5012,40.1792,99.0984,40.1792,99.0984,28.5012,28.5012,40.1792,28.5012,28.5012,14.2506,14.2506,14.2506,14.2506,14.2506,16.7783,16.7783,14.2506,14.2506,14.2506,14.2506,14.2506,16.7783,16.7783,0,0,0,0,0,0,0,0,0,0,0,0,0,0,0,0,0,0,0,0,0,0,0,0,0,0,0,0,0,0,0,0,0,0,0,0,0,0,0,0,0,0,0,0,0,0,0,0,0,0,0,0,0,0,0,0,0,0,0,0,0,0,0,0,0,0,0,0,0,0,0,0,0,0,0,0,0,0,0,0,0,0,0,0,0,0,0,0,0,0,0,0,0,0,0,0,0,0,0,0,0,0,0,0,0,0,0,0,0,0,0,0,0,0,0,0,0,-0.0235153,0.149321,0.00268647,-0.405457,-0.967781,-0.677721,0.260487,-0.479269,-0.313826,0.0770679,-0.105412,0.0225255,-0.341288,-0.562468,0.33324,-1.94631,0.0953212,0.0109741,0.936293,-0.598946,-1.37573,0.270473,-0.0536171,-0.581938,-0.243659,-0.488816,-1.62881,4.17842,1.75376,0.365744,0.62489,0.569369,-0.129536,0.328322,-0.0293578,0.0978408,0.406161,0.2618,-1.3777,-0.210027,-0.318638,2.13421,-0.202593,0.249712,0.0123337,-0.137637,-0.297233,0.0221757,0.314244,0.0338002,0.450319,0.0418057,-0.102493,-0.0181528,-0.224447,-0.410197,-0.0462315,0.353314,0.00481299,0.0201505,-0.0364172,0.602,0.148766,0.0232515,-0.988599,0.6,0,0,1.00778,0.904365,1.01745
1.11445,-1.12821,12.868,-0.0798487,0.0572433,-0.169407,-0.0256252,0.150239,0.000295034,1.11445,-1.12821,12.868,-0.0798487,0.0572433,-0.169407,-0.0256252,0.150239,0.000295034,-0.240336,0.271317,0.145287,0.0451913,0.5236,0.202871,-1.08825,-0.200404,-0.35305,1.84914,-0.245688,0.213318,0.0130559,-0.177862,-0.216804,-0.0617582,0.289005,0.0204442,0.446973,0.0255474,-0.0836904,-0.0126822,-0.201902,-0.436218,-0.0527188,0.347591,0.0234472,0.00911475,-0.0272967,0,0,0,0,0,0,0,0,0,0,0,0,0,0,0,0,0,0,0,0,0,0,0,0,0,0,0,0,0,0.0694944,0.0487739,0.0841099,0.541695,-0.473719,0.0506427,-1.24278,-0.0500317,-0.170934,2.35313,-0.232306,0.151637,0.0201434,-0.0381516,-0.291338,0.254324,0.223094,0.00592168,0.610787,0.0427202,-0.0782501,-0.0333781,0.219407,-0.244704,-0.0157038,0.62593,-0.0181894,0.0748996,-0.0297825,3.45956,1.0403,-0.549476,-3.40301,0.563527,-0.216312,-3.85122,-2.72268,-1.70225,-2.95374,0.7882,1.59883,0.684848,-0.764401,-0.702787,-1.12293,-0.270038,0.120697,-0.0788841,-0.000635109,0.128647,0.243558,-0.0975859,-0.246585,0.063251,-0.155966,0.401306,0.030637,-0.0562392,-16.7077,21.5337,-3.11529,-23.7249,24.2082,6.30429,4.22241,0.829699,-1.84659,-4.87299,-0.68329,-0.0951767,-2.0306,-1.4961,1.22312,-2.32071,1.54865,0.278093,-2.23326,-0.0125597,-0.536693,-0.00603083,-6.28728,-2.13597,-0.480548,-3.78272,-0.0348525,-0.958171,-0.0474194,0,0,0,0,0,0,0,0,0,0,0,0,0,0,0,0,0,0,0,0,0,0,0,0,0,0,0,0,0,2.55789,6.3088,2.55789,6.3088,1.81445,1.81445,2.55789,6.3088,2.55789,6.3088,1.81445,1.81445,2.55789,1.81445,1.81445,0.907223,0.907223,0.907223,0.907223,0.907223,1.06814,1.06814,0.907223,0.907223,0.907223,0.907223,0.907223,1.06814,1.06814,40.1792,99.0984,40.1792,99.0984,28.5012,28.5012,40.1792,99.0984,40.1792,99.0984,28.5012,28.5012,40.1792,28.5012,28.5012,14.2506,14.2506,14.2506,14.2506,14.2506,16.7783,16.7783,14.2506,14.2506,14.2506,14.2506,14.2506,16.7783,16.7783,0,0,0,0,0,0,0,0,0,0,0,0,0,0,0,0,0,0,0,0,0,0,0,0,0,0,0,0,0,0,0,0,0,0,0,0,0,0,0,0,0,0,0,0,0,0,0,0,0,0,0,0,0,0,0,0,0,0,0,0,0,0,0,0,0,0,0,0,0,0,0,0,0,0,0,0,0,0,0,0,0,0,0,0,0,0,0,0,0,0,0,0,0,0,0,0,0,0,0,0,0,0,0,0,0,0,0,0,0,0,0,0,0,0,0,0,0,-0.0256252,0.150239,0.000295034,-0.596835,-0.916376,-0.494335,0.202941,-0.5386,-0.405544,0.0466147,-0.120204,0.0238444,-0.348917,-0.575517,0.130882,-1.41769,0.0582506,0.0534619,0.77373,-0.571501,-1.12335,0.122344,0.265342,-0.644786,-0.170228,-0.366394,-1.77895,3.36548,2.64384,0.267484,0.462566,0.486387,-0.240336,0.271317,0.145287,0.0451913,0.5236,0.202871,-1.08825,-0.200404,-0.35305,1.84914,-0.245688,0.213318,0.0130559,-0.177862,-0.216804,-0.0617582,0.289005,0.0204442,0.446973,0.0255474,-0.0836904,-0.0126822,-0.201902,-0.436218,-0.0527188,0.347591,0.0234472,0.00911475,-0.0272967,0.581,0.149675,0.0253338,-0.988411,0.6,0,0,1.00778,0.904365,1.01745
-0.0622634,-1.03396,11.2589,0.00290657,0.175437,-0.198123,-0.0265343,0.153222,-0.00314623,-0.0622634,-1.03396,11.2589,0.00290657,0.175437,-0.198123,-0.0265343,0.153222,-0.00314623,-0.497497,0.129851,0.371217,0.0083802,0.5236,0.0370199,-0.597796,-0.212515,-0.311962,1.51325,-0.118523,0.0821784,0.027833,-0.156555,-0.105767,-0.0965673,0.274133,0.00623279,0.474201,-0.0102125,-0.0578251,0.00329852,-0.104472,-0.308545,-0.00824575,0.380137,0.0355476,-0.00297129,-0.0112706,0,0,0,0,0,0,0,0,0,0,0,0,0,0,0,0,0,0,0,0,0,0,0,0,0,0,0,0,0,0.138875,0.0774659,0.0866093,0.461664,-0.4529,0.0423387,-1.30259,-0.0973775,-0.214172,2.25129,-0.226783,0.170506,0.0271572,-0.0588973,-0.302297,0.225408,0.216876,0.00607856,0.611859,0.0390559,-0.0715279,-0.0280557,0.210812,-0.250639,-0.0147879,0.618509,-0.00719594,0.0724269,-0.0286655,3.15639,1.53673,0.531631,-4.26605,1.39811,-0.230972,-2.48351,-2.17796,-2.34487,-6.31913,-0.128146,0.712074,0.225001,-1.09522,-0.200752,-1.57743,-0.308773,-0.0482517,0.0321393,-0.211397,0.398701,0.24549,-0.665578,-0.326178,0.0780017,-0.562218,0.534691,-0.188011,0.0916365,-23.3524,9.68023,1.14535,-15.2882,25.5091,5.12433,14.9572,3.25381,0.227909,-2.10972,-0.446458,-0.070784,-1.12586,-1.4255,2.96863,-2.71091,1.3097,0.240349,-2.40782,-0.00151302,-0.62407,-0.00567891,-5.33982,-2.35824,-0.599767,-3.40779,-0.0483755,-0.875609,-0.0712963,0,0,0,0,0,0,0,0,0,0,0,0,0,0,0,0,0,0,0,0,0,0,0,0,0,0,0,0,0,2.55789,6.3088,2.55789,6.3088,1.81445,1.81445,2.55789,6.3088,2.55789,6.3088,1.81445,1.81445,2.55789,1.81445,1.81445,0.907223,0.907223,0.907223,0.907223,0.907223,1.06814,1.06814,0.907223,0.907223,0.907223,0.907223,0.907223,1.06814,1.06814,40.1792,99.0984,40.1792,99.0984,28.5012,28.5012,40.1792,99.0984,40.1792,99.0984,28.5012,28.5012,40.1792,28.5012,28.5012,14.2506,14.2506,14.2506,14.2506,14.2506,16.7783,16.7783,14.2506,14.2506,14.2506,14.2506,14.2506,16.7783,16.7783,0,0,0,0,0,0,0,0,0,0,0,0,0,0,0,0,0,0,0,0,0,0,0,0,0,0,0,0,0,0,0,0,0,0,0,0,0,0,0,0,0,0,0,0,0,0,0,0,0,0,0,0,0,0,0,0,0,0,0,0,0,0,0,0,0,0,0,0,0,0,0,0,0,0,0,0,0,0,0,0,0,0,0,0,0,0,0,0,0,0,0,0,0,0,0,0,0,0,0,0,0,0,0,0,0,0,0,0,0,0,0,0,0,0,0,0,0,-0.0265343,0.153222,-0.00314623,-0.676203,-0.694227,-0.24116,0.16903,-0.247493,-0.35696,0.0142114,-0.0188011,0.0508323,-0.286835,-0.501309,-0.338778,-0.521957,-0.0232855,0.0810521,0.370302,-0.606041,-0.776167,-0.0398826,0.677964,-0.569745,0.0442749,-0.151282,-1.88392,2.40759,3.16463,0.557431,0.0844091,0.187375,-0.497497,0.129851,0.371217,0.0083802,0.5236,0.0370199,-0.597796,-0.212515,-0.311962,1.51325,-0.118523,0.0821784,0.027833,-0.156555,-0.105767,-0.0965673,0.274133,0.00623279,0.474201,-0.0102125,-0.0578251,0.00329852,-0.104472,-0.308545,-0.00824575,0.380137,0.0355476,-0.00297129,-0.0112706,0.614,0.152623,0.0262203,-0.987937,0.6,0,0,1.01211,0.500049,1.02552
-1.91192,-2.45485,9.90154,-0.0539049,0.371093,-0.179624,-0.0274704,0.159368,-0.00720713,-1.91192,-2.45485,9.90154,-0.0539049,0.371093,-0.179624,-0.0274704,0.159368,-0.00720713,-0.655738,0.0329499,0.452801,-0.0165463,0.5236,-0.129453,-0.234307,-0.114958,-0.338741,1.3443,0.0121256,-0.0717718,0.0701946,-0.188158,0.00568817,-0.103026,0.216022,-0.0194711,0.497416,-0.048743,-0.0346885,0.0114631,0.0565774,-0.341839,-0.0384616,0.416076,0.0211933,-0.0081932,-0.00754578,0,0,0,0,0,0,0,0,0,0,0,0,0,0,0,0,0,0,0,0,0,0,0,0,0,0,0,0,0,0.19135,0.108715,0.122752,0.376587,-0.409078,0.0269354,-1.33103,-0.138399,-0.260218,2.08367,-0.200663,0.153114,0.0302738,-0.0764407,-0.301923,0.186568,0.211907,0.0028393,0.61431,0.02738,-0.0603405,-0.0203828,0.190911,-0.254334,-0.0137866,0.605351,0.00420777,0.0641026,-0.0248008,1.98533,1.26198,2.44579,-4.08467,2.71516,-0.382905,-0.678007,-2.05621,-2.09303,-9.44774,1.37333,-1.15306,0.225666,-0.54075,0.333228,-2.14904,-0.175243,-0.207127,0.107769,-0.619607,0.59208,0.382553,-1.18039,-0.0484674,0.0801275,-0.792894,0.527159,-0.478374,0.208489,-33.0006,-6.2869,4.06158,-11.123,21.9332,1.25633,31.4813,5.16244,3.27267,0.663108,-0.26853,0.0648376,-0.57841,-1.1644,5.15548,-2.16914,1.06116,0.22609,-2.11563,0.0256481,-0.582907,-0.0128703,-3.196,-0.701832,0.0193963,-2.54769,-0.0317096,-0.630903,0.00646845,0,0,0,0,0,0,0,0,0,0,0,0,0,0,0,0,0,0,0,0,0,0,0,0,0,0,0,0,0,2.55789,6.3088,2.55789,6.3088,1.81445,1.81445,2.55789,6.3088,2.55789,6.3088,1.81445,1.81445,2.55789,1.81445,1.81445,0.907223,0.907223,0.907223,0.907223,0.907223,1.06814,1.06814,0.907223,0.907223,0.907223,0.907223,0.907223,1.06814,1.06814,40.1792,99.0984,40.1792,99.0984,28.5012,28.5012,40.1792,99.0984,40.1792,99.0984,28.5012,28.5012,40.1792,28.5012,28.5012,14.2506,14.2506,14.2506,14.2506,14.2506,16.7783,16.7783,14.2506,14.2506,14.2506,14.2506,14.2506,16.7783,16.7783,0,0,0,0,0,0,0,0,0,0,0,0,0,0,0,0,0,0,0,0,0,0,0,0,0,0,0,0,0,0,0,0,0,0,0,0,0,0,0,0,0,0,0,0,0,0,0,0,0,0,0,0,0,0,0,0,0,0,0,0,0,0,0,0,0,0,0,0,0,0,0,0,0,0,0,0,0,0,0,0,0,0,0,0,0,0,0,0,0,0,0,0,0,0,0,0,0,0,0,0,0,0,0,0,0,0,0,0,0,0,0,0,0,0,0,0,0,-0.0274704,0.159368,-0.00720713,-0.690929,-0.327018,0.0129696,0.036531,-0.323408,-0.42902,-0.044396,-0.0876964,0.128198,-0.233902,-0.419365,-0.627778,0.141893,-0.111139,0.0483229,0.0939649,-0.327832,-0.465611,-0.109975,0.826963,-0.618653,0.153865,-0.101284,-1.95501,1.9258,3.63407,0.855324,-0.295165,-0.163647,-0.655738,0.0329499,0.452801,-0.0165463,0.5236,-0.129453,-0.234307,-0.114958,-0.338741,1.3443,0.0121256,-0.0717718,0.0701946,-0.188158,0.00568817,-0.103026,0.216022,-0.0194711,0.497416,-0.048743,-0.0346885,0.0114631,0.0565774,-0.341839,-0.0384616,0.416076,0.0211933,-0.0081932,-0.00754578,0.561,0.158694,0.0271189,-0.986955,0.6,0,0,1.02019,0.463887,1.03531
0.876079,-2.9816,8.59489,-0.1451,0.245247,-0.0515696,-0.0300736,0.166917,-0.00975517,0.876079,-2.9816,8.59489,-0.1451,0.245247,-0.0515696,-0.0300736,0.166917,-0.00975517,-0.614435,0.110259,0.389445,-0.0398609,0.5236,-0.146365,-0.0911371,-0.0171221,-0.359666,1.36919,0.0390679,-0.157839,0.101974,-0.217696,0.0511078,-0.0385072,0.154449,-0.0618981,0.526951,-0.0618958,-0.0297295,0.00192986,0.166835,-0.443337,-0.0760919,0.431218,0.00476359,-0.00819011,-0.0163516,0,0,0,0,0,0,0,0,0,0,0,0,0,0,0,0,0,0,0,0,0,0,0,0,0,0,0,0,0,0.22236,0.128891,0.189906,0.293875,-0.3373,-0.00270593,-1.3188,-0.171161,-0.301177,1.85459,-0.148902,0.0934248,0.0323893,-0.0794534,-0.287281,0.13379,0.209271,-0.00331942,0.617882,0.00639984,-0.0449153,-0.0111602,0.164758,-0.251196,-0.0139923,0.584235,0.0102205,0.0507814,-0.0193978,0.80581,0.449006,3.00713,-3.37687,3.63572,-1.53387,1.39242,-1.21775,-1.57529,-10.5164,2.1634,-2.72895,0.169925,0.276921,1.05703,-2.47224,-0.0809017,-0.292612,0.130552,-0.91943,0.680486,0.379748,-1.1166,0.267309,-0.00366664,-1.08762,0.18938,-0.621902,0.225261,-37.5985,-12.9055,2.96018,-9.59155,18.2442,-0.882821,40.4617,13.1286,2.55672,14.2978,0.571401,0.245945,1.19599,-3.42655,6.64649,-1.19893,0.175392,0.026882,-1.85208,0.0490574,-0.553013,-0.0283131,-0.538315,-1.50871,-0.336543,-1.46217,-0.0160037,-0.340418,-0.0419019,0,0,0,0,0,0,0,0,0,0,0,0,0,0,0,0,0,0,0,0,0,0,0,0,0,0,0,0,0,2.55789,6.3088,2.55789,6.3088,1.81445,1.81445,2.55789,6.3088,2.55789,6.3088,1.81445,1.81445,2.55789,1.81445,1.81445,0.907223,0.907223,0.907223,0.907223,0.907223,1.06814,1.06814,0.907223,0.907223,0.907223,0.907223,0.907223,1.06814,1.06814,40.1792,99.0984,40.1792,99.0984,28.5012,28.5012,40.1792,99.0984,40.1792,99.0984,28.5012,28.5012,40.1792,28.5012,28.5012,14.2506,14.2506,14.2506,14.2506,14.2506,16.7783,16.7783,14.2506,14.2506,14.2506,14.2506,14.2506,16.7783,16.7783,0,0,0,0,0,0,0,0,0,0,0,0,0,0,0,0,0,0,0,0,0,0,0,0,0,0,0,0,0,0,0,0,0,0,0,0,0,0,0,0,0,0,0,0,0,0,0,0,0,0,0,0,0,0,0,0,0,0,0,0,0,0,0,0,0,0,0,0,0,0,0,0,0,0,0,0,0,0,0,0,0,0,0,0,0,0,0,0,0,0,0,0,0,0,0,0,0,0,0,0,0,0,0,0,0,0,0,0,0,0,0,0,0,0,0,0,0,-0.0300736,0.166917,-0.00975517,-0.54382,-0.0756204,0.116531,-0.103861,-0.554832,-0.496368,-0.141134,-0.173497,0.186239,-0.16656,-0.384839,-0.552346,0.403368,-0.141129,0.0108614,0.314433,-0.048828,-0.399049,-0.109933,0.711254,-0.656869,0.0259039,-0.219482,-2.0215,1.99678,3.9429,0.916755,-0.333727,-0.359888,-0.614435,0.110259,0.389445,-0.0398609,0.5236,-0.146365,-0.0911371,-0.0171221,-0.359666,1.36919,0.0390679,-0.157839,0.101974,-0.217696,0.0511078,-0.0385072,0.154449,-0.0618981,0.526951,-0.0618958,-0.0297295,0.00192986,0.166835,-0.443337,-0.0760919,0.431218,0.00476359,-0.00819011,-0.0163516,0.557,0.165662,0.029348,-0.985746,0.6,0,0,1.02019,0.463887,1.03531
0.861261,-0.779285,10.4794,-0.0945461,-0.0759718,0.0486621,-0.0320855,0.168505,-0.00958329,0.861261,-0.779285,10.4794,-0.0945461,-0.0759718,0.0486621,-0.0320855,0.168505,-0.00958329,-0.378783,0.159005,0.33617,0.0561542,0.5236,-0.210461,-0.116688,0.0632014,-0.425484,1.32729,-0.160916,-0.200434,0.113885,-0.277065,0.0373926,0.0631129,0.0905244,-0.0810507,0.559708,-0.0708334,-0.0260123,-0.0111674,0.22171,-0.434135,-0.0761791,0.441044,-0.0115169,-0.0110461,-0.0224794,0,0,0,0,0,0,0,0,0,0,0,0,0,0,0,0,0,0,0,0,0,0,0,0,0,0,0,0,0,0.235935,0.136638,0.234846,0.236889,-0.272486,-0.0255656,-1.27476,-0.182834,-0.32933,1.68776,-0.127451,0.0380431,0.0367231,-0.0769231,-0.266722,0.0901764,0.20686,-0.0109304,0.619909,-0.0104458,-0.0348282,-0.00647249,0.148294,-0.247914,-0.0131753,0.561806,0.00998402,0.039502,-0.0167867,0.652807,0.563995,2.01911,-2.9268,3.47377,-1.14797,3.02915,-0.242388,-1.58494,-6.14871,-2.23557,-2.09031,0.357719,-0.05923,1.27963,-2.31981,-0.200843,-0.493546,0.0980576,-0.863025,0.472947,0.190125,-0.753466,0.114223,0.0717287,-1.26095,-0.0728393,-0.628066,0.111622,-35.8947,-5.54492,0.937043,-9.07984,16.5161,-1.37835,40.2158,18.5341,2.59208,15.0938,5.48498,-1.06587,1.78585,-4.06639,6.87152,0.224447,-0.594864,-0.293519,-1.40722,0.0514605,-0.429012,-0.0674381,0.947164,-2.8977,-0.959692,-0.731722,-0.0108679,-0.147827,-0.112502,0,0,0,0,0,0,0,0,0,0,0,0,0,0,0,0,0,0,0,0,0,0,0,0,0,0,0,0,0,2.55789,6.3088,2.55789,6.3088,1.81445,1.81445,2.55789,6.3088,2.55789,6.3088,1.81445,1.81445,2.55789,1.81445,1.81445,0.907223,0.907223,0.907223,0.907223,0.907223,1.06814,1.06814,0.907223,0.907223,0.907223,0.907223,0.907223,1.06814,1.06814,40.1792,99.0984,40.1792,99.0984,28.5012,28.5012,40.1792,99.0984,40.1792,99.0984,28.5012,28.5012,40.1792,28.5012,28.5012,14.2506,14.2506,14.2506,14.2506,14.2506,16.7783,16.7783,14.2506,14.2506,14.2506,14.2506,14.2506,16.7783,16.7783,0,0,0,0,0,0,0,0,0,0,0,0,0,0,0,0,0,0,0,0,0,0,0,0,0,0,0,0,0,0,0,0,0,0,0,0,0,0,0,0,0,0,0,0,0,0,0,0,0,0,0,0,0,0,0,0,0,0,0,0,0,0,0,0,0,0,0,0,0,0,0,0,0,0,0,0,0,0,0,0,0,0,0,0,0,0,0,0,0,0,0,0,0,0,0,0,0,0,0,0,0,0,0,0,0,0,0,0,0,0,0,0,0,0,0,0,0,-0.0320855,0.168505,-0.00958329,-0.312116,0.0494999,0.0852588,-0.249615,-0.53385,-0.631737,-0.184804,-0.173696,0.207991,-0.0918688,-0.362436,-0.121967,0.356704,-0.161507,-0.0262596,0.453444,0.180235,-0.349155,-0.148268,0.613957,-0.777074,-0.149896,-0.301733,-1.74769,1.87729,4.52357,0.460771,-0.479872,-0.457009,-0.378783,0.159005,0.33617,0.0561542,0.5236,-0.210461,-0.116688,0.0632014,-0.425484,1.32729,-0.160916,-0.200434,0.113885,-0.277065,0.0373926,0.0631129,0.0905244,-0.0810507,0.559708,-0.0708334,-0.0260123,-0.0111674,0.22171,-0.434135,-0.0761791,0.441044,-0.0115169,-0.0110461,-0.0224794,0.564,0.167709,0.0316256,-0.985329,0.6,0,0,1.02656,0.456087,1.04614
-0.559304,0.0404609,11.6269,0.151666,0.0820956,-0.126998,-0.0311722,0.169426,-0.0102788,-0.559304,0.0404609,11.6269,0.151666,0.0820956,-0.126998,-0.0311722,0.169426,-0.0102788,-0.173722,0.0981425,0.321925,0.221242,0.5236,-0.2618,-0.125503,0.133963,-0.415761,1.1347,-0.402671,-0.2618,0.0854549,-0.288398,0.0954005,0.138404,0.0092055,-0.0850803,0.558996,-0.0849915,-0.01719,-0.0183907,0.273179,-0.358072,-0.0726768,0.471586,-0.0376331,-0.0178466,-0.0149782,0,0,0,0,0,0,0,0,0,0,0,0,0,0,0,0,0,0,0,0,0,0,0,0,0,0,0,0,0,0.248421,0.167036,0.262951,0.192885,-0.211712,-0.055305,-1.19377,-0.161176,-0.364285,1.62931,-0.231935,-0.00723773,0.0412597,-0.0979509,-0.2486,0.0459746,0.196275,-0.0187719,0.62078,-0.0270022,-0.0283505,-0.00554438,0.130528,-0.249732,-0.0145229,0.541054,0.00253361,0.0294699,-0.0191005,0.326427,2.0338,0.825332,-1.6753,2.82637,-1.38944,4.68423,1.925,-1.7146,-1.83951,-4.2641,-2.13188,0.239374,-1.62633,0.893261,-2.00324,-0.75124,-0.375757,-0.0438772,-0.743624,0.244351,0.00270802,-0.939736,-0.252033,-0.190367,-0.776826,-0.319428,-0.434353,-0.112279,-26.2877,-12.9613,0.613775,-2.76796,15.9821,-1.88948,31.9317,11.1813,1.65762,-18.1497,10.5308,-1.62301,2.37945,-2.33261,6.68845,2.0638,-0.869894,-0.565525,-0.85811,0.0504917,-0.227055,-0.100519,2.14262,-2.42115,-0.693919,-0.739559,0.152198,-0.265612,0.142835,0,0,0,0,0,0,0,0,0,0,0,0,0,0,0,0,0,0,0,0,0,0,0,0,0,0,0,0,0,2.55789,6.3088,2.55789,6.3088,1.81445,1.81445,2.55789,6.3088,2.55789,6.3088,1.81445,1.81445,2.55789,1.81445,1.81445,0.907223,0.907223,0.907223,0.907223,0.907223,1.06814,1.06814,0.907223,0.907223,0.907223,0.907223,0.907223,1.06814,1.06814,40.1792,99.0984,40.1792,99.0984,28.5012,28.5012,40.1792,99.0984,40.1792,99.0984,28.5012,28.5012,40.1792,28.5012,28.5012,14.2506,14.2506,14.2506,14.2506,14.2506,16.7783,16.7783,14.2506,14.2506,14.2506,14.2506,14.2506,16.7783,16.7783,0,0,0,0,0,0,0,0,0,0,0,0,0,0,0,0,0,0,0,0,0,0,0,0,0,0,0,0,0,0,0,0,0,0,0,0,0,0,0,0,0,0,0,0,0,0,0,0,0,0,0,0,0,0,0,0,0,0,0,0,0,0,0,0,0,0,0,0,0,0,0,0,0,0,0,0,0,0,0,0,0,0,0,0,0,0,0,0,0,0,0,0,0,0,0,0,0,0,0,0,0,0,0,0,0,0,0,0,0,0,0,0,0,0,0,0,0,-0.0311722,0.169426,-0.0102788,-0.140444,0.166856,0.217523,-0.43503,-0.360419,-0.657576,-0.193992,-0.16571,0.156069,-0.0934938,-0.292796,0.25254,0.340605,-0.193789,-0.0858072,0.279878,0.382028,-0.230735,-0.239549,0.587942,-0.759316,-0.246852,-0.201048,-1.2769,1.32807,5.40593,-0.090455,-0.792638,-0.61621,-0.173722,0.0981425,0.321925,0.221242,0.5236,-0.2618,-0.125503,0.133963,-0.415761,1.1347,-0.402671,-0.2618,0.0854549,-0.288398,0.0954005,0.138404,0.0092055,-0.0850803,0.558996,-0.0849915,-0.01719,-0.0183907,0.273179,-0.358072,-0.0726768,0.471586,-0.0376331,-0.0178466,-0.0149782,0.606,0.168617,0.0307209,-0.985203,0.6,0,0,1.02656,0.456087,1.04614
4.20225,-3.94543,6.51679,0.054416,-0.132814,-0.120318,-0.0292997,0.170104,-0.0133422,4.20225,-3.94543,6.51679,0.054416,-0.132814,-0.120318,-0.0292997,0.170104,-0.0133422,0.0255667,0.045452,0.270246,0.387773,0.5236,-0.2618,-0.051251,0.156808,-0.279018,0.818146,-0.583806,-0.2618,0.0350711,-0.341733,0.15774,0.341819,-0.0333627,-0.071403,0.585725,-0.0895953,0.00354622,-0.0223319,0.282905,-0.41045,-0.114158,0.522533,-0.0670494,-0.0229634,0.0019421,0,0,0,0,0,0,0,0,0,0,0,0,0,0,0,0,0,0,0,0,0,0,0,0,0,0,0,0,0,0.242761,0.206246,0.269924,0.179122,-0.155013,-0.085667,-1.08357,-0.105571,-0.392679,1.55222,-0.298859,-0.0681458,0.0438172,-0.127033,-0.227955,0.0126136,0.177866,-0.0244398,0.613646,-0.0425328,-0.0229445,-0.00731814,0.114758,-0.252144,-0.0203206,0.526703,-0.00751803,0.0178397,-0.0176973,-0.759128,1.49047,0.00855101,-0.0780456,2.98046,-1.55869,5.99741,2.92894,-0.869796,-5.87769,-1.83752,-3.24408,0.200779,-0.91529,1.31025,-1.33675,-0.986915,-0.302015,-0.565004,-0.713501,0.228627,-0.113116,-0.514585,0.00972749,-0.30596,-0.726121,-0.507128,-0.578901,0.0914726,-15.0784,-20.7881,1.93297,5.18121,14.1878,-2.29655,23.8116,5.40841,1.59252,-7.2431,0.467466,0.337347,1.28949,-2.69057,7.07175,3.03924,-1.54003,-0.617353,-0.31024,0.0428949,-0.157438,-0.0705645,2.78918,-1.49431,-0.470348,-0.156974,0.0311359,0.0126361,-0.0535534,0,0,0,0,0,0,0,0,0,0,0,0,0,0,0,0,0,0,0,0,0,0,0,0,0,0,0,0,0,2.55789,6.3088,2.55789,6.3088,1.81445,1.81445,2.55789,6.3088,2.55789,6.3088,1.81445,1.81445,2.55789,1.81445,1.81445,0.907223,0.907223,0.907223,0.907223,0.907223,1.06814,1.06814,0.907223,0.907223,0.907223,0.907223,0.907223,1.06814,1.06814,40.1792,99.0984,40.1792,99.0984,28.5012,28.5012,40.1792,99.0984,40.1792,99.0984,28.5012,28.5012,40.1792,28.5012,28.5012,14.2506,14.2506,14.2506,14.2506,14.2506,16.7783,16.7783,14.2506,14.2506,14.2506,14.2506,14.2506,16.7783,16.7783,0,0,0,0,0,0,0,0,0,0,0,0,0,0,0,0,0,0,0,0,0,0,0,0,0,0,0,0,0,0,0,0,0,0,0,0,0,0,0,0,0,0,0,0,0,0,0,0,0,0,0,0,0,0,0,0,0,0,0,0,0,0,0,0,0,0,0,0,0,0,0,0,0,0,0,0,0,0,0,0,0,0,0,0,0,0,0,0,0,0,0,0,0,0,0,0,0,0,0,0,0,0,0,0,0,0,0,0,0,0,0,0,0,0,0,0,0,-0.0292997,0.170104,-0.0133422,0.323362,0.189031,0.359663,-0.53209,-0.479848,-0.779184,-0.162806,-0.260292,0.0640514,-0.0325485,-0.176634,0.616508,0.476213,-0.204286,-0.152879,0.129618,0.447176,0.0475997,-0.308229,0.493559,-0.509578,-0.299754,0.0260682,-0.801991,0.425328,5.62721,-0.503458,-0.841153,-0.633758,0.0255667,0.045452,0.270246,0.387773,0.5236,-0.2618,-0.051251,0.156808,-0.279018,0.818146,-0.583806,-0.2618,0.0350711,-0.341733,0.15774,0.341819,-0.0333627,-0.071403,0.585725,-0.0895953,0.00354622,-0.0223319,0.282905,-0.41045,-0.114158,0.522533,-0.0670494,-0.0229634,0.0019421,0.571,0.169285,0.0288727,-0.985144,0.6,0,0,1.03906,0.47814,1.06073
7.72251,-3.11713,2.99989,-0.017158,-0.729153,0.22662,-0.0288877,0.162595,-0.0120741,7.72251,-3.11713,2.99989,-0.017158,-0.729153,0.22662,-0.0288877,0.162595,-0.0120741,0.188188,-0.079779,0.162412,0.726179,0.5236,-0.2618,0.0715382,0.088609,-0.0357215,0.505415,-0.48704,-0.211983,-0.0704838,-0.136506,0.234452,0.649699,0.279182,0.0419002,0.640951,-0.0709912,0.0253489,-0.00581158,0.342833,-0.313827,-0.114291,0.598266,-0.0647704,-0.0374401,0.0279512,0,0,0,0,0,0,0,0,0,0,0,0,0,0,0,0,0,0,0,0,0,0,0,0,0,0,0,0,0,0.222547,0.221911,0.260263,0.197188,-0.0936841,-0.115859,-0.944417,-0.0462809,-0.38958,1.38341,-0.364828,-0.122285,0.0480449,-0.1309,-0.201495,-0.00565907,0.154184,-0.0287063,0.597385,-0.0553943,-0.0170325,-0.0108157,0.110955,-0.250985,-0.029353,0.516813,-0.0226131,0.0046924,-0.0119712,-1.16301,0.0725994,-0.660599,1.46871,3.20029,-1.6138,7.4767,2.6625,1.01609,-9.69765,-3.70445,-2.33682,0.223325,0.502315,1.56785,-0.48528,-1.31622,-0.242358,-0.903681,-0.568779,0.265795,-0.181039,0.208616,0.0481678,-0.482112,-0.356097,-0.742824,-0.601272,0.305453,-5.08802,-19.0187,2.03919,10.3621,12.0161,-1.36968,17.5194,3.04982,2.36095,2.6854,0.335982,0.265008,-1.06086,-6.59872,7.66342,5.47575,-1.53739,-0.41605,0.627476,0.0289673,0.0532816,-0.00403682,2.36924,-2.32356,-0.77812,0.408976,0.0406013,0.184131,-0.0934609,0,0,0,0,0,0,0,0,0,0,0,0,0,0,0,0,0,0,0,0,0,0,0,0,0,0,0,0,0,2.55789,6.3088,2.55789,6.3088,1.81445,1.81445,2.55789,6.3088,2.55789,6.3088,1.81445,1.81445,2.55789,1.81445,1.81445,0.907223,0.907223,0.907223,0.907223,0.907223,1.06814,1.06814,0.907223,0.907223,0.907223,0.907223,0.907223,1.06814,1.06814,40.1792,99.0984,40.1792,99.0984,28.5012,28.5012,40.1792,99.0984,40.1792,99.0984,28.5012,28.5012,40.1792,28.5012,28.5012,14.2506,14.2506,14.2506,14.2506,14.2506,16.7783,16.7783,14.2506,14.2506,14.2506,14.2506,14.2506,16.7783,16.7783,0,0,0,0,0,0,0,0,0,0,0,0,0,0,0,0,0,0,0,0,0,0,0,0,0,0,0,0,0,0,0,0,0,0,0,0,0,0,0,0,0,0,0,0,0,0,0,0,0,0,0,0,0,0,0,0,0,0,0,0,0,0,0,0,0,0,0,0,0,0,0,0,0,0,0,0,0,0,0,0,0,0,0,0,0,0,0,0,0,0,0,0,0,0,0,0,0,0,0,0,0,0,0,0,0,0,0,0,0,0,0,0,0,0,0,0,0,-0.0288877,0.162595,-0.0120741,1.02536,0.325673,0.534575,0.180543,-0.259537,-0.311248,0.0955367,-0.260595,-0.128727,0.0933715,-0.00395486,0.913508,0.700467,-0.161867,-0.147683,-0.22751,0.252691,0.34025,-0.502546,0.296617,-0.0652392,-0.0780069,0.375179,0.163061,-0.466504,4.60638,-0.282822,-0.849906,-0.483343,0.188188,-0.079779,0.162412,0.726179,0.5236,-0.2618,0.0715382,0.088609,-0.0357215,0.505415,-0.48704,-0.211983,-0.0704838,-0.136506,0.234452,0.649699,0.279182,0.0419002,0.640951,-0.0709912,0.0253489,-0.00581158,0.342833,-0.313827,-0.114291,0.598266,-0.0647704,-0.0374401,0.0279512,0.565,0.163305,0.0285426,-0.986163,0.6,0,0,1.03906,0.47814,1.06073
-15.7691,9.82496,11.8008,-0.010299,-0.585143,0.255757,-0.0303058,0.145935,-0.00458516,-15.7691,9.82496,11.8008,-0.010299,-0.585143,0.255757,-0.0303058,0.145935,-0.00458516,-0.0628917,-0.128662,0.216431,1.23073,0.101483,-0.2618,0.248118,-0.0525436,0.452892,0.527625,-0.27543,-0.245593,-0.169646,0.127507,0.228611,0.632,0.544598,0.0848245,0.686263,0.0169421,0.0439599,0.010425,0.470642,-0.120973,0.0295497,0.563001,-0.0206122,-0.0402459,0.0378108,0,0,0,0,0,0,0,0,0,0,0,0,0,0,0,0,0,0,0,0,0,0,0,0,0,0,0,0,0,0.19732,0.199242,0.225256,0.278592,-0.0175458,-0.146274,-0.816216,-0.00662993,-0.348832,1.22169,-0.405993,-0.152269,0.0413838,-0.101759,-0.179065,-0.00542739,0.132458,-0.0328914,0.573787,-0.0608716,-0.0120483,-0.0128224,0.115415,-0.246748,-0.0427481,0.520992,-0.0346795,-0.0105319,-0.00142667,-0.39732,-1.23994,-1.86378,5.28845,5.27769,-1.60046,3.64825,1.69935,1.79685,-2.76966,-1.44743,-1.32232,-1.41676,1.17085,-0.000147694,0.23212,-1.07599,-0.00616919,-1.13381,-0.180016,0.0954102,-0.0362249,-0.190804,0.118515,-0.707098,0.605154,-0.510394,-0.675299,0.53656,1.18776,-19.4494,1.52961,13.0511,9.54916,-0.930367,25.449,-0.308317,7.59964,-47.7664,0.444699,0.698398,-1.51558,-3.61824,11.2348,9.16697,2.98599,1.12329,2.01919,0.0187336,0.49086,0.171735,3.28558,-1.13511,-0.385191,0.628955,0.0355361,0.299909,-0.0772181,0,0,0,0,0,0,0,0,0,0,0,0,0,0,0,0,0,0,0,0,0,0,0,0,0,0,0,0,0,2.55789,6.3088,2.55789,6.3088,1.81445,1.81445,2.55789,6.3088,2.55789,6.3088,1.81445,1.81445,2.55789,1.81445,1.81445,0.907223,0.907223,0.907223,0.907223,0.907223,1.06814,1.06814,0.907223,0.907223,0.907223,0.907223,0.907223,1.06814,1.06814,40.1792,99.0984,40.1792,99.0984,28.5012,28.5012,40.1792,99.0984,40.1792,99.0984,28.5012,28.5012,40.1792,28.5012,28.5012,14.2506,14.2506,14.2506,14.2506,14.2506,16.7783,16.7783,14.2506,14.2506,14.2506,14.2506,14.2506,16.7783,16.7783,0,0,0,0,0,0,0,0,0,0,0,0,0,0,0,0,0,0,0,0,0,0,0,0,0,0,0,0,0,0,0,0,0,0,0,0,0,0,0,0,0,0,0,0,0,0,0,0,0,0,0,0,0,0,0,0,0,0,0,0,0,0,0,0,0,0,0,0,0,0,0,0,0,0,0,0,0,0,0,0,0,0,0,0,0,0,0,0,0,0,0,0,0,0,0,0,0,0,0,0,0,0,0,0,0,0,0,0,0,0,0,0,0,0,0,0,0,-0.0303058,0.145935,-0.00458516,0.985003,0.61709,0.521257,0.785718,0.180189,0.290729,0.193408,0.0673763,-0.309829,0.196688,-0.0843623,0.454954,1.02296,0.0386296,-0.0469979,-0.366911,-0.149841,0.590059,-0.540207,0.395274,0.82713,0.139931,0.507522,1.60191,-0.403166,1.05907,0.199667,-0.698562,-0.559976,-0.0628917,-0.128662,0.216431,1.23073,0.101483,-0.2618,0.248118,-0.0525436,0.452892,0.527625,-0.27543,-0.245593,-0.169646,0.127507,0.228611,0.632,0.544598,0.0848245,0.686263,0.0169421,0.0439599,0.010425,0.470642,-0.120973,0.0295497,0.563001,-0.0206122,-0.0402459,0.0378108,0.566,0.145418,0.0299791,-0.988916,0.6,0,0,1.02722,0.519205,1.07098
-6.52017,2.72493,14.6777,0.103113,-0.0444251,0.021174,-0.028514,0.142151,-0.0010965,-6.52017,2.72493,14.6777,0.103113,-0.0444251,0.021174,-0.028514,0.142151,-0.0010965,-0.489616,0.00905999,0.225348,1.64877,-0.0950976,-0.2618,0.198399,-0.11792,0.699265,0.540532,-0.437014,-0.2618,-0.228643,0.132435,0.0629862,0.430277,0.494844,0.0980113,0.65979,0.0555071,0.0209868,0.0253087,0.45878,-0.0390661,0.145659,0.541791,0.00637275,-0.0474966,0.0452512,0,0,0,0,0,0,0,0,0,0,0,0,0,0,0,0,0,0,0,0,0,0,0,0,0,0,0,0,0,0.174693,0.172655,0.18114,0.478793,0.0268327,-0.177246,-0.770086,0.0287961,-0.316009,1.21877,-0.422547,-0.172074,2.58042e-05,-0.0860921,-0.198531,-0.00113483,0.120036,-0.0387079,0.561365,-0.0443977,-0.00804378,-0.010497,0.107023,-0.24558,-0.0468693,0.531928,-0.0330387,-0.0195997,0.00663321,-1.0281,-1.53845,-1.81262,11.6377,1.37432,-1.36459,2.17733,2.00582,1.72363,0.593174,-0.416568,-0.740976,-2.43104,0.606853,-1.6224,0.374126,-0.239151,-0.399568,-0.177326,1.00414,0.265983,0.126145,-0.521999,0.110973,0.191106,0.571295,0.210207,-0.336537,0.37952,-6.70777,-20.7899,6.20118,3.20074,-0.20328,0.0657053,35.6977,-19.8999,26.6588,-72.1315,5.04611,-0.701579,-0.882725,4.93299,14.8767,8.7708,6.32211,2.11704,2.0229,-0.0315764,0.607789,0.213491,5.63149,1.69933,0.987179,-0.0333442,-0.0142162,0.0252525,0.132943,0,0,0,0,0,0,0,0,0,0,0,0,0,0,0,0,0,0,0,0,0,0,0,0,0,0,0,0,0,2.55789,6.3088,2.55789,6.3088,1.81445,1.81445,2.55789,6.3088,2.55789,6.3088,1.81445,1.81445,2.55789,1.81445,1.81445,0.907223,0.907223,0.907223,0.907223,0.907223,1.06814,1.06814,0.907223,0.907223,0.907223,0.907223,0.907223,1.06814,1.06814,40.1792,99.0984,40.1792,99.0984,28.5012,28.5012,40.1792,99.0984,40.1792,99.0984,28.5012,28.5012,40.1792,28.5012,28.5012,14.2506,14.2506,14.2506,14.2506,14.2506,16.7783,16.7783,14.2506,14.2506,14.2506,14.2506,14.2506,16.7783,16.7783,0,0,0,0,0,0,0,0,0,0,0,0,0,0,0,0,0,0,0,0,0,0,0,0,0,0,0,0,0,0,0,0,0,0,0,0,0,0,0,0,0,0,0,0,0,0,0,0,0,0,0,0,0,0,0,0,0,0,0,0,0,0,0,0,0,0,0,0,0,0,0,0,0,0,0,0,0,0,0,0,0,0,0,0,0,0,0,0,0,0,0,0,0,0,0,0,0,0,0,0,0,0,0,0,0,0,0,0,0,0,0,0,0,0,0,0,0,-0.028514,0.142151,-0.0010965,0.525055,0.590043,0.143615,0.672273,0.366945,0.301964,0.223475,0.332117,-0.417577,0.136327,-0.132722,-0.324385,0.932157,0.126562,0.0145305,0.0258369,-0.33628,0.281698,-0.637531,0.41156,1.27709,0.33971,0.607391,2.79407,-0.366358,0.610844,-0.168759,-0.632554,-0.661649,-0.489616,0.00905999,0.225348,1.64877,-0.0950976,-0.2618,0.198399,-0.11792,0.699265,0.540532,-0.437014,-0.2618,-0.228643,0.132435,0.0629862,0.430277,0.494844,0.0980113,0.65979,0.0555071,0.0209868,0.0253087,0.45878,-0.0390661,0.145659,0.541791,0.00637275,-0.0474966,0.0452512,0.642,0.141673,0.0282226,-0.989511,0.6,0,0,0.957499,0.531255,1.06155
-3.75642,-0.979616,13.5657,-0.0333557,-0.105217,0.179081,-0.0272817,0.139972,0.00101981,-3.75642,-0.979616,13.5657,-0.0333557,-0.105217,0.179081,-0.0272817,0.139972,0.00101981,-0.578889,0.0433078,0.231068,1.79269,-0.0309056,-0.2618,0.0182901,-0.161971,0.668276,0.514685,-0.50632,-0.224732,-0.211202,0.0512667,-0.0524984,0.355463,0.33147,0.0671771,0.628744,0.0506918,0.00576045,0.0304733,0.383828,-0.0867113,0.140695,0.503759,0.011833,-0.0515583,0.0408562,0,0,0,0,0,0,0,0,0,0,0,0,0,0,0,0,0,0,0,0,0,0,0,0,0,0,0,0,0,0.11829,0.15221,0.156437,0.768177,0.0070705,-0.199607,-0.733371,0.0629974,-0.289438,1.22334,-0.427775,-0.181079,-0.0411265,-0.078481,-0.219838,0.00962082,0.120248,-0.0435276,0.569394,-0.0183919,-0.00435931,-0.00594724,0.105982,-0.241108,-0.0295361,0.539102,-0.0230752,-0.0261544,0.0128295,-3.31072,-0.902185,-0.639458,14.85,-1.17791,-0.962555,1.92493,1.56732,1.29098,-0.144045,-0.193278,-0.298108,-1.96451,0.411964,-0.960743,0.644415,0.21842,-0.0605324,0.69918,1.24839,0.192307,0.254875,0.277463,0.414603,1.25091,0.230112,0.510296,-0.329524,0.319496,-16.0977,-8.89109,4.66237,-4.97449,-0.662471,-0.0282257,32.8505,-27.6096,36.6114,-67.3323,0.0930419,-1.73791,-2.67712,5.35546,9.72018,5.46449,5.19235,2.10874,0.712769,-0.0799173,0.234708,0.259261,4.83336,2.57025,1.44526,-0.166251,-0.0456157,-0.0124922,0.220173,0,0,0,0,0,0,0,0,0,0,0,0,0,0,0,0,0,0,0,0,0,0,0,0,0,0,0,0,0,2.55789,6.3088,2.55789,6.3088,1.81445,1.81445,2.55789,6.3088,2.55789,6.3088,1.81445,1.81445,2.55789,1.81445,1.81445,0.907223,0.907223,0.907223,0.907223,0.907223,1.06814,1.06814,0.907223,0.907223,0.907223,0.907223,0.907223,1.06814,1.06814,40.1792,99.0984,40.1792,99.0984,28.5012,28.5012,40.1792,99.0984,40.1792,99.0984,28.5012,28.5012,40.1792,28.5012,28.5012,14.2506,14.2506,14.2506,14.2506,14.2506,16.7783,16.7783,14.2506,14.2506,14.2506,14.2506,14.2506,16.7783,16.7783,0,0,0,0,0,0,0,0,0,0,0,0,0,0,0,0,0,0,0,0,0,0,0,0,0,0,0,0,0,0,0,0,0,0,0,0,0,0,0,0,0,0,0,0,0,0,0,0,0,0,0,0,0,0,0,0,0,0,0,0,0,0,0,0,0,0,0,0,0,0,0,0,0,0,0,0,0,0,0,0,0,0,0,0,0,0,0,0,0,0,0,0,0,0,0,0,0,0,0,0,0,0,0,0,0,0,0,0,0,0,0,0,0,0,0,0,0,-0.0272817,0.139972,0.00101981,0.354472,0.419146,-0.119702,0.299765,0.25831,0.116893,0.153171,0.320799,-0.385725,0.0655396,-0.219438,-0.487427,0.603218,0.115582,0.0269804,0.123503,-0.461902,0.0773206,-0.692049,0.422007,1.22049,0.409033,0.548399,3.2045,-0.440067,0.757208,-0.326784,-0.797096,-0.512411,-0.578889,0.0433078,0.231068,1.79269,-0.0309056,-0.2618,0.0182901,-0.161971,0.668276,0.514685,-0.50632,-0.224732,-0.211202,0.0512667,-0.0524984,0.355463,0.33147,0.0671771,0.628744,0.0506918,0.00576045,0.0304733,0.383828,-0.0867113,0.140695,0.503759,0.011833,-0.0515583,0.0408562,0.663,0.139515,0.0270115,-0.989851,0.6,0,0,0.957499,0.531255,1.06155
-3.10457,-0.700675,13.4151,-0.114719,-0.00179555,0.28988,-0.0281186,0.138786,0.00587923,-3.10457,-0.700675,13.4151,-0.114719,-0.00179555,0.28988,-0.0281186,0.138786,0.00587923,-0.742562,0.0332539,0.283218,2.02049,0.00993438,-0.2618,-0.0492826,-0.201107,0.642822,0.470423,-0.443987,-0.18357,-0.202092,-1.55454e-05,-0.135053,0.35193,0.319977,0.0611829,0.592405,0.0496469,-0.0174466,0.0302253,0.2605,-0.180389,0.118534,0.461404,0.0145862,-0.0570394,0.0309651,0,0,0,0,0,0,0,0,0,0,0,0,0,0,0,0,0,0,0,0,0,0,0,0,0,0,0,0,0,0.0408324,0.135876,0.149025,1.05315,0.0013184,-0.215664,-0.694083,0.0868041,-0.267467,1.21023,-0.430627,-0.183046,-0.0729989,-0.0701775,-0.234399,0.0271388,0.124819,-0.0377044,0.585227,0.00161672,-0.00188542,0.000692313,0.118192,-0.228105,-0.00071929,0.539879,-0.0134199,-0.0315452,0.018471,-3.94384,-0.862584,-0.0608691,13.1651,0.0986381,-0.697346,2.10614,0.952373,1.0889,-1.02312,-0.100573,0.00184179,-1.42649,0.498396,-0.7107,1.03725,0.256842,0.500808,0.810147,0.837942,0.104022,0.354679,0.818478,0.867129,1.49586,-0.040437,0.426123,-0.250985,0.267707,-15.0122,-4.10301,3.65197,-9.26733,-1.05001,-0.0536551,23.527,-30.7262,34.9602,-63.1265,-1.96421,-1.17172,-1.98232,2.64924,6.40436,3.79953,2.73537,1.08056,-0.089653,-0.0643274,0.0215995,0.13049,3.09861,1.30256,0.701641,-0.476167,-0.0283829,-0.0718872,0.0968424,0,0,0,0,0,0,0,0,0,0,0,0,0,0,0,0,0,0,0,0,0,0,0,0,0,0,0,0,0,2.55789,6.3088,2.55789,6.3088,1.81445,1.81445,2.55789,6.3088,2.55789,6.3088,1.81445,1.81445,2.55789,1.81445,1.81445,0.907223,0.907223,0.907223,0.907223,0.907223,1.06814,1.06814,0.907223,0.907223,0.907223,0.907223,0.907223,1.06814,1.06814,40.1792,99.0984,40.1792,99.0984,28.5012,28.5012,40.1792,99.0984,40.1792,99.0984,28.5012,28.5012,40.1792,28.5012,28.5012,14.2506,14.2506,14.2506,14.2506,14.2506,16.7783,16.7783,14.2506,14.2506,14.2506,14.2506,14.2506,16.7783,16.7783,0,0,0,0,0,0,0,0,0,0,0,0,0,0,0,0,0,0,0,0,0,0,0,0,0,0,0,0,0,0,0,0,0,0,0,0,0,0,0,0,0,0,0,0,0,0,0,0,0,0,0,0,0,0,0,0,0,0,0,0,0,0,0,0,0,0,0,0,0,0,0,0,0,0,0,0,0,0,0,0,0,0,0,0,0,0,0,0,0,0,0,0,0,0,0,0,0,0,0,0,0,0,0,0,0,0,0,0,0,0,0,0,0,0,0,0,0,-0.0281186,0.138786,0.00587923,0.346416,0.137946,-0.307935,0.273559,0.0447155,-3.54451e-05,0.139503,0.27027,-0.369086,-0.0173165,-0.316013,-0.786349,0.479808,0.1132,0.033258,0.094832,-0.573509,-0.23418,-0.76562,0.517249,1.174,0.405704,0.415634,3.85412,-0.566294,0.850328,-0.184658,-0.848735,-0.418557,-0.742562,0.0332539,0.283218,2.02049,0.00993438,-0.2618,-0.0492826,-0.201107,0.642822,0.470423,-0.443987,-0.18357,-0.202092,-1.55454e-05,-0.135053,0.35193,0.319977,0.0611829,0.592405,0.0496469,-0.0174466,0.0302253,0.2605,-0.180389,0.118534,0.461404,0.0145862,-0.0570394,0.0309651,0.662,0.138341,0.0278445,-0.989993,0.6,0,0,0.916447,0.493428,1.06101
-5.64909,0.405063,12.2638,-0.103681,0.356469,0.34524,-0.0294093,0.142211,0.0120298,-5.64909,0.405063,12.2638,-0.103681,0.356469,0.34524,-0.0294093,0.142211,0.0120298,-0.850044,0.0862523,0.26556,2.31421,-0.0903601,-0.2618,-0.0898355,-0.228588,0.56875,0.489096,-0.362152,-0.114373,-0.17551,0.0606496,-0.0703406,0.355855,0.32464,0.0963741,0.616286,0.0631629,-0.0257554,0.0374291,0.197855,-0.238538,0.109441,0.454969,0.00610927,-0.0571338,0.0358474,0,0,0,0,0,0,0,0,0,0,0,0,0,0,0,0,0,0,0,0,0,0,0,0,0,0,0,0,0,-0.0554358,0.119715,0.149229,1.31298,0.00823047,-0.226937,-0.653458,0.0983135,-0.249384,1.1785,-0.439849,-0.178914,-0.0916692,-0.0606826,-0.244826,0.0531084,0.131402,-0.0264375,0.596653,0.0153002,-0.0034172,0.00731797,0.136084,-0.20906,0.0302444,0.536891,-0.00571926,-0.0354179,0.021913,-5.04855,-0.861714,0.352189,12.2848,0.523488,-0.493845,2.04508,0.360195,0.908609,-1.86885,-0.337493,0.259308,-0.794591,0.534136,-0.631345,1.41767,0.404599,0.574268,0.396931,0.580228,-0.156347,0.301194,0.884789,1.02021,1.5058,-0.197926,0.335864,-0.177323,0.14293,-15.0034,-3.44889,4.80245,-6.67139,-0.84881,-0.106567,19.2024,-32.1324,33.6019,-58.7456,0.902291,-0.630554,-2.50205,0.82877,4.12055,3.02337,2.34763,0.743971,-0.428909,-0.0385987,-0.079282,0.064918,0.983911,-0.472131,-0.0824924,-0.898873,-0.0165051,-0.176756,0.00261147,0,0,0,0,0,0,0,0,0,0,0,0,0,0,0,0,0,0,0,0,0,0,0,0,0,0,0,0,0,2.55789,6.3088,2.55789,6.3088,1.81445,1.81445,2.55789,6.3088,2.55789,6.3088,1.81445,1.81445,2.55789,1.81445,1.81445,0.907223,0.907223,0.907223,0.907223,0.907223,1.06814,1.06814,0.907223,0.907223,0.907223,0.907223,0.907223,1.06814,1.06814,40.1792,99.0984,40.1792,99.0984,28.5012,28.5012,40.1792,99.0984,40.1792,99.0984,28.5012,28.5012,40.1792,28.5012,28.5012,14.2506,14.2506,14.2506,14.2506,14.2506,16.7783,16.7783,14.2506,14.2506,14.2506,14.2506,14.2506,16.7783,16.7783,0,0,0,0,0,0,0,0,0,0,0,0,0,0,0,0,0,0,0,0,0,0,0,0,0,0,0,0,0,0,0,0,0,0,0,0,0,0,0,0,0,0,0,0,0,0,0,0,0,0,0,0,0,0,0,0,0,0,0,0,0,0,0,0,0,0,0,0,0,0,0,0,0,0,0,0,0,0,0,0,0,0,0,0,0,0,0,0,0,0,0,0,0,0,0,0,0,0,0,0,0,0,0,0,0,0,0,0,0,0,0,0,0,0,0,0,0,-0.0294093,0.142211,0.0120298,0.355366,-0.00489086,-0.160384,0.284191,-0.0878713,0.138287,0.219743,0.249535,-0.32054,0.0371337,-0.330685,-0.982646,0.405745,0.144018,0.0139297,0.24597,-0.651877,-0.345706,-0.766888,0.485,1.03872,0.502398,0.481168,4.69174,-0.513043,0.621646,0.00193365,-0.613795,-0.260781,-0.850044,0.0862523,0.26556,2.31421,-0.0903601,-0.2618,-0.0898355,-0.228588,0.56875,0.489096,-0.362152,-0.114373,-0.17551,0.0606496,-0.0703406,0.355855,0.32464,0.0963741,0.616286,0.0631629,-0.0257554,0.0374291,0.197855,-0.238538,0.109441,0.454969,0.00610927,-0.0571338,0.0358474,0.706,0.141732,0.0291082,-0.989477,0.6,0,0,0.916447,0.493428,1.06101
-4.66826,-0.0861948,10.419,-0.123531,0.443073,0.364668,-0.0303828,0.149687,0.0187302,-4.66826,-0.0861948,10.419,-0.123531,0.443073,0.364668,-0.0303828,0.149687,0.0187302,-0.955487,0.137114,0.156059,2.55954,-0.196761,-0.177217,-0.126032,-0.265912,0.53836,0.448243,-0.384056,-0.0683395,-0.131765,0.0842878,-0.0452339,0.365032,0.370654,0.144992,0.641136,0.0675349,-0.0330058,0.0406436,0.190562,-0.320469,0.0677829,0.502467,-0.0021213,-0.0532269,0.0398646,0,0,0,0,0,0,0,0,0,0,0,0,0,0,0,0,0,0,0,0,0,0,0,0,0,0,0,0,0,-0.17711,0.109152,0.157569,1.56756,-0.00948498,-0.235165,-0.621543,0.0994104,-0.241968,1.13733,-0.432328,-0.171598,-0.0979,-0.0537522,-0.248376,0.0849812,0.139155,-0.0107839,0.605942,0.0281618,-0.00869739,0.0135164,0.152973,-0.189979,0.060747,0.535328,-0.00201323,-0.0377485,0.0261344,-6.28939,-0.423698,0.753047,12.3684,-1.05464,-0.376934,1.55966,-0.0711615,0.261429,-2.17897,0.660711,0.41302,-0.198877,0.354239,-0.204489,1.62943,0.432935,0.88445,0.500757,0.593131,-0.258163,0.309468,0.75165,0.935182,1.4667,0.0127414,0.126221,-0.0792044,0.225805,-11.3047,0.255626,2.77095,-3.00423,-0.347772,-0.0873978,17.6015,-32.1444,32.0061,-51.0381,0.887226,0.90485,-2.68133,2.69523,5.32077,2.42399,2.28184,0.755699,-0.286252,-0.0406187,-0.0067261,0.0773205,-0.0446416,-1.50987,-0.616528,-1.1383,-0.000498701,-0.235847,-0.0737081,0,0,0,0,0,0,0,0,0,0,0,0,0,0,0,0,0,0,0,0,0,0,0,0,0,0,0,0,0,2.55789,6.3088,2.55789,6.3088,1.81445,1.81445,2.55789,6.3088,2.55789,6.3088,1.81445,1.81445,2.55789,1.81445,1.81445,0.907223,0.907223,0.907223,0.907223,0.907223,1.06814,1.06814,0.907223,0.907223,0.907223,0.907223,0.907223,1.06814,1.06814,40.1792,99.0984,40.1792,99.0984,28.5012,28.5012,40.1792,99.0984,40.1792,99.0984,28.5012,28.5012,40.1792,28.5012,28.5012,14.2506,14.2506,14.2506,14.2506,14.2506,16.7783,16.7783,14.2506,14.2506,14.2506,14.2506,14.2506,16.7783,16.7783,0,0,0,0,0,0,0,0,0,0,0,0,0,0,0,0,0,0,0,0,0,0,0,0,0,0,0,0,0,0,0,0,0,0,0,0,0,0,0,0,0,0,0,0,0,0,0,0,0,0,0,0,0,0,0,0,0,0,0,0,0,0,0,0,0,0,0,0,0,0,0,0,0,0,0,0,0,0,0,0,0,0,0,0,0,0,0,0,0,0,0,0,0,0,0,0,0,0,0,0,0,0,0,0,0,0,0,0,0,0,0,0,0,0,0,0,0,-0.0303828,0.149687,0.0187302,0.376289,-0.0215202,-0.103138,0.389108,-0.274681,0.192185,0.330597,0.154552,-0.240646,0.0937946,-0.222384,-1.17522,0.339639,0.153986,-0.00483677,0.391016,-0.758314,-0.443026,-0.714446,0.285015,0.983223,0.545546,0.53509,5.39135,-0.629543,0.379041,-0.0480088,-0.404071,-0.155821,-0.955487,0.137114,0.156059,2.55954,-0.196761,-0.177217,-0.126032,-0.265912,0.53836,0.448243,-0.384056,-0.0683395,-0.131765,0.0842878,-0.0452339,0.365032,0.370654,0.144992,0.641136,0.0675349,-0.0330058,0.0406436,0.190562,-0.320469,0.0677829,0.502467,-0.0021213,-0.0532269,0.0398646,0.698,0.149129,0.0300384,-0.988361,0.6,0,0,0.886225,0.514107,1.06503
-3.69138,-0.684579,9.64009,-0.215773,0.422901,0.424117,-0.0323166,0.157868,0.0261672,-3.69138,-0.684579,9.64009,-0.215773,0.422901,0.424117,-0.0323166,0.157868,0.0261672,-0.981454,0.194046,-0.00279829,2.61567,-0.248969,-0.127249,-0.191651,-0.301286,0.511172,0.390096,-0.422693,-0.032787,-0.0744156,0.032109,-0.0636251,0.391175,0.447793,0.194522,0.667465,0.0663002,-0.0428532,0.0422985,0.198673,-0.370391,0.0391028,0.543113,-0.00831736,-0.0522797,0.032082,0,0,0,0,0,0,0,0,0,0,0,0,0,0,0,0,0,0,0,0,0,0,0,0,0,0,0,0,0,-0.316846,0.105082,0.167469,1.81915,-0.0535077,-0.222816,-0.591811,0.0952831,-0.248072,1.08756,-0.41757,-0.161513,-0.0917936,-0.0518686,-0.246681,0.118938,0.148496,0.0109507,0.619738,0.0391649,-0.0147185,0.0188904,0.165722,-0.173315,0.0863651,0.542313,-0.00184244,-0.0393084,0.0320776,-7.02626,-0.160566,0.620433,12.1243,-2.20508,0.768917,1.62492,-0.230405,-0.426394,-2.63678,0.742128,0.522172,0.391999,0.0816162,0.00413064,1.67786,0.568216,1.16724,0.777432,0.482795,-0.254526,0.256288,0.530853,0.777102,1.09994,0.556711,-0.0222098,-0.0331494,0.287206,-8.04587,4.07193,-1.75724,-2.12741,-0.0417041,-0.102587,14.832,-34.3532,32.7521,-47.3152,-0.361429,1.72569,-2.67596,3.80706,5.62161,2.02176,2.69782,0.886155,-0.369271,-0.0353473,-0.0245018,0.0973812,-0.133222,-2.78558,-1.26661,-1.02825,0.0154432,-0.184308,-0.176765,0,0,0,0,0,0,0,0,0,0,0,0,0,0,0,0,0,0,0,0,0,0,0,0,0,0,0,0,0,2.55789,6.3088,2.55789,6.3088,1.81445,1.81445,2.55789,6.3088,2.55789,6.3088,1.81445,1.81445,2.55789,1.81445,1.81445,0.907223,0.907223,0.907223,0.907223,0.907223,1.06814,1.06814,0.907223,0.907223,0.907223,0.907223,0.907223,1.06814,1.06814,40.1792,99.0984,40.1792,99.0984,28.5012,28.5012,40.1792,99.0984,40.1792,99.0984,28.5012,28.5012,40.1792,28.5012,28.5012,14.2506,14.2506,14.2506,14.2506,14.2506,16.7783,16.7783,14.2506,14.2506,14.2506,14.2506,14.2506,16.7783,16.7783,0,0,0,0,0,0,0,0,0,0,0,0,0,0,0,0,0,0,0,0,0,0,0,0,0,0,0,0,0,0,0,0,0,0,0,0,0,0,0,0,0,0,0,0,0,0,0,0,0,0,0,0,0,0,0,0,0,0,0,0,0,0,0,0,0,0,0,0,0,0,0,0,0,0,0,0,0,0,0,0,0,0,0,0,0,0,0,0,0,0,0,0,0,0,0,0,0,0,0,0,0,0,0,0,0,0,0,0,0,0,0,0,0,0,0,0,0,-0.0323166,0.157868,0.0261672,0.435899,-0.0030265,-0.145072,0.564992,-0.388509,0.0732118,0.44353,0.0891584,-0.135907,0.153827,-0.129707,-1.22264,0.219798,0.151171,-0.0189644,0.553372,-0.859193,-0.575204,-0.701732,-0.0051106,0.933568,0.567759,0.430626,5.55143,-0.795366,0.260001,-0.136107,-0.290141,-0.0747576,-0.981454,0.194046,-0.00279829,2.61567,-0.248969,-0.127249,-0.191651,-0.301286,0.511172,0.390096,-0.422693,-0.032787,-0.0744156,0.032109,-0.0636251,0.391175,0.447793,0.194522,0.667465,0.0663002,-0.0428532,0.0422985,0.198673,-0.370391,0.0391028,0.543113,-0.00831736,-0.0522797,0.032082,0.696,0.157213,0.0319091,-0.987049,0.6,0,0,0.895773,0.558851,1.05142
-2.32027,-1.12702,9.82945,-0.342694,0.367682,0.405243,-0.0364823,0.165867,0.0340736,-2.32027,-1.12702,9.82945,-0.342694,0.367682,0.405243,-0.0364823,0.165867,0.0340736,-1.0841,0.210335,-0.0555525,2.58324,-0.324101,-0.0935864,-0.209801,-0.337936,0.489248,0.394042,-0.414645,-0.0573967,-0.0332135,-0.0399538,-0.127623,0.327828,0.400259,0.192956,0.633868,0.0627661,-0.0582685,0.0343179,0.180555,-0.369961,0.0437081,0.562444,-0.0167584,-0.0402126,0.018758,0,0,0,0,0,0,0,0,0,0,0,0,0,0,0,0,0,0,0,0,0,0,0,0,0,0,0,0,0,-0.457286,0.103906,0.174048,2.0423,-0.101122,-0.199565,-0.552039,0.0918303,-0.261585,1.02602,-0.413012,-0.147751,-0.0780433,-0.0533296,-0.247371,0.153579,0.163192,0.0370451,0.639176,0.0469801,-0.0211957,0.0230401,0.173681,-0.159899,0.104118,0.559723,-0.00371695,-0.0397796,0.0359057,-6.80871,-0.00316404,0.315727,10.0862,-2.20553,1.12872,2.19574,-0.114671,-0.683676,-3.22227,0.215263,0.682795,0.664962,-0.025496,-0.13761,1.76333,0.926299,1.34824,1.05047,0.328393,-0.278768,0.193039,0.328137,0.602869,0.705669,1.02508,-0.1021,0.0264408,0.138722,-3.95212,9.03651,-7.77294,-6.58661,-0.210506,0.00406331,9.07402,-38.2184,32.7839,-43.0567,-0.297065,1.99995,-1.65142,2.55556,5.39696,1.83802,3.28514,1.05895,-0.515134,-0.0239491,-0.0538294,0.122278,0.0559985,-3.54159,-1.58012,-1.12357,0.0269331,-0.222077,-0.216099,0,0,0,0,0,0,0,0,0,0,0,0,0,0,0,0,0,0,0,0,0,0,0,0,0,0,0,0,0,2.55789,6.3088,2.55789,6.3088,1.81445,1.81445,2.55789,6.3088,2.55789,6.3088,1.81445,1.81445,2.55789,1.81445,1.81445,0.907223,0.907223,0.907223,0.907223,0.907223,1.06814,1.06814,0.907223,0.907223,0.907223,0.907223,0.907223,1.06814,1.06814,40.1792,99.0984,40.1792,99.0984,28.5012,28.5012,40.1792,99.0984,40.1792,99.0984,28.5012,28.5012,40.1792,28.5012,28.5012,14.2506,14.2506,14.2506,14.2506,14.2506,16.7783,16.7783,14.2506,14.2506,14.2506,14.2506,14.2506,16.7783,16.7783,0,0,0,0,0,0,0,0,0,0,0,0,0,0,0,0,0,0,0,0,0,0,0,0,0,0,0,0,0,0,0,0,0,0,0,0,0,0,0,0,0,0,0,0,0,0,0,0,0,0,0,0,0,0,0,0,0,0,0,0,0,0,0,0,0,0,0,0,0,0,0,0,0,0,0,0,0,0,0,0,0,0,0,0,0,0,0,0,0,0,0,0,0,0,0,0,0,0,0,0,0,0,0,0,0,0,0,0,0,0,0,0,0,0,0,0,0,-0.0364823,0.165867,0.0340736,0.29146,-0.0443368,-0.290992,0.456611,-0.387527,-0.0910986,0.439959,0.0996588,-0.0606588,0.0772225,-0.0856315,-1.41012,0.186649,0.143113,-0.0382109,0.599824,-0.963709,-0.782118,-0.53976,-0.101457,0.893529,0.460637,0.251782,5.45895,-0.784111,0.0886945,-0.117756,-0.213386,-0.13087,-1.0841,0.210335,-0.0555525,2.58324,-0.324101,-0.0935864,-0.209801,-0.337936,0.489248,0.394042,-0.414645,-0.0573967,-0.0332135,-0.0399538,-0.127623,0.327828,0.400259,0.192956,0.633868,0.0627661,-0.0582685,0.0343179,0.180555,-0.369961,0.0437081,0.562444,-0.0167584,-0.0402126,0.018758,0.662,0.165108,0.0359736,-0.985619,0.6,0,0,0.895773,0.558851,1.05142
-2.05874,-0.848728,8.78788,-0.42523,0.423398,0.278118,-0.0432164,0.174105,0.0408096,-2.05874,-0.848728,8.78788,-0.42523,0.423398,0.278118,-0.0432164,0.174105,0.0408096,-1.21625,0.220085,-0.0501608,2.55605,-0.462929,-0.0388029,-0.208108,-0.329422,0.41421,0.389459,-0.473419,-0.101423,-0.00402197,-0.0831436,-0.134986,0.207657,0.283454,0.144046,0.57438,0.0648716,-0.0718745,0.0273204,0.163486,-0.404751,0.00767994,0.581115,-0.0229768,-0.0250354,0.010541,0,0,0,0,0,0,0,0,0,0,0,0,0,0,0,0,0,0,0,0,0,0,0,0,0,0,0,0,0,-0.589152,0.103705,0.178414,2.2118,-0.153047,-0.17348,-0.50729,0.0881928,-0.274967,0.963897,-0.398968,-0.136391,-0.0659664,-0.0502912,-0.253281,0.189901,0.184562,0.0660753,0.658441,0.0516541,-0.0268877,0.0251455,0.177074,-0.149847,0.111004,0.578677,-0.00743542,-0.0414128,0.0290413,-6.35532,0.0279364,0.186465,7.13478,-2.54736,1.21021,2.27605,-0.193619,-0.465084,-2.99608,0.852327,0.54695,0.453339,0.361781,-0.444891,1.85856,1.1861,1.47125,0.866899,0.184034,-0.257916,0.0917801,-0.00409775,0.398839,-0.103469,0.727933,-0.204945,-0.211697,-0.642311,-3.9582,10.5063,-9.8666,-8.61085,-0.2964,0.0750604,6.34721,-41.028,32.0481,-37.9742,-1.94053,1.30046,0.0598855,-0.232067,4.29834,0.340341,2.05828,0.508546,-1.12942,-0.0100037,-0.248153,0.0613518,0.0182541,-3.52203,-0.924309,-0.912646,0.0497832,0.275746,0.524525,0,0,0,0,0,0,0,0,0,0,0,0,0,0,0,0,0,0,0,0,0,0,0,0,0,0,0,0,0,2.55789,6.3088,2.55789,6.3088,1.81445,1.81445,2.55789,6.3088,2.55789,6.3088,1.81445,1.81445,2.55789,1.81445,1.81445,0.907223,0.907223,0.907223,0.907223,0.907223,1.06814,1.06814,0.907223,0.907223,0.907223,0.907223,0.907223,1.06814,1.06814,40.1792,99.0984,40.1792,99.0984,28.5012,28.5012,40.1792,99.0984,40.1792,99.0984,28.5012,28.5012,40.1792,28.5012,28.5012,14.2506,14.2506,14.2506,14.2506,14.2506,16.7783,16.7783,14.2506,14.2506,14.2506,14.2506,14.2506,16.7783,16.7783,0,0,0,0,0,0,0,0,0,0,0,0,0,0,0,0,0,0,0,0,0,0,0,0,0,0,0,0,0,0,0,0,0,0,0,0,0,0,0,0,0,0,0,0,0,0,0,0,0,0,0,0,0,0,0,0,0,0,0,0,0,0,0,0,0,0,0,0,0,0,0,0,0,0,0,0,0,0,0,0,0,0,0,0,0,0,0,0,0,0,0,0,0,0,0,0,0,0,0,0,0,0,0,0,0,0,0,0,0,0,0,0,0,0,0,0,0,-0.0432164,0.174105,0.0408096,0.0174582,-0.0832559,-0.307782,0.190283,-0.466853,-0.189576,0.32844,0.017511,-0.00734543,-0.0584154,-0.0430591,-1.65146,0.189741,0.147914,-0.0523894,0.627629,-0.939431,-0.964747,-0.336041,-0.0916101,0.756483,0.366713,0.141488,5.38141,-0.797182,-0.227847,-0.251767,-0.0884745,-0.231254,-1.21625,0.220085,-0.0501608,2.55605,-0.462929,-0.0388029,-0.208108,-0.329422,0.41421,0.389459,-0.473419,-0.101423,-0.00402197,-0.0831436,-0.134986,0.207657,0.283454,0.144046,0.57438,0.0648716,-0.0718745,0.0273204,0.163486,-0.404751,0.00767994,0.581115,-0.0229768,-0.0250354,0.010541,0.642,0.173226,0.0425498,-0.983962,0.6,0,0,0.9077,0.896033,1.0435
-1.31584,-0.453786,7.98314,-0.435355,0.295084,0.299392,-0.0509124,0.18104,0.0461287,-1.31584,-0.453786,7.98314,-0.435355,0.295084,0.299392,-0.0509124,0.18104,0.0461287,-1.26172,0.219822,0.00255738,2.54635,-0.570958,0.021339,-0.218679,-0.268707,0.330448,0.352742,-0.503788,-0.0901768,0.00481823,-0.081591,-0.114838,0.136439,0.261805,0.106518,0.529506,0.0761499,-0.0733496,0.0203577,0.127493,-0.299267,0.0178028,0.568984,-0.0296995,-0.0193329,0.00908823,0,0,0,0,0,0,0,0,0,0,0,0,0,0,0,0,0,0,0,0,0,0,0,0,0,0,0,0,0,-0.717098,0.106802,0.176437,2.32603,-0.225933,-0.140488,-0.463953,0.0842403,-0.281791,0.905245,-0.382429,-0.129564,-0.0602197,-0.0404808,-0.259174,0.22701,0.208666,0.0924518,0.672616,0.0551542,-0.0309289,0.0264683,0.175859,-0.146919,0.106442,0.590748,-0.0107016,-0.0395662,0.0233961,-6.29899,0.276765,-0.315189,4.56341,-3.73226,1.58989,2.14742,-0.208018,-0.138569,-2.82584,0.74357,0.277812,0.0827651,0.629267,-0.297322,1.7903,1.19812,1.18406,0.569002,0.156244,-0.173277,0.0542508,-0.105383,-0.0712267,-0.20399,0.61252,-0.194842,0.316333,-0.104029,-4.31197,9.72688,-8.425,-6.61529,-0.0504027,0.0125137,4.97858,-39.7524,28.4813,-33.6177,-3.94587,0.312426,1.90182,-2.24673,4.01849,-1.86868,0.0107809,-0.330682,-1.92569,-0.00352955,-0.503463,-0.0430956,-0.0939336,-3.65434,-1.21703,-0.660039,-0.00999586,-0.0499718,-0.0921839,0,0,0,0,0,0,0,0,0,0,0,0,0,0,0,0,0,0,0,0,0,0,0,0,0,0,0,0,0,2.55789,6.3088,2.55789,6.3088,1.81445,1.81445,2.55789,6.3088,2.55789,6.3088,1.81445,1.81445,2.55789,1.81445,1.81445,0.907223,0.907223,0.907223,0.907223,0.907223,1.06814,1.06814,0.907223,0.907223,0.907223,0.907223,0.907223,1.06814,1.06814,40.1792,99.0984,40.1792,99.0984,28.5012,28.5012,40.1792,99.0984,40.1792,99.0984,28.5012,28.5012,40.1792,28.5012,28.5012,14.2506,14.2506,14.2506,14.2506,14.2506,16.7783,16.7783,14.2506,14.2506,14.2506,14.2506,14.2506,16.7783,16.7783,0,0,0,0,0,0,0,0,0,0,0,0,0,0,0,0,0,0,0,0,0,0,0,0,0,0,0,0,0,0,0,0,0,0,0,0,0,0,0,0,0,0,0,0,0,0,0,0,0,0,0,0,0,0,0,0,0,0,0,0,0,0,0,0,0,0,0,0,0,0,0,0,0,0,0,0,0,0,0,0,0,0,0,0,0,0,0,0,0,0,0,0,0,0,0,0,0,0,0,0,0,0,0,0,0,0,0,0,0,0,0,0,0,0,0,0,0,-0.0509124,0.18104,0.0461287,-0.144925,-0.165322,-0.261842,0.140922,-0.226338,-0.186036,0.242872,0.0405922,0.00879966,-0.160733,-0.0707194,-1.73449,0.170435,0.173629,-0.0677179,0.626879,-0.766286,-0.984547,-0.259499,0.00467063,0.603506,0.273255,0.121988,5.35373,-0.901891,-0.474166,-0.321011,0.0486551,-0.205612,-1.26172,0.219822,0.00255738,2.54635,-0.570958,0.021339,-0.218679,-0.268707,0.330448,0.352742,-0.503788,-0.0901768,0.00481823,-0.081591,-0.114838,0.136439,0.261805,0.106518,0.529506,0.0761499,-0.0733496,0.0203577,0.127493,-0.299267,0.0178028,0.568984,-0.0296995,-0.0193329,0.00908823,0.481,0.180052,0.0500587,-0.982382,0.6,0,0,0.9077,0.896033,1.0435
-1.06654,0.236558,7.88248,-0.361628,0.162597,0.319136,-0.0577324,0.185647,0.0524793,-1.06654,0.236558,7.88248,-0.361628,0.162597,0.319136,-0.0577324,0.185647,0.0524793,-1.2393,0.248318,-0.0354843,2.43348,-0.600081,0.0207922,-0.240575,-0.191643,0.21982,0.380855,-0.402716,-0.0556845,-0.000868365,-0.0632032,-0.100382,0.122881,0.284464,0.0788357,0.490556,0.0694936,-0.0632847,0.0167514,0.112841,-0.27297,-0.0175303,0.560656,-0.0278394,-0.0169935,0.00735741,0,0,0,0,0,0,0,0,0,0,0,0,0,0,0,0,0,0,0,0,0,0,0,0,0,0,0,0,0,-0.840153,0.11825,0.165215,2.3957,-0.31363,-0.099432,-0.421235,0.0824327,-0.279816,0.849357,-0.368528,-0.125207,-0.0636634,-0.0275555,-0.263965,0.260648,0.232084,0.109349,0.679671,0.0601908,-0.032386,0.0266082,0.173532,-0.150033,0.0989157,0.604061,-0.015928,-0.0306513,0.0213918,-5.94646,0.759711,-0.728345,2.65344,-4.26155,1.95907,2.1513,-0.0587995,0.325227,-2.70636,0.621909,0.213451,-0.35648,0.702284,-0.258225,1.57535,1.11385,0.633982,0.198878,0.256098,-0.0548053,-0.0216122,-0.147086,-0.217614,-0.477025,0.684177,-0.247601,0.468883,-0.109319,-2.03893,5.61029,-4.80754,-2.35454,0.348348,-0.113744,2.82662,-34.4915,23.8624,-32.458,-4.9883,0.630216,3.53898,-2.73088,4.67348,-3.17849,-0.572321,-0.625602,-2.33926,-0.00383688,-0.634332,-0.0857483,-0.535955,-1.95113,-0.74586,-1.10289,0.0290568,-0.300119,-0.0942009,0,0,0,0,0,0,0,0,0,0,0,0,0,0,0,0,0,0,0,0,0,0,0,0,0,0,0,0,0,2.55789,6.3088,2.55789,6.3088,1.81445,1.81445,2.55789,6.3088,2.55789,6.3088,1.81445,1.81445,2.55789,1.81445,1.81445,0.907223,0.907223,0.907223,0.907223,0.907223,1.06814,1.06814,0.907223,0.907223,0.907223,0.907223,0.907223,1.06814,1.06814,40.1792,99.0984,40.1792,99.0984,28.5012,28.5012,40.1792,99.0984,40.1792,99.0984,28.5012,28.5012,40.1792,28.5012,28.5012,14.2506,14.2506,14.2506,14.2506,14.2506,16.7783,16.7783,14.2506,14.2506,14.2506,14.2506,14.2506,16.7783,16.7783,0,0,0,0,0,0,0,0,0,0,0,0,0,0,0,0,0,0,0,0,0,0,0,0,0,0,0,0,0,0,0,0,0,0,0,0,0,0,0,0,0,0,0,0,0,0,0,0,0,0,0,0,0,0,0,0,0,0,0,0,0,0,0,0,0,0,0,0,0,0,0,0,0,0,0,0,0,0,0,0,0,0,0,0,0,0,0,0,0,0,0,0,0,0,0,0,0,0,0,0,0,0,0,0,0,0,0,0,0,0,0,0,0,0,0,0,0,-0.0577324,0.185647,0.0524793,-0.175838,-0.198732,-0.228882,0.192586,-0.166378,-0.14411,0.179753,-0.0399708,-0.00158592,-0.249543,-0.0897093,-1.69356,0.130445,0.158452,-0.0634766,0.708142,-0.54652,-0.849449,-0.228098,-0.064806,0.401463,0.224849,0.098756,5.03186,-0.82172,-0.540568,-0.0905562,0.0474082,-0.126966,-1.2393,0.248318,-0.0354843,2.43348,-0.600081,0.0207922,-0.240575,-0.191643,0.21982,0.380855,-0.402716,-0.0556845,-0.000868365,-0.0632032,-0.100382,0.122881,0.284464,0.0788357,0.490556,0.0694936,-0.0632847,0.0167514,0.112841,-0.27297,-0.0175303,0.560656,-0.0278394,-0.0169935,0.00735741,0.68,0.184582,0.0567089,-0.98118,0.6,0,0,0.920045,0.900579,1.04206
-0.670449,0.643769,7.40952,-0.24914,0.0439693,0.215707,-0.062814,0.188086,0.0580046,-0.670449,0.643769,7.40952,-0.24914,0.0439693,0.215707,-0.062814,0.188086,0.0580046,-1.25654,0.235616,-0.0141675,2.29609,-0.501921,-0.0102732,-0.307588,-0.0944247,0.183485,0.40634,-0.47171,-0.0783324,-0.0115652,-0.0881918,-0.108705,0.132601,0.331242,0.0779416,0.501926,0.0448228,-0.0502582,0.0226983,0.097938,-0.321112,-0.0629366,0.589639,-0.0124203,-0.0114475,0.00191896,0,0,0,0,0,0,0,0,0,0,0,0,0,0,0,0,0,0,0,0,0,0,0,0,0,0,0,0,0,-0.951475,0.139129,0.144091,2.42304,-0.390142,-0.0667498,-0.377549,0.0826031,-0.267509,0.796938,-0.355868,-0.120273,-0.0751819,-0.0128982,-0.270046,0.290073,0.253616,0.114585,0.677357,0.0629009,-0.0303036,0.025679,0.169723,-0.153744,0.0828975,0.616534,-0.0198149,-0.0213281,0.0195051,-5.24345,1.20809,-1.31284,0.461408,-3.45775,1.40808,2.18715,0.00557332,0.809363,-2.50559,0.594934,0.25921,-0.681558,0.762411,-0.315022,1.38693,1.00211,0.0644817,-0.292905,0.0996862,0.109373,-0.069914,-0.233404,-0.202012,-0.948818,0.556476,-0.154771,0.436688,-0.11232,1.6189,3.56722,-4.08177,-2.77242,0.24775,-0.060427,0.0773431,-27.2992,17.6673,-25.6957,-2.41435,1.3718,4.64805,-2.75655,5.38981,-3.62035,-0.4642,-0.58705,-2.42523,0.00433893,-0.679665,-0.080712,-0.61463,-1.53395,-0.605006,-1.30203,0.0281067,-0.390364,-0.0920618,0,0,0,0,0,0,0,0,0,0,0,0,0,0,0,0,0,0,0,0,0,0,0,0,0,0,0,0,0,2.55789,6.3088,2.55789,6.3088,1.81445,1.81445,2.55789,6.3088,2.55789,6.3088,1.81445,1.81445,2.55789,1.81445,1.81445,0.907223,0.907223,0.907223,0.907223,0.907223,1.06814,1.06814,0.907223,0.907223,0.907223,0.907223,0.907223,1.06814,1.06814,40.1792,99.0984,40.1792,99.0984,28.5012,28.5012,40.1792,99.0984,40.1792,99.0984,28.5012,28.5012,40.1792,28.5012,28.5012,14.2506,14.2506,14.2506,14.2506,14.2506,16.7783,16.7783,14.2506,14.2506,14.2506,14.2506,14.2506,16.7783,16.7783,0,0,0,0,0,0,0,0,0,0,0,0,0,0,0,0,0,0,0,0,0,0,0,0,0,0,0,0,0,0,0,0,0,0,0,0,0,0,0,0,0,0,0,0,0,0,0,0,0,0,0,0,0,0,0,0,0,0,0,0,0,0,0,0,0,0,0,0,0,0,0,0,0,0,0,0,0,0,0,0,0,0,0,0,0,0,0,0,0,0,0,0,0,0,0,0,0,0,0,0,0,0,0,0,0,0,0,0,0,0,0,0,0,0,0,0,0,-0.062814,0.188086,0.0580046,-0.153677,-0.232711,-0.247858,0.299245,-0.276147,-0.201086,0.177715,-0.143502,-0.0211219,-0.223618,-0.0236251,-1.72504,0.00805731,0.1022,-0.0283194,0.671919,-0.269276,-0.674599,-0.153655,-0.0258745,0.335104,0.304671,0.0257575,4.64007,-0.749041,-0.316753,-0.247869,-0.0234238,-0.178606,-1.25654,0.235616,-0.0141675,2.29609,-0.501921,-0.0102732,-0.307588,-0.0944247,0.183485,0.40634,-0.47171,-0.0783324,-0.0115652,-0.0881918,-0.108705,0.132601,0.331242,0.0779416,0.501926,0.0448228,-0.0502582,0.0226983,0.097938,-0.321112,-0.0629366,0.589639,-0.0124203,-0.0114475,0.00191896,0.652,0.186979,0.0616656,-0.980427,0.6,0,0,0.93395,0.904334,1.04904
-0.491628,1.9583,6.42586,1.24017e-05,-0.221422,0.0422237,-0.0650586,0.185623,0.0610107,-0.491628,1.9583,6.42586,1.24017e-05,-0.221422,0.0422237,-0.0650586,0.185623,0.0610107,-1.23005,0.225856,0.0469037,2.27374,-0.440371,-0.0128347,-0.298057,-0.0682497,0.110239,0.345415,-0.4307,-0.0819361,-0.0392629,-0.00994048,-0.117832,0.131335,0.393314,0.0941816,0.495543,0.0529056,-0.03852,0.0269627,0.105633,-0.285342,-0.0469322,0.594647,-0.0204338,-0.00980776,0.00278524,0,0,0,0,0,0,0,0,0,0,0,0,0,0,0,0,0,0,0,0,0,0,0,0,0,0,0,0,0,-1.06131,0.167181,0.111303,2.40272,-0.42799,-0.0487087,-0.335764,0.0830327,-0.242561,0.747875,-0.346224,-0.116721,-0.0920827,0.00405313,-0.270905,0.317409,0.273389,0.11083,0.671231,0.05858,-0.0265604,0.0252812,0.163356,-0.160209,0.0579258,0.630007,-0.0187271,-0.0131155,0.0165109,-4.68818,1.25652,-1.60087,-1.73281,-1.18714,0.620273,1.75075,0.00493916,1.27838,-2.01607,0.33982,0.0867562,-0.742125,0.693777,0.0895607,1.09743,0.756731,-0.261917,-0.252881,-0.235116,0.170327,-0.0164689,-0.346621,-0.435108,-1.20309,0.576562,0.0941542,0.339926,-0.154625,3.96468,-0.981412,-1.11344,-0.57709,0.0182809,-0.027988,-3.2437,-17.6713,13.9771,-21.2591,-4.20177,0.921441,5.12084,-3.89468,4.4827,-3.6268,0.126855,-0.244033,-2.18708,0.0175183,-0.580064,-0.0284781,-0.638031,-1.94348,-0.66376,-1.1004,0.00584041,-0.332124,-0.0863871,0,0,0,0,0,0,0,0,0,0,0,0,0,0,0,0,0,0,0,0,0,0,0,0,0,0,0,0,0,2.55789,6.3088,2.55789,6.3088,1.81445,1.81445,2.55789,6.3088,2.55789,6.3088,1.81445,1.81445,2.55789,1.81445,1.81445,0.907223,0.907223,0.907223,0.907223,0.907223,1.06814,1.06814,0.907223,0.907223,0.907223,0.907223,0.907223,1.06814,1.06814,40.1792,99.0984,40.1792,99.0984,28.5012,28.5012,40.1792,99.0984,40.1792,99.0984,28.5012,28.5012,40.1792,28.5012,28.5012,14.2506,14.2506,14.2506,14.2506,14.2506,16.7783,16.7783,14.2506,14.2506,14.2506,14.2506,14.2506,16.7783,16.7783,0,0,0,0,0,0,0,0,0,0,0,0,0,0,0,0,0,0,0,0,0,0,0,0,0,0,0,0,0,0,0,0,0,0,0,0,0,0,0,0,0,0,0,0,0,0,0,0,0,0,0,0,0,0,0,0,0,0,0,0,0,0,0,0,0,0,0,0,0,0,0,0,0,0,0,0,0,0,0,0,0,0,0,0,0,0,0,0,0,0,0,0,0,0,0,0,0,0,0,0,0,0,0,0,0,0,0,0,0,0,0,0,0,0,0,0,0,-0.0650586,0.185623,0.0610107,-0.156564,-0.215165,-0.268669,0.440776,-0.194589,-0.0226653,0.214743,-0.10701,-0.071707,-0.238173,-0.0122047,-1.67665,0.0254646,0.12063,-0.0465911,0.644085,-0.194631,-0.517041,-0.131646,0.0856615,0.201333,0.361911,0.0373853,4.57632,-0.922786,-0.176413,-0.154364,-0.0292643,-0.186822,-1.23005,0.225856,0.0469037,2.27374,-0.440371,-0.0128347,-0.298057,-0.0682497,0.110239,0.345415,-0.4307,-0.0819361,-0.0392629,-0.00994048,-0.117832,0.131335,0.393314,0.0941816,0.495543,0.0529056,-0.03852,0.0269627,0.105633,-0.285342,-0.0469322,0.594647,-0.0204338,-0.00980776,0.00278524,0.68,0.184988,0.0639115,-0.98066,0.6,0,0,0.93395,0.904334,1.04904
-0.362728,1.49105,7.31507,0.158257,-0.286739,-0.00151048,-0.0633004,0.18126,0.061521,-0.362728,1.49105,7.31507,0.158257,-0.286739,-0.00151048,-0.0633004,0.18126,0.061521,-1.213,0.201873,0.109874,2.17781,-0.287708,-0.0334354,-0.328219,-0.0387505,0.0986674,0.317743,-0.374141,-0.0831639,-0.044915,0.00064261,-0.125739,0.143949,0.403047,0.08179,0.508363,0.0489498,-0.0245838,0.0278564,0.0988783,-0.270235,-0.0433369,0.597654,-0.0211319,-0.012332,0.0031368,0,0,0,0,0,0,0,0,0,0,0,0,0,0,0,0,0,0,0,0,0,0,0,0,0,0,0,0,0,-1.13602,0.188232,0.0841184,2.36472,-0.435966,-0.0390469,-0.301068,0.0828542,-0.221872,0.710735,-0.337233,-0.121983,-0.103221,0.0135152,-0.271509,0.332692,0.28498,0.105379,0.666254,0.0566362,-0.0216894,0.0253358,0.156018,-0.17045,0.0370684,0.639423,-0.0187786,-0.00789434,0.0135395,-3.75901,1.08287,-1.38351,-2.25701,-0.196869,0.471405,1.99453,-0.0338972,1.06439,-2.03162,0.531959,-0.331948,-0.521623,0.397979,-0.0567284,0.661069,0.560297,-0.31928,-0.274018,-0.0622159,0.2877,0.00364444,-0.422091,-0.668069,-1.09868,0.476136,-0.0301963,0.258464,-0.16094,5.7569,-3.04703,2.02435,4.73379,0.228053,-0.10999,-4.82533,-14.8237,10.6669,-23.6329,-3.62187,1.75862,3.92251,-1.41992,4.50069,-3.48793,1.03159,0.120513,-2.18965,0.00470745,-0.587241,0.021614,-0.344696,-1.07204,-0.215432,-1.06989,0.00301889,-0.30718,-0.0107935,0,0,0,0,0,0,0,0,0,0,0,0,0,0,0,0,0,0,0,0,0,0,0,0,0,0,0,0,0,2.55789,6.3088,2.55789,6.3088,1.81445,1.81445,2.55789,6.3088,2.55789,6.3088,1.81445,1.81445,2.55789,1.81445,1.81445,0.907223,0.907223,0.907223,0.907223,0.907223,1.06814,1.06814,0.907223,0.907223,0.907223,0.907223,0.907223,1.06814,1.06814,40.1792,99.0984,40.1792,99.0984,28.5012,28.5012,40.1792,99.0984,40.1792,99.0984,28.5012,28.5012,40.1792,28.5012,28.5012,14.2506,14.2506,14.2506,14.2506,14.2506,16.7783,16.7783,14.2506,14.2506,14.2506,14.2506,14.2506,16.7783,16.7783,0,0,0,0,0,0,0,0,0,0,0,0,0,0,0,0,0,0,0,0,0,0,0,0,0,0,0,0,0,0,0,0,0,0,0,0,0,0,0,0,0,0,0,0,0,0,0,0,0,0,0,0,0,0,0,0,0,0,0,0,0,0,0,0,0,0,0,0,0,0,0,0,0,0,0,0,0,0,0,0,0,0,0,0,0,0,0,0,0,0,0,0,0,0,0,0,0,0,0,0,0,0,0,0,0,0,0,0,0,0,0,0,0,0,0,0,0,-0.0633004,0.18126,0.061521,-0.127801,-0.230568,-0.286697,0.462968,-0.160143,0.00146521,0.186489,-0.0988124,-0.0820296,-0.208942,-0.00534957,-1.64553,-0.0296204,0.11161,-0.0481828,0.575691,-0.110507,-0.32998,-0.165528,0.200666,0.180199,0.373907,0.0421042,4.30275,-1.0017,0.171674,-0.0254031,-0.0762362,-0.189622,-1.213,0.201873,0.109874,2.17781,-0.287708,-0.0334354,-0.328219,-0.0387505,0.0986674,0.317743,-0.374141,-0.0831639,-0.044915,0.00064261,-0.125739,0.143949,0.403047,0.08179,0.508363,0.0489498,-0.0245838,0.0278564,0.0988783,-0.270235,-0.0433369,0.597654,-0.0211319,-0.012332,0.0031368,0.683,0.18027,0.0622218,-0.981647,0.6,0,0,0.950413,0.911918,1.04327
0.0928968,1.43794,7.81059,0.292602,-0.427504,-0.00915541,-0.058639,0.174102,0.061839,0.0928968,1.43794,7.81059,0.292602,-0.427504,-0.00915541,-0.058639,0.174102,0.061839,-1.17176,0.189422,0.156669,2.16538,-0.182866,-0.0420486,-0.338397,-0.0554364,0.0445565,0.223158,-0.31777,-0.0936104,-0.049833,0.0628135,-0.175042,0.154672,0.444445,0.0857778,0.504299,0.0574628,-0.0172013,0.0291099,0.0746312,-0.243087,-0.0244028,0.582261,-0.0289233,-0.0177097,0.00335561,0,0,0,0,0,0,0,0,0,0,0,0,0,0,0,0,0,0,0,0,0,0,0,0,0,0,0,0,0,-1.20173,0.205293,0.0644494,2.31005,-0.405507,-0.0355157,-0.262043,0.0806937,-0.201942,0.670822,-0.32535,-0.131283,-0.110645,0.0198867,-0.270751,0.340579,0.294796,0.0969284,0.662182,0.0546904,-0.0144821,0.0256829,0.147533,-0.1852,0.0165618,0.648712,-0.0194715,-0.00414984,0.0105935,-2.92322,0.673611,-0.666055,-2.9169,1.85635,0.0872631,1.87107,-0.146511,0.942691,-1.93505,0.563547,-0.460323,-0.256445,0.229755,0.163307,0.203616,0.41442,-0.465061,-0.1609,-0.094468,0.362373,0.00731613,-0.397124,-0.795422,-0.951182,0.410758,-0.0317893,0.156467,-0.134634,6.98091,-4.6767,3.62913,4.75348,-0.00775818,-0.103821,-7.35366,-10.9664,9.71039,-23.0327,-2.41877,2.21466,3.33392,-0.998122,3.90565,-3.01367,1.15952,0.192311,-2.04831,0.00427541,-0.553493,0.0253898,-0.335073,-0.525338,-0.0009777,-1.10606,0.00525065,-0.304482,0.0176309,0,0,0,0,0,0,0,0,0,0,0,0,0,0,0,0,0,0,0,0,0,0,0,0,0,0,0,0,0,2.55789,6.3088,2.55789,6.3088,1.81445,1.81445,2.55789,6.3088,2.55789,6.3088,1.81445,1.81445,2.55789,1.81445,1.81445,0.907223,0.907223,0.907223,0.907223,0.907223,1.06814,1.06814,0.907223,0.907223,0.907223,0.907223,0.907223,1.06814,1.06814,40.1792,99.0984,40.1792,99.0984,28.5012,28.5012,40.1792,99.0984,40.1792,99.0984,28.5012,28.5012,40.1792,28.5012,28.5012,14.2506,14.2506,14.2506,14.2506,14.2506,16.7783,16.7783,14.2506,14.2506,14.2506,14.2506,14.2506,16.7783,16.7783,0,0,0,0,0,0,0,0,0,0,0,0,0,0,0,0,0,0,0,0,0,0,0,0,0,0,0,0,0,0,0,0,0,0,0,0,0,0,0,0,0,0,0,0,0,0,0,0,0,0,0,0,0,0,0,0,0,0,0,0,0,0,0,0,0,0,0,0,0,0,0,0,0,0,0,0,0,0,0,0,0,0,0,0,0,0,0,0,0,0,0,0,0,0,0,0,0,0,0,0,0,0,0,0,0,0,0,0,0,0,0,0,0,0,0,0,0,-0.058639,0.174102,0.061839,-0.103353,-0.285853,-0.399114,0.55736,-0.0982422,0.143221,0.195582,-0.0556408,-0.0910115,-0.218207,-0.0404458,-1.5702,-0.0482091,0.131021,-0.065948,0.540184,-0.158091,-0.230888,-0.237712,0.286128,0.0813749,0.390733,0.0450412,4.26732,-1.27143,0.410725,0.103128,-0.0958751,-0.213441,-1.17176,0.189422,0.156669,2.16538,-0.182866,-0.0420486,-0.338397,-0.0554364,0.0445565,0.223158,-0.31777,-0.0936104,-0.049833,0.0628135,-0.175042,0.154672,0.444445,0.0857778,0.504299,0.0574628,-0.0172013,0.0291099,0.0746312,-0.243087,-0.0244028,0.582261,-0.0289233,-0.0177097,0.00335561,0.724,0.173224,0.0577194,-0.98319,0.6,0,0,0.950413,0.911918,1.04327
-0.240628,0.68287,9.13884,0.338197,-0.369025,-0.0212778,-0.0522155,0.166408,0.0618803,-0.240628,0.68287,9.13884,0.338197,-0.369025,-0.0212778,-0.0522155,0.166408,0.0618803,-1.15823,0.175131,0.154279,2.05002,-0.0598446,-0.0492272,-0.346922,-0.0753856,0.0303518,0.193002,-0.271358,-0.106235,-0.0527448,0.0733491,-0.213008,0.172516,0.396316,0.0544095,0.505401,0.054236,-0.0112014,0.0281852,0.0215635,-0.240832,-0.020154,0.560319,-0.0283169,-0.0257362,0.00464198,0,0,0,0,0,0,0,0,0,0,0,0,0,0,0,0,0,0,0,0,0,0,0,0,0,0,0,0,0,-1.2476,0.213398,0.058539,2.25265,-0.352907,-0.0357611,-0.218345,0.0769359,-0.187587,0.626642,-0.320494,-0.133857,-0.110584,0.0214374,-0.270572,0.33988,0.301948,0.0872837,0.657489,0.0549998,-0.00701175,0.0258862,0.138828,-0.201582,0.000706452,0.655,-0.0217358,-0.00228802,0.00786952,-1.88468,0.284273,-0.0467381,-2.69271,2.61133,-0.0401827,2.18849,-0.171269,0.485423,-2.20144,0.467321,0.0766824,0.133201,-0.081622,0.00191996,-0.21401,0.304348,-0.478447,-0.268322,0.0425653,0.339054,0.00323576,-0.442491,-0.819226,-0.679114,0.244831,-0.124143,0.0604215,-0.121184,7.89889,-4.23667,4.20826,8.17013,0.107357,-0.111735,-10.3131,-12.0598,8.0431,-26.4581,-0.693368,1.08234,2.15449,1.28787,2.77016,-2.47708,1.75546,0.402783,-1.95676,-0.00294434,-0.535322,0.0483189,-0.519178,0.133738,0.259304,-1.26595,0.0096087,-0.325646,0.0547791,0,0,0,0,0,0,0,0,0,0,0,0,0,0,0,0,0,0,0,0,0,0,0,0,0,0,0,0,0,2.55789,6.3088,2.55789,6.3088,1.81445,1.81445,2.55789,6.3088,2.55789,6.3088,1.81445,1.81445,2.55789,1.81445,1.81445,0.907223,0.907223,0.907223,0.907223,0.907223,1.06814,1.06814,0.907223,0.907223,0.907223,0.907223,0.907223,1.06814,1.06814,40.1792,99.0984,40.1792,99.0984,28.5012,28.5012,40.1792,99.0984,40.1792,99.0984,28.5012,28.5012,40.1792,28.5012,28.5012,14.2506,14.2506,14.2506,14.2506,14.2506,16.7783,16.7783,14.2506,14.2506,14.2506,14.2506,14.2506,16.7783,16.7783,0,0,0,0,0,0,0,0,0,0,0,0,0,0,0,0,0,0,0,0,0,0,0,0,0,0,0,0,0,0,0,0,0,0,0,0,0,0,0,0,0,0,0,0,0,0,0,0,0,0,0,0,0,0,0,0,0,0,0,0,0,0,0,0,0,0,0,0,0,0,0,0,0,0,0,0,0,0,0,0,0,0,0,0,0,0,0,0,0,0,0,0,0,0,0,0,0,0,0,0,0,0,0,0,0,0,0,0,0,0,0,0,0,0,0,0,0,-0.0522155,0.166408,0.0618803,-0.062666,-0.406853,-0.485678,0.447621,-0.0931015,0.167243,0.124059,-0.0459531,-0.0963293,-0.215696,-0.0904757,-1.5455,-0.0637789,0.123663,-0.0645653,0.499429,-0.214981,-0.150353,-0.345448,0.281764,0.0554324,0.378321,0.0623077,3.93833,-1.35743,0.691224,0.208953,-0.112243,-0.242227,-1.15823,0.175131,0.154279,2.05002,-0.0598446,-0.0492272,-0.346922,-0.0753856,0.0303518,0.193002,-0.271358,-0.106235,-0.0527448,0.0733491,-0.213008,0.172516,0.396316,0.0544095,0.505401,0.054236,-0.0112014,0.0281852,0.0215635,-0.240832,-0.020154,0.560319,-0.0283169,-0.0257362,0.00464198,1.295,0.165641,0.0514708,-0.984842,0.6,0,0,0.969981,0.91087,1.05211
-0.0264007,-0.0365111,8.82188,0.279732,-0.251826,-0.0580297,-0.0462057,0.16071,0.061262,-0.0264007,-0.0365111,8.82188,0.279732,-0.251826,-0.0580297,-0.0462057,0.16071,0.061262,-1.17814,0.195962,0.154031,2.00561,-0.0032606,-0.0483213,-0.277207,-0.114083,0.0397721,0.145832,-0.231385,-0.119291,-0.0540168,0.0931746,-0.217883,0.170869,0.401066,0.0524414,0.491741,0.0559702,-0.00877074,0.0290804,0.00982728,-0.250832,-0.0193414,0.555873,-0.0356561,-0.0244707,0.00691285,0,0,0,0,0,0,0,0,0,0,0,0,0,0,0,0,0,0,0,0,0,0,0,0,0,0,0,0,0,-1.2749,0.214056,0.0645858,2.19169,-0.280497,-0.0384777,-0.175435,0.0710972,-0.181215,0.581688,-0.308969,-0.130123,-0.104575,0.0211325,-0.271188,0.332086,0.307374,0.0768485,0.649842,0.0549458,-0.000721971,0.0263794,0.128481,-0.216139,-0.0104842,0.658184,-0.0237129,-0.00226311,0.00604605,-1.04394,-0.0919062,0.538327,-3.17065,3.55483,-0.149816,1.99638,-0.341362,0.261627,-2.26194,0.608582,0.253931,0.360676,0.0415391,0.0720514,-0.492699,0.236288,-0.539278,-0.463316,-0.0117777,0.263233,0.0175871,-0.530387,-0.650934,-0.463821,0.0546999,-0.083136,-0.0243885,-0.0712936,7.40693,-3.36946,2.37291,5.45309,-0.174257,-0.0386015,-11.9651,-12.4301,7.85188,-24.6672,-0.00164146,0.257447,1.18768,1.43028,1.60928,-1.85534,1.05121,0.155712,-1.6659,0.000753672,-0.46439,0.00848023,-1.05244,0.234574,0.288013,-1.46721,0.0100041,-0.372633,0.0541764,0,0,0,0,0,0,0,0,0,0,0,0,0,0,0,0,0,0,0,0,0,0,0,0,0,0,0,0,0,2.55789,6.3088,2.55789,6.3088,1.81445,1.81445,2.55789,6.3088,2.55789,6.3088,1.81445,1.81445,2.55789,1.81445,1.81445,0.907223,0.907223,0.907223,0.907223,0.907223,1.06814,1.06814,0.907223,0.907223,0.907223,0.907223,0.907223,1.06814,1.06814,40.1792,99.0984,40.1792,99.0984,28.5012,28.5012,40.1792,99.0984,40.1792,99.0984,28.5012,28.5012,40.1792,28.5012,28.5012,14.2506,14.2506,14.2506,14.2506,14.2506,16.7783,16.7783,14.2506,14.2506,14.2506,14.2506,14.2506,16.7783,16.7783,0,0,0,0,0,0,0,0,0,0,0,0,0,0,0,0,0,0,0,0,0,0,0,0,0,0,0,0,0,0,0,0,0,0,0,0,0,0,0,0,0,0,0,0,0,0,0,0,0,0,0,0,0,0,0,0,0,0,0,0,0,0,0,0,0,0,0,0,0,0,0,0,0,0,0,0,0,0,0,0,0,0,0,0,0,0,0,0,0,0,0,0,0,0,0,0,0,0,0,0,0,0,0,0,0,0,0,0,0,0,0,0,0,0,0,0,0,-0.0462057,0.16071,0.061262,-0.066422,-0.433613,-0.496796,0.458452,-0.115903,0.212447,0.119572,-0.0441004,-0.0986525,-0.24684,-0.100613,-1.58185,0.0635433,0.127618,-0.0812994,0.558837,-0.325336,-0.117727,-0.328462,0.281311,0.072637,0.390336,0.0927889,3.81168,-1.49195,0.820242,0.300095,-0.110177,-0.271996,-1.17814,0.195962,0.154031,2.00561,-0.0032606,-0.0483213,-0.277207,-0.114083,0.0397721,0.145832,-0.231385,-0.119291,-0.0540168,0.0931746,-0.217883,0.170869,0.401066,0.0524414,0.491741,0.0559702,-0.00877074,0.0290804,0.00982728,-0.250832,-0.0193414,0.555873,-0.0356561,-0.0244707,0.00691285,0.718,0.16002,0.0455941,-0.98606,0.6,0,0,0.969981,0.91087,1.05211
-0.033701,0.0927564,8.5944,0.183557,-0.146205,-0.107586,-0.0413044,0.156309,0.0593878,-0.033701,0.0927564,8.5944,0.183557,-0.146205,-0.107586,-0.0413044,0.156309,0.0593878,-1.20038,0.208468,0.129642,1.87008,0.0807178,-0.076868,-0.192839,-0.108202,0.0531316,0.166298,-0.140427,-0.106513,-0.0563307,0.0767866,-0.189299,0.189627,0.351728,0.0201667,0.494541,0.0527277,-0.00522261,0.0297858,0.028916,-0.292917,-0.0387545,0.570663,-0.0394709,-0.0239673,0.0102626,0,0,0,0,0,0,0,0,0,0,0,0,0,0,0,0,0,0,0,0,0,0,0,0,0,0,0,0,0,-1.28863,0.212624,0.0835584,2.11591,-0.196184,-0.0413583,-0.128471,0.0630466,-0.173953,0.522147,-0.29625,-0.123543,-0.0961062,0.0245952,-0.268269,0.317357,0.312163,0.0648591,0.634743,0.055197,0.00445847,0.0268415,0.114598,-0.228721,-0.0183193,0.656639,-0.0273332,-0.00292728,0.00538542,-0.313,0.0153201,0.863107,-2.95225,3.03826,-0.107776,1.7312,-0.281253,0.274279,-2.45381,0.69987,0.29923,0.295929,0.143196,0.260312,-0.704247,0.142904,-0.457074,-0.699748,0.01398,0.146166,0.0143236,-0.592526,-0.436541,-0.226197,-0.15739,-0.145537,-0.0388055,-0.00740235,5.29987,-1.67586,0.703363,7.4929,-0.0422432,-0.00630404,-10.4066,-15.7736,7.90457,-22.1646,0.660603,-0.394252,0.927036,1.70251,1.04289,-1.47849,1.13199,0.232292,-1.43162,-0.00178822,-0.386986,0.0215422,-0.971794,0.082839,0.198391,-1.31253,0.0134088,-0.324393,0.035557,0,0,0,0,0,0,0,0,0,0,0,0,0,0,0,0,0,0,0,0,0,0,0,0,0,0,0,0,0,2.55789,6.3088,2.55789,6.3088,1.81445,1.81445,2.55789,6.3088,2.55789,6.3088,1.81445,1.81445,2.55789,1.81445,1.81445,0.907223,0.907223,0.907223,0.907223,0.907223,1.06814,1.06814,0.907223,0.907223,0.907223,0.907223,0.907223,1.06814,1.06814,40.1792,99.0984,40.1792,99.0984,28.5012,28.5012,40.1792,99.0984,40.1792,99.0984,28.5012,28.5012,40.1792,28.5012,28.5012,14.2506,14.2506,14.2506,14.2506,14.2506,16.7783,16.7783,14.2506,14.2506,14.2506,14.2506,14.2506,16.7783,16.7783,0,0,0,0,0,0,0,0,0,0,0,0,0,0,0,0,0,0,0,0,0,0,0,0,0,0,0,0,0,0,0,0,0,0,0,0,0,0,0,0,0,0,0,0,0,0,0,0,0,0,0,0,0,0,0,0,0,0,0,0,0,0,0,0,0,0,0,0,0,0,0,0,0,0,0,0,0,0,0,0,0,0,0,0,0,0,0,0,0,0,0,0,0,0,0,0,0,0,0,0,0,0,0,0,0,0,0,0,0,0,0,0,0,0,0,0,0,-0.0413044,0.156309,0.0593878,-0.0236507,-0.390088,-0.43162,0.345956,-0.211859,0.175081,0.045982,-0.0883641,-0.102878,-0.240457,-0.066892,-1.62248,0.217627,0.120224,-0.0899976,0.594499,-0.308566,-0.0701013,-0.321705,0.236769,0.0970358,0.399804,0.137751,3.42517,-1.43358,1.01172,0.507488,-0.175267,-0.24286,-1.20038,0.208468,0.129642,1.87008,0.0807178,-0.076868,-0.192839,-0.108202,0.0531316,0.166298,-0.140427,-0.106513,-0.0563307,0.0767866,-0.189299,0.189627,0.351728,0.0201667,0.494541,0.0527277,-0.00522261,0.0297858,0.028916,-0.292917,-0.0387545,0.570663,-0.0394709,-0.0239673,0.0102626,0.669,0.156272,0.0414582,-0.986844,0.6,0,0,0.990673,0.494819,1.057
2.23735,-2.46056,5.81157,0.131398,-0.0989118,-0.133281,-0.0390608,0.154592,0.0575497,2.23735,-2.46056,5.81157,0.131398,-0.0989118,-0.133281,-0.0390608,0.154592,0.0575497,-1.2173,0.20957,0.124561,1.7482,0.111135,-0.0872131,-0.0790345,-0.0991814,0.0717765,0.178557,-0.0729457,-0.100983,-0.06647,0.0811694,-0.146036,0.208225,0.333413,0.00323,0.493532,0.0502766,-0.00357954,0.0295772,0.0404536,-0.320472,-0.0510793,0.584004,-0.0425971,-0.0231694,0.0141748,0,0,0,0,0,0,0,0,0,0,0,0,0,0,0,0,0,0,0,0,0,0,0,0,0,0,0,0,0,-1.29022,0.213139,0.097479,2.06326,-0.137957,-0.0481238,-0.103808,0.0586183,-0.168633,0.483414,-0.284233,-0.117857,-0.0923396,0.027679,-0.262683,0.304713,0.313905,0.0565254,0.623017,0.0548022,0.00652742,0.0276418,0.104631,-0.234604,-0.0218004,0.654002,-0.030005,-0.00414575,0.00618751,0.0400854,0.0362917,0.909623,-3.50421,3.62534,-0.496268,1.41452,-0.273616,0.525164,-2.44665,0.487974,0.399135,0.188532,0.294025,0.47458,-0.808374,0.0934839,-0.55984,-0.786088,-0.0360963,0.111258,0.0511281,-0.619937,-0.317661,-0.189519,-0.188068,-0.163551,-0.0827622,0.0700322,3.591,-0.779972,-0.795533,2.10738,-0.34099,0.0671503,-7.10085,-14.934,8.07418,-16.8495,2.62834,-0.334229,0.965454,1.0657,1.38826,-0.904017,0.472907,-0.0329428,-1.17975,0.0011123,-0.316338,-0.0223279,-0.518954,-0.52825,-0.0580029,-1.03641,0.0127667,-0.243368,-0.00284717,0,0,0,0,0,0,0,0,0,0,0,0,0,0,0,0,0,0,0,0,0,0,0,0,0,0,0,0,0,2.55789,6.3088,2.55789,6.3088,1.81445,1.81445,2.55789,6.3088,2.55789,6.3088,1.81445,1.81445,2.55789,1.81445,1.81445,0.907223,0.907223,0.907223,0.907223,0.907223,1.06814,1.06814,0.907223,0.907223,0.907223,0.907223,0.907223,1.06814,1.06814,40.1792,99.0984,40.1792,99.0984,28.5012,28.5012,40.1792,99.0984,40.1792,99.0984,28.5012,28.5012,40.1792,28.5012,28.5012,14.2506,14.2506,14.2506,14.2506,14.2506,16.7783,16.7783,14.2506,14.2506,14.2506,14.2506,14.2506,16.7783,16.7783,0,0,0,0,0,0,0,0,0,0,0,0,0,0,0,0,0,0,0,0,0,0,0,0,0,0,0,0,0,0,0,0,0,0,0,0,0,0,0,0,0,0,0,0,0,0,0,0,0,0,0,0,0,0,0,0,0,0,0,0,0,0,0,0,0,0,0,0,0,0,0,0,0,0,0,0,0,0,0,0,0,0,0,0,0,0,0,0,0,0,0,0,0,0,0,0,0,0,0,0,0,0,0,0,0,0,0,0,0,0,0,0,0,0,0,0,0,-0.0390608,0.154592,0.0575497,0.0187536,-0.363782,-0.332976,0.304195,-0.274689,0.185074,0.00736472,-0.116466,-0.121396,-0.242757,-0.036473,-1.65337,0.425472,0.114636,-0.0971257,0.597642,-0.282841,-0.048047,-0.310994,0.227489,0.131088,0.397005,0.190263,3.07762,-1.39862,1.08108,0.661353,-0.198855,-0.230252,-1.2173,0.20957,0.124561,1.7482,0.111135,-0.0872131,-0.0790345,-0.0991814,0.0717765,0.178557,-0.0729457,-0.100983,-0.06647,0.0811694,-0.146036,0.208225,0.333413,0.00323,0.493532,0.0502766,-0.00357954,0.0295772,0.0404536,-0.320472,-0.0510793,0.584004,-0.0425971,-0.0231694,0.0141748,0.674,0.153977,0.0385851,-0.987321,0.6,0,0,1.0076,0.4818,1.04043
-0.533791,1.74705,7.43133,0.131345,-0.050977,-0.159113,-0.0368937,0.153557,0.0547439,-0.533791,1.74705,7.43133,0.131345,-0.050977,-0.159113,-0.0368937,0.153557,0.0547439,-1.24034,0.215104,0.109739,1.70425,0.104865,-0.0819433,0.0407716,-0.134284,0.106573,0.169464,0.0019259,-0.115086,-0.069736,0.0820007,-0.106994,0.216422,0.362671,0.0136997,0.482085,0.0486595,-0.00163656,0.0281163,0.0709248,-0.334483,-0.0574295,0.607265,-0.0479855,-0.0169097,0.0188552,0,0,0,0,0,0,0,0,0,0,0,0,0,0,0,0,0,0,0,0,0,0,0,0,0,0,0,0,0,-1.28376,0.213789,0.112714,1.98295,-0.0684196,-0.0589496,-0.0784745,0.0545686,-0.158014,0.435488,-0.270501,-0.110513,-0.0900285,0.0322395,-0.252729,0.286546,0.313801,0.044208,0.607208,0.0536704,0.00806098,0.0285917,0.0913314,-0.240781,-0.025512,0.650791,-0.0334406,-0.00618418,0.00851184,0.471947,0.0459491,0.641385,-4.21704,3.02966,-0.497516,1.11845,-0.124131,0.639738,-2.34192,0.64974,0.334892,0.0480057,0.186698,0.602191,-0.924893,-0.0875815,-0.636184,-0.811066,-0.0551359,0.0402587,0.0315022,-0.661063,-0.315904,-0.155778,-0.167899,-0.157614,-0.0935318,0.12206,1.5394,-0.607535,-1.26781,2.59068,-0.437516,0.100561,-2.92362,-14.2768,7.5574,-10.8482,4.57695,-0.319678,0.780226,0.976919,2.02024,-0.309385,0.327421,-0.0216055,-0.898891,0.00257064,-0.25027,-0.0198419,-0.142796,-0.86807,-0.222234,-0.810123,0.012621,-0.186759,-0.0339369,0,0,0,0,0,0,0,0,0,0,0,0,0,0,0,0,0,0,0,0,0,0,0,0,0,0,0,0,0,2.55789,6.3088,2.55789,6.3088,1.81445,1.81445,2.55789,6.3088,2.55789,6.3088,1.81445,1.81445,2.55789,1.81445,1.81445,0.907223,0.907223,0.907223,0.907223,0.907223,1.06814,1.06814,0.907223,0.907223,0.907223,0.907223,0.907223,1.06814,1.06814,40.1792,99.0984,40.1792,99.0984,28.5012,28.5012,40.1792,99.0984,40.1792,99.0984,28.5012,28.5012,40.1792,28.5012,28.5012,14.2506,14.2506,14.2506,14.2506,14.2506,16.7783,16.7783,14.2506,14.2506,14.2506,14.2506,14.2506,16.7783,16.7783,0,0,0,0,0,0,0,0,0,0,0,0,0,0,0,0,0,0,0,0,0,0,0,0,0,0,0,0,0,0,0,0,0,0,0,0,0,0,0,0,0,0,0,0,0,0,0,0,0,0,0,0,0,0,0,0,0,0,0,0,0,0,0,0,0,0,0,0,0,0,0,0,0,0,0,0,0,0,0,0,0,0,0,0,0,0,0,0,0,0,0,0,0,0,0,0,0,0,0,0,0,0,0,0,0,0,0,0,0,0,0,0,0,0,0,0,0,-0.0368937,0.153557,0.0547439,0.0374429,-0.294304,-0.243958,0.370905,-0.306635,0.18697,0.0312367,-0.130945,-0.127361,-0.268859,0.0165642,-1.69546,0.644277,0.110949,-0.109412,0.613423,-0.382945,-0.021967,-0.226973,0.200419,0.194637,0.377395,0.253087,2.95229,-1.42455,1.06678,0.832067,-0.186839,-0.262408,-1.24034,0.215104,0.109739,1.70425,0.104865,-0.0819433,0.0407716,-0.134284,0.106573,0.169464,0.0019259,-0.115086,-0.069736,0.0820007,-0.106994,0.216422,0.362671,0.0136997,0.482085,0.0486595,-0.00163656,0.0281163,0.0709248,-0.334483,-0.0574295,0.607265,-0.0479855,-0.0169097,0.0188552,0.755,0.152955,0.0364513,-0.987561,0.6,0,0,1.0076,0.4818,1.04043
0.121133,1.70673,7.66255,0.141278,-0.104287,-0.220574,-0.034762,0.152272,0.0509352,0.121133,1.70673,7.66255,0.141278,-0.104287,-0.220574,-0.034762,0.152272,0.0509352,-1.26024,0.217003,0.101044,1.62479,0.0738459,-0.083917,0.14289,-0.154482,0.11979,0.182818,0.057448,-0.119784,-0.0783308,0.0792046,-0.0942996,0.226994,0.355397,0.0107807,0.485273,0.0474784,0.000105744,0.026624,0.0903985,-0.34429,-0.0605369,0.61447,-0.0503367,-0.0170062,0.02217,0,0,0,0,0,0,0,0,0,0,0,0,0,0,0,0,0,0,0,0,0,0,0,0,0,0,0,0,0,-1.26902,0.214899,0.121293,1.89912,-0.0198371,-0.0661155,-0.0557313,0.0541324,-0.145167,0.389443,-0.257123,-0.104349,-0.0901565,0.0337819,-0.241166,0.267868,0.310116,0.0321618,0.590282,0.0523695,0.00894749,0.0283749,0.0777486,-0.247354,-0.0284869,0.649208,-0.0372979,-0.00748755,0.0117241,0.860416,0.0787363,0.257586,-4.02749,1.98785,-0.288614,1.08561,0.0610488,0.688412,-2.22823,0.623985,0.288331,-0.0600312,-0.00236326,0.64992,-0.904364,-0.253436,-0.574889,-0.845934,-0.0606546,0.0178987,-0.026308,-0.649607,-0.34118,-0.129904,-0.0270295,-0.18393,-0.0375813,0.159487,-0.951861,-0.374384,-1.25409,5.72159,-0.095426,0.0771289,1.10312,-18.8722,8.3239,-7.89089,6.37323,-0.816106,0.933568,1.29655,2.71393,0.0650998,0.94981,0.249686,-0.786432,0.00246172,-0.205427,0.0224436,0.480771,-0.949207,-0.295543,-0.567668,0.0143762,-0.115067,-0.0497777,0,0,0,0,0,0,0,0,0,0,0,0,0,0,0,0,0,0,0,0,0,0,0,0,0,0,0,0,0,2.55789,6.3088,2.55789,6.3088,1.81445,1.81445,2.55789,6.3088,2.55789,6.3088,1.81445,1.81445,2.55789,1.81445,1.81445,0.907223,0.907223,0.907223,0.907223,0.907223,1.06814,1.06814,0.907223,0.907223,0.907223,0.907223,0.907223,1.06814,1.06814,40.1792,99.0984,40.1792,99.0984,28.5012,28.5012,40.1792,99.0984,40.1792,99.0984,28.5012,28.5012,40.1792,28.5012,28.5012,14.2506,14.2506,14.2506,14.2506,14.2506,16.7783,16.7783,14.2506,14.2506,14.2506,14.2506,14.2506,16.7783,16.7783,0,0,0,0,0,0,0,0,0,0,0,0,0,0,0,0,0,0,0,0,0,0,0,0,0,0,0,0,0,0,0,0,0,0,0,0,0,0,0,0,0,0,0,0,0,0,0,0,0,0,0,0,0,0,0,0,0,0,0,0,0,0,0,0,0,0,0,0,0,0,0,0,0,0,0,0,0,0,0,0,0,0,0,0,0,0,0,0,0,0,0,0,0,0,0,0,0,0,0,0,0,0,0,0,0,0,0,0,0,0,0,0,0,0,0,0,0,-0.034762,0.152272,0.0509352,0.0615498,-0.249902,-0.215012,0.35432,-0.328996,0.180594,0.0245811,-0.13803,-0.143058,-0.261589,0.0329936,-1.73181,0.830778,0.108256,-0.114773,0.618839,-0.440544,0.00141936,-0.228268,0.18454,0.218776,0.357365,0.297581,2.72568,-1.38647,0.996052,0.958663,-0.191339,-0.273119,-1.26024,0.217003,0.101044,1.62479,0.0738459,-0.083917,0.14289,-0.154482,0.11979,0.182818,0.057448,-0.119784,-0.0783308,0.0792046,-0.0942996,0.226994,0.355397,0.0107807,0.485273,0.0474784,0.000105744,0.026624,0.0903985,-0.34429,-0.0605369,0.61447,-0.0503367,-0.0170062,0.02217,0.945,0.151685,0.0343528,-0.987832,0.6,0,0,1.02015,0.483128,1.04558
0.41698,1.58309,7.69932,0.143642,-0.151095,-0.265748,-0.0326834,0.149995,0.0461259,0.41698,1.58309,7.69932,0.143642,-0.151095,-0.265748,-0.0326834,0.149995,0.0461259,-1.27543,0.209244,0.105575,1.58881,0.0155042,-0.0712709,0.229971,-0.187537,0.124309,0.175265,0.0868932,-0.130281,-0.0853564,0.0848344,-0.106281,0.221642,0.382088,0.0304067,0.476915,0.0469488,0.00201724,0.0241421,0.102822,-0.336979,-0.0551552,0.621764,-0.0563662,-0.0139407,0.0255868,0,0,0,0,0,0,0,0,0,0,0,0,0,0,0,0,0,0,0,0,0,0,0,0,0,0,0,0,0,-1.24618,0.215842,0.123666,1.81863,0.00783315,-0.0713863,-0.0337176,0.0553291,-0.131771,0.348237,-0.244946,-0.0984286,-0.0922634,0.0328503,-0.229772,0.249422,0.303588,0.0213943,0.574398,0.0510774,0.0090303,0.0275622,0.0655698,-0.254177,-0.0311749,0.649288,-0.0409097,-0.00831887,0.0151159,1.2572,0.0416258,-0.00737012,-3.90957,1.02534,-0.228762,1.05095,0.0869549,0.705782,-1.91106,0.513414,0.294485,-0.143107,-0.0912484,0.610901,-0.888413,-0.38296,-0.512259,-0.744164,-0.0589306,-0.0139936,-0.0447424,-0.534689,-0.348362,-0.11845,0.00956839,-0.163018,-0.0352283,0.15967,-3.66817,-0.0860917,-1.02286,5.05681,-0.022463,0.0621533,4.42365,-21.1685,8.29787,-4.39612,7.75171,-1.13003,0.894901,1.41019,2.81622,0.469381,1.0562,0.305779,-0.598282,0.00245833,-0.140556,0.0312486,0.839347,-0.984209,-0.311329,-0.50373,0.0135491,-0.108075,-0.051463,0,0,0,0,0,0,0,0,0,0,0,0,0,0,0,0,0,0,0,0,0,0,0,0,0,0,0,0,0,2.55789,6.3088,2.55789,6.3088,1.81445,1.81445,2.55789,6.3088,2.55789,6.3088,1.81445,1.81445,2.55789,1.81445,1.81445,0.907223,0.907223,0.907223,0.907223,0.907223,1.06814,1.06814,0.907223,0.907223,0.907223,0.907223,0.907223,1.06814,1.06814,40.1792,99.0984,40.1792,99.0984,28.5012,28.5012,40.1792,99.0984,40.1792,99.0984,28.5012,28.5012,40.1792,28.5012,28.5012,14.2506,14.2506,14.2506,14.2506,14.2506,16.7783,16.7783,14.2506,14.2506,14.2506,14.2506,14.2506,16.7783,16.7783,0,0,0,0,0,0,0,0,0,0,0,0,0,0,0,0,0,0,0,0,0,0,0,0,0,0,0,0,0,0,0,0,0,0,0,0,0,0,0,0,0,0,0,0,0,0,0,0,0,0,0,0,0,0,0,0,0,0,0,0,0,0,0,0,0,0,0,0,0,0,0,0,0,0,0,0,0,0,0,0,0,0,0,0,0,0,0,0,0,0,0,0,0,0,0,0,0,0,0,0,0,0,0,0,0,0,0,0,0,0,0,0,0,0,0,0,0,-0.0326834,0.149995,0.0461259,0.0493465,-0.221575,-0.242331,0.415179,-0.312327,0.193431,0.0693302,-0.125759,-0.155889,-0.280645,0.049624,-1.75955,0.989817,0.107048,-0.128521,0.596713,-0.534808,0.0270768,-0.187121,0.192814,0.227029,0.324051,0.343444,2.62308,-1.40801,0.863027,1.0258,-0.162505,-0.297055,-1.27543,0.209244,0.105575,1.58881,0.0155042,-0.0712709,0.229971,-0.187537,0.124309,0.175265,0.0868932,-0.130281,-0.0853564,0.0848344,-0.106281,0.221642,0.382088,0.0304067,0.476915,0.0469488,0.00201724,0.0241421,0.102822,-0.336979,-0.0551552,0.621764,-0.0563662,-0.0139407,0.0255868,1.407,0.149433,0.0323106,-0.988244,0.6,0,0,1.02015,0.483128,1.04558
1.56094,0.345134,7.65139,0.125834,-0.182243,-0.298905,-0.0309222,0.146875,0.0404722,1.56094,0.345134,7.65139,0.125834,-0.182243,-0.298905,-0.0309222,0.146875,0.0404722,-1.30147,0.203946,0.097061,1.53006,-0.0352436,-0.0635818,0.309555,-0.219576,0.120117,0.185419,0.12357,-0.141689,-0.0894419,0.070105,-0.128013,0.216986,0.39061,0.0396112,0.471698,0.0464632,0.00394103,0.0221309,0.0992876,-0.345398,-0.0533995,0.619992,-0.0597399,-0.014463,0.0276973,0,0,0,0,0,0,0,0,0,0,0,0,0,0,0,0,0,0,0,0,0,0,0,0,0,0,0,0,0,-1.21561,0.214722,0.121573,1.74479,0.0122289,-0.0722048,-0.00937552,0.0566512,-0.11874,0.311829,-0.237279,-0.0925575,-0.0944921,0.0305941,-0.220758,0.231903,0.29499,0.0133472,0.56,0.0499708,0.00913694,0.0258013,0.0563326,-0.260821,-0.0332744,0.649739,-0.0449813,-0.00868577,0.0183424,1.61759,-0.0803105,-0.220631,-3.43918,-0.0701254,0.0109717,1.22979,0.101993,0.594945,-1.66735,0.276835,0.288165,-0.105348,-0.180873,0.438413,-0.837893,-0.46551,-0.341671,-0.6649,-0.0505028,0.0045769,-0.089434,-0.369106,-0.323252,-0.0857487,0.0470006,-0.195305,-0.00646045,0.149812,-6.41465,-0.0591153,-0.117797,6.00097,0.186503,0.00928986,6.53975,-24.8044,8.34228,-3.06719,8.50374,-1.57564,0.627838,1.87254,2.54156,0.611648,1.65122,0.549729,-0.595021,0.00204428,-0.123925,0.0677428,1.01234,-0.79507,-0.230284,-0.435314,0.0145903,-0.0780067,-0.0374107,0,0,0,0,0,0,0,0,0,0,0,0,0,0,0,0,0,0,0,0,0,0,0,0,0,0,0,0,0,2.55789,6.3088,2.55789,6.3088,1.81445,1.81445,2.55789,6.3088,2.55789,6.3088,1.81445,1.81445,2.55789,1.81445,1.81445,0.907223,0.907223,0.907223,0.907223,0.907223,1.06814,1.06814,0.907223,0.907223,0.907223,0.907223,0.907223,1.06814,1.06814,40.1792,99.0984,40.1792,99.0984,28.5012,28.5012,40.1792,99.0984,40.1792,99.0984,28.5012,28.5012,40.1792,28.5012,28.5012,14.2506,14.2506,14.2506,14.2506,14.2506,16.7783,16.7783,14.2506,14.2506,14.2506,14.2506,14.2506,16.7783,16.7783,0,0,0,0,0,0,0,0,0,0,0,0,0,0,0,0,0,0,0,0,0,0,0,0,0,0,0,0,0,0,0,0,0,0,0,0,0,0,0,0,0,0,0,0,0,0,0,0,0,0,0,0,0,0,0,0,0,0,0,0,0,0,0,0,0,0,0,0,0,0,0,0,0,0,0,0,0,0,0,0,0,0,0,0,0,0,0,0,0,0,0,0,0,0,0,0,0,0,0,0,0,0,0,0,0,0,0,0,0,0,0,0,0,0,0,0,0,-0.0309222,0.146875,0.0404722,0.0387287,-0.229634,-0.291882,0.43461,-0.331523,0.159846,0.0903174,-0.121756,-0.16335,-0.292542,0.0455833,-1.8071,1.13516,0.105941,-0.136213,0.581605,-0.626175,0.0528992,-0.194132,0.177265,0.219373,0.297056,0.371771,2.45554,-1.37905,0.747317,1.10943,-0.144973,-0.323065,-1.30147,0.203946,0.097061,1.53006,-0.0352436,-0.0635818,0.309555,-0.219576,0.120117,0.185419,0.12357,-0.141689,-0.0894419,0.070105,-0.128013,0.216986,0.39061,0.0396112,0.471698,0.0464632,0.00394103,0.0221309,0.0992876,-0.345398,-0.0533995,0.619992,-0.0597399,-0.014463,0.0276973,1.383,0.146348,0.0305844,-0.98876,0.6,0,0,1.02908,0.492764,1.0491
4.3892,-3.09854,4.52591,0.0842976,-0.21104,-0.315817,-0.0296838,0.143246,0.0344227,4.3892,-3.09854,4.52591,0.0842976,-0.21104,-0.315817,-0.0296838,0.143246,0.0344227,-1.32251,0.191661,0.0938485,1.48946,-0.101575,-0.0435274,0.38633,-0.248788,0.103256,0.19967,0.141194,-0.160292,-0.0940603,0.0644942,-0.143526,0.210602,0.400148,0.0511158,0.462734,0.044995,0.00502694,0.0194861,0.087313,-0.345751,-0.0514573,0.617598,-0.0650599,-0.01385,0.0295957,0,0,0,0,0,0,0,0,0,0,0,0,0,0,0,0,0,0,0,0,0,0,0,0,0,0,0,0,0,-1.1796,0.21078,0.116639,1.67844,0.00112454,-0.070251,0.0172208,0.0570385,-0.107433,0.280856,-0.234482,-0.0866695,-0.0956886,0.0278503,-0.214427,0.215739,0.285758,0.00806607,0.547277,0.0490032,0.00949653,0.0236802,0.051067,-0.266863,-0.0344353,0.650425,-0.0489989,-0.00883597,0.0212367,1.8331,-0.242222,-0.229326,-3.16033,-0.690838,0.10951,1.30978,-0.0565834,0.60731,-1.42367,-0.0928089,0.312325,-0.0507438,-0.0653214,0.353286,-0.728815,-0.433594,-0.230867,-0.627566,-0.0466683,0.0283192,-0.100088,-0.145907,-0.277054,-0.0248026,0.0313849,-0.184599,-0.000792105,0.135141,-9.46876,0.644032,0.0780123,4.86362,0.183179,-0.0148555,8.48541,-27.7266,8.02441,-0.87946,9.78647,-2.07759,0.355709,1.59841,1.98706,0.718128,1.92052,0.649537,-0.572089,0.00321023,-0.111354,0.079546,0.857019,-0.849511,-0.231329,-0.47037,0.0139353,-0.0856107,-0.0330497,0,0,0,0,0,0,0,0,0,0,0,0,0,0,0,0,0,0,0,0,0,0,0,0,0,0,0,0,0,2.55789,6.3088,2.55789,6.3088,1.81445,1.81445,2.55789,6.3088,2.55789,6.3088,1.81445,1.81445,2.55789,1.81445,1.81445,0.907223,0.907223,0.907223,0.907223,0.907223,1.06814,1.06814,0.907223,0.907223,0.907223,0.907223,0.907223,1.06814,1.06814,40.1792,99.0984,40.1792,99.0984,28.5012,28.5012,40.1792,99.0984,40.1792,99.0984,28.5012,28.5012,40.1792,28.5012,28.5012,14.2506,14.2506,14.2506,14.2506,14.2506,16.7783,16.7783,14.2506,14.2506,14.2506,14.2506,14.2506,16.7783,16.7783,0,0,0,0,0,0,0,0,0,0,0,0,0,0,0,0,0,0,0,0,0,0,0,0,0,0,0,0,0,0,0,0,0,0,0,0,0,0,0,0,0,0,0,0,0,0,0,0,0,0,0,0,0,0,0,0,0,0,0,0,0,0,0,0,0,0,0,0,0,0,0,0,0,0,0,0,0,0,0,0,0,0,0,0,0,0,0,0,0,0,0,0,0,0,0,0,0,0,0,0,0,0,0,0,0,0,0,0,0,0,0,0,0,0,0,0,0,-0.0296838,0.143246,0.0344227,0.0241729,-0.256938,-0.327254,0.456358,-0.332327,0.147053,0.116549,-0.117328,-0.171785,-0.312979,0.040125,-1.84553,1.27538,0.102593,-0.148343,0.546571,-0.709483,0.0674749,-0.185903,0.171398,0.18858,0.261556,0.397253,2.33974,-1.33841,0.596075,1.14961,-0.0992468,-0.365481,-1.32251,0.191661,0.0938485,1.48946,-0.101575,-0.0435274,0.38633,-0.248788,0.103256,0.19967,0.141194,-0.160292,-0.0940603,0.0644942,-0.143526,0.210602,0.400148,0.0511158,0.462734,0.044995,0.00502694,0.0194861,0.087313,-0.345751,-0.0514573,0.617598,-0.0650599,-0.01385,0.0295957,0.605,0.142757,0.0293755,-0.989322,0.6,0,0,1.03682,0.906535,1.05121
-2.4346,-1.28085,11.7229,0.0105877,-0.0134523,-0.266003,-0.0293814,0.140813,0.0284321,-2.4346,-1.28085,11.7229,0.0105877,-0.0134523,-0.266003,-0.0293814,0.140813,0.0284321,-1.30242,0.187905,0.0602553,1.42376,-0.170946,-0.0283186,0.438105,-0.285762,0.0922724,0.207734,0.200487,-0.162862,-0.0940012,0.0319939,-0.129425,0.230258,0.393687,0.0448216,0.464429,0.0366043,0.00558046,0.0170444,0.0730897,-0.345245,-0.0424981,0.600145,-0.0650503,-0.0168661,0.0322015,0,0,0,0,0,0,0,0,0,0,0,0,0,0,0,0,0,0,0,0,0,0,0,0,0,0,0,0,0,-1.14325,0.202869,0.117773,1.654,-0.0523104,-0.0667407,0.0458102,0.0522299,-0.0992114,0.256162,-0.236644,-0.0806719,-0.0944687,0.028609,-0.21293,0.200114,0.277265,0.00544388,0.536631,0.0479473,0.010002,0.0212487,0.0488987,-0.271152,-0.0354214,0.652108,-0.05329,-0.00885303,0.0237153,1.67242,-0.569315,0.363029,0.173486,-3.79041,0.276491,1.39466,-0.464832,0.249474,-1.06644,-0.0955468,0.292119,0.163823,0.229332,-0.0766054,-0.855235,-0.382386,-0.0766022,-0.424352,-0.050134,0.0246185,-0.112994,-0.0781816,-0.119679,-0.0732108,0.158371,-0.2015,0.00427769,0.102785,-11.4643,2.14027,-1.74315,-16.4929,5.17344,0.228103,10.1343,-27.2704,7.4253,1.16515,10.9727,-2.78575,-0.342254,0.697738,2.08981,0.885977,2.09878,0.724153,-0.658418,0.00315638,-0.106848,0.0919673,0.625252,-0.936383,-0.167023,-0.616765,0.015335,-0.084656,-0.0134383,0,0,0,0,0,0,0,0,0,0,0,0,0,0,0,0,0,0,0,0,0,0,0,0,0,0,0,0,0,2.55789,6.3088,2.55789,6.3088,1.81445,1.81445,2.55789,6.3088,2.55789,6.3088,1.81445,1.81445,2.55789,1.81445,1.81445,0.907223,0.907223,0.907223,0.907223,0.907223,1.06814,1.06814,0.907223,0.907223,0.907223,0.907223,0.907223,1.06814,1.06814,40.1792,99.0984,40.1792,99.0984,28.5012,28.5012,40.1792,99.0984,40.1792,99.0984,28.5012,28.5012,40.1792,28.5012,28.5012,14.2506,14.2506,14.2506,14.2506,14.2506,16.7783,16.7783,14.2506,14.2506,14.2506,14.2506,14.2506,16.7783,16.7783,0,0,0,0,0,0,0,0,0,0,0,0,0,0,0,0,0,0,0,0,0,0,0,0,0,0,0,0,0,0,0,0,0,0,0,0,0,0,0,0,0,0,0,0,0,0,0,0,0,0,0,0,0,0,0,0,0,0,0,0,0,0,0,0,0,0,0,0,0,0,0,0,0,0,0,0,0,0,0,0,0,0,0,0,0,0,0,0,0,0,0,0,0,0,0,0,0,0,0,0,0,0,0,0,0,0,0,0,0,0,0,0,0,0,0,0,0,-0.0293814,0.140813,0.0284321,0.068991,-0.289368,-0.295102,0.441626,-0.331172,0.0729493,0.102198,-0.0968999,-0.171677,-0.309116,0.00033036,-1.80884,1.36994,0.0834614,-0.148321,0.535858,-0.814923,0.0749046,-0.226388,0.110046,0.16852,0.228782,0.43223,2.1524,-1.31542,0.437901,1.28481,-0.0645692,-0.371341,-1.30242,0.187905,0.0602553,1.42376,-0.170946,-0.0283186,0.438105,-0.285762,0.0922724,0.207734,0.200487,-0.162862,-0.0940012,0.0319939,-0.129425,0.230258,0.393687,0.0448216,0.464429,0.0366043,0.00558046,0.0170444,0.0730897,-0.345245,-0.0424981,0.600145,-0.0650503,-0.0168661,0.0322015,0.738,0.140348,0.0290864,-0.989675,0.6,0,0,1.03682,0.906535,1.05121
-2.46742,-0.502915,11.5749,-0.0882202,0.244666,-0.175307,-0.0312345,0.143527,0.0239773,-2.46742,-0.502915,11.5749,-0.0882202,0.244666,-0.175307,-0.0312345,0.143527,0.0239773,-1.28791,0.170194,0.0617307,1.42318,-0.249353,-0.00278335,0.503656,-0.286721,0.0709301,0.212613,0.284679,-0.1562,-0.0975855,0.041692,-0.0946285,0.246035,0.395405,0.0444281,0.456166,0.0297634,0.00583543,0.0144788,0.0647873,-0.352613,-0.0431342,0.604844,-0.0661482,-0.0173265,0.0335634,0,0,0,0,0,0,0,0,0,0,0,0,0,0,0,0,0,0,0,0,0,0,0,0,0,0,0,0,0,-1.10938,0.185949,0.132306,1.65928,-0.126931,-0.0592481,0.072401,0.0351852,-0.0951434,0.235964,-0.241298,-0.0742013,-0.0896429,0.0412149,-0.217405,0.18171,0.272005,0.00394439,0.529267,0.0451752,0.0105845,0.0189834,0.0482649,-0.271031,-0.0355485,0.654537,-0.056644,-0.00829146,0.0257259,1.61239,-0.952359,0.877802,0.188615,-3.45695,0.369004,1.17749,-1.02215,0.161431,-0.952956,-0.186619,0.328539,0.250306,0.801839,-0.245468,-0.945257,-0.203753,-0.0767221,-0.311787,-0.146208,0.0247245,-0.106096,0.0246688,0.0730329,0.0527263,0.0783614,-0.144133,0.0305525,0.0986663,-11.8451,6.01693,-5.0605,-24.6407,4.9819,0.214698,11.6517,-25.6146,7.06103,3.11888,13.0497,-3.10673,-0.809095,-1.66677,2.94934,1.52071,1.91688,0.651049,-0.636966,0.0105016,-0.111203,0.080494,0.343431,-1.11437,-0.135808,-0.851453,0.0110764,-0.177281,0.00562095,0,0,0,0,0,0,0,0,0,0,0,0,0,0,0,0,0,0,0,0,0,0,0,0,0,0,0,0,0,2.55789,6.3088,2.55789,6.3088,1.81445,1.81445,2.55789,6.3088,2.55789,6.3088,1.81445,1.81445,2.55789,1.81445,1.81445,0.907223,0.907223,0.907223,0.907223,0.907223,1.06814,1.06814,0.907223,0.907223,0.907223,0.907223,0.907223,1.06814,1.06814,40.1792,99.0984,40.1792,99.0984,28.5012,28.5012,40.1792,99.0984,40.1792,99.0984,28.5012,28.5012,40.1792,28.5012,28.5012,14.2506,14.2506,14.2506,14.2506,14.2506,16.7783,16.7783,14.2506,14.2506,14.2506,14.2506,14.2506,16.7783,16.7783,0,0,0,0,0,0,0,0,0,0,0,0,0,0,0,0,0,0,0,0,0,0,0,0,0,0,0,0,0,0,0,0,0,0,0,0,0,0,0,0,0,0,0,0,0,0,0,0,0,0,0,0,0,0,0,0,0,0,0,0,0,0,0,0,0,0,0,0,0,0,0,0,0,0,0,0,0,0,0,0,0,0,0,0,0,0,0,0,0,0,0,0,0,0,0,0,0,0,0,0,0,0,0,0,0,0,0,0,0,0,0,0,0,0,0,0,0,-0.0312345,0.143527,0.0239773,0.104965,-0.308298,-0.215762,0.445542,-0.347973,0.0950618,0.1013,-0.0983503,-0.178223,-0.327955,0.011044,-1.78234,1.48966,0.0678635,-0.150824,0.485352,-0.817659,0.0783269,-0.232568,0.112741,0.129542,0.194345,0.45051,2.15073,-1.3015,0.259126,1.47677,-0.00634631,-0.356151,-1.28791,0.170194,0.0617307,1.42318,-0.249353,-0.00278335,0.503656,-0.286721,0.0709301,0.212613,0.284679,-0.1562,-0.0975855,0.041692,-0.0946285,0.246035,0.395405,0.0444281,0.456166,0.0297634,0.00583543,0.0144788,0.0647873,-0.352613,-0.0431342,0.604844,-0.0661482,-0.0173265,0.0335634,0.779,0.143035,0.0309084,-0.989235,0.6,0,0,1.04317,0.90046,1.05297
-0.189637,-1.31776,7.8633,-0.105974,0.301868,-0.144831,-0.033708,0.149349,0.0206154,-0.189637,-1.31776,7.8633,-0.105974,0.301868,-0.144831,-0.033708,0.149349,0.0206154,-1.26119,0.146778,0.0822358,1.42759,-0.309192,0.0161024,0.547754,-0.269621,0.0313985,0.222281,0.393268,-0.135065,-0.105877,0.0734483,-0.0580256,0.261557,0.387098,0.0409503,0.453164,0.0249891,0.00607989,0.0118701,0.0573734,-0.34873,-0.0392404,0.600722,-0.0639449,-0.0191371,0.034904,0,0,0,0,0,0,0,0,0,0,0,0,0,0,0,0,0,0,0,0,0,0,0,0,0,0,0,0,0,-1.07821,0.164732,0.152169,1.65938,-0.191584,-0.0487124,0.0948063,0.0126599,-0.0908453,0.214481,-0.244637,-0.0672567,-0.0840968,0.0596968,-0.22149,0.164836,0.269269,0.00239368,0.521444,0.0411505,0.0113506,0.0166225,0.0496216,-0.268823,-0.0329954,0.656166,-0.0593182,-0.00792816,0.0279702,1.44343,-1.0903,1.09907,-0.124833,-3.05631,0.519532,0.996639,-1.21241,0.384135,-1.13105,-0.357563,0.350286,0.245644,1.04384,-0.0728639,-0.723398,-0.069733,-0.0868848,-0.468661,-0.197004,0.0295827,-0.113991,0.124716,0.139467,0.176373,0.0618812,-0.1198,0.0208388,0.114267,-12.1093,7.20616,-6.25677,-22.7959,3.807,0.356655,13.8607,-22.4681,5.72045,6.64998,15.5084,-3.14663,-1.19458,-2.26443,3.83184,1.82421,1.87825,0.673153,-0.539317,0.0161823,-0.129294,0.0844463,0.122449,-1.30917,-0.290761,-0.797567,0.0112483,-0.177746,-0.0250927,0,0,0,0,0,0,0,0,0,0,0,0,0,0,0,0,0,0,0,0,0,0,0,0,0,0,0,0,0,2.55789,6.3088,2.55789,6.3088,1.81445,1.81445,2.55789,6.3088,2.55789,6.3088,1.81445,1.81445,2.55789,1.81445,1.81445,0.907223,0.907223,0.907223,0.907223,0.907223,1.06814,1.06814,0.907223,0.907223,0.907223,0.907223,0.907223,1.06814,1.06814,40.1792,99.0984,40.1792,99.0984,28.5012,28.5012,40.1792,99.0984,40.1792,99.0984,28.5012,28.5012,40.1792,28.5012,28.5012,14.2506,14.2506,14.2506,14.2506,14.2506,16.7783,16.7783,14.2506,14.2506,14.2506,14.2506,14.2506,16.7783,16.7783,0,0,0,0,0,0,0,0,0,0,0,0,0,0,0,0,0,0,0,0,0,0,0,0,0,0,0,0,0,0,0,0,0,0,0,0,0,0,0,0,0,0,0,0,0,0,0,0,0,0,0,0,0,0,0,0,0,0,0,0,0,0,0,0,0,0,0,0,0,0,0,0,0,0,0,0,0,0,0,0,0,0,0,0,0,0,0,0,0,0,0,0,0,0,0,0,0,0,0,0,0,0,0,0,0,0,0,0,0,0,0,0,0,0,0,0,0,-0.033708,0.149349,0.0206154,0.140357,-0.325203,-0.132304,0.426601,-0.33912,0.167469,0.0933708,-0.089472,-0.193366,-0.334801,0.00164701,-1.73353,1.57019,0.0569777,-0.145801,0.418573,-0.768892,0.0816083,-0.256871,0.15019,0.0573441,0.159328,0.468504,2.16331,-1.27393,0.122687,1.72437,0.036715,-0.307963,-1.26119,0.146778,0.0822358,1.42759,-0.309192,0.0161024,0.547754,-0.269621,0.0313985,0.222281,0.393268,-0.135065,-0.105877,0.0734483,-0.0580256,0.261557,0.387098,0.0409503,0.453164,0.0249891,0.00607989,0.0118701,0.0573734,-0.34873,-0.0392404,0.600722,-0.0639449,-0.0191371,0.034904,0.565,0.148794,0.0333264,-0.988306,0.6,0,0,1.04317,0.90046,1.05297
-3.35306,2.70255,10.8534,-0.0440611,0.323874,-0.106861,-0.0354583,0.155805,0.0178992,-3.35306,2.70255,10.8534,-0.0440611,0.323874,-0.106861,-0.0354583,0.155805,0.0178992,-1.23996,0.131692,0.108084,1.44937,-0.361842,0.0330564,0.584412,-0.272905,-0.009056,0.231535,0.470098,-0.125725,-0.113755,0.0994951,-0.0328778,0.269879,0.390366,0.0474588,0.452609,0.0257903,0.00717591,0.00881002,0.0504536,-0.329219,-0.0270721,0.590708,-0.063535,-0.0198918,0.0364636,0,0,0,0,0,0,0,0,0,0,0,0,0,0,0,0,0,0,0,0,0,0,0,0,0,0,0,0,0,-1.05068,0.142538,0.171231,1.65509,-0.252285,-0.0355523,0.113822,-0.00903837,-0.0866386,0.190676,-0.245557,-0.0590885,-0.0784187,0.0768631,-0.222402,0.152333,0.267574,0.000855632,0.512015,0.036811,0.0114901,0.0142226,0.0525949,-0.266453,-0.0290646,0.657357,-0.0608399,-0.00777317,0.0302615,1.27397,-1.08228,0.883474,-0.266462,-3.01146,0.655916,0.857049,-1.01169,0.201743,-1.2054,-0.00488457,0.426768,0.267391,0.768717,0.0444603,-0.523938,-0.0754467,-0.0754056,-0.481019,-0.20072,-0.0202137,-0.112555,0.181579,0.112146,0.204389,0.0416025,-0.0587496,0.00213676,0.109131,-11.6751,7.24006,-6.02677,-20.8505,3.69455,0.311833,15.2559,-18.9882,4.08214,10.5512,18.7368,-2.94845,-1.74783,-1.67745,4.56694,2.01029,1.74299,0.643955,-0.376368,0.01575,-0.0880401,0.081584,-0.096546,-1.28726,-0.334416,-0.840543,0.00933805,-0.199672,-0.0387069,0,0,0,0,0,0,0,0,0,0,0,0,0,0,0,0,0,0,0,0,0,0,0,0,0,0,0,0,0,2.55789,6.3088,2.55789,6.3088,1.81445,1.81445,2.55789,6.3088,2.55789,6.3088,1.81445,1.81445,2.55789,1.81445,1.81445,0.907223,0.907223,0.907223,0.907223,0.907223,1.06814,1.06814,0.907223,0.907223,0.907223,0.907223,0.907223,1.06814,1.06814,40.1792,99.0984,40.1792,99.0984,28.5012,28.5012,40.1792,99.0984,40.1792,99.0984,28.5012,28.5012,40.1792,28.5012,28.5012,14.2506,14.2506,14.2506,14.2506,14.2506,16.7783,16.7783,14.2506,14.2506,14.2506,14.2506,14.2506,16.7783,16.7783,0,0,0,0,0,0,0,0,0,0,0,0,0,0,0,0,0,0,0,0,0,0,0,0,0,0,0,0,0,0,0,0,0,0,0,0,0,0,0,0,0,0,0,0,0,0,0,0,0,0,0,0,0,0,0,0,0,0,0,0,0,0,0,0,0,0,0,0,0,0,0,0,0,0,0,0,0,0,0,0,0,0,0,0,0,0,0,0,0,0,0,0,0,0,0,0,0,0,0,0,0,0,0,0,0,0,0,0,0,0,0,0,0,0,0,0,0,-0.0354583,0.155805,0.0178992,0.159331,-0.340981,-0.0749646,0.434054,-0.294632,0.226859,0.108211,-0.061727,-0.207754,-0.336067,-0.0211877,-1.69476,1.63714,0.0588045,-0.144866,0.375553,-0.778258,0.0963198,-0.267,0.197398,-0.0165392,0.118254,0.489438,2.22543,-1.24754,0.00264046,1.89955,0.0753719,-0.286665,-1.23996,0.131692,0.108084,1.44937,-0.361842,0.0330564,0.584412,-0.272905,-0.009056,0.231535,0.470098,-0.125725,-0.113755,0.0994951,-0.0328778,0.269879,0.390366,0.0474588,0.452609,0.0257903,0.00717591,0.00881002,0.0504536,-0.329219,-0.0270721,0.590708,-0.063535,-0.0198918,0.0364636,0.649,0.155175,0.0350215,-0.987266,0.6,0,0,1.0426,0.890558,1.05611
-0.747801,-0.533529,7.65666,-0.0101752,0.311973,-0.0824115,-0.0363231,0.162208,0.0157379,-0.747801,-0.533529,7.65666,-0.0101752,0.311973,-0.0824115,-0.0363231,0.162208,0.0157379,-1.21891,0.119195,0.125294,1.47297,-0.408419,0.0500972,0.617188,-0.291708,-0.0375545,0.231875,0.5236,-0.125969,-0.116102,0.106262,-0.0239572,0.269048,0.398772,0.057975,0.445106,0.0283927,0.00739171,0.0068492,0.0504189,-0.318627,-0.0191315,0.586765,-0.0659856,-0.0181572,0.0373924,0,0,0,0,0,0,0,0,0,0,0,0,0,0,0,0,0,0,0,0,0,0,0,0,0,0,0,0,0,-1.02566,0.121729,0.187669,1.64882,-0.31325,-0.0201815,0.130267,-0.0276334,-0.0851274,0.167312,-0.245525,-0.0501273,-0.0729751,0.0899927,-0.221135,0.144131,0.26621,0.000261002,0.502335,0.0336215,0.0111782,0.0115695,0.0564986,-0.264107,-0.0244162,0.657431,-0.0617367,-0.00744715,0.0322758,1.18981,-0.971881,0.75363,-0.32635,-3.04697,0.744277,0.749367,-0.845586,0.0172682,-1.1046,-0.00370184,0.44233,0.253855,0.553466,0.113413,-0.320058,-0.0593105,-0.00752986,-0.458315,-0.134524,-0.0212302,-0.124168,0.210442,0.124844,0.240843,-0.0187926,-0.0380219,0.014461,0.0939397,-11.62,7.03024,-5.0309,-17.8089,3.98725,0.166643,16.3076,-19.182,3.08481,13.272,20.2383,-2.92682,-2.30465,-0.680192,5.22191,2.0998,1.83365,0.679254,-0.312618,0.0097173,-0.0397401,0.0867512,-0.265338,-1.03027,-0.2475,-0.938919,0.00871146,-0.222935,-0.0284693,0,0,0,0,0,0,0,0,0,0,0,0,0,0,0,0,0,0,0,0,0,0,0,0,0,0,0,0,0,2.55789,6.3088,2.55789,6.3088,1.81445,1.81445,2.55789,6.3088,2.55789,6.3088,1.81445,1.81445,2.55789,1.81445,1.81445,0.907223,0.907223,0.907223,0.907223,0.907223,1.06814,1.06814,0.907223,0.907223,0.907223,0.907223,0.907223,1.06814,1.06814,40.1792,99.0984,40.1792,99.0984,28.5012,28.5012,40.1792,99.0984,40.1792,99.0984,28.5012,28.5012,40.1792,28.5012,28.5012,14.2506,14.2506,14.2506,14.2506,14.2506,16.7783,16.7783,14.2506,14.2506,14.2506,14.2506,14.2506,16.7783,16.7783,0,0,0,0,0,0,0,0,0,0,0,0,0,0,0,0,0,0,0,0,0,0,0,0,0,0,0,0,0,0,0,0,0,0,0,0,0,0,0,0,0,0,0,0,0,0,0,0,0,0,0,0,0,0,0,0,0,0,0,0,0,0,0,0,0,0,0,0,0,0,0,0,0,0,0,0,0,0,0,0,0,0,0,0,0,0,0,0,0,0,0,0,0,0,0,0,0,0,0,0,0,0,0,0,0,0,0,0,0,0,0,0,0,0,0,0,0,-0.0363231,0.162208,0.0157379,0.157437,-0.34106,-0.0546249,0.45322,-0.270481,0.242288,0.132189,-0.0436218,-0.212041,-0.353173,-0.0301778,-1.65632,1.697,0.0647383,-0.150454,0.339914,-0.831878,0.0992164,-0.243718,0.228827,-0.0685869,0.0919344,0.501906,2.29272,-1.24657,-0.103559,2.0637,0.114227,-0.287222,-1.21891,0.119195,0.125294,1.47297,-0.408419,0.0500972,0.617188,-0.291708,-0.0375545,0.231875,0.5236,-0.125969,-0.116102,0.106262,-0.0239572,0.269048,0.398772,0.057975,0.445106,0.0283927,0.00739171,0.0068492,0.0504189,-0.318627,-0.0191315,0.586765,-0.0659856,-0.0181572,0.0373924,0.555,0.161497,0.0358384,-0.986222,0.6,0,0,1.03755,0.872832,1.05836
-0.9615,-0.0788497,7.56939,0.00529463,0.284773,-0.0499273,-0.0366094,0.168336,0.0141478,-0.9615,-0.0788497,7.56939,0.00529463,0.284773,-0.0499273,-0.0366094,0.168336,0.0141478,-1.20255,0.108537,0.123363,1.46291,-0.440729,0.0550149,0.627212,-0.295741,-0.0614743,0.23423,0.5236,-0.127701,-0.114413,0.115315,-0.0174623,0.277763,0.386996,0.0557228,0.449525,0.0270519,0.00745413,0.00583981,0.0420426,-0.318334,-0.0177685,0.577308,-0.064681,-0.0191588,0.0376917,0,0,0,0,0,0,0,0,0,0,0,0,0,0,0,0,0,0,0,0,0,0,0,0,0,0,0,0,0,-1.00133,0.102948,0.202281,1.64208,-0.374087,-0.00380863,0.146345,-0.0437146,-0.0867553,0.145574,-0.246788,-0.0409577,-0.0679114,0.0997359,-0.219745,0.139721,0.2655,0.00129932,0.493123,0.0319622,0.010993,0.00889817,0.0606955,-0.26128,-0.0192516,0.656285,-0.0629183,-0.0067703,0.0339759,1.17328,-0.881505,0.712888,-0.33613,-2.99101,0.817309,0.773471,-0.762386,-0.0920013,-1.02058,-0.187342,0.452007,0.227189,0.437556,0.101598,-0.134218,-0.00713329,0.076379,-0.440668,-0.0632911,-0.0083024,-0.120883,0.222878,0.158509,0.262901,-0.0717821,-0.0594598,0.0347259,0.0791615,-11.7086,7.09993,-4.86089,-14.6863,4.31646,0.0787004,16.9564,-19.8737,2.23857,14.9038,22.1885,-3.2238,-2.52499,-0.592721,5.43778,1.97981,1.9139,0.741986,-0.291592,0.00676423,-0.0535975,0.095519,-0.337627,-0.952259,-0.229975,-0.929944,0.0100852,-0.228696,-0.0259449,0,0,0,0,0,0,0,0,0,0,0,0,0,0,0,0,0,0,0,0,0,0,0,0,0,0,0,0,0,2.55789,6.3088,2.55789,6.3088,1.81445,1.81445,2.55789,6.3088,2.55789,6.3088,1.81445,1.81445,2.55789,1.81445,1.81445,0.907223,0.907223,0.907223,0.907223,0.907223,1.06814,1.06814,0.907223,0.907223,0.907223,0.907223,0.907223,1.06814,1.06814,40.1792,99.0984,40.1792,99.0984,28.5012,28.5012,40.1792,99.0984,40.1792,99.0984,28.5012,28.5012,40.1792,28.5012,28.5012,14.2506,14.2506,14.2506,14.2506,14.2506,16.7783,16.7783,14.2506,14.2506,14.2506,14.2506,14.2506,16.7783,16.7783,0,0,0,0,0,0,0,0,0,0,0,0,0,0,0,0,0,0,0,0,0,0,0,0,0,0,0,0,0,0,0,0,0,0,0,0,0,0,0,0,0,0,0,0,0,0,0,0,0,0,0,0,0,0,0,0,0,0,0,0,0,0,0,0,0,0,0,0,0,0,0,0,0,0,0,0,0,0,0,0,0,0,0,0,0,0,0,0,0,0,0,0,0,0,0,0,0,0,0,0,0,0,0,0,0,0,0,0,0,0,0,0,0,0,0,0,0,-0.0366094,0.168336,0.0141478,0.177307,-0.360159,-0.0398158,0.426369,-0.269813,0.262929,0.127053,-0.0405139,-0.208955,-0.343097,-0.0517403,-1.62644,1.71531,0.061681,-0.147479,0.309521,-0.84338,0.100054,-0.257162,0.225302,-0.112272,0.0783858,0.505923,2.26404,-1.23986,-0.177231,2.17032,0.12544,-0.29117,-1.20255,0.108537,0.123363,1.46291,-0.440729,0.0550149,0.627212,-0.295741,-0.0614743,0.23423,0.5236,-0.127701,-0.114413,0.115315,-0.0174623,0.277763,0.386996,0.0557228,0.449525,0.0270519,0.00745413,0.00583981,0.0420426,-0.318334,-0.0177685,0.577308,-0.064681,-0.0191588,0.0376917,0.592,0.167542,0.0360839,-0.985204,0.6,0,0,1.03755,0.872832,1.05836
-1.23168,-0.00547069,7.77273,0.0246149,0.239852,-0.0141606,-0.036353,0.173646,0.0133114,-1.23168,-0.00547069,7.77273,0.0246149,0.239852,-0.0141606,-0.036353,0.173646,0.0133114,-1.14371,0.0920435,0.127923,1.44945,-0.492519,0.0624272,0.642097,-0.342277,-0.0958045,0.209147,0.5236,-0.123314,-0.11466,0.129768,-0.0235022,0.27583,0.394148,0.0695691,0.438725,0.0291011,0.00829853,0.00479762,0.0322472,-0.29956,-0.000510155,0.559666,-0.0623634,-0.0182631,0.0388614,0,0,0,0,0,0,0,0,0,0,0,0,0,0,0,0,0,0,0,0,0,0,0,0,0,0,0,0,0,-0.978488,0.0854676,0.214846,1.63553,-0.434105,0.0106031,0.161301,-0.05773,-0.0908203,0.127117,-0.250504,-0.0319979,-0.0630132,0.106681,-0.217587,0.138651,0.265547,0.0033982,0.486074,0.0306216,0.01056,0.00680416,0.0650449,-0.257796,-0.0142076,0.654455,-0.063637,-0.00610358,0.0354261,1.07954,-0.847649,0.600132,-0.298641,-2.99921,0.609342,0.68125,-0.670856,-0.202687,-0.815217,-0.342097,0.431019,0.232132,0.313343,0.159257,0.0223686,0.0234037,0.111703,-0.293585,-0.0623017,-0.0173346,-0.0889711,0.22126,0.192888,0.241811,-0.103287,-0.0266252,0.0272892,0.0662073,-11.7334,7.53316,-5.16867,-15.2166,5.09943,0.158114,16.9864,-19.4469,1.70674,15.7268,22.5819,-3.49295,-2.65746,-0.314798,5.4533,1.97787,1.71555,0.647078,-0.251765,0.00571891,-0.0332662,0.0795529,-0.520716,-1.0288,-0.266002,-1.01076,0.00948131,-0.249746,-0.0321549,0,0,0,0,0,0,0,0,0,0,0,0,0,0,0,0,0,0,0,0,0,0,0,0,0,0,0,0,0,2.55789,6.3088,2.55789,6.3088,1.81445,1.81445,2.55789,6.3088,2.55789,6.3088,1.81445,1.81445,2.55789,1.81445,1.81445,0.907223,0.907223,0.907223,0.907223,0.907223,1.06814,1.06814,0.907223,0.907223,0.907223,0.907223,0.907223,1.06814,1.06814,40.1792,99.0984,40.1792,99.0984,28.5012,28.5012,40.1792,99.0984,40.1792,99.0984,28.5012,28.5012,40.1792,28.5012,28.5012,14.2506,14.2506,14.2506,14.2506,14.2506,16.7783,16.7783,14.2506,14.2506,14.2506,14.2506,14.2506,16.7783,16.7783,0,0,0,0,0,0,0,0,0,0,0,0,0,0,0,0,0,0,0,0,0,0,0,0,0,0,0,0,0,0,0,0,0,0,0,0,0,0,0,0,0,0,0,0,0,0,0,0,0,0,0,0,0,0,0,0,0,0,0,0,0,0,0,0,0,0,0,0,0,0,0,0,0,0,0,0,0,0,0,0,0,0,0,0,0,0,0,0,0,0,0,0,0,0,0,0,0,0,0,0,0,0,0,0,0,0,0,0,0,0,0,0,0,0,0,0,0,-0.036353,0.173646,0.0133114,0.172901,-0.382493,-0.0535873,0.442676,-0.227006,0.295884,0.158624,-0.0011632,-0.209407,-0.367723,-0.091966,-1.51897,1.74249,0.0663533,-0.142195,0.262485,-0.97609,0.111388,-0.245139,0.233629,-0.174971,0.0643968,0.521623,2.22566,-1.31139,-0.295316,2.46279,0.14234,-0.281169,-1.14371,0.0920435,0.127923,1.44945,-0.492519,0.0624272,0.642097,-0.342277,-0.0958045,0.209147,0.5236,-0.123314,-0.11466,0.129768,-0.0235022,0.27583,0.394148,0.0695691,0.438725,0.0291011,0.00829853,0.00479762,0.0322472,-0.29956,-0.000510155,0.559666,-0.0623634,-0.0182631,0.0388614,0.89,0.172303,0.035842,-0.984392,0.6,0,0,1.03105,0.85571,1.05726
-0.189179,-0.79897,8.15637,0.0123286,0.264112,0.0478927,-0.036095,0.180481,0.0133446,-0.189179,-0.79897,8.15637,0.0123286,0.264112,0.0478927,-0.036095,0.180481,0.0133446,-1.10241,0.0795638,0.136446,1.424,-0.527652,0.0697863,0.633634,-0.346444,-0.126236,0.206119,0.5236,-0.108063,-0.109465,0.145972,-0.0303109,0.267859,0.386389,0.0704501,0.433533,0.0304772,0.00878294,0.00406533,0.0250589,-0.30545,0.00163505,0.551614,-0.0606271,-0.0186246,0.0391141,0,0,0,0,0,0,0,0,0,0,0,0,0,0,0,0,0,0,0,0,0,0,0,0,0,0,0,0,0,-0.946239,0.0631319,0.230199,1.62527,-0.507767,0.0247816,0.183532,-0.0757317,-0.101742,0.106242,-0.255761,-0.0199726,-0.0567984,0.115147,-0.219405,0.140397,0.266428,0.00837678,0.48022,0.0300089,0.0109193,0.00463127,0.0691401,-0.252123,-0.00710111,0.650739,-0.063499,-0.00472885,0.0366527,1.37148,-0.897805,0.628838,-0.462061,-3.06925,0.502011,0.919848,-0.728372,-0.52259,-0.817232,-0.126042,0.496548,0.228445,0.312342,-0.0754098,0.136161,0.0399331,0.233752,-0.156935,-0.0156778,0.0267507,-0.0726653,0.175122,0.264416,0.317907,-0.16861,0.0102335,0.0494419,0.0502733,-11.3981,8.42748,-5.58827,-14.6079,5.84465,0.135769,16.0425,-22.0706,1.68787,15.4284,22.1984,-3.84095,-2.94599,-0.0784439,5.79118,1.8349,1.79823,0.662544,-0.457733,-6.39025e-05,-0.0595013,0.0818482,-0.671724,-0.897994,-0.181384,-1.1517,0.00668508,-0.278367,-0.0142707,0,0,0,0,0,0,0,0,0,0,0,0,0,0,0,0,0,0,0,0,0,0,0,0,0,0,0,0,0,2.55789,6.3088,2.55789,6.3088,1.81445,1.81445,2.55789,6.3088,2.55789,6.3088,1.81445,1.81445,2.55789,1.81445,1.81445,0.907223,0.907223,0.907223,0.907223,0.907223,1.06814,1.06814,0.907223,0.907223,0.907223,0.907223,0.907223,1.06814,1.06814,40.1792,99.0984,40.1792,99.0984,28.5012,28.5012,40.1792,99.0984,40.1792,99.0984,28.5012,28.5012,40.1792,28.5012,28.5012,14.2506,14.2506,14.2506,14.2506,14.2506,16.7783,16.7783,14.2506,14.2506,14.2506,14.2506,14.2506,16.7783,16.7783,0,0,0,0,0,0,0,0,0,0,0,0,0,0,0,0,0,0,0,0,0,0,0,0,0,0,0,0,0,0,0,0,0,0,0,0,0,0,0,0,0,0,0,0,0,0,0,0,0,0,0,0,0,0,0,0,0,0,0,0,0,0,0,0,0,0,0,0,0,0,0,0,0,0,0,0,0,0,0,0,0,0,0,0,0,0,0,0,0,0,0,0,0,0,0,0,0,0,0,0,0,0,0,0,0,0,0,0,0,0,0,0,0,0,0,0,0,-0.036095,0.180481,0.0133446,0.154725,-0.398883,-0.0691118,0.424986,-0.240436,0.33283,0.160633,0.00372808,-0.199918,-0.379562,-0.110324,-1.44356,1.72704,0.0694911,-0.138236,0.226896,-0.987973,0.11789,-0.249992,0.249195,-0.230548,0.0545675,0.525015,2.15309,-1.32002,-0.375423,2.69948,0.15912,-0.246395,-1.10241,0.0795638,0.136446,1.424,-0.527652,0.0697863,0.633634,-0.346444,-0.126236,0.206119,0.5236,-0.108063,-0.109465,0.145972,-0.0303109,0.267859,0.386389,0.0704501,0.433533,0.0304772,0.00878294,0.00406533,0.0250589,-0.30545,0.00163505,0.551614,-0.0606271,-0.0186246,0.0391141,0.565,0.178426,0.0355934,-0.983309,0.6,0,0,1.03105,0.85571,1.05726
-0.549042,-0.678851,8.37264,-0.00087206,0.258562,0.0952191,-0.0359605,0.184697,0.0143321,-0.549042,-0.678851,8.37264,-0.00087206,0.258562,0.0952191,-0.0359605,0.184697,0.0143321,-0.988516,0.0497763,0.149178,1.35418,-0.569507,0.0700586,0.621668,-0.363728,-0.176064,0.189744,0.5236,-0.0839404,-0.106044,0.174657,-0.0211407,0.270868,0.377327,0.0745661,0.426263,0.0315294,0.0085878,0.00243859,0.0244009,-0.28555,0.0241808,0.535892,-0.0545372,-0.0183237,0.0396148,0,0,0,0,0,0,0,0,0,0,0,0,0,0,0,0,0,0,0,0,0,0,0,0,0,0,0,0,0,-0.923321,0.0482962,0.241316,1.61629,-0.557304,0.0334798,0.198364,-0.0882112,-0.110545,0.0942532,-0.260659,-0.0116986,-0.0533282,0.121069,-0.220898,0.143434,0.267389,0.0124779,0.477981,0.0300361,0.011639,0.00357212,0.0717103,-0.247464,-0.00167134,0.647753,-0.0630517,-0.00396106,0.0374543,1.44733,-0.915675,0.676821,-0.605689,-3.11672,0.519477,0.901696,-0.753653,-0.615056,-0.687244,-0.266875,0.524804,0.210202,0.330343,-0.0940684,0.2153,0.0514944,0.262547,-0.0907881,0.0073383,0.0516023,-0.0569917,0.152151,0.29663,0.342697,-0.18873,0.0317959,0.0402822,0.0501735,-10.832,8.73398,-5.82478,-15.3944,6.31279,0.0397676,15.1578,-21.0883,1.01337,15.4951,22.6344,-3.68271,-2.82084,0.177733,5.6611,1.60367,1.66083,0.590711,-0.558755,-0.00126631,-0.0915503,0.070258,-0.793567,-1.07987,-0.250991,-1.20677,0.00581039,-0.287535,-0.0234123,0,0,0,0,0,0,0,0,0,0,0,0,0,0,0,0,0,0,0,0,0,0,0,0,0,0,0,0,0,2.55789,6.3088,2.55789,6.3088,1.81445,1.81445,2.55789,6.3088,2.55789,6.3088,1.81445,1.81445,2.55789,1.81445,1.81445,0.907223,0.907223,0.907223,0.907223,0.907223,1.06814,1.06814,0.907223,0.907223,0.907223,0.907223,0.907223,1.06814,1.06814,40.1792,99.0984,40.1792,99.0984,28.5012,28.5012,40.1792,99.0984,40.1792,99.0984,28.5012,28.5012,40.1792,28.5012,28.5012,14.2506,14.2506,14.2506,14.2506,14.2506,16.7783,16.7783,14.2506,14.2506,14.2506,14.2506,14.2506,16.7783,16.7783,0,0,0,0,0,0,0,0,0,0,0,0,0,0,0,0,0,0,0,0,0,0,0,0,0,0,0,0,0,0,0,0,0,0,0,0,0,0,0,0,0,0,0,0,0,0,0,0,0,0,0,0,0,0,0,0,0,0,0,0,0,0,0,0,0,0,0,0,0,0,0,0,0,0,0,0,0,0,0,0,0,0,0,0,0,0,0,0,0,0,0,0,0,0,0,0,0,0,0,0,0,0,0,0,0,0,0,0,0,0,0,0,0,0,0,0,0,-0.0359605,0.184697,0.0143321,0.161585,-0.400384,-0.048203,0.404324,-0.195062,0.398236,0.170018,0.0551347,-0.193672,-0.396137,-0.146173,-1.23554,1.70518,0.0718902,-0.12435,0.14195,-1.03726,0.115271,-0.245953,0.272448,-0.32155,0.0327323,0.531736,1.95398,-1.36672,-0.470857,3.15485,0.159741,-0.191392,-0.988516,0.0497763,0.149178,1.35418,-0.569507,0.0700586,0.621668,-0.363728,-0.176064,0.189744,0.5236,-0.0839404,-0.106044,0.174657,-0.0211407,0.270868,0.377327,0.0745661,0.426263,0.0315294,0.0085878,0.00243859,0.0244009,-0.28555,0.0241808,0.535892,-0.0545372,-0.0183237,0.0396148,0.659,0.183649,0.0353412,-0.982356,0.6,0,0,1.01537,0.83931,1.04234
-0.531306,-0.243629,8.91843,-0.0855944,0.244283,0.144506,-0.036671,0.190425,0.0164496,-0.531306,-0.243629,8.91843,-0.0855944,0.244283,0.144506,-0.036671,0.190425,0.0164496,-0.831707,-0.000148477,0.16957,1.24667,-0.601889,0.0766988,0.572106,-0.354869,-0.22111,0.195626,0.5236,-0.0390595,-0.103281,0.193946,-0.00322207,0.270889,0.369302,0.0788963,0.42231,0.0288296,0.00896284,0.000812496,0.0311104,-0.271165,0.0449381,0.536727,-0.047129,-0.0174536,0.0391715,0,0,0,0,0,0,0,0,0,0,0,0,0,0,0,0,0,0,0,0,0,0,0,0,0,0,0,0,0,-0.887381,0.0260998,0.258246,1.5968,-0.624666,0.0435034,0.219765,-0.107598,-0.126089,0.0803631,-0.268331,0.00030495,-0.0486878,0.132343,-0.225799,0.148647,0.269088,0.0188111,0.47609,0.0304159,0.0129112,0.00232637,0.0738559,-0.240335,0.00730338,0.643379,-0.0611244,-0.00266083,0.0380905,1.87122,-1.16362,0.971863,-1.15885,-3.50248,0.66424,1.03481,-1.0569,-0.77706,-0.652646,-0.541637,0.599696,0.206357,0.678572,-0.179198,0.320721,0.104233,0.317624,-0.0731524,0.0195215,0.0659838,-0.0548938,0.127671,0.394994,0.50503,-0.252131,0.10168,0.0630019,0.0372536,-8.78867,9.5422,-6.68746,-16.8937,7.70803,0.0105454,13.5116,-18.9103,-0.0454034,14.8978,23.4622,-3.46939,-2.84161,0.0202295,6.21629,1.47336,1.45243,0.509887,-0.639334,-0.00181825,-0.141764,0.0612548,-0.807026,-0.987464,-0.199437,-1.31866,0.00158879,-0.332513,-0.0103678,0,0,0,0,0,0,0,0,0,0,0,0,0,0,0,0,0,0,0,0,0,0,0,0,0,0,0,0,0,2.55789,6.3088,2.55789,6.3088,1.81445,1.81445,2.55789,6.3088,2.55789,6.3088,1.81445,1.81445,2.55789,1.81445,1.81445,0.907223,0.907223,0.907223,0.907223,0.907223,1.06814,1.06814,0.907223,0.907223,0.907223,0.907223,0.907223,1.06814,1.06814,40.1792,99.0984,40.1792,99.0984,28.5012,28.5012,40.1792,99.0984,40.1792,99.0984,28.5012,28.5012,40.1792,28.5012,28.5012,14.2506,14.2506,14.2506,14.2506,14.2506,16.7783,16.7783,14.2506,14.2506,14.2506,14.2506,14.2506,16.7783,16.7783,0,0,0,0,0,0,0,0,0,0,0,0,0,0,0,0,0,0,0,0,0,0,0,0,0,0,0,0,0,0,0,0,0,0,0,0,0,0,0,0,0,0,0,0,0,0,0,0,0,0,0,0,0,0,0,0,0,0,0,0,0,0,0,0,0,0,0,0,0,0,0,0,0,0,0,0,0,0,0,0,0,0,0,0,0,0,0,0,0,0,0,0,0,0,0,0,0,0,0,0,0,0,0,0,0,0,0,0,0,0,0,0,0,0,0,0,0,-0.036671,0.190425,0.0164496,0.161634,-0.385085,-0.00734664,0.386025,-0.162263,0.442217,0.179891,0.102463,-0.188625,-0.405152,-0.14427,-0.949156,1.61467,0.0657345,-0.107459,-0.00042342,-1.012,0.120305,-0.234274,0.309691,-0.403819,0.0109059,0.525785,1.64737,-1.34994,-0.544691,3.60691,0.174881,-0.0890597,-0.831707,-0.000148477,0.16957,1.24667,-0.601889,0.0766988,0.572106,-0.354869,-0.22111,0.195626,0.5236,-0.0390595,-0.103281,0.193946,-0.00322207,0.270889,0.369302,0.0788963,0.42231,0.0288296,0.00896284,0.000812496,0.0311104,-0.271165,0.0449381,0.536727,-0.047129,-0.0174536,0.0391715,0.664,0.189277,0.0360001,-0.981264,0.6,0,0,1.01537,0.83931,1.04234
-3.8874,3.12853,12.108,-0.143505,0.242347,0.235956,-0.0385971,0.19586,0.0200203,-3.8874,3.12853,12.108,-0.143505,0.242347,0.235956,-0.0385971,0.19586,0.0200203,-0.547117,-0.0593461,0.191665,1.11845,-0.64011,0.0686991,0.457433,-0.313843,-0.264179,0.224247,0.5236,0.0314233,-0.100042,0.220496,0.0401057,0.267862,0.370646,0.0853677,0.428329,0.0231876,0.00846886,-0.000608134,0.0562698,-0.251425,0.06933,0.538211,-0.0388536,-0.0174956,0.0385565,0,0,0,0,0,0,0,0,0,0,0,0,0,0,0,0,0,0,0,0,0,0,0,0,0,0,0,0,0,-0.843855,-0.00124522,0.280982,1.5666,-0.700865,0.0710716,0.242019,-0.132053,-0.145709,0.0701369,-0.276795,0.0142521,-0.0440733,0.149134,-0.232318,0.154747,0.270971,0.0260056,0.476117,0.0301701,0.0143968,0.00111432,0.0751649,-0.231296,0.0192984,0.639621,-0.0577163,-0.00162829,0.0383824,2.06309,-1.40599,1.14766,-1.46119,-3.36228,1.85305,1.08242,-1.23709,-1.09338,-0.408574,-0.28943,0.719602,0.226717,0.845999,-0.320055,0.300264,0.0668672,0.354762,0.0800479,-0.0180493,0.0728723,-0.0532973,0.066513,0.475276,0.637636,-0.176416,0.170134,0.0474264,0.0206562,-5.151,9.06647,-7.54154,-21.1196,10.0403,-2.40056,10.667,-13.9775,-0.629303,14.8924,23.8714,-2.7541,-2.89494,-0.430244,7.00245,1.36543,1.30389,0.439313,-0.788876,-0.00118077,-0.175716,0.0538669,-0.691726,-1.00476,-0.203359,-1.31329,-0.00309294,-0.319811,-0.00593604,0,0,0,0,0,0,0,0,0,0,0,0,0,0,0,0,0,0,0,0,0,0,0,0,0,0,0,0,0,2.55789,6.3088,2.55789,6.3088,1.81445,1.81445,2.55789,6.3088,2.55789,6.3088,1.81445,1.81445,2.55789,1.81445,1.81445,0.907223,0.907223,0.907223,0.907223,0.907223,1.06814,1.06814,0.907223,0.907223,0.907223,0.907223,0.907223,1.06814,1.06814,40.1792,99.0984,40.1792,99.0984,28.5012,28.5012,40.1792,99.0984,40.1792,99.0984,28.5012,28.5012,40.1792,28.5012,28.5012,14.2506,14.2506,14.2506,14.2506,14.2506,16.7783,16.7783,14.2506,14.2506,14.2506,14.2506,14.2506,16.7783,16.7783,0,0,0,0,0,0,0,0,0,0,0,0,0,0,0,0,0,0,0,0,0,0,0,0,0,0,0,0,0,0,0,0,0,0,0,0,0,0,0,0,0,0,0,0,0,0,0,0,0,0,0,0,0,0,0,0,0,0,0,0,0,0,0,0,0,0,0,0,0,0,0,0,0,0,0,0,0,0,0,0,0,0,0,0,0,0,0,0,0,0,0,0,0,0,0,0,0,0,0,0,0,0,0,0,0,0,0,0,0,0,0,0,0,0,0,0,0,-0.0385971,0.19586,0.0200203,0.154733,-0.327719,0.0914449,0.389091,-0.117253,0.502753,0.194647,0.158079,-0.18271,-0.391428,-0.140886,-0.429401,1.40524,0.0528701,-0.0885901,-0.169241,-0.895002,0.113675,-0.234838,0.350043,-0.482477,-0.00816277,0.51753,1.28171,-1.26833,-0.631839,4.11599,0.156641,0.0716482,-0.547117,-0.0593461,0.191665,1.11845,-0.64011,0.0686991,0.457433,-0.313843,-0.264179,0.224247,0.5236,0.0314233,-0.100042,0.220496,0.0401057,0.267862,0.370646,0.0853677,0.428329,0.0231876,0.00846886,-0.000608134,0.0562698,-0.251425,0.06933,0.538211,-0.0388536,-0.0174956,0.0385565,0.747,0.19461,0.0378498,-0.98015,0.6,0,0,0.992496,0.824159,1.02714
-1.49026,-0.647416,12.4824,-0.240971,0.284328,0.210796,-0.0419184,0.202403,0.024341,-1.49026,-0.647416,12.4824,-0.240971,0.284328,0.210796,-0.0419184,0.202403,0.024341,-0.239889,-0.176166,0.183737,0.995607,-0.764865,0.0435562,0.279914,-0.216583,-0.280901,0.283332,0.5236,0.132139,-0.102242,0.25936,0.0848182,0.265671,0.427305,0.109492,0.454542,0.0174924,0.0072441,0.00147328,0.0756063,-0.251474,0.0773933,0.535441,-0.0290978,-0.0199161,0.0356871,0,0,0,0,0,0,0,0,0,0,0,0,0,0,0,0,0,0,0,0,0,0,0,0,0,0,0,0,0,-0.805098,-0.0309374,0.30727,1.54697,-0.724166,0.105939,0.268739,-0.164838,-0.166662,0.0700869,-0.287127,0.0306117,-0.0426559,0.173736,-0.248825,0.159165,0.272923,0.0341708,0.47966,0.0285543,0.0157385,4.7967e-05,0.072993,-0.219743,0.0343267,0.638056,-0.0530116,-0.000687473,0.0383688,1.96461,-1.51583,1.38619,-0.853403,-0.302997,1.42821,1.41161,-1.85015,-1.03759,0.253791,-0.507486,0.808101,-0.0429698,1.42902,-0.99306,0.213111,0.102529,0.412672,0.306644,-0.0881257,0.0773678,-0.043988,-0.17754,0.663434,0.809777,0.00171605,0.225884,0.0588164,0.0115957,5.49008,6.4967,-8.08594,-37.1938,3.0821,-3.69833,4.05532,-3.54464,-1.3492,13.9575,24.0586,-1.42803,-2.25197,-1.15844,10.0063,1.37211,1.29852,0.360612,-0.974635,0.00338734,-0.196001,0.0371926,-0.0811863,-1.02078,-0.208495,-1.41353,-0.00381366,-0.339555,-0.00352723,0,0,0,0,0,0,0,0,0,0,0,0,0,0,0,0,0,0,0,0,0,0,0,0,0,0,0,0,0,2.55789,6.3088,2.55789,6.3088,1.81445,1.81445,2.55789,6.3088,2.55789,6.3088,1.81445,1.81445,2.55789,1.81445,1.81445,0.907223,0.907223,0.907223,0.907223,0.907223,1.06814,1.06814,0.907223,0.907223,0.907223,0.907223,0.907223,1.06814,1.06814,40.1792,99.0984,40.1792,99.0984,28.5012,28.5012,40.1792,99.0984,40.1792,99.0984,28.5012,28.5012,40.1792,28.5012,28.5012,14.2506,14.2506,14.2506,14.2506,14.2506,16.7783,16.7783,14.2506,14.2506,14.2506,14.2506,14.2506,16.7783,16.7783,0,0,0,0,0,0,0,0,0,0,0,0,0,0,0,0,0,0,0,0,0,0,0,0,0,0,0,0,0,0,0,0,0,0,0,0,0,0,0,0,0,0,0,0,0,0,0,0,0,0,0,0,0,0,0,0,0,0,0,0,0,0,0,0,0,0,0,0,0,0,0,0,0,0,0,0,0,0,0,0,0,0,0,0,0,0,0,0,0,0,0,0,0,0,0,0,0,0,0,0,0,0,0,0,0,0,0,0,0,0,0,0,0,0,0,0,0,-0.0419184,0.202403,0.024341,0.149736,-0.28363,0.193394,0.518277,-0.117367,0.591366,0.249652,0.176464,-0.186727,-0.331659,-0.1472,0.131698,1.08103,0.0398844,-0.0663459,-0.502381,-0.617641,0.0972351,-0.267327,0.335564,-0.513017,0.0197754,0.479015,0.931404,-1.09983,-0.916291,4.55277,0.0993125,0.301291,-0.239889,-0.176166,0.183737,0.995607,-0.764865,0.0435562,0.279914,-0.216583,-0.280901,0.283332,0.5236,0.132139,-0.102242,0.25936,0.0848182,0.265671,0.427305,0.109492,0.454542,0.0174924,0.0072441,0.00147328,0.0756063,-0.251474,0.0773933,0.535441,-0.0290978,-0.0199161,0.0356871,1.051,0.201024,0.0410507,-0.978726,0.6,0,0,0.96979,0.809622,1.01248
0.0283683,0.420021,14.0697,-0.239182,0.0244996,0.147885,-0.0462175,0.206192,0.0277552,0.0283683,0.420021,14.0697,-0.239182,0.0244996,0.147885,-0.0462175,0.206192,0.0277552,-0.0716717,-0.206657,0.125828,0.869523,-0.822011,0.0180097,0.160111,-0.105829,-0.297597,0.408089,0.5236,0.241853,-0.0983976,0.259753,0.0896368,0.278373,0.485024,0.12564,0.492836,0.0202328,0.00383059,0.00544152,0.109538,-0.328455,0.0447507,0.527837,-0.0153182,-0.0206912,0.0338853,0,0,0,0,0,0,0,0,0,0,0,0,0,0,0,0,0,0,0,0,0,0,0,0,0,0,0,0,0,-0.758785,-0.0655979,0.332683,1.52596,-0.728833,0.123807,0.296623,-0.205392,-0.190044,0.087339,-0.293485,0.0515973,-0.0440996,0.204216,-0.271752,0.162849,0.275239,0.0420923,0.492404,0.0257525,0.0167984,-0.000579181,0.0685532,-0.204829,0.0514474,0.639825,-0.0470561,0.000386139,0.038178,2.50146,-1.8162,1.10437,-1.19946,-0.251152,0.641625,1.31606,-2.00469,-1.21687,1.2332,-0.0204048,1.04993,-0.0648669,1.46308,-1.08045,0.227371,0.107849,0.363974,0.855012,-0.138429,0.0932302,-0.02514,-0.185626,0.795334,0.866187,0.132364,0.286018,0.0587995,-0.00112462,14.6945,0.16778,-8.84128,-45.374,-0.606586,-3.47457,-3.99853,11.3639,-0.62091,12.1823,23.4855,0.383117,-2.16583,-1.06747,12.1511,1.28658,2.06658,0.631292,-1.26161,0.00811225,-0.241835,0.0613201,0.282626,-1.357,-0.394261,-1.59994,-0.00384821,-0.400019,-0.0362344,0,0,0,0,0,0,0,0,0,0,0,0,0,0,0,0,0,0,0,0,0,0,0,0,0,0,0,0,0,2.55789,6.3088,2.55789,6.3088,1.81445,1.81445,2.55789,6.3088,2.55789,6.3088,1.81445,1.81445,2.55789,1.81445,1.81445,0.907223,0.907223,0.907223,0.907223,0.907223,1.06814,1.06814,0.907223,0.907223,0.907223,0.907223,0.907223,1.06814,1.06814,40.1792,99.0984,40.1792,99.0984,28.5012,28.5012,40.1792,99.0984,40.1792,99.0984,28.5012,28.5012,40.1792,28.5012,28.5012,14.2506,14.2506,14.2506,14.2506,14.2506,16.7783,16.7783,14.2506,14.2506,14.2506,14.2506,14.2506,16.7783,16.7783,0,0,0,0,0,0,0,0,0,0,0,0,0,0,0,0,0,0,0,0,0,0,0,0,0,0,0,0,0,0,0,0,0,0,0,0,0,0,0,0,0,0,0,0,0,0,0,0,0,0,0,0,0,0,0,0,0,0,0,0,0,0,0,0,0,0,0,0,0,0,0,0,0,0,0,0,0,0,0,0,0,0,0,0,0,0,0,0,0,0,0,0,0,0,0,0,0,0,0,0,0,0,0,0,0,0,0,0,0,0,0,0,0,0,0,0,0,-0.0462175,0.206192,0.0277552,0.178697,-0.206262,0.204381,0.649882,-0.292891,0.592263,0.286473,0.102036,-0.179706,-0.244345,-0.164539,0.438919,0.862231,0.0461328,-0.0349269,-0.589336,-0.301798,0.0514168,-0.277731,0.229804,-0.54351,0.0730397,0.454831,0.571842,-0.744053,-1.04659,4.87421,0.0410639,0.551449,-0.0716717,-0.206657,0.125828,0.869523,-0.822011,0.0180097,0.160111,-0.105829,-0.297597,0.408089,0.5236,0.241853,-0.0983976,0.259753,0.0896368,0.278373,0.485024,0.12564,0.492836,0.0202328,0.00383059,0.00544152,0.109538,-0.328455,0.0447507,0.527837,-0.0153182,-0.0206912,0.0338853,0.686,0.204734,0.0452224,-0.977772,0.6,0,0,0.96979,0.809622,1.01248
-0.288355,1.12166,15.0518,-0.116638,-0.242478,0.0955073,-0.0489522,0.204302,0.0304353,-0.288355,1.12166,15.0518,-0.116638,-0.242478,0.0955073,-0.0489522,0.204302,0.0304353,0.095142,-0.184166,-0.123249,0.718483,-0.87267,0.00930366,-0.034249,0.0358336,-0.278357,0.61032,0.5236,0.2618,-0.0601258,0.237516,0.101081,0.268969,0.506514,0.135257,0.549971,0.0214954,-0.000989607,0.00749826,0.207946,-0.418276,0.024233,0.530227,-0.0115283,-0.0178436,0.0269799,0,0,0,0,0,0,0,0,0,0,0,0,0,0,0,0,0,0,0,0,0,0,0,0,0,0,0,0,0,-0.704608,-0.099238,0.346776,1.4993,-0.735464,0.132986,0.314198,-0.240431,-0.213209,0.131817,-0.284801,0.0807397,-0.0459298,0.224808,-0.292671,0.167152,0.276781,0.0475681,0.516252,0.0239918,0.017677,-0.000414075,0.0663606,-0.190242,0.0664803,0.640622,-0.0391495,0.00141446,0.038726,2.86788,-1.58666,0.341207,-1.43108,-0.374834,0.39384,0.66099,-1.45823,-1.0531,2.74802,0.963319,1.47722,-0.0297351,0.67076,-0.960383,0.280568,0.0614612,0.216322,1.3418,-0.0656634,0.0836762,0.0126669,-0.0290559,0.669002,0.670606,0.0019222,0.385816,0.0338608,0.0355506,18.3946,-0.826268,-9.92157,-53.7872,-1.82358,-3.98272,-7.88843,22.7014,-0.703981,10.8941,21.603,1.92957,-1.97785,-0.311197,12.659,1.36631,2.91216,0.912891,-1.50396,0.00671614,-0.302569,0.0834692,0.664158,-2.56763,-0.912305,-1.60966,-0.0101565,-0.409631,-0.117785,0,0,0,0,0,0,0,0,0,0,0,0,0,0,0,0,0,0,0,0,0,0,0,0,0,0,0,0,0,2.55789,6.3088,2.55789,6.3088,1.81445,1.81445,2.55789,6.3088,2.55789,6.3088,1.81445,1.81445,2.55789,1.81445,1.81445,0.907223,0.907223,0.907223,0.907223,0.907223,1.06814,1.06814,0.907223,0.907223,0.907223,0.907223,0.907223,1.06814,1.06814,40.1792,99.0984,40.1792,99.0984,28.5012,28.5012,40.1792,99.0984,40.1792,99.0984,28.5012,28.5012,40.1792,28.5012,28.5012,14.2506,14.2506,14.2506,14.2506,14.2506,16.7783,16.7783,14.2506,14.2506,14.2506,14.2506,14.2506,16.7783,16.7783,0,0,0,0,0,0,0,0,0,0,0,0,0,0,0,0,0,0,0,0,0,0,0,0,0,0,0,0,0,0,0,0,0,0,0,0,0,0,0,0,0,0,0,0,0,0,0,0,0,0,0,0,0,0,0,0,0,0,0,0,0,0,0,0,0,0,0,0,0,0,0,0,0,0,0,0,0,0,0,0,0,0,0,0,0,0,0,0,0,0,0,0,0,0,0,0,0,0,0,0,0,0,0,0,0,0,0,0,0,0,0,0,0,0,0,0,0,-0.0489522,0.204302,0.0304353,0.157257,0.0181171,0.230475,0.698883,-0.49769,0.54156,0.3084,0.0552537,-0.10981,-0.114071,-0.159089,0.743575,0.507265,0.0490117,-0.0262856,-0.525196,0.102188,-0.0132832,-0.239508,-0.225093,-0.508371,0.100647,0.362143,0.141112,-0.167341,-1.17054,4.56751,0.0212133,0.694198,0.095142,-0.184166,-0.123249,0.718483,-0.87267,0.00930366,-0.034249,0.0358336,-0.278357,0.61032,0.5236,0.2618,-0.0601258,0.237516,0.101081,0.268969,0.506514,0.135257,0.549971,0.0214954,-0.000989607,0.00749826,0.207946,-0.418276,0.024233,0.530227,-0.0115283,-0.0178436,0.0269799,0.758,0.202884,0.047915,-0.97803,0.6,0,0,0.948936,0.794949,0.99767
-0.671983,0.538388,15.922,0.0260926,-0.512582,0.0415647,-0.0487599,0.19671,0.0322568,-0.671983,0.538388,15.922,0.0260926,-0.512582,0.0415647,-0.0487599,0.19671,0.0322568,0.251154,0.101338,-0.629479,0.549679,-0.815571,0.0804607,-0.360733,0.223958,-0.258146,1.1049,0.5236,0.206798,0.00665795,0.0791339,0.0679104,0.201019,0.483521,0.0901834,0.62829,0.030061,-0.0197995,-0.00245737,0.344381,-0.56793,-0.0245352,0.557964,-0.0246217,-0.0134345,0.010922,0,0,0,0,0,0,0,0,0,0,0,0,0,0,0,0,0,0,0,0,0,0,0,0,0,0,0,0,0,-0.647881,-0.123543,0.339683,1.47114,-0.744225,0.139326,0.308477,-0.255696,-0.221801,0.215912,-0.250272,0.101126,-0.043988,0.222038,-0.307035,0.172157,0.275942,0.0512152,0.55121,0.023191,0.0175793,3.92039e-05,0.0694247,-0.181731,0.0789838,0.637442,-0.0317218,0.00191405,0.0383608,2.96175,-1.04928,-0.893127,-1.45135,-0.44701,0.32426,-0.663281,-0.264834,-0.111,4.90203,2.6185,0.844951,0.291641,-0.638173,-0.61787,0.29284,-0.0683943,0.162516,1.87573,-0.0298487,0.0490615,0.0222182,0.298537,0.272954,0.567984,-0.218481,0.331865,-0.00384619,-0.0270934,22.6316,0.496069,-16.6377,-65.8599,-2.87151,-4.26675,-12.1691,31.0585,-1.87535,9.41058,17.8793,3.06316,-1.25297,1.44052,12.763,1.14685,3.35238,1.04976,-1.67304,0.0032879,-0.340096,0.100282,1.74611,-3.62945,-1.29391,-1.33425,-0.0137463,-0.333832,-0.161474,0,0,0,0,0,0,0,0,0,0,0,0,0,0,0,0,0,0,0,0,0,0,0,0,0,0,0,0,0,2.55789,6.3088,2.55789,6.3088,1.81445,1.81445,2.55789,6.3088,2.55789,6.3088,1.81445,1.81445,2.55789,1.81445,1.81445,0.907223,0.907223,0.907223,0.907223,0.907223,1.06814,1.06814,0.907223,0.907223,0.907223,0.907223,0.907223,1.06814,1.06814,40.1792,99.0984,40.1792,99.0984,28.5012,28.5012,40.1792,99.0984,40.1792,99.0984,28.5012,28.5012,40.1792,28.5012,28.5012,14.2506,14.2506,14.2506,14.2506,14.2506,16.7783,16.7783,14.2506,14.2506,14.2506,14.2506,14.2506,16.7783,16.7783,0,0,0,0,0,0,0,0,0,0,0,0,0,0,0,0,0,0,0,0,0,0,0,0,0,0,0,0,0,0,0,0,0,0,0,0,0,0,0,0,0,0,0,0,0,0,0,0,0,0,0,0,0,0,0,0,0,0,0,0,0,0,0,0,0,0,0,0,0,0,0,0,0,0,0,0,0,0,0,0,0,0,0,0,0,0,0,0,0,0,0,0,0,0,0,0,0,0,0,0,0,0,0,0,0,0,0,0,0,0,0,0,0,0,0,0,0,-0.0487599,0.19671,0.0322568,0.00232325,0.329204,0.154842,0.646457,-0.838917,0.180433,0.205627,-0.0559426,0.0121596,0.0645032,-0.0958469,1.02851,-0.0890025,0.0685422,-0.05614,0.288991,0.638673,-0.265762,-0.180326,-1.14964,-0.47146,-0.0329845,0.146603,-0.340273,1.24307,-1.03191,2.4076,0.183458,0.47152,0.251154,0.101338,-0.629479,0.549679,-0.815571,0.0804607,-0.360733,0.223958,-0.258146,1.1049,0.5236,0.206798,0.00665795,0.0791339,0.0679104,0.201019,0.483521,0.0901834,0.62829,0.030061,-0.0197995,-0.00245737,0.344381,-0.56793,-0.0245352,0.557964,-0.0246217,-0.0134345,0.010922,0.618,0.195444,0.0478006,-0.979549,0.6,0,0,0.948936,0.794949,0.99767
-2.48251,-4.93599,12.6074,0.156946,-0.422566,-0.0259421,-0.0448917,0.187757,0.0336987,-2.48251,-4.93599,12.6074,0.156946,-0.422566,-0.0259421,-0.0448917,0.187757,0.0336987,0.0738295,0.0947556,-0.757106,0.51142,-0.803989,0.047192,-0.577837,0.120264,-0.0254413,1.56104,0.5236,0.151147,0.00266385,-0.0435094,-0.0890894,0.249123,0.406388,0.0517756,0.636778,0.0190752,-0.0476055,-0.0023194,0.399605,-0.645365,-0.0853457,0.589274,-0.0541622,0.011257,-0.00874432,0,0,0,0,0,0,0,0,0,0,0,0,0,0,0,0,0,0,0,0,0,0,0,0,0,0,0,0,0,-0.59533,-0.116218,0.308216,1.44975,-0.752553,0.154569,0.247849,-0.226508,-0.18701,0.393893,-0.148384,0.112095,-0.0420709,0.180433,-0.314496,0.17247,0.273357,0.0490499,0.599041,0.0245196,0.0136609,-0.000875187,0.0784649,-0.184398,0.0871335,0.628654,-0.0289914,0.000606105,0.0353683,2.73139,0.955286,-2.09897,-0.921328,-0.475303,0.634133,-3.85131,2.60257,2.32157,10.5449,9.36474,1.21468,0.210541,-2.66813,-0.466583,-0.0177495,-0.00573016,-0.251232,2.36718,0.0832661,-0.152256,-0.0860156,0.508574,-0.313168,0.315842,-0.474503,0.0733869,-0.10599,-0.1717,27.4165,15.7851,-32.6801,-83.6032,-1.04422,-3.52958,-14.9163,29.9025,-8.51486,6.5454,4.55022,0.86221,1.57843,1.84749,11.6742,0.456838,3.06261,0.792839,-1.7319,0.00413713,-0.377009,0.0556299,3.36195,-5.18797,-1.88003,-0.574241,-0.00567875,-0.12838,-0.228177,0,0,0,0,0,0,0,0,0,0,0,0,0,0,0,0,0,0,0,0,0,0,0,0,0,0,0,0,0,2.55789,6.3088,2.55789,6.3088,1.81445,1.81445,2.55789,6.3088,2.55789,6.3088,1.81445,1.81445,2.55789,1.81445,1.81445,0.907223,0.907223,0.907223,0.907223,0.907223,1.06814,1.06814,0.907223,0.907223,0.907223,0.907223,0.907223,1.06814,1.06814,40.1792,99.0984,40.1792,99.0984,28.5012,28.5012,40.1792,99.0984,40.1792,99.0984,28.5012,28.5012,40.1792,28.5012,28.5012,14.2506,14.2506,14.2506,14.2506,14.2506,16.7783,16.7783,14.2506,14.2506,14.2506,14.2506,14.2506,16.7783,16.7783,0,0,0,0,0,0,0,0,0,0,0,0,0,0,0,0,0,0,0,0,0,0,0,0,0,0,0,0,0,0,0,0,0,0,0,0,0,0,0,0,0,0,0,0,0,0,0,0,0,0,0,0,0,0,0,0,0,0,0,0,0,0,0,0,0,0,0,0,0,0,0,0,0,0,0,0,0,0,0,0,0,0,0,0,0,0,0,0,0,0,0,0,0,0,0,0,0,0,0,0,0,0,0,0,0,0,0,0,0,0,0,0,0,0,0,0,0,-0.0448917,0.187757,0.0336987,0.112006,0.455118,-0.203133,0.470585,-1.01548,-0.0992058,0.118053,-0.194597,0.00486506,0.0838576,-0.0244572,0.704652,-0.485505,0.0434934,-0.123495,0.27022,0.342965,-0.638993,0.1511,-1.38272,-0.0464642,-0.0311325,-0.117372,-0.44938,2.54389,-1.0055,2.19794,0.107602,0.344631,0.0738295,0.0947556,-0.757106,0.51142,-0.803989,0.047192,-0.577837,0.120264,-0.0254413,1.56104,0.5236,0.151147,0.00266385,-0.0435094,-0.0890894,0.249123,0.406388,0.0517756,0.636778,0.0190752,-0.0476055,-0.0023194,0.399605,-0.645365,-0.0853457,0.589274,-0.0541622,0.011257,-0.00874432,0.646,0.186655,0.044088,-0.981436,0.6,0,0,0.917649,0.588115,0.988483
-0.648729,-5.62601,11.2627,-0.150021,-0.486714,-0.0273505,-0.0447129,0.178364,0.0335023,-0.648729,-5.62601,11.2627,-0.150021,-0.486714,-0.0273505,-0.0447129,0.178364,0.0335023,-0.0631662,0.170351,-0.724224,0.555007,-0.790985,0.0225235,-0.87096,0.0560612,0.0823868,1.82851,0.5236,0.180805,-0.0176145,-0.0579494,-0.276765,0.310576,0.310896,-0.00752847,0.6159,0.03697,-0.0734879,-0.00709146,0.383675,-0.573406,-0.089559,0.578544,-0.0709225,0.0351248,-0.0281627,0,0,0,0,0,0,0,0,0,0,0,0,0,0,0,0,0,0,0,0,0,0,0,0,0,0,0,0,0,-0.543951,-0.098329,0.270776,1.41995,-0.775893,0.152373,0.133205,-0.172885,-0.119551,0.671015,0.0219571,0.122045,-0.0458713,0.137074,-0.315697,0.176323,0.27779,0.0415171,0.638568,0.023563,0.00551022,-0.00215866,0.0945912,-0.191167,0.0860719,0.617775,-0.034435,0.00160706,0.0290925,2.54434,0.660848,-1.61969,-1.56509,-0.343819,-0.315497,-5.96461,2.73637,3.23385,14.5609,8.85862,0.460189,-0.163121,-1.6237,-0.0999037,0.366031,0.430734,-0.391528,1.55755,-0.0723578,-0.485163,-0.0655097,1.01442,-0.351167,-0.27239,-0.516645,-0.325934,0.0848622,-0.359062,18.6664,14.5529,-37.267,-80.6708,0.0565399,-2.47734,-13.4167,12.4127,-4.68468,-1.97609,-1.54245,-0.00142537,2.48515,-2.10259,6.5548,0.74249,1.48794,0.498237,-1.46005,0.00275507,-0.387973,0.0634531,3.49914,-6.17351,-2.23094,0.0714713,0.0148029,0.0701568,-0.261928,0,0,0,0,0,0,0,0,0,0,0,0,0,0,0,0,0,0,0,0,0,0,0,0,0,0,0,0,0,2.55789,6.3088,2.55789,6.3088,1.81445,1.81445,2.55789,6.3088,2.55789,6.3088,1.81445,1.81445,2.55789,1.81445,1.81445,0.907223,0.907223,0.907223,0.907223,0.907223,1.06814,1.06814,0.907223,0.907223,0.907223,0.907223,0.907223,1.06814,1.06814,40.1792,99.0984,40.1792,99.0984,28.5012,28.5012,40.1792,99.0984,40.1792,99.0984,28.5012,28.5012,40.1792,28.5012,28.5012,14.2506,14.2506,14.2506,14.2506,14.2506,16.7783,16.7783,14.2506,14.2506,14.2506,14.2506,14.2506,16.7783,16.7783,0,0,0,0,0,0,0,0,0,0,0,0,0,0,0,0,0,0,0,0,0,0,0,0,0,0,0,0,0,0,0,0,0,0,0,0,0,0,0,0,0,0,0,0,0,0,0,0,0,0,0,0,0,0,0,0,0,0,0,0,0,0,0,0,0,0,0,0,0,0,0,0,0,0,0,0,0,0,0,0,0,0,0,0,0,0,0,0,0,0,0,0,0,0,0,0,0,0,0,0,0,0,0,0,0,0,0,0,0,0,0,0,0,0,0,0,0,-0.0447129,0.178364,0.0335023,0.252125,0.418797,-0.631052,0.252855,-0.851403,-0.13213,-0.0171657,-0.204204,-0.0321699,0.0362533,-0.0489216,0.454452,-1.02084,0.0842953,-0.16171,0.485799,0.159873,-0.986403,0.471468,-1.32267,0.150465,-0.0951862,-0.378018,-0.32508,3.30663,-0.975848,2.28547,0.0513558,0.412254,-0.0631662,0.170351,-0.724224,0.555007,-0.790985,0.0225235,-0.87096,0.0560612,0.0823868,1.82851,0.5236,0.180805,-0.0176145,-0.0579494,-0.276765,0.310576,0.310896,-0.00752847,0.6159,0.03697,-0.0734879,-0.00709146,0.383675,-0.573406,-0.089559,0.578544,-0.0709225,0.0351248,-0.0281627,0.879,0.17742,0.0439889,-0.983152,0.6,0,0,0.877362,0.583879,0.986418
-0.869007,-2.47125,10.5688,-0.343161,-0.418961,-0.072333,-0.050401,0.168481,0.0331067,-0.869007,-2.47125,10.5688,-0.343161,-0.418961,-0.072333,-0.050401,0.168481,0.0331067,-0.0892592,0.253951,-0.722839,0.559495,-0.721272,0.0479967,-1.06513,0.0427916,0.0471088,2.05202,0.5236,0.207019,-0.0399204,-0.053332,-0.289895,0.299966,0.281283,-0.0290094,0.569059,0.0557797,-0.0831639,-0.0103143,0.351387,-0.449805,-0.0779472,0.56018,-0.0788742,0.0457282,-0.0360111,0,0,0,0,0,0,0,0,0,0,0,0,0,0,0,0,0,0,0,0,0,0,0,0,0,0,0,0,0,-0.5009,-0.0836247,0.25318,1.38382,-0.774888,0.142369,-0.00729663,-0.121343,-0.0547557,0.977231,0.171163,0.13672,-0.0584599,0.117443,-0.308952,0.191627,0.288624,0.0322355,0.656952,0.0263699,-0.00885122,-0.0030159,0.120852,-0.198194,0.0755091,0.606123,-0.0437484,0.00797468,0.0183592,2.14552,0.621379,-0.636877,-1.99678,0.229034,-0.568648,-7.05389,2.49272,2.67783,14.7258,6.60639,0.724592,-0.675998,-0.650832,0.327519,1.00589,0.549373,-0.463765,0.487762,0.182137,-0.804766,-0.0391912,1.45237,-0.417277,-0.675103,-0.554807,-0.450473,0.356349,-0.56843,12.3872,21.0525,-37.7236,-70.1736,-0.819973,-2.4184,-16.9006,2.31455,-1.61618,-7.66527,-1.8994,-0.0560192,3.43209,-3.79117,0.257159,0.838988,-0.175489,-0.151521,-1.06674,-0.0127134,-0.250305,-0.0282669,2.48926,-5.00544,-1.77642,0.117258,0.0226674,0.0760822,-0.183632,0,0,0,0,0,0,0,0,0,0,0,0,0,0,0,0,0,0,0,0,0,0,0,0,0,0,0,0,0,2.55789,6.3088,2.55789,6.3088,1.81445,1.81445,2.55789,6.3088,2.55789,6.3088,1.81445,1.81445,2.55789,1.81445,1.81445,0.907223,0.907223,0.907223,0.907223,0.907223,1.06814,1.06814,0.907223,0.907223,0.907223,0.907223,0.907223,1.06814,1.06814,40.1792,99.0984,40.1792,99.0984,28.5012,28.5012,40.1792,99.0984,40.1792,99.0984,28.5012,28.5012,40.1792,28.5012,28.5012,14.2506,14.2506,14.2506,14.2506,14.2506,16.7783,16.7783,14.2506,14.2506,14.2506,14.2506,14.2506,16.7783,16.7783,0,0,0,0,0,0,0,0,0,0,0,0,0,0,0,0,0,0,0,0,0,0,0,0,0,0,0,0,0,0,0,0,0,0,0,0,0,0,0,0,0,0,0,0,0,0,0,0,0,0,0,0,0,0,0,0,0,0,0,0,0,0,0,0,0,0,0,0,0,0,0,0,0,0,0,0,0,0,0,0,0,0,0,0,0,0,0,0,0,0,0,0,0,0,0,0,0,0,0,0,0,0,0,0,0,0,0,0,0,0,0,0,0,0,0,0,0,-0.050401,0.168481,0.0331067,0.227932,0.345176,-0.66099,0.185333,-0.569581,-0.121602,-0.0661443,-0.177727,-0.0729078,-0.0705479,-0.0907931,0.406798,-1.37546,0.127183,-0.179841,0.724206,0.122031,-1.11628,0.613795,-1.32014,0.0860362,-0.138445,-0.483364,-0.312282,3.94404,-0.816896,2.22754,0.109437,0.472024,-0.0892592,0.253951,-0.722839,0.559495,-0.721272,0.0479967,-1.06513,0.0427916,0.0471088,2.05202,0.5236,0.207019,-0.0399204,-0.053332,-0.289895,0.299966,0.281283,-0.0290094,0.569059,0.0557797,-0.0831639,-0.0103143,0.351387,-0.449805,-0.0779472,0.56018,-0.0788742,0.0457282,-0.0360111,0.562,0.167685,0.0496664,-0.984589,0.6,0,0,0.877362,0.583879,0.986418
-1.73348,-1.04633,10.2284,-0.375066,-0.302146,-0.123323,-0.0581792,0.160425,0.0314489,-1.73348,-1.04633,10.2284,-0.375066,-0.302146,-0.123323,-0.0581792,0.160425,0.0314489,-0.112011,0.297843,-0.604766,0.564988,-0.668992,0.0259126,-1.1951,0.0146299,0.0304621,2.23969,0.5236,0.199746,-0.0568545,-0.0723623,-0.296565,0.307741,0.291554,-0.0181434,0.560391,0.0609449,-0.0838873,-0.00920071,0.374357,-0.404974,-0.0793438,0.575047,-0.0822545,0.0523721,-0.0354721,0,0,0,0,0,0,0,0,0,0,0,0,0,0,0,0,0,0,0,0,0,0,0,0,0,0,0,0,0,-0.464855,-0.0695143,0.247335,1.34102,-0.767632,0.134426,-0.160178,-0.0748588,-0.0161964,1.26612,0.278378,0.154364,-0.0742626,0.108977,-0.295326,0.217399,0.29827,0.0227728,0.6573,0.0336731,-0.0240717,-0.00401482,0.153136,-0.206192,0.0573466,0.596526,-0.0532097,0.0170917,0.00624814,1.79356,0.680247,-0.303743,-2.21822,0.428295,-0.279997,-7.55542,2.22264,1.09775,13.5534,4.67928,0.847477,-0.659446,-0.404629,0.617779,1.38675,0.381813,-0.456386,-0.227196,0.376657,-0.736288,-0.0523032,1.65489,-0.430505,-1.02926,-0.382,-0.428001,0.452159,-0.593766,10.7511,27.7594,-38.3607,-63.9677,0.572699,-1.95792,-17.355,-2.02931,-0.689055,-6.93294,-1.47305,-0.0280766,3.17369,-3.95502,-1.04318,-0.04394,-0.604202,-0.331436,-1.07722,-0.0259957,-0.219759,-0.0513606,1.37083,-3.10975,-1.03328,-0.153983,0.0242345,0.000726754,-0.0842741,0,0,0,0,0,0,0,0,0,0,0,0,0,0,0,0,0,0,0,0,0,0,0,0,0,0,0,0,0,2.55789,6.3088,2.55789,6.3088,1.81445,1.81445,2.55789,6.3088,2.55789,6.3088,1.81445,1.81445,2.55789,1.81445,1.81445,0.907223,0.907223,0.907223,0.907223,0.907223,1.06814,1.06814,0.907223,0.907223,0.907223,0.907223,0.907223,1.06814,1.06814,40.1792,99.0984,40.1792,99.0984,28.5012,28.5012,40.1792,99.0984,40.1792,99.0984,28.5012,28.5012,40.1792,28.5012,28.5012,14.2506,14.2506,14.2506,14.2506,14.2506,16.7783,16.7783,14.2506,14.2506,14.2506,14.2506,14.2506,16.7783,16.7783,0,0,0,0,0,0,0,0,0,0,0,0,0,0,0,0,0,0,0,0,0,0,0,0,0,0,0,0,0,0,0,0,0,0,0,0,0,0,0,0,0,0,0,0,0,0,0,0,0,0,0,0,0,0,0,0,0,0,0,0,0,0,0,0,0,0,0,0,0,0,0,0,0,0,0,0,0,0,0,0,0,0,0,0,0,0,0,0,0,0,0,0,0,0,0,0,0,0,0,0,0,0,0,0,0,0,0,0,0,0,0,0,0,0,0,0,0,-0.0581792,0.160425,0.0314489,0.245661,0.397551,-0.676197,0.208753,-0.467362,-0.164993,-0.0413687,-0.180912,-0.103835,-0.0903126,-0.0568942,0.365247,-1.61283,0.13896,-0.187548,0.849374,0.0417209,-1.12599,0.702973,-1.1045,0.0556337,-0.123498,-0.476129,-0.296618,4.47921,-0.697692,2.0305,0.0590834,0.455441,-0.112011,0.297843,-0.604766,0.564988,-0.668992,0.0259126,-1.1951,0.0146299,0.0304621,2.23969,0.5236,0.199746,-0.0568545,-0.0723623,-0.296565,0.307741,0.291554,-0.0181434,0.560391,0.0609449,-0.0838873,-0.00920071,0.374357,-0.404974,-0.0793438,0.575047,-0.0822545,0.0523721,-0.0354721,0.676,0.159737,0.0573997,-0.985489,0.6,0,0,0.838743,0.831064,0.995017
-1.93862,-0.467966,9.55368,-0.343227,-0.146692,-0.129708,-0.0660011,0.155278,0.0291638,-1.93862,-0.467966,9.55368,-0.343227,-0.146692,-0.129708,-0.0660011,0.155278,0.0291638,-0.171725,0.32662,-0.492369,0.524927,-0.687085,0.0225211,-1.31542,-0.0518683,0.0207783,2.35502,0.408827,0.185868,-0.0728743,-0.0869331,-0.320549,0.316893,0.303253,-0.00403963,0.548535,0.0578711,-0.0875055,-0.00836646,0.315909,-0.36104,-0.0794208,0.547006,-0.0749626,0.0544574,-0.0375861,0,0,0,0,0,0,0,0,0,0,0,0,0,0,0,0,0,0,0,0,0,0,0,0,0,0,0,0,0,-0.431459,-0.0553134,0.247116,1.29404,-0.758758,0.128198,-0.318994,-0.0373492,-0.00608359,1.5271,0.353336,0.166874,-0.0895293,0.104341,-0.280351,0.246504,0.303606,0.015174,0.650155,0.0411943,-0.0371198,-0.00505979,0.187726,-0.214897,0.0350093,0.592522,-0.0611624,0.0259373,-0.00416373,1.76667,0.682089,-0.0337981,-2.39791,0.417264,-0.352043,-7.82865,1.64406,-0.109948,12.1755,3.28285,0.532191,-0.6544,-0.259585,0.58237,1.41663,0.142155,-0.319641,-0.37214,0.339237,-0.590027,-0.0434618,1.73128,-0.485122,-1.13494,-0.0617211,-0.349454,0.419334,-0.472057,8.5852,30.7399,-34.283,-57.6016,1.80564,-2.30767,-15.558,-5.145,1.34957,-5.57284,-1.07005,-0.0191385,3.08333,-4.64848,-1.61892,-0.393998,-0.325886,-0.186245,-0.939721,-0.0268533,-0.157105,-0.0223673,1.13284,-2.29994,-0.627254,-0.16585,0.0175805,0.00177273,-0.0258339,0,0,0,0,0,0,0,0,0,0,0,0,0,0,0,0,0,0,0,0,0,0,0,0,0,0,0,0,0,2.55789,6.3088,2.55789,6.3088,1.81445,1.81445,2.55789,6.3088,2.55789,6.3088,1.81445,1.81445,2.55789,1.81445,1.81445,0.907223,0.907223,0.907223,0.907223,0.907223,1.06814,1.06814,0.907223,0.907223,0.907223,0.907223,0.907223,1.06814,1.06814,40.1792,99.0984,40.1792,99.0984,28.5012,28.5012,40.1792,99.0984,40.1792,99.0984,28.5012,28.5012,40.1792,28.5012,28.5012,14.2506,14.2506,14.2506,14.2506,14.2506,16.7783,16.7783,14.2506,14.2506,14.2506,14.2506,14.2506,16.7783,16.7783,0,0,0,0,0,0,0,0,0,0,0,0,0,0,0,0,0,0,0,0,0,0,0,0,0,0,0,0,0,0,0,0,0,0,0,0,0,0,0,0,0,0,0,0,0,0,0,0,0,0,0,0,0,0,0,0,0,0,0,0,0,0,0,0,0,0,0,0,0,0,0,0,0,0,0,0,0,0,0,0,0,0,0,0,0,0,0,0,0,0,0,0,0,0,0,0,0,0,0,0,0,0,0,0,0,0,0,0,0,0,0,0,0,0,0,0,0,-0.0660011,0.155278,0.0291638,0.266527,0.264283,-0.730884,0.235427,-0.367187,-0.198216,-0.00921077,-0.181087,-0.133092,-0.117345,-0.120832,0.256187,-1.83258,0.131952,-0.170922,0.931439,-0.147916,-1.17456,0.730963,-0.899228,0.0379481,-0.1123,-0.504505,-0.410862,4.80812,-0.738946,1.75984,0.0513503,0.423798,-0.171725,0.32662,-0.492369,0.524927,-0.687085,0.0225211,-1.31542,-0.0518683,0.0207783,2.35502,0.408827,0.185868,-0.0728743,-0.0869331,-0.320549,0.316893,0.303253,-0.00403963,0.548535,0.0578711,-0.0875055,-0.00836646,0.315909,-0.36104,-0.0794208,0.547006,-0.0749626,0.0544574,-0.0375861,0.597,0.154655,0.0651597,-0.985817,0.6,0,0,0.838743,0.831064,0.995017
-1.8317,0.0158261,9.16021,-0.253922,0.00151523,-0.156344,-0.072667,0.153326,0.0262726,-1.8317,0.0158261,9.16021,-0.253922,0.00151523,-0.156344,-0.072667,0.153326,0.0262726,-0.177389,0.334675,-0.422426,0.475664,-0.604538,0.0636833,-1.39752,-0.0931063,-0.0299379,2.4679,0.249586,0.184078,-0.0946597,-0.0890424,-0.307494,0.278343,0.3191,0.0078454,0.490716,0.0501312,-0.0901772,-0.0107653,0.219179,-0.365106,-0.0824883,0.487957,-0.0728314,0.0552052,-0.0347593,0,0,0,0,0,0,0,0,0,0,0,0,0,0,0,0,0,0,0,0,0,0,0,0,0,0,0,0,0,-0.395837,-0.0443369,0.2502,1.24108,-0.754698,0.120742,-0.480347,-0.0164757,-0.0176147,1.75519,0.382118,0.172606,-0.101774,0.102544,-0.267819,0.27522,0.303909,0.010742,0.64246,0.0462098,-0.0475073,-0.00592494,0.222535,-0.22437,0.0121084,0.593177,-0.0654515,0.0352987,-0.0128136,2.01335,0.455661,0.0253081,-2.97988,-0.594063,-0.524242,-8.00924,0.685019,-1.01108,10.4223,0.855144,0.228386,-0.460032,-0.159229,0.50222,1.38581,-0.11297,-0.171453,-0.343747,0.20357,-0.461643,-0.0339041,1.71331,-0.506137,-1.12772,0.0854023,-0.157936,0.456355,-0.398083,3.90543,34.0382,-29.9829,-52.0022,3.50047,-1.72275,-13.5427,-8.13316,3.74335,-6.01289,-0.798197,-0.0217403,2.49997,-5.211,-2.49483,-0.650988,0.0626494,-0.0568265,-1.02099,-0.0195214,-0.176952,-0.00368119,-0.188031,-1.51506,-0.306563,-0.722607,0.00902663,-0.162496,0.00507315,0,0,0,0,0,0,0,0,0,0,0,0,0,0,0,0,0,0,0,0,0,0,0,0,0,0,0,0,0,2.55789,6.3088,2.55789,6.3088,1.81445,1.81445,2.55789,6.3088,2.55789,6.3088,1.81445,1.81445,2.55789,1.81445,1.81445,0.907223,0.907223,0.907223,0.907223,0.907223,1.06814,1.06814,0.907223,0.907223,0.907223,0.907223,0.907223,1.06814,1.06814,40.1792,99.0984,40.1792,99.0984,28.5012,28.5012,40.1792,99.0984,40.1792,99.0984,28.5012,28.5012,40.1792,28.5012,28.5012,14.2506,14.2506,14.2506,14.2506,14.2506,16.7783,16.7783,14.2506,14.2506,14.2506,14.2506,14.2506,16.7783,16.7783,0,0,0,0,0,0,0,0,0,0,0,0,0,0,0,0,0,0,0,0,0,0,0,0,0,0,0,0,0,0,0,0,0,0,0,0,0,0,0,0,0,0,0,0,0,0,0,0,0,0,0,0,0,0,0,0,0,0,0,0,0,0,0,0,0,0,0,0,0,0,0,0,0,0,0,0,0,0,0,0,0,0,0,0,0,0,0,0,0,0,0,0,0,0,0,0,0,0,0,0,0,0,0,0,0,0,0,0,0,0,0,0,0,0,0,0,0,-0.072667,0.153326,0.0262726,0.17863,0.0437302,-0.701117,0.271559,-0.376457,-0.203026,0.0178883,-0.188082,-0.17288,-0.249178,-0.255469,0.245844,-1.98251,0.114304,-0.166063,0.954411,-0.265516,-1.21042,0.741,-0.771489,-0.0546764,-0.144499,-0.466562,-0.551345,5.13001,-0.55073,1.39676,0.145204,0.419716,-0.177389,0.334675,-0.422426,0.475664,-0.604538,0.0636833,-1.39752,-0.0931063,-0.0299379,2.4679,0.249586,0.184078,-0.0946597,-0.0890424,-0.307494,0.278343,0.3191,0.0078454,0.490716,0.0501312,-0.0901772,-0.0107653,0.219179,-0.365106,-0.0824883,0.487957,-0.0728314,0.0552052,-0.0347593,0.581,0.152726,0.0717513,-0.98566,0.6,0,0,0.865516,0.842249,1.0065
-1.86532,-0.240388,9.48337,-0.170653,0.266622,-0.0941592,-0.0774501,0.155961,0.0234223,-1.86532,-0.240388,9.48337,-0.170653,0.266622,-0.0941592,-0.0774501,0.155961,0.0234223,-0.121978,0.30388,-0.363281,0.407714,-0.594693,0.0768587,-1.52271,-0.134728,-0.0880131,2.45607,0.160241,0.17988,-0.0956545,-0.11338,-0.268369,0.232259,0.345719,0.0235242,0.441175,0.0478819,-0.090276,-0.00801707,0.117076,-0.354763,-0.0846591,0.437208,-0.0573381,0.0532117,-0.0362047,0,0,0,0,0,0,0,0,0,0,0,0,0,0,0,0,0,0,0,0,0,0,0,0,0,0,0,0,0,-0.356894,-0.0381553,0.252881,1.18454,-0.747068,0.119099,-0.640095,-0.0151635,-0.0439002,1.94842,0.359058,0.175997,-0.10776,0.100806,-0.262548,0.301127,0.299936,0.00824254,0.631776,0.0479247,-0.0535509,-0.00735411,0.255104,-0.234825,-0.00907795,0.59311,-0.0675876,0.0458119,-0.0190334,2.06529,0.243713,0.0285236,-2.74334,0.679268,-0.118785,-7.78969,-0.289677,-1.53181,8.78472,-1.57601,0.166226,-0.157316,-0.178064,-0.0359802,1.15124,-0.280939,-0.112381,-0.586293,0.0482856,-0.254954,-0.0735971,1.52535,-0.554304,-0.993499,-0.0335191,-0.0831737,0.497305,-0.265603,2.21073,35.4598,-27.3415,-53.3716,2.89797,-1.41353,-10.9411,-6.26634,4.24298,-3.7271,-0.27536,-0.0579017,1.0161,-5.18841,-1.35383,-1.37398,0.501532,0.0904476,-1.48723,-0.0129623,-0.345877,0.0211346,-1.87542,-1.37826,-0.158335,-1.465,0.00116674,-0.373357,0.0186057,0,0,0,0,0,0,0,0,0,0,0,0,0,0,0,0,0,0,0,0,0,0,0,0,0,0,0,0,0,2.55789,6.3088,2.55789,6.3088,1.81445,1.81445,2.55789,6.3088,2.55789,6.3088,1.81445,1.81445,2.55789,1.81445,1.81445,0.907223,0.907223,0.907223,0.907223,0.907223,1.06814,1.06814,0.907223,0.907223,0.907223,0.907223,0.907223,1.06814,1.06814,40.1792,99.0984,40.1792,99.0984,28.5012,28.5012,40.1792,99.0984,40.1792,99.0984,28.5012,28.5012,40.1792,28.5012,28.5012,14.2506,14.2506,14.2506,14.2506,14.2506,16.7783,16.7783,14.2506,14.2506,14.2506,14.2506,14.2506,16.7783,16.7783,0,0,0,0,0,0,0,0,0,0,0,0,0,0,0,0,0,0,0,0,0,0,0,0,0,0,0,0,0,0,0,0,0,0,0,0,0,0,0,0,0,0,0,0,0,0,0,0,0,0,0,0,0,0,0,0,0,0,0,0,0,0,0,0,0,0,0,0,0,0,0,0,0,0,0,0,0,0,0,0,0,0,0,0,0,0,0,0,0,0,0,0,0,0,0,0,0,0,0,0,0,0,0,0,0,0,0,0,0,0,0,0,0,0,0,0,0,-0.0774501,0.155961,0.0234223,0.0735544,-0.189075,-0.611909,0.332254,-0.352875,-0.258519,0.0536376,-0.193031,-0.174697,-0.362138,-0.371181,0.347042,-2.21116,0.109176,-0.130736,0.866591,-0.384212,-1.21174,0.714243,-0.663471,-0.160741,-0.10761,-0.485963,-0.745124,5.0963,-0.528283,1.19304,0.175245,0.410144,-0.121978,0.30388,-0.363281,0.407714,-0.594693,0.0768587,-1.52271,-0.134728,-0.0880131,2.45607,0.160241,0.17988,-0.0956545,-0.11338,-0.268369,0.232259,0.345719,0.0235242,0.441175,0.0478819,-0.090276,-0.00801707,0.117076,-0.354763,-0.0846591,0.437208,-0.0573381,0.0532117,-0.0362047,0.963,0.15533,0.0764336,-0.984901,0.6,0,0,0.890801,0.851193,1.00879
-0.107423,-0.585543,10.4667,-0.0805096,0.290595,-0.038344,-0.0802573,0.161524,0.0215742,-0.107423,-0.585543,10.4667,-0.0805096,0.290595,-0.038344,-0.0802573,0.161524,0.0215742,-0.0724822,0.295691,-0.276537,0.35429,-0.460799,0.131512,-1.54246,-0.15274,-0.111606,2.42852,0.0592824,0.178559,-0.0946744,-0.14388,-0.225174,0.16815,0.393987,0.0576755,0.410412,0.0420389,-0.0965125,-0.00520943,0.0440111,-0.360168,-0.0758289,0.414779,-0.048555,0.04998,-0.0362934,0,0,0,0,0,0,0,0,0,0,0,0,0,0,0,0,0,0,0,0,0,0,0,0,0,0,0,0,0,-0.31219,-0.0369283,0.251195,1.12628,-0.730896,0.117977,-0.793412,-0.0308808,-0.0765328,2.0984,0.314156,0.177601,-0.107637,0.0969446,-0.265624,0.321504,0.292947,0.00651383,0.618576,0.0483084,-0.0560713,-0.0084359,0.282177,-0.245171,-0.0276423,0.592815,-0.0655402,0.0562178,-0.0237865,2.41847,0.00621508,-0.229334,-3.02075,0.828757,-0.0507883,-7.4911,-1.05534,-1.67459,6.36976,-2.27622,0.0758246,0.126059,-0.303803,-0.272022,0.878267,-0.399191,-0.0861065,-0.663465,0.00941977,-0.0888027,-0.0423665,1.20941,-0.492192,-0.871013,-0.00811513,0.139983,0.490966,-0.215573,1.76938,33.7838,-24.2395,-52.8201,2.40713,-1.09562,-10.5975,-4.04229,3.68022,-5.07307,-0.293304,-0.0612623,0.237419,-5.54441,0.341911,-2.07665,1.0938,0.313956,-1.93749,-0.0148597,-0.480787,0.0522957,-3.44304,-1.12673,-0.0331066,-2.2097,-0.00916239,-0.572715,0.0201623,0,0,0,0,0,0,0,0,0,0,0,0,0,0,0,0,0,0,0,0,0,0,0,0,0,0,0,0,0,2.55789,6.3088,2.55789,6.3088,1.81445,1.81445,2.55789,6.3088,2.55789,6.3088,1.81445,1.81445,2.55789,1.81445,1.81445,0.907223,0.907223,0.907223,0.907223,0.907223,1.06814,1.06814,0.907223,0.907223,0.907223,0.907223,0.907223,1.06814,1.06814,40.1792,99.0984,40.1792,99.0984,28.5012,28.5012,40.1792,99.0984,40.1792,99.0984,28.5012,28.5012,40.1792,28.5012,28.5012,14.2506,14.2506,14.2506,14.2506,14.2506,16.7783,16.7783,14.2506,14.2506,14.2506,14.2506,14.2506,16.7783,16.7783,0,0,0,0,0,0,0,0,0,0,0,0,0,0,0,0,0,0,0,0,0,0,0,0,0,0,0,0,0,0,0,0,0,0,0,0,0,0,0,0,0,0,0,0,0,0,0,0,0,0,0,0,0,0,0,0,0,0,0,0,0,0,0,0,0,0,0,0,0,0,0,0,0,0,0,0,0,0,0,0,0,0,0,0,0,0,0,0,0,0,0,0,0,0,0,0,0,0,0,0,0,0,0,0,0,0,0,0,0,0,0,0,0,0,0,0,0,-0.0802573,0.161524,0.0215742,-0.0726222,-0.35567,-0.513419,0.442309,-0.3652,-0.32806,0.131506,-0.172897,-0.172907,-0.43228,-0.422322,0.437438,-2.24723,0.095853,-0.11071,0.843238,-0.435576,-1.29546,0.670865,-0.505048,-0.20383,-0.0699245,-0.487154,-0.897476,5.01771,-0.222991,0.962846,0.29986,0.407132,-0.0724822,0.295691,-0.276537,0.35429,-0.460799,0.131512,-1.54246,-0.15274,-0.111606,2.42852,0.0592824,0.178559,-0.0946744,-0.14388,-0.225174,0.16815,0.393987,0.0576755,0.410412,0.0420389,-0.0965125,-0.00520943,0.0440111,-0.360168,-0.0758289,0.414779,-0.048555,0.04998,-0.0362934,0.546,0.160822,0.0791276,-0.983806,0.6,0,0,0.890801,0.851193,1.00879
0.312597,-0.971403,10.8928,0.0168046,0.178773,0.0103578,-0.0809402,0.166389,0.0208212,0.312597,-0.971403,10.8928,0.0168046,0.178773,0.0103578,-0.0809402,0.166389,0.0208212,-0.125986,0.284925,-0.147096,0.281198,-0.245839,0.108645,-1.46609,-0.194017,-0.133763,2.34792,-0.00666782,0.170127,-0.089949,-0.146664,-0.232403,0.128815,0.408936,0.0695659,0.385187,0.0326532,-0.0985325,-0.00500728,0.00497963,-0.370909,-0.0713118,0.404196,-0.034083,0.0446098,-0.0338657,0,0,0,0,0,0,0,0,0,0,0,0,0,0,0,0,0,0,0,0,0,0,0,0,0,0,0,0,0,-0.254545,-0.0369606,0.245708,1.05776,-0.716466,0.120388,-0.936276,-0.055178,-0.107473,2.19905,0.253556,0.178571,-0.10432,0.0880601,-0.274124,0.334607,0.284167,0.00673875,0.606522,0.0472974,-0.0576617,-0.00931435,0.301143,-0.254765,-0.0416207,0.59409,-0.061192,0.0651953,-0.0276251,3.09903,0.0490023,-0.404089,-3.56471,0.73031,0.164866,-6.87827,-1.30196,-1.45093,3.98213,-3.06237,0.052431,0.237575,-0.615148,-0.463375,0.475681,-0.444895,0.0499121,-0.554922,-0.0632999,-0.0699451,-0.0335208,0.76366,-0.461372,-0.581834,0.087594,0.215599,0.407328,-0.163032,-0.341582,32.78,-20.0946,-47.7014,6.13755,0.0270126,-7.15026,-1.79269,3.50882,-2.93943,-0.0397508,-0.0885746,-0.151701,-5.60148,2.19075,-2.82818,1.96002,0.682921,-2.2995,-0.0182499,-0.577527,0.106308,-4.37029,-1.08915,0.0419308,-2.63244,-0.0154322,-0.688873,0.0299043,0,0,0,0,0,0,0,0,0,0,0,0,0,0,0,0,0,0,0,0,0,0,0,0,0,0,0,0,0,2.55789,6.3088,2.55789,6.3088,1.81445,1.81445,2.55789,6.3088,2.55789,6.3088,1.81445,1.81445,2.55789,1.81445,1.81445,0.907223,0.907223,0.907223,0.907223,0.907223,1.06814,1.06814,0.907223,0.907223,0.907223,0.907223,0.907223,1.06814,1.06814,40.1792,99.0984,40.1792,99.0984,28.5012,28.5012,40.1792,99.0984,40.1792,99.0984,28.5012,28.5012,40.1792,28.5012,28.5012,14.2506,14.2506,14.2506,14.2506,14.2506,16.7783,16.7783,14.2506,14.2506,14.2506,14.2506,14.2506,16.7783,16.7783,0,0,0,0,0,0,0,0,0,0,0,0,0,0,0,0,0,0,0,0,0,0,0,0,0,0,0,0,0,0,0,0,0,0,0,0,0,0,0,0,0,0,0,0,0,0,0,0,0,0,0,0,0,0,0,0,0,0,0,0,0,0,0,0,0,0,0,0,0,0,0,0,0,0,0,0,0,0,0,0,0,0,0,0,0,0,0,0,0,0,0,0,0,0,0,0,0,0,0,0,0,0,0,0,0,0,0,0,0,0,0,0,0,0,0,0,0,-0.0809402,0.166389,0.0208212,-0.162308,-0.444666,-0.529901,0.476395,-0.389689,-0.334408,0.158617,-0.162598,-0.164277,-0.489795,-0.446454,0.339723,-2.10776,0.0744527,-0.0777127,0.812535,-0.553289,-1.32257,0.598782,-0.268645,-0.244295,-0.0672111,-0.454568,-1.10592,4.78787,0.267138,0.812473,0.247722,0.387908,-0.125986,0.284925,-0.147096,0.281198,-0.245839,0.108645,-1.46609,-0.194017,-0.133763,2.34792,-0.00666782,0.170127,-0.089949,-0.146664,-0.232403,0.128815,0.408936,0.0695659,0.385187,0.0326532,-0.0985325,-0.00500728,0.00497963,-0.370909,-0.0713118,0.404196,-0.034083,0.0446098,-0.0338657,0.554,0.165622,0.0797352,-0.982961,0.6,0,0,0.906854,0.84423,0.989605
0.907397,-1.30738,11.6026,0.0669988,0.0681929,0.0618358,-0.0800512,0.169506,0.0212254,0.907397,-1.30738,11.6026,0.0669988,0.0681929,0.0618358,-0.0800512,0.169506,0.0212254,-0.207229,0.254564,-0.0310141,0.216267,-0.0500009,0.0584961,-1.38153,-0.177602,-0.201941,2.24639,-0.061464,0.179757,-0.0806959,-0.139454,-0.270347,0.0798393,0.395638,0.0694568,0.384235,0.0211451,-0.0983875,-0.00901669,-0.0292807,-0.444624,-0.100839,0.379308,-0.0223016,0.0378965,-0.0388367,0,0,0,0,0,0,0,0,0,0,0,0,0,0,0,0,0,0,0,0,0,0,0,0,0,0,0,0,0,-0.184736,-0.0353861,0.237016,0.980123,-0.695915,0.121701,-1.06245,-0.0848863,-0.132699,2.25125,0.188052,0.177198,-0.09895,0.0742406,-0.287244,0.338634,0.275824,0.00896734,0.595729,0.0441425,-0.0583466,-0.00993753,0.309936,-0.262734,-0.0502781,0.597209,-0.054305,0.0716338,-0.0298525,3.70182,0.172967,-0.504068,-4.16752,0.999766,-0.0940579,-5.9436,-1.57543,-1.1532,1.61633,-3.16706,-0.0766979,0.317125,-0.824583,-0.604208,0.0249862,-0.379878,0.118563,-0.532055,-0.167438,-0.0227536,-0.0247076,0.256655,-0.352555,-0.323851,0.144813,0.344477,0.277869,-0.0784248,-6.89063,30.7797,-14.305,-43.5719,11.2496,-0.212776,-1.32404,-1.29962,2.90453,-1.41968,0.128086,-0.0568257,-0.376231,-4.89346,2.67547,-3.0457,2.24263,0.756886,-2.53403,-0.0123998,-0.651697,0.109928,-4.60235,-1.219,0.00134724,-2.88657,-0.0241812,-0.751982,0.0188572,0,0,0,0,0,0,0,0,0,0,0,0,0,0,0,0,0,0,0,0,0,0,0,0,0,0,0,0,0,2.55789,6.3088,2.55789,6.3088,1.81445,1.81445,2.55789,6.3088,2.55789,6.3088,1.81445,1.81445,2.55789,1.81445,1.81445,0.907223,0.907223,0.907223,0.907223,0.907223,1.06814,1.06814,0.907223,0.907223,0.907223,0.907223,0.907223,1.06814,1.06814,40.1792,99.0984,40.1792,99.0984,28.5012,28.5012,40.1792,99.0984,40.1792,99.0984,28.5012,28.5012,40.1792,28.5012,28.5012,14.2506,14.2506,14.2506,14.2506,14.2506,16.7783,16.7783,14.2506,14.2506,14.2506,14.2506,14.2506,16.7783,16.7783,0,0,0,0,0,0,0,0,0,0,0,0,0,0,0,0,0,0,0,0,0,0,0,0,0,0,0,0,0,0,0,0,0,0,0,0,0,0,0,0,0,0,0,0,0,0,0,0,0,0,0,0,0,0,0,0,0,0,0,0,0,0,0,0,0,0,0,0,0,0,0,0,0,0,0,0,0,0,0,0,0,0,0,0,0,0,0,0,0,0,0,0,0,0,0,0,0,0,0,0,0,0,0,0,0,0,0,0,0,0,0,0,0,0,0,0,0,-0.0800512,0.169506,0.0212254,-0.273978,-0.522783,-0.616419,0.446075,-0.557767,-0.317969,0.158369,-0.229924,-0.147377,-0.491965,-0.503201,0.191346,-1.95332,0.048213,-0.05085,0.725953,-0.506478,-1.32062,0.508671,-0.056642,-0.368811,-0.121028,-0.521292,-1.29108,4.49833,0.713669,0.687532,0.133377,0.409864,-0.207229,0.254564,-0.0310141,0.216267,-0.0500009,0.0584961,-1.38153,-0.177602,-0.201941,2.24639,-0.061464,0.179757,-0.0806959,-0.139454,-0.270347,0.0798393,0.395638,0.0694568,0.384235,0.0211451,-0.0983875,-0.00901669,-0.0292807,-0.444624,-0.100839,0.379308,-0.0223016,0.0378965,-0.0388367,0.587,0.168695,0.0788196,-0.982512,0.6,0,0,0.906854,0.84423,0.989605
0.258795,-1.97926,11.4818,0.0967084,0.0169355,0.0664651,-0.0781119,0.170818,0.0225385,0.258795,-1.97926,11.4818,0.0967084,0.0169355,0.0664651,-0.0781119,0.170818,0.0225385,-0.334196,0.191857,0.132079,0.145999,0.238687,-0.0623971,-1.19746,-0.204539,-0.266488,1.9896,-0.0690427,0.165423,-0.0555317,-0.154679,-0.252207,0.0277456,0.384336,0.0669106,0.38502,0.00564926,-0.0887468,-0.00662766,-0.0195975,-0.46419,-0.103679,0.364846,-0.00356218,0.0238941,-0.0329555,0,0,0,0,0,0,0,0,0,0,0,0,0,0,0,0,0,0,0,0,0,0,0,0,0,0,0,0,0,-0.105994,-0.0279966,0.228753,0.889776,-0.671052,0.11631,-1.16936,-0.113901,-0.154745,2.25822,0.123135,0.177689,-0.0938663,0.0550843,-0.300076,0.333149,0.268902,0.0123309,0.586819,0.0386987,-0.058958,-0.0110283,0.309276,-0.268873,-0.055626,0.598047,-0.0457164,0.0756814,-0.0314464,3.93074,0.518621,-0.405536,-4.7195,1.42739,-0.357761,-4.97462,-1.36036,-1.09691,-0.482168,-3.12016,0.0546441,0.264556,-1.06205,-0.499306,-0.454437,-0.301678,0.180553,-0.425988,-0.274176,-0.025512,-0.0529161,-0.226595,-0.28471,-0.217121,-0.0755696,0.410379,0.149091,-0.0706634,-13.9783,25.0054,-9.44598,-37.6646,15.4789,-1.0059,3.96882,2.06229,0.869707,0.96621,0.325788,-0.0355738,-0.0907493,-3.68352,1.79807,-3.24108,2.08745,0.655487,-2.51983,-0.00214438,-0.635534,0.0916564,-4.66428,-2.24511,-0.443946,-3.07301,-0.0388113,-0.801758,-0.0480803,0,0,0,0,0,0,0,0,0,0,0,0,0,0,0,0,0,0,0,0,0,0,0,0,0,0,0,0,0,2.55789,6.3088,2.55789,6.3088,1.81445,1.81445,2.55789,6.3088,2.55789,6.3088,1.81445,1.81445,2.55789,1.81445,1.81445,0.907223,0.907223,0.907223,0.907223,0.907223,1.06814,1.06814,0.907223,0.907223,0.907223,0.907223,0.907223,1.06814,1.06814,40.1792,99.0984,40.1792,99.0984,28.5012,28.5012,40.1792,99.0984,40.1792,99.0984,28.5012,28.5012,40.1792,28.5012,28.5012,14.2506,14.2506,14.2506,14.2506,14.2506,16.7783,16.7783,14.2506,14.2506,14.2506,14.2506,14.2506,16.7783,16.7783,0,0,0,0,0,0,0,0,0,0,0,0,0,0,0,0,0,0,0,0,0,0,0,0,0,0,0,0,0,0,0,0,0,0,0,0,0,0,0,0,0,0,0,0,0,0,0,0,0,0,0,0,0,0,0,0,0,0,0,0,0,0,0,0,0,0,0,0,0,0,0,0,0,0,0,0,0,0,0,0,0,0,0,0,0,0,0,0,0,0,0,0,0,0,0,0,0,0,0,0,0,0,0,0,0,0,0,0,0,0,0,0,0,0,0,0,0,-0.0781119,0.170818,0.0225385,-0.392757,-0.500704,-0.575056,0.420304,-0.60238,-0.352683,0.152563,-0.236399,-0.101419,-0.490175,-0.536175,-0.0405377,-1.61714,0.0128809,-0.00812213,0.54713,-0.583295,-1.19122,0.320722,0.24122,-0.486694,-0.0889608,-0.442351,-1.49147,3.76604,1.37191,0.670252,-0.142272,0.377181,-0.334196,0.191857,0.132079,0.145999,0.238687,-0.0623971,-1.19746,-0.204539,-0.266488,1.9896,-0.0690427,0.165423,-0.0555317,-0.154679,-0.252207,0.0277456,0.384336,0.0669106,0.38502,0.00564926,-0.0887468,-0.00662766,-0.0195975,-0.46419,-0.103679,0.364846,-0.00356218,0.0238941,-0.0329555,0.56,0.169988,0.0768968,-0.982441,0.6,0,0,0.922424,0.574791,1.0049
1.19487,-0.526899,10.8129,0.14482,0.0635404,0.036522,-0.0753749,0.172154,0.0234846,1.19487,-0.526899,10.8129,0.14482,0.0635404,0.036522,-0.0753749,0.172154,0.0234846,-0.411449,0.119514,0.233001,0.0986952,0.5236,-0.173479,-0.968296,-0.124423,-0.377587,1.82223,-0.0973769,0.128799,-0.0316005,-0.146367,-0.188847,-0.0309046,0.315674,0.0381415,0.400945,-0.00851134,-0.0827482,-0.00897708,0.0451425,-0.475866,-0.110376,0.382573,0.00286461,0.011774,-0.0292761,0,0,0,0,0,0,0,0,0,0,0,0,0,0,0,0,0,0,0,0,0,0,0,0,0,0,0,0,0,-0.02752,-0.0120992,0.225183,0.785958,-0.635642,0.102611,-1.25412,-0.141285,-0.181838,2.21183,0.0734817,0.174811,-0.0878814,0.0308134,-0.307389,0.31677,0.262956,0.0161744,0.581357,0.0305769,-0.0574417,-0.0111742,0.298701,-0.274292,-0.0590285,0.593953,-0.0345963,0.0752016,-0.0313598,3.69788,0.895409,-0.107038,-5.47335,2.03368,-0.834236,-3.78062,-1.39596,-1.49229,-3.47277,-2.31054,-0.160728,0.367211,-1.26271,-0.0861255,-1.02968,-0.26448,0.181161,-0.24659,-0.402127,0.123585,0.00975499,-0.709344,-0.26557,-0.108355,-0.378207,0.541633,-0.0945454,0.0319383,-21.6085,14.8094,-3.54055,-30.5271,21.1215,-3.32455,11.8273,2.27665,0.209364,-1.79596,0.0156547,0.0331594,0.442381,-3.12373,1.90815,-3.23528,1.97009,0.55428,-2.59597,0.00932115,-0.651967,0.0662308,-3.9265,-2.48121,-0.526506,-2.98573,-0.048106,-0.770076,-0.0579041,0,0,0,0,0,0,0,0,0,0,0,0,0,0,0,0,0,0,0,0,0,0,0,0,0,0,0,0,0,2.55789,6.3088,2.55789,6.3088,1.81445,1.81445,2.55789,6.3088,2.55789,6.3088,1.81445,1.81445,2.55789,1.81445,1.81445,0.907223,0.907223,0.907223,0.907223,0.907223,1.06814,1.06814,0.907223,0.907223,0.907223,0.907223,0.907223,1.06814,1.06814,40.1792,99.0984,40.1792,99.0984,28.5012,28.5012,40.1792,99.0984,40.1792,99.0984,28.5012,28.5012,40.1792,28.5012,28.5012,14.2506,14.2506,14.2506,14.2506,14.2506,16.7783,16.7783,14.2506,14.2506,14.2506,14.2506,14.2506,16.7783,16.7783,0,0,0,0,0,0,0,0,0,0,0,0,0,0,0,0,0,0,0,0,0,0,0,0,0,0,0,0,0,0,0,0,0,0,0,0,0,0,0,0,0,0,0,0,0,0,0,0,0,0,0,0,0,0,0,0,0,0,0,0,0,0,0,0,0,0,0,0,0,0,0,0,0,0,0,0,0,0,0,0,0,0,0,0,0,0,0,0,0,0,0,0,0,0,0,0,0,0,0,0,0,0,0,0,0,0,0,0,0,0,0,0,0,0,0,0,0,-0.0753749,0.172154,0.0234846,-0.526486,-0.353091,-0.43059,0.263748,-0.629003,-0.33373,0.0869665,-0.251667,-0.057713,-0.453866,-0.495755,-0.181626,-1.19861,-0.0194067,0.0065316,0.340823,-0.354824,-1.1107,0.158039,0.425537,-0.689597,-0.120496,-0.392964,-1.62637,3.28872,2.10512,0.605647,-0.39555,0.293674,-0.411449,0.119514,0.233001,0.0986952,0.5236,-0.173479,-0.968296,-0.124423,-0.377587,1.82223,-0.0973769,0.128799,-0.0316005,-0.146367,-0.188847,-0.0309046,0.315674,0.0381415,0.400945,-0.00851134,-0.0827482,-0.00897708,0.0451425,-0.475866,-0.110376,0.382573,0.00286461,0.011774,-0.0292761,0.712,0.171304,0.0741904,-0.982421,0.6,0,0,0.922424,0.574791,1.0049
-0.696111,-2.48473,10.254,0.128243,0.116205,-0.0803027,-0.0725,0.174304,0.0229898,-0.696111,-2.48473,10.254,0.128243,0.116205,-0.0803027,-0.0725,0.174304,0.0229898,-0.517024,0.0260181,0.323526,0.053842,0.5236,-0.259162,-0.704448,-0.104398,-0.429926,1.5942,-0.0439614,0.0574686,-0.00414468,-0.193148,-0.118266,-0.0491187,0.247748,0.0136015,0.444073,-0.0296549,-0.0672322,-0.00339529,0.139388,-0.351881,-0.0588272,0.409217,0.00334656,-0.00425061,-0.0181921,0,0,0,0,0,0,0,0,0,0,0,0,0,0,0,0,0,0,0,0,0,0,0,0,0,0,0,0,0,0.044822,0.00764508,0.227703,0.667785,-0.590635,0.0788467,-1.31251,-0.158894,-0.217275,2.11535,0.0274534,0.163453,-0.0846357,0.00496157,-0.305218,0.289624,0.257857,0.0193734,0.579248,0.0205126,-0.0546417,-0.0107442,0.279227,-0.27905,-0.0603348,0.584457,-0.0240839,0.0692694,-0.0297992,3.25334,0.95538,0.180244,-6.00834,2.70234,-1.36209,-2.3791,-0.597875,-1.91461,-5.51454,-2.29831,-0.600378,0.137978,-1.19109,0.402162,-1.5308,-0.21589,0.139046,-0.100892,-0.482038,0.151596,0.0245375,-1.14825,-0.20295,-0.00713293,-0.599326,0.472391,-0.355219,0.0899641,-26.7064,5.1197,-0.271158,-19.5384,27.2263,-4.86229,19.9499,7.25564,-1.72587,4.28741,0.502911,0.105357,1.84424,-2.15168,2.75385,-3.24324,1.0281,0.138988,-2.4735,0.0235071,-0.631293,0.00347164,-2.35212,-2.61886,-0.694919,-2.38586,-0.0449792,-0.599133,-0.0852065,0,0,0,0,0,0,0,0,0,0,0,0,0,0,0,0,0,0,0,0,0,0,0,0,0,0,0,0,0,2.55789,6.3088,2.55789,6.3088,1.81445,1.81445,2.55789,6.3088,2.55789,6.3088,1.81445,1.81445,2.55789,1.81445,1.81445,0.907223,0.907223,0.907223,0.907223,0.907223,1.06814,1.06814,0.907223,0.907223,0.907223,0.907223,0.907223,1.06814,1.06814,40.1792,99.0984,40.1792,99.0984,28.5012,28.5012,40.1792,99.0984,40.1792,99.0984,28.5012,28.5012,40.1792,28.5012,28.5012,14.2506,14.2506,14.2506,14.2506,14.2506,16.7783,16.7783,14.2506,14.2506,14.2506,14.2506,14.2506,16.7783,16.7783,0,0,0,0,0,0,0,0,0,0,0,0,0,0,0,0,0,0,0,0,0,0,0,0,0,0,0,0,0,0,0,0,0,0,0,0,0,0,0,0,0,0,0,0,0,0,0,0,0,0,0,0,0,0,0,0,0,0,0,0,0,0,0,0,0,0,0,0,0,0,0,0,0,0,0,0,0,0,0,0,0,0,0,0,0,0,0,0,0,0,0,0,0,0,0,0,0,0,0,0,0,0,0,0,0,0,0,0,0,0,0,0,0,0,0,0,0,-0.0725,0.174304,0.0229898,-0.568016,-0.138201,-0.269659,0.108871,-0.346304,-0.440396,0.0310128,-0.134132,-0.00756956,-0.355528,-0.435005,-0.374441,-0.71674,-0.0676161,0.0076305,0.0741972,-0.297718,-0.902435,-0.0570545,0.590864,-0.785186,-0.0455739,-0.244187,-1.75428,2.63845,2.75413,0.72744,-0.590914,0.131034,-0.517024,0.0260181,0.323526,0.053842,0.5236,-0.259162,-0.704448,-0.104398,-0.429926,1.5942,-0.0439614,0.0574686,-0.00414468,-0.193148,-0.118266,-0.0491187,0.247748,0.0136015,0.444073,-0.0296549,-0.0672322,-0.00339529,0.139388,-0.351881,-0.0588272,0.409217,0.00334656,-0.00425061,-0.0181921,0.633,0.173423,0.0713389,-0.98226,0.6,0,0,0.944143,0.508222,1.02197
-0.872263,-2.36809,8.92116,0.15606,0.19074,-0.144115,-0.069878,0.177753,0.0204559,-0.872263,-2.36809,8.92116,0.15606,0.19074,-0.144115,-0.069878,0.177753,0.0204559,-0.52004,-0.00316523,0.340493,0.0439262,0.5236,-0.2618,-0.494861,-0.0342526,-0.482467,1.4642,-0.0434048,-0.0478033,0.0212249,-0.212288,-0.0232398,-0.0529863,0.150995,-0.0372564,0.454834,-0.0567296,-0.052193,-0.00610609,0.247912,-0.281668,-0.0305574,0.433845,-0.00901724,-0.0145764,-0.0137473,0,0,0,0,0,0,0,0,0,0,0,0,0,0,0,0,0,0,0,0,0,0,0,0,0,0,0,0,0,0.100707,0.0269431,0.233253,0.548264,-0.520422,0.041926,-1.34069,-0.165599,-0.261543,1.98008,0.00156813,0.137004,-0.0825858,-0.0179464,-0.292898,0.251766,0.252663,0.0210154,0.581859,0.00761228,-0.0503888,-0.00865324,0.253408,-0.28096,-0.0592024,0.569837,-0.0163238,0.0576604,-0.0270857,2.25465,0.854561,0.266221,-5.80335,4.17902,-2.15181,-0.781327,-0.25382,-2.3093,-7.33142,-1.08898,-1.3533,0.187188,-0.983108,0.895829,-2.0743,-0.268938,0.0427866,0.178826,-0.625536,0.252573,0.118053,-1.34347,0.0102963,0.140003,-0.882147,0.331772,-0.637052,0.146173,-30.7626,-5.56614,2.93259,-13.1092,22.6499,-4.90899,27.7633,7.5918,-1.02263,6.4601,0.586701,0.192463,2.78178,-3.16311,3.53134,-2.48268,0.172468,-0.152022,-2.13973,0.0362028,-0.543963,-0.0379263,-0.445463,-0.997617,-0.100668,-1.55,-0.0210293,-0.376747,-0.00335844,0,0,0,0,0,0,0,0,0,0,0,0,0,0,0,0,0,0,0,0,0,0,0,0,0,0,0,0,0,2.55789,6.3088,2.55789,6.3088,1.81445,1.81445,2.55789,6.3088,2.55789,6.3088,1.81445,1.81445,2.55789,1.81445,1.81445,0.907223,0.907223,0.907223,0.907223,0.907223,1.06814,1.06814,0.907223,0.907223,0.907223,0.907223,0.907223,1.06814,1.06814,40.1792,99.0984,40.1792,99.0984,28.5012,28.5012,40.1792,99.0984,40.1792,99.0984,28.5012,28.5012,40.1792,28.5012,28.5012,14.2506,14.2506,14.2506,14.2506,14.2506,16.7783,16.7783,14.2506,14.2506,14.2506,14.2506,14.2506,16.7783,16.7783,0,0,0,0,0,0,0,0,0,0,0,0,0,0,0,0,0,0,0,0,0,0,0,0,0,0,0,0,0,0,0,0,0,0,0,0,0,0,0,0,0,0,0,0,0,0,0,0,0,0,0,0,0,0,0,0,0,0,0,0,0,0,0,0,0,0,0,0,0,0,0,0,0,0,0,0,0,0,0,0,0,0,0,0,0,0,0,0,0,0,0,0,0,0,0,0,0,0,0,0,0,0,0,0,0,0,0,0,0,0,0,0,0,0,0,0,0,-0.069878,0.177753,0.0204559,-0.576834,0.109243,-0.0529891,-0.111736,-0.186211,-0.484038,-0.0849483,-0.0696739,0.0387636,-0.330994,-0.378851,-0.379949,-0.333965,-0.129349,-0.0205602,-0.00902646,-0.0976799,-0.700569,-0.195654,0.621852,-0.881144,-0.0819599,-0.184526,-1.78256,2.2677,3.50958,0.728709,-0.766515,-0.108996,-0.52004,-0.00316523,0.340493,0.0439262,0.5236,-0.2618,-0.494861,-0.0342526,-0.482467,1.4642,-0.0434048,-0.0478033,0.0212249,-0.212288,-0.0232398,-0.0529863,0.150995,-0.0372564,0.454834,-0.0567296,-0.052193,-0.00610609,0.247912,-0.281668,-0.0305574,0.433845,-0.00901724,-0.0145764,-0.0137473,0.955,0.176818,0.068721,-0.981842,0.6,0,0,0.969692,0.479022,1.0404
0.614612,-1.97967,6.97503,0.202734,0.0973572,-0.172265,-0.0666314,0.181019,0.0170717,0.614612,-1.97967,6.97503,0.202734,0.0973572,-0.172265,-0.0666314,0.181019,0.0170717,-0.476586,0.0435845,0.301096,0.05297,0.5236,-0.2618,-0.360852,0.0464395,-0.528135,1.43704,-0.131471,-0.134219,0.0292599,-0.225401,0.028312,-0.0238534,0.077051,-0.0719389,0.469037,-0.0731814,-0.0410195,-0.0144835,0.321951,-0.307883,-0.0316852,0.428872,-0.0215844,-0.0214061,-0.0174348,0,0,0,0,0,0,0,0,0,0,0,0,0,0,0,0,0,0,0,0,0,0,0,0,0,0,0,0,0,0.137786,0.0438569,0.238706,0.438799,-0.425839,-0.00573329,-1.33573,-0.162898,-0.311803,1.82332,-0.0181737,0.0904229,-0.0796428,-0.0374895,-0.271824,0.206727,0.245682,0.0185236,0.584875,-0.00910264,-0.043207,-0.00630181,0.227453,-0.27827,-0.054594,0.549072,-0.0136435,0.0423387,-0.0240645,1.4006,0.754795,0.221965,-5.10511,5.0881,-2.56266,0.878881,0.295629,-2.53355,-7.85139,-1.00942,-2.32441,0.243258,-0.860475,1.30142,-2.29088,-0.402579,-0.23634,0.0561304,-0.806395,0.36844,0.0953895,-1.20698,0.24996,0.316414,-1.1507,0.0730149,-0.780827,0.150038,-30.2052,-9.5212,3.50192,-7.29638,18.2268,-2.80099,31.8577,10.9434,-0.516408,12.9104,1.04118,0.280037,3.55965,-3.3791,4.91692,-1.68347,-1.0013,-0.604893,-1.93393,0.0534494,-0.544167,-0.10297,1.37715,-0.242884,0.079595,-0.651528,-0.000978084,-0.138376,0.0166263,0,0,0,0,0,0,0,0,0,0,0,0,0,0,0,0,0,0,0,0,0,0,0,0,0,0,0,0,0,2.55789,6.3088,2.55789,6.3088,1.81445,1.81445,2.55789,6.3088,2.55789,6.3088,1.81445,1.81445,2.55789,1.81445,1.81445,0.907223,0.907223,0.907223,0.907223,0.907223,1.06814,1.06814,0.907223,0.907223,0.907223,0.907223,0.907223,1.06814,1.06814,40.1792,99.0984,40.1792,99.0984,28.5012,28.5012,40.1792,99.0984,40.1792,99.0984,28.5012,28.5012,40.1792,28.5012,28.5012,14.2506,14.2506,14.2506,14.2506,14.2506,16.7783,16.7783,14.2506,14.2506,14.2506,14.2506,14.2506,16.7783,16.7783,0,0,0,0,0,0,0,0,0,0,0,0,0,0,0,0,0,0,0,0,0,0,0,0,0,0,0,0,0,0,0,0,0,0,0,0,0,0,0,0,0,0,0,0,0,0,0,0,0,0,0,0,0,0,0,0,0,0,0,0,0,0,0,0,0,0,0,0,0,0,0,0,0,0,0,0,0,0,0,0,0,0,0,0,0,0,0,0,0,0,0,0,0,0,0,0,0,0,0,0,0,0,0,0,0,0,0,0,0,0,0,0,0,0,0,0,0,-0.0666314,0.181019,0.0170717,-0.510408,0.278061,0.0645543,-0.280336,-0.245983,-0.513938,-0.164028,-0.0722454,0.0534383,-0.298608,-0.390188,-0.300589,-0.0892202,-0.166861,-0.0492146,0.124292,0.132434,-0.550591,-0.287327,0.5499,-0.964548,-0.194407,-0.234022,-1.75677,2.19027,4.03979,0.52791,-0.796377,-0.306033,-0.476586,0.0435845,0.301096,0.05297,0.5236,-0.2618,-0.360852,0.0464395,-0.528135,1.43704,-0.131471,-0.134219,0.0292599,-0.225401,0.028312,-0.0238534,0.077051,-0.0719389,0.469037,-0.0731814,-0.0410195,-0.0144835,0.321951,-0.307883,-0.0316852,0.428872,-0.0215844,-0.0214061,-0.0174348,0.721,0.180032,0.0654942,-0.981478,0.6,0,0,0.969692,0.479022,1.0404
2.27917,-1.65559,5.80055,0.254644,-0.147069,-0.133813,-0.0622814,0.180819,0.0140698,2.27917,-1.65559,5.80055,0.254644,-0.147069,-0.133813,-0.0622814,0.180819,0.0140698,-0.342784,0.0740048,0.263837,0.116866,0.5236,-0.2618,-0.30835,0.0995924,-0.552522,1.34826,-0.279391,-0.206093,0.0298726,-0.262102,0.0320154,0.0324953,0.0624567,-0.0793902,0.47455,-0.0839364,-0.0317316,-0.0217784,0.359704,-0.305367,-0.0288227,0.428524,-0.0349678,-0.0234979,-0.0192191,0,0,0,0,0,0,0,0,0,0,0,0,0,0,0,0,0,0,0,0,0,0,0,0,0,0,0,0,0,0.161163,0.0612432,0.240168,0.349223,-0.323973,-0.0552887,-1.29848,-0.148857,-0.364768,1.67586,-0.0568215,0.0318537,-0.07409,-0.0573825,-0.245226,0.160366,0.23453,0.0110514,0.583583,-0.0263488,-0.0357394,-0.00613057,0.207712,-0.272617,-0.0460555,0.522236,-0.0151819,0.0264596,-0.0220233,0.874222,0.857617,-0.0826062,-3.94289,5.07263,-2.28936,2.42364,0.903694,-2.59627,-6.76605,-2.0761,-2.78233,0.384107,-0.97686,1.48912,-2.25666,-0.669429,-0.469432,-0.177221,-0.791904,0.334061,-0.0298122,-0.77888,0.327352,0.499753,-1.41177,-0.108466,-0.77762,0.0925641,-28.0017,-7.14441,2.5918,-4.52901,15.2397,-1.78331,31.8702,13.9053,-0.0342299,18.7753,1.60558,0.318299,3.29663,-3.01162,5.27919,-0.620628,-1.67353,-0.785925,-1.50204,0.0524107,-0.450896,-0.114067,2.35693,-0.775954,-0.225407,-0.090801,0.00636813,0.0115214,-0.0181708,0,0,0,0,0,0,0,0,0,0,0,0,0,0,0,0,0,0,0,0,0,0,0,0,0,0,0,0,0,2.55789,6.3088,2.55789,6.3088,1.81445,1.81445,2.55789,6.3088,2.55789,6.3088,1.81445,1.81445,2.55789,1.81445,1.81445,0.907223,0.907223,0.907223,0.907223,0.907223,1.06814,1.06814,0.907223,0.907223,0.907223,0.907223,0.907223,1.06814,1.06814,40.1792,99.0984,40.1792,99.0984,28.5012,28.5012,40.1792,99.0984,40.1792,99.0984,28.5012,28.5012,40.1792,28.5012,28.5012,14.2506,14.2506,14.2506,14.2506,14.2506,16.7783,16.7783,14.2506,14.2506,14.2506,14.2506,14.2506,16.7783,16.7783,0,0,0,0,0,0,0,0,0,0,0,0,0,0,0,0,0,0,0,0,0,0,0,0,0,0,0,0,0,0,0,0,0,0,0,0,0,0,0,0,0,0,0,0,0,0,0,0,0,0,0,0,0,0,0,0,0,0,0,0,0,0,0,0,0,0,0,0,0,0,0,0,0,0,0,0,0,0,0,0,0,0,0,0,0,0,0,0,0,0,0,0,0,0,0,0,0,0,0,0,0,0,0,0,0,0,0,0,0,0,0,0,0,0,0,0,0,-0.0622814,0.180819,0.0140698,-0.381927,0.364141,0.0729984,-0.313612,-0.240246,-0.597619,-0.181018,-0.0657187,0.0545572,-0.28604,-0.390982,-0.0562215,0.00666629,-0.191383,-0.0797301,0.211044,0.284013,-0.425922,-0.315404,0.481853,-1.00909,-0.292324,-0.257972,-1.57455,1.93708,4.62946,0.190638,-0.932533,-0.469912,-0.342784,0.0740048,0.263837,0.116866,0.5236,-0.2618,-0.30835,0.0995924,-0.552522,1.34826,-0.279391,-0.206093,0.0298726,-0.262102,0.0320154,0.0324953,0.0624567,-0.0793902,0.47455,-0.0839364,-0.0317316,-0.0217784,0.359704,-0.305367,-0.0288227,0.428524,-0.0349678,-0.0234979,-0.0192191,0.818,0.179836,0.0612264,-0.981789,0.6,0,0,0.99585,0.478512,1.06039
-0.166486,-0.348581,8.40078,0.384436,-0.137331,-0.14257,-0.0559198,0.178345,0.0117621,-0.166486,-0.348581,8.40078,0.384436,-0.137331,-0.14257,-0.0559198,0.178345,0.0117621,-0.230862,0.0517024,0.276605,0.261901,0.5236,-0.2618,-0.224442,0.190485,-0.534595,1.16531,-0.52462,-0.2618,0.00673656,-0.278302,0.0593084,0.0780583,0.0706106,-0.061235,0.463228,-0.100856,-0.0254574,-0.0213103,0.389491,-0.292222,-0.0316078,0.441682,-0.0462243,-0.0298033,-0.0126651,0,0,0,0,0,0,0,0,0,0,0,0,0,0,0,0,0,0,0,0,0,0,0,0,0,0,0,0,0,0.176762,0.0882817,0.23232,0.287799,-0.227789,-0.096127,-1.22995,-0.118628,-0.408689,1.59723,-0.151236,-0.0282096,-0.0654537,-0.0873697,-0.221627,0.115001,0.215856,0.000845677,0.577645,-0.0420286,-0.0294523,-0.0082415,0.193766,-0.266465,-0.0362462,0.494456,-0.0200379,0.0116732,-0.0207263,0.488691,1.65206,-0.590017,-2.44663,4.67944,-1.73352,4.00033,1.94548,-2.14811,-2.50922,-5.23004,-2.46136,0.429639,-1.79779,1.18314,-2.19126,-1.11844,-0.54698,-0.385589,-0.708335,0.266453,-0.122722,-0.641298,0.320011,0.493689,-1.26415,-0.255214,-0.68304,0.0590951,-22.3397,-11.3784,2.6692,-1.28251,13.185,-1.55277,27.3239,10.1066,-0.559307,-8.57272,5.89977,-0.476425,2.7771,-1.84065,5.23704,0.780757,-1.22728,-0.671837,-1.15241,0.0461084,-0.329451,-0.0995264,2.94475,-0.823459,-0.325738,0.205615,0.0180301,0.135732,-0.0351711,0,0,0,0,0,0,0,0,0,0,0,0,0,0,0,0,0,0,0,0,0,0,0,0,0,0,0,0,0,2.55789,6.3088,2.55789,6.3088,1.81445,1.81445,2.55789,6.3088,2.55789,6.3088,1.81445,1.81445,2.55789,1.81445,1.81445,0.907223,0.907223,0.907223,0.907223,0.907223,1.06814,1.06814,0.907223,0.907223,0.907223,0.907223,0.907223,1.06814,1.06814,40.1792,99.0984,40.1792,99.0984,28.5012,28.5012,40.1792,99.0984,40.1792,99.0984,28.5012,28.5012,40.1792,28.5012,28.5012,14.2506,14.2506,14.2506,14.2506,14.2506,16.7783,16.7783,14.2506,14.2506,14.2506,14.2506,14.2506,16.7783,16.7783,0,0,0,0,0,0,0,0,0,0,0,0,0,0,0,0,0,0,0,0,0,0,0,0,0,0,0,0,0,0,0,0,0,0,0,0,0,0,0,0,0,0,0,0,0,0,0,0,0,0,0,0,0,0,0,0,0,0,0,0,0,0,0,0,0,0,0,0,0,0,0,0,0,0,0,0,0,0,0,0,0,0,0,0,0,0,0,0,0,0,0,0,0,0,0,0,0,0,0,0,0,0,0,0,0,0,0,0,0,0,0,0,0,0,0,0,0,-0.0559198,0.178345,0.0117621,-0.278039,0.432058,0.135229,-0.295021,-0.210275,-0.634557,-0.139622,-0.0720688,0.0123032,-0.311854,-0.360982,0.148185,0.159909,-0.229962,-0.105396,0.147443,0.543216,-0.341706,-0.400039,0.505171,-0.976346,-0.286041,-0.17,-1.16095,1.41534,5.54533,-0.36851,-1.30846,-0.702498,-0.230862,0.0517024,0.276605,0.261901,0.5236,-0.2618,-0.224442,0.190485,-0.534595,1.16531,-0.52462,-0.2618,0.00673656,-0.278302,0.0593084,0.0780583,0.0706106,-0.061235,0.463228,-0.100856,-0.0254574,-0.0213103,0.389491,-0.292222,-0.0316078,0.441682,-0.0462243,-0.0298033,-0.0126651,1.047,0.177401,0.0550042,-0.9826,0.6,0,0,0.99585,0.478512,1.06039
1.16247,-2.53025,5.8744,0.320623,-0.0788872,-0.167555,-0.0491677,0.177124,0.00847829,1.16247,-2.53025,5.8744,0.320623,-0.0788872,-0.167555,-0.0491677,0.177124,0.00847829,-0.196531,0.0148686,0.273633,0.396112,0.5236,-0.2618,0.00696047,0.230015,-0.351631,0.92712,-0.699119,-0.2618,-0.0528801,-0.291543,0.14384,0.214692,0.120408,-0.0101866,0.484163,-0.110355,-0.0108663,-0.0150481,0.407486,-0.314032,-0.0387053,0.496765,-0.0585637,-0.0327059,0.00486862,0,0,0,0,0,0,0,0,0,0,0,0,0,0,0,0,0,0,0,0,0,0,0,0,0,0,0,0,0,0.176994,0.124971,0.220056,0.262432,-0.136381,-0.124145,-1.13171,-0.0620616,-0.4504,1.53054,-0.282913,-0.0815277,-0.0603127,-0.124505,-0.201979,0.0732888,0.190919,-0.00892932,0.563892,-0.0576456,-0.0242057,-0.0108399,0.180732,-0.257871,-0.029479,0.474915,-0.0281089,0.00024571,-0.0207483,-0.431822,1.68126,-0.623656,-0.507019,4.62667,-1.15917,5.42922,3.18495,-1.84371,-4.29044,-5.59652,-2.74578,0.250826,-1.60744,0.994942,-1.93475,-1.28024,-0.490211,-0.889086,-0.726943,0.200947,-0.125917,-0.557085,0.522091,0.210329,-0.715184,-0.364741,-0.47056,0.00698389,-15.5818,-18.1526,3.84042,3.75776,10.7494,-1.81804,23.217,5.48098,1.40117,-12.7625,4.96073,-0.642444,2.13948,-1.34931,5.78267,1.8098,-0.58487,-0.326514,-0.683708,0.0439376,-0.248123,-0.0453296,3.52013,-0.93422,-0.202431,0.161619,0.116288,-0.0552085,0.218162,0,0,0,0,0,0,0,0,0,0,0,0,0,0,0,0,0,0,0,0,0,0,0,0,0,0,0,0,0,2.55789,6.3088,2.55789,6.3088,1.81445,1.81445,2.55789,6.3088,2.55789,6.3088,1.81445,1.81445,2.55789,1.81445,1.81445,0.907223,0.907223,0.907223,0.907223,0.907223,1.06814,1.06814,0.907223,0.907223,0.907223,0.907223,0.907223,1.06814,1.06814,40.1792,99.0984,40.1792,99.0984,28.5012,28.5012,40.1792,99.0984,40.1792,99.0984,28.5012,28.5012,40.1792,28.5012,28.5012,14.2506,14.2506,14.2506,14.2506,14.2506,16.7783,16.7783,14.2506,14.2506,14.2506,14.2506,14.2506,16.7783,16.7783,0,0,0,0,0,0,0,0,0,0,0,0,0,0,0,0,0,0,0,0,0,0,0,0,0,0,0,0,0,0,0,0,0,0,0,0,0,0,0,0,0,0,0,0,0,0,0,0,0,0,0,0,0,0,0,0,0,0,0,0,0,0,0,0,0,0,0,0,0,0,0,0,0,0,0,0,0,0,0,0,0,0,0,0,0,0,0,0,0,0,0,0,0,0,0,0,0,0,0,0,0,0,0,0,0,0,0,0,0,0,0,0,0,0,0,0,0,-0.0491677,0.177124,0.00847829,0.0335001,0.473089,0.327969,-0.181478,-0.260004,-0.664747,-0.0232265,-0.088252,-0.0965765,-0.264121,-0.235386,0.210885,0.582527,-0.251621,-0.133531,0.0424014,0.655945,-0.145855,-0.439,0.499743,-0.642194,-0.201985,0.0653498,-0.778208,0.736093,5.86744,-0.766384,-1.48236,-0.861477,-0.196531,0.0148686,0.273633,0.396112,0.5236,-0.2618,0.00696047,0.230015,-0.351631,0.92712,-0.699119,-0.2618,-0.0528801,-0.291543,0.14384,0.214692,0.120408,-0.0101866,0.484163,-0.110355,-0.0108663,-0.0150481,0.407486,-0.314032,-0.0387053,0.496765,-0.0585637,-0.0327059,0.00486862,0.732,0.1762,0.0483789,-0.983165,0.6,0,0,1.02425,0.489491,1.07834
5.56894,-3.53886,2.53402,0.132064,-0.496793,0.172047,-0.0447598,0.172595,0.00850335,5.56894,-3.53886,2.53402,0.132064,-0.496793,0.172047,-0.0447598,0.172595,0.00850335,-0.133375,-0.0743521,0.231918,0.738652,0.5236,-0.2618,0.288786,0.177303,-0.0124667,0.591579,-0.730147,-0.2618,-0.149505,-0.183933,0.220638,0.593964,0.365303,0.0983093,0.592676,-0.0923593,0.0103451,-0.000290998,0.390002,-0.369027,-0.0768299,0.566775,-0.0538814,-0.0382147,0.020982,0,0,0,0,0,0,0,0,0,0,0,0,0,0,0,0,0,0,0,0,0,0,0,0,0,0,0,0,0,0.160126,0.146927,0.206508,0.274436,-0.0415314,-0.144265,-1.00436,0.00491064,-0.467171,1.39321,-0.391794,-0.13116,-0.054625,-0.143369,-0.183815,0.0380854,0.165234,-0.0165716,0.542761,-0.0718011,-0.0195086,-0.0132292,0.175149,-0.24642,-0.0245484,0.466555,-0.0360434,-0.0118765,-0.0147522,-1.12675,0.485383,-0.568054,1.19964,4.9928,-0.952697,6.9024,3.11429,0.0302312,-8.07345,-5.32169,-2.16298,0.353896,-0.259874,1.05234,-1.54217,-1.24892,-0.36691,-1.11068,-0.638843,0.206512,-0.110413,0.102038,0.604424,0.299766,-0.253494,-0.374319,-0.558585,0.351485,-11.6658,-16.9888,4.23743,5.19979,7.44041,-1.68268,23.7158,2.54315,5.00644,2.57528,0.789421,0.202664,-0.753582,-3.47242,7.62316,3.92878,0.468821,0.404103,0.142082,0.0305691,-0.0828359,0.0844385,3.32215,-1.49057,-0.454084,0.669739,0.0186287,0.253771,-0.0407268,0,0,0,0,0,0,0,0,0,0,0,0,0,0,0,0,0,0,0,0,0,0,0,0,0,0,0,0,0,2.55789,6.3088,2.55789,6.3088,1.81445,1.81445,2.55789,6.3088,2.55789,6.3088,1.81445,1.81445,2.55789,1.81445,1.81445,0.907223,0.907223,0.907223,0.907223,0.907223,1.06814,1.06814,0.907223,0.907223,0.907223,0.907223,0.907223,1.06814,1.06814,40.1792,99.0984,40.1792,99.0984,28.5012,28.5012,40.1792,99.0984,40.1792,99.0984,28.5012,28.5012,40.1792,28.5012,28.5012,14.2506,14.2506,14.2506,14.2506,14.2506,16.7783,16.7783,14.2506,14.2506,14.2506,14.2506,14.2506,16.7783,16.7783,0,0,0,0,0,0,0,0,0,0,0,0,0,0,0,0,0,0,0,0,0,0,0,0,0,0,0,0,0,0,0,0,0,0,0,0,0,0,0,0,0,0,0,0,0,0,0,0,0,0,0,0,0,0,0,0,0,0,0,0,0,0,0,0,0,0,0,0,0,0,0,0,0,0,0,0,0,0,0,0,0,0,0,0,0,0,0,0,0,0,0,0,0,0,0,0,0,0,0,0,0,0,0,0,0,0,0,0,0,0,0,0,0,0,0,0,0,-0.0447598,0.172595,0.00850335,0.898276,0.433224,0.503077,0.376908,-0.385398,-0.419385,0.224155,-0.17518,-0.273045,-0.0167006,-0.0757569,0.326227,1.09723,-0.210588,-0.122855,-0.212034,0.505625,0.138858,-0.512943,0.423559,-0.0227683,-0.00390597,0.281634,0.198629,-0.220785,5.31914,-0.837132,-1.45098,-0.871701,-0.133375,-0.0743521,0.231918,0.738652,0.5236,-0.2618,0.288786,0.177303,-0.0124667,0.591579,-0.730147,-0.2618,-0.149505,-0.183933,0.220638,0.593964,0.365303,0.0983093,0.592676,-0.0923593,0.0103451,-0.000290998,0.390002,-0.369027,-0.0768299,0.566775,-0.0538814,-0.0382147,0.020982,0.765,0.171739,0.0440801,-0.984156,0.6,0,0,1.03746,0.512567,1.09029
11.0751,-2.13147,-1.51622,-0.0765709,-1.42354,0.636723,-0.0432243,0.153967,0.0186293,11.0751,-2.13147,-1.51622,-0.0765709,-1.42354,0.636723,-0.0432243,0.153967,0.0186293,-0.0881224,-0.279702,0.221303,1.30369,0.418181,-0.2618,0.38091,-0.130749,0.43048,0.397125,-0.170591,-0.2618,-0.18628,0.052988,0.162291,0.804048,0.713344,0.190457,0.721948,-0.0228298,0.0359417,0.0126096,0.438623,-0.265332,-0.0181627,0.563707,-0.00658575,-0.0331057,0.0307035,0,0,0,0,0,0,0,0,0,0,0,0,0,0,0,0,0,0,0,0,0,0,0,0,0,0,0,0,0,0.123116,0.128259,0.179894,0.367827,0.0969073,-0.174264,-0.827685,0.0645458,-0.426464,1.17024,-0.494522,-0.169031,-0.0441593,-0.125517,-0.163444,0.0152249,0.144199,-0.0228859,0.517391,-0.0789632,-0.0166891,-0.0146285,0.183449,-0.233516,-0.0195453,0.47373,-0.041684,-0.0249332,-0.00334834,-1.6263,-1.85168,-0.861539,5.51445,6.90589,-1.36898,8.7422,2.21092,3.23972,-10.8832,-4.17248,-1.46409,0.395409,1.6394,1.16951,-0.429691,-0.70098,-0.274664,-1.08283,-0.222062,0.07585,-0.053466,0.830608,0.506994,0.215294,0.631277,-0.203924,-0.456665,0.512766,-6.10595,-9.75815,4.63371,3.31675,-0.00997744,-0.0310844,23.4114,-3.1873,9.15927,9.41719,0.811467,0.00707295,-5.29167,-4.30062,9.11027,8.76009,3.80634,1.96665,2.05028,0.0115253,0.367249,0.295187,2.32864,-2.39926,-1.00236,0.798852,0.0110564,0.288038,-0.136067,0,0,0,0,0,0,0,0,0,0,0,0,0,0,0,0,0,0,0,0,0,0,0,0,0,0,0,0,0,2.55789,6.3088,2.55789,6.3088,1.81445,1.81445,2.55789,6.3088,2.55789,6.3088,1.81445,1.81445,2.55789,1.81445,1.81445,0.907223,0.907223,0.907223,0.907223,0.907223,1.06814,1.06814,0.907223,0.907223,0.907223,0.907223,0.907223,1.06814,1.06814,40.1792,99.0984,40.1792,99.0984,28.5012,28.5012,40.1792,99.0984,40.1792,99.0984,28.5012,28.5012,40.1792,28.5012,28.5012,14.2506,14.2506,14.2506,14.2506,14.2506,16.7783,16.7783,14.2506,14.2506,14.2506,14.2506,14.2506,16.7783,16.7783,0,0,0,0,0,0,0,0,0,0,0,0,0,0,0,0,0,0,0,0,0,0,0,0,0,0,0,0,0,0,0,0,0,0,0,0,0,0,0,0,0,0,0,0,0,0,0,0,0,0,0,0,0,0,0,0,0,0,0,0,0,0,0,0,0,0,0,0,0,0,0,0,0,0,0,0,0,0,0,0,0,0,0,0,0,0,0,0,0,0,0,0,0,0,0,0,0,0,0,0,0,0,0,0,0,0,0,0,0,0,0,0,0,0,0,0,0,-0.0432243,0.153967,0.0186293,1.37729,0.544084,0.37004,1.17048,-0.148964,0.120818,0.43426,-0.0414127,-0.340209,0.278053,-0.0827509,0.408874,1.26548,-0.0520542,-0.0150162,-0.797642,-0.372865,0.482433,-0.444367,0.404173,0.786199,0.169255,0.412123,1.80999,-0.775321,1.78117,0.438712,-0.972151,-0.890112,-0.0881224,-0.279702,0.221303,1.30369,0.418181,-0.2618,0.38091,-0.130749,0.43048,0.397125,-0.170591,-0.2618,-0.18628,0.052988,0.162291,0.804048,0.713344,0.190457,0.721948,-0.0228298,0.0359417,0.0126096,0.438623,-0.265332,-0.0181627,0.563707,-0.00658575,-0.0331057,0.0307035,0.991,0.156115,0.0427456,-0.986813,0.6,0,0,1.03746,0.512567,1.09029
-14.606,4.45603,14.2181,0.135162,-0.215191,0.0554568,-0.0417478,0.141366,0.0260964,-14.606,4.45603,14.2181,0.135162,-0.215191,0.0554568,-0.0417478,0.141366,0.0260964,-0.644031,-0.0378496,0.200626,1.79124,0.124971,-0.2618,0.302674,-0.215319,0.755841,0.5137,-0.348554,-0.2618,-0.257089,0.155879,-0.0355841,0.506707,0.586235,0.158625,0.69147,0.0425153,0.00787618,0.0254026,0.48063,-0.132261,0.140855,0.530058,0.011317,-0.0462232,0.0476936,0,0,0,0,0,0,0,0,0,0,0,0,0,0,0,0,0,0,0,0,0,0,0,0,0,0,0,0,0,0.0953062,0.0828543,0.162368,0.537558,0.177636,-0.195893,-0.743315,0.0722381,-0.385865,1.09428,-0.428258,-0.20447,-0.0572351,-0.0952638,-0.17275,0.00683865,0.140823,-0.0242073,0.503461,-0.0689808,-0.0179294,-0.01358,0.182997,-0.227057,-0.0143105,0.488381,-0.035414,-0.0296942,0.00555502,-0.900592,-2.62933,-0.897397,11.1752,3.85303,-1.07806,3.51655,0.295789,2.00192,-0.680657,2.94831,-1.49484,-1.29274,1.3064,-1.99716,-0.379419,0.229293,0.112706,-0.334494,0.736045,-0.109291,0.103221,-0.772123,0.279951,0.369171,1.11279,0.469638,-0.132837,0.47346,-4.56693,-19.625,4.73471,8.0974,0.0725569,0.0725021,36.319,-21.1822,27.7655,-62.0616,1.48883,1.30405,-2.21679,1.64493,12.5734,11.7659,8.03619,3.00346,3.52716,-0.00284861,1.02667,0.338034,4.18596,-0.807104,-0.359464,0.178746,-0.0136384,0.116144,-0.0746663,0,0,0,0,0,0,0,0,0,0,0,0,0,0,0,0,0,0,0,0,0,0,0,0,0,0,0,0,0,2.55789,6.3088,2.55789,6.3088,1.81445,1.81445,2.55789,6.3088,2.55789,6.3088,1.81445,1.81445,2.55789,1.81445,1.81445,0.907223,0.907223,0.907223,0.907223,0.907223,1.06814,1.06814,0.907223,0.907223,0.907223,0.907223,0.907223,1.06814,1.06814,40.1792,99.0984,40.1792,99.0984,28.5012,28.5012,40.1792,99.0984,40.1792,99.0984,28.5012,28.5012,40.1792,28.5012,28.5012,14.2506,14.2506,14.2506,14.2506,14.2506,16.7783,16.7783,14.2506,14.2506,14.2506,14.2506,14.2506,16.7783,16.7783,0,0,0,0,0,0,0,0,0,0,0,0,0,0,0,0,0,0,0,0,0,0,0,0,0,0,0,0,0,0,0,0,0,0,0,0,0,0,0,0,0,0,0,0,0,0,0,0,0,0,0,0,0,0,0,0,0,0,0,0,0,0,0,0,0,0,0,0,0,0,0,0,0,0,0,0,0,0,0,0,0,0,0,0,0,0,0,0,0,0,0,0,0,0,0,0,0,0,0,0,0,0,0,0,0,0,0,0,0,0,0,0,0,0,0,0,0,-0.0417478,0.141366,0.0260964,0.699323,0.639865,-0.0811354,0.880654,0.154452,0.35542,0.36168,0.321163,-0.46953,0.208561,-0.159475,-0.606398,1.1226,0.096939,0.0258039,-0.107938,-0.614036,0.105719,-0.620438,0.36641,1.38041,0.340971,0.640175,3.20036,-0.442878,1.11262,0.0329374,-0.660197,-1.01531,-0.644031,-0.0378496,0.200626,1.79124,0.124971,-0.2618,0.302674,-0.215319,0.755841,0.5137,-0.348554,-0.2618,-0.257089,0.155879,-0.0355841,0.506707,0.586235,0.158625,0.69147,0.0425153,0.00787618,0.0254026,0.48063,-0.132261,0.140855,0.530058,0.011317,-0.0462232,0.0476936,0.679,0.140895,0.0413194,-0.989162,0.6,0,0,0.979756,0.565832,1.06307
-4.88727,-1.97978,12.8042,0.00152809,-0.0738421,0.162862,-0.0394921,0.13819,0.028333,-4.88727,-1.97978,12.8042,0.00152809,-0.0738421,0.162862,-0.0394921,0.13819,0.028333,-0.732784,0.0392886,0.171035,1.93109,0.123163,-0.2618,0.0374284,-0.291526,0.709659,0.49026,-0.561448,-0.2618,-0.225673,0.0523425,-0.158509,0.366681,0.344377,0.104288,0.653681,0.0428721,-0.0092574,0.0324691,0.423205,-0.0739571,0.185023,0.517288,0.00465119,-0.0491806,0.0558854,0,0,0,0,0,0,0,0,0,0,0,0,0,0,0,0,0,0,0,0,0,0,0,0,0,0,0,0,0,0.0381846,0.0527709,0.156278,0.838568,0.179132,-0.213451,-0.694149,0.0786087,-0.357685,1.09852,-0.395368,-0.218619,-0.0807059,-0.0804676,-0.203924,0.00196883,0.153043,-0.0204553,0.513517,-0.0413152,-0.0206034,-0.00857835,0.173201,-0.221997,0.00441103,0.506852,-0.0228819,-0.0323724,0.0138668,-3.38137,-1.02007,0.239155,15.8556,-0.492198,-0.758639,2.26193,0.447403,1.33058,0.318007,0.957923,-0.297659,-1.26331,0.615728,-1.55669,-0.134391,0.910024,0.315468,0.950912,1.41437,-0.05283,0.284499,-0.257585,0.356042,1.2947,0.774526,0.591798,-0.153286,0.420474,-18.8742,-2.63623,1.43365,-3.80939,-0.505791,-0.0051718,34.5712,-31.6017,41.5511,-60.1595,-0.54069,-0.602385,-4.05699,5.69194,7.45159,7.35666,5.43495,2.31072,1.7592,-0.0866398,0.558701,0.273995,4.63686,1.00572,0.854006,-0.356418,-0.0531697,-0.0717782,0.136414,0,0,0,0,0,0,0,0,0,0,0,0,0,0,0,0,0,0,0,0,0,0,0,0,0,0,0,0,0,2.55789,6.3088,2.55789,6.3088,1.81445,1.81445,2.55789,6.3088,2.55789,6.3088,1.81445,1.81445,2.55789,1.81445,1.81445,0.907223,0.907223,0.907223,0.907223,0.907223,1.06814,1.06814,0.907223,0.907223,0.907223,0.907223,0.907223,1.06814,1.06814,40.1792,99.0984,40.1792,99.0984,28.5012,28.5012,40.1792,99.0984,40.1792,99.0984,28.5012,28.5012,40.1792,28.5012,28.5012,14.2506,14.2506,14.2506,14.2506,14.2506,16.7783,16.7783,14.2506,14.2506,14.2506,14.2506,14.2506,16.7783,16.7783,0,0,0,0,0,0,0,0,0,0,0,0,0,0,0,0,0,0,0,0,0,0,0,0,0,0,0,0,0,0,0,0,0,0,0,0,0,0,0,0,0,0,0,0,0,0,0,0,0,0,0,0,0,0,0,0,0,0,0,0,0,0,0,0,0,0,0,0,0,0,0,0,0,0,0,0,0,0,0,0,0,0,0,0,0,0,0,0,0,0,0,0,0,0,0,0,0,0,0,0,0,0,0,0,0,0,0,0,0,0,0,0,0,0,0,0,0,-0.0394921,0.13819,0.028333,0.38005,0.508929,-0.361416,0.329194,0.28739,0.119346,0.237788,0.421871,-0.412153,0.122398,-0.188592,-0.768491,0.638171,0.0977526,0.0106052,0.112041,-0.831361,-0.124259,-0.660135,0.312367,1.29607,0.435822,0.750131,3.59918,-0.509722,1.1085,-0.452482,-0.722468,-0.830843,-0.732784,0.0392886,0.171035,1.93109,0.123163,-0.2618,0.0374284,-0.291526,0.709659,0.49026,-0.561448,-0.2618,-0.225673,0.0523425,-0.158509,0.366681,0.344377,0.104288,0.653681,0.0428721,-0.0092574,0.0324691,0.423205,-0.0739571,0.185023,0.517288,0.00465119,-0.0491806,0.0558854,0.982,0.13775,0.0391055,-0.989695,0.6,0,0,0.979756,0.565832,1.06307
-2.84774,-2.50562,12.8092,-0.185192,0.0210942,0.305098,-0.0407547,0.137281,0.033042,-2.84774,-2.50562,12.8092,-0.185192,0.0210942,0.305098,-0.0407547,0.137281,0.033042,-0.877798,0.0306505,0.242826,2.09575,0.110875,-0.2618,-0.0784427,-0.297219,0.658402,0.466281,-0.716299,-0.2618,-0.205261,0.00179782,-0.209376,0.313444,0.204886,0.054382,0.610607,0.0408103,-0.0249389,0.0303789,0.286857,-0.2307,0.110149,0.497653,-0.000651892,-0.0508277,0.0443828,0,0,0,0,0,0,0,0,0,0,0,0,0,0,0,0,0,0,0,0,0,0,0,0,0,0,0,0,0,-0.0433761,0.0390839,0.161683,1.14449,0.172287,-0.226116,-0.65257,0.0825674,-0.337379,1.09704,-0.386168,-0.219421,-0.0988337,-0.0683873,-0.226859,0.00507728,0.170922,-0.00678014,0.53764,-0.0172167,-0.0213514,-0.000607065,0.175183,-0.209641,0.0345424,0.5194,-0.0145605,-0.0353428,0.0228093,-4.20356,-0.578369,0.421206,14.1378,-0.149287,-0.552172,2.11068,0.0383959,0.970854,-0.39836,0.175896,0.0912454,-0.782856,0.729378,-1.05753,0.349306,0.885928,0.909408,1.30121,1.03106,0.00626444,0.43464,0.340139,0.878503,1.58622,0.536449,0.328453,-0.145473,0.438669,-17.1717,3.50742,-0.529963,-10.7138,-1.08427,-0.0198383,22.5831,-37.4495,39.7424,-58.1245,-5.38243,-1.33591,-3.16995,2.25352,3.77634,4.88505,1.70279,0.81173,0.517476,-0.0829388,0.209504,0.103644,3.2735,1.2196,0.755932,-0.508977,-0.0266493,-0.0781438,0.094914,0,0,0,0,0,0,0,0,0,0,0,0,0,0,0,0,0,0,0,0,0,0,0,0,0,0,0,0,0,2.55789,6.3088,2.55789,6.3088,1.81445,1.81445,2.55789,6.3088,2.55789,6.3088,1.81445,1.81445,2.55789,1.81445,1.81445,0.907223,0.907223,0.907223,0.907223,0.907223,1.06814,1.06814,0.907223,0.907223,0.907223,0.907223,0.907223,1.06814,1.06814,40.1792,99.0984,40.1792,99.0984,28.5012,28.5012,40.1792,99.0984,40.1792,99.0984,28.5012,28.5012,40.1792,28.5012,28.5012,14.2506,14.2506,14.2506,14.2506,14.2506,16.7783,16.7783,14.2506,14.2506,14.2506,14.2506,14.2506,16.7783,16.7783,0,0,0,0,0,0,0,0,0,0,0,0,0,0,0,0,0,0,0,0,0,0,0,0,0,0,0,0,0,0,0,0,0,0,0,0,0,0,0,0,0,0,0,0,0,0,0,0,0,0,0,0,0,0,0,0,0,0,0,0,0,0,0,0,0,0,0,0,0,0,0,0,0,0,0,0,0,0,0,0,0,0,0,0,0,0,0,0,0,0,0,0,0,0,0,0,0,0,0,0,0,0,0,0,0,0,0,0,0,0,0,0,0,0,0,0,0,-0.0407547,0.137281,0.033042,0.258665,0.198042,-0.477398,0.0111411,-0.0699984,0.0040992,0.123996,0.251152,-0.374875,0.0241845,-0.233363,-1.03333,0.426553,0.0930516,-0.00148638,0.0874077,-0.847594,-0.334746,-0.682243,0.44348,1.20246,0.407766,0.595736,4.06875,-0.578106,1.08048,-0.805557,-0.863377,-0.667915,-0.877798,0.0306505,0.242826,2.09575,0.110875,-0.2618,-0.0784427,-0.297219,0.658402,0.466281,-0.716299,-0.2618,-0.205261,0.00179782,-0.209376,0.313444,0.204886,0.054382,0.610607,0.0408103,-0.0249389,0.0303789,0.286857,-0.2307,0.110149,0.497653,-0.000651892,-0.0508277,0.0443828,0.704,0.13685,0.0403601,-0.989769,0.6,0,0,0.921052,0.53671,1.08938
-3.77372,-0.768692,11.5386,-0.251744,0.239883,0.420942,-0.0443275,0.139485,0.0403238,-3.77372,-0.768692,11.5386,-0.251744,0.239883,0.420942,-0.0443275,0.139485,0.0403238,-0.957875,0.0763556,0.244309,2.29986,-0.0126522,-0.2618,-0.165058,-0.302707,0.550858,0.472545,-0.753914,-0.194524,-0.18017,0.00374903,-0.151667,0.271096,0.228084,0.0898552,0.601115,0.0546775,-0.0339167,0.0341422,0.180793,-0.321347,0.0818958,0.47562,-0.0211473,-0.048796,0.0354803,0,0,0,0,0,0,0,0,0,0,0,0,0,0,0,0,0,0,0,0,0,0,0,0,0,0,0,0,0,-0.141573,0.0298497,0.173326,1.41156,0.164354,-0.235019,-0.616879,0.0786089,-0.32014,1.08236,-0.385886,-0.216241,-0.110331,-0.0514511,-0.240109,0.0190313,0.186314,0.0129024,0.560072,-0.000521309,-0.0219234,0.00812285,0.185224,-0.18954,0.0644313,0.529509,-0.0104741,-0.0371889,0.0299227,-5.09262,-0.44576,0.856452,12.3124,-0.334019,-0.394007,1.72291,-0.327338,0.93153,-0.959616,-0.0542498,0.197783,-0.56123,0.978674,-0.663908,0.893022,0.677492,0.982195,0.959268,0.70262,-0.0491721,0.413986,0.546812,1.07039,1.36616,0.476021,0.154058,-0.0620638,0.301971,-16.8942,2.74141,0.863433,-9.38414,-0.886345,-0.0568334,17.4197,-35.3647,37.1121,-55.4596,-9.3324,-1.63318,-2.47642,-0.135543,1.9587,3.43902,-0.344314,-0.280903,-0.148284,-0.0512509,-0.000963571,-0.0638532,0.968081,-1.51545,-0.57575,-0.876491,-0.000652849,-0.158969,-0.0798314,0,0,0,0,0,0,0,0,0,0,0,0,0,0,0,0,0,0,0,0,0,0,0,0,0,0,0,0,0,2.55789,6.3088,2.55789,6.3088,1.81445,1.81445,2.55789,6.3088,2.55789,6.3088,1.81445,1.81445,2.55789,1.81445,1.81445,0.907223,0.907223,0.907223,0.907223,0.907223,1.06814,1.06814,0.907223,0.907223,0.907223,0.907223,0.907223,1.06814,1.06814,40.1792,99.0984,40.1792,99.0984,28.5012,28.5012,40.1792,99.0984,40.1792,99.0984,28.5012,28.5012,40.1792,28.5012,28.5012,14.2506,14.2506,14.2506,14.2506,14.2506,16.7783,16.7783,14.2506,14.2506,14.2506,14.2506,14.2506,16.7783,16.7783,0,0,0,0,0,0,0,0,0,0,0,0,0,0,0,0,0,0,0,0,0,0,0,0,0,0,0,0,0,0,0,0,0,0,0,0,0,0,0,0,0,0,0,0,0,0,0,0,0,0,0,0,0,0,0,0,0,0,0,0,0,0,0,0,0,0,0,0,0,0,0,0,0,0,0,0,0,0,0,0,0,0,0,0,0,0,0,0,0,0,0,0,0,0,0,0,0,0,0,0,0,0,0,0,0,0,0,0,0,0,0,0,0,0,0,0,0,-0.0443275,0.139485,0.0403238,0.162106,-0.043794,-0.345816,0.0640352,-0.276683,0.00854816,0.204879,0.186731,-0.329049,0.00254249,-0.283598,-1.17958,0.268364,0.12467,-0.048218,0.217747,-0.863246,-0.455253,-0.654972,0.446188,1.00605,0.458279,0.476241,4.6508,-0.560242,0.798828,-0.891322,-0.611143,-0.443534,-0.957875,0.0763556,0.244309,2.29986,-0.0126522,-0.2618,-0.165058,-0.302707,0.550858,0.472545,-0.753914,-0.194524,-0.18017,0.00374903,-0.151667,0.271096,0.228084,0.0898552,0.601115,0.0546775,-0.0339167,0.0341422,0.180793,-0.321347,0.0818958,0.47562,-0.0211473,-0.048796,0.0354803,0.607,0.139033,0.0438826,-0.989315,0.6,0,0,0.895314,0.884834,1.1235
-3.55302,-0.0873821,9.77863,-0.225765,0.314695,0.457603,-0.0477472,0.144526,0.0488162,-3.55302,-0.0873821,9.77863,-0.225765,0.314695,0.457603,-0.0477472,0.144526,0.0488162,-1.03153,0.131263,0.177032,2.56359,-0.177683,-0.1326,-0.171422,-0.300726,0.460109,0.418686,-0.641051,-0.12116,-0.128771,0.0648844,-0.0828207,0.266658,0.303586,0.13212,0.593115,0.066704,-0.0378957,0.0377859,0.165468,-0.37295,0.0513014,0.509971,-0.0348845,-0.0450715,0.0343625,0,0,0,0,0,0,0,0,0,0,0,0,0,0,0,0,0,0,0,0,0,0,0,0,0,0,0,0,0,-0.259702,0.0281746,0.190805,1.65254,0.128053,-0.241614,-0.589569,0.0693797,-0.308263,1.05744,-0.386714,-0.208658,-0.115097,-0.0347448,-0.24374,0.0426142,0.196622,0.0341235,0.57777,0.014399,-0.0239649,0.015486,0.19651,-0.170924,0.0908325,0.538843,-0.0125757,-0.0362664,0.0339984,-6.10032,0.0861865,1.05594,11.3307,-1.97007,-0.304685,1.31391,-0.525457,0.535975,-1.39449,-0.0307512,0.464055,-0.17489,0.82127,-0.16344,1.29752,0.434463,1.06218,0.815732,0.680938,-0.102595,0.340932,0.503074,0.826325,1.21348,0.444386,-0.161813,0.0814971,0.164837,-12.8415,4.3128,-0.298612,-6.71736,-0.41465,-0.033128,13.8716,-33.7177,33.2637,-49.555,-10.4085,-0.401279,-2.23629,-0.311742,2.81151,2.12532,0.0584689,-0.151023,-0.396475,-0.0454816,-0.0557937,-0.0467204,-0.686409,-2.88607,-1.22323,-1.29719,0.0232086,-0.293327,-0.150704,0,0,0,0,0,0,0,0,0,0,0,0,0,0,0,0,0,0,0,0,0,0,0,0,0,0,0,0,0,2.55789,6.3088,2.55789,6.3088,1.81445,1.81445,2.55789,6.3088,2.55789,6.3088,1.81445,1.81445,2.55789,1.81445,1.81445,0.907223,0.907223,0.907223,0.907223,0.907223,1.06814,1.06814,0.907223,0.907223,0.907223,0.907223,0.907223,1.06814,1.06814,40.1792,99.0984,40.1792,99.0984,28.5012,28.5012,40.1792,99.0984,40.1792,99.0984,28.5012,28.5012,40.1792,28.5012,28.5012,14.2506,14.2506,14.2506,14.2506,14.2506,16.7783,16.7783,14.2506,14.2506,14.2506,14.2506,14.2506,16.7783,16.7783,0,0,0,0,0,0,0,0,0,0,0,0,0,0,0,0,0,0,0,0,0,0,0,0,0,0,0,0,0,0,0,0,0,0,0,0,0,0,0,0,0,0,0,0,0,0,0,0,0,0,0,0,0,0,0,0,0,0,0,0,0,0,0,0,0,0,0,0,0,0,0,0,0,0,0,0,0,0,0,0,0,0,0,0,0,0,0,0,0,0,0,0,0,0,0,0,0,0,0,0,0,0,0,0,0,0,0,0,0,0,0,0,0,0,0,0,0,-0.0477472,0.144526,0.0488162,0.151988,-0.0787363,-0.18884,0.236186,-0.394344,0.147943,0.301247,0.116972,-0.235178,-0.0156978,-0.205275,-1.3141,0.256741,0.152092,-0.0795401,0.37433,-0.857596,-0.508661,-0.604979,0.323318,0.840311,0.507187,0.461236,5.4029,-0.713834,0.422541,-0.633984,-0.302341,-0.276258,-1.03153,0.131263,0.177032,2.56359,-0.177683,-0.1326,-0.171422,-0.300726,0.460109,0.418686,-0.641051,-0.12116,-0.128771,0.0648844,-0.0828207,0.266658,0.303586,0.13212,0.593115,0.066704,-0.0378957,0.0377859,0.165468,-0.37295,0.0513014,0.509971,-0.0348845,-0.0450715,0.0343625,0.676,0.144024,0.0472315,-0.988446,0.6,0,0,0.895314,0.884834,1.1235
-3.75728,0.254684,8.94765,-0.219063,0.340147,0.323584,-0.0507712,0.150733,0.0563079,-3.75728,0.254684,8.94765,-0.219063,0.340147,0.323584,-0.0507712,0.150733,0.0563079,-1.06935,0.177487,0.00325687,2.64237,-0.289722,-0.0714495,-0.151581,-0.344339,0.426329,0.363986,-0.524855,-0.123847,-0.0839422,0.0375021,-0.069409,0.299213,0.387904,0.163778,0.602145,0.0679144,-0.0427582,0.0403417,0.200031,-0.364166,0.0377067,0.551856,-0.0374973,-0.0410537,0.0321465,0,0,0,0,0,0,0,0,0,0,0,0,0,0,0,0,0,0,0,0,0,0,0,0,0,0,0,0,0,-0.394941,0.0400384,0.203904,1.88433,0.0538835,-0.217603,-0.564116,0.0610815,-0.309661,1.02092,-0.383471,-0.196879,-0.108949,-0.0270368,-0.241122,0.0732272,0.203974,0.0558169,0.592445,0.0285129,-0.025883,0.0215326,0.202836,-0.158349,0.108748,0.551153,-0.0195094,-0.0366742,0.0332068,-6.85791,0.793452,0.599988,11.2012,-3.7359,1.41254,1.37449,-0.318787,-0.20138,-2.015,0.25967,0.636137,0.415979,0.269279,0.0609989,1.63811,0.376747,1.06149,0.663249,0.640946,-0.0811284,0.278139,0.0751312,0.504247,0.343949,0.635756,-0.447418,-0.200712,-0.506251,-8.43695,4.22206,-2.45677,-2.45068,0.214524,-0.144619,12.4782,-33.8159,31.5295,-47.4208,-7.7847,1.03913,-1.89449,2.19159,4.28983,1.32828,1.09849,0.143523,-0.584363,-0.0386576,-0.113145,-0.0208124,-0.655514,-3.52946,-1.24463,-1.16534,0.187132,0.0553892,0.501965,0,0,0,0,0,0,0,0,0,0,0,0,0,0,0,0,0,0,0,0,0,0,0,0,0,0,0,0,0,2.55789,6.3088,2.55789,6.3088,1.81445,1.81445,2.55789,6.3088,2.55789,6.3088,1.81445,1.81445,2.55789,1.81445,1.81445,0.907223,0.907223,0.907223,0.907223,0.907223,1.06814,1.06814,0.907223,0.907223,0.907223,0.907223,0.907223,1.06814,1.06814,40.1792,99.0984,40.1792,99.0984,28.5012,28.5012,40.1792,99.0984,40.1792,99.0984,28.5012,28.5012,40.1792,28.5012,28.5012,14.2506,14.2506,14.2506,14.2506,14.2506,16.7783,16.7783,14.2506,14.2506,14.2506,14.2506,14.2506,16.7783,16.7783,0,0,0,0,0,0,0,0,0,0,0,0,0,0,0,0,0,0,0,0,0,0,0,0,0,0,0,0,0,0,0,0,0,0,0,0,0,0,0,0,0,0,0,0,0,0,0,0,0,0,0,0,0,0,0,0,0,0,0,0,0,0,0,0,0,0,0,0,0,0,0,0,0,0,0,0,0,0,0,0,0,0,0,0,0,0,0,0,0,0,0,0,0,0,0,0,0,0,0,0,0,0,0,0,0,0,0,0,0,0,0,0,0,0,0,0,0,-0.0507712,0.150733,0.0563079,0.226216,7.15921e-05,-0.158259,0.428439,-0.374314,0.0855086,0.373431,0.0859749,-0.153306,0.00488998,-0.109774,-1.38316,0.292979,0.154852,-0.0854976,0.506149,-0.981971,-0.573929,-0.55105,0.00594811,0.778617,0.541493,0.431492,5.62756,-0.869826,0.167082,-0.369045,-0.162912,-0.282383,-1.06935,0.177487,0.00325687,2.64237,-0.289722,-0.0714495,-0.151581,-0.344339,0.426329,0.363986,-0.524855,-0.123847,-0.0839422,0.0375021,-0.069409,0.299213,0.387904,0.163778,0.602145,0.0679144,-0.0427582,0.0403417,0.200031,-0.364166,0.0377067,0.551856,-0.0374973,-0.0410537,0.0321465,0.725,0.150163,0.050174,-0.987387,0.6,0,0,0.91053,0.894811,1.15424
-2.2122,-1.64008,9.80329,-0.323433,0.367798,0.167389,-0.0552193,0.158215,0.0602371,-2.2122,-1.64008,9.80329,-0.323433,0.367798,0.167389,-0.0552193,0.158215,0.0602371,-1.0996,0.175042,-0.0738688,2.55509,-0.388785,-0.036164,-0.185216,-0.368603,0.359145,0.366062,-0.452107,-0.142907,-0.0416441,-0.0585424,-0.120333,0.231723,0.404827,0.175107,0.563637,0.0619237,-0.0539176,0.0340045,0.20525,-0.314144,0.044025,0.580404,-0.0398666,-0.0308426,0.0202794,0,0,0,0,0,0,0,0,0,0,0,0,0,0,0,0,0,0,0,0,0,0,0,0,0,0,0,0,0,-0.531673,0.057718,0.20258,2.09333,-0.0329876,-0.180968,-0.529042,0.056769,-0.32116,0.973526,-0.375188,-0.185576,-0.094117,-0.0259814,-0.243418,0.108325,0.213787,0.0753535,0.606541,0.0395006,-0.0282635,0.0262842,0.198255,-0.152384,0.107902,0.564149,-0.0248574,-0.0406907,0.0280299,-6.62619,0.882177,-0.397503,9.51003,-4.11191,1.74823,2.03441,-0.148924,-0.595778,-2.51363,0.468302,0.507588,0.753686,0.0990713,-0.309938,1.81023,0.631746,0.887851,0.732309,0.476254,-0.0945738,0.201683,-0.408321,0.142616,-0.128846,0.69166,-0.198472,-0.0559536,-0.0402532,-4.97708,6.419,-7.07362,-5.34271,0.143307,-0.054281,10.2532,-38.7837,31.6476,-45.0437,-5.09449,0.847431,-1.58183,1.73407,5.41535,1.13477,1.958,0.461902,-0.701349,-0.0275952,-0.133766,0.0187875,0.360604,-3.17197,-0.877398,-0.769252,-0.00134104,0.0996002,0.153698,0,0,0,0,0,0,0,0,0,0,0,0,0,0,0,0,0,0,0,0,0,0,0,0,0,0,0,0,0,2.55789,6.3088,2.55789,6.3088,1.81445,1.81445,2.55789,6.3088,2.55789,6.3088,1.81445,1.81445,2.55789,1.81445,1.81445,0.907223,0.907223,0.907223,0.907223,0.907223,1.06814,1.06814,0.907223,0.907223,0.907223,0.907223,0.907223,1.06814,1.06814,40.1792,99.0984,40.1792,99.0984,28.5012,28.5012,40.1792,99.0984,40.1792,99.0984,28.5012,28.5012,40.1792,28.5012,28.5012,14.2506,14.2506,14.2506,14.2506,14.2506,16.7783,16.7783,14.2506,14.2506,14.2506,14.2506,14.2506,16.7783,16.7783,0,0,0,0,0,0,0,0,0,0,0,0,0,0,0,0,0,0,0,0,0,0,0,0,0,0,0,0,0,0,0,0,0,0,0,0,0,0,0,0,0,0,0,0,0,0,0,0,0,0,0,0,0,0,0,0,0,0,0,0,0,0,0,0,0,0,0,0,0,0,0,0,0,0,0,0,0,0,0,0,0,0,0,0,0,0,0,0,0,0,0,0,0,0,0,0,0,0,0,0,0,0,0,0,0,0,0,0,0,0,0,0,0,0,0,0,0,-0.0552193,0.158215,0.0602371,0.0723323,0.0119697,-0.274371,0.467026,-0.26026,-0.133483,0.39926,0.100381,-0.0760558,-0.0829123,-0.0446806,-1.43842,0.23155,0.141192,-0.0908999,0.499177,-1.05116,-0.723718,-0.413989,-0.134909,0.655917,0.456431,0.272204,5.37866,-0.863903,-0.0587924,-0.203173,-0.0824575,-0.325842,-1.0996,0.175042,-0.0738688,2.55509,-0.388785,-0.036164,-0.185216,-0.368603,0.359145,0.366062,-0.452107,-0.142907,-0.0416441,-0.0585424,-0.120333,0.231723,0.404827,0.175107,0.563637,0.0619237,-0.0539176,0.0340045,0.20525,-0.314144,0.044025,0.580404,-0.0398666,-0.0308426,0.0202794,0.831,0.157556,0.0545019,-0.986005,0.6,0,0,0.91053,0.894811,1.15424
-1.13432,-1.74506,9.60259,-0.451059,0.388566,0.220704,-0.0626542,0.166293,0.0634577,-1.13432,-1.74506,9.60259,-0.451059,0.388566,0.220704,-0.0626542,0.166293,0.0634577,-1.24129,0.195746,-0.0490772,2.54067,-0.530768,0.0103298,-0.227481,-0.323854,0.301763,0.342794,-0.62094,-0.155691,-0.0180628,-0.0951089,-0.190194,0.116873,0.352575,0.143931,0.507513,0.061425,-0.0673321,0.0273382,0.147334,-0.33497,0.00845201,0.586584,-0.0383451,-0.0214514,0.0096222,0,0,0,0,0,0,0,0,0,0,0,0,0,0,0,0,0,0,0,0,0,0,0,0,0,0,0,0,0,-0.656512,0.0711,0.185444,2.247,-0.120804,-0.144037,-0.482276,0.0520065,-0.330944,0.922489,-0.365937,-0.177537,-0.080743,-0.0195103,-0.255373,0.143794,0.229188,0.0924179,0.620703,0.0461747,-0.0298718,0.0279415,0.188093,-0.150981,0.105565,0.580954,-0.0288226,-0.0375377,0.0273628,-5.93193,0.568311,-1.14885,6.20392,-4.18854,1.69821,2.49127,-0.289641,-0.282493,-2.51662,0.425144,0.354733,0.475324,0.546558,-0.762659,1.73076,0.876997,0.806281,0.677315,0.267186,-0.05603,0.043079,-0.511673,0.0287329,-0.116759,0.929875,-0.193611,0.269757,-0.0368342,-2.9209,6.80465,-7.67951,-9.29163,-0.0963529,-0.00610263,5.80696,-39.9521,28.608,-39.626,-3.22947,0.356803,0.222833,-1.96759,5.14505,-0.275214,1.7526,0.459362,-1.41501,-0.0187905,-0.338502,0.0549684,0.703769,-2.35874,-0.774145,-0.818763,0.0176142,-0.155984,-0.0795524,0,0,0,0,0,0,0,0,0,0,0,0,0,0,0,0,0,0,0,0,0,0,0,0,0,0,0,0,0,2.55789,6.3088,2.55789,6.3088,1.81445,1.81445,2.55789,6.3088,2.55789,6.3088,1.81445,1.81445,2.55789,1.81445,1.81445,0.907223,0.907223,0.907223,0.907223,0.907223,1.06814,1.06814,0.907223,0.907223,0.907223,0.907223,0.907223,1.06814,1.06814,40.1792,99.0984,40.1792,99.0984,28.5012,28.5012,40.1792,99.0984,40.1792,99.0984,28.5012,28.5012,40.1792,28.5012,28.5012,14.2506,14.2506,14.2506,14.2506,14.2506,16.7783,16.7783,14.2506,14.2506,14.2506,14.2506,14.2506,16.7783,16.7783,0,0,0,0,0,0,0,0,0,0,0,0,0,0,0,0,0,0,0,0,0,0,0,0,0,0,0,0,0,0,0,0,0,0,0,0,0,0,0,0,0,0,0,0,0,0,0,0,0,0,0,0,0,0,0,0,0,0,0,0,0,0,0,0,0,0,0,0,0,0,0,0,0,0,0,0,0,0,0,0,0,0,0,0,0,0,0,0,0,0,0,0,0,0,0,0,0,0,0,0,0,0,0,0,0,0,0,0,0,0,0,0,0,0,0,0,0,-0.0626542,0.166293,0.0634577,-0.189538,-0.120084,-0.433662,0.347886,-0.307744,-0.216858,0.328177,0.0192714,-0.0329885,-0.21088,-0.0305898,-1.6972,0.154359,0.140055,-0.0874306,0.558219,-0.923552,-0.903775,-0.287934,-0.089631,0.551118,0.366952,0.129155,5.33753,-0.930261,-0.382528,-0.58813,0.023553,-0.354992,-1.24129,0.195746,-0.0490772,2.54067,-0.530768,0.0103298,-0.227481,-0.323854,0.301763,0.342794,-0.62094,-0.155691,-0.0180628,-0.0951089,-0.190194,0.116873,0.352575,0.143931,0.507513,0.061425,-0.0673321,0.0273382,0.147334,-0.33497,0.00845201,0.586584,-0.0383451,-0.0214514,0.0096222,0.46,0.165527,0.0617495,-0.98427,0.6,0,0,0.9216,0.903399,1.16896
-1.65692,-0.0421099,8.24532,-0.412266,0.349342,0.327966,-0.0705715,0.173229,0.0689287,-1.65692,-0.0421099,8.24532,-0.412266,0.349342,0.327966,-0.0705715,0.173229,0.0689287,-1.27311,0.196468,0.0458853,2.49201,-0.627165,0.0574012,-0.230455,-0.251845,0.248977,0.308732,-0.666101,-0.15414,-0.00610273,-0.113582,-0.152003,0.0508262,0.310188,0.112991,0.474029,0.0691273,-0.0645701,0.0209207,0.104407,-0.255668,0.0100716,0.578337,-0.0441281,-0.0171668,0.00529774,0,0,0,0,0,0,0,0,0,0,0,0,0,0,0,0,0,0,0,0,0,0,0,0,0,0,0,0,0,-0.776267,0.0859211,0.157108,2.34416,-0.222777,-0.104286,-0.434497,0.0478608,-0.330101,0.869701,-0.373851,-0.169712,-0.0768156,-0.00701501,-0.267356,0.177534,0.247039,0.106108,0.630822,0.0504753,-0.0309757,0.0278627,0.179934,-0.151722,0.0995224,0.599131,-0.0318731,-0.0304203,0.025114,-5.90471,0.931097,-1.59704,3.79956,-5.00567,1.86204,2.24174,-0.219339,0.110833,-2.40374,0.352571,0.326028,-0.0667253,0.65946,-0.635877,1.5945,0.86698,0.611552,0.359664,0.18184,-0.0682416,-0.0150071,-0.38965,-0.124721,-0.427566,0.865032,-0.123617,0.371774,-0.143074,-3.92914,5.38766,-4.39837,-5.14786,0.23957,-0.112519,2.73894,-35.6005,25.1729,-37.2401,-7.41879,-0.281986,2.38167,-3.63393,3.2614,-2.28706,0.735964,-0.00947674,-2.09917,-0.00944596,-0.542422,0.00760167,-0.123138,-2.52298,-0.936039,-0.952056,0.0210841,-0.237882,-0.112936,0,0,0,0,0,0,0,0,0,0,0,0,0,0,0,0,0,0,0,0,0,0,0,0,0,0,0,0,0,2.55789,6.3088,2.55789,6.3088,1.81445,1.81445,2.55789,6.3088,2.55789,6.3088,1.81445,1.81445,2.55789,1.81445,1.81445,0.907223,0.907223,0.907223,0.907223,0.907223,1.06814,1.06814,0.907223,0.907223,0.907223,0.907223,0.907223,1.06814,1.06814,40.1792,99.0984,40.1792,99.0984,28.5012,28.5012,40.1792,99.0984,40.1792,99.0984,28.5012,28.5012,40.1792,28.5012,28.5012,14.2506,14.2506,14.2506,14.2506,14.2506,16.7783,16.7783,14.2506,14.2506,14.2506,14.2506,14.2506,16.7783,16.7783,0,0,0,0,0,0,0,0,0,0,0,0,0,0,0,0,0,0,0,0,0,0,0,0,0,0,0,0,0,0,0,0,0,0,0,0,0,0,0,0,0,0,0,0,0,0,0,0,0,0,0,0,0,0,0,0,0,0,0,0,0,0,0,0,0,0,0,0,0,0,0,0,0,0,0,0,0,0,0,0,0,0,0,0,0,0,0,0,0,0,0,0,0,0,0,0,0,0,0,0,0,0,0,0,0,0,0,0,0,0,0,0,0,0,0,0,0,-0.0705715,0.173229,0.0689287,-0.340131,-0.217961,-0.346581,0.251239,-0.126928,-0.258979,0.257631,0.0229644,-0.0111456,-0.287226,-0.0493946,-1.7553,0.148929,0.157617,-0.100617,0.56028,-0.718201,-0.866702,-0.230424,0.0838017,0.454715,0.280811,0.0711097,5.19877,-1.0274,-0.602323,-0.691101,0.130881,-0.351454,-1.27311,0.196468,0.0458853,2.49201,-0.627165,0.0574012,-0.230455,-0.251845,0.248977,0.308732,-0.666101,-0.15414,-0.00610273,-0.113582,-0.152003,0.0508262,0.310188,0.112991,0.474029,0.0691273,-0.0645701,0.0209207,0.104407,-0.255668,0.0100716,0.578337,-0.0441281,-0.0171668,0.00529774,0.622,0.172364,0.0694576,-0.982581,0.6,0,0,0.9216,0.903399,1.16896
-0.652078,0.971533,8.58754,-0.244685,0.248909,0.291608,-0.076064,0.17959,0.0749387,-0.652078,0.971533,8.58754,-0.244685,0.248909,0.291608,-0.076064,0.17959,0.0749387,-1.25572,0.202978,0.0834408,2.4123,-0.62774,0.0652432,-0.244411,-0.178428,0.177408,0.303208,-0.648624,-0.138615,-0.019322,-0.0804641,-0.120698,0.0410364,0.346386,0.101179,0.452005,0.0653725,-0.0518966,0.0206545,0.0859344,-0.199552,0.00368433,0.581708,-0.046152,-0.0176916,0.00471354,0,0,0,0,0,0,0,0,0,0,0,0,0,0,0,0,0,0,0,0,0,0,0,0,0,0,0,0,0,-0.890141,0.110254,0.127179,2.39613,-0.32841,-0.0613388,-0.391295,0.0453091,-0.323559,0.823196,-0.360625,-0.165186,-0.0831128,0.0055469,-0.279129,0.206937,0.262329,0.115316,0.635558,0.0551923,-0.0303654,0.0269076,0.171962,-0.154601,0.0867005,0.615946,-0.03533,-0.0221828,0.0213281,-5.47935,1.34928,-1.39874,1.72215,-4.98625,1.99967,2.1404,-0.0977643,0.505578,-2.24097,0.678879,0.295067,-0.429467,0.597896,-0.578312,1.36024,0.656114,0.351658,0.161714,0.22836,0.055067,-0.0591205,-0.415434,-0.18178,-0.743048,0.793411,-0.163602,0.410605,-0.207392,-1.66366,0.355632,0.250757,-2.06268,0.482513,-0.248391,1.16774,-28.8856,21.8474,-37.1234,-9.94032,-0.153916,4.12604,-4.45308,4.62872,-3.4436,0.0814545,-0.359738,-2.45583,-0.00823452,-0.633211,-0.039367,-0.600942,-1.29403,-0.445556,-1.24925,0.0241133,-0.347675,-0.0540578,0,0,0,0,0,0,0,0,0,0,0,0,0,0,0,0,0,0,0,0,0,0,0,0,0,0,0,0,0,2.55789,6.3088,2.55789,6.3088,1.81445,1.81445,2.55789,6.3088,2.55789,6.3088,1.81445,1.81445,2.55789,1.81445,1.81445,0.907223,0.907223,0.907223,0.907223,0.907223,1.06814,1.06814,0.907223,0.907223,0.907223,0.907223,0.907223,1.06814,1.06814,40.1792,99.0984,40.1792,99.0984,28.5012,28.5012,40.1792,99.0984,40.1792,99.0984,28.5012,28.5012,40.1792,28.5012,28.5012,14.2506,14.2506,14.2506,14.2506,14.2506,16.7783,16.7783,14.2506,14.2506,14.2506,14.2506,14.2506,16.7783,16.7783,0,0,0,0,0,0,0,0,0,0,0,0,0,0,0,0,0,0,0,0,0,0,0,0,0,0,0,0,0,0,0,0,0,0,0,0,0,0,0,0,0,0,0,0,0,0,0,0,0,0,0,0,0,0,0,0,0,0,0,0,0,0,0,0,0,0,0,0,0,0,0,0,0,0,0,0,0,0,0,0,0,0,0,0,0,0,0,0,0,0,0,0,0,0,0,0,0,0,0,0,0,0,0,0,0,0,0,0,0,0,0,0,0,0,0,0,0,-0.076064,0.17959,0.0749387,-0.362453,-0.260081,-0.275204,0.333775,0.00102041,-0.183466,0.230697,0.00840065,-0.0352884,-0.337444,-0.0417073,-1.72354,0.12344,0.149056,-0.105231,0.578843,-0.508833,-0.696591,-0.237469,0.15239,0.324006,0.277238,0.0632683,4.97146,-1.04315,-0.603633,-0.651252,0.148761,-0.316057,-1.25572,0.202978,0.0834408,2.4123,-0.62774,0.0652432,-0.244411,-0.178428,0.177408,0.303208,-0.648624,-0.138615,-0.019322,-0.0804641,-0.120698,0.0410364,0.346386,0.101179,0.452005,0.0653725,-0.0518966,0.0206545,0.0859344,-0.199552,0.00368433,0.581708,-0.046152,-0.0176916,0.00471354,1.285,0.178626,0.0747685,-0.981072,0.6,0,0,0.931173,0.908362,1.1892
0.160637,1.00547,8.50819,-0.0840392,0.0462473,0.211259,-0.0783792,0.182833,0.0797879,0.160637,1.00547,8.50819,-0.0840392,0.0462473,0.211259,-0.0783792,0.182833,0.0797879,-1.20695,0.200795,0.0784535,2.31834,-0.53044,0.0306689,-0.299445,-0.139261,0.126429,0.280198,-0.596098,-0.154726,-0.0283379,-0.0639127,-0.11869,0.08086,0.390158,0.100114,0.458354,0.0503978,-0.0386611,0.0252476,0.0782495,-0.245297,-0.0295375,0.590746,-0.0364983,-0.0162582,0.00398477,0,0,0,0,0,0,0,0,0,0,0,0,0,0,0,0,0,0,0,0,0,0,0,0,0,0,0,0,0,-0.992972,0.139468,0.103387,2.40907,-0.412191,-0.0257088,-0.348399,0.044524,-0.309542,0.778582,-0.347503,-0.159804,-0.0933336,0.0166394,-0.28904,0.231828,0.274266,0.11727,0.635786,0.0581302,-0.0260723,0.0258483,0.163187,-0.15741,0.0685786,0.631778,-0.0385714,-0.0150141,0.0173691,-4.85108,1.46202,-1.0287,-0.0540965,-3.66248,1.55348,2.15533,-0.0347828,0.798318,-2.20398,0.599179,0.262352,-0.510956,0.505342,-0.416218,1.14399,0.524917,-0.0474742,-0.067008,0.117349,0.236247,-0.0633074,-0.442298,-0.13586,-0.95594,0.739966,-0.141185,0.329825,-0.198216,1.63465,-2.74683,1.83352,-0.0645098,0.477711,-0.233686,-1.15454,-21.9368,17.6188,-33.5631,-9.66479,0.13308,4.26534,-3.67669,5.56003,-3.74632,0.546796,-0.205206,-2.56976,-0.00272836,-0.686795,-0.0242331,-0.709694,-0.48722,-0.0802563,-1.38362,0.0213199,-0.393416,-0.00622902,0,0,0,0,0,0,0,0,0,0,0,0,0,0,0,0,0,0,0,0,0,0,0,0,0,0,0,0,0,2.55789,6.3088,2.55789,6.3088,1.81445,1.81445,2.55789,6.3088,2.55789,6.3088,1.81445,1.81445,2.55789,1.81445,1.81445,0.907223,0.907223,0.907223,0.907223,0.907223,1.06814,1.06814,0.907223,0.907223,0.907223,0.907223,0.907223,1.06814,1.06814,40.1792,99.0984,40.1792,99.0984,28.5012,28.5012,40.1792,99.0984,40.1792,99.0984,28.5012,28.5012,40.1792,28.5012,28.5012,14.2506,14.2506,14.2506,14.2506,14.2506,16.7783,16.7783,14.2506,14.2506,14.2506,14.2506,14.2506,16.7783,16.7783,0,0,0,0,0,0,0,0,0,0,0,0,0,0,0,0,0,0,0,0,0,0,0,0,0,0,0,0,0,0,0,0,0,0,0,0,0,0,0,0,0,0,0,0,0,0,0,0,0,0,0,0,0,0,0,0,0,0,0,0,0,0,0,0,0,0,0,0,0,0,0,0,0,0,0,0,0,0,0,0,0,0,0,0,0,0,0,0,0,0,0,0,0,0,0,0,0,0,0,0,0,0,0,0,0,0,0,0,0,0,0,0,0,0,0,0,0,-0.0783792,0.182833,0.0797879,-0.271651,-0.277603,-0.270624,0.43358,-0.103282,-0.145727,0.22827,-0.0673485,-0.0517543,-0.322967,-0.0211006,-1.63447,0.0229297,0.114912,-0.0832198,0.572616,-0.397138,-0.518934,-0.218228,0.143282,0.230901,0.338889,0.0534862,4.70352,-1.10877,-0.38178,-0.531486,0.0699283,-0.352791,-1.20695,0.200795,0.0784535,2.31834,-0.53044,0.0306689,-0.299445,-0.139261,0.126429,0.280198,-0.596098,-0.154726,-0.0283379,-0.0639127,-0.11869,0.08086,0.390158,0.100114,0.458354,0.0503978,-0.0386611,0.0252476,0.0782495,-0.245297,-0.0295375,0.590746,-0.0364983,-0.0162582,0.00398477,0.666,0.181816,0.076994,-0.980314,0.6,0,0,0.941413,0.913139,1.21415
0.431762,1.05153,8.53768,0.0785553,-0.172267,0.114905,-0.0777056,0.181698,0.0830717,0.431762,1.05153,8.53768,0.0785553,-0.172267,0.114905,-0.0777056,0.181698,0.0830717,-1.15558,0.203742,0.0860209,2.28707,-0.454987,0.0080648,-0.312477,-0.142125,0.0609629,0.21983,-0.522225,-0.157652,-0.0433059,0.0109272,-0.155383,0.10941,0.410552,0.100116,0.46843,0.0528323,-0.0279729,0.0284687,0.069832,-0.249212,-0.0296651,0.580872,-0.0391361,-0.0180818,0.00506483,0,0,0,0,0,0,0,0,0,0,0,0,0,0,0,0,0,0,0,0,0,0,0,0,0,0,0,0,0,-1.0819,0.166164,0.0851467,2.38978,-0.452256,-0.00768195,-0.304815,0.0438931,-0.292579,0.733803,-0.336415,-0.15525,-0.102107,0.0251098,-0.294964,0.25233,0.283688,0.112566,0.633209,0.0567173,-0.0199857,0.0254578,0.153844,-0.160792,0.0485084,0.646057,-0.0387486,-0.00937215,0.0142484,-4.10526,1.20037,-0.796119,-1.48725,-1.39738,0.663095,2.16404,-0.0467128,0.871272,-2.23753,0.489558,0.233037,-0.367421,0.353195,-0.164798,0.92995,0.409618,-0.325066,-0.156802,-0.107013,0.296791,-0.0197501,-0.461272,-0.222706,-0.993474,0.646035,0.0277879,0.255633,-0.143356,5.34196,-4.11818,1.77947,1.58744,0.304117,-0.116436,-5.16955,-17.9139,14.6853,-31.2191,-8.29853,-0.38302,3.91659,-3.18633,5.37287,-3.2805,1.14117,0.100048,-2.358,0.00704191,-0.630986,0.0137144,-0.665832,-1.02303,-0.228667,-1.37835,0.00810194,-0.386793,-0.0225206,0,0,0,0,0,0,0,0,0,0,0,0,0,0,0,0,0,0,0,0,0,0,0,0,0,0,0,0,0,2.55789,6.3088,2.55789,6.3088,1.81445,1.81445,2.55789,6.3088,2.55789,6.3088,1.81445,1.81445,2.55789,1.81445,1.81445,0.907223,0.907223,0.907223,0.907223,0.907223,1.06814,1.06814,0.907223,0.907223,0.907223,0.907223,0.907223,1.06814,1.06814,40.1792,99.0984,40.1792,99.0984,28.5012,28.5012,40.1792,99.0984,40.1792,99.0984,28.5012,28.5012,40.1792,28.5012,28.5012,14.2506,14.2506,14.2506,14.2506,14.2506,16.7783,16.7783,14.2506,14.2506,14.2506,14.2506,14.2506,16.7783,16.7783,0,0,0,0,0,0,0,0,0,0,0,0,0,0,0,0,0,0,0,0,0,0,0,0,0,0,0,0,0,0,0,0,0,0,0,0,0,0,0,0,0,0,0,0,0,0,0,0,0,0,0,0,0,0,0,0,0,0,0,0,0,0,0,0,0,0,0,0,0,0,0,0,0,0,0,0,0,0,0,0,0,0,0,0,0,0,0,0,0,0,0,0,0,0,0,0,0,0,0,0,0,0,0,0,0,0,0,0,0,0,0,0,0,0,0,0,0,-0.0777056,0.181698,0.0830717,-0.206555,-0.296796,-0.354288,0.480079,-0.112207,0.024915,0.228273,-0.0676394,-0.0790909,-0.299993,-0.0436136,-1.54065,-0.000871551,0.120463,-0.0892342,0.581023,-0.405306,-0.375471,-0.242705,0.157102,0.111338,0.382126,0.0679835,4.61432,-1.28092,-0.20974,-0.363049,0.0183886,-0.359462,-1.15558,0.203742,0.0860209,2.28707,-0.454987,0.0080648,-0.312477,-0.142125,0.0609629,0.21983,-0.522225,-0.157652,-0.0433059,0.0109272,-0.155383,0.10941,0.410552,0.100116,0.46843,0.0528323,-0.0279729,0.0284687,0.069832,-0.249212,-0.0296651,0.580872,-0.0391361,-0.0180818,0.00506483,0.66,0.1807,0.0763495,-0.98057,0.6,0,0,0.941413,0.913139,1.21415
0.389361,0.238418,8.8595,0.14492,-0.231095,0.039094,-0.0749848,0.178197,0.0847382,0.389361,0.238418,8.8595,0.14492,-0.231095,0.039094,-0.0749848,0.178197,0.0847382,-1.15479,0.192744,0.109527,2.1708,-0.287643,-0.0385848,-0.356781,-0.116359,0.0417388,0.212806,-0.473407,-0.163909,-0.0391296,-0.00879078,-0.18124,0.133209,0.410522,0.0883691,0.49169,0.0428473,-0.0192733,0.0298344,0.060009,-0.294331,-0.0493515,0.595634,-0.0300216,-0.0155959,0.00313089,0,0,0,0,0,0,0,0,0,0,0,0,0,0,0,0,0,0,0,0,0,0,0,0,0,0,0,0,0,-1.15087,0.186341,0.072557,2.35284,-0.460302,-0.00166323,-0.256921,0.0421179,-0.277152,0.6859,-0.325601,-0.151222,-0.106661,0.03074,-0.300507,0.267355,0.290843,0.105187,0.628898,0.0554673,-0.0136125,0.0256767,0.143754,-0.166465,0.0305432,0.656152,-0.0388107,-0.00524871,0.0118602,-2.99882,0.867341,-0.458206,-1.96791,-0.106291,0.184148,2.43671,-0.135799,0.727433,-2.45079,0.533764,0.215661,-0.145603,0.263352,-0.224657,0.63137,0.321513,-0.384359,-0.236014,-0.0438017,0.294751,0.010467,-0.49117,-0.324113,-0.805193,0.386799,-0.0105496,0.168055,-0.102999,7.44949,-3.76104,1.77864,5.52938,0.342723,-0.0622356,-8.31554,-17.5057,11.7789,-31.1792,-6.56492,-0.544762,2.93644,-1.02626,4.59804,-2.82562,1.41536,0.265846,-2.0809,0.00282465,-0.557073,0.0332427,-0.611249,-0.901769,-0.131319,-1.43735,0.00482741,-0.398035,-0.00415042,0,0,0,0,0,0,0,0,0,0,0,0,0,0,0,0,0,0,0,0,0,0,0,0,0,0,0,0,0,2.55789,6.3088,2.55789,6.3088,1.81445,1.81445,2.55789,6.3088,2.55789,6.3088,1.81445,1.81445,2.55789,1.81445,1.81445,0.907223,0.907223,0.907223,0.907223,0.907223,1.06814,1.06814,0.907223,0.907223,0.907223,0.907223,0.907223,1.06814,1.06814,40.1792,99.0984,40.1792,99.0984,28.5012,28.5012,40.1792,99.0984,40.1792,99.0984,28.5012,28.5012,40.1792,28.5012,28.5012,14.2506,14.2506,14.2506,14.2506,14.2506,16.7783,16.7783,14.2506,14.2506,14.2506,14.2506,14.2506,16.7783,16.7783,0,0,0,0,0,0,0,0,0,0,0,0,0,0,0,0,0,0,0,0,0,0,0,0,0,0,0,0,0,0,0,0,0,0,0,0,0,0,0,0,0,0,0,0,0,0,0,0,0,0,0,0,0,0,0,0,0,0,0,0,0,0,0,0,0,0,0,0,0,0,0,0,0,0,0,0,0,0,0,0,0,0,0,0,0,0,0,0,0,0,0,0,0,0,0,0,0,0,0,0,0,0,0,0,0,0,0,0,0,0,0,0,0,0,0,0,0,-0.0749848,0.178197,0.0847382,-0.15229,-0.319193,-0.413246,0.48001,-0.215084,-0.0200438,0.20149,-0.112526,-0.0714635,-0.246958,-0.00995571,-1.53921,-0.0817841,0.097696,-0.0684523,0.549659,-0.331827,-0.2587,-0.209338,0.200033,0.0762287,0.400458,0.0420249,4.28275,-1.30095,0.171821,-0.251738,-0.0879771,-0.373728,-1.15479,0.192744,0.109527,2.1708,-0.287643,-0.0385848,-0.356781,-0.116359,0.0417388,0.212806,-0.473407,-0.163909,-0.0391296,-0.00879078,-0.18124,0.133209,0.410522,0.0883691,0.49169,0.0428473,-0.0192733,0.0298344,0.060009,-0.294331,-0.0493515,0.595634,-0.0300216,-0.0155959,0.00313089,0.779,0.177256,0.0737283,-0.981399,0.6,0,0,0.954806,0.906318,1.23721
0.194157,0.687103,8.27987,0.228189,-0.349533,-0.00459848,-0.0711566,0.172224,0.0854442,0.194157,0.687103,8.27987,0.228189,-0.349533,-0.00459848,-0.0711566,0.172224,0.0854442,-1.13814,0.196233,0.123545,2.12273,-0.178639,-0.0448295,-0.33175,-0.112993,0.000544418,0.172182,-0.372841,-0.168284,-0.0455812,0.0396868,-0.199676,0.136166,0.437802,0.0900923,0.482279,0.0478404,-0.0147502,0.0286358,0.0463903,-0.28411,-0.0421279,0.593233,-0.0331121,-0.014809,0.00412508,0,0,0,0,0,0,0,0,0,0,0,0,0,0,0,0,0,0,0,0,0,0,0,0,0,0,0,0,0,-1.20378,0.1994,0.0684613,2.30259,-0.424281,-0.00922576,-0.212415,0.0378621,-0.262351,0.637128,-0.314935,-0.14694,-0.107863,0.0365604,-0.300007,0.27688,0.296703,0.0960973,0.625998,0.0524589,-0.00798247,0.0262335,0.134042,-0.174141,0.0157745,0.663184,-0.0369275,-0.00282766,0.0100743,-2.35982,0.505846,-0.0163309,-2.75911,2.16922,-0.474744,2.02633,-0.244933,0.753494,-2.40258,0.509393,0.21645,-0.00886044,0.278208,0.233875,0.36185,0.24951,-0.47743,-0.100659,-0.161028,0.264558,0.0198199,-0.464542,-0.448027,-0.685231,0.280656,0.111954,0.100539,-0.0809628,7.97676,-3.918,1.77782,3.75921,-0.0339722,0.0199421,-10.9365,-13.7993,10.3598,-27.2761,-5.43204,-0.86048,2.80178,-1.79805,3.0542,-2.38543,1.39094,0.310998,-1.82439,0.0090773,-0.470052,0.0364424,-0.639466,-1.33357,-0.314463,-1.23093,-0.00266031,-0.322983,-0.030899,0,0,0,0,0,0,0,0,0,0,0,0,0,0,0,0,0,0,0,0,0,0,0,0,0,0,0,0,0,2.55789,6.3088,2.55789,6.3088,1.81445,1.81445,2.55789,6.3088,2.55789,6.3088,1.81445,1.81445,2.55789,1.81445,1.81445,0.907223,0.907223,0.907223,0.907223,0.907223,1.06814,1.06814,0.907223,0.907223,0.907223,0.907223,0.907223,1.06814,1.06814,40.1792,99.0984,40.1792,99.0984,28.5012,28.5012,40.1792,99.0984,40.1792,99.0984,28.5012,28.5012,40.1792,28.5012,28.5012,14.2506,14.2506,14.2506,14.2506,14.2506,16.7783,16.7783,14.2506,14.2506,14.2506,14.2506,14.2506,16.7783,16.7783,0,0,0,0,0,0,0,0,0,0,0,0,0,0,0,0,0,0,0,0,0,0,0,0,0,0,0,0,0,0,0,0,0,0,0,0,0,0,0,0,0,0,0,0,0,0,0,0,0,0,0,0,0,0,0,0,0,0,0,0,0,0,0,0,0,0,0,0,0,0,0,0,0,0,0,0,0,0,0,0,0,0,0,0,0,0,0,0,0,0,0,0,0,0,0,0,0,0,0,0,0,0,0,0,0,0,0,0,0,0,0,0,0,0,0,0,0,-0.0711566,0.172224,0.0854442,-0.145547,-0.350245,-0.455282,0.542213,-0.191778,0.0904899,0.205419,-0.0960558,-0.0832462,-0.268415,-0.0154306,-1.5088,-0.0360707,0.109081,-0.0754989,0.559607,-0.322229,-0.197987,-0.198776,0.225634,0.000994287,0.384368,0.0553695,4.14569,-1.4168,0.420362,-0.0224393,-0.102216,-0.383705,-1.13814,0.196233,0.123545,2.12273,-0.178639,-0.0448295,-0.33175,-0.112993,0.000544418,0.172182,-0.372841,-0.168284,-0.0455812,0.0396868,-0.199676,0.136166,0.437802,0.0900923,0.482279,0.0478404,-0.0147502,0.0286358,0.0463903,-0.28411,-0.0421279,0.593233,-0.0331121,-0.014809,0.00412508,0.731,0.171374,0.0700447,-0.982713,0.6,0,0,0.954806,0.906318,1.23721
0.00982499,0.244856,7.88766,0.257422,-0.284254,-0.0571204,-0.0657813,0.165736,0.0850848,0.00982499,0.244856,7.88766,0.257422,-0.284254,-0.0571204,-0.0657813,0.165736,0.0850848,-1.1582,0.197302,0.136597,2.00964,-0.0375529,-0.0606097,-0.309213,-0.10038,-0.00295418,0.165157,-0.290642,-0.15821,-0.0514198,0.0428852,-0.206085,0.142252,0.401101,0.0574657,0.480466,0.0467068,-0.00918807,0.0277811,0.0178041,-0.288567,-0.0447367,0.58323,-0.0303055,-0.0196395,0.00550295,0,0,0,0,0,0,0,0,0,0,0,0,0,0,0,0,0,0,0,0,0,0,0,0,0,0,0,0,0,-1.24367,0.207603,0.0719533,2.23828,-0.358691,-0.0193959,-0.167247,0.0327545,-0.247905,0.580973,-0.300323,-0.140613,-0.106022,0.0411846,-0.295391,0.28129,0.301699,0.0857785,0.621329,0.0507449,-0.00200054,0.0261446,0.122513,-0.185214,0.00289122,0.667315,-0.0356344,-0.00107487,0.0085791,-1.45312,0.304775,0.294261,-2.86495,2.84697,-0.412764,1.936,-0.218539,0.626798,-2.57342,0.697345,0.362482,0.110251,0.175392,0.311679,0.0975903,0.216319,-0.452968,-0.287283,-0.0500486,0.230699,-0.0169608,-0.527455,-0.536246,-0.507505,0.100531,0.0398071,0.0615837,-0.0562547,7.98548,-3.05633,1.40388,6.31896,-0.0516753,0.0223033,-11.5188,-13.0942,8.46778,-24.7388,-3.2499,-1.26379,2.15229,-0.358005,2.24661,-2.16842,1.74695,0.465046,-1.74042,0.00445039,-0.465559,0.0579184,-0.615602,-0.943131,-0.183251,-1.16251,-0.000498726,-0.298965,-0.0142848,0,0,0,0,0,0,0,0,0,0,0,0,0,0,0,0,0,0,0,0,0,0,0,0,0,0,0,0,0,2.55789,6.3088,2.55789,6.3088,1.81445,1.81445,2.55789,6.3088,2.55789,6.3088,1.81445,1.81445,2.55789,1.81445,1.81445,0.907223,0.907223,0.907223,0.907223,0.907223,1.06814,1.06814,0.907223,0.907223,0.907223,0.907223,0.907223,1.06814,1.06814,40.1792,99.0984,40.1792,99.0984,28.5012,28.5012,40.1792,99.0984,40.1792,99.0984,28.5012,28.5012,40.1792,28.5012,28.5012,14.2506,14.2506,14.2506,14.2506,14.2506,16.7783,16.7783,14.2506,14.2506,14.2506,14.2506,14.2506,16.7783,16.7783,0,0,0,0,0,0,0,0,0,0,0,0,0,0,0,0,0,0,0,0,0,0,0,0,0,0,0,0,0,0,0,0,0,0,0,0,0,0,0,0,0,0,0,0,0,0,0,0,0,0,0,0,0,0,0,0,0,0,0,0,0,0,0,0,0,0,0,0,0,0,0,0,0,0,0,0,0,0,0,0,0,0,0,0,0,0,0,0,0,0,0,0,0,0,0,0,0,0,0,0,0,0,0,0,0,0,0,0,0,0,0,0,0,0,0,0,0,-0.0657813,0.165736,0.0850848,-0.13167,-0.415425,-0.469895,0.45853,-0.201942,0.0977824,0.131027,-0.102004,-0.0939095,-0.272548,-0.0382384,-1.54545,0.00508923,0.106496,-0.0690995,0.562656,-0.28626,-0.123328,-0.263614,0.249471,-0.00539531,0.372897,0.0738642,3.82316,-1.43683,0.742052,0.164984,-0.138196,-0.360735,-1.1582,0.197302,0.136597,2.00964,-0.0375529,-0.0606097,-0.309213,-0.10038,-0.00295418,0.165157,-0.290642,-0.15821,-0.0514198,0.0428852,-0.206085,0.142252,0.401101,0.0574657,0.480466,0.0467068,-0.00918807,0.0277811,0.0178041,-0.288567,-0.0447367,0.58323,-0.0303055,-0.0196395,0.00550295,0.731,0.165545,0.0653209,-0.984037,0.6,0,0,0.973825,0.910161,1.26983
-1.17572,1.58199,7.87851,0.258592,-0.22704,-0.0825557,-0.0612756,0.161336,0.0840892,-1.17572,1.58199,7.87851,0.258592,-0.22704,-0.0825557,-0.0612756,0.161336,0.0840892,-1.17323,0.209187,0.134565,1.9076,0.0415966,-0.0783191,-0.21448,-0.0934943,0.00516111,0.164412,-0.176147,-0.146066,-0.0612952,0.0626107,-0.163898,0.174446,0.375943,0.037643,0.480225,0.0488679,-0.0054824,0.0281847,0.036684,-0.293637,-0.0449694,0.586644,-0.0335401,-0.0201969,0.010239,0,0,0,0,0,0,0,0,0,0,0,0,0,0,0,0,0,0,0,0,0,0,0,0,0,0,0,0,0,-1.26461,0.211733,0.0799184,2.18047,-0.286562,-0.0289563,-0.135605,0.0287377,-0.235382,0.534168,-0.289558,-0.133901,-0.103898,0.0447808,-0.287865,0.280976,0.305716,0.0761648,0.614703,0.0497104,0.00218447,0.0262597,0.112565,-0.194889,-0.00559876,0.667672,-0.0344814,-0.000940815,0.00797822,-0.967866,0.167532,0.577355,-3.36948,4.07621,-0.524209,1.60334,-0.206147,0.92464,-2.68451,0.247309,0.384285,0.118833,0.25547,0.557917,-0.0784471,0.225926,-0.57431,-0.439274,-0.0530939,0.205313,0.00112997,-0.548068,-0.537262,-0.43196,-0.0694474,0.0665088,-0.0175872,-0.0240284,6.76393,-2.44419,0.801779,3.74188,-0.28448,0.0479424,-11.1262,-11.5389,6.89272,-19.843,-0.0818187,-0.989491,1.78808,-0.586816,1.39389,-1.93697,1.14052,0.240355,-1.51938,0.0077339,-0.424794,0.0209409,-0.869655,-0.876356,-0.172881,-1.1672,-8.03207e-05,-0.302263,-0.0161096,0,0,0,0,0,0,0,0,0,0,0,0,0,0,0,0,0,0,0,0,0,0,0,0,0,0,0,0,0,2.55789,6.3088,2.55789,6.3088,1.81445,1.81445,2.55789,6.3088,2.55789,6.3088,1.81445,1.81445,2.55789,1.81445,1.81445,0.907223,0.907223,0.907223,0.907223,0.907223,1.06814,1.06814,0.907223,0.907223,0.907223,0.907223,0.907223,1.06814,1.06814,40.1792,99.0984,40.1792,99.0984,28.5012,28.5012,40.1792,99.0984,40.1792,99.0984,28.5012,28.5012,40.1792,28.5012,28.5012,14.2506,14.2506,14.2506,14.2506,14.2506,16.7783,16.7783,14.2506,14.2506,14.2506,14.2506,14.2506,16.7783,16.7783,0,0,0,0,0,0,0,0,0,0,0,0,0,0,0,0,0,0,0,0,0,0,0,0,0,0,0,0,0,0,0,0,0,0,0,0,0,0,0,0,0,0,0,0,0,0,0,0,0,0,0,0,0,0,0,0,0,0,0,0,0,0,0,0,0,0,0,0,0,0,0,0,0,0,0,0,0,0,0,0,0,0,0,0,0,0,0,0,0,0,0,0,0,0,0,0,0,0,0,0,0,0,0,0,0,0,0,0,0,0,0,0,0,0,0,0,0,-0.0612756,0.161336,0.0840892,-0.0582662,-0.372377,-0.373703,0.401168,-0.213501,0.142759,0.0858298,-0.102535,-0.111945,-0.2731,-0.0304525,-1.5729,0.178104,0.111424,-0.0764749,0.596549,-0.266623,-0.0735883,-0.271096,0.24576,0.00942589,0.378313,0.137434,3.53219,-1.43896,0.922521,0.426044,-0.178575,-0.333046,-1.17323,0.209187,0.134565,1.9076,0.0415966,-0.0783191,-0.21448,-0.0934943,0.00516111,0.164412,-0.176147,-0.146066,-0.0612952,0.0626107,-0.163898,0.174446,0.375943,0.037643,0.480225,0.0488679,-0.0054824,0.0281847,0.036684,-0.293637,-0.0449694,0.586644,-0.0335401,-0.0201969,0.010239,0.758,0.160637,0.060442,-0.985161,0.6,0,0,0.995178,0.481424,1.30617
-0.412042,0.761868,7.23779,0.29888,-0.127957,-0.133449,-0.0559129,0.158176,0.0821759,-0.412042,0.761868,7.23779,0.29888,-0.127957,-0.133449,-0.0559129,0.158176,0.0821759,-1.20248,0.221222,0.129645,1.86408,0.0604316,-0.0750573,-0.0930303,-0.128128,0.0291774,0.153553,-0.0911916,-0.151438,-0.0679928,0.0819559,-0.13126,0.185992,0.383045,0.0387852,0.47364,0.0525011,-0.00240503,0.0272637,0.0627595,-0.284767,-0.0408984,0.600605,-0.0417571,-0.0159136,0.0154863,0,0,0,0,0,0,0,0,0,0,0,0,0,0,0,0,0,0,0,0,0,0,0,0,0,0,0,0,0,-1.27753,0.215797,0.0904488,2.10611,-0.199385,-0.0418219,-0.10728,0.0258287,-0.221223,0.482653,-0.274399,-0.123601,-0.102338,0.0467099,-0.27624,0.276822,0.308533,0.0640641,0.604781,0.0493314,0.00580953,0.0266426,0.100494,-0.206298,-0.0133497,0.665031,-0.034077,-0.00201171,0.00855871,-0.425229,0.237721,0.492241,-3.82424,3.99217,-0.610398,1.24131,-0.0773916,0.635784,-2.48435,0.917222,0.503384,0.0389183,-0.00323651,0.663914,-0.262048,0.0723307,-0.607292,-0.550703,-0.00825326,0.143717,0.01447,-0.622037,-0.591785,-0.336176,-0.187918,0.00610156,-0.0643873,0.0445525,5.3438,-2.07062,0.529974,3.82228,-0.413123,0.0666663,-7.4967,-11.251,7.51437,-16.1869,1.19677,-1.53248,1.53016,0.423999,2.08445,-1.23332,0.882966,0.16135,-1.30141,0.00115407,-0.350132,0.00812982,-0.362583,-0.728474,-0.144764,-0.965129,0.00167036,-0.239873,-0.017908,0,0,0,0,0,0,0,0,0,0,0,0,0,0,0,0,0,0,0,0,0,0,0,0,0,0,0,0,0,2.55789,6.3088,2.55789,6.3088,1.81445,1.81445,2.55789,6.3088,2.55789,6.3088,1.81445,1.81445,2.55789,1.81445,1.81445,0.907223,0.907223,0.907223,0.907223,0.907223,1.06814,1.06814,0.907223,0.907223,0.907223,0.907223,0.907223,1.06814,1.06814,40.1792,99.0984,40.1792,99.0984,28.5012,28.5012,40.1792,99.0984,40.1792,99.0984,28.5012,28.5012,40.1792,28.5012,28.5012,14.2506,14.2506,14.2506,14.2506,14.2506,16.7783,16.7783,14.2506,14.2506,14.2506,14.2506,14.2506,16.7783,16.7783,0,0,0,0,0,0,0,0,0,0,0,0,0,0,0,0,0,0,0,0,0,0,0,0,0,0,0,0,0,0,0,0,0,0,0,0,0,0,0,0,0,0,0,0,0,0,0,0,0,0,0,0,0,0,0,0,0,0,0,0,0,0,0,0,0,0,0,0,0,0,0,0,0,0,0,0,0,0,0,0,0,0,0,0,0,0,0,0,0,0,0,0,0,0,0,0,0,0,0,0,0,0,0,0,0,0,0,0,0,0,0,0,0,0,0,0,0,-0.0559129,0.158176,0.0821759,-0.0319391,-0.312922,-0.299286,0.41736,-0.193276,0.186868,0.0884342,-0.0932525,-0.124177,-0.288113,0.00137906,-1.6263,0.399911,0.119708,-0.0952104,0.630872,-0.365391,-0.0322819,-0.213602,0.236774,0.0532875,0.365952,0.207867,3.40807,-1.46993,0.965466,0.61975,-0.171138,-0.345295,-1.20248,0.221222,0.129645,1.86408,0.0604316,-0.0750573,-0.0930303,-0.128128,0.0291774,0.153553,-0.0911916,-0.151438,-0.0679928,0.0819559,-0.13126,0.185992,0.383045,0.0387852,0.47364,0.0525011,-0.00240503,0.0272637,0.0627595,-0.284767,-0.0408984,0.600605,-0.0417571,-0.0159136,0.0154863,0.693,0.157517,0.0551862,-0.985973,0.6,0,0,0.995178,0.481424,1.30617
-0.383176,1.44155,7.51713,0.261275,-0.14148,-0.209761,-0.0507893,0.155875,0.0787428,-0.383176,1.44155,7.51713,0.261275,-0.14148,-0.209761,-0.0507893,0.155875,0.0787428,-1.23672,0.215032,0.136586,1.75915,0.0705838,-0.079012,0.011924,-0.122951,0.0353091,0.188729,-0.0376736,-0.149259,-0.071774,0.0847608,-0.116249,0.201321,0.360195,0.0241619,0.480618,0.0528658,0.00036493,0.0265249,0.0809738,-0.29439,-0.0446389,0.611685,-0.0456875,-0.0165831,0.0187744,0,0,0,0,0,0,0,0,0,0,0,0,0,0,0,0,0,0,0,0,0,0,0,0,0,0,0,0,0,-1.27847,0.220772,0.100468,2.03011,-0.128753,-0.0513947,-0.0823216,0.0250232,-0.20772,0.432794,-0.256559,-0.113914,-0.102057,0.0463532,-0.263479,0.270571,0.309043,0.0527564,0.592047,0.0500143,0.00848725,0.0265194,0.0874222,-0.217521,-0.0191487,0.661486,-0.0358342,-0.00310142,0.0103463,0.166539,0.242699,0.532311,-3.65449,3.04382,-0.405822,1.19432,-0.00961907,0.880525,-2.4945,0.644409,0.404876,-0.00971367,0.0353262,0.732433,-0.30926,0.0112708,-0.535535,-0.691293,0.0414001,0.100517,-0.0166612,-0.624979,-0.523123,-0.239143,-0.182108,-0.103352,-0.0424284,0.0970671,2.70259,-1.39502,-0.257964,6.299,-0.165788,0.0646753,-3.48821,-15.0263,7.17186,-12.1037,3.67128,-1.72381,1.36647,0.869772,2.51316,-0.947109,1.0246,0.281005,-1.06296,9.28804e-06,-0.30717,0.0286969,0.204828,-0.502473,-0.0947425,-0.712938,0.00928244,-0.17226,-0.0165886,0,0,0,0,0,0,0,0,0,0,0,0,0,0,0,0,0,0,0,0,0,0,0,0,0,0,0,0,0,2.55789,6.3088,2.55789,6.3088,1.81445,1.81445,2.55789,6.3088,2.55789,6.3088,1.81445,1.81445,2.55789,1.81445,1.81445,0.907223,0.907223,0.907223,0.907223,0.907223,1.06814,1.06814,0.907223,0.907223,0.907223,0.907223,0.907223,1.06814,1.06814,40.1792,99.0984,40.1792,99.0984,28.5012,28.5012,40.1792,99.0984,40.1792,99.0984,28.5012,28.5012,40.1792,28.5012,28.5012,14.2506,14.2506,14.2506,14.2506,14.2506,16.7783,16.7783,14.2506,14.2506,14.2506,14.2506,14.2506,16.7783,16.7783,0,0,0,0,0,0,0,0,0,0,0,0,0,0,0,0,0,0,0,0,0,0,0,0,0,0,0,0,0,0,0,0,0,0,0,0,0,0,0,0,0,0,0,0,0,0,0,0,0,0,0,0,0,0,0,0,0,0,0,0,0,0,0,0,0,0,0,0,0,0,0,0,0,0,0,0,0,0,0,0,0,0,0,0,0,0,0,0,0,0,0,0,0,0,0,0,0,0,0,0,0,0,0,0,0,0,0,0,0,0,0,0,0,0,0,0,0,-0.0507893,0.155875,0.0787428,0.00301222,-0.271392,-0.26506,0.365261,-0.21522,0.193263,0.0550914,-0.101781,-0.131083,-0.272202,0.0266429,-1.68884,0.591592,0.120539,-0.104172,0.613219,-0.350627,0.00489833,-0.22259,0.249451,0.064486,0.356035,0.252003,3.10885,-1.36961,0.988614,0.741777,-0.180155,-0.340325,-1.23672,0.215032,0.136586,1.75915,0.0705838,-0.079012,0.011924,-0.122951,0.0353091,0.188729,-0.0376736,-0.149259,-0.071774,0.0847608,-0.116249,0.201321,0.360195,0.0241619,0.480618,0.0528658,0.00036493,0.0265249,0.0809738,-0.29439,-0.0446389,0.611685,-0.0456875,-0.0165831,0.0187744,0.663,0.155244,0.050152,-0.986602,0.6,0,0,1.01272,0.476552,1.32897
-0.448046,1.50869,6.93582,0.266096,-0.133189,-0.241091,-0.0462523,0.153279,0.0742915,-0.448046,1.50869,6.93582,0.266096,-0.133189,-0.241091,-0.0462523,0.153279,0.0742915,-1.23485,0.216,0.119905,1.68154,0.0723957,-0.0842382,0.0892524,-0.153048,0.0578049,0.179219,0.00604733,-0.159388,-0.0710713,0.0859565,-0.10201,0.209653,0.366377,0.0269785,0.4781,0.0504652,0.00192592,0.0263604,0.0981759,-0.306848,-0.049665,0.617076,-0.0506158,-0.0147351,0.0227089,0,0,0,0,0,0,0,0,0,0,0,0,0,0,0,0,0,0,0,0,0,0,0,0,0,0,0,0,0,-1.26953,0.223663,0.109828,1.9538,-0.0735929,-0.059087,-0.0605885,0.024352,-0.192037,0.388037,-0.244309,-0.104823,-0.102137,0.0460422,-0.249498,0.262518,0.308031,0.0421844,0.579087,0.0508093,0.00991764,0.0263082,0.0751449,-0.227618,-0.0236442,0.658096,-0.0384452,-0.00462638,0.0127268,0.592401,0.0908403,0.388073,-3.81351,2.36684,-0.340152,0.971613,-0.00449853,0.77318,-2.0358,0.515996,0.4529,-0.00980648,-0.0797023,0.738371,-0.443101,-0.106683,-0.517323,-0.614269,0.0366502,0.0465,-0.0140682,-0.570469,-0.500394,-0.199045,-0.17909,-0.124818,-0.0816549,0.116272,-0.107201,-1.40268,0.0030322,4.2766,-0.228594,0.0526632,0.418589,-14.4513,7.09234,-6.92749,5.0287,-2.03042,1.22989,1.16232,2.51817,-0.491369,0.817071,0.203712,-0.849833,-0.00360422,-0.215188,0.0173815,0.593586,-0.516497,-0.119765,-0.506517,0.00997867,-0.116127,-0.0220714,0,0,0,0,0,0,0,0,0,0,0,0,0,0,0,0,0,0,0,0,0,0,0,0,0,0,0,0,0,2.55789,6.3088,2.55789,6.3088,1.81445,1.81445,2.55789,6.3088,2.55789,6.3088,1.81445,1.81445,2.55789,1.81445,1.81445,0.907223,0.907223,0.907223,0.907223,0.907223,1.06814,1.06814,0.907223,0.907223,0.907223,0.907223,0.907223,1.06814,1.06814,40.1792,99.0984,40.1792,99.0984,28.5012,28.5012,40.1792,99.0984,40.1792,99.0984,28.5012,28.5012,40.1792,28.5012,28.5012,14.2506,14.2506,14.2506,14.2506,14.2506,16.7783,16.7783,14.2506,14.2506,14.2506,14.2506,14.2506,16.7783,16.7783,0,0,0,0,0,0,0,0,0,0,0,0,0,0,0,0,0,0,0,0,0,0,0,0,0,0,0,0,0,0,0,0,0,0,0,0,0,0,0,0,0,0,0,0,0,0,0,0,0,0,0,0,0,0,0,0,0,0,0,0,0,0,0,0,0,0,0,0,0,0,0,0,0,0,0,0,0,0,0,0,0,0,0,0,0,0,0,0,0,0,0,0,0,0,0,0,0,0,0,0,0,0,0,0,0,0,0,0,0,0,0,0,0,0,0,0,0,-0.0462523,0.153279,0.0742915,0.0220102,-0.232169,-0.232594,0.379357,-0.243624,0.195989,0.0615138,-0.113241,-0.1298,-0.277943,0.0389358,-1.68543,0.732819,0.115066,-0.115409,0.61598,-0.436456,0.025851,-0.197784,0.218987,0.105571,0.353826,0.304814,2.88753,-1.39673,0.992746,0.841465,-0.192071,-0.36342,-1.23485,0.216,0.119905,1.68154,0.0723957,-0.0842382,0.0892524,-0.153048,0.0578049,0.179219,0.00604733,-0.159388,-0.0710713,0.0859565,-0.10201,0.209653,0.366377,0.0269785,0.4781,0.0504652,0.00192592,0.0263604,0.0981759,-0.306848,-0.049665,0.617076,-0.0506158,-0.0147351,0.0227089,0.718,0.152679,0.0456937,-0.987219,0.6,0,0,1.01272,0.476552,1.32897
0.137027,1.29969,7.45807,0.258103,-0.13423,-0.287901,-0.0419051,0.150857,0.0690053,0.137027,1.29969,7.45807,0.258103,-0.13423,-0.287901,-0.0419051,0.150857,0.0690053,-1.24853,0.220102,0.110396,1.60537,0.0467952,-0.0869346,0.17276,-0.187094,0.078519,0.176349,0.0337903,-0.175166,-0.0747252,0.0822026,-0.106216,0.211748,0.369245,0.0279416,0.475605,0.0491164,0.00279034,0.0260288,0.10306,-0.325475,-0.0554501,0.618775,-0.0542831,-0.0154524,0.0251175,0,0,0,0,0,0,0,0,0,0,0,0,0,0,0,0,0,0,0,0,0,0,0,0,0,0,0,0,0,-1.25126,0.223751,0.115586,1.87535,-0.0329198,-0.0660668,-0.0400561,0.024466,-0.177743,0.349994,-0.235083,-0.0959893,-0.101923,0.0433849,-0.237117,0.252423,0.304677,0.0328578,0.567402,0.0508724,0.0108311,0.0259046,0.0641482,-0.237057,-0.0275185,0.655028,-0.0416536,-0.00603366,0.015593,1.05946,-0.0163601,0.166761,-3.86312,1.69684,-0.313523,0.991496,0.0564984,0.678332,-1.76484,0.414343,0.434354,0.00309735,-0.21321,0.630692,-0.517787,-0.222298,-0.432169,-0.54113,-0.00483775,0.0317266,-0.0222379,-0.491224,-0.460727,-0.17295,-0.137508,-0.154093,-0.058519,0.139699,-1.93463,-0.61865,-0.348652,4.71251,-0.118468,0.0542881,2.67656,-17.8022,7.69369,-5.84173,6.17605,-2.55197,1.21675,1.51947,2.76802,-0.153666,1.05875,0.302774,-0.78426,-0.00157101,-0.185786,0.0309897,0.931043,-0.591021,-0.158845,-0.416418,0.0119326,-0.0834311,-0.0290483,0,0,0,0,0,0,0,0,0,0,0,0,0,0,0,0,0,0,0,0,0,0,0,0,0,0,0,0,0,2.55789,6.3088,2.55789,6.3088,1.81445,1.81445,2.55789,6.3088,2.55789,6.3088,1.81445,1.81445,2.55789,1.81445,1.81445,0.907223,0.907223,0.907223,0.907223,0.907223,1.06814,1.06814,0.907223,0.907223,0.907223,0.907223,0.907223,1.06814,1.06814,40.1792,99.0984,40.1792,99.0984,28.5012,28.5012,40.1792,99.0984,40.1792,99.0984,28.5012,28.5012,40.1792,28.5012,28.5012,14.2506,14.2506,14.2506,14.2506,14.2506,16.7783,16.7783,14.2506,14.2506,14.2506,14.2506,14.2506,16.7783,16.7783,0,0,0,0,0,0,0,0,0,0,0,0,0,0,0,0,0,0,0,0,0,0,0,0,0,0,0,0,0,0,0,0,0,0,0,0,0,0,0,0,0,0,0,0,0,0,0,0,0,0,0,0,0,0,0,0,0,0,0,0,0,0,0,0,0,0,0,0,0,0,0,0,0,0,0,0,0,0,0,0,0,0,0,0,0,0,0,0,0,0,0,0,0,0,0,0,0,0,0,0,0,0,0,0,0,0,0,0,0,0,0,0,0,0,0,0,0,-0.0419051,0.150857,0.0690053,0.0267865,-0.221033,-0.242184,0.385896,-0.286095,0.18743,0.0637096,-0.126432,-0.136473,-0.283632,0.0428096,-1.71041,0.885332,0.11199,-0.123771,0.627676,-0.533545,0.0374538,-0.207412,0.201619,0.143402,0.349376,0.337144,2.67029,-1.40492,0.934374,0.904721,-0.19822,-0.399396,-1.24853,0.220102,0.110396,1.60537,0.0467952,-0.0869346,0.17276,-0.187094,0.078519,0.176349,0.0337903,-0.175166,-0.0747252,0.0822026,-0.106216,0.211748,0.369245,0.0279416,0.475605,0.0491164,0.00279034,0.0260288,0.10306,-0.325475,-0.0554501,0.618775,-0.0542831,-0.0154524,0.0251175,0.737,0.150286,0.0414171,-0.987775,0.6,0,0,1.02509,0.481567,1.33693
0.633306,1.11297,7.84717,0.241344,-0.133755,-0.323842,-0.0380223,0.148357,0.0628935,0.633306,1.11297,7.84717,0.241344,-0.133755,-0.323842,-0.0380223,0.148357,0.0628935,-1.26282,0.220252,0.101999,1.56445,-0.0148771,-0.0733401,0.259227,-0.230901,0.0907249,0.176793,0.0356082,-0.198134,-0.0807749,0.0853903,-0.116616,0.208287,0.386739,0.0428718,0.470063,0.047049,0.00378367,0.0243213,0.108809,-0.322932,-0.0521818,0.622499,-0.0603544,-0.0141403,0.028184,0,0,0,0,0,0,0,0,0,0,0,0,0,0,0,0,0,0,0,0,0,0,0,0,0,0,0,0,0,-1.22392,0.222587,0.117799,1.79694,-0.00919816,-0.0719532,-0.0184359,0.0253835,-0.164075,0.317119,-0.229242,-0.088176,-0.101927,0.0389343,-0.227281,0.241302,0.299532,0.0250421,0.557211,0.0504669,0.0114245,0.0253971,0.055342,-0.245692,-0.0308041,0.652835,-0.0450584,-0.00732581,0.0185282,1.48311,-0.0426539,-0.011878,-3.832,0.872816,-0.257539,1.05801,0.0944498,0.605623,-1.49569,0.296578,0.401192,-0.0172383,-0.315444,0.484435,-0.557853,-0.306796,-0.364133,-0.455126,-0.0216899,0.0206722,-0.0254271,-0.366063,-0.429818,-0.145327,-0.0868694,-0.158467,-0.0590189,0.137612,-4.65475,0.0827254,-0.353117,4.75746,-0.0304428,0.0431349,5.00771,-21.5211,8.19635,-4.5572,6.98254,-3.1745,1.12393,1.73722,2.63132,0.0772689,1.25193,0.365862,-0.753014,0.000198257,-0.167456,0.0373634,1.02061,-0.759786,-0.218334,-0.40375,0.0121556,-0.0723891,-0.0355721,0,0,0,0,0,0,0,0,0,0,0,0,0,0,0,0,0,0,0,0,0,0,0,0,0,0,0,0,0,2.55789,6.3088,2.55789,6.3088,1.81445,1.81445,2.55789,6.3088,2.55789,6.3088,1.81445,1.81445,2.55789,1.81445,1.81445,0.907223,0.907223,0.907223,0.907223,0.907223,1.06814,1.06814,0.907223,0.907223,0.907223,0.907223,0.907223,1.06814,1.06814,40.1792,99.0984,40.1792,99.0984,28.5012,28.5012,40.1792,99.0984,40.1792,99.0984,28.5012,28.5012,40.1792,28.5012,28.5012,14.2506,14.2506,14.2506,14.2506,14.2506,16.7783,16.7783,14.2506,14.2506,14.2506,14.2506,14.2506,16.7783,16.7783,0,0,0,0,0,0,0,0,0,0,0,0,0,0,0,0,0,0,0,0,0,0,0,0,0,0,0,0,0,0,0,0,0,0,0,0,0,0,0,0,0,0,0,0,0,0,0,0,0,0,0,0,0,0,0,0,0,0,0,0,0,0,0,0,0,0,0,0,0,0,0,0,0,0,0,0,0,0,0,0,0,0,0,0,0,0,0,0,0,0,0,0,0,0,0,0,0,0,0,0,0,0,0,0,0,0,0,0,0,0,0,0,0,0,0,0,0,-0.0380223,0.148357,0.0628935,0.0188945,-0.207924,-0.265897,0.425783,-0.280297,0.194698,0.097752,-0.11898,-0.147522,-0.296268,0.0513005,-1.73651,1.04325,0.107276,-0.137614,0.628105,-0.658473,0.050787,-0.1898,0.186284,0.165694,0.326457,0.378305,2.55361,-1.40365,0.793755,0.908866,-0.167223,-0.451766,-1.26282,0.220252,0.101999,1.56445,-0.0148771,-0.0733401,0.259227,-0.230901,0.0907249,0.176793,0.0356082,-0.198134,-0.0807749,0.0853903,-0.116616,0.208287,0.386739,0.0428718,0.470063,0.047049,0.00378367,0.0243213,0.108809,-0.322932,-0.0521818,0.622499,-0.0603544,-0.0141403,0.028184,0.697,0.147813,0.0375956,-0.988301,0.6,0,0,1.03398,0.493824,1.34159
1.23321,0.772423,8.26455,0.202443,-0.155091,-0.351761,-0.0348236,0.145566,0.0560964,1.23321,0.772423,8.26455,0.202443,-0.155091,-0.351761,-0.0348236,0.145566,0.0560964,-1.2538,0.215119,0.0760129,1.48791,-0.0474008,-0.069351,0.308212,-0.269064,0.0806934,0.170178,0.0488241,-0.216551,-0.0817077,0.070235,-0.135986,0.208022,0.387889,0.048587,0.469441,0.0423688,0.00357819,0.0231053,0.0951806,-0.329559,-0.0511368,0.610762,-0.0607846,-0.0151541,0.0306035,0,0,0,0,0,0,0,0,0,0,0,0,0,0,0,0,0,0,0,0,0,0,0,0,0,0,0,0,0,-1.18905,0.220654,0.117052,1.72362,-0.0079582,-0.0731864,0.00540981,0.0262594,-0.151596,0.289613,-0.227529,-0.0812476,-0.101976,0.0334416,-0.220563,0.230184,0.293113,0.0195858,0.548187,0.0496326,0.0119735,0.0242599,0.0496086,-0.253436,-0.033277,0.651744,-0.0490733,-0.00823481,0.0213797,1.81895,-0.0873589,-0.154925,-3.44035,-0.21848,-0.00623448,1.19151,0.0728143,0.511116,-1.21284,0.105667,0.375814,-0.00288783,-0.352699,0.316603,-0.540074,-0.353827,-0.222781,-0.399078,-0.043271,0.0237986,-0.0574011,-0.194083,-0.370479,-0.101901,-0.0129008,-0.192979,-0.0324469,0.133593,-7.48769,0.539831,-0.282021,5.68186,0.164275,0.010091,7.20383,-25.8706,8.43713,-3.5412,7.30014,-3.98153,0.856684,2.07397,2.44465,0.175442,1.64131,0.532806,-0.753838,0.00207594,-0.162843,0.0627038,1.03862,-0.660303,-0.174444,-0.396731,0.0140324,-0.0616959,-0.0275415,0,0,0,0,0,0,0,0,0,0,0,0,0,0,0,0,0,0,0,0,0,0,0,0,0,0,0,0,0,2.55789,6.3088,2.55789,6.3088,1.81445,1.81445,2.55789,6.3088,2.55789,6.3088,1.81445,1.81445,2.55789,1.81445,1.81445,0.907223,0.907223,0.907223,0.907223,0.907223,1.06814,1.06814,0.907223,0.907223,0.907223,0.907223,0.907223,1.06814,1.06814,40.1792,99.0984,40.1792,99.0984,28.5012,28.5012,40.1792,99.0984,40.1792,99.0984,28.5012,28.5012,40.1792,28.5012,28.5012,14.2506,14.2506,14.2506,14.2506,14.2506,16.7783,16.7783,14.2506,14.2506,14.2506,14.2506,14.2506,16.7783,16.7783,0,0,0,0,0,0,0,0,0,0,0,0,0,0,0,0,0,0,0,0,0,0,0,0,0,0,0,0,0,0,0,0,0,0,0,0,0,0,0,0,0,0,0,0,0,0,0,0,0,0,0,0,0,0,0,0,0,0,0,0,0,0,0,0,0,0,0,0,0,0,0,0,0,0,0,0,0,0,0,0,0,0,0,0,0,0,0,0,0,0,0,0,0,0,0,0,0,0,0,0,0,0,0,0,0,0,0,0,0,0,0,0,0,0,0,0,0,-0.0348236,0.145566,0.0560964,0.0182919,-0.238999,-0.310062,0.428405,-0.295407,0.160143,0.110783,-0.116597,-0.149225,-0.297688,0.0245389,-1.72003,1.13271,0.0966052,-0.138595,0.613466,-0.767303,0.0480289,-0.203408,0.138825,0.147373,0.310134,0.41078,2.33532,-1.42252,0.719598,0.939,-0.158127,-0.493758,-1.2538,0.215119,0.0760129,1.48791,-0.0474008,-0.069351,0.308212,-0.269064,0.0806934,0.170178,0.0488241,-0.216551,-0.0817077,0.070235,-0.135986,0.208022,0.387889,0.048587,0.469441,0.0423688,0.00357819,0.0231053,0.0951806,-0.329559,-0.0511368,0.610762,-0.0607846,-0.0151541,0.0306035,0.678,0.145052,0.0344483,-0.988824,0.6,0,0,1.03398,0.493824,1.34159
-1.81054,0.56502,11.5601,0.127338,-0.141419,-0.362088,-0.0326191,0.142497,0.0489424,-1.81054,0.56502,11.5601,0.127338,-0.141419,-0.362088,-0.0326191,0.142497,0.0489424,-1.2636,0.200475,0.0569704,1.44128,-0.142447,-0.0405283,0.393284,-0.312393,0.0550757,0.183764,0.0938989,-0.231849,-0.0844952,0.0532895,-0.151047,0.209883,0.40409,0.0622854,0.460393,0.0370049,0.00454943,0.01901,0.078694,-0.329151,-0.0434262,0.605195,-0.0665439,-0.0143011,0.0335261,0,0,0,0,0,0,0,0,0,0,0,0,0,0,0,0,0,0,0,0,0,0,0,0,0,0,0,0,0,-1.14908,0.215925,0.11521,1.66338,-0.0265976,-0.0739027,0.0324072,0.0249635,-0.140677,0.266192,-0.23085,-0.0749154,-0.10055,0.0291236,-0.216947,0.219568,0.286462,0.0164542,0.540851,0.047838,0.0121725,0.0229447,0.0477654,-0.259563,-0.0348883,0.651253,-0.0524156,-0.00849402,0.0240799,1.91329,-0.276641,0.161602,-1.26528,-2.67727,-0.219294,1.40067,-0.219365,0.573149,-1.09588,-0.348501,0.302192,0.0988094,-0.0670291,0.124976,-0.52113,-0.314438,-0.118199,-0.306227,-0.0930958,0.00263377,-0.0599715,-0.00743699,-0.241194,-0.0676944,0.00735176,-0.146067,-0.010865,0.123261,-9.12239,1.55861,-1.84684,-5.88323,3.14283,0.505896,7.60614,-27.9406,7.26676,-2.59529,8.72792,-4.48529,0.557651,1.27808,2.03425,0.271621,1.71083,0.57185,-0.701634,0.00863018,-0.161839,0.067644,0.69016,-0.77476,-0.1793,-0.564627,0.0134808,-0.106209,-0.024135,0,0,0,0,0,0,0,0,0,0,0,0,0,0,0,0,0,0,0,0,0,0,0,0,0,0,0,0,0,2.55789,6.3088,2.55789,6.3088,1.81445,1.81445,2.55789,6.3088,2.55789,6.3088,1.81445,1.81445,2.55789,1.81445,1.81445,0.907223,0.907223,0.907223,0.907223,0.907223,1.06814,1.06814,0.907223,0.907223,0.907223,0.907223,0.907223,1.06814,1.06814,40.1792,99.0984,40.1792,99.0984,28.5012,28.5012,40.1792,99.0984,40.1792,99.0984,28.5012,28.5012,40.1792,28.5012,28.5012,14.2506,14.2506,14.2506,14.2506,14.2506,16.7783,16.7783,14.2506,14.2506,14.2506,14.2506,14.2506,16.7783,16.7783,0,0,0,0,0,0,0,0,0,0,0,0,0,0,0,0,0,0,0,0,0,0,0,0,0,0,0,0,0,0,0,0,0,0,0,0,0,0,0,0,0,0,0,0,0,0,0,0,0,0,0,0,0,0,0,0,0,0,0,0,0,0,0,0,0,0,0,0,0,0,0,0,0,0,0,0,0,0,0,0,0,0,0,0,0,0,0,0,0,0,0,0,0,0,0,0,0,0,0,0,0,0,0,0,0,0,0,0,0,0,0,0,0,0,0,0,0,-0.0326191,0.142497,0.0489424,0.0225346,-0.27659,-0.344403,0.465345,-0.294477,0.121505,0.142017,-0.0990162,-0.154316,-0.318317,0.0118441,-1.73793,1.28808,0.0843749,-0.151727,0.571706,-0.890868,0.0610655,-0.191959,0.104047,0.100586,0.255165,0.450009,2.20236,-1.38377,0.502882,1.04178,-0.0924086,-0.528639,-1.2636,0.200475,0.0569704,1.44128,-0.142447,-0.0405283,0.393284,-0.312393,0.0550757,0.183764,0.0938989,-0.231849,-0.0844952,0.0532895,-0.151047,0.209883,0.40409,0.0622854,0.460393,0.0370049,0.00454943,0.01901,0.078694,-0.329151,-0.0434262,0.605195,-0.0665439,-0.0143011,0.0335261,0.608,0.142015,0.0322827,-0.989338,0.6,0,0,1.03996,0.912784,1.34449
-2.73852,-1.22931,12.1052,-0.0244204,0.186506,-0.251791,-0.032596,0.143565,0.0426066,-2.73852,-1.22931,12.1052,-0.0244204,0.186506,-0.251791,-0.032596,0.143565,0.0426066,-1.21648,0.184036,0.0520998,1.38621,-0.21881,-0.0219613,0.422181,-0.311917,0.0506709,0.180358,0.163776,-0.220111,-0.0796409,0.0398332,-0.120351,0.229704,0.388958,0.0503512,0.460203,0.027587,0.00383354,0.0168644,0.0566481,-0.335495,-0.040184,0.594192,-0.0633014,-0.0183787,0.0361557,0,0,0,0,0,0,0,0,0,0,0,0,0,0,0,0,0,0,0,0,0,0,0,0,0,0,0,0,0,-1.10997,0.202591,0.127064,1.66316,-0.104194,-0.070459,0.0625279,0.0121465,-0.135384,0.246207,-0.23629,-0.067585,-0.0947184,0.0349835,-0.221665,0.205779,0.281246,0.015964,0.53612,0.0450723,0.0128053,0.0208383,0.0472497,-0.261577,-0.0359612,0.652864,-0.056108,-0.00823456,0.0263494,1.86505,-0.906602,0.863872,0.330536,-4.01202,0.316737,1.41406,-0.935291,0.152602,-0.932082,-0.277001,0.372144,0.362437,0.598945,-0.328514,-0.787168,-0.18788,0.00898111,-0.202223,-0.136731,0.0399548,-0.108341,0.0178496,0.0122265,-0.0198586,0.108702,-0.176626,0.0312635,0.103103,-10.9108,5.19252,-4.90569,-23.9073,6.0885,0.305957,9.66727,-26.6606,7.1459,-0.352306,10.0005,-5.28356,-0.485713,-0.479665,2.58993,0.731197,1.92284,0.655296,-0.888079,0.00924022,-0.181329,0.0851431,0.445834,-0.958405,-0.0823964,-0.772034,0.0115764,-0.132296,0.0109102,0,0,0,0,0,0,0,0,0,0,0,0,0,0,0,0,0,0,0,0,0,0,0,0,0,0,0,0,0,2.55789,6.3088,2.55789,6.3088,1.81445,1.81445,2.55789,6.3088,2.55789,6.3088,1.81445,1.81445,2.55789,1.81445,1.81445,0.907223,0.907223,0.907223,0.907223,0.907223,1.06814,1.06814,0.907223,0.907223,0.907223,0.907223,0.907223,1.06814,1.06814,40.1792,99.0984,40.1792,99.0984,28.5012,28.5012,40.1792,99.0984,40.1792,99.0984,28.5012,28.5012,40.1792,28.5012,28.5012,14.2506,14.2506,14.2506,14.2506,14.2506,16.7783,16.7783,14.2506,14.2506,14.2506,14.2506,14.2506,16.7783,16.7783,0,0,0,0,0,0,0,0,0,0,0,0,0,0,0,0,0,0,0,0,0,0,0,0,0,0,0,0,0,0,0,0,0,0,0,0,0,0,0,0,0,0,0,0,0,0,0,0,0,0,0,0,0,0,0,0,0,0,0,0,0,0,0,0,0,0,0,0,0,0,0,0,0,0,0,0,0,0,0,0,0,0,0,0,0,0,0,0,0,0,0,0,0,0,0,0,0,0,0,0,0,0,0,0,0,0,0,0,0,0,0,0,0,0,0,0,0,-0.032596,0.143565,0.0426066,0.0677272,-0.326857,-0.274412,0.430844,-0.308942,0.0908237,0.114806,-0.0916235,-0.145451,-0.318751,-0.0132434,-1.65188,1.34086,0.062901,-0.144334,0.524826,-0.889509,0.0514563,-0.24669,0.0951514,0.0925417,0.226365,0.485305,2.04531,-1.39349,0.328768,1.2011,-0.0500739,-0.501874,-1.21648,0.184036,0.0520998,1.38621,-0.21881,-0.0219613,0.422181,-0.311917,0.0506709,0.180358,0.163776,-0.220111,-0.0796409,0.0398332,-0.120351,0.229704,0.388958,0.0503512,0.460203,0.027587,0.00383354,0.0168644,0.0566481,-0.335495,-0.040184,0.594192,-0.0633014,-0.0183787,0.0361557,0.672,0.143072,0.032255,-0.989187,0.6,0,0,1.03996,0.912784,1.34449
-2.28853,-0.00668091,11.1792,-0.0905296,0.361839,-0.185387,-0.0347453,0.149382,0.0380955,-2.28853,-0.00668091,11.1792,-0.0905296,0.361839,-0.185387,-0.0347453,0.149382,0.0380955,-1.18351,0.159888,0.0718276,1.39198,-0.308253,0.0034146,0.486315,-0.305041,0.0201362,0.191808,0.271886,-0.209085,-0.0837441,0.0547041,-0.076383,0.24779,0.394996,0.0545265,0.452861,0.0226413,0.00482091,0.0137332,0.0581417,-0.340398,-0.0380304,0.605535,-0.0628521,-0.017915,0.0382827,0,0,0,0,0,0,0,0,0,0,0,0,0,0,0,0,0,0,0,0,0,0,0,0,0,0,0,0,0,-1.07304,0.18057,0.148807,1.66558,-0.180056,-0.0618858,0.0886848,-0.0108755,-0.131333,0.225741,-0.240514,-0.0606335,-0.0867479,0.0523659,-0.228484,0.189615,0.279043,0.0157285,0.531783,0.0406212,0.0133469,0.0188593,0.0482195,-0.259535,-0.0345176,0.655108,-0.0583655,-0.00769076,0.0287687,1.74218,-1.15669,1.18344,-0.0670396,-3.55599,0.41785,1.13045,-1.2384,0.253137,-1.06221,-0.10577,0.350096,0.376412,0.986367,-0.260872,-0.793254,-0.0725893,-0.0319041,-0.229716,-0.221826,0.0119311,-0.0912098,0.0912323,0.149554,0.136566,0.0844428,-0.0874016,0.0263543,0.124799,-10.1813,7.48752,-6.85043,-27.4787,5.26391,0.380332,10.4684,-22.2595,6.54397,2.03406,11.8782,-5.04329,-0.676867,-2.12155,3.57379,1.26862,1.62661,0.519837,-0.812737,0.0159508,-0.178252,0.0634631,0.047801,-1.21222,-0.192926,-0.950468,0.00913146,-0.20831,-0.00638481,0,0,0,0,0,0,0,0,0,0,0,0,0,0,0,0,0,0,0,0,0,0,0,0,0,0,0,0,0,2.55789,6.3088,2.55789,6.3088,1.81445,1.81445,2.55789,6.3088,2.55789,6.3088,1.81445,1.81445,2.55789,1.81445,1.81445,0.907223,0.907223,0.907223,0.907223,0.907223,1.06814,1.06814,0.907223,0.907223,0.907223,0.907223,0.907223,1.06814,1.06814,40.1792,99.0984,40.1792,99.0984,28.5012,28.5012,40.1792,99.0984,40.1792,99.0984,28.5012,28.5012,40.1792,28.5012,28.5012,14.2506,14.2506,14.2506,14.2506,14.2506,16.7783,16.7783,14.2506,14.2506,14.2506,14.2506,14.2506,16.7783,16.7783,0,0,0,0,0,0,0,0,0,0,0,0,0,0,0,0,0,0,0,0,0,0,0,0,0,0,0,0,0,0,0,0,0,0,0,0,0,0,0,0,0,0,0,0,0,0,0,0,0,0,0,0,0,0,0,0,0,0,0,0,0,0,0,0,0,0,0,0,0,0,0,0,0,0,0,0,0,0,0,0,0,0,0,0,0,0,0,0,0,0,0,0,0,0,0,0,0,0,0,0,0,0,0,0,0,0,0,0,0,0,0,0,0,0,0,0,0,-0.0347453,0.149382,0.0380955,0.108966,-0.323451,-0.174161,0.444609,-0.320122,0.124731,0.124326,-0.0867132,-0.152944,-0.335492,0.0126204,-1.59167,1.45799,0.0516244,-0.143309,0.455962,-0.869903,0.0647095,-0.240468,0.131181,0.0367753,0.184336,0.513855,2.06177,-1.36083,0.124828,1.4476,0.00778562,-0.476734,-1.18351,0.159888,0.0718276,1.39198,-0.308253,0.0034146,0.486315,-0.305041,0.0201362,0.191808,0.271886,-0.209085,-0.0837441,0.0547041,-0.076383,0.24779,0.394996,0.0545265,0.452861,0.0226413,0.00482091,0.0137332,0.0581417,-0.340398,-0.0380304,0.605535,-0.0628521,-0.017915,0.0382827,0.601,0.148827,0.0343514,-0.988266,0.6,0,0,1.04407,0.92255,1.35017
-2.56873,1.7998,10.298,-0.073366,0.385559,-0.150028,-0.037078,0.156998,0.0343647,-2.56873,1.7998,10.298,-0.073366,0.385559,-0.150028,-0.037078,0.156998,0.0343647,-1.13925,0.135318,0.0953846,1.40208,-0.374205,0.0212115,0.526885,-0.297825,-0.0228045,0.20252,0.382272,-0.189136,-0.0893622,0.0883128,-0.0454532,0.262003,0.397338,0.0583966,0.450303,0.0203649,0.00582439,0.0111235,0.0587664,-0.326115,-0.0265683,0.600759,-0.0611912,-0.0186911,0.0402957,0,0,0,0,0,0,0,0,0,0,0,0,0,0,0,0,0,0,0,0,0,0,0,0,0,0,0,0,0,-1.03879,0.155713,0.173361,1.65996,-0.250317,-0.0499193,0.110151,-0.0356914,-0.123725,0.201819,-0.242342,-0.0546989,-0.0787273,0.0728288,-0.23215,0.175721,0.278175,0.0151542,0.524907,0.0357725,0.0138002,0.0165188,0.0504399,-0.256333,-0.0303082,0.65735,-0.0597228,-0.00745657,0.0315624,1.61559,-1.25124,1.21281,-0.410021,-3.47421,0.606282,0.953563,-1.1989,0.508155,-1.25076,-0.0416788,0.26684,0.386201,0.996903,-0.0605576,-0.611543,-0.0270382,-0.0373913,-0.403438,-0.223901,0.00211994,-0.116007,0.14918,0.157771,0.242779,0.108998,-0.0579301,0.0121145,0.139146,-9.89992,8.22109,-7.25704,-24.0968,4.48689,0.435681,12.6706,-19.0655,4.24954,6.67972,15.1256,-4.62451,-1.1651,-2.42485,4.55275,1.56126,1.66994,0.595513,-0.651861,0.0178789,-0.169794,0.0769746,-0.0187284,-1.34998,-0.32743,-0.836261,0.00804388,-0.191357,-0.0342573,0,0,0,0,0,0,0,0,0,0,0,0,0,0,0,0,0,0,0,0,0,0,0,0,0,0,0,0,0,2.55789,6.3088,2.55789,6.3088,1.81445,1.81445,2.55789,6.3088,2.55789,6.3088,1.81445,1.81445,2.55789,1.81445,1.81445,0.907223,0.907223,0.907223,0.907223,0.907223,1.06814,1.06814,0.907223,0.907223,0.907223,0.907223,0.907223,1.06814,1.06814,40.1792,99.0984,40.1792,99.0984,28.5012,28.5012,40.1792,99.0984,40.1792,99.0984,28.5012,28.5012,40.1792,28.5012,28.5012,14.2506,14.2506,14.2506,14.2506,14.2506,16.7783,16.7783,14.2506,14.2506,14.2506,14.2506,14.2506,16.7783,16.7783,0,0,0,0,0,0,0,0,0,0,0,0,0,0,0,0,0,0,0,0,0,0,0,0,0,0,0,0,0,0,0,0,0,0,0,0,0,0,0,0,0,0,0,0,0,0,0,0,0,0,0,0,0,0,0,0,0,0,0,0,0,0,0,0,0,0,0,0,0,0,0,0,0,0,0,0,0,0,0,0,0,0,0,0,0,0,0,0,0,0,0,0,0,0,0,0,0,0,0,0,0,0,0,0,0,0,0,0,0,0,0,0,0,0,0,0,0,-0.037078,0.156998,0.0343647,0.141373,-0.322027,-0.103638,0.449951,-0.287555,0.201362,0.13315,-0.0605783,-0.163205,-0.341324,0.00173024,-1.51082,1.53208,0.0464339,-0.139522,0.385892,-0.849325,0.0781788,-0.250884,0.174204,-0.0416485,0.149308,0.540876,2.09057,-1.33029,-0.0255479,1.69929,0.0483643,-0.431249,-1.13925,0.135318,0.0953846,1.40208,-0.374205,0.0212115,0.526885,-0.297825,-0.0228045,0.20252,0.382272,-0.189136,-0.0893622,0.0883128,-0.0454532,0.262003,0.397338,0.0583966,0.450303,0.0203649,0.00582439,0.0111235,0.0587664,-0.326115,-0.0265683,0.600759,-0.0611912,-0.0186911,0.0402957,0.658,0.156354,0.0366136,-0.987022,0.6,0,0,1.04407,0.92255,1.35017
-1.10037,0.106632,7.69108,-0.0424208,0.365061,-0.118867,-0.0385704,0.164781,0.0313628,-1.10037,0.106632,7.69108,-0.0424208,0.365061,-0.118867,-0.0385704,0.164781,0.0313628,-1.10126,0.116522,0.128385,1.39423,-0.427526,0.0344362,0.559877,-0.285601,-0.0680551,0.225953,0.466114,-0.171537,-0.0958718,0.108497,-0.025098,0.271519,0.392221,0.0594106,0.452972,0.0211949,0.00725149,0.00798899,0.0567974,-0.303604,-0.0117187,0.593551,-0.0611478,-0.0197717,0.0413154,0,0,0,0,0,0,0,0,0,0,0,0,0,0,0,0,0,0,0,0,0,0,0,0,0,0,0,0,0,-1.00629,0.130396,0.196021,1.64914,-0.321657,-0.035428,0.128921,-0.0586245,-0.117588,0.176421,-0.241264,-0.0468297,-0.0706246,0.0904752,-0.232928,0.165342,0.277634,0.0148362,0.515523,0.0315032,0.013737,0.0139445,0.053773,-0.253444,-0.0245611,0.658964,-0.0603253,-0.00709126,0.0342721,1.54665,-1.23908,1.1157,-0.616341,-3.60765,0.708359,0.853697,-1.11778,0.331993,-1.2589,-0.187933,0.339689,0.375441,0.85321,0.0800765,-0.417775,0.00241044,-0.0146666,-0.520542,-0.191114,-0.0212388,-0.121679,0.207756,0.14918,0.309033,0.0416167,-0.0217034,0.01782,0.130118,-9.25563,8.17286,-6.84175,-20.7581,4.84827,0.338298,13.7973,-16.7667,3.00913,10.3301,18.0496,-4.66876,-1.71222,-1.59505,5.25803,1.76179,1.70721,0.633363,-0.47456,0.0149764,-0.116994,0.0825307,-0.103385,-1.16734,-0.300847,-0.874403,0.00725775,-0.214957,-0.0359212,0,0,0,0,0,0,0,0,0,0,0,0,0,0,0,0,0,0,0,0,0,0,0,0,0,0,0,0,0,2.55789,6.3088,2.55789,6.3088,1.81445,1.81445,2.55789,6.3088,2.55789,6.3088,1.81445,1.81445,2.55789,1.81445,1.81445,0.907223,0.907223,0.907223,0.907223,0.907223,1.06814,1.06814,0.907223,0.907223,0.907223,0.907223,0.907223,1.06814,1.06814,40.1792,99.0984,40.1792,99.0984,28.5012,28.5012,40.1792,99.0984,40.1792,99.0984,28.5012,28.5012,40.1792,28.5012,28.5012,14.2506,14.2506,14.2506,14.2506,14.2506,16.7783,16.7783,14.2506,14.2506,14.2506,14.2506,14.2506,16.7783,16.7783,0,0,0,0,0,0,0,0,0,0,0,0,0,0,0,0,0,0,0,0,0,0,0,0,0,0,0,0,0,0,0,0,0,0,0,0,0,0,0,0,0,0,0,0,0,0,0,0,0,0,0,0,0,0,0,0,0,0,0,0,0,0,0,0,0,0,0,0,0,0,0,0,0,0,0,0,0,0,0,0,0,0,0,0,0,0,0,0,0,0,0,0,0,0,0,0,0,0,0,0,0,0,0,0,0,0,0,0,0,0,0,0,0,0,0,0,0,-0.0385704,0.164781,0.0313628,0.163072,-0.326516,-0.0572259,0.438282,-0.236228,0.247384,0.135462,-0.0267197,-0.175093,-0.335238,-0.0147053,-1.44145,1.59233,0.0483264,-0.139423,0.332293,-0.814462,0.0973343,-0.265389,0.234473,-0.124291,0.107234,0.554563,2.06818,-1.26346,-0.147126,1.89046,0.078518,-0.391122,-1.10126,0.116522,0.128385,1.39423,-0.427526,0.0344362,0.559877,-0.285601,-0.0680551,0.225953,0.466114,-0.171537,-0.0958718,0.108497,-0.025098,0.271519,0.392221,0.0594106,0.452972,0.0211949,0.00725149,0.00798899,0.0567974,-0.303604,-0.0117187,0.593551,-0.0611478,-0.0197717,0.0413154,0.683,0.164036,0.0380385,-0.985721,0.6,0,0,1.04064,0.913933,1.33815
-1.63179,0.205057,7.87033,0.000910124,0.37706,-0.0840926,-0.0392061,0.172435,0.029033,-1.63179,0.205057,7.87033,0.000910124,0.37706,-0.0840926,-0.0392061,0.172435,0.029033,-1.04009,0.0928403,0.151934,1.38259,-0.486146,0.0509164,0.594032,-0.318058,-0.106784,0.217701,0.5236,-0.160705,-0.101239,0.129313,-0.0184584,0.28004,0.396888,0.0701914,0.446597,0.0238249,0.0083581,0.0049332,0.0494036,-0.273462,0.011122,0.576378,-0.060832,-0.0190284,0.0425059,0,0,0,0,0,0,0,0,0,0,0,0,0,0,0,0,0,0,0,0,0,0,0,0,0,0,0,0,0,-0.974595,0.10699,0.215921,1.63504,-0.396169,-0.019226,0.145133,-0.0790052,-0.117063,0.15366,-0.24004,-0.0353971,-0.0632434,0.103664,-0.232234,0.157818,0.277314,0.0152188,0.505795,0.0285101,0.0131385,0.0112789,0.057646,-0.250629,-0.0179262,0.658953,-0.0606781,-0.00682892,0.0364648,1.55059,-1.09589,0.913175,-0.767114,-3.76497,0.808449,0.719059,-0.891394,-0.00853323,-0.999023,-0.0654773,0.398052,0.352785,0.538398,0.071638,-0.321053,-0.00906066,0.0261444,-0.460233,-0.125918,-0.0317816,-0.123852,0.197264,0.153364,0.33793,-0.0246563,-0.0160661,0.00771692,0.10005,-8.98685,7.76874,-5.83128,-19.2213,5.73202,0.0799142,14.8164,-14.8362,1.99331,13.4353,20.1849,-4.64621,-2.19805,-0.857585,5.81025,1.91461,1.64743,0.606082,-0.340854,0.0103404,-0.0671136,0.0772079,-0.182686,-0.886733,-0.210635,-0.914306,0.00775083,-0.22692,-0.0240075,0,0,0,0,0,0,0,0,0,0,0,0,0,0,0,0,0,0,0,0,0,0,0,0,0,0,0,0,0,2.55789,6.3088,2.55789,6.3088,1.81445,1.81445,2.55789,6.3088,2.55789,6.3088,1.81445,1.81445,2.55789,1.81445,1.81445,0.907223,0.907223,0.907223,0.907223,0.907223,1.06814,1.06814,0.907223,0.907223,0.907223,0.907223,0.907223,1.06814,1.06814,40.1792,99.0984,40.1792,99.0984,28.5012,28.5012,40.1792,99.0984,40.1792,99.0984,28.5012,28.5012,40.1792,28.5012,28.5012,14.2506,14.2506,14.2506,14.2506,14.2506,16.7783,16.7783,14.2506,14.2506,14.2506,14.2506,14.2506,16.7783,16.7783,0,0,0,0,0,0,0,0,0,0,0,0,0,0,0,0,0,0,0,0,0,0,0,0,0,0,0,0,0,0,0,0,0,0,0,0,0,0,0,0,0,0,0,0,0,0,0,0,0,0,0,0,0,0,0,0,0,0,0,0,0,0,0,0,0,0,0,0,0,0,0,0,0,0,0,0,0,0,0,0,0,0,0,0,0,0,0,0,0,0,0,0,0,0,0,0,0,0,0,0,0,0,0,0,0,0,0,0,0,0,0,0,0,0,0,0,0,-0.0392061,0.172435,0.029033,0.182499,-0.343375,-0.042087,0.448924,-0.167501,0.294847,0.160043,0.0253593,-0.184895,-0.349774,-0.0538597,-1.32974,1.65471,0.0543232,-0.138703,0.264758,-0.907022,0.112188,-0.255412,0.277482,-0.195023,0.0662167,0.570542,2.03498,-1.28699,-0.280786,2.20409,0.116095,-0.366424,-1.04009,0.0928403,0.151934,1.38259,-0.486146,0.0509164,0.594032,-0.318058,-0.106784,0.217701,0.5236,-0.160705,-0.101239,0.129313,-0.0184584,0.28004,0.396888,0.0701914,0.446597,0.0238249,0.0083581,0.0049332,0.0494036,-0.273462,0.011122,0.576378,-0.060832,-0.0190284,0.0425059,0.614,0.171582,0.0386148,-0.984413,0.6,0,0,1.03401,0.900406,1.31436
-1.23749,0.175859,8.23006,-0.0177311,0.38267,-0.0505909,-0.0398201,0.180503,0.027258,-1.23749,0.175859,8.23006,-0.0177311,0.38267,-0.0505909,-0.0398201,0.180503,0.027258,-0.993611,0.0696802,0.161602,1.34561,-0.538703,0.0552117,0.594569,-0.325278,-0.139788,0.22682,0.5236,-0.146892,-0.100112,0.139958,-0.0226128,0.286441,0.391813,0.0734792,0.449967,0.0234914,0.00855824,0.0030031,0.0395821,-0.271158,0.0179271,0.566037,-0.0577349,-0.0193871,0.0430291,0,0,0,0,0,0,0,0,0,0,0,0,0,0,0,0,0,0,0,0,0,0,0,0,0,0,0,0,0,-0.938843,0.0838904,0.234762,1.61612,-0.473957,-0.00170705,0.163436,-0.0975909,-0.122093,0.133239,-0.242641,-0.0257303,-0.0556691,0.114844,-0.234367,0.152415,0.277606,0.0172749,0.496438,0.0270162,0.0128212,0.00839844,0.0609835,-0.246518,-0.00982856,0.65697,-0.0608678,-0.00597981,0.0380271,1.82863,-1.12905,0.92377,-1.02821,-3.93754,0.830201,0.92144,-0.898725,-0.350005,-0.98112,-0.153271,0.475854,0.360111,0.522812,-0.100537,-0.212268,0.0264362,0.12942,-0.427834,-0.0552429,-0.0152619,-0.132877,0.178674,0.245055,0.436514,-0.137968,-0.00846305,0.0415334,0.0748298,-8.6499,7.90775,-5.65159,-16.8855,6.58035,0.00143648,14.9568,-16.2283,1.47384,14.4871,22.1051,-4.70707,-2.74696,-0.543493,6.37373,2.01885,1.67733,0.640476,-0.321342,0.0048975,-0.0594016,0.0847473,-0.315931,-0.59291,-0.0841803,-1.03138,0.00795977,-0.265658,-0.00208064,0,0,0,0,0,0,0,0,0,0,0,0,0,0,0,0,0,0,0,0,0,0,0,0,0,0,0,0,0,2.55789,6.3088,2.55789,6.3088,1.81445,1.81445,2.55789,6.3088,2.55789,6.3088,1.81445,1.81445,2.55789,1.81445,1.81445,0.907223,0.907223,0.907223,0.907223,0.907223,1.06814,1.06814,0.907223,0.907223,0.907223,0.907223,0.907223,1.06814,1.06814,40.1792,99.0984,40.1792,99.0984,28.5012,28.5012,40.1792,99.0984,40.1792,99.0984,28.5012,28.5012,40.1792,28.5012,28.5012,14.2506,14.2506,14.2506,14.2506,14.2506,16.7783,16.7783,14.2506,14.2506,14.2506,14.2506,14.2506,16.7783,16.7783,0,0,0,0,0,0,0,0,0,0,0,0,0,0,0,0,0,0,0,0,0,0,0,0,0,0,0,0,0,0,0,0,0,0,0,0,0,0,0,0,0,0,0,0,0,0,0,0,0,0,0,0,0,0,0,0,0,0,0,0,0,0,0,0,0,0,0,0,0,0,0,0,0,0,0,0,0,0,0,0,0,0,0,0,0,0,0,0,0,0,0,0,0,0,0,0,0,0,0,0,0,0,0,0,0,0,0,0,0,0,0,0,0,0,0,0,0,-0.0398201,0.180503,0.027258,0.197093,-0.365769,-0.0515593,0.437352,-0.162246,0.319117,0.16754,0.0408756,-0.182837,-0.342089,-0.0774396,-1.24485,1.65569,0.0535628,-0.131641,0.198711,-0.927614,0.114874,-0.260226,0.295139,-0.2553,0.0403096,0.577565,1.92953,-1.26099,-0.400621,2.42869,0.125888,-0.334929,-0.993611,0.0696802,0.161602,1.34561,-0.538703,0.0552117,0.594569,-0.325278,-0.139788,0.22682,0.5236,-0.146892,-0.100112,0.139958,-0.0226128,0.286441,0.391813,0.0734792,0.449967,0.0234914,0.00855824,0.0030031,0.0395821,-0.271158,0.0179271,0.566037,-0.0577349,-0.0193871,0.0430291,0.591,0.179524,0.0391628,-0.982974,0.6,0,0,1.03401,0.900406,1.31436
-1.41878,0.46034,8.32071,-0.0133808,0.347322,-0.0068188,-0.0404075,0.187978,0.0263303,-1.41878,0.46034,8.32071,-0.0133808,0.347322,-0.0068188,-0.0404075,0.187978,0.0263303,-0.880462,0.0442689,0.171678,1.30021,-0.583183,0.0591219,0.589387,-0.352227,-0.182302,0.207868,0.5236,-0.124259,-0.102544,0.17839,-0.0135691,0.289017,0.404605,0.0908358,0.44606,0.0244894,0.00923016,0.00162779,0.0356581,-0.264092,0.0332731,0.551213,-0.0553846,-0.0190044,0.0432095,0,0,0,0,0,0,0,0,0,0,0,0,0,0,0,0,0,0,0,0,0,0,0,0,0,0,0,0,0,-0.900202,0.0602383,0.252627,1.59205,-0.555362,0.0134509,0.181311,-0.115893,-0.13229,0.116882,-0.246814,-0.0151901,-0.048509,0.125099,-0.237008,0.149284,0.278221,0.0207132,0.489343,0.0260273,0.0123993,0.00581047,0.0641879,-0.24071,-0.000554034,0.653437,-0.0603163,-0.00515675,0.0394478,1.91274,-1.16613,0.830718,-1.28629,-4.12112,0.683261,0.799067,-0.862656,-0.57361,-0.677375,-0.231723,0.511977,0.33949,0.444642,-0.0791623,-0.102865,0.025675,0.179699,-0.281005,-0.0435591,-0.0177002,-0.11367,0.163009,0.316416,0.466635,-0.198559,0.0333844,0.0301716,0.070554,-8.55423,8.16467,-5.76751,-16.5859,7.72663,-0.0430061,14.5471,-15.324,1.11918,15.2138,22.3639,-4.67585,-2.93201,-0.405982,6.29177,2.05704,1.59401,0.591694,-0.299154,0.00342152,-0.043908,0.0753268,-0.4912,-0.708533,-0.14969,-1.07341,0.00655334,-0.273838,-0.0131843,0,0,0,0,0,0,0,0,0,0,0,0,0,0,0,0,0,0,0,0,0,0,0,0,0,0,0,0,0,2.55789,6.3088,2.55789,6.3088,1.81445,1.81445,2.55789,6.3088,2.55789,6.3088,1.81445,1.81445,2.55789,1.81445,1.81445,0.907223,0.907223,0.907223,0.907223,0.907223,1.06814,1.06814,0.907223,0.907223,0.907223,0.907223,0.907223,1.06814,1.06814,40.1792,99.0984,40.1792,99.0984,28.5012,28.5012,40.1792,99.0984,40.1792,99.0984,28.5012,28.5012,40.1792,28.5012,28.5012,14.2506,14.2506,14.2506,14.2506,14.2506,16.7783,16.7783,14.2506,14.2506,14.2506,14.2506,14.2506,16.7783,16.7783,0,0,0,0,0,0,0,0,0,0,0,0,0,0,0,0,0,0,0,0,0,0,0,0,0,0,0,0,0,0,0,0,0,0,0,0,0,0,0,0,0,0,0,0,0,0,0,0,0,0,0,0,0,0,0,0,0,0,0,0,0,0,0,0,0,0,0,0,0,0,0,0,0,0,0,0,0,0,0,0,0,0,0,0,0,0,0,0,0,0,0,0,0,0,0,0,0,0,0,0,0,0,0,0,0,0,0,0,0,0,0,0,0,0,0,0,0,-0.0404075,0.187978,0.0263303,0.202967,-0.374716,-0.0309388,0.466519,-0.146135,0.406746,0.207115,0.075866,-0.187279,-0.350999,-0.111239,-1.0382,1.64623,0.0558384,-0.126282,0.126244,-1.00446,0.123893,-0.255089,0.31354,-0.332943,0.0218493,0.579986,1.80005,-1.31504,-0.502039,2.85836,0.134804,-0.283323,-0.880462,0.0442689,0.171678,1.30021,-0.583183,0.0591219,0.589387,-0.352227,-0.182302,0.207868,0.5236,-0.124259,-0.102544,0.17839,-0.0135691,0.289017,0.404605,0.0908358,0.44606,0.0244894,0.00923016,0.00162779,0.0356581,-0.264092,0.0332731,0.551213,-0.0553846,-0.0190044,0.0432095,0.574,0.186873,0.0396849,-0.981582,0.6,0,0,1.02149,0.887847,1.2842
-1.29,-0.252785,8.87868,-0.0854824,0.331596,0.0209712,-0.0416262,0.19528,0.0260535,-1.29,-0.252785,8.87868,-0.0854824,0.331596,0.0209712,-0.0416262,0.19528,0.0260535,-0.762858,0.00485567,0.170926,1.22225,-0.61964,0.0596201,0.564788,-0.36538,-0.206143,0.222181,0.5236,-0.080221,-0.103145,0.182901,-0.00260998,0.296038,0.407254,0.0983088,0.452236,0.0227544,0.0100193,0.000361392,0.0403002,-0.278707,0.0387273,0.543774,-0.0510277,-0.0185684,0.0419986,0,0,0,0,0,0,0,0,0,0,0,0,0,0,0,0,0,0,0,0,0,0,0,0,0,0,0,0,0,-0.856739,0.0351886,0.272221,1.56261,-0.64148,0.0359097,0.201334,-0.135895,-0.148018,0.103374,-0.252066,-0.00115973,-0.0418935,0.13677,-0.242331,0.148215,0.279453,0.0261688,0.484221,0.0255327,0.012439,0.00340606,0.0662415,-0.233039,0.010236,0.648985,-0.0592069,-0.00415768,0.0405293,2.16954,-1.23111,1.05255,-1.45879,-4.38668,1.4673,1.02141,-1.01737,-0.847049,-0.633978,-0.286264,0.689421,0.299284,0.623479,-0.263706,0.00125984,0.087334,0.305826,-0.196093,-0.0181074,0.00925884,-0.104724,0.0971873,0.432546,0.570626,-0.231826,0.0541656,0.0465554,0.055887,-6.41931,8.53434,-6.66387,-16.9385,9.387,-1.91665,13.0092,-15.1281,0.735437,14.3344,22.606,-4.76042,-3.20403,0.0752812,7.02693,2.01778,1.71005,0.652394,-0.355453,0.00161852,-0.0616904,0.0838735,-0.517148,-0.814832,-0.173431,-1.18976,0.00512269,-0.300888,-0.0115813,0,0,0,0,0,0,0,0,0,0,0,0,0,0,0,0,0,0,0,0,0,0,0,0,0,0,0,0,0,2.55789,6.3088,2.55789,6.3088,1.81445,1.81445,2.55789,6.3088,2.55789,6.3088,1.81445,1.81445,2.55789,1.81445,1.81445,0.907223,0.907223,0.907223,0.907223,0.907223,1.06814,1.06814,0.907223,0.907223,0.907223,0.907223,0.907223,1.06814,1.06814,40.1792,99.0984,40.1792,99.0984,28.5012,28.5012,40.1792,99.0984,40.1792,99.0984,28.5012,28.5012,40.1792,28.5012,28.5012,14.2506,14.2506,14.2506,14.2506,14.2506,16.7783,16.7783,14.2506,14.2506,14.2506,14.2506,14.2506,16.7783,16.7783,0,0,0,0,0,0,0,0,0,0,0,0,0,0,0,0,0,0,0,0,0,0,0,0,0,0,0,0,0,0,0,0,0,0,0,0,0,0,0,0,0,0,0,0,0,0,0,0,0,0,0,0,0,0,0,0,0,0,0,0,0,0,0,0,0,0,0,0,0,0,0,0,0,0,0,0,0,0,0,0,0,0,0,0,0,0,0,0,0,0,0,0,0,0,0,0,0,0,0,0,0,0,0,0,0,0,0,0,0,0,0,0,0,0,0,0,0,-0.0416262,0.19528,0.0260535,0.218975,-0.364131,-0.00595101,0.472561,-0.179459,0.417033,0.224154,0.0883022,-0.188377,-0.336916,-0.128201,-0.823416,1.6013,0.0518822,-0.116348,0.0138472,-1.04197,0.134485,-0.249237,0.312168,-0.376484,0.00485084,0.563734,1.57775,-1.27422,-0.585164,3.29204,0.13594,-0.182912,-0.762858,0.00485567,0.170926,1.22225,-0.61964,0.0596201,0.564788,-0.36538,-0.206143,0.222181,0.5236,-0.080221,-0.103145,0.182901,-0.00260998,0.296038,0.407254,0.0983088,0.452236,0.0227544,0.0100193,0.000361392,0.0403002,-0.278707,0.0387273,0.543774,-0.0510277,-0.0185684,0.0419986,0.592,0.194041,0.0408233,-0.980144,0.6,0,0,1.02149,0.887847,1.2842
-2.19529,-0.521786,10.6818,-0.14637,0.348887,0.0699341,-0.0444904,0.203988,0.0269011,-2.19529,-0.521786,10.6818,-0.14637,0.348887,0.0699341,-0.0444904,0.203988,0.0269011,-0.577489,-0.0583303,0.160938,1.12,-0.667276,0.0443074,0.473689,-0.326711,-0.246125,0.225848,0.5236,-0.0220118,-0.102836,0.204418,0.0234533,0.294749,0.412696,0.101287,0.457859,0.0176036,0.00838475,0.00148338,0.0507984,-0.280005,0.0525223,0.542904,-0.0428561,-0.0198411,0.0379765,0,0,0,0,0,0,0,0,0,0,0,0,0,0,0,0,0,0,0,0,0,0,0,0,0,0,0,0,0,-0.810603,0.00408479,0.299376,1.53794,-0.708313,0.0775812,0.229957,-0.166122,-0.169454,0.093628,-0.260847,0.0198539,-0.0366086,0.156826,-0.255566,0.147994,0.282512,0.0347494,0.482873,0.024702,0.0128367,0.00111929,0.0665789,-0.221356,0.0250058,0.643406,-0.0569388,-0.00302967,0.0414534,1.50867,-1.22394,1.13066,-0.436397,-0.839554,1.57158,1.30269,-1.38727,-0.802728,-0.23496,-0.3787,0.784087,0.121772,0.957719,-0.729699,0.00468365,0.149109,0.367844,0.0821684,-0.0334162,0.0337119,-0.0741342,-0.0456267,0.53148,0.615916,-0.194568,0.088204,0.0378012,0.0416329,-1.91715,7.66329,-7.96928,-28.2594,4.34485,-3.41957,10.233,-11.3319,0.586779,14.3326,23.0384,-4.30181,-3.0279,-0.918995,8.4821,2.11544,1.64825,0.579893,-0.484665,0.00267363,-0.07741,0.0682468,-0.33923,-1.27654,-0.349461,-1.23718,0.00378309,-0.300908,-0.0326556,0,0,0,0,0,0,0,0,0,0,0,0,0,0,0,0,0,0,0,0,0,0,0,0,0,0,0,0,0,2.55789,6.3088,2.55789,6.3088,1.81445,1.81445,2.55789,6.3088,2.55789,6.3088,1.81445,1.81445,2.55789,1.81445,1.81445,0.907223,0.907223,0.907223,0.907223,0.907223,1.06814,1.06814,0.907223,0.907223,0.907223,0.907223,0.907223,1.06814,1.06814,40.1792,99.0984,40.1792,99.0984,28.5012,28.5012,40.1792,99.0984,40.1792,99.0984,28.5012,28.5012,40.1792,28.5012,28.5012,14.2506,14.2506,14.2506,14.2506,14.2506,16.7783,16.7783,14.2506,14.2506,14.2506,14.2506,14.2506,16.7783,16.7783,0,0,0,0,0,0,0,0,0,0,0,0,0,0,0,0,0,0,0,0,0,0,0,0,0,0,0,0,0,0,0,0,0,0,0,0,0,0,0,0,0,0,0,0,0,0,0,0,0,0,0,0,0,0,0,0,0,0,0,0,0,0,0,0,0,0,0,0,0,0,0,0,0,0,0,0,0,0,0,0,0,0,0,0,0,0,0,0,0,0,0,0,0,0,0,0,0,0,0,0,0,0,0,0,0,0,0,0,0,0,0,0,0,0,0,0,0,-0.0444904,0.203988,0.0269011,0.216036,-0.340194,0.0534758,0.484969,-0.18242,0.466094,0.230944,0.119756,-0.187812,-0.324095,-0.130184,-0.48487,1.43493,0.040138,-0.0977161,-0.166344,-0.9317,0.112546,-0.26632,0.293927,-0.449505,0.0199109,0.509745,1.28615,-1.26376,-0.693779,3.70706,0.101025,-0.0501892,-0.577489,-0.0583303,0.160938,1.12,-0.667276,0.0443074,0.473689,-0.326711,-0.246125,0.225848,0.5236,-0.0220118,-0.102836,0.204418,0.0234533,0.294749,0.412696,0.101287,0.457859,0.0176036,0.00838475,0.00148338,0.0507984,-0.280005,0.0525223,0.542904,-0.0428561,-0.0198411,0.0379765,0.585,0.201175,0.0430395,-0.978609,0.6,0,0,1.00147,0.874203,1.25308
-0.970393,-0.363614,12.2899,-0.189403,0.243779,0.0777486,-0.0471297,0.209033,0.027828,-0.970393,-0.363614,12.2899,-0.189403,0.243779,0.0777486,-0.0471297,0.209033,0.027828,-0.339659,-0.135519,0.141102,1.00013,-0.731654,0.0120821,0.334703,-0.236368,-0.288846,0.266684,0.5236,0.0623898,-0.104655,0.233494,0.0481544,0.290436,0.439667,0.113057,0.477433,0.013126,0.00526169,0.0043849,0.0681923,-0.280075,0.0612425,0.536712,-0.0322621,-0.0216713,0.0348462,0,0,0,0,0,0,0,0,0,0,0,0,0,0,0,0,0,0,0,0,0,0,0,0,0,0,0,0,0,-0.783761,-0.0181502,0.318048,1.53006,-0.714585,0.0979685,0.253415,-0.191585,-0.183428,0.0921106,-0.265599,0.0330058,-0.0351212,0.17521,-0.269905,0.148322,0.285318,0.0406044,0.486792,0.0233575,0.0133229,0.000336038,0.0649334,-0.212145,0.0359109,0.641868,-0.054287,-0.00253931,0.0412669,1.77993,-1.48308,1.16243,-0.572791,-0.230735,1.07914,1.50258,-1.66993,-0.866798,0.0173212,-0.209272,0.683123,0.0696552,1.23137,-0.908785,0.0564233,0.178828,0.351005,0.373667,-0.0948064,0.0460814,-0.0366274,-0.105036,0.602387,0.713723,-0.0356644,0.179444,0.0354404,-0.0208969,3.9022,5.03162,-9.22212,-37.2533,1.78282,-3.51441,5.09104,-3.17188,-0.327743,13.3279,22.919,-2.8948,-2.91552,-1.3301,10.0088,2.05344,1.65448,0.549437,-0.711235,0.0034171,-0.121651,0.0592764,-0.100139,-1.49207,-0.388859,-1.36855,0.000883001,-0.324199,-0.0299072,0,0,0,0,0,0,0,0,0,0,0,0,0,0,0,0,0,0,0,0,0,0,0,0,0,0,0,0,0,2.55789,6.3088,2.55789,6.3088,1.81445,1.81445,2.55789,6.3088,2.55789,6.3088,1.81445,1.81445,2.55789,1.81445,1.81445,0.907223,0.907223,0.907223,0.907223,0.907223,1.06814,1.06814,0.907223,0.907223,0.907223,0.907223,0.907223,1.06814,1.06814,40.1792,99.0984,40.1792,99.0984,28.5012,28.5012,40.1792,99.0984,40.1792,99.0984,28.5012,28.5012,40.1792,28.5012,28.5012,14.2506,14.2506,14.2506,14.2506,14.2506,16.7783,16.7783,14.2506,14.2506,14.2506,14.2506,14.2506,16.7783,16.7783,0,0,0,0,0,0,0,0,0,0,0,0,0,0,0,0,0,0,0,0,0,0,0,0,0,0,0,0,0,0,0,0,0,0,0,0,0,0,0,0,0,0,0,0,0,0,0,0,0,0,0,0,0,0,0,0,0,0,0,0,0,0,0,0,0,0,0,0,0,0,0,0,0,0,0,0,0,0,0,0,0,0,0,0,0,0,0,0,0,0,0,0,0,0,0,0,0,0,0,0,0,0,0,0,0,0,0,0,0,0,0,0,0,0,0,0,0,-0.0471297,0.209033,0.027828,0.206204,-0.300535,0.109797,0.546464,-0.182578,0.532389,0.257782,0.139639,-0.191134,-0.279466,-0.144303,-0.0505137,1.18109,0.0299287,-0.0735607,-0.386467,-0.674063,0.0706258,-0.290886,0.257699,-0.527528,0.0588571,0.467728,0.944301,-1.14731,-0.840568,4.16836,0.0275483,0.142255,-0.339659,-0.135519,0.141102,1.00013,-0.731654,0.0120821,0.334703,-0.236368,-0.288846,0.266684,0.5236,0.0623898,-0.104655,0.233494,0.0481544,0.290436,0.439667,0.113057,0.477433,0.013126,0.00526169,0.0043849,0.0681923,-0.280075,0.0612425,0.536712,-0.0322621,-0.0216713,0.0348462,0.708,0.207514,0.0460867,-0.977146,0.6,0,0,0.982208,0.858152,1.22728
-0.55006,0.34317,13.5072,-0.189593,0.0284034,0.103964,-0.0506807,0.212175,0.0295644,-0.55006,0.34317,13.5072,-0.189593,0.0284034,0.103964,-0.0506807,0.212175,0.0295644,-0.167645,-0.155046,0.0901881,0.885249,-0.753871,-0.0118018,0.221921,-0.137751,-0.311828,0.370372,0.5236,0.162046,-0.0931332,0.227941,0.0614217,0.288954,0.467023,0.114837,0.501837,0.0144012,0.000225973,0.00792361,0.113502,-0.342486,0.0334147,0.5415,-0.0227551,-0.0212524,0.0323599,0,0,0,0,0,0,0,0,0,0,0,0,0,0,0,0,0,0,0,0,0,0,0,0,0,0,0,0,0,-0.742308,-0.0513261,0.338498,1.51382,-0.719794,0.112779,0.282815,-0.226151,-0.203821,0.101387,-0.265125,0.046486,-0.034079,0.200115,-0.289679,0.149524,0.288732,0.0471996,0.499766,0.0207401,0.0137905,0.00021073,0.0630669,-0.199646,0.050802,0.641878,-0.0488757,-0.00181386,0.0403182,2.21114,-1.70663,0.860752,-0.966528,-0.317238,0.563611,1.37088,-1.65381,-1.0919,0.754816,0.295038,0.537,0.0444309,1.15575,-0.910775,0.11639,0.145361,0.30462,0.814988,-0.126301,0.0572019,0.0037398,-0.0385368,0.632992,0.743508,0.0220711,0.266088,0.0370095,-0.0392673,10.7249,2.14244,-10.169,-45.1465,0.190206,-3.90448,-1.39285,9.32106,-0.720749,12.0304,22.0922,-0.564357,-2.95137,-1.14565,11.3096,1.92775,2.01502,0.664108,-1.01415,0.006278,-0.189347,0.0666168,0.125105,-1.7028,-0.509067,-1.51492,-0.00479101,-0.371291,-0.0463452,0,0,0,0,0,0,0,0,0,0,0,0,0,0,0,0,0,0,0,0,0,0,0,0,0,0,0,0,0,2.55789,6.3088,2.55789,6.3088,1.81445,1.81445,2.55789,6.3088,2.55789,6.3088,1.81445,1.81445,2.55789,1.81445,1.81445,0.907223,0.907223,0.907223,0.907223,0.907223,1.06814,1.06814,0.907223,0.907223,0.907223,0.907223,0.907223,1.06814,1.06814,40.1792,99.0984,40.1792,99.0984,28.5012,28.5012,40.1792,99.0984,40.1792,99.0984,28.5012,28.5012,40.1792,28.5012,28.5012,14.2506,14.2506,14.2506,14.2506,14.2506,16.7783,16.7783,14.2506,14.2506,14.2506,14.2506,14.2506,16.7783,16.7783,0,0,0,0,0,0,0,0,0,0,0,0,0,0,0,0,0,0,0,0,0,0,0,0,0,0,0,0,0,0,0,0,0,0,0,0,0,0,0,0,0,0,0,0,0,0,0,0,0,0,0,0,0,0,0,0,0,0,0,0,0,0,0,0,0,0,0,0,0,0,0,0,0,0,0,0,0,0,0,0,0,0,0,0,0,0,0,0,0,0,0,0,0,0,0,0,0,0,0,0,0,0,0,0,0,0,0,0,0,0,0,0,0,0,0,0,0,-0.0506807,0.212175,0.0295644,0.202825,-0.197224,0.140048,0.608839,-0.324882,0.519727,0.26184,0.0761888,-0.170092,-0.223821,-0.133385,0.26364,0.975115,0.0328362,-0.0518838,-0.442153,-0.392832,0.00303316,-0.285264,0.164713,-0.5695,0.106356,0.434356,0.616689,-0.851613,-0.891226,4.52727,-0.0269093,0.369482,-0.167645,-0.155046,0.0901881,0.885249,-0.753871,-0.0118018,0.221921,-0.137751,-0.311828,0.370372,0.5236,0.162046,-0.0931332,0.227941,0.0614217,0.288954,0.467023,0.114837,0.501837,0.0144012,0.000225973,0.00792361,0.113502,-0.342486,0.0334147,0.5415,-0.0227551,-0.0212524,0.0323599,0.7,0.210587,0.049523,-0.97632,0.6,0,0,0.982208,0.858152,1.22728
-1.07343,0.973379,14.5303,-0.0919207,-0.159797,0.0969829,-0.0528029,0.211175,0.0318501,-1.07343,0.973379,14.5303,-0.0919207,-0.159797,0.0969829,-0.0528029,0.211175,0.0318501,0.0326364,-0.17523,-0.109884,0.741348,-0.842794,-0.0338954,0.0305471,-0.015032,-0.290035,0.525249,0.5236,0.232004,-0.0538018,0.208968,0.0924136,0.285821,0.476033,0.118563,0.558245,0.0140186,-0.00242309,0.0103466,0.205409,-0.401366,0.0247116,0.539141,-0.0172691,-0.0180024,0.0254101,0,0,0,0,0,0,0,0,0,0,0,0,0,0,0,0,0,0,0,0,0,0,0,0,0,0,0,0,0,-0.69445,-0.0822507,0.34936,1.49166,-0.727326,0.122068,0.302134,-0.254889,-0.226097,0.133529,-0.25124,0.0656745,-0.0344039,0.215599,-0.307684,0.152056,0.290456,0.0515401,0.521022,0.0188715,0.0140149,0.00109924,0.0632695,-0.188584,0.0633455,0.641823,-0.0422684,-0.00139104,0.0399128,2.52773,-1.431,0.246426,-1.20582,-0.418238,0.419199,0.747712,-1.18531,-1.05965,2.07283,1.1432,1.0174,0.00887746,0.459398,-0.840899,0.199287,0.0429158,0.159922,1.16387,-0.0752589,0.0417783,0.0480355,0.0645128,0.483895,0.545341,0.00460313,0.315533,0.0121269,-0.0121054,14.9591,1.67087,-11.1882,-52.8451,-0.0387723,-4.56494,-5.14734,19.2382,-0.763413,11.1052,20.2874,0.909346,-2.3461,-0.567977,12.0578,1.80303,2.4714,0.751958,-1.29253,0.00509868,-0.261122,0.062156,0.676589,-2.63055,-0.919093,-1.42829,-0.00815,-0.346258,-0.112955,0,0,0,0,0,0,0,0,0,0,0,0,0,0,0,0,0,0,0,0,0,0,0,0,0,0,0,0,0,2.55789,6.3088,2.55789,6.3088,1.81445,1.81445,2.55789,6.3088,2.55789,6.3088,1.81445,1.81445,2.55789,1.81445,1.81445,0.907223,0.907223,0.907223,0.907223,0.907223,1.06814,1.06814,0.907223,0.907223,0.907223,0.907223,0.907223,1.06814,1.06814,40.1792,99.0984,40.1792,99.0984,28.5012,28.5012,40.1792,99.0984,40.1792,99.0984,28.5012,28.5012,40.1792,28.5012,28.5012,14.2506,14.2506,14.2506,14.2506,14.2506,16.7783,16.7783,14.2506,14.2506,14.2506,14.2506,14.2506,16.7783,16.7783,0,0,0,0,0,0,0,0,0,0,0,0,0,0,0,0,0,0,0,0,0,0,0,0,0,0,0,0,0,0,0,0,0,0,0,0,0,0,0,0,0,0,0,0,0,0,0,0,0,0,0,0,0,0,0,0,0,0,0,0,0,0,0,0,0,0,0,0,0,0,0,0,0,0,0,0,0,0,0,0,0,0,0,0,0,0,0,0,0,0,0,0,0,0,0,0,0,0,0,0,0,0,0,0,0,0,0,0,0,0,0,0,0,0,0,0,0,-0.0528029,0.211175,0.0318501,0.195681,0.0123323,0.210712,0.629382,-0.459135,0.476469,0.270336,0.056345,-0.0982598,-0.0952052,-0.138764,0.62942,0.625604,0.0319639,-0.0393754,-0.499712,-0.0428677,-0.0325244,-0.24164,-0.200685,-0.529699,0.138879,0.341071,0.206319,-0.409941,-1.09398,4.44127,-0.0772848,0.528992,0.0326364,-0.17523,-0.109884,0.741348,-0.842794,-0.0338954,0.0305471,-0.015032,-0.290035,0.525249,0.5236,0.232004,-0.0538018,0.208968,0.0924136,0.285821,0.476033,0.118563,0.558245,0.0140186,-0.00242309,0.0103466,0.205409,-0.401366,0.0247116,0.539141,-0.0172691,-0.0180024,0.0254101,0.615,0.209609,0.0516059,-0.976422,0.6,0,0,0.961718,0.84465,1.21623
-0.667468,0.565281,15.6085,0.0317515,-0.447258,0.0433479,-0.052484,0.205132,0.0336164,-0.667468,0.565281,15.6085,0.0317515,-0.447258,0.0433479,-0.052484,0.205132,0.0336164,0.224658,0.0824062,-0.565434,0.564393,-0.823186,0.0286176,-0.299706,0.187816,-0.288248,0.965494,0.5236,0.179052,0.0123938,0.0555285,0.0666133,0.21645,0.480165,0.0837826,0.633143,0.0273286,-0.0175392,0.00201028,0.335338,-0.525691,-0.0114885,0.564781,-0.0231537,-0.015303,0.0127492,0,0,0,0,0,0,0,0,0,0,0,0,0,0,0,0,0,0,0,0,0,0,0,0,0,0,0,0,0,-0.643214,-0.107111,0.342726,1.46651,-0.738073,0.125841,0.302913,-0.269593,-0.23799,0.198284,-0.215081,0.0874541,-0.0315289,0.212897,-0.320585,0.156383,0.288911,0.0538667,0.552027,0.0175333,0.0134041,0.00233684,0.067806,-0.182942,0.0738847,0.639584,-0.0356862,-0.000622132,0.0384771,2.68892,-1.1606,-0.778085,-1.3397,-0.573242,0.11982,-0.257261,-0.384794,-0.309753,3.81386,2.56325,1.1709,0.318637,-0.518188,-0.533372,0.288759,-0.134038,0.0864731,1.70068,-0.0582839,0.0266903,0.0579848,0.367765,0.156681,0.485887,-0.15105,0.300381,0.0255727,-0.077323,20.5904,0.401842,-16.4674,-63.8333,-1.97617,-4.76764,-10.3526,28.016,-1.18169,9.36278,16.898,2.04425,-1.58453,0.696726,12.763,1.61857,2.78214,0.839091,-1.40504,0.00307723,-0.27076,0.0710984,1.6709,-3.26604,-1.14012,-1.29569,-0.0103701,-0.32302,-0.136109,0,0,0,0,0,0,0,0,0,0,0,0,0,0,0,0,0,0,0,0,0,0,0,0,0,0,0,0,0,2.55789,6.3088,2.55789,6.3088,1.81445,1.81445,2.55789,6.3088,2.55789,6.3088,1.81445,1.81445,2.55789,1.81445,1.81445,0.907223,0.907223,0.907223,0.907223,0.907223,1.06814,1.06814,0.907223,0.907223,0.907223,0.907223,0.907223,1.06814,1.06814,40.1792,99.0984,40.1792,99.0984,28.5012,28.5012,40.1792,99.0984,40.1792,99.0984,28.5012,28.5012,40.1792,28.5012,28.5012,14.2506,14.2506,14.2506,14.2506,14.2506,16.7783,16.7783,14.2506,14.2506,14.2506,14.2506,14.2506,16.7783,16.7783,0,0,0,0,0,0,0,0,0,0,0,0,0,0,0,0,0,0,0,0,0,0,0,0,0,0,0,0,0,0,0,0,0,0,0,0,0,0,0,0,0,0,0,0,0,0,0,0,0,0,0,0,0,0,0,0,0,0,0,0,0,0,0,0,0,0,0,0,0,0,0,0,0,0,0,0,0,0,0,0,0,0,0,0,0,0,0,0,0,0,0,0,0,0,0,0,0,0,0,0,0,0,0,0,0,0,0,0,0,0,0,0,0,0,0,0,0,-0.052484,0.205132,0.0336164,0.0375065,0.308583,0.151885,0.638805,-0.742607,0.126611,0.191033,-0.0261949,0.0226351,0.0755686,-0.080304,0.980113,0.0224532,0.0623118,-0.0527927,0.235002,0.535605,-0.235422,-0.205407,-1.03267,-0.526435,0.0269832,0.171128,-0.298313,0.845528,-1.04927,2.49591,0.065251,0.408257,0.224658,0.0824062,-0.565434,0.564393,-0.823186,0.0286176,-0.299706,0.187816,-0.288248,0.965494,0.5236,0.179052,0.0123938,0.0555285,0.0666133,0.21645,0.480165,0.0837826,0.633143,0.0273286,-0.0175392,0.00201028,0.335338,-0.525691,-0.0114885,0.564781,-0.0231537,-0.015303,0.0127492,1.628,0.203696,0.0513601,-0.977686,0.6,0,0,0.961718,0.84465,1.21623
0.319196,-5.76893,13.2286,0.0963229,-0.492933,-0.0857546,-0.0468236,0.19411,0.0345608,0.319196,-5.76893,13.2286,0.0963229,-0.492933,-0.0857546,-0.0468236,0.19411,0.0345608,0.0657864,0.0804711,-0.719801,0.493529,-0.816096,-0.0121252,-0.480354,0.127605,-0.0699342,1.45266,0.5236,0.137438,0.00174349,-0.0440426,-0.0536781,0.248356,0.426261,0.0549054,0.647378,0.0172005,-0.041727,0.000527954,0.39628,-0.616627,-0.0704407,0.589444,-0.0456716,0.00384268,-0.000377454,0,0,0,0,0,0,0,0,0,0,0,0,0,0,0,0,0,0,0,0,0,0,0,0,0,0,0,0,0,-0.572566,-0.097168,0.297105,1.43868,-0.752843,0.143251,0.230892,-0.227341,-0.199961,0.415826,-0.0680262,0.100811,-0.0256281,0.153153,-0.332152,0.15751,0.283407,0.0472676,0.615064,0.0203746,0.0094827,0.00160682,0.0823837,-0.190783,0.0832439,0.630338,-0.0308167,-0.00217671,0.0338013,2.86263,0.764862,-2.16113,-1.04577,-0.441026,0.708812,-2.95878,2.56626,1.61517,8.71077,8.67212,0.874761,0.448982,-2.52227,-0.525264,0.143219,0.000574115,-0.36747,2.12253,0.113854,-0.0348594,-0.0749053,0.658259,-0.390027,0.240794,-0.258239,0.124562,-0.0814055,-0.157797,25.0999,13.0157,-29.3729,-80.5424,-1.20182,-4.56166,-13.8967,26.3046,-7.37035,0.725838,2.90246,1.14348,0.507656,1.77737,12.3209,0.760911,2.86044,0.839691,-1.66814,-0.00366992,-0.39938,0.0790456,3.06535,-4.4106,-1.57066,-0.67875,-0.00435801,-0.132212,-0.185239,0,0,0,0,0,0,0,0,0,0,0,0,0,0,0,0,0,0,0,0,0,0,0,0,0,0,0,0,0,2.55789,6.3088,2.55789,6.3088,1.81445,1.81445,2.55789,6.3088,2.55789,6.3088,1.81445,1.81445,2.55789,1.81445,1.81445,0.907223,0.907223,0.907223,0.907223,0.907223,1.06814,1.06814,0.907223,0.907223,0.907223,0.907223,0.907223,1.06814,1.06814,40.1792,99.0984,40.1792,99.0984,28.5012,28.5012,40.1792,99.0984,40.1792,99.0984,28.5012,28.5012,40.1792,28.5012,28.5012,14.2506,14.2506,14.2506,14.2506,14.2506,16.7783,16.7783,14.2506,14.2506,14.2506,14.2506,14.2506,16.7783,16.7783,0,0,0,0,0,0,0,0,0,0,0,0,0,0,0,0,0,0,0,0,0,0,0,0,0,0,0,0,0,0,0,0,0,0,0,0,0,0,0,0,0,0,0,0,0,0,0,0,0,0,0,0,0,0,0,0,0,0,0,0,0,0,0,0,0,0,0,0,0,0,0,0,0,0,0,0,0,0,0,0,0,0,0,0,0,0,0,0,0,0,0,0,0,0,0,0,0,0,0,0,0,0,0,0,0,0,0,0,0,0,0,0,0,0,0,0,0,-0.0468236,0.19411,0.0345608,0.110257,0.447537,-0.122391,0.515898,-0.949951,-0.100421,0.12519,-0.160612,0.00318419,0.108027,-0.0240684,0.689962,-0.30747,0.0392189,-0.104136,0.229484,0.363898,-0.560088,0.051579,-1.31459,-0.127723,0.00708655,-0.00506644,-0.500401,2.2348,-1.0331,2.12154,-0.0276467,0.313372,0.0657864,0.0804711,-0.719801,0.493529,-0.816096,-0.0121252,-0.480354,0.127605,-0.0699342,1.45266,0.5236,0.137438,0.00174349,-0.0440426,-0.0536781,0.248356,0.426261,0.0549054,0.647378,0.0172005,-0.041727,0.000527954,0.39628,-0.616627,-0.0704407,0.589444,-0.0456716,0.00384268,-0.000377454,0.488,0.196268,0.0470773,-0.97942,0.6,0,0,0.930297,0.849201,1.23716
1.67248,-6.11656,11.1936,-0.198563,-0.912213,0.015049,-0.0479894,0.184542,0.0345547,1.67248,-6.11656,11.1936,-0.198563,-0.912213,0.015049,-0.0479894,0.184542,0.0345547,-0.02423,0.15891,-0.71677,0.535991,-0.696369,-0.0222549,-0.803135,0.097819,0.0400985,1.79605,0.5236,0.171893,-0.00979039,-0.096715,-0.269187,0.312582,0.339955,-0.00286875,0.609424,0.0371245,-0.0706509,-0.00984259,0.366538,-0.585758,-0.0828466,0.564337,-0.0679857,0.0274026,-0.0238873,0,0,0,0,0,0,0,0,0,0,0,0,0,0,0,0,0,0,0,0,0,0,0,0,0,0,0,0,0,-0.54408,-0.0896954,0.27748,1.4232,-0.757645,0.146861,0.185881,-0.199266,-0.165015,0.562011,0.0199965,0.109938,-0.0252014,0.131583,-0.328419,0.162717,0.28691,0.0416452,0.637679,0.0204294,0.00667442,0.00058153,0.0954193,-0.194046,0.0840024,0.626331,-0.0321489,-0.00175642,0.0312783,2.15242,0.508547,-1.42884,-1.44493,-0.355406,0.0633532,-4.17427,2.36043,3.54067,13.8535,7.32632,0.541944,-0.168772,-1.44501,0.666588,0.550727,0.421426,-0.487941,1.74417,-0.0413315,-0.360663,-0.0889104,1.33295,-0.240271,-0.0890184,-0.378836,-0.211225,0.0797402,-0.247952,19.1288,13.3115,-36.4886,-83.6553,-1.00031,-4.74738,-16.356,18.3078,-4.84165,5.08121,1.72929,-0.273447,1.46541,-2.27193,6.76784,0.768341,1.65217,0.62609,-1.44986,-0.0131761,-0.462239,0.0899202,3.18829,-5.80774,-2.16588,-0.193404,-0.0136846,0.0135695,-0.283342,0,0,0,0,0,0,0,0,0,0,0,0,0,0,0,0,0,0,0,0,0,0,0,0,0,0,0,0,0,2.55789,6.3088,2.55789,6.3088,1.81445,1.81445,2.55789,6.3088,2.55789,6.3088,1.81445,1.81445,2.55789,1.81445,1.81445,0.907223,0.907223,0.907223,0.907223,0.907223,1.06814,1.06814,0.907223,0.907223,0.907223,0.907223,0.907223,1.06814,1.06814,40.1792,99.0984,40.1792,99.0984,28.5012,28.5012,40.1792,99.0984,40.1792,99.0984,28.5012,28.5012,40.1792,28.5012,28.5012,14.2506,14.2506,14.2506,14.2506,14.2506,16.7783,16.7783,14.2506,14.2506,14.2506,14.2506,14.2506,16.7783,16.7783,0,0,0,0,0,0,0,0,0,0,0,0,0,0,0,0,0,0,0,0,0,0,0,0,0,0,0,0,0,0,0,0,0,0,0,0,0,0,0,0,0,0,0,0,0,0,0,0,0,0,0,0,0,0,0,0,0,0,0,0,0,0,0,0,0,0,0,0,0,0,0,0,0,0,0,0,0,0,0,0,0,0,0,0,0,0,0,0,0,0,0,0,0,0,0,0,0,0,0,0,0,0,0,0,0,0,0,0,0,0,0,0,0,0,0,0,0,-0.0479894,0.184542,0.0345547,0.256697,0.379723,-0.613774,0.319112,-0.879566,-0.22052,-0.00654105,-0.188899,-0.0178805,0.0214871,-0.081316,0.525563,-0.896974,0.0846475,-0.155014,0.453173,0.278956,-0.948323,0.367816,-1.30906,0.0732331,-0.132114,-0.320632,-0.37931,3.21406,-0.760116,2.28565,-0.0507435,0.391933,-0.02423,0.15891,-0.71677,0.535991,-0.696369,-0.0222549,-0.803135,0.097819,0.0400985,1.79605,0.5236,0.171893,-0.00979039,-0.096715,-0.269187,0.312582,0.339955,-0.00286875,0.609424,0.0371245,-0.0706509,-0.00984259,0.366538,-0.585758,-0.0828466,0.564337,-0.0679857,0.0274026,-0.0238873,0.707,0.183496,0.0471565,-0.981889,0.6,0,0,0.89124,0.584581,1.28083
-3.35031,-2.58613,11.237,-0.333967,-0.465451,-0.0564696,-0.0536115,0.170587,0.0351915,-3.35031,-2.58613,11.237,-0.333967,-0.465451,-0.0564696,-0.0536115,0.170587,0.0351915,0.00773927,0.233372,-0.73789,0.553988,-0.612026,-0.00153743,-1.04154,0.104671,0.0274428,2.02867,0.5236,0.19403,-0.0319563,-0.111967,-0.272068,0.308711,0.286768,-0.0296775,0.575577,0.0531701,-0.0787575,-0.0153456,0.367673,-0.49464,-0.0788436,0.561397,-0.0777116,0.0407481,-0.0324394,0,0,0,0,0,0,0,0,0,0,0,0,0,0,0,0,0,0,0,0,0,0,0,0,0,0,0,0,0,-0.509554,-0.0737024,0.260527,1.38949,-0.760827,0.144256,0.0704324,-0.145747,-0.083788,0.878102,0.164237,0.125115,-0.0404392,0.109746,-0.310344,0.180028,0.296701,0.0316851,0.657166,0.0240451,-0.00640076,-0.0016599,0.125522,-0.199997,0.0766443,0.613517,-0.0409859,0.00465629,0.0214753,1.73183,0.758234,-0.706,-1.87266,-0.0128809,-0.237211,-5.91837,2.83513,3.44704,15.7266,6.72743,0.746087,-0.814679,-0.874608,0.698261,1.06901,0.503868,-0.474587,0.430127,0.221094,-0.778908,-0.113861,1.52152,-0.387341,-0.522987,-0.6999,-0.449851,0.339684,-0.541107,15.326,18.1264,-37.5809,-73.3866,1.90682,-4.3642,-20.1032,6.99839,-4.17144,-6.92257,-1.85962,-0.0190842,3.37561,-4.29494,-0.196987,0.972937,0.168298,-0.0660014,-1.12525,-0.0126935,-0.278473,-0.017515,2.09564,-5.18203,-1.83296,-0.0689828,0.0241972,0.014253,-0.193508,0,0,0,0,0,0,0,0,0,0,0,0,0,0,0,0,0,0,0,0,0,0,0,0,0,0,0,0,0,2.55789,6.3088,2.55789,6.3088,1.81445,1.81445,2.55789,6.3088,2.55789,6.3088,1.81445,1.81445,2.55789,1.81445,1.81445,0.907223,0.907223,0.907223,0.907223,0.907223,1.06814,1.06814,0.907223,0.907223,0.907223,0.907223,0.907223,1.06814,1.06814,40.1792,99.0984,40.1792,99.0984,28.5012,28.5012,40.1792,99.0984,40.1792,99.0984,28.5012,28.5012,40.1792,28.5012,28.5012,14.2506,14.2506,14.2506,14.2506,14.2506,16.7783,16.7783,14.2506,14.2506,14.2506,14.2506,14.2506,16.7783,16.7783,0,0,0,0,0,0,0,0,0,0,0,0,0,0,0,0,0,0,0,0,0,0,0,0,0,0,0,0,0,0,0,0,0,0,0,0,0,0,0,0,0,0,0,0,0,0,0,0,0,0,0,0,0,0,0,0,0,0,0,0,0,0,0,0,0,0,0,0,0,0,0,0,0,0,0,0,0,0,0,0,0,0,0,0,0,0,0,0,0,0,0,0,0,0,0,0,0,0,0,0,0,0,0,0,0,0,0,0,0,0,0,0,0,0,0,0,0,-0.0536115,0.170587,0.0351915,0.247873,0.382311,-0.620343,0.19784,-0.671808,-0.255296,-0.0676677,-0.179771,-0.0583627,-0.0556876,-0.088019,0.583949,-1.33239,0.121233,-0.17719,0.66552,0.298497,-1.05714,0.546949,-1.34763,0.0501195,-0.205979,-0.435424,-0.327986,3.87744,-0.567805,2.21632,-0.0035055,0.442407,0.00773927,0.233372,-0.73789,0.553988,-0.612026,-0.00153743,-1.04154,0.104671,0.0274428,2.02867,0.5236,0.19403,-0.0319563,-0.111967,-0.272068,0.308711,0.286768,-0.0296775,0.575577,0.0531701,-0.0787575,-0.0153456,0.367673,-0.49464,-0.0788436,0.561397,-0.0777116,0.0407481,-0.0324394,0.651,0.169761,0.052808,-0.984069,0.6,0,0,0.89124,0.584581,1.28083
-3.57802,-1.3126,11.386,-0.314258,-0.184501,-0.140329,-0.0606032,0.163633,0.0335805,-3.57802,-1.3126,11.386,-0.314258,-0.184501,-0.140329,-0.0606032,0.163633,0.0335805,0.0597648,0.261103,-0.65181,0.578828,-0.568343,-0.0267656,-1.21102,0.0908938,0.0209768,2.22871,0.5236,0.191242,-0.0571145,-0.12791,-0.246756,0.318093,0.280418,-0.0285533,0.575507,0.0583014,-0.0787551,-0.0149056,0.425317,-0.457668,-0.0798099,0.590857,-0.0848665,0.0483782,-0.0286984,0,0,0,0,0,0,0,0,0,0,0,0,0,0,0,0,0,0,0,0,0,0,0,0,0,0,0,0,0,-0.480926,-0.0562254,0.25068,1.34642,-0.764248,0.13899,-0.0614312,-0.0871015,-0.0306802,1.19079,0.27501,0.14231,-0.060323,0.0944175,-0.290802,0.205804,0.304726,0.0222811,0.657572,0.0314082,-0.0216133,-0.00427882,0.157502,-0.208576,0.0614548,0.601211,-0.0507933,0.0130838,0.00982512,1.4047,0.857804,-0.572384,-2.31061,-0.277735,-0.357934,-6.55177,2.98448,1.70698,14.763,4.87852,0.812372,-0.891104,-0.796366,0.899237,1.36734,0.273887,-0.448329,-0.192775,0.369333,-0.733682,-0.126224,1.58045,-0.502224,-0.885405,-0.495308,-0.448956,0.415424,-0.57041,16.1098,23.5456,-38.3216,-63.9837,5.13897,-3.3986,-22.8457,0.747037,-2.51475,-9.27221,-1.73048,0.00795154,3.52073,-4.50504,-1.18575,0.260328,-0.522435,-0.33998,-1.01914,-0.0247636,-0.188295,-0.0518397,1.58976,-3.65297,-1.2344,-0.0966414,0.0250447,0.0225549,-0.108801,0,0,0,0,0,0,0,0,0,0,0,0,0,0,0,0,0,0,0,0,0,0,0,0,0,0,0,0,0,2.55789,6.3088,2.55789,6.3088,1.81445,1.81445,2.55789,6.3088,2.55789,6.3088,1.81445,1.81445,2.55789,1.81445,1.81445,0.907223,0.907223,0.907223,0.907223,0.907223,1.06814,1.06814,0.907223,0.907223,0.907223,0.907223,0.907223,1.06814,1.06814,40.1792,99.0984,40.1792,99.0984,28.5012,28.5012,40.1792,99.0984,40.1792,99.0984,28.5012,28.5012,40.1792,28.5012,28.5012,14.2506,14.2506,14.2506,14.2506,14.2506,16.7783,16.7783,14.2506,14.2506,14.2506,14.2506,14.2506,16.7783,16.7783,0,0,0,0,0,0,0,0,0,0,0,0,0,0,0,0,0,0,0,0,0,0,0,0,0,0,0,0,0,0,0,0,0,0,0,0,0,0,0,0,0,0,0,0,0,0,0,0,0,0,0,0,0,0,0,0,0,0,0,0,0,0,0,0,0,0,0,0,0,0,0,0,0,0,0,0,0,0,0,0,0,0,0,0,0,0,0,0,0,0,0,0,0,0,0,0,0,0,0,0,0,0,0,0,0,0,0,0,0,0,0,0,0,0,0,0,0,-0.0606032,0.163633,0.0335805,0.269264,0.513746,-0.562629,0.18336,-0.58751,-0.291647,-0.0651043,-0.181974,-0.10431,-0.0558465,-0.0208479,0.678965,-1.64191,0.132933,-0.193504,0.7446,0.259207,-1.0571,0.649364,-1.19042,0.0383106,-0.200073,-0.385208,-0.25715,4.4479,-0.468203,2.03331,-0.0610282,0.436051,0.0597648,0.261103,-0.65181,0.578828,-0.568343,-0.0267656,-1.21102,0.0908938,0.0209768,2.22871,0.5236,0.191242,-0.0571145,-0.12791,-0.246756,0.318093,0.280418,-0.0285533,0.575507,0.0583014,-0.0787551,-0.0149056,0.425317,-0.457668,-0.0798099,0.590857,-0.0848665,0.0483782,-0.0286984,0.637,0.162904,0.059757,-0.984831,0.6,0,0,0.844488,0.841217,1.38637
-2.98444,-0.497622,11.0224,-0.270486,0.0593862,-0.172216,-0.0672178,0.161931,0.0305409,-2.98444,-0.497622,11.0224,-0.270486,0.0593862,-0.172216,-0.0672178,0.161931,0.0305409,0.047155,0.284926,-0.576719,0.556457,-0.58746,-0.0461217,-1.33996,0.0448658,0.0225807,2.3256,0.437662,0.184328,-0.0819518,-0.133945,-0.237748,0.322154,0.288683,-0.0186014,0.563665,0.0592863,-0.0813481,-0.0149921,0.404848,-0.400836,-0.0764766,0.587844,-0.0832658,0.0518711,-0.0274624,0,0,0,0,0,0,0,0,0,0,0,0,0,0,0,0,0,0,0,0,0,0,0,0,0,0,0,0,0,-0.457896,-0.0368885,0.248275,1.30062,-0.759277,0.129313,-0.200725,-0.0333028,-0.00999773,1.47644,0.353396,0.155324,-0.0815724,0.0829364,-0.271214,0.233433,0.307668,0.013978,0.652817,0.0387826,-0.0344935,-0.00653206,0.189717,-0.219211,0.0416563,0.596324,-0.0599303,0.0209861,0.00046254,1.21495,0.923221,-0.0457622,-2.34286,0.48075,-0.56806,-6.86092,2.47935,0.336646,13.3647,3.45028,0.564998,-0.98441,-0.533922,0.780938,1.32357,0.00586756,-0.377794,-0.207315,0.333187,-0.568651,-0.0975938,1.58883,-0.601358,-1.01435,-0.060029,-0.413,0.381173,-0.413095,17.913,23.7223,-36.1439,-57.3101,4.64519,-3.47873,-23.3551,-3.08098,-0.037018,-9.03706,-1.36779,0.00665343,3.5666,-5.10641,-0.816953,0.0223067,-0.426879,-0.26877,-0.902832,-0.0245702,-0.134268,-0.0361364,1.95231,-2.89076,-0.836059,0.00998169,0.0202011,0.0612084,-0.0516269,0,0,0,0,0,0,0,0,0,0,0,0,0,0,0,0,0,0,0,0,0,0,0,0,0,0,0,0,0,2.55789,6.3088,2.55789,6.3088,1.81445,1.81445,2.55789,6.3088,2.55789,6.3088,1.81445,1.81445,2.55789,1.81445,1.81445,0.907223,0.907223,0.907223,0.907223,0.907223,1.06814,1.06814,0.907223,0.907223,0.907223,0.907223,0.907223,1.06814,1.06814,40.1792,99.0984,40.1792,99.0984,28.5012,28.5012,40.1792,99.0984,40.1792,99.0984,28.5012,28.5012,40.1792,28.5012,28.5012,14.2506,14.2506,14.2506,14.2506,14.2506,16.7783,16.7783,14.2506,14.2506,14.2506,14.2506,14.2506,16.7783,16.7783,0,0,0,0,0,0,0,0,0,0,0,0,0,0,0,0,0,0,0,0,0,0,0,0,0,0,0,0,0,0,0,0,0,0,0,0,0,0,0,0,0,0,0,0,0,0,0,0,0,0,0,0,0,0,0,0,0,0,0,0,0,0,0,0,0,0,0,0,0,0,0,0,0,0,0,0,0,0,0,0,0,0,0,0,0,0,0,0,0,0,0,0,0,0,0,0,0,0,0,0,0,0,0,0,0,0,0,0,0,0,0,0,0,0,0,0,0,-0.0672178,0.161931,0.0305409,0.278523,0.467074,-0.542089,0.202207,-0.457925,-0.305408,-0.042413,-0.174374,-0.149671,-0.0828483,-0.0277163,0.655935,-1.87738,0.135179,-0.189854,0.812539,0.127946,-1.09191,0.696248,-1.05328,0.0412399,-0.201234,-0.368618,-0.320944,4.7242,-0.511791,1.82559,-0.105162,0.420286,0.047155,0.284926,-0.576719,0.556457,-0.58746,-0.0461217,-1.33996,0.0448658,0.0225807,2.3256,0.437662,0.184328,-0.0819518,-0.133945,-0.237748,0.322154,0.288683,-0.0186014,0.563665,0.0592863,-0.0813481,-0.0149921,0.404848,-0.400836,-0.0764766,0.587844,-0.0832658,0.0518711,-0.0274624,0.62,0.161224,0.0662885,-0.984689,0.6,0,0,0.844488,0.841217,1.38637
-2.2705,0.00568801,10.6314,-0.171938,0.203337,-0.214002,-0.0724852,0.163874,0.0264342,-2.2705,0.00568801,10.6314,-0.171938,0.203337,-0.214002,-0.0724852,0.163874,0.0264342,0.0646812,0.30237,-0.536597,0.54041,-0.479312,-0.0170556,-1.42105,0.00872575,-0.00488633,2.43334,0.288319,0.187868,-0.112806,-0.126187,-0.225316,0.289046,0.321327,0.0010981,0.513159,0.0545325,-0.0854731,-0.0191266,0.33171,-0.397401,-0.0784282,0.551482,-0.0859866,0.0529505,-0.0251312,0,0,0,0,0,0,0,0,0,0,0,0,0,0,0,0,0,0,0,0,0,0,0,0,0,0,0,0,0,-0.433962,-0.0209229,0.252024,1.24921,-0.748364,0.114118,-0.343068,0.00639029,-0.0142626,1.72341,0.392022,0.163324,-0.101419,0.0760445,-0.25432,0.259943,0.304662,0.00757637,0.649335,0.0446245,-0.0438549,-0.0085182,0.221914,-0.231093,0.0204408,0.599476,-0.0665875,0.0292692,-0.0065722,1.31675,0.684592,0.180771,-2.71396,0.5608,-0.88329,-7.07293,1.65565,-0.710931,11.1951,1.39057,0.344716,-0.859515,-0.341962,0.697561,1.27212,-0.295423,-0.288184,-0.129036,0.252897,-0.398134,-0.0885159,1.58908,-0.623169,-1.06089,0.28131,-0.278816,0.418766,-0.31832,16.1903,25.9627,-33.8501,-52.2015,3.59953,-3.0466,-22.3868,-6.65379,2.94187,-10.6884,-1.22491,-0.0158446,3.05383,-5.43738,-0.870778,-0.251458,0.000811995,-0.118681,-1.09425,-0.0212382,-0.200585,-0.0139428,1.20248,-1.88442,-0.441726,-0.394928,0.0164633,-0.0579357,-0.0142131,0,0,0,0,0,0,0,0,0,0,0,0,0,0,0,0,0,0,0,0,0,0,0,0,0,0,0,0,0,2.55789,6.3088,2.55789,6.3088,1.81445,1.81445,2.55789,6.3088,2.55789,6.3088,1.81445,1.81445,2.55789,1.81445,1.81445,0.907223,0.907223,0.907223,0.907223,0.907223,1.06814,1.06814,0.907223,0.907223,0.907223,0.907223,0.907223,1.06814,1.06814,40.1792,99.0984,40.1792,99.0984,28.5012,28.5012,40.1792,99.0984,40.1792,99.0984,28.5012,28.5012,40.1792,28.5012,28.5012,14.2506,14.2506,14.2506,14.2506,14.2506,16.7783,16.7783,14.2506,14.2506,14.2506,14.2506,14.2506,16.7783,16.7783,0,0,0,0,0,0,0,0,0,0,0,0,0,0,0,0,0,0,0,0,0,0,0,0,0,0,0,0,0,0,0,0,0,0,0,0,0,0,0,0,0,0,0,0,0,0,0,0,0,0,0,0,0,0,0,0,0,0,0,0,0,0,0,0,0,0,0,0,0,0,0,0,0,0,0,0,0,0,0,0,0,0,0,0,0,0,0,0,0,0,0,0,0,0,0,0,0,0,0,0,0,0,0,0,0,0,0,0,0,0,0,0,0,0,0,0,0,-0.0724852,0.163874,0.0264342,0.203033,0.300311,-0.513743,0.276637,-0.450093,-0.287719,0.00250378,-0.178824,-0.206022,-0.198006,-0.110627,0.687944,-2.02549,0.12434,-0.196058,0.862285,0.0248837,-1.14728,0.710736,-0.980003,-0.00892404,-0.25673,-0.337328,-0.366707,5.03147,-0.265203,1.48507,-0.0388885,0.428358,0.0646812,0.30237,-0.536597,0.54041,-0.479312,-0.0170556,-1.42105,0.00872575,-0.00488633,2.43334,0.288319,0.187868,-0.112806,-0.126187,-0.225316,0.289046,0.321327,0.0010981,0.513159,0.0545325,-0.0854731,-0.0191266,0.33171,-0.397401,-0.0784282,0.551482,-0.0859866,0.0529505,-0.0251312,1.08,0.163142,0.0714515,-0.984012,0.6,0,0,0.864504,0.840416,1.48682
-2.72338,0.0904361,9.39777,-0.0649249,0.454658,-0.17976,-0.0756929,0.170202,0.0218156,-2.72338,0.0904361,9.39777,-0.0649249,0.454658,-0.17976,-0.0756929,0.170202,0.0218156,0.119667,0.284745,-0.484121,0.493714,-0.525571,-0.00131906,-1.55912,-0.0189479,-0.0586653,2.44865,0.188791,0.187234,-0.130507,-0.117645,-0.196451,0.26598,0.333304,0.0119188,0.481097,0.0486826,-0.0876849,-0.0194752,0.23072,-0.372226,-0.0832339,0.503861,-0.081276,0.0518759,-0.0278853,0,0,0,0,0,0,0,0,0,0,0,0,0,0,0,0,0,0,0,0,0,0,0,0,0,0,0,0,0,-0.404741,-0.0111134,0.257608,1.19007,-0.732258,0.104953,-0.486553,0.0291576,-0.0366912,1.92846,0.380218,0.170026,-0.116274,0.0706055,-0.244629,0.284102,0.296754,0.0027504,0.642628,0.0478694,-0.0493045,-0.0115014,0.252887,-0.244253,0.000261206,0.604644,-0.071849,0.0387047,-0.0115836,1.63686,0.373747,0.170488,-3.05567,0.880518,-0.35161,-7.10634,0.811003,-1.47147,9.24285,-1.0612,0.326278,-0.570541,-0.360386,0.208309,1.09192,-0.478602,-0.231542,-0.429448,0.12414,-0.239659,-0.152994,1.4924,-0.707772,-0.955883,0.239831,-0.233344,0.452905,-0.216216,14.9268,28.6685,-32.4797,-45.7373,5.65458,-2.87679,-19.8309,-7.32113,4.73102,-8.13739,-0.711931,-0.0700211,1.68837,-5.05792,0.0517636,-0.920925,0.753262,0.176488,-1.47137,-0.0182204,-0.356095,0.0342861,-0.200828,-1.57326,-0.269223,-0.968653,0.0107152,-0.24176,0.00211668,0,0,0,0,0,0,0,0,0,0,0,0,0,0,0,0,0,0,0,0,0,0,0,0,0,0,0,0,0,2.55789,6.3088,2.55789,6.3088,1.81445,1.81445,2.55789,6.3088,2.55789,6.3088,1.81445,1.81445,2.55789,1.81445,1.81445,0.907223,0.907223,0.907223,0.907223,0.907223,1.06814,1.06814,0.907223,0.907223,0.907223,0.907223,0.907223,1.06814,1.06814,40.1792,99.0984,40.1792,99.0984,28.5012,28.5012,40.1792,99.0984,40.1792,99.0984,28.5012,28.5012,40.1792,28.5012,28.5012,14.2506,14.2506,14.2506,14.2506,14.2506,16.7783,16.7783,14.2506,14.2506,14.2506,14.2506,14.2506,16.7783,16.7783,0,0,0,0,0,0,0,0,0,0,0,0,0,0,0,0,0,0,0,0,0,0,0,0,0,0,0,0,0,0,0,0,0,0,0,0,0,0,0,0,0,0,0,0,0,0,0,0,0,0,0,0,0,0,0,0,0,0,0,0,0,0,0,0,0,0,0,0,0,0,0,0,0,0,0,0,0,0,0,0,0,0,0,0,0,0,0,0,0,0,0,0,0,0,0,0,0,0,0,0,0,0,0,0,0,0,0,0,0,0,0,0,0,0,0,0,0,-0.0756929,0.170202,0.0218156,0.150442,0.0700452,-0.447927,0.303946,-0.392692,-0.268243,0.027176,-0.189782,-0.238349,-0.27111,-0.219207,0.788367,-2.27765,0.111001,-0.185317,0.812024,-0.0540346,-1.17696,0.696313,-0.884164,-0.107142,-0.261409,-0.374295,-0.499871,5.07512,-0.370679,1.25814,-0.00300758,0.426911,0.119667,0.284745,-0.484121,0.493714,-0.525571,-0.00131906,-1.55912,-0.0189479,-0.0586653,2.44865,0.188791,0.187234,-0.130507,-0.117645,-0.196451,0.26598,0.333304,0.0119188,0.481097,0.0486826,-0.0876849,-0.0194752,0.23072,-0.372226,-0.0832339,0.503861,-0.081276,0.0518759,-0.0278853,0.687,0.169382,0.074528,-0.982729,0.6,0,0,0.864504,0.840416,1.48682
-1.65409,-0.339583,9.03963,0.0179791,0.524185,-0.146003,-0.0768759,0.179665,0.017701,-1.65409,-0.339583,9.03963,0.0179791,0.524185,-0.146003,-0.0768759,0.179665,0.017701,0.195817,0.26807,-0.433145,0.448489,-0.391529,0.0512101,-1.61088,-0.0628523,-0.0912018,2.44561,0.0427598,0.173321,-0.134843,-0.152223,-0.123805,0.230852,0.373139,0.0498455,0.455878,0.0488524,-0.0916784,-0.0167776,0.153764,-0.351666,-0.0651051,0.485913,-0.0710786,0.0498658,-0.0239132,0,0,0,0,0,0,0,0,0,0,0,0,0,0,0,0,0,0,0,0,0,0,0,0,0,0,0,0,0,-0.369359,-0.00769053,0.259774,1.12535,-0.713966,0.100701,-0.631553,0.0358776,-0.0702422,2.0884,0.340779,0.175277,-0.124239,0.0637352,-0.242521,0.304234,0.286133,-0.00126108,0.631612,0.0486929,-0.0529339,-0.0145149,0.280726,-0.257506,-0.0187408,0.60889,-0.0747759,0.0485132,-0.0157487,1.93974,0.0632297,-0.0359658,-3.31395,0.887681,-0.241987,-7.25618,0.0362718,-1.80445,6.8727,-2.08187,0.246008,-0.234612,-0.421719,-0.0636402,0.893649,-0.567789,-0.192959,-0.601634,0.0159361,-0.168636,-0.135671,1.29041,-0.63833,-0.927202,0.177042,-0.108913,0.46714,-0.199821,14.9657,28.5185,-29.9344,-42.358,3.78499,-2.52483,-19.2294,-5.95739,4.88567,-7.94243,-0.588745,-0.0937738,0.439273,-4.49715,1.32913,-1.36055,1.16469,0.354536,-1.61795,-0.015087,-0.408143,0.0613359,-1.86721,-1.07328,-0.0944192,-1.66006,0.00710666,-0.440589,0.00642827,0,0,0,0,0,0,0,0,0,0,0,0,0,0,0,0,0,0,0,0,0,0,0,0,0,0,0,0,0,2.55789,6.3088,2.55789,6.3088,1.81445,1.81445,2.55789,6.3088,2.55789,6.3088,1.81445,1.81445,2.55789,1.81445,1.81445,0.907223,0.907223,0.907223,0.907223,0.907223,1.06814,1.06814,0.907223,0.907223,0.907223,0.907223,0.907223,1.06814,1.06814,40.1792,99.0984,40.1792,99.0984,28.5012,28.5012,40.1792,99.0984,40.1792,99.0984,28.5012,28.5012,40.1792,28.5012,28.5012,14.2506,14.2506,14.2506,14.2506,14.2506,16.7783,16.7783,14.2506,14.2506,14.2506,14.2506,14.2506,16.7783,16.7783,0,0,0,0,0,0,0,0,0,0,0,0,0,0,0,0,0,0,0,0,0,0,0,0,0,0,0,0,0,0,0,0,0,0,0,0,0,0,0,0,0,0,0,0,0,0,0,0,0,0,0,0,0,0,0,0,0,0,0,0,0,0,0,0,0,0,0,0,0,0,0,0,0,0,0,0,0,0,0,0,0,0,0,0,0,0,0,0,0,0,0,0,0,0,0,0,0,0,0,0,0,0,0,0,0,0,0,0,0,0,0,0,0,0,0,0,0,-0.0768759,0.179665,0.017701,0.0703455,-0.105423,-0.282287,0.394774,-0.345814,-0.347083,0.113653,-0.148446,-0.246267,-0.328612,-0.260131,0.92744,-2.37218,0.111388,-0.162066,0.764469,-0.179239,-1.23057,0.669332,-0.791066,-0.166565,-0.2252,-0.320978,-0.628844,5.06646,-0.0650483,0.925173,0.116764,0.395189,0.195817,0.26807,-0.433145,0.448489,-0.391529,0.0512101,-1.61088,-0.0628523,-0.0912018,2.44561,0.0427598,0.173321,-0.134843,-0.152223,-0.123805,0.230852,0.373139,0.0498455,0.455878,0.0488524,-0.0916784,-0.0167776,0.153764,-0.351666,-0.0651051,0.485913,-0.0710786,0.0498658,-0.0239132,0.727,0.1787,0.075564,-0.980998,0.6,0,0,0.886553,0.850731,1.54614
-0.312014,-0.605,9.03564,0.096295,0.400843,-0.0689476,-0.0762862,0.188856,0.0145594,-0.312014,-0.605,9.03564,0.096295,0.400843,-0.0689476,-0.0762862,0.188856,0.0145594,0.162537,0.263386,-0.32313,0.378788,-0.237134,0.0508755,-1.56916,-0.108036,-0.1137,2.42289,-0.0596653,0.160872,-0.133647,-0.138615,-0.122722,0.208707,0.379983,0.0658943,0.434964,0.0381801,-0.0956728,-0.0150053,0.10071,-0.343101,-0.0606578,0.480118,-0.0619364,0.0476093,-0.0218211,0,0,0,0,0,0,0,0,0,0,0,0,0,0,0,0,0,0,0,0,0,0,0,0,0,0,0,0,0,-0.324448,-0.0107485,0.257032,1.05362,-0.689641,0.111567,-0.774487,0.0267765,-0.106198,2.20104,0.273128,0.176166,-0.124173,0.0544214,-0.247,0.318682,0.274138,-0.00222316,0.61977,0.0491867,-0.0557844,-0.017108,0.302532,-0.269669,-0.0340781,0.61396,-0.0743298,0.0572637,-0.0187458,2.48834,-0.231215,-0.322312,-3.68733,1.29231,0.704528,-7.01721,-0.739838,-1.73192,4.58695,-3.52454,0.0149517,0.16974,-0.591936,-0.338733,0.560779,-0.595365,0.00955664,-0.565837,0.0214663,-0.124405,-0.108328,0.961708,-0.57673,-0.654905,0.270023,0.0529172,0.40691,-0.118519,14.8699,29.0532,-27.0829,-37.428,6.19729,-3.0142,-16.1245,-4.60875,4.9602,-5.22437,-0.232664,-0.0993091,-0.763992,-4.93145,4.06245,-1.77875,1.93962,0.734134,-1.83251,-0.0246988,-0.469899,0.122828,-2.98349,-0.654902,0.15169,-2.06709,-0.00104909,-0.5555,0.0410631,0,0,0,0,0,0,0,0,0,0,0,0,0,0,0,0,0,0,0,0,0,0,0,0,0,0,0,0,0,2.55789,6.3088,2.55789,6.3088,1.81445,1.81445,2.55789,6.3088,2.55789,6.3088,1.81445,1.81445,2.55789,1.81445,1.81445,0.907223,0.907223,0.907223,0.907223,0.907223,1.06814,1.06814,0.907223,0.907223,0.907223,0.907223,0.907223,1.06814,1.06814,40.1792,99.0984,40.1792,99.0984,28.5012,28.5012,40.1792,99.0984,40.1792,99.0984,28.5012,28.5012,40.1792,28.5012,28.5012,14.2506,14.2506,14.2506,14.2506,14.2506,16.7783,16.7783,14.2506,14.2506,14.2506,14.2506,14.2506,16.7783,16.7783,0,0,0,0,0,0,0,0,0,0,0,0,0,0,0,0,0,0,0,0,0,0,0,0,0,0,0,0,0,0,0,0,0,0,0,0,0,0,0,0,0,0,0,0,0,0,0,0,0,0,0,0,0,0,0,0,0,0,0,0,0,0,0,0,0,0,0,0,0,0,0,0,0,0,0,0,0,0,0,0,0,0,0,0,0,0,0,0,0,0,0,0,0,0,0,0,0,0,0,0,0,0,0,0,0,0,0,0,0,0,0,0,0,0,0,0,0,-0.0762862,0.188856,0.0145594,0.0198528,-0.226392,-0.279818,0.41038,-0.326285,-0.316057,0.150246,-0.138306,-0.244083,-0.376299,-0.273343,0.866661,-2.29599,0.0870544,-0.141221,0.751113,-0.308092,-1.28418,0.639044,-0.590142,-0.207654,-0.201411,-0.292897,-0.827612,5.00168,0.286988,0.691633,0.116001,0.366805,0.162537,0.263386,-0.32313,0.378788,-0.237134,0.0508755,-1.56916,-0.108036,-0.1137,2.42289,-0.0596653,0.160872,-0.133647,-0.138615,-0.122722,0.208707,0.379983,0.0658943,0.434964,0.0381801,-0.0956728,-0.0150053,0.10071,-0.343101,-0.0606578,0.480118,-0.0619364,0.0476093,-0.0218211,0.733,0.187735,0.0748571,-0.979363,0.6,0,0,0.900918,0.853113,1.55203
4.06448,0.797764,7.78229,0.108393,0.174369,0.0418594,-0.0744494,0.194766,0.0136601,4.06448,0.797764,7.78229,0.108393,0.174369,0.0418594,-0.0744494,0.194766,0.0136601,0.0535877,0.239935,-0.185793,0.298805,-0.0873906,0.0235841,-1.50606,-0.120105,-0.164809,2.35281,-0.124312,0.17237,-0.122403,-0.126727,-0.180623,0.165539,0.387257,0.0774814,0.425447,0.0252925,-0.099077,-0.0173664,0.0296242,-0.389539,-0.0814515,0.441885,-0.0485868,0.0411701,-0.0263625,0,0,0,0,0,0,0,0,0,0,0,0,0,0,0,0,0,0,0,0,0,0,0,0,0,0,0,0,0,-0.264916,-0.0173936,0.248296,0.971686,-0.663687,0.128925,-0.908976,0.00430963,-0.135968,2.27035,0.190305,0.173347,-0.11783,0.0417633,-0.25686,0.326458,0.263147,0.000159667,0.607744,0.0472033,-0.0581025,-0.0187288,0.317189,-0.279197,-0.0447289,0.62114,-0.0714055,0.0643259,-0.0202699,3.32334,-0.315147,-0.640602,-4.34116,1.04311,0.524906,-6.49063,-1.31627,-1.28996,2.58493,-4.03403,-0.149106,0.405612,-0.75538,-0.528518,0.250931,-0.492705,0.152824,-0.60939,-0.121775,-0.112814,-0.059338,0.610889,-0.397983,-0.441773,0.361047,0.157533,0.329548,-0.0544824,9.47033,29.8855,-21.7736,-33.8742,9.2598,-3.96937,-10.3436,-2.93928,4.0975,-1.86044,0.136628,-0.0782602,-1.63839,-4.01148,4.85293,-1.90665,2.10206,0.792091,-1.92613,-0.0182897,-0.511057,0.126144,-3.60649,-0.566348,0.183143,-2.35671,-0.0061313,-0.62229,0.0350972,0,0,0,0,0,0,0,0,0,0,0,0,0,0,0,0,0,0,0,0,0,0,0,0,0,0,0,0,0,2.55789,6.3088,2.55789,6.3088,1.81445,1.81445,2.55789,6.3088,2.55789,6.3088,1.81445,1.81445,2.55789,1.81445,1.81445,0.907223,0.907223,0.907223,0.907223,0.907223,1.06814,1.06814,0.907223,0.907223,0.907223,0.907223,0.907223,1.06814,1.06814,40.1792,99.0984,40.1792,99.0984,28.5012,28.5012,40.1792,99.0984,40.1792,99.0984,28.5012,28.5012,40.1792,28.5012,28.5012,14.2506,14.2506,14.2506,14.2506,14.2506,16.7783,16.7783,14.2506,14.2506,14.2506,14.2506,14.2506,16.7783,16.7783,0,0,0,0,0,0,0,0,0,0,0,0,0,0,0,0,0,0,0,0,0,0,0,0,0,0,0,0,0,0,0,0,0,0,0,0,0,0,0,0,0,0,0,0,0,0,0,0,0,0,0,0,0,0,0,0,0,0,0,0,0,0,0,0,0,0,0,0,0,0,0,0,0,0,0,0,0,0,0,0,0,0,0,0,0,0,0,0,0,0,0,0,0,0,0,0,0,0,0,0,0,0,0,0,0,0,0,0,0,0,0,0,0,0,0,0,0,-0.0744494,0.194766,0.0136601,-0.0785746,-0.388474,-0.411839,0.426965,-0.432167,-0.288951,0.176665,-0.185717,-0.223548,-0.397997,-0.360519,0.667684,-2.18075,0.0576694,-0.110783,0.684235,-0.342509,-1.32988,0.552612,-0.339319,-0.300995,-0.233104,-0.353854,-1.0557,4.80181,0.628417,0.544233,0.0537742,0.393021,0.0535877,0.239935,-0.185793,0.298805,-0.0873906,0.0235841,-1.50606,-0.120105,-0.164809,2.35281,-0.124312,0.17237,-0.122403,-0.126727,-0.180623,0.165539,0.387257,0.0774814,0.425447,0.0252925,-0.099077,-0.0173664,0.0296242,-0.389539,-0.0814515,0.441885,-0.0485868,0.0411701,-0.0263625,0.768,0.193537,0.0729743,-0.978375,0.6,0,0,0.900918,0.853113,1.55203
0.350708,-1.85225,9.63092,0.0628709,0.0504361,0.105892,-0.0726104,0.197502,0.0149758,0.350708,-1.85225,9.63092,0.0628709,0.0504361,0.105892,-0.0726104,0.197502,0.0149758,-0.0835869,0.204928,-0.0166829,0.221555,0.137235,-0.0815953,-1.37965,-0.157165,-0.232253,2.17636,-0.130326,0.164213,-0.0913697,-0.124111,-0.202691,0.114262,0.382765,0.0753256,0.410986,0.0119019,-0.096901,-0.0170531,0.00626429,-0.433216,-0.092843,0.405344,-0.0295217,0.0292242,-0.0264905,0,0,0,0,0,0,0,0,0,0,0,0,0,0,0,0,0,0,0,0,0,0,0,0,0,0,0,0,0,-0.193478,-0.023071,0.235051,0.884367,-0.636473,0.131709,-1.03074,-0.0256935,-0.155244,2.29994,0.108584,0.172937,-0.108739,0.0275772,-0.270931,0.326695,0.255279,0.00526975,0.59637,0.0422275,-0.0608391,-0.0201846,0.323926,-0.284357,-0.052423,0.626834,-0.0656925,0.0701012,-0.0215858,3.70922,-0.204849,-0.726124,-4.4357,1.45247,-0.0740236,-5.81938,-1.56395,-0.771357,0.682637,-3.84949,0.0184315,0.492002,-0.742404,-0.695728,-0.144524,-0.302844,0.290126,-0.544159,-0.258613,-0.133857,-0.0622414,0.169942,-0.171649,-0.329247,0.177961,0.29195,0.24711,-0.0632797,0.708726,27.4617,-15.1699,-30.7005,13.2263,-2.96541,-4.54422,0.161518,1.63622,0.17548,0.287789,-0.0457367,-1.7402,-3.11217,3.82552,-2.19863,2.16851,0.774295,-1.95544,-0.00742454,-0.500437,0.115858,-4.37121,-1.33152,-0.112384,-2.81425,-0.0205659,-0.753829,-0.0128466,0,0,0,0,0,0,0,0,0,0,0,0,0,0,0,0,0,0,0,0,0,0,0,0,0,0,0,0,0,2.55789,6.3088,2.55789,6.3088,1.81445,1.81445,2.55789,6.3088,2.55789,6.3088,1.81445,1.81445,2.55789,1.81445,1.81445,0.907223,0.907223,0.907223,0.907223,0.907223,1.06814,1.06814,0.907223,0.907223,0.907223,0.907223,0.907223,1.06814,1.06814,40.1792,99.0984,40.1792,99.0984,28.5012,28.5012,40.1792,99.0984,40.1792,99.0984,28.5012,28.5012,40.1792,28.5012,28.5012,14.2506,14.2506,14.2506,14.2506,14.2506,16.7783,16.7783,14.2506,14.2506,14.2506,14.2506,14.2506,16.7783,16.7783,0,0,0,0,0,0,0,0,0,0,0,0,0,0,0,0,0,0,0,0,0,0,0,0,0,0,0,0,0,0,0,0,0,0,0,0,0,0,0,0,0,0,0,0,0,0,0,0,0,0,0,0,0,0,0,0,0,0,0,0,0,0,0,0,0,0,0,0,0,0,0,0,0,0,0,0,0,0,0,0,0,0,0,0,0,0,0,0,0,0,0,0,0,0,0,0,0,0,0,0,0,0,0,0,0,0,0,0,0,0,0,0,0,0,0,0,0,-0.0726104,0.197502,0.0149758,-0.195491,-0.441737,-0.462155,0.416722,-0.531757,-0.282985,0.17175,-0.211691,-0.166871,-0.430971,-0.443835,0.417158,-1.94988,0.0271375,-0.0673124,0.584403,-0.448197,-1.30067,0.392267,-0.0304684,-0.424171,-0.228898,-0.355573,-1.276,4.29863,1.14058,0.53052,-0.186045,0.374423,-0.0835869,0.204928,-0.0166829,0.221555,0.137235,-0.0815953,-1.37965,-0.157165,-0.232253,2.17636,-0.130326,0.164213,-0.0913697,-0.124111,-0.202691,0.114262,0.382765,0.0753256,0.410986,0.0119019,-0.096901,-0.0170531,0.00626429,-0.433216,-0.092843,0.405344,-0.0295217,0.0292242,-0.0264905,0.982,0.196221,0.0711363,-0.977976,0.6,0,0,0.913664,0.837184,1.5388
-0.528112,-2.65776,10.4825,0.0215114,-0.0499441,0.115031,-0.071258,0.197792,0.0171608,-0.528112,-2.65776,10.4825,0.0215114,-0.0499441,0.115031,-0.071258,0.197792,0.0171608,-0.204082,0.163857,0.118468,0.151256,0.392045,-0.181138,-1.21329,-0.122783,-0.343825,2.01383,-0.143615,0.156782,-0.0595975,-0.126467,-0.210152,0.0474709,0.345852,0.0581412,0.411194,-0.00228558,-0.0935701,-0.019039,0.0124438,-0.484693,-0.112286,0.381178,-0.015103,0.0179763,-0.0268412,0,0,0,0,0,0,0,0,0,0,0,0,0,0,0,0,0,0,0,0,0,0,0,0,0,0,0,0,0,-0.115399,-0.0212816,0.224363,0.789013,-0.605059,0.120107,-1.13652,-0.0602871,-0.172335,2.28369,0.0452677,0.170697,-0.0968358,0.0114019,-0.28408,0.31892,0.25103,0.0114814,0.587063,0.0348184,-0.0622577,-0.0208481,0.322367,-0.286405,-0.0571577,0.626496,-0.0564097,0.0727599,-0.0223589,3.82564,0.254976,-0.426155,-4.87311,1.94168,-0.684547,-4.95086,-1.834,-0.867365,-1.77325,-2.85904,-0.118753,0.671666,-0.799865,-0.501853,-0.549741,-0.11668,0.306237,-0.447223,-0.364107,-0.0382232,-0.0181214,-0.244051,-0.0452928,-0.161971,-0.197561,0.463814,0.0570696,-0.0235491,-8.39503,20.9905,-8.55415,-26.1413,18.2072,-4.3593,2.65859,1.52151,-0.186755,-0.67162,0.104251,0.0353832,-1.41368,-2.40779,3.26302,-2.46428,2.00595,0.638855,-2.12166,0.00331132,-0.53993,0.0846009,-4.32464,-2.03536,-0.353449,-3.00942,-0.037348,-0.805773,-0.0432111,0,0,0,0,0,0,0,0,0,0,0,0,0,0,0,0,0,0,0,0,0,0,0,0,0,0,0,0,0,2.55789,6.3088,2.55789,6.3088,1.81445,1.81445,2.55789,6.3088,2.55789,6.3088,1.81445,1.81445,2.55789,1.81445,1.81445,0.907223,0.907223,0.907223,0.907223,0.907223,1.06814,1.06814,0.907223,0.907223,0.907223,0.907223,0.907223,1.06814,1.06814,40.1792,99.0984,40.1792,99.0984,28.5012,28.5012,40.1792,99.0984,40.1792,99.0984,28.5012,28.5012,40.1792,28.5012,28.5012,14.2506,14.2506,14.2506,14.2506,14.2506,16.7783,16.7783,14.2506,14.2506,14.2506,14.2506,14.2506,16.7783,16.7783,0,0,0,0,0,0,0,0,0,0,0,0,0,0,0,0,0,0,0,0,0,0,0,0,0,0,0,0,0,0,0,0,0,0,0,0,0,0,0,0,0,0,0,0,0,0,0,0,0,0,0,0,0,0,0,0,0,0,0,0,0,0,0,0,0,0,0,0,0,0,0,0,0,0,0,0,0,0,0,0,0,0,0,0,0,0,0,0,0,0,0,0,0,0,0,0,0,0,0,0,0,0,0,0,0,0,0,0,0,0,0,0,0,0,0,0,0,-0.071258,0.197792,0.0171608,-0.347782,-0.427647,-0.479168,0.332556,-0.649128,-0.288358,0.132568,-0.256023,-0.108845,-0.430498,-0.498935,0.197094,-1.64605,-0.00521134,-0.0344363,0.46728,-0.350146,-1.25596,0.241289,0.216362,-0.627938,-0.255555,-0.360281,-1.47648,3.83511,1.72158,0.500219,-0.413014,0.357478,-0.204082,0.163857,0.118468,0.151256,0.392045,-0.181138,-1.21329,-0.122783,-0.343825,2.01383,-0.143615,0.156782,-0.0595975,-0.126467,-0.210152,0.0474709,0.345852,0.0581412,0.411194,-0.00228558,-0.0935701,-0.019039,0.0124438,-0.484693,-0.112286,0.381178,-0.015103,0.0179763,-0.0268412,0.685,0.196505,0.0698096,-0.978015,0.6,0,0,0.913664,0.837184,1.5388
0.255705,-1.72626,9.37771,0.0018457,-0.0735602,0.0700694,-0.0705107,0.197021,0.0191989,0.255705,-1.72626,9.37771,0.0018457,-0.0735602,0.0700694,-0.0705107,0.197021,0.0191989,-0.357307,0.0781176,0.253207,0.0848596,0.5236,-0.2618,-0.973779,-0.108163,-0.440582,1.78513,-0.120041,0.118362,-0.0256574,-0.163959,-0.17575,-0.00365409,0.307487,0.04063,0.433659,-0.0151792,-0.0808014,-0.012341,0.0635987,-0.459883,-0.101918,0.383944,-0.00158569,0.0020603,-0.0200196,0,0,0,0,0,0,0,0,0,0,0,0,0,0,0,0,0,0,0,0,0,0,0,0,0,0,0,0,0,-0.0361944,-0.00916616,0.22296,0.682571,-0.568015,0.0965756,-1.22145,-0.0920881,-0.196102,2.2213,-0.00524453,0.166483,-0.084884,-0.00731463,-0.292127,0.302146,0.24969,0.0172306,0.580732,0.025423,-0.062293,-0.0210212,0.312748,-0.287146,-0.0593815,0.61728,-0.0452697,0.0711987,-0.0223062,3.79059,0.714085,-0.0502836,-5.46131,1.86676,-1.51891,-3.81767,-1.42348,-1.38963,-3.87894,-2.38445,-0.199665,0.588803,-0.959164,-0.164891,-0.999479,-0.0115885,0.264294,-0.292884,-0.451985,0.0246592,-0.00312959,-0.644488,-0.0391315,-0.0546834,-0.674806,0.528421,-0.151537,0.0145206,-16.3317,12.7594,-4.1824,-19.2703,24.11,-5.31386,9.95841,5.8446,-2.55862,2.60501,0.292264,0.0925618,-0.425893,-1.70189,2.76018,-2.77058,1.39503,0.344238,-2.17077,0.0151117,-0.549092,0.0369781,-3.73883,-2.783,-0.694169,-2.81384,-0.0494392,-0.749132,-0.0899544,0,0,0,0,0,0,0,0,0,0,0,0,0,0,0,0,0,0,0,0,0,0,0,0,0,0,0,0,0,2.55789,6.3088,2.55789,6.3088,1.81445,1.81445,2.55789,6.3088,2.55789,6.3088,1.81445,1.81445,2.55789,1.81445,1.81445,0.907223,0.907223,0.907223,0.907223,0.907223,1.06814,1.06814,0.907223,0.907223,0.907223,0.907223,0.907223,1.06814,1.06814,40.1792,99.0984,40.1792,99.0984,28.5012,28.5012,40.1792,99.0984,40.1792,99.0984,28.5012,28.5012,40.1792,28.5012,28.5012,14.2506,14.2506,14.2506,14.2506,14.2506,16.7783,16.7783,14.2506,14.2506,14.2506,14.2506,14.2506,16.7783,16.7783,0,0,0,0,0,0,0,0,0,0,0,0,0,0,0,0,0,0,0,0,0,0,0,0,0,0,0,0,0,0,0,0,0,0,0,0,0,0,0,0,0,0,0,0,0,0,0,0,0,0,0,0,0,0,0,0,0,0,0,0,0,0,0,0,0,0,0,0,0,0,0,0,0,0,0,0,0,0,0,0,0,0,0,0,0,0,0,0,0,0,0,0,0,0,0,0,0,0,0,0,0,0,0,0,0,0,0,0,0,0,0,0,0,0,0,0,0,-0.0705107,0.197021,0.0191989,-0.464352,-0.311008,-0.400728,0.24508,-0.592559,-0.373843,0.0926404,-0.232384,-0.0468589,-0.379275,-0.49263,-0.0827451,-1.20863,-0.0346101,-0.00361554,0.222772,-0.308454,-1.08457,0.0276547,0.46244,-0.804648,-0.165649,-0.268716,-1.66582,3.18294,2.37645,0.553971,-0.631293,0.269876,-0.357307,0.0781176,0.253207,0.0848596,0.5236,-0.2618,-0.973779,-0.108163,-0.440582,1.78513,-0.120041,0.118362,-0.0256574,-0.163959,-0.17575,-0.00365409,0.307487,0.04063,0.433659,-0.0151792,-0.0808014,-0.012341,0.0635987,-0.459883,-0.101918,0.383944,-0.00158569,0.0020603,-0.0200196,0.671,0.195749,0.0690893,-0.978217,0.6,0,0,0.932361,0.545452,1.55096
-0.988673,-2.25457,9.51711,0.00593571,-0.00633719,0.0117819,-0.0700334,0.196688,0.0201609,-0.988673,-2.25457,9.51711,0.00593571,-0.00633719,0.0117819,-0.0700334,0.196688,0.0201609,-0.485699,-0.0146687,0.340236,0.0230584,0.5236,-0.2618,-0.699426,-0.0817495,-0.496114,1.55338,-0.064992,0.04265,0.0136633,-0.221449,-0.106859,-0.0447069,0.253843,0.00928256,0.461125,-0.0345001,-0.0634803,-0.00566029,0.156007,-0.345142,-0.057421,0.397845,0.00446341,-0.0133822,-0.0116953,0,0,0,0,0,0,0,0,0,0,0,0,0,0,0,0,0,0,0,0,0,0,0,0,0,0,0,0,0,0.0343753,0.00712876,0.225508,0.570871,-0.520072,0.0606273,-1.28123,-0.115618,-0.231802,2.11569,-0.0384285,0.1539,-0.0751585,-0.0267688,-0.292042,0.274821,0.249434,0.0215025,0.579784,0.0148647,-0.0599547,-0.0191746,0.294892,-0.287544,-0.059968,0.60089,-0.0334632,0.0637676,-0.0209189,3.10832,0.779566,0.220785,-5.53497,2.96722,-1.9162,-2.44944,-1.03898,-1.98327,-6.0214,-1.50587,-0.65563,0.470535,-0.853673,0.260389,-1.56652,0.010911,0.183497,0.0271145,-0.497663,0.172903,0.112765,-1.05777,0.00507218,0.0250095,-0.961901,0.550772,-0.443137,0.0848578,-23.7471,2.10782,0.572586,-14.0632,24.7636,-5.86467,18.6534,7.21531,-3.5147,3.65575,0.30786,0.182596,0.844879,-2.32803,2.98091,-2.61483,0.828814,0.105287,-2.11751,0.0233866,-0.525657,-0.00489574,-2.39234,-2.45485,-0.606957,-2.27905,-0.0455344,-0.58016,-0.0732491,0,0,0,0,0,0,0,0,0,0,0,0,0,0,0,0,0,0,0,0,0,0,0,0,0,0,0,0,0,2.55789,6.3088,2.55789,6.3088,1.81445,1.81445,2.55789,6.3088,2.55789,6.3088,1.81445,1.81445,2.55789,1.81445,1.81445,0.907223,0.907223,0.907223,0.907223,0.907223,1.06814,1.06814,0.907223,0.907223,0.907223,0.907223,0.907223,1.06814,1.06814,40.1792,99.0984,40.1792,99.0984,28.5012,28.5012,40.1792,99.0984,40.1792,99.0984,28.5012,28.5012,40.1792,28.5012,28.5012,14.2506,14.2506,14.2506,14.2506,14.2506,16.7783,16.7783,14.2506,14.2506,14.2506,14.2506,14.2506,16.7783,16.7783,0,0,0,0,0,0,0,0,0,0,0,0,0,0,0,0,0,0,0,0,0,0,0,0,0,0,0,0,0,0,0,0,0,0,0,0,0,0,0,0,0,0,0,0,0,0,0,0,0,0,0,0,0,0,0,0,0,0,0,0,0,0,0,0,0,0,0,0,0,0,0,0,0,0,0,0,0,0,0,0,0,0,0,0,0,0,0,0,0,0,0,0,0,0,0,0,0,0,0,0,0,0,0,0,0,0,0,0,0,0,0,0,0,0,0,0,0,-0.0700334,0.196688,0.0201609,-0.557956,-0.100309,-0.24365,0.122766,-0.330939,-0.504927,0.0211652,-0.130925,0.0249536,-0.316649,-0.460934,-0.317231,-0.707567,-0.0786636,0.010177,-0.0418315,-0.233129,-0.852075,-0.179624,0.621383,-0.906067,-0.0759761,-0.156982,-1.84207,2.52204,3.05699,0.679488,-0.817255,0.0972462,-0.485699,-0.0146687,0.340236,0.0230584,0.5236,-0.2618,-0.699426,-0.0817495,-0.496114,1.55338,-0.064992,0.04265,0.0136633,-0.221449,-0.106859,-0.0447069,0.253843,0.00928256,0.461125,-0.0345001,-0.0634803,-0.00566029,0.156007,-0.345142,-0.057421,0.397845,0.00446341,-0.0133822,-0.0116953,0.607,0.195422,0.0686269,-0.978315,0.6,0,0,0.956589,0.493958,1.58784
-0.313363,-1.85906,8.34668,0.0874461,0.0250886,-0.0126069,-0.0687666,0.197499,0.0202951,-0.313363,-1.85906,8.34668,0.0874461,0.0250886,-0.0126069,-0.0687666,0.197499,0.0202951,-0.555764,-0.0143455,0.344983,-0.0072884,0.5236,-0.2618,-0.449967,0.0237134,-0.548347,1.50479,-0.0696934,-0.0580327,0.037748,-0.226285,-0.028833,-0.0600355,0.142448,-0.0481182,0.464461,-0.0606894,-0.0504819,-0.0091373,0.251667,-0.384501,-0.0691108,0.400469,-0.0108124,-0.0215944,-0.0153888,0,0,0,0,0,0,0,0,0,0,0,0,0,0,0,0,0,0,0,0,0,0,0,0,0,0,0,0,0,0.088434,0.0215744,0.232807,0.460626,-0.44473,0.0254612,-1.31042,-0.130846,-0.278115,1.96974,-0.0509481,0.125643,-0.06797,-0.0434833,-0.282933,0.236422,0.24868,0.0223592,0.585054,0.00206758,-0.0539437,-0.0152443,0.271384,-0.285954,-0.0586045,0.578234,-0.0230881,0.0510373,-0.0187452,2.21348,0.602176,0.417157,-5.34223,4.3175,-1.90317,-0.816096,-0.634385,-2.45263,-7.87058,-0.517353,-1.44104,0.377298,-0.702724,0.744119,-2.07466,-0.0584491,-0.0370451,0.308954,-0.613511,0.356609,0.196994,-1.2243,0.156934,0.143471,-1.27679,0.462992,-0.687056,0.115119,-28.8793,-7.51039,3.28045,-10.2986,20.1699,-5.00983,26.839,8.7943,-2.68922,6.75415,0.442223,0.254426,2.40241,-3.74594,3.85055,-2.19269,0.126946,-0.165354,-2.05747,0.0357899,-0.530398,-0.0511857,-0.571023,-0.965151,-0.0919846,-1.47798,-0.0276826,-0.367265,-0.00124149,0,0,0,0,0,0,0,0,0,0,0,0,0,0,0,0,0,0,0,0,0,0,0,0,0,0,0,0,0,2.55789,6.3088,2.55789,6.3088,1.81445,1.81445,2.55789,6.3088,2.55789,6.3088,1.81445,1.81445,2.55789,1.81445,1.81445,0.907223,0.907223,0.907223,0.907223,0.907223,1.06814,1.06814,0.907223,0.907223,0.907223,0.907223,0.907223,1.06814,1.06814,40.1792,99.0984,40.1792,99.0984,28.5012,28.5012,40.1792,99.0984,40.1792,99.0984,28.5012,28.5012,40.1792,28.5012,28.5012,14.2506,14.2506,14.2506,14.2506,14.2506,16.7783,16.7783,14.2506,14.2506,14.2506,14.2506,14.2506,16.7783,16.7783,0,0,0,0,0,0,0,0,0,0,0,0,0,0,0,0,0,0,0,0,0,0,0,0,0,0,0,0,0,0,0,0,0,0,0,0,0,0,0,0,0,0,0,0,0,0,0,0,0,0,0,0,0,0,0,0,0,0,0,0,0,0,0,0,0,0,0,0,0,0,0,0,0,0,0,0,0,0,0,0,0,0,0,0,0,0,0,0,0,0,0,0,0,0,0,0,0,0,0,0,0,0,0,0,0,0,0,0,0,0,0,0,0,0,0,0,0,-0.0687666,0.197499,0.0202951,-0.592907,0.117807,-0.0657421,-0.131225,-0.42068,-0.515952,-0.109714,-0.15758,0.0689403,-0.309043,-0.454951,-0.445194,-0.251973,-0.138378,-0.0246533,-0.0409099,0.0676247,-0.677602,-0.289854,0.630053,-1.00146,-0.122647,-0.206558,-1.92861,2.38348,3.75896,0.668768,-0.876459,-0.13232,-0.555764,-0.0143455,0.344983,-0.0072884,0.5236,-0.2618,-0.449967,0.0237134,-0.548347,1.50479,-0.0696934,-0.0580327,0.037748,-0.226285,-0.028833,-0.0600355,0.142448,-0.0481182,0.464461,-0.0606894,-0.0504819,-0.0091373,0.251667,-0.384501,-0.0691108,0.400469,-0.0108124,-0.0215944,-0.0153888,0.621,0.196217,0.0673767,-0.978243,0.6,0,0,0.956589,0.493958,1.58784
1.39762,-1.23688,6.69358,0.182127,-0.150276,-0.0436393,-0.0658599,0.196678,0.0199079,1.39762,-1.23688,6.69358,0.182127,-0.150276,-0.0436393,-0.0658599,0.196678,0.0199079,-0.490427,0.0166673,0.312015,0.0234475,0.5236,-0.2618,-0.346196,0.0640723,-0.576814,1.44101,-0.156089,-0.139958,0.0503759,-0.252027,-0.00147015,-0.0238249,0.0964174,-0.0809473,0.469773,-0.0745868,-0.0411262,-0.0161794,0.321359,-0.324345,-0.0382484,0.411442,-0.0199235,-0.0248722,-0.0176134,0,0,0,0,0,0,0,0,0,0,0,0,0,0,0,0,0,0,0,0,0,0,0,0,0,0,0,0,0,0.126881,0.0344317,0.242328,0.359811,-0.352191,-0.0181622,-1.30638,-0.132193,-0.331257,1.81141,-0.0651767,0.0788286,-0.062858,-0.0589507,-0.264512,0.19276,0.245026,0.0180465,0.589942,-0.0142366,-0.0451166,-0.0116801,0.248381,-0.283064,-0.0538765,0.548535,-0.0186855,0.0359185,-0.0170948,1.53241,0.589148,0.419902,-4.67301,4.80745,-2.28083,0.825095,0.227561,-2.70285,-7.594,-0.7972,-2.3176,0.292391,-0.736119,1.19044,-2.17421,-0.286045,-0.325076,0.135916,-0.785255,0.431982,0.145428,-1.06014,0.137086,0.305589,-1.59475,0.137678,-0.765204,0.0758629,-31.503,-8.62267,3.03754,-7.19518,16.5605,-2.9544,32.614,14.216,-1.9919,16.8781,1.26588,0.307154,3.39797,-3.41904,4.75616,-1.67931,-1.22731,-0.67312,-1.93919,0.0510544,-0.552515,-0.117169,0.998681,-1.56403,-0.475995,-0.721298,-0.0141758,-0.167518,-0.0494731,0,0,0,0,0,0,0,0,0,0,0,0,0,0,0,0,0,0,0,0,0,0,0,0,0,0,0,0,0,2.55789,6.3088,2.55789,6.3088,1.81445,1.81445,2.55789,6.3088,2.55789,6.3088,1.81445,1.81445,2.55789,1.81445,1.81445,0.907223,0.907223,0.907223,0.907223,0.907223,1.06814,1.06814,0.907223,0.907223,0.907223,0.907223,0.907223,1.06814,1.06814,40.1792,99.0984,40.1792,99.0984,28.5012,28.5012,40.1792,99.0984,40.1792,99.0984,28.5012,28.5012,40.1792,28.5012,28.5012,14.2506,14.2506,14.2506,14.2506,14.2506,16.7783,16.7783,14.2506,14.2506,14.2506,14.2506,14.2506,16.7783,16.7783,0,0,0,0,0,0,0,0,0,0,0,0,0,0,0,0,0,0,0,0,0,0,0,0,0,0,0,0,0,0,0,0,0,0,0,0,0,0,0,0,0,0,0,0,0,0,0,0,0,0,0,0,0,0,0,0,0,0,0,0,0,0,0,0,0,0,0,0,0,0,0,0,0,0,0,0,0,0,0,0,0,0,0,0,0,0,0,0,0,0,0,0,0,0,0,0,0,0,0,0,0,0,0,0,0,0,0,0,0,0,0,0,0,0,0,0,0,-0.0658599,0.196678,0.0199079,-0.510343,0.276711,-0.00335209,-0.236179,-0.28352,-0.574647,-0.184568,-0.0872101,0.092003,-0.29693,-0.429931,-0.325866,-0.0624535,-0.170065,-0.0454276,0.0475309,0.182718,-0.552022,-0.333851,0.569841,-1.05345,-0.217171,-0.236419,-1.84096,2.20157,4.42218,0.471777,-0.971192,-0.319119,-0.490427,0.0166673,0.312015,0.0234475,0.5236,-0.2618,-0.346196,0.0640723,-0.576814,1.44101,-0.156089,-0.139958,0.0503759,-0.252027,-0.00147015,-0.0238249,0.0964174,-0.0809473,0.469773,-0.0745868,-0.0411262,-0.0161794,0.321359,-0.324345,-0.0382484,0.411442,-0.0199235,-0.0248722,-0.0176134,0.887,0.195412,0.0645435,-0.978595,0.6,0,0,0.982407,0.473869,1.6277
1.90127,-1.27938,5.71455,0.265637,-0.314191,-0.0239431,-0.0611023,0.192533,0.0194571,1.90127,-1.27938,5.71455,0.265637,-0.314191,-0.0239431,-0.0611023,0.192533,0.0194571,-0.369311,0.0357704,0.283389,0.104748,0.5236,-0.2618,-0.295716,0.107044,-0.566201,1.35201,-0.304938,-0.220172,0.0664941,-0.276403,0.00114073,0.0338759,0.0715447,-0.0915521,0.482304,-0.0878753,-0.0311131,-0.0217109,0.369372,-0.317371,-0.0377601,0.417017,-0.0297662,-0.0262945,-0.0178021,0,0,0,0,0,0,0,0,0,0,0,0,0,0,0,0,0,0,0,0,0,0,0,0,0,0,0,0,0,0.151803,0.0486387,0.246764,0.28064,-0.258476,-0.0649553,-1.27019,-0.121766,-0.388547,1.66955,-0.0976534,0.0214349,-0.0545985,-0.0767018,-0.241041,0.149316,0.236151,0.00795608,0.588528,-0.0305983,-0.0367785,-0.0104239,0.229448,-0.280392,-0.0464889,0.515074,-0.0185064,0.0202551,-0.0168164,0.93674,0.681226,0.0711068,-3.38941,4.57086,-2.17262,2.37759,0.66542,-2.83965,-6.51568,-1.76579,-2.71345,0.54131,-0.869491,1.29174,-2.10587,-0.555022,-0.624604,-0.230226,-0.744314,0.358137,0.0140533,-0.815421,0.167691,0.408414,-1.65961,-0.0251374,-0.761927,0.00361319,-28.3304,-7.5175,2.40517,-4.05001,14.2172,-1.71396,31.4401,14.4128,-0.4456,18.2137,1.5072,0.328731,2.95935,-3.40995,4.64894,-0.595801,-1.52273,-0.735448,-1.51943,0.0502243,-0.463965,-0.119262,2.05904,-0.761809,-0.237362,-0.00544368,0.00186039,0.0428867,-0.015091,0,0,0,0,0,0,0,0,0,0,0,0,0,0,0,0,0,0,0,0,0,0,0,0,0,0,0,0,0,2.55789,6.3088,2.55789,6.3088,1.81445,1.81445,2.55789,6.3088,2.55789,6.3088,1.81445,1.81445,2.55789,1.81445,1.81445,0.907223,0.907223,0.907223,0.907223,0.907223,1.06814,1.06814,0.907223,0.907223,0.907223,0.907223,0.907223,1.06814,1.06814,40.1792,99.0984,40.1792,99.0984,28.5012,28.5012,40.1792,99.0984,40.1792,99.0984,28.5012,28.5012,40.1792,28.5012,28.5012,14.2506,14.2506,14.2506,14.2506,14.2506,16.7783,16.7783,14.2506,14.2506,14.2506,14.2506,14.2506,16.7783,16.7783,0,0,0,0,0,0,0,0,0,0,0,0,0,0,0,0,0,0,0,0,0,0,0,0,0,0,0,0,0,0,0,0,0,0,0,0,0,0,0,0,0,0,0,0,0,0,0,0,0,0,0,0,0,0,0,0,0,0,0,0,0,0,0,0,0,0,0,0,0,0,0,0,0,0,0,0,0,0,0,0,0,0,0,0,0,0,0,0,0,0,0,0,0,0,0,0,0,0,0,0,0,0,0,0,0,0,0,0,0,0,0,0,0,0,0,0,0,-0.0611023,0.192533,0.0194571,-0.378779,0.386184,0.00260098,-0.292891,-0.267618,-0.630225,-0.208748,-0.0860967,0.12144,-0.268359,-0.417218,-0.104668,0.0297391,-0.200364,-0.0678699,0.102008,0.305262,-0.41762,-0.352942,0.517561,-1.03407,-0.291418,-0.238951,-1.60911,1.94777,4.97158,0.132387,-1.13666,-0.502013,-0.369311,0.0357704,0.283389,0.104748,0.5236,-0.2618,-0.295716,0.107044,-0.566201,1.35201,-0.304938,-0.220172,0.0664941,-0.276403,0.00114073,0.0338759,0.0715447,-0.0915521,0.482304,-0.0878753,-0.0311131,-0.0217109,0.369372,-0.317371,-0.0377601,0.417017,-0.0297662,-0.0262945,-0.0178021,0.67,0.191346,0.059936,-0.979691,0.6,0,0,0.982407,0.473869,1.6277
2.55387,-1.44919,4.94657,0.308716,-0.454438,0.00454791,-0.0550984,0.185648,0.0195715,2.55387,-1.44919,4.94657,0.308716,-0.454438,0.00454791,-0.0550984,0.185648,0.0195715,-0.233586,0.0369408,0.282534,0.222248,0.5236,-0.2618,-0.216574,0.163509,-0.52618,1.15631,-0.459087,-0.2618,0.0567911,-0.30169,-0.00598592,0.119496,0.0860903,-0.0753444,0.479066,-0.100983,-0.0225368,-0.02331,0.384479,-0.308561,-0.0361845,0.443223,-0.0416919,-0.0269891,-0.0129272,0,0,0,0,0,0,0,0,0,0,0,0,0,0,0,0,0,0,0,0,0,0,0,0,0,0,0,0,0,0.166771,0.063346,0.244117,0.231583,-0.173279,-0.104432,-1.20514,-0.101407,-0.442339,1.5477,-0.157714,-0.0420191,-0.0412042,-0.0948447,-0.219611,0.108554,0.221772,-0.00552065,0.579716,-0.0460506,-0.0303716,-0.0115861,0.215269,-0.276169,-0.0386655,0.482663,-0.0211652,0.0058736,-0.0166725,0.532842,0.651748,-0.230778,-1.8062,4.05771,-1.79294,3.72031,1.19428,-2.43521,-5.63651,-3.14552,-2.97435,0.783282,-0.80364,1.07928,-1.92324,-0.829333,-0.720609,-0.555133,-0.704365,0.25871,-0.0872339,-0.557021,0.262605,0.384979,-1.52917,-0.147561,-0.670098,0.0108675,-23.0061,-6.97791,2.14482,-0.824546,12.668,-1.2677,27.4708,13.421,1.2386,15.9211,1.47687,0.321612,2.45276,-3.67801,4.4667,0.656544,-1.43126,-0.602752,-0.913614,0.0443698,-0.297876,-0.082973,2.72861,-0.805469,-0.326425,0.434544,0.0109191,0.168483,-0.0293153,0,0,0,0,0,0,0,0,0,0,0,0,0,0,0,0,0,0,0,0,0,0,0,0,0,0,0,0,0,2.55789,6.3088,2.55789,6.3088,1.81445,1.81445,2.55789,6.3088,2.55789,6.3088,1.81445,1.81445,2.55789,1.81445,1.81445,0.907223,0.907223,0.907223,0.907223,0.907223,1.06814,1.06814,0.907223,0.907223,0.907223,0.907223,0.907223,1.06814,1.06814,40.1792,99.0984,40.1792,99.0984,28.5012,28.5012,40.1792,99.0984,40.1792,99.0984,28.5012,28.5012,40.1792,28.5012,28.5012,14.2506,14.2506,14.2506,14.2506,14.2506,16.7783,16.7783,14.2506,14.2506,14.2506,14.2506,14.2506,16.7783,16.7783,0,0,0,0,0,0,0,0,0,0,0,0,0,0,0,0,0,0,0,0,0,0,0,0,0,0,0,0,0,0,0,0,0,0,0,0,0,0,0,0,0,0,0,0,0,0,0,0,0,0,0,0,0,0,0,0,0,0,0,0,0,0,0,0,0,0,0,0,0,0,0,0,0,0,0,0,0,0,0,0,0,0,0,0,0,0,0,0,0,0,0,0,0,0,0,0,0,0,0,0,0,0,0,0,0,0,0,0,0,0,0,0,0,0,0,0,0,-0.0550984,0.185648,0.0195715,-0.183557,0.42063,-0.0136485,-0.259725,-0.24753,-0.687882,-0.171793,-0.0825042,0.103719,-0.275743,-0.357467,0.143209,0.174279,-0.230251,-0.0950616,0.105346,0.466286,-0.302503,-0.362265,0.516,-0.960977,-0.312882,-0.173517,-1.27403,1.38968,5.49903,-0.219089,-1.32841,-0.65272,-0.233586,0.0369408,0.282534,0.222248,0.5236,-0.2618,-0.216574,0.163509,-0.52618,1.15631,-0.459087,-0.2618,0.0567911,-0.30169,-0.00598592,0.119496,0.0860903,-0.0753444,0.479066,-0.100983,-0.0225368,-0.02331,0.384479,-0.308561,-0.0361845,0.443223,-0.0416919,-0.0269891,-0.0129272,0.674,0.184584,0.0541242,-0.981325,0.6,0,0,1.00927,0.478379,1.66251
0.748372,-1.2906,7.67205,0.404276,-0.354835,-0.0351996,-0.0474063,0.17875,0.0196844,0.748372,-1.2906,7.67205,0.404276,-0.354835,-0.0351996,-0.0474063,0.17875,0.0196844,-0.226427,-0.00354663,0.278496,0.378138,0.5236,-0.2618,0.0157425,0.234479,-0.355615,0.92042,-0.684329,-0.2618,-0.0124424,-0.264988,0.0485838,0.248271,0.190394,-0.00711637,0.491347,-0.113256,-0.0119678,-0.014987,0.406703,-0.327545,-0.0413723,0.480338,-0.0522002,-0.0350748,0.00269165,0,0,0,0,0,0,0,0,0,0,0,0,0,0,0,0,0,0,0,0,0,0,0,0,0,0,0,0,0,0.175844,0.0849874,0.238575,0.216525,-0.100954,-0.135021,-1.1109,-0.061102,-0.476502,1.4721,-0.286296,-0.0971129,-0.0263636,-0.118692,-0.20767,0.0715878,0.200104,-0.0176811,0.565315,-0.0607621,-0.0254368,-0.0138171,0.202235,-0.270866,-0.0321833,0.459273,-0.0263526,-0.00694147,-0.0154525,0.196685,1.20658,-0.297134,-0.0921028,3.43553,-1.24427,5.2681,2.50323,-1.55171,-3.32543,-6.48112,-2.06821,0.691404,-1.27404,0.537831,-1.68951,-1.20526,-0.574714,-0.817837,-0.676709,0.197428,-0.110254,-0.65177,0.317627,0.311132,-0.860803,-0.263829,-0.553118,0.0733731,-17.1455,-12.2901,2.5068,1.73821,11.7524,-1.32789,23.0589,7.26484,1.85845,-10.9205,6.97054,-0.875736,1.62629,-2.91526,4.88954,2.21224,-0.576693,-0.321237,-0.521036,0.0410061,-0.171391,-0.044372,3.1929,-0.798311,-0.329608,0.581495,0.0203777,0.26377,-0.0343728,0,0,0,0,0,0,0,0,0,0,0,0,0,0,0,0,0,0,0,0,0,0,0,0,0,0,0,0,0,2.55789,6.3088,2.55789,6.3088,1.81445,1.81445,2.55789,6.3088,2.55789,6.3088,1.81445,1.81445,2.55789,1.81445,1.81445,0.907223,0.907223,0.907223,0.907223,0.907223,1.06814,1.06814,0.907223,0.907223,0.907223,0.907223,0.907223,1.06814,1.06814,40.1792,99.0984,40.1792,99.0984,28.5012,28.5012,40.1792,99.0984,40.1792,99.0984,28.5012,28.5012,40.1792,28.5012,28.5012,14.2506,14.2506,14.2506,14.2506,14.2506,16.7783,16.7783,14.2506,14.2506,14.2506,14.2506,14.2506,16.7783,16.7783,0,0,0,0,0,0,0,0,0,0,0,0,0,0,0,0,0,0,0,0,0,0,0,0,0,0,0,0,0,0,0,0,0,0,0,0,0,0,0,0,0,0,0,0,0,0,0,0,0,0,0,0,0,0,0,0,0,0,0,0,0,0,0,0,0,0,0,0,0,0,0,0,0,0,0,0,0,0,0,0,0,0,0,0,0,0,0,0,0,0,0,0,0,0,0,0,0,0,0,0,0,0,0,0,0,0,0,0,0,0,0,0,0,0,0,0,0,-0.0474063,0.17875,0.0196844,0.110063,0.471304,0.110776,-0.0219028,-0.290815,-0.604199,-0.016226,-0.0943329,-0.0227239,-0.247739,-0.27284,0.156284,0.598566,-0.258234,-0.119022,-0.0101141,0.668678,-0.16064,-0.470797,0.508626,-0.64947,-0.201165,0.0361291,-0.829466,0.716989,6.05738,-0.732662,-1.5472,-0.871006,-0.226427,-0.00354663,0.278496,0.378138,0.5236,-0.2618,0.0157425,0.234479,-0.355615,0.92042,-0.684329,-0.2618,-0.0124424,-0.264988,0.0485838,0.248271,0.190394,-0.00711637,0.491347,-0.113256,-0.0119678,-0.014987,0.406703,-0.327545,-0.0413723,0.480338,-0.0522002,-0.0350748,0.00269165,0.585,0.1778,0.0466335,-0.982961,0.6,0,0,1.03808,0.497212,1.70587
6.96794,-3.24629,3.06166,0.14918,-0.872869,0.34965,-0.0397971,0.165756,0.0236402,6.96794,-3.24629,3.06166,0.14918,-0.872869,0.34965,-0.0397971,0.165756,0.0236402,-0.137684,-0.123558,0.258864,0.713085,0.5236,-0.2618,0.237913,0.157405,-0.0172527,0.58514,-0.706297,-0.2618,-0.0948882,-0.159408,0.132773,0.590884,0.374346,0.0812067,0.598739,-0.104777,0.00688318,-3.2119e-05,0.390904,-0.356172,-0.084878,0.544949,-0.0520153,-0.0401627,0.0199442,0,0,0,0,0,0,0,0,0,0,0,0,0,0,0,0,0,0,0,0,0,0,0,0,0,0,0,0,0,0.165953,0.103097,0.227849,0.249531,-0.0105962,-0.159434,-0.946476,0.0184054,-0.486052,1.30779,-0.424856,-0.151866,-0.0113001,-0.133646,-0.19371,0.0357132,0.170952,-0.0292294,0.537916,-0.0783212,-0.0200758,-0.0163226,0.192418,-0.258371,-0.0247478,0.449473,-0.0348603,-0.0212354,-0.00942329,-0.747486,-0.05362,-0.307158,1.92362,3.69461,-0.91081,6.84306,2.78821,0.681498,-7.49462,-4.64094,-1.82119,0.581099,0.284982,0.895931,-1.007,-0.996406,-0.437555,-1.10937,-0.57984,0.140744,-0.0927953,0.152363,0.580936,0.308791,-0.162892,-0.290677,-0.430255,0.237701,-14.0072,-11.085,2.90886,1.24816,8.80303,-1.34068,21.8168,3.64181,3.90283,7.44253,0.984365,0.173373,-1.4782,-3.98945,5.51255,3.98109,1.16784,0.693048,0.320072,0.0293065,-0.0234199,0.11765,3.02542,-1.49021,-0.503906,0.596451,0.0171457,0.236462,-0.0490824,0,0,0,0,0,0,0,0,0,0,0,0,0,0,0,0,0,0,0,0,0,0,0,0,0,0,0,0,0,2.55789,6.3088,2.55789,6.3088,1.81445,1.81445,2.55789,6.3088,2.55789,6.3088,1.81445,1.81445,2.55789,1.81445,1.81445,0.907223,0.907223,0.907223,0.907223,0.907223,1.06814,1.06814,0.907223,0.907223,0.907223,0.907223,0.907223,1.06814,1.06814,40.1792,99.0984,40.1792,99.0984,28.5012,28.5012,40.1792,99.0984,40.1792,99.0984,28.5012,28.5012,40.1792,28.5012,28.5012,14.2506,14.2506,14.2506,14.2506,14.2506,16.7783,16.7783,14.2506,14.2506,14.2506,14.2506,14.2506,16.7783,16.7783,0,0,0,0,0,0,0,0,0,0,0,0,0,0,0,0,0,0,0,0,0,0,0,0,0,0,0,0,0,0,0,0,0,0,0,0,0,0,0,0,0,0,0,0,0,0,0,0,0,0,0,0,0,0,0,0,0,0,0,0,0,0,0,0,0,0,0,0,0,0,0,0,0,0,0,0,0,0,0,0,0,0,0,0,0,0,0,0,0,0,0,0,0,0,0,0,0,0,0,0,0,0,0,0,0,0,0,0,0,0,0,0,0,0,0,0,0,-0.0393762,0.163865,0.0245114,0.891255,0.43528,0.302735,0.397525,-0.356088,-0.363466,0.185159,-0.19353,-0.173297,-0.00287583,-0.125521,0.318359,1.00432,-0.238902,-0.1186,-0.352356,0.448879,0.0923905,-0.539091,0.472771,-0.0315092,-0.000431123,0.267704,0.12572,-0.239147,5.5298,-0.782751,-1.59107,-0.923869,-0.137684,-0.123558,0.258864,0.713085,0.5236,-0.2618,0.237913,0.157405,-0.0172527,0.58514,-0.706297,-0.2618,-0.0948882,-0.159408,0.132773,0.590884,0.374346,0.0812067,0.598739,-0.104777,0.00688318,-3.2119e-05,0.390904,-0.356172,-0.084878,0.544949,-0.0520153,-0.0401627,0.0199442,0.721,0.169583,0.0405115,-0.984683,0.6,0,0,1.03808,0.497212,1.70587
5.65558,-2.90394,-0.452523,-0.0431235,-1.23454,0.619477,-0.0382241,0.151385,0.0311998,5.65558,-2.90394,-0.452523,-0.0431235,-1.23454,0.619477,-0.0382241,0.151385,0.0311998,-0.103364,-0.287206,0.231653,1.30066,0.507668,-0.2618,0.341331,-0.0992777,0.471476,0.400109,-0.298048,-0.2618,-0.144988,0.100428,0.123472,0.790871,0.640488,0.164303,0.711984,-0.0287989,0.0311451,0.0115416,0.423208,-0.277596,-0.0318917,0.555868,-0.0155085,-0.0328483,0.0349152,0,0,0,0,0,0,0,0,0,0,0,0,0,0,0,0,0,0,0,0,0,0,0,0,0,0,0,0,0,0.147387,0.0909718,0.215749,0.303473,0.048979,-0.174162,-0.842207,0.0533013,-0.460003,1.18377,-0.482375,-0.17337,-0.00169508,-0.118621,-0.18128,0.0257005,0.159975,-0.0337726,0.522301,-0.0842291,-0.0189826,-0.0168216,0.196503,-0.248554,-0.0225876,0.453126,-0.0384593,-0.028376,-0.003518,-1.62458,-1.48026,-1.06733,5.1416,6.36974,-1.29784,7.91234,2.26015,2.77622,-9.76787,-3.80779,-1.37511,0.695964,1.62208,0.919609,-0.447792,-0.617325,-0.258039,-1.09606,-0.344295,0.0438121,-0.0080589,0.457275,0.736573,0.0630477,0.491436,-0.229652,-0.477621,0.477567,-7.50399,-13.3441,4.48896,10.9068,3.47016,-0.282262,24.1111,-4.083,11.5834,-0.649609,0.461391,-0.0287552,-5.52336,-3.73963,7.43056,8.54377,3.63948,1.87432,2.06711,0.0229251,0.380444,0.292898,2.45193,-2.18974,-0.956027,0.909175,0.0166895,0.330921,-0.107539,0,0,0,0,0,0,0,0,0,0,0,0,0,0,0,0,0,0,0,0,0,0,0,0,0,0,0,0,0,2.55789,6.3088,2.55789,6.3088,1.81445,1.81445,2.55789,6.3088,2.55789,6.3088,1.81445,1.81445,2.55789,1.81445,1.81445,0.907223,0.907223,0.907223,0.907223,0.907223,1.06814,1.06814,0.907223,0.907223,0.907223,0.907223,0.907223,1.06814,1.06814,40.1792,99.0984,40.1792,99.0984,28.5012,28.5012,40.1792,99.0984,40.1792,99.0984,28.5012,28.5012,40.1792,28.5012,28.5012,14.2506,14.2506,14.2506,14.2506,14.2506,16.7783,16.7783,14.2506,14.2506,14.2506,14.2506,14.2506,16.7783,16.7783,0,0,0,0,0,0,0,0,0,0,0,0,0,0,0,0,0,0,0,0,0,0,0,0,0,0,0,0,0,0,0,0,0,0,0,0,0,0,0,0,0,0,0,0,0,0,0,0,0,0,0,0,0,0,0,0,0,0,0,0,0,0,0,0,0,0,0,0,0,0,0,0,0,0,0,0,0,0,0,0,0,0,0,0,0,0,0,0,0,0,0,0,0,0,0,0,0,0,0,0,0,0,0,0,0,0,0,0,0,0,0,0,0,0,0,0,0,-0.0382241,0.151385,0.0311998,1.34724,0.508936,0.281529,1.00436,-0.176927,0.228986,0.374627,-0.0727164,-0.264795,0.255335,-0.100626,0.381038,1.1932,-0.0656644,-0.0353609,-0.819041,-0.283116,0.41805,-0.440912,0.423074,0.861069,0.154919,0.468655,1.80134,-0.766811,1.98521,0.148097,-1.04332,-0.890883,-0.103364,-0.287206,0.231653,1.30066,0.507668,-0.2618,0.341331,-0.0992777,0.471476,0.400109,-0.298048,-0.2618,-0.144988,0.100428,0.123472,0.790871,0.640488,0.164303,0.711984,-0.0287989,0.0311451,0.0115416,0.423208,-0.277596,-0.0318917,0.555868,-0.0155085,-0.0328483,0.0349152,0.981,0.150807,0.0377777,-0.987841,0.6,0,0,1.06448,0.545126,1.74086
-12.2694,3.61829,13.7415,0.00582837,0.00959635,0.083058,-0.0382651,0.142426,0.0397479,-12.2694,3.61829,13.7415,0.00582837,0.00959635,0.083058,-0.0382651,0.142426,0.0397479,-0.577064,-0.053183,0.16091,1.72552,0.0943926,-0.2618,0.186403,-0.195577,0.735359,0.520987,-0.451858,-0.2618,-0.200604,0.164104,-0.0477119,0.469075,0.524499,0.133427,0.677987,0.0351655,0.00433497,0.0251328,0.473834,-0.129895,0.12374,0.546564,-0.000695585,-0.0431477,0.0532271,0,0,0,0,0,0,0,0,0,0,0,0,0,0,0,0,0,0,0,0,0,0,0,0,0,0,0,0,0,0.110593,0.0461989,0.191609,0.503312,0.159627,-0.198073,-0.757236,0.0634726,-0.415192,1.10949,-0.391143,-0.22627,-0.0132317,-0.0792677,-0.199894,0.0151811,0.157802,-0.0315704,0.505201,-0.0732174,-0.0203658,-0.0148345,0.187071,-0.235304,-0.0190352,0.470344,-0.0340123,-0.0335107,0.00697624,-1.1748,-2.30047,-0.970548,11.8912,5.69715,-1.05008,3.32581,0.467314,2.12117,-0.263864,2.90333,-2.16617,-1.3725,1.66423,-2.45218,-0.396214,0.252011,0.395001,-0.401225,0.719615,-0.10469,0.152238,-1.23516,0.571194,0.325734,1.27167,0.302466,-0.0805521,0.521159,-5.14767,-18.7317,4.19193,6.49133,-0.125328,0.0842327,35.8828,-18.0946,30.3416,-66.3241,-3.43456,3.1256,-2.21628,1.94623,13.1255,11.4868,6.71628,2.49287,3.41253,-0.0169162,0.982044,0.292879,4.33179,-1.12336,-0.436628,0.191565,-0.0123463,0.135968,-0.0760614,0,0,0,0,0,0,0,0,0,0,0,0,0,0,0,0,0,0,0,0,0,0,0,0,0,0,0,0,0,2.55789,6.3088,2.55789,6.3088,1.81445,1.81445,2.55789,6.3088,2.55789,6.3088,1.81445,1.81445,2.55789,1.81445,1.81445,0.907223,0.907223,0.907223,0.907223,0.907223,1.06814,1.06814,0.907223,0.907223,0.907223,0.907223,0.907223,1.06814,1.06814,40.1792,99.0984,40.1792,99.0984,28.5012,28.5012,40.1792,99.0984,40.1792,99.0984,28.5012,28.5012,40.1792,28.5012,28.5012,14.2506,14.2506,14.2506,14.2506,14.2506,16.7783,16.7783,14.2506,14.2506,14.2506,14.2506,14.2506,16.7783,16.7783,0,0,0,0,0,0,0,0,0,0,0,0,0,0,0,0,0,0,0,0,0,0,0,0,0,0,0,0,0,0,0,0,0,0,0,0,0,0,0,0,0,0,0,0,0,0,0,0,0,0,0,0,0,0,0,0,0,0,0,0,0,0,0,0,0,0,0,0,0,0,0,0,0,0,0,0,0,0,0,0,0,0,0,0,0,0,0,0,0,0,0,0,0,0,0,0,0,0,0,0,0,0,0,0,0,0,0,0,0,0,0,0,0,0,0,0,0,-0.0382651,0.142426,0.0397479,0.613517,0.624369,-0.108788,0.739891,0.159846,0.374172,0.304228,0.282141,-0.366369,0.177817,-0.121839,-0.484093,0.910248,0.0801808,-0.001586,-0.151665,-0.557737,0.0581868,-0.579157,0.293875,1.34301,0.337349,0.714449,3.01293,-0.422097,1.0429,-0.202606,-0.656496,-0.906312,-0.577064,-0.053183,0.16091,1.72552,0.0943926,-0.2618,0.186403,-0.195577,0.735359,0.520987,-0.451858,-0.2618,-0.200604,0.164104,-0.0477119,0.469075,0.524499,0.133427,0.677987,0.0351655,0.00433497,0.0251328,0.473834,-0.129895,0.12374,0.546564,-0.000695585,-0.0431477,0.0532271,0.714,0.141945,0.0378684,-0.98915,0.6,0,0,1.06448,0.545126,1.74086
-3.898,-2.1243,12.7201,-0.126786,-0.101252,0.169917,-0.0386136,0.140578,0.0423342,-3.898,-2.1243,12.7201,-0.126786,-0.101252,0.169917,-0.0386136,0.140578,0.0423342,-0.714323,0.0144138,0.153703,1.94484,0.0878146,-0.2618,-0.0244504,-0.252669,0.742645,0.475302,-0.634858,-0.2618,-0.177639,0.0680416,-0.189986,0.345389,0.331367,0.0811613,0.637079,0.0389019,-0.0130841,0.0309852,0.387218,-0.131796,0.142605,0.527878,0.00380317,-0.0473962,0.0520559,0,0,0,0,0,0,0,0,0,0,0,0,0,0,0,0,0,0,0,0,0,0,0,0,0,0,0,0,0,0.0502481,0.0196978,0.177849,0.805955,0.167969,-0.215507,-0.710737,0.0735672,-0.384459,1.1191,-0.367263,-0.251087,-0.0397933,-0.058007,-0.234677,0.0111069,0.168696,-0.0231168,0.515177,-0.0463079,-0.0226267,-0.00862181,0.169399,-0.224186,-0.00158299,0.495213,-0.0250989,-0.0350824,0.0166008,-3.50488,-0.885245,-0.302644,15.5664,-0.716324,-0.754536,2.10556,0.640752,1.41373,0.557713,0.396061,-0.727659,-1.43606,0.889478,-1.5567,-0.0684028,0.78683,0.504102,0.976411,1.37453,-0.0200237,0.343212,-0.606281,0.661805,1.22406,1.16869,0.425917,-0.0777064,0.481432,-16.3657,-1.67229,0.273125,-5.59702,-0.719813,0.0484916,30.9278,-30.3088,41.5618,-62.9288,-3.29773,1.11233,-3.00499,4.78475,8.03048,6.63305,4.43081,1.81481,1.52156,-0.0844157,0.500294,0.20783,4.90748,0.800728,0.758943,-0.29852,-0.0420043,-0.0482552,0.117513,0,0,0,0,0,0,0,0,0,0,0,0,0,0,0,0,0,0,0,0,0,0,0,0,0,0,0,0,0,2.55789,6.3088,2.55789,6.3088,1.81445,1.81445,2.55789,6.3088,2.55789,6.3088,1.81445,1.81445,2.55789,1.81445,1.81445,0.907223,0.907223,0.907223,0.907223,0.907223,1.06814,1.06814,0.907223,0.907223,0.907223,0.907223,0.907223,1.06814,1.06814,40.1792,99.0984,40.1792,99.0984,28.5012,28.5012,40.1792,99.0984,40.1792,99.0984,28.5012,28.5012,40.1792,28.5012,28.5012,14.2506,14.2506,14.2506,14.2506,14.2506,16.7783,16.7783,14.2506,14.2506,14.2506,14.2506,14.2506,16.7783,16.7783,0,0,0,0,0,0,0,0,0,0,0,0,0,0,0,0,0,0,0,0,0,0,0,0,0,0,0,0,0,0,0,0,0,0,0,0,0,0,0,0,0,0,0,0,0,0,0,0,0,0,0,0,0,0,0,0,0,0,0,0,0,0,0,0,0,0,0,0,0,0,0,0,0,0,0,0,0,0,0,0,0,0,0,0,0,0,0,0,0,0,0,0,0,0,0,0,0,0,0,0,0,0,0,0,0,0,0,0,0,0,0,0,0,0,0,0,0,-0.0386136,0.140578,0.0423342,0.331502,0.426875,-0.433188,0.29953,0.155511,0.155142,0.185056,0.325154,-0.324427,0.0845431,-0.164445,-0.734774,0.52516,0.0887003,0.00867161,0.0411045,-0.720548,-0.175624,-0.636183,0.280713,1.35631,0.415904,0.698729,3.63839,-0.552379,1.0279,-0.619862,-0.718176,-0.692238,-0.714323,0.0144138,0.153703,1.94484,0.0878146,-0.2618,-0.0244504,-0.252669,0.742645,0.475302,-0.634858,-0.2618,-0.177639,0.0680416,-0.189986,0.345389,0.331367,0.0811613,0.637079,0.0389019,-0.0130841,0.0309852,0.387218,-0.131796,0.142605,0.527878,0.00380317,-0.0473962,0.0520559,0.631,0.140116,0.0382231,-0.989397,0.6,0,0,1.09953,0.557509,1.85614
-4.04671,-2.4543,12.5994,-0.281769,0.114801,0.257157,-0.042095,0.140368,0.0466849,-4.04671,-2.4543,12.5994,-0.281769,0.114801,0.257157,-0.042095,0.140368,0.0466849,-0.800443,0.0390105,0.19186,2.05535,0.0236,-0.2618,-0.197406,-0.298403,0.656326,0.4636,-0.694844,-0.206433,-0.151134,-0.0438025,-0.21695,0.273772,0.200273,0.04292,0.604417,0.0406994,-0.0266149,0.0308066,0.264648,-0.205447,0.101476,0.512409,-0.00514172,-0.0493388,0.040763,0,0,0,0,0,0,0,0,0,0,0,0,0,0,0,0,0,0,0,0,0,0,0,0,0,0,0,0,0,-0.0359336,0.0114271,0.172192,1.11595,0.153257,-0.227851,-0.672406,0.0836573,-0.363605,1.12157,-0.366301,-0.259026,-0.0618254,-0.0435281,-0.259022,0.0146364,0.184696,-0.00867196,0.538117,-0.022223,-0.0229107,3.5279e-05,0.163402,-0.207559,0.0271786,0.514737,-0.0170559,-0.0365128,0.0250407,-4.45062,-0.257764,-0.125336,14.5857,-0.490254,-0.532308,1.94827,0.426359,0.997011,-0.206015,-0.110404,-0.21875,-1.01971,0.776492,-1.2132,0.33823,0.818986,0.856726,1.17946,1.04212,0.0112298,0.447572,-0.112376,1.01392,1.51205,0.841961,0.352924,-0.0739722,0.390494,-16.0996,1.82354,-0.292987,-9.15586,-0.909713,-0.00473812,21.2926,-36.0035,42.0692,-63.1854,-7.49449,0.353432,-2.16375,1.89926,4.04074,4.45054,1.38328,0.544625,0.372752,-0.0776145,0.16158,0.0507256,3.31633,0.23281,0.320507,-0.568469,-0.0248943,-0.104331,0.0436354,0,0,0,0,0,0,0,0,0,0,0,0,0,0,0,0,0,0,0,0,0,0,0,0,0,0,0,0,0,2.55789,6.3088,2.55789,6.3088,1.81445,1.81445,2.55789,6.3088,2.55789,6.3088,1.81445,1.81445,2.55789,1.81445,1.81445,0.907223,0.907223,0.907223,0.907223,0.907223,1.06814,1.06814,0.907223,0.907223,0.907223,0.907223,0.907223,1.06814,1.06814,40.1792,99.0984,40.1792,99.0984,28.5012,28.5012,40.1792,99.0984,40.1792,99.0984,28.5012,28.5012,40.1792,28.5012,28.5012,14.2506,14.2506,14.2506,14.2506,14.2506,16.7783,16.7783,14.2506,14.2506,14.2506,14.2506,14.2506,16.7783,16.7783,0,0,0,0,0,0,0,0,0,0,0,0,0,0,0,0,0,0,0,0,0,0,0,0,0,0,0,0,0,0,0,0,0,0,0,0,0,0,0,0,0,0,0,0,0,0,0,0,0,0,0,0,0,0,0,0,0,0,0,0,0,0,0,0,0,0,0,0,0,0,0,0,0,0,0,0,0,0,0,0,0,0,0,0,0,0,0,0,0,0,0,0,0,0,0,0,0,0,0,0,0,0,0,0,0,0,0,0,0,0,0,0,0,0,0,0,0,-0.042095,0.140368,0.0466849,0.168207,0.147404,-0.494668,0.000621577,-0.012419,-0.0998741,0.0978618,0.231375,-0.27602,0.0100717,-0.199717,-0.892057,0.209286,0.0927986,-0.0117236,0.111248,-0.850972,-0.357243,-0.662257,0.3504,1.19867,0.413506,0.547148,3.95353,-0.585752,0.881486,-0.756638,-0.817237,-0.470687,-0.800443,0.0390105,0.19186,2.05535,0.0236,-0.2618,-0.197406,-0.298403,0.656326,0.4636,-0.694844,-0.206433,-0.151134,-0.0438025,-0.21695,0.273772,0.200273,0.04292,0.604417,0.0406994,-0.0266149,0.0308066,0.264648,-0.205447,0.101476,0.512409,-0.00514172,-0.0493388,0.040763,0.659,0.139907,0.0416687,-0.989287,0.6,0,0,1.09953,0.557509,1.85614
-4.0551,-0.939068,12.0365,-0.282456,0.302419,0.373222,-0.0469462,0.144076,0.052884,-4.0551,-0.939068,12.0365,-0.282456,0.302419,0.373222,-0.0469462,0.144076,0.052884,-0.898311,0.0810883,0.217186,2.29527,-0.102954,-0.258914,-0.249783,-0.284442,0.570161,0.445886,-0.711167,-0.102929,-0.130861,-0.0418447,-0.154004,0.246012,0.221305,0.0679342,0.587656,0.0492194,-0.0345542,0.0345414,0.167896,-0.322598,0.0556085,0.50062,-0.0165269,-0.0471201,0.0324029,0,0,0,0,0,0,0,0,0,0,0,0,0,0,0,0,0,0,0,0,0,0,0,0,0,0,0,0,0,-0.137372,0.00997487,0.171575,1.38597,0.130292,-0.236413,-0.640593,0.0864242,-0.347485,1.11082,-0.369243,-0.258247,-0.0768778,-0.0279228,-0.274277,0.0267489,0.198095,0.00972108,0.561297,-0.0043904,-0.023317,0.00885295,0.16506,-0.184756,0.0550906,0.530226,-0.0133553,-0.0373581,0.0305368,-5.21749,-0.0128425,0.159195,12.23,-1.18688,-0.376958,1.49298,-0.0424438,0.805891,-0.760433,-0.143538,0.172676,-0.676282,0.845233,-0.705181,0.74428,0.556188,0.91585,1.08606,0.765289,-0.015972,0.415918,0.165474,1.21845,1.26008,0.705303,0.127011,-0.0229294,0.215711,-13.6358,2.92689,0.564545,-10.5698,-0.88458,-0.0461131,14.142,-38.0558,38.41,-59.7512,-9.0189,1.20064,-1.32959,-1.88587,2.80599,2.88527,-0.473822,-0.340878,-0.358069,-0.0544196,-0.034574,-0.0712667,1.28056,-1.3517,-0.472068,-0.887639,0.0010899,-0.173685,-0.0598965,0,0,0,0,0,0,0,0,0,0,0,0,0,0,0,0,0,0,0,0,0,0,0,0,0,0,0,0,0,2.55789,6.3088,2.55789,6.3088,1.81445,1.81445,2.55789,6.3088,2.55789,6.3088,1.81445,1.81445,2.55789,1.81445,1.81445,0.907223,0.907223,0.907223,0.907223,0.907223,1.06814,1.06814,0.907223,0.907223,0.907223,0.907223,0.907223,1.06814,1.06814,40.1792,99.0984,40.1792,99.0984,28.5012,28.5012,40.1792,99.0984,40.1792,99.0984,28.5012,28.5012,40.1792,28.5012,28.5012,14.2506,14.2506,14.2506,14.2506,14.2506,16.7783,16.7783,14.2506,14.2506,14.2506,14.2506,14.2506,16.7783,16.7783,0,0,0,0,0,0,0,0,0,0,0,0,0,0,0,0,0,0,0,0,0,0,0,0,0,0,0,0,0,0,0,0,0,0,0,0,0,0,0,0,0,0,0,0,0,0,0,0,0,0,0,0,0,0,0,0,0,0,0,0,0,0,0,0,0,0,0,0,0,0,0,0,0,0,0,0,0,0,0,0,0,0,0,0,0,0,0,0,0,0,0,0,0,0,0,0,0,0,0,0,0,0,0,0,0,0,0,0,0,0,0,0,0,0,0,0,0,-0.0469462,0.144076,0.052884,0.104912,-0.0731994,-0.351144,0.0485784,-0.279535,-0.09541,0.154897,0.126793,-0.238996,-0.0281458,-0.226596,-1.0708,0.113628,0.112225,-0.037683,0.231244,-0.811158,-0.463809,-0.632477,0.396652,1.0413,0.463638,0.434933,4.63771,-0.636266,0.592931,-0.793856,-0.590351,-0.234688,-0.898311,0.0810883,0.217186,2.29527,-0.102954,-0.258914,-0.249783,-0.284442,0.570161,0.445886,-0.711167,-0.102929,-0.130861,-0.0418447,-0.154004,0.246012,0.221305,0.0679342,0.587656,0.0492194,-0.0345542,0.0345414,0.167896,-0.322598,0.0556085,0.50062,-0.0165269,-0.0471201,0.0324029,0.722,0.143578,0.0464427,-0.988549,0.6,0,0,1.11279,0.899951,1.89165
-4.41343,0.0258642,10.4835,-0.186692,0.425095,0.408557,-0.0502253,0.150872,0.0604304,-4.41343,0.0258642,10.4835,-0.186692,0.425095,0.408557,-0.0502253,0.150872,0.0604304,-0.990056,0.148745,0.165166,2.54389,-0.244153,-0.127885,-0.252657,-0.249722,0.491643,0.404257,-0.685544,-0.0238676,-0.0884938,0.0118385,-0.0895782,0.236608,0.3412,0.128231,0.588941,0.0579529,-0.038187,0.0404917,0.183414,-0.366246,0.0251411,0.555891,-0.0282981,-0.0426404,0.0308444,0,0,0,0,0,0,0,0,0,0,0,0,0,0,0,0,0,0,0,0,0,0,0,0,0,0,0,0,0,-0.257769,0.0192868,0.174362,1.6276,0.0773475,-0.241829,-0.617946,0.0840897,-0.33865,1.08887,-0.370584,-0.247987,-0.0839633,-0.0168007,-0.279061,0.0466705,0.205487,0.0282265,0.580672,0.0103467,-0.024026,0.0164215,0.169003,-0.163679,0.0784745,0.543839,-0.0138654,-0.0362478,0.0335964,-6.19498,0.665503,0.291982,11.4276,-2.71144,-0.240795,1.07819,-0.147748,0.395149,-1.26872,-0.0265156,0.687411,-0.305327,0.481949,-0.237748,1.10427,0.271826,0.889962,0.849389,0.655584,-0.0369894,0.34674,0.139329,0.926354,1.04459,0.64961,-0.0626145,0.0844634,0.124929,-10.276,2.08767,1.14912,-5.27002,-0.194518,-0.0593661,12.1875,-35.6641,35.6271,-56.0858,-9.65268,2.95791,-1.18942,-1.52907,3.87687,1.87935,-0.0242347,-0.231068,-0.668783,-0.0426474,-0.13725,-0.0635463,-0.158324,-3.09901,-1.27332,-1.19482,0.0179448,-0.267853,-0.153598,0,0,0,0,0,0,0,0,0,0,0,0,0,0,0,0,0,0,0,0,0,0,0,0,0,0,0,0,0,2.55789,6.3088,2.55789,6.3088,1.81445,1.81445,2.55789,6.3088,2.55789,6.3088,1.81445,1.81445,2.55789,1.81445,1.81445,0.907223,0.907223,0.907223,0.907223,0.907223,1.06814,1.06814,0.907223,0.907223,0.907223,0.907223,0.907223,1.06814,1.06814,40.1792,99.0984,40.1792,99.0984,28.5012,28.5012,40.1792,99.0984,40.1792,99.0984,28.5012,28.5012,40.1792,28.5012,28.5012,14.2506,14.2506,14.2506,14.2506,14.2506,16.7783,16.7783,14.2506,14.2506,14.2506,14.2506,14.2506,16.7783,16.7783,0,0,0,0,0,0,0,0,0,0,0,0,0,0,0,0,0,0,0,0,0,0,0,0,0,0,0,0,0,0,0,0,0,0,0,0,0,0,0,0,0,0,0,0,0,0,0,0,0,0,0,0,0,0,0,0,0,0,0,0,0,0,0,0,0,0,0,0,0,0,0,0,0,0,0,0,0,0,0,0,0,0,0,0,0,0,0,0,0,0,0,0,0,0,0,0,0,0,0,0,0,0,0,0,0,0,0,0,0,0,0,0,0,0,0,0,0,-0.0502253,0.150872,0.0604304,0.0834699,-0.0378188,-0.204247,0.321951,-0.379057,0.0269928,0.29238,0.0573243,-0.161619,-0.0252155,-0.100573,-1.23835,0.10838,0.132138,-0.0645226,0.424185,-0.712145,-0.512571,-0.572348,0.301647,0.897902,0.543507,0.414014,5.34674,-0.754982,0.270983,-0.735432,-0.291591,-0.0544204,-0.990056,0.148745,0.165166,2.54389,-0.244153,-0.127885,-0.252657,-0.249722,0.491643,0.404257,-0.685544,-0.0238676,-0.0884938,0.0118385,-0.0895782,0.236608,0.3412,0.128231,0.588941,0.0579529,-0.038187,0.0404917,0.183414,-0.366246,0.0251411,0.555891,-0.0282981,-0.0426404,0.0308444,1.045,0.1503,0.0496339,-0.987394,0.6,0,0,1.12458,0.575142,1.92906
-4.21302,0.0796472,9.73347,-0.159392,0.441198,0.253546,-0.0523512,0.159096,0.0666339,-4.21302,0.0796472,9.73347,-0.159392,0.441198,0.253546,-0.0523512,0.159096,0.0666339,-1.05575,0.209792,0.0362061,2.61392,-0.338006,-0.0741933,-0.21894,-0.267339,0.48195,0.366247,-0.593886,0.0261849,-0.0596898,-0.0120152,-0.0643406,0.271261,0.390188,0.143037,0.60656,0.0641168,-0.0408806,0.0407086,0.225926,-0.336163,0.0253354,0.608442,-0.0287254,-0.0384688,0.0255119,0,0,0,0,0,0,0,0,0,0,0,0,0,0,0,0,0,0,0,0,0,0,0,0,0,0,0,0,0,-0.393428,0.0437613,0.174427,1.8597,-0.00345005,-0.216151,-0.598763,0.0849309,-0.3391,1.05623,-0.369919,-0.225869,-0.083067,-0.015498,-0.277565,0.0731056,0.210229,0.046462,0.596622,0.0233152,-0.025227,0.0225184,0.169058,-0.148937,0.0938296,0.561644,-0.0183219,-0.0362073,0.0336451,-6.83119,1.42801,-0.0311463,11.173,-3.93053,1.49282,1.03004,0.162461,-0.0582747,-1.78964,0.057788,1.29955,0.100797,-0.0232687,0.0151942,1.42325,0.278084,0.905795,0.736427,0.581544,-0.0540461,0.278584,-0.174099,0.623203,0.289277,0.962977,-0.338313,-0.134415,-0.445343,-6.88084,1.66123,-0.19988,-1.81329,0.309247,-0.196413,11.4541,-34.0754,33.6509,-53.7198,-9.09327,3.49606,-0.535568,0.874305,5.21786,1.09041,1.63652,0.363914,-0.768558,-0.0355275,-0.15837,0.00750313,0.308283,-3.66713,-1.36365,-0.935582,0.148213,0.00396773,0.30338,0,0,0,0,0,0,0,0,0,0,0,0,0,0,0,0,0,0,0,0,0,0,0,0,0,0,0,0,0,2.55789,6.3088,2.55789,6.3088,1.81445,1.81445,2.55789,6.3088,2.55789,6.3088,1.81445,1.81445,2.55789,1.81445,1.81445,0.907223,0.907223,0.907223,0.907223,0.907223,1.06814,1.06814,0.907223,0.907223,0.907223,0.907223,0.907223,1.06814,1.06814,40.1792,99.0984,40.1792,99.0984,28.5012,28.5012,40.1792,99.0984,40.1792,99.0984,28.5012,28.5012,40.1792,28.5012,28.5012,14.2506,14.2506,14.2506,14.2506,14.2506,16.7783,16.7783,14.2506,14.2506,14.2506,14.2506,14.2506,16.7783,16.7783,0,0,0,0,0,0,0,0,0,0,0,0,0,0,0,0,0,0,0,0,0,0,0,0,0,0,0,0,0,0,0,0,0,0,0,0,0,0,0,0,0,0,0,0,0,0,0,0,0,0,0,0,0,0,0,0,0,0,0,0,0,0,0,0,0,0,0,0,0,0,0,0,0,0,0,0,0,0,0,0,0,0,0,0,0,0,0,0,0,0,0,0,0,0,0,0,0,0,0,0,0,0,0,0,0,0,0,0,0,0,0,0,0,0,0,0,0,-0.0523512,0.159096,0.0666339,0.162482,0.0591148,-0.146703,0.433647,-0.310464,-0.0273958,0.326139,0.0577672,-0.109013,0.0149572,0.0192475,-1.35834,0.169958,0.146193,-0.0654967,0.598276,-0.762386,-0.548727,-0.516354,0.0661243,0.8802,0.546418,0.342438,5.54643,-0.863377,0.056989,-0.526442,-0.169168,0.0597043,-1.05575,0.209792,0.0362061,2.61392,-0.338006,-0.0741933,-0.21894,-0.267339,0.48195,0.366247,-0.593886,0.0261849,-0.0596898,-0.0120152,-0.0643406,0.271261,0.390188,0.143037,0.60656,0.0641168,-0.0408806,0.0407086,0.225926,-0.336163,0.0253354,0.608442,-0.0287254,-0.0384688,0.0255119,0.636,0.158425,0.0516664,-0.986018,0.6,0,0,1.12458,0.575142,1.92906
-2.88946,-1.29501,10.6524,-0.214127,0.428991,0.0363012,-0.0554664,0.167831,0.0685989,-2.88946,-1.29501,10.6524,-0.214127,0.428991,0.0363012,-0.0554664,0.167831,0.0685989,-1.13452,0.234085,-0.0177283,2.47638,-0.411886,-0.0623832,-0.21601,-0.260126,0.419686,0.440758,-0.546939,-0.0158378,-0.0405534,-0.0942491,-0.0947498,0.20599,0.412659,0.169059,0.576416,0.059739,-0.0523862,0.0347754,0.238618,-0.302706,0.034481,0.640713,-0.0298184,-0.0215379,0.00917187,0,0,0,0,0,0,0,0,0,0,0,0,0,0,0,0,0,0,0,0,0,0,0,0,0,0,0,0,0,-0.529234,0.075692,0.165206,2.06671,-0.0894782,-0.179532,-0.573483,0.0907909,-0.343449,1.01467,-0.366278,-0.196327,-0.0775349,-0.0188908,-0.27864,0.104171,0.218006,0.062943,0.612979,0.0344042,-0.0269399,0.0271394,0.161215,-0.140209,0.0913549,0.581676,-0.0214195,-0.0405112,0.0265758,-6.56772,1.61978,-0.66886,9.38934,-4.01024,1.72488,1.48258,0.350363,-0.141491,-2.19319,0.215056,1.59639,0.259651,-0.100894,-0.20406,1.62416,0.513133,0.745761,0.859719,0.496403,-0.0579937,0.193669,-0.539402,0.288497,-0.227882,1.02515,-0.0831617,-0.12354,-0.189692,-4.66907,3.29155,-3.54635,-4.78246,0.194864,-0.132559,10.6961,-37.6289,33.6626,-50.8567,-6.87337,3.5582,-0.0166041,0.470013,6.37997,0.9621,2.03022,0.471145,-0.842367,-0.0272049,-0.162317,0.0191449,1.37509,-3.07461,-0.735589,-0.517486,-0.0287704,0.201781,0.217337,0,0,0,0,0,0,0,0,0,0,0,0,0,0,0,0,0,0,0,0,0,0,0,0,0,0,0,0,0,2.55789,6.3088,2.55789,6.3088,1.81445,1.81445,2.55789,6.3088,2.55789,6.3088,1.81445,1.81445,2.55789,1.81445,1.81445,0.907223,0.907223,0.907223,0.907223,0.907223,1.06814,1.06814,0.907223,0.907223,0.907223,0.907223,0.907223,1.06814,1.06814,40.1792,99.0984,40.1792,99.0984,28.5012,28.5012,40.1792,99.0984,40.1792,99.0984,28.5012,28.5012,40.1792,28.5012,28.5012,14.2506,14.2506,14.2506,14.2506,14.2506,16.7783,16.7783,14.2506,14.2506,14.2506,14.2506,14.2506,16.7783,16.7783,0,0,0,0,0,0,0,0,0,0,0,0,0,0,0,0,0,0,0,0,0,0,0,0,0,0,0,0,0,0,0,0,0,0,0,0,0,0,0,0,0,0,0,0,0,0,0,0,0,0,0,0,0,0,0,0,0,0,0,0,0,0,0,0,0,0,0,0,0,0,0,0,0,0,0,0,0,0,0,0,0,0,0,0,0,0,0,0,0,0,0,0,0,0,0,0,0,0,0,0,0,0,0,0,0,0,0,0,0,0,0,0,0,0,0,0,0,-0.0554664,0.167831,0.0685989,0.0136574,0.0880532,-0.216039,0.484884,-0.23418,-0.214897,0.385472,0.0786201,-0.0740638,-0.0537728,0.0928306,-1.50219,0.175309,0.136211,-0.0679888,0.667553,-0.741816,-0.703162,-0.289096,-0.0323777,0.766484,0.466778,0.123111,5.15421,-0.650889,-0.111466,-0.419398,-0.14224,-0.0361117,-1.13452,0.234085,-0.0177283,2.47638,-0.411886,-0.0623832,-0.21601,-0.260126,0.419686,0.440758,-0.546939,-0.0158378,-0.0405534,-0.0942491,-0.0947498,0.20599,0.412659,0.169059,0.576416,0.059739,-0.0523862,0.0347754,0.238618,-0.302706,0.034481,0.640713,-0.0298184,-0.0215379,0.00917187,0.673,0.167044,0.0546591,-0.984433,0.6,0,0,1.13052,0.537408,1.92405
-1.65889,-1.32572,9.75193,-0.307686,0.370207,0.0271445,-0.0610036,0.175835,0.068476,-1.65889,-1.32572,9.75193,-0.307686,0.370207,0.0271445,-0.0610036,0.175835,0.068476,-1.21145,0.247498,-0.00768823,2.39803,-0.50719,-0.033031,-0.265128,-0.219498,0.326885,0.451914,-0.710404,-0.0949037,-0.0248729,-0.151042,-0.126364,0.118109,0.410576,0.177376,0.52767,0.0537582,-0.0656413,0.0297286,0.19149,-0.313195,0.00916969,0.64119,-0.0262361,-0.00826454,-0.00281745,0,0,0,0,0,0,0,0,0,0,0,0,0,0,0,0,0,0,0,0,0,0,0,0,0,0,0,0,0,-0.65318,0.104858,0.149606,2.21268,-0.168739,-0.148277,-0.541167,0.0949761,-0.340522,0.972314,-0.362299,-0.168868,-0.0761274,-0.0137304,-0.285363,0.136568,0.230703,0.0789201,0.630327,0.0418464,-0.0281134,0.0284014,0.149845,-0.136167,0.0881827,0.60259,-0.0223474,-0.0387404,0.0223627,-5.90806,1.36971,-0.897991,5.67757,-3.7222,1.37562,1.71187,0.104877,0.383399,-2.03127,0.161255,1.25192,-0.0977024,0.507775,-0.435892,1.59202,0.723348,0.80661,0.847824,0.30455,-0.0363104,0.0289963,-0.537148,0.13353,-0.115735,1.02658,-0.0574033,0.212282,-0.190838,-4.53218,4.36447,-4.56862,-10.557,-0.237921,-0.0505468,8.8812,-35.9499,29.7308,-40.1254,-5.56672,2.13135,1.57086,-3.10229,6.15636,-0.417086,1.97327,0.570681,-1.51997,-0.0224835,-0.361796,0.0769936,1.74998,-2.50697,-0.655811,-0.36748,-0.0616825,0.0897974,-0.0132755,0,0,0,0,0,0,0,0,0,0,0,0,0,0,0,0,0,0,0,0,0,0,0,0,0,0,0,0,0,2.55789,6.3088,2.55789,6.3088,1.81445,1.81445,2.55789,6.3088,2.55789,6.3088,1.81445,1.81445,2.55789,1.81445,1.81445,0.907223,0.907223,0.907223,0.907223,0.907223,1.06814,1.06814,0.907223,0.907223,0.907223,0.907223,0.907223,1.06814,1.06814,40.1792,99.0984,40.1792,99.0984,28.5012,28.5012,40.1792,99.0984,40.1792,99.0984,28.5012,28.5012,40.1792,28.5012,28.5012,14.2506,14.2506,14.2506,14.2506,14.2506,16.7783,16.7783,14.2506,14.2506,14.2506,14.2506,14.2506,16.7783,16.7783,0,0,0,0,0,0,0,0,0,0,0,0,0,0,0,0,0,0,0,0,0,0,0,0,0,0,0,0,0,0,0,0,0,0,0,0,0,0,0,0,0,0,0,0,0,0,0,0,0,0,0,0,0,0,0,0,0,0,0,0,0,0,0,0,0,0,0,0,0,0,0,0,0,0,0,0,0,0,0,0,0,0,0,0,0,0,0,0,0,0,0,0,0,0,0,0,0,0,0,0,0,0,0,0,0,0,0,0,0,0,0,0,0,0,0,0,0,-0.0610036,0.175835,0.068476,-0.186719,-0.019404,-0.288123,0.480133,-0.258097,-0.344391,0.404434,0.0209078,-0.0454261,-0.164919,0.0939163,-1.6427,0.085604,0.122574,-0.0598209,0.705803,-0.625953,-0.881081,-0.110932,-0.0140412,0.597,0.399037,-0.0378176,4.93076,-0.619076,-0.328766,-0.792117,-0.0753139,-0.21639,-1.21145,0.247498,-0.00768823,2.39803,-0.50719,-0.033031,-0.265128,-0.219498,0.326885,0.451914,-0.710404,-0.0949037,-0.0248729,-0.151042,-0.126364,0.118109,0.410576,0.177376,0.52767,0.0537582,-0.0656413,0.0297286,0.19149,-0.313195,0.00916969,0.64119,-0.0262361,-0.00826454,-0.00281745,0.815,0.17493,0.0600258,-0.982749,0.6,0,0,1.13052,0.537408,1.92405
-1.0302,-0.0787622,8.18084,-0.2395,0.234514,0.15239,-0.0663517,0.181596,0.0699597,-1.0302,-0.0787622,8.18084,-0.2395,0.234514,0.15239,-0.0663517,0.181596,0.0699597,-1.24318,0.238653,0.0847157,2.36466,-0.580644,0.00680323,-0.294431,-0.147161,0.312619,0.416991,-0.806344,-0.100473,-0.0197285,-0.11744,-0.122222,0.0694813,0.374906,0.136967,0.50532,0.0563905,-0.0631555,0.025732,0.146708,-0.251145,-0.0042185,0.630225,-0.0343244,-0.00506279,-0.00776993,0,0,0,0,0,0,0,0,0,0,0,0,0,0,0,0,0,0,0,0,0,0,0,0,0,0,0,0,0,-0.76933,0.132331,0.127618,2.29134,-0.251812,-0.118146,-0.507278,0.0952149,-0.33178,0.933232,-0.361872,-0.153595,-0.0805706,-0.0019562,-0.292262,0.167374,0.24553,0.0955072,0.644377,0.0456262,-0.0289331,0.0276636,0.141904,-0.135288,0.0839231,0.622342,-0.0235145,-0.030092,0.0174752,-5.67174,1.38296,-1.23917,2.66544,-4.03441,1.39455,1.71021,-0.0523183,0.503102,-1.861,-0.0673703,0.568679,-0.320011,0.61078,-0.342198,1.46176,0.747346,0.815706,0.565294,0.140556,-0.0457364,-0.0427173,-0.283882,-0.0535785,-0.288366,0.947146,-0.054043,0.497447,-0.249118,-3.59092,2.964,-2.42406,-7.22765,-0.0306647,-0.104111,5.52125,-30.9586,25.274,-36.1572,-9.83665,0.647255,2.97345,-5.31827,5.30386,-2.00667,1.69629,0.442057,-2.18582,-0.0127377,-0.569354,0.0826004,0.977756,-2.51175,-0.82201,-0.576973,0.0107357,-0.152671,-0.0779917,0,0,0,0,0,0,0,0,0,0,0,0,0,0,0,0,0,0,0,0,0,0,0,0,0,0,0,0,0,2.55789,6.3088,2.55789,6.3088,1.81445,1.81445,2.55789,6.3088,2.55789,6.3088,1.81445,1.81445,2.55789,1.81445,1.81445,0.907223,0.907223,0.907223,0.907223,0.907223,1.06814,1.06814,0.907223,0.907223,0.907223,0.907223,0.907223,1.06814,1.06814,40.1792,99.0984,40.1792,99.0984,28.5012,28.5012,40.1792,99.0984,40.1792,99.0984,28.5012,28.5012,40.1792,28.5012,28.5012,14.2506,14.2506,14.2506,14.2506,14.2506,16.7783,16.7783,14.2506,14.2506,14.2506,14.2506,14.2506,16.7783,16.7783,0,0,0,0,0,0,0,0,0,0,0,0,0,0,0,0,0,0,0,0,0,0,0,0,0,0,0,0,0,0,0,0,0,0,0,0,0,0,0,0,0,0,0,0,0,0,0,0,0,0,0,0,0,0,0,0,0,0,0,0,0,0,0,0,0,0,0,0,0,0,0,0,0,0,0,0,0,0,0,0,0,0,0,0,0,0,0,0,0,0,0,0,0,0,0,0,0,0,0,0,0,0,0,0,0,0,0,0,0,0,0,0,0,0,0,0,0,-0.0663517,0.181596,0.0699597,-0.297596,-0.121512,-0.278679,0.398804,-0.116616,-0.267776,0.312299,-0.00961861,-0.0360308,-0.215879,0.0689152,-1.70065,0.0320864,0.128576,-0.078263,0.680579,-0.419667,-0.847715,-0.0679561,0.154719,0.570944,0.345392,-0.104293,4.8356,-0.718669,-0.49625,-1.01087,0.015512,-0.229088,-1.24318,0.238653,0.0847157,2.36466,-0.580644,0.00680323,-0.294431,-0.147161,0.312619,0.416991,-0.806344,-0.100473,-0.0197285,-0.11744,-0.122222,0.0694813,0.374906,0.136967,0.50532,0.0563905,-0.0631555,0.025732,0.146708,-0.251145,-0.0042185,0.630225,-0.0343244,-0.00506279,-0.00776993,0.651,0.1806,0.0652128,-0.981392,0.6,0,0,1.13493,0.917133,1.90976
-0.878752,0.823308,8.17073,-0.0989145,0.0952423,0.173224,-0.0691632,0.184864,0.0733089,-0.878752,0.823308,8.17073,-0.0989145,0.0952423,0.173224,-0.0691632,0.184864,0.0733089,-1.23045,0.242643,0.143789,2.31468,-0.573205,0.00453187,-0.324524,-0.103449,0.269303,0.396034,-0.768474,-0.0808758,-0.034701,-0.0700505,-0.114129,0.0792521,0.371142,0.101621,0.495625,0.0570669,-0.0493058,0.0248381,0.134343,-0.212837,-0.0154198,0.616477,-0.0363249,-0.00876785,-0.00579012,0,0,0,0,0,0,0,0,0,0,0,0,0,0,0,0,0,0,0,0,0,0,0,0,0,0,0,0,0,-0.877843,0.162346,0.106888,2.32142,-0.337308,-0.0849001,-0.474191,0.0955339,-0.316576,0.897906,-0.363367,-0.144329,-0.0903248,0.0105122,-0.297825,0.194777,0.260916,0.107286,0.652303,0.0484095,-0.0284826,0.0271288,0.137982,-0.136327,0.0730066,0.640597,-0.0263848,-0.0198266,0.0122173,-5.19345,1.51753,-0.897395,0.728334,-4.05151,1.55705,1.65783,0.0270564,0.892077,-1.68734,-0.0711186,0.405036,-0.538622,0.593639,-0.271756,1.28127,0.745227,0.447299,0.284491,0.129257,0.0323788,-0.0298075,-0.146708,-0.088172,-0.673446,0.855309,-0.145317,0.493894,-0.268087,-1.66114,-1.78979,1.38729,-1.02783,0.368405,-0.215177,3.14187,-24.267,23.1078,-37.2164,-12.4999,0.525661,4.17704,-4.71376,5.46791,-2.93247,0.958307,0.0108651,-2.3626,-0.00294974,-0.618668,0.00624772,0.262106,-1.57481,-0.517962,-0.916884,0.0198736,-0.273958,-0.0557679,0,0,0,0,0,0,0,0,0,0,0,0,0,0,0,0,0,0,0,0,0,0,0,0,0,0,0,0,0,2.55789,6.3088,2.55789,6.3088,1.81445,1.81445,2.55789,6.3088,2.55789,6.3088,1.81445,1.81445,2.55789,1.81445,1.81445,0.907223,0.907223,0.907223,0.907223,0.907223,1.06814,1.06814,0.907223,0.907223,0.907223,0.907223,0.907223,1.06814,1.06814,40.1792,99.0984,40.1792,99.0984,28.5012,28.5012,40.1792,99.0984,40.1792,99.0984,28.5012,28.5012,40.1792,28.5012,28.5012,14.2506,14.2506,14.2506,14.2506,14.2506,16.7783,16.7783,14.2506,14.2506,14.2506,14.2506,14.2506,16.7783,16.7783,0,0,0,0,0,0,0,0,0,0,0,0,0,0,0,0,0,0,0,0,0,0,0,0,0,0,0,0,0,0,0,0,0,0,0,0,0,0,0,0,0,0,0,0,0,0,0,0,0,0,0,0,0,0,0,0,0,0,0,0,0,0,0,0,0,0,0,0,0,0,0,0,0,0,0,0,0,0,0,0,0,0,0,0,0,0,0,0,0,0,0,0,0,0,0,0,0,0,0,0,0,0,0,0,0,0,0,0,0,0,0,0,0,0,0,0,0,-0.0691632,0.184864,0.0733089,-0.275317,-0.149704,-0.260225,0.39022,-0.02927,-0.159722,0.231707,-0.0351587,-0.0633754,-0.237986,0.0375699,-1.67739,-0.0228733,0.130118,-0.0828244,0.691959,-0.295012,-0.661815,-0.117688,0.262606,0.491835,0.333394,-0.0777188,4.69307,-0.778433,-0.479287,-0.924521,0.0103331,-0.184405,-1.23045,0.242643,0.143789,2.31468,-0.573205,0.00453187,-0.324524,-0.103449,0.269303,0.396034,-0.768474,-0.0808758,-0.034701,-0.0700505,-0.114129,0.0792521,0.371142,0.101621,0.495625,0.0570669,-0.0493058,0.0248381,0.134343,-0.212837,-0.0154198,0.616477,-0.0363249,-0.00876785,-0.00579012,0.919,0.183813,0.0679305,-0.980611,0.6,0,0,1.14309,0.910863,1.92395
-0.542937,1.09814,8.46865,0.0703759,-0.0639407,0.127089,-0.0687837,0.185371,0.0767567,-0.542937,1.09814,8.46865,0.0703759,-0.0639407,0.127089,-0.0687837,0.185371,0.0767567,-1.22673,0.236232,0.160622,2.34634,-0.538021,0.00460867,-0.339989,-0.113445,0.228523,0.335372,-0.740609,-0.094321,-0.0506767,-0.0117725,-0.141317,0.0919098,0.406767,0.10325,0.494029,0.0666434,-0.0390629,0.026943,0.126013,-0.17926,-0.0103369,0.609879,-0.0427117,-0.0131425,-0.00353371,0,0,0,0,0,0,0,0,0,0,0,0,0,0,0,0,0,0,0,0,0,0,0,0,0,0,0,0,0,-0.983244,0.195921,0.0947532,2.31886,-0.410173,-0.0567959,-0.437635,0.0966061,-0.293492,0.861829,-0.361847,-0.137813,-0.103123,0.022603,-0.303118,0.220565,0.277158,0.109693,0.654574,0.0508377,-0.0246329,0.0269334,0.136238,-0.138313,0.0543804,0.656655,-0.0295491,-0.0107461,0.00750326,-4.45078,1.43846,-0.325613,-0.607173,-2.83684,1.06758,1.68503,0.0349803,1.09831,-1.58567,0.112382,0.25273,-0.530616,0.473052,-0.212117,1.07348,0.676417,-0.0618063,0.0111572,0.100513,0.18395,-0.024369,-0.0292972,-0.133668,-0.883708,0.608122,-0.122013,0.350367,-0.197875,1.27048,-4.36455,2.86129,2.91423,0.484898,-0.196276,0.389701,-20.0826,19.8917,-36.372,-11.7984,1.18125,4.11828,-3.51028,5.76846,-2.97728,0.726037,-0.0757155,-2.28489,-0.00146126,-0.61287,-0.0138227,0.00742169,-0.958651,-0.211217,-1.13003,0.0152415,-0.34241,-0.0156499,0,0,0,0,0,0,0,0,0,0,0,0,0,0,0,0,0,0,0,0,0,0,0,0,0,0,0,0,0,2.55789,6.3088,2.55789,6.3088,1.81445,1.81445,2.55789,6.3088,2.55789,6.3088,1.81445,1.81445,2.55789,1.81445,1.81445,0.907223,0.907223,0.907223,0.907223,0.907223,1.06814,1.06814,0.907223,0.907223,0.907223,0.907223,0.907223,1.06814,1.06814,40.1792,99.0984,40.1792,99.0984,28.5012,28.5012,40.1792,99.0984,40.1792,99.0984,28.5012,28.5012,40.1792,28.5012,28.5012,14.2506,14.2506,14.2506,14.2506,14.2506,16.7783,16.7783,14.2506,14.2506,14.2506,14.2506,14.2506,16.7783,16.7783,0,0,0,0,0,0,0,0,0,0,0,0,0,0,0,0,0,0,0,0,0,0,0,0,0,0,0,0,0,0,0,0,0,0,0,0,0,0,0,0,0,0,0,0,0,0,0,0,0,0,0,0,0,0,0,0,0,0,0,0,0,0,0,0,0,0,0,0,0,0,0,0,0,0,0,0,0,0,0,0,0,0,0,0,0,0,0,0,0,0,0,0,0,0,0,0,0,0,0,0,0,0,0,0,0,0,0,0,0,0,0,0,0,0,0,0,0,-0.0687837,0.185371,0.0767567,-0.246456,-0.168698,-0.322216,0.471449,0.0472891,-0.0268424,0.235421,-0.0235691,-0.0925524,-0.241625,0.0225256,-1.6706,-0.0511166,0.151954,-0.097387,0.673677,-0.323517,-0.524328,-0.176407,0.293348,0.417359,0.361647,-0.0474317,4.78337,-0.951425,-0.399065,-0.860987,0.0105082,-0.215061,-1.22673,0.236232,0.160622,2.34634,-0.538021,0.00460867,-0.339989,-0.113445,0.228523,0.335372,-0.740609,-0.094321,-0.0506767,-0.0117725,-0.141317,0.0919098,0.406767,0.10325,0.494029,0.0666434,-0.0390629,0.026943,0.126013,-0.17926,-0.0103369,0.609879,-0.0427117,-0.0131425,-0.00353371,0.694,0.184419,0.0677368,-0.980511,0.6,0,0,1.14309,0.910863,1.92395
-0.420777,0.45645,8.97839,0.159943,-0.163987,0.103886,-0.066099,0.183456,0.0789449,-0.420777,0.45645,8.97839,0.159943,-0.163987,0.103886,-0.066099,0.183456,0.0789449,-1.23161,0.248256,0.145631,2.26998,-0.414667,-0.0441212,-0.376747,-0.0869106,0.199286,0.364459,-0.6508,-0.0667725,-0.0532667,-0.000231761,-0.165679,0.134342,0.3808,0.0767795,0.512447,0.0542121,-0.0292244,0.0286324,0.130658,-0.247398,-0.0480061,0.625702,-0.0329424,-0.014614,-0.00354332,0,0,0,0,0,0,0,0,0,0,0,0,0,0,0,0,0,0,0,0,0,0,0,0,0,0,0,0,0,-1.05686,0.218109,0.0910492,2.3074,-0.448671,-0.0403608,-0.404253,0.0965683,-0.276967,0.831192,-0.356794,-0.139815,-0.109908,0.0286834,-0.30762,0.237575,0.288279,0.10661,0.652963,0.0543171,-0.0202246,0.0266971,0.136379,-0.141209,0.0387755,0.66566,-0.0326663,-0.0061386,0.00455566,-3.80126,1.06304,-0.0758049,-0.588526,-1.75721,0.795149,1.93695,-0.0447413,0.829511,-1.73298,0.326316,-0.209535,-0.276759,0.268799,-0.245626,0.838628,0.572861,-0.224479,-0.138477,0.206957,0.242694,-0.0170405,0.0425882,-0.175136,-0.823778,0.424405,-0.172834,0.201605,-0.146804,2.77546,-4.96382,3.08076,7.5632,0.657895,-0.166987,-2.19724,-20.6177,18.2336,-38.4971,-11.5272,1.68276,3.11517,-1.64301,5.18856,-2.8372,1.1734,0.144465,-2.14887,-0.0107157,-0.576483,0.0193568,-0.176293,-0.391709,0.0388476,-1.18342,0.0136633,-0.336265,0.0194671,0,0,0,0,0,0,0,0,0,0,0,0,0,0,0,0,0,0,0,0,0,0,0,0,0,0,0,0,0,2.55789,6.3088,2.55789,6.3088,1.81445,1.81445,2.55789,6.3088,2.55789,6.3088,1.81445,1.81445,2.55789,1.81445,1.81445,0.907223,0.907223,0.907223,0.907223,0.907223,1.06814,1.06814,0.907223,0.907223,0.907223,0.907223,0.907223,1.06814,1.06814,40.1792,99.0984,40.1792,99.0984,28.5012,28.5012,40.1792,99.0984,40.1792,99.0984,28.5012,28.5012,40.1792,28.5012,28.5012,14.2506,14.2506,14.2506,14.2506,14.2506,16.7783,16.7783,14.2506,14.2506,14.2506,14.2506,14.2506,16.7783,16.7783,0,0,0,0,0,0,0,0,0,0,0,0,0,0,0,0,0,0,0,0,0,0,0,0,0,0,0,0,0,0,0,0,0,0,0,0,0,0,0,0,0,0,0,0,0,0,0,0,0,0,0,0,0,0,0,0,0,0,0,0,0,0,0,0,0,0,0,0,0,0,0,0,0,0,0,0,0,0,0,0,0,0,0,0,0,0,0,0,0,0,0,0,0,0,0,0,0,0,0,0,0,0,0,0,0,0,0,0,0,0,0,0,0,0,0,0,0,-0.066099,0.183456,0.0789449,-0.149707,-0.158107,-0.377764,0.412242,-0.108073,-0.000528439,0.175065,-0.109459,-0.0972825,-0.19963,0.0586038,-1.6795,-0.118249,0.123609,-0.0751119,0.707965,-0.247848,-0.392269,-0.196159,0.26597,0.363962,0.384324,-0.0475608,4.56561,-0.868476,-0.117806,-0.656212,-0.100601,-0.152248,-1.23161,0.248256,0.145631,2.26998,-0.414667,-0.0441212,-0.376747,-0.0869106,0.199286,0.364459,-0.6508,-0.0667725,-0.0532667,-0.000231761,-0.165679,0.134342,0.3808,0.0767795,0.512447,0.0542121,-0.0292244,0.0286324,0.130658,-0.247398,-0.0480061,0.625702,-0.0329424,-0.014614,-0.00354332,0.646,0.182429,0.0649425,-0.981072,0.6,0,0,1.15536,0.92128,1.94405
-0.471243,0.633253,8.58522,0.231566,-0.291271,0.0412407,-0.0618589,0.178762,0.0807213,-0.471243,0.633253,8.58522,0.231566,-0.291271,0.0412407,-0.0618589,0.178762,0.0807213,-1.22591,0.262627,0.125222,2.22833,-0.347004,-0.0573483,-0.384858,-0.0924018,0.159,0.336945,-0.586494,-0.0868771,-0.0592684,0.0248045,-0.202568,0.141876,0.419863,0.0852778,0.515647,0.0555136,-0.0252513,0.0283542,0.124777,-0.249498,-0.0495746,0.629832,-0.0347015,-0.0109722,-0.00472549,0,0,0,0,0,0,0,0,0,0,0,0,0,0,0,0,0,0,0,0,0,0,0,0,0,0,0,0,0,-1.12677,0.236364,0.0931675,2.28925,-0.449785,-0.0384533,-0.368186,0.0948795,-0.258655,0.798526,-0.350209,-0.139778,-0.11474,0.0341775,-0.309574,0.252294,0.298665,0.0994349,0.649662,0.0549579,-0.0151974,0.0271767,0.137496,-0.145502,0.0223427,0.674255,-0.0333803,-0.00381773,0.00282494,-3.2199,0.78835,0.224388,-1.06839,0.434204,-0.0784368,1.71062,-0.110274,0.95369,-1.55704,0.302977,0.101388,-0.202166,0.25782,0.00482874,0.650394,0.44649,-0.410429,-0.174864,-0.0115386,0.228502,0.0217303,0.064709,-0.269446,-0.793528,0.399449,0.00353915,0.0883891,-0.0699081,3.9329,-3.82619,1.60442,4.55933,0.232836,-0.025405,-4.62111,-17.3719,16.0417,-33.3984,-9.12321,1.92151,2.99958,-1.44845,4.12672,-2.27086,0.759674,0.0365876,-1.80278,-0.000380045,-0.481038,-0.00165927,-0.151693,-1.22839,-0.294411,-1.05461,0.00397979,-0.275062,-0.0339199,0,0,0,0,0,0,0,0,0,0,0,0,0,0,0,0,0,0,0,0,0,0,0,0,0,0,0,0,0,2.55789,6.3088,2.55789,6.3088,1.81445,1.81445,2.55789,6.3088,2.55789,6.3088,1.81445,1.81445,2.55789,1.81445,1.81445,0.907223,0.907223,0.907223,0.907223,0.907223,1.06814,1.06814,0.907223,0.907223,0.907223,0.907223,0.907223,1.06814,1.06814,40.1792,99.0984,40.1792,99.0984,28.5012,28.5012,40.1792,99.0984,40.1792,99.0984,28.5012,28.5012,40.1792,28.5012,28.5012,14.2506,14.2506,14.2506,14.2506,14.2506,16.7783,16.7783,14.2506,14.2506,14.2506,14.2506,14.2506,16.7783,16.7783,0,0,0,0,0,0,0,0,0,0,0,0,0,0,0,0,0,0,0,0,0,0,0,0,0,0,0,0,0,0,0,0,0,0,0,0,0,0,0,0,0,0,0,0,0,0,0,0,0,0,0,0,0,0,0,0,0,0,0,0,0,0,0,0,0,0,0,0,0,0,0,0,0,0,0,0,0,0,0,0,0,0,0,0,0,0,0,0,0,0,0,0,0,0,0,0,0,0,0,0,0,0,0,0,0,0,0,0,0,0,0,0,0,0,0,0,0,-0.0618589,0.178762,0.0807213,-0.132528,-0.171517,-0.461876,0.50131,-0.11286,0.0565568,0.194442,-0.113035,-0.108244,-0.192333,0.0680191,-1.66909,-0.133063,0.126577,-0.0791229,0.748948,-0.263507,-0.33894,-0.147277,0.228697,0.290387,0.380589,-0.0634287,4.44684,-0.946938,0.0364715,-0.509588,-0.13076,-0.198089,-1.22591,0.262627,0.125222,2.22833,-0.347004,-0.0573483,-0.384858,-0.0924018,0.159,0.336945,-0.586494,-0.0868771,-0.0592684,0.0248045,-0.202568,0.141876,0.419863,0.0852778,0.515647,0.0555136,-0.0252513,0.0283542,0.124777,-0.249498,-0.0495746,0.629832,-0.0347015,-0.0109722,-0.00472549,0.605,0.177812,0.0608343,-0.982182,0.6,0,0,1.15536,0.92128,1.94405
-0.6944,0.122364,8.47247,0.259685,-0.264271,-0.0362105,-0.0563465,0.172929,0.0810088,-0.6944,0.122364,8.47247,0.259685,-0.264271,-0.0362105,-0.0563465,0.172929,0.0810088,-1.27773,0.268561,0.115114,2.13855,-0.212119,-0.0939503,-0.374913,-0.0635331,0.184356,0.361786,-0.462536,-0.0859152,-0.0593882,0.00135224,-0.186374,0.159912,0.40694,0.0582187,0.51631,0.0508489,-0.0201993,0.0278486,0.122779,-0.318143,-0.0864062,0.645099,-0.0247824,-0.00793708,-0.00664654,0,0,0,0,0,0,0,0,0,0,0,0,0,0,0,0,0,0,0,0,0,0,0,0,0,0,0,0,0,-1.18732,0.250846,0.0988322,2.26097,-0.424934,-0.0434743,-0.3293,0.0920377,-0.240141,0.76221,-0.340176,-0.145789,-0.117528,0.0389911,-0.310507,0.26311,0.307333,0.0904026,0.645096,0.0550532,-0.0106697,0.0271201,0.137739,-0.152605,0.00657673,0.682016,-0.033718,-0.00163351,0.00113117,-2.41058,0.563977,0.280013,-1.34624,1.16744,-0.234054,1.72611,-0.142552,0.797866,-1.64203,0.451172,-0.338518,-0.0810958,0.197499,-0.00909709,0.373629,0.351429,-0.39281,-0.220506,0.00873334,0.17242,-0.0145003,-0.0071691,-0.363583,-0.644602,0.305932,-0.0178948,0.0976285,-0.0732999,4.57724,-2.39486,0.376408,5.0499,0.0941516,0.0284746,-6.56093,-17.4226,14.0534,-32.0188,-7.84588,2.29792,2.55971,-0.75812,3.12348,-2.07527,1.28565,0.277945,-1.65198,-0.00110258,-0.431245,0.034555,-0.177596,-1.06849,-0.220392,-1.0231,0.00216712,-0.26012,-0.02062,0,0,0,0,0,0,0,0,0,0,0,0,0,0,0,0,0,0,0,0,0,0,0,0,0,0,0,0,0,2.55789,6.3088,2.55789,6.3088,1.81445,1.81445,2.55789,6.3088,2.55789,6.3088,1.81445,1.81445,2.55789,1.81445,1.81445,0.907223,0.907223,0.907223,0.907223,0.907223,1.06814,1.06814,0.907223,0.907223,0.907223,0.907223,0.907223,1.06814,1.06814,40.1792,99.0984,40.1792,99.0984,28.5012,28.5012,40.1792,99.0984,40.1792,99.0984,28.5012,28.5012,40.1792,28.5012,28.5012,14.2506,14.2506,14.2506,14.2506,14.2506,16.7783,16.7783,14.2506,14.2506,14.2506,14.2506,14.2506,16.7783,16.7783,0,0,0,0,0,0,0,0,0,0,0,0,0,0,0,0,0,0,0,0,0,0,0,0,0,0,0,0,0,0,0,0,0,0,0,0,0,0,0,0,0,0,0,0,0,0,0,0,0,0,0,0,0,0,0,0,0,0,0,0,0,0,0,0,0,0,0,0,0,0,0,0,0,0,0,0,0,0,0,0,0,0,0,0,0,0,0,0,0,0,0,0,0,0,0,0,0,0,0,0,0,0,0,0,0,0,0,0,0,0,0,0,0,0,0,0,0,-0.0563465,0.172929,0.0810088,-0.0914042,-0.176071,-0.424952,0.471843,-0.269378,0.00308325,0.132744,-0.197015,-0.108462,-0.190821,0.102829,-1.76374,-0.114901,0.115941,-0.0565063,0.765869,-0.181181,-0.271128,-0.106537,0.210236,0.336695,0.373802,-0.0892142,4.1908,-0.8761,0.344023,-0.226952,-0.214216,-0.195895,-1.27773,0.268561,0.115114,2.13855,-0.212119,-0.0939503,-0.374913,-0.0635331,0.184356,0.361786,-0.462536,-0.0859152,-0.0593882,0.00135224,-0.186374,0.159912,0.40694,0.0582187,0.51631,0.0508489,-0.0201993,0.0278486,0.122779,-0.318143,-0.0864062,0.645099,-0.0247824,-0.00793708,-0.00664654,0.704,0.172068,0.0554768,-0.983522,0.6,0,0,1.172,0.9256,1.96615
-0.898526,0.878044,8.01978,0.32908,-0.340082,-0.0929264,-0.0512214,0.16711,0.0801689,-0.898526,0.878044,8.01978,0.32908,-0.340082,-0.0929264,-0.0512214,0.16711,0.0801689,-1.33076,0.29263,0.138607,2.15446,-0.128592,-0.100001,-0.297663,-0.0571142,0.221691,0.324645,-0.348416,-0.0646477,-0.0732642,0.0383656,-0.160564,0.152885,0.429869,0.0474832,0.49996,0.061753,-0.0153673,0.0302172,0.123848,-0.328456,-0.0917389,0.64128,-0.0275889,-0.00853154,-0.00645176,0,0,0,0,0,0,0,0,0,0,0,0,0,0,0,0,0,0,0,0,0,0,0,0,0,0,0,0,0,-1.22921,0.260309,0.103001,2.23022,-0.379902,-0.0546023,-0.30366,0.0909045,-0.22425,0.733419,-0.330596,-0.15261,-0.119489,0.0419067,-0.305578,0.268614,0.313205,0.0810568,0.640973,0.0541915,-0.00725741,0.0271739,0.137635,-0.160324,-0.00558222,0.688121,-0.0320407,-8.02494e-05,0.00030234,-2.20804,0.486574,0.190332,-1.90666,2.74979,-0.66821,1.22801,-0.00837985,0.931729,-1.54831,0.54261,-0.377136,-0.119371,0.111841,0.433895,0.247476,0.279328,-0.573693,-0.244675,-0.0574986,0.177004,-0.00423422,-0.0196923,-0.503119,-0.686575,0.334504,0.119099,0.0881978,-0.042223,3.63404,-2.23781,-0.00974656,2.45565,-0.181815,0.0881418,-5.99514,-15.1974,14.1225,-27.2572,-4.73625,2.57886,2.71466,-1.38088,2.67563,-1.78113,1.07504,0.17787,-1.56645,0.00469789,-0.408686,0.0121097,-0.199485,-1.82605,-0.545747,-0.915415,-0.00338568,-0.222744,-0.0739844,0,0,0,0,0,0,0,0,0,0,0,0,0,0,0,0,0,0,0,0,0,0,0,0,0,0,0,0,0,2.55789,6.3088,2.55789,6.3088,1.81445,1.81445,2.55789,6.3088,2.55789,6.3088,1.81445,1.81445,2.55789,1.81445,1.81445,0.907223,0.907223,0.907223,0.907223,0.907223,1.06814,1.06814,0.907223,0.907223,0.907223,0.907223,0.907223,1.06814,1.06814,40.1792,99.0984,40.1792,99.0984,28.5012,28.5012,40.1792,99.0984,40.1792,99.0984,28.5012,28.5012,40.1792,28.5012,28.5012,14.2506,14.2506,14.2506,14.2506,14.2506,16.7783,16.7783,14.2506,14.2506,14.2506,14.2506,14.2506,16.7783,16.7783,0,0,0,0,0,0,0,0,0,0,0,0,0,0,0,0,0,0,0,0,0,0,0,0,0,0,0,0,0,0,0,0,0,0,0,0,0,0,0,0,0,0,0,0,0,0,0,0,0,0,0,0,0,0,0,0,0,0,0,0,0,0,0,0,0,0,0,0,0,0,0,0,0,0,0,0,0,0,0,0,0,0,0,0,0,0,0,0,0,0,0,0,0,0,0,0,0,0,0,0,0,0,0,0,0,0,0,0,0,0,0,0,0,0,0,0,0,-0.0512214,0.16711,0.0801689,-0.107426,-0.173635,-0.366102,0.524125,-0.292892,0.0874774,0.108266,-0.209174,-0.133804,-0.228102,0.0941225,-1.86059,0.0261837,0.140803,-0.0629055,0.834509,-0.162876,-0.20627,-0.114516,0.253142,0.40488,0.405595,-0.0865998,4.23616,-0.982015,0.534474,0.0332537,-0.228012,-0.147403,-1.33076,0.29263,0.138607,2.15446,-0.128592,-0.100001,-0.297663,-0.0571142,0.221691,0.324645,-0.348416,-0.0646477,-0.0732642,0.0383656,-0.160564,0.152885,0.429869,0.0474832,0.49996,0.061753,-0.0153673,0.0302172,0.123848,-0.328456,-0.0917389,0.64128,-0.0275889,-0.00853154,-0.00645176,0.975,0.166334,0.0504857,-0.984776,0.6,0,0,1.19197,0.485975,1.93085
-1.17087,0.837057,8.47492,0.397525,-0.327861,-0.188744,-0.0442161,0.160296,0.0777071,-1.17087,0.837057,8.47492,0.397525,-0.327861,-0.188744,-0.0442161,0.160296,0.0777071,-1.34997,0.298135,0.165848,2.18908,-0.0870685,-0.0966996,-0.22707,-0.0631743,0.217044,0.276398,-0.298368,-0.0315729,-0.0844129,0.0727009,-0.152993,0.151839,0.442394,0.0417215,0.493098,0.0691114,-0.0100904,0.03027,0.140202,-0.301092,-0.0797196,0.644732,-0.0344242,-0.0126061,-0.00354443,0,0,0,0,0,0,0,0,0,0,0,0,0,0,0,0,0,0,0,0,0,0,0,0,0,0,0,0,0,-1.2688,0.27281,0.105785,2.19473,-0.316426,-0.0668862,-0.279912,0.0948959,-0.204766,0.699971,-0.316523,-0.16167,-0.12333,0.0405673,-0.295581,0.271771,0.317783,0.0677296,0.634243,0.0556505,-0.00295404,0.0275635,0.136548,-0.172658,-0.0189749,0.693959,-0.0306427,0.00154935,-0.000430013,-1.77338,0.678293,0.132409,-1.60055,3.01466,-0.545595,1.14183,0.294445,0.990971,-1.69267,0.709618,-0.369078,-0.21201,-0.170601,0.542618,0.0908096,0.177593,-0.683474,-0.388373,0.100644,0.19157,0.0134934,-0.0920202,-0.700072,-0.641163,0.258444,0.050476,0.0750958,-0.0357028,2.0281,-2.20623,0.99871,6.05505,-0.11704,0.0457888,-3.5804,-16.8255,14.6795,-26.7815,-2.19081,3.46701,2.5477,0.212832,2.91062,-1.78668,1.42921,0.3182,-1.57889,-0.00345841,-0.41841,0.0272804,-0.108232,-1.61956,-0.466482,-0.985611,-0.00270219,-0.248612,-0.0642754,0,0,0,0,0,0,0,0,0,0,0,0,0,0,0,0,0,0,0,0,0,0,0,0,0,0,0,0,0,2.55789,6.3088,2.55789,6.3088,1.81445,1.81445,2.55789,6.3088,2.55789,6.3088,1.81445,1.81445,2.55789,1.81445,1.81445,0.907223,0.907223,0.907223,0.907223,0.907223,1.06814,1.06814,0.907223,0.907223,0.907223,0.907223,0.907223,1.06814,1.06814,40.1792,99.0984,40.1792,99.0984,28.5012,28.5012,40.1792,99.0984,40.1792,99.0984,28.5012,28.5012,40.1792,28.5012,28.5012,14.2506,14.2506,14.2506,14.2506,14.2506,16.7783,16.7783,14.2506,14.2506,14.2506,14.2506,14.2506,16.7783,16.7783,0,0,0,0,0,0,0,0,0,0,0,0,0,0,0,0,0,0,0,0,0,0,0,0,0,0,0,0,0,0,0,0,0,0,0,0,0,0,0,0,0,0,0,0,0,0,0,0,0,0,0,0,0,0,0,0,0,0,0,0,0,0,0,0,0,0,0,0,0,0,0,0,0,0,0,0,0,0,0,0,0,0,0,0,0,0,0,0,0,0,0,0,0,0,0,0,0,0,0,0,0,0,0,0,0,0,0,0,0,0,0,0,0,0,0,0,0,-0.0442161,0.160296,0.0777071,-0.109811,-0.136345,-0.348839,0.552683,-0.230501,0.165765,0.0951292,-0.181769,-0.154166,-0.243748,0.101992,-1.89567,0.155111,0.157581,-0.0784907,0.850207,-0.180158,-0.13544,-0.169208,0.302893,0.396393,0.406304,-0.0475757,4.33488,-1.1196,0.629151,0.147368,-0.220485,-0.0719894,-1.34997,0.298135,0.165848,2.18908,-0.0870685,-0.0966996,-0.22707,-0.0631743,0.217044,0.276398,-0.298368,-0.0315729,-0.0844129,0.0727009,-0.152993,0.151839,0.442394,0.0417215,0.493098,0.0691114,-0.0100904,0.03027,0.140202,-0.301092,-0.0797196,0.644732,-0.0344242,-0.0126061,-0.00354443,0.569,0.15961,0.043635,-0.986215,0.6,0,0,1.19197,0.485975,1.93085
-0.665081,0.0908063,9.23415,0.391068,-0.295165,-0.264283,-0.0368398,0.154196,0.0732974,-0.665081,0.0908063,9.23415,0.391068,-0.295165,-0.264283,-0.0368398,0.154196,0.0732974,-1.37985,0.290347,0.166588,2.1622,-0.0501618,-0.097784,-0.175517,-0.062185,0.233447,0.277739,-0.270551,-0.00268782,-0.0838409,0.063827,-0.153817,0.151917,0.423433,0.0309737,0.499481,0.0686718,-0.00663841,0.0312624,0.159038,-0.305285,-0.0778956,0.652635,-0.0380971,-0.0161112,-0.00217065,0,0,0,0,0,0,0,0,0,0,0,0,0,0,0,0,0,0,0,0,0,0,0,0,0,0,0,0,0,-1.2974,0.28584,0.108859,2.17097,-0.257942,-0.0750302,-0.253563,0.102491,-0.187046,0.662946,-0.302033,-0.16642,-0.126338,0.0341567,-0.286662,0.271074,0.320437,0.0538703,0.625536,0.059012,0.0011954,0.0277122,0.134046,-0.187655,-0.0307589,0.698581,-0.0313376,0.00177994,-0.000851876,-1.18863,0.606993,0.228892,-0.872963,2.66083,-0.341205,1.36133,0.393641,0.834054,-1.902,0.672201,-0.0979384,-0.100748,-0.363236,0.44864,-0.11787,0.106092,-0.67236,-0.452002,0.169936,0.184334,-0.00311367,-0.12932,-0.76066,-0.539055,0.211183,-0.0534926,-0.00896078,-0.0161746,0.950088,-2.58362,1.78279,7.5,0.0469502,-0.000230847,-2.33628,-18.8654,14.1581,-26.6502,-1.11565,4.07195,1.96084,1.74542,3.04789,-1.60891,1.64016,0.427265,-1.49119,-0.00989829,-0.390279,0.0438071,0.203259,-0.946489,-0.214036,-0.958071,0.00398867,-0.232374,-0.0283056,0,0,0,0,0,0,0,0,0,0,0,0,0,0,0,0,0,0,0,0,0,0,0,0,0,0,0,0,0,2.55789,6.3088,2.55789,6.3088,1.81445,1.81445,2.55789,6.3088,2.55789,6.3088,1.81445,1.81445,2.55789,1.81445,1.81445,0.907223,0.907223,0.907223,0.907223,0.907223,1.06814,1.06814,0.907223,0.907223,0.907223,0.907223,0.907223,1.06814,1.06814,40.1792,99.0984,40.1792,99.0984,28.5012,28.5012,40.1792,99.0984,40.1792,99.0984,28.5012,28.5012,40.1792,28.5012,28.5012,14.2506,14.2506,14.2506,14.2506,14.2506,16.7783,16.7783,14.2506,14.2506,14.2506,14.2506,14.2506,16.7783,16.7783,0,0,0,0,0,0,0,0,0,0,0,0,0,0,0,0,0,0,0,0,0,0,0,0,0,0,0,0,0,0,0,0,0,0,0,0,0,0,0,0,0,0,0,0,0,0,0,0,0,0,0,0,0,0,0,0,0,0,0,0,0,0,0,0,0,0,0,0,0,0,0,0,0,0,0,0,0,0,0,0,0,0,0,0,0,0,0,0,0,0,0,0,0,0,0,0,0,0,0,0,0,0,0,0,0,0,0,0,0,0,0,0,0,0,0,0,0,-0.0368398,0.154196,0.0732974,-0.109635,-0.0933975,-0.350718,0.50945,-0.24006,0.145532,0.0706231,-0.17761,-0.153121,-0.229194,0.120014,-1.95025,0.249262,0.156579,-0.0868652,0.827997,-0.177336,-0.0891051,-0.216255,0.304244,0.426352,0.419624,-0.0291359,4.25824,-1.11578,0.713302,0.210793,-0.222957,-0.00612849,-1.37985,0.290347,0.166588,2.1622,-0.0501618,-0.097784,-0.175517,-0.062185,0.233447,0.277739,-0.270551,-0.00268782,-0.0838409,0.063827,-0.153817,0.151917,0.423433,0.0309737,0.499481,0.0686718,-0.00663841,0.0312624,0.159038,-0.305285,-0.0778956,0.652635,-0.0380971,-0.0161112,-0.00217065,0.553,0.153586,0.0363945,-0.987465,0.6,0,0,1.21243,0.473578,1.97068
-0.562469,0.0262655,9.01069,0.356626,-0.29182,-0.292763,-0.0301664,0.148235,0.0678667,-0.562469,0.0262655,9.01069,0.356626,-0.29182,-0.292763,-0.0301664,0.148235,0.0678667,-1.3868,0.291475,0.136858,2.10514,-0.0350484,-0.105787,-0.12095,-0.069869,0.238795,0.273623,-0.214518,0.0215973,-0.0853332,0.0661047,-0.152304,0.15775,0.400229,0.019704,0.498512,0.0657901,-0.00463681,0.0321709,0.178628,-0.329969,-0.0845873,0.660896,-0.0418994,-0.0167338,-0.000638352,0,0,0,0,0,0,0,0,0,0,0,0,0,0,0,0,0,0,0,0,0,0,0,0,0,0,0,0,0,-1.31627,0.294636,0.11492,2.1557,-0.20419,-0.0811509,-0.226787,0.109578,-0.170998,0.625212,-0.290948,-0.16213,-0.126891,0.0267648,-0.277123,0.265961,0.321616,0.0410331,0.617431,0.0617851,0.00448501,0.0279354,0.132149,-0.202899,-0.0402596,0.702108,-0.0330534,0.000488555,-0.00097412,-0.768358,0.325855,0.371134,-0.67726,2.46073,-0.270177,1.26977,0.316322,0.793819,-1.84817,0.47326,0.376265,0.0105447,-0.347003,0.535896,-0.345916,0.0202746,-0.598919,-0.380498,0.117765,0.142881,0.0102202,-0.0573197,-0.752284,-0.422892,0.139554,-0.0864444,-0.0790219,-0.00207781,-0.562003,-2.54028,1.19779,4.9258,-0.0767479,0.0152693,-1.1472,-19.013,14.2864,-23.0536,-0.278776,3.917,1.71626,1.68468,2.6063,-1.33454,1.42613,0.394557,-1.34506,-0.00903168,-0.341297,0.0439378,0.441229,-0.793712,-0.154985,-0.835734,0.00627679,-0.195823,-0.017662,0,0,0,0,0,0,0,0,0,0,0,0,0,0,0,0,0,0,0,0,0,0,0,0,0,0,0,0,0,2.55789,6.3088,2.55789,6.3088,1.81445,1.81445,2.55789,6.3088,2.55789,6.3088,1.81445,1.81445,2.55789,1.81445,1.81445,0.907223,0.907223,0.907223,0.907223,0.907223,1.06814,1.06814,0.907223,0.907223,0.907223,0.907223,0.907223,1.06814,1.06814,40.1792,99.0984,40.1792,99.0984,28.5012,28.5012,40.1792,99.0984,40.1792,99.0984,28.5012,28.5012,40.1792,28.5012,28.5012,14.2506,14.2506,14.2506,14.2506,14.2506,16.7783,16.7783,14.2506,14.2506,14.2506,14.2506,14.2506,16.7783,16.7783,0,0,0,0,0,0,0,0,0,0,0,0,0,0,0,0,0,0,0,0,0,0,0,0,0,0,0,0,0,0,0,0,0,0,0,0,0,0,0,0,0,0,0,0,0,0,0,0,0,0,0,0,0,0,0,0,0,0,0,0,0,0,0,0,0,0,0,0,0,0,0,0,0,0,0,0,0,0,0,0,0,0,0,0,0,0,0,0,0,0,0,0,0,0,0,0,0,0,0,0,0,0,0,0,0,0,0,0,0,0,0,0,0,0,0,0,0,-0.0301664,0.148235,0.0678667,-0.0963332,-0.0487306,-0.347268,0.456542,-0.296343,0.150725,0.0449272,-0.192867,-0.155846,-0.231404,0.138849,-1.96293,0.348921,0.150008,-0.0955349,0.831215,-0.199249,-0.0622383,-0.224612,0.249948,0.436118,0.431819,-0.00856838,4.0955,-1.12752,0.747762,0.338554,-0.241205,0.0492439,-1.3868,0.291475,0.136858,2.10514,-0.0350484,-0.105787,-0.12095,-0.069869,0.238795,0.273623,-0.214518,0.0215973,-0.0853332,0.0661047,-0.152304,0.15775,0.400229,0.019704,0.498512,0.0657901,-0.00463681,0.0321709,0.178628,-0.329969,-0.0845873,0.660896,-0.0418994,-0.0167338,-0.000638352,0.603,0.147692,0.029831,-0.988583,0.6,0,0,1.21243,0.473578,1.97068
-0.606119,-0.0136541,8.79047,0.301323,-0.223313,-0.31822,-0.0244976,0.143245,0.0618818,-0.606119,-0.0136541,8.79047,0.301323,-0.223313,-0.31822,-0.0244976,0.143245,0.0618818,-1.38725,0.282483,0.0836493,1.98661,0.00454557,-0.128663,-0.0777409,-0.0829019,0.249217,0.305268,-0.164757,0.0263434,-0.087806,0.0308549,-0.136513,0.168941,0.361751,0.00245704,0.513231,0.0592711,-0.00384096,0.0350906,0.185566,-0.37016,-0.0983692,0.657492,-0.040819,-0.0190014,-0.000633566,0,0,0,0,0,0,0,0,0,0,0,0,0,0,0,0,0,0,0,0,0,0,0,0,0,0,0,0,0,-1.32591,0.298148,0.121933,2.13841,-0.158082,-0.0878099,-0.201361,0.114951,-0.155488,0.588007,-0.281653,-0.151914,-0.126019,0.0204688,-0.267397,0.256545,0.32089,0.0300518,0.609605,0.0631061,0.00710137,0.0284971,0.131346,-0.217726,-0.0477652,0.704353,-0.0353445,-0.00148865,-0.000576889,-0.30465,0.0993736,0.324351,-0.971743,2.03054,-0.313899,1.2055,0.24317,0.790953,-1.83389,0.441752,0.570313,0.0428062,-0.275836,0.513125,-0.536377,-0.0800041,-0.505111,-0.406057,0.0465954,0.107307,0.028602,-0.00987633,-0.729192,-0.332064,0.0883037,-0.111613,-0.0956212,0.0258009,-1.61736,-1.32756,-0.216997,2.59961,-0.197529,0.0577027,0.177009,-19.8237,13.9042,-19.8635,1.12053,3.94311,1.52,1.80583,2.41022,-0.943114,1.19323,0.306145,-1.23029,-0.00446786,-0.315688,0.0306901,0.690402,-0.954984,-0.224403,-0.702363,0.00755471,-0.153819,-0.0279039,0,0,0,0,0,0,0,0,0,0,0,0,0,0,0,0,0,0,0,0,0,0,0,0,0,0,0,0,0,2.55789,6.3088,2.55789,6.3088,1.81445,1.81445,2.55789,6.3088,2.55789,6.3088,1.81445,1.81445,2.55789,1.81445,1.81445,0.907223,0.907223,0.907223,0.907223,0.907223,1.06814,1.06814,0.907223,0.907223,0.907223,0.907223,0.907223,1.06814,1.06814,40.1792,99.0984,40.1792,99.0984,28.5012,28.5012,40.1792,99.0984,40.1792,99.0984,28.5012,28.5012,40.1792,28.5012,28.5012,14.2506,14.2506,14.2506,14.2506,14.2506,16.7783,16.7783,14.2506,14.2506,14.2506,14.2506,14.2506,16.7783,16.7783,0,0,0,0,0,0,0,0,0,0,0,0,0,0,0,0,0,0,0,0,0,0,0,0,0,0,0,0,0,0,0,0,0,0,0,0,0,0,0,0,0,0,0,0,0,0,0,0,0,0,0,0,0,0,0,0,0,0,0,0,0,0,0,0,0,0,0,0,0,0,0,0,0,0,0,0,0,0,0,0,0,0,0,0,0,0,0,0,0,0,0,0,0,0,0,0,0,0,0,0,0,0,0,0,0,0,0,0,0,0,0,0,0,0,0,0,0,-0.0244976,0.143245,0.0618818,-0.0708167,-0.0329114,-0.311263,0.368808,-0.387983,0.0703522,0.0056023,-0.224292,-0.160363,-0.197843,0.131086,-1.96377,0.427834,0.135144,-0.0930715,0.805572,-0.236416,-0.0515558,-0.255049,0.152771,0.455153,0.471009,-0.00850415,3.7575,-1.03727,0.838041,0.452013,-0.293366,0.0600655,-1.38725,0.282483,0.0836493,1.98661,0.00454557,-0.128663,-0.0777409,-0.0829019,0.249217,0.305268,-0.164757,0.0263434,-0.087806,0.0308549,-0.136513,0.168941,0.361751,0.00245704,0.513231,0.0592711,-0.00384096,0.0350906,0.185566,-0.37016,-0.0983692,0.657492,-0.040819,-0.0190014,-0.000633566,0.713,0.142755,0.0242443,-0.989461,0.6,0,0,1.23116,0.470033,2.00226
-0.783648,0.558507,8.06217,0.295947,-0.154331,-0.336094,-0.0195475,0.139605,0.0555221,-0.783648,0.558507,8.06217,0.295947,-0.154331,-0.336094,-0.0195475,0.139605,0.0555221,-1.37259,0.270101,0.0663945,1.91143,0.0124282,-0.135285,-0.0349884,-0.0939072,0.232472,0.303274,-0.154953,0.0150462,-0.0977099,0.0407512,-0.118531,0.165189,0.370635,0.0115393,0.514955,0.0559622,-0.00361421,0.036669,0.192276,-0.353154,-0.088556,0.653592,-0.0410835,-0.0190094,0.00105012,0,0,0,0,0,0,0,0,0,0,0,0,0,0,0,0,0,0,0,0,0,0,0,0,0,0,0,0,0,-1.32753,0.296231,0.125661,2.10635,-0.112923,-0.0987846,-0.180564,0.117613,-0.138987,0.554479,-0.274101,-0.138695,-0.125422,0.0166322,-0.256879,0.243332,0.317865,0.0201298,0.602938,0.0624154,0.00825461,0.0298968,0.131962,-0.232447,-0.0542019,0.704575,-0.0369715,-0.00357843,9.91236e-05,0.0576645,-0.18319,0.0383306,-1.96627,2.05426,-0.540348,0.891684,0.0962304,0.869973,-1.54772,0.334482,0.678349,-0.00505449,-0.162803,0.568542,-0.714486,-0.222843,-0.473173,-0.306883,-0.051666,0.0377085,0.0727512,0.0637744,-0.757656,-0.300594,-0.0481151,-0.066587,-0.104771,0.0334642,-2.48548,-0.272523,-1.87215,-0.0826868,-0.417255,0.133173,1.8389,-20.4476,13.4719,-15.0666,2.51216,3.50093,1.49923,0.690611,2.45765,-0.433433,0.806282,0.17109,-1.00976,0.00153832,-0.24554,0.00922878,0.713127,-1.30189,-0.359444,-0.637923,0.0055336,-0.149261,-0.0476205,0,0,0,0,0,0,0,0,0,0,0,0,0,0,0,0,0,0,0,0,0,0,0,0,0,0,0,0,0,2.55789,6.3088,2.55789,6.3088,1.81445,1.81445,2.55789,6.3088,2.55789,6.3088,1.81445,1.81445,2.55789,1.81445,1.81445,0.907223,0.907223,0.907223,0.907223,0.907223,1.06814,1.06814,0.907223,0.907223,0.907223,0.907223,0.907223,1.06814,1.06814,40.1792,99.0984,40.1792,99.0984,28.5012,28.5012,40.1792,99.0984,40.1792,99.0984,28.5012,28.5012,40.1792,28.5012,28.5012,14.2506,14.2506,14.2506,14.2506,14.2506,16.7783,16.7783,14.2506,14.2506,14.2506,14.2506,14.2506,16.7783,16.7783,0,0,0,0,0,0,0,0,0,0,0,0,0,0,0,0,0,0,0,0,0,0,0,0,0,0,0,0,0,0,0,0,0,0,0,0,0,0,0,0,0,0,0,0,0,0,0,0,0,0,0,0,0,0,0,0,0,0,0,0,0,0,0,0,0,0,0,0,0,0,0,0,0,0,0,0,0,0,0,0,0,0,0,0,0,0,0,0,0,0,0,0,0,0,0,0,0,0,0,0,0,0,0,0,0,0,0,0,0,0,0,0,0,0,0,0,0,-0.0195475,0.139605,0.0555221,-0.0793736,-0.0176118,-0.270263,0.389066,-0.349207,0.0929168,0.0263108,-0.201917,-0.17845,-0.193911,0.122194,-1.93698,0.505914,0.127599,-0.0936746,0.770261,-0.2678,-0.0485123,-0.255157,0.121258,0.424571,0.492196,0.0140954,3.5431,-1.04296,0.856014,0.474368,-0.308463,0.0343069,-1.37259,0.270101,0.0663945,1.91143,0.0124282,-0.135285,-0.0349884,-0.0939072,0.232472,0.303274,-0.154953,0.0150462,-0.0977099,0.0407512,-0.118531,0.165189,0.370635,0.0115393,0.514955,0.0559622,-0.00361421,0.036669,0.192276,-0.353154,-0.088556,0.653592,-0.0410835,-0.0190094,0.00105012,1.053,0.139152,0.0193561,-0.990082,0.6,0,0,1.23116,0.470033,2.00226
-0.241518,0.423771,7.89498,0.276157,-0.118425,-0.384144,-0.0148776,0.137148,0.0483473,-0.241518,0.423771,7.89498,0.276157,-0.118425,-0.384144,-0.0148776,0.137148,0.0483473,-1.38516,0.259589,0.0659035,1.86894,0.0034137,-0.136888,0.0346478,-0.105305,0.224953,0.290234,-0.123833,-0.000625017,-0.109814,0.0436359,-0.107349,0.173619,0.384387,0.0163149,0.51167,0.0548318,-0.00386489,0.0368229,0.194078,-0.358268,-0.0891227,0.655189,-0.0418925,-0.0189954,0.00233631,0,0,0,0,0,0,0,0,0,0,0,0,0,0,0,0,0,0,0,0,0,0,0,0,0,0,0,0,0,-1.32117,0.289687,0.123029,2.05786,-0.0764219,-0.109368,-0.163612,0.118208,-0.122427,0.525152,-0.267633,-0.128896,-0.125342,0.0143134,-0.246436,0.227763,0.312117,0.0121775,0.597166,0.0607984,0.00868535,0.0312084,0.133636,-0.247327,-0.059401,0.702576,-0.0381442,-0.00544624,0.000726641,0.462776,-0.368877,-0.27855,-2.63092,1.52845,-0.465981,0.768819,0.0231513,0.830823,-1.37341,0.290807,0.397562,-0.0162519,-0.10566,0.550268,-0.787257,-0.333065,-0.346829,-0.285614,-0.0815309,0.0110525,0.0595736,0.113703,-0.731648,-0.222609,-0.128695,-0.0521197,-0.0855047,0.0308109,-3.16274,0.343852,-1.67036,1.52031,-0.285575,0.112782,3.20166,-21.1151,12.2175,-13.4351,2.68055,3.38358,1.13066,0.932061,2.70785,-0.19341,1.11807,0.303794,-0.92253,0.00468169,-0.220742,0.0284507,0.742168,-0.8632,-0.21282,-0.588311,0.00515779,-0.137531,-0.0265222,0,0,0,0,0,0,0,0,0,0,0,0,0,0,0,0,0,0,0,0,0,0,0,0,0,0,0,0,0,2.55789,6.3088,2.55789,6.3088,1.81445,1.81445,2.55789,6.3088,2.55789,6.3088,1.81445,1.81445,2.55789,1.81445,1.81445,0.907223,0.907223,0.907223,0.907223,0.907223,1.06814,1.06814,0.907223,0.907223,0.907223,0.907223,0.907223,1.06814,1.06814,40.1792,99.0984,40.1792,99.0984,28.5012,28.5012,40.1792,99.0984,40.1792,99.0984,28.5012,28.5012,40.1792,28.5012,28.5012,14.2506,14.2506,14.2506,14.2506,14.2506,16.7783,16.7783,14.2506,14.2506,14.2506,14.2506,14.2506,16.7783,16.7783,0,0,0,0,0,0,0,0,0,0,0,0,0,0,0,0,0,0,0,0,0,0,0,0,0,0,0,0,0,0,0,0,0,0,0,0,0,0,0,0,0,0,0,0,0,0,0,0,0,0,0,0,0,0,0,0,0,0,0,0,0,0,0,0,0,0,0,0,0,0,0,0,0,0,0,0,0,0,0,0,0,0,0,0,0,0,0,0,0,0,0,0,0,0,0,0,0,0,0,0,0,0,0,0,0,0,0,0,0,0,0,0,0,0,0,0,0,-0.0148776,0.137148,0.0483473,-0.0601523,-0.013503,-0.244765,0.420422,-0.360868,0.0994941,0.0371997,-0.203209,-0.200556,-0.201402,0.125837,-1.95993,0.633093,0.125022,-0.095519,0.740284,-0.300304,-0.0518771,-0.254969,0.120361,0.410837,0.494261,0.0313595,3.42193,-1.08015,0.83546,0.545326,-0.312118,-0.0014251,-1.38516,0.259589,0.0659035,1.86894,0.0034137,-0.136888,0.0346478,-0.105305,0.224953,0.290234,-0.123833,-0.000625017,-0.109814,0.0436359,-0.107349,0.173619,0.384387,0.0163149,0.51167,0.0548318,-0.00386489,0.0368229,0.194078,-0.358268,-0.0891227,0.655189,-0.0418925,-0.0189954,0.00233631,0.7,0.136718,0.0147374,-0.9905,0.6,0,0,1.24826,0.47239,2.00337
0.363213,0.49847,7.96368,0.258732,-0.148609,-0.431476,-0.0106733,0.134675,0.0401618,0.363213,0.49847,7.96368,0.258732,-0.148609,-0.431476,-0.0106733,0.134675,0.0401618,-1.38503,0.218245,0.0840035,1.80924,-0.000444874,-0.135996,0.0586776,-0.0966187,0.17759,0.28793,-0.12423,-0.013533,-0.119509,0.0592163,-0.118919,0.177618,0.370829,0.0204228,0.525559,0.0532249,-0.00470027,0.0381805,0.168063,-0.343944,-0.0840072,0.63629,-0.0392769,-0.0258153,0.00384831,0,0,0,0,0,0,0,0,0,0,0,0,0,0,0,0,0,0,0,0,0,0,0,0,0,0,0,0,0,-1.30768,0.281028,0.11427,2.00292,-0.0530763,-0.117351,-0.146819,0.119173,-0.107428,0.497209,-0.260712,-0.126578,-0.125224,0.0114196,-0.236441,0.212137,0.304987,0.00581553,0.590959,0.0591537,0.00870628,0.0321081,0.136338,-0.261473,-0.0634819,0.700271,-0.0392018,-0.00711044,0.00150388,0.777105,-0.424859,-0.54539,-2.72787,0.912704,-0.338118,0.82311,0.0846016,0.730132,-1.35111,0.330582,0.0122117,-0.0026017,-0.178873,0.534053,-0.741899,-0.370358,-0.299299,-0.327352,-0.0748159,-0.0118448,0.0354026,0.16818,-0.686629,-0.184336,-0.0956837,-0.0488647,-0.0728054,0.0388731,-5.01077,0.547755,-0.643232,3.56859,-0.0800053,0.0615037,5.20994,-22.6966,11.5527,-12.1146,3.29617,3.55919,0.612788,1.21807,2.77529,0.116844,1.45434,0.416695,-0.845106,0.00627179,-0.202362,0.0408105,0.682845,-0.771654,-0.199143,-0.554042,0.00576916,-0.12076,-0.0270123,0,0,0,0,0,0,0,0,0,0,0,0,0,0,0,0,0,0,0,0,0,0,0,0,0,0,0,0,0,2.55789,6.3088,2.55789,6.3088,1.81445,1.81445,2.55789,6.3088,2.55789,6.3088,1.81445,1.81445,2.55789,1.81445,1.81445,0.907223,0.907223,0.907223,0.907223,0.907223,1.06814,1.06814,0.907223,0.907223,0.907223,0.907223,0.907223,1.06814,1.06814,40.1792,99.0984,40.1792,99.0984,28.5012,28.5012,40.1792,99.0984,40.1792,99.0984,28.5012,28.5012,40.1792,28.5012,28.5012,14.2506,14.2506,14.2506,14.2506,14.2506,16.7783,16.7783,14.2506,14.2506,14.2506,14.2506,14.2506,16.7783,16.7783,0,0,0,0,0,0,0,0,0,0,0,0,0,0,0,0,0,0,0,0,0,0,0,0,0,0,0,0,0,0,0,0,0,0,0,0,0,0,0,0,0,0,0,0,0,0,0,0,0,0,0,0,0,0,0,0,0,0,0,0,0,0,0,0,0,0,0,0,0,0,0,0,0,0,0,0,0,0,0,0,0,0,0,0,0,0,0,0,0,0,0,0,0,0,0,0,0,0,0,0,0,0,0,0,0,0,0,0,0,0,0,0,0,0,0,0,0,-0.0106733,0.134675,0.0401618,-0.0510327,-0.0728203,-0.271147,0.389507,-0.328206,0.135019,0.0465659,-0.191545,-0.218262,-0.169734,0.0827455,-1.95971,0.676979,0.121358,-0.0895553,0.622381,-0.275533,-0.0630902,-0.346509,0.153418,0.324338,0.512484,0.0516545,3.25168,-1.08672,0.826662,0.544419,-0.310085,-0.0308566,-1.38503,0.218245,0.0840035,1.80924,-0.000444874,-0.135996,0.0586776,-0.0966187,0.17759,0.28793,-0.12423,-0.013533,-0.119509,0.0592163,-0.118919,0.177618,0.370829,0.0204228,0.525559,0.0532249,-0.00470027,0.0381805,0.168063,-0.343944,-0.0840072,0.63629,-0.0392769,-0.0258153,0.00384831,0.719,0.134269,0.0105765,-0.990889,0.6,0,0,1.26086,0.478764,2.01028
0.0435523,0.758148,8.09155,0.235032,-0.174424,-0.441966,-0.0070644,0.131292,0.0313471,0.0435523,0.758148,8.09155,0.235032,-0.174424,-0.441966,-0.0070644,0.131292,0.0313471,-1.37992,0.210712,0.0851777,1.77554,-0.0180575,-0.132532,0.0998454,-0.120382,0.165453,0.255495,-0.0852679,-0.0168126,-0.125927,0.0606244,-0.122172,0.187444,0.376774,0.0259631,0.523251,0.0522644,-0.00503837,0.0380908,0.156005,-0.352397,-0.0824936,0.628038,-0.0389042,-0.0277138,0.00632384,0,0,0,0,0,0,0,0,0,0,0,0,0,0,0,0,0,0,0,0,0,0,0,0,0,0,0,0,0,-1.28945,0.2676,0.102623,1.94609,-0.0380703,-0.122651,-0.129313,0.119363,-0.0956396,0.470297,-0.258132,-0.126802,-0.122469,0.00825926,-0.225726,0.197572,0.297049,0.00130859,0.585544,0.0575822,0.00748612,0.0328787,0.140819,-0.273997,-0.0672276,0.697438,-0.0394382,-0.00906044,0.00229326,0.959171,-0.737942,-0.663976,-2.81651,0.587232,-0.211959,0.796792,0.0563855,0.463106,-1.20658,0.229159,-0.184859,0.179675,-0.238197,0.554469,-0.7179,-0.436305,-0.176759,-0.218318,-0.0728707,-0.0694853,0.0409484,0.259046,-0.591738,-0.184084,-0.164299,-0.00113688,-0.108074,0.0343563,-6.2055,-0.335722,0.864556,3.84921,-0.0238707,0.00969245,5.5135,-21.6473,9.79527,-10.4369,3.43517,3.53655,-0.327591,1.83656,2.08756,0.354678,1.429,0.433693,-0.657975,0.00366894,-0.130027,0.0465173,0.166034,-0.470139,-0.0745096,-0.727071,0.00345623,-0.168656,-0.0108742,0,0,0,0,0,0,0,0,0,0,0,0,0,0,0,0,0,0,0,0,0,0,0,0,0,0,0,0,0,2.55789,6.3088,2.55789,6.3088,1.81445,1.81445,2.55789,6.3088,2.55789,6.3088,1.81445,1.81445,2.55789,1.81445,1.81445,0.907223,0.907223,0.907223,0.907223,0.907223,1.06814,1.06814,0.907223,0.907223,0.907223,0.907223,0.907223,1.06814,1.06814,40.1792,99.0984,40.1792,99.0984,28.5012,28.5012,40.1792,99.0984,40.1792,99.0984,28.5012,28.5012,40.1792,28.5012,28.5012,14.2506,14.2506,14.2506,14.2506,14.2506,16.7783,16.7783,14.2506,14.2506,14.2506,14.2506,14.2506,16.7783,16.7783,0,0,0,0,0,0,0,0,0,0,0,0,0,0,0,0,0,0,0,0,0,0,0,0,0,0,0,0,0,0,0,0,0,0,0,0,0,0,0,0,0,0,0,0,0,0,0,0,0,0,0,0,0,0,0,0,0,0,0,0,0,0,0,0,0,0,0,0,0,0,0,0,0,0,0,0,0,0,0,0,0,0,0,0,0,0,0,0,0,0,0,0,0,0,0,0,0,0,0,0,0,0,0,0,0,0,0,0,0,0,0,0,0,0,0,0,0,-0.0070644,0.131292,0.0313471,-0.0286292,-0.100313,-0.278563,0.403061,-0.34748,0.13823,0.0591985,-0.188094,-0.229984,-0.174996,0.0639299,-1.95037,0.752165,0.119168,-0.0887055,0.6009,-0.3433,-0.0676283,-0.371994,0.155563,0.302171,0.51128,0.0848828,3.15558,-1.17922,0.786503,0.633257,-0.302186,-0.0383345,-1.37992,0.210712,0.0851777,1.77554,-0.0180575,-0.132532,0.0998454,-0.120382,0.165453,0.255495,-0.0852679,-0.0168126,-0.125927,0.0606244,-0.122172,0.187444,0.376774,0.0259631,0.523251,0.0522644,-0.00503837,0.0380908,0.156005,-0.352397,-0.0824936,0.628038,-0.0389042,-0.0277138,0.00632384,0.714,0.130915,0.00700354,-0.991369,0.6,0,0,1.26086,0.478764,2.01028
0.245308,0.794505,9.04611,0.195301,-0.175222,-0.449873,-0.00405769,0.127972,0.0223357,0.245308,0.794505,9.04611,0.195301,-0.175222,-0.449873,-0.00405769,0.127972,0.0223357,-1.37488,0.17909,0.0810993,1.71155,-0.0170903,-0.130297,0.112155,-0.133025,0.123242,0.25236,-0.0743912,-0.0388325,-0.123667,0.0486133,-0.137735,0.178975,0.374286,0.0360258,0.529877,0.0507395,-0.00470327,0.038692,0.131574,-0.349445,-0.0781538,0.609578,-0.0371577,-0.0316123,0.0081572,0,0,0,0,0,0,0,0,0,0,0,0,0,0,0,0,0,0,0,0,0,0,0,0,0,0,0,0,0,-1.2667,0.252092,0.0900299,1.89109,-0.0321445,-0.125266,-0.110356,0.120311,-0.0885741,0.444828,-0.256005,-0.127321,-0.117423,0.00286735,-0.216361,0.184021,0.288171,-0.00134284,0.581132,0.0561322,0.00624039,0.0334789,0.146118,-0.28472,-0.0702121,0.694351,-0.0393552,-0.011116,0.00332402,1.18405,-0.712517,-0.646677,-2.61105,0.154339,-0.0949152,0.944538,0.122497,0.309016,-1.21958,0.0881773,0.125131,0.259137,-0.35625,0.47827,-0.629622,-0.457549,-0.11225,-0.199695,-0.0654081,-0.0617067,0.0258236,0.281766,-0.497566,-0.122818,-0.131343,0.00425993,-0.0945153,0.0541179,-7.48631,0.418038,1.38755,4.79681,0.0989428,-0.0318491,6.0507,-24.4297,9.41851,-11.1107,4.76204,2.93556,-0.9932,2.2247,1.86354,0.614638,1.66153,0.489782,-0.644539,0.00405213,-0.123612,0.0503069,-0.103896,-0.519203,-0.0628429,-0.821827,0.00231485,-0.177561,-0.00673508,0,0,0,0,0,0,0,0,0,0,0,0,0,0,0,0,0,0,0,0,0,0,0,0,0,0,0,0,0,2.55789,6.3088,2.55789,6.3088,1.81445,1.81445,2.55789,6.3088,2.55789,6.3088,1.81445,1.81445,2.55789,1.81445,1.81445,0.907223,0.907223,0.907223,0.907223,0.907223,1.06814,1.06814,0.907223,0.907223,0.907223,0.907223,0.907223,1.06814,1.06814,40.1792,99.0984,40.1792,99.0984,28.5012,28.5012,40.1792,99.0984,40.1792,99.0984,28.5012,28.5012,40.1792,28.5012,28.5012,14.2506,14.2506,14.2506,14.2506,14.2506,16.7783,16.7783,14.2506,14.2506,14.2506,14.2506,14.2506,16.7783,16.7783,0,0,0,0,0,0,0,0,0,0,0,0,0,0,0,0,0,0,0,0,0,0,0,0,0,0,0,0,0,0,0,0,0,0,0,0,0,0,0,0,0,0,0,0,0,0,0,0,0,0,0,0,0,0,0,0,0,0,0,0,0,0,0,0,0,0,0,0,0,0,0,0,0,0,0,0,0,0,0,0,0,0,0,0,0,0,0,0,0,0,0,0,0,0,0,0,0,0,0,0,0,0,0,0,0,0,0,0,0,0,0,0,0,0,0,0,0,-0.00405769,0.127972,0.0223357,-0.0479401,-0.156018,-0.314049,0.397389,-0.34075,0.110843,0.0821425,-0.178198,-0.225857,-0.159887,0.0218394,-1.94117,0.774647,0.115691,-0.0847232,0.510721,-0.379353,-0.0631303,-0.424321,0.148114,0.22508,0.519349,0.109491,2.9731,-1.18815,0.788709,0.658057,-0.29709,-0.0885419,-1.37488,0.17909,0.0810993,1.71155,-0.0170903,-0.130297,0.112155,-0.133025,0.123242,0.25236,-0.0743912,-0.0388325,-0.123667,0.0486133,-0.137735,0.178975,0.374286,0.0360258,0.529877,0.0507395,-0.00470327,0.038692,0.131574,-0.349445,-0.0781538,0.609578,-0.0371577,-0.0316123,0.0081572,0.654,0.127623,0.0040245,-0.991815,0.6,0,0,1.27098,0.490006,2.02936
0.643846,0.196237,8.691,0.142249,-0.148989,-0.415511,-0.00180545,0.124995,0.013577,0.643846,0.196237,8.691,0.142249,-0.148989,-0.415511,-0.00180545,0.124995,0.013577,-1.38446,0.185052,0.0517603,1.67028,-0.0117561,-0.126067,0.168336,-0.172679,0.142916,0.233879,-0.0435732,-0.067974,-0.121718,0.019401,-0.129677,0.185329,0.367889,0.0316997,0.519883,0.0461701,-0.00429094,0.0387383,0.123336,-0.366148,-0.0815245,0.607322,-0.0369156,-0.0300594,0.0111959,0,0,0,0,0,0,0,0,0,0,0,0,0,0,0,0,0,0,0,0,0,0,0,0,0,0,0,0,0,-1.24096,0.234441,0.0776483,1.83688,-0.0283172,-0.126396,-0.0910769,0.121821,-0.0867056,0.421845,-0.255922,-0.123292,-0.109291,-0.00465658,-0.207782,0.171715,0.278762,-0.00221484,0.578404,0.0547108,0.00500467,0.0338376,0.152023,-0.293132,-0.0722292,0.691126,-0.0388893,-0.0128138,0.00449416,1.29823,-0.910582,-0.575871,-2.6873,0.136611,-0.0367764,0.902486,0.0768651,0.00910524,-1.07946,0.00167388,0.179233,0.445677,-0.382513,0.466845,-0.578341,-0.463505,-0.0160537,-0.104756,-0.0670401,-0.0502659,0.0174661,0.328081,-0.357286,-0.0770721,-0.181709,0.025872,-0.0828122,0.0560577,-8.61857,0.181623,1.59708,4.20858,0.0477351,-0.042244,5.86394,-25.6663,8.40847,-10.0681,5.1984,2.05926,-1.69565,2.18701,1.20918,0.62436,1.77235,0.560297,-0.597543,0.00396813,-0.107803,0.0635489,-0.572144,-0.476287,-0.0113601,-1.00348,0.00121841,-0.229233,0.00226047,0,0,0,0,0,0,0,0,0,0,0,0,0,0,0,0,0,0,0,0,0,0,0,0,0,0,0,0,0,2.55789,6.3088,2.55789,6.3088,1.81445,1.81445,2.55789,6.3088,2.55789,6.3088,1.81445,1.81445,2.55789,1.81445,1.81445,0.907223,0.907223,0.907223,0.907223,0.907223,1.06814,1.06814,0.907223,0.907223,0.907223,0.907223,0.907223,1.06814,1.06814,40.1792,99.0984,40.1792,99.0984,28.5012,28.5012,40.1792,99.0984,40.1792,99.0984,28.5012,28.5012,40.1792,28.5012,28.5012,14.2506,14.2506,14.2506,14.2506,14.2506,16.7783,16.7783,14.2506,14.2506,14.2506,14.2506,14.2506,16.7783,16.7783,0,0,0,0,0,0,0,0,0,0,0,0,0,0,0,0,0,0,0,0,0,0,0,0,0,0,0,0,0,0,0,0,0,0,0,0,0,0,0,0,0,0,0,0,0,0,0,0,0,0,0,0,0,0,0,0,0,0,0,0,0,0,0,0,0,0,0,0,0,0,0,0,0,0,0,0,0,0,0,0,0,0,0,0,0,0,0,0,0,0,0,0,0,0,0,0,0,0,0,0,0,0,0,0,0,0,0,0,0,0,0,0,0,0,0,0,0,-0.00180545,0.124995,0.013577,-0.0334511,-0.174801,-0.295675,0.382804,-0.378835,0.0442363,0.0722784,-0.185884,-0.222298,-0.182674,0.0166953,-1.95866,0.877252,0.105272,-0.0841712,0.527722,-0.492439,-0.0575959,-0.403478,0.0945314,0.261011,0.519971,0.150278,2.85542,-1.24086,0.800871,0.728325,-0.287445,-0.154987,-1.38446,0.185052,0.0517603,1.67028,-0.0117561,-0.126067,0.168336,-0.172679,0.142916,0.233879,-0.0435732,-0.067974,-0.121718,0.019401,-0.129677,0.185329,0.367889,0.0316997,0.519883,0.0461701,-0.00429094,0.0387383,0.123336,-0.366148,-0.0815245,0.607322,-0.0369156,-0.0300594,0.0111959,0.973,0.124669,0.00179136,-0.992197,0.6,0,0,1.27098,0.490006,2.02936
0.690954,0.485753,9.1169,0.109549,-0.132137,-0.393059,-0.000526511,0.12221,0.0054704,0.690954,0.485753,9.1169,0.109549,-0.132137,-0.393059,-0.000526511,0.12221,0.0054704,-1.39098,0.181133,0.0197141,1.58465,0.018655,-0.116968,0.196069,-0.190438,0.134604,0.238733,-0.0486433,-0.0920573,-0.126243,0.0169826,-0.125902,0.1759,0.342417,0.021539,0.520344,0.0422452,-0.00367506,0.0395345,0.0958436,-0.37724,-0.0843285,0.588812,-0.0357305,-0.033822,0.0120739,0,0,0,0,0,0,0,0,0,0,0,0,0,0,0,0,0,0,0,0,0,0,0,0,0,0,0,0,0,-1.21362,0.217668,0.0677023,1.78398,-0.0245107,-0.126219,-0.0716723,0.122931,-0.0865365,0.398642,-0.257825,-0.119624,-0.100781,-0.0114969,-0.198777,0.1618,0.270202,-0.0027564,0.575363,0.052534,0.00452611,0.0342558,0.158499,-0.298983,-0.0731388,0.687769,-0.0384007,-0.0139554,0.00620295,1.36647,-0.721072,-0.515525,-2.52731,0.15934,0.0221114,0.919085,0.135626,0.00763094,-1.09192,0.0544934,0.103581,0.38815,-0.413632,0.457578,-0.431367,-0.428313,-0.0393457,-0.152515,-0.108842,-0.017954,0.019725,0.312139,-0.257557,-0.0247127,-0.132795,0.0210153,-0.0418451,0.0886759,-10.2753,1.35328,0.650061,4.44663,0.0584704,-0.0347358,7.31674,-30.0607,9.21734,-9.53341,6.01671,1.29897,-1.83147,1.59579,1.19247,0.732819,1.77098,0.521902,-0.658127,0.0078656,-0.129321,0.0537149,-0.774256,-0.7225,-0.0933183,-1.02291,0.00184976,-0.223941,-0.00970531,0,0,0,0,0,0,0,0,0,0,0,0,0,0,0,0,0,0,0,0,0,0,0,0,0,0,0,0,0,2.55789,6.3088,2.55789,6.3088,1.81445,1.81445,2.55789,6.3088,2.55789,6.3088,1.81445,1.81445,2.55789,1.81445,1.81445,0.907223,0.907223,0.907223,0.907223,0.907223,1.06814,1.06814,0.907223,0.907223,0.907223,0.907223,0.907223,1.06814,1.06814,40.1792,99.0984,40.1792,99.0984,28.5012,28.5012,40.1792,99.0984,40.1792,99.0984,28.5012,28.5012,40.1792,28.5012,28.5012,14.2506,14.2506,14.2506,14.2506,14.2506,16.7783,16.7783,14.2506,14.2506,14.2506,14.2506,14.2506,16.7783,16.7783,0,0,0,0,0,0,0,0,0,0,0,0,0,0,0,0,0,0,0,0,0,0,0,0,0,0,0,0,0,0,0,0,0,0,0,0,0,0,0,0,0,0,0,0,0,0,0,0,0,0,0,0,0,0,0,0,0,0,0,0,0,0,0,0,0,0,0,0,0,0,0,0,0,0,0,0,0,0,0,0,0,0,0,0,0,0,0,0,0,0,0,0,0,0,0,0,0,0,0,0,0,0,0,0,0,0,0,0,0,0,0,0,0,0,0,0,0,-0.000526511,0.12221,0.0054704,-0.0549514,-0.237487,-0.287069,0.324725,-0.404126,0.0387221,0.049111,-0.192277,-0.230562,-0.181624,-0.0255096,-1.97058,0.9279,0.0963234,-0.0814691,0.516545,-0.543083,-0.049329,-0.453981,0.0360043,0.245832,0.530658,0.162064,2.61121,-1.22701,0.870211,0.716765,-0.266699,-0.2099,-1.39098,0.181133,0.0197141,1.58465,0.018655,-0.116968,0.196069,-0.190438,0.134604,0.238733,-0.0486433,-0.0920573,-0.126243,0.0169826,-0.125902,0.1759,0.342417,0.021539,0.520344,0.0422452,-0.00367506,0.0395345,0.0958436,-0.37724,-0.0843285,0.588812,-0.0357305,-0.033822,0.0120739,0.725,0.121906,0.000522584,-0.992541,0.6,0,0,1.28002,1.01672,1.54874
-2.10206,-1.04468,11.5337,0.0570729,-0.0386479,-0.35097,0.000112203,0.120094,-0.0019623,-2.10206,-1.04468,11.5337,0.0570729,-0.0386479,-0.35097,0.000112203,0.120094,-0.0019623,-1.39999,0.179275,-0.0121067,1.51421,0.0237314,-0.0978227,0.234641,-0.213143,0.147905,0.238934,-0.0439661,-0.116073,-0.12858,-0.00762881,-0.101773,0.168201,0.333597,0.0173886,0.511413,0.0352305,-0.00312581,0.0393008,0.0841368,-0.391991,-0.0830396,0.585378,-0.0379443,-0.0343723,0.0143577,0,0,0,0,0,0,0,0,0,0,0,0,0,0,0,0,0,0,0,0,0,0,0,0,0,0,0,0,0,-1.1868,0.203579,0.0602236,1.74107,-0.0285355,-0.125324,-0.0541509,0.123042,-0.0856569,0.378116,-0.261191,-0.116161,-0.0937541,-0.0169159,-0.189599,0.154066,0.262199,-0.00397977,0.572805,0.0498381,0.00419024,0.0349163,0.164347,-0.302462,-0.0735645,0.684997,-0.0378038,-0.014705,0.00794203,1.16702,-0.649107,-0.205846,-0.647356,-2.06948,-0.044907,0.817824,-0.0744824,0.0552234,-0.877746,-0.0888675,0.16022,0.323511,-0.195042,0.364662,-0.395576,-0.406344,-0.0602382,-0.0591219,-0.128242,-0.0138087,0.0350286,0.221212,-0.099392,-0.0283128,-0.0940804,0.0284533,-0.0403894,0.075526,-11.2532,1.71711,-0.944733,-9.18862,4.21255,0.332809,7.99205,-30.9073,8.71839,-8.27759,6.21161,0.420702,-2.09753,1.39983,1.12869,0.653454,1.50597,0.417988,-0.68304,0.0079884,-0.115653,0.04028,-1.19218,-0.953258,-0.130654,-1.27086,0.00351346,-0.278673,-0.012996,0,0,0,0,0,0,0,0,0,0,0,0,0,0,0,0,0,0,0,0,0,0,0,0,0,0,0,0,0,2.55789,6.3088,2.55789,6.3088,1.81445,1.81445,2.55789,6.3088,2.55789,6.3088,1.81445,1.81445,2.55789,1.81445,1.81445,0.907223,0.907223,0.907223,0.907223,0.907223,1.06814,1.06814,0.907223,0.907223,0.907223,0.907223,0.907223,1.06814,1.06814,40.1792,99.0984,40.1792,99.0984,28.5012,28.5012,40.1792,99.0984,40.1792,99.0984,28.5012,28.5012,40.1792,28.5012,28.5012,14.2506,14.2506,14.2506,14.2506,14.2506,16.7783,16.7783,14.2506,14.2506,14.2506,14.2506,14.2506,16.7783,16.7783,0,0,0,0,0,0,0,0,0,0,0,0,0,0,0,0,0,0,0,0,0,0,0,0,0,0,0,0,0,0,0,0,0,0,0,0,0,0,0,0,0,0,0,0,0,0,0,0,0,0,0,0,0,0,0,0,0,0,0,0,0,0,0,0,0,0,0,0,0,0,0,0,0,0,0,0,0,0,0,0,0,0,0,0,0,0,0,0,0,0,0,0,0,0,0,0,0,0,0,0,0,0,0,0,0,0,0,0,0,0,0,0,0,0,0,0,0,0.000112203,0.120094,-0.0019623,-0.0725049,-0.26418,-0.232051,0.304614,-0.437759,-0.0173944,0.0396478,-0.189339,-0.23483,-0.201988,-0.0333408,-1.98703,0.998346,0.080329,-0.0865168,0.511247,-0.607831,-0.0419567,-0.461368,-0.0221107,0.270124,0.527522,0.192719,2.41032,-1.22644,0.881786,0.727429,-0.223046,-0.264659,-1.39999,0.179275,-0.0121067,1.51421,0.0237314,-0.0978227,0.234641,-0.213143,0.147905,0.238934,-0.0439661,-0.116073,-0.12858,-0.00762881,-0.101773,0.168201,0.333597,0.0173886,0.511413,0.0352305,-0.00312581,0.0393008,0.0841368,-0.391991,-0.0830396,0.585378,-0.0379443,-0.0343723,0.0143577,0.61,0.119805,-0.000111395,-0.992797,0.6,0,0,1.28698,1.02292,1.55481
-3.3238,-1.57974,12.3967,-0.0632353,0.26284,-0.225811,-0.00103111,0.122378,-0.00779844,-3.3238,-1.57974,12.3967,-0.0632353,0.26284,-0.225811,-0.00103111,0.122378,-0.00779844,-1.38081,0.167023,-0.00828963,1.47641,-0.0119201,-0.0732636,0.267317,-0.201731,0.170779,0.242639,0.00767962,-0.107452,-0.124534,-0.00958474,-0.0412566,0.182458,0.327783,0.0103453,0.509947,0.0284233,-0.00298976,0.0385526,0.0943437,-0.393651,-0.0761622,0.597521,-0.0388838,-0.0343405,0.0174067,0,0,0,0,0,0,0,0,0,0,0,0,0,0,0,0,0,0,0,0,0,0,0,0,0,0,0,0,0,-1.16866,0.187324,0.0646306,1.74351,-0.0791617,-0.122469,-0.0391926,0.113485,-0.083996,0.360588,-0.265938,-0.112054,-0.0867507,-0.0120227,-0.184676,0.144371,0.255457,-0.00540212,0.572585,0.0461027,0.00468458,0.0354441,0.166196,-0.30117,-0.0734786,0.684733,-0.0377794,-0.0151894,0.00950725,0.703291,-0.873251,0.419155,0.305847,-2.22166,0.198038,0.619777,-0.681788,0.0693018,-0.822542,-0.077486,0.191846,0.335033,0.459764,0.139119,-0.578828,-0.315477,-0.0787395,0.0352714,-0.183729,0.0456901,0.0194819,-0.00803903,0.169314,0.035943,0.0213671,-0.0052733,-0.00692647,0.0741662,-11.1483,4.52521,-4.01169,-24.6209,7.07908,0.346876,9.39198,-28.4689,9.16479,-7.00978,6.4997,-0.443334,-2.54152,-0.595972,2.09105,0.835586,1.39685,0.391534,-0.902574,0.0114875,-0.175421,0.0427915,-1.17716,-1.42388,-0.15945,-1.43607,0.00239681,-0.310924,0.00325072,0,0,0,0,0,0,0,0,0,0,0,0,0,0,0,0,0,0,0,0,0,0,0,0,0,0,0,0,0,2.55789,6.3088,2.55789,6.3088,1.81445,1.81445,2.55789,6.3088,2.55789,6.3088,1.81445,1.81445,2.55789,1.81445,1.81445,0.907223,0.907223,0.907223,0.907223,0.907223,1.06814,1.06814,0.907223,0.907223,0.907223,0.907223,0.907223,1.06814,1.06814,40.1792,99.0984,40.1792,99.0984,28.5012,28.5012,40.1792,99.0984,40.1792,99.0984,28.5012,28.5012,40.1792,28.5012,28.5012,14.2506,14.2506,14.2506,14.2506,14.2506,16.7783,16.7783,14.2506,14.2506,14.2506,14.2506,14.2506,16.7783,16.7783,0,0,0,0,0,0,0,0,0,0,0,0,0,0,0,0,0,0,0,0,0,0,0,0,0,0,0,0,0,0,0,0,0,0,0,0,0,0,0,0,0,0,0,0,0,0,0,0,0,0,0,0,0,0,0,0,0,0,0,0,0,0,0,0,0,0,0,0,0,0,0,0,0,0,0,0,0,0,0,0,0,0,0,0,0,0,0,0,0,0,0,0,0,0,0,0,0,0,0,0,0,0,0,0,0,0,0,0,0,0,0,0,0,0,0,0,0,-0.00103111,0.122378,-0.00779844,-0.0399965,-0.240907,-0.0940691,0.291359,-0.441543,-0.0218542,0.0235883,-0.173658,-0.227439,-0.20533,-0.00565343,-1.95199,1.05802,0.064808,-0.088659,0.476307,-0.575286,-0.0401305,-0.460941,-0.0151396,0.311899,0.517479,0.233644,2.30252,-1.21588,0.800497,0.845186,-0.167048,-0.245001,-1.38081,0.167023,-0.00828963,1.47641,-0.0119201,-0.0732636,0.267317,-0.201731,0.170779,0.242639,0.00767962,-0.107452,-0.124534,-0.00958474,-0.0412566,0.182458,0.327783,0.0103453,0.509947,0.0284233,-0.00298976,0.0385526,0.0943437,-0.393651,-0.0761622,0.597521,-0.0388838,-0.0343405,0.0174067,0.973,0.122072,0.0010234,-0.992521,0.6,0,0,1.28698,1.02292,1.55481
0.341557,-4.22176,8.02658,-0.12474,0.372278,-0.12907,-0.00351609,0.128919,-0.0112279,0.341557,-4.22176,8.02658,-0.12474,0.372278,-0.12907,-0.00351609,0.128919,-0.0112279,-1.36178,0.150562,-0.00257447,1.45797,-0.0191564,-0.0518848,0.288089,-0.171278,0.176595,0.245569,0.0737183,-0.0860272,-0.123715,0.000313394,0.0181156,0.195436,0.347293,0.0127269,0.50626,0.0244584,-0.00248773,0.0384955,0.109518,-0.402475,-0.0735264,0.614644,-0.0403361,-0.0337927,0.0180657,0,0,0,0,0,0,0,0,0,0,0,0,0,0,0,0,0,0,0,0,0,0,0,0,0,0,0,0,0,-1.15813,0.169233,0.0788054,1.74623,-0.112024,-0.114935,-0.0294318,0.0953817,-0.0788932,0.341351,-0.26793,-0.106989,-0.0814409,0.00298462,-0.180179,0.133159,0.250068,-0.00790374,0.572803,0.0414623,0.00575153,0.0356404,0.164721,-0.296184,-0.0703693,0.686349,-0.0380678,-0.0154167,0.0114893,0.40734,-0.898947,0.917862,-0.0273422,-1.20648,0.379844,0.385543,-1.05997,0.477397,-1.07507,-0.173765,0.294872,0.180788,0.96481,0.301281,-0.519122,-0.234456,-0.157909,-0.0500616,-0.223953,0.0608335,0.000964552,-0.108777,0.303998,0.234064,0.0733719,-0.0172299,0.00108895,0.109151,-10.0073,5.11594,-5.41043,-26.9087,5.14065,0.471103,10.9893,-23.5966,9.42284,-3.74167,7.68889,-0.487523,-2.24278,-1.75388,3.52634,1.19504,1.35299,0.386031,-0.9096,0.0149915,-0.198286,0.0444073,-0.896823,-1.62918,-0.268341,-1.35204,0.00337641,-0.311541,-0.0122842,0,0,0,0,0,0,0,0,0,0,0,0,0,0,0,0,0,0,0,0,0,0,0,0,0,0,0,0,0,2.55789,6.3088,2.55789,6.3088,1.81445,1.81445,2.55789,6.3088,2.55789,6.3088,1.81445,1.81445,2.55789,1.81445,1.81445,0.907223,0.907223,0.907223,0.907223,0.907223,1.06814,1.06814,0.907223,0.907223,0.907223,0.907223,0.907223,1.06814,1.06814,40.1792,99.0984,40.1792,99.0984,28.5012,28.5012,40.1792,99.0984,40.1792,99.0984,28.5012,28.5012,40.1792,28.5012,28.5012,14.2506,14.2506,14.2506,14.2506,14.2506,16.7783,16.7783,14.2506,14.2506,14.2506,14.2506,14.2506,16.7783,16.7783,0,0,0,0,0,0,0,0,0,0,0,0,0,0,0,0,0,0,0,0,0,0,0,0,0,0,0,0,0,0,0,0,0,0,0,0,0,0,0,0,0,0,0,0,0,0,0,0,0,0,0,0,0,0,0,0,0,0,0,0,0,0,0,0,0,0,0,0,0,0,0,0,0,0,0,0,0,0,0,0,0,0,0,0,0,0,0,0,0,0,0,0,0,0,0,0,0,0,0,0,0,0,0,0,0,0,0,0,0,0,0,0,0,0,0,0,0,-0.00351609,0.128919,-0.0112279,-0.0104073,-0.206307,0.0413053,0.335842,-0.461663,0.000714569,0.0290186,-0.167647,-0.225944,-0.213737,0.0333897,-1.91725,1.09596,0.0557675,-0.0919704,0.429367,-0.488442,-0.033392,-0.453588,-0.00470183,0.32252,0.516712,0.242489,2.24995,-1.20752,0.783998,0.995761,-0.118303,-0.196151,-1.36178,0.150562,-0.00257447,1.45797,-0.0191564,-0.0518848,0.288089,-0.171278,0.176595,0.245569,0.0737183,-0.0860272,-0.123715,0.000313394,0.0181156,0.195436,0.347293,0.0127269,0.50626,0.0244584,-0.00248773,0.0384955,0.109518,-0.402475,-0.0735264,0.614644,-0.0403361,-0.0337927,0.0180657,0.675,0.128562,0.0034869,-0.991695,0.6,0,0,1.29059,1.02522,1.55991
-2.55638,0.495669,10.257,-0.061524,0.398152,-0.0768468,-0.00555823,0.136555,-0.0132224,-2.55638,0.495669,10.257,-0.061524,0.398152,-0.0768468,-0.00555823,0.136555,-0.0132224,-1.34976,0.152192,0.00589058,1.46143,-0.0273801,-0.035867,0.332743,-0.163409,0.203626,0.247246,0.158098,-0.0506327,-0.128048,0.0299071,0.0783792,0.213666,0.359991,0.0115158,0.498916,0.0225842,-0.00079611,0.039468,0.14331,-0.412567,-0.0721045,0.628923,-0.043914,-0.0328848,0.0190022,0,0,0,0,0,0,0,0,0,0,0,0,0,0,0,0,0,0,0,0,0,0,0,0,0,0,0,0,0,-1.15379,0.152063,0.0965088,1.74327,-0.129636,-0.104717,-0.0249617,0.0750521,-0.0694196,0.317658,-0.265192,-0.100245,-0.0791992,0.0208501,-0.171351,0.124393,0.245112,-0.0118254,0.571213,0.0368247,0.00667394,0.035476,0.161565,-0.290612,-0.0641156,0.688807,-0.0386904,-0.0158571,0.013734,0.106211,-0.816982,0.879393,-0.23454,-0.682237,0.503123,0.11672,-1.00125,0.54443,-1.2541,0.268694,0.364862,0.0377501,0.867976,0.521382,-0.366079,-0.243297,-0.215188,-0.132323,-0.211925,0.0296975,-0.0147467,-0.19377,0.264554,0.345104,0.114463,-0.03348,-0.019557,0.112205,-8.66595,4.96457,-6.20138,-26.9175,4.41318,0.593911,12.2247,-18.2166,8.49448,0.529887,9.2921,-0.233922,-1.9324,-2.15548,4.48411,1.34318,1.666,0.53961,-0.815814,0.0164105,-0.190861,0.0654154,-0.582157,-1.83186,-0.437587,-1.16585,0.00649094,-0.279842,-0.0446109,0,0,0,0,0,0,0,0,0,0,0,0,0,0,0,0,0,0,0,0,0,0,0,0,0,0,0,0,0,2.55789,6.3088,2.55789,6.3088,1.81445,1.81445,2.55789,6.3088,2.55789,6.3088,1.81445,1.81445,2.55789,1.81445,1.81445,0.907223,0.907223,0.907223,0.907223,0.907223,1.06814,1.06814,0.907223,0.907223,0.907223,0.907223,0.907223,1.06814,1.06814,40.1792,99.0984,40.1792,99.0984,28.5012,28.5012,40.1792,99.0984,40.1792,99.0984,28.5012,28.5012,40.1792,28.5012,28.5012,14.2506,14.2506,14.2506,14.2506,14.2506,16.7783,16.7783,14.2506,14.2506,14.2506,14.2506,14.2506,16.7783,16.7783,0,0,0,0,0,0,0,0,0,0,0,0,0,0,0,0,0,0,0,0,0,0,0,0,0,0,0,0,0,0,0,0,0,0,0,0,0,0,0,0,0,0,0,0,0,0,0,0,0,0,0,0,0,0,0,0,0,0,0,0,0,0,0,0,0,0,0,0,0,0,0,0,0,0,0,0,0,0,0,0,0,0,0,0,0,0,0,0,0,0,0,0,0,0,0,0,0,0,0,0,0,0,0,0,0,0,0,0,0,0,0,0,0,0,0,0,0,-0.00555823,0.136555,-0.0132224,0.031159,-0.129259,0.178712,0.364796,-0.484673,0.0681912,0.0262572,-0.164406,-0.233857,-0.230481,0.0659473,-1.89529,1.17751,0.0514941,-0.100128,0.434013,-0.466003,-0.0106859,-0.441402,0.0107581,0.371889,0.529766,0.25506,2.2598,-1.20274,0.765247,1.18815,-0.0817804,-0.115448,-1.34976,0.152192,0.00589058,1.46143,-0.0273801,-0.035867,0.332743,-0.163409,0.203626,0.247246,0.158098,-0.0506327,-0.128048,0.0299071,0.0783792,0.213666,0.359991,0.0115158,0.498916,0.0225842,-0.00079611,0.039468,0.14331,-0.412567,-0.0721045,0.628923,-0.043914,-0.0328848,0.0190022,0.75,0.136131,0.00550645,-0.990676,0.6,0,0,1.29059,1.02522,1.55991
-0.567079,-1.85494,7.1644,-0.0100788,0.353198,-0.0660141,-0.00645444,0.143929,-0.0146146,-0.567079,-1.85494,7.1644,-0.0100788,0.353198,-0.0660141,-0.00645444,0.143929,-0.0146146,-1.33847,0.142406,0.0279692,1.4892,-0.0634564,-0.0179992,0.387403,-0.162395,0.191983,0.263613,0.233018,-0.0250822,-0.133888,0.0509272,0.114085,0.224826,0.377018,0.0208234,0.492861,0.0245135,0.00161713,0.0373952,0.172138,-0.405768,-0.0633753,0.640343,-0.0515167,-0.0298904,0.0204053,0,0,0,0,0,0,0,0,0,0,0,0,0,0,0,0,0,0,0,0,0,0,0,0,0,0,0,0,0,-1.15305,0.137985,0.114781,1.73752,-0.141529,-0.0931555,-0.0238533,0.0560919,-0.0522163,0.290344,-0.258075,-0.0910636,-0.0808307,0.0378675,-0.158771,0.11973,0.240969,-0.0168534,0.566502,0.0328293,0.00750986,0.035344,0.15736,-0.285953,-0.0564616,0.691167,-0.0400625,-0.0164899,0.0160324,0.000801493,-0.627715,0.9177,-0.316519,-0.547284,0.547984,0.0122635,-0.91524,1.06634,-1.40984,0.395608,0.503693,-0.164823,0.829099,0.682505,-0.131308,-0.17967,-0.260468,-0.305856,-0.178494,0.0333501,-0.00717502,-0.226152,0.20774,0.389132,0.0941542,-0.072597,-0.0274773,0.112917,-7.90827,5.15877,-6.47834,-25.5491,4.23326,0.628866,14.3195,-16.4502,8.1512,4.20344,10.8011,0.32238,-1.52234,-1.54033,5.60948,1.48876,1.88128,0.628508,-0.734945,0.0145228,-0.168491,0.0749379,0.00440231,-1.98004,-0.562008,-0.988011,0.0104499,-0.241286,-0.0678943,0,0,0,0,0,0,0,0,0,0,0,0,0,0,0,0,0,0,0,0,0,0,0,0,0,0,0,0,0,2.55789,6.3088,2.55789,6.3088,1.81445,1.81445,2.55789,6.3088,2.55789,6.3088,1.81445,1.81445,2.55789,1.81445,1.81445,0.907223,0.907223,0.907223,0.907223,0.907223,1.06814,1.06814,0.907223,0.907223,0.907223,0.907223,0.907223,1.06814,1.06814,40.1792,99.0984,40.1792,99.0984,28.5012,28.5012,40.1792,99.0984,40.1792,99.0984,28.5012,28.5012,40.1792,28.5012,28.5012,14.2506,14.2506,14.2506,14.2506,14.2506,16.7783,16.7783,14.2506,14.2506,14.2506,14.2506,14.2506,16.7783,16.7783,0,0,0,0,0,0,0,0,0,0,0,0,0,0,0,0,0,0,0,0,0,0,0,0,0,0,0,0,0,0,0,0,0,0,0,0,0,0,0,0,0,0,0,0,0,0,0,0,0,0,0,0,0,0,0,0,0,0,0,0,0,0,0,0,0,0,0,0,0,0,0,0,0,0,0,0,0,0,0,0,0,0,0,0,0,0,0,0,0,0,0,0,0,0,0,0,0,0,0,0,0,0,0,0,0,0,0,0,0,0,0,0,0,0,0,0,0,-0.00645444,0.143929,-0.0146146,0.0566056,-0.0635286,0.260124,0.403619,-0.469171,0.116119,0.0474795,-0.144502,-0.244523,-0.244288,0.0919852,-1.87468,1.27734,0.0558932,-0.117463,0.406106,-0.463112,0.0217062,-0.401209,0.0510809,0.350625,0.501944,0.273893,2.33901,-1.15606,0.682989,1.35898,-0.04104,-0.05719,-1.33847,0.142406,0.0279692,1.4892,-0.0634564,-0.0179992,0.387403,-0.162395,0.191983,0.263613,0.233018,-0.0250822,-0.133888,0.0509272,0.114085,0.224826,0.377018,0.0208234,0.492861,0.0245135,0.00161713,0.0373952,0.172138,-0.405768,-0.0633753,0.640343,-0.0515167,-0.0298904,0.0204053,0.554,0.143433,0.00638766,-0.989639,0.6,0,0,1.28533,1.02198,1.5539
-0.922536,-0.80729,6.70097,0.0471329,0.28823,-0.0530394,-0.00612282,0.150462,-0.0158333,-0.922536,-0.80729,6.70097,0.0471329,0.28823,-0.0530394,-0.00612282,0.150462,-0.0158333,-1.35611,0.129812,0.0410526,1.51362,-0.0938817,-0.000589745,0.449493,-0.16768,0.196205,0.289547,0.297545,0.00718762,-0.141096,0.0657762,0.127805,0.233952,0.385939,0.020503,0.48407,0.0233706,0.00438147,0.0368535,0.184322,-0.427729,-0.0690544,0.636743,-0.0604365,-0.0291479,0.0210097,0,0,0,0,0,0,0,0,0,0,0,0,0,0,0,0,0,0,0,0,0,0,0,0,0,0,0,0,0,-1.15195,0.12588,0.132444,1.73165,-0.1539,-0.0797326,-0.0222932,0.0387008,-0.028864,0.261999,-0.250514,-0.0796022,-0.0848828,0.0527973,-0.145868,0.119076,0.23795,-0.0212722,0.558955,0.0302973,0.00832026,0.034493,0.152867,-0.282879,-0.0483896,0.692111,-0.0429673,-0.0169121,0.0181848,0.0822668,-0.598401,0.873523,-0.269489,-0.675811,0.659043,0.112073,-0.868062,1.29716,-1.38899,0.21611,0.61342,-0.233522,0.722834,0.646473,0.0537853,-0.107638,-0.197481,-0.425016,-0.103277,0.0339372,-0.0490304,-0.209005,0.122828,0.398741,0.00602597,-0.151269,-0.017226,0.103355,-7.69853,5.23445,-6.2926,-22.369,3.75176,0.564002,16.2104,-14.7975,5.89392,8.64878,13.1635,0.509635,-1.40493,-1.26315,6.29993,1.48325,2.09584,0.775182,-0.585982,0.0110321,-0.149604,0.100001,0.467264,-1.85957,-0.566384,-0.757273,0.0148969,-0.198843,-0.0709696,0,0,0,0,0,0,0,0,0,0,0,0,0,0,0,0,0,0,0,0,0,0,0,0,0,0,0,0,0,2.55789,6.3088,2.55789,6.3088,1.81445,1.81445,2.55789,6.3088,2.55789,6.3088,1.81445,1.81445,2.55789,1.81445,1.81445,0.907223,0.907223,0.907223,0.907223,0.907223,1.06814,1.06814,0.907223,0.907223,0.907223,0.907223,0.907223,1.06814,1.06814,40.1792,99.0984,40.1792,99.0984,28.5012,28.5012,40.1792,99.0984,40.1792,99.0984,28.5012,28.5012,40.1792,28.5012,28.5012,14.2506,14.2506,14.2506,14.2506,14.2506,16.7783,16.7783,14.2506,14.2506,14.2506,14.2506,14.2506,16.7783,16.7783,0,0,0,0,0,0,0,0,0,0,0,0,0,0,0,0,0,0,0,0,0,0,0,0,0,0,0,0,0,0,0,0,0,0,0,0,0,0,0,0,0,0,0,0,0,0,0,0,0,0,0,0,0,0,0,0,0,0,0,0,0,0,0,0,0,0,0,0,0,0,0,0,0,0,0,0,0,0,0,0,0,0,0,0,0,0,0,0,0,0,0,0,0,0,0,0,0,0,0,0,0,0,0,0,0,0,0,0,0,0,0,0,0,0,0,0,0,-0.00612282,0.150462,-0.0158333,0.077415,-0.035747,0.291407,0.423959,-0.519245,0.149976,0.046749,-0.157451,-0.257687,-0.264333,0.0837775,-1.9069,1.39074,0.0532874,-0.137801,0.370193,-0.478182,0.058811,-0.391243,0.0749755,0.358335,0.494672,0.282006,2.40864,-1.08211,0.613617,1.50611,-0.00134468,0.0163885,-1.35611,0.129812,0.0410526,1.51362,-0.0938817,-0.000589745,0.449493,-0.16768,0.196205,0.289547,0.297545,0.00718762,-0.141096,0.0657762,0.127805,0.233952,0.385939,0.020503,0.48407,0.0233706,0.00438147,0.0368535,0.184322,-0.427729,-0.0690544,0.636743,-0.0604365,-0.0291479,0.0210097,0.617,0.149895,0.00605361,-0.988683,0.6,0,0,1.27967,1.0209,1.5428
-1.18868,-0.199137,6.538,0.127407,0.226047,-0.0101698,-0.00417654,0.155856,-0.0164137,-1.18868,-0.199137,6.538,0.127407,0.226047,-0.0101698,-0.00417654,0.155856,-0.0164137,-1.354,0.121224,0.0485729,1.52177,-0.134179,0.0135316,0.450242,-0.160392,0.138097,0.290096,0.308215,-0.00370991,-0.139523,0.0973166,0.103474,0.226732,0.385761,0.0307696,0.481793,0.0284816,0.00490281,0.0339679,0.172013,-0.390759,-0.0544763,0.62365,-0.0631526,-0.029038,0.0218459,0,0,0,0,0,0,0,0,0,0,0,0,0,0,0,0,0,0,0,0,0,0,0,0,0,0,0,0,0,-1.14909,0.113685,0.147042,1.72814,-0.168888,-0.0645491,-0.0188624,0.0236036,-0.00291268,0.237189,-0.244212,-0.0661134,-0.089853,0.0633536,-0.135153,0.121191,0.236293,-0.0251266,0.549922,0.0283216,0.00937097,0.033534,0.149239,-0.282201,-0.0414478,0.690425,-0.0475115,-0.0172348,0.0202501,0.167602,-0.63724,0.686418,-0.10832,-0.79252,0.733185,0.216944,-0.74457,1.39812,-1.12634,0.0800929,0.721142,-0.257053,0.473979,0.505728,0.170327,-0.0324648,-0.188319,-0.480549,-0.0891681,0.0495388,-0.0461483,-0.146211,-0.0218048,0.308776,-0.140148,-0.225326,-0.022862,0.0963933,-8.7374,5.43975,-5.93873,-20.5154,3.52122,0.495964,18.3087,-14.5087,4.64226,12.1827,15.0841,0.840863,-1.42512,-0.744217,6.61795,1.47409,2.17685,0.81764,-0.523062,0.0103346,-0.139116,0.104001,0.637719,-2.06184,-0.672006,-0.651453,0.0199702,-0.178072,-0.0894702,0,0,0,0,0,0,0,0,0,0,0,0,0,0,0,0,0,0,0,0,0,0,0,0,0,0,0,0,0,2.55789,6.3088,2.55789,6.3088,1.81445,1.81445,2.55789,6.3088,2.55789,6.3088,1.81445,1.81445,2.55789,1.81445,1.81445,0.907223,0.907223,0.907223,0.907223,0.907223,1.06814,1.06814,0.907223,0.907223,0.907223,0.907223,0.907223,1.06814,1.06814,40.1792,99.0984,40.1792,99.0984,28.5012,28.5012,40.1792,99.0984,40.1792,99.0984,28.5012,28.5012,40.1792,28.5012,28.5012,14.2506,14.2506,14.2506,14.2506,14.2506,16.7783,16.7783,14.2506,14.2506,14.2506,14.2506,14.2506,16.7783,16.7783,0,0,0,0,0,0,0,0,0,0,0,0,0,0,0,0,0,0,0,0,0,0,0,0,0,0,0,0,0,0,0,0,0,0,0,0,0,0,0,0,0,0,0,0,0,0,0,0,0,0,0,0,0,0,0,0,0,0,0,0,0,0,0,0,0,0,0,0,0,0,0,0,0,0,0,0,0,0,0,0,0,0,0,0,0,0,0,0,0,0,0,0,0,0,0,0,0,0,0,0,0,0,0,0,0,0,0,0,0,0,0,0,0,0,0,0,0,-0.00417654,0.155856,-0.0164137,0.0609514,-0.063814,0.235932,0.423554,-0.434948,0.221892,0.0701578,-0.124211,-0.254816,-0.269524,0.0539236,-1.90303,1.39211,0.0649409,-0.143994,0.345701,-0.457399,0.0658088,-0.389767,0.0887102,0.25221,0.45594,0.29323,2.43188,-1.08054,0.521735,1.53044,0.0308533,-0.00845897,-1.354,0.121224,0.0485729,1.52177,-0.134179,0.0135316,0.450242,-0.160392,0.138097,0.290096,0.308215,-0.00370991,-0.139523,0.0973166,0.103474,0.226732,0.385761,0.0307696,0.481793,0.0284816,0.00490281,0.0339679,0.172013,-0.390759,-0.0544763,0.62365,-0.0631526,-0.029038,0.0218459,1.013,0.155225,0.00412591,-0.98787,0.6,0,0,1.27967,1.0209,1.5428
-1.47574,-0.438481,6.60775,0.133851,0.189562,0.00460033,-0.00128274,0.160285,-0.0165051,-1.47574,-0.438481,6.60775,0.133851,0.189562,0.00460033,-0.00128274,0.160285,-0.0165051,-1.36628,0.117751,0.0570771,1.5553,-0.157548,0.029342,0.459492,-0.173538,0.131979,0.273121,0.325405,-0.0198418,-0.133789,0.104517,0.0830744,0.225,0.395047,0.0359704,0.471615,0.0309927,0.00595144,0.0338205,0.165042,-0.390569,-0.0534011,0.614281,-0.0668971,-0.0288976,0.0229951,0,0,0,0,0,0,0,0,0,0,0,0,0,0,0,0,0,0,0,0,0,0,0,0,0,0,0,0,0,-1.14433,0.100392,0.158082,1.72775,-0.187346,-0.0487675,-0.0127366,0.0103421,0.0170685,0.216733,-0.241095,-0.056107,-0.0934402,0.0696288,-0.127587,0.125233,0.236058,-0.026468,0.540713,0.0280267,0.00998962,0.0320063,0.146209,-0.283098,-0.0361994,0.68628,-0.0519107,-0.0174069,0.0217078,0.260075,-0.67513,0.549159,0.0372355,-1.01642,0.737578,0.345624,-0.687682,0.854499,-0.927353,-0.171217,0.410701,-0.148282,0.318858,0.3543,0.245663,0.0538354,-0.00435732,-0.461429,0.00331196,0.0201186,-0.0729019,-0.133488,-0.0343016,0.233595,-0.252593,-0.19755,-0.0124963,0.0602189,-9.08178,6.21549,-5.75682,-20.5426,3.27576,0.437587,17.7546,-12.7376,2.71699,13.0446,15.8172,0.743447,-1.47988,0.234938,5.97174,1.23815,2.10099,0.827596,-0.428935,0.00379508,-0.110853,0.111924,0.490597,-1.50213,-0.471853,-0.67639,0.0193693,-0.185921,-0.0622325,0,0,0,0,0,0,0,0,0,0,0,0,0,0,0,0,0,0,0,0,0,0,0,0,0,0,0,0,0,2.55789,6.3088,2.55789,6.3088,1.81445,1.81445,2.55789,6.3088,2.55789,6.3088,1.81445,1.81445,2.55789,1.81445,1.81445,0.907223,0.907223,0.907223,0.907223,0.907223,1.06814,1.06814,0.907223,0.907223,0.907223,0.907223,0.907223,1.06814,1.06814,40.1792,99.0984,40.1792,99.0984,28.5012,28.5012,40.1792,99.0984,40.1792,99.0984,28.5012,28.5012,40.1792,28.5012,28.5012,14.2506,14.2506,14.2506,14.2506,14.2506,16.7783,16.7783,14.2506,14.2506,14.2506,14.2506,14.2506,16.7783,16.7783,0,0,0,0,0,0,0,0,0,0,0,0,0,0,0,0,0,0,0,0,0,0,0,0,0,0,0,0,0,0,0,0,0,0,0,0,0,0,0,0,0,0,0,0,0,0,0,0,0,0,0,0,0,0,0,0,0,0,0,0,0,0,0,0,0,0,0,0,0,0,0,0,0,0,0,0,0,0,0,0,0,0,0,0,0,0,0,0,0,0,0,0,0,0,0,0,0,0,0,0,0,0,0,0,0,0,0,0,0,0,0,0,0,0,0,0,0,-0.00128274,0.160285,-0.0165051,0.0570028,-0.0797081,0.189418,0.444726,-0.434516,0.238308,0.0820162,-0.12176,-0.244342,-0.29273,0.0325618,-1.92547,1.409,0.0706665,-0.152532,0.335797,-0.494888,0.0798842,-0.387882,0.104242,0.241037,0.453962,0.308656,2.52752,-1.12895,0.468451,1.56963,0.0669027,-0.0452413,-1.36628,0.117751,0.0570771,1.5553,-0.157548,0.029342,0.459492,-0.173538,0.131979,0.273121,0.325405,-0.0198418,-0.133789,0.104517,0.0830744,0.225,0.395047,0.0359704,0.471615,0.0309927,0.00595144,0.0338205,0.165042,-0.390569,-0.0534011,0.614281,-0.0668971,-0.0288976,0.0229951,0.688,0.159599,0.0012663,-0.987181,0.6,0,0,1.27509,1.02322,1.52757
-2.64004,2.03505,9.61901,0.150863,0.167685,0.0196634,0.00171557,0.163957,-0.0162916,-2.64004,2.03505,9.61901,0.150863,0.167685,0.0196634,0.00171557,0.163957,-0.0162916,-1.38394,0.120816,0.0498266,1.57009,-0.176898,0.0408933,0.469321,-0.192115,0.11742,0.260325,0.342106,-0.039866,-0.127207,0.121861,0.0633505,0.224312,0.375654,0.0314534,0.468908,0.0335617,0.00658058,0.0333807,0.153565,-0.383281,-0.0500933,0.598102,-0.066388,-0.029752,0.0236869,0,0,0,0,0,0,0,0,0,0,0,0,0,0,0,0,0,0,0,0,0,0,0,0,0,0,0,0,0,-1.13898,0.0880582,0.166312,1.73116,-0.208921,-0.0325843,-0.0036728,-0.000159072,0.028941,0.198338,-0.241346,-0.0512645,-0.0951213,0.0720871,-0.122323,0.1307,0.237867,-0.0252233,0.532092,0.0286624,0.0106146,0.0308246,0.143437,-0.284207,-0.0323281,0.680488,-0.0560589,-0.0176173,0.022928,0.25358,-0.55551,0.332861,0.262057,-1.11008,0.771023,0.486479,-0.427882,0.449271,-0.864537,-0.00433097,0.185632,-0.0566805,0.0121848,0.232145,0.295139,0.133926,0.096667,-0.386751,0.0360999,0.0248754,-0.0463716,-0.136733,-0.0614816,0.162402,-0.292085,-0.190164,-0.0191328,0.0551319,-9.78573,6.51792,-5.40502,-18.8326,3.41042,0.384245,17.3888,-14.0481,2.85019,12.8419,16.4913,0.53015,-1.39419,0.731433,5.41565,1.07262,2.11073,0.796473,-0.47707,0.00233564,-0.118522,0.101653,0.422603,-1.47231,-0.455387,-0.674444,0.0183129,-0.176547,-0.0589488,0,0,0,0,0,0,0,0,0,0,0,0,0,0,0,0,0,0,0,0,0,0,0,0,0,0,0,0,0,2.55789,6.3088,2.55789,6.3088,1.81445,1.81445,2.55789,6.3088,2.55789,6.3088,1.81445,1.81445,2.55789,1.81445,1.81445,0.907223,0.907223,0.907223,0.907223,0.907223,1.06814,1.06814,0.907223,0.907223,0.907223,0.907223,0.907223,1.06814,1.06814,40.1792,99.0984,40.1792,99.0984,28.5012,28.5012,40.1792,99.0984,40.1792,99.0984,28.5012,28.5012,40.1792,28.5012,28.5012,14.2506,14.2506,14.2506,14.2506,14.2506,16.7783,16.7783,14.2506,14.2506,14.2506,14.2506,14.2506,16.7783,16.7783,0,0,0,0,0,0,0,0,0,0,0,0,0,0,0,0,0,0,0,0,0,0,0,0,0,0,0,0,0,0,0,0,0,0,0,0,0,0,0,0,0,0,0,0,0,0,0,0,0,0,0,0,0,0,0,0,0,0,0,0,0,0,0,0,0,0,0,0,0,0,0,0,0,0,0,0,0,0,0,0,0,0,0,0,0,0,0,0,0,0,0,0,0,0,0,0,0,0,0,0,0,0,0,0,0,0,0,0,0,0,0,0,0,0,0,0,0,0.00171557,0.163957,-0.0162916,0.0554349,-0.105877,0.144445,0.400508,-0.417898,0.277856,0.0717169,-0.114218,-0.232321,-0.298902,-0.00432864,-1.95772,1.42695,0.076524,-0.151371,0.344536,-0.547864,0.0883289,-0.39935,0.0909997,0.214447,0.448058,0.317941,2.56969,-1.16544,0.424332,1.60771,0.0932408,-0.0908986,-1.38394,0.120816,0.0498266,1.57009,-0.176898,0.0408933,0.469321,-0.192115,0.11742,0.260325,0.342106,-0.039866,-0.127207,0.121861,0.0633505,0.224312,0.375654,0.0314534,0.468908,0.0335617,0.00658058,0.0333807,0.153565,-0.383281,-0.0500933,0.598102,-0.066388,-0.029752,0.0236869,0.698,0.163224,-0.00169256,-0.986588,0.6,0,0,1.27509,1.02322,1.52757
-2.55557,1.9697,10.2233,0.122077,0.156838,0.0399896,0.00451648,0.16723,-0.015735,-2.55557,1.9697,10.2233,0.122077,0.156838,0.0399896,0.00451648,0.16723,-0.015735,-1.39855,0.116122,0.0340503,1.5705,-0.188627,0.0516318,0.484527,-0.219818,0.118153,0.248114,0.37698,-0.0647985,-0.117645,0.115653,0.0527101,0.222272,0.363221,0.0268627,0.458863,0.033031,0.00692443,0.0333323,0.148172,-0.391738,-0.0508578,0.592729,-0.0652807,-0.0284828,0.0236801,0,0,0,0,0,0,0,0,0,0,0,0,0,0,0,0,0,0,0,0,0,0,0,0,0,0,0,0,0,-1.13395,0.0780676,0.172321,1.73795,-0.23119,-0.0173724,0.00744566,-0.00761674,0.0341779,0.181394,-0.242752,-0.0480106,-0.0951912,0.0710483,-0.118664,0.137098,0.241288,-0.0222755,0.525252,0.0298641,0.0112655,0.0302031,0.140812,-0.285103,-0.0295964,0.673881,-0.0591355,-0.0177008,0.0239153,0.225704,-0.43897,0.271262,0.398099,-1.10326,0.698205,0.5681,-0.3224,0.150066,-0.804972,-0.114905,0.16612,0.0190759,-0.101509,0.171132,0.329122,0.195907,0.174249,-0.277677,0.0610629,0.0260912,-0.0198303,-0.123272,-0.0304636,0.114934,-0.337649,-0.129763,-0.0126772,0.0421645,-10.6299,7.08956,-5.76474,-18.9109,3.49503,0.409189,17.1323,-15.8594,2.79457,12.8655,17.166,-0.0643484,-1.31488,1.47178,4.85993,0.939142,1.72601,0.619718,-0.51124,-0.00085366,-0.118523,0.0764461,0.285679,-1.38044,-0.403391,-0.771323,0.0148682,-0.196714,-0.0501924,0,0,0,0,0,0,0,0,0,0,0,0,0,0,0,0,0,0,0,0,0,0,0,0,0,0,0,0,0,2.55789,6.3088,2.55789,6.3088,1.81445,1.81445,2.55789,6.3088,2.55789,6.3088,1.81445,1.81445,2.55789,1.81445,1.81445,0.907223,0.907223,0.907223,0.907223,0.907223,1.06814,1.06814,0.907223,0.907223,0.907223,0.907223,0.907223,1.06814,1.06814,40.1792,99.0984,40.1792,99.0984,28.5012,28.5012,40.1792,99.0984,40.1792,99.0984,28.5012,28.5012,40.1792,28.5012,28.5012,14.2506,14.2506,14.2506,14.2506,14.2506,16.7783,16.7783,14.2506,14.2506,14.2506,14.2506,14.2506,16.7783,16.7783,0,0,0,0,0,0,0,0,0,0,0,0,0,0,0,0,0,0,0,0,0,0,0,0,0,0,0,0,0,0,0,0,0,0,0,0,0,0,0,0,0,0,0,0,0,0,0,0,0,0,0,0,0,0,0,0,0,0,0,0,0,0,0,0,0,0,0,0,0,0,0,0,0,0,0,0,0,0,0,0,0,0,0,0,0,0,0,0,0,0,0,0,0,0,0,0,0,0,0,0,0,0,0,0,0,0,0,0,0,0,0,0,0,0,0,0,0,0.00451648,0.16723,-0.015735,0.050783,-0.118174,0.120184,0.37216,-0.437183,0.2637,0.0612497,-0.115961,-0.214859,-0.321806,-0.0165784,-1.9844,1.45472,0.0753139,-0.148847,0.33115,-0.626866,0.0929443,-0.382314,0.0621871,0.215785,0.447409,0.31785,2.57086,-1.20026,0.397588,1.68723,0.117726,-0.147747,-1.39855,0.116122,0.0340503,1.5705,-0.188627,0.0516318,0.484527,-0.219818,0.118153,0.248114,0.37698,-0.0647985,-0.117645,0.115653,0.0527101,0.222272,0.363221,0.0268627,0.458863,0.033031,0.00692443,0.0333323,0.148172,-0.391738,-0.0508578,0.592729,-0.0652807,-0.0284828,0.0236801,0.683,0.166452,-0.00445345,-0.98604,0.6,0,0,1.27063,1.02738,1.97011
-0.938483,-1.6779,7.72643,0.0986002,0.173374,0.0789603,0.00691225,0.170595,-0.0145716,-0.938483,-1.6779,7.72643,0.0986002,0.173374,0.0789603,0.00691225,0.170595,-0.0145716,-1.39171,0.118976,0.0112194,1.56803,-0.211185,0.0655969,0.500454,-0.246102,0.116643,0.237436,0.395674,-0.0853879,-0.109038,0.12206,0.0515014,0.22252,0.349901,0.0249902,0.45343,0.0317074,0.00656787,0.0325545,0.147556,-0.392574,-0.0480527,0.591266,-0.0651722,-0.0265718,0.0249218,0,0,0,0,0,0,0,0,0,0,0,0,0,0,0,0,0,0,0,0,0,0,0,0,0,0,0,0,0,-1.12937,0.0690496,0.176912,1.7463,-0.252572,-0.00390339,0.0200161,-0.0132255,0.0344489,0.165047,-0.243935,-0.0449769,-0.0934018,0.0679813,-0.116221,0.143855,0.24524,-0.0184989,0.520641,0.0307727,0.0123036,0.0300877,0.138177,-0.285611,-0.0274906,0.667583,-0.0610436,-0.017661,0.0246119,0.209885,-0.432907,0.214861,0.428358,-1.03592,0.615985,0.621441,-0.252531,-0.0426629,-0.787802,-0.037587,0.150908,0.108971,-0.177465,0.114845,0.338652,0.198196,0.187219,-0.18163,0.0368041,0.0598678,0.000753141,-0.127808,-0.019833,0.0921567,-0.286836,-0.0778412,0.00243674,0.0292584,-11.3467,7.30216,-6.11837,-20.1181,3.65593,0.457514,17.0917,-19.2696,3.59995,13.163,17.463,-0.815797,-1.26707,1.80112,4.64382,0.83327,1.52883,0.47573,-0.742063,-0.00331052,-0.138059,0.0541185,0.261583,-1.48208,-0.411556,-0.815069,0.0105022,-0.180372,-0.0465569,0,0,0,0,0,0,0,0,0,0,0,0,0,0,0,0,0,0,0,0,0,0,0,0,0,0,0,0,0,2.55789,6.3088,2.55789,6.3088,1.81445,1.81445,2.55789,6.3088,2.55789,6.3088,1.81445,1.81445,2.55789,1.81445,1.81445,0.907223,0.907223,0.907223,0.907223,0.907223,1.06814,1.06814,0.907223,0.907223,0.907223,0.907223,0.907223,1.06814,1.06814,40.1792,99.0984,40.1792,99.0984,28.5012,28.5012,40.1792,99.0984,40.1792,99.0984,28.5012,28.5012,40.1792,28.5012,28.5012,14.2506,14.2506,14.2506,14.2506,14.2506,16.7783,16.7783,14.2506,14.2506,14.2506,14.2506,14.2506,16.7783,16.7783,0,0,0,0,0,0,0,0,0,0,0,0,0,0,0,0,0,0,0,0,0,0,0,0,0,0,0,0,0,0,0,0,0,0,0,0,0,0,0,0,0,0,0,0,0,0,0,0,0,0,0,0,0,0,0,0,0,0,0,0,0,0,0,0,0,0,0,0,0,0,0,0,0,0,0,0,0,0,0,0,0,0,0,0,0,0,0,0,0,0,0,0,0,0,0,0,0,0,0,0,0,0,0,0,0,0,0,0,0,0,0,0,0,0,0,0,0,0.00691225,0.170595,-0.0145716,0.0513474,-0.119577,0.117428,0.341789,-0.439088,0.278308,0.0569802,-0.109565,-0.199139,-0.334195,-0.0199153,-1.97191,1.48381,0.0722959,-0.148599,0.339291,-0.701822,0.0881582,-0.356664,0.0204904,0.213028,0.436968,0.334516,2.56381,-1.23071,0.346154,1.72985,0.149567,-0.194693,-1.39171,0.118976,0.0112194,1.56803,-0.211185,0.0655969,0.500454,-0.246102,0.116643,0.237436,0.395674,-0.0853879,-0.109038,0.12206,0.0515014,0.22252,0.349901,0.0249902,0.45343,0.0317074,0.00656787,0.0325545,0.147556,-0.392574,-0.0480527,0.591266,-0.0651722,-0.0265718,0.0249218,0.748,0.169768,-0.00681186,-0.98546,0.6,0,0,1.27063,1.02738,1.97011
-2.4585,2.03998,11.3932,0.0513235,0.196814,0.128921,0.0087842,0.175055,-0.012133,-2.4585,2.03998,11.3932,0.0513235,0.196814,0.128921,0.0087842,0.175055,-0.012133,-1.35309,0.104529,0.0201257,1.55175,-0.245979,0.0712597,0.501222,-0.259677,0.0946316,0.223554,0.479889,-0.0875602,-0.0986947,0.113928,0.0478159,0.223088,0.32984,0.0220405,0.449434,0.0315274,0.00620537,0.0308373,0.142894,-0.38928,-0.0420286,0.588076,-0.0632754,-0.023928,0.0258365,0,0,0,0,0,0,0,0,0,0,0,0,0,0,0,0,0,0,0,0,0,0,0,0,0,0,0,0,0,-1.12306,0.0587461,0.184499,1.75571,-0.277791,0.0102604,0.0361009,-0.021068,0.033232,0.145613,-0.247508,-0.0414593,-0.0904473,0.0660952,-0.114385,0.152347,0.250024,-0.0135297,0.516703,0.0311441,0.0136904,0.0300618,0.134938,-0.285612,-0.0249036,0.661737,-0.0625137,-0.0170888,0.0254805,0.257962,-0.381708,0.299349,0.388225,-1.04744,0.522528,0.635819,-0.281455,-0.0973772,-0.774156,0.00614756,0.149669,0.111141,-0.117477,0.0723101,0.338401,0.161817,0.205051,-0.0846868,0.0109713,0.0418154,0.00202093,-0.128375,-0.00321452,0.10007,-0.196781,-0.0505294,0.0223436,0.0345309,-11.4457,8.42957,-7.84122,-20.9077,3.74726,0.642879,17.0456,-20.2001,3.4697,13.9237,18.6364,-1.51717,-1.02123,1.67388,4.58177,0.68747,1.25693,0.368592,-0.789361,-0.00101449,-0.168848,0.0409703,0.290542,-1.5309,-0.425507,-0.816087,0.00803847,-0.186232,-0.0468567,0,0,0,0,0,0,0,0,0,0,0,0,0,0,0,0,0,0,0,0,0,0,0,0,0,0,0,0,0,2.55789,6.3088,2.55789,6.3088,1.81445,1.81445,2.55789,6.3088,2.55789,6.3088,1.81445,1.81445,2.55789,1.81445,1.81445,0.907223,0.907223,0.907223,0.907223,0.907223,1.06814,1.06814,0.907223,0.907223,0.907223,0.907223,0.907223,1.06814,1.06814,40.1792,99.0984,40.1792,99.0984,28.5012,28.5012,40.1792,99.0984,40.1792,99.0984,28.5012,28.5012,40.1792,28.5012,28.5012,14.2506,14.2506,14.2506,14.2506,14.2506,16.7783,16.7783,14.2506,14.2506,14.2506,14.2506,14.2506,16.7783,16.7783,0,0,0,0,0,0,0,0,0,0,0,0,0,0,0,0,0,0,0,0,0,0,0,0,0,0,0,0,0,0,0,0,0,0,0,0,0,0,0,0,0,0,0,0,0,0,0,0,0,0,0,0,0,0,0,0,0,0,0,0,0,0,0,0,0,0,0,0,0,0,0,0,0,0,0,0,0,0,0,0,0,0,0,0,0,0,0,0,0,0,0,0,0,0,0,0,0,0,0,0,0,0,0,0,0,0,0,0,0,0,0,0,0,0,0,0,0,0.0087842,0.175055,-0.012133,0.0526429,-0.130207,0.109025,0.296048,-0.431577,0.259768,0.0502545,-0.0958295,-0.180249,-0.343306,-0.0271879,-1.90137,1.48521,0.0718856,-0.144274,0.298092,-0.740535,0.0832926,-0.321177,0.0367561,0.172828,0.413919,0.346794,2.51739,-1.2703,0.26682,1.92187,0.162479,-0.199646,-1.35309,0.104529,0.0201257,1.55175,-0.245979,0.0712597,0.501222,-0.259677,0.0946316,0.223554,0.479889,-0.0875602,-0.0986947,0.113928,0.0478159,0.223088,0.32984,0.0220405,0.449434,0.0315274,0.00620537,0.0308373,0.142894,-0.38928,-0.0420286,0.588076,-0.0632754,-0.023928,0.0258365,0.869,0.173406,-0.00837963,-0.984815,0.6,0,0,1.26503,1.02148,1.9383
-2.83602,3.11735,12.6946,0.0323526,0.244814,0.157178,0.00962769,0.178649,-0.00983432,-2.83602,3.11735,12.6946,0.0323526,0.244814,0.157178,0.00962769,0.178649,-0.00983432,-1.31973,0.0977845,0.0310991,1.51677,-0.273871,0.0847166,0.497719,-0.259349,0.0672704,0.216433,0.514406,-0.0948806,-0.0931479,0.131783,0.0449412,0.217902,0.322095,0.0238017,0.448357,0.0313567,0.00699486,0.0280091,0.129537,-0.364728,-0.0294325,0.583981,-0.0615161,-0.0230692,0.0279187,0,0,0,0,0,0,0,0,0,0,0,0,0,0,0,0,0,0,0,0,0,0,0,0,0,0,0,0,0,-1.11684,0.051332,0.190816,1.76045,-0.296308,0.018436,0.0481119,-0.0273629,0.030959,0.131856,-0.24942,-0.0384857,-0.0879166,0.0659029,-0.114549,0.157714,0.252244,-0.00994774,0.515304,0.0312585,0.0145153,0.0299113,0.132599,-0.285443,-0.0229091,0.658886,-0.0628755,-0.0162114,0.0260264,0.449654,-0.483786,0.374641,0.249974,-1.24349,0.490991,0.783666,-0.373971,-0.229716,-0.904358,0.0517464,0.199884,0.181349,-0.0521356,-0.0456628,0.312354,0.082056,0.227578,-0.0274659,0.00734126,0.0407341,-0.0107586,-0.151049,0.00146733,0.128246,-0.15182,-0.012583,0.0611323,0.0336487,-10.5932,8.33455,-7.98903,-22.1754,3.5885,0.639559,16.2437,-20.2123,2.93356,14.5532,21.2572,-1.75748,-0.863049,1.27007,4.67844,0.634533,0.993063,0.256429,-0.860626,-0.000950277,-0.194044,0.0281993,0.275782,-1.4968,-0.393671,-0.858193,0.00602144,-0.198443,-0.0392932,0,0,0,0,0,0,0,0,0,0,0,0,0,0,0,0,0,0,0,0,0,0,0,0,0,0,0,0,0,2.55789,6.3088,2.55789,6.3088,1.81445,1.81445,2.55789,6.3088,2.55789,6.3088,1.81445,1.81445,2.55789,1.81445,1.81445,0.907223,0.907223,0.907223,0.907223,0.907223,1.06814,1.06814,0.907223,0.907223,0.907223,0.907223,0.907223,1.06814,1.06814,40.1792,99.0984,40.1792,99.0984,28.5012,28.5012,40.1792,99.0984,40.1792,99.0984,28.5012,28.5012,40.1792,28.5012,28.5012,14.2506,14.2506,14.2506,14.2506,14.2506,16.7783,16.7783,14.2506,14.2506,14.2506,14.2506,14.2506,16.7783,16.7783,0,0,0,0,0,0,0,0,0,0,0,0,0,0,0,0,0,0,0,0,0,0,0,0,0,0,0,0,0,0,0,0,0,0,0,0,0,0,0,0,0,0,0,0,0,0,0,0,0,0,0,0,0,0,0,0,0,0,0,0,0,0,0,0,0,0,0,0,0,0,0,0,0,0,0,0,0,0,0,0,0,0,0,0,0,0,0,0,0,0,0,0,0,0,0,0,0,0,0,0,0,0,0,0,0,0,0,0,0,0,0,0,0,0,0,0,0,0.00962769,0.178649,-0.00983432,0.0408173,-0.160663,0.10247,0.278389,-0.375597,0.300479,0.0542703,-0.0671091,-0.170119,-0.345761,-0.036524,-1.84044,1.47881,0.0714963,-0.140263,0.278857,-0.739599,0.0938897,-0.30965,0.0567972,0.122858,0.375957,0.374743,2.41762,-1.29061,0.203222,2.00057,0.193162,-0.216337,-1.31973,0.0977845,0.0310991,1.51677,-0.273871,0.0847166,0.497719,-0.259349,0.0672704,0.216433,0.514406,-0.0948806,-0.0931479,0.131783,0.0449412,0.217902,0.322095,0.0238017,0.448357,0.0313567,0.00699486,0.0280091,0.129537,-0.364728,-0.0294325,0.583981,-0.0615161,-0.0230692,0.0279187,0.684,0.1777,-0.00947432,-0.984039,0.6,0,0,1.25814,1.01559,1.91633
