AccelerationRaw[0],AccelerationRaw[1],AccelerationRaw[2],AngleVelocityRaw[0],AngleVelocityRaw[1],AngleVelocityRaw[2],AngleRaw[0],AngleRaw[1],AngleRaw[2],AccelerationValue[0],AccelerationValue[1],AccelerationValue[2],AngleVelocityValue[0],AngleVelocityValue[1],AngleVelocityValue[2],AngleValue[0],AngleValue[1],AngleValue[2],TargetMotorPosition[0],TargetMotorPosition[1],TargetMotorPosition[2],TargetMotorPosition[3],TargetMotorPosition[4],TargetMotorPosition[5],TargetMotorPosition[6],TargetMotorPosition[7],TargetMotorPosition[8],TargetMotorPosition[9],TargetMotorPosition[10],TargetMotorPosition[11],TargetMotorPosition[12],TargetMotorPosition[13],TargetMotorPosition[14],TargetMotorPosition[15],TargetMotorPosition[16],TargetMotorPosition[17],TargetMotorPosition[18],TargetMotorPosition[19],TargetMotorPosition[20],TargetMotorPosition[21],TargetMotorPosition[22],TargetMotorPosition[23],TargetMotorPosition[24],TargetMotorPosition[25],TargetMotorPosition[26],TargetMotorPosition[27],TargetMotorPosition[28],TargetMotorVelocity[0],TargetMotorVelocity[1],TargetMotorVelocity[2],TargetMotorVelocity[3],TargetMotorVelocity[4],TargetMotorVelocity[5],TargetMotorVelocity[6],TargetMotorVelocity[7],TargetMotorVelocity[8],TargetMotorVelocity[9],TargetMotorVelocity[10],TargetMotorVelocity[11],TargetMotorVelocity[12],TargetMotorVelocity[13],TargetMotorVelocity[14],TargetMotorVelocity[15],TargetMotorVelocity[16],TargetMotorVelocity[17],TargetMotorVelocity[18],TargetMotorVelocity[19],TargetMotorVelocity[20],TargetMotorVelocity[21],TargetMotorVelocity[22],TargetMotorVelocity[23],TargetMotorVelocity[24],TargetMotorVelocity[25],TargetMotorVelocity[26],TargetMotorVelocity[27],TargetMotorVelocity[28],CurrentMotorPosition[0],CurrentMotorPosition[1],CurrentMotorPosition[2],CurrentMotorPosition[3],CurrentMotorPosition[4],CurrentMotorPosition[5],CurrentMotorPosition[6],CurrentMotorPosition[7],CurrentMotorPosition[8],CurrentMotorPosition[9],CurrentMotorPosition[10],CurrentMotorPosition[11],CurrentMotorPosition[12],CurrentMotorPosition[13],CurrentMotorPosition[14],CurrentMotorPosition[15],CurrentMotorPosition[16],CurrentMotorPosition[17],CurrentMotorPosition[18],CurrentMotorPosition[19],CurrentMotorPosition[20],CurrentMotorPosition[21],CurrentMotorPosition[22],CurrentMotorPosition[23],CurrentMotorPosition[24],CurrentMotorPosition[25],CurrentMotorPosition[26],CurrentMotorPosition[27],CurrentMotorPosition[28],CurrentMotorVelocity[0],CurrentMotorVelocity[1],CurrentMotorVelocity[2],CurrentMotorVelocity[3],CurrentMotorVelocity[4],CurrentMotorVelocity[5],CurrentMotorVelocity[6],CurrentMotorVelocity[7],CurrentMotorVelocity[8],CurrentMotorVelocity[9],CurrentMotorVelocity[10],CurrentMotorVelocity[11],CurrentMotorVelocity[12],CurrentMotorVelocity[13],CurrentMotorVelocity[14],CurrentMotorVelocity[15],CurrentMotorVelocity[16],CurrentMotorVelocity[17],CurrentMotorVelocity[18],CurrentMotorVelocity[19],CurrentMotorVelocity[20],CurrentMotorVelocity[21],CurrentMotorVelocity[22],CurrentMotorVelocity[23],CurrentMotorVelocity[24],CurrentMotorVelocity[25],CurrentMotorVelocity[26],CurrentMotorVelocity[27],CurrentMotorVelocity[28],CurrentMotorTorque[0],CurrentMotorTorque[1],CurrentMotorTorque[2],CurrentMotorTorque[3],CurrentMotorTorque[4],CurrentMotorTorque[5],CurrentMotorTorque[6],CurrentMotorTorque[7],CurrentMotorTorque[8],CurrentMotorTorque[9],CurrentMotorTorque[10],CurrentMotorTorque[11],CurrentMotorTorque[12],CurrentMotorTorque[13],CurrentMotorTorque[14],CurrentMotorTorque[15],CurrentMotorTorque[16],CurrentMotorTorque[17],CurrentMotorTorque[18],CurrentMotorTorque[19],CurrentMotorTorque[20],CurrentMotorTorque[21],CurrentMotorTorque[22],CurrentMotorTorque[23],CurrentMotorTorque[24],CurrentMotorTorque[25],CurrentMotorTorque[26],CurrentMotorTorque[27],CurrentMotorTorque[28],TargetMotorTorque[0],TargetMotorTorque[1],TargetMotorTorque[2],TargetMotorTorque[3],TargetMotorTorque[4],TargetMotorTorque[5],TargetMotorTorque[6],TargetMotorTorque[7],TargetMotorTorque[8],TargetMotorTorque[9],TargetMotorTorque[10],TargetMotorTorque[11],TargetMotorTorque[12],TargetMotorTorque[13],TargetMotorTorque[14],TargetMotorTorque[15],TargetMotorTorque[16],TargetMotorTorque[17],TargetMotorTorque[18],TargetMotorTorque[19],TargetMotorTorque[20],TargetMotorTorque[21],TargetMotorTorque[22],TargetMotorTorque[23],TargetMotorTorque[24],TargetMotorTorque[25],TargetMotorTorque[26],TargetMotorTorque[27],TargetMotorTorque[28],TargetMotorDamping[0],TargetMotorDamping[1],TargetMotorDamping[2],TargetMotorDamping[3],TargetMotorDamping[4],TargetMotorDamping[5],TargetMotorDamping[6],TargetMotorDamping[7],TargetMotorDamping[8],TargetMotorDamping[9],TargetMotorDamping[10],TargetMotorDamping[11],TargetMotorDamping[12],TargetMotorDamping[13],TargetMotorDamping[14],TargetMotorDamping[15],TargetMotorDamping[16],TargetMotorDamping[17],TargetMotorDamping[18],TargetMotorDamping[19],TargetMotorDamping[20],TargetMotorDamping[21],TargetMotorDamping[22],TargetMotorDamping[23],TargetMotorDamping[24],TargetMotorDamping[25],TargetMotorDamping[26],TargetMotorDamping[27],TargetMotorDamping[28],TargetMotorStiffness[0],TargetMotorStiffness[1],TargetMotorStiffness[2],TargetMotorStiffness[3],TargetMotorStiffness[4],TargetMotorStiffness[5],TargetMotorStiffness[6],TargetMotorStiffness[7],TargetMotorStiffness[8],TargetMotorStiffness[9],TargetMotorStiffness[10],TargetMotorStiffness[11],TargetMotorStiffness[12],TargetMotorStiffness[13],TargetMotorStiffness[14],TargetMotorStiffness[15],TargetMotorStiffness[16],TargetMotorStiffness[17],TargetMotorStiffness[18],TargetMotorStiffness[19],TargetMotorStiffness[20],TargetMotorStiffness[21],TargetMotorStiffness[22],TargetMotorStiffness[23],TargetMotorStiffness[24],TargetMotorStiffness[25],TargetMotorStiffness[26],TargetMotorStiffness[27],TargetMotorStiffness[28],DanceNet1NetLastAction[0],DanceNet1NetLastAction[1],DanceNet1NetLastAction[2],DanceNet1NetLastAction[3],DanceNet1NetLastAction[4],DanceNet1NetLastAction[5],DanceNet1NetLastAction[6],DanceNet1NetLastAction[7],DanceNet1NetLastAction[8],DanceNet1NetLastAction[9],DanceNet1NetLastAction[10],DanceNet1NetLastAction[11],DanceNet1NetLastAction[12],DanceNet1NetLastAction[13],DanceNet1NetLastAction[14],DanceNet1NetLastAction[15],DanceNet1NetLastAction[16],DanceNet1NetLastAction[17],DanceNet1NetLastAction[18],DanceNet1NetLastAction[19],DanceNet1NetLastAction[20],DanceNet1NetLastAction[21],DanceNet1NetLastAction[22],DanceNet1NetLastAction[23],DanceNet1NetLastAction[24],DanceNet1NetLastAction[25],DanceNet1NetLastAction[26],DanceNet1NetLastAction[27],DanceNet1NetLastAction[28],DanceNet1InferenceTime,DanceNet1Action[0],DanceNet1Action[1],DanceNet1Action[2],DanceNet1Action[3],DanceNet1Action[4],DanceNet1Action[5],DanceNet1Action[6],DanceNet1Action[7],DanceNet1Action[8],DanceNet1Action[9],DanceNet1Action[10],DanceNet1Action[11],DanceNet1Action[12],DanceNet1Action[13],DanceNet1Action[14],DanceNet1Action[15],DanceNet1Action[16],DanceNet1Action[17],DanceNet1Action[18],DanceNet1Action[19],DanceNet1Action[20],DanceNet1Action[21],DanceNet1Action[22],DanceNet1Action[23],DanceNet1Action[24],DanceNet1Action[25],DanceNet1Action[26],DanceNet1Action[27],DanceNet1Action[28],DanceNet1RefTraj[0],DanceNet1RefTraj[1],DanceNet1RefTraj[2],DanceNet1RefTraj[3],DanceNet1RefTraj[4],DanceNet1RefTraj[5],DanceNet1RefTraj[6],DanceNet1RefTraj[7],DanceNet1RefTraj[8],DanceNet1RefTraj[9],DanceNet1RefTraj[10],DanceNet1RefTraj[11],DanceNet1RefTraj[12],DanceNet1RefTraj[13],DanceNet1RefTraj[14],DanceNet1RefTraj[15],DanceNet1RefTraj[16],DanceNet1RefTraj[17],DanceNet1RefTraj[18],DanceNet1RefTraj[19],DanceNet1RefTraj[20],DanceNet1RefTraj[21],DanceNet1RefTraj[22],DanceNet1RefTraj[23],DanceNet1RefTraj[24],DanceNet1RefTraj[25],DanceNet1RefTraj[26],DanceNet1RefTraj[27],DanceNet1RefTraj[28],DanceNet1RefVel[0],DanceNet1RefVel[1],DanceNet1RefVel[2],DanceNet1RefVel[3],DanceNet1RefVel[4],DanceNet1RefVel[5],DanceNet1RefVel[6],DanceNet1RefVel[7],DanceNet1RefVel[8],DanceNet1RefVel[9],DanceNet1RefVel[10],DanceNet1RefVel[11],DanceNet1RefVel[12],DanceNet1RefVel[13],DanceNet1RefVel[14],DanceNet1RefVel[15],DanceNet1RefVel[16],DanceNet1RefVel[17],DanceNet1RefVel[18],DanceNet1RefVel[19],DanceNet1RefVel[20],DanceNet1RefVel[21],DanceNet1RefVel[22],DanceNet1RefVel[23],DanceNet1RefVel[24],DanceNet1RefVel[25],DanceNet1RefVel[26],DanceNet1RefVel[27],DanceNet1RefVel[28],AlterAngleValue[0],AlterAngleValue[1],AlterAngleValue[2],WalkNet1NetLastAction[0],WalkNet1NetLastAction[1],WalkNet1NetLastAction[2],WalkNet1NetLastAction[3],WalkNet1NetLastAction[4],WalkNet1NetLastAction[5],WalkNet1NetLastAction[6],WalkNet1NetLastAction[7],WalkNet1NetLastAction[8],WalkNet1NetLastAction[9],WalkNet1NetLastAction[10],WalkNet1NetLastAction[11],WalkNet1NetLastAction[12],WalkNet1NetLastAction[13],WalkNet1NetLastAction[14],WalkNet1NetLastAction[15],WalkNet1NetLastAction[16],WalkNet1NetLastAction[17],WalkNet1NetLastAction[18],WalkNet1NetLastAction[19],WalkNet1NetLastAction[20],WalkNet1NetLastAction[21],WalkNet1NetLastAction[22],WalkNet1NetLastAction[23],WalkNet1NetLastAction[24],WalkNet1NetLastAction[25],WalkNet1NetLastAction[26],WalkNet1NetLastAction[27],WalkNet1NetLastAction[28],WalkNet1Action[0],WalkNet1Action[1],WalkNet1Action[2],WalkNet1Action[3],WalkNet1Action[4],WalkNet1Action[5],WalkNet1Action[6],WalkNet1Action[7],WalkNet1Action[8],WalkNet1Action[9],WalkNet1Action[10],WalkNet1Action[11],WalkNet1Action[12],WalkNet1Action[13],WalkNet1Action[14],WalkNet1Action[15],WalkNet1Action[16],WalkNet1Action[17],WalkNet1Action[18],WalkNet1Action[19],WalkNet1Action[20],WalkNet1Action[21],WalkNet1Action[22],WalkNet1Action[23],WalkNet1Action[24],WalkNet1Action[25],WalkNet1Action[26],WalkNet1Action[27],WalkNet1Action[28],WalkNet1InferenceTime,WalkNet1NetProjectedGravity[0],WalkNet1NetProjectedGravity[1],WalkNet1NetProjectedGravity[2],WalkNet1NetUserCommand3[0],WalkNet1NetUserCommand3[1],WalkNet1NetUserCommand3[2],DepthCenterDistance,DepthMinDistance,DepthMaxDistance
-25.5768,-0.0105189,18.3185,-0.00023323,0.291935,-0.000152746,-4.66549e-07,0.000583871,-3.05628e-07,-25.5768,-0.0105189,18.3185,-0.00023323,0.291935,-0.000152746,-4.66549e-07,0.000583871,-3.05628e-07,-0.156863,0.0965194,0.201723,0.785677,0.167704,-0.0449489,-0.332396,-0.257694,0.102234,0.312904,0.630377,0.064423,0.0306303,-0.0105746,0.0833855,0.203241,0.193379,-0.0605134,0.2618,0.0418322,-0.131585,0.0188013,0.303949,-0.324103,-0.0527632,0.613994,0.00200498,0.00784873,0.0120604,0,0,0,0,0,0,0,0,0,0,0,0,0,0,0,0,0,0,0,0,0,0,0,0,0,0,0,0,0,-0.308798,7.07524e-05,0.000165981,0.664486,-0.357702,1.18883e-05,-0.308798,-7.08959e-05,-0.000165921,0.664486,-0.357702,-1.19761e-05,2.39403e-07,6.62686e-07,-0.00224093,0.200114,0.199635,0.000571391,0.598005,6.84974e-05,0.00149099,-3.62506e-05,0.200114,-0.199635,-0.000570621,0.598006,-6.84586e-05,0.00149089,3.63864e-05,1.60108,0.0353762,0.0829906,-2.25689,2.64918,0.00594416,1.60103,-0.035448,-0.0829604,-2.25679,2.64914,-0.00598803,0.000119702,0.000331343,-1.12047,0.0571304,-0.182478,0.285695,-0.997611,0.0342487,0.745497,-0.0181253,0.0567287,0.182629,-0.285311,-0.996957,-0.0342293,0.745446,0.0181932,12.5359,-8.05092e-17,-3.46e-17,-66.2969,10.346,1.08914e-18,12.5359,-4.86358e-17,4.26881e-18,-66.2969,10.346,-4.96118e-17,-2.09687e-17,6.62772e-18,-3.74733e-16,-2.85013,-2.85013,-1.13985e-16,-8.55037,-6.40488e-17,-7.81728e-17,5.24105e-17,-2.85013,2.85013,8.89167e-17,-8.55037,1.05828e-16,-7.83488e-17,-2.99997e-17,0,0,0,0,0,0,0,0,0,0,0,0,0,0,0,0,0,0,0,0,0,0,0,0,0,0,0,0,0,2.55789,2.55789,2.55789,6.3088,6.3088,1.81445,2.55789,2.55789,1.81445,6.3088,6.3088,0.907223,0.907223,1.81445,1.81445,0.907223,0.907223,1.81445,1.81445,0.907223,0.907223,0.907223,0.907223,0.907223,0.907223,1.06814,1.06814,1.06814,1.06814,40.1792,40.1792,40.1792,99.0984,99.0984,28.5012,40.1792,40.1792,28.5012,99.0984,99.0984,14.2506,14.2506,28.5012,28.5012,14.2506,14.2506,28.5012,28.5012,14.2506,14.2506,14.2506,14.2506,14.2506,14.2506,16.7783,16.7783,16.7783,16.7783,0,0,0,0,0,0,0,0,0,0,0,0,0,0,0,0,0,0,0,0,0,0,0,0,0,0,0,0,0,0,0,0,0,0,0,0,0,0,0,0,0,0,0,0,0,0,0,0,0,0,0,0,0,0,0,0,0,0,0,0,0,0,0,0,0,0,0,0,0,0,0,0,0,0,0,0,0,0,0,0,0,0,0,0,0,0,0,0,0,0,0,0,0,0,0,0,0,0,0,0,0,0,0,0,0,0,0,0,0,0,0,0,0,0,0,0,0,-4.66549e-07,0.000583871,-3.05628e-07,0.0073904,0.237015,0.190127,-0.0150966,-0.282968,-0.0241111,-0.137977,-0.120305,0.0698401,-0.245896,0.187843,0.283331,-0.0372493,0.0953815,0.0269122,0.176276,-0.470633,-0.300026,0.105351,0.368413,0.233104,0.0428689,0.161882,0.332734,-1.0155,1.51344,2.83287,-0.102488,0.146891,-0.156863,0.0965194,0.201723,0.785677,0.167704,-0.0449489,-0.332396,-0.257694,0.102234,0.312904,0.630377,0.064423,0.0306303,-0.0105746,0.0833855,0.203241,0.193379,-0.0605134,0.2618,0.0418322,-0.131585,0.0188013,0.303949,-0.324103,-0.0527632,0.613994,0.00200498,0.00784873,0.0120604,1.045,0.000583871,4.66548e-07,-1,0.6,0,0,0,0,0
2.35753,-0.298237,-1.03743,-0.0818214,-0.0479327,-0.0585939,-0.00072531,0.0014799,-0.00107297,2.35753,-0.298237,-1.03743,-0.0818214,-0.0479327,-0.0585939,-0.00072531,0.0014799,-0.00107297,-0.111498,-0.0786923,0.179982,0.723497,-0.136576,-0.0216068,-0.334037,-0.21404,0.0134295,0.426171,0.806132,0.104945,0.0337479,0.0109914,0.059559,0.180785,0.198435,-0.0471073,0.2618,0.0534784,-0.109175,0.00815755,0.381264,-0.188938,-0.0116454,0.610416,0.0030796,-0.00161607,0.0149029,0,0,0,0,0,0,0,0,0,0,0,0,0,0,0,0,0,0,0,0,0,0,0,0,0,0,0,0,0,-0.304759,0.00962728,0.021783,0.659924,-0.249405,-0.00721466,-0.293349,-0.00296296,-0.00417761,0.609077,-0.162048,0.00906321,0.00110701,0.000239522,-0.00557146,0.215649,0.20045,-0.00693378,0.553795,0.00722673,-0.00114064,0.00480488,0.202512,-0.199852,-0.00173794,0.591083,0.000383001,0.00224801,0.00286977,-0.147142,0.859879,2.31195,0.772903,6.65353,-0.584404,0.897642,-0.428944,-0.262249,-4.1623,12.7821,0.875698,-0.0212066,0.171755,0.0803032,1.40582,0.15178,-0.765497,-3.73859,0.575459,-0.952588,0.318382,0.246155,-0.119616,-0.0401352,-0.247992,0.034464,-0.0792816,0.237081,6.21186,1.39123,1.96579,8.86546,-0.541767,-0.0413537,-3.85233,-9.37931,3.55084,-4.24791,-2.35288,0.0502166,0.387753,-0.494494,2.48824,-1.37923,-0.225763,-0.219177,-1.91616,-0.0187814,-1.21003,-0.106266,1.2597,-1.6856,-0.698863,0.672209,-0.0100979,0.172651,-0.0938155,0,0,0,0,0,0,0,0,0,0,0,0,0,0,0,0,0,0,0,0,0,0,0,0,0,0,0,0,0,2.55789,2.55789,2.55789,6.3088,6.3088,1.81445,2.55789,2.55789,1.81445,6.3088,6.3088,0.907223,0.907223,1.81445,1.81445,0.907223,0.907223,1.81445,1.81445,0.907223,0.907223,0.907223,0.907223,0.907223,0.907223,1.06814,1.06814,1.06814,1.06814,40.1792,40.1792,40.1792,99.0984,99.0984,28.5012,40.1792,40.1792,28.5012,99.0984,99.0984,14.2506,14.2506,28.5012,28.5012,14.2506,14.2506,28.5012,28.5012,14.2506,14.2506,14.2506,14.2506,14.2506,14.2506,16.7783,16.7783,16.7783,16.7783,0,0,0,0,0,0,0,0,0,0,0,0,0,0,0,0,0,0,0,0,0,0,0,0,0,0,0,0,0,0,0,0,0,0,0,0,0,0,0,0,0,0,0,0,0,0,0,0,0,0,0,0,0,0,0,0,0,0,0,0,0,0,0,0,0,0,0,0,0,0,0,0,0,0,0,0,0,0,0,0,0,0,0,0,0,0,0,0,0,0,0,0,0,0,0,0,0,0,0,0,0,0,0,0,0,0,0,0,0,0,0,0,0,0,0,0,0,-0.00072531,0.0014799,-0.00107297,-0.0438132,0.4133,0.1358,-0.00356796,0.0252223,0.0250614,-0.107409,-0.0265527,0.0769486,-0.221364,0.139809,0.366183,-0.0402469,0.121936,0.0413364,-0.143718,-0.390908,-0.24893,-0.021692,0.328706,0.0306207,0.0186,0.200037,0.155411,-0.69249,0.645705,3.33408,-0.0492655,0.239285,-0.111498,-0.0786923,0.179982,0.723497,-0.136576,-0.0216068,-0.334037,-0.21404,0.0134295,0.426171,0.806132,0.104945,0.0337479,0.0109914,0.059559,0.180785,0.198435,-0.0471073,0.2618,0.0534784,-0.109175,0.00815755,0.381264,-0.188938,-0.0116454,0.610416,0.0030796,-0.00161607,0.0149029,0.782,0.0014799,0.000725309,-0.999999,0.6,0,0,0,0,0
-1.95155,11.0376,13.0143,0.0692406,-0.284522,0.362319,-0.00363833,-0.00368705,0.0055169,-1.95155,11.0376,13.0143,0.0692406,-0.284522,0.362319,-0.00363833,-0.00368705,0.0055169,-0.389502,-0.257618,-0.128129,0.291222,-0.677861,0.0767543,-0.373535,0.383487,-0.131203,0.429089,-0.087267,-0.0218556,0.00139807,-0.00302504,-0.16579,0.225179,0.530482,0.111805,0.2618,0.0156957,-0.0830095,0.0319881,0.236178,-0.275879,0.00197016,0.576769,0.000700061,-0.0614315,0.0157627,0,0,0,0,0,0,0,0,0,0,0,0,0,0,0,0,0,0,0,0,0,0,0,0,0,0,0,0,0,-0.288163,0.00344642,0.0911312,0.680622,-0.198517,-0.0144015,-0.279097,-0.0496747,-0.0118545,0.525263,0.2222,0.0509526,-0.0223135,0.0297841,-0.00472158,0.247762,0.203474,-0.0258132,0.438215,0.0269167,-0.0439939,0.00615312,0.22421,-0.201736,-0.00866532,0.581915,0.00156761,-0.00364385,0.00778419,0.740852,-0.442685,1.36988,0.506684,0.974426,-0.127186,0.0706808,-1.29646,-0.285912,-0.363697,4.16747,1.61849,-0.963924,0.600524,0.0847276,0.372688,-0.173412,-0.412608,-2.4774,0.46525,-1.192,-0.00784304,0.858318,-0.140864,-0.265112,-0.0583895,0.0277267,-0.175273,0.0911694,5.20469,-1.56953,-0.351049,1.39593,-0.0155075,0.0266361,-2.60675,-2.46742,1.09858,-3.4676,17.1719,-0.559886,1.63235,-2.2846,1.70045,-1.39834,-0.0484326,0.159007,-0.161146,-0.0402419,0.133767,0.0375538,1.46724,0.24475,0.165242,0.658082,-0.00484594,0.211743,0.0191808,0,0,0,0,0,0,0,0,0,0,0,0,0,0,0,0,0,0,0,0,0,0,0,0,0,0,0,0,0,2.55789,2.55789,2.55789,6.3088,6.3088,1.81445,2.55789,2.55789,1.81445,6.3088,6.3088,0.907223,0.907223,1.81445,1.81445,0.907223,0.907223,1.81445,1.81445,0.907223,0.907223,0.907223,0.907223,0.907223,0.907223,1.06814,1.06814,1.06814,1.06814,40.1792,40.1792,40.1792,99.0984,99.0984,28.5012,40.1792,40.1792,28.5012,99.0984,99.0984,14.2506,14.2506,28.5012,28.5012,14.2506,14.2506,28.5012,28.5012,14.2506,14.2506,14.2506,14.2506,14.2506,14.2506,16.7783,16.7783,16.7783,16.7783,0,0,0,0,0,0,0,0,0,0,0,0,0,0,0,0,0,0,0,0,0,0,0,0,0,0,0,0,0,0,0,0,0,0,0,0,0,0,0,0,0,0,0,0,0,0,0,0,0,0,0,0,0,0,0,0,0,0,0,0,0,0,0,0,0,0,0,0,0,0,0,0,0,0,0,0,0,0,0,0,0,0,0,0,0,0,0,0,0,0,0,0,0,0,0,0,0,0,0,0,0,0,0,0,0,0,0,0,0,0,0,0,0,0,0,0,0,-0.00363833,-0.00368705,0.0055169,0.0574107,0.0824901,-0.378018,0.753532,-0.173012,-0.00689738,0.254926,0.00449217,0.00318774,-0.0971864,-0.311817,-0.141544,-0.112383,0.0357877,0.00939668,-0.470495,0.700373,-0.18927,-0.824575,-0.234005,-0.299155,0.072936,0.211577,-1.07733,-0.684166,-0.897906,-0.851592,0.175008,-0.0498329,-0.389502,-0.257618,-0.128129,0.291222,-0.677861,0.0767543,-0.373535,0.383487,-0.131203,0.429089,-0.087267,-0.0218556,0.00139807,-0.00302504,-0.16579,0.225179,0.530482,0.111805,0.2618,0.0156957,-0.0830095,0.0319881,0.236178,-0.275879,0.00197016,0.576769,0.000700061,-0.0614315,0.0157627,0.711,-0.000351364,0.00293863,-0.999996,0.6,0,0,1.7688,1.32798,3
4.51481,6.19938,14.0555,0.231322,-0.332653,0.248703,-0.00244731,-0.00553282,0.00737591,4.51481,6.19938,14.0555,0.231322,-0.332653,0.248703,-0.00244731,-0.00553282,0.00737591,-0.406168,0.00375327,-0.183836,0.263003,-0.576836,0.0735594,-0.374731,0.221887,-0.0615358,0.463226,-0.087267,-0.000339237,-0.0332723,-0.00187112,-0.135034,0.283749,0.395938,0.0525546,0.2618,0.00896297,-0.0751684,0.0461416,0.208106,-0.393674,-0.040765,0.577435,0.00195672,-0.0530618,0.0108452,0,0,0,0,0,0,0,0,0,0,0,0,0,0,0,0,0,0,0,0,0,0,0,0,0,0,0,0,0,-0.282132,0.00120595,0.0923342,0.679057,-0.227497,-0.011675,-0.278383,-0.053134,-0.0134378,0.530106,0.199659,0.0567185,-0.027343,0.0292832,-0.00397522,0.249742,0.200616,-0.0260112,0.4249,0.028371,-0.0498101,0.00566214,0.228929,-0.203646,-0.00954572,0.583313,0.00165179,-0.00596901,0.00825396,1.20536,-0.582971,-0.702293,-1.21877,-6.29673,0.918854,0.210267,-0.255677,-0.146553,1.14425,-6.81268,0.462317,-0.693301,-0.309047,0.190371,0.39189,-0.591927,0.284509,-2.19341,0.0637039,-0.825565,-0.131443,0.743134,-0.398176,-0.0193821,0.402288,0.00240603,-0.575488,0.074365,-7.03305,-9.35137,-9.33841,-38.0062,11.7775,1.54706,-4.25509,19.0965,-2.90697,-17.2101,14.3505,-1.78845,1.14042,-0.849228,-4.76646,-0.667653,5.11856,3.93056,-0.621635,-0.368648,0.350333,0.471678,-0.596593,-0.745675,0.273722,-0.334091,-0.0300324,-0.505834,0.0481191,0,0,0,0,0,0,0,0,0,0,0,0,0,0,0,0,0,0,0,0,0,0,0,0,0,0,0,0,0,2.55789,2.55789,2.55789,6.3088,6.3088,1.81445,2.55789,2.55789,1.81445,6.3088,6.3088,0.907223,0.907223,1.81445,1.81445,0.907223,0.907223,1.81445,1.81445,0.907223,0.907223,0.907223,0.907223,0.907223,0.907223,1.06814,1.06814,1.06814,1.06814,40.1792,40.1792,40.1792,99.0984,99.0984,28.5012,40.1792,40.1792,28.5012,99.0984,99.0984,14.2506,14.2506,28.5012,28.5012,14.2506,14.2506,28.5012,28.5012,14.2506,14.2506,14.2506,14.2506,14.2506,14.2506,16.7783,16.7783,16.7783,16.7783,0,0,0,0,0,0,0,0,0,0,0,0,0,0,0,0,0,0,0,0,0,0,0,0,0,0,0,0,0,0,0,0,0,0,0,0,0,0,0,0,0,0,0,0,0,0,0,0,0,0,0,0,0,0,0,0,0,0,0,0,0,0,0,0,0,0,0,0,0,0,0,0,0,0,0,0,0,0,0,0,0,0,0,0,0,0,0,0,0,0,0,0,0,0,0,0,0,0,0,0,0,0,0,0,0,0,0,0,0,0,0,0,0,0,0,0,0,-0.00244731,-0.00553282,0.00737591,0.190955,0.0184833,-0.307891,0.446759,-0.441597,-0.00426635,0.11983,-0.0929482,-0.0758643,-0.0960926,-0.302876,-0.171982,-0.114567,0.0204365,0.0262644,0.00685471,0.405238,-0.171392,-0.712231,-0.335745,-0.140308,0.105207,0.145572,-1.1578,-0.586817,-0.609809,-1.14472,0.167723,-0.000773494,-0.406168,0.00375327,-0.183836,0.263003,-0.576836,0.0735594,-0.374731,0.221887,-0.0615358,0.463226,-0.087267,-0.000339237,-0.0332723,-0.00187112,-0.135034,0.283749,0.395938,0.0525546,0.2618,0.00896297,-0.0751684,0.0461416,0.208106,-0.393674,-0.040765,0.577435,0.00195672,-0.0530618,0.0108452,0.605,-0.00553279,0.00244727,-0.999982,0.6,0,0,1.7688,1.32798,3
-1.7442,3.23106,4.86076,0.513883,-0.221214,0.0291882,0.00586223,-0.0125407,0.00959885,-1.7442,3.23106,4.86076,0.513883,-0.221214,0.0291882,0.00586223,-0.0125407,0.00959885,-0.347057,-0.100299,-0.0332969,0.314604,-0.476496,0.0691456,-0.310653,0.0102182,0.0267077,0.408457,-0.087267,-0.0529083,-0.0401099,0.016086,-0.00749474,0.268599,0.26922,0.00305251,0.2618,0.0205707,-0.0184275,-0.0135231,0.236354,-0.387097,-0.0369852,0.569486,0.00378444,-0.0412931,0.00826445,0,0,0,0,0,0,0,0,0,0,0,0,0,0,0,0,0,0,0,0,0,0,0,0,0,0,0,0,0,-0.261783,-0.00239345,0.0331837,0.601939,-0.322383,0.0111339,-0.279697,-0.0281086,-0.0149331,0.543146,0.0872466,0.049792,-0.0354724,-0.002903,0.0129023,0.260998,0.186914,-0.0180732,0.384986,0.024091,-0.0586661,0.011578,0.242997,-0.219453,-0.0059492,0.594192,0.00173662,-0.0169554,0.0101369,0.690846,0.433139,-3.8401,-4.76322,-4.04049,1.06889,-0.294093,2.14469,-0.186993,0.229248,-4.78876,-0.703905,-0.276989,-2.4409,1.11267,0.606094,-0.631093,0.370732,-1.90141,-0.246454,-0.330708,0.429479,0.632574,-1.02642,0.191054,0.468688,0.0015393,-0.454285,0.100861,-7.71841,-0.442863,0.590387,-4.81877,0.244302,-0.146805,-3.19568,5.106,-1.06789,-9.82791,12.9021,-0.131718,0.290559,4.06296,-6.1577,-0.216948,3.5587,1.35574,-0.135826,0.0059479,0.0567396,0.115262,-1.07936,-1.61371,-0.676326,-0.796969,0.0012329,-0.119218,-0.0938312,0,0,0,0,0,0,0,0,0,0,0,0,0,0,0,0,0,0,0,0,0,0,0,0,0,0,0,0,0,2.55789,2.55789,2.55789,6.3088,6.3088,1.81445,2.55789,2.55789,1.81445,6.3088,6.3088,0.907223,0.907223,1.81445,1.81445,0.907223,0.907223,1.81445,1.81445,0.907223,0.907223,0.907223,0.907223,0.907223,0.907223,1.06814,1.06814,1.06814,1.06814,40.1792,40.1792,40.1792,99.0984,99.0984,28.5012,40.1792,40.1792,28.5012,99.0984,99.0984,14.2506,14.2506,28.5012,28.5012,14.2506,14.2506,28.5012,28.5012,14.2506,14.2506,14.2506,14.2506,14.2506,14.2506,16.7783,16.7783,16.7783,16.7783,0,0,0,0,0,0,0,0,0,0,0,0,0,0,0,0,0,0,0,0,0,0,0,0,0,0,0,0,0,0,0,0,0,0,0,0,0,0,0,0,0,0,0,0,0,0,0,0,0,0,0,0,0,0,0,0,0,0,0,0,0,0,0,0,0,0,0,0,0,0,0,0,0,0,0,0,0,0,0,0,0,0,0,0,0,0,0,0,0,0,0,0,0,0,0,0,0,0,0,0,0,0,0,0,0,0,0,0,0,0,0,0,0,0,0,0,0,0.00586223,-0.0125407,0.00959885,0.156413,0.0828909,-0.0170888,0.157828,-0.4266,0.0366778,0.00696004,-0.0843299,-0.0914546,-0.0919042,-0.409584,-0.0640253,0.0024604,0.0469032,0.0507972,-0.183179,0.0186618,-0.0420166,-0.554263,-0.0608112,0.0608963,-0.0308339,0.110931,-1.01065,-0.743005,-0.323663,-1.10462,0.157659,-0.120636,-0.347057,-0.100299,-0.0332969,0.314604,-0.476496,0.0691456,-0.310653,0.0102182,0.0267077,0.408457,-0.087267,-0.0529083,-0.0401099,0.016086,-0.00749474,0.268599,0.26922,0.00305251,0.2618,0.0205707,-0.0184275,-0.0135231,0.236354,-0.387097,-0.0369852,0.569486,0.00378444,-0.0412931,0.00826445,0.83,-0.0125404,-0.00586173,-0.999904,0.6,0,0,1.76167,0.554751,3
-3.81372,1.59764,5.83756,0.487218,0.19622,0.0365782,0.0170161,-0.0128335,0.010609,-3.81372,1.59764,5.83756,0.487218,0.19622,0.0365782,0.0170161,-0.0128335,0.010609,-0.329497,-0.267082,0.0857359,0.318449,-0.424114,0.0159969,-0.197783,-0.021021,0.076133,0.418637,-0.087267,-0.0706132,-0.0417381,0.0278881,0.0978708,0.29909,0.314665,0.0246528,0.2618,0.0316355,0.0123528,-0.0610829,0.30639,-0.321133,-0.01141,0.573557,0.0058794,-0.028441,0.0116012,0,0,0,0,0,0,0,0,0,0,0,0,0,0,0,0,0,0,0,0,0,0,0,0,0,0,0,0,0,-0.256915,0.0228,-0.0278423,0.507704,-0.369204,0.0304399,-0.286513,0.0239403,-0.0232459,0.536615,-0.012146,0.0352019,-0.0431822,-0.0618039,0.0372618,0.269342,0.177205,-0.0146681,0.348037,0.022168,-0.0530412,0.00811416,0.255154,-0.243898,-0.00458006,0.601192,0.00220826,-0.0222355,0.0110609,-0.119584,1.50863,-1.95604,-3.68192,-1.71698,0.721306,-0.306175,2.42003,-0.483744,-0.632473,-4.34563,-0.550107,-0.410803,-2.74926,0.980615,0.168152,-0.340726,0.0374654,-1.40777,-0.0322701,0.447543,-0.358972,0.417966,-1.16212,-0.0322199,0.26565,0.0222328,-0.156047,0.0168021,-3.4762,-8.58407,4.92945,4.12621,0.208882,-0.214133,-0.223807,-6.53777,2.25378,-9.11972,19.3515,-0.747815,0.396212,7.04377,-3.07926,-0.194482,1.62237,0.424273,0.11263,0.00838323,0.101429,0.00517679,-0.671153,-1.02654,-0.448006,-0.810117,0.00254073,-0.150043,-0.0668789,0,0,0,0,0,0,0,0,0,0,0,0,0,0,0,0,0,0,0,0,0,0,0,0,0,0,0,0,0,2.55789,2.55789,2.55789,6.3088,6.3088,1.81445,2.55789,2.55789,1.81445,6.3088,6.3088,0.907223,0.907223,1.81445,1.81445,0.907223,0.907223,1.81445,1.81445,0.907223,0.907223,0.907223,0.907223,0.907223,0.907223,1.06814,1.06814,1.06814,1.06814,40.1792,40.1792,40.1792,99.0984,99.0984,28.5012,40.1792,40.1792,28.5012,99.0984,99.0984,14.2506,14.2506,28.5012,28.5012,14.2506,14.2506,28.5012,28.5012,14.2506,14.2506,14.2506,14.2506,14.2506,14.2506,16.7783,16.7783,16.7783,16.7783,0,0,0,0,0,0,0,0,0,0,0,0,0,0,0,0,0,0,0,0,0,0,0,0,0,0,0,0,0,0,0,0,0,0,0,0,0,0,0,0,0,0,0,0,0,0,0,0,0,0,0,0,0,0,0,0,0,0,0,0,0,0,0,0,0,0,0,0,0,0,0,0,0,0,0,0,0,0,0,0,0,0,0,0,0,0,0,0,0,0,0,0,0,0,0,0,0,0,0,0,0,0,0,0,0,0,0,0,0,0,0,0,0,0,0,0,0,0.0170161,-0.0128335,0.010609,0.225936,0.24258,0.223155,0.261448,-0.276196,0.0635877,0.0562108,-0.026016,-0.0951669,-0.0715106,-0.354935,-0.0319555,0.208597,0.072132,0.0789172,-0.48778,-0.0383912,0.0281656,-0.381754,0.156582,0.173591,-0.139275,0.155719,-0.999684,-0.713974,-0.174283,-0.947316,0.0364745,-0.161005,-0.329497,-0.267082,0.0857359,0.318449,-0.424114,0.0159969,-0.197783,-0.021021,0.076133,0.418637,-0.087267,-0.0706132,-0.0417381,0.0278881,0.0978708,0.29909,0.314665,0.0246528,0.2618,0.0316355,0.0123528,-0.0610829,0.30639,-0.321133,-0.01141,0.573557,0.0058794,-0.028441,0.0116012,0.762,-0.0132243,-0.0160406,-0.999784,0.6,0,0,1.76167,0.554751,3
-8.27955,-11.384,28.1365,0.00129709,0.616981,-0.0795973,0.0224836,-0.0058291,0.0105997,-8.27955,-11.384,28.1365,0.00129709,0.616981,-0.0795973,0.0224836,-0.0058291,0.0105997,-0.381799,-0.179727,-0.0601196,0.102578,-0.524822,-0.0221519,-0.189599,0.14235,0.0481332,0.572676,-0.087267,-0.0297134,-0.0513292,-0.105352,0.112581,0.29482,0.358862,0.0406711,0.2618,0.0296586,0.0298057,-0.0144347,0.401006,-0.277304,0.00351905,0.580668,0.00693289,-0.0240571,0.0113017,0,0,0,0,0,0,0,0,0,0,0,0,0,0,0,0,0,0,0,0,0,0,0,0,0,0,0,0,0,-0.269479,0.0398676,-0.0470822,0.465965,-0.3626,0.0360197,-0.29216,0.0572282,-0.0226486,0.524504,-0.0926178,0.0260007,-0.0528278,-0.0958905,0.0501827,0.268214,0.174678,-0.0109889,0.329367,0.0239446,-0.04033,-0.00691087,0.257942,-0.25938,-0.00662347,0.610768,0.00286186,-0.0223314,0.0111481,-1.71905,-0.340677,-0.586983,0.34558,1.93225,0.568585,-0.282849,0.710754,0.8425,-0.5997,-4.6033,-0.530655,-0.680059,-0.292364,0.294831,-0.362356,0.180575,0.34762,-0.457639,0.126525,0.823453,-0.934477,-0.290821,-0.268735,-0.188438,1.18774,0.0291041,0.103009,-0.0211885,1.39757,-12.3713,7.21919,-12.1615,-18.5339,-1.54181,4.63499,-5.73855,1.77387,-6.78067,28.7138,-0.922975,0.682035,4.88657,0.540463,0.693186,1.91524,0.452619,-0.85185,-0.00463529,0.0595201,0.0718803,0.835056,-0.490644,0.0951796,-1.68621,0.0202934,-0.150008,0.021242,0,0,0,0,0,0,0,0,0,0,0,0,0,0,0,0,0,0,0,0,0,0,0,0,0,0,0,0,0,2.55789,2.55789,2.55789,6.3088,6.3088,1.81445,2.55789,2.55789,1.81445,6.3088,6.3088,0.907223,0.907223,1.81445,1.81445,0.907223,0.907223,1.81445,1.81445,0.907223,0.907223,0.907223,0.907223,0.907223,0.907223,1.06814,1.06814,1.06814,1.06814,40.1792,40.1792,40.1792,99.0984,99.0984,28.5012,40.1792,40.1792,28.5012,99.0984,99.0984,14.2506,14.2506,28.5012,28.5012,14.2506,14.2506,28.5012,28.5012,14.2506,14.2506,14.2506,14.2506,14.2506,14.2506,16.7783,16.7783,16.7783,16.7783,0,0,0,0,0,0,0,0,0,0,0,0,0,0,0,0,0,0,0,0,0,0,0,0,0,0,0,0,0,0,0,0,0,0,0,0,0,0,0,0,0,0,0,0,0,0,0,0,0,0,0,0,0,0,0,0,0,0,0,0,0,0,0,0,0,0,0,0,0,0,0,0,0,0,0,0,0,0,0,0,0,0,0,0,0,0,0,0,0,0,0,0,0,0,0,0,0,0,0,0,0,0,0,0,0,0,0,0,0,0,0,0,0,0,0,0,0,0.0224836,-0.0058291,0.0105997,0.2162,0.458313,0.256696,0.36222,-0.176261,-0.240212,0.0927341,0.00802378,-0.117036,-0.102931,-0.259481,-0.127477,0.223544,0.0676246,0.0930579,-0.328241,0.259979,0.0679601,-0.322911,-0.109798,0.109748,-0.0329126,0.151699,-1.6153,-0.274692,-0.461477,-0.859603,-0.0505084,-0.0677496,-0.381799,-0.179727,-0.0601196,0.102578,-0.524822,-0.0221519,-0.189599,0.14235,0.0481332,0.572676,-0.087267,-0.0297134,-0.0513292,-0.105352,0.112581,0.29482,0.358862,0.0406711,0.2618,0.0296586,0.0298057,-0.0144347,0.401006,-0.277304,0.00351905,0.580668,0.00693289,-0.0240571,0.0113017,0.702,-0.00582907,-0.0224813,-0.99973,0.6,0,0,1.74736,1.2881,3
2.15453,-1.26228,21.5221,-0.226254,0.629553,-0.419687,0.0184252,0.00770467,0.00582096,2.15453,-1.26228,21.5221,-0.226254,0.629553,-0.419687,0.0184252,0.00770467,0.00582096,-0.297415,0.283381,-0.604724,-0.115185,-0.738633,0.0193612,-0.327539,0.319829,-0.0305725,0.754147,-0.087267,0.00760843,-0.073133,-0.177528,0.114163,0.134632,0.261629,0.00234296,0.2618,0.0024812,-0.0798092,0.0762503,0.363495,-0.419367,-0.0498214,0.581404,0.00435298,-0.0359277,0.0109718,0,0,0,0,0,0,0,0,0,0,0,0,0,0,0,0,0,0,0,0,0,0,0,0,0,0,0,0,0,-0.295175,0.00811097,-0.0399851,0.488716,-0.346932,0.0373581,-0.302701,0.0488605,0.0176902,0.523364,-0.170773,0.0148245,-0.0831382,-0.0669094,0.0483153,0.261023,0.18463,-0.00361871,0.330772,0.0257553,-0.0170004,-0.0137084,0.250571,-0.251805,-0.00784111,0.636195,0.00364937,-0.0154176,0.0101634,-0.641485,-2.15965,0.86258,0.785287,0.134326,-0.261353,-0.666999,-0.975956,2.42845,0.159022,-3.15397,-0.546628,-2.01288,2.21163,-0.248443,-0.171291,0.612035,0.387485,0.289675,0.071636,1.30844,-0.0955743,-0.238651,0.675143,0.105184,1.02929,0.0402356,0.409259,-0.0377258,-1.52983,-2.36881,-2.80045,-43.9979,-19.146,-1.32202,6.16009,5.98827,-3.39084,3.91159,28.6482,-0.147607,2.16289,-4.84941,2.24476,0.69116,1.95173,0.582022,-2.44551,-0.0100336,-0.480663,0.0904097,2.39428,-0.927221,0.106417,-2.08477,0.012503,-0.576649,0.0655582,0,0,0,0,0,0,0,0,0,0,0,0,0,0,0,0,0,0,0,0,0,0,0,0,0,0,0,0,0,2.55789,2.55789,2.55789,6.3088,6.3088,1.81445,2.55789,2.55789,1.81445,6.3088,6.3088,0.907223,0.907223,1.81445,1.81445,0.907223,0.907223,1.81445,1.81445,0.907223,0.907223,0.907223,0.907223,0.907223,0.907223,1.06814,1.06814,1.06814,1.06814,40.1792,40.1792,40.1792,99.0984,99.0984,28.5012,40.1792,40.1792,28.5012,99.0984,99.0984,14.2506,14.2506,28.5012,28.5012,14.2506,14.2506,28.5012,28.5012,14.2506,14.2506,14.2506,14.2506,14.2506,14.2506,16.7783,16.7783,16.7783,16.7783,0,0,0,0,0,0,0,0,0,0,0,0,0,0,0,0,0,0,0,0,0,0,0,0,0,0,0,0,0,0,0,0,0,0,0,0,0,0,0,0,0,0,0,0,0,0,0,0,0,0,0,0,0,0,0,0,0,0,0,0,0,0,0,0,0,0,0,0,0,0,0,0,0,0,0,0,0,0,0,0,0,0,0,0,0,0,0,0,0,0,0,0,0,0,0,0,0,0,0,0,0,0,0,0,0,0,0,0,0,0,0,0,0,0,0,0,0,0.0184252,0.00770467,0.00582096,-0.149044,0.372786,0.260302,0.140519,-0.500179,-0.404781,0.00534219,-0.113598,-0.16675,-0.508844,-0.249604,0.0266366,-0.0283799,0.00565738,0.0584285,0.517547,0.584113,-0.181973,-0.482245,-1.10443,-0.0697084,0.173858,0.147271,-2.2363,0.242818,-1.07121,-0.608405,0.0441456,0.017348,-0.297415,0.283381,-0.604724,-0.115185,-0.738633,0.0193612,-0.327539,0.319829,-0.0305725,0.754147,-0.087267,0.00760843,-0.073133,-0.177528,0.114163,0.134632,0.261629,0.00234296,0.2618,0.0024812,-0.0798092,0.0762503,0.363495,-0.419367,-0.0498214,0.581404,0.00435298,-0.0359277,0.0109718,1.037,0.0077046,-0.0184236,-0.999801,0.6,0,0,1.69818,0.558769,3
2.39313,0.510572,19.223,0.0553095,0.487562,-0.626546,0.0167662,0.0189541,-0.00451763,2.39313,0.510572,19.223,0.0553095,0.487562,-0.626546,0.0167662,0.0189541,-0.00451763,-0.190534,0.501294,-0.78675,-0.0241115,-0.497234,0.163466,-0.441557,0.340437,-0.035353,0.886545,-0.087267,-0.0464196,-0.122999,-0.108696,0.166736,0.0450912,0.225582,0.0208538,0.2618,0.0175492,-0.110251,0.0242739,0.290536,-0.499374,-0.0633368,0.579978,0.00262637,-0.0332821,0.00854806,0,0,0,0,0,0,0,0,0,0,0,0,0,0,0,0,0,0,0,0,0,0,0,0,0,0,0,0,0,-0.292805,-0.0487676,-0.0435157,0.490514,-0.384873,0.0235785,-0.327567,0.027243,0.061193,0.542004,-0.20442,0.00221863,-0.128652,-0.0228241,0.0426167,0.259394,0.194954,-0.00142497,0.34662,0.0209435,-0.011227,0.00485686,0.250379,-0.23795,-0.00462069,0.651904,0.00374715,-0.0117001,0.0109531,0.765166,-3.17669,-1.01294,-0.833391,-2.33477,-0.700412,-1.57938,-1.00892,1.83002,1.40257,-0.547211,-0.751715,-2.33077,1.99863,-0.317519,0.0718669,0.355621,0.0505317,0.777161,-0.298525,-0.0507707,1.19136,0.171386,0.6376,0.218804,0.544979,-0.00195086,0.0866221,0.0699454,-1.75755,21.1352,-20.4296,-56.1882,-20.9811,1.17665,3.81275,14.3369,-5.98717,12.7805,16.3229,0.709916,2.8501,-8.03738,2.59632,-1.79831,0.606418,0.0193884,-3.87487,0.00488488,-0.947073,-0.0450752,1.4982,-3.16053,-0.824183,-1.80897,0.012145,-0.509964,-0.0690291,0,0,0,0,0,0,0,0,0,0,0,0,0,0,0,0,0,0,0,0,0,0,0,0,0,0,0,0,0,2.55789,2.55789,2.55789,6.3088,6.3088,1.81445,2.55789,2.55789,1.81445,6.3088,6.3088,0.907223,0.907223,1.81445,1.81445,0.907223,0.907223,1.81445,1.81445,0.907223,0.907223,0.907223,0.907223,0.907223,0.907223,1.06814,1.06814,1.06814,1.06814,40.1792,40.1792,40.1792,99.0984,99.0984,28.5012,40.1792,40.1792,28.5012,99.0984,99.0984,14.2506,14.2506,28.5012,28.5012,14.2506,14.2506,28.5012,28.5012,14.2506,14.2506,14.2506,14.2506,14.2506,14.2506,16.7783,16.7783,16.7783,16.7783,0,0,0,0,0,0,0,0,0,0,0,0,0,0,0,0,0,0,0,0,0,0,0,0,0,0,0,0,0,0,0,0,0,0,0,0,0,0,0,0,0,0,0,0,0,0,0,0,0,0,0,0,0,0,0,0,0,0,0,0,0,0,0,0,0,0,0,0,0,0,0,0,0,0,0,0,0,0,0,0,0,0,0,0,0,0,0,0,0,0,0,0,0,0,0,0,0,0,0,0,0,0,0,0,0,0,0,0,0,0,0,0,0,0,0,0,0,0.0167662,0.0189541,-0.00451763,-0.353208,0.206431,0.380175,0.0583294,-0.682602,-0.247839,0.0475487,-0.144414,-0.280449,-0.621124,-0.268749,0.221837,-0.236613,0.0400139,0.0352529,0.915528,0.62175,-0.251382,-0.446735,-1.43687,-0.0806085,0.0553468,0.114738,-1.97658,0.620384,-0.382803,-0.584823,0.372719,-0.105841,-0.190534,0.501294,-0.78675,-0.0241115,-0.497234,0.163466,-0.441557,0.340437,-0.035353,0.886545,-0.087267,-0.0464196,-0.122999,-0.108696,0.166736,0.0450912,0.225582,0.0208538,0.2618,0.0175492,-0.110251,0.0242739,0.290536,-0.499374,-0.0633368,0.579978,0.00262637,-0.0332821,0.00854806,0.709,0.018953,-0.0167624,-0.99968,0.6,0,0,1.69818,0.558769,3
1.03288,0.763743,13.4793,0.322059,0.340384,-0.672471,0.0208407,0.0272245,-0.0176293,1.03288,0.763743,13.4793,0.322059,0.340384,-0.672471,0.0208407,0.0272245,-0.0176293,-0.100844,0.373743,-0.734192,0.0944091,-0.277021,0.284597,-0.57364,0.218133,0.0273681,0.891672,-0.087267,-0.072267,-0.19021,-0.0210926,0.163993,0.0395821,0.318248,0.0686426,0.2618,0.0343325,-0.080341,-0.0562896,0.262117,-0.445492,-0.0559136,0.583851,0.000426178,-0.0249187,0.00919478,0,0,0,0,0,0,0,0,0,0,0,0,0,0,0,0,0,0,0,0,0,0,0,0,0,0,0,0,0,-0.273629,-0.108377,-0.0846175,0.452986,-0.379624,0.0297882,-0.370506,0.0200783,0.0851418,0.589209,-0.197676,-0.0221525,-0.171036,0.00180817,0.0393174,0.261658,0.195884,0.00382634,0.357579,0.0192878,-0.0187398,0.0141827,0.257387,-0.231536,0.00221853,0.656614,0.00344839,-0.0108685,0.0123693,1.11275,-2.75293,-2.82926,-2.03988,0.500728,0.88851,-2.29874,0.16585,0.727093,2.94791,0.825463,-1.33267,-1.90798,0.627626,-0.152816,0.0800448,-0.118761,0.285517,0.369942,-0.0262698,-0.505179,0.201071,0.429662,0.101422,0.362527,0.11124,-0.0199905,-0.00370324,0.0765294,0.716268,31.4765,-21.5697,-34.9289,-14.9039,2.34781,2.89311,12.7203,-4.88054,11.9116,6.46813,0.869597,2.40446,-4.46653,3.897,-3.16196,0.507517,-0.0389676,-3.44739,-0.000679199,-0.866159,-0.0475729,0.106201,-3.93899,-1.25844,-1.41122,0.00665128,-0.379568,-0.142589,0,0,0,0,0,0,0,0,0,0,0,0,0,0,0,0,0,0,0,0,0,0,0,0,0,0,0,0,0,2.55789,2.55789,2.55789,6.3088,6.3088,1.81445,2.55789,2.55789,1.81445,6.3088,6.3088,0.907223,0.907223,1.81445,1.81445,0.907223,0.907223,1.81445,1.81445,0.907223,0.907223,0.907223,0.907223,0.907223,0.907223,1.06814,1.06814,1.06814,1.06814,40.1792,40.1792,40.1792,99.0984,99.0984,28.5012,40.1792,40.1792,28.5012,99.0984,99.0984,14.2506,14.2506,28.5012,28.5012,14.2506,14.2506,28.5012,28.5012,14.2506,14.2506,14.2506,14.2506,14.2506,14.2506,16.7783,16.7783,16.7783,16.7783,0,0,0,0,0,0,0,0,0,0,0,0,0,0,0,0,0,0,0,0,0,0,0,0,0,0,0,0,0,0,0,0,0,0,0,0,0,0,0,0,0,0,0,0,0,0,0,0,0,0,0,0,0,0,0,0,0,0,0,0,0,0,0,0,0,0,0,0,0,0,0,0,0,0,0,0,0,0,0,0,0,0,0,0,0,0,0,0,0,0,0,0,0,0,0,0,0,0,0,0,0,0,0,0,0,0,0,0,0,0,0,0,0,0,0,0,0,0.0208407,0.0272245,-0.0176293,-0.365769,0.141632,0.37392,0.269617,-0.559745,-0.0480932,0.156512,-0.127489,-0.433698,-0.473822,-0.216767,0.38564,-0.47784,0.0782815,0.00572044,0.682578,0.398383,-0.183185,-0.334475,-1.34088,0.0624019,-0.128346,0.123418,-1.63859,0.635007,0.24519,-0.554248,0.648911,-0.164776,-0.100844,0.373743,-0.734192,0.0944091,-0.277021,0.284597,-0.57364,0.218133,0.0273681,0.891672,-0.087267,-0.072267,-0.19021,-0.0210926,0.163993,0.0395821,0.318248,0.0686426,0.2618,0.0343325,-0.080341,-0.0562896,0.262117,-0.445492,-0.0559136,0.583851,0.000426178,-0.0249187,0.00919478,0.756,0.0272212,-0.0208314,-0.999412,0.6,0,0,1.66622,1.24737,3
1.88986,-1.93467,9.22448,0.262239,0.0263413,-0.578041,0.0271064,0.0311838,-0.0312723,1.88986,-1.93467,9.22448,0.262239,0.0263413,-0.578041,0.0271064,0.0311838,-0.0312723,-0.0631497,0.404875,-0.724927,0.11948,-0.246318,0.29539,-0.664166,0.0911605,0.0776348,0.854774,-0.087267,-0.0729774,-0.216645,-0.00922394,0.114537,0.0556966,0.310037,0.0554595,0.2618,0.0251695,-0.0589246,-0.0626999,0.286038,-0.406031,-0.0599757,0.587953,-0.00205042,-0.0176755,0.00421692,0,0,0,0,0,0,0,0,0,0,0,0,0,0,0,0,0,0,0,0,0,0,0,0,0,0,0,0,0,-0.249227,-0.162278,-0.159121,0.400255,-0.325468,0.0747394,-0.418571,0.036099,0.0935749,0.665615,-0.16499,-0.0412461,-0.204464,0.00664773,0.0411912,0.262696,0.19429,0.0149246,0.356637,0.0230683,-0.0243532,-0.00299937,0.270185,-0.231212,0.00746799,0.656493,0.00249641,-0.00990753,0.0138667,1.06905,-2.14385,-3.63222,-2.16145,2.40837,2.44005,-1.93292,1.06834,0.117463,3.44215,1.26987,-0.668068,-1.25622,-0.0153102,0.242086,-0.0490006,0.0628497,0.510908,-0.168672,0.196693,-0.213705,-0.983619,0.652762,-0.0209435,0.144436,0.0139138,-0.0416712,0.0458295,0.0502682,3.32096,27.0397,-14.1397,-16.7865,-10.3258,1.69961,-1.27091,4.80971,-2.17586,0.990499,-0.299891,0.172819,1.34627,-0.824898,3.12396,-3.15526,1.74033,0.614167,-2.42123,-0.0169786,-0.612893,0.124716,-0.682358,-3.03903,-1.04144,-1.21747,0.00991553,-0.299044,-0.133861,0,0,0,0,0,0,0,0,0,0,0,0,0,0,0,0,0,0,0,0,0,0,0,0,0,0,0,0,0,2.55789,2.55789,2.55789,6.3088,6.3088,1.81445,2.55789,2.55789,1.81445,6.3088,6.3088,0.907223,0.907223,1.81445,1.81445,0.907223,0.907223,1.81445,1.81445,0.907223,0.907223,0.907223,0.907223,0.907223,0.907223,1.06814,1.06814,1.06814,1.06814,40.1792,40.1792,40.1792,99.0984,99.0984,28.5012,40.1792,40.1792,28.5012,99.0984,99.0984,14.2506,14.2506,28.5012,28.5012,14.2506,14.2506,28.5012,28.5012,14.2506,14.2506,14.2506,14.2506,14.2506,14.2506,16.7783,16.7783,16.7783,16.7783,0,0,0,0,0,0,0,0,0,0,0,0,0,0,0,0,0,0,0,0,0,0,0,0,0,0,0,0,0,0,0,0,0,0,0,0,0,0,0,0,0,0,0,0,0,0,0,0,0,0,0,0,0,0,0,0,0,0,0,0,0,0,0,0,0,0,0,0,0,0,0,0,0,0,0,0,0,0,0,0,0,0,0,0,0,0,0,0,0,0,0,0,0,0,0,0,0,0,0,0,0,0,0,0,0,0,0,0,0,0,0,0,0,0,0,0,0,0.0271064,0.0311838,-0.0312723,-0.329026,0.196174,0.261155,0.250896,-0.469771,-0.0210315,0.126453,-0.136751,-0.493971,-0.3792,-0.161698,0.454482,-0.643171,0.057389,-0.0275221,0.739434,0.166489,-0.134354,-0.237252,-1.32395,0.177015,-0.142962,0.0566022,-1.5671,0.529781,0.332747,-0.561739,0.673519,-0.166396,-0.0631497,0.404875,-0.724927,0.11948,-0.246318,0.29539,-0.664166,0.0911605,0.0776348,0.854774,-0.087267,-0.0729774,-0.216645,-0.00922394,0.114537,0.0556966,0.310037,0.0554595,0.2618,0.0251695,-0.0589246,-0.0626999,0.286038,-0.406031,-0.0599757,0.587953,-0.00205042,-0.0176755,0.00421692,0.915,0.0310951,-0.0266019,-0.999162,0.6,0,0,1.66622,1.24737,3
0.98429,-2.28347,8.64463,0.144128,-0.116439,-0.473607,0.0304225,0.0302673,-0.0405011,0.98429,-2.28347,8.64463,0.144128,-0.116439,-0.473607,0.0304225,0.0302673,-0.0405011,-0.120422,0.353207,-0.729066,0.103376,-0.268814,0.266882,-0.701974,0.0424707,0.103535,0.844898,-0.087267,-0.0653174,-0.228676,-0.0745333,0.0590191,0.0775322,0.308081,0.0527825,0.2618,0.0138969,-0.0370139,-0.0531934,0.327493,-0.365255,-0.0508019,0.592681,-0.00181027,-0.00929095,0.00213913,0,0,0,0,0,0,0,0,0,0,0,0,0,0,0,0,0,0,0,0,0,0,0,0,0,0,0,0,0,-0.23077,-0.19371,-0.220789,0.363688,-0.283457,0.117841,-0.448803,0.0564205,0.0902781,0.717492,-0.145056,-0.0507587,-0.224915,0.00528945,0.0480319,0.259736,0.198808,0.021497,0.351651,0.0242611,-0.025047,-0.0190469,0.28348,-0.2307,0.00692419,0.656351,0.00131622,-0.008137,0.0135592,0.982785,-1.45657,-3.20015,-1.89811,2.11515,2.24721,-1.50601,1.12534,-0.368395,2.45043,0.968465,-0.432933,-1.05286,-0.0689039,0.459339,-0.258784,0.377659,0.303247,-0.320074,0.0274215,0.0115752,-0.808313,0.772242,0.0614027,-0.12243,0.00351921,-0.0627121,0.110088,-0.0497287,4.27946,27.8281,-12.181,-12.4034,-9.6357,1.00342,-4.81892,-1.40008,0.227894,-1.97218,-0.396352,0.0825004,1.06267,-0.278263,1.11411,-2.70057,1.27749,0.426725,-2.00463,-0.0122759,-0.496058,0.110433,-0.641725,-2.54881,-0.85484,-1.14238,0.0112343,-0.274776,-0.108485,0,0,0,0,0,0,0,0,0,0,0,0,0,0,0,0,0,0,0,0,0,0,0,0,0,0,0,0,0,2.55789,2.55789,2.55789,6.3088,6.3088,1.81445,2.55789,2.55789,1.81445,6.3088,6.3088,0.907223,0.907223,1.81445,1.81445,0.907223,0.907223,1.81445,1.81445,0.907223,0.907223,0.907223,0.907223,0.907223,0.907223,1.06814,1.06814,1.06814,1.06814,40.1792,40.1792,40.1792,99.0984,99.0984,28.5012,40.1792,40.1792,28.5012,99.0984,99.0984,14.2506,14.2506,28.5012,28.5012,14.2506,14.2506,28.5012,28.5012,14.2506,14.2506,14.2506,14.2506,14.2506,14.2506,16.7783,16.7783,16.7783,16.7783,0,0,0,0,0,0,0,0,0,0,0,0,0,0,0,0,0,0,0,0,0,0,0,0,0,0,0,0,0,0,0,0,0,0,0,0,0,0,0,0,0,0,0,0,0,0,0,0,0,0,0,0,0,0,0,0,0,0,0,0,0,0,0,0,0,0,0,0,0,0,0,0,0,0,0,0,0,0,0,0,0,0,0,0,0,0,0,0,0,0,0,0,0,0,0,0,0,0,0,0,0,0,0,0,0,0,0,0,0,0,0,0,0,0,0,0,0,0.0304225,0.0302673,-0.0405011,-0.279239,0.290697,0.134569,0.246436,-0.376798,-0.169943,0.120349,-0.115833,-0.521404,-0.307178,-0.0982446,0.349884,-0.712222,0.0316863,-0.0242987,0.645073,0.0775655,-0.0843953,-0.124709,-1.33152,0.236071,-0.121286,0.0287128,-1.61302,0.501618,0.268596,-0.577267,0.608518,-0.14893,-0.120422,0.353207,-0.729066,0.103376,-0.268814,0.266882,-0.701974,0.0424707,0.103535,0.844898,-0.087267,-0.0653174,-0.228676,-0.0745333,0.0590191,0.0775322,0.308081,0.0527825,0.2618,0.0138969,-0.0370139,-0.0531934,0.327493,-0.365255,-0.0508019,0.592681,-0.00181027,-0.00929095,0.00213913,0.682,0.0302627,-0.0304038,-0.999079,0.6,0,0,1.65728,1.2368,3
0.0174636,-1.9538,8.52016,0.0660059,-0.106545,-0.447475,0.0320424,0.0279592,-0.0495603,0.0174636,-1.9538,8.52016,0.0660059,-0.106545,-0.447475,0.0320424,0.0279592,-0.0495603,-0.162773,0.270853,-0.690064,0.104032,-0.255235,0.219612,-0.648705,0.0465378,0.109302,0.806602,-0.087267,-0.0602748,-0.24675,-0.0643629,0.073179,0.108845,0.273807,0.038469,0.2618,0.0132006,-0.031019,-0.047542,0.341517,-0.337991,-0.0418842,0.594659,-0.00177928,-0.00590585,0.00407896,0,0,0,0,0,0,0,0,0,0,0,0,0,0,0,0,0,0,0,0,0,0,0,0,0,0,0,0,0,-0.213969,-0.219123,-0.280526,0.329274,-0.251999,0.151327,-0.477747,0.0757959,0.0810481,0.756934,-0.128713,-0.0559651,-0.244016,0.00676771,0.0593628,0.252665,0.209041,0.0266075,0.344157,0.0221593,-0.0216209,-0.0305477,0.300087,-0.228391,0.00322137,0.655083,0.000334957,-0.0049445,0.0117371,0.76337,-1.12499,-2.75897,-1.65165,1.3181,1.34805,-1.38249,0.835294,-0.497789,1.62196,0.700685,-0.163093,-0.862197,0.18011,0.586161,-0.434798,0.591602,0.257141,-0.374355,-0.127708,0.199472,-0.443551,0.836317,0.139237,-0.19984,-0.0885484,-0.0395084,0.15335,-0.0999927,1.83668,25.867,-11.0335,-12.2108,-9.99901,0.836784,-5.53373,-3.47976,1.51108,-1.63401,-0.324037,0.0220782,0.998486,-2.5965,-1.05186,-2.1301,0.904593,0.301345,-1.68028,-0.00247159,-0.401429,0.0860842,-0.35103,-2.07159,-0.591583,-0.954294,0.00667502,-0.23771,-0.0558596,0,0,0,0,0,0,0,0,0,0,0,0,0,0,0,0,0,0,0,0,0,0,0,0,0,0,0,0,0,2.55789,2.55789,2.55789,6.3088,6.3088,1.81445,2.55789,2.55789,1.81445,6.3088,6.3088,0.907223,0.907223,1.81445,1.81445,0.907223,0.907223,1.81445,1.81445,0.907223,0.907223,0.907223,0.907223,0.907223,0.907223,1.06814,1.06814,1.06814,1.06814,40.1792,40.1792,40.1792,99.0984,99.0984,28.5012,40.1792,40.1792,28.5012,99.0984,99.0984,14.2506,14.2506,28.5012,28.5012,14.2506,14.2506,28.5012,28.5012,14.2506,14.2506,14.2506,14.2506,14.2506,14.2506,16.7783,16.7783,16.7783,16.7783,0,0,0,0,0,0,0,0,0,0,0,0,0,0,0,0,0,0,0,0,0,0,0,0,0,0,0,0,0,0,0,0,0,0,0,0,0,0,0,0,0,0,0,0,0,0,0,0,0,0,0,0,0,0,0,0,0,0,0,0,0,0,0,0,0,0,0,0,0,0,0,0,0,0,0,0,0,0,0,0,0,0,0,0,0,0,0,0,0,0,0,0,0,0,0,0,0,0,0,0,0,0,0,0,0,0,0,0,0,0,0,0,0,0,0,0,0,0.0320424,0.0279592,-0.0495603,-0.207843,0.322673,0.166855,0.168287,-0.314634,-0.146754,0.0877131,-0.0955001,-0.562614,-0.29289,-0.071687,0.272537,-0.614934,0.0300987,-0.0238826,0.494666,0.0849933,-0.0707265,-0.0792722,-1.26028,0.249219,-0.108401,0.0547505,-1.61115,0.392406,0.30732,-0.507862,0.500736,-0.137432,-0.162773,0.270853,-0.690064,0.104032,-0.255235,0.219612,-0.648705,0.0465378,0.109302,0.806602,-0.087267,-0.0602748,-0.24675,-0.0643629,0.073179,0.108845,0.273807,0.038469,0.2618,0.0132006,-0.031019,-0.047542,0.341517,-0.337991,-0.0418842,0.594659,-0.00177928,-0.00590585,0.00407896,1.086,0.0279555,-0.0320244,-0.999096,0.6,0,0,1.66447,1.23543,3
-0.199568,-1.67285,8.03548,0.0220748,-0.0542779,-0.479646,0.0325899,0.0265418,-0.0588199,-0.199568,-1.67285,8.03548,0.0220748,-0.0542779,-0.479646,0.0325899,0.0265418,-0.0588199,-0.204582,0.185921,-0.637152,0.144429,-0.244956,0.174556,-0.554516,0.121266,0.10092,0.713815,-0.087267,-0.0674616,-0.267965,-0.014612,0.097416,0.13291,0.203048,0.00944373,0.2618,0.0161073,-0.0144431,-0.0583978,0.31775,-0.356987,-0.0590197,0.592976,-0.00200967,-0.00756409,0.00636925,0,0,0,0,0,0,0,0,0,0,0,0,0,0,0,0,0,0,0,0,0,0,0,0,0,0,0,0,0,-0.201172,-0.238074,-0.329137,0.297825,-0.227828,0.167368,-0.501608,0.0895007,0.0722084,0.776393,-0.116868,-0.0573297,-0.258142,0.0127127,0.0714042,0.243209,0.221987,0.0304994,0.336327,0.0198218,-0.0175531,-0.0359244,0.316523,-0.225259,-0.000234451,0.653317,-0.000307615,-0.00182779,0.0102236,0.543389,-0.834193,-2.1124,-1.48761,1.0546,0.531597,-1.05868,0.553654,-0.364256,0.575808,0.498093,-0.0210786,-0.579238,0.405606,0.577897,-0.502698,0.667758,0.176273,-0.391263,-0.10254,0.169698,-0.190948,0.787498,0.166031,-0.141359,-0.0810706,-0.0271173,0.144287,-0.0611318,0.150664,22.5641,-9.08494,-9.99642,-9.37828,0.493065,-3.2234,-3.17517,1.73171,-0.895027,-0.225985,-0.018808,0.697387,-2.867,-0.988516,-1.48027,0.152954,-0.0821879,-1.43034,-0.00121272,-0.351395,0.0110402,-0.346636,-1.75208,-0.462515,-0.898127,0.00437848,-0.222275,-0.0371538,0,0,0,0,0,0,0,0,0,0,0,0,0,0,0,0,0,0,0,0,0,0,0,0,0,0,0,0,0,2.55789,2.55789,2.55789,6.3088,6.3088,1.81445,2.55789,2.55789,1.81445,6.3088,6.3088,0.907223,0.907223,1.81445,1.81445,0.907223,0.907223,1.81445,1.81445,0.907223,0.907223,0.907223,0.907223,0.907223,0.907223,1.06814,1.06814,1.06814,1.06814,40.1792,40.1792,40.1792,99.0984,99.0984,28.5012,40.1792,40.1792,28.5012,99.0984,99.0984,14.2506,14.2506,28.5012,28.5012,14.2506,14.2506,28.5012,28.5012,14.2506,14.2506,14.2506,14.2506,14.2506,14.2506,16.7783,16.7783,16.7783,16.7783,0,0,0,0,0,0,0,0,0,0,0,0,0,0,0,0,0,0,0,0,0,0,0,0,0,0,0,0,0,0,0,0,0,0,0,0,0,0,0,0,0,0,0,0,0,0,0,0,0,0,0,0,0,0,0,0,0,0,0,0,0,0,0,0,0,0,0,0,0,0,0,0,0,0,0,0,0,0,0,0,0,0,0,0,0,0,0,0,0,0,0,0,0,0,0,0,0,0,0,0,0,0,0,0,0,0,0,0,0,0,0,0,0,0,0,0,0,0.0325899,0.0265418,-0.0588199,-0.152971,0.268481,0.222118,0.00694881,-0.357946,-0.0333169,0.0215327,-0.134571,-0.610986,-0.262927,-0.0942772,0.196181,-0.442913,0.0367263,-0.0269752,0.339553,0.221472,-0.0329316,-0.10153,-1.16365,0.230108,-0.133153,0.0854923,-1.49595,0.127801,0.336632,-0.420494,0.398005,-0.153819,-0.204582,0.185921,-0.637152,0.144429,-0.244956,0.174556,-0.554516,0.121266,0.10092,0.713815,-0.087267,-0.0674616,-0.267965,-0.014612,0.097416,0.13291,0.203048,0.00944373,0.2618,0.0161073,-0.0144431,-0.0583978,0.31775,-0.356987,-0.0590197,0.592976,-0.00200967,-0.00756409,0.00636925,0.817,0.0265386,-0.0325726,-0.999117,0.6,0,0,1.66447,1.23543,3
-0.321108,-1.23671,7.36607,0.00778285,0.00130129,-0.491056,0.0327106,0.0263503,-0.068439,-0.321108,-1.23671,7.36607,0.00778285,0.00130129,-0.491056,0.0327106,0.0263503,-0.068439,-0.256576,0.143418,-0.638184,0.171644,-0.281781,0.159536,-0.454581,0.158501,0.1035,0.588068,-0.087267,-0.07079,-0.288411,-0.00696626,0.101834,0.134449,0.18288,-0.00889093,0.2618,0.0185408,0.00662309,-0.0491615,0.297983,-0.370035,-0.0677967,0.592922,-0.00363907,-0.00966308,0.00755982,0,0,0,0,0,0,0,0,0,0,0,0,0,0,0,0,0,0,0,0,0,0,0,0,0,0,0,0,0,-0.194159,-0.250959,-0.363685,0.275414,-0.210396,0.169075,-0.514089,0.100611,0.0687192,0.767968,-0.108199,-0.0588575,-0.265834,0.0204854,0.0818329,0.232426,0.233984,0.031491,0.328211,0.0187321,-0.0120004,-0.0401278,0.330779,-0.222403,-0.00404037,0.652905,-0.00082214,0.000484918,0.0100799,0.206615,-0.542396,-1.37235,-0.888829,0.785519,-0.126569,-0.377407,0.542664,0.0188337,-0.929877,0.347539,-0.103153,-0.263207,0.432056,0.469026,-0.555802,0.524923,-0.0143384,-0.411678,-0.0349158,0.283571,-0.218223,0.641277,0.11618,-0.200525,0.00787051,-0.0219986,0.106423,0.00497387,-0.996403,18.9196,-7.38958,-7.3181,-8.32189,0.337729,-0.609174,-0.545758,0.960588,0.0274279,-0.146779,-0.0333583,0.220499,-1.72158,-0.406837,-0.932255,-0.918299,-0.613581,-1.16573,-0.00508542,-0.294702,-0.0664986,-0.765239,-2.02576,-0.604691,-1.01094,0.00370818,-0.246675,-0.0678847,0,0,0,0,0,0,0,0,0,0,0,0,0,0,0,0,0,0,0,0,0,0,0,0,0,0,0,0,0,2.55789,2.55789,2.55789,6.3088,6.3088,1.81445,2.55789,2.55789,1.81445,6.3088,6.3088,0.907223,0.907223,1.81445,1.81445,0.907223,0.907223,1.81445,1.81445,0.907223,0.907223,0.907223,0.907223,0.907223,0.907223,1.06814,1.06814,1.06814,1.06814,40.1792,40.1792,40.1792,99.0984,99.0984,28.5012,40.1792,40.1792,28.5012,99.0984,99.0984,14.2506,14.2506,28.5012,28.5012,14.2506,14.2506,28.5012,28.5012,14.2506,14.2506,14.2506,14.2506,14.2506,14.2506,16.7783,16.7783,16.7783,16.7783,0,0,0,0,0,0,0,0,0,0,0,0,0,0,0,0,0,0,0,0,0,0,0,0,0,0,0,0,0,0,0,0,0,0,0,0,0,0,0,0,0,0,0,0,0,0,0,0,0,0,0,0,0,0,0,0,0,0,0,0,0,0,0,0,0,0,0,0,0,0,0,0,0,0,0,0,0,0,0,0,0,0,0,0,0,0,0,0,0,0,0,0,0,0,0,0,0,0,0,0,0,0,0,0,0,0,0,0,0,0,0,0,0,0,0,0,0,0.0327106,0.0263503,-0.068439,-0.149463,0.223412,0.232192,-0.0390353,-0.387698,-0.0158838,-0.0202722,-0.154583,-0.657605,-0.270654,-0.0950016,0.101223,-0.260401,0.0422748,-0.048846,0.261928,0.289474,0.0151013,-0.129704,-1.16553,0.23599,-0.112093,0.101473,-1.41834,-0.230798,0.231616,-0.315986,0.363759,-0.161408,-0.256576,0.143418,-0.638184,0.171644,-0.281781,0.159536,-0.454581,0.158501,0.1035,0.588068,-0.087267,-0.07079,-0.288411,-0.00696626,0.101834,0.134449,0.18288,-0.00889093,0.2618,0.0185408,0.00662309,-0.0491615,0.297983,-0.370035,-0.0677967,0.592922,-0.00363907,-0.00966308,0.00755982,0.96,0.0263472,-0.0326934,-0.999118,0.6,0,0,1.66916,1.23656,3
0.196899,-1.24813,7.28909,0.0105445,0.0255531,-0.481611,0.0327661,0.0270503,-0.0780058,0.196899,-1.24813,7.28909,0.0105445,0.0255531,-0.481611,0.0327661,0.0270503,-0.0780058,-0.341006,0.156159,-0.66347,0.206187,-0.357071,0.160596,-0.275277,0.182771,0.1222,0.472565,-0.087267,-0.0707594,-0.291253,-0.0023907,0.10849,0.140093,0.209611,-0.00131428,0.2618,0.0254339,0.0527296,-0.0250702,0.294114,-0.355774,-0.0525132,0.591557,-0.00476137,-0.0122189,0.00752368,0,0,0,0,0,0,0,0,0,0,0,0,0,0,0,0,0,0,0,0,0,0,0,0,0,0,0,0,0,-0.192492,-0.261641,-0.387013,0.267729,-0.205597,0.163567,-0.510066,0.11069,0.0732098,0.727077,-0.101959,-0.0614599,-0.267105,0.0286371,0.0890011,0.220276,0.24187,0.0280166,0.321181,0.0187042,-0.0033078,-0.041607,0.341584,-0.221105,-0.00874297,0.654739,-0.0015696,0.00212727,0.0104957,-0.00693282,-0.544895,-0.950987,-0.185584,0.164121,-0.339271,0.477698,0.465906,0.424448,-2.52542,0.235069,-0.139056,0.0412468,0.459991,0.312026,-0.612133,0.282029,-0.232217,-0.337522,0.00980664,0.465884,-0.0392735,0.472123,0.020979,-0.231635,0.107858,-0.0363836,0.081253,0.0216686,-2.60918,17.5974,-7.58988,-8.25092,-8.52789,0.477528,1.10202,0.725794,0.198167,1.56409,-0.0616004,-0.0105763,-0.327693,-1.77301,-0.194981,-0.682479,-1.11022,-0.64674,-1.09641,-0.0107176,-0.278543,-0.0739897,-1.04976,-2.14846,-0.633882,-1.15167,0.00411651,-0.282118,-0.072653,0,0,0,0,0,0,0,0,0,0,0,0,0,0,0,0,0,0,0,0,0,0,0,0,0,0,0,0,0,2.55789,2.55789,2.55789,6.3088,6.3088,1.81445,2.55789,2.55789,1.81445,6.3088,6.3088,0.907223,0.907223,1.81445,1.81445,0.907223,0.907223,1.81445,1.81445,0.907223,0.907223,0.907223,0.907223,0.907223,0.907223,1.06814,1.06814,1.06814,1.06814,40.1792,40.1792,40.1792,99.0984,99.0984,28.5012,40.1792,40.1792,28.5012,99.0984,99.0984,14.2506,14.2506,28.5012,28.5012,14.2506,14.2506,28.5012,28.5012,14.2506,14.2506,14.2506,14.2506,14.2506,14.2506,16.7783,16.7783,16.7783,16.7783,0,0,0,0,0,0,0,0,0,0,0,0,0,0,0,0,0,0,0,0,0,0,0,0,0,0,0,0,0,0,0,0,0,0,0,0,0,0,0,0,0,0,0,0,0,0,0,0,0,0,0,0,0,0,0,0,0,0,0,0,0,0,0,0,0,0,0,0,0,0,0,0,0,0,0,0,0,0,0,0,0,0,0,0,0,0,0,0,0,0,0,0,0,0,0,0,0,0,0,0,0,0,0,0,0,0,0,0,0,0,0,0,0,0,0,0,0,0.0327661,0.0270503,-0.0780058,-0.136593,0.214589,0.247367,0.021913,-0.35518,-0.00545104,-0.00299668,-0.119735,-0.664087,-0.267863,-0.113327,-0.052974,0.0670689,0.0579919,-0.0639103,0.285198,0.333799,0.120229,-0.164011,-1.21172,0.278627,-0.0571625,0.100988,-1.31983,-0.560185,0.016908,-0.209208,0.366174,-0.161338,-0.341006,0.156159,-0.66347,0.206187,-0.357071,0.160596,-0.275277,0.182771,0.1222,0.472565,-0.087267,-0.0707594,-0.291253,-0.0023907,0.10849,0.140093,0.209611,-0.00131428,0.2618,0.0254339,0.0527296,-0.0250702,0.294114,-0.355774,-0.0525132,0.591557,-0.00476137,-0.0122189,0.00752368,0.868,0.027047,-0.0327483,-0.999098,0.6,0,0,1.66916,1.23656,3
1.11494,-1.62775,7.40027,-0.00568202,0.0120291,-0.502075,0.032626,0.0281145,-0.0878471,1.11494,-1.62775,7.40027,-0.00568202,0.0120291,-0.502075,0.032626,0.0281145,-0.0878471,-0.386617,0.155597,-0.685217,0.29159,-0.41964,0.13727,-0.0817669,0.211875,0.123116,0.402293,-0.087267,-0.0735933,-0.288521,-0.00883061,0.118558,0.188722,0.248122,0.0220206,0.2618,0.0324809,0.0967707,-0.0105462,0.31344,-0.353212,-0.032824,0.58933,-0.0057279,-0.0158037,0.0066145,0,0,0,0,0,0,0,0,0,0,0,0,0,0,0,0,0,0,0,0,0,0,0,0,0,0,0,0,0,-0.193204,-0.274262,-0.403113,0.275952,-0.219778,0.157255,-0.486845,0.11878,0.0868727,0.658372,-0.097823,-0.0639867,-0.261104,0.0376454,0.0915406,0.207505,0.244449,0.0233596,0.315005,0.0204141,0.0132879,-0.037844,0.348632,-0.221693,-0.0116699,0.657957,-0.00243239,0.00335288,0.0104786,-0.0667745,-0.659636,-0.644804,0.56941,-0.742962,-0.328664,1.47395,0.371728,0.895165,-3.71827,0.144368,-0.120203,0.443366,0.49556,0.092567,-0.615509,0.0385298,-0.219715,-0.278911,0.0969832,0.924748,0.250285,0.309851,-0.057347,-0.0837722,0.134119,-0.0413682,0.0578771,-0.000267788,-5.81187,18.9034,-8.74298,-10.356,-8.87624,0.674965,4.89464,1.61407,-0.491102,4.51585,0.104091,0.00957713,-0.803266,-1.96275,0.335126,-0.409859,-0.543197,-0.308959,-1.01163,-0.0161131,-0.263829,-0.0413427,-1.05353,-1.86238,-0.499765,-1.26466,0.00480798,-0.323271,-0.0476144,0,0,0,0,0,0,0,0,0,0,0,0,0,0,0,0,0,0,0,0,0,0,0,0,0,0,0,0,0,2.55789,2.55789,2.55789,6.3088,6.3088,1.81445,2.55789,2.55789,1.81445,6.3088,6.3088,0.907223,0.907223,1.81445,1.81445,0.907223,0.907223,1.81445,1.81445,0.907223,0.907223,0.907223,0.907223,0.907223,0.907223,1.06814,1.06814,1.06814,1.06814,40.1792,40.1792,40.1792,99.0984,99.0984,28.5012,40.1792,40.1792,28.5012,99.0984,99.0984,14.2506,14.2506,28.5012,28.5012,14.2506,14.2506,28.5012,28.5012,14.2506,14.2506,14.2506,14.2506,14.2506,14.2506,16.7783,16.7783,16.7783,16.7783,0,0,0,0,0,0,0,0,0,0,0,0,0,0,0,0,0,0,0,0,0,0,0,0,0,0,0,0,0,0,0,0,0,0,0,0,0,0,0,0,0,0,0,0,0,0,0,0,0,0,0,0,0,0,0,0,0,0,0,0,0,0,0,0,0,0,0,0,0,0,0,0,0,0,0,0,0,0,0,0,0,0,0,0,0,0,0,0,0,0,0,0,0,0,0,0,0,0,0,0,0,0,0,0,0,0,0,0,0,0,0,0,0,0,0,0,0,0.032626,0.0281145,-0.0878471,-0.0257145,0.258654,0.270323,0.109722,-0.349339,-0.0201347,0.0502092,-0.0748419,-0.657857,-0.221999,-0.143222,-0.136275,0.420482,0.0740596,-0.0768837,0.284172,0.386954,0.220647,-0.212128,-1.25143,0.280717,-0.0240464,0.0887843,-1.07628,-0.760582,-0.161524,-0.0815635,0.312989,-0.1678,-0.386617,0.155597,-0.685217,0.29159,-0.41964,0.13727,-0.0817669,0.211875,0.123116,0.402293,-0.087267,-0.0735933,-0.288521,-0.00883061,0.118558,0.188722,0.248122,0.0220206,0.2618,0.0324809,0.0967707,-0.0105462,0.31344,-0.353212,-0.032824,0.58933,-0.0057279,-0.0158037,0.0066145,0.698,0.0281108,-0.0326074,-0.999073,0.6,0,0,1.66689,1.23528,3
1.55865,1.26077,11.7281,0.212107,-0.0461819,-0.578489,0.0348665,0.0283742,-0.0987833,1.55865,1.26077,11.7281,0.212107,-0.0461819,-0.578489,0.0348665,0.0283742,-0.0987833,-0.511786,-0.00108211,-0.600652,0.446029,-0.443918,0.0285453,0.129919,0.200126,0.148664,0.321207,-0.087267,-0.0989585,-0.299654,0.0317298,0.129949,0.27993,0.321761,0.0522342,0.2618,0.034833,0.130823,-0.0142822,0.299608,-0.335164,-0.0137577,0.586421,-0.00712934,-0.0228178,0.00720329,0,0,0,0,0,0,0,0,0,0,0,0,0,0,0,0,0,0,0,0,0,0,0,0,0,0,0,0,0,-0.196703,-0.279446,-0.413202,0.30367,-0.246595,0.149276,-0.444294,0.127639,0.102123,0.592248,-0.126974,-0.0838376,-0.245931,0.0345166,0.0918694,0.196322,0.237922,0.0216478,0.312786,0.0236532,0.0378698,-0.0312194,0.352575,-0.226818,-0.0109765,0.661626,-0.00333402,0.00381479,0.00996409,-0.286008,0.187725,-0.320837,1.70523,-1.25463,-0.480509,2.44354,0.649296,0.745202,-3.40888,-1.64231,-0.96794,0.900796,-0.651458,0.0934496,-0.451345,-0.545798,-0.0465731,-0.0225651,0.161095,1.30947,0.350675,0.144233,-0.370712,0.0836752,0.198124,-0.0444481,0.0182717,-0.0204142,-6.96693,17.1869,-10.1049,-11.4875,-9.28558,0.449235,8.55163,1.88015,-0.712605,1.83676,14.2862,1.0403,-1.40133,-0.20739,0.652259,0.318417,0.599613,0.0904115,-1.4031,-0.020663,-0.325129,-0.0186806,-0.691153,-1.48517,-0.38251,-1.41877,0.00667289,-0.346578,-0.0320109,0,0,0,0,0,0,0,0,0,0,0,0,0,0,0,0,0,0,0,0,0,0,0,0,0,0,0,0,0,2.55789,2.55789,2.55789,6.3088,6.3088,1.81445,2.55789,2.55789,1.81445,6.3088,6.3088,0.907223,0.907223,1.81445,1.81445,0.907223,0.907223,1.81445,1.81445,0.907223,0.907223,0.907223,0.907223,0.907223,0.907223,1.06814,1.06814,1.06814,1.06814,40.1792,40.1792,40.1792,99.0984,99.0984,28.5012,40.1792,40.1792,28.5012,99.0984,99.0984,14.2506,14.2506,28.5012,28.5012,14.2506,14.2506,28.5012,28.5012,14.2506,14.2506,14.2506,14.2506,14.2506,14.2506,16.7783,16.7783,16.7783,16.7783,0,0,0,0,0,0,0,0,0,0,0,0,0,0,0,0,0,0,0,0,0,0,0,0,0,0,0,0,0,0,0,0,0,0,0,0,0,0,0,0,0,0,0,0,0,0,0,0,0,0,0,0,0,0,0,0,0,0,0,0,0,0,0,0,0,0,0,0,0,0,0,0,0,0,0,0,0,0,0,0,0,0,0,0,0,0,0,0,0,0,0,0,0,0,0,0,0,0,0,0,0,0,0,0,0,0,0,0,0,0,0,0,0,0,0,0,0,0.0348665,0.0283742,-0.0987833,0.182249,0.227115,0.296297,0.277627,-0.308187,0.072347,0.119099,-0.031369,-0.683241,-0.14546,-0.182267,-0.364875,0.80709,0.0794228,-0.0956947,-0.00197628,0.365496,0.298288,-0.306275,-1.09699,0.338969,-0.0325648,0.0966873,-0.635857,-0.991819,-0.230759,-0.0338819,0.0650861,-0.225635,-0.511786,-0.00108211,-0.600652,0.446029,-0.443918,0.0285453,0.129919,0.200126,0.148664,0.321207,-0.087267,-0.0989585,-0.299654,0.0317298,0.129949,0.27993,0.321761,0.0522342,0.2618,0.034833,0.130823,-0.0142822,0.299608,-0.335164,-0.0137577,0.586421,-0.00712934,-0.0228178,0.00720329,1.338,0.0283704,-0.0348454,-0.99899,0.6,0,0,1.66689,1.23528,3
0.189322,-0.646674,7.19607,0.22474,-0.0135954,-0.710391,0.0392549,0.0284414,-0.11202,0.189322,-0.646674,7.19607,0.22474,-0.0135954,-0.710391,0.0392549,0.0284414,-0.11202,-0.856144,-0.235557,-0.443658,0.707766,-0.658078,-0.10705,0.460874,-0.0205043,0.296716,0.190847,-0.087267,-0.160684,-0.327969,0.106275,0.158838,0.477719,0.424482,0.0792303,0.2618,0.0389238,0.154406,0.00171853,0.273304,-0.243617,0.0357278,0.587759,-0.00557593,-0.026968,0.00990366,0,0,0,0,0,0,0,0,0,0,0,0,0,0,0,0,0,0,0,0,0,0,0,0,0,0,0,0,0,-0.209369,-0.271609,-0.420673,0.357617,-0.283964,0.122823,-0.386959,0.144297,0.115681,0.511465,-0.155171,-0.102256,-0.223225,0.0138225,0.0931577,0.192533,0.22568,0.0229621,0.307595,0.0266601,0.0661774,-0.0269383,0.353233,-0.236,-0.00715604,0.663853,-0.00439081,0.00293602,0.0096085,-0.784222,0.540408,-0.292269,2.99822,-1.67605,-1.59892,3.0007,0.972654,0.697776,-4.30981,-1.17033,-0.858676,1.13301,-1.18176,0.059565,0.00729653,-0.553603,0.0808745,-0.382971,0.128956,1.30276,0.158588,-0.0208751,-0.477978,0.231518,-0.00519748,-0.0511464,-0.0787812,-0.00606918,-10.2477,9.59434,-6.38548,-9.57178,-5.15867,0.151081,13.2861,-0.112801,-0.248573,7.48854,14.2552,0.831992,-2.11548,2.59716,0.951482,1.27257,1.88101,0.684192,-0.654919,-0.00170586,-0.267966,0.0347492,-0.753941,-0.985691,-0.297551,-1.31855,0.0083374,-0.356605,-0.0315558,0,0,0,0,0,0,0,0,0,0,0,0,0,0,0,0,0,0,0,0,0,0,0,0,0,0,0,0,0,2.55789,2.55789,2.55789,6.3088,6.3088,1.81445,2.55789,2.55789,1.81445,6.3088,6.3088,0.907223,0.907223,1.81445,1.81445,0.907223,0.907223,1.81445,1.81445,0.907223,0.907223,0.907223,0.907223,0.907223,0.907223,1.06814,1.06814,1.06814,1.06814,40.1792,40.1792,40.1792,99.0984,99.0984,28.5012,40.1792,40.1792,28.5012,99.0984,99.0984,14.2506,14.2506,28.5012,28.5012,14.2506,14.2506,28.5012,28.5012,14.2506,14.2506,14.2506,14.2506,14.2506,14.2506,16.7783,16.7783,16.7783,16.7783,0,0,0,0,0,0,0,0,0,0,0,0,0,0,0,0,0,0,0,0,0,0,0,0,0,0,0,0,0,0,0,0,0,0,0,0,0,0,0,0,0,0,0,0,0,0,0,0,0,0,0,0,0,0,0,0,0,0,0,0,0,0,0,0,0,0,0,0,0,0,0,0,0,0,0,0,0,0,0,0,0,0,0,0,0,0,0,0,0,0,0,0,0,0,0,0,0,0,0,0,0,0,0,0,0,0,0,0,0,0,0,0,0,0,0,0,0,0.0392549,0.0284414,-0.11202,0.633227,0.16714,0.362166,0.511841,-0.099452,0.242319,0.180653,0.0814629,-0.747801,-0.0293274,-0.164308,-0.993785,1.41152,0.0887501,-0.0748438,-0.430205,-0.0374475,0.352061,-0.361982,-0.810265,0.676543,0.00391842,0.132933,0.110552,-1.36357,-0.841489,-0.22999,-0.244084,-0.366375,-0.856144,-0.235557,-0.443658,0.707766,-0.658078,-0.10705,0.460874,-0.0205043,0.296716,0.190847,-0.087267,-0.160684,-0.327969,0.106275,0.158838,0.477719,0.424482,0.0792303,0.2618,0.0389238,0.154406,0.00171853,0.273304,-0.243617,0.0357278,0.587759,-0.00557593,-0.026968,0.00990366,0.746,0.0284376,-0.039229,-0.998826,0.6,0,0,1.66242,1.23138,3
-1.4908,-4.87428,0.087182,-0.0231659,-0.0754554,-0.902374,0.0406927,0.0277371,-0.128907,-1.4908,-4.87428,0.087182,-0.0231659,-0.0754554,-0.902374,0.0406927,0.0277371,-0.128907,-1.13732,-0.151298,-0.178092,1.08163,-0.908635,-0.0414252,0.57086,-0.695604,0.423459,0.0915844,-0.087267,-0.239828,-0.275663,0.113453,0.133307,0.507298,0.405463,0.0867665,0.2618,0.0499957,0.0600345,-0.0268753,0.251006,-0.10205,0.0951689,0.593568,-0.00708783,-0.0226956,0.0180724,0,0,0,0,0,0,0,0,0,0,0,0,0,0,0,0,0,0,0,0,0,0,0,0,0,0,0,0,0,-0.24625,-0.263624,-0.416905,0.456599,-0.375753,0.0691163,-0.32261,0.160996,0.137006,0.40844,-0.173281,-0.119724,-0.192105,-0.005367,0.0993654,0.202936,0.220983,0.0252668,0.292565,0.0293508,0.0897323,-0.0220033,0.350685,-0.243523,0.00107142,0.662634,-0.00489419,0.000429168,0.00939695,-2.24707,0.370261,0.640493,5.22708,-4.27844,-3.03263,3.33936,0.692308,1.45524,-5.54879,2.12575,-0.711474,1.70017,-0.691707,0.349761,0.840284,0.084863,0.12783,-0.937051,0.119448,0.964733,0.259077,-0.177217,-0.249341,0.47919,-0.210145,-0.0182018,-0.150629,0.000435683,-18.9522,0.00711652,-2.37494,-7.46711,-0.765228,0.413617,23.2305,-9.26388,2.2114,12.4302,16.8847,0.0382537,-3.42815,4.67636,0.985341,3.22081,2.91609,1.31451,0.67483,0.0259757,0.0351427,0.104246,-0.953623,0.26339,0.0764027,-1.09413,0.00834287,-0.307894,0.0104279,0,0,0,0,0,0,0,0,0,0,0,0,0,0,0,0,0,0,0,0,0,0,0,0,0,0,0,0,0,2.55789,2.55789,2.55789,6.3088,6.3088,1.81445,2.55789,2.55789,1.81445,6.3088,6.3088,0.907223,0.907223,1.81445,1.81445,0.907223,0.907223,1.81445,1.81445,0.907223,0.907223,0.907223,0.907223,0.907223,0.907223,1.06814,1.06814,1.06814,1.06814,40.1792,40.1792,40.1792,99.0984,99.0984,28.5012,40.1792,40.1792,28.5012,99.0984,99.0984,14.2506,14.2506,28.5012,28.5012,14.2506,14.2506,28.5012,28.5012,14.2506,14.2506,14.2506,14.2506,14.2506,14.2506,16.7783,16.7783,16.7783,16.7783,0,0,0,0,0,0,0,0,0,0,0,0,0,0,0,0,0,0,0,0,0,0,0,0,0,0,0,0,0,0,0,0,0,0,0,0,0,0,0,0,0,0,0,0,0,0,0,0,0,0,0,0,0,0,0,0,0,0,0,0,0,0,0,0,0,0,0,0,0,0,0,0,0,0,0,0,0,0,0,0,0,0,0,0,0,0,0,0,0,0,0,0,0,0,0,0,0,0,0,0,0,0,0,0,0,0,0,0,0,0,0,0,0,0,0,0,0,0.0406927,0.0277371,-0.128907,0.70067,0.116298,0.303953,0.468477,0.223337,0.258684,0.197836,0.216995,-0.628538,0.0254575,-0.0863291,-1.5073,1.61239,0.113995,-0.0951375,-0.276321,-1.2704,0.136885,-0.304635,-0.325254,0.965528,-0.0612783,0.242579,1.17672,-1.64665,-1.55602,-0.559158,-0.0944536,-0.546832,-1.13732,-0.151298,-0.178092,1.08163,-0.908635,-0.0414252,0.57086,-0.695604,0.423459,0.0915844,-0.087267,-0.239828,-0.275663,0.113453,0.133307,0.507298,0.405463,0.0867665,0.2618,0.0499957,0.0600345,-0.0268753,0.251006,-0.10205,0.0951689,0.593568,-0.00708783,-0.0226956,0.0180724,1.09,0.0277335,-0.0406658,-0.998788,0.6,0,0,1.66102,1.22368,3
-4.90957,0.660963,15.2027,0.0832395,0.194019,-0.979607,0.0409099,0.0286519,-0.147779,-4.90957,0.660963,15.2027,0.0832395,0.194019,-0.979607,0.0409099,0.0286519,-0.147779,-1.04696,0.0743693,-0.113706,1.25944,-0.789858,0.011161,0.379386,-0.849894,0.472999,0.181829,-0.087267,-0.253074,-0.176499,0.0321564,0.232132,0.309212,0.323884,0.0600676,0.2618,0.048543,-0.0947768,-0.0236352,0.273319,-0.193995,0.0431776,0.587452,-0.00761134,-0.0283407,0.0250915,0,0,0,0,0,0,0,0,0,0,0,0,0,0,0,0,0,0,0,0,0,0,0,0,0,0,0,0,0,-0.32471,-0.234194,-0.364986,0.610916,-0.515216,0.0342876,-0.273294,0.179426,0.130752,0.311738,-0.17433,-0.120988,-0.150431,-0.0330491,0.112451,0.223003,0.22038,0.0314576,0.28616,0.0342025,0.0865855,-0.0231644,0.34175,-0.246259,0.010116,0.66341,-0.00559501,-0.00221162,0.00980604,-4.40534,2.46278,3.18459,8.41121,-6.19871,-1.25667,1.87274,1.51491,-1.42265,-4.17479,1.12326,-0.373996,2.08838,-2.11033,0.447078,1.07516,-0.170128,0.354432,-0.0144943,0.249595,-0.430215,-0.128699,-0.807502,0.0233248,0.394955,0.359845,-0.0359136,-0.0512028,0.0200906,-21.5724,-2.53181,-0.451746,-5.42144,0.2005,0.139953,29.2055,-38.7551,10.6909,4.55305,2.96291,-1.41113,-3.64675,7.82105,-0.427026,3.12157,2.8019,0.927946,-0.689958,-0.00197645,0.01972,0.0626411,-0.641098,2.09403,0.859204,-1.50729,0.0136144,-0.265292,0.115974,0,0,0,0,0,0,0,0,0,0,0,0,0,0,0,0,0,0,0,0,0,0,0,0,0,0,0,0,0,2.55789,2.55789,2.55789,6.3088,6.3088,1.81445,2.55789,2.55789,1.81445,6.3088,6.3088,0.907223,0.907223,1.81445,1.81445,0.907223,0.907223,1.81445,1.81445,0.907223,0.907223,0.907223,0.907223,0.907223,0.907223,1.06814,1.06814,1.06814,1.06814,40.1792,40.1792,40.1792,99.0984,99.0984,28.5012,40.1792,40.1792,28.5012,99.0984,99.0984,14.2506,14.2506,28.5012,28.5012,14.2506,14.2506,28.5012,28.5012,14.2506,14.2506,14.2506,14.2506,14.2506,14.2506,16.7783,16.7783,16.7783,16.7783,0,0,0,0,0,0,0,0,0,0,0,0,0,0,0,0,0,0,0,0,0,0,0,0,0,0,0,0,0,0,0,0,0,0,0,0,0,0,0,0,0,0,0,0,0,0,0,0,0,0,0,0,0,0,0,0,0,0,0,0,0,0,0,0,0,0,0,0,0,0,0,0,0,0,0,0,0,0,0,0,0,0,0,0,0,0,0,0,0,0,0,0,0,0,0,0,0,0,0,0,0,0,0,0,0,0,0,0,0,0,0,0,0,0,0,0,0,0.0409099,0.0286519,-0.147779,0.249014,0.167174,0.529284,0.282469,0.0136916,0.0733197,0.13696,0.0984493,-0.402435,-0.195717,-0.168425,-1.34227,1.2627,0.110683,-0.102164,0.135823,-1.55219,-0.216101,-0.380408,-0.207665,1.07849,-0.0538906,0.336795,1.68379,-1.38929,-1.21729,-0.403069,0.0254483,-0.577034,-1.04696,0.0743693,-0.113706,1.25944,-0.789858,0.011161,0.379386,-0.849894,0.472999,0.181829,-0.087267,-0.253074,-0.176499,0.0321564,0.232132,0.309212,0.323884,0.0600676,0.2618,0.048543,-0.0947768,-0.0236352,0.273319,-0.193995,0.0431776,0.587452,-0.00761134,-0.0283407,0.0250915,0.779,0.028648,-0.0408817,-0.998753,0.6,0,0,1.66102,1.22368,3
-0.861253,-2.32854,10.9812,-0.19044,0.286626,-0.654765,0.0393243,0.0346688,-0.163643,-0.861253,-2.32854,10.9812,-0.19044,0.286626,-0.654765,0.0393243,0.0346688,-0.163643,-0.991551,0.164866,-0.193807,1.22656,-0.657906,0.0205352,0.1469,-0.719886,0.453321,0.205421,-0.087267,-0.24913,-0.105033,-0.0683054,0.197583,0.173589,0.317313,0.0488077,0.2618,0.0157741,-0.161162,0.0418269,0.219188,-0.333439,-0.0263573,0.580696,-0.0069001,-0.0323285,0.0226578,0,0,0,0,0,0,0,0,0,0,0,0,0,0,0,0,0,0,0,0,0,0,0,0,0,0,0,0,0,-0.418192,-0.179095,-0.291293,0.782615,-0.590292,0.0254021,-0.24914,0.210087,0.10241,0.253078,-0.150029,-0.129519,-0.116689,-0.0685159,0.117316,0.242086,0.22036,0.0346368,0.292403,0.0383448,0.0526289,-0.0243937,0.326907,-0.239084,0.0147813,0.666876,-0.00627135,-0.00317764,0.012667,-4.47746,2.81601,3.71726,8.22116,-3.09942,-0.220835,0.98019,1.42829,-1.20774,-2.14646,1.07801,-0.434769,1.3383,-1.35874,-0.00659794,0.852745,0.100178,0.087715,0.327696,0.177359,-2.04755,-0.0527473,-0.680582,0.602229,0.1912,0.0916047,-0.0268502,-0.0731273,0.160527,-13.9032,3.16592,-2.21995,-4.1278,-0.202545,-0.0045887,22.8254,-46.2316,12.8015,6.81983,-0.636544,-1.37948,-2.09329,5.44779,3.17963,0.190529,1.40287,0.55924,-1.47816,-0.0156727,-0.279542,0.055769,-0.152483,0.158735,0.241018,-1.42984,0.0068036,-0.348411,0.0375186,0,0,0,0,0,0,0,0,0,0,0,0,0,0,0,0,0,0,0,0,0,0,0,0,0,0,0,0,0,2.55789,2.55789,2.55789,6.3088,6.3088,1.81445,2.55789,2.55789,1.81445,6.3088,6.3088,0.907223,0.907223,1.81445,1.81445,0.907223,0.907223,1.81445,1.81445,0.907223,0.907223,0.907223,0.907223,0.907223,0.907223,1.06814,1.06814,1.06814,1.06814,40.1792,40.1792,40.1792,99.0984,99.0984,28.5012,40.1792,40.1792,28.5012,99.0984,99.0984,14.2506,14.2506,28.5012,28.5012,14.2506,14.2506,28.5012,28.5012,14.2506,14.2506,14.2506,14.2506,14.2506,14.2506,16.7783,16.7783,16.7783,16.7783,0,0,0,0,0,0,0,0,0,0,0,0,0,0,0,0,0,0,0,0,0,0,0,0,0,0,0,0,0,0,0,0,0,0,0,0,0,0,0,0,0,0,0,0,0,0,0,0,0,0,0,0,0,0,0,0,0,0,0,0,0,0,0,0,0,0,0,0,0,0,0,0,0,0,0,0,0,0,0,0,0,0,0,0,0,0,0,0,0,0,0,0,0,0,0,0,0,0,0,0,0,0,0,0,0,0,0,0,0,0,0,0,0,0,0,0,0,0.0393243,0.0346688,-0.163643,-0.0602196,0.0437504,0.450509,0.267485,-0.304253,-0.155743,0.111286,-0.0600972,-0.239485,-0.300328,-0.259112,-1.24108,0.838103,0.0359665,-0.0926177,0.3011,-1.31475,-0.367466,-0.433934,-0.353956,1.03362,0.0953695,0.304128,1.59001,-1.32201,-0.841,-0.27956,0.0468224,-0.568041,-0.991551,0.164866,-0.193807,1.22656,-0.657906,0.0205352,0.1469,-0.719886,0.453321,0.205421,-0.087267,-0.24913,-0.105033,-0.0683054,0.197583,0.173589,0.317313,0.0488077,0.2618,0.0157741,-0.161162,0.0418269,0.219188,-0.333439,-0.0263573,0.580696,-0.0069001,-0.0323285,0.0226578,0.743,0.0346618,-0.0392905,-0.998626,0.6,0,0,1.653,1.21822,3
0.232465,-0.0805218,9.72439,-0.324322,0.134115,-0.400485,0.0327361,0.0392705,-0.174665,0.232465,-0.0805218,9.72439,-0.324322,0.134115,-0.400485,0.0327361,0.0392705,-0.174665,-0.957271,0.173317,-0.194614,1.2613,-0.572576,0.041541,0.0191466,-0.611902,0.417837,0.190006,-0.087267,-0.242947,-0.0722628,-0.0394098,0.172479,0.133768,0.290203,0.0217031,0.2618,-0.00917891,-0.143503,0.138469,0.16859,-0.462218,-0.0937854,0.578684,-0.00519388,-0.0330019,0.0215559,0,0,0,0,0,0,0,0,0,0,0,0,0,0,0,0,0,0,0,0,0,0,0,0,0,0,0,0,0,-0.507835,-0.121259,-0.226127,0.929771,-0.610742,0.0230338,-0.236442,0.237522,0.0838467,0.223607,-0.134083,-0.138609,-0.0964742,-0.0878255,0.118677,0.257497,0.224144,0.0334353,0.302402,0.0334009,0.000544688,-0.0102292,0.314527,-0.223824,0.0165669,0.666828,-0.00658309,-0.00533613,0.0168713,-3.68296,2.49263,2.34801,5.52509,-0.679515,-0.0753044,0.42519,1.12604,-0.606266,-0.890233,0.480925,-0.410733,0.648842,-0.597321,0.0501288,0.557649,0.150911,-0.0475727,0.424125,-0.283636,-2.24856,0.793577,-0.504818,0.686207,0.0318122,-0.0588689,-0.00776917,-0.111716,0.171635,-10.102,5.25517,-4.79518,-5.67389,-0.399997,0.0649944,14.3459,-41.3184,11.6626,3.99181,1.4491,-1.21515,-0.730616,1.68532,2.13936,-1.71388,1.18643,0.534514,-1.92791,0.00591456,-0.271033,0.0308696,-0.907426,-2.17231,-0.642551,-1.39057,0.00338506,-0.337787,-0.0877446,0,0,0,0,0,0,0,0,0,0,0,0,0,0,0,0,0,0,0,0,0,0,0,0,0,0,0,0,0,2.55789,2.55789,2.55789,6.3088,6.3088,1.81445,2.55789,2.55789,1.81445,6.3088,6.3088,0.907223,0.907223,1.81445,1.81445,0.907223,0.907223,1.81445,1.81445,0.907223,0.907223,0.907223,0.907223,0.907223,0.907223,1.06814,1.06814,1.06814,1.06814,40.1792,40.1792,40.1792,99.0984,99.0984,28.5012,40.1792,40.1792,28.5012,99.0984,99.0984,14.2506,14.2506,28.5012,28.5012,14.2506,14.2506,28.5012,28.5012,14.2506,14.2506,14.2506,14.2506,14.2506,14.2506,16.7783,16.7783,16.7783,16.7783,0,0,0,0,0,0,0,0,0,0,0,0,0,0,0,0,0,0,0,0,0,0,0,0,0,0,0,0,0,0,0,0,0,0,0,0,0,0,0,0,0,0,0,0,0,0,0,0,0,0,0,0,0,0,0,0,0,0,0,0,0,0,0,0,0,0,0,0,0,0,0,0,0,0,0,0,0,0,0,0,0,0,0,0,0,0,0,0,0,0,0,0,0,0,0,0,0,0,0,0,0,0,0,0,0,0,0,0,0,0,0,0,0,0,0,0,0,0.0327361,0.0392705,-0.174665,-0.151015,-0.0716174,0.39327,0.205672,-0.597883,-0.0898583,0.0494851,-0.21384,-0.164766,-0.283568,-0.286116,-1.17848,0.604783,-0.0209288,-0.0697157,0.316534,-1.11753,-0.3272,-0.442974,-0.355429,0.952711,0.315724,0.289338,1.68909,-1.36597,-0.59766,-0.16357,0.0947176,-0.553944,-0.957271,0.173317,-0.194614,1.2613,-0.572576,0.041541,0.0191466,-0.611902,0.417837,0.190006,-0.087267,-0.242947,-0.0722628,-0.0394098,0.172479,0.133768,0.290203,0.0217031,0.2618,-0.00917891,-0.143503,0.138469,0.16859,-0.462218,-0.0937854,0.578684,-0.00519388,-0.0330019,0.0215559,0.807,0.0389661,-0.0333841,-0.998682,0.6,0,0,1.653,1.21822,3
-0.161989,0.948136,9.34985,-0.337382,0.0700068,-0.244825,0.0265154,0.0410236,-0.180135,-0.161989,0.948136,9.34985,-0.337382,0.0700068,-0.244825,0.0265154,0.0410236,-0.180135,-0.97157,0.124581,-0.135896,1.22623,-0.479468,0.0436719,-0.00185162,-0.536206,0.391209,0.201897,-0.087267,-0.235873,-0.0607036,-0.0242443,0.162075,0.124429,0.272365,-0.00550699,0.2618,-0.0121621,-0.099738,0.172812,0.14579,-0.47529,-0.106889,0.578263,-0.00392203,-0.0313082,0.0185601,0,0,0,0,0,0,0,0,0,0,0,0,0,0,0,0,0,0,0,0,0,0,0,0,0,0,0,0,0,-0.571414,-0.0780468,-0.193074,1.01674,-0.601934,0.0261199,-0.230965,0.25692,0.074868,0.211704,-0.12826,-0.14612,-0.0879118,-0.0966062,0.120663,0.26461,0.226479,0.0284283,0.308309,0.0240581,-0.0312671,0.020277,0.305365,-0.214069,0.0143137,0.665856,-0.00636992,-0.00727814,0.020628,-3.35849,2.34611,1.46557,4.30277,0.527618,0.224547,0.271567,1.05349,-0.411359,-0.52118,0.216416,-0.422408,0.347617,-0.425296,0.104046,0.252118,0.0505578,-0.30033,0.286612,-0.544604,-1.46776,1.9201,-0.545966,0.392467,-0.221588,-0.0347292,0.0168515,-0.0978729,0.194354,-7.03997,4.25294,-3.90728,-2.94503,-0.430693,0.0355537,9.38988,-37.5373,10.539,1.20679,2.58896,-1.0096,-0.109857,2.40553,1.27355,-2.11955,0.841141,0.362534,-1.83714,0.0180114,-0.256623,-0.0305746,-1.47971,-3.91662,-1.35961,-1.42058,0.00209329,-0.326449,-0.19547,0,0,0,0,0,0,0,0,0,0,0,0,0,0,0,0,0,0,0,0,0,0,0,0,0,0,0,0,0,2.55789,2.55789,2.55789,6.3088,6.3088,1.81445,2.55789,2.55789,1.81445,6.3088,6.3088,0.907223,0.907223,1.81445,1.81445,0.907223,0.907223,1.81445,1.81445,0.907223,0.907223,0.907223,0.907223,0.907223,0.907223,1.06814,1.06814,1.06814,1.06814,40.1792,40.1792,40.1792,99.0984,99.0984,28.5012,40.1792,40.1792,28.5012,99.0984,99.0984,14.2506,14.2506,28.5012,28.5012,14.2506,14.2506,28.5012,28.5012,14.2506,14.2506,14.2506,14.2506,14.2506,14.2506,16.7783,16.7783,16.7783,16.7783,0,0,0,0,0,0,0,0,0,0,0,0,0,0,0,0,0,0,0,0,0,0,0,0,0,0,0,0,0,0,0,0,0,0,0,0,0,0,0,0,0,0,0,0,0,0,0,0,0,0,0,0,0,0,0,0,0,0,0,0,0,0,0,0,0,0,0,0,0,0,0,0,0,0,0,0,0,0,0,0,0,0,0,0,0,0,0,0,0,0,0,0,0,0,0,0,0,0,0,0,0,0,0,0,0,0,0,0,0,0,0,0,0,0,0,0,0,0.0265154,0.0410236,-0.180135,-0.172308,-0.123604,0.369546,0.164999,-0.627689,-0.0552795,-0.0125565,-0.243718,-0.13841,-0.22313,-0.29177,-1.20459,0.566433,-0.0277308,-0.0526441,0.227526,-0.979289,-0.227413,-0.42024,-0.248191,0.891996,0.394029,0.249126,1.58908,-1.33206,-0.332138,0.0406272,0.0995763,-0.537813,-0.97157,0.124581,-0.135896,1.22623,-0.479468,0.0436719,-0.00185162,-0.536206,0.391209,0.201897,-0.087267,-0.235873,-0.0607036,-0.0242443,0.162075,0.124429,0.272365,-0.00550699,0.2618,-0.0121621,-0.099738,0.172812,0.14579,-0.47529,-0.106889,0.578263,-0.00392203,-0.0313082,0.0185601,0.742,0.0410121,-0.02649,-0.998807,0.6,0,0,1.63688,1.21848,3
-0.15535,1.11291,9.91058,-0.360149,0.0433418,-0.120709,0.0192754,0.0421066,-0.183522,-0.15535,1.11291,9.91058,-0.360149,0.0433418,-0.120709,0.0192754,0.0421066,-0.183522,-0.944565,0.0395838,-0.101173,1.08921,-0.379796,0.0336548,0.00504671,-0.441381,0.34607,0.230047,-0.087267,-0.232535,-0.058169,-0.042533,0.155064,0.14414,0.285241,-0.0104575,0.2618,-0.0108269,-0.0609704,0.145609,0.142881,-0.398214,-0.0858517,0.580708,-0.00277012,-0.0303023,0.0193881,0,0,0,0,0,0,0,0,0,0,0,0,0,0,0,0,0,0,0,0,0,0,0,0,0,0,0,0,0,-0.633097,-0.032017,-0.167406,1.08267,-0.569371,0.0307444,-0.22683,0.276357,0.0694978,0.205889,-0.127025,-0.15473,-0.084519,-0.102101,0.122604,0.265707,0.226593,0.0192077,0.312472,0.0140412,-0.0470496,0.0613624,0.292769,-0.21004,0.00765219,0.666498,-0.00581315,-0.00832887,0.0232273,-2.84857,2.23938,1.10526,2.61079,1.49621,0.206698,0.217455,0.915571,-0.192828,-0.175808,-0.0337342,-0.43058,0.0766993,-0.197588,0.0577954,-0.0996301,-0.0787004,-0.485836,0.206042,-0.442788,-0.466037,1.90822,-0.696147,0.0258588,-0.394662,0.0550721,0.0280397,-0.0230809,0.0896228,-6.41426,0.691157,-1.59814,-2.52468,-0.546742,-0.00807161,8.53146,-34.9447,9.52475,0.76067,4.04262,-0.776819,0.261553,2.58424,1.00045,-1.95382,0.699533,0.163608,-1.80004,0.0283004,-0.307896,-0.143419,-1.49437,-3.84031,-1.29304,-1.53756,0.00187653,-0.35768,-0.1781,0,0,0,0,0,0,0,0,0,0,0,0,0,0,0,0,0,0,0,0,0,0,0,0,0,0,0,0,0,2.55789,2.55789,2.55789,6.3088,6.3088,1.81445,2.55789,2.55789,1.81445,6.3088,6.3088,0.907223,0.907223,1.81445,1.81445,0.907223,0.907223,1.81445,1.81445,0.907223,0.907223,0.907223,0.907223,0.907223,0.907223,1.06814,1.06814,1.06814,1.06814,40.1792,40.1792,40.1792,99.0984,99.0984,28.5012,40.1792,40.1792,28.5012,99.0984,99.0984,14.2506,14.2506,28.5012,28.5012,14.2506,14.2506,28.5012,28.5012,14.2506,14.2506,14.2506,14.2506,14.2506,14.2506,16.7783,16.7783,16.7783,16.7783,0,0,0,0,0,0,0,0,0,0,0,0,0,0,0,0,0,0,0,0,0,0,0,0,0,0,0,0,0,0,0,0,0,0,0,0,0,0,0,0,0,0,0,0,0,0,0,0,0,0,0,0,0,0,0,0,0,0,0,0,0,0,0,0,0,0,0,0,0,0,0,0,0,0,0,0,0,0,0,0,0,0,0,0,0,0,0,0,0,0,0,0,0,0,0,0,0,0,0,0,0,0,0,0,0,0,0,0,0,0,0,0,0,0,0,0,0,0.0192754,0.0421066,-0.183522,-0.127365,-0.130237,0.35356,0.194357,-0.451947,-0.0969794,-0.0238442,-0.19575,-0.132631,-0.173723,-0.258954,-1.15527,0.579032,-0.0246864,-0.0371823,0.0722931,-0.806108,-0.139019,-0.406737,-0.184776,0.789074,0.332003,0.26024,1.19834,-1.25179,-0.0478987,0.240622,0.0767363,-0.530202,-0.944565,0.0395838,-0.101173,1.08921,-0.379796,0.0336548,0.00504671,-0.441381,0.34607,0.230047,-0.087267,-0.232535,-0.058169,-0.042533,0.155064,0.14414,0.285241,-0.0104575,0.2618,-0.0108269,-0.0609704,0.145609,0.142881,-0.398214,-0.0858517,0.580708,-0.00277012,-0.0303023,0.0193881,1.045,0.0420942,-0.0192572,-0.998928,0.6,0,0,1.62854,1.22604,3
0.30103,1.14883,9.94497,-0.377155,0.0408065,-0.0778539,0.0115836,0.0431223,-0.18544,0.30103,1.14883,9.94497,-0.377155,0.0408065,-0.0778539,0.0115836,0.0431223,-0.18544,-0.923213,-0.0396642,-0.0812367,0.931817,-0.263418,0.028442,-0.00142833,-0.373311,0.289648,0.258557,-0.087267,-0.221908,-0.0598616,-0.0778768,0.132144,0.177043,0.309027,0.00872025,0.2618,-0.00933557,-0.0176392,0.120183,0.137463,-0.329011,-0.0525964,0.583668,-0.00166907,-0.0311656,0.0218627,0,0,0,0,0,0,0,0,0,0,0,0,0,0,0,0,0,0,0,0,0,0,0,0,0,0,0,0,0,-0.678792,0.00754432,-0.149073,1.10309,-0.51853,0.0320839,-0.221362,0.291071,0.0669786,0.206682,-0.131076,-0.163453,-0.0831833,-0.102211,0.121097,0.261149,0.223989,0.00979435,0.315629,0.00678736,-0.0465894,0.0878841,0.276672,-0.211274,-0.00154796,0.668671,-0.00513021,-0.0082672,0.0240717,-1.94387,1.74966,0.712585,0.0959627,2.28114,0.0263245,0.323768,0.632661,-0.142359,0.127669,-0.298841,-0.427893,0.11114,0.0592793,-0.137479,-0.302532,-0.179769,-0.478672,0.148109,-0.308553,0.217303,1.00406,-0.843256,-0.156057,-0.479404,0.0699312,0.0337479,0.0186412,0.0170171,-5.74463,-3.17219,0.0273577,-2.73316,-0.676133,-0.00381874,8.32382,-31.0305,8.17916,1.56204,6.08125,-0.604842,0.273271,1.59334,1.19862,-1.41253,1.01719,0.264341,-1.79716,0.0296442,-0.385604,-0.102602,-1.16714,-2.55131,-0.779297,-1.56727,0.00387254,-0.389881,-0.0995967,0,0,0,0,0,0,0,0,0,0,0,0,0,0,0,0,0,0,0,0,0,0,0,0,0,0,0,0,0,2.55789,2.55789,2.55789,6.3088,6.3088,1.81445,2.55789,2.55789,1.81445,6.3088,6.3088,0.907223,0.907223,1.81445,1.81445,0.907223,0.907223,1.81445,1.81445,0.907223,0.907223,0.907223,0.907223,0.907223,0.907223,1.06814,1.06814,1.06814,1.06814,40.1792,40.1792,40.1792,99.0984,99.0984,28.5012,40.1792,40.1792,28.5012,99.0984,99.0984,14.2506,14.2506,28.5012,28.5012,14.2506,14.2506,28.5012,28.5012,14.2506,14.2506,14.2506,14.2506,14.2506,14.2506,16.7783,16.7783,16.7783,16.7783,0,0,0,0,0,0,0,0,0,0,0,0,0,0,0,0,0,0,0,0,0,0,0,0,0,0,0,0,0,0,0,0,0,0,0,0,0,0,0,0,0,0,0,0,0,0,0,0,0,0,0,0,0,0,0,0,0,0,0,0,0,0,0,0,0,0,0,0,0,0,0,0,0,0,0,0,0,0,0,0,0,0,0,0,0,0,0,0,0,0,0,0,0,0,0,0,0,0,0,0,0,0,0,0,0,0,0,0,0,0,0,0,0,0,0,0,0,0.0115836,0.0431223,-0.18544,-0.0523453,-0.14259,0.301303,0.248593,-0.294158,-0.177567,0.019883,-0.119925,-0.13649,-0.0996079,-0.219217,-1.11628,0.567206,-0.021286,-0.0224034,-0.0724398,-0.681788,-0.0402191,-0.418325,-0.148365,0.660426,0.274029,0.293456,0.749489,-1.17048,0.283984,0.399314,0.0648505,-0.505972,-0.923213,-0.0396642,-0.0812367,0.931817,-0.263418,0.028442,-0.00142833,-0.373311,0.289648,0.258557,-0.087267,-0.221908,-0.0598616,-0.0778768,0.132144,0.177043,0.309027,0.00872025,0.2618,-0.00933557,-0.0176392,0.120183,0.137463,-0.329011,-0.0525964,0.583668,-0.00166907,-0.0311656,0.0218627,0.72,0.0431089,-0.0115726,-0.999003,0.6,0,0,1.62854,1.22604,3
0.393486,1.31729,9.27197,-0.347511,0.0506878,-0.125988,0.00399471,0.0441584,-0.187726,0.393486,1.31729,9.27197,-0.347511,0.0506878,-0.125988,0.00399471,0.0441584,-0.187726,-0.85622,-0.0709807,-0.0251961,0.815729,-0.172754,0.0277696,-0.0765246,-0.326756,0.2763,0.230012,-0.087267,-0.238484,-0.0583222,-0.0860809,0.103395,0.175029,0.334565,0.036262,0.2618,-0.0115915,-0.00898517,0.144594,0.124807,-0.307985,-0.0330578,0.586926,-0.00141587,-0.0339377,0.0245088,0,0,0,0,0,0,0,0,0,0,0,0,0,0,0,0,0,0,0,0,0,0,0,0,0,0,0,0,0,-0.707959,0.034345,-0.139214,1.07439,-0.450134,0.0314778,-0.21476,0.299976,0.0623037,0.212839,-0.14018,-0.171522,-0.0772147,-0.0988446,0.116485,0.255063,0.218861,0.00390499,0.3166,0.00204061,-0.0344726,0.0983284,0.258063,-0.215518,-0.00928026,0.669825,-0.00431116,-0.00830039,0.0239846,-1.1977,1.037,0.284791,-2.20895,3.05015,-0.0394678,0.344107,0.360126,-0.354291,0.36989,-0.538103,-0.378468,0.453788,0.153057,-0.268809,-0.304744,-0.291503,-0.242807,0.0275542,-0.203007,0.711979,0.327747,-0.941546,-0.270283,-0.327961,-0.0396903,0.0385705,-0.0133664,-0.00775816,-5.61405,-5.68708,1.50414,-1.08729,-0.78437,-0.0136246,7.73182,-27.9582,7.04543,2.26405,8.46663,-0.38018,-0.123587,0.291878,0.914246,-0.844498,1.53542,0.564535,-1.6109,0.021814,-0.392742,0.00614399,-0.886376,-1.39448,-0.321532,-1.43578,0.00321931,-0.375625,-0.0271674,0,0,0,0,0,0,0,0,0,0,0,0,0,0,0,0,0,0,0,0,0,0,0,0,0,0,0,0,0,2.55789,2.55789,2.55789,6.3088,6.3088,1.81445,2.55789,2.55789,1.81445,6.3088,6.3088,0.907223,0.907223,1.81445,1.81445,0.907223,0.907223,1.81445,1.81445,0.907223,0.907223,0.907223,0.907223,0.907223,0.907223,1.06814,1.06814,1.06814,1.06814,40.1792,40.1792,40.1792,99.0984,99.0984,28.5012,40.1792,40.1792,28.5012,99.0984,99.0984,14.2506,14.2506,28.5012,28.5012,14.2506,14.2506,28.5012,28.5012,14.2506,14.2506,14.2506,14.2506,14.2506,14.2506,16.7783,16.7783,16.7783,16.7783,0,0,0,0,0,0,0,0,0,0,0,0,0,0,0,0,0,0,0,0,0,0,0,0,0,0,0,0,0,0,0,0,0,0,0,0,0,0,0,0,0,0,0,0,0,0,0,0,0,0,0,0,0,0,0,0,0,0,0,0,0,0,0,0,0,0,0,0,0,0,0,0,0,0,0,0,0,0,0,0,0,0,0,0,0,0,0,0,0,0,0,0,0,0,0,0,0,0,0,0,0,0,0,0,0,0,0,0,0,0,0,0,0,0,0,0,0,0.00399471,0.0441584,-0.187726,-0.0569356,-0.171447,0.23575,0.306823,-0.246217,-0.196273,0.082681,-0.0753752,-0.13298,-0.0457411,-0.175485,-0.993924,0.430055,-0.0264299,-0.0190047,-0.129634,-0.596764,-0.0204871,-0.455535,-0.0460163,0.629992,0.329689,0.328973,0.418434,-1.25189,0.542535,0.305698,0.0633175,-0.543768,-0.85622,-0.0709807,-0.0251961,0.815729,-0.172754,0.0277696,-0.0765246,-0.326756,0.2763,0.230012,-0.087267,-0.238484,-0.0583222,-0.0860809,0.103395,0.175029,0.334565,0.036262,0.2618,-0.0115915,-0.00898517,0.144594,0.124807,-0.307985,-0.0330578,0.586926,-0.00141587,-0.0339377,0.0245088,0.704,0.0441441,-0.0039908,-0.999018,0.6,0,0,1.62279,1.23596,3
0.633302,1.22582,8.67543,-0.286849,0.0556161,-0.170293,-0.00400039,0.0454689,-0.191839,0.633302,1.22582,8.67543,-0.286849,0.0556161,-0.170293,-0.00400039,0.0454689,-0.191839,-0.789974,-0.0568958,-0.0355571,0.708322,-0.0723741,0.0349082,-0.133865,-0.361388,0.28263,0.184735,-0.087267,-0.277054,-0.0476082,-0.0887766,0.0930612,0.155104,0.336783,0.0385368,0.2618,-0.0101962,-0.0121393,0.157398,0.0926307,-0.291095,-0.0123085,0.585332,-0.00144081,-0.0387859,0.0310747,0,0,0,0,0,0,0,0,0,0,0,0,0,0,0,0,0,0,0,0,0,0,0,0,0,0,0,0,0,-0.728335,0.054059,-0.130076,0.99672,-0.363044,0.0309325,-0.204858,0.306852,0.0519732,0.219468,-0.153129,-0.180713,-0.0623618,-0.0954475,0.109562,0.24872,0.21058,0.00323228,0.317089,-0.00246084,-0.0180568,0.1096,0.234359,-0.223008,-0.013658,0.668245,-0.00347341,-0.0100414,0.0241102,-0.724334,0.665261,0.399593,-3.49236,3.07927,-0.0216465,0.441813,0.298242,-0.52113,0.186011,-0.533459,-0.365799,0.711802,0.0424431,-0.270364,-0.244565,-0.345244,0.04769,0.0035854,-0.169341,0.608783,0.485933,-0.957189,-0.352636,-0.118685,-0.177254,0.0294269,-0.096218,0.0134389,-3.34455,-6.74143,3.20516,3.62576,-0.608025,-0.0517651,4.06737,-26.1694,7.27516,-0.175674,9.78534,-0.496936,-0.558914,0.143016,0.307007,-0.835145,2.07465,0.859257,-1.58965,0.0228045,-0.423064,0.0617766,-0.71009,-0.908063,-0.169334,-1.20585,0.0030948,-0.306881,-0.0069628,0,0,0,0,0,0,0,0,0,0,0,0,0,0,0,0,0,0,0,0,0,0,0,0,0,0,0,0,0,2.55789,2.55789,2.55789,6.3088,6.3088,1.81445,2.55789,2.55789,1.81445,6.3088,6.3088,0.907223,0.907223,1.81445,1.81445,0.907223,0.907223,1.81445,1.81445,0.907223,0.907223,0.907223,0.907223,0.907223,0.907223,1.06814,1.06814,1.06814,1.06814,40.1792,40.1792,40.1792,99.0984,99.0984,28.5012,40.1792,40.1792,28.5012,99.0984,99.0984,14.2506,14.2506,28.5012,28.5012,14.2506,14.2506,28.5012,28.5012,14.2506,14.2506,14.2506,14.2506,14.2506,14.2506,16.7783,16.7783,16.7783,16.7783,0,0,0,0,0,0,0,0,0,0,0,0,0,0,0,0,0,0,0,0,0,0,0,0,0,0,0,0,0,0,0,0,0,0,0,0,0,0,0,0,0,0,0,0,0,0,0,0,0,0,0,0,0,0,0,0,0,0,0,0,0,0,0,0,0,0,0,0,0,0,0,0,0,0,0,0,0,0,0,0,0,0,0,0,0,0,0,0,0,0,0,0,0,0,0,0,0,0,0,0,0,0,0,0,0,0,0,0,0,0,0,0,0,0,0,0,0,-0.00400039,0.0454689,-0.191839,-0.102367,-0.244813,0.212189,0.31188,-0.207705,-0.202419,0.0878678,-0.0280646,-0.108551,-0.0355372,-0.196885,-0.872937,0.325333,-0.0232483,-0.0193394,-0.10391,-0.660013,-0.0276788,-0.52061,-0.064939,0.644425,0.358883,0.417105,0.112136,-1.381,0.828794,0.300603,0.0795941,-0.631712,-0.789974,-0.0568958,-0.0355571,0.708322,-0.0723741,0.0349082,-0.133865,-0.361388,0.28263,0.184735,-0.087267,-0.277054,-0.0476082,-0.0887766,0.0930612,0.155104,0.336783,0.0385368,0.2618,-0.0101962,-0.0121393,0.157398,0.0926307,-0.291095,-0.0123085,0.585332,-0.00144081,-0.0387859,0.0310747,0.688,0.0452348,0.00280119,-0.998972,0.6,0,0,1.62279,1.23596,3
1.1655,0.723407,9.20063,-0.263493,0.0382074,-0.163456,-0.00853299,0.0462292,-0.19456,1.1655,0.723407,9.20063,-0.263493,0.0382074,-0.163456,-0.00853299,0.0462292,-0.19456,-0.758808,-0.0387826,-0.0590244,0.643086,-0.0107481,0.0435823,-0.118884,-0.410112,0.314763,0.137807,-0.087267,-0.289734,-0.0351081,-0.0756831,0.101423,0.153845,0.316699,0.0262024,0.2618,-0.0110171,-0.018936,0.16425,0.0589206,-0.298939,-0.0213843,0.583504,-0.000997796,-0.0401129,0.035583,0,0,0,0,0,0,0,0,0,0,0,0,0,0,0,0,0,0,0,0,0,0,0,0,0,0,0,0,0,-0.73653,0.0624284,-0.123537,0.93299,-0.29937,0.0318202,-0.196068,0.311363,0.0430828,0.219081,-0.160504,-0.186789,-0.049823,-0.0951995,0.10542,0.244826,0.205703,0.00428234,0.317859,-0.00459436,-0.0100473,0.118383,0.218738,-0.228661,-0.0139923,0.666277,-0.0030491,-0.0123735,0.0250356,-0.390766,0.427601,0.397006,-4.17812,3.66682,0.0731555,0.599646,0.290069,-0.573838,-0.161626,-0.413651,-0.379988,0.812811,-0.020016,-0.224367,-0.233265,-0.27005,0.0720732,0.048798,-0.115465,0.4418,0.553406,-0.967367,-0.352255,0.0452909,-0.12727,0.0228098,-0.150052,0.0793322,-1.14928,-5.91636,2.52839,3.33657,-0.675864,-0.0439933,1.01963,-27.7269,7.82447,-2.5759,9.83379,-0.949014,-0.681196,0.188668,0.0668865,-1.07123,2.1146,0.848209,-1.69585,0.0247112,-0.430715,0.0597839,-0.93889,-0.580005,-0.00573636,-1.24074,0.00218274,-0.285519,0.0212543,0,0,0,0,0,0,0,0,0,0,0,0,0,0,0,0,0,0,0,0,0,0,0,0,0,0,0,0,0,2.55789,2.55789,2.55789,6.3088,6.3088,1.81445,2.55789,2.55789,1.81445,6.3088,6.3088,0.907223,0.907223,1.81445,1.81445,0.907223,0.907223,1.81445,1.81445,0.907223,0.907223,0.907223,0.907223,0.907223,0.907223,1.06814,1.06814,1.06814,1.06814,40.1792,40.1792,40.1792,99.0984,99.0984,28.5012,40.1792,40.1792,28.5012,99.0984,99.0984,14.2506,14.2506,28.5012,28.5012,14.2506,14.2506,28.5012,28.5012,14.2506,14.2506,14.2506,14.2506,14.2506,14.2506,16.7783,16.7783,16.7783,16.7783,0,0,0,0,0,0,0,0,0,0,0,0,0,0,0,0,0,0,0,0,0,0,0,0,0,0,0,0,0,0,0,0,0,0,0,0,0,0,0,0,0,0,0,0,0,0,0,0,0,0,0,0,0,0,0,0,0,0,0,0,0,0,0,0,0,0,0,0,0,0,0,0,0,0,0,0,0,0,0,0,0,0,0,0,0,0,0,0,0,0,0,0,0,0,0,0,0,0,0,0,0,0,0,0,0,0,0,0,0,0,0,0,0,0,0,0,0,-0.00853299,0.0462292,-0.19456,-0.105238,-0.321675,0.231255,0.266084,-0.225591,-0.172565,0.0597441,-0.0487584,-0.08005,-0.0419139,-0.221425,-0.816018,0.352693,-0.0251201,-0.0133931,-0.0708298,-0.748999,-0.0431759,-0.538421,-0.107798,0.717691,0.374507,0.477619,-0.0739004,-1.51483,1.00454,0.383832,0.0993719,-0.660623,-0.758808,-0.0387826,-0.0590244,0.643086,-0.0107481,0.0435823,-0.118884,-0.410112,0.314763,0.137807,-0.087267,-0.289734,-0.0351081,-0.0756831,0.101423,0.153845,0.316699,0.0262024,0.2618,-0.0110171,-0.018936,0.16425,0.0589206,-0.298939,-0.0213843,0.583504,-0.000997796,-0.0401129,0.035583,0.809,0.0462127,0.00852377,-0.998895,0.6,0,0,1.61807,1.23971,3
1.50078,0.533678,9.17453,-0.241347,-0.0163316,-0.125008,-0.013679,0.0464612,-0.197441,1.50078,0.533678,9.17453,-0.241347,-0.0163316,-0.125008,-0.013679,0.0464612,-0.197441,-0.741353,-0.0342717,-0.0910561,0.56341,0.0212578,0.0586028,-0.0871437,-0.458448,0.338349,0.119258,-0.087267,-0.289541,-0.024416,-0.0893929,0.102314,0.143063,0.312019,0.0262481,0.2618,-0.0141677,-0.019812,0.167141,0.0460092,-0.302977,-0.0259416,0.583268,-0.00122491,-0.0394086,0.0394264,0,0,0,0,0,0,0,0,0,0,0,0,0,0,0,0,0,0,0,0,0,0,0,0,0,0,0,0,0,-0.739909,0.0678408,-0.117745,0.845982,-0.221943,0.0348973,-0.179953,0.317689,0.0318778,0.208633,-0.165963,-0.194047,-0.0330672,-0.0967513,0.101328,0.240475,0.201533,0.00428651,0.319096,-0.00677163,-0.00391179,0.129703,0.199257,-0.234736,-0.0136788,0.664723,-0.00262294,-0.0151724,0.0277134,-0.0917727,0.173832,0.213081,-4.20394,3.38548,0.157425,0.870798,0.356136,-0.522589,-0.695183,-0.206516,-0.339038,0.802709,-0.118432,-0.13695,-0.18702,-0.169879,-0.0327782,0.0274229,-0.0964237,0.234091,0.514642,-0.951848,-0.271708,0.00333082,-0.0828924,0.0195623,-0.119358,0.136069,-0.538273,-4.75673,1.79841,6.09797,-0.468141,-0.0376956,0.285685,-30.0955,9.00133,-2.85345,9.09003,-1.06006,-0.749857,0.794251,0.279188,-1.06468,1.79728,0.676978,-1.70114,0.0272085,-0.431554,0.0238572,-1.15522,-0.670835,-0.113754,-1.28583,0.00645095,-0.29168,-0.0130975,0,0,0,0,0,0,0,0,0,0,0,0,0,0,0,0,0,0,0,0,0,0,0,0,0,0,0,0,0,2.55789,2.55789,2.55789,6.3088,6.3088,1.81445,2.55789,2.55789,1.81445,6.3088,6.3088,0.907223,0.907223,1.81445,1.81445,0.907223,0.907223,1.81445,1.81445,0.907223,0.907223,0.907223,0.907223,0.907223,0.907223,1.06814,1.06814,1.06814,1.06814,40.1792,40.1792,40.1792,99.0984,99.0984,28.5012,40.1792,40.1792,28.5012,99.0984,99.0984,14.2506,14.2506,28.5012,28.5012,14.2506,14.2506,28.5012,28.5012,14.2506,14.2506,14.2506,14.2506,14.2506,14.2506,16.7783,16.7783,16.7783,16.7783,0,0,0,0,0,0,0,0,0,0,0,0,0,0,0,0,0,0,0,0,0,0,0,0,0,0,0,0,0,0,0,0,0,0,0,0,0,0,0,0,0,0,0,0,0,0,0,0,0,0,0,0,0,0,0,0,0,0,0,0,0,0,0,0,0,0,0,0,0,0,0,0,0,0,0,0,0,0,0,0,0,0,0,0,0,0,0,0,0,0,0,0,0,0,0,0,0,0,0,0,0,0,0,0,0,0,0,0,0,0,0,0,0,0,0,0,0,-0.013679,0.0464612,-0.197441,-0.129822,-0.351114,0.233286,0.255415,-0.234798,-0.203825,0.0598482,-0.0591494,-0.0556709,-0.0670098,-0.224594,-0.784139,0.410662,-0.0323038,-0.0164416,-0.0625914,-0.837277,-0.0451732,-0.528968,-0.166298,0.771469,0.381099,0.529208,-0.301118,-1.56773,1.09581,0.43481,0.13362,-0.660182,-0.741353,-0.0342717,-0.0910561,0.56341,0.0212578,0.0586028,-0.0871437,-0.458448,0.338349,0.119258,-0.087267,-0.289541,-0.024416,-0.0893929,0.102314,0.143063,0.312019,0.0262481,0.2618,-0.0141677,-0.019812,0.167141,0.0460092,-0.302977,-0.0259416,0.583268,-0.00122491,-0.0394086,0.0394264,0.807,0.0464445,0.0136638,-0.998827,0.6,0,0,1.61407,1.22619,3
1.5863,0.286641,9.35703,-0.228622,-0.0535046,-0.0762311,-0.0184784,0.0458374,-0.199403,1.5863,0.286641,9.35703,-0.228622,-0.0535046,-0.0762311,-0.0184784,0.0458374,-0.199403,-0.692007,-0.024908,-0.109682,0.473159,0.0349591,0.077064,-0.0635261,-0.494182,0.342846,0.114112,-0.087267,-0.281342,-0.0172415,-0.108099,0.105874,0.129292,0.311482,0.0347569,0.2618,-0.019024,-0.0199585,0.163948,0.0490404,-0.297583,-0.0227458,0.584013,-0.00178984,-0.0379768,0.043247,0,0,0,0,0,0,0,0,0,0,0,0,0,0,0,0,0,0,0,0,0,0,0,0,0,0,0,0,0,-0.736748,0.0678626,-0.117015,0.760641,-0.156469,0.0408272,-0.16001,0.324818,0.0233845,0.191723,-0.168994,-0.200115,-0.0185345,-0.0987755,0.0985271,0.236564,0.19872,0.0038104,0.319851,-0.00908746,-0.000445306,0.138826,0.180381,-0.238923,-0.0143897,0.663483,-0.0023617,-0.0170955,0.0308574,0.251219,-0.103473,-0.0904812,-4.09023,2.84002,0.303257,1.01276,0.372873,-0.333126,-0.892535,-0.133157,-0.279214,0.629884,-0.0927136,-0.0816356,-0.183246,-0.114884,-0.0200695,0.0163224,-0.110943,0.1436,0.401254,-0.908406,-0.172345,-0.0425116,-0.0795855,0.0112035,-0.078565,0.14811,-0.811546,-3.88432,1.21773,5.99356,-0.339239,-0.0415437,0.389879,-32.3769,9.6011,-1.70449,8.90742,-1.02556,-0.661885,0.431336,0.288933,-1.16741,1.72144,0.675404,-1.69739,0.0280992,-0.408369,0.0388453,-1.10617,-0.755528,-0.126143,-1.27241,0.00720248,-0.291499,-0.0145403,0,0,0,0,0,0,0,0,0,0,0,0,0,0,0,0,0,0,0,0,0,0,0,0,0,0,0,0,0,2.55789,2.55789,2.55789,6.3088,6.3088,1.81445,2.55789,2.55789,1.81445,6.3088,6.3088,0.907223,0.907223,1.81445,1.81445,0.907223,0.907223,1.81445,1.81445,0.907223,0.907223,0.907223,0.907223,0.907223,0.907223,1.06814,1.06814,1.06814,1.06814,40.1792,40.1792,40.1792,99.0984,99.0984,28.5012,40.1792,40.1792,28.5012,99.0984,99.0984,14.2506,14.2506,28.5012,28.5012,14.2506,14.2506,28.5012,28.5012,14.2506,14.2506,14.2506,14.2506,14.2506,14.2506,16.7783,16.7783,16.7783,16.7783,0,0,0,0,0,0,0,0,0,0,0,0,0,0,0,0,0,0,0,0,0,0,0,0,0,0,0,0,0,0,0,0,0,0,0,0,0,0,0,0,0,0,0,0,0,0,0,0,0,0,0,0,0,0,0,0,0,0,0,0,0,0,0,0,0,0,0,0,0,0,0,0,0,0,0,0,0,0,0,0,0,0,0,0,0,0,0,0,0,0,0,0,0,0,0,0,0,0,0,0,0,0,0,0,0,0,0,0,0,0,0,0,0,0,0,0,0,-0.0184784,0.0458374,-0.199403,-0.161222,-0.344203,0.241404,0.254189,-0.222499,-0.246476,0.0792491,-0.0518626,-0.0393124,-0.100744,-0.214587,-0.694019,0.453795,-0.0433766,-0.0240244,-0.0454901,-0.902538,-0.0455074,-0.50975,-0.200315,0.781722,0.373818,0.58049,-0.558491,-1.5824,1.13488,0.440704,0.175714,-0.641488,-0.692007,-0.024908,-0.109682,0.473159,0.0349591,0.077064,-0.0635261,-0.494182,0.342846,0.114112,-0.087267,-0.281342,-0.0172415,-0.108099,0.105874,0.129292,0.311482,0.0347569,0.2618,-0.019024,-0.0199585,0.163948,0.0490404,-0.297583,-0.0227458,0.584013,-0.00178984,-0.0379768,0.043247,0.71,0.0458214,0.0184579,-0.998779,0.6,0,0,1.61407,1.22619,3
1.85504,0.111871,9.41221,-0.220636,-0.0839613,-0.0269715,-0.0230817,0.0446834,-0.200369,1.85504,0.111871,9.41221,-0.220636,-0.0839613,-0.0269715,-0.0230817,0.0446834,-0.200369,-0.667698,-0.0346232,-0.0871313,0.372985,0.0593551,0.0969555,-0.0252054,-0.495395,0.336367,0.121257,-0.087267,-0.247581,-0.0148196,-0.112474,0.0994618,0.107437,0.303913,0.0352543,0.2618,-0.0219916,-0.014568,0.175051,0.035192,-0.301291,-0.0225148,0.583895,-0.00231846,-0.0358073,0.0456455,0,0,0,0,0,0,0,0,0,0,0,0,0,0,0,0,0,0,0,0,0,0,0,0,0,0,0,0,0,-0.724708,0.0638246,-0.120548,0.675488,-0.104766,0.0500994,-0.137717,0.331644,0.0200875,0.173901,-0.171775,-0.205174,-0.00900975,-0.0989847,0.0960058,0.23228,0.196694,0.0051258,0.32064,-0.0120313,0.00185881,0.144631,0.162803,-0.241005,-0.0151036,0.661875,-0.00229965,-0.0182932,0.0340303,0.733886,-0.254682,-0.251644,-4.13189,2.22419,0.458468,1.11377,0.339493,-0.0419345,-0.863433,-0.150656,-0.238567,0.342866,0.0253288,-0.0729199,-0.209575,-0.0767012,0.0927072,0.0268767,-0.144976,0.105813,0.240535,-0.818096,-0.0654228,-0.0120669,-0.112669,0.00138485,-0.0494927,0.1504,-0.508342,-2.94861,1.02702,5.72957,-0.218024,-0.0616433,0.185205,-34.011,9.31595,-0.580766,9.27092,-0.874616,-0.445653,-0.300445,0.453878,-1.27882,1.70996,0.68186,-1.73626,0.0314637,-0.407113,0.0574695,-0.886568,-0.743067,-0.0928127,-1.20031,0.00702965,-0.279436,-0.00496168,0,0,0,0,0,0,0,0,0,0,0,0,0,0,0,0,0,0,0,0,0,0,0,0,0,0,0,0,0,2.55789,2.55789,2.55789,6.3088,6.3088,1.81445,2.55789,2.55789,1.81445,6.3088,6.3088,0.907223,0.907223,1.81445,1.81445,0.907223,0.907223,1.81445,1.81445,0.907223,0.907223,0.907223,0.907223,0.907223,0.907223,1.06814,1.06814,1.06814,1.06814,40.1792,40.1792,40.1792,99.0984,99.0984,28.5012,40.1792,40.1792,28.5012,99.0984,99.0984,14.2506,14.2506,28.5012,28.5012,14.2506,14.2506,28.5012,28.5012,14.2506,14.2506,14.2506,14.2506,14.2506,14.2506,16.7783,16.7783,16.7783,16.7783,0,0,0,0,0,0,0,0,0,0,0,0,0,0,0,0,0,0,0,0,0,0,0,0,0,0,0,0,0,0,0,0,0,0,0,0,0,0,0,0,0,0,0,0,0,0,0,0,0,0,0,0,0,0,0,0,0,0,0,0,0,0,0,0,0,0,0,0,0,0,0,0,0,0,0,0,0,0,0,0,0,0,0,0,0,0,0,0,0,0,0,0,0,0,0,0,0,0,0,0,0,0,0,0,0,0,0,0,0,0,0,0,0,0,0,0,0,-0.0230817,0.0446834,-0.200369,-0.211052,-0.375779,0.226783,0.236932,-0.230954,-0.256451,0.0803834,-0.0513359,-0.0337902,-0.141402,-0.216178,-0.649621,0.523781,-0.050143,-0.0311199,-0.0632334,-0.904754,-0.0332164,-0.48063,-0.15913,0.766951,0.399134,0.612684,-0.844163,-1.56203,1.20445,0.495314,0.221068,-0.56451,-0.667698,-0.0346232,-0.0871313,0.372985,0.0593551,0.0969555,-0.0252054,-0.495395,0.336367,0.121257,-0.087267,-0.247581,-0.0148196,-0.112474,0.0994618,0.107437,0.303913,0.0352543,0.2618,-0.0219916,-0.014568,0.175051,0.035192,-0.301291,-0.0225148,0.583895,-0.00231846,-0.0358073,0.0456455,0.715,0.0446685,0.0230566,-0.998736,0.6,0,0,1.61343,1.21549,3
1.84361,0.157735,9.2444,-0.212451,-0.102357,0.0183897,-0.0275279,0.0430542,-0.200365,1.84361,0.157735,9.2444,-0.212451,-0.102357,0.0183897,-0.0275279,0.0430542,-0.200365,-0.587475,-0.0523871,-0.0660634,0.325805,0.0603875,0.10575,0.00231786,-0.474941,0.341229,0.124058,-0.087267,-0.213714,-0.0109826,-0.101733,0.10748,0.107917,0.311035,0.041363,0.2618,-0.0265347,-0.0212402,0.183371,0.0396527,-0.297989,-0.0227076,0.583344,-0.0016597,-0.0358157,0.0484886,0,0,0,0,0,0,0,0,0,0,0,0,0,0,0,0,0,0,0,0,0,0,0,0,0,0,0,0,0,-0.703328,0.0591073,-0.122071,0.588145,-0.0606006,0.0624852,-0.114194,0.337432,0.022466,0.158225,-0.175645,-0.209326,-0.00528051,-0.0965261,0.0936358,0.227193,0.195941,0.00727935,0.321459,-0.0151237,0.0046597,0.151034,0.146987,-0.241042,-0.0148751,0.659942,-0.0023977,-0.0188529,0.0370871,1.16334,-0.23355,-0.00202342,-4.24909,1.9082,0.593562,1.15619,0.278874,0.208604,-0.729766,-0.221651,-0.193148,0.0815834,0.149294,-0.0683083,-0.261735,-0.0129725,0.111664,0.0288773,-0.144794,0.151829,0.327508,-0.734893,0.0256583,0.0415068,-0.119306,-0.00572654,-0.0159154,0.144294,-1.4841,-3.19244,1.41887,5.20161,-0.182054,-0.0955654,0.669257,-34.145,8.60327,0.860536,10.0798,-0.375275,-0.225048,-0.722389,0.330465,-1.47388,1.55459,0.599674,-1.76159,0.0331576,-0.410146,0.0480371,-0.932245,-0.878325,-0.139594,-1.16179,0.00733522,-0.268715,-0.00905854,0,0,0,0,0,0,0,0,0,0,0,0,0,0,0,0,0,0,0,0,0,0,0,0,0,0,0,0,0,2.55789,2.55789,2.55789,6.3088,6.3088,1.81445,2.55789,2.55789,1.81445,6.3088,6.3088,0.907223,0.907223,1.81445,1.81445,0.907223,0.907223,1.81445,1.81445,0.907223,0.907223,0.907223,0.907223,0.907223,0.907223,1.06814,1.06814,1.06814,1.06814,40.1792,40.1792,40.1792,99.0984,99.0984,28.5012,40.1792,40.1792,28.5012,99.0984,99.0984,14.2506,14.2506,28.5012,28.5012,14.2506,14.2506,28.5012,28.5012,14.2506,14.2506,14.2506,14.2506,14.2506,14.2506,16.7783,16.7783,16.7783,16.7783,0,0,0,0,0,0,0,0,0,0,0,0,0,0,0,0,0,0,0,0,0,0,0,0,0,0,0,0,0,0,0,0,0,0,0,0,0,0,0,0,0,0,0,0,0,0,0,0,0,0,0,0,0,0,0,0,0,0,0,0,0,0,0,0,0,0,0,0,0,0,0,0,0,0,0,0,0,0,0,0,0,0,0,0,0,0,0,0,0,0,0,0,0,0,0,0,0,0,0,0,0,0,0,0,0,0,0,0,0,0,0,0,0,0,0,0,0,-0.0275279,0.0430542,-0.200365,-0.209958,-0.365608,0.245065,0.253171,-0.223424,-0.231962,0.0943119,-0.0517756,-0.0250415,-0.180246,-0.223573,-0.503108,0.574048,-0.0605018,-0.0222776,-0.0956761,-0.867398,-0.0484298,-0.480742,-0.120653,0.778035,0.418105,0.650846,-0.978708,-1.55404,1.2074,0.512755,0.24112,-0.48729,-0.587475,-0.0523871,-0.0660634,0.325805,0.0603875,0.10575,0.00231786,-0.474941,0.341229,0.124058,-0.087267,-0.213714,-0.0109826,-0.101733,0.10748,0.107917,0.311035,0.041363,0.2618,-0.0265347,-0.0212402,0.183371,0.0396527,-0.297989,-0.0227076,0.583344,-0.0016597,-0.0358157,0.0484886,0.652,0.0430409,0.0274989,-0.998695,0.6,0,0,1.61343,1.21549,3
1.63697,-3.50354,14.1544,-0.269542,-0.097154,0.0420186,-0.0319913,0.0414532,-0.199623,1.63697,-3.50354,14.1544,-0.269542,-0.097154,0.0420186,-0.0319913,0.0414532,-0.199623,-0.55719,-0.0939484,-0.0333019,0.286874,0.0458364,0.10687,0.0560659,-0.42717,0.330633,0.158651,-0.087267,-0.161876,-0.0145068,-0.111758,0.0900749,0.104108,0.319805,0.0450063,0.2618,-0.0291063,-0.0276167,0.189104,0.0479012,-0.302397,-0.0170837,0.5824,-0.000980881,-0.03684,0.0483239,0,0,0,0,0,0,0,0,0,0,0,0,0,0,0,0,0,0,0,0,0,0,0,0,0,0,0,0,0,-0.67525,0.0530676,-0.122304,0.51384,-0.0176692,0.0762461,-0.0882782,0.341522,0.0296696,0.145029,-0.181042,-0.21299,-0.00610754,-0.0911206,0.0896735,0.221093,0.196546,0.0103626,0.32252,-0.018594,0.00587832,0.158196,0.132601,-0.23886,-0.0140695,0.658236,-0.00236898,-0.0193366,0.0401397,1.33584,-0.534001,-0.354346,-2.31878,2.72962,0.807023,1.27632,0.027558,0.510519,-0.565987,-0.31231,-0.192015,-0.149676,0.522314,-0.16139,-0.313379,0.10567,0.184318,0.102661,-0.163855,0.0219174,0.348254,-0.698681,0.241321,0.043517,0.0250048,0.000861952,-0.027288,0.139262,0.106487,-3.07686,2.9782,-2.04518,-9.44747,-0.585244,0.41252,-33.0534,8.05649,1.5369,11.15,0.153038,0.0399289,-1.04362,0.845372,-1.33581,1.56344,0.571553,-1.87863,0.0354848,-0.406713,0.0459543,-0.706706,-1.01187,-0.160402,-1.23808,0.0104323,-0.245255,-0.0100807,0,0,0,0,0,0,0,0,0,0,0,0,0,0,0,0,0,0,0,0,0,0,0,0,0,0,0,0,0,2.55789,2.55789,2.55789,6.3088,6.3088,1.81445,2.55789,2.55789,1.81445,6.3088,6.3088,0.907223,0.907223,1.81445,1.81445,0.907223,0.907223,1.81445,1.81445,0.907223,0.907223,0.907223,0.907223,0.907223,0.907223,1.06814,1.06814,1.06814,1.06814,40.1792,40.1792,40.1792,99.0984,99.0984,28.5012,40.1792,40.1792,28.5012,99.0984,99.0984,14.2506,14.2506,28.5012,28.5012,14.2506,14.2506,28.5012,28.5012,14.2506,14.2506,14.2506,14.2506,14.2506,14.2506,16.7783,16.7783,16.7783,16.7783,0,0,0,0,0,0,0,0,0,0,0,0,0,0,0,0,0,0,0,0,0,0,0,0,0,0,0,0,0,0,0,0,0,0,0,0,0,0,0,0,0,0,0,0,0,0,0,0,0,0,0,0,0,0,0,0,0,0,0,0,0,0,0,0,0,0,0,0,0,0,0,0,0,0,0,0,0,0,0,0,0,0,0,0,0,0,0,0,0,0,0,0,0,0,0,0,0,0,0,0,0,0,0,0,0,0,0,0,0,0,0,0,0,0,0,0,0,-0.0319913,0.0414532,-0.199623,-0.218643,-0.346801,0.20538,0.273167,-0.233476,-0.25482,0.102619,-0.0389525,-0.033077,-0.224422,-0.236245,-0.447798,0.672209,-0.0663653,-0.013166,-0.171581,-0.780153,-0.0629688,-0.494491,-0.0608202,0.753877,0.431176,0.648636,-1.08973,-1.45539,1.1659,0.596707,0.243675,-0.369094,-0.55719,-0.0939484,-0.0333019,0.286874,0.0458364,0.10687,0.0560659,-0.42717,0.330633,0.158651,-0.087267,-0.161876,-0.0145068,-0.111758,0.0900749,0.104108,0.319805,0.0450063,0.2618,-0.0291063,-0.0276167,0.189104,0.0479012,-0.302397,-0.0170837,0.5824,-0.000980881,-0.03684,0.0483239,0.644,0.0414413,0.0319584,-0.99863,0.6,0,0,1.61529,1.20658,3
0.927133,-4.02833,14.3571,-0.491187,0.0512087,0.0724797,-0.0398531,0.0414942,-0.19857,0.927133,-4.02833,14.3571,-0.491187,0.0512087,0.0724797,-0.0398531,0.0414942,-0.19857,-0.463006,-0.180056,0.0238764,0.289028,-0.0177892,0.0910619,0.0829266,-0.315939,0.312071,0.199333,-0.0697416,-0.0785054,-0.0188037,-0.116053,0.0989856,0.127792,0.310535,0.0391157,0.2618,-0.030472,-0.0297038,0.179726,0.076259,-0.304791,-0.00994289,0.586102,0.000607041,-0.0379787,0.0442955,0,0,0,0,0,0,0,0,0,0,0,0,0,0,0,0,0,0,0,0,0,0,0,0,0,0,0,0,0,-0.643959,0.0391222,-0.12202,0.482684,0.0181486,0.0865989,-0.0624163,0.331852,0.0436697,0.138281,-0.189319,-0.21639,-0.0107374,-0.0674782,0.0829928,0.213381,0.202328,0.014898,0.325913,-0.0219956,0.00552545,0.165357,0.118501,-0.228689,-0.0117554,0.660967,-0.00216686,-0.0193756,0.042187,1.66645,-0.730871,0.56966,-1.37046,0.788677,0.127388,1.22167,-0.910587,0.732907,-0.252746,-0.45156,-0.156057,-0.193846,1.68975,-0.345137,-0.40595,0.443777,0.2391,0.172273,-0.157087,-0.0121076,0.337671,-0.641929,0.707346,0.192048,0.144682,0.0110283,0.0234346,0.0895267,-0.604246,-3.54427,2.45897,-11.2422,-3.01042,0.193598,1.66415,-28.4548,6.87366,3.55818,12.8727,0.916515,0.134414,-4.06932,0.845991,-1.19709,1.30943,0.435955,-2.14477,0.0409408,-0.457819,0.0336902,-0.4176,-1.64307,-0.227285,-1.4865,0.00834889,-0.31182,0.0099406,0,0,0,0,0,0,0,0,0,0,0,0,0,0,0,0,0,0,0,0,0,0,0,0,0,0,0,0,0,2.55789,2.55789,2.55789,6.3088,6.3088,1.81445,2.55789,2.55789,1.81445,6.3088,6.3088,0.907223,0.907223,1.81445,1.81445,0.907223,0.907223,1.81445,1.81445,0.907223,0.907223,0.907223,0.907223,0.907223,0.907223,1.06814,1.06814,1.06814,1.06814,40.1792,40.1792,40.1792,99.0984,99.0984,28.5012,40.1792,40.1792,28.5012,99.0984,99.0984,14.2506,14.2506,28.5012,28.5012,14.2506,14.2506,28.5012,28.5012,14.2506,14.2506,14.2506,14.2506,14.2506,14.2506,16.7783,16.7783,16.7783,16.7783,0,0,0,0,0,0,0,0,0,0,0,0,0,0,0,0,0,0,0,0,0,0,0,0,0,0,0,0,0,0,0,0,0,0,0,0,0,0,0,0,0,0,0,0,0,0,0,0,0,0,0,0,0,0,0,0,0,0,0,0,0,0,0,0,0,0,0,0,0,0,0,0,0,0,0,0,0,0,0,0,0,0,0,0,0,0,0,0,0,0,0,0,0,0,0,0,0,0,0,0,0,0,0,0,0,0,0,0,0,0,0,0,0,0,0,0,0,-0.0398531,0.0414942,-0.19857,-0.164641,-0.282142,0.225697,0.25203,-0.238934,-0.264613,0.0891877,-0.0226708,-0.0428743,-0.245176,-0.186545,-0.275787,0.721266,-0.0694792,0.00814811,-0.328841,-0.577009,-0.0677276,-0.509776,0.0436061,0.711553,0.409792,0.594564,-1.08359,-1.33938,0.984456,0.836301,0.20763,-0.179,-0.463006,-0.180056,0.0238764,0.289028,-0.0177892,0.0910619,0.0829266,-0.315939,0.312071,0.199333,-0.0697416,-0.0785054,-0.0188037,-0.116053,0.0989856,0.127792,0.310535,0.0391157,0.2618,-0.030472,-0.0297038,0.179726,0.076259,-0.304791,-0.00994289,0.586102,0.000607041,-0.0379787,0.0442955,1.333,0.0414823,0.0398083,-0.998346,0.6,0,0,1.61529,1.20658,3
1.42312,-0.115665,10.1869,-0.437516,0.170612,0.12038,-0.0494896,0.0446603,-0.196622,1.42312,-0.115665,10.1869,-0.437516,0.170612,0.12038,-0.0494896,0.0446603,-0.196622,-0.385607,-0.259043,0.0928366,0.329613,-0.0720496,0.0846726,0.117175,-0.200233,0.302686,0.234424,0.0618685,0.00729538,-0.0201466,-0.0632192,0.102858,0.151614,0.29241,0.0277634,0.2618,-0.0252224,-0.0308419,0.170888,0.0832601,-0.306881,-0.0144377,0.588758,0.00205291,-0.0405177,0.0409699,0,0,0,0,0,0,0,0,0,0,0,0,0,0,0,0,0,0,0,0,0,0,0,0,0,0,0,0,0,-0.604248,0.0229408,-0.10289,0.451564,0.0221618,0.0880842,-0.0369764,0.30743,0.0587664,0.136275,-0.199928,-0.217729,-0.014967,-0.0282453,0.0718428,0.204921,0.212588,0.0188859,0.32753,-0.0249602,0.00478771,0.169433,0.107926,-0.214005,-0.00500412,0.659937,-0.00156412,-0.0195595,0.0430269,2.11059,-0.877787,1.0986,-1.71411,-0.0274838,0.0537797,1.23974,-1.37374,0.758359,-0.0297608,-0.568972,-0.0155185,-0.234187,2.03541,-0.572988,-0.379459,0.52187,0.155658,0.00379279,-0.130272,-0.0594426,0.135352,-0.403174,0.698791,0.429018,-0.213961,0.0292105,-0.0414506,0.0426876,0.438683,-6.02176,2.38263,-5.79814,-3.94993,-0.0219748,1.68897,-21.69,5.8795,6.44676,16.3625,2.00279,0.148753,-6.09155,1.82909,-0.749176,0.931996,0.287524,-1.9078,0.0403621,-0.443827,0.0200822,-0.0686842,-1.92114,-0.435583,-1.05157,0.00473716,-0.274025,-0.0187897,0,0,0,0,0,0,0,0,0,0,0,0,0,0,0,0,0,0,0,0,0,0,0,0,0,0,0,0,0,2.55789,2.55789,2.55789,6.3088,6.3088,1.81445,2.55789,2.55789,1.81445,6.3088,6.3088,0.907223,0.907223,1.81445,1.81445,0.907223,0.907223,1.81445,1.81445,0.907223,0.907223,0.907223,0.907223,0.907223,0.907223,1.06814,1.06814,1.06814,1.06814,40.1792,40.1792,40.1792,99.0984,99.0984,28.5012,40.1792,40.1792,28.5012,99.0984,99.0984,14.2506,14.2506,28.5012,28.5012,14.2506,14.2506,28.5012,28.5012,14.2506,14.2506,14.2506,14.2506,14.2506,14.2506,16.7783,16.7783,16.7783,16.7783,0,0,0,0,0,0,0,0,0,0,0,0,0,0,0,0,0,0,0,0,0,0,0,0,0,0,0,0,0,0,0,0,0,0,0,0,0,0,0,0,0,0,0,0,0,0,0,0,0,0,0,0,0,0,0,0,0,0,0,0,0,0,0,0,0,0,0,0,0,0,0,0,0,0,0,0,0,0,0,0,0,0,0,0,0,0,0,0,0,0,0,0,0,0,0,0,0,0,0,0,0,0,0,0,0,0,0,0,0,0,0,0,0,0,0,0,0,-0.0494896,0.0446603,-0.196622,-0.110326,-0.266179,0.234527,0.210704,-0.243699,-0.144146,0.0633034,-0.0329194,-0.0459362,-0.248796,-0.150895,-0.134431,0.783816,-0.0575096,0.0275556,-0.473098,-0.365692,-0.0703226,-0.543855,0.16955,0.690155,0.389642,0.549925,-0.967848,-1.2393,0.829719,1.21162,0.193062,0.0166342,-0.385607,-0.259043,0.0928366,0.329613,-0.0720496,0.0846726,0.117175,-0.200233,0.302686,0.234424,0.0618685,0.00729538,-0.0201466,-0.0632192,0.102858,0.151614,0.29241,0.0277634,0.2618,-0.0252224,-0.0308419,0.170888,0.0832601,-0.306881,-0.0144377,0.588758,0.00205291,-0.0405177,0.0409699,0.653,0.0446454,0.0494201,-0.99778,0.6,0,0,1.61785,1.19621,3
0.756232,1.14548,9.22688,-0.241223,0.242366,0.0995766,-0.0560874,0.0495347,-0.194508,0.756232,1.14548,9.22688,-0.241223,0.242366,0.0995766,-0.0560874,0.0495347,-0.194508,-0.362504,-0.303614,0.144885,0.354212,-0.117357,0.0880408,0.16585,-0.121903,0.269784,0.270671,0.18209,0.0710447,-0.031348,0.0133153,0.0934719,0.171541,0.282746,0.0222834,0.2618,-0.0160867,-0.0349423,0.151718,0.0789736,-0.280748,-0.0027749,0.589378,0.00285783,-0.0433058,0.0391118,0,0,0,0,0,0,0,0,0,0,0,0,0,0,0,0,0,0,0,0,0,0,0,0,0,0,0,0,0,-0.561596,0.0054646,-0.082347,0.422706,0.00795439,0.0903191,-0.00945107,0.280887,0.0769703,0.132607,-0.206094,-0.216545,-0.0216907,0.00906199,0.0573772,0.197877,0.22156,0.0205486,0.326194,-0.0258972,0.00276438,0.170225,0.100537,-0.20178,0.00332456,0.654321,-0.000766496,-0.0217022,0.0434643,2.09019,-0.818334,0.954643,-1.35666,-0.84042,0.156213,1.36494,-1.24,1.06401,-0.2322,-0.153188,0.11765,-0.448969,1.67852,-0.710111,-0.282799,0.371007,0.0309629,-0.124131,-0.0195247,-0.125343,-0.00476207,-0.328904,0.523984,0.402176,-0.321822,0.0374771,-0.125116,0.0198748,1.82196,-8.56634,4.6222,-0.862119,-2.76397,-0.427423,1.64083,-16.202,4.62176,11.5192,27.6072,3.09356,0.396996,-5.09235,2.59547,-0.391023,0.666303,0.136288,-1.63547,0.0283864,-0.372506,0.00973898,0.0539908,-1.97699,-0.610123,-0.774343,0.00699725,-0.186851,-0.0610242,0,0,0,0,0,0,0,0,0,0,0,0,0,0,0,0,0,0,0,0,0,0,0,0,0,0,0,0,0,2.55789,2.55789,2.55789,6.3088,6.3088,1.81445,2.55789,2.55789,1.81445,6.3088,6.3088,0.907223,0.907223,1.81445,1.81445,0.907223,0.907223,1.81445,1.81445,0.907223,0.907223,0.907223,0.907223,0.907223,0.907223,1.06814,1.06814,1.06814,1.06814,40.1792,40.1792,40.1792,99.0984,99.0984,28.5012,40.1792,40.1792,28.5012,99.0984,99.0984,14.2506,14.2506,28.5012,28.5012,14.2506,14.2506,28.5012,28.5012,14.2506,14.2506,14.2506,14.2506,14.2506,14.2506,16.7783,16.7783,16.7783,16.7783,0,0,0,0,0,0,0,0,0,0,0,0,0,0,0,0,0,0,0,0,0,0,0,0,0,0,0,0,0,0,0,0,0,0,0,0,0,0,0,0,0,0,0,0,0,0,0,0,0,0,0,0,0,0,0,0,0,0,0,0,0,0,0,0,0,0,0,0,0,0,0,0,0,0,0,0,0,0,0,0,0,0,0,0,0,0,0,0,0,0,0,0,0,0,0,0,0,0,0,0,0,0,0,0,0,0,0,0,0,0,0,0,0,0,0,0,0,-0.0560874,0.0495347,-0.194508,-0.0648891,-0.275952,0.213125,0.188669,-0.184113,0.0303602,0.0508084,-0.00632705,-0.0714765,-0.228952,-0.14258,-0.0922368,0.872712,-0.0366794,0.0383597,-0.554499,-0.222635,-0.079672,-0.58128,0.264607,0.615134,0.345932,0.524984,-0.897697,-1.13594,0.700515,1.55446,0.200742,0.161989,-0.362504,-0.303614,0.144885,0.354212,-0.117357,0.0880408,0.16585,-0.121903,0.269784,0.270671,0.18209,0.0710447,-0.031348,0.0133153,0.0934719,0.171541,0.282746,0.0222834,0.2618,-0.0160867,-0.0349423,0.151718,0.0789736,-0.280748,-0.0027749,0.589378,0.00285783,-0.0433058,0.0391118,0.652,0.0495145,0.0559892,-0.997203,0.6,0,0,1.61699,1.18169,3
0.175717,0.849337,9.71307,-0.102797,0.31999,0.0366152,-0.0592471,0.0557169,-0.193528,0.175717,0.849337,9.71307,-0.102797,0.31999,0.0366152,-0.0592471,0.0557169,-0.193528,-0.345738,-0.322194,0.158781,0.35911,-0.115232,0.101748,0.200998,-0.0852621,0.228532,0.320444,0.283969,0.117542,-0.0451168,0.0425798,0.082487,0.193395,0.284007,0.0275422,0.2618,-0.00742777,-0.0378661,0.132383,0.0805415,-0.266938,0.00314447,0.589635,0.00321112,-0.0448375,0.0378442,0,0,0,0,0,0,0,0,0,0,0,0,0,0,0,0,0,0,0,0,0,0,0,0,0,0,0,0,0,-0.521997,-0.00561588,-0.0640085,0.402576,-0.0185762,0.0967259,0.0182585,0.261449,0.101895,0.126395,-0.200408,-0.212237,-0.0320087,0.0355733,0.0410679,0.1931,0.22666,0.0207335,0.323278,-0.0240905,-0.000849109,0.16632,0.0931405,-0.192634,0.0108365,0.649407,6.14403e-05,-0.0247195,0.0432183,1.89165,-0.333243,0.867433,-0.894372,-1.33385,0.368319,1.31145,-0.75813,1.3495,-0.285621,0.537134,0.383552,-0.571337,1.04647,-0.809377,-0.171205,0.172135,-0.0306121,-0.17842,0.110559,-0.196265,-0.251442,-0.369532,0.4065,0.356907,-0.210131,0.0373105,-0.136355,-0.0160499,1.65185,-11.0513,6.19776,0.748538,-1.47813,-0.903084,2.59969,-13.4232,2.44763,16.1515,34.808,3.74169,0.504193,-2.57223,2.95384,-0.138914,0.632815,0.0819021,-1.45147,0.0147082,-0.313541,0.0140022,0.129314,-1.62285,-0.511785,-0.786323,0.00678876,-0.165028,-0.0505468,0,0,0,0,0,0,0,0,0,0,0,0,0,0,0,0,0,0,0,0,0,0,0,0,0,0,0,0,0,2.55789,2.55789,2.55789,6.3088,6.3088,1.81445,2.55789,2.55789,1.81445,6.3088,6.3088,0.907223,0.907223,1.81445,1.81445,0.907223,0.907223,1.81445,1.81445,0.907223,0.907223,0.907223,0.907223,0.907223,0.907223,1.06814,1.06814,1.06814,1.06814,40.1792,40.1792,40.1792,99.0984,99.0984,28.5012,40.1792,40.1792,28.5012,99.0984,99.0984,14.2506,14.2506,28.5012,28.5012,14.2506,14.2506,28.5012,28.5012,14.2506,14.2506,14.2506,14.2506,14.2506,14.2506,16.7783,16.7783,16.7783,16.7783,0,0,0,0,0,0,0,0,0,0,0,0,0,0,0,0,0,0,0,0,0,0,0,0,0,0,0,0,0,0,0,0,0,0,0,0,0,0,0,0,0,0,0,0,0,0,0,0,0,0,0,0,0,0,0,0,0,0,0,0,0,0,0,0,0,0,0,0,0,0,0,0,0,0,0,0,0,0,0,0,0,0,0,0,0,0,0,0,0,0,0,0,0,0,0,0,0,0,0,0,0,0,0,0,0,0,0,0,0,0,0,0,0,0,0,0,0,-0.0592471,0.0557169,-0.193528,-0.0150592,-0.272377,0.188079,0.191544,-0.152624,0.0970861,0.062799,0.00716971,-0.102871,-0.206447,-0.139133,-0.0616164,0.936903,-0.0169361,0.0431018,-0.588432,-0.155717,-0.0863385,-0.601838,0.289986,0.521075,0.301848,0.507969,-0.88373,-0.993995,0.706572,1.845,0.231996,0.268007,-0.345738,-0.322194,0.158781,0.35911,-0.115232,0.101748,0.200998,-0.0852621,0.228532,0.320444,0.283969,0.117542,-0.0451168,0.0425798,0.082487,0.193395,0.284007,0.0275422,0.2618,-0.00742777,-0.0378661,0.132383,0.0805415,-0.266938,0.00314447,0.589635,0.00321112,-0.0448375,0.0378442,0.683,0.0556881,0.0591206,-0.996696,0.6,0,0,1.61699,1.18169,3
-0.129532,0.284698,10.1782,-0.021111,0.392004,-0.0298595,-0.0602329,0.063213,-0.194034,-0.129532,0.284698,10.1782,-0.021111,0.392004,-0.0298595,-0.0602329,0.063213,-0.194034,-0.320461,-0.342348,0.17662,0.364034,-0.0872178,0.120641,0.20734,-0.0681958,0.202125,0.353559,0.339873,0.143945,-0.0540608,0.0358143,0.0677013,0.213434,0.29199,0.0367328,0.2618,0.00100052,-0.0437545,0.119763,0.0818315,-0.276788,-0.00334092,0.590171,0.00318932,-0.0467376,0.0371417,0,0,0,0,0,0,0,0,0,0,0,0,0,0,0,0,0,0,0,0,0,0,0,0,0,0,0,0,0,-0.485256,-0.00545489,-0.0496001,0.386772,-0.0417639,0.10702,0.0422609,0.253587,0.126061,0.123256,-0.181117,-0.198922,-0.0435457,0.0477183,0.0232371,0.190807,0.22743,0.0209404,0.319585,-0.0201998,-0.00530651,0.157743,0.0852528,-0.185445,0.0172751,0.646387,0.000770674,-0.0273453,0.0425953,1.76295,0.230739,0.590842,-0.711496,-1.03222,0.523395,1.05867,-0.138214,1.09402,-0.00468538,1.22101,0.893214,-0.566468,0.315533,-0.89228,-0.0511078,-0.0316546,-0.00361844,-0.198499,0.196994,-0.220108,-0.45322,-0.381834,0.336752,0.295194,-0.116119,0.0312595,-0.112575,-0.0311472,1.17818,-13.2116,6.84578,1.71056,-0.768589,-1.09618,3.66035,-13.1626,0.96191,19.7959,38.8419,3.7686,0.481513,-0.786959,3.28286,0.0972389,0.825437,0.180943,-1.30373,0.0037571,-0.267647,0.0454063,0.277237,-1.45958,-0.465597,-0.826551,0.00743692,-0.171613,-0.0459579,0,0,0,0,0,0,0,0,0,0,0,0,0,0,0,0,0,0,0,0,0,0,0,0,0,0,0,0,0,2.55789,2.55789,2.55789,6.3088,6.3088,1.81445,2.55789,2.55789,1.81445,6.3088,6.3088,0.907223,0.907223,1.81445,1.81445,0.907223,0.907223,1.81445,1.81445,0.907223,0.907223,0.907223,0.907223,0.907223,0.907223,1.06814,1.06814,1.06814,1.06814,40.1792,40.1792,40.1792,99.0984,99.0984,28.5012,40.1792,40.1792,28.5012,99.0984,99.0984,14.2506,14.2506,28.5012,28.5012,14.2506,14.2506,28.5012,28.5012,14.2506,14.2506,14.2506,14.2506,14.2506,14.2506,16.7783,16.7783,16.7783,16.7783,0,0,0,0,0,0,0,0,0,0,0,0,0,0,0,0,0,0,0,0,0,0,0,0,0,0,0,0,0,0,0,0,0,0,0,0,0,0,0,0,0,0,0,0,0,0,0,0,0,0,0,0,0,0,0,0,0,0,0,0,0,0,0,0,0,0,0,0,0,0,0,0,0,0,0,0,0,0,0,0,0,0,0,0,0,0,0,0,0,0,0,0,0,0,0,0,0,0,0,0,0,0,0,0,0,0,0,0,0,0,0,0,0,0,0,0,0,-0.0602329,0.063213,-0.194034,0.0306316,-0.269436,0.154366,0.209746,-0.175085,0.0816602,0.0837544,-0.00761763,-0.123264,-0.186655,-0.131932,-0.0154519,0.948486,0.00228128,0.0428092,-0.625241,-0.124548,-0.0997646,-0.627342,0.322567,0.460866,0.273071,0.49854,-0.869689,-0.899559,0.786463,2.00442,0.275075,0.328208,-0.320461,-0.342348,0.17662,0.364034,-0.0872178,0.120641,0.20734,-0.0681958,0.202125,0.353559,0.339873,0.143945,-0.0540608,0.0358143,0.0677013,0.213434,0.29199,0.0367328,0.2618,0.00100052,-0.0437545,0.119763,0.0818315,-0.276788,-0.00334092,0.590171,0.00318932,-0.0467376,0.0371417,0.688,0.0631709,0.0600763,-0.996193,0.6,0,0,1.6106,1.1759,3
0.865248,0.625788,9.30119,0.00337943,0.417146,-0.0646413,-0.0604787,0.07265,-0.195864,0.865248,0.625788,9.30119,0.00337943,0.417146,-0.0646413,-0.0604787,0.07265,-0.195864,-0.238042,-0.359209,0.176156,0.37005,-0.0599527,0.151654,0.165829,-0.0699408,0.193806,0.377524,0.389146,0.170588,-0.0556105,0.0187421,0.0615584,0.239722,0.301197,0.0459791,0.2618,0.00861447,-0.0519466,0.111226,0.0914965,-0.288918,-0.0140816,0.590944,0.00325662,-0.0500085,0.0372095,0,0,0,0,0,0,0,0,0,0,0,0,0,0,0,0,0,0,0,0,0,0,0,0,0,0,0,0,0,-0.447592,0.0049252,-0.035231,0.373635,-0.0540353,0.119151,0.0622922,0.257007,0.144915,0.128669,-0.147838,-0.173376,-0.0538437,0.0475603,0.00194775,0.191175,0.224903,0.0219441,0.315276,-0.0144523,-0.0110345,0.146058,0.0773509,-0.178549,0.0223977,0.644488,0.00132411,-0.0297872,0.0420255,1.67805,0.635277,0.948834,-0.47282,-0.540303,0.194897,0.784193,0.367143,0.661789,0.427683,1.68602,1.33962,-0.350644,-0.238005,-0.948377,0.0934321,-0.154639,0.0281541,-0.197227,0.247002,-0.253426,-0.501337,-0.285269,0.280662,0.197213,-0.0882982,0.0220678,-0.0954631,-0.0221569,0.93895,-15.4772,6.41407,2.07424,-0.0266613,-0.444745,3.8223,-13.8776,0.392579,19.8393,38.1717,3.36987,0.336131,0.00270716,3.57958,0.252052,1.0853,0.355034,-1.17588,-0.00368065,-0.23818,0.0781387,0.337706,-1.65678,-0.54429,-0.82527,0.00785595,-0.182325,-0.0578652,0,0,0,0,0,0,0,0,0,0,0,0,0,0,0,0,0,0,0,0,0,0,0,0,0,0,0,0,0,2.55789,2.55789,2.55789,6.3088,6.3088,1.81445,2.55789,2.55789,1.81445,6.3088,6.3088,0.907223,0.907223,1.81445,1.81445,0.907223,0.907223,1.81445,1.81445,0.907223,0.907223,0.907223,0.907223,0.907223,0.907223,1.06814,1.06814,1.06814,1.06814,40.1792,40.1792,40.1792,99.0984,99.0984,28.5012,40.1792,40.1792,28.5012,99.0984,99.0984,14.2506,14.2506,28.5012,28.5012,14.2506,14.2506,28.5012,28.5012,14.2506,14.2506,14.2506,14.2506,14.2506,14.2506,16.7783,16.7783,16.7783,16.7783,0,0,0,0,0,0,0,0,0,0,0,0,0,0,0,0,0,0,0,0,0,0,0,0,0,0,0,0,0,0,0,0,0,0,0,0,0,0,0,0,0,0,0,0,0,0,0,0,0,0,0,0,0,0,0,0,0,0,0,0,0,0,0,0,0,0,0,0,0,0,0,0,0,0,0,0,0,0,0,0,0,0,0,0,0,0,0,0,0,0,0,0,0,0,0,0,0,0,0,0,0,0,0,0,0,0,0,0,0,0,0,0,0,0,0,0,0,-0.0604787,0.07265,-0.195864,0.0905701,-0.247399,0.140359,0.230739,-0.202742,0.042734,0.104837,-0.0321076,-0.126797,-0.172767,-0.121551,0.135072,0.872673,0.0196419,0.0437125,-0.656034,-0.127735,-0.118443,-0.671248,0.32172,0.441898,0.253605,0.49945,-0.852531,-0.831219,0.864216,2.14493,0.345785,0.388958,-0.238042,-0.359209,0.176156,0.37005,-0.0599527,0.151654,0.165829,-0.0699408,0.193806,0.377524,0.389146,0.170588,-0.0556105,0.0187421,0.0615584,0.239722,0.301197,0.0459791,0.2618,0.00861447,-0.0519466,0.111226,0.0914965,-0.288918,-0.0140816,0.590944,0.00325662,-0.0500085,0.0372095,0.592,0.0717633,0.0602797,-0.995598,0.6,0,0,1.6106,1.1759,3
1.29993,0.266259,9.52033,0.0300978,0.335794,-0.0611368,-0.0601731,0.079523,-0.197486,1.29993,0.266259,9.52033,0.0300978,0.335794,-0.0611368,-0.0601731,0.079523,-0.197486,-0.131042,-0.340311,0.157589,0.351326,-0.00715781,0.191655,0.10386,-0.0619386,0.181773,0.425816,0.42436,0.202694,-0.04797,-0.0200486,0.0534251,0.25143,0.326181,0.0648782,0.2618,0.0134764,-0.0620625,0.104549,0.117946,-0.308708,-0.026726,0.591669,0.00349834,-0.0529322,0.0371275,0,0,0,0,0,0,0,0,0,0,0,0,0,0,0,0,0,0,0,0,0,0,0,0,0,0,0,0,0,-0.41557,0.0161015,-0.0167139,0.366216,-0.0560703,0.127183,0.0748156,0.267515,0.152684,0.139955,-0.114107,-0.1463,-0.0573444,0.0387627,-0.0152513,0.194423,0.220875,0.0231857,0.312191,-0.00911544,-0.0164662,0.136449,0.0738137,-0.174428,0.0245972,0.643092,0.00164827,-0.0319564,0.0419035,1.83197,0.543455,0.992615,-0.347518,-0.0661565,0.486134,0.596239,0.721271,0.25658,0.785763,1.98318,1.64529,-0.0739285,-0.641763,-0.903501,0.263675,-0.250768,0.065894,-0.162053,0.287677,-0.303229,-0.507462,-0.102833,0.190431,0.0742559,-0.0658639,0.0167271,-0.122184,-0.00515324,2.6049,-16.5061,5.25145,2.60454,0.0348185,-0.182607,2.10448,-15.2833,0.648735,18.9592,37.8538,3.10005,0.117321,0.511465,3.82606,0.434057,1.36406,0.521791,-1.14914,-0.00781253,-0.233174,0.0992845,0.368387,-1.80675,-0.623947,-0.803054,0.00942983,-0.173496,-0.0742903,0,0,0,0,0,0,0,0,0,0,0,0,0,0,0,0,0,0,0,0,0,0,0,0,0,0,0,0,0,2.55789,2.55789,2.55789,6.3088,6.3088,1.81445,2.55789,2.55789,1.81445,6.3088,6.3088,0.907223,0.907223,1.81445,1.81445,0.907223,0.907223,1.81445,1.81445,0.907223,0.907223,0.907223,0.907223,0.907223,0.907223,1.06814,1.06814,1.06814,1.06814,40.1792,40.1792,40.1792,99.0984,99.0984,28.5012,40.1792,40.1792,28.5012,99.0984,99.0984,14.2506,14.2506,28.5012,28.5012,14.2506,14.2506,28.5012,28.5012,14.2506,14.2506,14.2506,14.2506,14.2506,14.2506,16.7783,16.7783,16.7783,16.7783,0,0,0,0,0,0,0,0,0,0,0,0,0,0,0,0,0,0,0,0,0,0,0,0,0,0,0,0,0,0,0,0,0,0,0,0,0,0,0,0,0,0,0,0,0,0,0,0,0,0,0,0,0,0,0,0,0,0,0,0,0,0,0,0,0,0,0,0,0,0,0,0,0,0,0,0,0,0,0,0,0,0,0,0,0,0,0,0,0,0,0,0,0,0,0,0,0,0,0,0,0,0,0,0,0,0,0,0,0,0,0,0,0,0,0,0,0,-0.0601731,0.079523,-0.197486,0.117266,-0.187092,0.121815,0.287705,-0.247866,-0.0457129,0.147929,-0.0609379,-0.109376,-0.165603,-0.111827,0.330488,0.759496,0.0307276,0.046957,-0.621519,-0.11312,-0.141509,-0.710491,0.287809,0.41446,0.238381,0.498349,-0.905928,-0.693501,1.01477,2.24536,0.436993,0.462163,-0.131042,-0.340311,0.157589,0.351326,-0.00715781,0.191655,0.10386,-0.0619386,0.181773,0.425816,0.42436,0.202694,-0.04797,-0.0200486,0.0534251,0.25143,0.326181,0.0648782,0.2618,0.0134764,-0.0620625,0.104549,0.117946,-0.308708,-0.026726,0.591669,0.00349834,-0.0529322,0.0371275,0.67,0.0794392,0.0599468,-0.995036,0.6,0,0,1.59992,1.17498,3
1.5927,-0.0617433,9.27241,0.0388478,0.228311,-0.0439119,-0.0594957,0.0853821,-0.198973,1.5927,-0.0617433,9.27241,0.0388478,0.228311,-0.0439119,-0.0594957,0.0853821,-0.198973,0.0441274,-0.275429,0.091747,0.318846,0.0429225,0.236731,-0.0406157,0.0489948,0.15157,0.51167,0.33996,0.219169,-0.0224292,-0.0804671,0.0683122,0.248102,0.341501,0.0869862,0.2618,0.010405,-0.0946311,0.0912362,0.207621,-0.349001,-0.046785,0.594684,0.00364749,-0.0545875,0.0339441,0,0,0,0,0,0,0,0,0,0,0,0,0,0,0,0,0,0,0,0,0,0,0,0,0,0,0,0,0,-0.373883,0.0248612,-0.000815324,0.355568,-0.0437813,0.144365,0.0824251,0.285793,0.153593,0.165045,-0.0721626,-0.107449,-0.0581483,0.0220557,-0.0335149,0.201356,0.215112,0.0264714,0.3098,-0.00314773,-0.0236206,0.125888,0.0742097,-0.171839,0.0244706,0.64163,0.00196835,-0.0347063,0.0419624,2.22036,0.334168,0.648796,-0.564843,0.580294,0.861551,0.208097,1.04497,-0.1364,1.5469,2.203,2.13702,0.00667591,-0.960791,-0.845463,0.432261,-0.274339,0.180328,-0.106039,0.271726,-0.344397,-0.478955,0.149239,0.0767391,-0.049639,-0.0727945,0.0156986,-0.134822,0.000280728,4.29114,-15.5787,4.69952,3.09604,-0.0336677,-0.215267,0.257529,-16.512,0.970605,16.6501,35.8765,2.56988,0.154772,0.459849,4.01915,0.353341,1.83322,0.768203,-1.18087,-0.00988161,-0.235874,0.131829,0.522556,-2.02758,-0.690819,-0.75963,0.00921018,-0.163022,-0.0827306,0,0,0,0,0,0,0,0,0,0,0,0,0,0,0,0,0,0,0,0,0,0,0,0,0,0,0,0,0,2.55789,2.55789,2.55789,6.3088,6.3088,1.81445,2.55789,2.55789,1.81445,6.3088,6.3088,0.907223,0.907223,1.81445,1.81445,0.907223,0.907223,1.81445,1.81445,0.907223,0.907223,0.907223,0.907223,0.907223,0.907223,1.06814,1.06814,1.06814,1.06814,40.1792,40.1792,40.1792,99.0984,99.0984,28.5012,40.1792,40.1792,28.5012,99.0984,99.0984,14.2506,14.2506,28.5012,28.5012,14.2506,14.2506,28.5012,28.5012,14.2506,14.2506,14.2506,14.2506,14.2506,14.2506,16.7783,16.7783,16.7783,16.7783,0,0,0,0,0,0,0,0,0,0,0,0,0,0,0,0,0,0,0,0,0,0,0,0,0,0,0,0,0,0,0,0,0,0,0,0,0,0,0,0,0,0,0,0,0,0,0,0,0,0,0,0,0,0,0,0,0,0,0,0,0,0,0,0,0,0,0,0,0,0,0,0,0,0,0,0,0,0,0,0,0,0,0,0,0,0,0,0,0,0,0,0,0,0,0,0,0,0,0,0,0,0,0,0,0,0,0,0,0,0,0,0,0,0,0,0,0,-0.0594957,0.0853821,-0.198973,0.109678,0.0173764,0.155759,0.322635,-0.339736,-0.183473,0.198337,-0.106674,-0.0511408,-0.161885,-0.0713596,0.650406,0.495637,0.0237245,0.0489591,-0.503024,0.0894807,-0.215768,-0.732709,0.16756,0.345595,0.208028,0.45562,-0.998554,-0.448665,1.15759,2.00467,0.539771,0.499728,0.0441274,-0.275429,0.091747,0.318846,0.0429225,0.236731,-0.0406157,0.0489948,0.15157,0.51167,0.33996,0.219169,-0.0224292,-0.0804671,0.0683122,0.248102,0.341501,0.0869862,0.2618,0.010405,-0.0946311,0.0912362,0.207621,-0.349001,-0.046785,0.594684,0.00364749,-0.0545875,0.0339441,0.674,0.0852784,0.059244,-0.994594,0.6,0,0,1.59189,1.17664,3
-2.01885,-3.70745,10.2952,-0.229192,0.288037,0.101631,-0.0613482,0.0901341,-0.198948,-2.01885,-3.70745,10.2952,-0.229192,0.288037,0.101631,-0.0613482,0.0901341,-0.198948,0.393062,-0.0511261,-0.148585,0.378315,-0.00383755,0.320911,-0.42541,0.279096,0.105531,0.594816,-0.087267,0.159817,0.0345953,-0.217846,0.172903,0.290002,0.270687,0.0398199,0.2618,0.00881309,-0.140191,0.0387923,0.31709,-0.476339,-0.0777703,0.598913,0.00341354,-0.0489449,0.0204247,0,0,0,0,0,0,0,0,0,0,0,0,0,0,0,0,0,0,0,0,0,0,0,0,0,0,0,0,0,-0.32859,0.0302112,0.00452619,0.332722,-0.0425182,0.179845,0.0732479,0.302916,0.146421,0.217775,-0.03612,-0.0588577,-0.0590109,0.0106714,-0.0492677,0.209549,0.213169,0.0333516,0.308751,0.000701373,-0.0355499,0.114482,0.0809325,-0.168454,0.021682,0.6393,0.0022617,-0.0378603,0.0413728,2.16034,0.258452,0.0357978,-1.5024,-0.137404,1.56428,-0.803099,0.627592,-0.612543,3.14504,1.71854,2.42303,0.107512,-0.16969,-0.83916,0.31641,0.110073,0.402398,-0.0253839,0.156596,-0.645086,-0.532503,0.474043,0.262778,-0.187047,-0.126669,0.017625,-0.158651,-0.0490539,9.53907,-12.9558,3.29923,7.68028,9.70909,-1.42168,-2.66199,-11.8537,1.12666,10.1348,26.9227,1.81741,0.473096,-2.19376,4.79785,0.252275,1.76604,0.818582,-1.28965,-0.00379076,-0.261818,0.154675,1.42049,-2.80198,-0.810581,-0.62811,0.00556534,-0.110964,-0.0751703,0,0,0,0,0,0,0,0,0,0,0,0,0,0,0,0,0,0,0,0,0,0,0,0,0,0,0,0,0,2.55789,2.55789,2.55789,6.3088,6.3088,1.81445,2.55789,2.55789,1.81445,6.3088,6.3088,0.907223,0.907223,1.81445,1.81445,0.907223,0.907223,1.81445,1.81445,0.907223,0.907223,0.907223,0.907223,0.907223,0.907223,1.06814,1.06814,1.06814,1.06814,40.1792,40.1792,40.1792,99.0984,99.0984,28.5012,40.1792,40.1792,28.5012,99.0984,99.0984,14.2506,14.2506,28.5012,28.5012,14.2506,14.2506,28.5012,28.5012,14.2506,14.2506,14.2506,14.2506,14.2506,14.2506,16.7783,16.7783,16.7783,16.7783,0,0,0,0,0,0,0,0,0,0,0,0,0,0,0,0,0,0,0,0,0,0,0,0,0,0,0,0,0,0,0,0,0,0,0,0,0,0,0,0,0,0,0,0,0,0,0,0,0,0,0,0,0,0,0,0,0,0,0,0,0,0,0,0,0,0,0,0,0,0,0,0,0,0,0,0,0,0,0,0,0,0,0,0,0,0,0,0,0,0,0,0,0,0,0,0,0,0,0,0,0,0,0,0,0,0,0,0,0,0,0,0,0,0,0,0,0,-0.0613482,0.0901341,-0.198948,0.205213,0.266978,0.394236,0.161173,-0.630081,-0.49671,0.0907933,-0.177324,0.0788808,-0.121162,-0.0145857,1.28768,-0.207125,0.0200947,0.0458188,-0.0933731,0.509721,-0.31965,-0.656971,-0.271366,0.240622,0.0884502,0.274154,-0.828961,-0.211555,1.02424,0.431611,0.731709,0.364399,0.393062,-0.0511261,-0.148585,0.378315,-0.00383755,0.320911,-0.42541,0.279096,0.105531,0.594816,-0.087267,0.159817,0.0345953,-0.217846,0.172903,0.290002,0.270687,0.0398199,0.2618,0.00881309,-0.140191,0.0387923,0.31709,-0.476339,-0.0777703,0.598913,0.00341354,-0.0489449,0.0204247,0.666,0.0900121,0.0610608,-0.994067,0.6,0,0,1.59189,1.17664,3
-1.07987,-0.585845,4.15058,-0.0778551,-0.0405686,0.295407,-0.0639399,0.0919286,-0.19457,-1.07987,-0.585845,4.15058,-0.0778551,-0.0405686,0.295407,-0.0639399,0.0919286,-0.19457,0.531704,0.332999,-0.429923,0.392731,-0.190291,0.39337,-0.674305,0.269734,0.0484736,0.636142,-0.087267,0.0354156,0.0321092,-0.259682,0.22182,0.282191,0.223312,-0.00945789,0.2618,0.000195711,-0.154815,0.0146089,0.270551,-0.391535,-0.056707,0.594538,-0.000345463,-0.0399211,0.0156228,0,0,0,0,0,0,0,0,0,0,0,0,0,0,0,0,0,0,0,0,0,0,0,0,0,0,0,0,0,-0.296308,0.0249481,-0.0168715,0.307858,-0.059389,0.207233,0.0354316,0.309381,0.130085,0.31323,-0.0493483,-0.00168447,-0.0592716,0.011219,-0.0549202,0.218141,0.218262,0.0351655,0.30729,0.00262377,-0.0550351,0.0964399,0.0994727,-0.170089,0.0208964,0.628923,0.00252945,-0.0401223,0.0385086,1.428,-0.647984,-1.46663,-1.07852,-0.936052,1.03695,-2.25303,-0.0462358,-0.921624,5.23921,-0.55555,2.85722,0.00118845,0.230526,-0.125003,0.47289,0.317882,-0.0685737,-0.148606,0.0900152,-1.07425,-1.00474,1.15692,-0.342189,-0.00709284,-0.659964,0.00842204,-0.152922,-0.149706,24.1427,-1.63411,-1.70424,13.8031,11.4079,1.27237,-12.9028,-1.31658,0.920005,-4.39677,-0.209166,-0.262623,1.36189,-6.85696,6.70148,0.607887,0.471246,0.226238,-1.05461,0.00994524,-0.262775,0.0727273,2.11134,-4.10855,-1.40578,0.17873,0.00530928,0.000449219,-0.143152,0,0,0,0,0,0,0,0,0,0,0,0,0,0,0,0,0,0,0,0,0,0,0,0,0,0,0,0,0,2.55789,2.55789,2.55789,6.3088,6.3088,1.81445,2.55789,2.55789,1.81445,6.3088,6.3088,0.907223,0.907223,1.81445,1.81445,0.907223,0.907223,1.81445,1.81445,0.907223,0.907223,0.907223,0.907223,0.907223,0.907223,1.06814,1.06814,1.06814,1.06814,40.1792,40.1792,40.1792,99.0984,99.0984,28.5012,40.1792,40.1792,28.5012,99.0984,99.0984,14.2506,14.2506,28.5012,28.5012,14.2506,14.2506,28.5012,28.5012,14.2506,14.2506,14.2506,14.2506,14.2506,14.2506,16.7783,16.7783,16.7783,16.7783,0,0,0,0,0,0,0,0,0,0,0,0,0,0,0,0,0,0,0,0,0,0,0,0,0,0,0,0,0,0,0,0,0,0,0,0,0,0,0,0,0,0,0,0,0,0,0,0,0,0,0,0,0,0,0,0,0,0,0,0,0,0,0,0,0,0,0,0,0,0,0,0,0,0,0,0,0,0,0,0,0,0,0,0,0,0,0,0,0,0,0,0,0,0,0,0,0,0,0,0,0,0,0,0,0,0,0,0,0,0,0,0,0,0,0,0,0,-0.0639399,0.0919286,-0.19457,0.187405,0.160864,0.505771,0.0531527,-0.43672,-0.592101,-0.0215649,-0.129298,0.0732122,-0.129469,-0.0733132,1.54088,-0.661689,0.000446241,-0.00463703,0.608167,0.492622,-0.352995,-0.535847,-0.78518,0.110525,0.0333098,0.2097,-0.787851,-0.0937035,0.492524,-1.38832,0.896922,0.0807511,0.531704,0.332999,-0.429923,0.392731,-0.190291,0.39337,-0.674305,0.269734,0.0484736,0.636142,-0.087267,0.0354156,0.0321092,-0.259682,0.22182,0.282191,0.223312,-0.00945789,0.2618,0.000195711,-0.154815,0.0146089,0.270551,-0.391535,-0.056707,0.594538,-0.000345463,-0.0399211,0.0156228,0.698,0.0917992,0.0636265,-0.993743,0.6,0,0,1.58986,1.17664,3
-2.16571,-0.446848,8.30006,0.248464,-0.372016,0.377939,-0.0596811,0.0850805,-0.18494,-2.16571,-0.446848,8.30006,0.248464,-0.372016,0.377939,-0.0596811,0.0850805,-0.18494,0.384105,0.651074,-0.536855,0.270056,-0.346273,0.428307,-0.73761,0.129668,0.0446189,0.831289,-0.087267,-0.0381768,-0.0109042,-0.21542,0.165462,0.224085,0.247956,-0.0125785,0.2618,0.000762186,-0.110908,0.0173153,0.231134,-0.303637,-0.0462568,0.590482,0.000730152,-0.0358207,0.0158839,0,0,0,0,0,0,0,0,0,0,0,0,0,0,0,0,0,0,0,0,0,0,0,0,0,0,0,0,0,-0.276201,0.00711349,-0.06067,0.304705,-0.102457,0.237325,-0.0346165,0.303318,0.0916037,0.442715,-0.0601583,0.0268959,-0.0526034,0.00907628,-0.0479533,0.231005,0.224768,0.0237327,0.307241,0.00187623,-0.0819428,0.0695557,0.131976,-0.185193,0.0161573,0.618274,0.00148088,-0.0408317,0.0330933,0.55843,-0.71725,-1.41328,0.449506,-1.13519,1.08488,-2.58604,-0.407222,-1.52281,4.32425,-0.328543,0.330816,0.550896,-0.197571,0.180453,0.436108,0.137978,-0.529224,0.0520874,-0.0308771,-0.870628,-0.960964,1.18829,-0.680295,-0.311281,-0.112349,-0.0394932,0.051467,-0.212852,31.114,14.8417,-11.2937,6.33375,-1.48789,2.5217,-19.1551,-0.393945,1.52964,-8.12594,-0.613198,-0.209985,0.752397,-7.33685,7.31057,0.338985,-0.164613,-0.00866426,-1.37907,0.00565424,-0.243626,0.0833377,0.9215,-2.35585,-0.775701,-0.236892,0.011716,-0.0261577,-0.0692119,0,0,0,0,0,0,0,0,0,0,0,0,0,0,0,0,0,0,0,0,0,0,0,0,0,0,0,0,0,2.55789,2.55789,2.55789,6.3088,6.3088,1.81445,2.55789,2.55789,1.81445,6.3088,6.3088,0.907223,0.907223,1.81445,1.81445,0.907223,0.907223,1.81445,1.81445,0.907223,0.907223,0.907223,0.907223,0.907223,0.907223,1.06814,1.06814,1.06814,1.06814,40.1792,40.1792,40.1792,99.0984,99.0984,28.5012,40.1792,40.1792,28.5012,99.0984,99.0984,14.2506,14.2506,28.5012,28.5012,14.2506,14.2506,28.5012,28.5012,14.2506,14.2506,14.2506,14.2506,14.2506,14.2506,16.7783,16.7783,16.7783,16.7783,0,0,0,0,0,0,0,0,0,0,0,0,0,0,0,0,0,0,0,0,0,0,0,0,0,0,0,0,0,0,0,0,0,0,0,0,0,0,0,0,0,0,0,0,0,0,0,0,0,0,0,0,0,0,0,0,0,0,0,0,0,0,0,0,0,0,0,0,0,0,0,0,0,0,0,0,0,0,0,0,0,0,0,0,0,0,0,0,0,0,0,0,0,0,0,0,0,0,0,0,0,0,0,0,0,0,0,0,0,0,0,0,0,0,0,0,0,-0.0596811,0.0850805,-0.18494,0.0549157,0.0709885,0.37727,0.109344,-0.236302,-0.491178,-0.0286803,-0.10547,-0.0248626,-0.188569,-0.12776,1.27132,-0.777305,0.00173786,0.00980058,1.18907,0.236816,-0.252881,-0.480809,-0.980474,0.101736,0.0394806,0.213204,-1.13769,0.462808,0.0477024,-1.58911,0.976583,-0.087047,0.384105,0.651074,-0.536855,0.270056,-0.346273,0.428307,-0.73761,0.129668,0.0446189,0.831289,-0.087267,-0.0381768,-0.0109042,-0.21542,0.165462,0.224085,0.247956,-0.0125785,0.2618,0.000762186,-0.110908,0.0173153,0.231134,-0.303637,-0.0462568,0.590482,0.000730152,-0.0358207,0.0158839,0.693,0.0869823,0.0610036,-0.99434,0.6,0,0,1.58986,1.17664,3
-1.5337,-1.0366,10.0624,0.306701,-0.494336,0.361028,-0.0553114,0.0790097,-0.179347,-1.5337,-1.0366,10.0624,0.306701,-0.494336,0.361028,-0.0553114,0.0790097,-0.179347,0.126662,0.724743,-0.475875,0.197815,-0.369605,0.408835,-0.694888,0.0597228,0.0456246,1.06496,-0.087267,-0.0612845,-0.0526612,-0.144368,0.0999918,0.164885,0.261573,0.00897613,0.2618,0.00102958,-0.0938817,-0.00507688,0.21325,-0.304472,-0.0400353,0.586017,0.00220562,-0.0312343,0.01482,0,0,0,0,0,0,0,0,0,0,0,0,0,0,0,0,0,0,0,0,0,0,0,0,0,0,0,0,0,-0.269041,-0.00489194,-0.0785059,0.31259,-0.126492,0.250568,-0.0789572,0.29353,0.0714485,0.515387,-0.0651246,0.0223062,-0.0502544,0.00860527,-0.0427291,0.236726,0.22629,0.0161227,0.308067,0.00163916,-0.0875114,0.0580089,0.148124,-0.19338,0.00978668,0.619684,0.00108891,-0.0389556,0.0302286,0.601571,-0.911757,-1.15587,0.476386,-1.86654,0.936603,-3.46773,-0.9043,-1.4005,5.63441,-0.274752,-0.715974,-0.111908,0.0465847,0.436272,0.371004,0.0773183,-0.532402,0.0984989,-0.0111595,-0.12665,-0.738421,1.1155,-0.511238,-0.541577,0.225669,-0.0195543,0.188993,-0.205624,24.8991,28.6027,-15.4897,-7.41365,-10.2235,3.4354,-17.9271,-4.47269,1.72833,-3.0725,-0.366558,-0.294946,0.606365,-6.45974,5.14478,-0.518586,0.225805,0.136523,-1.4576,-0.00197309,-0.174983,0.0908344,0.189606,-1.10774,-0.336992,-0.690522,0.0164875,-0.129354,-0.0283066,0,0,0,0,0,0,0,0,0,0,0,0,0,0,0,0,0,0,0,0,0,0,0,0,0,0,0,0,0,2.55789,2.55789,2.55789,6.3088,6.3088,1.81445,2.55789,2.55789,1.81445,6.3088,6.3088,0.907223,0.907223,1.81445,1.81445,0.907223,0.907223,1.81445,1.81445,0.907223,0.907223,0.907223,0.907223,0.907223,0.907223,1.06814,1.06814,1.06814,1.06814,40.1792,40.1792,40.1792,99.0984,99.0984,28.5012,40.1792,40.1792,28.5012,99.0984,99.0984,14.2506,14.2506,28.5012,28.5012,14.2506,14.2506,28.5012,28.5012,14.2506,14.2506,14.2506,14.2506,14.2506,14.2506,16.7783,16.7783,16.7783,16.7783,0,0,0,0,0,0,0,0,0,0,0,0,0,0,0,0,0,0,0,0,0,0,0,0,0,0,0,0,0,0,0,0,0,0,0,0,0,0,0,0,0,0,0,0,0,0,0,0,0,0,0,0,0,0,0,0,0,0,0,0,0,0,0,0,0,0,0,0,0,0,0,0,0,0,0,0,0,0,0,0,0,0,0,0,0,0,0,0,0,0,0,0,0,0,0,0,0,0,0,0,0,0,0,0,0,0,0,0,0,0,0,0,0,0,0,0,0,-0.0553114,0.0790097,-0.179347,-0.0800655,0.0302121,0.227991,0.140392,-0.238206,-0.329174,0.0204665,-0.0912845,-0.120073,-0.225629,-0.187686,0.801142,-0.699279,0.00234754,0.0296053,1.32362,0.109073,-0.21406,-0.419248,-0.869105,0.104029,-0.0115758,0.198924,-1.3437,1.12919,-0.018837,-1.46122,0.932185,-0.139735,0.126662,0.724743,-0.475875,0.197815,-0.369605,0.408835,-0.694888,0.0597228,0.0456246,1.06496,-0.087267,-0.0612845,-0.0526612,-0.144368,0.0999918,0.164885,0.261573,0.00897613,0.2618,0.00102958,-0.0938817,-0.00507688,0.21325,-0.304472,-0.0400353,0.586017,0.00220562,-0.0312343,0.01482,0.685,0.0789276,0.0551107,-0.995355,0.6,0,0,1.59831,1.18188,3
-1.98005,-1.04464,9.14169,0.341062,-0.466926,0.278426,-0.048433,0.0691835,-0.172611,-1.98005,-1.04464,9.14169,0.341062,-0.466926,0.278426,-0.048433,0.0691835,-0.172611,-0.0698307,0.637091,-0.365645,0.215762,-0.289986,0.3834,-0.628945,0.134635,0.0657467,1.17972,-0.087267,-0.0512812,-0.101193,-0.109655,0.0712424,0.164598,0.23915,0.0207191,0.2618,0.00884784,-0.0733083,-0.0203502,0.200144,-0.344528,-0.0512687,0.585188,0.00373295,-0.0234391,0.0151851,0,0,0,0,0,0,0,0,0,0,0,0,0,0,0,0,0,0,0,0,0,0,0,0,0,0,0,0,0,-0.256006,-0.0219789,-0.0899483,0.315289,-0.159434,0.264574,-0.164519,0.2688,0.0479264,0.655014,-0.0706033,0.00215903,-0.0649212,0.0142626,-0.0303224,0.242988,0.226258,0.0106253,0.309898,0.00161484,-0.0845026,0.0404501,0.169455,-0.202286,0.000209841,0.624977,0.00120859,-0.0336814,0.0260918,0.798714,-0.80769,-0.349935,-0.0184831,-1.5046,0.412151,-4.40935,-1.43515,-1.06178,7.13857,-0.178872,-1.05912,-0.972242,0.348698,0.528558,0.212135,-0.0434704,-0.156426,0.1388,-0.00366437,0.244879,-0.830887,1.00109,-0.409679,-0.430925,0.276931,0.0104463,0.269483,-0.190119,13.5089,32.0332,-14.6646,-11.6221,-11.401,3.18932,-10.2494,-4.90664,1.83562,-3.80761,-0.487086,0.04078,1.02256,-5.15711,2.70303,-1.31918,0.534034,0.250184,-1.59088,-0.00584232,-0.342403,0.107164,-0.270669,-1.09172,-0.185546,-0.935604,0.00554287,-0.242402,0.0135809,0,0,0,0,0,0,0,0,0,0,0,0,0,0,0,0,0,0,0,0,0,0,0,0,0,0,0,0,0,2.55789,2.55789,2.55789,6.3088,6.3088,1.81445,2.55789,2.55789,1.81445,6.3088,6.3088,0.907223,0.907223,1.81445,1.81445,0.907223,0.907223,1.81445,1.81445,0.907223,0.907223,0.907223,0.907223,0.907223,0.907223,1.06814,1.06814,1.06814,1.06814,40.1792,40.1792,40.1792,99.0984,99.0984,28.5012,40.1792,40.1792,28.5012,99.0984,99.0984,14.2506,14.2506,28.5012,28.5012,14.2506,14.2506,28.5012,28.5012,14.2506,14.2506,14.2506,14.2506,14.2506,14.2506,16.7783,16.7783,16.7783,16.7783,0,0,0,0,0,0,0,0,0,0,0,0,0,0,0,0,0,0,0,0,0,0,0,0,0,0,0,0,0,0,0,0,0,0,0,0,0,0,0,0,0,0,0,0,0,0,0,0,0,0,0,0,0,0,0,0,0,0,0,0,0,0,0,0,0,0,0,0,0,0,0,0,0,0,0,0,0,0,0,0,0,0,0,0,0,0,0,0,0,0,0,0,0,0,0,0,0,0,0,0,0,0,0,0,0,0,0,0,0,0,0,0,0,0,0,0,0,-0.048433,0.0691835,-0.172611,-0.0807201,0.00032832,0.16244,0.0892666,-0.329539,-0.250023,0.0472415,-0.116898,-0.23073,-0.19446,-0.198815,0.442281,-0.578847,0.020174,0.0501062,1.16354,0.245888,-0.16715,-0.314615,-0.667789,0.149909,-0.0464006,0.203825,-1.29252,1.45643,0.208218,-1.211,0.874191,-0.116926,-0.0698307,0.637091,-0.365645,0.215762,-0.289986,0.3834,-0.628945,0.134635,0.0657467,1.17972,-0.087267,-0.0512812,-0.101193,-0.109655,0.0712424,0.164598,0.23915,0.0207191,0.2618,0.00884784,-0.0733083,-0.0203502,0.200144,-0.344528,-0.0512687,0.585188,0.00373295,-0.0234391,0.0151851,0.658,0.0691283,0.0482983,-0.996438,0.6,0,0,1.61739,1.19924,3
-1.91519,-1.03895,8.01111,0.389914,-0.391303,0.243251,-0.0406834,0.0604782,-0.167164,-1.91519,-1.03895,8.01111,0.389914,-0.391303,0.243251,-0.0406834,0.0604782,-0.167164,-0.138121,0.59836,-0.326693,0.258556,-0.24835,0.375943,-0.639005,0.171398,0.0925218,1.15185,-0.087267,-0.057778,-0.136027,-0.0859949,0.0415558,0.182902,0.237692,0.0234295,0.2618,0.0122078,-0.0222105,0.00127249,0.18633,-0.340961,-0.0478719,0.588146,0.00515006,-0.0133756,0.0149629,0,0,0,0,0,0,0,0,0,0,0,0,0,0,0,0,0,0,0,0,0,0,0,0,0,0,0,0,0,-0.243878,-0.0315269,-0.0878697,0.314857,-0.170703,0.266846,-0.255602,0.24397,0.0359953,0.795495,-0.0742695,-0.0142879,-0.0859227,0.0192793,-0.0188533,0.246293,0.223674,0.011052,0.310539,0.0033615,-0.0760854,0.023238,0.188954,-0.211333,-0.00663227,0.628854,0.0017679,-0.027464,0.0233067,0.529642,-0.277746,0.327499,0.179328,-0.294671,-0.0117735,-4.37659,-1.10815,-0.331129,6.54053,-0.142038,-0.660045,-0.982921,0.149277,0.435544,0.069234,-0.17017,0.0888004,0.0372132,0.0975684,0.440518,-0.781184,0.9088,-0.471945,-0.305845,0.186781,0.0275094,0.290804,-0.112687,5.69637,27.6355,-11.9285,-10.6222,-9.84601,3.31663,-3.93928,-1.5942,1.49034,-2.98761,-0.386451,0.0780896,0.677122,-3.98722,1.71096,-1.24664,0.365428,0.125933,-1.43577,-0.010708,-0.354175,0.0910217,-0.656713,-1.48423,-0.36303,-0.917622,0.00333312,-0.241782,-0.0155556,0,0,0,0,0,0,0,0,0,0,0,0,0,0,0,0,0,0,0,0,0,0,0,0,0,0,0,0,0,2.55789,2.55789,2.55789,6.3088,6.3088,1.81445,2.55789,2.55789,1.81445,6.3088,6.3088,0.907223,0.907223,1.81445,1.81445,0.907223,0.907223,1.81445,1.81445,0.907223,0.907223,0.907223,0.907223,0.907223,0.907223,1.06814,1.06814,1.06814,1.06814,40.1792,40.1792,40.1792,99.0984,99.0984,28.5012,40.1792,40.1792,28.5012,99.0984,99.0984,14.2506,14.2506,28.5012,28.5012,14.2506,14.2506,28.5012,28.5012,14.2506,14.2506,14.2506,14.2506,14.2506,14.2506,16.7783,16.7783,16.7783,16.7783,0,0,0,0,0,0,0,0,0,0,0,0,0,0,0,0,0,0,0,0,0,0,0,0,0,0,0,0,0,0,0,0,0,0,0,0,0,0,0,0,0,0,0,0,0,0,0,0,0,0,0,0,0,0,0,0,0,0,0,0,0,0,0,0,0,0,0,0,0,0,0,0,0,0,0,0,0,0,0,0,0,0,0,0,0,0,0,0,0,0,0,0,0,0,0,0,0,0,0,0,0,0,0,0,0,0,0,0,0,0,0,0,0,0,0,0,0,-0.0406834,0.0604782,-0.167164,-0.0389845,-0.0311684,0.0947515,0.0859426,-0.321404,-0.196077,0.0534217,-0.109153,-0.310154,-0.165486,-0.15911,0.31756,-0.59722,0.027835,0.0691276,1.0928,0.313029,-0.0506423,-0.179537,-0.596649,0.210959,0.0029014,0.200842,-1.17049,1.37698,0.326954,-1.02215,0.857187,-0.13174,-0.138121,0.59836,-0.326693,0.258556,-0.24835,0.375943,-0.639005,0.171398,0.0925218,1.15185,-0.087267,-0.057778,-0.136027,-0.0859949,0.0415558,0.182902,0.237692,0.0234295,0.2618,0.0122078,-0.0222105,0.00127249,0.18633,-0.340961,-0.0478719,0.588146,0.00515006,-0.0133756,0.0149629,0.657,0.0604413,0.0405979,-0.997346,0.6,0,0,1.61739,1.19924,3
-1.46963,-2.61053,9.67284,0.371656,-0.304207,0.234151,-0.0324899,0.0535632,-0.162068,-1.46963,-2.61053,9.67284,0.371656,-0.304207,0.234151,-0.0324899,0.0535632,-0.162068,-0.186582,0.573885,-0.307788,0.27745,-0.316307,0.370043,-0.607981,0.0762045,0.10975,0.984928,-0.087267,-0.0786242,-0.145145,-0.0620325,0.00858044,0.199638,0.247277,0.0044558,0.2618,0.00982422,0.00657712,0.0391038,0.140614,-0.30349,-0.0169134,0.58371,0.00557117,-0.00867101,0.0113105,0,0,0,0,0,0,0,0,0,0,0,0,0,0,0,0,0,0,0,0,0,0,0,0,0,0,0,0,0,-0.237609,-0.0323183,-0.0795193,0.326557,-0.172661,0.265562,-0.335572,0.226789,0.0351687,0.902314,-0.076586,-0.025962,-0.101137,0.0187189,-0.0118863,0.246332,0.219831,0.0128372,0.3094,0.00581963,-0.0589882,0.0146563,0.205508,-0.220736,-0.0118721,0.633531,0.00256716,-0.0204793,0.0213082,0.244202,-0.00681271,0.428499,0.929564,-0.535746,-0.161058,-3.66163,-0.774751,0.22632,4.45089,-0.113073,-0.522722,-0.619133,-0.0241048,0.21175,-0.0756147,-0.182103,0.113467,-0.0159933,0.113111,0.948164,-0.265468,0.721442,-0.412622,-0.241011,0.336373,0.0365328,0.354817,-0.0896285,3.43436,25.3152,-11.0152,-12.2069,-4.93631,3.34242,-2.9242,-0.313622,1.34428,-3.57544,-0.359998,0.018841,0.0683088,-2.89813,1.08262,-0.852426,0.421378,0.112333,-1.29385,-0.0125872,-0.319317,0.0591818,-0.931103,-1.33196,-0.297089,-1.08223,0.00396754,-0.249335,-0.0113969,0,0,0,0,0,0,0,0,0,0,0,0,0,0,0,0,0,0,0,0,0,0,0,0,0,0,0,0,0,2.55789,2.55789,2.55789,6.3088,6.3088,1.81445,2.55789,2.55789,1.81445,6.3088,6.3088,0.907223,0.907223,1.81445,1.81445,0.907223,0.907223,1.81445,1.81445,0.907223,0.907223,0.907223,0.907223,0.907223,0.907223,1.06814,1.06814,1.06814,1.06814,40.1792,40.1792,40.1792,99.0984,99.0984,28.5012,40.1792,40.1792,28.5012,99.0984,99.0984,14.2506,14.2506,28.5012,28.5012,14.2506,14.2506,28.5012,28.5012,14.2506,14.2506,14.2506,14.2506,14.2506,14.2506,16.7783,16.7783,16.7783,16.7783,0,0,0,0,0,0,0,0,0,0,0,0,0,0,0,0,0,0,0,0,0,0,0,0,0,0,0,0,0,0,0,0,0,0,0,0,0,0,0,0,0,0,0,0,0,0,0,0,0,0,0,0,0,0,0,0,0,0,0,0,0,0,0,0,0,0,0,0,0,0,0,0,0,0,0,0,0,0,0,0,0,0,0,0,0,0,0,0,0,0,0,0,0,0,0,0,0,0,0,0,0,0,0,0,0,0,0,0,0,0,0,0,0,0,0,0,0,-0.0324899,0.0535632,-0.162068,-0.000824579,-0.135406,0.0195643,0.107797,-0.235966,-0.14144,0.0101597,-0.0385643,-0.330945,-0.236401,-0.218649,0.229054,-0.540559,0.0224002,0.0747799,1.0481,0.139174,0.0149965,-0.116388,-0.562123,0.25024,0.0891606,0.151817,-1.11661,0.90095,0.133156,-0.854132,0.843736,-0.179271,-0.186582,0.573885,-0.307788,0.27745,-0.316307,0.370043,-0.607981,0.0762045,0.10975,0.984928,-0.087267,-0.0786242,-0.145145,-0.0620325,0.00858044,0.199638,0.247277,0.0044558,0.2618,0.00982422,0.00657712,0.0391038,0.140614,-0.30349,-0.0169134,0.58371,0.00557117,-0.00867101,0.0113105,0.676,0.0535376,0.0324376,-0.998039,0.6,0,0,1.63398,1.21819,3
0.094684,-2.36789,9.17019,0.312638,-0.254673,0.152359,-0.0253574,0.0482886,-0.157949,0.094684,-2.36789,9.17019,0.312638,-0.254673,0.152359,-0.0253574,0.0482886,-0.157949,-0.320321,0.424138,-0.179015,0.29752,-0.41471,0.320052,-0.439602,0.00933827,0.0840821,0.690142,-0.087267,-0.062083,-0.150927,-0.0437252,-0.0163474,0.187142,0.262077,-0.0184278,0.2618,0.0147402,-0.000429189,0.0719468,0.0413984,-0.300632,0.00753779,0.573797,0.0028761,-0.0163291,0.00895184,0,0,0,0,0,0,0,0,0,0,0,0,0,0,0,0,0,0,0,0,0,0,0,0,0,0,0,0,0,-0.231777,-0.0330182,-0.0753936,0.350391,-0.195044,0.26218,-0.393192,0.208392,0.0389172,0.949145,-0.0778135,-0.0386637,-0.107449,0.0174589,-0.0108619,0.244777,0.217807,0.01116,0.309368,0.0070727,-0.0366681,0.0189653,0.217035,-0.227703,-0.0132186,0.642606,0.00331364,-0.0123167,0.0184278,0.345401,-0.0722277,0.156727,1.18215,-1.27517,-0.204666,-2.46624,-1.04807,0.254107,1.08661,-0.0962645,-0.651473,-0.185097,0.000730426,0.00389169,-0.0351606,-0.0488922,-0.136525,-0.00632022,0.04548,1.1046,0.34011,0.477977,-0.265508,0.0449425,0.490792,0.0302363,0.420192,-0.133753,0.998055,24.535,-9.70056,-14.6364,-4.20158,3.40727,-2.38853,-2.77861,1.63238,-4.18544,-0.376753,0.0129136,-0.366179,-2.21432,0.540249,-0.602046,0.472482,0.0531247,-1.34816,-0.00234611,-0.37803,-0.0166312,-1.52543,-0.825736,-0.0776922,-1.50037,0.00484071,-0.378018,0.0265519,0,0,0,0,0,0,0,0,0,0,0,0,0,0,0,0,0,0,0,0,0,0,0,0,0,0,0,0,0,2.55789,2.55789,2.55789,6.3088,6.3088,1.81445,2.55789,2.55789,1.81445,6.3088,6.3088,0.907223,0.907223,1.81445,1.81445,0.907223,0.907223,1.81445,1.81445,0.907223,0.907223,0.907223,0.907223,0.907223,0.907223,1.06814,1.06814,1.06814,1.06814,40.1792,40.1792,40.1792,99.0984,99.0984,28.5012,40.1792,40.1792,28.5012,99.0984,99.0984,14.2506,14.2506,28.5012,28.5012,14.2506,14.2506,28.5012,28.5012,14.2506,14.2506,14.2506,14.2506,14.2506,14.2506,16.7783,16.7783,16.7783,16.7783,0,0,0,0,0,0,0,0,0,0,0,0,0,0,0,0,0,0,0,0,0,0,0,0,0,0,0,0,0,0,0,0,0,0,0,0,0,0,0,0,0,0,0,0,0,0,0,0,0,0,0,0,0,0,0,0,0,0,0,0,0,0,0,0,0,0,0,0,0,0,0,0,0,0,0,0,0,0,0,0,0,0,0,0,0,0,0,0,0,0,0,0,0,0,0,0,0,0,0,0,0,0,0,0,0,0,0,0,0,0,0,0,0,0,0,0,0,-0.0253574,0.0482886,-0.157949,-0.0293175,-0.361628,-0.0372737,0.141541,-0.22945,-0.0996979,-0.0420173,0.0171869,-0.344128,-0.341049,-0.351717,-0.0151961,-0.233043,0.0336091,0.038605,0.774615,0.0170547,-0.000978593,-0.21918,-0.326941,0.191716,0.164046,0.120158,-1.05937,0.0602908,-0.147463,-0.399422,0.729751,-0.141555,-0.320321,0.424138,-0.179015,0.29752,-0.41471,0.320052,-0.439602,0.00933827,0.0840821,0.690142,-0.087267,-0.062083,-0.150927,-0.0437252,-0.0163474,0.187142,0.262077,-0.0184278,0.2618,0.0147402,-0.000429189,0.0719468,0.0413984,-0.300632,0.00753779,0.573797,0.0028761,-0.0163291,0.00895184,0.857,0.0482699,0.0253251,-0.998513,0.6,0,0,1.63398,1.21819,3
1.00245,-2.57365,7.17623,0.243861,-0.226604,0.0109106,-0.0195904,0.043873,-0.156227,1.00245,-2.57365,7.17623,0.243861,-0.226604,0.0109106,-0.0195904,0.043873,-0.156227,-0.456295,0.286687,-0.0505407,0.334758,-0.480657,0.279181,-0.173636,0.0735872,0.0577886,0.403477,-0.087267,-0.0168407,-0.146816,-0.0250552,-0.01826,0.163316,0.263134,-0.0382301,0.2618,0.0173552,0.000702417,0.102542,-0.0287685,-0.357616,-0.0138572,0.571493,-0.00025697,-0.0271605,0.00501765,0,0,0,0,0,0,0,0,0,0,0,0,0,0,0,0,0,0,0,0,0,0,0,0,0,0,0,0,0,-0.22385,-0.0305806,-0.0682376,0.37928,-0.233538,0.259869,-0.4208,0.181735,0.0391622,0.913452,-0.0783785,-0.0472224,-0.104256,0.0164311,-0.0139483,0.245059,0.218926,0.00416812,0.310325,0.00884459,-0.0189153,0.0322435,0.222338,-0.231927,-0.00788281,0.654394,0.00321737,-0.00549406,0.0154829,0.402775,0.158506,0.551668,1.36699,-1.88014,-0.215509,-0.897391,-1.55094,-0.0035746,-3.27861,-0.0990414,-0.285753,0.258112,0.0721695,-0.126089,0.116229,0.13583,-0.403871,-0.027082,0.093333,0.742682,0.688422,0.140463,-0.140168,0.400608,0.544495,-0.0151556,0.314234,-0.116454,-4.8863,17.8407,-5.68024,-16.7167,-6.13582,2.06158,1.54596,-3.19122,1.34147,-2.98159,-0.335833,0.0578411,-0.900506,-1.74161,0.189823,-0.90673,0.511443,0.0758558,-1.37877,-0.000310997,-0.419508,-0.0592264,-2.72028,-0.835776,-0.118486,-1.94711,0.0096535,-0.514179,0.0207618,0,0,0,0,0,0,0,0,0,0,0,0,0,0,0,0,0,0,0,0,0,0,0,0,0,0,0,0,0,2.55789,2.55789,2.55789,6.3088,6.3088,1.81445,2.55789,2.55789,1.81445,6.3088,6.3088,0.907223,0.907223,1.81445,1.81445,0.907223,0.907223,1.81445,1.81445,0.907223,0.907223,0.907223,0.907223,0.907223,0.907223,1.06814,1.06814,1.06814,1.06814,40.1792,40.1792,40.1792,99.0984,99.0984,28.5012,40.1792,40.1792,28.5012,99.0984,99.0984,14.2506,14.2506,28.5012,28.5012,14.2506,14.2506,28.5012,28.5012,14.2506,14.2506,14.2506,14.2506,14.2506,14.2506,16.7783,16.7783,16.7783,16.7783,0,0,0,0,0,0,0,0,0,0,0,0,0,0,0,0,0,0,0,0,0,0,0,0,0,0,0,0,0,0,0,0,0,0,0,0,0,0,0,0,0,0,0,0,0,0,0,0,0,0,0,0,0,0,0,0,0,0,0,0,0,0,0,0,0,0,0,0,0,0,0,0,0,0,0,0,0,0,0,0,0,0,0,0,0,0,0,0,0,0,0,0,0,0,0,0,0,0,0,0,0,0,0,0,0,0,0,0,0,0,0,0,0,0,0,0,0,-0.0195904,0.043873,-0.156227,-0.0836439,-0.521615,-0.0416346,0.143953,-0.359381,-0.0571284,-0.0871684,-0.0315959,-0.334755,-0.343952,-0.38264,-0.26353,0.252698,0.0395715,-0.00344922,0.523585,0.134394,0.00160158,-0.364566,-0.0923039,0.131764,0.233807,0.0673502,-0.953176,-0.757206,-0.335528,0.273413,0.636561,-0.0383984,-0.456295,0.286687,-0.0505407,0.334758,-0.480657,0.279181,-0.173636,0.0735872,0.0577886,0.403477,-0.087267,-0.0168407,-0.146816,-0.0250552,-0.01826,0.163316,0.263134,-0.0382301,0.2618,0.0173552,0.000702417,0.102542,-0.0287685,-0.357616,-0.0138572,0.571493,-0.00025697,-0.0271605,0.00501765,0.8,0.0438589,0.0195703,-0.998846,0.6,0,0,1.64277,1.23378,3
1.30981,-3.22017,4.98102,0.139119,-0.175142,-0.0457025,-0.0156087,0.0405941,-0.156579,1.30981,-3.22017,4.98102,0.139119,-0.175142,-0.0457025,-0.0156087,0.0405941,-0.156579,-0.552917,0.201067,0.038285,0.413286,-0.579334,0.213684,0.124752,0.229339,0.0471737,0.243123,-0.087267,0.0326368,-0.127415,-0.00641548,0.00437997,0.177198,0.224686,-0.0545608,0.2618,0.0258665,0.0160477,0.123507,-0.00852337,-0.46784,-0.0571728,0.574278,-0.00249385,-0.0333671,0.00373302,0,0,0,0,0,0,0,0,0,0,0,0,0,0,0,0,0,0,0,0,0,0,0,0,0,0,0,0,0,-0.214431,-0.0192049,-0.0445295,0.412823,-0.277859,0.260202,-0.414565,0.149955,0.0396042,0.797085,-0.0793775,-0.0433421,-0.0935882,0.0173802,-0.0218534,0.246445,0.223694,-0.0067534,0.309857,0.0109773,-0.00664582,0.0504593,0.2205,-0.23334,-6.89217e-05,0.665159,0.00222838,-0.0021523,0.013444,0.4161,0.730116,1.62738,1.70166,-1.99529,-0.0685699,0.812322,-1.62725,0.202629,-6.89698,-0.125226,0.408205,0.636233,0.214154,-0.383314,0.0962932,0.326509,-0.559099,-0.108955,0.100979,0.522157,0.886498,-0.207076,-0.00972055,0.389517,0.433442,-0.0512196,0.117821,-0.0829002,-10.8169,10.4534,-4.09787,-18.2288,-7.46376,0.583751,7.7091,0.918394,0.278754,2.97321,-0.0766307,0.0293127,-1.32039,-1.45703,0.831132,-1.26062,0.293254,0.10792,-1.2176,-0.00061684,-0.377857,-0.0632866,-3.3845,-1.74814,-0.540205,-2.05973,0.0130773,-0.548634,-0.0506975,0,0,0,0,0,0,0,0,0,0,0,0,0,0,0,0,0,0,0,0,0,0,0,0,0,0,0,0,0,2.55789,2.55789,2.55789,6.3088,6.3088,1.81445,2.55789,2.55789,1.81445,6.3088,6.3088,0.907223,0.907223,1.81445,1.81445,0.907223,0.907223,1.81445,1.81445,0.907223,0.907223,0.907223,0.907223,0.907223,0.907223,1.06814,1.06814,1.06814,1.06814,40.1792,40.1792,40.1792,99.0984,99.0984,28.5012,40.1792,40.1792,28.5012,99.0984,99.0984,14.2506,14.2506,28.5012,28.5012,14.2506,14.2506,28.5012,28.5012,14.2506,14.2506,14.2506,14.2506,14.2506,14.2506,16.7783,16.7783,16.7783,16.7783,0,0,0,0,0,0,0,0,0,0,0,0,0,0,0,0,0,0,0,0,0,0,0,0,0,0,0,0,0,0,0,0,0,0,0,0,0,0,0,0,0,0,0,0,0,0,0,0,0,0,0,0,0,0,0,0,0,0,0,0,0,0,0,0,0,0,0,0,0,0,0,0,0,0,0,0,0,0,0,0,0,0,0,0,0,0,0,0,0,0,0,0,0,0,0,0,0,0,0,0,0,0,0,0,0,0,0,0,0,0,0,0,0,0,0,0,0,-0.0156087,0.0405941,-0.156579,-0.0519912,-0.475454,0.00998677,0.0562876,-0.610703,-0.0146279,-0.124404,-0.13036,-0.290519,-0.322542,-0.345255,-0.439993,0.797652,0.0589783,-0.0334741,0.367214,0.418848,0.0365905,-0.447875,0.0699209,0.107561,0.281608,0.0501071,-0.729233,-1.2145,-0.61693,0.703228,0.487221,0.0744151,-0.552917,0.201067,0.038285,0.413286,-0.579334,0.213684,0.124752,0.229339,0.0471737,0.243123,-0.087267,0.0326368,-0.127415,-0.00641548,0.00437997,0.177198,0.224686,-0.0545608,0.2618,0.0258665,0.0160477,0.123507,-0.00852337,-0.46784,-0.0571728,0.574278,-0.00249385,-0.0333671,0.00373302,0.741,0.040583,0.0155952,-0.999054,0.6,0,0,1.64749,1.24366,3
1.44256,1.4259,10.2518,0.0676403,-0.193556,0.0384032,-0.0138194,0.03797,-0.15666,1.44256,1.4259,10.2518,0.0676403,-0.193556,0.0384032,-0.0138194,0.03797,-0.15666,-0.610176,0.127212,0.0917586,0.539376,-0.70471,0.155399,0.313821,0.277918,0.0886595,0.212079,-0.0610254,0.0856096,-0.112274,0.080955,0.0123455,0.237664,0.261114,-0.0382653,0.2618,0.0300603,0.0106495,0.113006,0.041613,-0.463982,-0.050394,0.575661,-0.00341454,-0.0355274,0.00604631,0,0,0,0,0,0,0,0,0,0,0,0,0,0,0,0,0,0,0,0,0,0,0,0,0,0,0,0,0,-0.20487,-0.00161571,-0.00988331,0.460845,-0.336974,0.248418,-0.378404,0.122893,0.0549779,0.641452,-0.0865017,-0.0272515,-0.078043,0.0228376,-0.0364038,0.245863,0.230361,-0.0181393,0.30717,0.0146534,0.00434392,0.069959,0.213823,-0.234325,0.00567959,0.670467,0.000907831,-0.00215362,0.0127845,0.453617,1.02833,1.73997,2.57455,-2.64833,-0.806742,2.19888,-1.0739,1.09557,-6.62136,-2.61339,0.753414,0.857212,0.257287,-0.742735,-0.086126,0.283608,-0.539035,-0.0694362,0.190002,0.502027,0.913024,-0.3643,-0.123957,0.216472,0.156818,-0.0625336,-0.0621133,-0.0163842,-15.1613,5.87669,-2.59255,-20.2251,-6.99344,0.402607,14.8053,7.25757,-2.31313,10.4498,0.343063,0.00784639,-1.4177,-1.51048,2.50233,-0.935815,-0.379282,-0.06897,-0.976856,-0.00864334,-0.309755,-0.067632,-2.85647,-3.24626,-1.11327,-1.75485,0.009102,-0.47808,-0.135987,0,0,0,0,0,0,0,0,0,0,0,0,0,0,0,0,0,0,0,0,0,0,0,0,0,0,0,0,0,2.55789,2.55789,2.55789,6.3088,6.3088,1.81445,2.55789,2.55789,1.81445,6.3088,6.3088,0.907223,0.907223,1.81445,1.81445,0.907223,0.907223,1.81445,1.81445,0.907223,0.907223,0.907223,0.907223,0.907223,0.907223,1.06814,1.06814,1.06814,1.06814,40.1792,40.1792,40.1792,99.0984,99.0984,28.5012,40.1792,40.1792,28.5012,99.0984,99.0984,14.2506,14.2506,28.5012,28.5012,14.2506,14.2506,28.5012,28.5012,14.2506,14.2506,14.2506,14.2506,14.2506,14.2506,16.7783,16.7783,16.7783,16.7783,0,0,0,0,0,0,0,0,0,0,0,0,0,0,0,0,0,0,0,0,0,0,0,0,0,0,0,0,0,0,0,0,0,0,0,0,0,0,0,0,0,0,0,0,0,0,0,0,0,0,0,0,0,0,0,0,0,0,0,0,0,0,0,0,0,0,0,0,0,0,0,0,0,0,0,0,0,0,0,0,0,0,0,0,0,0,0,0,0,0,0,0,0,0,0,0,0,0,0,0,0,0,0,0,0,0,0,0,0,0,0,0,0,0,0,0,0,-0.0138194,0.03797,-0.15666,0.0858768,-0.361138,0.0281491,0.139347,-0.601904,0.184585,-0.0872487,-0.114903,-0.255997,-0.314077,-0.3267,-0.544567,1.14296,0.0685404,-0.0458322,0.232332,0.50757,0.024282,-0.476872,0.167581,0.202152,0.257664,0.0811575,-0.369656,-1.30303,-0.974472,0.861157,0.354326,0.195198,-0.610176,0.127212,0.0917586,0.539376,-0.70471,0.155399,0.313821,0.277918,0.0886595,0.212079,-0.0610254,0.0856096,-0.112274,0.080955,0.0123455,0.237664,0.261114,-0.0382653,0.2618,0.0300603,0.0106495,0.113006,0.041613,-0.463982,-0.050394,0.575661,-0.00341454,-0.0355274,0.00604631,0.667,0.0379609,0.013809,-0.999184,0.6,0,0,1.64749,1.24366,3
4.92978,0.228351,11.4788,0.0559673,-0.43458,0.165888,-0.0121787,0.0325962,-0.154484,4.92978,0.228351,11.4788,0.0559673,-0.43458,0.165888,-0.0121787,0.0325962,-0.154484,-0.67986,-0.208127,0.17051,0.897503,-0.835949,0.0323403,0.318815,0.0303286,0.411154,0.107272,-0.087267,0.0729372,-0.0925069,0.189546,0.0141151,0.390245,0.40376,0.0148652,0.2618,0.0272565,0.0154504,0.0669149,0.050275,-0.387981,-0.0260374,0.575167,-0.00397418,-0.0381081,0.00760357,0,0,0,0,0,0,0,0,0,0,0,0,0,0,0,0,0,0,0,0,0,0,0,0,0,0,0,0,0,-0.20078,0.0384418,0.0108599,0.53174,-0.415347,0.225882,-0.313216,0.131407,0.0730534,0.55469,-0.132509,-0.00261452,-0.0528349,0.00942697,-0.05144,0.243306,0.230102,-0.0255823,0.310553,0.018816,0.01327,0.0825523,0.205248,-0.23914,0.00860217,0.676271,-0.000339962,-0.00374932,0.0127303,0.0115866,2.55591,0.631541,3.60159,-3.5633,-1.11343,3.94351,1.2199,0.84588,-4.15296,-1.97988,0.552318,1.44588,-1.14708,-0.462045,-0.0110962,-0.176449,-0.325188,0.172015,0.186912,0.436423,0.489024,-0.340184,-0.330271,0.121906,0.290791,-0.0565306,-0.0567272,0.00616123,-16.5997,-2.58872,1.5344,-21.5883,-6.13725,0.00609397,15.6316,3.1291,-1.04185,-8.95345,19.2379,0.598559,-2.1132,3.96917,2.82069,-0.0346384,0.575834,0.214505,-1.72051,-0.0105454,-0.427019,-0.0142262,-2.0027,-2.92684,-0.952665,-1.99846,0.00861716,-0.469273,-0.11755,0,0,0,0,0,0,0,0,0,0,0,0,0,0,0,0,0,0,0,0,0,0,0,0,0,0,0,0,0,2.55789,2.55789,2.55789,6.3088,6.3088,1.81445,2.55789,2.55789,1.81445,6.3088,6.3088,0.907223,0.907223,1.81445,1.81445,0.907223,0.907223,1.81445,1.81445,0.907223,0.907223,0.907223,0.907223,0.907223,0.907223,1.06814,1.06814,1.06814,1.06814,40.1792,40.1792,40.1792,99.0984,99.0984,28.5012,40.1792,40.1792,28.5012,99.0984,99.0984,14.2506,14.2506,28.5012,28.5012,14.2506,14.2506,28.5012,28.5012,14.2506,14.2506,14.2506,14.2506,14.2506,14.2506,16.7783,16.7783,16.7783,16.7783,0,0,0,0,0,0,0,0,0,0,0,0,0,0,0,0,0,0,0,0,0,0,0,0,0,0,0,0,0,0,0,0,0,0,0,0,0,0,0,0,0,0,0,0,0,0,0,0,0,0,0,0,0,0,0,0,0,0,0,0,0,0,0,0,0,0,0,0,0,0,0,0,0,0,0,0,0,0,0,0,0,0,0,0,0,0,0,0,0,0,0,0,0,0,0,0,0,0,0,0,0,0,0,0,0,0,0,0,0,0,0,0,0,0,0,0,0,-0.0121787,0.0325962,-0.154484,0.433778,-0.341388,0.0321839,0.464593,-0.428616,0.432184,0.0338942,-0.0593679,-0.210925,-0.233049,-0.333322,-0.671834,1.15208,0.0621476,-0.0533441,-0.380108,0.0553899,0.0352286,-0.511512,0.311408,0.937472,0.152573,0.10206,0.651634,-1.60191,-1.34873,0.677768,0.073739,0.166304,-0.67986,-0.208127,0.17051,0.897503,-0.835949,0.0323403,0.318815,0.0303286,0.411154,0.107272,-0.087267,0.0729372,-0.0925069,0.189546,0.0141151,0.390245,0.40376,0.0148652,0.2618,0.0272565,0.0154504,0.0669149,0.050275,-0.387981,-0.0260374,0.575167,-0.00397418,-0.0381081,0.00760357,0.612,0.0325905,0.0121719,-0.999395,0.6,0,0,1.6469,1.24397,3
-2.04169,2.48707,11.9957,-0.15206,-0.64534,0.0389577,-0.0135186,0.0201128,-0.152645,-2.04169,2.48707,11.9957,-0.15206,-0.64534,0.0389577,-0.0135186,0.0201128,-0.152645,-0.88973,-0.278082,0.122418,1.18114,-0.956423,-0.0160673,0.331675,-0.156728,0.52,0.235246,-0.087267,0.0431443,-0.0577351,0.185501,0.0274715,0.3358,0.41271,0.0336667,0.2618,0.044205,-0.020453,-0.00146,0.0489047,-0.315643,0.0110048,0.568176,-0.00493179,-0.0511644,0.0122418,0,0,0,0,0,0,0,0,0,0,0,0,0,0,0,0,0,0,0,0,0,0,0,0,0,0,0,0,0,-0.225078,0.082156,0.008804,0.630517,-0.523319,0.181982,-0.233387,0.16212,0.104509,0.460551,-0.184322,-0.0227443,-0.0173532,-0.00988363,-0.0449474,0.253396,0.227365,-0.025859,0.305418,0.021198,0.0190639,0.0796185,0.199965,-0.245785,0.011621,0.679554,-0.00147757,-0.005143,0.0129308,-1.80928,1.9375,-0.146628,4.97985,-4.94459,-2.39766,3.86069,1.72795,1.72283,-4.97017,-2.56684,-3.15179,1.77468,-0.808913,0.681743,0.736013,-0.0513346,0.0961994,-0.356601,0.093477,0.0992904,-0.32099,-0.295863,-0.315857,0.102131,0.074224,-0.050827,-0.0972583,0.00286752,-13.9221,-16.4263,6.96409,-4.67382,0.217461,0.0458816,12.3103,-9.45763,5.18099,-4.40888,27.0314,3.46056,-2.7032,7.04155,0.526721,1.30482,2.5537,1.01049,-0.528019,0.00372843,-0.178199,0.104514,-1.90228,-1.75739,-0.647581,-1.83194,0.0126731,-0.461664,-0.095795,0,0,0,0,0,0,0,0,0,0,0,0,0,0,0,0,0,0,0,0,0,0,0,0,0,0,0,0,0,2.55789,2.55789,2.55789,6.3088,6.3088,1.81445,2.55789,2.55789,1.81445,6.3088,6.3088,0.907223,0.907223,1.81445,1.81445,0.907223,0.907223,1.81445,1.81445,0.907223,0.907223,0.907223,0.907223,0.907223,0.907223,1.06814,1.06814,1.06814,1.06814,40.1792,40.1792,40.1792,99.0984,99.0984,28.5012,40.1792,40.1792,28.5012,99.0984,99.0984,14.2506,14.2506,28.5012,28.5012,14.2506,14.2506,28.5012,28.5012,14.2506,14.2506,14.2506,14.2506,14.2506,14.2506,16.7783,16.7783,16.7783,16.7783,0,0,0,0,0,0,0,0,0,0,0,0,0,0,0,0,0,0,0,0,0,0,0,0,0,0,0,0,0,0,0,0,0,0,0,0,0,0,0,0,0,0,0,0,0,0,0,0,0,0,0,0,0,0,0,0,0,0,0,0,0,0,0,0,0,0,0,0,0,0,0,0,0,0,0,0,0,0,0,0,0,0,0,0,0,0,0,0,0,0,0,0,0,0,0,0,0,0,0,0,0,0,0,0,0,0,0,0,0,0,0,0,0,0,0,0,0,-0.0135186,0.0201128,-0.152645,0.309638,-0.344512,0.0626377,0.484999,-0.263678,0.422961,0.0767634,0.0250921,-0.131642,-0.256487,-0.427159,-1.05513,1.17556,0.100792,-0.0661977,-0.50787,-0.286236,-0.0466349,-0.686763,0.223575,1.36988,-0.00332894,0.164318,1.46049,-1.23696,-1.69229,0.713045,-0.0366351,0.0983732,-0.88973,-0.278082,0.122418,1.18114,-0.956423,-0.0160673,0.331675,-0.156728,0.52,0.235246,-0.087267,0.0431443,-0.0577351,0.185501,0.0274715,0.3358,0.41271,0.0336667,0.2618,0.044205,-0.020453,-0.00146,0.0489047,-0.315643,0.0110048,0.568176,-0.00493179,-0.0511644,0.0122418,0.835,0.0201115,0.0135155,-0.999706,0.6,0,0,1.6469,1.24397,3
-6.21077,1.383,13.5561,-0.0554418,0.0125754,-0.0115864,-0.0146396,0.0137572,-0.152236,-6.21077,1.383,13.5561,-0.0554418,0.0125754,-0.0115864,-0.0146396,0.0137572,-0.152236,-1.02147,-0.115927,-0.00534775,1.25666,-0.8261,-0.0503077,0.313612,-0.27039,0.52,0.332126,-0.087267,0.000102365,-0.0468331,0.0467775,0.0814517,0.2349,0.374152,0.0136617,0.2618,0.0460868,-0.0458761,0.0248834,0.0827657,-0.276324,0.0299042,0.572237,-0.00376773,-0.0515543,0.0139945,0,0,0,0,0,0,0,0,0,0,0,0,0,0,0,0,0,0,0,0,0,0,0,0,0,0,0,0,0,-0.285321,0.118986,-0.00788647,0.763333,-0.637728,0.130027,-0.195179,0.199573,0.099318,0.397182,-0.193573,-0.0852546,0.00902987,-0.0368557,-0.0299187,0.264564,0.221987,-0.0197055,0.304352,0.0266118,0.0139868,0.0598629,0.188544,-0.255118,0.0127823,0.679153,-0.00249303,-0.00982009,0.0128206,-3.1617,1.52793,-1.04926,7.02687,-5.02646,-2.36934,1.05082,1.80133,-0.96429,-1.92888,0.465674,-1.83357,0.9156,-1.4335,0.320245,0.397042,-0.289304,0.329089,-0.00342801,0.284553,-0.318202,-1.11431,-0.859979,-0.47671,0.0237969,-0.0656318,-0.0470819,-0.274091,-0.00940058,-16.2456,-20.0084,7.87227,-2.12938,0.172156,0.144328,18.412,-18.8816,13.6517,-3.16235,8.11837,3.68423,-1.83019,8.94001,0.853035,0.644419,2.9921,0.916979,-1.21901,-0.00729237,-0.203859,0.127268,-1.28349,-0.428011,-0.0508716,-1.79901,0.00920063,-0.406552,-0.000681085,0,0,0,0,0,0,0,0,0,0,0,0,0,0,0,0,0,0,0,0,0,0,0,0,0,0,0,0,0,2.55789,2.55789,2.55789,6.3088,6.3088,1.81445,2.55789,2.55789,1.81445,6.3088,6.3088,0.907223,0.907223,1.81445,1.81445,0.907223,0.907223,1.81445,1.81445,0.907223,0.907223,0.907223,0.907223,0.907223,0.907223,1.06814,1.06814,1.06814,1.06814,40.1792,40.1792,40.1792,99.0984,99.0984,28.5012,40.1792,40.1792,28.5012,99.0984,99.0984,14.2506,14.2506,28.5012,28.5012,14.2506,14.2506,28.5012,28.5012,14.2506,14.2506,14.2506,14.2506,14.2506,14.2506,16.7783,16.7783,16.7783,16.7783,0,0,0,0,0,0,0,0,0,0,0,0,0,0,0,0,0,0,0,0,0,0,0,0,0,0,0,0,0,0,0,0,0,0,0,0,0,0,0,0,0,0,0,0,0,0,0,0,0,0,0,0,0,0,0,0,0,0,0,0,0,0,0,0,0,0,0,0,0,0,0,0,0,0,0,0,0,0,0,0,0,0,0,0,0,0,0,0,0,0,0,0,0,0,0,0,0,0,0,0,0,0,0,0,0,0,0,0,0,0,0,0,0,0,0,0,0,-0.0146396,0.0137572,-0.152236,0.0795766,-0.267306,0.185718,0.397084,-0.174026,0.106657,0.0311501,0.0681845,-0.106784,-0.359187,-0.372647,-1.29572,1.14257,0.105083,-0.0505729,-0.211721,-0.493821,-0.104602,-0.691997,-0.00976675,1.54076,0.0567366,0.187843,1.67585,-0.960681,-1.32065,0.604389,-0.114707,0.000233401,-1.02147,-0.115927,-0.00534775,1.25666,-0.8261,-0.0503077,0.313612,-0.27039,0.52,0.332126,-0.087267,0.000102365,-0.0468331,0.0467775,0.0814517,0.2349,0.374152,0.0136617,0.2618,0.0460868,-0.0458761,0.0248834,0.0827657,-0.276324,0.0299042,0.572237,-0.00376773,-0.0515543,0.0139945,0.555,0.0137568,0.0146377,-0.999798,0.6,0,0,1.66604,1.24609,3
-1.93243,-0.195654,10.8717,-0.169342,0.116204,0.231636,-0.0169939,0.0149637,-0.149423,-1.93243,-0.195654,10.8717,-0.169342,0.116204,0.231636,-0.0169939,0.0149637,-0.149423,-1.09442,-0.0434579,-0.0937941,1.26753,-0.681809,-0.0521683,0.236154,-0.368895,0.52,0.369998,-0.087267,-0.0866411,-0.0163701,-0.0828113,0.0697687,0.192351,0.373739,0.0179951,0.2618,0.0307205,-0.0965975,0.0988901,0.099692,-0.298684,0.00847752,0.579477,-0.00269011,-0.0439342,0.0177915,0,0,0,0,0,0,0,0,0,0,0,0,0,0,0,0,0,0,0,0,0,0,0,0,0,0,0,0,0,-0.364275,0.135778,-0.0376201,0.914492,-0.693607,0.0777452,-0.189453,0.233235,0.0762803,0.374312,-0.184828,-0.106482,0.0219253,-0.0626269,-0.0189177,0.269607,0.219526,-0.0186682,0.306964,0.0322778,0.00410546,0.0452108,0.172552,-0.263466,0.0132427,0.672868,-0.00298543,-0.0160051,0.0123609,-3.51493,0.227439,-1.30949,6.31315,-2.03182,-2.10559,0.039232,1.31985,-0.937338,-0.594605,0.249895,-0.588996,0.318936,-0.893754,0.411062,0.0766595,-0.0173824,-0.0143857,0.132315,0.228225,-0.444356,-0.483808,-0.681784,-0.272036,0.0288226,-0.368674,-0.0151959,-0.29308,-0.0205765,-17.5279,-10.9108,4.6599,-5.74505,-0.309992,0.178137,20.1403,-23.6095,14.3668,-0.253348,7.942,2.07309,-1.306,4.80215,2.06011,-0.587201,2.23262,0.951563,-1.52608,-0.00997248,-0.310834,0.152385,-0.680914,0.0785584,0.214944,-1.30822,0.00319063,-0.291144,0.0497056,0,0,0,0,0,0,0,0,0,0,0,0,0,0,0,0,0,0,0,0,0,0,0,0,0,0,0,0,0,2.55789,2.55789,2.55789,6.3088,6.3088,1.81445,2.55789,2.55789,1.81445,6.3088,6.3088,0.907223,0.907223,1.81445,1.81445,0.907223,0.907223,1.81445,1.81445,0.907223,0.907223,0.907223,0.907223,0.907223,0.907223,1.06814,1.06814,1.06814,1.06814,40.1792,40.1792,40.1792,99.0984,99.0984,28.5012,40.1792,40.1792,28.5012,99.0984,99.0984,14.2506,14.2506,28.5012,28.5012,14.2506,14.2506,28.5012,28.5012,14.2506,14.2506,14.2506,14.2506,14.2506,14.2506,16.7783,16.7783,16.7783,16.7783,0,0,0,0,0,0,0,0,0,0,0,0,0,0,0,0,0,0,0,0,0,0,0,0,0,0,0,0,0,0,0,0,0,0,0,0,0,0,0,0,0,0,0,0,0,0,0,0,0,0,0,0,0,0,0,0,0,0,0,0,0,0,0,0,0,0,0,0,0,0,0,0,0,0,0,0,0,0,0,0,0,0,0,0,0,0,0,0,0,0,0,0,0,0,0,0,0,0,0,0,0,0,0,0,0,0,0,0,0,0,0,0,0,0,0,0,0,-0.0169939,0.0149637,-0.149423,-0.0174398,-0.228712,0.15908,0.396142,-0.225009,-0.188818,0.0410307,0.0193296,-0.0373254,-0.324497,-0.275467,-1.42895,1.00111,0.0700457,-0.0361084,-0.0793685,-0.673723,-0.220252,-0.589714,-0.171299,1.55802,0.225479,0.238809,1.70685,-0.852681,-0.909164,0.548058,-0.118949,-0.19755,-1.09442,-0.0434579,-0.0937941,1.26753,-0.681809,-0.0521683,0.236154,-0.368895,0.52,0.369998,-0.087267,-0.0866411,-0.0163701,-0.0828113,0.0697687,0.192351,0.373739,0.0179951,0.2618,0.0307205,-0.0965975,0.0988901,0.099692,-0.298684,0.00847752,0.579477,-0.00269011,-0.0439342,0.0177915,0.584,0.014723,0.0166595,-0.999753,0.6,0,0,1.66604,1.24609,3
-1.74615,0.43953,9.71788,-0.17399,0.144954,0.378651,-0.0200797,0.016953,-0.14373,-1.74615,0.43953,9.71788,-0.17399,0.144954,0.378651,-0.0200797,0.016953,-0.14373,-1.10296,0.0235332,-0.119683,1.26917,-0.575318,-0.0410101,0.213724,-0.407854,0.52,0.366095,-0.087267,-0.137075,0.00257669,-0.0838923,0.0966109,0.197991,0.342617,0.00756401,0.2618,0.0149672,-0.081966,0.156299,0.123701,-0.350434,-0.0302123,0.584946,-0.000691316,-0.0359382,0.0195868,0,0,0,0,0,0,0,0,0,0,0,0,0,0,0,0,0,0,0,0,0,0,0,0,0,0,0,0,0,-0.431254,0.130795,-0.0628574,1.01518,-0.69187,0.0447773,-0.194805,0.253637,0.0598234,0.36845,-0.183628,-0.115708,0.0257998,-0.075751,-0.00795205,0.269552,0.219939,-0.0196169,0.311065,0.0327335,-0.0107731,0.0507538,0.162319,-0.266808,0.0121895,0.664687,-0.00303083,-0.0199644,0.0131806,-3.71678,-0.58065,-1.37569,4.98189,0.25142,-1.61017,-0.409003,1.0239,-0.863433,-0.178211,-0.0523004,-0.488326,0.122721,-0.627841,0.606296,-0.0840751,0.0264921,0.00576272,0.201208,-0.0325189,-0.940893,0.606159,-0.529204,-0.13523,-0.107069,-0.484256,0.00287955,-0.198536,0.0563469,-17.3381,-5.70681,2.25227,-6.48044,-0.60596,0.165596,18.3501,-27.6058,14.6748,1.3774,9.72598,0.84579,-0.735076,0.948209,1.08753,-1.04984,2.17048,1.09711,-1.78938,-0.000888966,-0.389192,0.164242,-0.4276,-0.32503,0.0360977,-0.926607,0.00328433,-0.195544,0.0158277,0,0,0,0,0,0,0,0,0,0,0,0,0,0,0,0,0,0,0,0,0,0,0,0,0,0,0,0,0,2.55789,2.55789,2.55789,6.3088,6.3088,1.81445,2.55789,2.55789,1.81445,6.3088,6.3088,0.907223,0.907223,1.81445,1.81445,0.907223,0.907223,1.81445,1.81445,0.907223,0.907223,0.907223,0.907223,0.907223,0.907223,1.06814,1.06814,1.06814,1.06814,40.1792,40.1792,40.1792,99.0984,99.0984,28.5012,40.1792,40.1792,28.5012,99.0984,99.0984,14.2506,14.2506,28.5012,28.5012,14.2506,14.2506,28.5012,28.5012,14.2506,14.2506,14.2506,14.2506,14.2506,14.2506,16.7783,16.7783,16.7783,16.7783,0,0,0,0,0,0,0,0,0,0,0,0,0,0,0,0,0,0,0,0,0,0,0,0,0,0,0,0,0,0,0,0,0,0,0,0,0,0,0,0,0,0,0,0,0,0,0,0,0,0,0,0,0,0,0,0,0,0,0,0,0,0,0,0,0,0,0,0,0,0,0,0,0,0,0,0,0,0,0,0,0,0,0,0,0,0,0,0,0,0,0,0,0,0,0,0,0,0,0,0,0,0,0,0,0,0,0,0,0,0,0,0,0,0,0,0,0,-0.0200797,0.016953,-0.14373,-0.00458079,-0.173969,0.220282,0.325181,-0.343004,-0.191283,0.0172467,-0.0688871,0.0058751,-0.204272,-0.202067,-1.44456,0.960144,0.0341268,-0.0092793,0.0429794,-0.744876,-0.186891,-0.482387,-0.218581,1.62612,0.356378,0.262907,1.71153,-0.863811,-0.605478,0.630771,-0.0935071,-0.312545,-1.10296,0.0235332,-0.119683,1.26917,-0.575318,-0.0410101,0.213724,-0.407854,0.52,0.366095,-0.087267,-0.137075,0.00257669,-0.0838923,0.0966109,0.197991,0.342617,0.00756401,0.2618,0.0149672,-0.081966,0.156299,0.123701,-0.350434,-0.0302123,0.584946,-0.000691316,-0.0359382,0.0195868,0.621,0.0169522,0.0200755,-0.999654,0.6,0,0,1.66584,1.24118,3
-1.1807,0.547999,9.68944,-0.163541,0.180469,0.53142,-0.0232725,0.0202562,-0.134411,-1.1807,0.547999,9.68944,-0.163541,0.180469,0.53142,-0.0232725,0.0202562,-0.134411,-1.10293,0.0686974,-0.126946,1.25905,-0.475008,-0.0347375,0.187905,-0.401926,0.52,0.365101,-0.087267,-0.157291,0.00644274,-0.0872314,0.11831,0.21332,0.293573,-0.0152564,0.2618,0.00916447,-0.0555907,0.162879,0.128934,-0.386891,-0.0601566,0.588648,0.000450563,-0.0279272,0.0198065,0,0,0,0,0,0,0,0,0,0,0,0,0,0,0,0,0,0,0,0,0,0,0,0,0,0,0,0,0,-0.504261,0.116542,-0.0854177,1.09758,-0.660788,0.020239,-0.203214,0.272887,0.0447147,0.365159,-0.18591,-0.125975,0.0248107,-0.0868797,0.0043736,0.265931,0.220535,-0.0202115,0.313277,0.0286454,-0.0247543,0.0741092,0.153287,-0.268548,0.00702724,0.655493,-0.00255442,-0.0222577,0.0152287,-3.49881,-0.756255,-0.902996,3.46502,1.44839,-1.02087,-0.345148,0.937721,-0.643053,-0.170224,-0.152481,-0.521106,-0.199571,-0.509657,0.540161,-0.265354,0.0107057,0.0130674,0.0593974,-0.230415,-0.562134,1.27251,-0.415263,-0.0762726,-0.321925,-0.412193,0.0285233,-0.0804693,0.0940003,-15.2683,-1.87537,0.98812,-5.04153,-0.682327,0.110842,17.6805,-29.6844,14.7273,1.12703,10.6575,0.301177,-0.171853,1.00055,1.62247,-0.75299,1.72807,0.791914,-1.58649,0.0125309,-0.303615,0.0318348,-0.0539816,-1.10063,-0.25021,-0.742862,0.00137559,-0.142715,-0.0302026,0,0,0,0,0,0,0,0,0,0,0,0,0,0,0,0,0,0,0,0,0,0,0,0,0,0,0,0,0,2.55789,2.55789,2.55789,6.3088,6.3088,1.81445,2.55789,2.55789,1.81445,6.3088,6.3088,0.907223,0.907223,1.81445,1.81445,0.907223,0.907223,1.81445,1.81445,0.907223,0.907223,0.907223,0.907223,0.907223,0.907223,1.06814,1.06814,1.06814,1.06814,40.1792,40.1792,40.1792,99.0984,99.0984,28.5012,40.1792,40.1792,28.5012,99.0984,99.0984,14.2506,14.2506,28.5012,28.5012,14.2506,14.2506,28.5012,28.5012,14.2506,14.2506,14.2506,14.2506,14.2506,14.2506,16.7783,16.7783,16.7783,16.7783,0,0,0,0,0,0,0,0,0,0,0,0,0,0,0,0,0,0,0,0,0,0,0,0,0,0,0,0,0,0,0,0,0,0,0,0,0,0,0,0,0,0,0,0,0,0,0,0,0,0,0,0,0,0,0,0,0,0,0,0,0,0,0,0,0,0,0,0,0,0,0,0,0,0,0,0,0,0,0,0,0,0,0,0,0,0,0,0,0,0,0,0,0,0,0,0,0,0,0,0,0,0,0,0,0,0,0,0,0,0,0,0,0,0,0,0,0,-0.0232725,0.0202562,-0.134411,0.0303717,-0.162038,0.269758,0.213355,-0.426131,-0.198896,-0.034786,-0.137163,0.0146901,-0.097387,-0.152376,-1.4445,0.912991,0.0208959,0.00604775,0.125464,-0.734049,-0.126752,-0.374858,-0.231846,1.54509,0.371381,0.265856,1.68267,-0.866646,-0.31942,0.712959,-0.079205,-0.35864,-1.10293,0.0686974,-0.126946,1.25905,-0.475008,-0.0347375,0.187905,-0.401926,0.52,0.365101,-0.087267,-0.157291,0.00644274,-0.0872314,0.11831,0.21332,0.293573,-0.0152564,0.2618,0.00916447,-0.0555907,0.162879,0.128934,-0.386891,-0.0601566,0.588648,0.000450563,-0.0279272,0.0198065,0.688,0.0202548,0.0232656,-0.999524,0.6,0,0,1.65569,1.22944,3
-0.663974,0.743851,9.38383,-0.140505,0.146726,0.626421,-0.0260503,0.0235954,-0.122585,-0.663974,0.743851,9.38383,-0.140505,0.146726,0.626421,-0.0260503,0.0235954,-0.122585,-1.0668,0.10919,-0.159941,1.20046,-0.363144,-0.0355552,0.119785,-0.427054,0.52,0.349288,-0.0666619,-0.159303,-0.0024472,-0.0947193,0.118434,0.22992,0.250279,-0.0304034,0.2618,0.00564519,-0.0362641,0.140093,0.137501,-0.366964,-0.059409,0.590677,0.0011719,-0.0266229,0.0254162,0,0,0,0,0,0,0,0,0,0,0,0,0,0,0,0,0,0,0,0,0,0,0,0,0,0,0,0,0,-0.57162,0.103262,-0.0973222,1.15173,-0.611038,0.00448302,-0.209225,0.292117,0.0355253,0.361555,-0.189387,-0.136351,0.0161139,-0.0966014,0.0156327,0.259804,0.220496,-0.0216627,0.312889,0.023382,-0.029296,0.0982121,0.146348,-0.270313,-0.00146658,0.648837,-0.00184898,-0.0220077,0.0173335,-3.20107,-0.573277,-0.390021,2.18008,2.24833,-0.660582,-0.205461,0.995765,-0.307583,-0.191588,-0.191716,-0.508094,-0.605877,-0.479988,0.512287,-0.334014,-0.0383182,-0.0936895,-0.0445121,-0.247466,-0.0933659,1.07482,-0.318995,-0.121149,-0.457625,-0.259461,0.0350225,0.0487751,0.0890143,-13.3036,0.0766694,-0.133931,-3.33596,-0.721246,0.0824195,16.5434,-30.3335,14.4066,1.51097,11.2609,0.151633,0.365877,1.11312,1.98172,-0.373989,1.06658,0.351376,-1.3812,0.0215218,-0.284453,-0.0548759,0.0333708,-1.56346,-0.432231,-0.724311,0.00147853,-0.147065,-0.0562442,0,0,0,0,0,0,0,0,0,0,0,0,0,0,0,0,0,0,0,0,0,0,0,0,0,0,0,0,0,2.55789,2.55789,2.55789,6.3088,6.3088,1.81445,2.55789,2.55789,1.81445,6.3088,6.3088,0.907223,0.907223,1.81445,1.81445,0.907223,0.907223,1.81445,1.81445,0.907223,0.907223,0.907223,0.907223,0.907223,0.907223,1.06814,1.06814,1.06814,1.06814,40.1792,40.1792,40.1792,99.0984,99.0984,28.5012,40.1792,40.1792,28.5012,99.0984,99.0984,14.2506,14.2506,28.5012,28.5012,14.2506,14.2506,28.5012,28.5012,14.2506,14.2506,14.2506,14.2506,14.2506,14.2506,16.7783,16.7783,16.7783,16.7783,0,0,0,0,0,0,0,0,0,0,0,0,0,0,0,0,0,0,0,0,0,0,0,0,0,0,0,0,0,0,0,0,0,0,0,0,0,0,0,0,0,0,0,0,0,0,0,0,0,0,0,0,0,0,0,0,0,0,0,0,0,0,0,0,0,0,0,0,0,0,0,0,0,0,0,0,0,0,0,0,0,0,0,0,0,0,0,0,0,0,0,0,0,0,0,0,0,0,0,0,0,0,0,0,0,0,0,0,0,0,0,0,0,0,0,0,0,-0.0260503,0.0235954,-0.122585,0.0682203,-0.142504,0.270041,0.11464,-0.380695,-0.21597,-0.0693229,-0.135458,-0.00557985,-0.0306678,-0.125139,-1.3785,0.788581,0.0128716,0.01573,0.199417,-0.779941,-0.0826857,-0.35735,-0.292105,1.40285,0.319425,0.341152,1.51561,-0.91174,-0.000410711,0.845083,-0.0810693,-0.363226,-1.0668,0.10919,-0.159941,1.20046,-0.363144,-0.0355552,0.119785,-0.427054,0.52,0.349288,-0.0666619,-0.159303,-0.0024472,-0.0947193,0.118434,0.22992,0.250279,-0.0304034,0.2618,0.00564519,-0.0362641,0.140093,0.137501,-0.366964,-0.059409,0.590677,0.0011719,-0.0266229,0.0254162,0.998,0.0235932,0.0260402,-0.999382,0.6,0,0,1.65569,1.22944,3
-0.21978,0.633695,9.47388,-0.126815,0.0956155,0.624954,-0.0284251,0.0261184,-0.109934,-0.21978,0.633695,9.47388,-0.126815,0.0956155,0.624954,-0.0284251,0.0261184,-0.109934,-1.01449,0.125329,-0.168727,1.08378,-0.246417,-0.0251249,0.0422699,-0.406582,0.52,0.347118,-0.0387119,-0.169573,-0.0174978,-0.118824,0.11417,0.215375,0.265498,-0.0128793,0.2618,0.0036918,-0.0316397,0.130551,0.145642,-0.345811,-0.04807,0.591346,0.00107399,-0.030724,0.0299434,0,0,0,0,0,0,0,0,0,0,0,0,0,0,0,0,0,0,0,0,0,0,0,0,0,0,0,0,0,-0.630939,0.0938311,-0.102957,1.17661,-0.544717,-0.00702431,-0.211512,0.31273,0.0334377,0.3561,-0.192441,-0.145965,0.000132702,-0.105696,0.0264728,0.253891,0.21836,-0.0240381,0.311464,0.0183952,-0.0271237,0.112062,0.141059,-0.272727,-0.0108783,0.645644,-0.00111211,-0.0206675,0.0198369,-2.76485,-0.379914,-0.244343,0.666946,2.97092,-0.499962,-0.0204924,1.07464,0.0504229,-0.323071,-0.130432,-0.459404,-0.932897,-0.453272,0.521698,-0.253439,-0.168989,-0.14051,-0.0828999,-0.226937,0.172713,0.499323,-0.232157,-0.131483,-0.443685,-0.11137,0.0343155,0.0767982,0.121338,-10.5544,1.60917,-1.6789,-2.27518,-0.775872,0.095913,13.4252,-32.3582,13.8346,1.26646,13.2689,0.217268,0.761729,1.1066,1.67549,-0.110258,0.590961,0.0614544,-1.27333,0.0242924,-0.283392,-0.0615133,0.156073,-1.23106,-0.291735,-0.799996,0.0016778,-0.179031,-0.0363894,0,0,0,0,0,0,0,0,0,0,0,0,0,0,0,0,0,0,0,0,0,0,0,0,0,0,0,0,0,2.55789,2.55789,2.55789,6.3088,6.3088,1.81445,2.55789,2.55789,1.81445,6.3088,6.3088,0.907223,0.907223,1.81445,1.81445,0.907223,0.907223,1.81445,1.81445,0.907223,0.907223,0.907223,0.907223,0.907223,0.907223,1.06814,1.06814,1.06814,1.06814,40.1792,40.1792,40.1792,99.0984,99.0984,28.5012,40.1792,40.1792,28.5012,99.0984,99.0984,14.2506,14.2506,28.5012,28.5012,14.2506,14.2506,28.5012,28.5012,14.2506,14.2506,14.2506,14.2506,14.2506,14.2506,16.7783,16.7783,16.7783,16.7783,0,0,0,0,0,0,0,0,0,0,0,0,0,0,0,0,0,0,0,0,0,0,0,0,0,0,0,0,0,0,0,0,0,0,0,0,0,0,0,0,0,0,0,0,0,0,0,0,0,0,0,0,0,0,0,0,0,0,0,0,0,0,0,0,0,0,0,0,0,0,0,0,0,0,0,0,0,0,0,0,0,0,0,0,0,0,0,0,0,0,0,0,0,0,0,0,0,0,0,0,0,0,0,0,0,0,0,0,0,0,0,0,0,0,0,0,0,-0.0284251,0.0261184,-0.109934,0.0350574,-0.123942,0.260319,0.149343,-0.332463,-0.27093,-0.0293662,-0.109604,-0.0398967,-0.0233686,-0.116155,-1.28298,0.647013,0.00841766,0.0144159,0.228891,-0.742553,-0.0721416,-0.412398,-0.308152,1.18596,0.297669,0.40192,1.18284,-0.91793,0.332465,0.92479,-0.0572872,-0.386643,-1.01449,0.125329,-0.168727,1.08378,-0.246417,-0.0251249,0.0422699,-0.406582,0.52,0.347118,-0.0387119,-0.169573,-0.0174978,-0.118824,0.11417,0.215375,0.265498,-0.0128793,0.2618,0.0036918,-0.0316397,0.130551,0.145642,-0.345811,-0.04807,0.591346,0.00107399,-0.030724,0.0299434,0.667,0.0261154,0.0284116,-0.999255,0.6,0,0,1.64329,1.21802,3
-0.378851,0.489152,9.06999,-0.12437,0.0989113,0.498779,-0.0312694,0.028549,-0.0965106,-0.378851,0.489152,9.06999,-0.12437,0.0989113,0.498779,-0.0312694,0.028549,-0.0965106,-0.969068,0.151125,-0.158827,0.944962,-0.141936,-0.00673901,-0.0234874,-0.390528,0.437287,0.326611,-0.087267,-0.21401,-0.0322089,-0.143394,0.114721,0.191301,0.301272,0.00409043,0.2618,0.00422918,-0.0287268,0.139485,0.143854,-0.330218,-0.0427683,0.593017,-4.25968e-05,-0.0365173,0.0323803,0,0,0,0,0,0,0,0,0,0,0,0,0,0,0,0,0,0,0,0,0,0,0,0,0,0,0,0,0,-0.687584,0.088529,-0.106886,1.16077,-0.45125,-0.014001,-0.210938,0.339158,0.0420638,0.348481,-0.194527,-0.156899,-0.027747,-0.114274,0.0394769,0.249714,0.212258,-0.0241491,0.310333,0.0134699,-0.0224838,0.118326,0.13636,-0.274828,-0.0189681,0.644489,-0.000481533,-0.0199208,0.0230789,-2.10304,-0.0877993,-0.220619,-1.29134,3.33082,-0.212668,0.0883879,1.16553,0.54949,-0.326507,-0.0586182,-0.447293,-1.2915,-0.358204,0.506705,-0.105657,-0.292558,0.0338286,-0.053312,-0.17927,0.183959,0.185407,-0.1667,-0.0727993,-0.245062,-0.0714702,0.0212319,0.0170149,0.127496,-7.84108,1.75381,-1.99534,-0.0107849,-0.749963,0.0716106,9.99722,-32.8115,12.6999,1.85595,15.8113,0.214216,1.26905,0.484127,1.20912,-0.38589,1.01289,0.261443,-1.29683,0.0231572,-0.298176,0.00644761,0.280363,-0.946754,-0.18607,-0.825725,0.00319393,-0.201462,-0.019676,0,0,0,0,0,0,0,0,0,0,0,0,0,0,0,0,0,0,0,0,0,0,0,0,0,0,0,0,0,2.55789,2.55789,2.55789,6.3088,6.3088,1.81445,2.55789,2.55789,1.81445,6.3088,6.3088,0.907223,0.907223,1.81445,1.81445,0.907223,0.907223,1.81445,1.81445,0.907223,0.907223,0.907223,0.907223,0.907223,0.907223,1.06814,1.06814,1.06814,1.06814,40.1792,40.1792,40.1792,99.0984,99.0984,28.5012,40.1792,40.1792,28.5012,99.0984,99.0984,14.2506,14.2506,28.5012,28.5012,14.2506,14.2506,28.5012,28.5012,14.2506,14.2506,14.2506,14.2506,14.2506,14.2506,16.7783,16.7783,16.7783,16.7783,0,0,0,0,0,0,0,0,0,0,0,0,0,0,0,0,0,0,0,0,0,0,0,0,0,0,0,0,0,0,0,0,0,0,0,0,0,0,0,0,0,0,0,0,0,0,0,0,0,0,0,0,0,0,0,0,0,0,0,0,0,0,0,0,0,0,0,0,0,0,0,0,0,0,0,0,0,0,0,0,0,0,0,0,0,0,0,0,0,0,0,0,0,0,0,0,0,0,0,0,0,0,0,0,0,0,0,0,0,0,0,0,0,0,0,0,0,-0.0312694,0.028549,-0.0965106,-0.0198345,-0.128019,0.261575,0.23091,-0.29691,-0.326953,0.00932658,-0.097516,-0.0734395,-0.0272511,-0.0937302,-1.20002,0.526919,0.00964295,-0.000571763,0.276004,-0.713234,-0.0655,-0.49016,-0.290071,0.997058,0.318039,0.43463,0.786976,-0.97641,0.630419,0.785095,-0.0153656,-0.487965,-0.969068,0.151125,-0.158827,0.944962,-0.141936,-0.00673901,-0.0234874,-0.390528,0.437287,0.326611,-0.087267,-0.21401,-0.0322089,-0.143394,0.114721,0.191301,0.301272,0.00409043,0.2618,0.00422918,-0.0287268,0.139485,0.143854,-0.330218,-0.0427683,0.593017,-4.25968e-05,-0.0365173,0.0323803,0.723,0.0280993,0.0308062,-0.99913,0.6,0,0,1.64329,1.21802,3
0.272544,-0.0426454,8.84487,-0.146254,0.0897945,0.407462,-0.0333314,0.0302702,-0.0894282,0.272544,-0.0426454,8.84487,-0.146254,0.0897945,0.407462,-0.0333314,0.0302702,-0.0894282,-0.964851,0.142296,-0.143017,0.858344,-0.0731475,0.0228617,-0.0183134,-0.401021,0.404833,0.282085,-0.087267,-0.230907,-0.0424511,-0.132459,0.132359,0.180114,0.307958,0.000317756,0.2618,0.00286876,-0.0325664,0.157098,0.0968289,-0.336226,-0.0527184,0.58913,-0.00063924,-0.0444423,0.0333109,0,0,0,0,0,0,0,0,0,0,0,0,0,0,0,0,0,0,0,0,0,0,0,0,0,0,0,0,0,-0.716764,0.0884058,-0.109496,1.12483,-0.383113,-0.0136112,-0.209605,0.357078,0.0517802,0.344398,-0.19643,-0.164663,-0.0484383,-0.11855,0.0477359,0.248645,0.208158,-0.0227559,0.310114,0.0111063,-0.01949,0.121752,0.134046,-0.274687,-0.0221622,0.644076,-0.000413361,-0.0206989,0.0251684,-1.64025,0.0588835,-0.169882,-2.7918,3.92268,0.0969965,0.0920935,1.10922,0.607194,-0.227933,-0.153923,-0.506663,-1.25823,-0.24767,0.517371,-0.0365382,-0.221708,0.116743,-0.00267627,-0.131207,0.192809,0.226351,-0.113446,0.0553594,-0.157506,-0.0371757,0.000496228,-0.0668918,0.126065,-5.98642,2.42353,-1.60873,-1.25817,-0.887773,0.026862,7.27049,-32.7704,9.90537,-0.368026,11.725,-0.25986,1.35182,-0.290678,0.988865,-0.777644,1.5303,0.566626,-1.37646,0.020545,-0.302152,0.0529216,0.247648,-0.833515,-0.143468,-0.831281,0.0058323,-0.19657,-0.0122157,0,0,0,0,0,0,0,0,0,0,0,0,0,0,0,0,0,0,0,0,0,0,0,0,0,0,0,0,0,2.55789,2.55789,2.55789,6.3088,6.3088,1.81445,2.55789,2.55789,1.81445,6.3088,6.3088,0.907223,0.907223,1.81445,1.81445,0.907223,0.907223,1.81445,1.81445,0.907223,0.907223,0.907223,0.907223,0.907223,0.907223,1.06814,1.06814,1.06814,1.06814,40.1792,40.1792,40.1792,99.0984,99.0984,28.5012,40.1792,40.1792,28.5012,99.0984,99.0984,14.2506,14.2506,28.5012,28.5012,14.2506,14.2506,28.5012,28.5012,14.2506,14.2506,14.2506,14.2506,14.2506,14.2506,16.7783,16.7783,16.7783,16.7783,0,0,0,0,0,0,0,0,0,0,0,0,0,0,0,0,0,0,0,0,0,0,0,0,0,0,0,0,0,0,0,0,0,0,0,0,0,0,0,0,0,0,0,0,0,0,0,0,0,0,0,0,0,0,0,0,0,0,0,0,0,0,0,0,0,0,0,0,0,0,0,0,0,0,0,0,0,0,0,0,0,0,0,0,0,0,0,0,0,0,0,0,0,0,0,0,0,0,0,0,0,0,0,0,0,0,0,0,0,0,0,0,0,0,0,0,0,-0.0333314,0.0302702,-0.0894282,-0.0453425,-0.23524,0.301791,0.246154,-0.310608,-0.302019,0.000724515,-0.120203,-0.0967928,-0.032082,-0.1459,-1.19232,0.536368,0.00654105,-0.0085803,0.259879,-0.732396,-0.0742547,-0.596534,-0.261197,0.923059,0.358199,0.447121,0.539962,-1.10339,0.826588,0.729727,0.052127,-0.526492,-0.964851,0.142296,-0.143017,0.858344,-0.0731475,0.0228617,-0.0183134,-0.401021,0.404833,0.282085,-0.087267,-0.230907,-0.0424511,-0.132459,0.132359,0.180114,0.307958,0.000317756,0.2618,0.00286876,-0.0325664,0.157098,0.0968289,-0.336226,-0.0527184,0.58913,-0.00063924,-0.0444423,0.0333109,0.702,0.0302656,0.03331,-0.998986,0.6,0,0,1.63404,1.20861,3
0.460774,-0.00738901,8.60305,-0.15617,0.0393847,0.301479,-0.0361687,0.0316717,-0.0824835,0.460774,-0.00738901,8.60305,-0.15617,0.0393847,0.301479,-0.0361687,0.0316717,-0.0824835,-0.967602,0.119518,-0.148345,0.767982,-0.0242774,0.0484193,0.0200666,-0.441198,0.401742,0.25088,-0.085703,-0.241774,-0.0435378,-0.130798,0.141689,0.170103,0.293531,-0.00965589,0.2618,0.000717618,-0.0364986,0.164038,0.0552589,-0.345539,-0.0613387,0.584544,-0.00115523,-0.0484256,0.0338865,0,0,0,0,0,0,0,0,0,0,0,0,0,0,0,0,0,0,0,0,0,0,0,0,0,0,0,0,0,-0.745257,0.0912018,-0.114125,1.05548,-0.299439,-0.00498111,-0.204646,0.379332,0.0615409,0.334738,-0.197982,-0.175375,-0.0693799,-0.124698,0.0583725,0.248786,0.205413,-0.0214802,0.311098,0.00853958,-0.0165172,0.129521,0.131767,-0.271938,-0.0252979,0.645088,-0.000597541,-0.0232006,0.0277786,-1.3201,0.213287,-0.283866,-3.66693,3.65972,0.467729,0.344034,1.13735,0.388078,-0.629829,-0.0422737,-0.53746,-0.883614,-0.376282,0.53488,0.050148,-0.0794736,0.0515354,0.0364701,-0.116299,0.129815,0.409801,-0.108723,0.181062,-0.136473,0.0592527,-0.00869026,-0.121156,0.118766,-5.52642,1.56797,-0.485492,2.99916,-0.710072,-0.053613,6.67204,-34.1493,9.06545,-1.46,11.2303,-0.316476,1.18837,0.409449,1.15937,-1.01562,1.54177,0.531891,-1.48421,0.0246028,-0.347143,0.0244022,-0.400703,-1.07015,-0.264038,-1.0081,0.00885703,-0.226706,-0.0341134,0,0,0,0,0,0,0,0,0,0,0,0,0,0,0,0,0,0,0,0,0,0,0,0,0,0,0,0,0,2.55789,2.55789,2.55789,6.3088,6.3088,1.81445,2.55789,2.55789,1.81445,6.3088,6.3088,0.907223,0.907223,1.81445,1.81445,0.907223,0.907223,1.81445,1.81445,0.907223,0.907223,0.907223,0.907223,0.907223,0.907223,1.06814,1.06814,1.06814,1.06814,40.1792,40.1792,40.1792,99.0984,99.0984,28.5012,40.1792,40.1792,28.5012,99.0984,99.0984,14.2506,14.2506,28.5012,28.5012,14.2506,14.2506,28.5012,28.5012,14.2506,14.2506,14.2506,14.2506,14.2506,14.2506,16.7783,16.7783,16.7783,16.7783,0,0,0,0,0,0,0,0,0,0,0,0,0,0,0,0,0,0,0,0,0,0,0,0,0,0,0,0,0,0,0,0,0,0,0,0,0,0,0,0,0,0,0,0,0,0,0,0,0,0,0,0,0,0,0,0,0,0,0,0,0,0,0,0,0,0,0,0,0,0,0,0,0,0,0,0,0,0,0,0,0,0,0,0,0,0,0,0,0,0,0,0,0,0,0,0,0,0,0,0,0,0,0,0,0,0,0,0,0,0,0,0,0,0,0,0,0,-0.0361687,0.0316717,-0.0824835,-0.0681689,-0.330024,0.323066,0.213259,-0.331844,-0.298233,-0.0220164,-0.139858,-0.0992704,-0.0465776,-0.207462,-1.19735,0.606463,0.00163624,-0.0155062,0.218279,-0.805772,-0.0832204,-0.65,-0.270926,0.916011,0.374024,0.454846,0.282273,-1.19238,0.965953,0.790783,0.110401,-0.551268,-0.967602,0.119518,-0.148345,0.767982,-0.0242774,0.0484193,0.0200666,-0.441198,0.401742,0.25088,-0.085703,-0.241774,-0.0435378,-0.130798,0.141689,0.170103,0.293531,-0.00965589,0.2618,0.000717618,-0.0364986,0.164038,0.0552589,-0.345539,-0.0613387,0.584544,-0.00115523,-0.0484256,0.0338865,0.745,0.0316664,0.0361427,-0.998845,0.6,0,0,1.62537,1.19899,3
0.690425,-0.214925,8.91185,-0.184583,0.0160858,0.226422,-0.0394331,0.0325135,-0.0773284,0.690425,-0.214925,8.91185,-0.184583,0.0160858,0.226422,-0.0394331,0.0325135,-0.0773284,-0.982765,0.0868091,-0.171767,0.665274,0.0159517,0.0755638,0.0694474,-0.510949,0.419363,0.237309,-0.0504204,-0.226635,-0.0412731,-0.150932,0.140095,0.166462,0.279304,-0.0117383,0.2618,-0.00434882,-0.0267197,0.173128,0.0293344,-0.374546,-0.0726677,0.580967,-0.00215595,-0.047319,0.0344972,0,0,0,0,0,0,0,0,0,0,0,0,0,0,0,0,0,0,0,0,0,0,0,0,0,0,0,0,0,-0.766721,0.0947796,-0.121325,0.975149,-0.22507,0.00871337,-0.193207,0.401341,0.066617,0.317546,-0.197898,-0.186104,-0.0819957,-0.132936,0.0672175,0.249769,0.205186,-0.0216054,0.312642,0.00607092,-0.014937,0.138261,0.128743,-0.267028,-0.0282264,0.647755,-0.000895003,-0.0256655,0.0300429,-0.960558,0.162052,-0.40352,-4.02742,3.23809,0.669326,0.684677,1.08346,0.161725,-0.96411,0.00889245,-0.525857,-0.461307,-0.43732,0.409162,0.0665979,0.0296466,-0.0274354,0.0620868,-0.11347,0.0649203,0.403574,-0.163258,0.277284,-0.128884,0.141443,-0.0134114,-0.0999558,0.100372,-5.674,0.59544,-0.0951608,4.41861,-0.573483,-0.0827278,6.90302,-36.5374,9.23814,-0.745409,11.0266,-0.328108,0.979195,0.820186,1.39773,-1.18959,1.23975,0.387624,-1.5732,0.0267599,-0.366832,0.000510747,-0.902889,-1.3591,-0.352039,-1.21376,0.0101688,-0.272901,-0.042896,0,0,0,0,0,0,0,0,0,0,0,0,0,0,0,0,0,0,0,0,0,0,0,0,0,0,0,0,0,2.55789,2.55789,2.55789,6.3088,6.3088,1.81445,2.55789,2.55789,1.81445,6.3088,6.3088,0.907223,0.907223,1.81445,1.81445,0.907223,0.907223,1.81445,1.81445,0.907223,0.907223,0.907223,0.907223,0.907223,0.907223,1.06814,1.06814,1.06814,1.06814,40.1792,40.1792,40.1792,99.0984,99.0984,28.5012,40.1792,40.1792,28.5012,99.0984,99.0984,14.2506,14.2506,28.5012,28.5012,14.2506,14.2506,28.5012,28.5012,14.2506,14.2506,14.2506,14.2506,14.2506,14.2506,16.7783,16.7783,16.7783,16.7783,0,0,0,0,0,0,0,0,0,0,0,0,0,0,0,0,0,0,0,0,0,0,0,0,0,0,0,0,0,0,0,0,0,0,0,0,0,0,0,0,0,0,0,0,0,0,0,0,0,0,0,0,0,0,0,0,0,0,0,0,0,0,0,0,0,0,0,0,0,0,0,0,0,0,0,0,0,0,0,0,0,0,0,0,0,0,0,0,0,0,0,0,0,0,0,0,0,0,0,0,0,0,0,0,0,0,0,0,0,0,0,0,0,0,0,0,0,-0.0394331,0.0325135,-0.0773284,-0.076469,-0.389135,0.31943,0.180821,-0.397982,-0.34414,-0.0267645,-0.16569,-0.0941068,-0.0635305,-0.255475,-1.22504,0.696648,-0.00991574,-0.0289385,0.158542,-0.933162,-0.0609235,-0.635147,-0.313703,0.956189,0.394748,0.463044,-0.0106257,-1.23108,1.08068,0.8914,0.172293,-0.51675,-0.982765,0.0868091,-0.171767,0.665274,0.0159517,0.0755638,0.0694474,-0.510949,0.419363,0.237309,-0.0504204,-0.226635,-0.0412731,-0.150932,0.140095,0.166462,0.279304,-0.0117383,0.2618,-0.00434882,-0.0267197,0.173128,0.0293344,-0.374546,-0.0726677,0.580967,-0.00215595,-0.047319,0.0344972,0.998,0.0325078,0.039402,-0.998694,0.6,0,0,1.62537,1.19899,3
0.868678,-0.200258,9.38753,-0.200204,-0.00735974,0.176955,-0.0431898,0.0328653,-0.0733729,0.868678,-0.200258,9.38753,-0.200204,-0.00735974,0.176955,-0.0431898,0.0328653,-0.0733729,-0.953063,0.0583595,-0.190637,0.571529,0.0370798,0.105688,0.0968664,-0.568594,0.416284,0.213814,-0.0150343,-0.211372,-0.034563,-0.1544,0.138427,0.151248,0.264661,-0.00945491,0.2618,-0.00872913,-0.0216776,0.171414,0.00711914,-0.381949,-0.0733112,0.577921,-0.00310804,-0.0443035,0.0381732,0,0,0,0,0,0,0,0,0,0,0,0,0,0,0,0,0,0,0,0,0,0,0,0,0,0,0,0,0,-0.78083,0.0950095,-0.132022,0.888516,-0.15984,0.026029,-0.175553,0.421331,0.0683188,0.294439,-0.196764,-0.195833,-0.0870368,-0.141419,0.0737404,0.250728,0.205762,-0.0220396,0.314337,0.0030737,-0.01195,0.146895,0.124792,-0.261193,-0.0305431,0.651253,-0.00137061,-0.02678,0.0320754,-0.602289,-0.0782314,-0.610227,-4.30462,2.83215,0.829924,0.961124,0.949175,0.0520995,-1.22685,0.0595319,-0.458287,-0.136362,-0.408775,0.313158,0.0536511,0.0261149,-0.014127,0.0747776,-0.148229,0.185846,0.409608,-0.200692,0.284344,-0.0899179,0.160902,-0.0231346,-0.0266006,0.0942096,-6.61655,-0.160284,-0.0980166,4.59388,-0.490044,-0.0936278,7.4719,-39.8267,9.91007,1.85081,14.0922,-0.0325256,0.785385,0.454911,1.34599,-1.24505,1.02577,0.320852,-1.63966,0.0280453,-0.374703,0.00358753,-1.18165,-1.86839,-0.515009,-1.35548,0.011559,-0.314074,-0.0594712,0,0,0,0,0,0,0,0,0,0,0,0,0,0,0,0,0,0,0,0,0,0,0,0,0,0,0,0,0,2.55789,2.55789,2.55789,6.3088,6.3088,1.81445,2.55789,2.55789,1.81445,6.3088,6.3088,0.907223,0.907223,1.81445,1.81445,0.907223,0.907223,1.81445,1.81445,0.907223,0.907223,0.907223,0.907223,0.907223,0.907223,1.06814,1.06814,1.06814,1.06814,40.1792,40.1792,40.1792,99.0984,99.0984,28.5012,40.1792,40.1792,28.5012,99.0984,99.0984,14.2506,14.2506,28.5012,28.5012,14.2506,14.2506,28.5012,28.5012,14.2506,14.2506,14.2506,14.2506,14.2506,14.2506,16.7783,16.7783,16.7783,16.7783,0,0,0,0,0,0,0,0,0,0,0,0,0,0,0,0,0,0,0,0,0,0,0,0,0,0,0,0,0,0,0,0,0,0,0,0,0,0,0,0,0,0,0,0,0,0,0,0,0,0,0,0,0,0,0,0,0,0,0,0,0,0,0,0,0,0,0,0,0,0,0,0,0,0,0,0,0,0,0,0,0,0,0,0,0,0,0,0,0,0,0,0,0,0,0,0,0,0,0,0,0,0,0,0,0,0,0,0,0,0,0,0,0,0,0,0,0,-0.0431898,0.0328653,-0.0733729,-0.111159,-0.439788,0.315627,0.147435,-0.414862,-0.352048,-0.0215581,-0.167157,-0.078807,-0.0985178,-0.296364,-1.17079,0.746725,-0.0199033,-0.0417181,0.106584,-1.03844,-0.0494271,-0.594671,-0.348166,0.949168,0.390842,0.512385,-0.277962,-1.29808,1.14093,0.992312,0.240979,-0.48195,-0.953063,0.0583595,-0.190637,0.571529,0.0370798,0.105688,0.0968664,-0.568594,0.416284,0.213814,-0.0150343,-0.211372,-0.034563,-0.1544,0.138427,0.151248,0.264661,-0.00945491,0.2618,-0.00872913,-0.0216776,0.171414,0.00711914,-0.381949,-0.0733112,0.577921,-0.00310804,-0.0443035,0.0381732,0.749,0.0328594,0.0431531,-0.998528,0.6,0,0,1.61918,1.18887,3
1.13473,-0.48517,9.81964,-0.230053,-0.0207994,0.154074,-0.0474069,0.0329622,-0.070096,1.13473,-0.48517,9.81964,-0.230053,-0.0207994,0.154074,-0.0474069,0.0329622,-0.070096,-0.902009,0.0348185,-0.197536,0.469811,0.070014,0.124334,0.0912724,-0.596071,0.404972,0.190141,-0.000588479,-0.200174,-0.0278055,-0.159372,0.128506,0.128386,0.262041,-0.00349172,0.2618,-0.0138488,-0.0212514,0.178661,-0.0167169,-0.388286,-0.0730932,0.575671,-0.00359793,-0.0427892,0.0419755,0,0,0,0,0,0,0,0,0,0,0,0,0,0,0,0,0,0,0,0,0,0,0,0,0,0,0,0,0,-0.786831,0.0900852,-0.146261,0.798114,-0.106394,0.0467787,-0.151694,0.438048,0.0693345,0.266062,-0.194518,-0.204528,-0.0868608,-0.148155,0.0776656,0.250837,0.205566,-0.0212118,0.31664,-0.000394614,-0.00750141,0.153426,0.120078,-0.255504,-0.0318483,0.654909,-0.00198308,-0.0263566,0.0344471,-0.189758,-0.340123,-0.752324,-4.4249,2.3032,0.987225,1.2701,0.761171,0.075138,-1.48145,0.115155,-0.418865,0.0696331,-0.267899,0.190114,-0.00209862,-0.0235565,0.0557419,0.106793,-0.167325,0.237108,0.279264,-0.23263,0.274096,-0.0306285,0.165836,-0.0293884,0.0454502,0.1187,-6.21385,-0.456835,0.0897742,5.08672,-0.35193,-0.112297,6.83529,-42.3624,9.77467,3.91421,17.0332,0.272375,0.686311,0.321831,1.41589,-1.41513,0.862773,0.235554,-1.76365,0.0323904,-0.413455,0.00308209,-1.4011,-2.04594,-0.556818,-1.47319,0.0123713,-0.347298,-0.0627781,0,0,0,0,0,0,0,0,0,0,0,0,0,0,0,0,0,0,0,0,0,0,0,0,0,0,0,0,0,2.55789,2.55789,2.55789,6.3088,6.3088,1.81445,2.55789,2.55789,1.81445,6.3088,6.3088,0.907223,0.907223,1.81445,1.81445,0.907223,0.907223,1.81445,1.81445,0.907223,0.907223,0.907223,0.907223,0.907223,0.907223,1.06814,1.06814,1.06814,1.06814,40.1792,40.1792,40.1792,99.0984,99.0984,28.5012,40.1792,40.1792,28.5012,99.0984,99.0984,14.2506,14.2506,28.5012,28.5012,14.2506,14.2506,28.5012,28.5012,14.2506,14.2506,14.2506,14.2506,14.2506,14.2506,16.7783,16.7783,16.7783,16.7783,0,0,0,0,0,0,0,0,0,0,0,0,0,0,0,0,0,0,0,0,0,0,0,0,0,0,0,0,0,0,0,0,0,0,0,0,0,0,0,0,0,0,0,0,0,0,0,0,0,0,0,0,0,0,0,0,0,0,0,0,0,0,0,0,0,0,0,0,0,0,0,0,0,0,0,0,0,0,0,0,0,0,0,0,0,0,0,0,0,0,0,0,0,0,0,0,0,0,0,0,0,0,0,0,0,0,0,0,0,0,0,0,0,0,0,0,0,-0.0474069,0.0329622,-0.070096,-0.163288,-0.494136,0.293007,0.141459,-0.429311,-0.363383,-0.00796146,-0.16666,-0.0633994,-0.138627,-0.326559,-1.07755,0.736508,-0.0315766,-0.0482938,0.06359,-1.08862,-0.0484553,-0.574344,-0.360766,0.923377,0.407366,0.563423,-0.568038,-1.36559,1.23485,1.03351,0.283494,-0.456416,-0.902009,0.0348185,-0.197536,0.469811,0.070014,0.124334,0.0912724,-0.596071,0.404972,0.190141,-0.000588479,-0.200174,-0.0278055,-0.159372,0.128506,0.128386,0.262041,-0.00349172,0.2618,-0.0138488,-0.0212514,0.178661,-0.0167169,-0.388286,-0.0730932,0.575671,-0.00359793,-0.0427892,0.0419755,0.698,0.0329563,0.0473634,-0.998334,0.6,0,0,1.61918,1.18887,3
1.29371,-0.654514,9.88999,-0.274302,-0.0309146,0.127531,-0.052466,0.0327994,-0.0672947,1.29371,-0.654514,9.88999,-0.274302,-0.0309146,0.127531,-0.052466,0.0327994,-0.0672947,-0.848549,0.0253267,-0.194686,0.379313,0.103053,0.138058,0.0946003,-0.609629,0.40038,0.182594,0.0169494,-0.170712,-0.0262527,-0.174992,0.122132,0.104842,0.266553,0.00218287,0.2618,-0.0180608,-0.0219915,0.193737,-0.0308327,-0.396701,-0.0735865,0.574834,-0.00428631,-0.0399031,0.0440361,0,0,0,0,0,0,0,0,0,0,0,0,0,0,0,0,0,0,0,0,0,0,0,0,0,0,0,0,0,-0.784556,0.0808259,-0.160892,0.70462,-0.058804,0.0676043,-0.123372,0.450334,0.0720636,0.234853,-0.192153,-0.212716,-0.08402,-0.150436,0.0798522,0.249798,0.204698,-0.0191009,0.319404,-0.00436305,-0.00316858,0.159455,0.11469,-0.249904,-0.0318296,0.658604,-0.00260152,-0.0250584,0.037301,0.210191,-0.527496,-0.704783,-4.57197,2.06047,0.952974,1.4367,0.523392,0.192367,-1.56132,0.0980207,-0.401675,0.160769,-0.0062685,0.129003,-0.062172,-0.0476843,0.120051,0.120254,-0.190875,0.20645,0.295129,-0.267556,0.269254,0.0355807,0.155713,-0.0285803,0.0749623,0.141647,-5.26026,-0.556681,0.302698,5.21591,-0.271837,-0.113914,5.03578,-43.3762,9.17523,5.19162,18.3265,0.532628,0.656442,-0.207487,1.18806,-1.6742,0.860254,0.231673,-1.86934,0.0374338,-0.443829,0.0086017,-1.6335,-2.21259,-0.613124,-1.56585,0.013638,-0.376465,-0.0710683,0,0,0,0,0,0,0,0,0,0,0,0,0,0,0,0,0,0,0,0,0,0,0,0,0,0,0,0,0,2.55789,2.55789,2.55789,6.3088,6.3088,1.81445,2.55789,2.55789,1.81445,6.3088,6.3088,0.907223,0.907223,1.81445,1.81445,0.907223,0.907223,1.81445,1.81445,0.907223,0.907223,0.907223,0.907223,0.907223,0.907223,1.06814,1.06814,1.06814,1.06814,40.1792,40.1792,40.1792,99.0984,99.0984,28.5012,40.1792,40.1792,28.5012,99.0984,99.0984,14.2506,14.2506,28.5012,28.5012,14.2506,14.2506,28.5012,28.5012,14.2506,14.2506,14.2506,14.2506,14.2506,14.2506,16.7783,16.7783,16.7783,16.7783,0,0,0,0,0,0,0,0,0,0,0,0,0,0,0,0,0,0,0,0,0,0,0,0,0,0,0,0,0,0,0,0,0,0,0,0,0,0,0,0,0,0,0,0,0,0,0,0,0,0,0,0,0,0,0,0,0,0,0,0,0,0,0,0,0,0,0,0,0,0,0,0,0,0,0,0,0,0,0,0,0,0,0,0,0,0,0,0,0,0,0,0,0,0,0,0,0,0,0,0,0,0,0,0,0,0,0,0,0,0,0,0,0,0,0,0,0,-0.052466,0.0327994,-0.0672947,-0.216971,-0.526322,0.278473,0.151748,-0.448499,-0.399,0.00497717,-0.167785,-0.0598588,-0.19094,-0.337795,-0.979915,0.742586,-0.0411804,-0.0575336,0.0462548,-1.11338,-0.0501429,-0.535606,-0.355562,0.912906,0.44174,0.591082,-0.826117,-1.38711,1.32907,1.08352,0.314787,-0.38924,-0.848549,0.0253267,-0.194686,0.379313,0.103053,0.138058,0.0946003,-0.609629,0.40038,0.182594,0.0169494,-0.170712,-0.0262527,-0.174992,0.122132,0.104842,0.266553,0.00218287,0.2618,-0.0180608,-0.0219915,0.193737,-0.0308327,-0.396701,-0.0735865,0.574834,-0.00428631,-0.0399031,0.0440361,0.68,0.0327935,0.0524137,-0.998087,0.6,0,0,1.61527,1.17835,3
1.24693,-0.546198,9.70441,-0.289631,-0.0186756,0.0986515,-0.0587273,0.0327283,-0.0647782,1.24693,-0.546198,9.70441,-0.289631,-0.0186756,0.0986515,-0.0587273,0.0327283,-0.0647782,-0.755917,0.0120461,-0.173506,0.319208,0.130817,0.13843,0.0884703,-0.589072,0.384478,0.175211,0.020316,-0.143178,-0.027322,-0.175758,0.121841,0.0921621,0.281104,0.0135567,0.2618,-0.0225704,-0.0221629,0.207413,-0.024663,-0.387087,-0.0693668,0.575053,-0.00418971,-0.0382338,0.0459951,0,0,0,0,0,0,0,0,0,0,0,0,0,0,0,0,0,0,0,0,0,0,0,0,0,0,0,0,0,-0.773746,0.0687915,-0.173283,0.601656,-0.0117009,0.0884027,-0.0897105,0.45884,0.0791283,0.201079,-0.190506,-0.220866,-0.0810773,-0.147075,0.0808789,0.246796,0.20363,-0.0160054,0.322471,-0.00891576,0.00060157,0.168233,0.107991,-0.244333,-0.0305159,0.661436,-0.00330511,-0.0230345,0.0404532,0.538791,-0.547349,-0.477297,-4.41279,1.82278,0.834656,1.50549,0.309396,0.418854,-1.47149,0.0409108,-0.355126,0.0865996,0.24779,0.0809589,-0.158911,-0.0438445,0.145237,0.111143,-0.190321,0.153026,0.401177,-0.305266,0.221361,0.084558,0.0765858,-0.0294605,0.0898726,0.133935,-4.38714,-0.38455,0.361073,5.61818,-0.156714,-0.10219,3.62989,-43.7233,8.45184,7.28102,20.2493,1.02703,0.694345,-1.20588,1.066,-1.88348,0.937288,0.259938,-1.94118,0.042163,-0.461678,0.00229446,-1.70784,-2.37284,-0.685051,-1.54586,0.0148504,-0.380347,-0.0816252,0,0,0,0,0,0,0,0,0,0,0,0,0,0,0,0,0,0,0,0,0,0,0,0,0,0,0,0,0,2.55789,2.55789,2.55789,6.3088,6.3088,1.81445,2.55789,2.55789,1.81445,6.3088,6.3088,0.907223,0.907223,1.81445,1.81445,0.907223,0.907223,1.81445,1.81445,0.907223,0.907223,0.907223,0.907223,0.907223,0.907223,1.06814,1.06814,1.06814,1.06814,40.1792,40.1792,40.1792,99.0984,99.0984,28.5012,40.1792,40.1792,28.5012,99.0984,99.0984,14.2506,14.2506,28.5012,28.5012,14.2506,14.2506,28.5012,28.5012,14.2506,14.2506,14.2506,14.2506,14.2506,14.2506,16.7783,16.7783,16.7783,16.7783,0,0,0,0,0,0,0,0,0,0,0,0,0,0,0,0,0,0,0,0,0,0,0,0,0,0,0,0,0,0,0,0,0,0,0,0,0,0,0,0,0,0,0,0,0,0,0,0,0,0,0,0,0,0,0,0,0,0,0,0,0,0,0,0,0,0,0,0,0,0,0,0,0,0,0,0,0,0,0,0,0,0,0,0,0,0,0,0,0,0,0,0,0,0,0,0,0,0,0,0,0,0,0,0,0,0,0,0,0,0,0,0,0,0,0,0,0,-0.0587273,0.0327283,-0.0647782,-0.245881,-0.512254,0.277809,0.184925,-0.426576,-0.400745,0.0309106,-0.158163,-0.0622969,-0.241801,-0.334857,-0.810739,0.731391,-0.0514629,-0.0562371,0.0220001,-1.07584,-0.0505336,-0.5132,-0.316878,0.876648,0.472923,0.617377,-0.99752,-1.40816,1.40824,1.09312,0.315635,-0.32646,-0.755917,0.0120461,-0.173506,0.319208,0.130817,0.13843,0.0884703,-0.589072,0.384478,0.175211,0.020316,-0.143178,-0.027322,-0.175758,0.121841,0.0921621,0.281104,0.0135567,0.2618,-0.0225704,-0.0221629,0.207413,-0.024663,-0.387087,-0.0693668,0.575053,-0.00418971,-0.0382338,0.0459951,0.998,0.0327482,0.0580906,-0.997774,0.6,0,0,1.61527,1.17835,3
1.41399,-3.08578,13.9194,-0.404113,0.0611779,0.0841432,-0.0649894,0.0337517,-0.0631389,1.41399,-3.08578,13.9194,-0.404113,0.0611779,0.0841432,-0.0649894,0.0337517,-0.0631389,-0.674858,-0.0464207,-0.125117,0.272583,0.118223,0.136424,0.107208,-0.512422,0.346566,0.202725,0.0660096,-0.0751663,-0.0369343,-0.194245,0.110339,0.0831493,0.30053,0.0221066,0.2618,-0.0248,-0.0263451,0.211409,-0.00593517,-0.367918,-0.053334,0.576727,-0.00361838,-0.0390321,0.0438923,0,0,0,0,0,0,0,0,0,0,0,0,0,0,0,0,0,0,0,0,0,0,0,0,0,0,0,0,0,-0.760954,0.0557597,-0.17961,0.547997,0.0414371,0.100208,-0.0612092,0.458682,0.0896289,0.176751,-0.190849,-0.227241,-0.0805436,-0.135502,0.0793478,0.241674,0.203809,-0.0121869,0.32601,-0.0127201,0.00301604,0.17658,0.101194,-0.238406,-0.0294452,0.664356,-0.00375647,-0.0215187,0.0426516,0.943937,-0.813934,-0.180071,-2.37745,2.84276,0.602963,1.57001,-0.289675,0.741428,-1.25586,-0.0567729,-0.351399,-0.0461592,0.998727,-0.0932048,-0.32566,0.0724142,0.245683,0.2296,-0.205658,0.14987,0.471759,-0.386083,0.422455,0.0735875,0.205717,-0.0218032,0.101243,0.110499,-2.11165,0.153598,0.67565,-6.72011,-7.51156,0.0206145,2.0412,-41.5579,7.15507,7.66375,21.2287,1.50791,0.785206,-2.74835,1.42839,-1.84447,1.05323,0.306955,-2.22861,0.0451344,-0.489235,0.0175383,-1.44843,-2.47176,-0.627168,-1.70709,0.0156372,-0.384021,-0.0612331,0,0,0,0,0,0,0,0,0,0,0,0,0,0,0,0,0,0,0,0,0,0,0,0,0,0,0,0,0,2.55789,2.55789,2.55789,6.3088,6.3088,1.81445,2.55789,2.55789,1.81445,6.3088,6.3088,0.907223,0.907223,1.81445,1.81445,0.907223,0.907223,1.81445,1.81445,0.907223,0.907223,0.907223,0.907223,0.907223,0.907223,1.06814,1.06814,1.06814,1.06814,40.1792,40.1792,40.1792,99.0984,99.0984,28.5012,40.1792,40.1792,28.5012,99.0984,99.0984,14.2506,14.2506,28.5012,28.5012,14.2506,14.2506,28.5012,28.5012,14.2506,14.2506,14.2506,14.2506,14.2506,14.2506,16.7783,16.7783,16.7783,16.7783,0,0,0,0,0,0,0,0,0,0,0,0,0,0,0,0,0,0,0,0,0,0,0,0,0,0,0,0,0,0,0,0,0,0,0,0,0,0,0,0,0,0,0,0,0,0,0,0,0,0,0,0,0,0,0,0,0,0,0,0,0,0,0,0,0,0,0,0,0,0,0,0,0,0,0,0,0,0,0,0,0,0,0,0,0,0,0,0,0,0,0,0,0,0,0,0,0,0,0,0,0,0,0,0,0,0,0,0,0,0,0,0,0,0,0,0,0,-0.0649894,0.0337517,-0.0631389,-0.266431,-0.469553,0.251585,0.22922,-0.382871,-0.442898,0.0504053,-0.121607,-0.084214,-0.293304,-0.312381,-0.662698,0.765611,-0.0565464,-0.0485683,-0.0847795,-0.935851,-0.0600695,-0.523914,-0.228505,0.790205,0.482035,0.589152,-1.13048,-1.3297,1.37233,1.22343,0.31106,-0.171387,-0.674858,-0.0464207,-0.125117,0.272583,0.118223,0.136424,0.107208,-0.512422,0.346566,0.202725,0.0660096,-0.0751663,-0.0369343,-0.194245,0.110339,0.0831493,0.30053,0.0221066,0.2618,-0.0248,-0.0263451,0.211409,-0.00593517,-0.367918,-0.053334,0.576727,-0.00361838,-0.0390321,0.0438923,1.034,0.0337453,0.0649067,-0.99732,0.6,0,0,1.61344,1.16689,3
1.02716,-2.38315,12.7914,-0.473268,0.183543,0.0541231,-0.0740564,0.0368901,-0.061907,1.02716,-2.38315,12.7914,-0.473268,0.183543,0.0541231,-0.0740564,0.0368901,-0.061907,-0.543566,-0.138017,-0.0337889,0.263151,0.0788101,0.121074,0.125914,-0.364055,0.303115,0.225901,0.134943,0.00469916,-0.0493391,-0.15952,0.117365,0.0915258,0.298731,0.023303,0.2618,-0.0261831,-0.0310422,0.203705,0.0144915,-0.350553,-0.0410283,0.580289,-0.00182024,-0.0403065,0.042028,0,0,0,0,0,0,0,0,0,0,0,0,0,0,0,0,0,0,0,0,0,0,0,0,0,0,0,0,0,-0.731908,0.0372245,-0.179903,0.507933,0.0854761,0.112045,-0.0295538,0.44456,0.10845,0.154612,-0.192473,-0.233141,-0.0837021,-0.105983,0.0744814,0.23337,0.20734,-0.00650239,0.330941,-0.0167794,0.00526813,0.185342,0.0933986,-0.227837,-0.0260527,0.66758,-0.00395322,-0.0199068,0.0437231,1.71276,-0.976859,0.178028,-2.03151,1.71556,0.479841,1.46812,-0.999341,1.052,-1.01415,-0.0903231,-0.256107,-0.226714,1.78805,-0.208045,-0.425586,0.258607,0.286443,0.20506,-0.185562,0.0992991,0.399069,-0.347594,0.583928,0.249814,0.0744772,-0.00744398,0.0675828,0.0448367,-1.91019,-0.965201,1.86927,-11.0688,-7.79061,-0.207234,1.73864,-36.114,4.96015,11.0492,26.1662,2.48165,0.858824,-5.56438,1.44828,-1.76041,1.11477,0.305672,-2.35994,0.053789,-0.540968,0.0110982,-1.09716,-2.50413,-0.594911,-1.6287,0.0133245,-0.395046,-0.0414087,0,0,0,0,0,0,0,0,0,0,0,0,0,0,0,0,0,0,0,0,0,0,0,0,0,0,0,0,0,2.55789,2.55789,2.55789,6.3088,6.3088,1.81445,2.55789,2.55789,1.81445,6.3088,6.3088,0.907223,0.907223,1.81445,1.81445,0.907223,0.907223,1.81445,1.81445,0.907223,0.907223,0.907223,0.907223,0.907223,0.907223,1.06814,1.06814,1.06814,1.06814,40.1792,40.1792,40.1792,99.0984,99.0984,28.5012,40.1792,40.1792,28.5012,99.0984,99.0984,14.2506,14.2506,28.5012,28.5012,14.2506,14.2506,28.5012,28.5012,14.2506,14.2506,14.2506,14.2506,14.2506,14.2506,16.7783,16.7783,16.7783,16.7783,0,0,0,0,0,0,0,0,0,0,0,0,0,0,0,0,0,0,0,0,0,0,0,0,0,0,0,0,0,0,0,0,0,0,0,0,0,0,0,0,0,0,0,0,0,0,0,0,0,0,0,0,0,0,0,0,0,0,0,0,0,0,0,0,0,0,0,0,0,0,0,0,0,0,0,0,0,0,0,0,0,0,0,0,0,0,0,0,0,0,0,0,0,0,0,0,0,0,0,0,0,0,0,0,0,0,0,0,0,0,0,0,0,0,0,0,0,-0.0740564,0.0368901,-0.061907,-0.247332,-0.422978,0.267605,0.225118,-0.343276,-0.363722,0.0531331,-0.0935486,-0.112498,-0.335902,-0.264573,-0.422916,0.799775,-0.0597001,-0.0244324,-0.252064,-0.664883,-0.0707793,-0.541021,-0.0617096,0.691133,0.464468,0.564128,-1.15738,-1.26361,1.25993,1.42001,0.276062,0.0107146,-0.543566,-0.138017,-0.0337889,0.263151,0.0788101,0.121074,0.125914,-0.364055,0.303115,0.225901,0.134943,0.00469916,-0.0493391,-0.15952,0.117365,0.0915258,0.298731,0.023303,0.2618,-0.0261831,-0.0310422,0.203705,0.0144915,-0.350553,-0.0410283,0.580289,-0.00182024,-0.0403065,0.042028,0.756,0.0368818,0.0739384,-0.996581,0.6,0,0,1.61151,1.15349,3
-0.568528,-1.26116,11.6215,-0.447032,0.427476,0.0589904,-0.0834446,0.0438835,-0.0612668,-0.568528,-1.26116,11.6215,-0.447032,0.427476,0.0589904,-0.0834446,0.0438835,-0.0612668,-0.400254,-0.222255,0.0441447,0.292186,0.0462582,0.115379,0.139209,-0.243194,0.282541,0.256628,0.244578,0.0759742,-0.0595016,-0.113224,0.139577,0.125336,0.27498,0.0183696,0.2618,-0.021637,-0.0347072,0.190835,0.0345263,-0.338189,-0.0312659,0.584523,-0.000482583,-0.0410268,0.0416545,0,0,0,0,0,0,0,0,0,0,0,0,0,0,0,0,0,0,0,0,0,0,0,0,0,0,0,0,0,-0.69226,0.0175507,-0.170079,0.465947,0.105466,0.119142,0.000693336,0.41938,0.130517,0.134949,-0.191824,-0.23643,-0.0885932,-0.0658651,0.0649345,0.22244,0.213748,-0.000705317,0.333799,-0.0202067,0.00578386,0.190558,0.0859596,-0.215595,-0.0196697,0.666798,-0.00361393,-0.0197668,0.0439727,2.03498,-0.972879,0.683408,-2.16008,0.650824,0.271697,1.41912,-1.40816,1.10694,-0.926871,0.127513,-0.0584812,-0.257837,2.10101,-0.546782,-0.59542,0.356204,0.263677,0.0730794,-0.151121,-0.0112888,0.194565,-0.360459,0.605969,0.368912,-0.140139,0.0192794,-0.0213524,0.0136277,0.881282,-3.83164,3.85613,-6.92637,-7.01135,-0.45434,1.40349,-28.0458,2.9632,14.7795,31.7073,3.51346,0.785273,-6.3518,2.47966,-1.34327,0.901618,0.206119,-2.21129,0.0524847,-0.520543,0.00877718,-0.695277,-2.46213,-0.621117,-1.33098,0.00921755,-0.327312,-0.0433778,0,0,0,0,0,0,0,0,0,0,0,0,0,0,0,0,0,0,0,0,0,0,0,0,0,0,0,0,0,2.55789,2.55789,2.55789,6.3088,6.3088,1.81445,2.55789,2.55789,1.81445,6.3088,6.3088,0.907223,0.907223,1.81445,1.81445,0.907223,0.907223,1.81445,1.81445,0.907223,0.907223,0.907223,0.907223,0.907223,0.907223,1.06814,1.06814,1.06814,1.06814,40.1792,40.1792,40.1792,99.0984,99.0984,28.5012,40.1792,40.1792,28.5012,99.0984,99.0984,14.2506,14.2506,28.5012,28.5012,14.2506,14.2506,28.5012,28.5012,14.2506,14.2506,14.2506,14.2506,14.2506,14.2506,16.7783,16.7783,16.7783,16.7783,0,0,0,0,0,0,0,0,0,0,0,0,0,0,0,0,0,0,0,0,0,0,0,0,0,0,0,0,0,0,0,0,0,0,0,0,0,0,0,0,0,0,0,0,0,0,0,0,0,0,0,0,0,0,0,0,0,0,0,0,0,0,0,0,0,0,0,0,0,0,0,0,0,0,0,0,0,0,0,0,0,0,0,0,0,0,0,0,0,0,0,0,0,0,0,0,0,0,0,0,0,0,0,0,0,0,0,0,0,0,0,0,0,0,0,0,0,-0.0834446,0.0438835,-0.0612668,-0.170241,-0.377297,0.31825,0.170962,-0.315084,-0.258161,0.0418845,-0.0712894,-0.13567,-0.340953,-0.207747,-0.161181,0.824056,-0.0493345,-0.00647754,-0.40591,-0.444153,-0.0791358,-0.550688,0.0806227,0.644222,0.435124,0.559114,-1.07458,-1.17598,1.1671,1.73266,0.263075,0.173229,-0.400254,-0.222255,0.0441447,0.292186,0.0462582,0.115379,0.139209,-0.243194,0.282541,0.256628,0.244578,0.0759742,-0.0595016,-0.113224,0.139577,0.125336,0.27498,0.0183696,0.2618,-0.021637,-0.0347072,0.190835,0.0345263,-0.338189,-0.0312659,0.584523,-0.000482583,-0.0410268,0.0416545,0.722,0.0438694,0.0832675,-0.995562,0.6,0,0,1.61151,1.15349,3
-0.536245,-0.150162,11.3687,-0.327644,0.618696,0.0516912,-0.0911348,0.055366,-0.0610847,-0.536245,-0.150162,11.3687,-0.327644,0.618696,0.0516912,-0.0911348,0.055366,-0.0610847,-0.326582,-0.282719,0.0904889,0.319468,0.0421603,0.127313,0.169577,-0.186085,0.270666,0.304952,0.371996,0.145687,-0.0729894,-0.0858172,0.144751,0.166638,0.258882,0.0181375,0.2618,-0.014348,-0.0305908,0.175834,0.0468064,-0.346011,-0.0333011,0.585899,-0.000337285,-0.0418303,0.0410142,0,0,0,0,0,0,0,0,0,0,0,0,0,0,0,0,0,0,0,0,0,0,0,0,0,0,0,0,0,-0.649946,0.00215366,-0.154047,0.42639,0.105359,0.125535,0.0297813,0.392863,0.152028,0.117136,-0.180241,-0.232517,-0.0937239,-0.0278804,0.0482563,0.208805,0.219662,0.00419439,0.334139,-0.0216324,0.00424963,0.191346,0.0775835,-0.204604,-0.0115786,0.663267,-0.00295294,-0.0210151,0.044121,2.12146,-0.577465,0.858495,-1.92444,-0.270004,0.314382,1.36191,-1.22244,1.02884,-0.773706,0.866813,0.476764,-0.277534,1.70195,-0.911659,-0.685208,0.244209,0.197756,-0.0491537,-0.0439299,-0.104482,-0.0177933,-0.422602,0.494347,0.427016,-0.209538,0.0308818,-0.0692057,0.0155896,4.73425,-7.48916,5.8486,-1.50217,-4.42215,-0.860378,0.914571,-22.468,1.88464,18.7781,37.0673,4.03696,0.727965,-5.50322,4.22927,-0.578128,0.563566,0.033875,-2.00395,0.0406761,-0.467105,0.00509293,-0.23585,-2.35023,-0.653755,-1.11379,0.00796197,-0.26377,-0.0544259,0,0,0,0,0,0,0,0,0,0,0,0,0,0,0,0,0,0,0,0,0,0,0,0,0,0,0,0,0,2.55789,2.55789,2.55789,6.3088,6.3088,1.81445,2.55789,2.55789,1.81445,6.3088,6.3088,0.907223,0.907223,1.81445,1.81445,0.907223,0.907223,1.81445,1.81445,0.907223,0.907223,0.907223,0.907223,0.907223,0.907223,1.06814,1.06814,1.06814,1.06814,40.1792,40.1792,40.1792,99.0984,99.0984,28.5012,40.1792,40.1792,28.5012,99.0984,99.0984,14.2506,14.2506,28.5012,28.5012,14.2506,14.2506,28.5012,28.5012,14.2506,14.2506,14.2506,14.2506,14.2506,14.2506,16.7783,16.7783,16.7783,16.7783,0,0,0,0,0,0,0,0,0,0,0,0,0,0,0,0,0,0,0,0,0,0,0,0,0,0,0,0,0,0,0,0,0,0,0,0,0,0,0,0,0,0,0,0,0,0,0,0,0,0,0,0,0,0,0,0,0,0,0,0,0,0,0,0,0,0,0,0,0,0,0,0,0,0,0,0,0,0,0,0,0,0,0,0,0,0,0,0,0,0,0,0,0,0,0,0,0,0,0,0,0,0,0,0,0,0,0,0,0,0,0,0,0,0,0,0,0,-0.0911348,0.055366,-0.0610847,-0.0760678,-0.349297,0.330046,0.134257,-0.33292,-0.195672,0.0413553,-0.0759299,-0.166423,-0.320472,-0.189275,-0.0266313,0.879518,-0.0327148,-0.00452726,-0.516339,-0.339852,-0.0697501,-0.561475,0.165263,0.617145,0.40092,0.55052,-0.996778,-1.03818,1.15542,2.09603,0.290286,0.332181,-0.326582,-0.282719,0.0904889,0.319468,0.0421603,0.127313,0.169577,-0.186085,0.270666,0.304952,0.371996,0.145687,-0.0729894,-0.0858172,0.144751,0.166638,0.258882,0.0181375,0.2618,-0.014348,-0.0305908,0.175834,0.0468064,-0.346011,-0.0333011,0.585899,-0.000337285,-0.0418303,0.0410142,0.713,0.0553377,0.0908692,-0.994324,0.6,0,0,1.60477,1.1382,3
0.22583,0.189212,10.847,-0.161922,0.655059,0.00738479,-0.0962577,0.0702309,-0.0618391,0.22583,0.189212,10.847,-0.161922,0.655059,0.00738479,-0.0962577,0.0702309,-0.0618391,-0.265601,-0.310915,0.119626,0.330062,0.0403335,0.154391,0.18873,-0.156001,0.244037,0.351718,0.440411,0.193141,-0.0864161,-0.058769,0.125093,0.194707,0.263902,0.0336034,0.2618,-0.0058712,-0.027235,0.159931,0.0670471,-0.335353,-0.0337986,0.587277,0.000134902,-0.0435124,0.0426397,0,0,0,0,0,0,0,0,0,0,0,0,0,0,0,0,0,0,0,0,0,0,0,0,0,0,0,0,0,-0.602497,-0.00155358,-0.1361,0.388155,0.0940694,0.136875,0.0581292,0.374137,0.171573,0.104173,-0.147445,-0.212136,-0.10005,-0.00175511,0.0245332,0.194463,0.221671,0.00824628,0.331401,-0.0204515,0.00221011,0.187425,0.0677473,-0.196078,-0.00276773,0.65871,-0.00237006,-0.0228265,0.0445369,2.13242,0.114797,0.748699,-1.62797,-0.620091,0.529474,1.12778,-0.576862,0.819416,-0.349186,1.84291,1.32067,-0.29869,0.824422,-1.07198,-0.567363,-0.00373496,0.129476,-0.185327,0.0690687,-0.0954765,-0.211265,-0.418189,0.308094,0.375347,-0.207849,0.02162,-0.0763594,0.0233611,5.76507,-11.4771,7.21032,3.2504,-1.43433,-1.2242,1.57372,-20.9678,1.37353,22.3646,40.4671,4.0036,0.649519,-3.94873,5.35329,0.123833,0.520732,0.0304251,-1.6772,0.0248453,-0.386169,0.0232038,0.0814104,-2.42003,-0.770079,-1.00797,0.0107366,-0.237711,-0.0823407,0,0,0,0,0,0,0,0,0,0,0,0,0,0,0,0,0,0,0,0,0,0,0,0,0,0,0,0,0,2.55789,2.55789,2.55789,6.3088,6.3088,1.81445,2.55789,2.55789,1.81445,6.3088,6.3088,0.907223,0.907223,1.81445,1.81445,0.907223,0.907223,1.81445,1.81445,0.907223,0.907223,0.907223,0.907223,0.907223,0.907223,1.06814,1.06814,1.06814,1.06814,40.1792,40.1792,40.1792,99.0984,99.0984,28.5012,40.1792,40.1792,28.5012,99.0984,99.0984,14.2506,14.2506,28.5012,28.5012,14.2506,14.2506,28.5012,28.5012,14.2506,14.2506,14.2506,14.2506,14.2506,14.2506,16.7783,16.7783,16.7783,16.7783,0,0,0,0,0,0,0,0,0,0,0,0,0,0,0,0,0,0,0,0,0,0,0,0,0,0,0,0,0,0,0,0,0,0,0,0,0,0,0,0,0,0,0,0,0,0,0,0,0,0,0,0,0,0,0,0,0,0,0,0,0,0,0,0,0,0,0,0,0,0,0,0,0,0,0,0,0,0,0,0,0,0,0,0,0,0,0,0,0,0,0,0,0,0,0,0,0,0,0,0,0,0,0,0,0,0,0,0,0,0,0,0,0,0,0,0,0,-0.0962577,0.0702309,-0.0618391,-0.012069,-0.303146,0.285225,0.145703,-0.308617,-0.133999,0.0766191,-0.0770642,-0.197037,-0.290428,-0.170777,0.0847407,0.914497,-0.0133869,0.00181074,-0.567834,-0.284909,-0.0620986,-0.584053,0.218476,0.556429,0.364659,0.572338,-0.966568,-0.90481,1.15021,2.29113,0.352026,0.440381,-0.265601,-0.310915,0.119626,0.330062,0.0403335,0.154391,0.18873,-0.156001,0.244037,0.351718,0.440411,0.193141,-0.0864161,-0.058769,0.125093,0.194707,0.263902,0.0336034,0.2618,-0.0058712,-0.027235,0.159931,0.0670471,-0.335353,-0.0337986,0.587277,0.000134902,-0.0435124,0.0426397,0.705,0.0688709,0.0955516,-0.993039,0.6,0,0,1.60477,1.1382,3
0.099869,-0.646916,10.7414,-0.108727,0.664503,-0.0229001,-0.0986258,0.0824714,-0.0633074,0.099869,-0.646916,10.7414,-0.108727,0.664503,-0.0229001,-0.0986258,0.0824714,-0.0633074,-0.157728,-0.339277,0.149064,0.339641,0.0643089,0.186201,0.153828,-0.100117,0.214997,0.386436,0.478169,0.226727,-0.0943077,-0.0546324,0.103581,0.226285,0.270909,0.0456714,0.2618,0.00500696,-0.0335833,0.149162,0.0920301,-0.328462,-0.0380741,0.590927,0.000901112,-0.0481619,0.0439164,0,0,0,0,0,0,0,0,0,0,0,0,0,0,0,0,0,0,0,0,0,0,0,0,0,0,0,0,0,-0.562165,0.00502653,-0.121693,0.361362,0.0829678,0.150672,0.0773129,0.36836,0.183904,0.103934,-0.109212,-0.181856,-0.104999,0.00754248,0.00200087,0.18528,0.219619,0.0122569,0.32695,-0.0175839,0.000552194,0.180762,0.0603402,-0.191172,0.00257294,0.654899,-0.0019484,-0.0245653,0.0452275,2.25555,0.499262,0.826283,-1.33901,-0.566104,0.746002,0.966143,-0.153998,0.556065,0.248694,2.29514,1.95468,-0.234018,0.32549,-1.29878,-0.445485,-0.15749,0.226486,-0.269574,0.171253,-0.0961737,-0.394366,-0.366539,0.252563,0.247614,-0.208172,0.0226218,-0.100274,0.0385721,6.29316,-13.8885,7.65881,5.34861,-0.679827,-1.26498,1.99301,-20.6083,0.67768,23.4008,40.62,3.68139,0.484628,-2.52344,5.81685,0.545569,0.766499,0.190932,-1.38532,0.0122714,-0.312679,0.0578863,0.435786,-2.28047,-0.743451,-0.916183,0.010945,-0.212547,-0.0846836,0,0,0,0,0,0,0,0,0,0,0,0,0,0,0,0,0,0,0,0,0,0,0,0,0,0,0,0,0,2.55789,2.55789,2.55789,6.3088,6.3088,1.81445,2.55789,2.55789,1.81445,6.3088,6.3088,0.907223,0.907223,1.81445,1.81445,0.907223,0.907223,1.81445,1.81445,0.907223,0.907223,0.907223,0.907223,0.907223,0.907223,1.06814,1.06814,1.06814,1.06814,40.1792,40.1792,40.1792,99.0984,99.0984,28.5012,40.1792,40.1792,28.5012,99.0984,99.0984,14.2506,14.2506,28.5012,28.5012,14.2506,14.2506,28.5012,28.5012,14.2506,14.2506,14.2506,14.2506,14.2506,14.2506,16.7783,16.7783,16.7783,16.7783,0,0,0,0,0,0,0,0,0,0,0,0,0,0,0,0,0,0,0,0,0,0,0,0,0,0,0,0,0,0,0,0,0,0,0,0,0,0,0,0,0,0,0,0,0,0,0,0,0,0,0,0,0,0,0,0,0,0,0,0,0,0,0,0,0,0,0,0,0,0,0,0,0,0,0,0,0,0,0,0,0,0,0,0,0,0,0,0,0,0,0,0,0,0,0,0,0,0,0,0,0,0,0,0,0,0,0,0,0,0,0,0,0,0,0,0,0,-0.0986258,0.0824714,-0.0633074,0.0599335,-0.246182,0.236176,0.161679,-0.292906,-0.124567,0.104135,-0.0868127,-0.215031,-0.249383,-0.121789,0.281751,0.850755,0.0114164,0.0120953,-0.619632,-0.182846,-0.0765733,-0.646461,0.27224,0.490214,0.340104,0.589476,-0.93925,-0.805803,1.21858,2.39881,0.424557,0.516959,-0.157728,-0.339277,0.149064,0.339641,0.0643089,0.186201,0.153828,-0.100117,0.214997,0.386436,0.478169,0.226727,-0.0943077,-0.0546324,0.103581,0.226285,0.270909,0.0456714,0.2618,0.00500696,-0.0335833,0.149162,0.0920301,-0.328462,-0.0380741,0.590927,0.000901112,-0.0481619,0.0439164,0.682,0.082378,0.0981313,-0.991758,0.6,0,0,1.58731,1.12739,3
2.70448,-0.357233,9.48087,-0.0697635,0.469918,-0.0182879,-0.100721,0.0959079,-0.0652741,2.70448,-0.357233,9.48087,-0.0697635,0.469918,-0.0182879,-0.100721,0.0959079,-0.0652741,-0.0488858,-0.349635,0.138563,0.339453,0.117787,0.240735,0.0849051,-0.0875165,0.200836,0.435093,0.541224,0.294342,-0.0963074,-0.0962391,0.0678382,0.254192,0.309512,0.0763469,0.2618,0.00986512,-0.0405564,0.149065,0.115895,-0.364803,-0.0637954,0.591551,0.00113169,-0.054031,0.0432065,0,0,0,0,0,0,0,0,0,0,0,0,0,0,0,0,0,0,0,0,0,0,0,0,0,0,0,0,0,-0.507199,0.0200036,-0.0915275,0.338335,0.0767123,0.164786,0.0969583,0.370442,0.188758,0.119437,-0.0541285,-0.131247,-0.107777,0.00845123,-0.0298263,0.178199,0.214761,0.0181387,0.3206,-0.0116705,-0.00324595,0.170577,0.0545745,-0.186348,0.00600903,0.650207,-0.001341,-0.0278511,0.0462968,2.65706,0.681965,1.68682,-0.743209,-0.235334,0.444533,0.765439,0.271523,-0.0473347,1.01124,2.64524,2.52897,-0.00157768,-0.15975,-1.35524,-0.160981,-0.243953,0.224939,-0.281659,0.261611,-0.19307,-0.434621,-0.093517,0.176633,0.112212,-0.204964,0.0262676,-0.15454,0.044321,7.50249,-16.2096,5.50378,4.99007,0.271918,-0.2061,0.294805,-19.5204,0.748948,20.5803,36.7039,2.90975,0.220041,-1.56158,6.27555,0.861653,1.01446,0.363914,-1.1726,0.000600281,-0.26042,0.0877133,0.654844,-2.18754,-0.731352,-0.775213,0.00963248,-0.177595,-0.0875776,0,0,0,0,0,0,0,0,0,0,0,0,0,0,0,0,0,0,0,0,0,0,0,0,0,0,0,0,0,2.55789,2.55789,2.55789,6.3088,6.3088,1.81445,2.55789,2.55789,1.81445,6.3088,6.3088,0.907223,0.907223,1.81445,1.81445,0.907223,0.907223,1.81445,1.81445,0.907223,0.907223,0.907223,0.907223,0.907223,0.907223,1.06814,1.06814,1.06814,1.06814,40.1792,40.1792,40.1792,99.0984,99.0984,28.5012,40.1792,40.1792,28.5012,99.0984,99.0984,14.2506,14.2506,28.5012,28.5012,14.2506,14.2506,28.5012,28.5012,14.2506,14.2506,14.2506,14.2506,14.2506,14.2506,16.7783,16.7783,16.7783,16.7783,0,0,0,0,0,0,0,0,0,0,0,0,0,0,0,0,0,0,0,0,0,0,0,0,0,0,0,0,0,0,0,0,0,0,0,0,0,0,0,0,0,0,0,0,0,0,0,0,0,0,0,0,0,0,0,0,0,0,0,0,0,0,0,0,0,0,0,0,0,0,0,0,0,0,0,0,0,0,0,0,0,0,0,0,0,0,0,0,0,0,0,0,0,0,0,0,0,0,0,0,0,0,0,0,0,0,0,0,0,0,0,0,0,0,0,0,0,-0.100721,0.0959079,-0.0652741,0.123562,-0.191767,0.154678,0.249698,-0.375768,-0.219435,0.174078,-0.14546,-0.21959,-0.235591,-0.113411,0.480533,0.724879,0.0224935,0.0151903,-0.638549,-0.159834,-0.0924726,-0.72524,0.253062,0.457927,0.339884,0.579946,-0.939787,-0.667046,1.37109,2.57862,0.548901,0.671129,-0.0488858,-0.349635,0.138563,0.339453,0.117787,0.240735,0.0849051,-0.0875165,0.200836,0.435093,0.541224,0.294342,-0.0963074,-0.0962391,0.0678382,0.254192,0.309512,0.0763469,0.2618,0.00986512,-0.0405564,0.149065,0.115895,-0.364803,-0.0637954,0.591551,0.00113169,-0.054031,0.0432065,0.614,0.0948337,0.0999468,-0.990463,0.6,0,0,1.57145,1.12423,3
2.59829,-0.497075,9.49787,-0.0161064,0.25888,-0.00320013,-0.101444,0.102559,-0.0662066,2.59829,-0.497075,9.49787,-0.0161064,0.25888,-0.00320013,-0.101444,0.102559,-0.0662066,0.111444,-0.300569,0.101566,0.297693,0.176635,0.296012,-0.0541019,0.0509273,0.161676,0.513116,0.478426,0.344419,-0.0861908,-0.139907,0.0531791,0.261593,0.346868,0.111888,0.2618,0.0110193,-0.0677641,0.142263,0.188322,-0.40212,-0.0906433,0.59582,0.00250037,-0.05851,0.0406732,0,0,0,0,0,0,0,0,0,0,0,0,0,0,0,0,0,0,0,0,0,0,0,0,0,0,0,0,0,-0.454026,0.0301158,-0.065389,0.32667,0.0853983,0.182491,0.107599,0.378885,0.182911,0.145382,-0.00224879,-0.0784331,-0.106338,0.00124095,-0.0541351,0.177868,0.209103,0.0246446,0.316115,-0.00662016,-0.00774079,0.162874,0.0554982,-0.184206,0.00577951,0.646662,-0.000943465,-0.0314561,0.0472617,3.13622,0.444461,1.27267,-0.541966,0.487966,1.04809,0.415824,0.595826,-0.517153,1.75145,3.05999,3.21522,0.138011,-0.546317,-1.25902,0.118583,-0.316623,0.395801,-0.232129,0.261418,-0.25532,-0.372721,0.196208,0.0691365,-0.0864664,-0.184296,0.0215026,-0.2082,0.0444364,8.58032,-16.4588,4.95639,4.7551,0.130132,-0.236783,-2.06534,-20.1674,1.34767,18.3888,35.3792,2.53435,0.0367365,-1.85304,5.77443,1.01909,1.71858,0.765607,-1.1342,-0.00265907,-0.238081,0.146504,0.727438,-2.6451,-0.924876,-0.726959,0.012405,-0.15921,-0.118097,0,0,0,0,0,0,0,0,0,0,0,0,0,0,0,0,0,0,0,0,0,0,0,0,0,0,0,0,0,2.55789,2.55789,2.55789,6.3088,6.3088,1.81445,2.55789,2.55789,1.81445,6.3088,6.3088,0.907223,0.907223,1.81445,1.81445,0.907223,0.907223,1.81445,1.81445,0.907223,0.907223,0.907223,0.907223,0.907223,0.907223,1.06814,1.06814,1.06814,1.06814,40.1792,40.1792,40.1792,99.0984,99.0984,28.5012,40.1792,40.1792,28.5012,99.0984,99.0984,14.2506,14.2506,28.5012,28.5012,14.2506,14.2506,28.5012,28.5012,14.2506,14.2506,14.2506,14.2506,14.2506,14.2506,16.7783,16.7783,16.7783,16.7783,0,0,0,0,0,0,0,0,0,0,0,0,0,0,0,0,0,0,0,0,0,0,0,0,0,0,0,0,0,0,0,0,0,0,0,0,0,0,0,0,0,0,0,0,0,0,0,0,0,0,0,0,0,0,0,0,0,0,0,0,0,0,0,0,0,0,0,0,0,0,0,0,0,0,0,0,0,0,0,0,0,0,0,0,0,0,0,0,0,0,0,0,0,0,0,0,0,0,0,0,0,0,0,0,0,0,0,0,0,0,0,0,0,0,0,0,0,-0.101444,0.102559,-0.0662066,0.140439,-0.026626,0.121254,0.334873,-0.460854,-0.319003,0.255116,-0.206676,-0.196524,-0.208615,-0.0561049,0.773348,0.471007,0.025125,0.0335616,-0.548937,0.0930099,-0.154509,-0.78536,0.185492,0.368637,0.324375,0.545943,-1.05888,-0.444542,1.53891,2.39954,0.674936,0.78531,0.111444,-0.300569,0.101566,0.297693,0.176635,0.296012,-0.0541019,0.0509273,0.161676,0.513116,0.478426,0.344419,-0.0861908,-0.139907,0.0531791,0.261593,0.346868,0.111888,0.2618,0.0110193,-0.0677641,0.142263,0.188322,-0.40212,-0.0906433,0.59582,0.00250037,-0.05851,0.0406732,0.648,0.102379,0.100738,-0.989631,0.6,0,0,1.57145,1.12423,3
-1.55611,-2.37008,8.33338,-0.151421,0.295061,0.160484,-0.103313,0.108108,-0.0654077,-1.55611,-2.37008,8.33338,-0.151421,0.295061,0.160484,-0.103313,0.108108,-0.0654077,0.413178,-0.0789188,-0.0963816,0.375307,0.145342,0.357221,-0.369563,0.307339,0.122102,0.577304,-0.087267,0.248175,-0.0403541,-0.266685,0.153394,0.337045,0.303701,0.0852831,0.2618,0.00190798,-0.108623,0.0903803,0.285021,-0.497436,-0.111066,0.600595,0.00210271,-0.0537104,0.0314824,0,0,0,0,0,0,0,0,0,0,0,0,0,0,0,0,0,0,0,0,0,0,0,0,0,0,0,0,0,-0.391721,0.0374836,-0.0462867,0.295214,0.0885114,0.222986,0.101297,0.388501,0.165479,0.202079,0.0537435,-0.00257954,-0.101917,-0.00454267,-0.0786948,0.180574,0.20566,0.0366608,0.311866,-0.00199547,-0.0174643,0.15434,0.0629298,-0.181878,0.000783769,0.641812,-0.000252253,-0.036553,0.0475812,2.94591,0.286747,0.664043,-1.95282,0.220267,1.86005,-0.710321,0.396865,-1.13995,3.36046,2.82044,4.03854,0.400375,-0.127377,-1.2709,0.0999708,-0.0139743,0.648719,-0.211365,0.203022,-0.544157,-0.376951,0.520644,0.101119,-0.328825,-0.307579,0.0392761,-0.265043,-0.00888088,12.7946,-14.3615,4.18145,12.2799,7.63825,-1.40537,-4.59497,-14.5867,1.81531,10.5864,25.0792,1.42236,-0.0839497,-3.59584,5.97817,1.06152,2.05646,0.98902,-1.05707,0.00130791,-0.231185,0.175652,1.36219,-3.24247,-1.01805,-0.4649,0.00536893,-0.0914774,-0.11042,0,0,0,0,0,0,0,0,0,0,0,0,0,0,0,0,0,0,0,0,0,0,0,0,0,0,0,0,0,2.55789,2.55789,2.55789,6.3088,6.3088,1.81445,2.55789,2.55789,1.81445,6.3088,6.3088,0.907223,0.907223,1.81445,1.81445,0.907223,0.907223,1.81445,1.81445,0.907223,0.907223,0.907223,0.907223,0.907223,0.907223,1.06814,1.06814,1.06814,1.06814,40.1792,40.1792,40.1792,99.0984,99.0984,28.5012,40.1792,40.1792,28.5012,99.0984,99.0984,14.2506,14.2506,28.5012,28.5012,14.2506,14.2506,28.5012,28.5012,14.2506,14.2506,14.2506,14.2506,14.2506,14.2506,16.7783,16.7783,16.7783,16.7783,0,0,0,0,0,0,0,0,0,0,0,0,0,0,0,0,0,0,0,0,0,0,0,0,0,0,0,0,0,0,0,0,0,0,0,0,0,0,0,0,0,0,0,0,0,0,0,0,0,0,0,0,0,0,0,0,0,0,0,0,0,0,0,0,0,0,0,0,0,0,0,0,0,0,0,0,0,0,0,0,0,0,0,0,0,0,0,0,0,0,0,0,0,0,0,0,0,0,0,0,0,0,0,0,0,0,0,0,0,0,0,0,0,0,0,0,0,-0.103313,0.108108,-0.0654077,0.312476,0.193857,0.349753,0.23645,-0.678185,-0.608069,0.194454,-0.253242,-0.0920114,-0.118272,0.00798814,1.32441,-0.105128,0.00435039,0.028224,-0.144132,0.561302,-0.247672,-0.720937,-0.176025,0.278404,0.206076,0.422577,-0.837539,-0.261496,1.44966,0.582039,0.814498,0.565863,0.413178,-0.0789188,-0.0963816,0.375307,0.145342,0.357221,-0.369563,0.307339,0.122102,0.577304,-0.087267,0.248175,-0.0403541,-0.266685,0.153394,0.337045,0.303701,0.0852831,0.2618,0.00190798,-0.108623,0.0903803,0.285021,-0.497436,-0.111066,0.600595,0.00210271,-0.0537104,0.0314824,0.618,0.107898,0.102527,-0.988861,0.6,0,0,1.56829,1.12745,3
-0.335983,0.0920993,3.25521,0.148927,-0.233087,0.345708,-0.102326,0.108226,-0.0588843,-0.335983,0.0920993,3.25521,0.148927,-0.233087,0.345708,-0.102326,0.108226,-0.0588843,0.510594,0.190503,-0.317048,0.422474,-0.025844,0.393677,-0.545447,0.295668,0.0953102,0.567477,-0.087267,0.118628,-0.0385316,-0.287058,0.19312,0.355578,0.267372,0.0334732,0.2618,-0.0103679,-0.0837588,0.0771467,0.255427,-0.40769,-0.0742828,0.595948,-0.000561711,-0.044778,0.026695,0,0,0,0,0,0,0,0,0,0,0,0,0,0,0,0,0,0,0,0,0,0,0,0,0,0,0,0,0,-0.33756,0.0323726,-0.0551235,0.262882,0.0768945,0.262728,0.0605757,0.3914,0.135332,0.320598,0.0129861,0.0845731,-0.0937082,-0.00610521,-0.0945297,0.189456,0.208699,0.0461912,0.304842,-0.000732885,-0.038828,0.134978,0.0862852,-0.190476,-0.00395103,0.626616,0.000431197,-0.0418389,0.0456827,1.99336,-0.588974,-0.692824,-0.955364,-0.652159,1.25662,-1.89592,-0.262817,-1.21535,5.03488,-1.54517,3.06669,0.402147,0.0422933,-0.461723,0.509571,0.212765,0.247444,-0.332799,0.033743,-0.960847,-0.866226,1.19833,-0.694796,-0.204212,-0.683186,0.0204656,-0.242708,-0.0837987,25.1776,-3.17623,0.0332066,17.3706,10.7169,0.331496,-12.5079,-2.91497,1.82172,-5.96931,-0.150353,-0.459809,0.429994,-7.45839,7.89501,1.6671,1.17678,0.652616,-0.632176,0.0093987,-0.137448,0.143103,1.80125,-3.8092,-1.35945,0.290731,0.00583777,0.0512138,-0.150228,0,0,0,0,0,0,0,0,0,0,0,0,0,0,0,0,0,0,0,0,0,0,0,0,0,0,0,0,0,2.55789,2.55789,2.55789,6.3088,6.3088,1.81445,2.55789,2.55789,1.81445,6.3088,6.3088,0.907223,0.907223,1.81445,1.81445,0.907223,0.907223,1.81445,1.81445,0.907223,0.907223,0.907223,0.907223,0.907223,0.907223,1.06814,1.06814,1.06814,1.06814,40.1792,40.1792,40.1792,99.0984,99.0984,28.5012,40.1792,40.1792,28.5012,99.0984,99.0984,14.2506,14.2506,28.5012,28.5012,14.2506,14.2506,28.5012,28.5012,14.2506,14.2506,14.2506,14.2506,14.2506,14.2506,16.7783,16.7783,16.7783,16.7783,0,0,0,0,0,0,0,0,0,0,0,0,0,0,0,0,0,0,0,0,0,0,0,0,0,0,0,0,0,0,0,0,0,0,0,0,0,0,0,0,0,0,0,0,0,0,0,0,0,0,0,0,0,0,0,0,0,0,0,0,0,0,0,0,0,0,0,0,0,0,0,0,0,0,0,0,0,0,0,0,0,0,0,0,0,0,0,0,0,0,0,0,0,0,0,0,0,0,0,0,0,0,0,0,0,0,0,0,0,0,0,0,0,0,0,0,0,-0.102326,0.108226,-0.0588843,0.354733,0.126379,0.440333,0.153615,-0.473554,-0.654522,0.0763223,-0.169372,-0.0878559,-0.114195,-0.0543827,1.50233,-0.42635,-0.0236399,-0.00753966,0.347921,0.539986,-0.190978,-0.60104,-0.579034,0.217317,0.175902,0.358318,-0.70303,-0.28952,0.961486,-1.1588,0.897623,0.270484,0.510594,0.190503,-0.317048,0.422474,-0.025844,0.393677,-0.545447,0.295668,0.0953102,0.567477,-0.087267,0.118628,-0.0385316,-0.287058,0.19312,0.355578,0.267372,0.0334732,0.2618,-0.0103679,-0.0837588,0.0771467,0.255427,-0.40769,-0.0742828,0.595948,-0.000561711,-0.044778,0.026695,0.655,0.108732,0.102241,-0.988799,0.6,0,0,1.56829,1.12745,3
-0.614287,1.12123,5.2073,0.48061,-0.73157,0.346033,-0.0959812,0.0999952,-0.0521988,-0.614287,1.12123,5.2073,0.48061,-0.73157,0.346033,-0.0959812,0.0999952,-0.0521988,0.333273,0.472334,-0.416307,0.299974,-0.146314,0.398576,-0.62664,0.237919,0.0589005,0.724155,-0.087267,0.021576,-0.0787601,-0.160235,0.1062,0.248695,0.2552,0.0168558,0.2618,-0.0114137,-0.0711852,0.0950739,0.196979,-0.28807,-0.0545286,0.592885,9.04782e-05,-0.0467901,0.0280936,0,0,0,0,0,0,0,0,0,0,0,0,0,0,0,0,0,0,0,0,0,0,0,0,0,0,0,0,0,-0.310934,0.0209756,-0.0872642,0.259173,0.0379708,0.270507,0.0269724,0.386859,0.113624,0.393142,-0.00802454,0.109623,-0.0880891,-0.011429,-0.0938169,0.200907,0.212513,0.0441318,0.300123,-0.00245524,-0.0491528,0.122199,0.107892,-0.205875,-0.00742038,0.617353,0.000224312,-0.0436987,0.0431331,1.51231,-0.778015,-2.59497,-0.0211777,-2.64377,0.119086,-2.19731,-0.360578,-1.37177,4.10907,-1.1694,0.680203,0.311917,-0.518311,0.30138,0.835627,0.235354,-0.300432,-0.242422,-0.140449,-0.463635,-0.777251,1.36397,-1.09018,-0.25915,-0.406573,-0.0230956,-0.0540804,-0.183634,29.2311,8.70509,-2.93425,16.4806,10.0738,3.17898,-17.549,-2.86655,1.94586,-8.63852,-0.471582,-0.601723,0.421296,-6.98504,7.70068,1.49007,0.569776,0.195963,-0.636714,0.0145078,-0.0567887,0.0482283,0.891319,-1.93858,-0.740378,0.120233,0.010763,0.0510663,-0.0851446,0,0,0,0,0,0,0,0,0,0,0,0,0,0,0,0,0,0,0,0,0,0,0,0,0,0,0,0,0,2.55789,2.55789,2.55789,6.3088,6.3088,1.81445,2.55789,2.55789,1.81445,6.3088,6.3088,0.907223,0.907223,1.81445,1.81445,0.907223,0.907223,1.81445,1.81445,0.907223,0.907223,0.907223,0.907223,0.907223,0.907223,1.06814,1.06814,1.06814,1.06814,40.1792,40.1792,40.1792,99.0984,99.0984,28.5012,40.1792,40.1792,28.5012,99.0984,99.0984,14.2506,14.2506,28.5012,28.5012,14.2506,14.2506,28.5012,28.5012,14.2506,14.2506,14.2506,14.2506,14.2506,14.2506,16.7783,16.7783,16.7783,16.7783,0,0,0,0,0,0,0,0,0,0,0,0,0,0,0,0,0,0,0,0,0,0,0,0,0,0,0,0,0,0,0,0,0,0,0,0,0,0,0,0,0,0,0,0,0,0,0,0,0,0,0,0,0,0,0,0,0,0,0,0,0,0,0,0,0,0,0,0,0,0,0,0,0,0,0,0,0,0,0,0,0,0,0,0,0,0,0,0,0,0,0,0,0,0,0,0,0,0,0,0,0,0,0,0,0,0,0,0,0,0,0,0,0,0,0,0,0,-0.0959812,0.0999952,-0.0521988,0.111029,-0.006888,0.242147,0.125861,-0.200808,-0.365352,0.0384329,-0.124331,-0.179581,-0.148111,-0.0955029,1.17848,-0.574636,-0.0260244,0.00121446,0.862638,0.434518,-0.162309,-0.628047,-0.760314,0.134299,0.216778,0.377091,-1.05237,0.157289,0.617934,-1.36253,0.908794,0.0491953,0.333273,0.472334,-0.416307,0.299974,-0.146314,0.398576,-0.62664,0.237919,0.0589005,0.724155,-0.087267,0.021576,-0.0787601,-0.160235,0.1062,0.248695,0.2552,0.0168558,0.2618,-0.0114137,-0.0711852,0.0950739,0.196979,-0.28807,-0.0545286,0.592885,9.04782e-05,-0.0467901,0.0280936,0.678,0.0998287,0.0953552,-0.990425,0.6,0,0,1.57366,1.13265,3
-5.4043,-2.30303,8.71333,0.422423,-0.620679,0.313384,-0.0847991,0.0838517,-0.0438102,-5.4043,-2.30303,8.71333,0.422423,-0.620679,0.313384,-0.0847991,0.0838517,-0.0438102,0.118234,0.608458,-0.458008,0.215283,-0.264781,0.374223,-0.585611,0.166671,0.0571594,0.870563,-0.087267,-0.04254,-0.105994,-0.13683,0.0992064,0.186623,0.226268,0.00319076,0.2618,-0.00530338,-0.0579984,0.0967317,0.174363,-0.284908,-0.0433223,0.587117,0.000382384,-0.04587,0.0267833,0,0,0,0,0,0,0,0,0,0,0,0,0,0,0,0,0,0,0,0,0,0,0,0,0,0,0,0,0,-0.285669,0.00669632,-0.120788,0.258477,-0.0106904,0.269046,-0.0401102,0.368788,0.0826666,0.498458,-0.0301475,0.0955982,-0.0898683,-0.015747,-0.0803939,0.217736,0.219674,0.0357634,0.297966,-0.00522884,-0.0537321,0.112126,0.133788,-0.224507,-0.0188466,0.617564,-6.89179e-05,-0.0437738,0.038924,0.870227,-0.692971,-0.512729,0.219606,-1.16245,-0.103851,-3.233,-1.23316,-1.32924,4.66557,-0.818193,-1.12415,-0.0885765,0.149631,0.405275,0.552869,0.387443,-0.34105,0.0219268,-0.109481,-0.0665074,-0.324176,0.954753,-0.60483,-0.648458,0.246666,-0.00244791,0.0671631,-0.20765,22.6702,20.3781,-10.369,3.24755,-5.79757,3.88179,-15.4555,-2.33211,1.73811,-6.9107,-0.479377,-0.0783926,0.251352,-4.32123,4.47041,-0.0814827,0.165491,0.0835663,-1.03803,0.0110251,-0.17294,0.0535612,0.0291418,-0.347471,0.059644,-0.648567,0.00664948,-0.105366,0.0333409,0,0,0,0,0,0,0,0,0,0,0,0,0,0,0,0,0,0,0,0,0,0,0,0,0,0,0,0,0,2.55789,2.55789,2.55789,6.3088,6.3088,1.81445,2.55789,2.55789,1.81445,6.3088,6.3088,0.907223,0.907223,1.81445,1.81445,0.907223,0.907223,1.81445,1.81445,0.907223,0.907223,0.907223,0.907223,0.907223,0.907223,1.06814,1.06814,1.06814,1.06814,40.1792,40.1792,40.1792,99.0984,99.0984,28.5012,40.1792,40.1792,28.5012,99.0984,99.0984,14.2506,14.2506,28.5012,28.5012,14.2506,14.2506,28.5012,28.5012,14.2506,14.2506,14.2506,14.2506,14.2506,14.2506,16.7783,16.7783,16.7783,16.7783,0,0,0,0,0,0,0,0,0,0,0,0,0,0,0,0,0,0,0,0,0,0,0,0,0,0,0,0,0,0,0,0,0,0,0,0,0,0,0,0,0,0,0,0,0,0,0,0,0,0,0,0,0,0,0,0,0,0,0,0,0,0,0,0,0,0,0,0,0,0,0,0,0,0,0,0,0,0,0,0,0,0,0,0,0,0,0,0,0,0,0,0,0,0,0,0,0,0,0,0,0,0,0,0,0,0,0,0,0,0,0,0,0,0,0,0,0,-0.0847991,0.0838517,-0.0438102,-0.0305011,-0.0584553,0.2262,0.0598941,-0.193598,-0.311986,0.00727524,-0.0987791,-0.241677,-0.212608,-0.172923,0.78575,-0.499704,-0.0120922,0.00513262,1.11124,0.304396,-0.132242,-0.615697,-0.836474,0.130329,0.220558,0.359504,-1.29389,0.574808,0.280098,-1.24105,0.853265,-0.0969953,0.118234,0.608458,-0.458008,0.215283,-0.264781,0.374223,-0.585611,0.166671,0.0571594,0.870563,-0.087267,-0.04254,-0.105994,-0.13683,0.0992064,0.186623,0.226268,0.00319076,0.2618,-0.00530338,-0.0579984,0.0967317,0.174363,-0.284908,-0.0433223,0.587117,0.000382384,-0.04587,0.0267833,0.688,0.0849328,0.0852916,-0.99273,0.6,0,0,1.59895,1.15473,3
-2.6722,-1.18793,9.10471,0.410031,-0.577904,0.348996,-0.0769839,0.0734699,-0.0368541,-2.6722,-1.18793,9.10471,0.410031,-0.577904,0.348996,-0.0769839,0.0734699,-0.0368541,-0.0679302,0.582279,-0.389114,0.218638,-0.285396,0.352132,-0.539842,0.186086,0.0634416,0.96178,-0.087267,-0.0538557,-0.132339,-0.123827,0.0831033,0.189181,0.201801,0.00876342,0.2618,0.00393939,-0.0556958,0.0719691,0.160261,-0.318718,-0.0489001,0.584533,0.00199474,-0.0387994,0.0259339,0,0,0,0,0,0,0,0,0,0,0,0,0,0,0,0,0,0,0,0,0,0,0,0,0,0,0,0,0,-0.274835,-0.00908937,-0.125026,0.267957,-0.0388869,0.267049,-0.10659,0.340818,0.0628469,0.59012,-0.0435683,0.0665827,-0.0967667,-0.00815631,-0.070963,0.224951,0.226281,0.0295098,0.300609,-0.00572744,-0.0512512,0.107932,0.149964,-0.233211,-0.0284337,0.623636,2.06138e-05,-0.0414542,0.0350352,0.601187,-0.951123,-0.134223,0.55327,-1.60617,-0.106481,-3.79106,-1.72628,-0.920324,5.06117,-0.623612,-1.78189,-0.559107,0.516553,0.490289,0.284903,0.305813,-0.32818,0.216634,-0.00378174,0.244106,-0.19123,0.850211,-0.4158,-0.43462,0.36124,0.00493605,0.157329,-0.197686,14.3807,27.1585,-13.0295,-8.67876,-12.3814,3.24844,-9.76514,-2.781,1.53712,-3.77568,-0.366029,0.0204979,0.342466,-4.57633,3.9239,-0.819729,-0.288156,-0.156783,-1.46829,0.00959321,-0.299272,0.0144518,-0.413134,-0.359007,0.189795,-0.985949,0.000312735,-0.234316,0.074246,0,0,0,0,0,0,0,0,0,0,0,0,0,0,0,0,0,0,0,0,0,0,0,0,0,0,0,0,0,2.55789,2.55789,2.55789,6.3088,6.3088,1.81445,2.55789,2.55789,1.81445,6.3088,6.3088,0.907223,0.907223,1.81445,1.81445,0.907223,0.907223,1.81445,1.81445,0.907223,0.907223,0.907223,0.907223,0.907223,0.907223,1.06814,1.06814,1.06814,1.06814,40.1792,40.1792,40.1792,99.0984,99.0984,28.5012,40.1792,40.1792,28.5012,99.0984,99.0984,14.2506,14.2506,28.5012,28.5012,14.2506,14.2506,28.5012,28.5012,14.2506,14.2506,14.2506,14.2506,14.2506,14.2506,16.7783,16.7783,16.7783,16.7783,0,0,0,0,0,0,0,0,0,0,0,0,0,0,0,0,0,0,0,0,0,0,0,0,0,0,0,0,0,0,0,0,0,0,0,0,0,0,0,0,0,0,0,0,0,0,0,0,0,0,0,0,0,0,0,0,0,0,0,0,0,0,0,0,0,0,0,0,0,0,0,0,0,0,0,0,0,0,0,0,0,0,0,0,0,0,0,0,0,0,0,0,0,0,0,0,0,0,0,0,0,0,0,0,0,0,0,0,0,0,0,0,0,0,0,0,0,-0.0769839,0.0734699,-0.0368541,-0.0246688,-0.0906091,0.189484,0.00410718,-0.270689,-0.282339,0.0199815,-0.111497,-0.301746,-0.191169,-0.20761,0.445752,-0.416115,0.00898221,0.0267748,1.06343,0.339855,-0.126992,-0.520791,-0.71065,0.144653,0.164097,0.348102,-1.28432,0.834937,0.221307,-1.04106,0.802897,-0.122796,-0.0679302,0.582279,-0.389114,0.218638,-0.285396,0.352132,-0.539842,0.186086,0.0634416,0.96178,-0.087267,-0.0538557,-0.132339,-0.123827,0.0831033,0.189181,0.201801,0.00876342,0.2618,0.00393939,-0.0556958,0.0719691,0.160261,-0.318718,-0.0489001,0.584533,0.00199474,-0.0387994,0.0259339,0.629,0.0734038,0.0767004,-0.994348,0.6,0,0,1.59895,1.15473,3
-2.21446,-0.635078,8.292,0.463913,-0.553715,0.315195,-0.0678465,0.0622387,-0.0294347,-2.21446,-0.635078,8.292,0.463913,-0.553715,0.315195,-0.0678465,0.0622387,-0.0294347,-0.19223,0.576256,-0.396299,0.21636,-0.301483,0.345869,-0.501916,0.162282,0.0803321,0.999154,-0.087267,-0.0636684,-0.152917,-0.0977246,0.0536331,0.212239,0.20304,0.0109373,0.2618,0.00776899,-0.0159312,0.0612025,0.153877,-0.296875,-0.0242947,0.585587,0.00398548,-0.0296026,0.0240712,0,0,0,0,0,0,0,0,0,0,0,0,0,0,0,0,0,0,0,0,0,0,0,0,0,0,0,0,0,-0.267859,-0.0257856,-0.120733,0.28235,-0.0718459,0.265187,-0.187256,0.306339,0.0522646,0.690468,-0.0546195,0.0328304,-0.110994,0.0027015,-0.0582625,0.23026,0.229169,0.026031,0.304141,-0.00371793,-0.0458537,0.099593,0.166296,-0.240936,-0.0338283,0.629922,0.000451848,-0.036859,0.0319186,0.317103,-0.725196,0.366543,0.771534,-1.47515,-0.0828958,-3.95213,-1.67607,-0.285443,4.66049,-0.463651,-1.53491,-0.740535,0.471441,0.570149,0.216698,0.0230596,-0.119796,0.159833,0.115442,0.249406,-0.448777,0.758168,-0.369354,-0.18321,0.276407,0.0205802,0.232595,-0.123696,7.2967,26.2849,-11.6704,-11.005,-11.8386,2.62859,-4.21768,-0.644557,0.891078,-2.42975,-0.304912,0.153291,0.355843,-4.48402,2.95486,-0.789049,-0.432321,-0.276128,-1.48926,0.00457718,-0.365626,0.01144,-0.768734,-0.778637,-0.0430188,-1.05214,0.00333348,-0.279545,0.0340476,0,0,0,0,0,0,0,0,0,0,0,0,0,0,0,0,0,0,0,0,0,0,0,0,0,0,0,0,0,2.55789,2.55789,2.55789,6.3088,6.3088,1.81445,2.55789,2.55789,1.81445,6.3088,6.3088,0.907223,0.907223,1.81445,1.81445,0.907223,0.907223,1.81445,1.81445,0.907223,0.907223,0.907223,0.907223,0.907223,0.907223,1.06814,1.06814,1.06814,1.06814,40.1792,40.1792,40.1792,99.0984,99.0984,28.5012,40.1792,40.1792,28.5012,99.0984,99.0984,14.2506,14.2506,28.5012,28.5012,14.2506,14.2506,28.5012,28.5012,14.2506,14.2506,14.2506,14.2506,14.2506,14.2506,16.7783,16.7783,16.7783,16.7783,0,0,0,0,0,0,0,0,0,0,0,0,0,0,0,0,0,0,0,0,0,0,0,0,0,0,0,0,0,0,0,0,0,0,0,0,0,0,0,0,0,0,0,0,0,0,0,0,0,0,0,0,0,0,0,0,0,0,0,0,0,0,0,0,0,0,0,0,0,0,0,0,0,0,0,0,0,0,0,0,0,0,0,0,0,0,0,0,0,0,0,0,0,0,0,0,0,0,0,0,0,0,0,0,0,0,0,0,0,0,0,0,0,0,0,0,0,-0.0678465,0.0622387,-0.0294347,0.0279059,-0.105165,0.122289,0.00693055,-0.220885,-0.222822,0.0249382,-0.0553944,-0.348667,-0.187491,-0.193457,0.218739,-0.346849,0.0177141,0.0534957,1.05243,0.29638,-0.0363248,-0.397345,-0.723773,0.183165,0.139548,0.323099,-1.29082,0.941519,0.175432,-0.923416,0.788616,-0.14517,-0.19223,0.576256,-0.396299,0.21636,-0.301483,0.345869,-0.501916,0.162282,0.0803321,0.999154,-0.087267,-0.0636684,-0.152917,-0.0977246,0.0536331,0.212239,0.20304,0.0109373,0.2618,0.00776899,-0.0159312,0.0612025,0.153877,-0.296875,-0.0242947,0.585587,0.00398548,-0.0296026,0.0240712,0.611,0.0621985,0.0676632,-0.995767,0.6,0,0,1.62327,1.17691,3
-1.5544,-1.19744,8.44669,0.490707,-0.490229,0.257706,-0.0579356,0.0520942,-0.0231685,-1.5544,-1.19744,8.44669,0.490707,-0.490229,0.257706,-0.0579356,0.0520942,-0.0231685,-0.299258,0.543919,-0.383696,0.225912,-0.406846,0.337176,-0.414111,0.0747962,0.109043,0.876844,-0.087267,-0.0770513,-0.156935,-0.0599272,0.0188821,0.232274,0.22201,-0.00796157,0.2618,0.00497214,0.0100415,0.064542,0.102958,-0.27836,0.00584636,0.578927,0.00431877,-0.0239681,0.018591,0,0,0,0,0,0,0,0,0,0,0,0,0,0,0,0,0,0,0,0,0,0,0,0,0,0,0,0,0,-0.263431,-0.0393139,-0.113334,0.300765,-0.100714,0.26358,-0.263268,0.273681,0.0507553,0.773527,-0.0628367,0.00532202,-0.123474,0.0110061,-0.0477938,0.234644,0.227783,0.0242861,0.304724,-0.000841834,-0.0345209,0.0897876,0.179768,-0.247415,-0.0338018,0.635075,0.00130182,-0.0310186,0.0291359,0.238716,-0.616313,0.348419,0.958842,-1.26375,-0.0814425,-3.56358,-1.58409,0.0653196,3.6535,-0.355199,-1.2234,-0.505261,0.337653,0.413914,0.194282,-0.132705,-0.0863006,0.0216242,0.135582,0.638136,-0.466001,0.596928,-0.264525,0.0948617,0.251242,0.0392298,0.292439,-0.120544,2.31379,26.303,-12.2476,-14.214,-11.8802,2.48771,-0.581557,-0.519815,0.776108,-0.748506,-0.184196,0.126164,0.0506633,-3.7305,2.10135,-0.497353,-0.24786,-0.231746,-1.24656,-0.000455946,-0.303943,0.0136705,-0.910004,-0.456589,0.061612,-1.08944,0.00233264,-0.285498,0.0466862,0,0,0,0,0,0,0,0,0,0,0,0,0,0,0,0,0,0,0,0,0,0,0,0,0,0,0,0,0,2.55789,2.55789,2.55789,6.3088,6.3088,1.81445,2.55789,2.55789,1.81445,6.3088,6.3088,0.907223,0.907223,1.81445,1.81445,0.907223,0.907223,1.81445,1.81445,0.907223,0.907223,0.907223,0.907223,0.907223,0.907223,1.06814,1.06814,1.06814,1.06814,40.1792,40.1792,40.1792,99.0984,99.0984,28.5012,40.1792,40.1792,28.5012,99.0984,99.0984,14.2506,14.2506,28.5012,28.5012,14.2506,14.2506,28.5012,28.5012,14.2506,14.2506,14.2506,14.2506,14.2506,14.2506,16.7783,16.7783,16.7783,16.7783,0,0,0,0,0,0,0,0,0,0,0,0,0,0,0,0,0,0,0,0,0,0,0,0,0,0,0,0,0,0,0,0,0,0,0,0,0,0,0,0,0,0,0,0,0,0,0,0,0,0,0,0,0,0,0,0,0,0,0,0,0,0,0,0,0,0,0,0,0,0,0,0,0,0,0,0,0,0,0,0,0,0,0,0,0,0,0,0,0,0,0,0,0,0,0,0,0,0,0,0,0,0,0,0,0,0,0,0,0,0,0,0,0,0,0,0,0,-0.0579356,0.0520942,-0.0231685,0.0735877,-0.221265,0.0430531,0.0501856,-0.178669,-0.13664,-0.0181532,0.0133303,-0.357827,-0.246248,-0.282857,0.0232715,-0.186488,0.011337,0.0579694,0.993375,0.136602,0.0228955,-0.321715,-0.700756,0.248629,0.147162,0.249541,-1.26358,0.59272,-0.125038,-0.791692,0.768794,-0.175685,-0.299258,0.543919,-0.383696,0.225912,-0.406846,0.337176,-0.414111,0.0747962,0.109043,0.876844,-0.087267,-0.0770513,-0.156935,-0.0599272,0.0188821,0.232274,0.22201,-0.00796157,0.2618,0.00497214,0.0100415,0.064542,0.102958,-0.27836,0.00584636,0.578927,0.00431877,-0.0239681,0.018591,0.705,0.0520706,0.0578247,-0.996967,0.6,0,0,1.62327,1.17691,3
0.0717131,-2.07106,8.74974,0.428634,-0.440636,0.16675,-0.0486335,0.0434609,-0.0185294,0.0717131,-2.07106,8.74974,0.428634,-0.440636,0.16675,-0.0486335,0.0434609,-0.0185294,-0.420371,0.414027,-0.257431,0.263805,-0.461589,0.287038,-0.285538,0.0298603,0.0856084,0.638972,-0.087267,-0.053118,-0.15954,-0.0387121,-0.0204448,0.228097,0.247577,-0.0228996,0.2618,0.0100063,-0.00918891,0.0871282,0.00555938,-0.306531,0.0154261,0.57046,0.00268289,-0.0253511,0.0145119,0,0,0,0,0,0,0,0,0,0,0,0,0,0,0,0,0,0,0,0,0,0,0,0,0,0,0,0,0,-0.258178,-0.0519555,-0.107007,0.328194,-0.146295,0.262293,-0.319249,0.238623,0.0527719,0.813719,-0.0684237,-0.0174308,-0.126154,0.0181113,-0.0438123,0.238783,0.226458,0.0189514,0.304896,0.000736314,-0.018462,0.0832134,0.188252,-0.250014,-0.0275532,0.642236,0.0020627,-0.0241144,0.0255642,0.324295,-0.572616,0.361653,1.32115,-2.23856,-0.0735125,-2.35689,-1.82816,0.182723,1.02434,-0.275801,-1.03308,0.075101,0.361934,0.140235,0.257286,-0.040428,-0.343313,0.00149814,0.0608054,0.81275,-0.288992,0.334828,-0.0158611,0.438829,0.370695,0.029758,0.360097,-0.159744,-2.42453,25.4014,-11.9708,-18.4156,-11.7557,2.25222,2.18813,-2.07176,1.33432,-0.851576,-0.163082,0.0853277,-0.477928,-2.85279,1.53634,-0.308572,-0.027918,-0.169034,-1.2294,0.00562464,-0.324041,-0.00940628,-1.52196,-0.364663,0.103083,-1.45318,0.00504982,-0.375586,0.0587121,0,0,0,0,0,0,0,0,0,0,0,0,0,0,0,0,0,0,0,0,0,0,0,0,0,0,0,0,0,2.55789,2.55789,2.55789,6.3088,6.3088,1.81445,2.55789,2.55789,1.81445,6.3088,6.3088,0.907223,0.907223,1.81445,1.81445,0.907223,0.907223,1.81445,1.81445,0.907223,0.907223,0.907223,0.907223,0.907223,0.907223,1.06814,1.06814,1.06814,1.06814,40.1792,40.1792,40.1792,99.0984,99.0984,28.5012,40.1792,40.1792,28.5012,99.0984,99.0984,14.2506,14.2506,28.5012,28.5012,14.2506,14.2506,28.5012,28.5012,14.2506,14.2506,14.2506,14.2506,14.2506,14.2506,16.7783,16.7783,16.7783,16.7783,0,0,0,0,0,0,0,0,0,0,0,0,0,0,0,0,0,0,0,0,0,0,0,0,0,0,0,0,0,0,0,0,0,0,0,0,0,0,0,0,0,0,0,0,0,0,0,0,0,0,0,0,0,0,0,0,0,0,0,0,0,0,0,0,0,0,0,0,0,0,0,0,0,0,0,0,0,0,0,0,0,0,0,0,0,0,0,0,0,0,0,0,0,0,0,0,0,0,0,0,0,0,0,0,0,0,0,0,0,0,0,0,0,0,0,0,0,-0.0486335,0.0434609,-0.0185294,0.064065,-0.443344,-0.0466161,0.10848,-0.242901,-0.0882675,-0.0522134,0.035173,-0.363768,-0.32734,-0.396511,-0.197921,0.0483283,0.0228154,0.0360116,0.756149,0.0545347,-0.0209516,-0.340279,-0.470154,0.195196,0.198661,0.194788,-1.15552,-0.085633,-0.281151,-0.4012,0.654476,-0.121114,-0.420371,0.414027,-0.257431,0.263805,-0.461589,0.287038,-0.285538,0.0298603,0.0856084,0.638972,-0.087267,-0.053118,-0.15954,-0.0387121,-0.0204448,0.228097,0.247577,-0.0228996,0.2618,0.0100063,-0.00918891,0.0871282,0.00555938,-0.306531,0.0154261,0.57046,0.00268289,-0.0253511,0.0145119,0.85,0.0434472,0.0485684,-0.997874,0.6,0,0,1.64373,1.19964,3
0.433631,-2.4732,7.27364,0.357711,-0.38967,0.0601358,-0.0406429,0.03559,-0.0160816,0.433631,-2.4732,7.27364,0.357711,-0.38967,0.0601358,-0.0406429,0.03559,-0.0160816,-0.519923,0.301639,-0.125908,0.325877,-0.523293,0.254317,-0.0919543,0.0916968,0.0815151,0.377897,-0.087267,-0.00860083,-0.142816,0.00575504,-0.037872,0.206878,0.279989,-0.0317783,0.2618,0.0144017,-0.0193494,0.133821,-0.0494279,-0.391479,-0.0237186,0.568389,-0.000113663,-0.0290091,0.00814525,0,0,0,0,0,0,0,0,0,0,0,0,0,0,0,0,0,0,0,0,0,0,0,0,0,0,0,0,0,-0.252141,-0.0581861,-0.0942542,0.36024,-0.200678,0.258307,-0.346594,0.198219,0.0533099,0.787248,-0.0721964,-0.0306429,-0.115879,0.0240941,-0.0440936,0.245002,0.226993,0.00904165,0.305836,0.00282305,-0.00805914,0.0831266,0.190633,-0.248432,-0.015308,0.651405,0.00218604,-0.0173573,0.0222615,0.256758,-0.139269,0.922021,1.55006,-2.52062,-0.328039,-0.908623,-2.13803,0.0373122,-2.5077,-0.225044,-0.440492,0.708992,0.35072,-0.00321405,0.389179,0.0732767,-0.529737,-0.0144632,0.109132,0.367638,0.0649669,-0.00290469,0.166193,0.698514,0.427899,-0.00247462,0.325514,-0.132901,-7.4296,19.3631,-8.69875,-19.2289,-9.98031,1.35084,4.8011,-1.51577,0.909385,-0.0155946,-0.13619,0.0940353,-1.23313,-2.35242,0.705316,-0.570642,0.236288,0.0315237,-1.26075,0.00426783,-0.361048,-0.00356867,-2.65113,-0.95308,-0.171385,-1.82461,0.0103099,-0.478635,0.017288,0,0,0,0,0,0,0,0,0,0,0,0,0,0,0,0,0,0,0,0,0,0,0,0,0,0,0,0,0,2.55789,2.55789,2.55789,6.3088,6.3088,1.81445,2.55789,2.55789,1.81445,6.3088,6.3088,0.907223,0.907223,1.81445,1.81445,0.907223,0.907223,1.81445,1.81445,0.907223,0.907223,0.907223,0.907223,0.907223,0.907223,1.06814,1.06814,1.06814,1.06814,40.1792,40.1792,40.1792,99.0984,99.0984,28.5012,40.1792,40.1792,28.5012,99.0984,99.0984,14.2506,14.2506,28.5012,28.5012,14.2506,14.2506,28.5012,28.5012,14.2506,14.2506,14.2506,14.2506,14.2506,14.2506,16.7783,16.7783,16.7783,16.7783,0,0,0,0,0,0,0,0,0,0,0,0,0,0,0,0,0,0,0,0,0,0,0,0,0,0,0,0,0,0,0,0,0,0,0,0,0,0,0,0,0,0,0,0,0,0,0,0,0,0,0,0,0,0,0,0,0,0,0,0,0,0,0,0,0,0,0,0,0,0,0,0,0,0,0,0,0,0,0,0,0,0,0,0,0,0,0,0,0,0,0,0,0,0,0,0,0,0,0,0,0,0,0,0,0,0,0,0,0,0,0,0,0,0,0,0,0,-0.0406429,0.03559,-0.0160816,0.0156817,-0.568721,-0.086352,0.182384,-0.436591,0.0131221,-0.0724577,-0.0540809,-0.325635,-0.3281,-0.424299,-0.379736,0.401876,0.0328372,-0.00152566,0.550892,0.167469,-0.0441186,-0.38938,-0.22995,0.185863,0.305125,0.109331,-0.978503,-0.830155,-0.457116,0.209858,0.579868,-0.0196108,-0.519923,0.301639,-0.125908,0.325877,-0.523293,0.254317,-0.0919543,0.0916968,0.0815151,0.377897,-0.087267,-0.00860083,-0.142816,0.00575504,-0.037872,0.206878,0.279989,-0.0317783,0.2618,0.0144017,-0.0193494,0.133821,-0.0494279,-0.391479,-0.0237186,0.568389,-0.000113663,-0.0290091,0.00814525,0.662,0.0355825,0.040606,-0.998541,0.6,0,0,1.64373,1.19964,3
0.669842,-2.86035,5.58107,0.246571,-0.288167,0.0739444,-0.0344973,0.0295951,-0.0145534,0.669842,-2.86035,5.58107,0.246571,-0.288167,0.0739444,-0.0344973,0.0295951,-0.0145534,-0.608103,0.207681,0.00184771,0.406094,-0.627714,0.188357,0.111624,0.234255,0.0628533,0.222798,-0.087267,0.0317338,-0.110064,0.0347934,-0.0314701,0.21676,0.251989,-0.0451598,0.2618,0.0254756,-0.0279071,0.156579,-0.0353148,-0.486187,-0.063114,0.570769,-0.00287604,-0.0340941,0.0071175,0,0,0,0,0,0,0,0,0,0,0,0,0,0,0,0,0,0,0,0,0,0,0,0,0,0,0,0,0,-0.247409,-0.0544836,-0.0676839,0.399819,-0.261504,0.251193,-0.342526,0.156773,0.0586079,0.692108,-0.0751725,-0.0293245,-0.0957352,0.0305805,-0.0494223,0.251403,0.230266,-0.00362866,0.305791,0.00564422,-0.00427278,0.0937473,0.18651,-0.243591,-0.00331899,0.659789,0.00146281,-0.0124334,0.0197999,0.155313,0.347845,1.63687,2.00855,-2.76475,-0.468488,0.656088,-2.0094,0.569181,-5.68989,-0.200509,0.288956,1.09837,0.43812,-0.269669,0.31749,0.233855,-0.613174,-0.0759257,0.137074,0.107347,0.628592,-0.300609,0.283182,0.537634,0.333037,-0.0378192,0.210312,-0.108431,-11.4043,13.4583,-6.26825,-19.7202,-8.46143,0.863252,8.48312,2.37683,-0.20733,3.52363,-0.00483981,0.0527713,-1.64202,-1.38864,0.84538,-0.913131,0.516436,0.30655,-1.15259,0.00076669,-0.322656,0.00549173,-3.10851,-2.34922,-0.77407,-1.91014,0.0143363,-0.50485,-0.0790903,0,0,0,0,0,0,0,0,0,0,0,0,0,0,0,0,0,0,0,0,0,0,0,0,0,0,0,0,0,2.55789,2.55789,2.55789,6.3088,6.3088,1.81445,2.55789,2.55789,1.81445,6.3088,6.3088,0.907223,0.907223,1.81445,1.81445,0.907223,0.907223,1.81445,1.81445,0.907223,0.907223,0.907223,0.907223,0.907223,0.907223,1.06814,1.06814,1.06814,1.06814,40.1792,40.1792,40.1792,99.0984,99.0984,28.5012,40.1792,40.1792,28.5012,99.0984,99.0984,14.2506,14.2506,28.5012,28.5012,14.2506,14.2506,28.5012,28.5012,14.2506,14.2506,14.2506,14.2506,14.2506,14.2506,16.7783,16.7783,16.7783,16.7783,0,0,0,0,0,0,0,0,0,0,0,0,0,0,0,0,0,0,0,0,0,0,0,0,0,0,0,0,0,0,0,0,0,0,0,0,0,0,0,0,0,0,0,0,0,0,0,0,0,0,0,0,0,0,0,0,0,0,0,0,0,0,0,0,0,0,0,0,0,0,0,0,0,0,0,0,0,0,0,0,0,0,0,0,0,0,0,0,0,0,0,0,0,0,0,0,0,0,0,0,0,0,0,0,0,0,0,0,0,0,0,0,0,0,0,0,0,-0.0344973,0.0295951,-0.0145534,0.0382141,-0.536541,-0.071755,0.118541,-0.652535,0.0793324,-0.102969,-0.143906,-0.250957,-0.307546,-0.392351,-0.540781,0.773676,0.058087,-0.038604,0.379294,0.427826,-0.0636309,-0.457633,0.00337452,0.143312,0.357016,0.0955358,-0.749744,-1.27246,-0.754899,0.636504,0.429473,0.0723561,-0.608103,0.207681,0.00184771,0.406094,-0.627714,0.188357,0.111624,0.234255,0.0628533,0.222798,-0.087267,0.0317338,-0.110064,0.0347934,-0.0314701,0.21676,0.251989,-0.0451598,0.2618,0.0254756,-0.0279071,0.156579,-0.0353148,-0.486187,-0.063114,0.570769,-0.00287604,-0.0340941,0.0071175,0.691,0.0295907,0.0344753,-0.998967,0.6,0,0,1.65939,1.21963,3
0.153295,0.00213483,12.8814,0.161942,-0.244363,0.217202,-0.0307293,0.0250298,-0.0116225,0.153295,0.00213483,12.8814,0.161942,-0.244363,0.217202,-0.0307293,0.0250298,-0.0116225,-0.62894,0.0679969,0.107055,0.562334,-0.726548,0.0969814,0.193655,0.237113,0.167367,0.127925,-0.087267,0.0526062,-0.0720791,0.122834,-0.0149324,0.258528,0.313429,-0.0203675,0.2618,0.0254099,-0.0335705,0.142183,0.0221844,-0.485106,-0.0577445,0.571594,-0.00435245,-0.0353538,0.00821079,0,0,0,0,0,0,0,0,0,0,0,0,0,0,0,0,0,0,0,0,0,0,0,0,0,0,0,0,0,-0.246604,-0.0417193,-0.0294699,0.453737,-0.33531,0.234182,-0.314033,0.122963,0.0804816,0.565107,-0.0870519,-0.0166135,-0.0714424,0.03993,-0.0588668,0.255527,0.235366,-0.0154541,0.304411,0.0104882,-0.00485206,0.109485,0.17865,-0.238916,0.00469125,0.664134,0.000225777,-0.0105577,0.0186222,-0.0473966,1.03661,1.9409,2.85576,-3.29084,-0.96982,1.80788,-1.14887,1.24525,-4.85982,-2.52161,1.00319,1.32676,0.267034,-0.48837,0.104447,0.193533,-0.541646,0.0480067,0.252158,-0.102217,0.765133,-0.425594,0.149416,0.287017,0.182785,-0.0602335,0.0201542,-0.0448122,-14.484,7.9359,-3.77211,-21.9604,-7.93074,0.436321,12.8531,8.12409,-2.79574,1.29774,13.285,0.191721,-1.65952,-0.923882,1.65365,-0.687082,0.0284141,0.135029,-1.1299,-0.0117729,-0.247824,-0.0237222,-2.6879,-3.67033,-1.25281,-1.70831,0.0116806,-0.435371,-0.148811,0,0,0,0,0,0,0,0,0,0,0,0,0,0,0,0,0,0,0,0,0,0,0,0,0,0,0,0,0,2.55789,2.55789,2.55789,6.3088,6.3088,1.81445,2.55789,2.55789,1.81445,6.3088,6.3088,0.907223,0.907223,1.81445,1.81445,0.907223,0.907223,1.81445,1.81445,0.907223,0.907223,0.907223,0.907223,0.907223,0.907223,1.06814,1.06814,1.06814,1.06814,40.1792,40.1792,40.1792,99.0984,99.0984,28.5012,40.1792,40.1792,28.5012,99.0984,99.0984,14.2506,14.2506,28.5012,28.5012,14.2506,14.2506,28.5012,28.5012,14.2506,14.2506,14.2506,14.2506,14.2506,14.2506,16.7783,16.7783,16.7783,16.7783,0,0,0,0,0,0,0,0,0,0,0,0,0,0,0,0,0,0,0,0,0,0,0,0,0,0,0,0,0,0,0,0,0,0,0,0,0,0,0,0,0,0,0,0,0,0,0,0,0,0,0,0,0,0,0,0,0,0,0,0,0,0,0,0,0,0,0,0,0,0,0,0,0,0,0,0,0,0,0,0,0,0,0,0,0,0,0,0,0,0,0,0,0,0,0,0,0,0,0,0,0,0,0,0,0,0,0,0,0,0,0,0,0,0,0,0,0,-0.0307293,0.0250298,-0.0116225,0.13345,-0.405437,-0.0340473,0.258629,-0.650071,0.280075,-0.0464399,-0.131663,-0.164348,-0.307601,-0.381287,-0.578836,0.923492,0.0579372,-0.0584215,0.124185,0.433046,-0.0765441,-0.474542,0.195517,0.381613,0.324192,0.110211,-0.304184,-1.54301,-1.03675,0.71956,0.221127,0.119947,-0.62894,0.0679969,0.107055,0.562334,-0.726548,0.0969814,0.193655,0.237113,0.167367,0.127925,-0.087267,0.0526062,-0.0720791,0.122834,-0.0149324,0.258528,0.313429,-0.0203675,0.2618,0.0254099,-0.0335705,0.142183,0.0221844,-0.485106,-0.0577445,0.571594,-0.00435245,-0.0353538,0.00821079,0.678,0.0250271,0.0307148,-0.999215,0.6,0,0,1.66803,1.23143,3
4.09449,-0.327902,10.638,0.0592732,-0.504895,0.422635,-0.0284486,0.0178894,-0.00498394,4.09449,-0.327902,10.638,0.0592732,-0.504895,0.422635,-0.0284486,0.0178894,-0.00498394,-0.655245,-0.257585,0.195599,0.945373,-0.80404,-0.0113735,0.119494,0.0186526,0.482486,0.026841,-0.087267,0.0339974,-0.0312914,0.240953,-0.0108494,0.361475,0.435786,0.0317478,0.2618,0.0238384,-0.048896,0.104035,0.0334831,-0.395817,-0.0312883,0.571806,-0.00570151,-0.0394811,0.0159706,0,0,0,0,0,0,0,0,0,0,0,0,0,0,0,0,0,0,0,0,0,0,0,0,0,0,0,0,0,-0.255979,-0.0086422,-0.000720556,0.52761,-0.421632,0.203248,-0.258703,0.120937,0.111881,0.479077,-0.125111,0.00337125,-0.0376845,0.035662,-0.0640747,0.258214,0.236774,-0.0224912,0.306385,0.0146664,-0.00662397,0.118484,0.172149,-0.238257,0.00954108,0.667715,-0.00107712,-0.0105066,0.0179398,-0.75408,2.15193,1.11117,3.75186,-3.86676,-1.61126,3.39393,0.680427,1.70569,-4.17543,-2.11602,0.515731,1.85969,-0.581046,0.076032,0.197786,-0.00987623,-0.274169,0.117782,0.175557,-0.0587303,0.316769,-0.181289,-0.0657927,0.20154,0.167935,-0.0597191,-0.000631212,-0.0263425,-13.2515,-2.08687,1.46007,-19.8086,-5.74326,-0.138606,9.96835,3.22094,-1.41534,-9.70771,16.9796,0.0680598,-2.12708,3.44127,1.43303,-0.150815,1.0918,0.557659,-1.49783,-0.0074405,-0.325133,0.0469977,-1.94445,-3.47862,-1.14459,-1.79694,0.00893109,-0.41562,-0.134571,0,0,0,0,0,0,0,0,0,0,0,0,0,0,0,0,0,0,0,0,0,0,0,0,0,0,0,0,0,2.55789,2.55789,2.55789,6.3088,6.3088,1.81445,2.55789,2.55789,1.81445,6.3088,6.3088,0.907223,0.907223,1.81445,1.81445,0.907223,0.907223,1.81445,1.81445,0.907223,0.907223,0.907223,0.907223,0.907223,0.907223,1.06814,1.06814,1.06814,1.06814,40.1792,40.1792,40.1792,99.0984,99.0984,28.5012,40.1792,40.1792,28.5012,99.0984,99.0984,14.2506,14.2506,28.5012,28.5012,14.2506,14.2506,28.5012,28.5012,14.2506,14.2506,14.2506,14.2506,14.2506,14.2506,16.7783,16.7783,16.7783,16.7783,0,0,0,0,0,0,0,0,0,0,0,0,0,0,0,0,0,0,0,0,0,0,0,0,0,0,0,0,0,0,0,0,0,0,0,0,0,0,0,0,0,0,0,0,0,0,0,0,0,0,0,0,0,0,0,0,0,0,0,0,0,0,0,0,0,0,0,0,0,0,0,0,0,0,0,0,0,0,0,0,0,0,0,0,0,0,0,0,0,0,0,0,0,0,0,0,0,0,0,0,0,0,0,0,0,0,0,0,0,0,0,0,0,0,0,0,0,-0.0284486,0.0178894,-0.00498394,0.368178,-0.379675,-0.0247377,0.537616,-0.446483,0.549398,0.072388,-0.0713403,-0.0713476,-0.220495,-0.378445,-0.626878,0.788049,0.0543539,-0.0765295,-0.470436,0.0340658,-0.111488,-0.529941,0.357228,1.10012,0.237209,0.214368,0.788147,-1.83128,-1.25774,0.49524,-0.0259326,0.0775174,-0.655245,-0.257585,0.195599,0.945373,-0.80404,-0.0113735,0.119494,0.0186526,0.482486,0.026841,-0.087267,0.0339974,-0.0312914,0.240953,-0.0108494,0.361475,0.435786,0.0317478,0.2618,0.0238384,-0.048896,0.104035,0.0334831,-0.395817,-0.0312883,0.571806,-0.00570151,-0.0394811,0.0159706,0.652,0.0178885,0.0284402,-0.999435,0.6,0,0,1.66803,1.23143,3
-5.71957,6.39502,16.8998,0.104229,-0.348114,0.303104,-0.0276811,0.00730653,0.00268544,-5.71957,6.39502,16.8998,0.104229,-0.348114,0.303104,-0.0276811,0.00730653,0.00268544,-0.943189,-0.214907,0.125939,1.23176,-0.821672,-0.0556125,0.208544,-0.158289,0.52,0.145136,-0.087267,-0.00903933,-0.0232518,0.217968,0.00448955,0.296742,0.434856,0.0292817,0.2618,0.0467063,-0.0254652,0.0876786,0.0620707,-0.321268,-0.0015925,0.568133,-0.00515492,-0.0516513,0.0177548,0,0,0,0,0,0,0,0,0,0,0,0,0,0,0,0,0,0,0,0,0,0,0,0,0,0,0,0,0,-0.294739,0.0381743,0.00786498,0.631212,-0.521717,0.151915,-0.199202,0.148032,0.12895,0.396377,-0.156506,-0.0462475,-0.000453589,0.0161396,-0.0505541,0.267678,0.233808,-0.020604,0.306221,0.0172897,-0.0122084,0.114613,0.168126,-0.242087,0.012673,0.670909,-0.00245625,-0.0113692,0.0188077,-2.27231,2.77016,0.182324,5.37342,-4.47298,-2.63837,2.23,1.83336,-0.707534,-3.63522,0.18861,-3.51839,1.42298,-1.60748,0.652924,0.480494,-0.345557,0.245697,0.109931,0.109775,-0.369307,-0.300382,-0.421337,-0.351678,0.0536505,0.215987,-0.0639872,-0.0596646,0.0506351,-8.74281,-18.5437,7.01016,-2.36603,0.295732,0.118565,6.85011,-9.58302,10.8352,-13.2185,7.83213,4.59239,-1.81468,8.99764,-0.162923,0.903038,3.14695,1.07071,-1.43572,-0.00831434,-0.179555,0.12509,-1.60661,-1.91432,-0.695206,-1.87648,0.0140743,-0.403726,-0.104031,0,0,0,0,0,0,0,0,0,0,0,0,0,0,0,0,0,0,0,0,0,0,0,0,0,0,0,0,0,2.55789,2.55789,2.55789,6.3088,6.3088,1.81445,2.55789,2.55789,1.81445,6.3088,6.3088,0.907223,0.907223,1.81445,1.81445,0.907223,0.907223,1.81445,1.81445,0.907223,0.907223,0.907223,0.907223,0.907223,0.907223,1.06814,1.06814,1.06814,1.06814,40.1792,40.1792,40.1792,99.0984,99.0984,28.5012,40.1792,40.1792,28.5012,99.0984,99.0984,14.2506,14.2506,28.5012,28.5012,14.2506,14.2506,28.5012,28.5012,14.2506,14.2506,14.2506,14.2506,14.2506,14.2506,16.7783,16.7783,16.7783,16.7783,0,0,0,0,0,0,0,0,0,0,0,0,0,0,0,0,0,0,0,0,0,0,0,0,0,0,0,0,0,0,0,0,0,0,0,0,0,0,0,0,0,0,0,0,0,0,0,0,0,0,0,0,0,0,0,0,0,0,0,0,0,0,0,0,0,0,0,0,0,0,0,0,0,0,0,0,0,0,0,0,0,0,0,0,0,0,0,0,0,0,0,0,0,0,0,0,0,0,0,0,0,0,0,0,0,0,0,0,0,0,0,0,0,0,0,0,0,-0.0276811,0.00730653,0.00268544,0.22058,-0.314493,0.0102366,0.535495,-0.276503,0.496988,0.0667652,-0.00363105,-0.0530164,-0.22459,-0.427747,-1.15276,0.950685,0.106495,-0.0691928,-0.392492,-0.289087,-0.0580632,-0.693299,0.230007,1.65071,0.199916,0.238317,1.60486,-1.49393,-1.30802,0.0963987,-0.126802,-0.0206106,-0.943189,-0.214907,0.125939,1.23176,-0.821672,-0.0556125,0.208544,-0.158289,0.52,0.145136,-0.087267,-0.00903933,-0.0232518,0.217968,0.00448955,0.296742,0.434856,0.0292817,0.2618,0.0467063,-0.0254652,0.0876786,0.0620707,-0.321268,-0.0015925,0.568133,-0.00515492,-0.0516513,0.0177548,0.865,0.00730646,0.0276769,-0.99959,0.6,0,0,1.67717,1.23601,3
-3.02068,-0.770182,11.7111,-0.050499,0.0919282,0.387717,-0.0261577,0.00486352,0.0106265,-3.02068,-0.770182,11.7111,-0.050499,0.0919282,0.387717,-0.0261577,0.00486352,0.0106265,-1.03238,-0.06867,-0.0219471,1.28976,-0.704151,-0.0705639,0.174222,-0.287352,0.52,0.239073,-0.087267,-0.0619519,-0.0103019,0.0304361,0.0375975,0.214775,0.387084,0.0110565,0.2618,0.0416098,-0.0401107,0.135132,0.103492,-0.321199,-0.000383363,0.574658,-0.00431329,-0.0489367,0.0219677,0,0,0,0,0,0,0,0,0,0,0,0,0,0,0,0,0,0,0,0,0,0,0,0,0,0,0,0,0,-0.369049,0.0905573,-0.00433551,0.788416,-0.60858,0.0922897,-0.1766,0.188371,0.0966391,0.341438,-0.140606,-0.0861235,0.0229839,-0.0225159,-0.0346562,0.276344,0.228158,-0.0173689,0.304874,0.0248727,-0.0131172,0.105445,0.158722,-0.251081,0.0122109,0.669902,-0.0034125,-0.0155336,0.0190207,-3.48286,1.86947,-0.702431,7.43856,-3.32882,-2.404,0.66072,1.68882,-1.44408,-1.86713,0.796099,-0.990508,0.696741,-1.47136,0.436417,0.27755,-0.0864544,0.117389,-0.116038,0.359059,0.0332629,-0.420536,-0.506091,-0.33322,-0.0567368,-0.142762,-0.0348589,-0.249615,-0.00765828,-14.2391,-17.2005,7.03958,-2.29115,-0.0865305,0.155297,13.8228,-18.2246,14.727,-7.56674,0.365422,2.05095,-1.3425,9.61579,0.214647,0.0296009,3.05837,1.12274,-1.01908,-0.014233,-0.206744,0.126177,-0.950155,-0.68338,-0.147908,-1.56105,0.00811266,-0.347204,-0.0147069,0,0,0,0,0,0,0,0,0,0,0,0,0,0,0,0,0,0,0,0,0,0,0,0,0,0,0,0,0,2.55789,2.55789,2.55789,6.3088,6.3088,1.81445,2.55789,2.55789,1.81445,6.3088,6.3088,0.907223,0.907223,1.81445,1.81445,0.907223,0.907223,1.81445,1.81445,0.907223,0.907223,0.907223,0.907223,0.907223,0.907223,1.06814,1.06814,1.06814,1.06814,40.1792,40.1792,40.1792,99.0984,99.0984,28.5012,40.1792,40.1792,28.5012,99.0984,99.0984,14.2506,14.2506,28.5012,28.5012,14.2506,14.2506,28.5012,28.5012,14.2506,14.2506,14.2506,14.2506,14.2506,14.2506,16.7783,16.7783,16.7783,16.7783,0,0,0,0,0,0,0,0,0,0,0,0,0,0,0,0,0,0,0,0,0,0,0,0,0,0,0,0,0,0,0,0,0,0,0,0,0,0,0,0,0,0,0,0,0,0,0,0,0,0,0,0,0,0,0,0,0,0,0,0,0,0,0,0,0,0,0,0,0,0,0,0,0,0,0,0,0,0,0,0,0,0,0,0,0,0,0,0,0,0,0,0,0,0,0,0,0,0,0,0,0,0,0,0,0,0,0,0,0,0,0,0,0,0,0,0,0,-0.0261577,0.00486352,0.0106265,0.0336882,-0.220047,0.085726,0.426569,-0.276345,0.0693973,0.0252099,-0.000874105,-0.0234894,-0.297065,-0.340155,-1.31565,0.888001,0.0948746,-0.0578958,-0.125414,-0.524799,-0.0914563,-0.65686,-0.0400827,1.71105,0.308115,0.294865,1.77025,-1.22604,-0.972878,0.0296587,-0.160893,-0.141256,-1.03238,-0.06867,-0.0219471,1.28976,-0.704151,-0.0705639,0.174222,-0.287352,0.52,0.239073,-0.087267,-0.0619519,-0.0103019,0.0304361,0.0375975,0.214775,0.387084,0.0110565,0.2618,0.0416098,-0.0401107,0.135132,0.103492,-0.321199,-0.000383363,0.574658,-0.00431329,-0.0489367,0.0219677,0.593,0.00465947,0.0260571,-0.999649,0.6,0,0,1.67717,1.23601,3
-1.69542,-0.0440001,9.84747,-0.141938,0.1512,0.59472,-0.0280083,0.00694518,0.019787,-1.69542,-0.0440001,9.84747,-0.141938,0.1512,0.59472,-0.0280083,0.00694518,0.019787,-1.09365,-0.010088,-0.079452,1.27246,-0.58822,-0.0629764,0.150897,-0.341684,0.52,0.291725,-0.087267,-0.125696,0.00700611,-0.0858547,0.0499362,0.183332,0.348734,-0.00143616,0.2618,0.0272515,-0.0619712,0.192895,0.122545,-0.344182,-0.0219118,0.583738,-0.00368354,-0.0392042,0.0238086,0,0,0,0,0,0,0,0,0,0,0,0,0,0,0,0,0,0,0,0,0,0,0,0,0,0,0,0,0,-0.43656,0.111407,-0.0243259,0.91699,-0.633028,0.0517956,-0.174679,0.215172,0.073613,0.318352,-0.130572,-0.0989393,0.0298769,-0.043726,-0.0230587,0.278681,0.229315,-0.0185138,0.305446,0.02936,-0.014174,0.107511,0.153018,-0.256445,0.0106709,0.663658,-0.00372264,-0.0197979,0.0194742,-3.71142,0.687747,-1.26184,6.6906,-1.05076,-2.02442,-0.12446,1.34875,-1.10535,-0.920698,0.381666,-0.595739,0.136553,-0.955896,0.636416,-0.0048371,0.121696,-0.0745689,0.090521,0.200561,-0.0770144,0.304727,-0.236437,-0.274391,-0.0936538,-0.428165,-0.0113816,-0.251193,0.0331457,-14.583,-9.1853,3.2436,-4.98491,-0.423135,0.192854,14.3016,-23.6197,14.7614,-1.84766,1.74397,1.06264,-0.746026,3.90263,0.542018,-0.935945,2.15038,0.999744,-1.39355,-0.00847226,-0.298842,0.132084,-0.495704,-0.67314,-0.074299,-1.05069,0.00233826,-0.231359,0.00662308,0,0,0,0,0,0,0,0,0,0,0,0,0,0,0,0,0,0,0,0,0,0,0,0,0,0,0,0,0,2.55789,2.55789,2.55789,6.3088,6.3088,1.81445,2.55789,2.55789,1.81445,6.3088,6.3088,0.907223,0.907223,1.81445,1.81445,0.907223,0.907223,1.81445,1.81445,0.907223,0.907223,0.907223,0.907223,0.907223,0.907223,1.06814,1.06814,1.06814,1.06814,40.1792,40.1792,40.1792,99.0984,99.0984,28.5012,40.1792,40.1792,28.5012,99.0984,99.0984,14.2506,14.2506,28.5012,28.5012,14.2506,14.2506,28.5012,28.5012,14.2506,14.2506,14.2506,14.2506,14.2506,14.2506,16.7783,16.7783,16.7783,16.7783,0,0,0,0,0,0,0,0,0,0,0,0,0,0,0,0,0,0,0,0,0,0,0,0,0,0,0,0,0,0,0,0,0,0,0,0,0,0,0,0,0,0,0,0,0,0,0,0,0,0,0,0,0,0,0,0,0,0,0,0,0,0,0,0,0,0,0,0,0,0,0,0,0,0,0,0,0,0,0,0,0,0,0,0,0,0,0,0,0,0,0,0,0,0,0,0,0,0,0,0,0,0,0,0,0,0,0,0,0,0,0,0,0,0,0,0,0,-0.0280083,0.00694518,0.019787,-0.0380048,-0.176605,0.113859,0.339129,-0.32875,-0.195757,-0.00327458,-0.0499612,0.0159746,-0.244813,-0.218284,-1.42754,0.845402,0.0621361,-0.0494429,-0.018424,-0.624027,-0.1413,-0.526225,-0.145106,1.66129,0.439819,0.319575,1.72092,-1.0759,-0.642273,0.105027,-0.143592,-0.286599,-1.09365,-0.010088,-0.079452,1.27246,-0.58822,-0.0629764,0.150897,-0.341684,0.52,0.291725,-0.087267,-0.125696,0.00700611,-0.0858547,0.0499362,0.183332,0.348734,-0.00143616,0.2618,0.0272515,-0.0619712,0.192895,0.122545,-0.344182,-0.0219118,0.583738,-0.00368354,-0.0392042,0.0238086,0.566,0.00694513,0.0280039,-0.999584,0.6,0,0,1.68887,1.24044,3
-1.75627,0.796128,9.48356,-0.118825,0.248709,0.734189,-0.0306086,0.0109735,0.0333256,-1.75627,0.796128,9.48356,-0.118825,0.248709,0.734189,-0.0306086,0.0109735,0.0333256,-1.12226,0.0411634,-0.0750091,1.2651,-0.492428,-0.0494853,0.1718,-0.339289,0.52,0.293072,-0.087267,-0.140337,0.0107765,-0.0692801,0.0933615,0.183278,0.317531,-0.0161789,0.2618,0.0182633,-0.0386509,0.2211,0.135933,-0.367212,-0.0420031,0.588887,-0.00203394,-0.0322708,0.0238208,0,0,0,0,0,0,0,0,0,0,0,0,0,0,0,0,0,0,0,0,0,0,0,0,0,0,0,0,0,-0.509577,0.115637,-0.0499164,1.02991,-0.621396,0.0193687,-0.183959,0.238849,0.0554189,0.308577,-0.127612,-0.110714,0.0272281,-0.0587176,-0.00842303,0.275801,0.231917,-0.0210507,0.309036,0.0294041,-0.0189837,0.125322,0.150104,-0.261492,0.00680205,0.654493,-0.00380525,-0.0230502,0.0208189,-3.46925,-0.0690605,-1.22464,4.81871,0.616016,-1.36856,-0.560026,1.08806,-0.765301,-0.258206,0.00605698,-0.588849,-0.312863,-0.636716,0.655745,-0.258394,0.0925994,-0.0775851,0.175797,-0.0481139,-0.277908,1.02582,-0.132594,-0.256574,-0.240768,-0.433191,-0.00041544,-0.129762,0.0623884,-14.7219,-4.99708,1.91234,-6.52226,-0.612808,0.143501,14.8654,-26.0635,14.6406,0.0885141,3.8153,0.305852,-0.0440492,0.381313,0.437759,-1.11391,1.57558,0.724062,-1.66976,0.0113625,-0.364629,0.0472601,-0.281652,-0.955112,-0.200558,-0.72527,0.00282205,-0.133219,-0.0184957,0,0,0,0,0,0,0,0,0,0,0,0,0,0,0,0,0,0,0,0,0,0,0,0,0,0,0,0,0,2.55789,2.55789,2.55789,6.3088,6.3088,1.81445,2.55789,2.55789,1.81445,6.3088,6.3088,0.907223,0.907223,1.81445,1.81445,0.907223,0.907223,1.81445,1.81445,0.907223,0.907223,0.907223,0.907223,0.907223,0.907223,1.06814,1.06814,1.06814,1.06814,40.1792,40.1792,40.1792,99.0984,99.0984,28.5012,40.1792,40.1792,28.5012,99.0984,99.0984,14.2506,14.2506,28.5012,28.5012,14.2506,14.2506,28.5012,28.5012,14.2506,14.2506,14.2506,14.2506,14.2506,14.2506,16.7783,16.7783,16.7783,16.7783,0,0,0,0,0,0,0,0,0,0,0,0,0,0,0,0,0,0,0,0,0,0,0,0,0,0,0,0,0,0,0,0,0,0,0,0,0,0,0,0,0,0,0,0,0,0,0,0,0,0,0,0,0,0,0,0,0,0,0,0,0,0,0,0,0,0,0,0,0,0,0,0,0,0,0,0,0,0,0,0,0,0,0,0,0,0,0,0,0,0,0,0,0,0,0,0,0,0,0,0,0,0,0,0,0,0,0,0,0,0,0,0,0,0,0,0,0,-0.0306086,0.0109735,0.0333256,-0.0381281,-0.146078,0.212874,0.267982,-0.38126,-0.157965,-0.0368894,-0.0957713,0.0245716,-0.143806,-0.149167,-1.4798,0.883579,0.0416421,-0.0273009,0.0751779,-0.619653,-0.0881278,-0.43316,-0.136991,1.63641,0.504131,0.319739,1.69992,-1.07205,-0.369097,0.22224,-0.112831,-0.319981,-1.12226,0.0411634,-0.0750091,1.2651,-0.492428,-0.0494853,0.1718,-0.339289,0.52,0.293072,-0.087267,-0.140337,0.0107765,-0.0692801,0.0933615,0.183278,0.317531,-0.0161789,0.2618,0.0182633,-0.0386509,0.2211,0.135933,-0.367212,-0.0420031,0.588887,-0.00203394,-0.0322708,0.0238208,0.626,0.0109733,0.030602,-0.999471,0.6,0,0,1.67877,1.23146,3
-0.931075,0.73809,9.58057,-0.0969335,0.26751,0.815421,-0.0325259,0.0164938,0.0489342,-0.931075,0.73809,9.58057,-0.0969335,0.26751,0.815421,-0.0325259,0.0164938,0.0489342,-1.122,0.0832212,-0.0767983,1.25446,-0.41376,-0.0498694,0.178957,-0.317545,0.52,0.291555,-0.087267,-0.134897,0.0018943,-0.0598031,0.132189,0.199097,0.280503,-0.0306027,0.2618,0.0166226,-0.0104938,0.205859,0.15224,-0.371397,-0.0537719,0.592758,-0.000696725,-0.0259909,0.0230103,0,0,0,0,0,0,0,0,0,0,0,0,0,0,0,0,0,0,0,0,0,0,0,0,0,0,0,0,0,-0.575591,0.113441,-0.0682912,1.10776,-0.586839,-0.000424957,-0.195257,0.259882,0.0434831,0.304339,-0.12868,-0.122371,0.0167633,-0.0700931,0.00473547,0.268907,0.233103,-0.0237228,0.311366,0.0265439,-0.0193015,0.149373,0.148154,-0.26662,0.000479715,0.648009,-0.00345968,-0.0238972,0.0221853,-3.11065,-0.109093,-0.693022,3.23035,1.58669,-0.808345,-0.492956,1.04106,-0.466415,-0.206297,-0.0880199,-0.568622,-0.667537,-0.53139,0.591077,-0.407009,0.00913321,-0.119383,0.0889225,-0.156908,0.0838651,1.16371,-0.0913189,-0.268693,-0.341554,-0.233545,0.0202186,0.00107565,0.0567084,-14.1333,-2.63719,1.55133,-4.98945,-0.669354,0.0718267,16.0377,-26.6575,14.4492,0.14107,4.59832,0.247206,0.478414,0.97049,1.43558,-0.873935,1.18493,0.440471,-1.57814,0.0229399,-0.345951,-0.0284822,-0.0967415,-1.20094,-0.304283,-0.730919,0.00248843,-0.136113,-0.0350884,0,0,0,0,0,0,0,0,0,0,0,0,0,0,0,0,0,0,0,0,0,0,0,0,0,0,0,0,0,2.55789,2.55789,2.55789,6.3088,6.3088,1.81445,2.55789,2.55789,1.81445,6.3088,6.3088,0.907223,0.907223,1.81445,1.81445,0.907223,0.907223,1.81445,1.81445,0.907223,0.907223,0.907223,0.907223,0.907223,0.907223,1.06814,1.06814,1.06814,1.06814,40.1792,40.1792,40.1792,99.0984,99.0984,28.5012,40.1792,40.1792,28.5012,99.0984,99.0984,14.2506,14.2506,28.5012,28.5012,14.2506,14.2506,28.5012,28.5012,14.2506,14.2506,14.2506,14.2506,14.2506,14.2506,16.7783,16.7783,16.7783,16.7783,0,0,0,0,0,0,0,0,0,0,0,0,0,0,0,0,0,0,0,0,0,0,0,0,0,0,0,0,0,0,0,0,0,0,0,0,0,0,0,0,0,0,0,0,0,0,0,0,0,0,0,0,0,0,0,0,0,0,0,0,0,0,0,0,0,0,0,0,0,0,0,0,0,0,0,0,0,0,0,0,0,0,0,0,0,0,0,0,0,0,0,0,0,0,0,0,0,0,0,0,0,0,0,0,0,0,0,0,0,0,0,0,0,0,0,0,0,-0.0325259,0.0164938,0.0489342,-0.002059,-0.108897,0.301404,0.183554,-0.390803,-0.136357,-0.0697772,-0.122605,0.0043192,-0.0618903,-0.0972061,-1.47932,0.896648,0.0379013,-0.00935191,0.151989,-0.579942,-0.023927,-0.348867,-0.140259,1.52592,0.46938,0.308859,1.66958,-1.07638,-0.144756,0.344001,-0.113707,-0.307579,-1.122,0.0832212,-0.0767983,1.25446,-0.41376,-0.0498694,0.178957,-0.317545,0.52,0.291555,-0.087267,-0.134897,0.0018943,-0.0598031,0.132189,0.199097,0.280503,-0.0306027,0.2618,0.0166226,-0.0104938,0.205859,0.15224,-0.371397,-0.0537719,0.592758,-0.000696725,-0.0259909,0.0230103,0.584,0.016493,0.0325158,-0.999335,0.6,0,0,1.67877,1.23146,3
-0.236541,0.676146,9.3954,-0.0879741,0.194139,0.84208,-0.0340439,0.0214772,0.0655946,-0.236541,0.676146,9.3954,-0.0879741,0.194139,0.84208,-0.0340439,0.0214772,0.0655946,-1.07592,0.0978606,-0.120459,1.18411,-0.328658,-0.0505815,0.126146,-0.331196,0.52,0.290316,-0.087267,-0.127568,-0.011801,-0.0833799,0.132997,0.211876,0.262707,-0.0270556,0.2618,0.0119137,0.00198417,0.178125,0.175115,-0.348576,-0.0434257,0.594878,8.29717e-05,-0.0249509,0.02724,0,0,0,0,0,0,0,0,0,0,0,0,0,0,0,0,0,0,0,0,0,0,0,0,0,0,0,0,0,-0.634057,0.11336,-0.0768267,1.15786,-0.54024,-0.0141154,-0.203317,0.281356,0.0377531,0.299466,-0.130597,-0.133323,-0.000437858,-0.0802552,0.0168701,0.260578,0.232044,-0.026695,0.311784,0.0235185,-0.0123728,0.166438,0.147455,-0.271904,-0.00727075,0.645162,-0.00284179,-0.022324,0.023091,-2.73616,0.0774756,-0.262215,2.00991,2.08943,-0.59224,-0.289973,1.10904,-0.150698,-0.270456,-0.105062,-0.532587,-0.986796,-0.498655,0.571378,-0.412896,-0.112556,-0.160296,0.00163163,-0.138414,0.413935,0.670635,-0.00795308,-0.268354,-0.392889,-0.0713915,0.0307711,0.108692,0.0319615,-12.7119,-1.37132,0.714713,-3.30984,-0.663949,0.0565056,16.1561,-26.7927,14.0563,0.84785,4.91358,0.448144,0.882624,1.46264,2.24914,-0.511001,0.777296,0.172371,-1.4306,0.0268498,-0.342949,-0.0528576,0.0762047,-1.18368,-0.3129,-0.790329,0.00318298,-0.1719,-0.0371616,0,0,0,0,0,0,0,0,0,0,0,0,0,0,0,0,0,0,0,0,0,0,0,0,0,0,0,0,0,2.55789,2.55789,2.55789,6.3088,6.3088,1.81445,2.55789,2.55789,1.81445,6.3088,6.3088,0.907223,0.907223,1.81445,1.81445,0.907223,0.907223,1.81445,1.81445,0.907223,0.907223,0.907223,0.907223,0.907223,0.907223,1.06814,1.06814,1.06814,1.06814,40.1792,40.1792,40.1792,99.0984,99.0984,28.5012,40.1792,40.1792,28.5012,99.0984,99.0984,14.2506,14.2506,28.5012,28.5012,14.2506,14.2506,28.5012,28.5012,14.2506,14.2506,14.2506,14.2506,14.2506,14.2506,16.7783,16.7783,16.7783,16.7783,0,0,0,0,0,0,0,0,0,0,0,0,0,0,0,0,0,0,0,0,0,0,0,0,0,0,0,0,0,0,0,0,0,0,0,0,0,0,0,0,0,0,0,0,0,0,0,0,0,0,0,0,0,0,0,0,0,0,0,0,0,0,0,0,0,0,0,0,0,0,0,0,0,0,0,0,0,0,0,0,0,0,0,0,0,0,0,0,0,0,0,0,0,0,0,0,0,0,0,0,0,0,0,0,0,0,0,0,0,0,0,0,0,0,0,0,0,-0.0340439,0.0214772,0.0655946,0.0270778,-0.0567409,0.303247,0.142979,-0.338767,-0.190114,-0.0616894,-0.0990148,-0.0269074,-0.0252673,-0.068749,-1.39517,0.800198,0.0271643,0.0011137,0.178726,-0.604874,0.00452411,-0.334908,-0.219997,1.36039,0.406142,0.365633,1.46897,-1.07991,0.0979364,0.462891,-0.115331,-0.290868,-1.07592,0.0978606,-0.120459,1.18411,-0.328658,-0.0505815,0.126146,-0.331196,0.52,0.290316,-0.087267,-0.127568,-0.011801,-0.0833799,0.132997,0.211876,0.262707,-0.0270556,0.2618,0.0119137,0.00198417,0.178125,0.175115,-0.348576,-0.0434257,0.594878,8.29717e-05,-0.0249509,0.02724,0.927,0.0214756,0.0340295,-0.99919,0.6,0,0,1.66116,1.22016,3
0.0621169,0.605822,9.20707,-0.0757397,0.121363,0.752089,-0.035782,0.0260882,0.0863772,0.0621169,0.605822,9.20707,-0.0757397,0.121363,0.752089,-0.035782,0.0260882,0.0863772,-1.02767,0.120347,-0.115941,1.07431,-0.218159,-0.0446329,0.0579542,-0.309376,0.498966,0.300357,-0.087267,-0.146084,-0.0305082,-0.112224,0.128833,0.199245,0.28019,-0.0105675,0.2618,0.0106552,-0.00589271,0.171116,0.174613,-0.326281,-0.033079,0.595836,-1.03848e-05,-0.0304578,0.0291824,0,0,0,0,0,0,0,0,0,0,0,0,0,0,0,0,0,0,0,0,0,0,0,0,0,0,0,0,0,-0.694623,0.114019,-0.0844673,1.18034,-0.469061,-0.0270548,-0.207522,0.310064,0.0386735,0.293497,-0.134399,-0.146243,-0.0293246,-0.0915095,0.0307131,0.251753,0.225977,-0.02856,0.311239,0.019248,-0.000438044,0.172211,0.148951,-0.277976,-0.0157056,0.644653,-0.00196097,-0.0193829,0.0245417,-2.04162,0.00933423,-0.373136,0.237879,2.29927,-0.405237,-0.0321919,1.1377,0.1561,-0.210538,-0.171482,-0.482579,-1.17097,-0.433286,0.471998,-0.25794,-0.309968,-0.0633313,-0.0365935,-0.148189,0.411713,0.0876787,0.100612,-0.21224,-0.251377,-0.00722736,0.0285487,0.104513,0.0566595,-10.1639,-0.665443,-0.554267,-1.45397,-0.614531,0.0681592,13.5477,-28.5603,13.4732,0.987071,5.69509,0.690343,1.27514,0.984307,2.05971,-0.327683,0.786947,0.151437,-1.34999,0.0300055,-0.340751,0.00249925,0.287189,-0.816095,-0.163359,-0.825936,0.00350305,-0.204353,-0.0143433,0,0,0,0,0,0,0,0,0,0,0,0,0,0,0,0,0,0,0,0,0,0,0,0,0,0,0,0,0,2.55789,2.55789,2.55789,6.3088,6.3088,1.81445,2.55789,2.55789,1.81445,6.3088,6.3088,0.907223,0.907223,1.81445,1.81445,0.907223,0.907223,1.81445,1.81445,0.907223,0.907223,0.907223,0.907223,0.907223,0.907223,1.06814,1.06814,1.06814,1.06814,40.1792,40.1792,40.1792,99.0984,99.0984,28.5012,40.1792,40.1792,28.5012,99.0984,99.0984,14.2506,14.2506,28.5012,28.5012,14.2506,14.2506,28.5012,28.5012,14.2506,14.2506,14.2506,14.2506,14.2506,14.2506,16.7783,16.7783,16.7783,16.7783,0,0,0,0,0,0,0,0,0,0,0,0,0,0,0,0,0,0,0,0,0,0,0,0,0,0,0,0,0,0,0,0,0,0,0,0,0,0,0,0,0,0,0,0,0,0,0,0,0,0,0,0,0,0,0,0,0,0,0,0,0,0,0,0,0,0,0,0,0,0,0,0,0,0,0,0,0,0,0,0,0,0,0,0,0,0,0,0,0,0,0,0,0,0,0,0,0,0,0,0,0,0,0,0,0,0,0,0,0,0,0,0,0,0,0,0,0,-0.035782,0.0260882,0.0863772,-0.00172135,-0.0578849,0.293752,0.182841,-0.287933,-0.255881,-0.0240949,-0.0754234,-0.0695618,-0.0375366,-0.0558939,-1.30705,0.675658,0.0242949,-0.000139392,0.219793,-0.565023,-0.013436,-0.408825,-0.211747,1.13769,0.390161,0.391705,1.15584,-1.05128,0.41305,0.58414,-0.101767,-0.333087,-1.02767,0.120347,-0.115941,1.07431,-0.218159,-0.0446329,0.0579542,-0.309376,0.498966,0.300357,-0.087267,-0.146084,-0.0305082,-0.112224,0.128833,0.199245,0.28019,-0.0105675,0.2618,0.0106552,-0.00589271,0.171116,0.174613,-0.326281,-0.033079,0.595836,-1.03848e-05,-0.0304578,0.0291824,0.659,0.0251761,0.0354148,-0.999055,0.6,0,0,1.66116,1.22016,3
0.394451,0.129144,9.30945,-0.0935151,0.0852161,0.640086,-0.0367835,0.027841,0.0959597,0.394451,0.129144,9.30945,-0.0935151,0.0852161,0.640086,-0.0367835,0.027841,0.0959597,-0.998297,0.143379,-0.102414,0.985491,-0.131771,-0.0247443,0.00367504,-0.305699,0.422788,0.286533,-0.087267,-0.188467,-0.0451416,-0.116865,0.129236,0.181102,0.317744,0.00815259,0.2618,0.0101286,-0.00751261,0.185153,0.1548,-0.319473,-0.0339479,0.594386,-0.000630642,-0.0396826,0.0308729,0,0,0,0,0,0,0,0,0,0,0,0,0,0,0,0,0,0,0,0,0,0,0,0,0,0,0,0,0,-0.719556,0.114846,-0.0880218,1.17212,-0.420556,-0.0311535,-0.208231,0.325651,0.0428129,0.29245,-0.137555,-0.15325,-0.0467393,-0.0961879,0.0374313,0.249101,0.221239,-0.0280757,0.311182,0.0172401,0.00362205,0.171947,0.150341,-0.279883,-0.0184569,0.645391,-0.00164447,-0.0187349,0.0253708,-1.59228,0.106861,-0.196674,-1.113,3.30211,-0.237936,-0.0544368,1.11286,0.384106,0.0025073,-0.254388,-0.512905,-1.28695,-0.290912,0.485232,-0.13576,-0.34819,0.0818341,0.00331474,-0.136964,0.226194,-0.05739,0.108122,-0.086232,-0.153097,0.0603563,0.0200885,0.0250257,0.0599018,-8.31225,-0.00739728,-0.63516,-3.62672,-0.877141,0.0527965,10.8488,-28.2541,12.3595,0.843589,6.508,0.550475,1.35753,0.053812,1.7474,-0.57548,1.14514,0.363485,-1.41903,0.0296683,-0.34602,0.0379754,0.255076,-0.574683,-0.0612802,-0.901625,0.00600915,-0.224401,0.00164454,0,0,0,0,0,0,0,0,0,0,0,0,0,0,0,0,0,0,0,0,0,0,0,0,0,0,0,0,0,2.55789,2.55789,2.55789,6.3088,6.3088,1.81445,2.55789,2.55789,1.81445,6.3088,6.3088,0.907223,0.907223,1.81445,1.81445,0.907223,0.907223,1.81445,1.81445,0.907223,0.907223,0.907223,0.907223,0.907223,0.907223,1.06814,1.06814,1.06814,1.06814,40.1792,40.1792,40.1792,99.0984,99.0984,28.5012,40.1792,40.1792,28.5012,99.0984,99.0984,14.2506,14.2506,28.5012,28.5012,14.2506,14.2506,28.5012,28.5012,14.2506,14.2506,14.2506,14.2506,14.2506,14.2506,16.7783,16.7783,16.7783,16.7783,0,0,0,0,0,0,0,0,0,0,0,0,0,0,0,0,0,0,0,0,0,0,0,0,0,0,0,0,0,0,0,0,0,0,0,0,0,0,0,0,0,0,0,0,0,0,0,0,0,0,0,0,0,0,0,0,0,0,0,0,0,0,0,0,0,0,0,0,0,0,0,0,0,0,0,0,0,0,0,0,0,0,0,0,0,0,0,0,0,0,0,0,0,0,0,0,0,0,0,0,0,0,0,0,0,0,0,0,0,0,0,0,0,0,0,0,0,-0.0367835,0.027841,0.0959597,-0.0430884,-0.10306,0.29467,0.268468,-0.272411,-0.266465,0.0185887,-0.0774046,-0.102927,-0.0486493,-0.0753506,-1.2534,0.576527,0.0230943,-0.00846489,0.261857,-0.558307,-0.0171295,-0.532646,-0.187042,0.963998,0.422166,0.414397,0.902554,-1.0907,0.659409,0.539804,-0.0564195,-0.429725,-0.998297,0.143379,-0.102414,0.985491,-0.131771,-0.0247443,0.00367504,-0.305699,0.422788,0.286533,-0.087267,-0.188467,-0.0451416,-0.116865,0.129236,0.181102,0.317744,0.00815259,0.2618,0.0101286,-0.00751261,0.185153,0.1548,-0.319473,-0.0339479,0.594386,-0.000630642,-0.0396826,0.0308729,0.693,0.0278375,0.036761,-0.998936,0.6,0,0,1.64662,1.21084,3
0.152242,0.159424,8.43827,-0.106041,0.0380847,0.481623,-0.0386007,0.0292685,0.106911,0.152242,0.159424,8.43827,-0.106041,0.0380847,0.481623,-0.0386007,0.0292685,0.106911,-1.02303,0.13748,-0.0977398,0.918242,-0.0774743,0.00119322,0.0286066,-0.33683,0.400423,0.266773,-0.087267,-0.202806,-0.0553971,-0.107448,0.135392,0.176404,0.315722,-0.00109107,0.2618,0.00834638,-0.0125533,0.191975,0.107839,-0.329468,-0.0462114,0.589582,-0.000696376,-0.0480502,0.0302414,0,0,0,0,0,0,0,0,0,0,0,0,0,0,0,0,0,0,0,0,0,0,0,0,0,0,0,0,0,-0.746791,0.118856,-0.0904493,1.13123,-0.342823,-0.030436,-0.209303,0.347931,0.0505523,0.292344,-0.142676,-0.164752,-0.0709774,-0.101476,0.0482923,0.248078,0.215123,-0.0248755,0.311497,0.0147882,0.00693786,0.17324,0.152602,-0.279288,-0.020718,0.647242,-0.00148416,-0.0200745,0.0268558,-1.23455,0.277794,-0.132554,-2.44742,3.42432,0.0969682,-0.0198326,1.15198,0.344813,-0.0400227,-0.254157,-0.601282,-1.11721,-0.309434,0.550867,0.00366864,-0.255545,0.192837,7.91078e-05,-0.10938,0.13568,0.118788,0.122025,0.0966366,-0.075429,0.0551737,0.00611528,-0.0893628,0.0729114,-7.0047,0.337482,-0.188016,0.361865,-0.730076,-0.0112791,8.64042,-29.0802,9.97814,-0.384112,7.03951,0.189741,1.37162,0.0696145,1.32554,-0.94948,1.69848,0.604242,-1.42734,0.0326802,-0.330641,0.0681352,-0.0749608,-0.648538,-0.114129,-0.95898,0.00799971,-0.236905,-0.00964454,0,0,0,0,0,0,0,0,0,0,0,0,0,0,0,0,0,0,0,0,0,0,0,0,0,0,0,0,0,2.55789,2.55789,2.55789,6.3088,6.3088,1.81445,2.55789,2.55789,1.81445,6.3088,6.3088,0.907223,0.907223,1.81445,1.81445,0.907223,0.907223,1.81445,1.81445,0.907223,0.907223,0.907223,0.907223,0.907223,0.907223,1.06814,1.06814,1.06814,1.06814,40.1792,40.1792,40.1792,99.0984,99.0984,28.5012,40.1792,40.1792,28.5012,99.0984,99.0984,14.2506,14.2506,28.5012,28.5012,14.2506,14.2506,28.5012,28.5012,14.2506,14.2506,14.2506,14.2506,14.2506,14.2506,16.7783,16.7783,16.7783,16.7783,0,0,0,0,0,0,0,0,0,0,0,0,0,0,0,0,0,0,0,0,0,0,0,0,0,0,0,0,0,0,0,0,0,0,0,0,0,0,0,0,0,0,0,0,0,0,0,0,0,0,0,0,0,0,0,0,0,0,0,0,0,0,0,0,0,0,0,0,0,0,0,0,0,0,0,0,0,0,0,0,0,0,0,0,0,0,0,0,0,0,0,0,0,0,0,0,0,0,0,0,0,0,0,0,0,0,0,0,0,0,0,0,0,0,0,0,0,-0.0386007,0.0292685,0.106911,-0.0538023,-0.210137,0.308707,0.263857,-0.2952,-0.244991,-0.00248775,-0.105367,-0.126311,-0.0427035,-0.13984,-1.29858,0.62206,0.0190306,-0.00934722,0.251084,-0.615162,-0.0286227,-0.644961,-0.178505,0.913003,0.437721,0.40592,0.710776,-1.14705,0.814249,0.619823,0.00272066,-0.462418,-1.02303,0.13748,-0.0977398,0.918242,-0.0774743,0.00119322,0.0286066,-0.33683,0.400423,0.266773,-0.087267,-0.202806,-0.0553971,-0.107448,0.135392,0.176404,0.315722,-0.00109107,0.2618,0.00834638,-0.0125533,0.191975,0.107839,-0.329468,-0.0462114,0.589582,-0.000696376,-0.0480502,0.0302414,0.642,0.0292643,0.0385746,-0.998827,0.6,0,0,1.6367,1.20277,3
0.0885465,-0.0319495,8.5443,-0.121619,0.0243807,0.345336,-0.0406529,0.030147,0.115002,0.0885465,-0.0319495,8.5443,-0.121619,0.0243807,0.345336,-0.0406529,0.030147,0.115002,-1.03537,0.119112,-0.125648,0.840678,-0.0384735,0.023817,0.0695616,-0.401758,0.404543,0.250493,-0.087267,-0.209164,-0.057584,-0.106827,0.144454,0.176982,0.299433,-0.0111896,0.2618,0.00462685,-0.0159301,0.191376,0.0722229,-0.346133,-0.0587931,0.585321,-0.000826422,-0.0516345,0.0299766,0,0,0,0,0,0,0,0,0,0,0,0,0,0,0,0,0,0,0,0,0,0,0,0,0,0,0,0,0,-0.769014,0.124807,-0.0939702,1.07454,-0.271134,-0.0227896,-0.20715,0.37132,0.0548582,0.28821,-0.147078,-0.177057,-0.0888859,-0.108987,0.058735,0.24889,0.212253,-0.0227006,0.311921,0.0125094,0.00825296,0.177227,0.153922,-0.275455,-0.0226611,0.649492,-0.0014451,-0.0230795,0.0282487,-1.0531,0.319634,-0.213134,-2.91668,3.13357,0.412344,0.193988,1.19678,0.113267,-0.300978,-0.212083,-0.613878,-0.725445,-0.439378,0.490743,0.0715068,-0.0688203,0.0720033,0.0068081,-0.102879,0.0374954,0.201514,0.0248005,0.24804,-0.0932478,0.112565,0.00270513,-0.148149,0.0595381,-7.58559,-0.264719,0.357522,2.4964,-0.614069,-0.0633606,9.03152,-31.395,9.61356,-0.348517,7.20585,0.174424,1.1443,0.788037,1.30397,-1.09123,1.54753,0.483741,-1.45091,0.0343964,-0.332957,0.0273835,-0.685368,-0.97978,-0.24924,-1.12909,0.0100248,-0.260845,-0.0307558,0,0,0,0,0,0,0,0,0,0,0,0,0,0,0,0,0,0,0,0,0,0,0,0,0,0,0,0,0,2.55789,2.55789,2.55789,6.3088,6.3088,1.81445,2.55789,2.55789,1.81445,6.3088,6.3088,0.907223,0.907223,1.81445,1.81445,0.907223,0.907223,1.81445,1.81445,0.907223,0.907223,0.907223,0.907223,0.907223,0.907223,1.06814,1.06814,1.06814,1.06814,40.1792,40.1792,40.1792,99.0984,99.0984,28.5012,40.1792,40.1792,28.5012,99.0984,99.0984,14.2506,14.2506,28.5012,28.5012,14.2506,14.2506,28.5012,28.5012,14.2506,14.2506,14.2506,14.2506,14.2506,14.2506,16.7783,16.7783,16.7783,16.7783,0,0,0,0,0,0,0,0,0,0,0,0,0,0,0,0,0,0,0,0,0,0,0,0,0,0,0,0,0,0,0,0,0,0,0,0,0,0,0,0,0,0,0,0,0,0,0,0,0,0,0,0,0,0,0,0,0,0,0,0,0,0,0,0,0,0,0,0,0,0,0,0,0,0,0,0,0,0,0,0,0,0,0,0,0,0,0,0,0,0,0,0,0,0,0,0,0,0,0,0,0,0,0,0,0,0,0,0,0,0,0,0,0,0,0,0,0,-0.0406529,0.030147,0.115002,-0.0524823,-0.291344,0.329368,0.226718,-0.333198,-0.243576,-0.0255134,-0.134054,-0.131297,-0.0476977,-0.197036,-1.32111,0.696857,0.0105497,-0.0110928,0.217537,-0.733742,-0.0363223,-0.693073,-0.229474,0.922398,0.436357,0.402366,0.489584,-1.19348,0.92547,0.747373,0.054305,-0.476915,-1.03537,0.119112,-0.125648,0.840678,-0.0384735,0.023817,0.0695616,-0.401758,0.404543,0.250493,-0.087267,-0.209164,-0.057584,-0.106827,0.144454,0.176982,0.299433,-0.0111896,0.2618,0.00462685,-0.0159301,0.191376,0.0722229,-0.346133,-0.0587931,0.585321,-0.000826422,-0.0516345,0.0299766,0.697,0.0301424,0.0406232,-0.99872,0.6,0,0,1.6367,1.20277,3
0.449354,-0.228445,9.06586,-0.156256,0.00781196,0.248058,-0.0432819,0.0308059,0.120772,0.449354,-0.228445,9.06586,-0.156256,0.00781196,0.248058,-0.0432819,0.0308059,0.120772,-1.03623,0.0835365,-0.160288,0.751092,-0.00709669,0.0476988,0.103801,-0.464475,0.415095,0.237056,-0.0540005,-0.197749,-0.0526099,-0.121225,0.142684,0.172788,0.283081,-0.013785,0.2618,-0.00201974,-0.012888,0.18832,0.0511113,-0.369216,-0.068646,0.582422,-0.00126398,-0.0508853,0.0314663,0,0,0,0,0,0,0,0,0,0,0,0,0,0,0,0,0,0,0,0,0,0,0,0,0,0,0,0,0,-0.786454,0.128444,-0.101182,1.01045,-0.208112,-0.010842,-0.199679,0.394429,0.0543795,0.279042,-0.151109,-0.189113,-0.0983444,-0.11823,0.0667413,0.250371,0.212288,-0.0224973,0.312729,0.0099562,0.00825968,0.180783,0.152834,-0.26909,-0.0250287,0.652884,-0.00145946,-0.0259441,0.0294081,-0.787809,0.0982065,-0.456696,-3.22805,2.74179,0.585833,0.468507,1.13685,-0.11174,-0.53058,-0.211976,-0.591124,-0.307382,-0.477948,0.361382,0.0897094,0.0428397,-0.018761,0.033164,-0.121348,-0.00449965,0.146437,-0.0960906,0.354144,-0.111879,0.172205,0.000117796,-0.118149,0.049855,-8.03649,-0.639802,0.11931,3.15133,-0.522767,-0.0738027,9.68818,-34.806,10.1515,0.388393,7.5838,0.235875,0.875408,1.15854,1.57068,-1.12118,1.21069,0.350953,-1.51902,0.034313,-0.34094,0.0158143,-1.0692,-1.40491,-0.377752,-1.31852,0.0107721,-0.302809,-0.044207,0,0,0,0,0,0,0,0,0,0,0,0,0,0,0,0,0,0,0,0,0,0,0,0,0,0,0,0,0,2.55789,2.55789,2.55789,6.3088,6.3088,1.81445,2.55789,2.55789,1.81445,6.3088,6.3088,0.907223,0.907223,1.81445,1.81445,0.907223,0.907223,1.81445,1.81445,0.907223,0.907223,0.907223,0.907223,0.907223,0.907223,1.06814,1.06814,1.06814,1.06814,40.1792,40.1792,40.1792,99.0984,99.0984,28.5012,40.1792,40.1792,28.5012,99.0984,99.0984,14.2506,14.2506,28.5012,28.5012,14.2506,14.2506,28.5012,28.5012,14.2506,14.2506,14.2506,14.2506,14.2506,14.2506,16.7783,16.7783,16.7783,16.7783,0,0,0,0,0,0,0,0,0,0,0,0,0,0,0,0,0,0,0,0,0,0,0,0,0,0,0,0,0,0,0,0,0,0,0,0,0,0,0,0,0,0,0,0,0,0,0,0,0,0,0,0,0,0,0,0,0,0,0,0,0,0,0,0,0,0,0,0,0,0,0,0,0,0,0,0,0,0,0,0,0,0,0,0,0,0,0,0,0,0,0,0,0,0,0,0,0,0,0,0,0,0,0,0,0,0,0,0,0,0,0,0,0,0,0,0,0,-0.0432819,0.0308059,0.120772,-0.0620464,-0.339481,0.325334,0.189432,-0.385829,-0.276406,-0.0314311,-0.15652,-0.119956,-0.0663067,-0.235942,-1.32267,0.75939,-0.00460521,-0.016966,0.152565,-0.848283,-0.029386,-0.683017,-0.292738,0.946458,0.429388,0.422362,0.234107,-1.2318,1.01495,0.88119,0.108758,-0.450887,-1.03623,0.0835365,-0.160288,0.751092,-0.00709669,0.0476988,0.103801,-0.464475,0.415095,0.237056,-0.0540005,-0.197749,-0.0526099,-0.121225,0.142684,0.172788,0.283081,-0.013785,0.2618,-0.00201974,-0.012888,0.18832,0.0511113,-0.369216,-0.068646,0.582422,-0.00126398,-0.0508853,0.0314663,0.917,0.030801,0.0432479,-0.99859,0.6,0,0,1.62925,1.19415,3
0.706593,-0.318803,9.57746,-0.188373,-0.0134809,0.191988,-0.0466208,0.0310632,0.125076,0.706593,-0.318803,9.57746,-0.188373,-0.0134809,0.191988,-0.0466208,0.0310632,0.125076,-1.01419,0.0557608,-0.181521,0.653853,0.0263753,0.0693841,0.114879,-0.510553,0.411123,0.216489,-0.014788,-0.188788,-0.0446837,-0.132361,0.134882,0.157665,0.272312,-0.0117261,0.2618,-0.00834259,-0.0120318,0.1848,0.029634,-0.384953,-0.0731713,0.58,-0.00171217,-0.0489751,0.0347274,0,0,0,0,0,0,0,0,0,0,0,0,0,0,0,0,0,0,0,0,0,0,0,0,0,0,0,0,0,-0.797654,0.125954,-0.114682,0.939648,-0.153546,0.00430356,-0.186305,0.415697,0.0505922,0.264459,-0.154287,-0.200379,-0.100363,-0.127496,0.0721618,0.251723,0.21305,-0.0227029,0.314139,0.00646482,0.00888067,0.182578,0.149742,-0.261572,-0.0271636,0.656789,-0.00156788,-0.0274871,0.0307292,-0.464055,-0.250114,-0.797024,-3.56369,2.36538,0.729227,0.752096,1.0219,-0.215608,-0.811459,-0.148309,-0.543799,0.00602061,-0.440986,0.253895,0.0702932,0.0353812,-0.011483,0.0652897,-0.173794,0.0575461,0.0636602,-0.175415,0.376296,-0.082979,0.177816,-0.00549886,-0.0488669,0.0656423,-8.42804,-1.11645,0.116892,3.38277,-0.447546,-0.0844034,9.80668,-37.9076,10.7698,2.23483,10.8148,0.517679,0.685706,0.965273,1.56866,-1.18418,0.96745,0.272742,-1.61646,0.0363367,-0.35947,0.0229522,-1.25231,-1.86621,-0.511661,-1.44153,0.0110207,-0.338537,-0.0571404,0,0,0,0,0,0,0,0,0,0,0,0,0,0,0,0,0,0,0,0,0,0,0,0,0,0,0,0,0,2.55789,2.55789,2.55789,6.3088,6.3088,1.81445,2.55789,2.55789,1.81445,6.3088,6.3088,0.907223,0.907223,1.81445,1.81445,0.907223,0.907223,1.81445,1.81445,0.907223,0.907223,0.907223,0.907223,0.907223,0.907223,1.06814,1.06814,1.06814,1.06814,40.1792,40.1792,40.1792,99.0984,99.0984,28.5012,40.1792,40.1792,28.5012,99.0984,99.0984,14.2506,14.2506,28.5012,28.5012,14.2506,14.2506,28.5012,28.5012,14.2506,14.2506,14.2506,14.2506,14.2506,14.2506,16.7783,16.7783,16.7783,16.7783,0,0,0,0,0,0,0,0,0,0,0,0,0,0,0,0,0,0,0,0,0,0,0,0,0,0,0,0,0,0,0,0,0,0,0,0,0,0,0,0,0,0,0,0,0,0,0,0,0,0,0,0,0,0,0,0,0,0,0,0,0,0,0,0,0,0,0,0,0,0,0,0,0,0,0,0,0,0,0,0,0,0,0,0,0,0,0,0,0,0,0,0,0,0,0,0,0,0,0,0,0,0,0,0,0,0,0,0,0,0,0,0,0,0,0,0,0,-0.0466208,0.0310632,0.125076,-0.0965289,-0.388451,0.307544,0.164879,-0.421712,-0.301795,-0.0267367,-0.166838,-0.101883,-0.0982171,-0.268455,-1.28243,0.779622,-0.0190219,-0.0229819,0.101838,-0.932437,-0.0274336,-0.657376,-0.331518,0.9374,0.421363,0.466134,-0.0431963,-1.29045,1.1104,0.993015,0.158203,-0.430456,-1.01419,0.0557608,-0.181521,0.653853,0.0263753,0.0693841,0.114879,-0.510553,0.411123,0.216489,-0.014788,-0.188788,-0.0446837,-0.132361,0.134882,0.157665,0.272312,-0.0117261,0.2618,-0.00834259,-0.0120318,0.1848,0.029634,-0.384953,-0.0731713,0.58,-0.00171217,-0.0489751,0.0347274,0.856,0.0310582,0.0465814,-0.998432,0.6,0,0,1.62925,1.19415,3
0.803985,-0.535786,9.73086,-0.237108,-0.0299421,0.15102,-0.0512473,0.0309128,0.128798,0.803985,-0.535786,9.73086,-0.237108,-0.0299421,0.15102,-0.0512473,0.0309128,0.128798,-1.00399,0.0335193,-0.19804,0.569525,0.0503439,0.095791,0.135918,-0.558544,0.419173,0.202831,0.0188584,-0.160621,-0.0389192,-0.152358,0.12936,0.142519,0.262519,-0.0108832,0.2618,-0.0150225,-0.00843101,0.191522,0.0112473,-0.406466,-0.0801175,0.578401,-0.00244796,-0.0457333,0.0375614,0,0,0,0,0,0,0,0,0,0,0,0,0,0,0,0,0,0,0,0,0,0,0,0,0,0,0,0,0,-0.802191,0.116595,-0.134712,0.853654,-0.100709,0.0230403,-0.165632,0.436053,0.0462799,0.241871,-0.15581,-0.21203,-0.0974698,-0.135359,0.0763017,0.252455,0.213137,-0.0219958,0.316417,0.00172156,0.010457,0.182845,0.144742,-0.253323,-0.0283626,0.660957,-0.00179183,-0.0276681,0.0328358,-0.129906,-0.499271,-0.940372,-3.86277,2.0442,0.783821,0.988599,0.872206,-0.147225,-1.09751,-0.0518239,-0.518644,0.166999,-0.284836,0.204483,0.0290568,-0.00768543,0.0389568,0.0850709,-0.203627,0.0840715,0.000746222,-0.238977,0.357346,-0.0177445,0.152972,-0.00999123,0.0116071,0.0970782,-8.21503,-1.20921,0.471948,4.251,-0.327846,-0.102492,8.8091,-40.2089,10.6841,4.22776,14.2581,0.788182,0.601665,0.612189,1.3269,-1.37529,0.850006,0.221413,-1.72104,0.0413877,-0.396101,0.0273838,-1.42972,-2.19436,-0.616631,-1.53002,0.0119145,-0.369873,-0.0708302,0,0,0,0,0,0,0,0,0,0,0,0,0,0,0,0,0,0,0,0,0,0,0,0,0,0,0,0,0,2.55789,2.55789,2.55789,6.3088,6.3088,1.81445,2.55789,2.55789,1.81445,6.3088,6.3088,0.907223,0.907223,1.81445,1.81445,0.907223,0.907223,1.81445,1.81445,0.907223,0.907223,0.907223,0.907223,0.907223,0.907223,1.06814,1.06814,1.06814,1.06814,40.1792,40.1792,40.1792,99.0984,99.0984,28.5012,40.1792,40.1792,28.5012,99.0984,99.0984,14.2506,14.2506,28.5012,28.5012,14.2506,14.2506,28.5012,28.5012,14.2506,14.2506,14.2506,14.2506,14.2506,14.2506,16.7783,16.7783,16.7783,16.7783,0,0,0,0,0,0,0,0,0,0,0,0,0,0,0,0,0,0,0,0,0,0,0,0,0,0,0,0,0,0,0,0,0,0,0,0,0,0,0,0,0,0,0,0,0,0,0,0,0,0,0,0,0,0,0,0,0,0,0,0,0,0,0,0,0,0,0,0,0,0,0,0,0,0,0,0,0,0,0,0,0,0,0,0,0,0,0,0,0,0,0,0,0,0,0,0,0,0,0,0,0,0,0,0,0,0,0,0,0,0,0,0,0,0,0,0,0,-0.0512473,0.0309128,0.128798,-0.131062,-0.430375,0.294955,0.142549,-0.470762,-0.347392,-0.0248149,-0.182676,-0.0887397,-0.127892,-0.289919,-1.26379,0.818045,-0.0342528,-0.0328581,0.0612173,-1.02009,-0.0192235,-0.613863,-0.361687,0.955757,0.436689,0.504174,-0.283679,-1.3294,1.17875,1.08897,0.218413,-0.366232,-1.00399,0.0335193,-0.19804,0.569525,0.0503439,0.095791,0.135918,-0.558544,0.419173,0.202831,0.0188584,-0.160621,-0.0389192,-0.152358,0.12936,0.142519,0.262519,-0.0108832,0.2618,-0.0150225,-0.00843101,0.191522,0.0112473,-0.406466,-0.0801175,0.578401,-0.00244796,-0.0457333,0.0375614,0.803,0.0309078,0.0512004,-0.99821,0.6,0,0,1.62303,1.18389,3
0.768243,-0.562247,9.9819,-0.264363,-0.0265532,0.11854,-0.056241,0.030603,0.131507,0.768243,-0.562247,9.9819,-0.264363,-0.0265532,0.11854,-0.056241,0.030603,0.131507,-0.968209,0.0246415,-0.208142,0.487025,0.074412,0.10905,0.147393,-0.573413,0.414205,0.187876,0.0295101,-0.147421,-0.0357383,-0.161333,0.130496,0.129762,0.264788,-0.00657392,0.2618,-0.020057,-0.0114175,0.200118,0.00160119,-0.412,-0.0821456,0.578317,-0.00266671,-0.0436159,0.0395985,0,0,0,0,0,0,0,0,0,0,0,0,0,0,0,0,0,0,0,0,0,0,0,0,0,0,0,0,0,-0.80121,0.104948,-0.153628,0.773501,-0.0597861,0.0421602,-0.143462,0.451751,0.0452922,0.217224,-0.155682,-0.221727,-0.0937032,-0.139043,0.0796474,0.252113,0.212361,-0.0209327,0.318609,-0.00316955,0.0126427,0.184235,0.139096,-0.246763,-0.028468,0.663819,-0.00214495,-0.0267798,0.0352648,0.0917681,-0.611538,-0.922176,-3.89553,1.76909,0.905284,1.13046,0.731051,0.0449435,-1.26906,0.0216863,-0.465793,0.166468,-0.105454,0.18839,-0.0321244,-0.0582941,0.0570576,0.095363,-0.234525,0.123786,0.0925079,-0.299685,0.291386,0.0137833,0.109314,-0.0176821,0.0563216,0.120478,-8.40169,-1.34853,0.53712,4.05915,-0.278863,-0.114212,8.40524,-42.4246,10.6187,6.37449,17.1416,1.28135,0.62365,-0.164008,1.10475,-1.53403,0.764006,0.184496,-1.80008,0.043437,-0.410508,0.0222937,-1.55992,-2.54014,-0.744397,-1.55842,0.0136843,-0.377782,-0.0889691,0,0,0,0,0,0,0,0,0,0,0,0,0,0,0,0,0,0,0,0,0,0,0,0,0,0,0,0,0,2.55789,2.55789,2.55789,6.3088,6.3088,1.81445,2.55789,2.55789,1.81445,6.3088,6.3088,0.907223,0.907223,1.81445,1.81445,0.907223,0.907223,1.81445,1.81445,0.907223,0.907223,0.907223,0.907223,0.907223,0.907223,1.06814,1.06814,1.06814,1.06814,40.1792,40.1792,40.1792,99.0984,99.0984,28.5012,40.1792,40.1792,28.5012,99.0984,99.0984,14.2506,14.2506,28.5012,28.5012,14.2506,14.2506,28.5012,28.5012,14.2506,14.2506,14.2506,14.2506,14.2506,14.2506,16.7783,16.7783,16.7783,16.7783,0,0,0,0,0,0,0,0,0,0,0,0,0,0,0,0,0,0,0,0,0,0,0,0,0,0,0,0,0,0,0,0,0,0,0,0,0,0,0,0,0,0,0,0,0,0,0,0,0,0,0,0,0,0,0,0,0,0,0,0,0,0,0,0,0,0,0,0,0,0,0,0,0,0,0,0,0,0,0,0,0,0,0,0,0,0,0,0,0,0,0,0,0,0,0,0,0,0,0,0,0,0,0,0,0,0,0,0,0,0,0,0,0,0,0,0,0,-0.056241,0.030603,0.131507,-0.16015,-0.452369,0.297544,0.147724,-0.483382,-0.367856,-0.0149892,-0.1873,-0.081487,-0.158219,-0.291038,-1.19845,0.839003,-0.045732,-0.0357943,0.0450034,-1.04724,-0.0260331,-0.585442,-0.380137,0.944429,0.456288,0.531518,-0.518947,-1.37205,1.24739,1.11934,0.248646,-0.336135,-0.968209,0.0246415,-0.208142,0.487025,0.074412,0.10905,0.147393,-0.573413,0.414205,0.187876,0.0295101,-0.147421,-0.0357383,-0.161333,0.130496,0.129762,0.264788,-0.00657392,0.2618,-0.020057,-0.0114175,0.200118,0.00160119,-0.412,-0.0821456,0.578317,-0.00266671,-0.0436159,0.0395985,0.761,0.0305982,0.056185,-0.997951,0.6,0,0,1.62303,1.18389,3
0.946821,-0.697761,9.9251,-0.291576,-0.0179602,0.0803696,-0.0618234,0.0304653,0.133496,0.946821,-0.697761,9.9251,-0.291576,-0.0179602,0.0803696,-0.0618234,0.0304653,0.133496,-0.913556,0.00734786,-0.204778,0.41884,0.0879292,0.118356,0.156013,-0.573837,0.401178,0.183799,0.044704,-0.124763,-0.0367809,-0.177243,0.130375,0.118747,0.268635,0.00107124,0.2618,-0.0243408,-0.0140777,0.202463,0.00161768,-0.402558,-0.0772543,0.578729,-0.00306967,-0.0412724,0.0411562,0,0,0,0,0,0,0,0,0,0,0,0,0,0,0,0,0,0,0,0,0,0,0,0,0,0,0,0,0,-0.795341,0.0922678,-0.170568,0.692753,-0.0235129,0.0603427,-0.118853,0.464418,0.0490448,0.19072,-0.15482,-0.230908,-0.0910355,-0.138506,0.0824703,0.250551,0.210899,-0.0193831,0.320889,-0.00826459,0.0143148,0.1875,0.132214,-0.241463,-0.0282017,0.665796,-0.00250405,-0.0254411,0.0377875,0.338766,-0.628379,-0.786001,-3.90854,1.5682,0.822141,1.23809,0.575735,0.301171,-1.31874,0.0401456,-0.456206,0.0836116,0.116528,0.166127,-0.0887107,-0.0776895,0.0833256,0.0909575,-0.237284,0.0697263,0.180345,-0.356456,0.230326,0.0235558,0.0618724,-0.0162056,0.068135,0.118656,-7.8185,-1.1441,0.480259,3.99652,-0.218629,-0.10516,7.60341,-43.1474,9.9222,7.85193,17.9914,1.5903,0.701128,-0.825813,1.10117,-1.6427,0.836707,0.216825,-1.86026,0.0471347,-0.430937,0.0189543,-1.54814,-2.64115,-0.787135,-1.54443,0.0145281,-0.378317,-0.0955807,0,0,0,0,0,0,0,0,0,0,0,0,0,0,0,0,0,0,0,0,0,0,0,0,0,0,0,0,0,2.55789,2.55789,2.55789,6.3088,6.3088,1.81445,2.55789,2.55789,1.81445,6.3088,6.3088,0.907223,0.907223,1.81445,1.81445,0.907223,0.907223,1.81445,1.81445,0.907223,0.907223,0.907223,0.907223,0.907223,0.907223,1.06814,1.06814,1.06814,1.06814,40.1792,40.1792,40.1792,99.0984,99.0984,28.5012,40.1792,40.1792,28.5012,99.0984,99.0984,14.2506,14.2506,28.5012,28.5012,14.2506,14.2506,28.5012,28.5012,14.2506,14.2506,14.2506,14.2506,14.2506,14.2506,16.7783,16.7783,16.7783,16.7783,0,0,0,0,0,0,0,0,0,0,0,0,0,0,0,0,0,0,0,0,0,0,0,0,0,0,0,0,0,0,0,0,0,0,0,0,0,0,0,0,0,0,0,0,0,0,0,0,0,0,0,0,0,0,0,0,0,0,0,0,0,0,0,0,0,0,0,0,0,0,0,0,0,0,0,0,0,0,0,0,0,0,0,0,0,0,0,0,0,0,0,0,0,0,0,0,0,0,0,0,0,0,0,0,0,0,0,0,0,0,0,0,0,0,0,0,0,-0.0618234,0.0304653,0.133496,-0.185265,-0.452331,0.297268,0.156494,-0.461851,-0.404133,0.00244253,-0.176148,-0.0838642,-0.192727,-0.285514,-1.09864,0.854746,-0.0554994,-0.0412031,0.0134196,-1.04802,-0.0320985,-0.553986,-0.373992,0.914725,0.461635,0.552426,-0.713396,-1.38367,1.28594,1.16267,0.269864,-0.284471,-0.913556,0.00734786,-0.204778,0.41884,0.0879292,0.118356,0.156013,-0.573837,0.401178,0.183799,0.044704,-0.124763,-0.0367809,-0.177243,0.130375,0.118747,0.268635,0.00107124,0.2618,-0.0243408,-0.0140777,0.202463,0.00161768,-0.402558,-0.0772543,0.578729,-0.00306967,-0.0412724,0.0411562,1.214,0.0304606,0.0617553,-0.997626,0.6,0,0,1.61931,1.17247,3
1.02057,-0.74317,9.81621,-0.298041,0.00961591,0.0420012,-0.0677601,0.0307705,0.134688,1.02057,-0.74317,9.81621,-0.298041,0.00961591,0.0420012,-0.0677601,0.0307705,0.134688,-0.856028,-0.0156624,-0.187599,0.367501,0.0901735,0.126607,0.17044,-0.557746,0.384276,0.18843,0.0641259,-0.0885801,-0.0406591,-0.181666,0.123719,0.111521,0.272331,0.0100691,0.2618,-0.027995,-0.0133696,0.199877,0.00412753,-0.390091,-0.0716477,0.579037,-0.00354494,-0.0389526,0.0424014,0,0,0,0,0,0,0,0,0,0,0,0,0,0,0,0,0,0,0,0,0,0,0,0,0,0,0,0,0,-0.784277,0.0799696,-0.183902,0.613965,0.00660865,0.0762823,-0.092026,0.474051,0.0579632,0.164684,-0.154136,-0.239799,-0.0904837,-0.13384,0.0839149,0.247604,0.209149,-0.01675,0.322835,-0.013217,0.0149364,0.190877,0.124321,-0.237367,-0.0276656,0.666268,-0.00286318,-0.0240166,0.0399845,0.597449,-0.597887,-0.585442,-3.74733,1.29505,0.713147,1.34546,0.424942,0.550211,-1.25614,0.0162587,-0.438483,-0.0279939,0.306299,0.0808664,-0.164506,-0.0826512,0.141182,0.0740875,-0.228485,0.0204778,0.160079,-0.399175,0.173822,0.0386219,-0.0219398,-0.0166034,0.0647666,0.10026,-6.71341,-1.42221,0.656446,4.10706,-0.13503,-0.0968817,6.60092,-43.1784,8.85243,9.66968,19.565,2.02449,0.777624,-1.7532,1.20863,-1.69106,0.923113,0.255694,-1.88452,0.0487508,-0.433311,0.0216231,-1.39601,-2.51423,-0.738252,-1.45792,0.0141991,-0.360696,-0.0866299,0,0,0,0,0,0,0,0,0,0,0,0,0,0,0,0,0,0,0,0,0,0,0,0,0,0,0,0,0,2.55789,2.55789,2.55789,6.3088,6.3088,1.81445,2.55789,2.55789,1.81445,6.3088,6.3088,0.907223,0.907223,1.81445,1.81445,0.907223,0.907223,1.81445,1.81445,0.907223,0.907223,0.907223,0.907223,0.907223,0.907223,1.06814,1.06814,1.06814,1.06814,40.1792,40.1792,40.1792,99.0984,99.0984,28.5012,40.1792,40.1792,28.5012,99.0984,99.0984,14.2506,14.2506,28.5012,28.5012,14.2506,14.2506,28.5012,28.5012,14.2506,14.2506,14.2506,14.2506,14.2506,14.2506,16.7783,16.7783,16.7783,16.7783,0,0,0,0,0,0,0,0,0,0,0,0,0,0,0,0,0,0,0,0,0,0,0,0,0,0,0,0,0,0,0,0,0,0,0,0,0,0,0,0,0,0,0,0,0,0,0,0,0,0,0,0,0,0,0,0,0,0,0,0,0,0,0,0,0,0,0,0,0,0,0,0,0,0,0,0,0,0,0,0,0,0,0,0,0,0,0,0,0,0,0,0,0,0,0,0,0,0,0,0,0,0,0,0,0,0,0,0,0,0,0,0,0,0,0,0,0,-0.0677601,0.0307705,0.134688,-0.201742,-0.446609,0.282091,0.164922,-0.433427,-0.414216,0.0229585,-0.163364,-0.0927068,-0.226854,-0.281376,-0.993574,0.881093,-0.0638315,-0.0475825,-0.0286047,-1.01863,-0.0304841,-0.522847,-0.342618,0.876187,0.45574,0.56914,-0.859802,-1.37047,1.29234,1.21806,0.288678,-0.201972,-0.856028,-0.0156624,-0.187599,0.367501,0.0901735,0.126607,0.17044,-0.557746,0.384276,0.18843,0.0641259,-0.0885801,-0.0406591,-0.181666,0.123719,0.111521,0.272331,0.0100691,0.2618,-0.027995,-0.0133696,0.199877,0.00412753,-0.390091,-0.0716477,0.579037,-0.00354494,-0.0389526,0.0424014,0.831,0.0307656,0.0676762,-0.997233,0.6,0,0,1.61681,1.16024,3
0.255046,-3.98895,14.2903,-0.352531,0.0926096,0.00444054,-0.0739717,0.0320775,0.135043,0.255046,-3.98895,14.2903,-0.352531,0.0926096,0.00444054,-0.0739717,0.0320775,0.135043,-0.802647,-0.0474349,-0.15415,0.310774,0.0960187,0.125266,0.185922,-0.504322,0.345074,0.205497,0.0910899,-0.041855,-0.0497247,-0.192197,0.111585,0.0983222,0.283447,0.0176891,0.2618,-0.0294696,-0.0191934,0.195974,0.00272398,-0.377912,-0.0617344,0.578673,-0.00372508,-0.0395748,0.0414061,0,0,0,0,0,0,0,0,0,0,0,0,0,0,0,0,0,0,0,0,0,0,0,0,0,0,0,0,0,-0.769272,0.0672685,-0.193997,0.5497,0.0405779,0.0910244,-0.0631516,0.479891,0.071631,0.141088,-0.154409,-0.248288,-0.0921434,-0.124631,0.0825995,0.242698,0.20773,-0.0126208,0.324521,-0.017842,0.015225,0.192858,0.115286,-0.233685,-0.0270261,0.665677,-0.00325301,-0.0228276,0.0417497,0.674015,-0.823584,-0.682189,-1.70197,2.34644,0.837694,1.41065,0.0791388,0.811734,-1.06866,-0.0526351,-0.431094,-0.144613,0.733336,-0.0915841,-0.303072,-0.014425,0.23237,0.131752,-0.210926,0.0149725,0.0803078,-0.496679,0.255524,0.0229442,0.0458207,-0.0196697,0.0469522,0.073585,-5.19207,-1.4194,1.82525,-4.98324,-10.2387,-0.379197,5.83464,-42.0728,7.56175,11.4307,21.9141,2.64932,0.839954,-2.73531,1.34886,-1.61091,0.95419,0.244166,-1.98879,0.046643,-0.418211,0.0285779,-1.15736,-2.42441,-0.657415,-1.46584,0.015696,-0.319467,-0.0694947,0,0,0,0,0,0,0,0,0,0,0,0,0,0,0,0,0,0,0,0,0,0,0,0,0,0,0,0,0,2.55789,2.55789,2.55789,6.3088,6.3088,1.81445,2.55789,2.55789,1.81445,6.3088,6.3088,0.907223,0.907223,1.81445,1.81445,0.907223,0.907223,1.81445,1.81445,0.907223,0.907223,0.907223,0.907223,0.907223,0.907223,1.06814,1.06814,1.06814,1.06814,40.1792,40.1792,40.1792,99.0984,99.0984,28.5012,40.1792,40.1792,28.5012,99.0984,99.0984,14.2506,14.2506,28.5012,28.5012,14.2506,14.2506,28.5012,28.5012,14.2506,14.2506,14.2506,14.2506,14.2506,14.2506,16.7783,16.7783,16.7783,16.7783,0,0,0,0,0,0,0,0,0,0,0,0,0,0,0,0,0,0,0,0,0,0,0,0,0,0,0,0,0,0,0,0,0,0,0,0,0,0,0,0,0,0,0,0,0,0,0,0,0,0,0,0,0,0,0,0,0,0,0,0,0,0,0,0,0,0,0,0,0,0,0,0,0,0,0,0,0,0,0,0,0,0,0,0,0,0,0,0,0,0,0,0,0,0,0,0,0,0,0,0,0,0,0,0,0,0,0,0,0,0,0,0,0,0,0,0,0,-0.0739717,0.0320775,0.135043,-0.231835,-0.449809,0.254425,0.190267,-0.405658,-0.438227,0.0403329,-0.140761,-0.113377,-0.270101,-0.286272,-0.896083,0.90937,-0.0671935,-0.0500005,-0.0866317,-0.921059,-0.0437628,-0.531199,-0.281529,0.786802,0.446841,0.55578,-1.02157,-1.3218,1.30901,1.29495,0.28562,-0.0954335,-0.802647,-0.0474349,-0.15415,0.310774,0.0960187,0.125266,0.185922,-0.504322,0.345074,0.205497,0.0910899,-0.041855,-0.0497247,-0.192197,0.111585,0.0983222,0.283447,0.0176891,0.2618,-0.0294696,-0.0191934,0.195974,0.00272398,-0.377912,-0.0617344,0.578673,-0.00372508,-0.0395748,0.0414061,0.886,0.032072,0.0738662,-0.996752,0.6,0,0,1.61681,1.16024,3
0.535653,-3.47246,13.5439,-0.504361,0.228778,-0.0497751,-0.0829917,0.0357323,0.134264,0.535653,-3.47246,13.5439,-0.504361,0.228778,-0.0497751,-0.0829917,0.0357323,0.134264,-0.731621,-0.145946,-0.0811485,0.272646,0.068438,0.117861,0.228492,-0.38676,0.301793,0.235792,0.181418,0.0547978,-0.0637087,-0.190475,0.118669,0.103081,0.275855,0.014279,0.2618,-0.031455,-0.0186257,0.183236,0.00486458,-0.368202,-0.0507786,0.580444,-0.00304462,-0.0399158,0.0387024,0,0,0,0,0,0,0,0,0,0,0,0,0,0,0,0,0,0,0,0,0,0,0,0,0,0,0,0,0,-0.747353,0.049217,-0.203145,0.524743,0.0804223,0.105282,-0.0350558,0.472324,0.0922926,0.122833,-0.156062,-0.256617,-0.0970417,-0.0983884,0.0780365,0.234831,0.210134,-0.00686795,0.328519,-0.0217962,0.015092,0.193339,0.104084,-0.224989,-0.0254475,0.668254,-0.00360027,-0.0216131,0.0424379,1.31719,-0.934925,-0.183065,-1.28548,1.55711,0.476845,1.29488,-0.717877,1.15032,-0.828383,-0.0886656,-0.395978,-0.289804,1.71392,-0.208871,-0.413139,0.226797,0.2915,0.190387,-0.178011,0.00313391,0.0109206,-0.55124,0.542033,0.144051,0.104343,-0.0153273,0.0743261,0.027962,-5.43734,-1.5783,2.58723,-13.5823,-8.54878,-0.349278,5.56855,-37.6269,5.20952,13.3208,25.043,3.41286,0.926094,-5.55889,1.36718,-1.57856,0.863569,0.179765,-2.25633,0.0519886,-0.488879,0.0283824,-0.950803,-2.6423,-0.630101,-1.63161,0.0142408,-0.377927,-0.0445997,0,0,0,0,0,0,0,0,0,0,0,0,0,0,0,0,0,0,0,0,0,0,0,0,0,0,0,0,0,2.55789,2.55789,2.55789,6.3088,6.3088,1.81445,2.55789,2.55789,1.81445,6.3088,6.3088,0.907223,0.907223,1.81445,1.81445,0.907223,0.907223,1.81445,1.81445,0.907223,0.907223,0.907223,0.907223,0.907223,0.907223,1.06814,1.06814,1.06814,1.06814,40.1792,40.1792,40.1792,99.0984,99.0984,28.5012,40.1792,40.1792,28.5012,99.0984,99.0984,14.2506,14.2506,28.5012,28.5012,14.2506,14.2506,28.5012,28.5012,14.2506,14.2506,14.2506,14.2506,14.2506,14.2506,16.7783,16.7783,16.7783,16.7783,0,0,0,0,0,0,0,0,0,0,0,0,0,0,0,0,0,0,0,0,0,0,0,0,0,0,0,0,0,0,0,0,0,0,0,0,0,0,0,0,0,0,0,0,0,0,0,0,0,0,0,0,0,0,0,0,0,0,0,0,0,0,0,0,0,0,0,0,0,0,0,0,0,0,0,0,0,0,0,0,0,0,0,0,0,0,0,0,0,0,0,0,0,0,0,0,0,0,0,0,0,0,0,0,0,0,0,0,0,0,0,0,0,0,0,0,0,-0.0829917,0.0357323,0.134264,-0.220985,-0.444928,0.270578,0.172957,-0.383518,-0.434303,0.0325576,-0.11578,-0.145262,-0.304017,-0.262488,-0.766367,0.987116,-0.0717205,-0.0408669,-0.266545,-0.706351,-0.0424684,-0.535776,-0.148204,0.688119,0.417796,0.519489,-1.1303,-1.2354,1.23035,1.55255,0.268735,0.124944,-0.731621,-0.145946,-0.0811485,0.272646,0.068438,0.117861,0.228492,-0.38676,0.301793,0.235792,0.181418,0.0547978,-0.0637087,-0.190475,0.118669,0.103081,0.275855,0.014279,0.2618,-0.031455,-0.0186257,0.183236,0.00486458,-0.368202,-0.0507786,0.580444,-0.00304462,-0.0399158,0.0387024,0.807,0.0357246,0.0828436,-0.995922,0.6,0,0,1.61307,1.14733,3
-0.540244,-1.24407,11.5053,-0.455901,0.464913,-0.0782725,-0.0950905,0.0447525,0.131992,-0.540244,-1.24407,11.5053,-0.455901,0.464913,-0.0782725,-0.0950905,0.0447525,0.131992,-0.596849,-0.236836,-0.0072422,0.274866,0.0440394,0.10493,0.240692,-0.258932,0.271027,0.25852,0.281448,0.134947,-0.0725845,-0.145499,0.149247,0.125258,0.257925,0.0106047,0.2618,-0.0300606,-0.0226694,0.166002,0.0166739,-0.350536,-0.0379092,0.584109,-0.00162154,-0.0399044,0.0383716,0,0,0,0,0,0,0,0,0,0,0,0,0,0,0,0,0,0,0,0,0,0,0,0,0,0,0,0,0,-0.709144,0.0265649,-0.198467,0.486131,0.10269,0.113973,-0.00440332,0.447151,0.121358,0.101719,-0.153337,-0.262011,-0.103244,-0.0507468,0.0686718,0.222558,0.21731,-0.000817057,0.331951,-0.0257959,0.0153069,0.190535,0.0903934,-0.211167,-0.0194372,0.667874,-0.00366179,-0.0207214,0.0422382,1.62795,-0.928185,0.416002,-1.82032,0.521184,0.283201,1.1078,-1.23248,1.20922,-0.853211,0.242799,-0.0333548,-0.232361,2.07929,-0.390182,-0.535759,0.320925,0.200953,0.0704324,-0.142829,0.00389774,-0.143573,-0.552377,0.55286,0.317478,-0.150665,-0.00129734,0.00926419,-0.000323323,-4.98194,-4.61596,3.74822,-10.1794,-6.95734,-0.409356,6.49448,-30.5024,3.00246,18.5762,31.7902,4.57997,0.77288,-7.64143,2.14028,-1.22976,0.550176,0.0614133,-2.15095,0.0495529,-0.490725,0.0244576,-0.728251,-2.73386,-0.719252,-1.33956,0.0115469,-0.338255,-0.0552377,0,0,0,0,0,0,0,0,0,0,0,0,0,0,0,0,0,0,0,0,0,0,0,0,0,0,0,0,0,2.55789,2.55789,2.55789,6.3088,6.3088,1.81445,2.55789,2.55789,1.81445,6.3088,6.3088,0.907223,0.907223,1.81445,1.81445,0.907223,0.907223,1.81445,1.81445,0.907223,0.907223,0.907223,0.907223,0.907223,0.907223,1.06814,1.06814,1.06814,1.06814,40.1792,40.1792,40.1792,99.0984,99.0984,28.5012,40.1792,40.1792,28.5012,99.0984,99.0984,14.2506,14.2506,28.5012,28.5012,14.2506,14.2506,28.5012,28.5012,14.2506,14.2506,14.2506,14.2506,14.2506,14.2506,16.7783,16.7783,16.7783,16.7783,0,0,0,0,0,0,0,0,0,0,0,0,0,0,0,0,0,0,0,0,0,0,0,0,0,0,0,0,0,0,0,0,0,0,0,0,0,0,0,0,0,0,0,0,0,0,0,0,0,0,0,0,0,0,0,0,0,0,0,0,0,0,0,0,0,0,0,0,0,0,0,0,0,0,0,0,0,0,0,0,0,0,0,0,0,0,0,0,0,0,0,0,0,0,0,0,0,0,0,0,0,0,0,0,0,0,0,0,0,0,0,0,0,0,0,0,0,-0.0950905,0.0447525,0.131992,-0.170419,-0.418002,0.340299,0.132075,-0.343237,-0.331753,0.0241797,-0.0864367,-0.1655,-0.323514,-0.213303,-0.520229,1.0094,-0.0685411,-0.0217654,-0.432541,-0.472895,-0.0516886,-0.535623,-0.0132266,0.617969,0.378501,0.515049,-1.12397,-1.17059,1.16078,1.83781,0.239251,0.307693,-0.596849,-0.236836,-0.0072422,0.274866,0.0440394,0.10493,0.240692,-0.258932,0.271027,0.25852,0.281448,0.134947,-0.0725845,-0.145499,0.149247,0.125258,0.257925,0.0106047,0.2618,-0.0300606,-0.0226694,0.166002,0.0166739,-0.350536,-0.0379092,0.584109,-0.00162154,-0.0399044,0.0383716,1.091,0.0429355,0.092997,-0.99474,0.6,0,0,1.61307,1.14733,3
-1.41591,-0.752782,11.8191,-0.366811,0.651897,-0.0832353,-0.101706,0.0539694,0.129758,-1.41591,-0.752782,11.8191,-0.366811,0.651897,-0.0832353,-0.101706,0.0539694,0.129758,-0.484463,-0.303899,0.0468291,0.30851,0.0183533,0.108861,0.243902,-0.189481,0.258335,0.271689,0.381188,0.201391,-0.0792596,-0.0909438,0.16294,0.161501,0.247031,0.0131343,0.2618,-0.0259227,-0.0244503,0.14785,0.0271854,-0.344941,-0.0340103,0.586079,-0.000894513,-0.040971,0.0395629,0,0,0,0,0,0,0,0,0,0,0,0,0,0,0,0,0,0,0,0,0,0,0,0,0,0,0,0,0,-0.681618,0.014273,-0.189572,0.456759,0.103272,0.118385,0.0137723,0.427754,0.139712,0.0873171,-0.143549,-0.25885,-0.105865,-0.0196043,0.0590297,0.212765,0.221682,0.00231884,0.3327,-0.0274723,0.0145075,0.185996,0.0806259,-0.202916,-0.0138172,0.665104,-0.00339013,-0.021184,0.0420596,1.76649,-0.61495,0.65849,-1.89092,-0.186889,0.258107,1.09355,-1.16867,1.08899,-0.869721,0.859383,0.414381,-0.12103,1.8213,-0.703625,-0.643999,0.237298,0.165615,0.00875607,-0.086041,-0.0706291,-0.331672,-0.631893,0.482735,0.374416,-0.197984,0.0199763,-0.0381874,-0.00833328,-0.971982,-8.47097,5.72807,-6.60206,-4.90828,-0.864131,6.3227,-24.655,1.79799,22.4419,37.1686,5.30731,0.587874,-6.85956,3.80222,-0.680623,0.297732,-0.0780677,-2.06263,0.041982,-0.47028,0.00785833,-0.353886,-2.53951,-0.667854,-1.16756,0.00810597,-0.274862,-0.0498599,0,0,0,0,0,0,0,0,0,0,0,0,0,0,0,0,0,0,0,0,0,0,0,0,0,0,0,0,0,2.55789,2.55789,2.55789,6.3088,6.3088,1.81445,2.55789,2.55789,1.81445,6.3088,6.3088,0.907223,0.907223,1.81445,1.81445,0.907223,0.907223,1.81445,1.81445,0.907223,0.907223,0.907223,0.907223,0.907223,0.907223,1.06814,1.06814,1.06814,1.06814,40.1792,40.1792,40.1792,99.0984,99.0984,28.5012,40.1792,40.1792,28.5012,99.0984,99.0984,14.2506,14.2506,28.5012,28.5012,14.2506,14.2506,28.5012,28.5012,14.2506,14.2506,14.2506,14.2506,14.2506,14.2506,16.7783,16.7783,16.7783,16.7783,0,0,0,0,0,0,0,0,0,0,0,0,0,0,0,0,0,0,0,0,0,0,0,0,0,0,0,0,0,0,0,0,0,0,0,0,0,0,0,0,0,0,0,0,0,0,0,0,0,0,0,0,0,0,0,0,0,0,0,0,0,0,0,0,0,0,0,0,0,0,0,0,0,0,0,0,0,0,0,0,0,0,0,0,0,0,0,0,0,0,0,0,0,0,0,0,0,0,0,0,0,0,0,0,0,0,0,0,0,0,0,0,0,0,0,0,0,-0.101706,0.0539694,0.129758,-0.0877813,-0.394034,0.37152,0.107235,-0.330481,-0.207361,0.0299475,-0.0775469,-0.18072,-0.31682,-0.186852,-0.314975,1.01526,-0.0591063,-0.0120067,-0.555019,-0.346054,-0.0557491,-0.549939,0.0855254,0.589029,0.337113,0.531039,-1.02803,-1.13303,1.08753,2.12224,0.248215,0.459191,-0.484463,-0.303899,0.0468291,0.30851,0.0183533,0.108861,0.243902,-0.189481,0.258335,0.271689,0.381188,0.201391,-0.0792596,-0.0909438,0.16294,0.161501,0.247031,0.0131343,0.2618,-0.0259227,-0.0244503,0.14785,0.0271854,-0.344941,-0.0340103,0.586079,-0.000894513,-0.040971,0.0395629,1.153,0.0539432,0.101383,-0.993384,0.6,0,0,1.60611,1.13031,3
-0.163333,-0.482105,11.0186,-0.255088,0.729772,-0.108993,-0.107959,0.0682755,0.126295,-0.163333,-0.482105,11.0186,-0.255088,0.729772,-0.108993,-0.107959,0.0682755,0.126295,-0.390527,-0.372201,0.088597,0.330501,0.0096198,0.130821,0.242607,-0.147762,0.232576,0.314774,0.517203,0.285231,-0.0902439,-0.0667551,0.152512,0.196255,0.2399,0.0153313,0.2618,-0.0171023,-0.0208588,0.123277,0.0424828,-0.341474,-0.0313165,0.587935,-0.000291966,-0.04261,0.0417914,0,0,0,0,0,0,0,0,0,0,0,0,0,0,0,0,0,0,0,0,0,0,0,0,0,0,0,0,0,-0.644191,0.00661121,-0.177754,0.421459,0.0909287,0.125695,0.0365847,0.408536,0.158585,0.070168,-0.115642,-0.242325,-0.107394,0.00997218,0.0407355,0.199946,0.224,0.00586728,0.331349,-0.0278687,0.0122836,0.176361,0.0672597,-0.194623,-0.00615358,0.661222,-0.00289149,-0.0223696,0.0423258,1.89722,-0.190625,0.54996,-1.72548,-0.770905,0.405236,1.05624,-0.799328,0.854057,-0.726291,1.68272,1.21882,-0.0758586,1.23546,-0.943225,-0.587426,0.0426992,0.137919,-0.135478,-0.000927301,-0.132762,-0.492112,-0.646861,0.363469,0.384935,-0.206176,0.0222269,-0.0583902,0.0256113,1.69666,-11.9107,7.63789,-0.62316,-2.56784,-1.19761,5.61477,-21.9676,1.31603,24.6923,39.1709,5.33134,0.465647,-5.13092,5.17413,-0.0147539,0.278856,-0.0590215,-1.76889,0.0294082,-0.410176,0.0361866,0.00933982,-2.47183,-0.736503,-1.05389,0.00941003,-0.250629,-0.0709573,0,0,0,0,0,0,0,0,0,0,0,0,0,0,0,0,0,0,0,0,0,0,0,0,0,0,0,0,0,2.55789,2.55789,2.55789,6.3088,6.3088,1.81445,2.55789,2.55789,1.81445,6.3088,6.3088,0.907223,0.907223,1.81445,1.81445,0.907223,0.907223,1.81445,1.81445,0.907223,0.907223,0.907223,0.907223,0.907223,0.907223,1.06814,1.06814,1.06814,1.06814,40.1792,40.1792,40.1792,99.0984,99.0984,28.5012,40.1792,40.1792,28.5012,99.0984,99.0984,14.2506,14.2506,28.5012,28.5012,14.2506,14.2506,28.5012,28.5012,14.2506,14.2506,14.2506,14.2506,14.2506,14.2506,16.7783,16.7783,16.7783,16.7783,0,0,0,0,0,0,0,0,0,0,0,0,0,0,0,0,0,0,0,0,0,0,0,0,0,0,0,0,0,0,0,0,0,0,0,0,0,0,0,0,0,0,0,0,0,0,0,0,0,0,0,0,0,0,0,0,0,0,0,0,0,0,0,0,0,0,0,0,0,0,0,0,0,0,0,0,0,0,0,0,0,0,0,0,0,0,0,0,0,0,0,0,0,0,0,0,0,0,0,0,0,0,0,0,0,0,0,0,0,0,0,0,0,0,0,0,0,-0.107959,0.0682755,0.126295,-0.00853842,-0.359155,0.347742,0.0909763,-0.322574,-0.152208,0.0349568,-0.0714046,-0.205765,-0.294982,-0.161938,-0.143417,1.0129,-0.0389949,-0.00391896,-0.679761,-0.269862,-0.0475601,-0.57194,0.161807,0.530296,0.281084,0.560952,-0.965316,-1.01017,1.06262,2.51012,0.298284,0.650356,-0.390527,-0.372201,0.088597,0.330501,0.0096198,0.130821,0.242607,-0.147762,0.232576,0.314774,0.517203,0.285231,-0.0902439,-0.0667551,0.152512,0.196255,0.2399,0.0153313,0.2618,-0.0171023,-0.0208588,0.123277,0.0424828,-0.341474,-0.0313165,0.587935,-0.000291966,-0.04261,0.0417914,0.757,0.0682225,0.107498,-0.991862,0.6,0,0,1.58984,1.11599,3
-0.245081,-0.971283,11.3119,-0.177803,0.756592,-0.11807,-0.112333,0.0833639,0.12229,-0.245081,-0.971283,11.3119,-0.177803,0.756592,-0.11807,-0.112333,0.0833639,0.12229,-0.278856,-0.414262,0.122474,0.342572,0.0210832,0.172586,0.214233,-0.109275,0.202403,0.359886,0.602735,0.346309,-0.0968225,-0.0591761,0.127139,0.222696,0.253807,0.0328434,0.2618,-0.00716369,-0.0218295,0.107751,0.0659448,-0.343054,-0.0453344,0.591167,0.000836699,-0.0462527,0.0446657,0,0,0,0,0,0,0,0,0,0,0,0,0,0,0,0,0,0,0,0,0,0,0,0,0,0,0,0,0,-0.604229,0.0091122,-0.168196,0.389973,0.0730452,0.139422,0.0573336,0.399117,0.171365,0.0589176,-0.0703979,-0.20714,-0.108474,0.026134,0.018213,0.188983,0.222418,0.0087502,0.327729,-0.0257621,0.00985932,0.162855,0.0544884,-0.188537,0.000829189,0.657358,-0.00237174,-0.0240537,0.043266,2.0083,0.332675,0.449388,-1.45125,-0.844538,0.687314,0.916116,-0.253423,0.492104,-0.335483,2.57989,2.25982,-0.0439049,0.540288,-1.15784,-0.479085,-0.140254,0.0983397,-0.216693,0.121359,-0.11518,-0.68579,-0.589136,0.269774,0.326481,-0.185811,0.0235908,-0.0840455,0.0523309,3.57621,-16.0728,9.21564,3.18782,-0.983155,-1.50429,5.06531,-21.2649,0.835109,27.7905,42.6752,5.13202,0.302152,-3.66499,5.88978,0.543651,0.365512,-0.0100691,-1.51056,0.0139906,-0.336979,0.052547,0.363392,-2.42085,-0.74912,-0.971627,0.00949762,-0.222235,-0.0792299,0,0,0,0,0,0,0,0,0,0,0,0,0,0,0,0,0,0,0,0,0,0,0,0,0,0,0,0,0,2.55789,2.55789,2.55789,6.3088,6.3088,1.81445,2.55789,2.55789,1.81445,6.3088,6.3088,0.907223,0.907223,1.81445,1.81445,0.907223,0.907223,1.81445,1.81445,0.907223,0.907223,0.907223,0.907223,0.907223,0.907223,1.06814,1.06814,1.06814,1.06814,40.1792,40.1792,40.1792,99.0984,99.0984,28.5012,40.1792,40.1792,28.5012,99.0984,99.0984,14.2506,14.2506,28.5012,28.5012,14.2506,14.2506,28.5012,28.5012,14.2506,14.2506,14.2506,14.2506,14.2506,14.2506,16.7783,16.7783,16.7783,16.7783,0,0,0,0,0,0,0,0,0,0,0,0,0,0,0,0,0,0,0,0,0,0,0,0,0,0,0,0,0,0,0,0,0,0,0,0,0,0,0,0,0,0,0,0,0,0,0,0,0,0,0,0,0,0,0,0,0,0,0,0,0,0,0,0,0,0,0,0,0,0,0,0,0,0,0,0,0,0,0,0,0,0,0,0,0,0,0,0,0,0,0,0,0,0,0,0,0,0,0,0,0,0,0,0,0,0,0,0,0,0,0,0,0,0,0,0,0,-0.112333,0.0833639,0.12229,0.051749,-0.305659,0.289889,0.122686,-0.326178,-0.134927,0.0748862,-0.103367,-0.220765,-0.26111,-0.118558,0.0605311,0.961075,-0.0163339,0.0112307,-0.756579,-0.199572,-0.0497735,-0.620834,0.223679,0.461498,0.245683,0.599532,-0.930892,-0.881518,1.09531,2.75404,0.393513,0.789619,-0.278856,-0.414262,0.122474,0.342572,0.0210832,0.172586,0.214233,-0.109275,0.202403,0.359886,0.602735,0.346309,-0.0968225,-0.0591761,0.127139,0.222696,0.253807,0.0328434,0.2618,-0.00716369,-0.0218295,0.107751,0.0659448,-0.343054,-0.0453344,0.591167,0.000836699,-0.0462527,0.0446657,0.696,0.0832673,0.111708,-0.990246,0.6,0,0,1.58984,1.11599,3
1.16648,-0.558812,10.5984,-0.141154,0.732714,-0.0927288,-0.115881,0.0988436,0.118252,1.16648,-0.558812,10.5984,-0.141154,0.732714,-0.0927288,-0.115881,0.0988436,0.118252,-0.122092,-0.439555,0.128503,0.347607,0.065296,0.232422,0.139718,-0.0827464,0.182352,0.405788,0.691235,0.42132,-0.0965018,-0.0810869,0.0953624,0.253187,0.288328,0.0569158,0.2618,0.00126646,-0.0313135,0.110124,0.095472,-0.372232,-0.0746395,0.594145,0.00189324,-0.0525838,0.0456045,0,0,0,0,0,0,0,0,0,0,0,0,0,0,0,0,0,0,0,0,0,0,0,0,0,0,0,0,0,-0.559681,0.0212191,-0.148985,0.365297,0.059225,0.15393,0.0746458,0.399617,0.176467,0.0599521,-0.0111374,-0.150896,-0.108252,0.0303935,-0.00996995,0.180346,0.21755,0.0124868,0.322925,-0.0213852,0.00711999,0.147347,0.0437385,-0.183343,0.00447868,0.653531,-0.00174781,-0.0265575,0.0450411,2.37097,0.727114,1.49626,-1.00048,-0.637898,0.433265,0.746492,0.236404,0.0799464,0.369433,3.19412,3.16129,0.100894,-0.029729,-1.44467,-0.342452,-0.294191,0.171291,-0.246327,0.221517,-0.138896,-0.734034,-0.418917,0.224522,0.110633,-0.204267,0.0317722,-0.131921,0.0859699,5.45322,-19.3373,7.35214,4.18758,0.269606,-0.285165,3.65301,-20.9278,0.559676,27.8938,41.5092,4.30298,0.100667,-2.57086,6.49502,0.930014,0.770383,0.254671,-1.30704,0.00206848,-0.288707,0.0997263,0.718954,-2.48195,-0.814492,-0.834191,0.00975313,-0.192652,-0.0989731,0,0,0,0,0,0,0,0,0,0,0,0,0,0,0,0,0,0,0,0,0,0,0,0,0,0,0,0,0,2.55789,2.55789,2.55789,6.3088,6.3088,1.81445,2.55789,2.55789,1.81445,6.3088,6.3088,0.907223,0.907223,1.81445,1.81445,0.907223,0.907223,1.81445,1.81445,0.907223,0.907223,0.907223,0.907223,0.907223,0.907223,1.06814,1.06814,1.06814,1.06814,40.1792,40.1792,40.1792,99.0984,99.0984,28.5012,40.1792,40.1792,28.5012,99.0984,99.0984,14.2506,14.2506,28.5012,28.5012,14.2506,14.2506,28.5012,28.5012,14.2506,14.2506,14.2506,14.2506,14.2506,14.2506,16.7783,16.7783,16.7783,16.7783,0,0,0,0,0,0,0,0,0,0,0,0,0,0,0,0,0,0,0,0,0,0,0,0,0,0,0,0,0,0,0,0,0,0,0,0,0,0,0,0,0,0,0,0,0,0,0,0,0,0,0,0,0,0,0,0,0,0,0,0,0,0,0,0,0,0,0,0,0,0,0,0,0,0,0,0,0,0,0,0,0,0,0,0,0,0,0,0,0,0,0,0,0,0,0,0,0,0,0,0,0,0,0,0,0,0,0,0,0,0,0,0,0,0,0,0,0,-0.115881,0.0988436,0.118252,0.121272,-0.238334,0.217436,0.201396,-0.392707,-0.184886,0.129774,-0.170186,-0.220034,-0.234003,-0.078588,0.346835,0.824986,0.00288766,0.0254124,-0.802772,-0.151122,-0.0713978,-0.705815,0.234689,0.415781,0.251094,0.612134,-0.916533,-0.750615,1.22139,3.00642,0.529945,0.960653,-0.122092,-0.439555,0.128503,0.347607,0.065296,0.232422,0.139718,-0.0827464,0.182352,0.405788,0.691235,0.42132,-0.0965018,-0.0810869,0.0953624,0.253187,0.288328,0.0569158,0.2618,0.00126646,-0.0313135,0.110124,0.095472,-0.372232,-0.0746395,0.594145,0.00189324,-0.0525838,0.0456045,0.66,0.0986828,0.115057,-0.988445,0.6,0,0,1.57033,1.10825,3
2.38128,-1.54614,10.1884,-0.132739,0.525672,-0.0148032,-0.119158,0.114829,0.114965,2.38128,-1.54614,10.1884,-0.132739,0.525672,-0.0148032,-0.119158,0.114829,0.114965,0.094097,-0.433845,0.126259,0.316961,0.129305,0.308696,-0.00269416,0.0205875,0.146982,0.470465,0.709393,0.492247,-0.0869337,-0.12734,0.0744119,0.267519,0.322533,0.0947201,0.2618,0.00665988,-0.0458936,0.115681,0.168542,-0.395133,-0.101472,0.598898,0.00311249,-0.0599728,0.0446639,0,0,0,0,0,0,0,0,0,0,0,0,0,0,0,0,0,0,0,0,0,0,0,0,0,0,0,0,0,-0.491505,0.0358935,-0.114597,0.345303,0.0598461,0.178567,0.0886196,0.413161,0.171481,0.0824988,0.0767102,-0.0659911,-0.10306,0.0214108,-0.048723,0.175102,0.208884,0.0188127,0.317624,-0.0146969,0.00168573,0.132578,0.0377719,-0.179089,0.00224525,0.649145,-0.000879221,-0.0312697,0.0474586,3.08638,0.393523,1.32957,-0.657692,0.062209,0.998857,0.312189,0.71743,-0.419709,1.39591,3.92131,3.96447,0.30662,-0.508276,-1.51137,-0.0466267,-0.333724,0.250457,-0.220752,0.253587,-0.229885,-0.497689,-0.0266527,0.130294,-0.175107,-0.151641,0.0353197,-0.190201,0.0784661,7.25757,-20.2278,6.43348,4.44963,0.154448,-0.281529,1.13022,-21.6862,0.993559,23.9427,37.1071,3.53168,-0.16044,-2.02568,6.85235,1.18783,1.43807,0.62734,-1.20355,-0.00282082,-0.263575,0.133923,0.890457,-2.8749,-0.944824,-0.757386,0.00914334,-0.154031,-0.117424,0,0,0,0,0,0,0,0,0,0,0,0,0,0,0,0,0,0,0,0,0,0,0,0,0,0,0,0,0,2.55789,2.55789,2.55789,6.3088,6.3088,1.81445,2.55789,2.55789,1.81445,6.3088,6.3088,0.907223,0.907223,1.81445,1.81445,0.907223,0.907223,1.81445,1.81445,0.907223,0.907223,0.907223,0.907223,0.907223,0.907223,1.06814,1.06814,1.06814,1.06814,40.1792,40.1792,40.1792,99.0984,99.0984,28.5012,40.1792,40.1792,28.5012,99.0984,99.0984,14.2506,14.2506,28.5012,28.5012,14.2506,14.2506,28.5012,28.5012,14.2506,14.2506,14.2506,14.2506,14.2506,14.2506,16.7783,16.7783,16.7783,16.7783,0,0,0,0,0,0,0,0,0,0,0,0,0,0,0,0,0,0,0,0,0,0,0,0,0,0,0,0,0,0,0,0,0,0,0,0,0,0,0,0,0,0,0,0,0,0,0,0,0,0,0,0,0,0,0,0,0,0,0,0,0,0,0,0,0,0,0,0,0,0,0,0,0,0,0,0,0,0,0,0,0,0,0,0,0,0,0,0,0,0,0,0,0,0,0,0,0,0,0,0,0,0,0,0,0,0,0,0,0,0,0,0,0,0,0,0,0,-0.119158,0.114829,0.114965,0.153951,-0.0717267,0.169667,0.279388,-0.444923,-0.290348,0.215971,-0.231367,-0.198217,-0.199192,-0.0147937,0.741667,0.564894,0.0151852,0.041778,-0.792343,0.0375996,-0.104642,-0.804994,0.23059,0.335133,0.263764,0.599509,-1.00393,-0.566173,1.40393,3.0582,0.703858,1.12237,0.094097,-0.433845,0.126259,0.316961,0.129305,0.308696,-0.00269416,0.0205875,0.146982,0.470465,0.709393,0.492247,-0.0869337,-0.12734,0.0744119,0.267519,0.322533,0.0947201,0.2618,0.00665988,-0.0458936,0.115681,0.168542,-0.395133,-0.101472,0.598898,0.00311249,-0.0599728,0.0446639,0.663,0.112431,0.117572,-0.986679,0.6,0,0,1.57033,1.10825,3
2.17593,-1.164,9.05845,-0.129835,0.355091,0.0600466,-0.121344,0.122032,0.114485,2.17593,-1.164,9.05845,-0.129835,0.355091,0.0600466,-0.121344,0.122032,0.114485,0.377359,-0.191124,-0.0483941,0.306912,0.205757,0.413289,-0.311928,0.301017,0.0792089,0.637513,0.301772,0.467074,-0.0678714,-0.245394,0.105167,0.28674,0.358848,0.118974,0.2618,-0.000220261,-0.0962496,0.0739112,0.301078,-0.498579,-0.139835,0.606658,0.00525027,-0.0606542,0.0369857,0,0,0,0,0,0,0,0,0,0,0,0,0,0,0,0,0,0,0,0,0,0,0,0,0,0,0,0,0,-0.434585,0.0399409,-0.0947325,0.33028,0.0738818,0.205729,0.0882817,0.425811,0.161237,0.117035,0.140072,0.0086806,-0.100057,0.0122244,-0.0735227,0.175845,0.203158,0.0259617,0.314487,-0.010205,-0.00376194,0.125533,0.040544,-0.177635,-0.00265046,0.645818,-0.000225966,-0.0352861,0.0486919,3.85924,0.133564,1.14185,-1.03164,0.857382,1.80462,-0.280403,0.845213,-0.832629,2.65514,4.06839,5.16728,0.111256,-0.633365,-1.50685,0.139847,-0.338965,0.528706,-0.18904,0.269939,-0.375711,-0.361058,0.357158,0.0424114,-0.377184,-0.248046,0.0430426,-0.276898,0.0624413,11.8218,-19.4845,5.9816,5.03,0.0900225,-0.322417,-3.13913,-18.359,0.960376,19.4239,31.841,2.45768,0.0811599,-2.87989,6.93823,1.21489,2.01466,1.03323,-1.17145,-0.00466606,-0.266837,0.198791,1.56305,-3.15183,-1.08437,-0.534923,0.0112076,-0.127348,-0.138261,0,0,0,0,0,0,0,0,0,0,0,0,0,0,0,0,0,0,0,0,0,0,0,0,0,0,0,0,0,2.55789,2.55789,2.55789,6.3088,6.3088,1.81445,2.55789,2.55789,1.81445,6.3088,6.3088,0.907223,0.907223,1.81445,1.81445,0.907223,0.907223,1.81445,1.81445,0.907223,0.907223,0.907223,0.907223,0.907223,0.907223,1.06814,1.06814,1.06814,1.06814,40.1792,40.1792,40.1792,99.0984,99.0984,28.5012,40.1792,40.1792,28.5012,99.0984,99.0984,14.2506,14.2506,28.5012,28.5012,14.2506,14.2506,28.5012,28.5012,14.2506,14.2506,14.2506,14.2506,14.2506,14.2506,16.7783,16.7783,16.7783,16.7783,0,0,0,0,0,0,0,0,0,0,0,0,0,0,0,0,0,0,0,0,0,0,0,0,0,0,0,0,0,0,0,0,0,0,0,0,0,0,0,0,0,0,0,0,0,0,0,0,0,0,0,0,0,0,0,0,0,0,0,0,0,0,0,0,0,0,0,0,0,0,0,0,0,0,0,0,0,0,0,0,0,0,0,0,0,0,0,0,0,0,0,0,0,0,0,0,0,0,0,0,0,0,0,0,0,0,0,0,0,0,0,0,0,0,0,0,0,-0.121344,0.122032,0.114485,0.197777,0.230467,0.239792,0.362189,-0.680789,-0.559523,0.271273,-0.318837,-0.154753,-0.145805,0.0893679,1.259,0.000130699,-0.000502218,0.0704725,-0.349055,0.549756,-0.219459,-0.814141,-0.0883835,0.180604,0.168525,0.496446,-1.03258,-0.0897919,1.62196,1.89577,0.94234,1.06498,0.377359,-0.191124,-0.0483941,0.306912,0.205757,0.413289,-0.311928,0.301017,0.0792089,0.637513,0.301772,0.467074,-0.0678714,-0.245394,0.105167,0.28674,0.358848,0.118974,0.2618,-0.000220261,-0.0962496,0.0739112,0.301078,-0.498579,-0.139835,0.606658,0.00525027,-0.0606542,0.0369857,0.97,0.121729,0.120147,-0.985265,0.6,0,0,1.55498,1.10574,3
-1.10578,-1.14071,0.956078,-0.18725,0.268483,0.35158,-0.125635,0.129633,0.118263,-1.10578,-1.14071,0.956078,-0.18725,0.268483,0.35158,-0.125635,0.129633,0.118263,0.51839,0.200409,-0.343088,0.476328,0.0961128,0.483469,-0.528838,0.302877,0.0527143,0.659424,-0.087267,0.231595,-0.0611156,-0.352507,0.232798,0.388982,0.26774,0.0419279,0.2618,-0.0127944,-0.0711212,-0.0240717,0.260021,-0.437101,-0.0786811,0.599427,0.00190634,-0.0396203,0.0323668,0,0,0,0,0,0,0,0,0,0,0,0,0,0,0,0,0,0,0,0,0,0,0,0,0,0,0,0,0,-0.359554,0.0380833,-0.0831879,0.278881,0.0744151,0.281124,0.0453285,0.430731,0.13145,0.239905,0.180438,0.14021,-0.101519,0.0151989,-0.100336,0.179049,0.203664,0.0402512,0.307781,-0.00719492,-0.0222368,0.109115,0.0567171,-0.178811,-0.0117988,0.632496,0.00121168,-0.0422178,0.0483891,3.12113,-0.318509,0.0854023,-2.55441,0.393323,1.83575,-2.48781,-0.297453,-1.64434,6.65668,1.97888,5.81238,-0.0213835,0.52348,-1.23745,0.108004,0.272306,0.6235,-0.400276,0.102474,-0.98122,-0.778567,1.01029,-0.290878,-0.419678,-0.863889,0.0649242,-0.361419,-0.0343318,21.7594,-8.53518,1.05013,18.8026,10.9075,-0.414377,-8.13362,-4.7218,1.36493,-1.27873,-0.202917,-0.57747,0.537432,-8.27405,8.00479,1.43432,2.00727,1.11928,-0.614659,0.00836027,-0.188622,0.202405,2.63906,-4.35547,-1.45563,0.437433,-0.00130897,0.0567607,-0.155842,0,0,0,0,0,0,0,0,0,0,0,0,0,0,0,0,0,0,0,0,0,0,0,0,0,0,0,0,0,2.55789,2.55789,2.55789,6.3088,6.3088,1.81445,2.55789,2.55789,1.81445,6.3088,6.3088,0.907223,0.907223,1.81445,1.81445,0.907223,0.907223,1.81445,1.81445,0.907223,0.907223,0.907223,0.907223,0.907223,0.907223,1.06814,1.06814,1.06814,1.06814,40.1792,40.1792,40.1792,99.0984,99.0984,28.5012,40.1792,40.1792,28.5012,99.0984,99.0984,14.2506,14.2506,28.5012,28.5012,14.2506,14.2506,28.5012,28.5012,14.2506,14.2506,14.2506,14.2506,14.2506,14.2506,16.7783,16.7783,16.7783,16.7783,0,0,0,0,0,0,0,0,0,0,0,0,0,0,0,0,0,0,0,0,0,0,0,0,0,0,0,0,0,0,0,0,0,0,0,0,0,0,0,0,0,0,0,0,0,0,0,0,0,0,0,0,0,0,0,0,0,0,0,0,0,0,0,0,0,0,0,0,0,0,0,0,0,0,0,0,0,0,0,0,0,0,0,0,0,0,0,0,0,0,0,0,0,0,0,0,0,0,0,0,0,0,0,0,0,0,0,0,0,0,0,0,0,0,0,0,0,-0.125635,0.129633,0.118263,0.430898,0.136853,0.530802,0.154455,-0.540614,-0.803751,0.0955998,-0.179401,-0.13935,-0.103761,-0.00769742,1.51656,-0.396017,-0.0291726,0.0255882,0.366012,0.553153,-0.162164,-0.53181,-0.626591,0.120194,-0.0548859,0.434449,-0.549453,-0.0273088,1.30928,-0.958539,1.10236,0.52806,0.51839,0.200409,-0.343088,0.476328,0.0961128,0.483469,-0.528838,0.302877,0.0527143,0.659424,-0.087267,0.231595,-0.0611156,-0.352507,0.232798,0.388982,0.26774,0.0419279,0.2618,-0.0127944,-0.0711212,-0.0240717,0.260021,-0.437101,-0.0786811,0.599427,0.00190634,-0.0396203,0.0323668,0.716,0.128655,0.123976,-0.98391,0.6,0,0,1.55385,1.10744,3
-0.866071,2.40209,3.8611,0.354873,-0.457106,0.412544,-0.122263,0.127074,0.126044,-0.866071,2.40209,3.8611,0.354873,-0.457106,0.412544,-0.122263,0.127074,0.126044,0.393623,0.533138,-0.444838,0.394503,-0.023725,0.500684,-0.656399,0.136305,0.131374,0.772869,-0.087267,0.0133154,-0.0981219,-0.274114,0.148202,0.307348,0.305848,0.0381924,0.2618,-0.022203,-0.0125853,0.0216686,0.219978,-0.288826,-0.0530667,0.597907,0.000523057,-0.0353196,0.0258836,0,0,0,0,0,0,0,0,0,0,0,0,0,0,0,0,0,0,0,0,0,0,0,0,0,0,0,0,0,-0.322777,0.0297553,-0.114721,0.261558,0.0523334,0.28958,-0.00639819,0.426692,0.0949102,0.358375,0.122271,0.193594,-0.0964031,0.0128235,-0.108454,0.186414,0.209064,0.0428486,0.301276,-0.00827379,-0.0342845,0.0820913,0.0798718,-0.19373,-0.0146212,0.617427,0.00161279,-0.0443302,0.046014,1.51636,-0.398139,-2.4007,-0.19197,-1.41955,-0.107773,-2.89429,-0.199659,-2.10566,5.99431,-3.26627,1.37242,0.496441,-0.58197,-0.119905,0.592662,0.281848,-0.134521,-0.306159,-0.0890794,-0.493149,-1.75793,1.3368,-1.14156,-0.0691438,-0.646833,0.00173266,-0.0207983,-0.140361,29.9086,7.88808,-3.28367,23.2221,13.1577,5.5719,-13.6815,-4.52671,2.56246,-7.90834,-0.0933803,-0.857143,0.102133,-9.51762,9.9659,2.39211,0.580168,0.144866,-0.556984,0.0185449,-0.0679266,0.0390531,1.384,-2.51229,-0.855844,0.433306,0.00074603,0.111408,-0.0776989,0,0,0,0,0,0,0,0,0,0,0,0,0,0,0,0,0,0,0,0,0,0,0,0,0,0,0,0,0,2.55789,2.55789,2.55789,6.3088,6.3088,1.81445,2.55789,2.55789,1.81445,6.3088,6.3088,0.907223,0.907223,1.81445,1.81445,0.907223,0.907223,1.81445,1.81445,0.907223,0.907223,0.907223,0.907223,0.907223,0.907223,1.06814,1.06814,1.06814,1.06814,40.1792,40.1792,40.1792,99.0984,99.0984,28.5012,40.1792,40.1792,28.5012,99.0984,99.0984,14.2506,14.2506,28.5012,28.5012,14.2506,14.2506,28.5012,28.5012,14.2506,14.2506,14.2506,14.2506,14.2506,14.2506,16.7783,16.7783,16.7783,16.7783,0,0,0,0,0,0,0,0,0,0,0,0,0,0,0,0,0,0,0,0,0,0,0,0,0,0,0,0,0,0,0,0,0,0,0,0,0,0,0,0,0,0,0,0,0,0,0,0,0,0,0,0,0,0,0,0,0,0,0,0,0,0,0,0,0,0,0,0,0,0,0,0,0,0,0,0,0,0,0,0,0,0,0,0,0,0,0,0,0,0,0,0,0,0,0,0,0,0,0,0,0,0,0,0,0,0,0,0,0,0,0,0,0,0,0,0,0,-0.122263,0.127074,0.126044,0.244764,0.0455528,0.337916,0.241345,-0.202533,-0.625008,0.0870825,-0.120997,-0.223728,-0.12001,-0.0280891,1.2887,-0.628985,-0.0506251,0.00702082,0.973685,0.248938,-0.0286956,-0.474084,-0.81242,0.299546,0.0494065,0.347426,-0.782798,0.29621,0.967529,-1.50339,1.14161,0.0303604,0.393623,0.533138,-0.444838,0.394503,-0.023725,0.500684,-0.656399,0.136305,0.131374,0.772869,-0.087267,0.0133154,-0.0981219,-0.274114,0.148202,0.307348,0.305848,0.0381924,0.2618,-0.022203,-0.0125853,0.0216686,0.219978,-0.288826,-0.0530667,0.597907,0.000523057,-0.0353196,0.0258836,0.758,0.126732,0.120975,-0.984532,0.6,0,0,1.55385,1.10744,3
-3.18312,-0.992031,7.40184,0.615248,-0.795578,0.275062,-0.110648,0.113683,0.134627,-3.18312,-0.992031,7.40184,0.615248,-0.795578,0.275062,-0.110648,0.113683,0.134627,0.0909549,0.676487,-0.376961,0.280143,-0.0899079,0.406159,-0.588144,0.140214,0.126726,0.917157,-0.087267,-0.101297,-0.134513,-0.141689,0.07595,0.187686,0.259031,0.0290276,0.2618,-0.00886151,-0.0204189,0.0645629,0.214179,-0.279957,-0.0625111,0.592593,0.000250197,-0.0373154,0.0227693,0,0,0,0,0,0,0,0,0,0,0,0,0,0,0,0,0,0,0,0,0,0,0,0,0,0,0,0,0,-0.295656,0.0250349,-0.165003,0.261738,0.00682121,0.283455,-0.0736465,0.419528,0.0625077,0.481977,0.0667492,0.170169,-0.0974873,-0.00192305,-0.10098,0.201481,0.215082,0.0366118,0.296124,-0.0116364,-0.0310968,0.0602044,0.105599,-0.21594,-0.0205917,0.611536,0.00112689,-0.0426922,0.0416446,1.37622,-0.215434,-2.34756,0.00936323,-2.48517,-0.367834,-3.4667,-0.647836,-1.24117,5.89552,-2.36412,-2.25703,-0.382363,-0.685806,0.497981,0.785317,0.321132,-0.291567,-0.132456,-0.174998,0.417001,-0.779105,1.15523,-0.992409,-0.46322,-0.0154147,-0.0224468,0.140715,-0.250954,24.3267,20.8989,-5.28514,13.1247,12.2434,6.83531,-14.7492,-9.98473,4.28421,-8.12808,-0.31864,-0.305378,0.292568,-6.49818,6.19716,0.815103,1.01586,0.591861,-0.685967,0.00717389,-0.087767,0.168909,0.580794,-0.139896,-0.0763891,-0.156474,0.0149837,-0.0108448,-0.00586703,0,0,0,0,0,0,0,0,0,0,0,0,0,0,0,0,0,0,0,0,0,0,0,0,0,0,0,0,0,2.55789,2.55789,2.55789,6.3088,6.3088,1.81445,2.55789,2.55789,1.81445,6.3088,6.3088,0.907223,0.907223,1.81445,1.81445,0.907223,0.907223,1.81445,1.81445,0.907223,0.907223,0.907223,0.907223,0.907223,0.907223,1.06814,1.06814,1.06814,1.06814,40.1792,40.1792,40.1792,99.0984,99.0984,28.5012,40.1792,40.1792,28.5012,99.0984,99.0984,14.2506,14.2506,28.5012,28.5012,14.2506,14.2506,28.5012,28.5012,14.2506,14.2506,14.2506,14.2506,14.2506,14.2506,16.7783,16.7783,16.7783,16.7783,0,0,0,0,0,0,0,0,0,0,0,0,0,0,0,0,0,0,0,0,0,0,0,0,0,0,0,0,0,0,0,0,0,0,0,0,0,0,0,0,0,0,0,0,0,0,0,0,0,0,0,0,0,0,0,0,0,0,0,0,0,0,0,0,0,0,0,0,0,0,0,0,0,0,0,0,0,0,0,0,0,0,0,0,0,0,0,0,0,0,0,0,0,0,0,0,0,0,0,0,0,0,0,0,0,0,0,0,0,0,0,0,0,0,0,0,0,-0.110648,0.113683,0.134627,-0.0280767,0.032329,0.173174,0.134596,-0.18231,-0.323066,0.0661858,-0.142532,-0.306704,-0.184313,-0.0994239,0.735928,-0.504329,-0.0202051,0.00335831,1.23549,0.256076,-0.046557,-0.500872,-0.688455,0.288949,0.14721,0.305624,-1.10892,0.707683,0.778791,-1.26588,0.926083,-0.230968,0.0909549,0.676487,-0.376961,0.280143,-0.0899079,0.406159,-0.588144,0.140214,0.126726,0.917157,-0.087267,-0.101297,-0.134513,-0.141689,0.07595,0.187686,0.259031,0.0290276,0.2618,-0.00886151,-0.0204189,0.0645629,0.214179,-0.279957,-0.0625111,0.592593,0.000250197,-0.0373154,0.0227693,0.737,0.113438,0.10971,-0.987469,0.6,0,0,1.56335,1.11735,3
-3.84232,-1.59053,8.38832,0.49176,-0.547222,0.3456,-0.0959991,0.0965671,0.144529,-3.84232,-1.59053,8.38832,0.49176,-0.547222,0.3456,-0.0959991,0.0965671,0.144529,-0.091283,0.634112,-0.334731,0.237432,-0.206047,0.346367,-0.551525,0.21792,0.0866765,0.968698,-0.087267,-0.123027,-0.15243,-0.113412,0.0605781,0.188516,0.184447,0.0178229,0.2618,0.0030121,-0.0397744,0.0483123,0.202187,-0.336457,-0.0746861,0.588341,0.000771345,-0.0349676,0.023275,0,0,0,0,0,0,0,0,0,0,0,0,0,0,0,0,0,0,0,0,0,0,0,0,0,0,0,0,0,-0.271863,0.0223885,-0.168974,0.264071,-0.0283181,0.27331,-0.175148,0.386331,0.0459477,0.63607,0.0161787,0.0860066,-0.119456,-0.00275894,-0.0860125,0.214875,0.225439,0.0317047,0.298764,-0.0112867,-0.0208919,0.0572239,0.13301,-0.232263,-0.0364727,0.616508,0.000714261,-0.0385807,0.0346316,0.781737,-0.141282,0.701669,0.314949,-0.926888,-0.332065,-3.73361,-1.64096,-0.288016,5.22306,-1.57823,-3.23582,-0.951918,0.227224,0.325493,0.265413,0.376468,-0.0768587,0.197784,0.0397384,0.382708,0.0866935,0.967433,-0.441206,-0.606332,0.239725,-0.0079053,0.166441,-0.25262,12.6568,26.5928,-10.0173,-0.118747,-0.338909,4.39633,-7.16634,-5.92206,2.88852,-5.1834,-0.29249,0.245686,0.630044,-4.34248,3.94606,-0.649671,0.139545,0.0828275,-1.38998,-0.00222574,-0.33221,0.033805,0.293641,-0.275285,0.175224,-0.645085,0.000958888,-0.151804,0.0694791,0,0,0,0,0,0,0,0,0,0,0,0,0,0,0,0,0,0,0,0,0,0,0,0,0,0,0,0,0,2.55789,2.55789,2.55789,6.3088,6.3088,1.81445,2.55789,2.55789,1.81445,6.3088,6.3088,0.907223,0.907223,1.81445,1.81445,0.907223,0.907223,1.81445,1.81445,0.907223,0.907223,0.907223,0.907223,0.907223,0.907223,1.06814,1.06814,1.06814,1.06814,40.1792,40.1792,40.1792,99.0984,99.0984,28.5012,40.1792,40.1792,28.5012,99.0984,99.0984,14.2506,14.2506,28.5012,28.5012,14.2506,14.2506,28.5012,28.5012,14.2506,14.2506,14.2506,14.2506,14.2506,14.2506,16.7783,16.7783,16.7783,16.7783,0,0,0,0,0,0,0,0,0,0,0,0,0,0,0,0,0,0,0,0,0,0,0,0,0,0,0,0,0,0,0,0,0,0,0,0,0,0,0,0,0,0,0,0,0,0,0,0,0,0,0,0,0,0,0,0,0,0,0,0,0,0,0,0,0,0,0,0,0,0,0,0,0,0,0,0,0,0,0,0,0,0,0,0,0,0,0,0,0,0,0,0,0,0,0,0,0,0,0,0,0,0,0,0,0,0,0,0,0,0,0,0,0,0,0,0,0,-0.0959991,0.0965671,0.144529,-0.0261846,0.00498666,0.138124,-0.035463,-0.311135,-0.25859,0.040638,-0.170292,-0.347555,-0.150153,-0.156489,0.403102,-0.437451,0.00686789,0.0103535,1.1581,0.397994,-0.0906895,-0.469358,-0.611329,0.197631,0.110157,0.312413,-1.23073,0.854665,0.447591,-0.976837,0.789752,-0.280514,-0.091283,0.634112,-0.334731,0.237432,-0.206047,0.346367,-0.551525,0.21792,0.0866765,0.968698,-0.087267,-0.123027,-0.15243,-0.113412,0.0605781,0.188516,0.184447,0.0178229,0.2618,0.0030121,-0.0397744,0.0483123,0.202187,-0.336457,-0.0746861,0.588341,0.000771345,-0.0349676,0.023275,0.698,0.0995979,0.0985241,-0.990138,0.6,0,0,1.56335,1.11735,3
-1.81875,-1.49664,8.23189,0.483977,-0.568034,0.356155,-0.0886541,0.0891041,0.150196,-1.81875,-1.49664,8.23189,0.483977,-0.568034,0.356155,-0.0886541,0.0891041,0.150196,-0.243982,0.599143,-0.271486,0.260163,-0.274604,0.349965,-0.484998,0.228308,0.0843186,0.997616,-0.087267,-0.128614,-0.173461,-0.130479,0.0437225,0.250045,0.146732,0.0112986,0.2618,0.0132736,0.00602333,0.0293469,0.211143,-0.358441,-0.0596734,0.588862,0.00361372,-0.0245572,0.0222032,0,0,0,0,0,0,0,0,0,0,0,0,0,0,0,0,0,0,0,0,0,0,0,0,0,0,0,0,0,-0.265018,0.0202571,-0.157077,0.272945,-0.0452769,0.26836,-0.228598,0.362519,0.0447421,0.703941,-0.0037075,0.0431346,-0.133273,0.00122961,-0.0794603,0.218462,0.229296,0.0317199,0.301688,-0.00908566,-0.0180182,0.0567573,0.146922,-0.238164,-0.0431441,0.62002,0.000711307,-0.0359071,0.0317932,0.354636,-0.153392,0.908762,0.790328,-1.33465,-0.429873,-3.81202,-1.72203,0.0605273,4.53781,-1.28605,-2.90279,-1.0097,0.311251,0.515721,0.246892,0.194701,0.0366231,0.193676,0.195221,0.0977071,-0.0858083,1.00013,-0.411594,-0.390279,0.258819,0.000478182,0.197631,-0.168762,6.08307,25.0425,-9.37645,-8.20022,-7.81912,2.92638,-3.43118,-1.55893,1.169,-2.31003,-0.154462,0.246476,0.614203,-3.80991,3.05419,-0.652526,-0.832046,-0.451597,-1.49278,-0.000965129,-0.414669,-0.0474683,-0.0966216,-1.03378,-0.0866418,-0.795535,-0.000198766,-0.190375,0.0413091,0,0,0,0,0,0,0,0,0,0,0,0,0,0,0,0,0,0,0,0,0,0,0,0,0,0,0,0,0,2.55789,2.55789,2.55789,6.3088,6.3088,1.81445,2.55789,2.55789,1.81445,6.3088,6.3088,0.907223,0.907223,1.81445,1.81445,0.907223,0.907223,1.81445,1.81445,0.907223,0.907223,0.907223,0.907223,0.907223,0.907223,1.06814,1.06814,1.06814,1.06814,40.1792,40.1792,40.1792,99.0984,99.0984,28.5012,40.1792,40.1792,28.5012,99.0984,99.0984,14.2506,14.2506,28.5012,28.5012,14.2506,14.2506,28.5012,28.5012,14.2506,14.2506,14.2506,14.2506,14.2506,14.2506,16.7783,16.7783,16.7783,16.7783,0,0,0,0,0,0,0,0,0,0,0,0,0,0,0,0,0,0,0,0,0,0,0,0,0,0,0,0,0,0,0,0,0,0,0,0,0,0,0,0,0,0,0,0,0,0,0,0,0,0,0,0,0,0,0,0,0,0,0,0,0,0,0,0,0,0,0,0,0,0,0,0,0,0,0,0,0,0,0,0,0,0,0,0,0,0,0,0,0,0,0,0,0,0,0,0,0,0,0,0,0,0,0,0,0,0,0,0,0,0,0,0,0,0,0,0,0,-0.0886541,0.0891041,0.150196,0.114107,0.0254061,0.0996915,-0.121456,-0.361262,-0.297505,0.025762,-0.136061,-0.395508,-0.0868844,-0.149495,0.124224,-0.315951,0.0302652,0.0485058,1.09423,0.416966,0.0137338,-0.329623,-0.495822,0.192255,0.0669138,0.298026,-1.1659,0.937131,0.252085,-0.821539,0.797956,-0.293253,-0.243982,0.599143,-0.271486,0.260163,-0.274604,0.349965,-0.484998,0.228308,0.0843186,0.997616,-0.087267,-0.128614,-0.173461,-0.130479,0.0437225,0.250045,0.146732,0.0112986,0.2618,0.0132736,0.00602333,0.0293469,0.211143,-0.358441,-0.0596734,0.588862,0.00361372,-0.0245572,0.0222032,0.88,0.0889863,0.0881868,-0.992121,0.6,0,0,1.59024,1.14348,3
-1.65659,-0.865077,8.15483,0.532516,-0.525476,0.314958,-0.0779935,0.0786147,0.157844,-1.65659,-0.865077,8.15483,0.532516,-0.525476,0.314958,-0.0779935,0.0786147,0.157844,-0.355725,0.515835,-0.2851,0.276301,-0.377488,0.329662,-0.315129,0.100718,0.112327,0.779379,-0.087267,-0.130127,-0.180856,-0.116016,0.0105859,0.280768,0.199594,0.00485758,0.2618,0.0035449,0.049509,0.0563371,0.150345,-0.301295,-0.00676893,0.58295,0.00367052,-0.0187065,0.0175981,0,0,0,0,0,0,0,0,0,0,0,0,0,0,0,0,0,0,0,0,0,0,0,0,0,0,0,0,0,-0.263798,0.0184795,-0.134789,0.298326,-0.0808682,0.262415,-0.302467,0.328279,0.0502661,0.782851,-0.0257857,-0.00732894,-0.152423,0.00704526,-0.0684592,0.224578,0.229863,0.0328068,0.301696,-0.00337527,-0.00916847,0.0516664,0.166814,-0.247299,-0.0457362,0.624484,0.00141493,-0.0301928,0.0287461,0.0281601,-0.0527479,1.10724,1.41666,-1.71488,-0.266073,-3.45005,-1.67436,0.427232,3.41198,-0.956891,-2.19797,-0.913249,0.210425,0.46625,0.326935,-0.108216,0.0283737,-0.0336541,0.279318,0.524747,-0.291576,0.963612,-0.480571,0.00351061,0.210932,0.0333422,0.292945,-0.117906,0.773995,23.481,-8.27311,-12.4018,-8.43638,2.95825,1.39827,0.15626,0.271493,-0.348276,-0.0598511,0.269008,0.514319,-4.32763,2.31739,0.076683,-1.11488,-0.677105,-1.06817,-0.0160883,-0.252312,-0.0573145,-0.226561,-1.15959,-0.188695,-0.81256,6.3694e-06,-0.215236,0.0208707,0,0,0,0,0,0,0,0,0,0,0,0,0,0,0,0,0,0,0,0,0,0,0,0,0,0,0,0,0,2.55789,2.55789,2.55789,6.3088,6.3088,1.81445,2.55789,2.55789,1.81445,6.3088,6.3088,0.907223,0.907223,1.81445,1.81445,0.907223,0.907223,1.81445,1.81445,0.907223,0.907223,0.907223,0.907223,0.907223,0.907223,1.06814,1.06814,1.06814,1.06814,40.1792,40.1792,40.1792,99.0984,99.0984,28.5012,40.1792,40.1792,28.5012,99.0984,99.0984,14.2506,14.2506,28.5012,28.5012,14.2506,14.2506,28.5012,28.5012,14.2506,14.2506,14.2506,14.2506,14.2506,14.2506,16.7783,16.7783,16.7783,16.7783,0,0,0,0,0,0,0,0,0,0,0,0,0,0,0,0,0,0,0,0,0,0,0,0,0,0,0,0,0,0,0,0,0,0,0,0,0,0,0,0,0,0,0,0,0,0,0,0,0,0,0,0,0,0,0,0,0,0,0,0,0,0,0,0,0,0,0,0,0,0,0,0,0,0,0,0,0,0,0,0,0,0,0,0,0,0,0,0,0,0,0,0,0,0,0,0,0,0,0,0,0,0,0,0,0,0,0,0,0,0,0,0,0,0,0,0,0,-0.0779935,0.0786147,0.157844,0.184159,-0.113219,0.0241368,-0.000925337,-0.230963,-0.264527,0.0110758,-0.0154338,-0.412371,-0.185842,-0.228859,-0.079856,-0.00571376,0.00808273,0.0492681,0.942085,0.183944,0.112886,-0.25109,-0.520687,0.256118,0.128454,0.236213,-1.11988,0.314773,-0.0413157,-0.637494,0.751663,-0.296702,-0.355725,0.515835,-0.2851,0.276301,-0.377488,0.329662,-0.315129,0.100718,0.112327,0.779379,-0.087267,-0.130127,-0.180856,-0.116016,0.0105859,0.280768,0.199594,0.00485758,0.2618,0.0035449,0.049509,0.0563371,0.150345,-0.301295,-0.00676893,0.58295,0.00367052,-0.0187065,0.0175981,0.682,0.0785338,0.0776738,-0.993881,0.6,0,0,1.59024,1.14348,3
0.666702,-2.3201,7.84264,0.52588,-0.480833,0.197541,-0.0668165,0.0698434,0.16355,0.666702,-2.3201,7.84264,0.52588,-0.480833,0.197541,-0.0668165,0.0698434,0.16355,-0.506775,0.318956,-0.173031,0.284564,-0.552775,0.256593,-0.0801121,0.0492535,0.0472133,0.511861,-0.087267,-0.0746046,-0.168784,-0.0702517,-0.0372356,0.284318,0.215346,-0.0288762,0.2618,0.00499249,0.0428765,0.0785509,0.00785476,-0.274586,0.0370724,0.569618,0.00119372,-0.0285587,0.0150028,0,0,0,0,0,0,0,0,0,0,0,0,0,0,0,0,0,0,0,0,0,0,0,0,0,0,0,0,0,-0.260659,0.0189252,-0.11627,0.335654,-0.128442,0.261636,-0.345851,0.290636,0.0544659,0.801679,-0.0411712,-0.0439749,-0.158325,0.00697533,-0.0672977,0.2318,0.227457,0.0294715,0.300188,-0.000910389,0.0080623,0.0522569,0.182302,-0.255829,-0.0402023,0.631347,0.0020244,-0.0231855,0.024979,0.216207,0.116412,0.922661,1.87251,-2.2352,0.0393725,-1.49613,-2.00983,0.162965,-0.407203,-0.723932,-1.55173,0.0614305,-0.0744174,-0.0274021,0.458387,-0.118558,-0.245395,-0.0863828,0.073431,0.937582,0.109642,0.692955,-0.335442,0.433932,0.38673,0.0206542,0.373194,-0.167378,-4.34827,19.7109,-9.03437,-17.4895,-10.5824,1.85255,5.1369,-2.701,1.39739,-0.651284,-0.0558717,0.188183,-0.334447,-3.36066,2.28573,0.317542,-0.292264,-0.277412,-0.938606,-0.00377965,-0.247694,-0.0421324,-1.072,-0.327012,0.110587,-1.21323,0.00412369,-0.314334,0.0611492,0,0,0,0,0,0,0,0,0,0,0,0,0,0,0,0,0,0,0,0,0,0,0,0,0,0,0,0,0,2.55789,2.55789,2.55789,6.3088,6.3088,1.81445,2.55789,2.55789,1.81445,6.3088,6.3088,0.907223,0.907223,1.81445,1.81445,0.907223,0.907223,1.81445,1.81445,0.907223,0.907223,0.907223,0.907223,0.907223,0.907223,1.06814,1.06814,1.06814,1.06814,40.1792,40.1792,40.1792,99.0984,99.0984,28.5012,40.1792,40.1792,28.5012,99.0984,99.0984,14.2506,14.2506,28.5012,28.5012,14.2506,14.2506,28.5012,28.5012,14.2506,14.2506,14.2506,14.2506,14.2506,14.2506,16.7783,16.7783,16.7783,16.7783,0,0,0,0,0,0,0,0,0,0,0,0,0,0,0,0,0,0,0,0,0,0,0,0,0,0,0,0,0,0,0,0,0,0,0,0,0,0,0,0,0,0,0,0,0,0,0,0,0,0,0,0,0,0,0,0,0,0,0,0,0,0,0,0,0,0,0,0,0,0,0,0,0,0,0,0,0,0,0,0,0,0,0,0,0,0,0,0,0,0,0,0,0,0,0,0,0,0,0,0,0,0,0,0,0,0,0,0,0,0,0,0,0,0,0,0,0,-0.0668165,0.0698434,0.16355,0.192253,-0.43811,-0.0849009,0.0349899,-0.170064,-0.160181,-0.0658406,0.0845287,-0.384844,-0.296642,-0.407808,-0.355724,0.423504,0.0113834,0.0160228,0.582518,0.0899531,0.0977628,-0.383334,-0.316011,0.107651,0.179104,0.201377,-1.09632,-0.448122,-0.541191,-0.188853,0.585057,-0.170106,-0.506775,0.318956,-0.173031,0.284564,-0.552775,0.256593,-0.0801121,0.0492535,0.0472133,0.511861,-0.087267,-0.0746046,-0.168784,-0.0702517,-0.0372356,0.284318,0.215346,-0.0288762,0.2618,0.00499249,0.0428765,0.0785509,0.00785476,-0.274586,0.0370724,0.569618,0.00119372,-0.0285587,0.0150028,0.676,0.0697867,0.0666041,-0.995336,0.6,0,0,1.60957,1.16581,3
2.09867,-3.71893,6.67562,0.357322,-0.47431,-0.0336323,-0.0580627,0.0615157,0.165366,2.09867,-3.71893,6.67562,0.357322,-0.47431,-0.0336323,-0.0580627,0.0615157,0.165366,-0.629966,0.20015,-0.0599133,0.331478,-0.650489,0.208729,0.14824,0.158665,0.0295385,0.351039,-0.087267,0.00973937,-0.159972,-0.0537215,-0.0692425,0.246258,0.250515,-0.0253824,0.2618,0.0107044,0.0293973,0.123706,-0.0731748,-0.411605,-0.0121676,0.567537,-0.00150421,-0.0358575,0.0120639,0,0,0,0,0,0,0,0,0,0,0,0,0,0,0,0,0,0,0,0,0,0,0,0,0,0,0,0,0,-0.252303,0.0194842,-0.0973336,0.382374,-0.207356,0.255403,-0.348003,0.240058,0.0530591,0.742505,-0.0525825,-0.0599825,-0.144994,0.00950322,-0.0756472,0.243044,0.228638,0.0193205,0.299379,0.000538882,0.0229565,0.0597861,0.188908,-0.258309,-0.0256563,0.644188,0.00178736,-0.0170685,0.0212079,0.51761,-0.00592032,1.12264,2.09743,-3.87019,-0.484222,0.486755,-2.8404,-0.135206,-4.15157,-0.564832,-0.389045,0.956971,0.373896,-0.390816,0.731725,0.168294,-0.608483,-0.0826153,0.0697383,0.623413,0.385041,0.173869,0.0540196,0.899171,0.652621,-0.0223858,0.307313,-0.146622,-11.5164,12.008,-5.70286,-23.0151,-9.9334,0.850395,9.64277,-0.748301,0.102709,2.04544,0.0576536,0.177737,-1.15534,-2.80596,1.8666,-0.0213202,-0.323092,-0.306016,-0.944175,0.000930992,-0.287257,-0.0893917,-2.74485,-0.24098,0.118525,-1.95342,0.0127903,-0.513362,0.0611349,0,0,0,0,0,0,0,0,0,0,0,0,0,0,0,0,0,0,0,0,0,0,0,0,0,0,0,0,0,2.55789,2.55789,2.55789,6.3088,6.3088,1.81445,2.55789,2.55789,1.81445,6.3088,6.3088,0.907223,0.907223,1.81445,1.81445,0.907223,0.907223,1.81445,1.81445,0.907223,0.907223,0.907223,0.907223,0.907223,0.907223,1.06814,1.06814,1.06814,1.06814,40.1792,40.1792,40.1792,99.0984,99.0984,28.5012,40.1792,40.1792,28.5012,99.0984,99.0984,14.2506,14.2506,28.5012,28.5012,14.2506,14.2506,28.5012,28.5012,14.2506,14.2506,14.2506,14.2506,14.2506,14.2506,16.7783,16.7783,16.7783,16.7783,0,0,0,0,0,0,0,0,0,0,0,0,0,0,0,0,0,0,0,0,0,0,0,0,0,0,0,0,0,0,0,0,0,0,0,0,0,0,0,0,0,0,0,0,0,0,0,0,0,0,0,0,0,0,0,0,0,0,0,0,0,0,0,0,0,0,0,0,0,0,0,0,0,0,0,0,0,0,0,0,0,0,0,0,0,0,0,0,0,0,0,0,0,0,0,0,0,0,0,0,0,0,0,0,0,0,0,0,0,0,0,0,0,0,0,0,0,-0.0580627,0.0615157,0.165366,0.105472,-0.622866,-0.15788,0.11518,-0.482481,-0.12249,-0.0578743,-0.0277433,-0.364752,-0.301409,-0.435738,-0.580711,0.84055,0.0244071,-0.0201905,0.365539,0.289774,0.0670288,-0.481303,-0.109421,0.0673508,0.282061,0.16193,-0.96253,-0.906745,-0.819848,0.393473,0.475924,0.0222067,-0.629966,0.20015,-0.0599133,0.331478,-0.650489,0.208729,0.14824,0.158665,0.0295385,0.351039,-0.087267,0.00973937,-0.159972,-0.0537215,-0.0692425,0.246258,0.250515,-0.0253824,0.2618,0.0107044,0.0293973,0.123706,-0.0731748,-0.411605,-0.0121676,0.567537,-0.00150421,-0.0358575,0.0120639,1.086,0.0614769,0.0579203,-0.996427,0.6,0,0,1.6243,1.18778,3
1.38431,-3.1,4.9373,0.246112,-0.431397,-0.0876091,-0.0522827,0.053244,0.164229,1.38431,-3.1,4.9373,0.246112,-0.431397,-0.0876091,-0.0522827,0.053244,0.164229,-0.648327,0.170233,0.00630923,0.459659,-0.756293,0.174297,0.269544,0.228854,0.0929035,0.193623,-0.087267,0.0727227,-0.121241,0.053476,-0.0740348,0.234705,0.264513,-0.0354746,0.2618,0.019368,0.0100151,0.15761,-0.0489021,-0.515486,-0.0606787,0.568703,-0.00406789,-0.0388588,0.0102752,0,0,0,0,0,0,0,0,0,0,0,0,0,0,0,0,0,0,0,0,0,0,0,0,0,0,0,0,0,-0.240065,0.021232,-0.0694154,0.430032,-0.298869,0.241707,-0.319526,0.183727,0.0573612,0.633671,-0.0619512,-0.0497957,-0.120072,0.0203918,-0.0889309,0.257003,0.233452,0.00702276,0.298811,0.00296546,0.0307293,0.0747498,0.18714,-0.255204,-0.00821674,0.656558,0.000767898,-0.013047,0.0197051,0.580224,0.143693,1.59942,2.28161,-4.17734,-0.809501,1.76758,-2.7364,0.538785,-5.79052,-0.456973,0.884601,1.36817,0.71741,-0.629803,0.704735,0.285829,-0.565834,-0.0361032,0.123645,0.284807,0.804451,-0.199857,0.19987,0.827897,0.502557,-0.0516079,0.156083,-0.0404588,-17.1775,6.81841,-3.50871,-23.9526,-8.48183,0.455398,14.418,5.81025,-1.61677,7.74486,0.327718,0.0845599,-1.76398,-3.28588,1.74545,-0.770276,-0.00053978,0.0997349,-0.995866,-0.00165106,-0.282139,-0.0278128,-3.54262,-2.39616,-0.797622,-2.05195,0.0170864,-0.553352,-0.0820656,0,0,0,0,0,0,0,0,0,0,0,0,0,0,0,0,0,0,0,0,0,0,0,0,0,0,0,0,0,2.55789,2.55789,2.55789,6.3088,6.3088,1.81445,2.55789,2.55789,1.81445,6.3088,6.3088,0.907223,0.907223,1.81445,1.81445,0.907223,0.907223,1.81445,1.81445,0.907223,0.907223,0.907223,0.907223,0.907223,0.907223,1.06814,1.06814,1.06814,1.06814,40.1792,40.1792,40.1792,99.0984,99.0984,28.5012,40.1792,40.1792,28.5012,99.0984,99.0984,14.2506,14.2506,28.5012,28.5012,14.2506,14.2506,28.5012,28.5012,14.2506,14.2506,14.2506,14.2506,14.2506,14.2506,16.7783,16.7783,16.7783,16.7783,0,0,0,0,0,0,0,0,0,0,0,0,0,0,0,0,0,0,0,0,0,0,0,0,0,0,0,0,0,0,0,0,0,0,0,0,0,0,0,0,0,0,0,0,0,0,0,0,0,0,0,0,0,0,0,0,0,0,0,0,0,0,0,0,0,0,0,0,0,0,0,0,0,0,0,0,0,0,0,0,0,0,0,0,0,0,0,0,0,0,0,0,0,0,0,0,0,0,0,0,0,0,0,0,0,0,0,0,0,0,0,0,0,0,0,0,0,-0.0522827,0.053244,0.164229,0.0791314,-0.567522,-0.168807,0.147096,-0.719339,0.121931,-0.0808856,-0.138353,-0.276443,-0.327908,-0.420094,-0.614244,1.06209,0.044161,-0.054602,0.310902,0.417963,0.0228353,-0.521589,0.0115227,0.211829,0.359367,0.137921,-0.596988,-1.35566,-1.12157,0.74174,0.397414,0.165815,-0.648327,0.170233,0.00630923,0.459659,-0.756293,0.174297,0.269544,0.228854,0.0929035,0.193623,-0.087267,0.0727227,-0.121241,0.053476,-0.0740348,0.234705,0.264513,-0.0354746,0.2618,0.019368,0.0100151,0.15761,-0.0489021,-0.515486,-0.0606787,0.568703,-0.00406789,-0.0388588,0.0102752,0.605,0.0532188,0.0521848,-0.997218,0.6,0,0,1.6243,1.18778,3
1.41634,-2.69526,3.65661,0.109196,-0.474025,0.0776866,-0.0488098,0.0447338,0.164596,1.41634,-2.69526,3.65661,0.109196,-0.474025,0.0776866,-0.0488098,0.0447338,0.164596,-0.612081,0.00446564,0.124182,0.683903,-0.789324,0.094187,0.211235,0.218509,0.169211,0.100048,-0.0850297,0.0895137,-0.0845177,0.157496,-0.046499,0.286347,0.330261,0.00276034,0.2618,0.0257141,-0.0375242,0.143679,0.00664891,-0.46149,-0.0485348,0.570609,-0.00639629,-0.0423213,0.0152417,0,0,0,0,0,0,0,0,0,0,0,0,0,0,0,0,0,0,0,0,0,0,0,0,0,0,0,0,0,-0.2333,0.027268,-0.03603,0.489801,-0.400404,0.22303,-0.271458,0.136676,0.083523,0.504003,-0.0691689,-0.0219636,-0.0889015,0.0364025,-0.102832,0.268915,0.240776,-0.00516344,0.298273,0.00694016,0.0318046,0.0955147,0.182272,-0.251888,0.004392,0.662407,-0.000657164,-0.0118148,0.0198172,0.149754,0.400349,1.71757,3.08132,-4.54632,-0.974905,2.61117,-2.084,1.85696,-6.46072,-0.355692,1.50908,1.63111,0.910151,-0.585225,0.539235,0.406831,-0.571,-0.0655604,0.201236,-0.0474233,1.02003,-0.229897,0.100549,0.49963,0.125597,-0.0661552,0.00349507,0.0140176,-17.1548,4.75717,-2.55688,-21.8928,-6.46827,0.326933,15.2433,8.95663,-2.84221,9.48672,0.413233,-0.000424893,-1.89405,-1.04744,1.927,-0.973192,-0.0143278,0.171922,-0.934871,-0.00489224,-0.278488,-0.0384212,-3.08736,-3.85905,-1.38966,-1.7347,0.0139115,-0.468583,-0.1762,0,0,0,0,0,0,0,0,0,0,0,0,0,0,0,0,0,0,0,0,0,0,0,0,0,0,0,0,0,2.55789,2.55789,2.55789,6.3088,6.3088,1.81445,2.55789,2.55789,1.81445,6.3088,6.3088,0.907223,0.907223,1.81445,1.81445,0.907223,0.907223,1.81445,1.81445,0.907223,0.907223,0.907223,0.907223,0.907223,0.907223,1.06814,1.06814,1.06814,1.06814,40.1792,40.1792,40.1792,99.0984,99.0984,28.5012,40.1792,40.1792,28.5012,99.0984,99.0984,14.2506,14.2506,28.5012,28.5012,14.2506,14.2506,28.5012,28.5012,14.2506,14.2506,14.2506,14.2506,14.2506,14.2506,16.7783,16.7783,16.7783,16.7783,0,0,0,0,0,0,0,0,0,0,0,0,0,0,0,0,0,0,0,0,0,0,0,0,0,0,0,0,0,0,0,0,0,0,0,0,0,0,0,0,0,0,0,0,0,0,0,0,0,0,0,0,0,0,0,0,0,0,0,0,0,0,0,0,0,0,0,0,0,0,0,0,0,0,0,0,0,0,0,0,0,0,0,0,0,0,0,0,0,0,0,0,0,0,0,0,0,0,0,0,0,0,0,0,0,0,0,0,0,0,0,0,0,0,0,0,0,-0.0488098,0.0447338,0.164596,0.19688,-0.44086,-0.106022,0.297009,-0.596224,0.359106,0.00629384,-0.110664,-0.192709,-0.322603,-0.394506,-0.548046,0.9556,0.0586307,-0.0858553,0.00815573,0.39907,-0.0855589,-0.568065,0.226798,0.385819,0.327603,0.204584,0.0424984,-1.62251,-1.21577,0.792703,0.214756,0.2041,-0.612081,0.00446564,0.124182,0.683903,-0.789324,0.094187,0.211235,0.218509,0.169211,0.100048,-0.0850297,0.0895137,-0.0845177,0.157496,-0.046499,0.286347,0.330261,0.00276034,0.2618,0.0257141,-0.0375242,0.143679,0.00664891,-0.46149,-0.0485348,0.570609,-0.00639629,-0.0423213,0.0152417,0.889,0.0447189,0.0487416,-0.99781,0.6,0,0,1.63798,1.20181,3
-7.98038,9.83594,23.7013,0.101764,-0.525342,0.237647,-0.0477896,0.0331574,0.167976,-7.98038,9.83594,23.7013,0.101764,-0.525342,0.237647,-0.0477896,0.0331574,0.167976,-0.744835,-0.218524,0.222512,1.21023,-0.896526,-0.0347578,0.104956,-0.0410226,0.52,0.0261498,-0.087267,0.0238526,-0.0536211,0.309685,-0.00833818,0.35436,0.473043,0.0495502,0.2618,0.0370848,-0.0631956,0.107097,0.0222459,-0.357815,-0.0230341,0.568251,-0.00709087,-0.0452994,0.022064,0,0,0,0,0,0,0,0,0,0,0,0,0,0,0,0,0,0,0,0,0,0,0,0,0,0,0,0,0,-0.245872,0.0424602,-0.00894868,0.568237,-0.495389,0.194099,-0.220422,0.110297,0.125133,0.398317,-0.103016,0.000764937,-0.0519331,0.0509286,-0.105936,0.280346,0.247504,-0.0097572,0.298178,0.01176,0.020524,0.108632,0.178632,-0.251426,0.0112789,0.662548,-0.00232121,-0.0136304,0.0207959,-1.00954,1.82268,0.838155,4.27816,-4.02584,-1.51234,2.58419,0.150693,0.712893,-3.15444,-2.73521,-0.90585,1.92626,-0.284811,-0.111684,0.314204,0.0704821,-0.0461158,0.435832,0.245702,-0.760006,0.51239,-0.314104,-0.095748,0.13161,0.185061,-0.0775616,-0.158397,0.0322189,-12.2855,-4.90027,2.89202,-14.4274,-3.42429,-0.176357,10.6625,5.10194,-1.61443,-7.46081,22.5944,1.19981,-2.22997,2.68624,1.77675,-0.310617,0.981024,0.493104,-1.42744,-0.0178178,-0.152905,0.0370403,-2.25447,-2.96699,-1.02634,-1.62183,0.0148797,-0.321394,-0.136599,0,0,0,0,0,0,0,0,0,0,0,0,0,0,0,0,0,0,0,0,0,0,0,0,0,0,0,0,0,2.55789,2.55789,2.55789,6.3088,6.3088,1.81445,2.55789,2.55789,1.81445,6.3088,6.3088,0.907223,0.907223,1.81445,1.81445,0.907223,0.907223,1.81445,1.81445,0.907223,0.907223,0.907223,0.907223,0.907223,0.907223,1.06814,1.06814,1.06814,1.06814,40.1792,40.1792,40.1792,99.0984,99.0984,28.5012,40.1792,40.1792,28.5012,99.0984,99.0984,14.2506,14.2506,28.5012,28.5012,14.2506,14.2506,28.5012,28.5012,14.2506,14.2506,14.2506,14.2506,14.2506,14.2506,16.7783,16.7783,16.7783,16.7783,0,0,0,0,0,0,0,0,0,0,0,0,0,0,0,0,0,0,0,0,0,0,0,0,0,0,0,0,0,0,0,0,0,0,0,0,0,0,0,0,0,0,0,0,0,0,0,0,0,0,0,0,0,0,0,0,0,0,0,0,0,0,0,0,0,0,0,0,0,0,0,0,0,0,0,0,0,0,0,0,0,0,0,0,0,0,0,0,0,0,0,0,0,0,0,0,0,0,0,0,0,0,0,0,0,0,0,0,0,0,0,0,0,0,0,0,0,-0.0477896,0.0331574,0.167976,0.351956,-0.405297,-0.0190119,0.622566,-0.359835,0.706112,0.112979,-0.05252,-0.122262,-0.246205,-0.426155,-0.790499,0.761498,0.084557,-0.0951783,-0.399097,-0.0749208,-0.144092,-0.608038,0.40638,1.27372,0.244193,0.296158,1.54346,-1.83325,-1.52148,0.0911922,-0.0792512,0.0543863,-0.744835,-0.218524,0.222512,1.21023,-0.896526,-0.0347578,0.104956,-0.0410226,0.52,0.0261498,-0.087267,0.0238526,-0.0536211,0.309685,-0.00833818,0.35436,0.473043,0.0495502,0.2618,0.0370848,-0.0631956,0.107097,0.0222459,-0.357815,-0.0230341,0.568251,-0.00709087,-0.0452994,0.022064,0.722,0.0331513,0.0477452,-0.998309,0.6,0,0,1.63798,1.20181,3
-2.4347,1.51287,15.6264,0.210005,-0.274867,0.0746455,-0.0427728,0.0252126,0.17172,-2.4347,1.51287,15.6264,0.210005,-0.274867,0.0746455,-0.0427728,0.0252126,0.17172,-0.942655,-0.0702551,0.127248,1.45911,-0.835216,-0.0857818,0.0802612,-0.196878,0.52,0.121334,-0.087267,0.0304113,-0.0506121,0.208388,-0.00882773,0.252668,0.442406,0.0231536,0.2618,0.0559792,-0.0244104,0.151898,0.09327,-0.32461,-0.00741732,0.565281,-0.00663386,-0.0563683,0.0129259,0,0,0,0,0,0,0,0,0,0,0,0,0,0,0,0,0,0,0,0,0,0,0,0,0,0,0,0,0,-0.300995,0.104955,-0.00696854,0.710621,-0.601528,0.139171,-0.191562,0.143159,0.0934933,0.358121,-0.111763,-0.0332038,-0.016411,0.0138844,-0.0982427,0.287558,0.239995,-0.00606767,0.307834,0.0180702,0.00614215,0.108909,0.167116,-0.257632,0.0108747,0.670622,-0.00384203,-0.0150424,0.0221496,-3.22004,3.46469,-0.0109608,7.93173,-4.65684,-2.80085,1.11067,2.26589,-2.06274,-1.70128,0.582578,-1.66196,1.44646,-2.2867,0.377283,0.487306,-0.422921,0.236644,0.253981,0.29669,-0.683312,-0.127497,-0.779896,-0.318556,-0.0872487,0.463261,-0.068782,-0.00915039,0.0648342,-9.72869,-21.6481,9.27639,0.544014,0.210035,0.125043,9.16109,-12.8718,15.8581,-22.4525,-0.356696,2.31395,-1.8954,12.4776,1.817,0.548231,3.71646,1.1574,-1.85294,0.00138882,-0.382283,0.0864884,-1.41163,-1.12997,-0.413539,-2.19568,0.0189692,-0.487565,-0.0731528,0,0,0,0,0,0,0,0,0,0,0,0,0,0,0,0,0,0,0,0,0,0,0,0,0,0,0,0,0,2.55789,2.55789,2.55789,6.3088,6.3088,1.81445,2.55789,2.55789,1.81445,6.3088,6.3088,0.907223,0.907223,1.81445,1.81445,0.907223,0.907223,1.81445,1.81445,0.907223,0.907223,0.907223,0.907223,0.907223,0.907223,1.06814,1.06814,1.06814,1.06814,40.1792,40.1792,40.1792,99.0984,99.0984,28.5012,40.1792,40.1792,28.5012,99.0984,99.0984,14.2506,14.2506,28.5012,28.5012,14.2506,14.2506,28.5012,28.5012,14.2506,14.2506,14.2506,14.2506,14.2506,14.2506,16.7783,16.7783,16.7783,16.7783,0,0,0,0,0,0,0,0,0,0,0,0,0,0,0,0,0,0,0,0,0,0,0,0,0,0,0,0,0,0,0,0,0,0,0,0,0,0,0,0,0,0,0,0,0,0,0,0,0,0,0,0,0,0,0,0,0,0,0,0,0,0,0,0,0,0,0,0,0,0,0,0,0,0,0,0,0,0,0,0,0,0,0,0,0,0,0,0,0,0,0,0,0,0,0,0,0,0,0,0,0,0,0,0,0,0,0,0,0,0,0,0,0,0,0,0,0,-0.0427728,0.0252126,0.17172,0.120089,-0.243355,-0.0201281,0.552711,-0.284123,0.475146,0.0527926,-0.0169122,-0.115401,-0.291412,-0.466017,-1.15178,0.716398,0.127638,-0.089044,-0.128309,-0.359565,-0.0556582,-0.756613,0.232396,1.69709,0.346343,0.173501,2.25321,-1.56181,-1.34664,-0.481573,-0.195591,0.0693408,-0.942655,-0.0702551,0.127248,1.45911,-0.835216,-0.0857818,0.0802612,-0.196878,0.52,0.121334,-0.087267,0.0304113,-0.0506121,0.208388,-0.00882773,0.252668,0.442406,0.0231536,0.2618,0.0559792,-0.0244104,0.151898,0.09327,-0.32461,-0.00741732,0.565281,-0.00663386,-0.0563683,0.0129259,0.815,0.0252099,0.0427461,-0.998768,0.6,0,0,1.64981,1.20469,3
-2.25305,-1.06364,12.0306,-0.0360335,-0.177504,0.334959,-0.0407652,0.0200486,0.176606,-2.25305,-1.06364,12.0306,-0.0360335,-0.177504,0.334959,-0.0407652,0.0200486,0.176606,-0.99958,0.00555953,0.0104097,1.49662,-0.71867,-0.103712,-0.0080846,-0.315513,0.52,0.177045,-0.087267,-0.00361386,-0.0226345,-0.000421645,-0.0284199,0.194512,0.373357,0.00227951,0.2618,0.0371069,-0.0600634,0.231928,0.141219,-0.36136,-0.0226435,0.57824,-0.00516522,-0.0497155,0.0161147,0,0,0,0,0,0,0,0,0,0,0,0,0,0,0,0,0,0,0,0,0,0,0,0,0,0,0,0,0,-0.384849,0.164216,-0.0164816,0.89374,-0.664719,0.0800475,-0.183826,0.189391,0.05452,0.330825,-0.0977623,-0.0599063,0.0036191,-0.0288487,-0.082452,0.295532,0.236566,-0.00838907,0.309259,0.0274064,0.00124927,0.115902,0.157999,-0.262965,0.00829745,0.671267,-0.00476364,-0.0180669,0.0204464,-4.28667,2.46127,-0.541507,9.24074,-2.63377,-2.69819,0.164486,2.20368,-1.6097,-1.15743,0.669564,-1.13191,0.55574,-1.79089,0.753876,0.246519,-0.0114866,-0.167172,0.0169983,0.467454,-0.0878913,0.460861,-0.329895,-0.174874,-0.142617,-0.17101,-0.0357439,-0.251659,-0.125641,-11.5648,-15.8342,7.20029,-1.40004,-0.257704,0.175733,10.2193,-21.0956,16.2869,-13.5271,-3.13653,2.31002,-1.35402,10.1084,0.682744,-0.858146,2.97273,1.21934,-1.38281,-0.0164732,-0.282103,0.101151,-0.629276,-0.698487,-0.0959679,-1.61591,0.007173,-0.391816,0.00521218,0,0,0,0,0,0,0,0,0,0,0,0,0,0,0,0,0,0,0,0,0,0,0,0,0,0,0,0,0,2.55789,2.55789,2.55789,6.3088,6.3088,1.81445,2.55789,2.55789,1.81445,6.3088,6.3088,0.907223,0.907223,1.81445,1.81445,0.907223,0.907223,1.81445,1.81445,0.907223,0.907223,0.907223,0.907223,0.907223,0.907223,1.06814,1.06814,1.06814,1.06814,40.1792,40.1792,40.1792,99.0984,99.0984,28.5012,40.1792,40.1792,28.5012,99.0984,99.0984,14.2506,14.2506,28.5012,28.5012,14.2506,14.2506,28.5012,28.5012,14.2506,14.2506,14.2506,14.2506,14.2506,14.2506,16.7783,16.7783,16.7783,16.7783,0,0,0,0,0,0,0,0,0,0,0,0,0,0,0,0,0,0,0,0,0,0,0,0,0,0,0,0,0,0,0,0,0,0,0,0,0,0,0,0,0,0,0,0,0,0,0,0,0,0,0,0,0,0,0,0,0,0,0,0,0,0,0,0,0,0,0,0,0,0,0,0,0,0,0,0,0,0,0,0,0,0,0,0,0,0,0,0,0,0,0,0,0,0,0,0,0,0,0,0,0,0,0,0,0,0,0,0,0,0,0,0,0,0,0,0,0,-0.0407652,0.0200486,0.176606,-0.012514,-0.134028,-0.0648002,0.395271,-0.367916,-0.000961394,0.00519752,-0.0516295,-0.0516089,-0.315353,-0.292079,-1.25575,0.55505,0.0846075,-0.069331,0.0101535,-0.576231,-0.136951,-0.667314,0.0190115,1.74002,0.52882,0.216303,2.36017,-1.40293,-1.01428,-0.375764,-0.236473,-0.00823996,-0.99958,0.00555953,0.0104097,1.49662,-0.71867,-0.103712,-0.0080846,-0.315513,0.52,0.177045,-0.087267,-0.00361386,-0.0226345,-0.000421645,-0.0284199,0.194512,0.373357,0.00227951,0.2618,0.0371069,-0.0600634,0.231928,0.141219,-0.36136,-0.0226435,0.57824,-0.00516522,-0.0497155,0.0161147,0.574,0.0200472,0.0407458,-0.998968,0.6,0,0,1.65926,1.21175,3
-2.16425,0.113783,11.1222,-0.129458,0.00195265,0.59897,-0.0424136,0.0182902,0.186612,-2.16425,0.113783,11.1222,-0.129458,0.00195265,0.59897,-0.0424136,0.0182902,0.186612,-1.04953,0.0413808,-0.0286275,1.47641,-0.612227,-0.0882491,-0.0262612,-0.367451,0.52,0.233795,-0.087267,-0.0726553,-0.00404919,-0.0998457,-0.0097523,0.180677,0.331098,-0.0110354,0.2618,0.019398,-0.0814044,0.27515,0.163435,-0.383503,-0.0450652,0.587956,-0.00423059,-0.0366146,0.0192792,0,0,0,0,0,0,0,0,0,0,0,0,0,0,0,0,0,0,0,0,0,0,0,0,0,0,0,0,0,-0.471375,0.19587,-0.0343923,1.0634,-0.679748,0.0301601,-0.188542,0.227653,0.0283702,0.314055,-0.0885411,-0.077806,0.00700904,-0.0572771,-0.0647148,0.295839,0.237418,-0.0139972,0.31264,0.030939,-0.00606772,0.140561,0.15591,-0.266213,0.00463977,0.663438,-0.00495963,-0.0229381,0.0191133,-4.10238,0.954598,-0.977864,7.64697,-0.53189,-2.20347,-0.370516,1.67999,-1.0517,-0.653247,0.333856,-0.803029,-0.114191,-1.12313,0.809914,-0.169528,0.0233784,-0.217941,0.175994,0.0888376,-0.435101,1.40421,-0.0184305,-0.162823,-0.188747,-0.459153,-0.00301312,-0.25406,-0.0460771,-10.835,-10.3191,4.28265,-5.17631,-0.512267,0.189565,8.17504,-26.1175,15.9691,-9.43589,-2.02855,1.76865,-0.374256,3.72249,-0.46604,-1.32982,1.91371,0.890456,-1.77555,0.005359,-0.382362,0.0470313,-0.190623,-1.20995,-0.219972,-0.950049,-0.000159718,-0.186359,-0.00108573,0,0,0,0,0,0,0,0,0,0,0,0,0,0,0,0,0,0,0,0,0,0,0,0,0,0,0,0,0,2.55789,2.55789,2.55789,6.3088,6.3088,1.81445,2.55789,2.55789,1.81445,6.3088,6.3088,0.907223,0.907223,1.81445,1.81445,0.907223,0.907223,1.81445,1.81445,0.907223,0.907223,0.907223,0.907223,0.907223,0.907223,1.06814,1.06814,1.06814,1.06814,40.1792,40.1792,40.1792,99.0984,99.0984,28.5012,40.1792,40.1792,28.5012,99.0984,99.0984,14.2506,14.2506,28.5012,28.5012,14.2506,14.2506,28.5012,28.5012,14.2506,14.2506,14.2506,14.2506,14.2506,14.2506,16.7783,16.7783,16.7783,16.7783,0,0,0,0,0,0,0,0,0,0,0,0,0,0,0,0,0,0,0,0,0,0,0,0,0,0,0,0,0,0,0,0,0,0,0,0,0,0,0,0,0,0,0,0,0,0,0,0,0,0,0,0,0,0,0,0,0,0,0,0,0,0,0,0,0,0,0,0,0,0,0,0,0,0,0,0,0,0,0,0,0,0,0,0,0,0,0,0,0,0,0,0,0,0,0,0,0,0,0,0,0,0,0,0,0,0,0,0,0,0,0,0,0,0,0,0,0,-0.0424136,0.0182902,0.186612,-0.0440586,-0.0833722,-0.0222362,0.298917,-0.418406,-0.227658,-0.0251617,-0.102753,-0.00923255,-0.223682,-0.161668,-1.34697,0.521853,0.0442294,-0.0567858,0.075575,-0.671087,-0.18561,-0.491465,-0.0522833,1.67798,0.627369,0.258778,2.30253,-1.2411,-0.710733,-0.296911,-0.201217,-0.165661,-1.04953,0.0413808,-0.0286275,1.47641,-0.612227,-0.0882491,-0.0262612,-0.367451,0.52,0.233795,-0.087267,-0.0726553,-0.00404919,-0.0998457,-0.0097523,0.180677,0.331098,-0.0110354,0.2618,0.019398,-0.0814044,0.27515,0.163435,-0.383503,-0.0450652,0.587956,-0.00423059,-0.0366146,0.0192792,0.62,0.0182892,0.0423938,-0.998933,0.6,0,0,1.65926,1.21175,3
-2.19945,0.838121,10.4708,-0.118204,0.188528,0.741952,-0.0447885,0.0205541,0.200303,-2.19945,0.838121,10.4708,-0.118204,0.188528,0.741952,-0.0447885,0.0205541,0.200303,-1.07903,0.0901677,-0.038234,1.46286,-0.53724,-0.0767225,0.0325903,-0.344675,0.52,0.238767,-0.087267,-0.0895014,0.000190906,-0.0831221,0.0569609,0.186406,0.305618,-0.0254409,0.2618,0.0092543,-0.0510367,0.282371,0.180703,-0.389379,-0.0566622,0.593054,-0.0018356,-0.0284716,0.0213961,0,0,0,0,0,0,0,0,0,0,0,0,0,0,0,0,0,0,0,0,0,0,0,0,0,0,0,0,0,-0.549538,0.202349,-0.0516033,1.19075,-0.661854,-0.003468,-0.202304,0.255481,0.011855,0.307896,-0.0854066,-0.0946388,-0.000431118,-0.0734569,-0.0472394,0.289444,0.237153,-0.0185967,0.316324,0.0282943,-0.017605,0.174082,0.15719,-0.269392,-0.000952884,0.654193,-0.00484105,-0.0253979,0.0194412,-3.65038,-0.0944888,-0.736572,5.39636,0.873991,-1.3979,-0.784737,1.19942,-0.677315,-0.129837,0.06152,-0.86155,-0.525211,-0.621065,0.782524,-0.444132,-0.0760646,-0.179624,0.136645,-0.174364,-0.594283,1.63915,0.0750353,-0.182633,-0.31628,-0.422803,0.00894404,-0.0744978,0.0241626,-10.8645,-6.42903,2.83262,-5.93116,-0.613977,0.126493,9.03603,-28.0912,15.7252,-6.43469,-0.636664,1.07291,0.387109,0.398222,-0.38476,-1.1854,1.39315,0.556387,-1.82082,0.030106,-0.378604,-0.0376361,0.0174824,-1.47281,-0.351152,-0.658676,0.000976462,-0.107094,-0.0301348,0,0,0,0,0,0,0,0,0,0,0,0,0,0,0,0,0,0,0,0,0,0,0,0,0,0,0,0,0,2.55789,2.55789,2.55789,6.3088,6.3088,1.81445,2.55789,2.55789,1.81445,6.3088,6.3088,0.907223,0.907223,1.81445,1.81445,0.907223,0.907223,1.81445,1.81445,0.907223,0.907223,0.907223,0.907223,0.907223,0.907223,1.06814,1.06814,1.06814,1.06814,40.1792,40.1792,40.1792,99.0984,99.0984,28.5012,40.1792,40.1792,28.5012,99.0984,99.0984,14.2506,14.2506,28.5012,28.5012,14.2506,14.2506,28.5012,28.5012,14.2506,14.2506,14.2506,14.2506,14.2506,14.2506,16.7783,16.7783,16.7783,16.7783,0,0,0,0,0,0,0,0,0,0,0,0,0,0,0,0,0,0,0,0,0,0,0,0,0,0,0,0,0,0,0,0,0,0,0,0,0,0,0,0,0,0,0,0,0,0,0,0,0,0,0,0,0,0,0,0,0,0,0,0,0,0,0,0,0,0,0,0,0,0,0,0,0,0,0,0,0,0,0,0,0,0,0,0,0,0,0,0,0,0,0,0,0,0,0,0,0,0,0,0,0,0,0,0,0,0,0,0,0,0,0,0,0,0,0,0,0,-0.0447885,0.0205541,0.200303,-0.0309958,-0.0439983,0.129877,0.240819,-0.431803,-0.189527,-0.0580079,-0.129195,0.000435284,-0.117607,-0.0932352,-1.40085,0.629335,0.0211007,-0.0246387,0.164676,-0.629489,-0.116369,-0.382165,-0.0698278,1.61199,0.643833,0.287192,2.26391,-1.22692,-0.496888,-0.215536,-0.174935,-0.204072,-1.07903,0.0901677,-0.038234,1.46286,-0.53724,-0.0767225,0.0325903,-0.344675,0.52,0.238767,-0.087267,-0.0895014,0.000190906,-0.0831221,0.0569609,0.186406,0.305618,-0.0254409,0.2618,0.0092543,-0.0510367,0.282371,0.180703,-0.389379,-0.0566622,0.593054,-0.0018356,-0.0284716,0.0213961,0.867,0.0205526,0.044764,-0.998786,0.6,0,0,1.65962,1.20773,3
-1.14248,0.834108,10.1543,-0.0853252,0.246892,0.812895,-0.046621,0.0260733,0.217577,-1.14248,0.834108,10.1543,-0.0853252,0.246892,0.812895,-0.046621,0.0260733,0.217577,-1.07153,0.133147,-0.0641854,1.43404,-0.472604,-0.08585,0.0565946,-0.324324,0.52,0.229823,-0.087267,-0.049426,-0.0106031,-0.0696769,0.0975825,0.216576,0.273977,-0.0366524,0.2618,0.00727853,-0.0157253,0.263769,0.219751,-0.381279,-0.0621604,0.597766,0.000385774,-0.0209286,0.020959,0,0,0,0,0,0,0,0,0,0,0,0,0,0,0,0,0,0,0,0,0,0,0,0,0,0,0,0,0,-0.62332,0.195291,-0.0619769,1.28444,-0.625288,-0.0259984,-0.218459,0.279399,0.00048379,0.304132,-0.0839846,-0.114285,-0.0154459,-0.0845388,-0.0306996,0.277482,0.234358,-0.0237742,0.317232,0.0225865,-0.0224055,0.20636,0.159663,-0.273928,-0.00883764,0.647671,-0.00409447,-0.0247438,0.0205613,-3.07151,-0.445898,-0.27154,3.44035,1.47405,-0.834657,-0.633921,1.02264,-0.391342,-0.206275,0.046768,-0.807371,-0.781861,-0.441235,0.662852,-0.608459,-0.189391,-0.229873,0.00637786,-0.253984,-0.0756905,1.26536,0.115434,-0.236611,-0.354118,-0.192501,0.0347148,0.0732494,0.047763,-10.5502,-3.17248,1.7146,-4.25218,-0.590959,0.0711481,11.7247,-27.6352,15.5363,-5.24691,-0.649435,1.08703,0.897474,0.832911,1.28092,-0.772022,1.17046,0.367555,-1.60077,0.0396113,-0.335039,-0.0674525,0.194463,-1.44351,-0.364839,-0.698213,0.000701122,-0.134687,-0.0377548,0,0,0,0,0,0,0,0,0,0,0,0,0,0,0,0,0,0,0,0,0,0,0,0,0,0,0,0,0,2.55789,2.55789,2.55789,6.3088,6.3088,1.81445,2.55789,2.55789,1.81445,6.3088,6.3088,0.907223,0.907223,1.81445,1.81445,0.907223,0.907223,1.81445,1.81445,0.907223,0.907223,0.907223,0.907223,0.907223,0.907223,1.06814,1.06814,1.06814,1.06814,40.1792,40.1792,40.1792,99.0984,99.0984,28.5012,40.1792,40.1792,28.5012,99.0984,99.0984,14.2506,14.2506,28.5012,28.5012,14.2506,14.2506,28.5012,28.5012,14.2506,14.2506,14.2506,14.2506,14.2506,14.2506,16.7783,16.7783,16.7783,16.7783,0,0,0,0,0,0,0,0,0,0,0,0,0,0,0,0,0,0,0,0,0,0,0,0,0,0,0,0,0,0,0,0,0,0,0,0,0,0,0,0,0,0,0,0,0,0,0,0,0,0,0,0,0,0,0,0,0,0,0,0,0,0,0,0,0,0,0,0,0,0,0,0,0,0,0,0,0,0,0,0,0,0,0,0,0,0,0,0,0,0,0,0,0,0,0,0,0,0,0,0,0,0,0,0,0,0,0,0,0,0,0,0,0,0,0,0,0,-0.046621,0.0260733,0.217577,0.0377949,0.0450349,0.222498,0.168675,-0.413333,-0.15887,-0.0835711,-0.141732,-0.0241762,-0.0277892,-0.0299911,-1.38715,0.673175,0.0165958,0.00517811,0.243171,-0.592322,-0.0358553,-0.280917,-0.117224,1.50075,0.60142,0.281325,2.18172,-1.25242,-0.312563,-0.194726,-0.195746,-0.112696,-1.07153,0.133147,-0.0641854,1.43404,-0.472604,-0.08585,0.0565946,-0.324324,0.52,0.229823,-0.087267,-0.049426,-0.0106031,-0.0696769,0.0975825,0.216576,0.273977,-0.0366524,0.2618,0.00727853,-0.0157253,0.263769,0.219751,-0.381279,-0.0621604,0.597766,0.000385774,-0.0209286,0.020959,0.664,0.0255016,0.0464597,-0.998594,0.6,0,0,1.65962,1.20773,3
-0.019329,0.646991,9.86998,-0.0711697,0.186712,0.821771,-0.0475815,0.0306458,0.232271,-0.019329,0.646991,9.86998,-0.0711697,0.186712,0.821771,-0.0475815,0.0306458,0.232271,-1.0144,0.177457,-0.137133,1.32982,-0.377366,-0.0905465,0.0180635,-0.346836,0.52,0.254163,-0.087267,-0.0428591,-0.0306453,-0.105845,0.112538,0.241567,0.270047,-0.0227781,0.2618,0.00427357,-0.00433239,0.235237,0.246521,-0.358957,-0.0481487,0.600681,0.00128292,-0.0198489,0.023666,0,0,0,0,0,0,0,0,0,0,0,0,0,0,0,0,0,0,0,0,0,0,0,0,0,0,0,0,0,-0.673683,0.18695,-0.0645351,1.33169,-0.587784,-0.0408199,-0.227246,0.297713,-0.00411167,0.298268,-0.0828896,-0.125915,-0.0314789,-0.0921306,-0.0190457,0.266688,0.229802,-0.0282091,0.315883,0.0183711,-0.0177343,0.222609,0.163056,-0.278102,-0.015579,0.645218,-0.00313159,-0.0221209,0.021255,-2.57571,-0.456197,-0.0568638,2.06925,1.89939,-0.755288,-0.370838,1.0276,-0.146646,-0.400237,0.0646829,-0.543656,-0.967861,-0.412297,0.629049,-0.57296,-0.305883,-0.254723,-0.0975956,-0.215217,0.377164,0.69989,0.238779,-0.230583,-0.367651,-0.0883873,0.0539129,0.169606,0.0292686,-9.46697,-1.02678,0.199949,-3.23866,-0.590615,0.0873823,12.3955,-27.5306,15.2411,-4.4029,-0.840769,1.58421,1.1352,1.36942,2.19851,-0.202022,0.886806,0.209543,-1.37195,0.0363186,-0.302804,-0.0582528,0.604349,-1.26829,-0.334107,-0.691706,0.00148576,-0.155395,-0.0372493,0,0,0,0,0,0,0,0,0,0,0,0,0,0,0,0,0,0,0,0,0,0,0,0,0,0,0,0,0,2.55789,2.55789,2.55789,6.3088,6.3088,1.81445,2.55789,2.55789,1.81445,6.3088,6.3088,0.907223,0.907223,1.81445,1.81445,0.907223,0.907223,1.81445,1.81445,0.907223,0.907223,0.907223,0.907223,0.907223,0.907223,1.06814,1.06814,1.06814,1.06814,40.1792,40.1792,40.1792,99.0984,99.0984,28.5012,40.1792,40.1792,28.5012,99.0984,99.0984,14.2506,14.2506,28.5012,28.5012,14.2506,14.2506,28.5012,28.5012,14.2506,14.2506,14.2506,14.2506,14.2506,14.2506,16.7783,16.7783,16.7783,16.7783,0,0,0,0,0,0,0,0,0,0,0,0,0,0,0,0,0,0,0,0,0,0,0,0,0,0,0,0,0,0,0,0,0,0,0,0,0,0,0,0,0,0,0,0,0,0,0,0,0,0,0,0,0,0,0,0,0,0,0,0,0,0,0,0,0,0,0,0,0,0,0,0,0,0,0,0,0,0,0,0,0,0,0,0,0,0,0,0,0,0,0,0,0,0,0,0,0,0,0,0,0,0,0,0,0,0,0,0,0,0,0,0,0,0,0,0,0,-0.0475815,0.0306458,0.232271,0.0947767,0.106073,0.256597,0.159715,-0.362439,-0.241338,-0.0519363,-0.109784,-0.0698744,0.00460853,0.009145,-1.28282,0.602805,0.00974417,0.0172202,0.324095,-0.633436,-0.00987828,-0.266426,-0.250451,1.2656,0.536364,0.317661,1.8845,-1.18301,-0.0409684,-0.104559,-0.206455,-0.097723,-1.0144,0.177457,-0.137133,1.32982,-0.377366,-0.0905465,0.0180635,-0.346836,0.52,0.254163,-0.087267,-0.0428591,-0.0306453,-0.105845,0.112538,0.241567,0.270047,-0.0227781,0.2618,0.00427357,-0.00433239,0.235237,0.246521,-0.358957,-0.0481487,0.600681,0.00128292,-0.0198489,0.023666,0.6,0.030641,0.0475413,-0.998399,0.6,0,0,1.64632,1.19799,3
0.205792,0.534897,9.211,-0.0667552,0.112545,0.714873,-0.0486176,0.0343175,0.247464,0.205792,0.534897,9.211,-0.0667552,0.112545,0.714873,-0.0486176,0.0343175,0.247464,-0.987945,0.195159,-0.125451,1.21844,-0.271133,-0.0804925,-0.0408398,-0.317328,0.459567,0.256542,-0.087267,-0.0601065,-0.0518759,-0.131072,0.104437,0.227602,0.304083,0.000904998,0.2618,0.00183791,0.0032178,0.227402,0.2423,-0.348477,-0.0458934,0.602803,0.00090157,-0.0248179,0.0234556,0,0,0,0,0,0,0,0,0,0,0,0,0,0,0,0,0,0,0,0,0,0,0,0,0,0,0,0,0,-0.716233,0.176599,-0.0657638,1.34832,-0.531442,-0.0551316,-0.233841,0.317407,-0.00310182,0.293069,-0.0834021,-0.134487,-0.0532,-0.0980822,-0.00681882,0.257327,0.221953,-0.0301225,0.313394,0.0141276,-0.0091468,0.227668,0.168895,-0.281898,-0.0210583,0.644431,-0.00201002,-0.0187937,0.0219812,-1.81706,-0.538367,-0.149759,0.083374,2.51781,-0.631346,-0.276737,0.993869,0.171139,-0.188637,-0.0694866,-0.384255,-1.15222,-0.270477,0.594795,-0.370626,-0.433365,-0.0504797,-0.13326,-0.196114,0.41222,0.0967189,0.341973,-0.169992,-0.198356,-0.0377177,0.0500868,0.156007,0.0409462,-7.34344,1.37516,-2.56735,-3.01295,-0.645663,0.140931,10.8506,-29.1257,14.6429,-2.66152,0.0136923,1.64491,1.32718,0.244126,2.34396,0.12174,1.06129,0.298355,-1.2389,0.0370522,-0.304993,0.0150207,0.813371,-0.946677,-0.198453,-0.697255,0.00138434,-0.183665,-0.0134592,0,0,0,0,0,0,0,0,0,0,0,0,0,0,0,0,0,0,0,0,0,0,0,0,0,0,0,0,0,2.55789,2.55789,2.55789,6.3088,6.3088,1.81445,2.55789,2.55789,1.81445,6.3088,6.3088,0.907223,0.907223,1.81445,1.81445,0.907223,0.907223,1.81445,1.81445,0.907223,0.907223,0.907223,0.907223,0.907223,0.907223,1.06814,1.06814,1.06814,1.06814,40.1792,40.1792,40.1792,99.0984,99.0984,28.5012,40.1792,40.1792,28.5012,99.0984,99.0984,14.2506,14.2506,28.5012,28.5012,14.2506,14.2506,28.5012,28.5012,14.2506,14.2506,14.2506,14.2506,14.2506,14.2506,16.7783,16.7783,16.7783,16.7783,0,0,0,0,0,0,0,0,0,0,0,0,0,0,0,0,0,0,0,0,0,0,0,0,0,0,0,0,0,0,0,0,0,0,0,0,0,0,0,0,0,0,0,0,0,0,0,0,0,0,0,0,0,0,0,0,0,0,0,0,0,0,0,0,0,0,0,0,0,0,0,0,0,0,0,0,0,0,0,0,0,0,0,0,0,0,0,0,0,0,0,0,0,0,0,0,0,0,0,0,0,0,0,0,0,0,0,0,0,0,0,0,0,0,0,0,0,-0.0486176,0.0343175,0.247464,0.0629364,0.0964493,0.238127,0.237319,-0.338542,-0.298857,0.00206348,-0.104642,-0.118282,-0.00138518,0.0376232,-1.2345,0.495228,0.00419062,0.0121015,0.356425,-0.579545,0.0073369,-0.333123,-0.229115,1.04786,0.5185,0.314837,1.56686,-1.17623,0.261983,-0.062943,-0.183531,-0.137049,-0.987945,0.195159,-0.125451,1.21844,-0.271133,-0.0804925,-0.0408398,-0.317328,0.459567,0.256542,-0.087267,-0.0601065,-0.0518759,-0.131072,0.104437,0.227602,0.304083,0.000904998,0.2618,0.00183791,0.0032178,0.227402,0.2423,-0.348477,-0.0458934,0.602803,0.00090157,-0.0248179,0.0234556,0.632,0.0343107,0.0485698,-0.99823,0.6,0,0,1.63142,1.18979,3
0.0210544,0.416753,8.45983,-0.0517828,0.0559964,0.551513,-0.0495141,0.0364245,0.259888,0.0210544,0.416753,8.45983,-0.0517828,0.0559964,0.551513,-0.0495141,0.0364245,0.259888,-1.00296,0.203761,-0.0884635,1.15066,-0.193421,-0.0551833,-0.0528956,-0.288623,0.397431,0.256831,-0.087267,-0.126337,-0.0720408,-0.116847,0.118884,0.211606,0.353153,0.0198743,0.2618,0.00835991,0.0044359,0.216464,0.21321,-0.329576,-0.042435,0.60212,0.000184275,-0.0334303,0.0241414,0,0,0,0,0,0,0,0,0,0,0,0,0,0,0,0,0,0,0,0,0,0,0,0,0,0,0,0,0,-0.746151,0.167283,-0.0683289,1.32765,-0.461808,-0.0632811,-0.239833,0.337279,0.00233983,0.291283,-0.0854048,-0.143774,-0.076984,-0.102252,0.00585826,0.252281,0.213317,-0.0282888,0.311013,0.0103302,-0.000943283,0.226753,0.176171,-0.283657,-0.024007,0.644699,-0.00129838,-0.0171843,0.022665,-1.28903,-0.379277,-0.180505,-1.62539,3.09942,-0.311081,-0.28301,1.0389,0.310006,-0.0536152,-0.111765,-0.513766,-1.18329,-0.235956,0.636179,-0.162999,-0.402643,0.139981,-0.112959,-0.175474,0.384429,-0.0695,0.384614,-0.0456915,-0.106829,-0.00165964,0.0298755,0.0538243,0.0309188,-6.43856,2.11577,-1.91103,-1.29906,-0.69515,0.0788281,8.72628,-28.8301,12.4894,-3.10729,0.489678,1.63811,1.40482,-0.441378,1.6781,-0.191426,1.65565,0.587435,-1.20486,0.0375831,-0.288513,0.0740535,0.606732,-0.879321,-0.209824,-0.710158,0.00501294,-0.187324,-0.0188843,0,0,0,0,0,0,0,0,0,0,0,0,0,0,0,0,0,0,0,0,0,0,0,0,0,0,0,0,0,2.55789,2.55789,2.55789,6.3088,6.3088,1.81445,2.55789,2.55789,1.81445,6.3088,6.3088,0.907223,0.907223,1.81445,1.81445,0.907223,0.907223,1.81445,1.81445,0.907223,0.907223,0.907223,0.907223,0.907223,0.907223,1.06814,1.06814,1.06814,1.06814,40.1792,40.1792,40.1792,99.0984,99.0984,28.5012,40.1792,40.1792,28.5012,99.0984,99.0984,14.2506,14.2506,28.5012,28.5012,14.2506,14.2506,28.5012,28.5012,14.2506,14.2506,14.2506,14.2506,14.2506,14.2506,16.7783,16.7783,16.7783,16.7783,0,0,0,0,0,0,0,0,0,0,0,0,0,0,0,0,0,0,0,0,0,0,0,0,0,0,0,0,0,0,0,0,0,0,0,0,0,0,0,0,0,0,0,0,0,0,0,0,0,0,0,0,0,0,0,0,0,0,0,0,0,0,0,0,0,0,0,0,0,0,0,0,0,0,0,0,0,0,0,0,0,0,0,0,0,0,0,0,0,0,0,0,0,0,0,0,0,0,0,0,0,0,0,0,0,0,0,0,0,0,0,0,0,0,0,0,0,-0.0495141,0.0364245,0.259888,0.0264623,0.0301204,0.271068,0.349204,-0.295445,-0.266423,0.0453154,-0.0967559,-0.16426,-0.0178682,0.0284517,-1.26192,0.47321,0.0190614,0.00247346,0.372135,-0.527121,0.0101143,-0.448724,-0.161563,0.906181,0.493558,0.324042,1.37357,-1.1754,0.483597,-0.0620867,-0.125823,-0.288062,-1.00296,0.203761,-0.0884635,1.15066,-0.193421,-0.0551833,-0.0528956,-0.288623,0.397431,0.256831,-0.087267,-0.126337,-0.0720408,-0.116847,0.118884,0.211606,0.353153,0.0198743,0.2618,0.00835991,0.0044359,0.216464,0.21321,-0.329576,-0.042435,0.60212,0.000184275,-0.0334303,0.0241414,0.675,0.0364164,0.049461,-0.998112,0.6,0,0,1.63142,1.18979,3
-0.301334,0.0392969,8.08485,-0.0707657,-0.0012869,0.358206,-0.0505355,0.0371091,0.268711,-0.301334,0.0392969,8.08485,-0.0707657,-0.0012869,0.358206,-0.0505355,0.0371091,0.268711,-1.02427,0.197127,-0.0928112,1.11843,-0.15824,-0.0270238,-0.0168144,-0.336016,0.389903,0.233435,-0.087267,-0.162406,-0.0856086,-0.0979906,0.131894,0.214561,0.348839,0.0116059,0.2618,0.00974828,-0.0014046,0.216218,0.174125,-0.328855,-0.0502969,0.597141,-9.41245e-05,-0.0429507,0.0234571,0,0,0,0,0,0,0,0,0,0,0,0,0,0,0,0,0,0,0,0,0,0,0,0,0,0,0,0,0,-0.769771,0.16345,-0.0702437,1.2837,-0.38972,-0.0624028,-0.246401,0.359161,0.00813236,0.290777,-0.087534,-0.158939,-0.0991542,-0.106874,0.0201992,0.251257,0.207943,-0.0238712,0.309127,0.00880646,0.00578695,0.222893,0.18323,-0.28241,-0.0255427,0.646258,-0.00100147,-0.0178892,0.0233369,-1.10556,-0.0305003,-0.085426,-2.41242,3.17776,0.123058,-0.315607,1.16536,0.245146,-0.0168052,-0.129456,-0.792113,-1.02081,-0.289454,0.719514,0.0136759,-0.145625,0.241306,-0.0810367,-0.0454239,0.294421,-0.208851,0.324616,0.12981,-0.0508898,0.0830175,0.0115665,-0.0527083,0.0313277,-6.59663,1.78327,-0.550247,1.54775,-0.628754,-0.0148017,8.58958,-28.8633,10.6396,-3.26501,0.760848,1.18635,1.30463,0.179522,1.52548,-0.568062,2.22073,0.820695,-1.20258,0.0352555,-0.28678,0.0980213,0.135342,-0.777146,-0.190335,-0.83291,0.00774022,-0.205321,-0.0196682,0,0,0,0,0,0,0,0,0,0,0,0,0,0,0,0,0,0,0,0,0,0,0,0,0,0,0,0,0,2.55789,2.55789,2.55789,6.3088,6.3088,1.81445,2.55789,2.55789,1.81445,6.3088,6.3088,0.907223,0.907223,1.81445,1.81445,0.907223,0.907223,1.81445,1.81445,0.907223,0.907223,0.907223,0.907223,0.907223,0.907223,1.06814,1.06814,1.06814,1.06814,40.1792,40.1792,40.1792,99.0984,99.0984,28.5012,40.1792,40.1792,28.5012,99.0984,99.0984,14.2506,14.2506,28.5012,28.5012,14.2506,14.2506,28.5012,28.5012,14.2506,14.2506,14.2506,14.2506,14.2506,14.2506,16.7783,16.7783,16.7783,16.7783,0,0,0,0,0,0,0,0,0,0,0,0,0,0,0,0,0,0,0,0,0,0,0,0,0,0,0,0,0,0,0,0,0,0,0,0,0,0,0,0,0,0,0,0,0,0,0,0,0,0,0,0,0,0,0,0,0,0,0,0,0,0,0,0,0,0,0,0,0,0,0,0,0,0,0,0,0,0,0,0,0,0,0,0,0,0,0,0,0,0,0,0,0,0,0,0,0,0,0,0,0,0,0,0,0,0,0,0,0,0,0,0,0,0,0,0,0,-0.0505355,0.0371091,0.268711,0.0332,-0.058997,0.300732,0.339369,-0.293803,-0.223428,0.0264625,-0.114682,-0.195196,-0.018377,-0.0383793,-1.30084,0.539106,0.0222271,-0.0012634,0.360018,-0.613675,-0.00320263,-0.576513,-0.169504,0.889017,0.492998,0.314856,1.28166,-1.24212,0.583926,-0.0513397,-0.0616168,-0.370301,-1.02427,0.197127,-0.0928112,1.11843,-0.15824,-0.0270238,-0.0168144,-0.336016,0.389903,0.233435,-0.087267,-0.162406,-0.0856086,-0.0979906,0.131894,0.214561,0.348839,0.0116059,0.2618,0.00974828,-0.0014046,0.216218,0.174125,-0.328855,-0.0502969,0.597141,-9.41245e-05,-0.0429507,0.0234571,0.957,0.0371006,0.0504793,-0.998036,0.6,0,0,1.62278,1.184,3
-0.249615,-0.504273,8.60112,-0.124425,-0.0112357,0.160163,-0.0527521,0.0372548,0.275153,-0.249615,-0.504273,8.60112,-0.124425,-0.0112357,0.160163,-0.0527521,0.0372548,0.275153,-1.0557,0.180864,-0.125758,1.06467,-0.124701,-0.00716282,0.0258308,-0.415411,0.40668,0.214721,-0.087267,-0.173142,-0.0892541,-0.103088,0.129866,0.217128,0.322677,-0.00347094,0.2618,0.0054958,-0.005587,0.219981,0.145002,-0.353467,-0.0665073,0.593019,-6.6802e-05,-0.047879,0.022465,0,0,0,0,0,0,0,0,0,0,0,0,0,0,0,0,0,0,0,0,0,0,0,0,0,0,0,0,0,-0.79572,0.165765,-0.0753875,1.21991,-0.311836,-0.0512937,-0.249033,0.39162,0.0104126,0.285143,-0.0902272,-0.177987,-0.118748,-0.117622,0.0362879,0.253198,0.209393,-0.0195416,0.308144,0.00825687,0.0105982,0.218927,0.18898,-0.275859,-0.0274679,0.650453,-0.000886863,-0.0209994,0.0240048,-0.935927,0.192675,-0.258763,-2.28551,2.4743,0.415962,0.0338037,1.31243,-0.0169764,-0.295981,-0.117903,-0.662072,-0.564096,-0.489926,0.537054,0.124259,0.203763,0.140339,-0.0338175,-0.0114892,0.133181,-0.124563,0.149844,0.338316,-0.0580009,0.168552,0.00441325,-0.108652,0.0181192,-6.84446,0.82826,-0.0698093,4.22038,-0.410205,-0.0639918,9.29044,-32.4626,10.8222,-3.32589,0.976198,0.813744,0.990659,1.40503,1.75504,-0.654379,1.82796,0.640094,-1.26139,0.0320966,-0.293321,0.0746258,-0.351903,-1.04149,-0.268602,-1.0725,0.00878722,-0.251245,-0.0287294,0,0,0,0,0,0,0,0,0,0,0,0,0,0,0,0,0,0,0,0,0,0,0,0,0,0,0,0,0,2.55789,2.55789,2.55789,6.3088,6.3088,1.81445,2.55789,2.55789,1.81445,6.3088,6.3088,0.907223,0.907223,1.81445,1.81445,0.907223,0.907223,1.81445,1.81445,0.907223,0.907223,0.907223,0.907223,0.907223,0.907223,1.06814,1.06814,1.06814,1.06814,40.1792,40.1792,40.1792,99.0984,99.0984,28.5012,40.1792,40.1792,28.5012,99.0984,99.0984,14.2506,14.2506,28.5012,28.5012,14.2506,14.2506,28.5012,28.5012,14.2506,14.2506,14.2506,14.2506,14.2506,14.2506,16.7783,16.7783,16.7783,16.7783,0,0,0,0,0,0,0,0,0,0,0,0,0,0,0,0,0,0,0,0,0,0,0,0,0,0,0,0,0,0,0,0,0,0,0,0,0,0,0,0,0,0,0,0,0,0,0,0,0,0,0,0,0,0,0,0,0,0,0,0,0,0,0,0,0,0,0,0,0,0,0,0,0,0,0,0,0,0,0,0,0,0,0,0,0,0,0,0,0,0,0,0,0,0,0,0,0,0,0,0,0,0,0,0,0,0,0,0,0,0,0,0,0,0,0,0,0,-0.0527521,0.0372548,0.275153,0.0390544,-0.1254,0.296107,0.279715,-0.349919,-0.23505,-0.00791408,-0.151643,-0.203508,-0.0143153,-0.0937036,-1.35824,0.61699,0.012531,-0.00089666,0.330317,-0.758678,-0.0127389,-0.642663,-0.229675,0.92727,0.501578,0.30154,1.12835,-1.29549,0.67957,0.0488689,-0.016332,-0.394782,-1.0557,0.180864,-0.125758,1.06467,-0.124701,-0.00716282,0.0258308,-0.415411,0.40668,0.214721,-0.087267,-0.173142,-0.0892541,-0.103088,0.129866,0.217128,0.322677,-0.00347094,0.2618,0.0054958,-0.005587,0.219981,0.145002,-0.353467,-0.0665073,0.593019,-6.6802e-05,-0.047879,0.022465,0.633,0.0372588,0.0520206,-0.99795,0.6,0,0,1.62278,1.184,3
-0.00895767,-0.639438,9.55685,-0.168889,-0.0074919,0.0992822,-0.0547709,0.0372634,0.276899,-0.00895767,-0.639438,9.55685,-0.168889,-0.0074919,0.0992822,-0.0547709,0.0372634,0.276899,-1.10228,0.148136,-0.168128,0.977648,-0.0896285,0.0158746,0.0860435,-0.482962,0.434232,0.221992,-0.087267,-0.131332,-0.0844054,-0.137666,0.126558,0.207297,0.289556,-0.0166177,0.2618,-0.00285958,-0.00252044,0.219573,0.133589,-0.395473,-0.084625,0.590968,-0.000515283,-0.0473654,0.0219885,0,0,0,0,0,0,0,0,0,0,0,0,0,0,0,0,0,0,0,0,0,0,0,0,0,0,0,0,0,-0.807438,0.167449,-0.0807522,1.18692,-0.27498,-0.0433687,-0.246506,0.409748,0.00883439,0.279271,-0.0916445,-0.186905,-0.124231,-0.124747,0.0425658,0.254917,0.213361,-0.0185624,0.308332,0.00750324,0.0117812,0.218233,0.190282,-0.270323,-0.0286886,0.653393,-0.000854814,-0.022784,0.0243052,-0.770754,0.0596283,-0.473289,-2.38828,2.43259,0.597908,0.270586,1.27604,-0.176454,-0.495712,-0.0944199,-0.623527,-0.271573,-0.511266,0.398878,0.130609,0.327974,0.0333683,0.0294419,-0.0670505,0.066954,-0.0196501,0.0574889,0.430259,-0.0990476,0.228057,0.00270887,-0.124307,0.019444,-8.0286,0.359231,-0.68894,2.55019,-0.508138,-0.0411361,10.3223,-36.3272,11.6201,-3.4502,0.999281,0.747242,0.766286,1.51955,1.76753,-0.648582,1.2803,0.362767,-1.37912,0.0311033,-0.307892,0.0441109,-0.703669,-1.55467,-0.450459,-1.24916,0.0108209,-0.286557,-0.0525796,0,0,0,0,0,0,0,0,0,0,0,0,0,0,0,0,0,0,0,0,0,0,0,0,0,0,0,0,0,2.55789,2.55789,2.55789,6.3088,6.3088,1.81445,2.55789,2.55789,1.81445,6.3088,6.3088,0.907223,0.907223,1.81445,1.81445,0.907223,0.907223,1.81445,1.81445,0.907223,0.907223,0.907223,0.907223,0.907223,0.907223,1.06814,1.06814,1.06814,1.06814,40.1792,40.1792,40.1792,99.0984,99.0984,28.5012,40.1792,40.1792,28.5012,99.0984,99.0984,14.2506,14.2506,28.5012,28.5012,14.2506,14.2506,28.5012,28.5012,14.2506,14.2506,14.2506,14.2506,14.2506,14.2506,16.7783,16.7783,16.7783,16.7783,0,0,0,0,0,0,0,0,0,0,0,0,0,0,0,0,0,0,0,0,0,0,0,0,0,0,0,0,0,0,0,0,0,0,0,0,0,0,0,0,0,0,0,0,0,0,0,0,0,0,0,0,0,0,0,0,0,0,0,0,0,0,0,0,0,0,0,0,0,0,0,0,0,0,0,0,0,0,0,0,0,0,0,0,0,0,0,0,0,0,0,0,0,0,0,0,0,0,0,0,0,0,0,0,0,0,0,0,0,0,0,0,0,0,0,0,0,-0.0547709,0.0372634,0.276899,0.016639,-0.151425,0.288564,0.204196,-0.445699,-0.313892,-0.0378899,-0.192953,-0.192453,-0.0223748,-0.121231,-1.44331,0.726959,-0.00652012,-0.00691646,0.270546,-0.882047,-0.00574686,-0.63577,-0.307057,0.990093,0.500648,0.295144,0.880189,-1.27476,0.779588,0.256238,0.0361956,-0.29945,-1.10228,0.148136,-0.168128,0.977648,-0.0896285,0.0158746,0.0860435,-0.482962,0.434232,0.221992,-0.087267,-0.131332,-0.0844054,-0.137666,0.126558,0.207297,0.289556,-0.0166177,0.2618,-0.00285958,-0.00252044,0.219573,0.133589,-0.395473,-0.084625,0.590968,-0.000515283,-0.0473654,0.0219885,0.586,0.0372548,0.0547055,-0.997807,0.6,0,0,1.6173,1.17768,3
0.15201,-0.296594,9.69743,-0.196344,-0.0042476,0.0777368,-0.0584222,0.0373627,0.278643,0.15201,-0.296594,9.69743,-0.196344,-0.0042476,0.0777368,-0.0584222,0.0373627,0.278643,-1.1134,0.128997,-0.198799,0.881643,-0.0551502,0.0326239,0.118006,-0.523102,0.435303,0.219288,-0.087267,-0.126394,-0.0751885,-0.147405,0.129355,0.184064,0.270423,-0.0206102,0.2618,-0.0104113,-0.00621677,0.210654,0.113384,-0.410697,-0.0916583,0.588385,-0.00076037,-0.0461228,0.0251321,0,0,0,0,0,0,0,0,0,0,0,0,0,0,0,0,0,0,0,0,0,0,0,0,0,0,0,0,0,-0.819064,0.163486,-0.0950758,1.13151,-0.224631,-0.0281567,-0.238884,0.433083,0.00318727,0.268375,-0.0941702,-0.197758,-0.125729,-0.13422,0.0486038,0.256829,0.22007,-0.0191863,0.309937,0.00450854,0.0137845,0.218186,0.190652,-0.261635,-0.0311222,0.657802,-0.000903438,-0.0245322,0.0248095,-0.488796,-0.343452,-0.868106,-2.87991,2.19063,0.731521,0.42833,1.10512,-0.336021,-0.545883,-0.158754,-0.503867,0.0340117,-0.448485,0.259862,0.0877476,0.315462,-0.0546142,0.0842777,-0.15777,0.122367,-0.00564925,0.00440874,0.410514,-0.113288,0.190949,-0.0023643,-0.0638223,0.0238361,-10.1492,0.198343,-0.830615,2.48308,-0.476108,-0.0694912,12.0065,-39.5616,12.8674,-1.22365,1.60577,1.39114,0.571327,0.699121,1.75723,-0.781537,0.707464,0.168085,-1.52737,0.0376127,-0.339529,0.0233774,-0.818103,-2.27477,-0.658004,-1.32841,0.00915362,-0.313811,-0.0726996,0,0,0,0,0,0,0,0,0,0,0,0,0,0,0,0,0,0,0,0,0,0,0,0,0,0,0,0,0,2.55789,2.55789,2.55789,6.3088,6.3088,1.81445,2.55789,2.55789,1.81445,6.3088,6.3088,0.907223,0.907223,1.81445,1.81445,0.907223,0.907223,1.81445,1.81445,0.907223,0.907223,0.907223,0.907223,0.907223,0.907223,1.06814,1.06814,1.06814,1.06814,40.1792,40.1792,40.1792,99.0984,99.0984,28.5012,40.1792,40.1792,28.5012,99.0984,99.0984,14.2506,14.2506,28.5012,28.5012,14.2506,14.2506,28.5012,28.5012,14.2506,14.2506,14.2506,14.2506,14.2506,14.2506,16.7783,16.7783,16.7783,16.7783,0,0,0,0,0,0,0,0,0,0,0,0,0,0,0,0,0,0,0,0,0,0,0,0,0,0,0,0,0,0,0,0,0,0,0,0,0,0,0,0,0,0,0,0,0,0,0,0,0,0,0,0,0,0,0,0,0,0,0,0,0,0,0,0,0,0,0,0,0,0,0,0,0,0,0,0,0,0,0,0,0,0,0,0,0,0,0,0,0,0,0,0,0,0,0,0,0,0,0,0,0,0,0,0,0,0,0,0,0,0,0,0,0,0,0,0,0,-0.0584222,0.0373627,0.278643,-0.0363349,-0.197492,0.294943,0.160572,-0.48041,-0.336099,-0.0469934,-0.20899,-0.171437,-0.0554959,-0.1559,-1.46362,0.785333,-0.0237387,-0.0102062,0.23559,-0.955356,-0.0141748,-0.619091,-0.363072,0.992535,0.480312,0.33734,0.606404,-1.28247,0.877912,0.441395,0.0743858,-0.288192,-1.1134,0.128997,-0.198799,0.881643,-0.0551502,0.0326239,0.118006,-0.523102,0.435303,0.219288,-0.087267,-0.126394,-0.0751885,-0.147405,0.129355,0.184064,0.270423,-0.0206102,0.2618,-0.0104113,-0.00621677,0.210654,0.113384,-0.410697,-0.0916583,0.588385,-0.00076037,-0.0461228,0.0251321,0.69,0.037354,0.0583482,-0.997597,0.6,0,0,1.6173,1.17768,3
0.426081,-0.42794,9.82094,-0.234215,-0.0264013,0.0778222,-0.0627391,0.0372606,0.280204,0.426081,-0.42794,9.82094,-0.234215,-0.0264013,0.0778222,-0.0627391,0.0372606,0.280204,-1.10521,0.0979281,-0.219929,0.801884,-0.0413796,0.0617365,0.145315,-0.563442,0.442812,0.203848,-0.087267,-0.0865046,-0.0653709,-0.161419,0.128777,0.163484,0.250904,-0.0263853,0.2618,-0.0210017,-0.00909265,0.201971,0.0975373,-0.417055,-0.0950851,0.58605,-0.000997099,-0.0443404,0.0290474,0,0,0,0,0,0,0,0,0,0,0,0,0,0,0,0,0,0,0,0,0,0,0,0,0,0,0,0,0,-0.824792,0.153047,-0.114997,1.06571,-0.178543,-0.0121309,-0.228832,0.452956,-0.00412516,0.257185,-0.0979328,-0.20795,-0.122898,-0.141379,0.0526335,0.257641,0.225228,-0.0200358,0.312632,0.000137034,0.0155725,0.216349,0.189984,-0.253928,-0.0334199,0.661823,-0.00101096,-0.0251233,0.0260046,-0.199842,-0.599298,-1.06728,-3.38574,2.00251,0.745751,0.530779,0.936483,-0.368287,-0.551952,-0.213353,-0.518574,0.188357,-0.301597,0.192985,0.0237257,0.20841,-0.0447098,0.127895,-0.214851,0.0863411,-0.115296,-0.0435638,0.34636,-0.0967667,0.178354,-0.00507136,-0.00824429,0.0657008,-11.0945,0.515428,-0.735494,2.65131,-0.441817,-0.0759388,12.6249,-41.5512,13.1793,-0.343745,2.32209,1.61538,0.516146,0.374461,1.85222,-1.06981,0.451195,0.0601151,-1.68726,0.0442961,-0.387249,0.0213648,-1.05296,-2.54826,-0.739587,-1.42664,0.00960053,-0.341941,-0.0839319,0,0,0,0,0,0,0,0,0,0,0,0,0,0,0,0,0,0,0,0,0,0,0,0,0,0,0,0,0,2.55789,2.55789,2.55789,6.3088,6.3088,1.81445,2.55789,2.55789,1.81445,6.3088,6.3088,0.907223,0.907223,1.81445,1.81445,0.907223,0.907223,1.81445,1.81445,0.907223,0.907223,0.907223,0.907223,0.907223,0.907223,1.06814,1.06814,1.06814,1.06814,40.1792,40.1792,40.1792,99.0984,99.0984,28.5012,40.1792,40.1792,28.5012,99.0984,99.0984,14.2506,14.2506,28.5012,28.5012,14.2506,14.2506,28.5012,28.5012,14.2506,14.2506,14.2506,14.2506,14.2506,14.2506,16.7783,16.7783,16.7783,16.7783,0,0,0,0,0,0,0,0,0,0,0,0,0,0,0,0,0,0,0,0,0,0,0,0,0,0,0,0,0,0,0,0,0,0,0,0,0,0,0,0,0,0,0,0,0,0,0,0,0,0,0,0,0,0,0,0,0,0,0,0,0,0,0,0,0,0,0,0,0,0,0,0,0,0,0,0,0,0,0,0,0,0,0,0,0,0,0,0,0,0,0,0,0,0,0,0,0,0,0,0,0,0,0,0,0,0,0,0,0,0,0,0,0,0,0,0,0,-0.0627391,0.0372606,0.280204,-0.0832606,-0.233625,0.293624,0.116065,-0.494906,-0.36805,-0.0601611,-0.216803,-0.149052,-0.0867202,-0.187252,-1.44865,0.835208,-0.047886,-0.0133837,0.178849,-1.02903,-0.0207321,-0.595166,-0.401663,1.00966,0.460513,0.389893,0.378953,-1.3265,0.917182,0.587341,0.140765,-0.197239,-1.10521,0.0979281,-0.219929,0.801884,-0.0413796,0.0617365,0.145315,-0.563442,0.442812,0.203848,-0.087267,-0.0865046,-0.0653709,-0.161419,0.128777,0.163484,0.250904,-0.0263853,0.2618,-0.0210017,-0.00909265,0.201971,0.0975373,-0.417055,-0.0950851,0.58605,-0.000997099,-0.0443404,0.0290474,0.612,0.0372519,0.0626544,-0.99734,0.6,0,0,1.61162,1.16791,3
0.76584,-0.51372,10.0466,-0.258949,-0.059402,0.0980558,-0.067634,0.0367011,0.282071,0.76584,-0.51372,10.0466,-0.258949,-0.059402,0.0980558,-0.067634,0.0367011,0.282071,-1.08406,0.0805373,-0.243782,0.724059,-0.0257181,0.0837593,0.156153,-0.587481,0.447495,0.186053,-0.087267,-0.0551179,-0.0585731,-0.177143,0.120793,0.151524,0.251256,-0.0255845,0.2618,-0.0289148,-0.0136309,0.199985,0.0857757,-0.417017,-0.0977813,0.584789,-0.00109769,-0.0431811,0.0320172,0,0,0,0,0,0,0,0,0,0,0,0,0,0,0,0,0,0,0,0,0,0,0,0,0,0,0,0,0,-0.824651,0.138698,-0.13799,0.993308,-0.141004,0.00699932,-0.21534,0.469828,-0.0112316,0.244511,-0.102175,-0.217568,-0.117734,-0.145988,0.0549233,0.256789,0.22775,-0.0211634,0.315918,-0.00585948,0.0167395,0.212754,0.188479,-0.247859,-0.0354738,0.665333,-0.00116395,-0.0247244,0.0279988,0.078053,-0.757297,-1.17663,-3.59418,1.61362,0.917474,0.730862,0.792016,-0.325399,-0.659407,-0.22204,-0.463166,0.276808,-0.176057,0.113418,-0.0647054,0.0596149,-0.0712016,0.147129,-0.294319,0.058733,-0.191484,-0.0806088,0.257316,-0.0873695,0.152472,-0.0073716,0.0338964,0.101898,-11.4749,0.251342,-0.360692,3.33001,-0.339262,-0.103212,12.6858,-43.4932,13.5328,0.0226201,2.80536,2.27451,0.499203,-0.110048,1.92066,-1.27287,0.265029,-0.0285215,-1.81835,0.050955,-0.420384,0.0176692,-1.2239,-2.64753,-0.767994,-1.49682,0.0105653,-0.363974,-0.0903083,0,0,0,0,0,0,0,0,0,0,0,0,0,0,0,0,0,0,0,0,0,0,0,0,0,0,0,0,0,2.55789,2.55789,2.55789,6.3088,6.3088,1.81445,2.55789,2.55789,1.81445,6.3088,6.3088,0.907223,0.907223,1.81445,1.81445,0.907223,0.907223,1.81445,1.81445,0.907223,0.907223,0.907223,0.907223,0.907223,0.907223,1.06814,1.06814,1.06814,1.06814,40.1792,40.1792,40.1792,99.0984,99.0984,28.5012,40.1792,40.1792,28.5012,99.0984,99.0984,14.2506,14.2506,28.5012,28.5012,14.2506,14.2506,28.5012,28.5012,14.2506,14.2506,14.2506,14.2506,14.2506,14.2506,16.7783,16.7783,16.7783,16.7783,0,0,0,0,0,0,0,0,0,0,0,0,0,0,0,0,0,0,0,0,0,0,0,0,0,0,0,0,0,0,0,0,0,0,0,0,0,0,0,0,0,0,0,0,0,0,0,0,0,0,0,0,0,0,0,0,0,0,0,0,0,0,0,0,0,0,0,0,0,0,0,0,0,0,0,0,0,0,0,0,0,0,0,0,0,0,0,0,0,0,0,0,0,0,0,0,0,0,0,0,0,0,0,0,0,0,0,0,0,0,0,0,0,0,0,0,0,-0.067634,0.0367011,0.282071,-0.110531,-0.260443,0.275419,0.116869,-0.49482,-0.403905,-0.0583351,-0.222951,-0.133553,-0.111566,-0.204179,-1.41003,0.855001,-0.0659287,-0.0147339,0.147088,-1.07293,-0.0310799,-0.579605,-0.445226,1.02033,0.455987,0.429756,0.157016,-1.37725,0.961845,0.680204,0.19098,-0.125674,-1.08406,0.0805373,-0.243782,0.724059,-0.0257181,0.0837593,0.156153,-0.587481,0.447495,0.186053,-0.087267,-0.0551179,-0.0585731,-0.177143,0.120793,0.151524,0.251256,-0.0255845,0.2618,-0.0289148,-0.0136309,0.199985,0.0857757,-0.417017,-0.0977813,0.584789,-0.00109769,-0.0431811,0.0320172,0.956,0.0366929,0.067537,-0.997042,0.6,0,0,1.60731,1.15671,3
1.07077,-0.698746,10.0796,-0.281562,-0.104702,0.0916367,-0.0730097,0.0353645,0.284117,1.07077,-0.698746,10.0796,-0.281562,-0.104702,0.0916367,-0.0730097,0.0353645,0.284117,-1.0517,0.0681317,-0.262427,0.647639,-0.000239557,0.0968583,0.15128,-0.601834,0.438877,0.176665,-0.087267,-0.0344365,-0.0578467,-0.199968,0.111362,0.146448,0.266625,-0.016372,0.2618,-0.0349672,-0.0158164,0.200457,0.0759132,-0.41973,-0.100662,0.583984,-0.00129545,-0.0429595,0.0338243,0,0,0,0,0,0,0,0,0,0,0,0,0,0,0,0,0,0,0,0,0,0,0,0,0,0,0,0,0,-0.819391,0.12252,-0.161921,0.918423,-0.109529,0.0273501,-0.197942,0.48404,-0.016472,0.229685,-0.106391,-0.226294,-0.111532,-0.147809,0.0560764,0.25471,0.227422,-0.0225192,0.319014,-0.012598,0.0169142,0.208997,0.186147,-0.243345,-0.0374937,0.668286,-0.00133668,-0.0238058,0.030391,0.310967,-0.805013,-1.18162,-3.65957,1.35476,0.945424,0.915691,0.665951,-0.197331,-0.763204,-0.214972,-0.426429,0.303495,-0.0274123,0.0785872,-0.105337,-0.0696311,-0.072115,0.123311,-0.316329,-0.00364519,-0.171818,-0.124192,0.189873,-0.0927418,0.120014,-0.00773235,0.0507578,0.114195,-11.4288,0.337185,-0.326432,3.50695,-0.269731,-0.107761,11.9566,-44.7163,13.6014,0.369223,3.18538,2.81295,0.480378,-0.764508,1.73106,-1.37473,0.391538,0.0366959,-1.86691,0.0546149,-0.433566,0.0270371,-1.32018,-2.65024,-0.774096,-1.53501,0.0122404,-0.378882,-0.0942973,0,0,0,0,0,0,0,0,0,0,0,0,0,0,0,0,0,0,0,0,0,0,0,0,0,0,0,0,0,2.55789,2.55789,2.55789,6.3088,6.3088,1.81445,2.55789,2.55789,1.81445,6.3088,6.3088,0.907223,0.907223,1.81445,1.81445,0.907223,0.907223,1.81445,1.81445,0.907223,0.907223,0.907223,0.907223,0.907223,0.907223,1.06814,1.06814,1.06814,1.06814,40.1792,40.1792,40.1792,99.0984,99.0984,28.5012,40.1792,40.1792,28.5012,99.0984,99.0984,14.2506,14.2506,28.5012,28.5012,14.2506,14.2506,28.5012,28.5012,14.2506,14.2506,14.2506,14.2506,14.2506,14.2506,16.7783,16.7783,16.7783,16.7783,0,0,0,0,0,0,0,0,0,0,0,0,0,0,0,0,0,0,0,0,0,0,0,0,0,0,0,0,0,0,0,0,0,0,0,0,0,0,0,0,0,0,0,0,0,0,0,0,0,0,0,0,0,0,0,0,0,0,0,0,0,0,0,0,0,0,0,0,0,0,0,0,0,0,0,0,0,0,0,0,0,0,0,0,0,0,0,0,0,0,0,0,0,0,0,0,0,0,0,0,0,0,0,0,0,0,0,0,0,0,0,0,0,0,0,0,0,-0.0730097,0.0353645,0.284117,-0.122104,-0.28293,0.253917,0.151912,-0.501007,-0.455948,-0.0373297,-0.229519,-0.131896,-0.127125,-0.214981,-1.35094,0.846102,-0.0797286,-0.0173884,0.124431,-1.09915,-0.0360629,-0.576631,-0.479279,1.00068,0.457062,0.454013,-0.0609163,-1.40402,1.0345,0.760279,0.220847,-0.0785186,-1.0517,0.0681317,-0.262427,0.647639,-0.000239557,0.0968583,0.15128,-0.601834,0.438877,0.176665,-0.087267,-0.0344365,-0.0578467,-0.199968,0.111362,0.146448,0.266625,-0.016372,0.2618,-0.0349672,-0.0158164,0.200457,0.0759132,-0.41973,-0.100662,0.583984,-0.00129545,-0.0429595,0.0338243,0.641,0.0353571,0.0728992,-0.996712,0.6,0,0,1.60731,1.15671,3
1.19659,-0.79583,9.94366,-0.288945,-0.148034,0.0485678,-0.0787361,0.0330852,0.285666,1.19659,-0.79583,9.94366,-0.288945,-0.148034,0.0485678,-0.0787361,0.0330852,0.285666,-1.03235,0.0419648,-0.263512,0.582681,0.0163342,0.110595,0.151483,-0.593988,0.422971,0.177765,-0.0625622,0.00168819,-0.0604211,-0.215919,0.0980732,0.142251,0.278986,-0.00689919,0.2618,-0.0406558,-0.0143032,0.201943,0.0669931,-0.41776,-0.0990425,0.583909,-0.00174082,-0.0424765,0.0344373,0,0,0,0,0,0,0,0,0,0,0,0,0,0,0,0,0,0,0,0,0,0,0,0,0,0,0,0,0,-0.810119,0.106363,-0.184854,0.842857,-0.0799213,0.0461352,-0.178109,0.49573,-0.0186799,0.214335,-0.110961,-0.234634,-0.105352,-0.146373,0.0571177,0.252397,0.224996,-0.0229451,0.321216,-0.0192638,0.0162336,0.205877,0.182804,-0.240091,-0.0395118,0.670356,-0.00153332,-0.0228905,0.0327309,0.488817,-0.777937,-1.1048,-3.66288,1.28471,0.848981,1.00315,0.542037,-0.0360025,-0.748733,-0.24512,-0.415856,0.29039,0.132719,0.087036,-0.103005,-0.146535,-0.00639022,0.0792631,-0.307025,-0.0393804,-0.131629,-0.178911,0.128171,-0.0943791,0.0643028,-0.00883458,0.0412396,0.107192,-10.9539,0.427597,-0.337894,3.48143,-0.234883,-0.095735,10.7364,-45.4544,13.1361,0.89531,3.81731,3.21603,0.41379,-1.7421,1.42128,-1.41456,0.71907,0.197634,-1.84842,0.0549788,-0.422705,0.0434771,-1.36573,-2.681,-0.785967,-1.5277,0.0134656,-0.382082,-0.0961183,0,0,0,0,0,0,0,0,0,0,0,0,0,0,0,0,0,0,0,0,0,0,0,0,0,0,0,0,0,2.55789,2.55789,2.55789,6.3088,6.3088,1.81445,2.55789,2.55789,1.81445,6.3088,6.3088,0.907223,0.907223,1.81445,1.81445,0.907223,0.907223,1.81445,1.81445,0.907223,0.907223,0.907223,0.907223,0.907223,0.907223,1.06814,1.06814,1.06814,1.06814,40.1792,40.1792,40.1792,99.0984,99.0984,28.5012,40.1792,40.1792,28.5012,99.0984,99.0984,14.2506,14.2506,28.5012,28.5012,14.2506,14.2506,28.5012,28.5012,14.2506,14.2506,14.2506,14.2506,14.2506,14.2506,16.7783,16.7783,16.7783,16.7783,0,0,0,0,0,0,0,0,0,0,0,0,0,0,0,0,0,0,0,0,0,0,0,0,0,0,0,0,0,0,0,0,0,0,0,0,0,0,0,0,0,0,0,0,0,0,0,0,0,0,0,0,0,0,0,0,0,0,0,0,0,0,0,0,0,0,0,0,0,0,0,0,0,0,0,0,0,0,0,0,0,0,0,0,0,0,0,0,0,0,0,0,0,0,0,0,0,0,0,0,0,0,0,0,0,0,0,0,0,0,0,0,0,0,0,0,0,-0.0787361,0.0330852,0.285666,-0.131674,-0.303269,0.223617,0.180096,-0.496515,-0.492316,-0.0157308,-0.225827,-0.137766,-0.130684,-0.215986,-1.31559,0.846473,-0.0926993,-0.0233664,0.0766415,-1.08482,-0.0326126,-0.570148,-0.48126,0.964416,0.46045,0.462241,-0.24616,-1.40088,1.08177,0.856775,0.252168,0.00384925,-1.03235,0.0419648,-0.263512,0.582681,0.0163342,0.110595,0.151483,-0.593988,0.422971,0.177765,-0.0625622,0.00168819,-0.0604211,-0.215919,0.0980732,0.142251,0.278986,-0.00689919,0.2618,-0.0406558,-0.0143032,0.201943,0.0669931,-0.41776,-0.0990425,0.583909,-0.00174082,-0.0424765,0.0344373,0.642,0.0330791,0.0786117,-0.996356,0.6,0,0,1.60689,1.14578,3
0.993791,-0.851152,9.77266,-0.270981,-0.167664,-0.0187527,-0.0849375,0.0297542,0.286173,0.993791,-0.851152,9.77266,-0.270981,-0.167664,-0.0187527,-0.0849375,0.0297542,0.286173,-1.00158,0.0217049,-0.251489,0.524418,0.0298386,0.116285,0.155306,-0.560065,0.398003,0.18047,-0.0321221,0.0216421,-0.0646857,-0.212132,0.0943569,0.134309,0.283327,0.00131991,0.2618,-0.0436081,-0.0177452,0.195329,0.0537654,-0.413476,-0.097883,0.583494,-0.00212279,-0.0419387,0.0349074,0,0,0,0,0,0,0,0,0,0,0,0,0,0,0,0,0,0,0,0,0,0,0,0,0,0,0,0,0,-0.797714,0.0902756,-0.206987,0.762611,-0.0515894,0.0650645,-0.155115,0.50625,-0.0172447,0.197769,-0.116152,-0.243435,-0.0991392,-0.141788,0.0589232,0.250063,0.221336,-0.0217761,0.322519,-0.0262396,0.0155709,0.20359,0.177737,-0.238105,-0.041335,0.671101,-0.00180954,-0.0222182,0.0347493,0.521677,-0.672818,-0.912314,-3.41198,1.09173,0.765576,1.03099,0.446321,0.147016,-0.731254,-0.242896,-0.393137,0.254956,0.250282,0.125644,-0.0958944,-0.163016,0.0666656,0.0338743,-0.285481,-0.0229117,-0.0768756,-0.251585,0.0503997,-0.0710221,-0.0134144,-0.0115904,0.0206665,0.0787648,-10.78,-0.235079,0.0488939,3.54522,-0.175654,-0.0936389,9.74392,-45.3211,12.3183,2.53864,6.77174,3.83702,0.319861,-2.54176,0.919213,-1.44923,0.96755,0.304314,-1.79992,0.0539,-0.405857,0.0479464,-1.35905,-2.61222,-0.758297,-1.4603,0.0135564,-0.364724,-0.0894427,0,0,0,0,0,0,0,0,0,0,0,0,0,0,0,0,0,0,0,0,0,0,0,0,0,0,0,0,0,2.55789,2.55789,2.55789,6.3088,6.3088,1.81445,2.55789,2.55789,1.81445,6.3088,6.3088,0.907223,0.907223,1.81445,1.81445,0.907223,0.907223,1.81445,1.81445,0.907223,0.907223,0.907223,0.907223,0.907223,0.907223,1.06814,1.06814,1.06814,1.06814,40.1792,40.1792,40.1792,99.0984,99.0984,28.5012,40.1792,40.1792,28.5012,99.0984,99.0984,14.2506,14.2506,28.5012,28.5012,14.2506,14.2506,28.5012,28.5012,14.2506,14.2506,14.2506,14.2506,14.2506,14.2506,16.7783,16.7783,16.7783,16.7783,0,0,0,0,0,0,0,0,0,0,0,0,0,0,0,0,0,0,0,0,0,0,0,0,0,0,0,0,0,0,0,0,0,0,0,0,0,0,0,0,0,0,0,0,0,0,0,0,0,0,0,0,0,0,0,0,0,0,0,0,0,0,0,0,0,0,0,0,0,0,0,0,0,0,0,0,0,0,0,0,0,0,0,0,0,0,0,0,0,0,0,0,0,0,0,0,0,0,0,0,0,0,0,0,0,0,0,0,0,0,0,0,0,0,0,0,0,-0.0849375,0.0297542,0.286173,-0.149782,-0.33343,0.215143,0.189993,-0.486747,-0.483682,0.00300952,-0.223183,-0.14749,-0.148527,-0.221548,-1.25941,0.853455,-0.0994308,-0.0284935,0.0396403,-1.02286,-0.0404609,-0.56293,-0.459301,0.907485,0.44537,0.468551,-0.412313,-1.39317,1.12028,0.943582,0.265141,0.0493462,-1.00158,0.0217049,-0.251489,0.524418,0.0298386,0.116285,0.155306,-0.560065,0.398003,0.18047,-0.0321221,0.0216421,-0.0646857,-0.212132,0.0943569,0.134309,0.283327,0.00131991,0.2618,-0.0436081,-0.0177452,0.195329,0.0537654,-0.413476,-0.097883,0.583494,-0.00212279,-0.0419387,0.0349074,0.64,0.030087,0.084257,-0.99599,0.6,0,0,1.60689,1.14578,3
0.808793,-1.00247,9.71748,-0.263033,-0.149931,-0.068843,-0.0897953,0.0269582,0.285539,0.808793,-1.00247,9.71748,-0.263033,-0.149931,-0.068843,-0.0897953,0.0269582,0.285539,-0.948059,0.00727595,-0.231576,0.464927,0.0376277,0.116377,0.148204,-0.518902,0.36285,0.182002,-0.0146319,0.0190123,-0.0687051,-0.198052,0.0886727,0.125929,0.27844,0.00752646,0.2618,-0.0419576,-0.0285175,0.17882,0.0316821,-0.389392,-0.0841522,0.582155,-0.0024926,-0.0423041,0.0371214,0,0,0,0,0,0,0,0,0,0,0,0,0,0,0,0,0,0,0,0,0,0,0,0,0,0,0,0,0,-0.787152,0.0796343,-0.220179,0.701538,-0.0313834,0.0779939,-0.135546,0.513495,-0.0128254,0.184282,-0.120034,-0.251233,-0.0949841,-0.136116,0.0605635,0.24793,0.218535,-0.0194443,0.323177,-0.0311916,0.0145661,0.20109,0.172097,-0.237447,-0.042673,0.670782,-0.00206767,-0.0219624,0.0359845,0.572881,-0.531873,-0.611525,-3.25831,0.987102,0.645827,1.09144,0.378692,0.314996,-0.746439,-0.207976,-0.451101,0.203025,0.35174,0.104689,-0.126469,-0.136092,0.143293,0.0243785,-0.251725,-0.0629096,-0.145822,-0.342972,0.0179566,-0.0711367,-0.0406784,-0.0133624,0.0123297,0.0600655,-10.0867,-0.975787,0.321993,2.78529,-0.184084,-0.0830591,8.96297,-44.0816,11.1831,4.218,9.97081,4.28319,0.245622,-2.77465,0.799794,-1.50785,1.049,0.335055,-1.80134,0.0515689,-0.404862,0.0501291,-1.38811,-2.53013,-0.722899,-1.43201,0.0134331,-0.349617,-0.0824371,0,0,0,0,0,0,0,0,0,0,0,0,0,0,0,0,0,0,0,0,0,0,0,0,0,0,0,0,0,2.55789,2.55789,2.55789,6.3088,6.3088,1.81445,2.55789,2.55789,1.81445,6.3088,6.3088,0.907223,0.907223,1.81445,1.81445,0.907223,0.907223,1.81445,1.81445,0.907223,0.907223,0.907223,0.907223,0.907223,0.907223,1.06814,1.06814,1.06814,1.06814,40.1792,40.1792,40.1792,99.0984,99.0984,28.5012,40.1792,40.1792,28.5012,99.0984,99.0984,14.2506,14.2506,28.5012,28.5012,14.2506,14.2506,28.5012,28.5012,14.2506,14.2506,14.2506,14.2506,14.2506,14.2506,16.7783,16.7783,16.7783,16.7783,0,0,0,0,0,0,0,0,0,0,0,0,0,0,0,0,0,0,0,0,0,0,0,0,0,0,0,0,0,0,0,0,0,0,0,0,0,0,0,0,0,0,0,0,0,0,0,0,0,0,0,0,0,0,0,0,0,0,0,0,0,0,0,0,0,0,0,0,0,0,0,0,0,0,0,0,0,0,0,0,0,0,0,0,0,0,0,0,0,0,0,0,0,0,0,0,0,0,0,0,0,0,0,0,0,0,0,0,0,0,0,0,0,0,0,0,0,-0.0897953,0.0269582,0.285539,-0.168888,-0.383782,0.202183,0.178851,-0.431832,-0.451579,0.0171611,-0.191875,-0.156654,-0.172719,-0.239532,-1.16165,0.840484,-0.0956675,-0.0334573,0.0132883,-0.947686,-0.0650228,-0.567834,-0.422934,0.827333,0.407727,0.498268,-0.581965,-1.3888,1.14249,0.99346,0.265352,0.04335,-0.948059,0.00727595,-0.231576,0.464927,0.0376277,0.116377,0.148204,-0.518902,0.36285,0.182002,-0.0146319,0.0190123,-0.0687051,-0.198052,0.0886727,0.125929,0.27844,0.00752646,0.2618,-0.0419576,-0.0285175,0.17882,0.0316821,-0.389392,-0.0841522,0.582155,-0.0024926,-0.0423041,0.0371214,0.632,0.0269549,0.0896421,-0.995609,0.6,0,0,1.61127,1.13617,3
0.975176,-4.27605,13.7989,-0.378559,-0.0809275,-0.147625,-0.0960501,0.0247862,0.283493,0.975176,-4.27605,13.7989,-0.378559,-0.0809275,-0.147625,-0.0960501,0.0247862,0.283493,-0.928291,-0.0649479,-0.203675,0.403891,0.0427774,0.114147,0.170456,-0.45873,0.334988,0.198924,0.0498414,0.0911587,-0.0748363,-0.213012,0.0798037,0.124616,0.277642,0.00599639,0.2618,-0.0472338,-0.0292542,0.170845,0.0194493,-0.400241,-0.0842855,0.580352,-0.00240797,-0.0450092,0.0342165,0,0,0,0,0,0,0,0,0,0,0,0,0,0,0,0,0,0,0,0,0,0,0,0,0,0,0,0,0,-0.773999,0.0681072,-0.230047,0.656873,0.00459575,0.0895326,-0.112512,0.517556,-0.00329973,0.170589,-0.12429,-0.262351,-0.0918745,-0.123787,0.0606641,0.244368,0.21703,-0.0148523,0.324666,-0.0350304,0.0113341,0.195232,0.162601,-0.235518,-0.0433967,0.671959,-0.00238732,-0.0218336,0.0370701,0.730315,-0.668372,-0.419664,-0.995652,1.82024,0.538417,1.13274,-0.0403664,0.662123,-0.605046,-0.224555,-0.629044,0.0796794,0.978694,0.0107655,-0.201345,0.0248416,0.250156,0.125368,-0.15861,-0.173935,-0.310053,-0.561486,0.2254,-0.00676209,0.166467,-0.0164128,0.0237224,0.0472727,-8.73195,-0.817058,1.07993,-12.1011,-8.45044,-0.237238,7.61851,-41.7029,9.34509,4.92141,12.2281,4.55605,0.245271,-3.67516,0.820216,-1.50965,0.87717,0.193496,-1.999,0.0455333,-0.407574,0.0463818,-1.38003,-2.36178,-0.567788,-1.66326,0.0156022,-0.360553,-0.0497567,0,0,0,0,0,0,0,0,0,0,0,0,0,0,0,0,0,0,0,0,0,0,0,0,0,0,0,0,0,2.55789,2.55789,2.55789,6.3088,6.3088,1.81445,2.55789,2.55789,1.81445,6.3088,6.3088,0.907223,0.907223,1.81445,1.81445,0.907223,0.907223,1.81445,1.81445,0.907223,0.907223,0.907223,0.907223,0.907223,0.907223,1.06814,1.06814,1.06814,1.06814,40.1792,40.1792,40.1792,99.0984,99.0984,28.5012,40.1792,40.1792,28.5012,99.0984,99.0984,14.2506,14.2506,28.5012,28.5012,14.2506,14.2506,28.5012,28.5012,14.2506,14.2506,14.2506,14.2506,14.2506,14.2506,16.7783,16.7783,16.7783,16.7783,0,0,0,0,0,0,0,0,0,0,0,0,0,0,0,0,0,0,0,0,0,0,0,0,0,0,0,0,0,0,0,0,0,0,0,0,0,0,0,0,0,0,0,0,0,0,0,0,0,0,0,0,0,0,0,0,0,0,0,0,0,0,0,0,0,0,0,0,0,0,0,0,0,0,0,0,0,0,0,0,0,0,0,0,0,0,0,0,0,0,0,0,0,0,0,0,0,0,0,0,0,0,0,0,0,0,0,0,0,0,0,0,0,0,0,0,0,-0.0960501,0.0247862,0.283493,-0.171883,-0.411674,0.18196,0.177031,-0.45657,-0.485689,0.0136724,-0.192179,-0.170634,-0.191511,-0.26373,-1.12555,0.881124,-0.107698,-0.0323214,-0.118616,-0.837791,-0.0667024,-0.604143,-0.371978,0.763806,0.389545,0.459276,-0.756026,-1.34054,1.15718,1.17732,0.260266,0.207851,-0.928291,-0.0649479,-0.203675,0.403891,0.0427774,0.114147,0.170456,-0.45873,0.334988,0.198924,0.0498414,0.0911587,-0.0748363,-0.213012,0.0798037,0.124616,0.277642,0.00599639,0.2618,-0.0472338,-0.0292542,0.170845,0.0194493,-0.400241,-0.0842855,0.580352,-0.00240797,-0.0450092,0.0342165,0.911,0.0247837,0.095873,-0.995085,0.6,0,0,1.61734,1.12793,3
-0.699005,-4.40411,13.6413,-0.4553,0.0338357,-0.183746,-0.104674,0.0240317,0.28014,-0.699005,-4.40411,13.6413,-0.4553,0.0338357,-0.183746,-0.104674,0.0240317,0.28014,-0.8949,-0.147827,-0.157148,0.355072,0.013617,0.121628,0.226483,-0.366107,0.30119,0.20646,0.113157,0.195615,-0.0765126,-0.188363,0.0917121,0.131174,0.262142,0.00123194,0.2618,-0.0529822,-0.0177677,0.153063,0.0162725,-0.384253,-0.0735296,0.581128,-0.00161796,-0.045203,0.033353,0,0,0,0,0,0,0,0,0,0,0,0,0,0,0,0,0,0,0,0,0,0,0,0,0,0,0,0,0,-0.753818,0.0529158,-0.234207,0.634903,0.0368964,0.0964739,-0.0905723,0.50961,0.0127512,0.157106,-0.127524,-0.267147,-0.0901782,-0.0965788,0.0611313,0.239484,0.219579,-0.0103413,0.328012,-0.0388892,0.00873997,0.188456,0.150325,-0.228602,-0.0423634,0.675489,-0.00262921,-0.0214488,0.0372424,1.06262,-0.827391,0.0209656,-1.18005,1.02359,0.175224,0.973466,-0.676848,0.851568,-0.724921,-0.112087,-0.0554551,0.121563,1.64793,0.089227,-0.262113,0.207061,0.196443,0.146888,-0.184714,-0.0902448,-0.323961,-0.62605,0.423943,0.0963946,0.115786,-0.00995054,0.0144234,0.00105072,-9.78366,-2.67816,1.42838,-15.2955,-7.92608,0.100028,7.94082,-37.408,7.65885,8.50739,18.3176,5.17594,0.138244,-6.08279,0.412915,-1.4137,0.666791,0.111454,-2.16538,0.0484505,-0.456959,0.0413933,-1.31837,-2.79715,-0.677487,-1.73165,0.0141522,-0.416149,-0.0516454,0,0,0,0,0,0,0,0,0,0,0,0,0,0,0,0,0,0,0,0,0,0,0,0,0,0,0,0,0,2.55789,2.55789,2.55789,6.3088,6.3088,1.81445,2.55789,2.55789,1.81445,6.3088,6.3088,0.907223,0.907223,1.81445,1.81445,0.907223,0.907223,1.81445,1.81445,0.907223,0.907223,0.907223,0.907223,0.907223,0.907223,1.06814,1.06814,1.06814,1.06814,40.1792,40.1792,40.1792,99.0984,99.0984,28.5012,40.1792,40.1792,28.5012,99.0984,99.0984,14.2506,14.2506,28.5012,28.5012,14.2506,14.2506,28.5012,28.5012,14.2506,14.2506,14.2506,14.2506,14.2506,14.2506,16.7783,16.7783,16.7783,16.7783,0,0,0,0,0,0,0,0,0,0,0,0,0,0,0,0,0,0,0,0,0,0,0,0,0,0,0,0,0,0,0,0,0,0,0,0,0,0,0,0,0,0,0,0,0,0,0,0,0,0,0,0,0,0,0,0,0,0,0,0,0,0,0,0,0,0,0,0,0,0,0,0,0,0,0,0,0,0,0,0,0,0,0,0,0,0,0,0,0,0,0,0,0,0,0,0,0,0,0,0,0,0,0,0,0,0,0,0,0,0,0,0,0,0,0,0,0,-0.104674,0.0240317,0.28014,-0.156929,-0.418917,0.209113,0.141689,-0.420116,-0.429486,0.00280895,-0.167655,-0.174456,-0.200362,-0.253307,-1.06457,0.983447,-0.120805,-0.0217174,-0.269981,-0.668632,-0.040512,-0.606745,-0.287004,0.686743,0.348998,0.447687,-0.895245,-1.31905,1.07402,1.35788,0.277323,0.446021,-0.8949,-0.147827,-0.157148,0.355072,0.013617,0.121628,0.226483,-0.366107,0.30119,0.20646,0.113157,0.195615,-0.0765126,-0.188363,0.0917121,0.131174,0.262142,0.00123194,0.2618,-0.0529822,-0.0177677,0.153063,0.0162725,-0.384253,-0.0735296,0.581128,-0.00161796,-0.045203,0.033353,0.62,0.0240294,0.104453,-0.994239,0.6,0,0,1.61734,1.12793,3
-0.868112,-1.81613,11.4677,-0.483786,0.297373,-0.125139,-0.114633,0.0276248,0.276651,-0.868112,-1.81613,11.4677,-0.483786,0.297373,-0.125139,-0.114633,0.0276248,0.276651,-0.798442,-0.258072,-0.117221,0.340083,-0.0078898,0.129403,0.245471,-0.237609,0.289159,0.206534,0.208246,0.343561,-0.067736,-0.149012,0.131887,0.152852,0.23009,-0.0162102,0.2618,-0.0644845,-0.00235758,0.132955,0.02377,-0.371994,-0.0643956,0.583579,1.05644e-06,-0.0462964,0.0338866,0,0,0,0,0,0,0,0,0,0,0,0,0,0,0,0,0,0,0,0,0,0,0,0,0,0,0,0,0,-0.730505,0.0360415,-0.224355,0.605339,0.0434572,0.0988732,-0.0710466,0.489002,0.0283611,0.13776,-0.126151,-0.266427,-0.0839817,-0.0571079,0.0600781,0.231765,0.225304,-0.00681908,0.329825,-0.0432,0.00936106,0.179515,0.136799,-0.218327,-0.0391783,0.676008,-0.00255259,-0.0216501,0.0368693,1.22217,-0.869486,0.737663,-1.80703,0.157828,0.0937641,0.890337,-1.23757,0.736343,-1.07102,0.176035,0.0875944,0.405987,2.12954,-0.0841651,-0.453406,0.308381,0.134388,0.041794,-0.203849,0.0748058,-0.45948,-0.671022,0.522612,0.215358,-0.10757,0.00653783,-0.023753,-0.0129124,-9.63658,-5.25358,0.938602,-14.1564,-3.96965,0.477997,9.65637,-31.3646,6.46942,13.3282,22.7363,6.5145,-0.240885,-7.46264,1.06449,-1.04223,0.250197,-0.024918,-2.03471,0.0457554,-0.452873,0.0354666,-1.12132,-2.83303,-0.669016,-1.52036,0.00875223,-0.375945,-0.0417762,0,0,0,0,0,0,0,0,0,0,0,0,0,0,0,0,0,0,0,0,0,0,0,0,0,0,0,0,0,2.55789,2.55789,2.55789,6.3088,6.3088,1.81445,2.55789,2.55789,1.81445,6.3088,6.3088,0.907223,0.907223,1.81445,1.81445,0.907223,0.907223,1.81445,1.81445,0.907223,0.907223,0.907223,0.907223,0.907223,0.907223,1.06814,1.06814,1.06814,1.06814,40.1792,40.1792,40.1792,99.0984,99.0984,28.5012,40.1792,40.1792,28.5012,99.0984,99.0984,14.2506,14.2506,28.5012,28.5012,14.2506,14.2506,28.5012,28.5012,14.2506,14.2506,14.2506,14.2506,14.2506,14.2506,16.7783,16.7783,16.7783,16.7783,0,0,0,0,0,0,0,0,0,0,0,0,0,0,0,0,0,0,0,0,0,0,0,0,0,0,0,0,0,0,0,0,0,0,0,0,0,0,0,0,0,0,0,0,0,0,0,0,0,0,0,0,0,0,0,0,0,0,0,0,0,0,0,0,0,0,0,0,0,0,0,0,0,0,0,0,0,0,0,0,0,0,0,0,0,0,0,0,0,0,0,0,0,0,0,0,0,0,0,0,0,0,0,0,0,0,0,0,0,0,0,0,0,0,0,0,0,-0.114633,0.0276248,0.276651,-0.107501,-0.401822,0.300716,0.0686073,-0.392164,-0.339762,-0.0369608,-0.146828,-0.154445,-0.193942,-0.22041,-0.888403,1.01813,-0.147031,1.41803e-05,-0.471324,-0.433953,-0.00537552,-0.621421,-0.214085,0.65931,0.303151,0.454849,-0.937991,-1.31884,1.01269,1.62905,0.295052,0.783354,-0.798442,-0.258072,-0.117221,0.340083,-0.0078898,0.129403,0.245471,-0.237609,0.289159,0.206534,0.208246,0.343561,-0.067736,-0.149012,0.131887,0.152852,0.23009,-0.0162102,0.2618,-0.0644845,-0.00235758,0.132955,0.02377,-0.371994,-0.0643956,0.583579,1.05644e-06,-0.0462964,0.0338866,0.569,0.0276213,0.114338,-0.993058,0.6,0,0,1.62346,1.11707,3
-0.484915,0.0394316,10.2296,-0.277907,0.426321,-0.0498536,-0.123841,0.0366301,0.273741,-0.484915,0.0394316,10.2296,-0.277907,0.426321,-0.0498536,-0.123841,0.0366301,0.273741,-0.692899,-0.337936,-0.077288,0.341477,-0.0305077,0.14035,0.254522,-0.157655,0.262906,0.215486,0.292001,0.437151,-0.0633842,-0.101345,0.157515,0.175759,0.217208,-0.018159,0.2618,-0.0675685,0.00661702,0.110287,0.0308546,-0.339136,-0.0430588,0.585978,0.00103833,-0.0458624,0.0380617,0,0,0,0,0,0,0,0,0,0,0,0,0,0,0,0,0,0,0,0,0,0,0,0,0,0,0,0,0,-0.698624,0.0135232,-0.211407,0.556102,0.0426578,0.106474,-0.0495057,0.459581,0.0474456,0.106746,-0.111668,-0.251533,-0.0725208,-0.0108946,0.0563595,0.219274,0.229964,-0.00679497,0.329578,-0.0501958,0.0142465,0.16582,0.120804,-0.208537,-0.0326345,0.670969,-0.00195212,-0.0234445,0.0368593,1.31646,-0.966094,0.337119,-2.16277,-0.159355,0.40281,0.7562,-1.17518,0.899312,-1.26207,0.792124,1.1139,0.465362,1.72473,-0.114835,-0.522499,0.0649455,-0.0808631,-0.0641713,-0.271659,0.217005,-0.557331,-0.649296,0.296445,0.295063,-0.300555,0.0231016,-0.0941736,0.0137771,-7.31065,-8.52257,2.85381,-8.21888,-4.15992,-0.0472,9.87691,-25.0676,5.35179,17.7838,26.9213,7.57483,-0.349501,-7.03825,2.38187,-0.483211,-0.0791841,-0.142012,-1.83873,0.0434944,-0.435608,0.0333261,-0.809151,-2.60974,-0.712708,-1.17366,0.00779494,-0.28909,-0.0619564,0,0,0,0,0,0,0,0,0,0,0,0,0,0,0,0,0,0,0,0,0,0,0,0,0,0,0,0,0,2.55789,2.55789,2.55789,6.3088,6.3088,1.81445,2.55789,2.55789,1.81445,6.3088,6.3088,0.907223,0.907223,1.81445,1.81445,0.907223,0.907223,1.81445,1.81445,0.907223,0.907223,0.907223,0.907223,0.907223,0.907223,1.06814,1.06814,1.06814,1.06814,40.1792,40.1792,40.1792,99.0984,99.0984,28.5012,40.1792,40.1792,28.5012,99.0984,99.0984,14.2506,14.2506,28.5012,28.5012,14.2506,14.2506,28.5012,28.5012,14.2506,14.2506,14.2506,14.2506,14.2506,14.2506,16.7783,16.7783,16.7783,16.7783,0,0,0,0,0,0,0,0,0,0,0,0,0,0,0,0,0,0,0,0,0,0,0,0,0,0,0,0,0,0,0,0,0,0,0,0,0,0,0,0,0,0,0,0,0,0,0,0,0,0,0,0,0,0,0,0,0,0,0,0,0,0,0,0,0,0,0,0,0,0,0,0,0,0,0,0,0,0,0,0,0,0,0,0,0,0,0,0,0,0,0,0,0,0,0,0,0,0,0,0,0,0,0,0,0,0,0,0,0,0,0,0,0,0,0,0,0,-0.123841,0.0366301,0.273741,-0.0552724,-0.385668,0.359151,0.0392367,-0.317243,-0.231077,-0.0414042,-0.0981784,-0.144522,-0.193872,-0.188217,-0.695647,1.03466,-0.154063,0.0139371,-0.617183,-0.28793,0.0150875,-0.615595,-0.141153,0.599453,0.251464,0.510889,-0.934014,-1.29331,0.948186,1.8679,0.320011,0.996747,-0.692899,-0.337936,-0.077288,0.341477,-0.0305077,0.14035,0.254522,-0.157655,0.262906,0.215486,0.292001,0.437151,-0.0633842,-0.101345,0.157515,0.175759,0.217208,-0.018159,0.2618,-0.0675685,0.00661702,0.110287,0.0308546,-0.339136,-0.0430588,0.585978,0.00103833,-0.0458624,0.0380617,0.689,0.0349655,0.122291,-0.991878,0.6,0,0,1.62346,1.11707,3
-0.775178,-0.330151,10.521,-0.159659,0.516366,-0.0563297,-0.127246,0.0443184,0.271924,-0.775178,-0.330151,10.521,-0.159659,0.516366,-0.0563297,-0.127246,0.0443184,0.271924,-0.578906,-0.386075,-0.051691,0.356421,-0.0351331,0.153301,0.234826,-0.0958096,0.224769,0.231121,0.355873,0.487152,-0.0640169,-0.0647999,0.166331,0.201369,0.235286,-0.0069331,0.2618,-0.0687389,0.00696617,0.0879156,0.046537,-0.312048,-0.0281978,0.588858,0.00209647,-0.0470152,0.0435243,0,0,0,0,0,0,0,0,0,0,0,0,0,0,0,0,0,0,0,0,0,0,0,0,0,0,0,0,0,-0.675895,-0.00196625,-0.209989,0.522232,0.0361513,0.115762,-0.036718,0.442631,0.063264,0.0863587,-0.0935035,-0.229752,-0.065272,0.0131384,0.0522697,0.210794,0.228866,-0.00779781,0.327859,-0.054397,0.0181252,0.154616,0.109431,-0.204919,-0.0272821,0.666451,-0.00141584,-0.0250974,0.0374562,1.47337,-0.948007,-0.0831891,-2.09888,-0.51204,0.67976,0.772885,-0.979913,1.05724,-1.20585,1.29433,1.65467,0.416361,1.34709,-0.30848,-0.514164,-0.153568,-0.0799978,-0.136383,-0.24545,0.242777,-0.730146,-0.73813,0.183972,0.360004,-0.27617,0.0323144,-0.0963899,0.0511838,-4.33552,-11.1233,5.43457,-5.04742,-3.58216,-0.468659,9.71856,-21.6412,3.87084,20.4007,30.3816,8.13966,-0.353223,-5.70233,3.54935,-0.0384664,-0.0501466,-0.172694,-1.65688,0.0347457,-0.383463,0.0202391,-0.471826,-2.084,-0.538457,-1.06798,0.00606008,-0.245728,-0.0403907,0,0,0,0,0,0,0,0,0,0,0,0,0,0,0,0,0,0,0,0,0,0,0,0,0,0,0,0,0,2.55789,2.55789,2.55789,6.3088,6.3088,1.81445,2.55789,2.55789,1.81445,6.3088,6.3088,0.907223,0.907223,1.81445,1.81445,0.907223,0.907223,1.81445,1.81445,0.907223,0.907223,0.907223,0.907223,0.907223,0.907223,1.06814,1.06814,1.06814,1.06814,40.1792,40.1792,40.1792,99.0984,99.0984,28.5012,40.1792,40.1792,28.5012,99.0984,99.0984,14.2506,14.2506,28.5012,28.5012,14.2506,14.2506,28.5012,28.5012,14.2506,14.2506,14.2506,14.2506,14.2506,14.2506,16.7783,16.7783,16.7783,16.7783,0,0,0,0,0,0,0,0,0,0,0,0,0,0,0,0,0,0,0,0,0,0,0,0,0,0,0,0,0,0,0,0,0,0,0,0,0,0,0,0,0,0,0,0,0,0,0,0,0,0,0,0,0,0,0,0,0,0,0,0,0,0,0,0,0,0,0,0,0,0,0,0,0,0,0,0,0,0,0,0,0,0,0,0,0,0,0,0,0,0,0,0,0,0,0,0,0,0,0,0,0,0,0,0,0,0,0,0,0,0,0,0,0,0,0,0,0,-0.127246,0.0443184,0.271924,0.00312178,-0.349911,0.379252,0.0804546,-0.25548,-0.14775,-0.0158082,-0.0642938,-0.145965,-0.192707,-0.149552,-0.487458,0.998685,-0.156732,0.0281402,-0.705099,-0.17498,0.0158836,-0.631069,-0.0944048,0.512496,0.200456,0.584213,-0.891399,-1.24872,0.934996,2.05005,0.349541,1.11075,-0.578906,-0.386075,-0.051691,0.356421,-0.0351331,0.153301,0.234826,-0.0958096,0.224769,0.231121,0.355873,0.487152,-0.0640169,-0.0647999,0.166331,0.201369,0.235286,-0.0069331,0.2618,-0.0687389,0.00696617,0.0879156,0.046537,-0.312048,-0.0281978,0.588858,0.00209647,-0.0470152,0.0435243,0.563,0.0443038,0.126778,-0.990941,0.6,0,0,1.61981,1.10486,3
-0.276651,-0.958449,9.60743,-0.0762541,0.568402,-0.098588,-0.129841,0.0566106,0.26849,-0.276651,-0.958449,9.60743,-0.0762541,0.568402,-0.098588,-0.129841,0.0566106,0.26849,-0.492359,-0.423589,-0.0382191,0.372576,-0.0489843,0.189092,0.216713,-0.0610296,0.19479,0.26949,0.420552,0.545925,-0.0686381,-0.0525387,0.155938,0.224933,0.24751,0.00362873,0.2618,-0.0679055,0.0156696,0.0680207,0.0684834,-0.314196,-0.0326247,0.592314,0.00303429,-0.048357,0.0468987,0,0,0,0,0,0,0,0,0,0,0,0,0,0,0,0,0,0,0,0,0,0,0,0,0,0,0,0,0,-0.640668,-0.0196585,-0.216772,0.47826,0.0220489,0.135565,-0.0200819,0.425236,0.0870076,0.0644139,-0.0588208,-0.183502,-0.0574494,0.0367308,0.0414503,0.200547,0.223171,-0.00828346,0.323604,-0.0591071,0.0220499,0.135358,0.0919654,-0.201191,-0.0187559,0.660705,-0.000560578,-0.0274193,0.0396062,1.61456,-0.663215,-0.446705,-1.9057,-0.68331,0.945648,0.649556,-0.651759,1.07416,-0.766113,1.66805,2.54171,0.287284,0.87788,-0.515948,-0.394689,-0.301634,-0.039608,-0.226847,-0.183082,0.125122,-0.834441,-0.783226,0.171915,0.396059,-0.272018,0.0339719,-0.100694,0.107836,-1.55163,-13.0022,7.69749,-0.285153,-1.49324,-1.17051,8.55321,-19.257,2.02937,21.496,30.9134,7.40167,-0.358704,-4.4981,4.49017,0.374484,0.433232,0.0940075,-1.37051,0.0295684,-0.333779,0.0779559,0.0497219,-1.72944,-0.4842,-0.928793,0.0079416,-0.223476,-0.0469686,0,0,0,0,0,0,0,0,0,0,0,0,0,0,0,0,0,0,0,0,0,0,0,0,0,0,0,0,0,2.55789,2.55789,2.55789,6.3088,6.3088,1.81445,2.55789,2.55789,1.81445,6.3088,6.3088,0.907223,0.907223,1.81445,1.81445,0.907223,0.907223,1.81445,1.81445,0.907223,0.907223,0.907223,0.907223,0.907223,0.907223,1.06814,1.06814,1.06814,1.06814,40.1792,40.1792,40.1792,99.0984,99.0984,28.5012,40.1792,40.1792,28.5012,99.0984,99.0984,14.2506,14.2506,28.5012,28.5012,14.2506,14.2506,28.5012,28.5012,14.2506,14.2506,14.2506,14.2506,14.2506,14.2506,16.7783,16.7783,16.7783,16.7783,0,0,0,0,0,0,0,0,0,0,0,0,0,0,0,0,0,0,0,0,0,0,0,0,0,0,0,0,0,0,0,0,0,0,0,0,0,0,0,0,0,0,0,0,0,0,0,0,0,0,0,0,0,0,0,0,0,0,0,0,0,0,0,0,0,0,0,0,0,0,0,0,0,0,0,0,0,0,0,0,0,0,0,0,0,0,0,0,0,0,0,0,0,0,0,0,0,0,0,0,0,0,0,0,0,0,0,0,0,0,0,0,0,0,0,0,0,-0.129841,0.0566106,0.26849,0.0568496,-0.299871,0.355553,0.108328,-0.260379,-0.119793,0.00827386,-0.0743876,-0.156502,-0.177971,-0.103173,-0.329395,0.965604,-0.154831,0.0407282,-0.773614,-0.11146,0.0357282,-0.649079,-0.0698006,0.444141,0.155094,0.629506,-0.845329,-1.1393,0.895495,2.2345,0.431149,1.24476,-0.492359,-0.423589,-0.0382191,0.372576,-0.0489843,0.189092,0.216713,-0.0610296,0.19479,0.26949,0.420552,0.545925,-0.0686381,-0.0525387,0.155938,0.224933,0.24751,0.00362873,0.2618,-0.0679055,0.0156696,0.0680207,0.0684834,-0.314196,-0.0326247,0.592314,0.00303429,-0.048357,0.0468987,0.851,0.0554803,0.129107,-0.990077,0.6,0,0,1.60793,1.0996,3
-0.813622,-1.51485,9.79725,-0.0444105,0.625551,-0.103655,-0.131016,0.0673815,0.265184,-0.813622,-1.51485,9.79725,-0.0444105,0.625551,-0.103655,-0.131016,0.0673815,0.265184,-0.374632,-0.45015,-0.00444257,0.384225,-0.0506489,0.235907,0.174715,-0.0253888,0.166845,0.314483,0.486409,0.587994,-0.0740661,-0.0458164,0.14177,0.246669,0.25844,0.0164019,0.2618,-0.0576057,0.0164459,0.0499199,0.0915705,-0.315502,-0.0456285,0.595917,0.00425461,-0.0502655,0.0492986,0,0,0,0,0,0,0,0,0,0,0,0,0,0,0,0,0,0,0,0,0,0,0,0,0,0,0,0,0,-0.610633,-0.0279172,-0.225857,0.447969,0.00740984,0.158316,-0.00956139,0.417087,0.103194,0.0558449,-0.0251729,-0.130706,-0.0535572,0.0482725,0.0289691,0.193892,0.216962,-0.00776802,0.319016,-0.061666,0.0248327,0.11858,0.0777956,-0.197677,-0.0127388,0.655702,0.00014773,-0.0296546,0.0420435,1.67437,-0.310596,-0.53582,-1.51597,-0.759599,1.29836,0.494834,-0.316968,0.745922,-0.231208,1.97139,3.27802,0.158734,0.486383,-0.769754,-0.333092,-0.346135,0.0325608,-0.258368,-0.121217,0.154758,-0.90541,-0.760888,0.215855,0.299162,-0.280182,0.0377568,-0.128591,0.134472,0.573069,-15.0523,8.86806,2.08403,-0.786482,-1.4532,7.79121,-18.3615,1.23796,22.9418,32.1867,6.8389,-0.365086,-3.77692,4.97165,0.747831,0.744194,0.256418,-1.17324,0.0213336,-0.270999,0.0965745,0.547896,-1.84478,-0.551151,-0.772705,0.00815823,-0.17945,-0.061311,0,0,0,0,0,0,0,0,0,0,0,0,0,0,0,0,0,0,0,0,0,0,0,0,0,0,0,0,0,2.55789,2.55789,2.55789,6.3088,6.3088,1.81445,2.55789,2.55789,1.81445,6.3088,6.3088,0.907223,0.907223,1.81445,1.81445,0.907223,0.907223,1.81445,1.81445,0.907223,0.907223,0.907223,0.907223,0.907223,0.907223,1.06814,1.06814,1.06814,1.06814,40.1792,40.1792,40.1792,99.0984,99.0984,28.5012,40.1792,40.1792,28.5012,99.0984,99.0984,14.2506,14.2506,28.5012,28.5012,14.2506,14.2506,28.5012,28.5012,14.2506,14.2506,14.2506,14.2506,14.2506,14.2506,16.7783,16.7783,16.7783,16.7783,0,0,0,0,0,0,0,0,0,0,0,0,0,0,0,0,0,0,0,0,0,0,0,0,0,0,0,0,0,0,0,0,0,0,0,0,0,0,0,0,0,0,0,0,0,0,0,0,0,0,0,0,0,0,0,0,0,0,0,0,0,0,0,0,0,0,0,0,0,0,0,0,0,0,0,0,0,0,0,0,0,0,0,0,0,0,0,0,0,0,0,0,0,0,0,0,0,0,0,0,0,0,0,0,0,0,0,0,0,0,0,0,0,0,0,0,0,-0.131016,0.0673815,0.265184,0.106411,-0.24723,0.32325,0.13325,-0.263356,-0.104466,0.0373979,-0.104037,-0.168878,-0.151711,-0.054802,-0.114386,0.888902,-0.131347,0.0571081,-0.822121,-0.0463683,0.0374982,-0.674697,-0.0081136,0.380424,0.113822,0.661719,-0.812108,-1.011,0.890748,2.4223,0.537891,1.34068,-0.374632,-0.45015,-0.00444257,0.384225,-0.0506489,0.235907,0.174715,-0.0253888,0.166845,0.314483,0.486409,0.587994,-0.0740661,-0.0458164,0.14177,0.246669,0.25844,0.0164019,0.2618,-0.0576057,0.0164459,0.0499199,0.0915705,-0.315502,-0.0456285,0.595917,0.00425461,-0.0502655,0.0492986,0.682,0.0673306,0.130345,-0.98918,0.6,0,0,1.60793,1.0996,3
0.501606,-0.895334,9.32882,-0.0438408,0.644981,-0.0828376,-0.132278,0.080561,0.261442,0.501606,-0.895334,9.32882,-0.0438408,0.644981,-0.0828376,-0.132278,0.080561,0.261442,-0.218846,-0.457468,0.00192343,0.382191,-0.0412702,0.306734,0.0884546,-0.00360203,0.134812,0.382859,0.570298,0.653147,-0.0760352,-0.0661168,0.118585,0.265077,0.281858,0.0331195,0.2618,-0.0482759,0.019727,0.030536,0.131193,-0.32436,-0.065119,0.600323,0.0059864,-0.0524671,0.0495959,0,0,0,0,0,0,0,0,0,0,0,0,0,0,0,0,0,0,0,0,0,0,0,0,0,0,0,0,0,-0.573931,-0.0275705,-0.227027,0.422376,-0.00750668,0.186409,-0.000762507,0.415082,0.112917,0.0595205,0.0187628,-0.0567449,-0.0522308,0.0537586,0.0082988,0.187741,0.210004,-0.00534911,0.314031,-0.0613304,0.0273229,0.0991592,0.0631071,-0.192173,-0.00923305,0.650294,0.00104144,-0.0326274,0.045056,1.94013,0.251616,0.609513,-1.06833,-0.709006,0.968126,0.364768,0.0603253,0.248484,0.469942,2.30512,4.10965,0.0523443,0.0890362,-1.11375,-0.242161,-0.332131,0.115493,-0.231458,0.0487249,0.103915,-0.908549,-0.642532,0.286062,0.121638,-0.277299,0.0438313,-0.144929,0.137746,3.23442,-17.5581,7.723,3.05839,0.188135,-0.40551,6.08513,-17.7762,1.01124,22.7,32.3261,5.66182,-0.348134,-3.06197,5.78478,1.07338,0.986226,0.399204,-1.07081,0.00956801,-0.249428,0.120675,0.99952,-2.01188,-0.629213,-0.625525,0.00741221,-0.143809,-0.076443,0,0,0,0,0,0,0,0,0,0,0,0,0,0,0,0,0,0,0,0,0,0,0,0,0,0,0,0,0,2.55789,2.55789,2.55789,6.3088,6.3088,1.81445,2.55789,2.55789,1.81445,6.3088,6.3088,0.907223,0.907223,1.81445,1.81445,0.907223,0.907223,1.81445,1.81445,0.907223,0.907223,0.907223,0.907223,0.907223,0.907223,1.06814,1.06814,1.06814,1.06814,40.1792,40.1792,40.1792,99.0984,99.0984,28.5012,40.1792,40.1792,28.5012,99.0984,99.0984,14.2506,14.2506,28.5012,28.5012,14.2506,14.2506,28.5012,28.5012,14.2506,14.2506,14.2506,14.2506,14.2506,14.2506,16.7783,16.7783,16.7783,16.7783,0,0,0,0,0,0,0,0,0,0,0,0,0,0,0,0,0,0,0,0,0,0,0,0,0,0,0,0,0,0,0,0,0,0,0,0,0,0,0,0,0,0,0,0,0,0,0,0,0,0,0,0,0,0,0,0,0,0,0,0,0,0,0,0,0,0,0,0,0,0,0,0,0,0,0,0,0,0,0,0,0,0,0,0,0,0,0,0,0,0,0,0,0,0,0,0,0,0,0,0,0,0,0,0,0,0,0,0,0,0,0,0,0,0,0,0,0,-0.132278,0.080561,0.261442,0.148382,-0.156888,0.270385,0.186645,-0.283553,-0.150753,0.0755158,-0.148478,-0.173368,-0.140773,0.00433104,0.170131,0.731362,-0.110074,0.0803534,-0.835487,-0.0065785,0.0449796,-0.704247,0.00351282,0.307385,0.0696251,0.665709,-0.817909,-0.816002,0.917494,2.66154,0.699384,1.48924,-0.218846,-0.457468,0.00192343,0.382191,-0.0412702,0.306734,0.0884546,-0.00360203,0.134812,0.382859,0.570298,0.653147,-0.0760352,-0.0661168,0.118585,0.265077,0.281858,0.0331195,0.2618,-0.0482759,0.019727,0.030536,0.131193,-0.32436,-0.065119,0.600323,0.0059864,-0.0524671,0.0495959,0.751,0.0804739,0.131464,-0.988049,0.6,0,0,1.59262,1.09791,3
-0.503239,-4.38403,10.7894,-0.070926,0.503495,0.00815939,-0.133342,0.0960819,0.258423,-0.503239,-4.38403,10.7894,-0.070926,0.503495,0.00815939,-0.133342,0.0960819,0.258423,0.0103505,-0.411414,-0.0193823,0.362696,0.000696141,0.40331,-0.0880198,0.100601,0.0844522,0.500416,0.59322,0.698929,-0.0699503,-0.117415,0.105337,0.26472,0.304452,0.0652245,0.2618,-0.0439289,0.0178332,0.00908985,0.223713,-0.350741,-0.0950314,0.606145,0.00721571,-0.0559069,0.0472769,0,0,0,0,0,0,0,0,0,0,0,0,0,0,0,0,0,0,0,0,0,0,0,0,0,0,0,0,0,-0.512711,-0.0194142,-0.209225,0.397586,-0.0182032,0.230529,0.00226438,0.424356,0.109937,0.0893572,0.0879562,0.0721384,-0.0529452,0.0473198,-0.0250051,0.183632,0.201622,-0.000196139,0.309224,-0.0574912,0.0303277,0.0740983,0.0511552,-0.184396,-0.0103494,0.643483,0.00245618,-0.037081,0.0482924,2.47202,-0.0166294,-0.142071,-0.915298,-0.111352,2.52611,-0.187019,0.419315,-0.320364,1.63524,2.85436,5.678,-0.0548798,-0.293307,-1.2126,-0.0342883,-0.217354,0.189098,-0.162751,0.142172,0.110691,-0.845307,-0.263323,0.337112,-0.100686,-0.184106,0.0501223,-0.164724,0.0927001,5.57731,-17.9396,7.70222,4.03189,-2.05973,-1.60822,3.76482,-18.3297,1.26762,19.5587,30.4129,3.37627,-0.291492,-2.6042,6.27182,1.20741,1.36856,0.617779,-1.06426,0.00207185,-0.251768,0.147799,1.39474,-2.26842,-0.694309,-0.500966,0.00575069,-0.0836906,-0.0802981,0,0,0,0,0,0,0,0,0,0,0,0,0,0,0,0,0,0,0,0,0,0,0,0,0,0,0,0,0,2.55789,2.55789,2.55789,6.3088,6.3088,1.81445,2.55789,2.55789,1.81445,6.3088,6.3088,0.907223,0.907223,1.81445,1.81445,0.907223,0.907223,1.81445,1.81445,0.907223,0.907223,0.907223,0.907223,0.907223,0.907223,1.06814,1.06814,1.06814,1.06814,40.1792,40.1792,40.1792,99.0984,99.0984,28.5012,40.1792,40.1792,28.5012,99.0984,99.0984,14.2506,14.2506,28.5012,28.5012,14.2506,14.2506,28.5012,28.5012,14.2506,14.2506,14.2506,14.2506,14.2506,14.2506,16.7783,16.7783,16.7783,16.7783,0,0,0,0,0,0,0,0,0,0,0,0,0,0,0,0,0,0,0,0,0,0,0,0,0,0,0,0,0,0,0,0,0,0,0,0,0,0,0,0,0,0,0,0,0,0,0,0,0,0,0,0,0,0,0,0,0,0,0,0,0,0,0,0,0,0,0,0,0,0,0,0,0,0,0,0,0,0,0,0,0,0,0,0,0,0,0,0,0,0,0,0,0,0,0,0,0,0,0,0,0,0,0,0,0,0,0,0,0,0,0,0,0,0,0,0,0,-0.133342,0.0960819,0.258423,0.147568,0.0540686,0.240178,0.238162,-0.343704,-0.267718,0.148718,-0.216681,-0.159494,-0.123401,0.0824798,0.588718,0.409062,-0.100162,0.096854,-0.751377,0.183731,0.0406614,-0.750419,-0.0353985,0.192559,0.0207258,0.634582,-0.873504,-0.480761,1.03717,2.7269,0.919587,1.59363,0.0103505,-0.411414,-0.0193823,0.362696,0.000696141,0.40331,-0.0880198,0.100601,0.0844522,0.500416,0.59322,0.698929,-0.0699503,-0.117415,0.105337,0.26472,0.304452,0.0652245,0.2618,-0.0439289,0.0178332,0.00908985,0.223713,-0.350741,-0.0950314,0.606145,0.00721571,-0.0559069,0.0472769,0.953,0.0928665,0.132048,-0.986883,0.6,0,0,1.59262,1.09791,3
0.125439,-0.882342,8.07592,-0.0478152,0.447209,0.0915523,-0.134236,0.102851,0.258271,0.125439,-0.882342,8.07592,-0.0478152,0.447209,0.0915523,-0.134236,0.102851,0.258271,0.34854,-0.0565511,-0.24921,0.372037,0.0659325,0.52,-0.487541,0.376181,0.0106844,0.716198,0.137046,0.563453,-0.0676037,-0.26056,0.15763,0.26963,0.312663,0.0787779,0.2618,-0.0430555,-0.00677662,-0.0610266,0.363085,-0.433883,-0.121759,0.61616,0.00932786,-0.0479389,0.0382045,0,0,0,0,0,0,0,0,0,0,0,0,0,0,0,0,0,0,0,0,0,0,0,0,0,0,0,0,0,-0.473534,-0.0168981,-0.204336,0.38337,-0.0156877,0.263886,-0.00587468,0.431985,0.104045,0.12472,0.128004,0.160209,-0.0575491,0.0417944,-0.0429981,0.183502,0.198377,0.00507064,0.30711,-0.0550867,0.0315162,0.0602388,0.0500991,-0.179948,-0.0132307,0.63919,0.00321697,-0.0396493,0.049485,3.05184,0.254441,0.490114,-1.05103,0.229693,2.40903,-0.856012,0.64684,-0.557291,3.12181,2.95946,6.74589,-0.507116,-0.501252,-1.32341,0.0135997,-0.225386,0.460166,-0.136157,0.173099,0.0699526,-1.00511,0.0790856,0.28312,-0.27286,-0.38338,0.0560755,-0.209484,0.0710591,12.0552,-16.4806,6.26753,4.46193,0.130703,-0.372813,-1.35035,-14.8557,0.315133,18.9925,28.3891,1.87411,0.23717,-3.714,6.56279,1.16061,1.72092,0.914052,-1.04746,0.00244803,-0.258418,0.177146,2.45346,-2.69638,-0.935177,-0.171437,0.00875935,-0.0621171,-0.116694,0,0,0,0,0,0,0,0,0,0,0,0,0,0,0,0,0,0,0,0,0,0,0,0,0,0,0,0,0,2.55789,2.55789,2.55789,6.3088,6.3088,1.81445,2.55789,2.55789,1.81445,6.3088,6.3088,0.907223,0.907223,1.81445,1.81445,0.907223,0.907223,1.81445,1.81445,0.907223,0.907223,0.907223,0.907223,0.907223,0.907223,1.06814,1.06814,1.06814,1.06814,40.1792,40.1792,40.1792,99.0984,99.0984,28.5012,40.1792,40.1792,28.5012,99.0984,99.0984,14.2506,14.2506,28.5012,28.5012,14.2506,14.2506,28.5012,28.5012,14.2506,14.2506,14.2506,14.2506,14.2506,14.2506,16.7783,16.7783,16.7783,16.7783,0,0,0,0,0,0,0,0,0,0,0,0,0,0,0,0,0,0,0,0,0,0,0,0,0,0,0,0,0,0,0,0,0,0,0,0,0,0,0,0,0,0,0,0,0,0,0,0,0,0,0,0,0,0,0,0,0,0,0,0,0,0,0,0,0,0,0,0,0,0,0,0,0,0,0,0,0,0,0,0,0,0,0,0,0,0,0,0,0,0,0,0,0,0,0,0,0,0,0,0,0,0,0,0,0,0,0,0,0,0,0,0,0,0,0,0,0,-0.134236,0.102851,0.258271,0.158762,0.371851,0.359413,0.256883,-0.533276,-0.594103,0.179621,-0.277624,-0.154143,-0.11296,0.216906,1.20636,-0.320595,-0.0981708,0.125205,-0.103281,0.68703,-0.0154514,-0.643468,-0.45514,0.0243614,-0.139147,0.512806,-0.846866,0.134597,1.22321,1.42601,1.21261,1.28473,0.34854,-0.0565511,-0.24921,0.372037,0.0659325,0.52,-0.487541,0.376181,0.0106844,0.716198,0.137046,0.563453,-0.0676037,-0.26056,0.15763,0.26963,0.312663,0.0787779,0.2618,-0.0430555,-0.00677662,-0.0610266,0.363085,-0.433883,-0.121759,0.61616,0.00932786,-0.0479389,0.0382045,0.595,0.10267,0.133126,-0.985767,0.6,0,0,1.5769,1.09733,3
-3.2858,-4.35288,4.09189,-0.00755911,0.261529,0.262582,-0.133634,0.10902,0.260972,-3.2858,-4.35288,4.09189,-0.00755911,0.261529,0.262582,-0.133634,0.10902,0.260972,0.376831,0.557605,-0.593637,0.501435,-0.0426689,0.52,-0.678248,0.201197,0.0827603,0.904272,-0.087267,0.104014,-0.112448,-0.363615,0.259177,0.325886,0.319709,0.046145,0.2618,-0.0299766,0.0245627,-0.133428,0.32514,-0.32136,-0.0329839,0.610124,0.00475867,-0.01263,0.0243059,0,0,0,0,0,0,0,0,0,0,0,0,0,0,0,0,0,0,0,0,0,0,0,0,0,0,0,0,0,-0.417589,-0.0201607,-0.223797,0.355093,-0.00183871,0.283067,-0.0547968,0.436142,0.0807161,0.259997,0.132172,0.27908,-0.0809797,0.0384111,-0.0609187,0.18573,0.196831,0.0160497,0.303281,-0.052055,0.0280381,0.0285791,0.0603194,-0.178115,-0.018501,0.624823,0.00472669,-0.0434,0.0490649,2.44693,-0.15619,-0.970425,-1.37918,-0.0588411,0.398536,-2.93442,-0.30283,-1.44534,7.91251,0.124826,4.22844,-1.23017,0.289315,-0.918388,0.0624673,0.183589,0.531966,-0.238258,0.132529,-0.291781,-1.6474,0.729764,0.0358806,-0.296043,-0.79721,0.0748279,-0.226838,-0.0581741,24.5901,-0.977747,1.80653,10.2278,6.63721,5.90255,-10.0223,-1.89969,0.503404,-3.48718,-0.267615,-0.682897,1.33269,-8.88944,7.75896,1.12095,1.53975,0.828552,-0.757395,0.00890688,-0.248585,0.206744,3.70933,-3.69038,-1.21512,0.681787,-0.00155915,0.155338,-0.124576,0,0,0,0,0,0,0,0,0,0,0,0,0,0,0,0,0,0,0,0,0,0,0,0,0,0,0,0,0,2.55789,2.55789,2.55789,6.3088,6.3088,1.81445,2.55789,2.55789,1.81445,6.3088,6.3088,0.907223,0.907223,1.81445,1.81445,0.907223,0.907223,1.81445,1.81445,0.907223,0.907223,0.907223,0.907223,0.907223,0.907223,1.06814,1.06814,1.06814,1.06814,40.1792,40.1792,40.1792,99.0984,99.0984,28.5012,40.1792,40.1792,28.5012,99.0984,99.0984,14.2506,14.2506,28.5012,28.5012,14.2506,14.2506,28.5012,28.5012,14.2506,14.2506,14.2506,14.2506,14.2506,14.2506,16.7783,16.7783,16.7783,16.7783,0,0,0,0,0,0,0,0,0,0,0,0,0,0,0,0,0,0,0,0,0,0,0,0,0,0,0,0,0,0,0,0,0,0,0,0,0,0,0,0,0,0,0,0,0,0,0,0,0,0,0,0,0,0,0,0,0,0,0,0,0,0,0,0,0,0,0,0,0,0,0,0,0,0,0,0,0,0,0,0,0,0,0,0,0,0,0,0,0,0,0,0,0,0,0,0,0,0,0,0,0,0,0,0,0,0,0,0,0,0,0,0,0,0,0,0,0,-0.133634,0.10902,0.260972,0.287033,0.285332,0.590949,0.272949,-0.276713,-0.829078,0.105215,-0.0752065,-0.256393,-0.161524,0.135886,1.25803,-0.66889,-0.0683497,0.063874,1.01837,0.367451,0.0560054,-0.169529,-1.08418,0.188702,-0.304229,0.32625,-0.477855,0.670937,0.913505,-1.21472,1.32144,0.237163,0.376831,0.557605,-0.593637,0.501435,-0.0426689,0.52,-0.678248,0.201197,0.0827603,0.904272,-0.087267,0.104014,-0.112448,-0.363615,0.259177,0.325886,0.319709,0.046145,0.2618,-0.0299766,0.0245627,-0.133428,0.32514,-0.32136,-0.0329839,0.610124,0.00475867,-0.01263,0.0243059,0.662,0.108804,0.132445,-0.985201,0.6,0,0,1.5769,1.09733,3
-2.58798,1.01493,7.01931,0.417978,-0.205455,0.296472,-0.128524,0.108808,0.266977,-2.58798,1.01493,7.01931,0.417978,-0.205455,0.296472,-0.128524,0.108808,0.266977,0.140998,0.806596,-0.657382,0.40336,-0.258501,0.500871,-0.675706,-0.0399132,0.282459,1.05199,-0.087267,-0.251419,-0.147531,-0.256963,0.18144,0.288821,0.349381,0.0585576,0.2618,-0.0110354,0.0658348,-0.0469431,0.295421,-0.281783,-0.0475173,0.602459,0.00166939,-0.00548846,0.0111335,0,0,0,0,0,0,0,0,0,0,0,0,0,0,0,0,0,0,0,0,0,0,0,0,0,0,0,0,0,-0.393119,-0.0173568,-0.240301,0.353877,-0.0219525,0.283521,-0.130131,0.430808,0.0489662,0.434696,0.0772521,0.269997,-0.100265,0.0357985,-0.0660249,0.189993,0.203234,0.020668,0.300515,-0.0468039,0.0283385,-0.0130475,0.0794872,-0.184009,-0.0171263,0.610166,0.00511638,-0.0398932,0.043351,0.774874,0.321864,-0.802903,0.652868,-1.18136,-0.166773,-3.80208,-0.26035,-1.59372,8.44909,-2.54192,-2.24268,-0.683758,-0.550347,-0.134186,0.278722,0.364276,0.0531108,-0.0333584,0.273241,0.16174,-2.10928,1.0038,-0.490133,0.208129,-0.530993,-0.00330855,0.299034,-0.302843,28.9865,22.3338,-12.2281,11.2242,5.20133,6.98935,-12.3733,-8.6294,3.80268,-6.30381,-0.233057,-0.505071,0.490144,-10.5545,9.44954,1.69756,1.34195,0.596143,-1.00191,-0.0066349,-0.183422,0.178547,2.61731,-1.54935,-0.406421,0.612102,-0.00456218,0.150906,0.00673828,0,0,0,0,0,0,0,0,0,0,0,0,0,0,0,0,0,0,0,0,0,0,0,0,0,0,0,0,0,2.55789,2.55789,2.55789,6.3088,6.3088,1.81445,2.55789,2.55789,1.81445,6.3088,6.3088,0.907223,0.907223,1.81445,1.81445,0.907223,0.907223,1.81445,1.81445,0.907223,0.907223,0.907223,0.907223,0.907223,0.907223,1.06814,1.06814,1.06814,1.06814,40.1792,40.1792,40.1792,99.0984,99.0984,28.5012,40.1792,40.1792,28.5012,99.0984,99.0984,14.2506,14.2506,28.5012,28.5012,14.2506,14.2506,28.5012,28.5012,14.2506,14.2506,14.2506,14.2506,14.2506,14.2506,16.7783,16.7783,16.7783,16.7783,0,0,0,0,0,0,0,0,0,0,0,0,0,0,0,0,0,0,0,0,0,0,0,0,0,0,0,0,0,0,0,0,0,0,0,0,0,0,0,0,0,0,0,0,0,0,0,0,0,0,0,0,0,0,0,0,0,0,0,0,0,0,0,0,0,0,0,0,0,0,0,0,0,0,0,0,0,0,0,0,0,0,0,0,0,0,0,0,0,0,0,0,0,0,0,0,0,0,0,0,0,0,0,0,0,0,0,0,0,0,0,0,0,0,0,0,0,-0.128524,0.108808,0.266977,0.202521,0.217569,0.413702,0.340603,-0.186473,-0.585901,0.133517,-0.108344,-0.336385,-0.0873911,0.0330077,0.827324,-0.664246,-0.0251619,0.0224076,1.47311,-0.0728946,0.15011,-0.0736698,-1.2006,0.644035,-0.107035,0.149441,-0.757539,1.09219,0.298005,-1.73219,1.14203,-0.573261,0.140998,0.806596,-0.657382,0.40336,-0.258501,0.500871,-0.675706,-0.0399132,0.282459,1.05199,-0.087267,-0.251419,-0.147531,-0.256963,0.18144,0.288821,0.349381,0.0585576,0.2618,-0.0110354,0.0658348,-0.0469431,0.295421,-0.281783,-0.0475173,0.602459,0.00166939,-0.00548846,0.0111335,0.65,0.108594,0.127413,-0.985887,0.6,0,0,1.57039,1.09973,3
-0.419294,-0.700089,8.44229,0.542738,-0.530749,0.207043,-0.118244,0.101414,0.272835,-0.419294,-0.700089,8.44229,0.542738,-0.530749,0.207043,-0.118244,0.101414,0.272835,-0.0926655,0.706149,-0.528141,0.287177,-0.318525,0.380693,-0.618299,0.0482389,0.242218,1.06417,-0.087267,-0.253861,-0.159637,-0.101692,0.083401,0.219901,0.279088,0.0507076,0.2618,0.00290849,0.00626903,0.0197961,0.249827,-0.369602,-0.0981284,0.591074,0.00127081,-0.0144283,0.00640077,0,0,0,0,0,0,0,0,0,0,0,0,0,0,0,0,0,0,0,0,0,0,0,0,0,0,0,0,0,-0.38011,-0.0103881,-0.246113,0.37346,-0.0619025,0.279112,-0.208739,0.421366,0.0358568,0.604663,0.0336813,0.161097,-0.119999,0.0276919,-0.0633932,0.198696,0.212401,0.0213182,0.299632,-0.0379379,0.0397553,-0.0320034,0.100588,-0.190927,-0.0164565,0.606113,0.00410069,-0.0318442,0.0359051,0.713168,0.408744,0.0420284,0.980777,-1.96637,-0.21609,-3.73702,-0.686795,-0.146525,7.97884,-1.84422,-6.59767,-1.10832,-0.383095,0.214963,0.524523,0.495313,0.107084,0.0351076,0.447407,0.695664,-0.44823,1.10477,-0.248517,-0.0916172,-0.00327368,-0.0508004,0.436395,-0.378719,19.2386,31.8309,-16.5569,-3.06371,-7.05822,6.70951,-9.27327,-16.9673,7.38711,-5.76307,-0.326897,-0.0624174,0.589523,-7.47796,6.59501,0.836994,1.51971,0.905449,-1.09459,-0.0215097,-0.239967,0.220452,1.81649,-1.06599,-0.378193,-0.0206331,0.0144345,-0.0108422,-0.0168299,0,0,0,0,0,0,0,0,0,0,0,0,0,0,0,0,0,0,0,0,0,0,0,0,0,0,0,0,0,2.55789,2.55789,2.55789,6.3088,6.3088,1.81445,2.55789,2.55789,1.81445,6.3088,6.3088,0.907223,0.907223,1.81445,1.81445,0.907223,0.907223,1.81445,1.81445,0.907223,0.907223,0.907223,0.907223,0.907223,0.907223,1.06814,1.06814,1.06814,1.06814,40.1792,40.1792,40.1792,99.0984,99.0984,28.5012,40.1792,40.1792,28.5012,99.0984,99.0984,14.2506,14.2506,28.5012,28.5012,14.2506,14.2506,28.5012,28.5012,14.2506,14.2506,14.2506,14.2506,14.2506,14.2506,16.7783,16.7783,16.7783,16.7783,0,0,0,0,0,0,0,0,0,0,0,0,0,0,0,0,0,0,0,0,0,0,0,0,0,0,0,0,0,0,0,0,0,0,0,0,0,0,0,0,0,0,0,0,0,0,0,0,0,0,0,0,0,0,0,0,0,0,0,0,0,0,0,0,0,0,0,0,0,0,0,0,0,0,0,0,0,0,0,0,0,0,0,0,0,0,0,0,0,0,0,0,0,0,0,0,0,0,0,0,0,0,0,0,0,0,0,0,0,0,0,0,0,0,0,0,0,-0.118244,0.101414,0.272835,0.0453761,0.113609,0.190163,0.180329,-0.386709,-0.231868,0.115618,-0.223743,-0.363988,-0.0841293,-0.119805,0.400577,-0.559403,0.00663165,0.0170576,1.28966,0.0881001,0.014294,-0.193666,-0.964559,0.552282,0.0451372,0.0859153,-1.08887,1.12692,0.126832,-1.33209,0.868018,-0.578828,-0.0926655,0.706149,-0.528141,0.287177,-0.318525,0.380693,-0.618299,0.0482389,0.242218,1.06417,-0.087267,-0.253861,-0.159637,-0.101692,0.083401,0.219901,0.279088,0.0507076,0.2618,0.00290849,0.00626903,0.0197961,0.249827,-0.369602,-0.0981284,0.591074,0.00127081,-0.0144283,0.00640077,0.683,0.10124,0.117362,-0.987915,0.6,0,0,1.5741,1.1107,3
-0.435744,-1.97287,8.61884,0.450202,-0.648583,0.213351,-0.107923,0.0896201,0.278306,-0.435744,-1.97287,8.61884,0.450202,-0.648583,0.213351,-0.107923,0.0896201,0.278306,-0.217486,0.600165,-0.412926,0.291849,-0.288017,0.335181,-0.605842,0.241693,0.156837,1.04391,-0.087267,-0.209097,-0.182177,-0.0947962,0.0137445,0.234614,0.19205,0.0372329,0.2618,0.0127554,-0.017061,-0.00293189,0.224372,-0.449923,-0.118925,0.591291,0.00285607,-0.0136863,0.0106174,0,0,0,0,0,0,0,0,0,0,0,0,0,0,0,0,0,0,0,0,0,0,0,0,0,0,0,0,0,-0.364053,-0.00263851,-0.236206,0.386814,-0.0985269,0.273757,-0.27806,0.399712,0.0420467,0.742443,0.00242101,0.0420709,-0.145041,0.0260366,-0.0564966,0.210611,0.222604,0.0252499,0.303009,-0.0270757,0.0416399,-0.0242372,0.124492,-0.193617,-0.0215078,0.610151,0.0031351,-0.0250196,0.0292952,0.864629,0.343437,0.712176,0.459594,-1.67648,-0.275619,-3.2118,-1.37896,0.557977,5.9186,-1.35606,-5.24726,-1.29872,0.0989713,0.39206,0.626798,0.496069,0.295129,0.169601,0.516272,-0.146377,0.672637,1.26708,-0.096392,-0.332973,0.286434,-0.0388462,0.30573,-0.301591,8.78949,27.5992,-13.456,-12.8495,-11.3055,3.54251,-5.54987,-10.8503,4.78169,-5.6801,-0.343774,0.546254,0.939458,-3.78371,3.29582,-0.417025,0.365795,0.234734,-1.48701,-0.0413508,-0.387814,0.0415685,0.685137,-2.42471,-0.806427,-0.607384,0.0111762,-0.142857,-0.0654675,0,0,0,0,0,0,0,0,0,0,0,0,0,0,0,0,0,0,0,0,0,0,0,0,0,0,0,0,0,2.55789,2.55789,2.55789,6.3088,6.3088,1.81445,2.55789,2.55789,1.81445,6.3088,6.3088,0.907223,0.907223,1.81445,1.81445,0.907223,0.907223,1.81445,1.81445,0.907223,0.907223,0.907223,0.907223,0.907223,0.907223,1.06814,1.06814,1.06814,1.06814,40.1792,40.1792,40.1792,99.0984,99.0984,28.5012,40.1792,40.1792,28.5012,99.0984,99.0984,14.2506,14.2506,28.5012,28.5012,14.2506,14.2506,28.5012,28.5012,14.2506,14.2506,14.2506,14.2506,14.2506,14.2506,16.7783,16.7783,16.7783,16.7783,0,0,0,0,0,0,0,0,0,0,0,0,0,0,0,0,0,0,0,0,0,0,0,0,0,0,0,0,0,0,0,0,0,0,0,0,0,0,0,0,0,0,0,0,0,0,0,0,0,0,0,0,0,0,0,0,0,0,0,0,0,0,0,0,0,0,0,0,0,0,0,0,0,0,0,0,0,0,0,0,0,0,0,0,0,0,0,0,0,0,0,0,0,0,0,0,0,0,0,0,0,0,0,0,0,0,0,0,0,0,0,0,0,0,0,0,0,-0.107923,0.0896201,0.278306,0.0789223,0.0555695,0.0313388,-0.0181269,-0.569849,-0.216145,0.0848948,-0.27116,-0.415381,-0.00793196,-0.116905,0.172614,-0.536653,0.0290836,0.0383361,1.0961,0.44141,-0.0389007,-0.183706,-0.754139,0.357603,-0.006685,0.142514,-1.07554,1.06915,0.213833,-1.10451,0.764247,-0.476762,-0.217486,0.600165,-0.412926,0.291849,-0.288017,0.335181,-0.605842,0.241693,0.156837,1.04391,-0.087267,-0.209097,-0.182177,-0.0947962,0.0137445,0.234614,0.19205,0.0372329,0.2618,0.0127554,-0.017061,-0.00293189,0.224372,-0.449923,-0.118925,0.591291,0.00285607,-0.0136863,0.0106174,0.608,0.0895002,0.107281,-0.990192,0.6,0,0,1.5741,1.1107,3
-2.26422,-1.29511,7.67393,0.456189,-0.507122,0.281647,-0.0982986,0.0782983,0.28452,-2.26422,-1.29511,7.67393,0.456189,-0.507122,0.281647,-0.0982986,0.0782983,0.28452,-0.332968,0.493752,-0.32575,0.319607,-0.344219,0.333073,-0.514555,0.262303,0.131612,0.982437,-0.087267,-0.179473,-0.193612,-0.118634,-0.010773,0.290812,0.14888,0.0116576,0.2618,0.0154736,0.0587207,-0.0161087,0.22989,-0.432418,-0.0787451,0.59188,0.00466359,-0.00672025,0.0114224,0,0,0,0,0,0,0,0,0,0,0,0,0,0,0,0,0,0,0,0,0,0,0,0,0,0,0,0,0,-0.351178,0.00921823,-0.216631,0.396693,-0.121533,0.268871,-0.337866,0.372686,0.0563656,0.835705,-0.0205808,-0.0378905,-0.168864,0.0254834,-0.0482953,0.223296,0.229703,0.0327028,0.304663,-0.0160727,0.0335646,-0.0158434,0.150816,-0.198938,-0.027594,0.615779,0.00295551,-0.0195208,0.0254301,0.506944,0.750122,1.1181,0.601363,-0.910536,-0.214738,-2.78427,-1.31812,0.808414,3.77313,-1.01183,-3.18567,-1.08656,-0.130425,0.321057,0.597396,0.259219,0.367321,0.00299169,0.502489,-0.499801,0.307417,1.30761,-0.401995,-0.294242,0.291672,-0.00340456,0.246333,-0.143782,4.07958,21.9349,-10.6321,-13.9265,-10.6925,2.28062,-3.73908,-1.99545,1.46891,-3.4958,-0.24358,0.484781,0.787464,-3.23117,1.14407,-0.376301,-0.778801,-0.532278,-1.25219,-0.0462742,-0.284185,-0.0965864,-0.108515,-3.24615,-1.04395,-0.706709,0.00171162,-0.162466,-0.0939765,0,0,0,0,0,0,0,0,0,0,0,0,0,0,0,0,0,0,0,0,0,0,0,0,0,0,0,0,0,2.55789,2.55789,2.55789,6.3088,6.3088,1.81445,2.55789,2.55789,1.81445,6.3088,6.3088,0.907223,0.907223,1.81445,1.81445,0.907223,0.907223,1.81445,1.81445,0.907223,0.907223,0.907223,0.907223,0.907223,0.907223,1.06814,1.06814,1.06814,1.06814,40.1792,40.1792,40.1792,99.0984,99.0984,28.5012,40.1792,40.1792,28.5012,99.0984,99.0984,14.2506,14.2506,28.5012,28.5012,14.2506,14.2506,28.5012,28.5012,14.2506,14.2506,14.2506,14.2506,14.2506,14.2506,16.7783,16.7783,16.7783,16.7783,0,0,0,0,0,0,0,0,0,0,0,0,0,0,0,0,0,0,0,0,0,0,0,0,0,0,0,0,0,0,0,0,0,0,0,0,0,0,0,0,0,0,0,0,0,0,0,0,0,0,0,0,0,0,0,0,0,0,0,0,0,0,0,0,0,0,0,0,0,0,0,0,0,0,0,0,0,0,0,0,0,0,0,0,0,0,0,0,0,0,0,0,0,0,0,0,0,0,0,0,0,0,0,0,0,0,0,0,0,0,0,0,0,0,0,0,0,-0.0982986,0.0782983,0.28452,0.207061,0.0681522,-0.0245635,-0.116558,-0.529935,-0.270497,0.0265804,-0.179547,-0.441455,0.0338896,-0.108986,-0.0382936,-0.369932,0.0352813,0.0625978,0.901753,0.479052,0.133889,-0.0902037,-0.594927,0.30009,-0.0367293,0.153318,-0.996382,0.893845,0.0535593,-0.995907,0.75944,-0.409216,-0.332968,0.493752,-0.32575,0.319607,-0.344219,0.333073,-0.514555,0.262303,0.131612,0.982437,-0.087267,-0.179473,-0.193612,-0.118634,-0.010773,0.290812,0.14888,0.0116576,0.2618,0.0154736,0.0587207,-0.0161087,0.22989,-0.432418,-0.0787451,0.59188,0.00466359,-0.00672025,0.0114224,0.706,0.0782183,0.0978397,-0.992124,0.6,0,0,1.59568,1.13333,3
-1.52821,-1.75217,7.49016,0.454402,-0.329537,0.31335,-0.0887235,0.0709283,0.291394,-1.52821,-1.75217,7.49016,0.454402,-0.329537,0.31335,-0.0887235,0.0709283,0.291394,-0.484458,0.320043,-0.216603,0.350933,-0.484062,0.280911,-0.231268,0.090102,0.11836,0.664232,-0.087267,-0.139614,-0.192093,-0.134355,-0.0109234,0.325012,0.175543,-0.0213473,0.2618,0.00836035,0.113886,0.024349,0.130963,-0.327524,0.00225197,0.581383,0.00222817,-0.010028,0.0118495,0,0,0,0,0,0,0,0,0,0,0,0,0,0,0,0,0,0,0,0,0,0,0,0,0,0,0,0,0,-0.345213,0.0261001,-0.192177,0.418433,-0.150969,0.265799,-0.384541,0.345021,0.0727018,0.885188,-0.0377166,-0.084381,-0.18537,0.0210214,-0.0453486,0.234607,0.23365,0.0362547,0.300615,-0.00708499,0.0379077,-0.0125537,0.176158,-0.21045,-0.0289925,0.621868,0.00341341,-0.0136332,0.0223862,0.225476,0.91153,1.28206,1.20479,-1.37328,-0.113023,-2.02904,-1.42469,0.846576,1.66951,-0.765837,-1.80139,-0.652115,-0.276856,0.0316582,0.546597,0.127885,0.0605909,-0.219196,0.395284,0.466398,0.0766264,1.23188,-0.677696,0.0484498,0.313685,0.0201879,0.299812,-0.121806,-0.0805157,16.544,-8.53623,-17.1268,-10.4447,2.1269,-0.0634739,0.183324,0.213451,-1.3466,-0.102655,0.303981,0.484325,-3.49907,0.886391,0.317745,-1.33641,-0.834383,-0.700439,-0.037511,-0.108504,-0.128604,-0.326624,-2.57909,-0.742646,-0.823583,-0.0018911,-0.198557,-0.0488949,0,0,0,0,0,0,0,0,0,0,0,0,0,0,0,0,0,0,0,0,0,0,0,0,0,0,0,0,0,2.55789,2.55789,2.55789,6.3088,6.3088,1.81445,2.55789,2.55789,1.81445,6.3088,6.3088,0.907223,0.907223,1.81445,1.81445,0.907223,0.907223,1.81445,1.81445,0.907223,0.907223,0.907223,0.907223,0.907223,0.907223,1.06814,1.06814,1.06814,1.06814,40.1792,40.1792,40.1792,99.0984,99.0984,28.5012,40.1792,40.1792,28.5012,99.0984,99.0984,14.2506,14.2506,28.5012,28.5012,14.2506,14.2506,28.5012,28.5012,14.2506,14.2506,14.2506,14.2506,14.2506,14.2506,16.7783,16.7783,16.7783,16.7783,0,0,0,0,0,0,0,0,0,0,0,0,0,0,0,0,0,0,0,0,0,0,0,0,0,0,0,0,0,0,0,0,0,0,0,0,0,0,0,0,0,0,0,0,0,0,0,0,0,0,0,0,0,0,0,0,0,0,0,0,0,0,0,0,0,0,0,0,0,0,0,0,0,0,0,0,0,0,0,0,0,0,0,0,0,0,0,0,0,0,0,0,0,0,0,0,0,0,0,0,0,0,0,0,0,0,0,0,0,0,0,0,0,0,0,0,0,-0.0887235,0.0709283,0.291394,0.28504,-0.157412,-0.0249065,-0.0557644,-0.290768,-0.306342,-0.048674,0.00513471,-0.437991,-0.114462,-0.249897,-0.314965,0.147444,0.0190624,0.029908,0.584503,0.164556,0.259671,-0.134603,-0.395588,0.269872,0.0555183,0.159052,-0.907049,-0.0135972,-0.345238,-0.668288,0.640504,-0.318334,-0.484458,0.320043,-0.216603,0.350933,-0.484062,0.280911,-0.231268,0.090102,0.11836,0.664232,-0.087267,-0.139614,-0.192093,-0.134355,-0.0109234,0.325012,0.175543,-0.0213473,0.2618,0.00836035,0.113886,0.024349,0.130963,-0.327524,0.00225197,0.581383,0.00222817,-0.010028,0.0118495,0.926,0.0708689,0.0883844,-0.993562,0.6,0,0,1.59568,1.13333,3
1.44654,-3.2586,6.9844,0.405864,-0.29015,0.167482,-0.0796213,0.0663958,0.296664,1.44654,-3.2586,6.9844,0.405864,-0.29015,0.167482,-0.0796213,0.0663958,0.296664,-0.629285,0.0917271,-0.0767423,0.378746,-0.641552,0.214737,0.0924751,0.128345,0.0395934,0.399737,-0.087267,-0.0310533,-0.175369,-0.101872,-0.0207051,0.328147,0.178089,-0.0526903,0.2618,0.0122391,0.134557,0.07776,-0.00865746,-0.32936,0.0238229,0.569173,-0.00147889,-0.0272363,0.0127459,0,0,0,0,0,0,0,0,0,0,0,0,0,0,0,0,0,0,0,0,0,0,0,0,0,0,0,0,0,-0.338472,0.0425067,-0.170033,0.454639,-0.208734,0.263178,-0.395343,0.304969,0.0809928,0.856992,-0.0495082,-0.106475,-0.184294,0.0137981,-0.0534499,0.245807,0.237036,0.029842,0.296917,-0.00213912,0.0570533,-0.0023539,0.195472,-0.224,-0.0217469,0.632867,0.00317886,-0.00759669,0.0190359,0.386945,0.749518,1.164,1.70732,-2.84736,-0.192256,0.163376,-2.42571,0.246476,-3.01242,-0.589587,-0.704966,0.422469,-0.233753,-0.429181,0.688391,0.184218,-0.46465,-0.173296,0.191331,1.10203,0.564067,0.850859,-0.61137,0.550102,0.603245,-0.024054,0.329863,-0.133539,-6.84486,9.22338,-4.66651,-21.0638,-9.39973,0.809601,6.32469,-2.81314,0.641294,-1.60944,-0.100372,0.196943,-0.446788,-3.69915,2.0268,0.555609,-1.03864,-0.651137,-0.690556,-0.0243566,-0.170427,-0.135487,-1.67685,-0.914965,-0.124116,-1.49975,0.00815328,-0.381004,0.0305223,0,0,0,0,0,0,0,0,0,0,0,0,0,0,0,0,0,0,0,0,0,0,0,0,0,0,0,0,0,2.55789,2.55789,2.55789,6.3088,6.3088,1.81445,2.55789,2.55789,1.81445,6.3088,6.3088,0.907223,0.907223,1.81445,1.81445,0.907223,0.907223,1.81445,1.81445,0.907223,0.907223,0.907223,0.907223,0.907223,0.907223,1.06814,1.06814,1.06814,1.06814,40.1792,40.1792,40.1792,99.0984,99.0984,28.5012,40.1792,40.1792,28.5012,99.0984,99.0984,14.2506,14.2506,28.5012,28.5012,14.2506,14.2506,28.5012,28.5012,14.2506,14.2506,14.2506,14.2506,14.2506,14.2506,16.7783,16.7783,16.7783,16.7783,0,0,0,0,0,0,0,0,0,0,0,0,0,0,0,0,0,0,0,0,0,0,0,0,0,0,0,0,0,0,0,0,0,0,0,0,0,0,0,0,0,0,0,0,0,0,0,0,0,0,0,0,0,0,0,0,0,0,0,0,0,0,0,0,0,0,0,0,0,0,0,0,0,0,0,0,0,0,0,0,0,0,0,0,0,0,0,0,0,0,0,0,0,0,0,0,0,0,0,0,0,0,0,0,0,0,0,0,0,0,0,0,0,0,0,0,0,-0.0796213,0.0663958,0.296664,0.292189,-0.47576,-0.0472097,-0.0499583,-0.294954,-0.232278,-0.120139,0.0543186,-0.39986,-0.202585,-0.413779,-0.579468,0.738705,0.0279063,-0.0198506,0.167524,0.234399,0.306803,-0.365583,-0.140157,0.0902768,0.177301,0.171084,-0.827734,-0.767872,-0.79436,-0.0643312,0.489622,-0.0708046,-0.629285,0.0917271,-0.0767423,0.378746,-0.641552,0.214737,0.0924751,0.128345,0.0395934,0.399737,-0.087267,-0.0310533,-0.175369,-0.101872,-0.0207051,0.328147,0.178089,-0.0526903,0.2618,0.0122391,0.134557,0.07776,-0.00865746,-0.32936,0.0238229,0.569173,-0.00147889,-0.0272363,0.0127459,0.689,0.066347,0.079362,-0.994636,0.6,0,0,1.61355,1.15366,3
2.56559,-4.13675,4.96606,0.26828,-0.34633,-0.0767812,-0.0728755,0.0613302,0.297591,2.56559,-4.13675,4.96606,0.26828,-0.34633,-0.0767812,-0.0728755,0.0613302,0.297591,-0.732832,0.0406605,0.00834183,0.460267,-0.799933,0.174363,0.271632,0.248016,0.0660982,0.251908,-0.087267,0.0732737,-0.16182,-0.035555,-0.0532103,0.276939,0.208078,-0.0579448,0.2618,0.0155956,0.109104,0.134979,-0.0952358,-0.440483,-0.00608115,0.565489,-0.00447831,-0.0402498,0.0130686,0,0,0,0,0,0,0,0,0,0,0,0,0,0,0,0,0,0,0,0,0,0,0,0,0,0,0,0,0,-0.325868,0.0531265,-0.146149,0.496566,-0.296098,0.254056,-0.363622,0.24637,0.0839004,0.748787,-0.0589571,-0.0976932,-0.16431,0.0142282,-0.0700917,0.26138,0.242231,0.0157199,0.29412,0.00192485,0.0802594,0.0187533,0.204805,-0.233457,-0.00712629,0.648502,0.0018673,-0.00372787,0.0171153,0.696571,0.357801,1.37695,1.86512,-4.15476,-0.592529,2.15206,-3.24371,0.183322,-6.39285,-0.483512,0.958189,1.28404,0.379812,-0.77748,0.940277,0.298217,-0.763134,-0.146029,0.189578,1.11557,1.09544,0.295401,-0.33979,0.82528,0.743826,-0.0708457,0.172631,-0.0535928,-13.9687,0.540808,-0.491265,-23.5229,-8.10342,-0.107988,13.0288,3.16171,-1.52762,4.37568,0.173143,0.136573,-1.26141,-3.7942,2.8874,0.160028,-1.17279,-0.593943,-0.66333,-0.0250321,-0.232166,-0.153969,-3.315,-1.03763,-0.28045,-2.13876,0.0188698,-0.57473,-0.00923048,0,0,0,0,0,0,0,0,0,0,0,0,0,0,0,0,0,0,0,0,0,0,0,0,0,0,0,0,0,2.55789,2.55789,2.55789,6.3088,6.3088,1.81445,2.55789,2.55789,1.81445,6.3088,6.3088,0.907223,0.907223,1.81445,1.81445,0.907223,0.907223,1.81445,1.81445,0.907223,0.907223,0.907223,0.907223,0.907223,0.907223,1.06814,1.06814,1.06814,1.06814,40.1792,40.1792,40.1792,99.0984,99.0984,28.5012,40.1792,40.1792,28.5012,99.0984,99.0984,14.2506,14.2506,28.5012,28.5012,14.2506,14.2506,28.5012,28.5012,14.2506,14.2506,14.2506,14.2506,14.2506,14.2506,16.7783,16.7783,16.7783,16.7783,0,0,0,0,0,0,0,0,0,0,0,0,0,0,0,0,0,0,0,0,0,0,0,0,0,0,0,0,0,0,0,0,0,0,0,0,0,0,0,0,0,0,0,0,0,0,0,0,0,0,0,0,0,0,0,0,0,0,0,0,0,0,0,0,0,0,0,0,0,0,0,0,0,0,0,0,0,0,0,0,0,0,0,0,0,0,0,0,0,0,0,0,0,0,0,0,0,0,0,0,0,0,0,0,0,0,0,0,0,0,0,0,0,0,0,0,0,-0.0728755,0.0613302,0.297591,0.175428,-0.673167,-0.121325,0.018419,-0.548325,-0.081069,-0.13212,-0.0138656,-0.368966,-0.257937,-0.463227,-0.768578,1.0659,0.0355594,-0.0601108,0.0742595,0.452959,0.248768,-0.540259,0.0152349,0.15071,0.307765,0.175415,-0.595257,-1.18944,-1.24603,0.350376,0.397566,0.167071,-0.732832,0.0406605,0.00834183,0.460267,-0.799933,0.174363,0.271632,0.248016,0.0660982,0.251908,-0.087267,0.0732737,-0.16182,-0.035555,-0.0532103,0.276939,0.208078,-0.0579448,0.2618,0.0155956,0.109104,0.134979,-0.0952358,-0.440483,-0.00608115,0.565489,-0.00447831,-0.0402498,0.0130686,0.672,0.0612918,0.0726741,-0.995471,0.6,0,0,1.61987,1.16922,3
0.513876,-4.00508,7.68707,0.121393,-0.412804,-0.148408,-0.0693133,0.0539945,0.295298,0.513876,-4.00508,7.68707,0.121393,-0.412804,-0.148408,-0.0693133,0.0539945,0.295298,-0.688411,0.0219265,0.115099,0.752502,-0.848715,0.133477,0.237165,0.185791,0.214369,0.0751336,-0.087267,0.109076,-0.128947,0.128431,-0.039754,0.281028,0.319772,-0.0322697,0.2618,0.0261241,0.0427855,0.164586,-0.0697575,-0.420788,-0.0111901,0.565898,-0.00711482,-0.0483998,0.0134956,0,0,0,0,0,0,0,0,0,0,0,0,0,0,0,0,0,0,0,0,0,0,0,0,0,0,0,0,0,-0.314643,0.0599136,-0.113555,0.545845,-0.407762,0.238369,-0.307092,0.185277,0.100634,0.607225,-0.0705536,-0.0582592,-0.133159,0.0278863,-0.0873071,0.280235,0.249105,-0.000327995,0.293237,0.00571985,0.094708,0.0486661,0.205268,-0.239142,0.00959147,0.662124,3.94063e-05,-0.00328714,0.0173814,0.41885,0.434928,1.72367,2.4399,-5.10117,-0.859644,3.06393,-2.62039,1.27857,-6.04253,-2.1988,3.14076,1.77711,0.82161,-0.762071,0.92987,0.346258,-0.749516,0.0206652,0.176433,0.523738,1.49754,-0.121358,-0.248371,0.7872,0.576239,-0.0883849,-0.0394023,0.0391101,-17.9442,-1.59173,0.41249,-23.4087,-6.5379,-0.296241,15.7641,9.82919,-3.21221,9.75964,0.420043,-0.0129348,-1.86818,-3.38629,2.34386,-0.89296,-0.896982,-0.287248,-0.822209,-0.0176387,-0.28685,-0.125032,-4.20237,-2.62857,-0.947221,-2.20719,0.0173633,-0.598188,-0.114274,0,0,0,0,0,0,0,0,0,0,0,0,0,0,0,0,0,0,0,0,0,0,0,0,0,0,0,0,0,2.55789,2.55789,2.55789,6.3088,6.3088,1.81445,2.55789,2.55789,1.81445,6.3088,6.3088,0.907223,0.907223,1.81445,1.81445,0.907223,0.907223,1.81445,1.81445,0.907223,0.907223,0.907223,0.907223,0.907223,0.907223,1.06814,1.06814,1.06814,1.06814,40.1792,40.1792,40.1792,99.0984,99.0984,28.5012,40.1792,40.1792,28.5012,99.0984,99.0984,14.2506,14.2506,28.5012,28.5012,14.2506,14.2506,28.5012,28.5012,14.2506,14.2506,14.2506,14.2506,14.2506,14.2506,16.7783,16.7783,16.7783,16.7783,0,0,0,0,0,0,0,0,0,0,0,0,0,0,0,0,0,0,0,0,0,0,0,0,0,0,0,0,0,0,0,0,0,0,0,0,0,0,0,0,0,0,0,0,0,0,0,0,0,0,0,0,0,0,0,0,0,0,0,0,0,0,0,0,0,0,0,0,0,0,0,0,0,0,0,0,0,0,0,0,0,0,0,0,0,0,0,0,0,0,0,0,0,0,0,0,0,0,0,0,0,0,0,0,0,0,0,0,0,0,0,0,0,0,0,0,0,-0.0693133,0.0539945,0.295298,0.184753,-0.615074,-0.0906432,0.273092,-0.50342,0.292836,-0.0735782,-0.0255145,-0.294012,-0.327227,-0.457737,-0.68745,1.00296,0.0595655,-0.0954998,0.040045,0.339316,0.0975553,-0.649654,0.210209,0.488783,0.375273,0.181148,0.238127,-1.69356,-1.38514,0.55804,0.30434,0.248704,-0.688411,0.0219265,0.115099,0.752502,-0.848715,0.133477,0.237165,0.185791,0.214369,0.0751336,-0.087267,0.109076,-0.128947,0.128431,-0.039754,0.281028,0.319772,-0.0322697,0.2618,0.0261241,0.0427855,0.164586,-0.0697575,-0.420788,-0.0111901,0.565898,-0.00711482,-0.0483998,0.0134956,0.637,0.0539682,0.0691569,-0.996145,0.6,0,0,1.61987,1.16922,3
0.929231,0.734524,10.4825,0.066485,-0.612423,0.052875,-0.0674183,0.0432405,0.295262,0.929231,0.734524,10.4825,0.066485,-0.612423,0.052875,-0.0674183,0.0432405,0.295262,-0.809548,-0.26613,0.25148,1.32064,-0.901526,0.00201578,0.0634052,-0.0974703,0.52,0.0178251,-0.087267,0.0448413,-0.0633681,0.228413,-0.0336025,0.352484,0.491159,0.0339937,0.2618,0.0451822,-0.0189596,0.103952,-0.0594718,-0.315839,-0.0113801,0.56275,-0.00748575,-0.0535962,0.0212566,0,0,0,0,0,0,0,0,0,0,0,0,0,0,0,0,0,0,0,0,0,0,0,0,0,0,0,0,0,-0.32656,0.094416,-0.0919677,0.617035,-0.519404,0.220751,-0.228825,0.177292,0.126287,0.508411,-0.139438,0.0141377,-0.0829728,0.0219913,-0.0933437,0.297136,0.252521,-0.0132885,0.300289,0.0107422,0.092292,0.078829,0.202099,-0.244029,0.0206979,0.674085,-0.00204932,-0.0058569,0.0182154,-1.22063,2.5948,0.770256,3.79602,-4.83938,-0.827868,4.33942,0.810497,0.974381,-5.23081,-3.3178,1.57147,2.74004,-0.958137,0.083655,0.816593,0.0243618,-0.54392,0.372743,0.247838,-0.320181,1.40028,-0.171139,-0.275001,0.403901,0.549789,-0.0951225,-0.139303,0.0312767,-11.7277,-8.98489,6.33514,-9.97783,-1.93246,-1.01284,7.99444,-1.24767,0.448733,-11.4639,26.2469,-0.73175,-3.09043,4.56471,1.50422,-0.956165,0.912405,0.458213,-1.78476,-0.0055122,-0.427627,-0.0440018,-3.73291,-2.28214,-0.834498,-2.39936,0.0170486,-0.566029,-0.11517,0,0,0,0,0,0,0,0,0,0,0,0,0,0,0,0,0,0,0,0,0,0,0,0,0,0,0,0,0,2.55789,2.55789,2.55789,6.3088,6.3088,1.81445,2.55789,2.55789,1.81445,6.3088,6.3088,0.907223,0.907223,1.81445,1.81445,0.907223,0.907223,1.81445,1.81445,0.907223,0.907223,0.907223,0.907223,0.907223,0.907223,1.06814,1.06814,1.06814,1.06814,40.1792,40.1792,40.1792,99.0984,99.0984,28.5012,40.1792,40.1792,28.5012,99.0984,99.0984,14.2506,14.2506,28.5012,28.5012,14.2506,14.2506,28.5012,28.5012,14.2506,14.2506,14.2506,14.2506,14.2506,14.2506,16.7783,16.7783,16.7783,16.7783,0,0,0,0,0,0,0,0,0,0,0,0,0,0,0,0,0,0,0,0,0,0,0,0,0,0,0,0,0,0,0,0,0,0,0,0,0,0,0,0,0,0,0,0,0,0,0,0,0,0,0,0,0,0,0,0,0,0,0,0,0,0,0,0,0,0,0,0,0,0,0,0,0,0,0,0,0,0,0,0,0,0,0,0,0,0,0,0,0,0,0,0,0,0,0,0,0,0,0,0,0,0,0,0,0,0,0,0,0,0,0,0,0,0,0,0,0,-0.0674183,0.0432405,0.295262,0.347679,-0.591622,-0.0766169,0.663872,-0.264125,0.520805,0.0775091,-0.0259478,-0.144486,-0.230313,-0.499994,-0.908686,0.685613,0.10302,-0.100479,-0.48604,-0.178013,-0.0432298,-0.719404,0.459286,1.32195,0.237021,0.285321,1.85831,-1.85699,-1.53574,0.336759,0.00459617,0.102243,-0.809548,-0.26613,0.25148,1.32064,-0.901526,0.00201578,0.0634052,-0.0974703,0.52,0.0178251,-0.087267,0.0448413,-0.0633681,0.228413,-0.0336025,0.352484,0.491159,0.0339937,0.2618,0.0451822,-0.0189596,0.103952,-0.0594718,-0.315839,-0.0113801,0.56275,-0.00748575,-0.0535962,0.0212566,0.618,0.043227,0.0673043,-0.996796,0.6,0,0,1.62926,1.1766,3
-10.0816,5.90036,19.757,-0.0141096,-0.291347,0.00423971,-0.0679426,0.0298486,0.296728,-10.0816,5.90036,19.757,-0.0141096,-0.291347,0.00423971,-0.0679426,0.0298486,0.296728,-0.990871,-0.104242,0.14341,1.46139,-0.792188,-0.0697785,0.063106,-0.13815,0.52,0.211629,-0.087267,0.0544493,-0.0394881,0.157304,0.00643797,0.236439,0.452708,0.0152507,0.2618,0.0661967,-0.00190555,0.0795842,0.0158357,-0.309502,-0.0185955,0.560806,-0.00662206,-0.0578114,0.0103705,0,0,0,0,0,0,0,0,0,0,0,0,0,0,0,0,0,0,0,0,0,0,0,0,0,0,0,0,0,-0.406467,0.149887,-0.0752113,0.779404,-0.630359,0.166017,-0.157719,0.209034,0.142295,0.395246,-0.196338,-0.0323461,-0.0226453,0.000573573,-0.0710955,0.319382,0.252738,-0.0149748,0.30435,0.0196277,0.0703311,0.0883805,0.196138,-0.247451,0.0218384,0.682509,-0.00402285,-0.00977242,0.0204097,-4.18321,2.75959,0.860165,8.52927,-4.27601,-2.61239,2.22561,1.92285,-0.577402,-4.40092,-0.313073,-4.32488,2.19888,-1.3506,0.828326,0.774392,-0.0956389,0.124936,0.365484,0.408733,-1.22075,0.149558,-0.668335,-0.118805,-0.22463,0.426069,-0.072526,-0.203594,0.0650455,-5.56039,-23.3124,10.9271,1.06188,0.178631,0.0691535,2.78828,-16.8504,11.07,-8.81888,17.255,4.85892,-2.66911,8.61563,-0.672292,-0.288346,3.44126,1.20409,-1.75938,-0.00535796,-0.162312,0.0862883,-3.15975,-0.876993,-0.311563,-2.41617,0.020689,-0.515149,-0.0657704,0,0,0,0,0,0,0,0,0,0,0,0,0,0,0,0,0,0,0,0,0,0,0,0,0,0,0,0,0,2.55789,2.55789,2.55789,6.3088,6.3088,1.81445,2.55789,2.55789,1.81445,6.3088,6.3088,0.907223,0.907223,1.81445,1.81445,0.907223,0.907223,1.81445,1.81445,0.907223,0.907223,0.907223,0.907223,0.907223,0.907223,1.06814,1.06814,1.06814,1.06814,40.1792,40.1792,40.1792,99.0984,99.0984,28.5012,40.1792,40.1792,28.5012,99.0984,99.0984,14.2506,14.2506,28.5012,28.5012,14.2506,14.2506,28.5012,28.5012,14.2506,14.2506,14.2506,14.2506,14.2506,14.2506,16.7783,16.7783,16.7783,16.7783,0,0,0,0,0,0,0,0,0,0,0,0,0,0,0,0,0,0,0,0,0,0,0,0,0,0,0,0,0,0,0,0,0,0,0,0,0,0,0,0,0,0,0,0,0,0,0,0,0,0,0,0,0,0,0,0,0,0,0,0,0,0,0,0,0,0,0,0,0,0,0,0,0,0,0,0,0,0,0,0,0,0,0,0,0,0,0,0,0,0,0,0,0,0,0,0,0,0,0,0,0,0,0,0,0,0,0,0,0,0,0,0,0,0,0,0,0,-0.0679426,0.0298486,0.296728,0.0830851,-0.419913,0.0146792,0.576198,-0.249675,0.358669,0.034773,-0.0423996,-0.0900368,-0.333873,-0.526094,-1.23984,0.685067,0.150935,-0.0888857,-0.190381,-0.252307,-0.00434485,-0.775983,0.261913,1.58426,0.18146,0.139199,2.25969,-1.30431,-1.22394,0.256755,-0.159102,0.12415,-0.990871,-0.104242,0.14341,1.46139,-0.792188,-0.0697785,0.063106,-0.13815,0.52,0.211629,-0.087267,0.0544493,-0.0394881,0.157304,0.00643797,0.236439,0.452708,0.0152507,0.2618,0.0661967,-0.00190555,0.0795842,0.0158357,-0.309502,-0.0185955,0.560806,-0.00662206,-0.0578114,0.0103705,0.747,0.0304247,0.0678322,-0.997233,0.6,0,0,1.62926,1.1766,3
-4.22495,-0.313391,12.4134,-0.0779247,0.10439,0.231428,-0.06823,0.0287095,0.299287,-4.22495,-0.313391,12.4134,-0.0779247,0.10439,0.231428,-0.06823,0.0287095,0.299287,-1.04525,-0.00217992,-0.0132206,1.46293,-0.630456,-0.0977827,0.000679943,-0.25327,0.52,0.251304,-0.087267,0.0314483,-0.017648,0.0114135,0.0265286,0.184775,0.378996,-0.0172718,0.2618,0.0465269,-0.0449279,0.188937,0.0682453,-0.343785,-0.0309066,0.571347,-0.00481736,-0.0535472,0.00705217,0,0,0,0,0,0,0,0,0,0,0,0,0,0,0,0,0,0,0,0,0,0,0,0,0,0,0,0,0,-0.486864,0.195479,-0.0660925,0.93863,-0.671207,0.110869,-0.146079,0.244434,0.119941,0.349793,-0.184181,-0.0818629,0.00189783,-0.0252691,-0.0562513,0.327157,0.252068,-0.0155379,0.310087,0.0300477,0.056518,0.0865684,0.183848,-0.249444,0.0151369,0.684213,-0.00487766,-0.0136279,0.0188837,-4.27762,2.15247,0.346013,8.6418,-1.84726,-2.93653,-0.0318215,1.85364,-1.30647,-1.44236,0.885628,-1.66824,0.817337,-1.25322,0.61481,0.168584,0.0537353,-0.0900028,0.254934,0.579929,-0.545727,-0.21105,-0.719528,-0.0641529,-0.429104,-0.0994182,-0.0349744,-0.254971,-0.138691,-9.33112,-17.682,7.53046,-2.00645,-0.325433,0.17867,8.3311,-20.0929,13.756,-3.81106,4.26579,3.57042,-1.40284,7.55222,0.550463,-1.49347,2.83584,1.03468,-1.84907,-0.0101083,-0.326463,0.0801986,-1.78196,-0.782376,-0.103974,-1.99151,0.00902591,-0.484526,-0.00141369,0,0,0,0,0,0,0,0,0,0,0,0,0,0,0,0,0,0,0,0,0,0,0,0,0,0,0,0,0,2.55789,2.55789,2.55789,6.3088,6.3088,1.81445,2.55789,2.55789,1.81445,6.3088,6.3088,0.907223,0.907223,1.81445,1.81445,0.907223,0.907223,1.81445,1.81445,0.907223,0.907223,0.907223,0.907223,0.907223,0.907223,1.06814,1.06814,1.06814,1.06814,40.1792,40.1792,40.1792,99.0984,99.0984,28.5012,40.1792,40.1792,28.5012,99.0984,99.0984,14.2506,14.2506,28.5012,28.5012,14.2506,14.2506,28.5012,28.5012,14.2506,14.2506,14.2506,14.2506,14.2506,14.2506,16.7783,16.7783,16.7783,16.7783,0,0,0,0,0,0,0,0,0,0,0,0,0,0,0,0,0,0,0,0,0,0,0,0,0,0,0,0,0,0,0,0,0,0,0,0,0,0,0,0,0,0,0,0,0,0,0,0,0,0,0,0,0,0,0,0,0,0,0,0,0,0,0,0,0,0,0,0,0,0,0,0,0,0,0,0,0,0,0,0,0,0,0,0,0,0,0,0,0,0,0,0,0,0,0,0,0,0,0,0,0,0,0,0,0,0,0,0,0,0,0,0,0,0,0,0,0,-0.06823,0.0287095,0.299287,-0.0347148,-0.300414,0.0604879,0.408129,-0.327843,0.0260238,-0.0393814,-0.0704702,-0.0402392,-0.376141,-0.384603,-1.33915,0.571056,0.106086,-0.0646618,-0.00398125,-0.462554,-0.10244,-0.718746,-0.0241451,1.69485,0.430795,0.0946589,2.2641,-1.19117,-0.76272,0.183218,-0.222954,0.0717052,-1.04525,-0.00217992,-0.0132206,1.46293,-0.630456,-0.0977827,0.000679943,-0.25327,0.52,0.251304,-0.087267,0.0314483,-0.017648,0.0114135,0.0265286,0.184775,0.378996,-0.0172718,0.2618,0.0465269,-0.0449279,0.188937,0.0682453,-0.343785,-0.0309066,0.571347,-0.00481736,-0.0535472,0.00705217,0.684,0.0287056,0.068149,-0.997262,0.6,0,0,1.6495,1.18006,3
-1.48487,0.0164722,11.1107,-0.145713,0.198103,0.530893,-0.070266,0.0320839,0.307275,-1.48487,0.0164722,11.1107,-0.145713,0.198103,0.530893,-0.070266,0.0320839,0.307275,-1.10772,0.0424579,-0.0593008,1.44273,-0.491332,-0.0786167,-0.0057313,-0.330072,0.52,0.275751,-0.087267,-0.0544099,0.0123197,-0.0860496,0.0275961,0.157155,0.363577,-0.0212466,0.2618,0.0256421,-0.0908277,0.267941,0.104357,-0.374725,-0.0556246,0.581053,-0.00303961,-0.046408,0.00960669,0,0,0,0,0,0,0,0,0,0,0,0,0,0,0,0,0,0,0,0,0,0,0,0,0,0,0,0,0,-0.569546,0.220013,-0.0717544,1.09129,-0.661449,0.0544246,-0.157262,0.275573,0.0944506,0.333223,-0.169109,-0.102949,0.0113403,-0.0447655,-0.0416455,0.325042,0.25449,-0.0228793,0.317156,0.0352811,0.0404873,0.105493,0.172793,-0.251013,0.00674586,0.677854,-0.00496569,-0.018784,0.015778,-3.8251,0.571185,-0.555234,6.71154,0.582585,-2.5195,-0.737751,1.32508,-1.17663,-0.527316,0.617262,-0.774033,0.23579,-0.736748,0.689137,-0.303471,0.0890248,-0.354664,0.299622,0.165933,-0.84194,1.25949,-0.480002,-0.0961616,-0.389312,-0.407912,0.00287738,-0.269223,-0.147598,-9.38894,-10.6564,3.70299,-5.5409,-0.62145,0.241575,8.17001,-24.6597,14.2565,-4.65214,4.15532,2.62517,-0.663406,3.00174,0.673702,-1.76977,1.68828,0.82414,-2.14683,0.00888467,-0.465158,0.0686378,-1.06491,-1.23828,-0.185945,-1.37029,-0.000421215,-0.304958,0.0105127,0,0,0,0,0,0,0,0,0,0,0,0,0,0,0,0,0,0,0,0,0,0,0,0,0,0,0,0,0,2.55789,2.55789,2.55789,6.3088,6.3088,1.81445,2.55789,2.55789,1.81445,6.3088,6.3088,0.907223,0.907223,1.81445,1.81445,0.907223,0.907223,1.81445,1.81445,0.907223,0.907223,0.907223,0.907223,0.907223,0.907223,1.06814,1.06814,1.06814,1.06814,40.1792,40.1792,40.1792,99.0984,99.0984,28.5012,40.1792,40.1792,28.5012,99.0984,99.0984,14.2506,14.2506,28.5012,28.5012,14.2506,14.2506,28.5012,28.5012,14.2506,14.2506,14.2506,14.2506,14.2506,14.2506,16.7783,16.7783,16.7783,16.7783,0,0,0,0,0,0,0,0,0,0,0,0,0,0,0,0,0,0,0,0,0,0,0,0,0,0,0,0,0,0,0,0,0,0,0,0,0,0,0,0,0,0,0,0,0,0,0,0,0,0,0,0,0,0,0,0,0,0,0,0,0,0,0,0,0,0,0,0,0,0,0,0,0,0,0,0,0,0,0,0,0,0,0,0,0,0,0,0,0,0,0,0,0,0,0,0,0,0,0,0,0,0,0,0,0,0,0,0,0,0,0,0,0,0,0,0,0,-0.070266,0.0320839,0.307275,-0.0976904,-0.218075,0.0629218,0.372971,-0.398389,-0.196202,-0.0484443,-0.12683,0.0280902,-0.30154,-0.254323,-1.45324,0.559347,0.0584664,-0.0407996,0.077542,-0.60282,-0.207096,-0.622919,-0.108303,1.73967,0.610933,0.128947,2.20649,-1.12145,-0.365972,0.172083,-0.179254,-0.12406,-1.10772,0.0424579,-0.0593008,1.44273,-0.491332,-0.0786167,-0.0057313,-0.330072,0.52,0.275751,-0.087267,-0.0544099,0.0123197,-0.0860496,0.0275961,0.157155,0.363577,-0.0212466,0.2618,0.0256421,-0.0908277,0.267941,0.104357,-0.374725,-0.0556246,0.581053,-0.00303961,-0.046408,0.00960669,0.657,0.0320784,0.070172,-0.997019,0.6,0,0,1.64497,1.17477,3
-1.49475,0.536875,10.2897,-0.130543,0.310754,0.751273,-0.0726542,0.0378895,0.320143,-1.49475,0.536875,10.2897,-0.130543,0.310754,0.751273,-0.0726542,0.0378895,0.320143,-1.13768,0.0724526,-0.0744918,1.39183,-0.41081,-0.0558847,0.0779678,-0.318896,0.52,0.283264,-0.087267,-0.0719133,0.0177528,-0.088451,0.0872627,0.181332,0.321059,-0.037416,0.2618,0.0123502,-0.0525689,0.276383,0.141992,-0.378346,-0.0663681,0.587773,-0.00057817,-0.0378108,0.0118733,0,0,0,0,0,0,0,0,0,0,0,0,0,0,0,0,0,0,0,0,0,0,0,0,0,0,0,0,0,-0.641612,0.219329,-0.0842764,1.20156,-0.616406,0.0164005,-0.175475,0.297275,0.0720441,0.326073,-0.160254,-0.11789,0.0128015,-0.055648,-0.0269699,0.314928,0.255027,-0.0300151,0.323197,0.0331924,0.0171354,0.143548,0.165324,-0.253564,-0.00235609,0.66829,-0.00453699,-0.0230268,0.0142776,-3.34229,-0.413826,-0.590852,4.63052,2.08154,-1.57368,-0.940617,0.931274,-1.05497,-0.27753,0.321426,-0.738277,-0.0518506,-0.426045,0.667472,-0.660567,-0.04856,-0.269692,0.20347,-0.156406,-1.22014,1.9807,-0.332091,-0.175377,-0.470901,-0.490806,0.0249944,-0.192128,-0.0561298,-10.2697,-6.25113,2.527,-5.53156,-0.759808,0.155098,9.17952,-27.5863,14.6568,-3.23507,5.12855,1.5579,0.0131138,-0.07595,0.325997,-1.69914,1.57698,0.763339,-2.15992,0.0336428,-0.450447,-0.00643836,-0.575974,-1.58344,-0.341879,-0.950837,-0.00125728,-0.190962,-0.0199355,0,0,0,0,0,0,0,0,0,0,0,0,0,0,0,0,0,0,0,0,0,0,0,0,0,0,0,0,0,2.55789,2.55789,2.55789,6.3088,6.3088,1.81445,2.55789,2.55789,1.81445,6.3088,6.3088,0.907223,0.907223,1.81445,1.81445,0.907223,0.907223,1.81445,1.81445,0.907223,0.907223,0.907223,0.907223,0.907223,0.907223,1.06814,1.06814,1.06814,1.06814,40.1792,40.1792,40.1792,99.0984,99.0984,28.5012,40.1792,40.1792,28.5012,99.0984,99.0984,14.2506,14.2506,28.5012,28.5012,14.2506,14.2506,28.5012,28.5012,14.2506,14.2506,14.2506,14.2506,14.2506,14.2506,16.7783,16.7783,16.7783,16.7783,0,0,0,0,0,0,0,0,0,0,0,0,0,0,0,0,0,0,0,0,0,0,0,0,0,0,0,0,0,0,0,0,0,0,0,0,0,0,0,0,0,0,0,0,0,0,0,0,0,0,0,0,0,0,0,0,0,0,0,0,0,0,0,0,0,0,0,0,0,0,0,0,0,0,0,0,0,0,0,0,0,0,0,0,0,0,0,0,0,0,0,0,0,0,0,0,0,0,0,0,0,0,0,0,0,0,0,0,0,0,0,0,0,0,0,0,0,-0.0726542,0.0378895,0.320143,-0.0425643,-0.132265,0.198968,0.276026,-0.406646,-0.201677,-0.0853122,-0.151326,0.0404781,-0.149907,-0.164113,-1.50796,0.71221,0.0281596,-0.00776058,0.132322,-0.582408,-0.119862,-0.507522,-0.136046,1.76031,0.630181,0.159372,2.06133,-1.10003,-0.136343,0.319957,-0.127423,-0.16397,-1.13768,0.0724526,-0.0744918,1.39183,-0.41081,-0.0558847,0.0779678,-0.318896,0.52,0.283264,-0.087267,-0.0719133,0.0177528,-0.088451,0.0872627,0.181332,0.321059,-0.037416,0.2618,0.0123502,-0.0525689,0.276383,0.141992,-0.378346,-0.0663681,0.587773,-0.00057817,-0.0378108,0.0118733,0.655,0.0378804,0.0725382,-0.996646,0.6,0,0,1.64497,1.17477,3
-0.427437,0.575754,9.96513,-0.102734,0.293948,0.909982,-0.0743337,0.0452072,0.336703,-0.427437,0.575754,9.96513,-0.102734,0.293948,0.909982,-0.0743337,0.0452072,0.336703,-1.14962,0.0771518,-0.0997503,1.32034,-0.372073,-0.0514117,0.149723,-0.278644,0.52,0.279262,-0.087267,-0.00314023,0.012335,-0.0964867,0.112104,0.222697,0.281966,-0.0504303,0.2618,0.00358776,0.00263779,0.250109,0.194796,-0.38475,-0.0783625,0.594909,0.00112209,-0.0273778,0.0135348,0,0,0,0,0,0,0,0,0,0,0,0,0,0,0,0,0,0,0,0,0,0,0,0,0,0,0,0,0,-0.70076,0.206411,-0.0924321,1.27014,-0.56087,-0.00487228,-0.192061,0.313649,0.0535111,0.319062,-0.154792,-0.132677,0.00841606,-0.0622476,-0.0142189,0.298953,0.252766,-0.0357023,0.32398,0.0276793,0.00264528,0.179712,0.160283,-0.257754,-0.0123768,0.659643,-0.00357021,-0.0249064,0.0139217,-2.65795,-0.771585,-0.266669,2.6208,2.47206,-0.844568,-0.726488,0.761169,-0.817204,-0.39972,0.236206,-0.710405,-0.347063,-0.283612,0.60237,-0.884209,-0.182643,-0.265586,-0.0322468,-0.284153,-0.496182,1.59866,-0.200842,-0.252994,-0.485934,-0.37492,0.0489393,-0.0489602,-0.00961498,-10.8147,-3.52246,1.45422,-4.86645,-0.749807,0.0827481,12.7085,-27.3215,14.7755,-1.13881,5.18965,1.50033,0.41489,-0.23686,1.80782,-0.912409,1.11962,0.432985,-1.73502,0.0379861,-0.330942,-0.0742792,-0.0787055,-1.50678,-0.333775,-0.80434,-0.00208892,-0.161107,-0.0246065,0,0,0,0,0,0,0,0,0,0,0,0,0,0,0,0,0,0,0,0,0,0,0,0,0,0,0,0,0,2.55789,2.55789,2.55789,6.3088,6.3088,1.81445,2.55789,2.55789,1.81445,6.3088,6.3088,0.907223,0.907223,1.81445,1.81445,0.907223,0.907223,1.81445,1.81445,0.907223,0.907223,0.907223,0.907223,0.907223,0.907223,1.06814,1.06814,1.06814,1.06814,40.1792,40.1792,40.1792,99.0984,99.0984,28.5012,40.1792,40.1792,28.5012,99.0984,99.0984,14.2506,14.2506,28.5012,28.5012,14.2506,14.2506,28.5012,28.5012,14.2506,14.2506,14.2506,14.2506,14.2506,14.2506,16.7783,16.7783,16.7783,16.7783,0,0,0,0,0,0,0,0,0,0,0,0,0,0,0,0,0,0,0,0,0,0,0,0,0,0,0,0,0,0,0,0,0,0,0,0,0,0,0,0,0,0,0,0,0,0,0,0,0,0,0,0,0,0,0,0,0,0,0,0,0,0,0,0,0,0,0,0,0,0,0,0,0,0,0,0,0,0,0,0,0,0,0,0,0,0,0,0,0,0,0,0,0,0,0,0,0,0,0,0,0,0,0,0,0,0,0,0,0,0,0,0,0,0,0,0,0,-0.0743337,0.0452072,0.336703,0.0517505,-0.011865,0.255608,0.18689,-0.421249,-0.219999,-0.114986,-0.178674,0.028125,-0.0246453,-0.0683348,-1.52978,0.843259,0.00818045,0.0150614,0.140905,-0.508896,0.00601442,-0.367483,-0.182177,1.67154,0.570275,0.181673,1.85746,-1.11144,-0.0258729,0.424422,-0.117224,-0.00716004,-1.14962,0.0771518,-0.0997503,1.32034,-0.372073,-0.0514117,0.149723,-0.278644,0.52,0.279262,-0.087267,-0.00314023,0.012335,-0.0964867,0.112104,0.222697,0.281966,-0.0504303,0.2618,0.00358776,0.00263779,0.250109,0.194796,-0.38475,-0.0783625,0.594909,0.00112209,-0.0273778,0.0135348,0.612,0.0451918,0.0741894,-0.99622,0.6,0,0,1.62772,1.16389,3
0.190378,0.746902,9.18248,-0.0337514,0.202249,0.992757,-0.0748085,0.0529665,0.359698,0.190378,0.746902,9.18248,-0.0337514,0.202249,0.992757,-0.0748085,0.0529665,0.359698,-1.09819,0.0970573,-0.16261,1.19959,-0.304314,-0.053044,0.128615,-0.281261,0.52,0.27982,-0.087267,0.052614,0.000614914,-0.123561,0.10825,0.245219,0.262899,-0.0455792,0.2618,-0.00460628,0.0343382,0.228423,0.228354,-0.350901,-0.0570152,0.59905,0.00185015,-0.0262057,0.0197677,0,0,0,0,0,0,0,0,0,0,0,0,0,0,0,0,0,0,0,0,0,0,0,0,0,0,0,0,0,-0.752622,0.185368,-0.0973827,1.30376,-0.500639,-0.0203085,-0.202732,0.331605,0.0379269,0.305495,-0.14931,-0.145394,-0.00373724,-0.0693908,-0.00198706,0.276652,0.245505,-0.0422727,0.319925,0.0198637,0.00569229,0.204545,0.158493,-0.264987,-0.0245253,0.651511,-0.00216658,-0.0235528,0.0143356,-1.84172,-0.907214,-0.169656,0.672864,2.11479,-0.522862,-0.275297,0.77924,-0.500937,-0.629097,0.204675,-0.436879,-0.630058,-0.332803,0.471639,-0.903871,-0.403735,-0.275412,-0.195738,-0.300449,0.292187,0.754589,0.0106345,-0.358125,-0.467309,-0.287051,0.0523764,0.0812515,0.0186523,-11.2746,-2.09377,0.343608,-3.01128,-0.624619,0.0645634,14.9005,-26.4229,14.6697,1.24961,4.8542,2.41586,0.764493,-0.201212,2.41111,0.0370276,0.859312,0.257025,-1.31574,0.040182,-0.304811,-0.0414793,0.516179,-1.40156,-0.345284,-0.640715,-0.00106676,-0.148957,-0.0332151,0,0,0,0,0,0,0,0,0,0,0,0,0,0,0,0,0,0,0,0,0,0,0,0,0,0,0,0,0,2.55789,2.55789,2.55789,6.3088,6.3088,1.81445,2.55789,2.55789,1.81445,6.3088,6.3088,0.907223,0.907223,1.81445,1.81445,0.907223,0.907223,1.81445,1.81445,0.907223,0.907223,0.907223,0.907223,0.907223,0.907223,1.06814,1.06814,1.06814,1.06814,40.1792,40.1792,40.1792,99.0984,99.0984,28.5012,40.1792,40.1792,28.5012,99.0984,99.0984,14.2506,14.2506,28.5012,28.5012,14.2506,14.2506,28.5012,28.5012,14.2506,14.2506,14.2506,14.2506,14.2506,14.2506,16.7783,16.7783,16.7783,16.7783,0,0,0,0,0,0,0,0,0,0,0,0,0,0,0,0,0,0,0,0,0,0,0,0,0,0,0,0,0,0,0,0,0,0,0,0,0,0,0,0,0,0,0,0,0,0,0,0,0,0,0,0,0,0,0,0,0,0,0,0,0,0,0,0,0,0,0,0,0,0,0,0,0,0,0,0,0,0,0,0,0,0,0,0,0,0,0,0,0,0,0,0,0,0,0,0,0,0,0,0,0,0,0,0,0,0,0,0,0,0,0,0,0,0,0,0,0,-0.0748085,0.0529665,0.359698,0.103105,0.0646498,0.246822,0.143416,-0.344069,-0.281732,-0.103925,-0.13,0.00140206,0.0325146,-0.0127547,-1.43583,0.804707,-0.0105028,0.0248339,0.177259,-0.513675,0.0782946,-0.35175,-0.29698,1.461,0.520828,0.265336,1.51312,-1.10984,0.167357,0.557145,-0.120946,0.119965,-1.09819,0.0970573,-0.16261,1.19959,-0.304314,-0.053044,0.128615,-0.281261,0.52,0.27982,-0.087267,0.052614,0.000614914,-0.123561,0.10825,0.245219,0.262899,-0.0455792,0.2618,-0.00460628,0.0343382,0.228423,0.228354,-0.350901,-0.0570152,0.59905,0.00185015,-0.0262057,0.0197677,0.557,0.0518236,0.0746967,-0.995859,0.6,0,0,1.62772,1.16389,3
0.563359,0.580504,9.17591,-0.000933641,0.149314,0.937595,-0.0742898,0.0569713,0.374912,0.563359,0.580504,9.17591,-0.000933641,0.149314,0.937595,-0.0742898,0.0569713,0.374912,-1.07438,0.111766,-0.149419,1.0899,-0.211304,-0.0457177,0.0854872,-0.232198,0.52,0.291505,-0.087267,0.0613635,-0.0236786,-0.140894,0.106717,0.23499,0.302021,-0.0183066,0.2618,-0.00670013,0.0400482,0.223978,0.231556,-0.334041,-0.0452012,0.602184,0.0012232,-0.0295518,0.021041,0,0,0,0,0,0,0,0,0,0,0,0,0,0,0,0,0,0,0,0,0,0,0,0,0,0,0,0,0,-0.775679,0.169967,-0.101046,1.29848,-0.457043,-0.0281746,-0.205201,0.344032,0.0325783,0.296014,-0.146977,-0.149531,-0.0152934,-0.074251,0.00452383,0.263261,0.23753,-0.0450638,0.316124,0.0144283,0.0139438,0.211378,0.159399,-0.270712,-0.030434,0.647808,-0.00129134,-0.02232,0.0152084,-1.17725,-0.983568,-0.31778,-0.968825,2.50845,-0.44664,-0.0827126,0.801373,-0.214399,-0.568163,0.111001,-0.146181,-0.792732,-0.314417,0.389096,-0.766019,-0.557838,-0.138676,-0.240399,-0.339487,0.599398,0.275521,0.10764,-0.360021,-0.288343,-0.215701,0.0505365,0.0763152,0.0712619,-9.90677,-0.485922,-1.76024,-4.63996,-0.721874,0.10543,13.6554,-27.0707,14.3229,1.90601,5.198,3.02352,0.906684,-0.874582,2.27418,0.438627,0.839655,0.231824,-1.12087,0.033814,-0.238216,-0.0168868,0.901378,-0.828267,-0.106396,-0.594175,-0.00181828,-0.145325,0.00456239,0,0,0,0,0,0,0,0,0,0,0,0,0,0,0,0,0,0,0,0,0,0,0,0,0,0,0,0,0,2.55789,2.55789,2.55789,6.3088,6.3088,1.81445,2.55789,2.55789,1.81445,6.3088,6.3088,0.907223,0.907223,1.81445,1.81445,0.907223,0.907223,1.81445,1.81445,0.907223,0.907223,0.907223,0.907223,0.907223,0.907223,1.06814,1.06814,1.06814,1.06814,40.1792,40.1792,40.1792,99.0984,99.0984,28.5012,40.1792,40.1792,28.5012,99.0984,99.0984,14.2506,14.2506,28.5012,28.5012,14.2506,14.2506,28.5012,28.5012,14.2506,14.2506,14.2506,14.2506,14.2506,14.2506,16.7783,16.7783,16.7783,16.7783,0,0,0,0,0,0,0,0,0,0,0,0,0,0,0,0,0,0,0,0,0,0,0,0,0,0,0,0,0,0,0,0,0,0,0,0,0,0,0,0,0,0,0,0,0,0,0,0,0,0,0,0,0,0,0,0,0,0,0,0,0,0,0,0,0,0,0,0,0,0,0,0,0,0,0,0,0,0,0,0,0,0,0,0,0,0,0,0,0,0,0,0,0,0,0,0,0,0,0,0,0,0,0,0,0,0,0,0,0,0,0,0,0,0,0,0,0,-0.0742898,0.0569713,0.374912,0.0797817,0.0719509,0.243325,0.232617,-0.305627,-0.321252,-0.0417409,-0.103063,-0.0539896,0.0475416,0.0293141,-1.39236,0.725942,-0.015277,0.0164186,0.204121,-0.42407,0.0913139,-0.396664,-0.272889,1.25032,0.510692,0.282426,1.2003,-1.07652,0.4326,0.531377,-0.104241,0.139915,-1.07438,0.111766,-0.149419,1.0899,-0.211304,-0.0457177,0.0854872,-0.232198,0.52,0.291505,-0.087267,0.0613635,-0.0236786,-0.140894,0.106717,0.23499,0.302021,-0.0183066,0.2618,-0.00670013,0.0400482,0.223978,0.231556,-0.334041,-0.0452012,0.602184,0.0012232,-0.0295518,0.021041,0.669,0.0569405,0.0741011,-0.995624,0.6,0,0,1.6087,1.15522,3
0.43584,0.571538,8.10764,0.0376258,0.0504865,0.76676,-0.0730882,0.059977,0.391689,0.43584,0.571538,8.10764,0.0376258,0.0504865,0.76676,-0.0730882,0.059977,0.391689,-1.06399,0.161301,-0.151952,1.02487,-0.138206,-0.0303256,0.0543528,-0.246929,0.470694,0.270315,-0.087267,-0.0264587,-0.0481539,-0.125944,0.118455,0.230492,0.339629,0.000599122,0.2618,-0.00213243,0.0362776,0.227966,0.208459,-0.324676,-0.0421301,0.601883,0.000234567,-0.035763,0.0242417,0,0,0,0,0,0,0,0,0,0,0,0,0,0,0,0,0,0,0,0,0,0,0,0,0,0,0,0,0,-0.792779,0.153435,-0.106069,1.25745,-0.391001,-0.033861,-0.208296,0.361281,0.033697,0.288288,-0.146044,-0.151717,-0.0349677,-0.0796454,0.014259,0.251225,0.225644,-0.0444092,0.311797,0.00816498,0.025444,0.21389,0.16251,-0.276798,-0.0335742,0.644826,-0.000622625,-0.0217536,0.0166616,-0.667423,-0.674528,-0.279198,-2.55982,2.92627,-0.215768,-0.169898,0.964694,0.226281,-0.296816,0.0253091,-0.125631,-1.10753,-0.315388,0.532722,-0.468814,-0.587359,0.0948086,-0.205634,-0.28151,0.521724,0.090637,0.195654,-0.273149,-0.0743079,-0.152137,0.0256991,0.0141105,0.0742578,-9.59745,0.0823459,-1.10692,-1.20989,-0.693428,0.0575254,12.2416,-26.158,13.5108,2.19357,5.6645,3.13801,1.11769,-1.23476,1.70128,0.206945,1.60983,0.580899,-1.063,0.0432141,-0.265712,0.0640617,0.817799,-0.571814,-0.0883554,-0.564027,0.00310451,-0.147592,-0.00322682,0,0,0,0,0,0,0,0,0,0,0,0,0,0,0,0,0,0,0,0,0,0,0,0,0,0,0,0,0,2.55789,2.55789,2.55789,6.3088,6.3088,1.81445,2.55789,2.55789,1.81445,6.3088,6.3088,0.907223,0.907223,1.81445,1.81445,0.907223,0.907223,1.81445,1.81445,0.907223,0.907223,0.907223,0.907223,0.907223,0.907223,1.06814,1.06814,1.06814,1.06814,40.1792,40.1792,40.1792,99.0984,99.0984,28.5012,40.1792,40.1792,28.5012,99.0984,99.0984,14.2506,14.2506,28.5012,28.5012,14.2506,14.2506,28.5012,28.5012,14.2506,14.2506,14.2506,14.2506,14.2506,14.2506,16.7783,16.7783,16.7783,16.7783,0,0,0,0,0,0,0,0,0,0,0,0,0,0,0,0,0,0,0,0,0,0,0,0,0,0,0,0,0,0,0,0,0,0,0,0,0,0,0,0,0,0,0,0,0,0,0,0,0,0,0,0,0,0,0,0,0,0,0,0,0,0,0,0,0,0,0,0,0,0,0,0,0,0,0,0,0,0,0,0,0,0,0,0,0,0,0,0,0,0,0,0,0,0,0,0,0,0,0,0,0,0,0,0,0,0,0,0,0,0,0,0,0,0,0,0,0,-0.0730882,0.059977,0.391689,0.0695252,0.0192876,0.270088,0.318369,-0.284274,-0.287165,0.00136606,-0.0960609,-0.109796,0.0496554,0.0252694,-1.37338,0.669081,-0.00486216,0.00314851,0.294588,-0.450974,0.0827165,-0.480035,-0.277515,1.07323,0.519786,0.325388,1.01486,-1.13695,0.641057,0.315258,-0.0691453,-0.0603284,-1.06399,0.161301,-0.151952,1.02487,-0.138206,-0.0303256,0.0543528,-0.246929,0.470694,0.270315,-0.087267,-0.0264587,-0.0481539,-0.125944,0.118455,0.230492,0.339629,0.000599122,0.2618,-0.00213243,0.0362776,0.227966,0.208459,-0.324676,-0.0421301,0.601883,0.000234567,-0.035763,0.0242417,0.627,0.0599411,0.0728918,-0.995537,0.6,0,0,1.6087,1.15522,3
0.355616,0.0028328,7.66264,0.0385311,-0.0568211,0.539963,-0.0716297,0.0605125,0.404508,0.355616,0.0028328,7.66264,0.0385311,-0.0568211,0.539963,-0.0716297,0.0605125,0.404508,-1.09885,0.146423,-0.16329,0.983565,-0.105309,-0.00210699,0.102143,-0.293338,0.461828,0.255515,-0.087267,-0.0407072,-0.0670388,-0.114535,0.131197,0.233398,0.322804,-0.0135394,0.2618,-0.0058466,0.0249514,0.237706,0.164983,-0.343357,-0.0588146,0.597282,-0.00022022,-0.0434821,0.0231855,0,0,0,0,0,0,0,0,0,0,0,0,0,0,0,0,0,0,0,0,0,0,0,0,0,0,0,0,0,-0.804343,0.144759,-0.111168,1.19776,-0.323058,-0.0338675,-0.211621,0.383173,0.0399664,0.281389,-0.143259,-0.163956,-0.0578893,-0.0864559,0.0272722,0.245743,0.21596,-0.0406688,0.307947,0.00440294,0.0332917,0.215788,0.166343,-0.280209,-0.0339294,0.64352,-0.000466436,-0.0227038,0.018722,-0.530026,-0.231622,-0.281553,-3.07414,2.99246,0.0512581,-0.141419,1.21646,0.357341,-0.352162,0.157981,-0.828357,-1.15598,-0.406619,0.693197,-0.13897,-0.379177,0.221403,-0.184578,-0.146792,0.30835,0.105617,0.185025,-0.0978921,0.0188415,-0.0458218,0.00364021,-0.0560522,0.104954,-9.10537,1.34694,-0.981937,1.81645,-0.593503,0.0104735,11.0652,-28.2553,11.6591,1.08037,4.53675,2.67685,1.15616,-0.453262,1.37507,-0.0727996,2.11767,0.788703,-0.987186,0.0407893,-0.241743,0.0818124,0.434844,-0.535677,-0.127774,-0.653178,0.00782099,-0.159805,-0.0181954,0,0,0,0,0,0,0,0,0,0,0,0,0,0,0,0,0,0,0,0,0,0,0,0,0,0,0,0,0,2.55789,2.55789,2.55789,6.3088,6.3088,1.81445,2.55789,2.55789,1.81445,6.3088,6.3088,0.907223,0.907223,1.81445,1.81445,0.907223,0.907223,1.81445,1.81445,0.907223,0.907223,0.907223,0.907223,0.907223,0.907223,1.06814,1.06814,1.06814,1.06814,40.1792,40.1792,40.1792,99.0984,99.0984,28.5012,40.1792,40.1792,28.5012,99.0984,99.0984,14.2506,14.2506,28.5012,28.5012,14.2506,14.2506,28.5012,28.5012,14.2506,14.2506,14.2506,14.2506,14.2506,14.2506,16.7783,16.7783,16.7783,16.7783,0,0,0,0,0,0,0,0,0,0,0,0,0,0,0,0,0,0,0,0,0,0,0,0,0,0,0,0,0,0,0,0,0,0,0,0,0,0,0,0,0,0,0,0,0,0,0,0,0,0,0,0,0,0,0,0,0,0,0,0,0,0,0,0,0,0,0,0,0,0,0,0,0,0,0,0,0,0,0,0,0,0,0,0,0,0,0,0,0,0,0,0,0,0,0,0,0,0,0,0,0,0,0,0,0,0,0,0,0,0,0,0,0,0,0,0,0,-0.0716297,0.0605125,0.404508,0.0761504,-0.0798426,0.299142,0.280006,-0.326869,-0.26115,-0.0308711,-0.134103,-0.152855,0.0464208,-0.0364885,-1.43704,0.756361,-0.0133308,-0.00295594,0.267416,-0.535732,0.0568916,-0.583645,-0.298221,1.05301,0.541994,0.311211,0.897061,-1.17916,0.734872,0.319285,-0.00480416,-0.0928164,-1.09885,0.146423,-0.16329,0.983565,-0.105309,-0.00210699,0.102143,-0.293338,0.461828,0.255515,-0.087267,-0.0407072,-0.0670388,-0.114535,0.131197,0.233398,0.322804,-0.0135394,0.2618,-0.0058466,0.0249514,0.237706,0.164983,-0.343357,-0.0588146,0.597282,-0.00022022,-0.0434821,0.0231855,0.655,0.0604755,0.0714375,-0.99561,0.6,0,0,1.59546,1.15128,3
0.253988,-0.293495,8.20905,0.0341649,-0.102451,0.351321,-0.0703227,0.0594665,0.41335,0.253988,-0.293495,8.20905,0.0341649,-0.102451,0.351321,-0.0703227,0.0594665,0.41335,-1.13403,0.122806,-0.174993,0.921482,-0.0839553,0.0171702,0.162217,-0.364172,0.460524,0.247931,-0.087267,-0.0477881,-0.075387,-0.108579,0.133378,0.221579,0.305906,-0.0207238,0.2618,-0.00830783,0.0133347,0.235507,0.13353,-0.36362,-0.0712601,0.593139,-0.000723093,-0.0469529,0.0219502,0,0,0,0,0,0,0,0,0,0,0,0,0,0,0,0,0,0,0,0,0,0,0,0,0,0,0,0,0,-0.813872,0.141983,-0.119789,1.13646,-0.264116,-0.0265339,-0.211509,0.409451,0.0462914,0.272136,-0.13979,-0.18223,-0.0786484,-0.0965696,0.0404065,0.245243,0.211484,-0.0383155,0.305527,0.00109448,0.0362468,0.22023,0.168766,-0.280111,-0.0346545,0.644491,-0.00056749,-0.0248491,0.0206457,-0.457585,-0.0602442,-0.532911,-2.92388,2.56767,0.408136,0.102332,1.38879,0.290178,-0.502029,0.162869,-0.932438,-0.946237,-0.576881,0.62417,0.0705371,-0.119145,0.0788926,-0.104887,-0.151587,0.0801809,0.234374,0.0721108,0.0759415,-0.0565018,0.0889098,-0.00464836,-0.102555,0.0802281,-10.318,0.38146,-0.467112,3.06498,-0.486724,-0.0413317,12.3915,-31.6356,11.328,1.43536,4.1669,2.83881,1.01216,0.47644,1.47504,-0.212817,1.70979,0.564137,-1.06038,0.0392307,-0.237772,0.0372167,-0.125651,-0.955751,-0.294001,-0.881306,0.0111141,-0.201059,-0.0443572,0,0,0,0,0,0,0,0,0,0,0,0,0,0,0,0,0,0,0,0,0,0,0,0,0,0,0,0,0,2.55789,2.55789,2.55789,6.3088,6.3088,1.81445,2.55789,2.55789,1.81445,6.3088,6.3088,0.907223,0.907223,1.81445,1.81445,0.907223,0.907223,1.81445,1.81445,0.907223,0.907223,0.907223,0.907223,0.907223,0.907223,1.06814,1.06814,1.06814,1.06814,40.1792,40.1792,40.1792,99.0984,99.0984,28.5012,40.1792,40.1792,28.5012,99.0984,99.0984,14.2506,14.2506,28.5012,28.5012,14.2506,14.2506,28.5012,28.5012,14.2506,14.2506,14.2506,14.2506,14.2506,14.2506,16.7783,16.7783,16.7783,16.7783,0,0,0,0,0,0,0,0,0,0,0,0,0,0,0,0,0,0,0,0,0,0,0,0,0,0,0,0,0,0,0,0,0,0,0,0,0,0,0,0,0,0,0,0,0,0,0,0,0,0,0,0,0,0,0,0,0,0,0,0,0,0,0,0,0,0,0,0,0,0,0,0,0,0,0,0,0,0,0,0,0,0,0,0,0,0,0,0,0,0,0,0,0,0,0,0,0,0,0,0,0,0,0,0,0,0,0,0,0,0,0,0,0,0,0,0,0,-0.0703227,0.0594665,0.41335,0.049202,-0.151559,0.304116,0.241477,-0.37307,-0.247572,-0.0472523,-0.16248,-0.17189,0.0139812,-0.0920869,-1.5013,0.866076,-0.0189427,-0.00970584,0.224285,-0.665097,0.0304045,-0.630233,-0.319594,1.05004,0.53698,0.29463,0.720016,-1.20078,0.795767,0.484536,0.0391497,-0.108962,-1.13403,0.122806,-0.174993,0.921482,-0.0839553,0.0171702,0.162217,-0.364172,0.460524,0.247931,-0.087267,-0.0477881,-0.075387,-0.108579,0.133378,0.221579,0.305906,-0.0207238,0.2618,-0.00830783,0.0133347,0.235507,0.13353,-0.36362,-0.0712601,0.593139,-0.000723093,-0.0469529,0.0219502,0.676,0.0594314,0.0701405,-0.995765,0.6,0,0,1.5893,1.14996,3
0.417255,-0.737788,9.01779,-0.0223293,-0.114993,0.224811,-0.069898,0.0578028,0.419055,0.417255,-0.737788,9.01779,-0.0223293,-0.114993,0.224811,-0.069898,0.0578028,0.419055,-1.15116,0.0830993,-0.200271,0.843464,-0.0663541,0.036116,0.212012,-0.422708,0.4546,0.246313,-0.087267,-0.0322879,-0.0723338,-0.116203,0.131745,0.205596,0.290637,-0.0229253,0.2618,-0.0125015,0.00715384,0.214257,0.107441,-0.378149,-0.0772098,0.58902,-0.000943416,-0.0476872,0.023394,0,0,0,0,0,0,0,0,0,0,0,0,0,0,0,0,0,0,0,0,0,0,0,0,0,0,0,0,0,-0.820398,0.140038,-0.132352,1.07667,-0.215066,-0.015259,-0.205792,0.43694,0.0507128,0.260754,-0.136867,-0.20129,-0.0941102,-0.108024,0.050493,0.247526,0.211185,-0.0373357,0.305095,-0.00200477,0.0355012,0.223961,0.168657,-0.276649,-0.0365243,0.647818,-0.000774379,-0.02682,0.0218668,-0.280792,-0.109093,-0.680389,-2.90911,2.12659,0.548494,0.385352,1.36754,0.173986,-0.582835,0.114977,-0.940791,-0.65239,-0.56536,0.447558,0.161236,0.0568222,0.0346357,0.000632186,-0.140358,-0.0643433,0.150588,-0.0419903,0.233345,-0.0948311,0.188447,-0.00899871,-0.0757831,0.0470233,-11.9115,-0.409431,-0.0384029,2.70791,-0.449453,-0.0695835,13.8667,-35.5721,11.3618,2.32312,4.15165,3.02006,0.858854,0.97977,1.5636,-0.500808,1.31278,0.410825,-1.23524,0.0378218,-0.258204,0.0262879,-0.467039,-1.43504,-0.407741,-1.11404,0.0107587,-0.253623,-0.0497174,0,0,0,0,0,0,0,0,0,0,0,0,0,0,0,0,0,0,0,0,0,0,0,0,0,0,0,0,0,2.55789,2.55789,2.55789,6.3088,6.3088,1.81445,2.55789,2.55789,1.81445,6.3088,6.3088,0.907223,0.907223,1.81445,1.81445,0.907223,0.907223,1.81445,1.81445,0.907223,0.907223,0.907223,0.907223,0.907223,0.907223,1.06814,1.06814,1.06814,1.06814,40.1792,40.1792,40.1792,99.0984,99.0984,28.5012,40.1792,40.1792,28.5012,99.0984,99.0984,14.2506,14.2506,28.5012,28.5012,14.2506,14.2506,28.5012,28.5012,14.2506,14.2506,14.2506,14.2506,14.2506,14.2506,16.7783,16.7783,16.7783,16.7783,0,0,0,0,0,0,0,0,0,0,0,0,0,0,0,0,0,0,0,0,0,0,0,0,0,0,0,0,0,0,0,0,0,0,0,0,0,0,0,0,0,0,0,0,0,0,0,0,0,0,0,0,0,0,0,0,0,0,0,0,0,0,0,0,0,0,0,0,0,0,0,0,0,0,0,0,0,0,0,0,0,0,0,0,0,0,0,0,0,0,0,0,0,0,0,0,0,0,0,0,0,0,0,0,0,0,0,0,0,0,0,0,0,0,0,0,0,-0.069898,0.0578028,0.419055,0.0127599,-0.211044,0.300393,0.206662,-0.406197,-0.264955,-0.0522719,-0.176046,-0.164928,-0.0298133,-0.147384,-1.53258,0.957019,-0.0285047,-0.0126632,0.151767,-0.772004,0.0163115,-0.640088,-0.36576,1.03653,0.488527,0.31401,0.497528,-1.2054,0.845961,0.713503,0.0823481,-0.0736196,-1.15116,0.0830993,-0.200271,0.843464,-0.0663541,0.036116,0.212012,-0.422708,0.4546,0.246313,-0.087267,-0.0322879,-0.0723338,-0.116203,0.131745,0.205596,0.290637,-0.0229253,0.2618,-0.0125015,0.00715384,0.214257,0.107441,-0.378149,-0.0772098,0.58902,-0.000943416,-0.0476872,0.023394,0.965,0.0577706,0.0697245,-0.995892,0.6,0,0,1.5893,1.14996,3
0.67298,-0.934055,9.55989,-0.0938216,-0.126463,0.16171,-0.070914,0.0558513,0.42294,0.67298,-0.934055,9.55989,-0.0938216,-0.126463,0.16171,-0.070914,0.0558513,0.42294,-1.1625,0.0192787,-0.213501,0.760791,-0.0550896,0.0649491,0.252821,-0.468616,0.455586,0.239852,-0.0248174,0.0400776,-0.0611489,-0.128717,0.123337,0.185257,0.262871,-0.0284868,0.2618,-0.0233714,0.0134785,0.198147,0.0855789,-0.399139,-0.0849814,0.584874,-0.0009034,-0.0465334,0.0263297,0,0,0,0,0,0,0,0,0,0,0,0,0,0,0,0,0,0,0,0,0,0,0,0,0,0,0,0,0,-0.822531,0.134471,-0.148669,1.01449,-0.174338,-0.00180798,-0.194818,0.462426,0.052274,0.248593,-0.135983,-0.217885,-0.103012,-0.118164,0.0567507,0.250635,0.213254,-0.0360942,0.306545,-0.00529398,0.0335428,0.222182,0.166777,-0.270714,-0.0383102,0.652286,-0.000974058,-0.0278039,0.0230108,-0.0502382,-0.373946,-0.891558,-3.09722,1.75905,0.64149,0.627658,1.2182,0.0171168,-0.604646,-0.0154241,-0.74283,-0.311248,-0.464106,0.263968,0.169517,0.141773,0.053953,0.0868869,-0.156843,-0.0836704,-0.165708,-0.104904,0.330717,-0.0639896,0.217417,-0.00858479,-0.0265804,0.055966,-13.0916,-1.15656,0.126745,2.25326,-0.425636,-0.0813195,14.814,-38.5995,11.4223,3.50505,4.84645,3.3087,0.729231,0.887406,1.67047,-0.785127,0.985646,0.274337,-1.4328,0.0394024,-0.297539,0.0322783,-0.751355,-1.81679,-0.490888,-1.29313,0.00975351,-0.302692,-0.0527128,0,0,0,0,0,0,0,0,0,0,0,0,0,0,0,0,0,0,0,0,0,0,0,0,0,0,0,0,0,2.55789,2.55789,2.55789,6.3088,6.3088,1.81445,2.55789,2.55789,1.81445,6.3088,6.3088,0.907223,0.907223,1.81445,1.81445,0.907223,0.907223,1.81445,1.81445,0.907223,0.907223,0.907223,0.907223,0.907223,0.907223,1.06814,1.06814,1.06814,1.06814,40.1792,40.1792,40.1792,99.0984,99.0984,28.5012,40.1792,40.1792,28.5012,99.0984,99.0984,14.2506,14.2506,28.5012,28.5012,14.2506,14.2506,28.5012,28.5012,14.2506,14.2506,14.2506,14.2506,14.2506,14.2506,16.7783,16.7783,16.7783,16.7783,0,0,0,0,0,0,0,0,0,0,0,0,0,0,0,0,0,0,0,0,0,0,0,0,0,0,0,0,0,0,0,0,0,0,0,0,0,0,0,0,0,0,0,0,0,0,0,0,0,0,0,0,0,0,0,0,0,0,0,0,0,0,0,0,0,0,0,0,0,0,0,0,0,0,0,0,0,0,0,0,0,0,0,0,0,0,0,0,0,0,0,0,0,0,0,0,0,0,0,0,0,0,0,0,0,0,0,0,0,0,0,0,0,0,0,0,0,-0.070914,0.0558513,0.42294,-0.0336148,-0.260892,0.28122,0.143353,-0.454056,-0.293487,-0.0649527,-0.193766,-0.139426,-0.0655357,-0.203028,-1.5533,1.03155,-0.053289,-0.012126,0.0352093,-0.855847,0.0307322,-0.624602,-0.389923,1.03878,0.451796,0.353414,0.261764,-1.22382,0.878085,0.964413,0.14809,0.0913809,-1.1625,0.0192787,-0.213501,0.760791,-0.0550896,0.0649491,0.252821,-0.468616,0.455586,0.239852,-0.0248174,0.0400776,-0.0611489,-0.128717,0.123337,0.185257,0.262871,-0.0284868,0.2618,-0.0233714,0.0134785,0.198147,0.0855789,-0.399139,-0.0849814,0.584874,-0.0009034,-0.0465334,0.0263297,0.649,0.0558223,0.0707441,-0.995931,0.6,0,0,1.58608,1.14734,3
0.656633,-1.00729,9.95817,-0.16338,-0.145111,0.146376,-0.0735999,0.053252,0.426536,0.656633,-1.00729,9.95817,-0.16338,-0.145111,0.146376,-0.0735999,0.053252,0.426536,-1.1353,-0.001922,-0.236988,0.663534,-0.0227755,0.0821926,0.255352,-0.500966,0.448132,0.2274,0.0321377,0.0689358,-0.0527629,-0.141475,0.12258,0.167853,0.250407,-0.0303596,0.2618,-0.0312897,0.00908416,0.184527,0.0614967,-0.411162,-0.0911355,0.581684,-0.000722858,-0.0468334,0.0296096,0,0,0,0,0,0,0,0,0,0,0,0,0,0,0,0,0,0,0,0,0,0,0,0,0,0,0,0,0,-0.820502,0.121694,-0.171036,0.941176,-0.138678,0.0171893,-0.176377,0.486785,0.0514499,0.230272,-0.134576,-0.232174,-0.105589,-0.126881,0.0606438,0.253396,0.216087,-0.0348129,0.309613,-0.0108021,0.0338808,0.215516,0.164016,-0.262904,-0.0394041,0.657185,-0.00112761,-0.0276387,0.0249188,0.0948456,-0.678536,-1.03302,-3.27948,1.36559,0.815478,0.908923,1.0366,-0.0409951,-0.911788,0.0732731,-0.587896,-0.0277629,-0.323243,0.173698,0.117518,0.119501,0.0434366,0.136538,-0.247575,0.0706956,-0.317217,-0.119972,0.358709,-0.0175161,0.193796,-0.00583072,0.0241556,0.0884178,-14.0176,-2.4445,0.891681,2.5207,-0.359058,-0.118702,14.9969,-40.9796,11.6021,6.53813,10.3839,4.40165,0.66307,0.54621,1.49123,-1.07254,0.560809,0.0983883,-1.61336,0.0451209,-0.350132,0.0382276,-1.00946,-2.25704,-0.627214,-1.42398,0.00991542,-0.34177,-0.0695823,0,0,0,0,0,0,0,0,0,0,0,0,0,0,0,0,0,0,0,0,0,0,0,0,0,0,0,0,0,2.55789,2.55789,2.55789,6.3088,6.3088,1.81445,2.55789,2.55789,1.81445,6.3088,6.3088,0.907223,0.907223,1.81445,1.81445,0.907223,0.907223,1.81445,1.81445,0.907223,0.907223,0.907223,0.907223,0.907223,0.907223,1.06814,1.06814,1.06814,1.06814,40.1792,40.1792,40.1792,99.0984,99.0984,28.5012,40.1792,40.1792,28.5012,99.0984,99.0984,14.2506,14.2506,28.5012,28.5012,14.2506,14.2506,28.5012,28.5012,14.2506,14.2506,14.2506,14.2506,14.2506,14.2506,16.7783,16.7783,16.7783,16.7783,0,0,0,0,0,0,0,0,0,0,0,0,0,0,0,0,0,0,0,0,0,0,0,0,0,0,0,0,0,0,0,0,0,0,0,0,0,0,0,0,0,0,0,0,0,0,0,0,0,0,0,0,0,0,0,0,0,0,0,0,0,0,0,0,0,0,0,0,0,0,0,0,0,0,0,0,0,0,0,0,0,0,0,0,0,0,0,0,0,0,0,0,0,0,0,0,0,0,0,0,0,0,0,0,0,0,0,0,0,0,0,0,0,0,0,0,0,-0.0735999,0.053252,0.426536,-0.0732994,-0.315801,0.279495,0.114933,-0.481471,-0.322578,-0.069223,-0.207798,-0.120305,-0.102543,-0.245854,-1.50362,1.03617,-0.0713437,-0.00970268,-0.0035102,-0.914928,0.0207128,-0.628629,-0.432818,1.02178,0.420739,0.39744,-0.0155891,-1.25933,0.970236,1.12684,0.187407,0.157181,-1.1353,-0.001922,-0.236988,0.663534,-0.0227755,0.0821926,0.255352,-0.500966,0.448132,0.2274,0.0321377,0.0689358,-0.0527629,-0.141475,0.12258,0.167853,0.250407,-0.0303596,0.2618,-0.0312897,0.00908416,0.184527,0.0614967,-0.411162,-0.0911355,0.581684,-0.000722858,-0.0468334,0.0296096,0.615,0.0534945,0.0731194,-0.995887,0.6,0,0,1.58608,1.14734,3
0.614495,-1.10893,10.1791,-0.228632,-0.154446,0.122152,-0.0770995,0.0508009,0.429158,0.614495,-1.10893,10.1791,-0.228632,-0.154446,0.122152,-0.0770995,0.0508009,0.429158,-1.09562,-0.019095,-0.260295,0.572111,0.0103684,0.0980632,0.250558,-0.518412,0.433587,0.214833,0.0480443,0.0816441,-0.0493584,-0.165083,0.123912,0.157773,0.247841,-0.0277739,0.2618,-0.0387438,0.00210166,0.178757,0.043506,-0.411821,-0.0913273,0.580365,-0.000813553,-0.0468908,0.0326076,0,0,0,0,0,0,0,0,0,0,0,0,0,0,0,0,0,0,0,0,0,0,0,0,0,0,0,0,0,-0.816502,0.10777,-0.189511,0.876177,-0.109763,0.0330806,-0.157689,0.503663,0.0517482,0.21056,-0.131699,-0.242834,-0.104834,-0.130521,0.0633922,0.254929,0.217832,-0.033788,0.312827,-0.0161799,0.0345541,0.208258,0.161268,-0.256085,-0.0397094,0.661008,-0.00120607,-0.0271028,0.0270437,0.247437,-0.811847,-1.00584,-3.68856,1.42461,0.831974,1.07742,0.878001,0.0794674,-1.17241,0.187904,-0.562505,0.058828,-0.11404,0.176263,0.0794426,0.0811825,0.0490079,0.166292,-0.292003,0.0363015,-0.410284,-0.164201,0.377875,-0.000316291,0.19092,-0.00320522,0.0388966,0.120798,-13.458,-2.39468,0.620111,1.69688,-0.409484,-0.108958,13.9187,-42.5654,11.1912,8.8276,15.0718,4.94371,0.686523,-0.0753928,1.39678,-1.30916,0.389905,0.00450869,-1.76553,0.0489803,-0.394273,0.030738,-1.27774,-2.54496,-0.726807,-1.54147,0.0115493,-0.370734,-0.0844593,0,0,0,0,0,0,0,0,0,0,0,0,0,0,0,0,0,0,0,0,0,0,0,0,0,0,0,0,0,2.55789,2.55789,2.55789,6.3088,6.3088,1.81445,2.55789,2.55789,1.81445,6.3088,6.3088,0.907223,0.907223,1.81445,1.81445,0.907223,0.907223,1.81445,1.81445,0.907223,0.907223,0.907223,0.907223,0.907223,0.907223,1.06814,1.06814,1.06814,1.06814,40.1792,40.1792,40.1792,99.0984,99.0984,28.5012,40.1792,40.1792,28.5012,99.0984,99.0984,14.2506,14.2506,28.5012,28.5012,14.2506,14.2506,28.5012,28.5012,14.2506,14.2506,14.2506,14.2506,14.2506,14.2506,16.7783,16.7783,16.7783,16.7783,0,0,0,0,0,0,0,0,0,0,0,0,0,0,0,0,0,0,0,0,0,0,0,0,0,0,0,0,0,0,0,0,0,0,0,0,0,0,0,0,0,0,0,0,0,0,0,0,0,0,0,0,0,0,0,0,0,0,0,0,0,0,0,0,0,0,0,0,0,0,0,0,0,0,0,0,0,0,0,0,0,0,0,0,0,0,0,0,0,0,0,0,0,0,0,0,0,0,0,0,0,0,0,0,0,0,0,0,0,0,0,0,0,0,0,0,0,-0.0770995,0.0508009,0.429158,-0.0962822,-0.356822,0.282533,0.109082,-0.482972,-0.376405,-0.0633273,-0.208235,-0.112542,-0.126073,-0.263554,-1.43114,1.02742,-0.0883398,-0.0109201,-0.0348738,-0.94679,0.004792,-0.6294,-0.475383,0.988622,0.407584,0.437681,-0.276304,-1.29517,1.06475,1.1722,0.223594,0.186157,-1.09562,-0.019095,-0.260295,0.572111,0.0103684,0.0980632,0.250558,-0.518412,0.433587,0.214833,0.0480443,0.0816441,-0.0493584,-0.165083,0.123912,0.157773,0.247841,-0.0277739,0.2618,-0.0387438,0.00210166,0.178757,0.043506,-0.411821,-0.0913273,0.580365,-0.000813553,-0.0468908,0.0326076,0.681,0.0507791,0.0769238,-0.995743,0.6,0,0,1.58451,1.14131,3
0.548329,-1.02961,9.77099,-0.272021,-0.148423,0.0687839,-0.0821376,0.0480493,0.431261,0.548329,-1.02961,9.77099,-0.272021,-0.148423,0.0687839,-0.0821376,0.0480493,0.431261,-1.04726,-0.0495027,-0.262633,0.509766,0.0222098,0.11981,0.248192,-0.536507,0.416551,0.19825,0.0657367,0.11215,-0.0494322,-0.18325,0.118207,0.153821,0.245586,-0.0214563,0.2618,-0.0444819,-0.000544939,0.175245,0.0345023,-0.408113,-0.0880084,0.580218,-0.0012901,-0.0453164,0.0350371,0,0,0,0,0,0,0,0,0,0,0,0,0,0,0,0,0,0,0,0,0,0,0,0,0,0,0,0,0,-0.808743,0.0899632,-0.209839,0.795974,-0.0770309,0.0505818,-0.134719,0.519087,0.0552416,0.185718,-0.127592,-0.253682,-0.103118,-0.130042,0.0665292,0.256042,0.218822,-0.0324169,0.316251,-0.0227798,0.033922,0.20003,0.156968,-0.248557,-0.0394138,0.664489,-0.00129723,-0.0263334,0.0297735,0.392702,-0.90975,-1.00487,-3.98337,1.42114,0.802936,1.14569,0.715196,0.259749,-1.23797,0.195905,-0.531455,0.0716928,0.111665,0.184803,0.0555579,0.0288896,0.0632431,0.134042,-0.308328,-0.0487507,-0.375446,-0.236734,0.356598,0.0371277,0.122694,-0.00428269,0.0376614,0.131888,-12.552,-2.11295,0.494286,2.56375,-0.338038,-0.1039,12.6177,-43.4746,10.3639,10.5262,16.1685,5.24594,0.694143,-1.16717,1.32998,-1.44788,0.384796,0.0149921,-1.8094,0.0525676,-0.411682,0.0376047,-1.41122,-2.64611,-0.767891,-1.55517,0.0126269,-0.38632,-0.0920904,0,0,0,0,0,0,0,0,0,0,0,0,0,0,0,0,0,0,0,0,0,0,0,0,0,0,0,0,0,2.55789,2.55789,2.55789,6.3088,6.3088,1.81445,2.55789,2.55789,1.81445,6.3088,6.3088,0.907223,0.907223,1.81445,1.81445,0.907223,0.907223,1.81445,1.81445,0.907223,0.907223,0.907223,0.907223,0.907223,0.907223,1.06814,1.06814,1.06814,1.06814,40.1792,40.1792,40.1792,99.0984,99.0984,28.5012,40.1792,40.1792,28.5012,99.0984,99.0984,14.2506,14.2506,28.5012,28.5012,14.2506,14.2506,28.5012,28.5012,14.2506,14.2506,14.2506,14.2506,14.2506,14.2506,16.7783,16.7783,16.7783,16.7783,0,0,0,0,0,0,0,0,0,0,0,0,0,0,0,0,0,0,0,0,0,0,0,0,0,0,0,0,0,0,0,0,0,0,0,0,0,0,0,0,0,0,0,0,0,0,0,0,0,0,0,0,0,0,0,0,0,0,0,0,0,0,0,0,0,0,0,0,0,0,0,0,0,0,0,0,0,0,0,0,0,0,0,0,0,0,0,0,0,0,0,0,0,0,0,0,0,0,0,0,0,0,0,0,0,0,0,0,0,0,0,0,0,0,0,0,0,-0.0821376,0.0480493,0.431261,-0.105293,-0.377351,0.269525,0.10394,-0.474518,-0.417828,-0.0489225,-0.200668,-0.11271,-0.141077,-0.265522,-1.34283,1.0231,-0.101423,-0.0173166,-0.0904082,-0.979838,-0.00124252,-0.608266,-0.479654,0.949777,0.399576,0.47029,-0.454095,-1.34246,1.09852,1.22265,0.273178,0.255713,-1.04726,-0.0495027,-0.262633,0.509766,0.0222098,0.11981,0.248192,-0.536507,0.416551,0.19825,0.0657367,0.11215,-0.0494322,-0.18325,0.118207,0.153821,0.245586,-0.0214563,0.2618,-0.0444819,-0.000544939,0.175245,0.0345023,-0.408113,-0.0880084,0.580218,-0.0012901,-0.0453164,0.0350371,0.644,0.0480308,0.0819505,-0.995478,0.6,0,0,1.5861,1.13282,3
0.494485,-3.01332,14.1572,-0.371866,-0.134647,0.0406917,-0.0884297,0.0455697,0.432451,0.494485,-3.01332,14.1572,-0.371866,-0.134647,0.0406917,-0.0884297,0.0455697,0.432451,-1.00536,-0.0918288,-0.251039,0.44775,0.0374971,0.130321,0.237987,-0.49553,0.383532,0.192773,0.101127,0.153188,-0.051123,-0.196278,0.104571,0.144091,0.258185,-0.0130147,0.2618,-0.0476951,-0.0047722,0.171898,0.0199091,-0.411791,-0.0863717,0.58011,-0.00145701,-0.0465307,0.0338845,0,0,0,0,0,0,0,0,0,0,0,0,0,0,0,0,0,0,0,0,0,0,0,0,0,0,0,0,0,-0.797668,0.0673558,-0.228795,0.717357,-0.0442326,0.0695985,-0.109758,0.528195,0.0609164,0.160444,-0.124347,-0.264483,-0.0996018,-0.122302,0.0684125,0.256063,0.219075,-0.030078,0.319932,-0.029194,0.0324915,0.192801,0.150903,-0.240421,-0.0386053,0.667885,-0.00150001,-0.0255547,0.0323742,0.523833,-1.4749,-1.12052,-2.91606,2.57881,1.0398,1.24147,0.139127,0.312721,-1.1973,0.0771865,-0.407827,0.245829,0.729879,0.0899311,-0.0327758,0.0269253,0.134924,0.243125,-0.294663,-0.0497783,-0.322092,-0.33318,0.488604,0.0479264,0.238247,-0.0106791,0.0527012,0.115877,-11.4799,-1.26055,0.983611,1.69584,-9.25116,-0.298688,11.2878,-43.2673,9.68747,11.2678,18.2648,5.8032,0.471859,-2.88808,1.27073,-1.4314,0.355554,0.0143998,-2.06883,0.0494613,-0.419854,0.0436595,-1.37296,-2.80442,-0.741025,-1.70595,0.0146563,-0.381782,-0.0790227,0,0,0,0,0,0,0,0,0,0,0,0,0,0,0,0,0,0,0,0,0,0,0,0,0,0,0,0,0,2.55789,2.55789,2.55789,6.3088,6.3088,1.81445,2.55789,2.55789,1.81445,6.3088,6.3088,0.907223,0.907223,1.81445,1.81445,0.907223,0.907223,1.81445,1.81445,0.907223,0.907223,0.907223,0.907223,0.907223,0.907223,1.06814,1.06814,1.06814,1.06814,40.1792,40.1792,40.1792,99.0984,99.0984,28.5012,40.1792,40.1792,28.5012,99.0984,99.0984,14.2506,14.2506,28.5012,28.5012,14.2506,14.2506,28.5012,28.5012,14.2506,14.2506,14.2506,14.2506,14.2506,14.2506,16.7783,16.7783,16.7783,16.7783,0,0,0,0,0,0,0,0,0,0,0,0,0,0,0,0,0,0,0,0,0,0,0,0,0,0,0,0,0,0,0,0,0,0,0,0,0,0,0,0,0,0,0,0,0,0,0,0,0,0,0,0,0,0,0,0,0,0,0,0,0,0,0,0,0,0,0,0,0,0,0,0,0,0,0,0,0,0,0,0,0,0,0,0,0,0,0,0,0,0,0,0,0,0,0,0,0,0,0,0,0,0,0,0,0,0,0,0,0,0,0,0,0,0,0,0,0,-0.0884297,0.0455697,0.432451,-0.127479,-0.410625,0.238432,0.132667,-0.482905,-0.447534,-0.0296749,-0.196936,-0.116566,-0.157391,-0.266977,-1.2663,1.00446,-0.10875,-0.0195569,-0.16771,-0.905002,-0.0108811,-0.624566,-0.45848,0.87449,0.391944,0.45482,-0.630951,-1.35808,1.14212,1.32358,0.297145,0.349285,-1.00536,-0.0918288,-0.251039,0.44775,0.0374971,0.130321,0.237987,-0.49553,0.383532,0.192773,0.101127,0.153188,-0.051123,-0.196278,0.104571,0.144091,0.258185,-0.0130147,0.2618,-0.0476951,-0.0047722,0.171898,0.0199091,-0.411791,-0.0863717,0.58011,-0.00145701,-0.0465307,0.0338845,0.931,0.0455539,0.0882228,-0.995059,0.6,0,0,1.5861,1.13282,3
-1.09499,-5.9003,15.1016,-0.531117,-0.0192784,-0.0508971,-0.0973695,0.0440197,0.432305,-1.09499,-5.9003,15.1016,-0.531117,-0.0192784,-0.0508971,-0.0973695,0.0440197,0.432305,-0.937126,-0.164072,-0.194767,0.380317,0.0125104,0.134644,0.255807,-0.379247,0.310818,0.20235,0.155417,0.22867,-0.0619582,-0.194363,0.107836,0.142058,0.263774,-0.00852181,0.2618,-0.0483153,-0.00509711,0.148859,0.0129424,-0.387708,-0.0665276,0.581458,-0.00133079,-0.0479911,0.0326794,0,0,0,0,0,0,0,0,0,0,0,0,0,0,0,0,0,0,0,0,0,0,0,0,0,0,0,0,0,-0.783495,0.0378443,-0.252627,0.688076,-0.00308075,0.0885806,-0.0843045,0.524678,0.0744942,0.136783,-0.121301,-0.267487,-0.097951,-0.0987429,0.0696609,0.254904,0.220617,-0.0260588,0.325084,-0.0349314,0.0314064,0.186687,0.142434,-0.22832,-0.0365041,0.67365,-0.00173743,-0.0244316,0.0340775,0.748993,-1.35377,-0.869063,-0.954078,0.995958,0.557632,1.13416,-0.509788,0.854115,-1.16381,0.201183,-0.0313795,0.0423453,1.63072,0.130087,-0.0788751,0.175684,0.22003,0.241322,-0.259088,-0.043987,-0.267086,-0.476479,0.73779,0.141206,0.297647,-0.0114176,0.0588706,0.0698866,-10.8288,-1.77201,2.48688,-17.8326,-3.20914,-0.00383902,9.99188,-39.9576,7.32087,12.6915,20.8593,6.03662,0.644541,-5.43962,0.801128,-1.52053,0.407615,-0.0148865,-2.23935,0.0533684,-0.474136,0.033451,-1.33649,-3.23161,-0.829838,-1.88462,0.0172135,-0.431037,-0.0784857,0,0,0,0,0,0,0,0,0,0,0,0,0,0,0,0,0,0,0,0,0,0,0,0,0,0,0,0,0,2.55789,2.55789,2.55789,6.3088,6.3088,1.81445,2.55789,2.55789,1.81445,6.3088,6.3088,0.907223,0.907223,1.81445,1.81445,0.907223,0.907223,1.81445,1.81445,0.907223,0.907223,0.907223,0.907223,0.907223,0.907223,1.06814,1.06814,1.06814,1.06814,40.1792,40.1792,40.1792,99.0984,99.0984,28.5012,40.1792,40.1792,28.5012,99.0984,99.0984,14.2506,14.2506,28.5012,28.5012,14.2506,14.2506,28.5012,28.5012,14.2506,14.2506,14.2506,14.2506,14.2506,14.2506,16.7783,16.7783,16.7783,16.7783,0,0,0,0,0,0,0,0,0,0,0,0,0,0,0,0,0,0,0,0,0,0,0,0,0,0,0,0,0,0,0,0,0,0,0,0,0,0,0,0,0,0,0,0,0,0,0,0,0,0,0,0,0,0,0,0,0,0,0,0,0,0,0,0,0,0,0,0,0,0,0,0,0,0,0,0,0,0,0,0,0,0,0,0,0,0,0,0,0,0,0,0,0,0,0,0,0,0,0,0,0,0,0,0,0,0,0,0,0,0,0,0,0,0,0,0,0,-0.0973695,0.0440197,0.432305,-0.132114,-0.42651,0.245877,0.145411,-0.427994,-0.443166,-0.0194306,-0.15169,-0.141271,-0.176146,-0.248879,-1.14169,1.037,-0.110164,-0.0178628,-0.29965,-0.692629,-0.0116219,-0.644169,-0.355709,0.708696,0.339414,0.438644,-0.823253,-1.33077,1.07086,1.4784,0.307002,0.52139,-0.937126,-0.164072,-0.194767,0.380317,0.0125104,0.134644,0.255807,-0.379247,0.310818,0.20235,0.155417,0.22867,-0.0619582,-0.194363,0.107836,0.142058,0.263774,-0.00852181,0.2618,-0.0483153,-0.00509711,0.148859,0.0129424,-0.387708,-0.0665276,0.581458,-0.00133079,-0.0479911,0.0326794,0.74,0.0440055,0.0971216,-0.994299,0.6,0,0,1.58991,1.12238,3
-1.67495,-1.85839,11.1494,-0.598898,0.35161,-0.0280138,-0.112065,0.0487393,0.43073,-1.67495,-1.85839,11.1494,-0.598898,0.35161,-0.0280138,-0.112065,0.0487393,0.43073,-0.803999,-0.298618,-0.12365,0.360081,-0.0154162,0.147996,0.254738,-0.232521,0.288194,0.189077,0.257364,0.373504,-0.0577408,-0.152344,0.144967,0.172273,0.232481,-0.0206971,0.2618,-0.0603288,0.0113798,0.126207,0.0210049,-0.369357,-0.0529268,0.585029,0.000258527,-0.0474198,0.0343466,0,0,0,0,0,0,0,0,0,0,0,0,0,0,0,0,0,0,0,0,0,0,0,0,0,0,0,0,0,-0.756949,0.00981233,-0.257238,0.64933,0.00180937,0.0948524,-0.060468,0.500301,0.0942172,0.107293,-0.112216,-0.266381,-0.0928364,-0.0466591,0.0686532,0.248946,0.227743,-0.0201037,0.3298,-0.0401342,0.0307023,0.17561,0.128936,-0.207988,-0.0298074,0.677543,-0.00181571,-0.0237402,0.0347335,1.22192,-1.02345,0.305263,-2.18143,0.309798,0.20246,0.76193,-1.28517,0.755494,-1.2143,0.504498,0.104207,0.34157,2.39018,-0.0813058,-0.349071,0.34091,0.204635,0.109087,-0.181097,-0.0231007,-0.465749,-0.567681,0.828641,0.372536,-0.0655133,-0.00190654,-0.000834194,0.0334155,-10.2963,-4.37392,1.97931,-13.7282,-0.433857,0.827911,10.6941,-32.2178,4.81417,16.9092,23.5379,6.97691,0.159055,-8.4035,1.26046,-1.22893,0.211507,-0.0495402,-2.16676,0.0484875,-0.492352,0.0391172,-1.15069,-3.30615,-0.84141,-1.59751,0.0101304,-0.415784,-0.0655066,0,0,0,0,0,0,0,0,0,0,0,0,0,0,0,0,0,0,0,0,0,0,0,0,0,0,0,0,0,2.55789,2.55789,2.55789,6.3088,6.3088,1.81445,2.55789,2.55789,1.81445,6.3088,6.3088,0.907223,0.907223,1.81445,1.81445,0.907223,0.907223,1.81445,1.81445,0.907223,0.907223,0.907223,0.907223,0.907223,0.907223,1.06814,1.06814,1.06814,1.06814,40.1792,40.1792,40.1792,99.0984,99.0984,28.5012,40.1792,40.1792,28.5012,99.0984,99.0984,14.2506,14.2506,28.5012,28.5012,14.2506,14.2506,28.5012,28.5012,14.2506,14.2506,14.2506,14.2506,14.2506,14.2506,16.7783,16.7783,16.7783,16.7783,0,0,0,0,0,0,0,0,0,0,0,0,0,0,0,0,0,0,0,0,0,0,0,0,0,0,0,0,0,0,0,0,0,0,0,0,0,0,0,0,0,0,0,0,0,0,0,0,0,0,0,0,0,0,0,0,0,0,0,0,0,0,0,0,0,0,0,0,0,0,0,0,0,0,0,0,0,0,0,0,0,0,0,0,0,0,0,0,0,0,0,0,0,0,0,0,0,0,0,0,0,0,0,0,0,0,0,0,0,0,0,0,0,0,0,0,0,-0.112065,0.0487393,0.43073,-0.0632201,-0.408127,0.330539,0.0740598,-0.386152,-0.347359,-0.0471915,-0.120678,-0.131655,-0.170543,-0.200947,-0.898552,1.03505,-0.137556,0.00347012,-0.545375,-0.42466,0.025947,-0.6365,-0.225825,0.65711,0.287765,0.461023,-0.88096,-1.36862,0.991223,1.76913,0.337446,0.851627,-0.803999,-0.298618,-0.12365,0.360081,-0.0154162,0.147996,0.254738,-0.232521,0.288194,0.189077,0.257364,0.373504,-0.0577408,-0.152344,0.144967,0.172273,0.232481,-0.0206971,0.2618,-0.0603288,0.0113798,0.126207,0.0210049,-0.369357,-0.0529268,0.585029,0.000258527,-0.0474198,0.0343466,0.751,0.0473829,0.109289,-0.99288,0.6,0,0,1.58991,1.12238,3
-1.07734,-0.271834,10.7626,-0.457001,0.498918,0.0103665,-0.120456,0.0558874,0.429804,-1.07734,-0.271834,10.7626,-0.457001,0.498918,0.0103665,-0.120456,0.0558874,0.429804,-0.665062,-0.417376,-0.070072,0.355561,-0.0313858,0.177378,0.240804,-0.121526,0.272125,0.187152,0.396615,0.534855,-0.0496832,-0.0847362,0.17412,0.198023,0.204602,-0.0338808,0.2618,-0.0736616,0.0256778,0.102309,0.0315186,-0.348025,-0.0420571,0.587252,0.00267338,-0.048812,0.0400325,0,0,0,0,0,0,0,0,0,0,0,0,0,0,0,0,0,0,0,0,0,0,0,0,0,0,0,0,0,-0.734663,-0.00546279,-0.25124,0.610749,0.00521258,0.10406,-0.0468283,0.479823,0.1052,0.0840783,-0.097556,-0.259543,-0.0853559,-0.0111869,0.0648259,0.242086,0.231931,-0.0178045,0.330437,-0.0445553,0.0322743,0.165991,0.119363,-0.196538,-0.0229775,0.674893,-0.00152917,-0.0244622,0.0354485,1.44956,-0.902416,0.393969,-2.52838,0.196765,0.765383,0.838327,-1.26354,0.629721,-1.52259,1.10988,0.830661,0.535762,2.06845,-0.294264,-0.46507,0.191501,0.0827742,-0.0069998,-0.293744,0.153765,-0.640566,-0.609499,0.625083,0.455246,-0.233625,0.0206079,-0.0636458,0.0543655,-6.38255,-9.51168,4.12922,-9.52722,-3.29745,-0.0556146,9.96369,-25.4742,4.08737,19.7931,28.495,8.40741,-0.0701347,-7.73545,2.80774,-0.589236,-0.180559,-0.25852,-1.96701,0.0395385,-0.431147,0.00225916,-0.865117,-3.0372,-0.823526,-1.28961,0.00755469,-0.323139,-0.0719731,0,0,0,0,0,0,0,0,0,0,0,0,0,0,0,0,0,0,0,0,0,0,0,0,0,0,0,0,0,2.55789,2.55789,2.55789,6.3088,6.3088,1.81445,2.55789,2.55789,1.81445,6.3088,6.3088,0.907223,0.907223,1.81445,1.81445,0.907223,0.907223,1.81445,1.81445,0.907223,0.907223,0.907223,0.907223,0.907223,0.907223,1.06814,1.06814,1.06814,1.06814,40.1792,40.1792,40.1792,99.0984,99.0984,28.5012,40.1792,40.1792,28.5012,99.0984,99.0984,14.2506,14.2506,28.5012,28.5012,14.2506,14.2506,28.5012,28.5012,14.2506,14.2506,14.2506,14.2506,14.2506,14.2506,16.7783,16.7783,16.7783,16.7783,0,0,0,0,0,0,0,0,0,0,0,0,0,0,0,0,0,0,0,0,0,0,0,0,0,0,0,0,0,0,0,0,0,0,0,0,0,0,0,0,0,0,0,0,0,0,0,0,0,0,0,0,0,0,0,0,0,0,0,0,0,0,0,0,0,0,0,0,0,0,0,0,0,0,0,0,0,0,0,0,0,0,0,0,0,0,0,0,0,0,0,0,0,0,0,0,0,0,0,0,0,0,0,0,0,0,0,0,0,0,0,0,0,0,0,0,0,-0.120456,0.0558874,0.429804,-0.00450886,-0.384154,0.397012,0.0104919,-0.337512,-0.193207,-0.0772515,-0.0958943,-0.113283,-0.163988,-0.171108,-0.644808,1.0096,-0.167956,0.0358839,-0.762266,-0.221947,0.0585479,-0.655187,-0.127974,0.620472,0.233275,0.537342,-0.893851,-1.37411,0.945682,2.16623,0.40444,1.21952,-0.665062,-0.417376,-0.070072,0.355561,-0.0313858,0.177378,0.240804,-0.121526,0.272125,0.187152,0.396615,0.534855,-0.0496832,-0.0847362,0.17412,0.198023,0.204602,-0.0338808,0.2618,-0.0736616,0.0256778,0.102309,0.0315186,-0.348025,-0.0420571,0.587252,0.00267338,-0.048812,0.0400325,0.805,0.0558583,0.119977,-0.991204,0.6,0,0,1.59364,1.10747,3
-0.563636,-0.288592,10.8993,-0.310198,0.563748,0.0543493,-0.127906,0.0670065,0.42921,-0.563636,-0.288592,10.8993,-0.310198,0.563748,0.0543493,-0.127906,0.0670065,0.42921,-0.514087,-0.513844,-0.0415709,0.355184,-0.0420295,0.220808,0.201058,-0.0496808,0.229448,0.214374,0.512217,0.67301,-0.0461158,-0.049299,0.188419,0.226308,0.203367,-0.0324062,0.2618,-0.0866506,0.0372741,0.0707885,0.0548005,-0.327327,-0.0364598,0.590297,0.00520552,-0.0515643,0.0479881,0,0,0,0,0,0,0,0,0,0,0,0,0,0,0,0,0,0,0,0,0,0,0,0,0,0,0,0,0,-0.702901,-0.0220687,-0.249064,0.559323,0.00535591,0.128072,-0.028595,0.458541,0.11906,0.0499882,-0.0621149,-0.230951,-0.0731236,0.0225875,0.056244,0.231806,0.232605,-0.018097,0.32953,-0.0523822,0.0374854,0.150313,0.10634,-0.186341,-0.0140278,0.670596,-0.00062449,-0.0263787,0.0375725,1.63097,-0.77354,-0.140275,-2.58368,-0.0942834,1.29793,0.819906,-0.934042,0.762042,-1.62113,2.00885,2.11548,0.600221,1.43776,-0.434551,-0.504978,-0.0895406,-0.0916162,-0.0899,-0.380726,0.281577,-0.784777,-0.654325,0.425665,0.441148,-0.223287,0.044078,-0.0927207,0.119494,-2.53231,-13.94,7.39893,-4.35869,-3.18128,-0.899733,8.68747,-20.9307,3.06111,23.812,33.2275,9.19514,-0.205952,-5.67008,4.15071,-0.0292272,-0.344925,-0.312829,-1.7927,0.042009,-0.422976,0.0202752,-0.487259,-2.69519,-0.789863,-1.17565,0.00775348,-0.27843,-0.083135,0,0,0,0,0,0,0,0,0,0,0,0,0,0,0,0,0,0,0,0,0,0,0,0,0,0,0,0,0,2.55789,2.55789,2.55789,6.3088,6.3088,1.81445,2.55789,2.55789,1.81445,6.3088,6.3088,0.907223,0.907223,1.81445,1.81445,0.907223,0.907223,1.81445,1.81445,0.907223,0.907223,0.907223,0.907223,0.907223,0.907223,1.06814,1.06814,1.06814,1.06814,40.1792,40.1792,40.1792,99.0984,99.0984,28.5012,40.1792,40.1792,28.5012,99.0984,99.0984,14.2506,14.2506,28.5012,28.5012,14.2506,14.2506,28.5012,28.5012,14.2506,14.2506,14.2506,14.2506,14.2506,14.2506,16.7783,16.7783,16.7783,16.7783,0,0,0,0,0,0,0,0,0,0,0,0,0,0,0,0,0,0,0,0,0,0,0,0,0,0,0,0,0,0,0,0,0,0,0,0,0,0,0,0,0,0,0,0,0,0,0,0,0,0,0,0,0,0,0,0,0,0,0,0,0,0,0,0,0,0,0,0,0,0,0,0,0,0,0,0,0,0,0,0,0,0,0,0,0,0,0,0,0,0,0,0,0,0,0,0,0,0,0,0,0,0,0,0,0,0,0,0,0,0,0,0,0,0,0,0,0,-0.127906,0.0670065,0.42921,0.0599854,-0.331069,0.429614,0.0076782,-0.290318,-0.112407,-0.0738895,-0.0831321,-0.105149,-0.155047,-0.130241,-0.369077,0.937013,-0.197572,0.0698719,-0.938449,-0.0907334,0.0849887,-0.69213,-0.0759221,0.523164,0.161405,0.644128,-0.894925,-1.29648,0.915329,2.4959,0.503464,1.53453,-0.514087,-0.513844,-0.0415709,0.355184,-0.0420295,0.220808,0.201058,-0.0496808,0.229448,0.214374,0.512217,0.67301,-0.0461158,-0.049299,0.188419,0.226308,0.203367,-0.0324062,0.2618,-0.0866506,0.0372741,0.0707885,0.0548005,-0.327327,-0.0364598,0.590297,0.00520552,-0.0515643,0.0479881,0.728,0.0669564,0.127271,-0.989606,0.6,0,0,1.584,1.09303,3
-0.790507,-1.33531,11.0375,-0.25218,0.615533,0.0684656,-0.133314,0.079339,0.428898,-0.790507,-1.33531,11.0375,-0.25218,0.615533,0.0684656,-0.133314,0.079339,0.428898,-0.310342,-0.547486,-0.0221228,0.360957,-0.0406516,0.297346,0.120474,0.0236376,0.170253,0.29376,0.605779,0.769483,-0.05172,-0.0445629,0.183822,0.252502,0.217691,-0.016578,0.2618,-0.0874123,0.052296,0.038476,0.106838,-0.312021,-0.0461679,0.598166,0.00798208,-0.0532448,0.0554877,0,0,0,0,0,0,0,0,0,0,0,0,0,0,0,0,0,0,0,0,0,0,0,0,0,0,0,0,0,-0.667041,-0.0352566,-0.259209,0.50888,-0.000668877,0.162905,-0.0135603,0.444571,0.13196,0.0212635,-0.0124751,-0.171816,-0.0617812,0.0444211,0.0443145,0.22166,0.227805,-0.0197151,0.326856,-0.0615862,0.0439593,0.130327,0.092613,-0.178647,-0.00652734,0.666794,0.000690683,-0.0288383,0.0412461,1.86075,-0.542275,-0.750171,-2.46782,-0.424302,1.82655,0.596314,-0.540039,0.54815,-1.16226,2.69224,3.69487,0.49929,0.878876,-0.634761,-0.469109,-0.321748,-0.114567,-0.173301,-0.43922,0.313455,-0.998414,-0.674748,0.36236,0.346426,-0.188624,0.0631437,-0.118279,0.188682,1.53269,-17.8102,10.5169,-0.0383137,-1.62624,-1.59611,7.02587,-18.449,1.79225,26.6967,35.6481,8.93109,-0.233355,-4.27764,5.23937,0.492345,-0.0775177,-0.1781,-1.56672,0.041229,-0.380754,0.0501008,0.0623141,-2.44147,-0.733911,-1.09318,0.00805927,-0.255457,-0.0865025,0,0,0,0,0,0,0,0,0,0,0,0,0,0,0,0,0,0,0,0,0,0,0,0,0,0,0,0,0,2.55789,2.55789,2.55789,6.3088,6.3088,1.81445,2.55789,2.55789,1.81445,6.3088,6.3088,0.907223,0.907223,1.81445,1.81445,0.907223,0.907223,1.81445,1.81445,0.907223,0.907223,0.907223,0.907223,0.907223,0.907223,1.06814,1.06814,1.06814,1.06814,40.1792,40.1792,40.1792,99.0984,99.0984,28.5012,40.1792,40.1792,28.5012,99.0984,99.0984,14.2506,14.2506,28.5012,28.5012,14.2506,14.2506,28.5012,28.5012,14.2506,14.2506,14.2506,14.2506,14.2506,14.2506,16.7783,16.7783,16.7783,16.7783,0,0,0,0,0,0,0,0,0,0,0,0,0,0,0,0,0,0,0,0,0,0,0,0,0,0,0,0,0,0,0,0,0,0,0,0,0,0,0,0,0,0,0,0,0,0,0,0,0,0,0,0,0,0,0,0,0,0,0,0,0,0,0,0,0,0,0,0,0,0,0,0,0,0,0,0,0,0,0,0,0,0,0,0,0,0,0,0,0,0,0,0,0,0,0,0,0,0,0,0,0,0,0,0,0,0,0,0,0,0,0,0,0,0,0,0,0,-0.133314,0.079339,0.428898,0.119709,-0.212419,0.419133,0.0403377,-0.255419,-0.101608,-0.0377996,-0.105267,-0.117927,-0.128504,-0.0246158,0.0030275,0.789841,-0.199309,0.107141,-0.99989,0.04317,0.11924,-0.714687,-0.0404036,0.388194,0.087729,0.744793,-0.878462,-1.07009,0.919258,2.76272,0.677979,1.7545,-0.310342,-0.547486,-0.0221228,0.360957,-0.0406516,0.297346,0.120474,0.0236376,0.170253,0.29376,0.605779,0.769483,-0.05172,-0.0445629,0.183822,0.252502,0.217691,-0.016578,0.2618,-0.0874123,0.052296,0.038476,0.106838,-0.312021,-0.0461679,0.598166,0.00798208,-0.0532448,0.0554877,0.962,0.0792558,0.132501,-0.988009,0.6,0,0,1.584,1.09303,3
-1.50558,-2.34624,11.1827,-0.270112,0.757427,0.0733053,-0.138433,0.0939564,0.428357,-1.50558,-2.34624,11.1827,-0.270112,0.757427,0.0733053,-0.138433,0.0939564,0.428357,-0.065928,-0.498328,-0.0248837,0.391672,-0.00838562,0.385987,-0.0421102,0.126783,0.100899,0.428615,0.623576,0.781835,-0.0640581,-0.0833244,0.181787,0.274237,0.252935,0.0130552,0.2618,-0.0783286,0.0552501,0.00476652,0.183481,-0.310103,-0.0665555,0.607284,0.0100278,-0.0553881,0.0578382,0,0,0,0,0,0,0,0,0,0,0,0,0,0,0,0,0,0,0,0,0,0,0,0,0,0,0,0,0,-0.624134,-0.0393421,-0.275852,0.460898,-0.00875242,0.212806,-0.00587199,0.439867,0.13723,0.0125552,0.0473981,-0.0804672,-0.0559582,0.0560289,0.0245678,0.211601,0.219339,-0.0195794,0.322468,-0.0690366,0.0514772,0.106196,0.0785782,-0.170651,-0.00274949,0.662604,0.00236374,-0.0318419,0.0461682,2.26796,0.00723393,-0.90878,-2.22893,-0.364272,2.51614,0.172596,-0.0436706,0.0423544,0.119029,3.14953,5.29222,0.146606,0.408137,-1.14858,-0.484394,-0.443938,0.0148299,-0.236192,-0.324176,0.369106,-1.17236,-0.674635,0.426742,0.124991,-0.220303,0.0814786,-0.152026,0.234798,6.99384,-20.3558,12.4357,4.09287,-0.852377,-2.1125,4.52673,-16.551,0.801842,27.7681,36.2002,7.59732,-0.0887636,-3.61838,6.54503,1.02196,0.370255,0.0455596,-1.31805,0.0326017,-0.322611,0.0942252,1.0092,-2.38503,-0.730839,-0.853169,0.00746434,-0.198785,-0.0948662,0,0,0,0,0,0,0,0,0,0,0,0,0,0,0,0,0,0,0,0,0,0,0,0,0,0,0,0,0,2.55789,2.55789,2.55789,6.3088,6.3088,1.81445,2.55789,2.55789,1.81445,6.3088,6.3088,0.907223,0.907223,1.81445,1.81445,0.907223,0.907223,1.81445,1.81445,0.907223,0.907223,0.907223,0.907223,0.907223,0.907223,1.06814,1.06814,1.06814,1.06814,40.1792,40.1792,40.1792,99.0984,99.0984,28.5012,40.1792,40.1792,28.5012,99.0984,99.0984,14.2506,14.2506,28.5012,28.5012,14.2506,14.2506,28.5012,28.5012,14.2506,14.2506,14.2506,14.2506,14.2506,14.2506,16.7783,16.7783,16.7783,16.7783,0,0,0,0,0,0,0,0,0,0,0,0,0,0,0,0,0,0,0,0,0,0,0,0,0,0,0,0,0,0,0,0,0,0,0,0,0,0,0,0,0,0,0,0,0,0,0,0,0,0,0,0,0,0,0,0,0,0,0,0,0,0,0,0,0,0,0,0,0,0,0,0,0,0,0,0,0,0,0,0,0,0,0,0,0,0,0,0,0,0,0,0,0,0,0,0,0,0,0,0,0,0,0,0,0,0,0,0,0,0,0,0,0,0,0,0,0,-0.138433,0.0939564,0.428357,0.169267,-0.0376642,0.414492,0.120696,-0.251047,-0.189988,0.0297672,-0.151753,-0.146059,-0.100896,0.0977758,0.449408,0.492908,-0.178597,0.1346,-0.910112,0.231548,0.125976,-0.743456,-0.0454458,0.230061,0.0108681,0.776343,-0.790871,-0.685519,1.01127,2.81347,0.880088,1.78266,-0.065928,-0.498328,-0.0248837,0.391672,-0.00838562,0.385987,-0.0421102,0.126783,0.100899,0.428615,0.623576,0.781835,-0.0640581,-0.0833244,0.181787,0.274237,0.252935,0.0130552,0.2618,-0.0783286,0.0552501,0.00476652,0.183481,-0.310103,-0.0665555,0.607284,0.0100278,-0.0553881,0.0578382,0.705,0.0938182,0.137383,-0.986065,0.6,0,0,1.57044,1.08593,3
1.54071,-1.31076,8.57281,-0.209304,0.621548,0.0740478,-0.144631,0.114042,0.427329,1.54071,-1.31076,8.57281,-0.209304,0.621548,0.0740478,-0.144631,0.114042,0.427329,0.215311,-0.306222,-0.152309,0.434487,0.0116753,0.508877,-0.319767,0.263193,0.0411519,0.647219,0.474803,0.704535,-0.0763544,-0.185844,0.197231,0.278575,0.298591,0.0655496,0.2618,-0.0667884,0.0717535,-0.0473556,0.31884,-0.340498,-0.0878706,0.615732,0.0101493,-0.0502545,0.0497344,0,0,0,0,0,0,0,0,0,0,0,0,0,0,0,0,0,0,0,0,0,0,0,0,0,0,0,0,0,-0.553887,-0.0246327,-0.271419,0.416574,-0.010059,0.270757,-0.0182982,0.450388,0.127435,0.0592294,0.128385,0.0837628,-0.0610703,0.0560213,-0.0131693,0.200398,0.206051,-0.0146252,0.315817,-0.0730915,0.0595243,0.0709712,0.0647174,-0.160122,-0.00406335,0.653198,0.00465777,-0.0369523,0.0521397,3.05663,0.651907,0.649369,-1.25776,-0.0147957,1.09913,-0.838323,0.64296,-0.698337,2.64711,3.35402,7.11012,-0.276615,-0.270423,-1.47703,-0.28774,-0.487476,0.171824,-0.244706,-0.106085,0.253862,-1.21257,-0.320305,0.351956,-0.0992568,-0.388764,0.079361,-0.206661,0.18842,12.1541,-20.7425,8.38008,5.62464,0.273087,0.807073,1.01851,-14.5742,0.409935,20.8973,28.8988,3.80925,0.209081,-3.52653,8.2089,1.33923,1.10786,0.465195,-1.10803,0.0219342,-0.291604,0.157202,2.01566,-2.45483,-0.800528,-0.360657,0.00542814,-0.0916807,-0.106735,0,0,0,0,0,0,0,0,0,0,0,0,0,0,0,0,0,0,0,0,0,0,0,0,0,0,0,0,0,2.55789,2.55789,2.55789,6.3088,6.3088,1.81445,2.55789,2.55789,1.81445,6.3088,6.3088,0.907223,0.907223,1.81445,1.81445,0.907223,0.907223,1.81445,1.81445,0.907223,0.907223,0.907223,0.907223,0.907223,0.907223,1.06814,1.06814,1.06814,1.06814,40.1792,40.1792,40.1792,99.0984,99.0984,28.5012,40.1792,40.1792,28.5012,99.0984,99.0984,14.2506,14.2506,28.5012,28.5012,14.2506,14.2506,28.5012,28.5012,14.2506,14.2506,14.2506,14.2506,14.2506,14.2506,16.7783,16.7783,16.7783,16.7783,0,0,0,0,0,0,0,0,0,0,0,0,0,0,0,0,0,0,0,0,0,0,0,0,0,0,0,0,0,0,0,0,0,0,0,0,0,0,0,0,0,0,0,0,0,0,0,0,0,0,0,0,0,0,0,0,0,0,0,0,0,0,0,0,0,0,0,0,0,0,0,0,0,0,0,0,0,0,0,0,0,0,0,0,0,0,0,0,0,0,0,0,0,0,0,0,0,0,0,0,0,0,0,0,0,0,0,0,0,0,0,0,0,0,0,0,0,-0.144631,0.114042,0.427329,0.179159,0.270967,0.449706,0.224796,-0.32035,-0.423743,0.14946,-0.200354,-0.174096,-0.0881844,0.211171,0.963044,-0.0141846,-0.152284,0.13623,-0.559262,0.480677,0.163605,-0.674549,-0.278166,0.0938304,-0.107976,0.667568,-0.668775,-0.062113,1.06848,2.38921,1.16029,1.60641,0.215311,-0.306222,-0.152309,0.434487,0.0116753,0.508877,-0.319767,0.263193,0.0411519,0.647219,0.474803,0.704535,-0.0763544,-0.185844,0.197231,0.278575,0.298591,0.0655496,0.2618,-0.0667884,0.0717535,-0.0473556,0.31884,-0.340498,-0.0878706,0.615732,0.0101493,-0.0502545,0.0497344,0.799,0.109805,0.142001,-0.983757,0.6,0,0,1.57044,1.08593,3
-5.27892,-6.67212,6.9149,-0.209487,0.50746,0.0936022,-0.147159,0.121317,0.427337,-5.27892,-6.67212,6.9149,-0.209487,0.50746,0.0936022,-0.147159,0.121317,0.427337,0.318524,0.361216,-0.525451,0.512016,0.0200749,0.52,-0.619503,0.269942,0.0235364,0.873899,-0.087267,0.326354,-0.113404,-0.372389,0.238361,0.318783,0.345247,0.0753295,0.2618,-0.0580108,0.0503632,-0.157547,0.355482,-0.350916,-0.0491254,0.617058,0.00954371,-0.0207428,0.0315372,0,0,0,0,0,0,0,0,0,0,0,0,0,0,0,0,0,0,0,0,0,0,0,0,0,0,0,0,0,-0.50934,-0.019743,-0.27344,0.400884,-0.0097162,0.27841,-0.0448757,0.459393,0.11696,0.125038,0.161974,0.189736,-0.0711267,0.0540891,-0.0314461,0.197683,0.198999,-0.00787632,0.311112,-0.0727569,0.0644843,0.0481649,0.0635291,-0.155888,-0.00604896,0.644684,0.00562008,-0.0393932,0.0536196,3.09294,0.126055,-1.16745,-1.23498,-0.691165,0.398716,-2.58145,0.568722,-0.88626,5.92442,2.12286,7.58972,-0.931189,0.0773852,-1.29588,-0.213646,-0.399565,0.634279,-0.359042,0.0675483,0.375772,-1.74444,0.0287594,0.339522,-0.206726,-0.680143,0.0646521,-0.202917,0.0529427,21.2802,-11.7632,7.28306,10.2716,4.43326,5.8475,-4.99375,-9.37745,-0.721248,16.8679,18.7505,0.563628,0.74039,-6.81813,8.73269,1.32101,1.83305,1.00554,-0.785874,0.0260663,-0.231687,0.198692,3.63304,-2.90214,-1.00137,0.217531,0.00896348,0.0171892,-0.133174,0,0,0,0,0,0,0,0,0,0,0,0,0,0,0,0,0,0,0,0,0,0,0,0,0,0,0,0,0,2.55789,2.55789,2.55789,6.3088,6.3088,1.81445,2.55789,2.55789,1.81445,6.3088,6.3088,0.907223,0.907223,1.81445,1.81445,0.907223,0.907223,1.81445,1.81445,0.907223,0.907223,0.907223,0.907223,0.907223,0.907223,1.06814,1.06814,1.06814,1.06814,40.1792,40.1792,40.1792,99.0984,99.0984,28.5012,40.1792,40.1792,28.5012,99.0984,99.0984,14.2506,14.2506,28.5012,28.5012,14.2506,14.2506,28.5012,28.5012,14.2506,14.2506,14.2506,14.2506,14.2506,14.2506,16.7783,16.7783,16.7783,16.7783,0,0,0,0,0,0,0,0,0,0,0,0,0,0,0,0,0,0,0,0,0,0,0,0,0,0,0,0,0,0,0,0,0,0,0,0,0,0,0,0,0,0,0,0,0,0,0,0,0,0,0,0,0,0,0,0,0,0,0,0,0,0,0,0,0,0,0,0,0,0,0,0,0,0,0,0,0,0,0,0,0,0,0,0,0,0,0,0,0,0,0,0,0,0,0,0,0,0,0,0,0,0,0,0,0,0,0,0,0,0,0,0,0,0,0,0,0,-0.147159,0.121317,0.427337,0.270837,0.354514,0.543488,0.331177,-0.344105,-0.849084,0.171759,-0.112011,-0.258573,-0.145751,0.228962,1.15154,-0.561602,-0.13227,0.128102,0.659699,0.493003,0.114833,-0.278423,-0.959646,0.0536654,-0.359222,0.423314,-0.447679,0.58432,1.09244,-0.139648,1.41465,0.744119,0.318524,0.361216,-0.525451,0.512016,0.0200749,0.52,-0.619503,0.269942,0.0235364,0.873899,-0.087267,0.326354,-0.113404,-0.372389,0.238361,0.318783,0.345247,0.0753295,0.2618,-0.0580108,0.0503632,-0.157547,0.355482,-0.350916,-0.0491254,0.617058,0.00954371,-0.0207428,0.0315372,0.692,0.12102,0.14555,-0.981921,0.6,0,0,1.55349,1.08045,3
-0.648776,3.89814,2.74645,0.229305,0.230144,0.107098,-0.147163,0.128596,0.428441,-0.648776,3.89814,2.74645,0.229305,0.230144,0.107098,-0.147163,0.128596,0.428441,0.106597,0.733064,-0.663222,0.536446,-0.125165,0.52,-0.63759,-0.00951056,0.291417,1.03788,-0.087267,-0.201716,-0.165033,-0.380729,0.234611,0.317709,0.401288,0.0855349,0.2618,-0.0278804,0.105135,-0.0908264,0.357457,-0.26929,-0.0257827,0.613971,0.00357274,0.00669987,0.0133877,0,0,0,0,0,0,0,0,0,0,0,0,0,0,0,0,0,0,0,0,0,0,0,0,0,0,0,0,0,-0.467553,-0.00937513,-0.300953,0.383413,-0.0224328,0.281914,-0.126833,0.467265,0.0784094,0.306936,0.100246,0.266042,-0.0930651,0.0514191,-0.0487386,0.195288,0.194501,0.00485218,0.305188,-0.0695781,0.0665867,-0.0044112,0.0696559,-0.155831,-0.00396237,0.624741,0.00682684,-0.0379268,0.0496939,1.81105,0.642132,-1.74393,-0.431167,-0.796085,0.0105885,-4.30259,0.229229,-2.38209,9.74817,-2.93578,1.5727,-1.08882,-0.504535,-0.870543,-0.0569135,-0.13536,0.518444,-0.234767,0.163037,-0.015428,-2.731,0.445261,-0.308596,0.224742,-1.06388,0.046742,0.107329,-0.225646,27.2971,13.1653,-5.58659,15.9319,7.11615,6.7187,-8.86009,-8.56955,2.61153,-4.09424,0.0262217,-0.898563,0.652366,-11.3809,9.66508,1.83415,2.27036,1.04343,-0.790168,0.0174573,-0.225511,0.273974,3.70715,-2.57303,-0.834489,0.988858,-0.00583001,0.169609,-0.059059,0,0,0,0,0,0,0,0,0,0,0,0,0,0,0,0,0,0,0,0,0,0,0,0,0,0,0,0,0,2.55789,2.55789,2.55789,6.3088,6.3088,1.81445,2.55789,2.55789,1.81445,6.3088,6.3088,0.907223,0.907223,1.81445,1.81445,0.907223,0.907223,1.81445,1.81445,0.907223,0.907223,0.907223,0.907223,0.907223,0.907223,1.06814,1.06814,1.06814,1.06814,40.1792,40.1792,40.1792,99.0984,99.0984,28.5012,40.1792,40.1792,28.5012,99.0984,99.0984,14.2506,14.2506,28.5012,28.5012,14.2506,14.2506,28.5012,28.5012,14.2506,14.2506,14.2506,14.2506,14.2506,14.2506,16.7783,16.7783,16.7783,16.7783,0,0,0,0,0,0,0,0,0,0,0,0,0,0,0,0,0,0,0,0,0,0,0,0,0,0,0,0,0,0,0,0,0,0,0,0,0,0,0,0,0,0,0,0,0,0,0,0,0,0,0,0,0,0,0,0,0,0,0,0,0,0,0,0,0,0,0,0,0,0,0,0,0,0,0,0,0,0,0,0,0,0,0,0,0,0,0,0,0,0,0,0,0,0,0,0,0,0,0,0,0,0,0,0,0,0,0,0,0,0,0,0,0,0,0,0,0,-0.147163,0.128596,0.428441,0.268388,0.359017,0.534937,0.458958,-0.157989,-0.8681,0.195028,-0.0587872,-0.376292,-0.117406,0.18753,0.764497,-0.594635,-0.0635701,0.0479557,1.33882,-0.0173694,0.239719,0.0899301,-1.21126,0.664459,-0.207093,0.179699,-0.378012,1.05195,0.678248,-1.73959,1.23801,-0.459932,0.106597,0.733064,-0.663222,0.536446,-0.125165,0.52,-0.63759,-0.00951056,0.291417,1.03788,-0.087267,-0.201716,-0.165033,-0.380729,0.234611,0.317709,0.401288,0.0855349,0.2618,-0.0278804,0.105135,-0.0908264,0.357457,-0.26929,-0.0257827,0.613971,0.00357274,0.00669987,0.0133877,0.613,0.128242,0.145421,-0.981023,0.6,0,0,1.55349,1.08045,3
-0.742246,0.303571,6.3044,0.619557,-0.371578,0.0436445,-0.137803,0.12572,0.430204,-0.742246,0.303571,6.3044,0.619557,-0.371578,0.0436445,-0.137803,0.12572,0.430204,-0.117183,0.747475,-0.531247,0.384359,-0.259547,0.39394,-0.597075,-0.0252717,0.33614,1.02828,-0.087267,-0.357505,-0.173562,-0.170939,0.130147,0.251347,0.343007,0.0841794,0.2618,-0.000927095,0.0447864,0.00781641,0.348703,-0.33708,-0.0873414,0.601841,-0.000170208,0.00228032,0.00248761,0,0,0,0,0,0,0,0,0,0,0,0,0,0,0,0,0,0,0,0,0,0,0,0,0,0,0,0,0,-0.444794,0.0090213,-0.321067,0.393276,-0.0550413,0.27966,-0.218664,0.472339,0.0532959,0.504649,0.0502041,0.191429,-0.119361,0.0368833,-0.0538131,0.199249,0.195207,0.0118327,0.300616,-0.0602464,0.0765489,-0.037986,0.0834097,-0.163958,-0.000670125,0.607061,0.00611472,-0.0307359,0.0416651,0.843272,1.04733,-0.38882,1.01283,-1.60977,-0.163909,-4.36378,0.104786,-0.660344,9.28636,-2.11597,-5.89952,-1.29491,-0.89921,-0.0672538,0.308053,0.157687,0.335515,-0.108313,0.505249,0.674899,-1.17063,0.804937,-0.431057,0.059897,-0.651971,-0.0473069,0.420251,-0.429924,20.0245,26.4886,-12.5757,8.53832,3.15232,7.12997,-5.70685,-19.7859,8.05847,-5.43639,-0.244861,-0.49814,0.521674,-10.3944,8.32584,1.42898,2.82119,1.52172,-0.851298,0.00525406,-0.18183,0.330606,3.21303,-1.12473,-0.432453,0.853787,0.00827856,0.188921,-0.0211494,0,0,0,0,0,0,0,0,0,0,0,0,0,0,0,0,0,0,0,0,0,0,0,0,0,0,0,0,0,2.55789,2.55789,2.55789,6.3088,6.3088,1.81445,2.55789,2.55789,1.81445,6.3088,6.3088,0.907223,0.907223,1.81445,1.81445,0.907223,0.907223,1.81445,1.81445,0.907223,0.907223,0.907223,0.907223,0.907223,0.907223,1.06814,1.06814,1.06814,1.06814,40.1792,40.1792,40.1792,99.0984,99.0984,28.5012,40.1792,40.1792,28.5012,99.0984,99.0984,14.2506,14.2506,28.5012,28.5012,14.2506,14.2506,28.5012,28.5012,14.2506,14.2506,14.2506,14.2506,14.2506,14.2506,16.7783,16.7783,16.7783,16.7783,0,0,0,0,0,0,0,0,0,0,0,0,0,0,0,0,0,0,0,0,0,0,0,0,0,0,0,0,0,0,0,0,0,0,0,0,0,0,0,0,0,0,0,0,0,0,0,0,0,0,0,0,0,0,0,0,0,0,0,0,0,0,0,0,0,0,0,0,0,0,0,0,0,0,0,0,0,0,0,0,0,0,0,0,0,0,0,0,0,0,0,0,0,0,0,0,0,0,0,0,0,0,0,0,0,0,0,0,0,0,0,0,0,0,0,0,0,-0.137803,0.12572,0.430204,0.117077,0.339058,0.296748,0.32607,-0.312555,-0.389759,0.191937,-0.199147,-0.395738,-0.0812015,0.0247045,0.3558,-0.520641,-0.00211387,-0.00228464,1.36513,-0.0461544,0.102117,0.030608,-0.970233,0.766433,0.0178222,0.0333904,-0.811726,1.02457,0.295023,-1.60993,0.898221,-0.815147,-0.117183,0.747475,-0.531247,0.384359,-0.259547,0.39394,-0.597075,-0.0252717,0.33614,1.02828,-0.087267,-0.357505,-0.173562,-0.170939,0.130147,0.251347,0.343007,0.0841794,0.2618,-0.000927095,0.0447864,0.00781641,0.348703,-0.33708,-0.0873414,0.601841,-0.000170208,0.00228032,0.00248761,1.033,0.125389,0.136283,-0.982702,0.6,0,0,1.54656,0.567989,3
0.666773,-2.31628,7.79155,0.535288,-0.693431,0.083953,-0.125987,0.114645,0.432908,0.666773,-2.31628,7.79155,0.535288,-0.693431,0.083953,-0.125987,0.114645,0.432908,-0.266635,0.637011,-0.428663,0.311169,-0.274878,0.30861,-0.562303,0.170271,0.241267,0.984233,-0.087267,-0.309034,-0.189366,-0.113172,0.041906,0.254925,0.206005,0.0565449,0.2618,0.00887242,-0.0114018,0.0110428,0.30841,-0.442502,-0.130651,0.597256,0.00119014,-0.00584944,0.00367937,0,0,0,0,0,0,0,0,0,0,0,0,0,0,0,0,0,0,0,0,0,0,0,0,0,0,0,0,0,-0.426389,0.03096,-0.309321,0.410381,-0.0894363,0.274746,-0.295073,0.463867,0.0547162,0.66236,0.0145699,0.0529646,-0.149856,0.0271699,-0.0514227,0.207806,0.201809,0.019831,0.301752,-0.0454654,0.0781941,-0.0362955,0.103729,-0.168933,-0.00550668,0.60047,0.00434507,-0.0233414,0.0330351,0.983237,1.04534,1.09938,0.703357,-1.67385,-0.277022,-3.39472,-0.876828,0.479354,6.70019,-1.54884,-6.92886,-1.64126,-0.189898,0.248924,0.506758,0.434592,0.517175,0.0945293,0.737045,-0.154845,0.550722,1.19843,-0.161102,-0.402697,-0.143696,-0.0810955,0.350931,-0.420088,10.0105,26.1317,-11.5094,-6.97897,-6.43781,3.88607,-3.48825,-17.7278,7.27067,-6.31112,-0.336687,0.360495,1.10306,-5.24353,4.7698,0.185691,1.64928,0.961582,-1.30352,-0.0319798,-0.351144,0.164168,2.47161,-2.2512,-0.827908,0.204074,0.0123992,0.0636309,-0.0710376,0,0,0,0,0,0,0,0,0,0,0,0,0,0,0,0,0,0,0,0,0,0,0,0,0,0,0,0,0,2.55789,2.55789,2.55789,6.3088,6.3088,1.81445,2.55789,2.55789,1.81445,6.3088,6.3088,0.907223,0.907223,1.81445,1.81445,0.907223,0.907223,1.81445,1.81445,0.907223,0.907223,0.907223,0.907223,0.907223,0.907223,1.06814,1.06814,1.06814,1.06814,40.1792,40.1792,40.1792,99.0984,99.0984,28.5012,40.1792,40.1792,28.5012,99.0984,99.0984,14.2506,14.2506,28.5012,28.5012,14.2506,14.2506,28.5012,28.5012,14.2506,14.2506,14.2506,14.2506,14.2506,14.2506,16.7783,16.7783,16.7783,16.7783,0,0,0,0,0,0,0,0,0,0,0,0,0,0,0,0,0,0,0,0,0,0,0,0,0,0,0,0,0,0,0,0,0,0,0,0,0,0,0,0,0,0,0,0,0,0,0,0,0,0,0,0,0,0,0,0,0,0,0,0,0,0,0,0,0,0,0,0,0,0,0,0,0,0,0,0,0,0,0,0,0,0,0,0,0,0,0,0,0,0,0,0,0,0,0,0,0,0,0,0,0,0,0,0,0,0,0,0,0,0,0,0,0,0,0,0,0,-0.125987,0.114645,0.432908,0.125234,0.247186,0.0955498,0.0136919,-0.552929,-0.258043,0.128928,-0.297898,-0.431773,-0.0256856,-0.0368284,0.0828517,-0.457136,0.02023,0.0159748,1.16339,0.310971,-0.0259972,-0.078515,-0.78288,0.550112,0.0251786,0.0493869,-1.02045,0.898967,0.251304,-1.30929,0.70366,-0.704628,-0.266635,0.637011,-0.428663,0.311169,-0.274878,0.30861,-0.562303,0.170271,0.241267,0.984233,-0.087267,-0.309034,-0.189366,-0.113172,0.041906,0.254925,0.206005,0.0565449,0.2618,0.00887242,-0.0114018,0.0110428,0.30841,-0.442502,-0.130651,0.597256,0.00119014,-0.00584944,0.00367937,0.581,0.114394,0.124829,-0.985562,0.6,0,0,1.55361,0.567459,3
-1.09843,-1.92129,7.76014,0.466437,-0.689578,0.182764,-0.115632,0.10084,0.437395,-1.09843,-1.92129,7.76014,0.466437,-0.689578,0.182764,-0.115632,0.10084,0.437395,-0.380505,0.567047,-0.330158,0.358396,-0.281894,0.306276,-0.481471,0.299537,0.189477,0.921325,-0.087267,-0.277884,-0.204234,-0.13503,-0.0170967,0.302024,0.156509,0.0347752,0.2618,0.0151685,0.0324655,-0.01153,0.297866,-0.481721,-0.121386,0.597832,0.00362345,-0.00179922,0.00552198,0,0,0,0,0,0,0,0,0,0,0,0,0,0,0,0,0,0,0,0,0,0,0,0,0,0,0,0,0,-0.407202,0.0510202,-0.283363,0.420854,-0.117536,0.261142,-0.354073,0.439553,0.0699798,0.764613,-0.0116041,-0.0583503,-0.181944,0.0267478,-0.0453396,0.219068,0.210068,0.031215,0.303775,-0.0304394,0.0639661,-0.0234925,0.13063,-0.173878,-0.0151175,0.601204,0.00337426,-0.0183637,0.0267595,0.922143,0.941005,1.37589,0.442662,-1.24494,-0.858092,-2.66019,-1.44877,0.927161,4.02461,-1.15557,-4.5805,-1.55042,0.0799621,0.302343,0.585271,0.381852,0.571594,0.0250883,0.68113,-0.896429,0.63225,1.43449,-0.353264,-0.512118,0.135934,-0.0360544,0.216058,-0.262838,3.34477,21.1593,-9.24572,-13.6123,-7.81226,2.83702,-1.63596,-7.35351,3.29707,-4.08437,-0.232892,0.617197,1.27192,-4.10113,1.93952,-0.00433465,-0.397693,-0.293794,-1.27522,-0.0590924,-0.286165,-0.0747175,1.28606,-3.54106,-1.19896,-0.189411,0.00212755,-0.0150013,-0.107891,0,0,0,0,0,0,0,0,0,0,0,0,0,0,0,0,0,0,0,0,0,0,0,0,0,0,0,0,0,2.55789,2.55789,2.55789,6.3088,6.3088,1.81445,2.55789,2.55789,1.81445,6.3088,6.3088,0.907223,0.907223,1.81445,1.81445,0.907223,0.907223,1.81445,1.81445,0.907223,0.907223,0.907223,0.907223,0.907223,0.907223,1.06814,1.06814,1.06814,1.06814,40.1792,40.1792,40.1792,99.0984,99.0984,28.5012,40.1792,40.1792,28.5012,99.0984,99.0984,14.2506,14.2506,28.5012,28.5012,14.2506,14.2506,28.5012,28.5012,14.2506,14.2506,14.2506,14.2506,14.2506,14.2506,16.7783,16.7783,16.7783,16.7783,0,0,0,0,0,0,0,0,0,0,0,0,0,0,0,0,0,0,0,0,0,0,0,0,0,0,0,0,0,0,0,0,0,0,0,0,0,0,0,0,0,0,0,0,0,0,0,0,0,0,0,0,0,0,0,0,0,0,0,0,0,0,0,0,0,0,0,0,0,0,0,0,0,0,0,0,0,0,0,0,0,0,0,0,0,0,0,0,0,0,0,0,0,0,0,0,0,0,0,0,0,0,0,0,0,0,0,0,0,0,0,0,0,0,0,0,0,-0.115632,0.10084,0.437395,0.232626,0.223145,-0.0389823,-0.0991632,-0.642353,-0.307883,0.079291,-0.276772,-0.465673,0.0597394,-0.0291033,-0.125112,-0.309509,0.0345857,0.0486364,1.03562,0.547052,0.0740246,-0.0241504,-0.602976,0.432026,-0.0262895,0.0741197,-0.885766,0.719568,0.231294,-1.11222,0.698341,-0.633603,-0.380505,0.567047,-0.330158,0.358396,-0.281894,0.306276,-0.481471,0.299537,0.189477,0.921325,-0.087267,-0.277884,-0.204234,-0.13503,-0.0170967,0.302024,0.156509,0.0347752,0.2618,0.0151685,0.0324655,-0.01153,0.297866,-0.481721,-0.121386,0.597832,0.00362345,-0.00179922,0.00552198,0.671,0.100669,0.114789,-0.988276,0.6,0,0,1.55361,0.567459,3
-2.10946,-1.35359,7.07596,0.526923,-0.462542,0.232314,-0.105043,0.0901452,0.443073,-2.10946,-1.35359,7.07596,0.526923,-0.462542,0.232314,-0.105043,0.0901452,0.443073,-0.552124,0.396102,-0.256067,0.381481,-0.429454,0.267562,-0.196046,0.15652,0.149315,0.686867,-0.087267,-0.224456,-0.212079,-0.151951,-0.0296191,0.348617,0.152574,-0.00437119,0.2618,0.00644634,0.11069,0.0160179,0.207577,-0.36794,-0.0299905,0.589125,0.00288591,-0.00655693,0.00792519,0,0,0,0,0,0,0,0,0,0,0,0,0,0,0,0,0,0,0,0,0,0,0,0,0,0,0,0,0,-0.392609,0.071133,-0.255816,0.437879,-0.145091,0.246393,-0.397303,0.410563,0.0911284,0.816533,-0.031138,-0.128033,-0.208943,0.0243144,-0.0431869,0.230437,0.216072,0.0398102,0.300254,-0.0175861,0.0550112,-0.0163549,0.159665,-0.186761,-0.0225332,0.604448,0.00343444,-0.0135416,0.0224661,0.623986,1.02527,1.3305,1.05349,-1.31055,-0.775172,-1.85553,-1.44327,1.17295,1.74468,-0.871532,-2.78738,-1.22513,-0.23352,-0.0331727,0.555243,0.236498,0.319505,-0.230422,0.569818,-0.265041,0.216882,1.43366,-0.841814,-0.297834,0.214413,0.00582109,0.241462,-0.170815,-1.09333,17.368,-6.32098,-14.1803,-5.37267,3.04192,1.33535,-0.898954,0.785877,-1.08506,-0.0884092,0.421686,1.16385,-4.14619,0.754172,0.530434,-1.06788,-0.737678,-0.68855,-0.0515206,-0.0761368,-0.136424,0.701888,-3.49261,-1.14216,-0.31558,-0.00413188,-0.054242,-0.0988273,0,0,0,0,0,0,0,0,0,0,0,0,0,0,0,0,0,0,0,0,0,0,0,0,0,0,0,0,0,2.55789,2.55789,2.55789,6.3088,6.3088,1.81445,2.55789,2.55789,1.81445,6.3088,6.3088,0.907223,0.907223,1.81445,1.81445,0.907223,0.907223,1.81445,1.81445,0.907223,0.907223,0.907223,0.907223,0.907223,0.907223,1.06814,1.06814,1.06814,1.06814,40.1792,40.1792,40.1792,99.0984,99.0984,28.5012,40.1792,40.1792,28.5012,99.0984,99.0984,14.2506,14.2506,28.5012,28.5012,14.2506,14.2506,28.5012,28.5012,14.2506,14.2506,14.2506,14.2506,14.2506,14.2506,16.7783,16.7783,16.7783,16.7783,0,0,0,0,0,0,0,0,0,0,0,0,0,0,0,0,0,0,0,0,0,0,0,0,0,0,0,0,0,0,0,0,0,0,0,0,0,0,0,0,0,0,0,0,0,0,0,0,0,0,0,0,0,0,0,0,0,0,0,0,0,0,0,0,0,0,0,0,0,0,0,0,0,0,0,0,0,0,0,0,0,0,0,0,0,0,0,0,0,0,0,0,0,0,0,0,0,0,0,0,0,0,0,0,0,0,0,0,0,0,0,0,0,0,0,0,0,-0.105043,0.0901452,0.443073,0.338861,0.0172765,-0.0675345,-0.108137,-0.382919,-0.346463,-0.00996675,-0.0683813,-0.48356,-0.0505718,-0.145977,-0.438546,0.21177,0.0146983,0.0387366,0.723413,0.285858,0.252383,-0.0880114,-0.467663,0.340452,0.0365225,0.106377,-0.819933,0.0509531,-0.18951,-0.758853,0.610068,-0.511783,-0.552124,0.396102,-0.256067,0.381481,-0.429454,0.267562,-0.196046,0.15652,0.149315,0.686867,-0.087267,-0.224456,-0.212079,-0.151951,-0.0296191,0.348617,0.152574,-0.00437119,0.2618,0.00644634,0.11069,0.0160179,0.207577,-0.36794,-0.0299905,0.589125,0.00288591,-0.00655693,0.00792519,0.694,0.0900232,0.104424,-0.99045,0.6,0,0,1.57815,1.11938,3
0.440555,-3.00283,5.93249,0.520263,-0.33957,0.105703,-0.092838,0.0832001,0.447543,0.440555,-3.00283,5.93249,0.520263,-0.33957,0.105703,-0.092838,0.0832001,0.447543,-0.743956,0.0956925,-0.0934462,0.424414,-0.627746,0.183625,0.230143,0.0835255,0.108901,0.420547,-0.087267,-0.107349,-0.200701,-0.123757,-0.0366784,0.394218,0.190066,-0.0283692,0.2618,0.0105696,0.178942,0.0760743,0.0652366,-0.29416,0.0373224,0.575766,-0.00071422,-0.0212616,0.00958567,0,0,0,0,0,0,0,0,0,0,0,0,0,0,0,0,0,0,0,0,0,0,0,0,0,0,0,0,0,-0.379783,0.0945742,-0.225899,0.475317,-0.198038,0.239188,-0.408207,0.367108,0.105435,0.796193,-0.0466544,-0.166463,-0.218734,0.0141368,-0.0543843,0.243046,0.222287,0.037557,0.293099,-0.00950004,0.0666292,-0.00522336,0.186207,-0.208424,-0.0211442,0.614139,0.00337446,-0.00836759,0.0180432,0.514266,1.07262,1.47424,1.71747,-2.23511,-0.26075,0.13324,-2.36373,0.411692,-2.17056,-0.665902,-1.15903,0.0252389,-0.431852,-0.586335,0.678848,0.292883,-0.269343,-0.307573,0.28577,0.768432,0.487992,1.11151,-0.996055,0.25552,0.516845,-0.0123459,0.257664,-0.154815,-8.25979,9.41681,-4.80524,-19.94,-8.80796,1.23197,8.3093,-2.75655,0.517527,1.93284,0.127727,0.257553,0.126815,-3.90262,1.76611,0.930668,-1.2526,-0.735785,-0.327749,-0.0326499,-0.0516632,-0.147733,-0.679427,-1.38592,-0.338098,-0.954461,0.00348426,-0.234593,0.00259681,0,0,0,0,0,0,0,0,0,0,0,0,0,0,0,0,0,0,0,0,0,0,0,0,0,0,0,0,0,2.55789,2.55789,2.55789,6.3088,6.3088,1.81445,2.55789,2.55789,1.81445,6.3088,6.3088,0.907223,0.907223,1.81445,1.81445,0.907223,0.907223,1.81445,1.81445,0.907223,0.907223,0.907223,0.907223,0.907223,0.907223,1.06814,1.06814,1.06814,1.06814,40.1792,40.1792,40.1792,99.0984,99.0984,28.5012,40.1792,40.1792,28.5012,99.0984,99.0984,14.2506,14.2506,28.5012,28.5012,14.2506,14.2506,28.5012,28.5012,14.2506,14.2506,14.2506,14.2506,14.2506,14.2506,16.7783,16.7783,16.7783,16.7783,0,0,0,0,0,0,0,0,0,0,0,0,0,0,0,0,0,0,0,0,0,0,0,0,0,0,0,0,0,0,0,0,0,0,0,0,0,0,0,0,0,0,0,0,0,0,0,0,0,0,0,0,0,0,0,0,0,0,0,0,0,0,0,0,0,0,0,0,0,0,0,0,0,0,0,0,0,0,0,0,0,0,0,0,0,0,0,0,0,0,0,0,0,0,0,0,0,0,0,0,0,0,0,0,0,0,0,0,0,0,0,0,0,0,0,0,0,-0.092838,0.0832001,0.447543,0.442836,-0.307274,-0.0836304,-0.0226499,-0.214695,-0.282179,-0.0646845,0.0850987,-0.457619,-0.132455,-0.325282,-0.788893,0.990131,0.0240996,-0.00958673,0.174766,0.152545,0.408004,-0.285387,-0.170664,0.248305,0.173457,0.128665,-0.697499,-0.708527,-0.754991,-0.0986275,0.418683,-0.244766,-0.743956,0.0956925,-0.0934462,0.424414,-0.627746,0.183625,0.230143,0.0835255,0.108901,0.420547,-0.087267,-0.107349,-0.200701,-0.123757,-0.0366784,0.394218,0.190066,-0.0283692,0.2618,0.0105696,0.178942,0.0760743,0.0652366,-0.29416,0.0373224,0.575766,-0.00071422,-0.0212616,0.00958567,0.844,0.0837583,0.0934341,-0.992096,0.6,0,0,1.57815,1.11938,3
2.98017,-4.66637,4.70825,0.379795,-0.32812,-0.162056,-0.0848429,0.078644,0.447084,2.98017,-4.66637,4.70825,0.379795,-0.32812,-0.162056,-0.0848429,0.078644,0.447084,-0.812373,-0.0333838,-0.0122436,0.508255,-0.829625,0.123642,0.347584,0.223614,0.102933,0.287666,-0.087267,0.0267103,-0.183132,-0.0358278,-0.0799063,0.34682,0.226934,-0.029059,0.2618,0.0158413,0.157246,0.118769,-0.0522771,-0.358687,0.0344292,0.569825,-0.00420144,-0.0370859,0.0123641,0,0,0,0,0,0,0,0,0,0,0,0,0,0,0,0,0,0,0,0,0,0,0,0,0,0,0,0,0,-0.365818,0.107186,-0.20159,0.518445,-0.276655,0.228668,-0.377237,0.312556,0.110345,0.716431,-0.0563077,-0.165085,-0.204377,0.0103718,-0.0760707,0.256684,0.229835,0.0282623,0.286687,-0.00440183,0.0899329,0.0134589,0.198956,-0.224323,-0.0111977,0.627982,0.00242495,-0.00524267,0.015106,0.890326,0.446922,1.44169,2.2552,-4.31922,-0.69091,2.49182,-3.49387,0.253735,-5.53017,-0.540864,0.716345,1.26735,0.122211,-1.28537,0.924293,0.509723,-0.605677,-0.332978,0.265027,1.46366,1.14247,0.537514,-0.750562,0.736809,0.814184,-0.063632,0.182885,-0.124793,-17.4427,-1.73092,0.88845,-23.5688,-7.60697,-0.0881699,18.3913,-0.777572,-0.449769,4.00771,0.263177,0.254221,-0.99269,-3.8371,3.4843,1.19385,-0.999165,-0.54916,-0.0907038,-0.0264889,-0.0280685,-0.139569,-2.38761,-0.297502,0.0643908,-1.73809,0.0135961,-0.452169,0.0503466,0,0,0,0,0,0,0,0,0,0,0,0,0,0,0,0,0,0,0,0,0,0,0,0,0,0,0,0,0,2.55789,2.55789,2.55789,6.3088,6.3088,1.81445,2.55789,2.55789,1.81445,6.3088,6.3088,0.907223,0.907223,1.81445,1.81445,0.907223,0.907223,1.81445,1.81445,0.907223,0.907223,0.907223,0.907223,0.907223,0.907223,1.06814,1.06814,1.06814,1.06814,40.1792,40.1792,40.1792,99.0984,99.0984,28.5012,40.1792,40.1792,28.5012,99.0984,99.0984,14.2506,14.2506,28.5012,28.5012,14.2506,14.2506,28.5012,28.5012,14.2506,14.2506,14.2506,14.2506,14.2506,14.2506,16.7783,16.7783,16.7783,16.7783,0,0,0,0,0,0,0,0,0,0,0,0,0,0,0,0,0,0,0,0,0,0,0,0,0,0,0,0,0,0,0,0,0,0,0,0,0,0,0,0,0,0,0,0,0,0,0,0,0,0,0,0,0,0,0,0,0,0,0,0,0,0,0,0,0,0,0,0,0,0,0,0,0,0,0,0,0,0,0,0,0,0,0,0,0,0,0,0,0,0,0,0,0,0,0,0,0,0,0,0,0,0,0,0,0,0,0,0,0,0,0,0,0,0,0,0,0,-0.0848429,0.078644,0.447084,0.334764,-0.575217,-0.182194,0.0614131,-0.361822,-0.081691,-0.0662574,0.0785019,-0.417559,-0.188435,-0.405027,-0.913846,1.20462,0.0361198,-0.0563945,-0.0609699,0.408393,0.358537,-0.497791,-0.0223609,0.234697,0.270805,0.165959,-0.458404,-1.08747,-1.3307,0.0701014,0.281916,0.060902,-0.812373,-0.0333838,-0.0122436,0.508255,-0.829625,0.123642,0.347584,0.223614,0.102933,0.287666,-0.087267,0.0267103,-0.183132,-0.0358278,-0.0799063,0.34682,0.226934,-0.029059,0.2618,0.0158413,0.157246,0.118769,-0.0522771,-0.358687,0.0344292,0.569825,-0.00420144,-0.0370859,0.0123641,0.873,0.078563,0.0844793,-0.993323,0.6,0,0,1.59091,1.13909,3
1.11265,-5.97639,9.07145,0.123802,-0.513429,-0.331098,-0.0803859,0.070013,0.441901,1.11265,-5.97639,9.07145,0.123802,-0.513429,-0.331098,-0.0803859,0.070013,0.441901,-0.771496,-0.0458176,0.11139,0.915965,-0.91211,0.0782591,0.230578,0.054678,0.31695,0.0446987,-0.087267,0.068809,-0.149953,0.146058,-0.0889808,0.33376,0.36562,-0.00975367,0.2618,0.0236932,0.0706537,0.163424,-0.119211,-0.345868,0.0222229,0.565547,-0.00665065,-0.0544464,0.0160959,0,0,0,0,0,0,0,0,0,0,0,0,0,0,0,0,0,0,0,0,0,0,0,0,0,0,0,0,0,-0.35166,0.110463,-0.17162,0.576043,-0.401066,0.20738,-0.313382,0.242556,0.127822,0.595072,-0.0744969,-0.116941,-0.168911,0.0230578,-0.101723,0.277996,0.242766,0.0161991,0.283047,0.00114327,0.112036,0.0412985,0.203873,-0.23589,0.00692656,0.645632,0.00055207,-0.00435694,0.0143872,0.526524,0.252164,1.40798,2.76056,-5.73533,-1.11731,3.53476,-2.77623,1.30349,-4.73077,-3.13573,5.03754,2.23616,0.791145,-1.11251,1.12885,0.731999,-0.546874,-0.0265361,0.259995,0.893803,1.35184,0.0986494,-0.400216,0.92846,0.876126,-0.0943603,-0.00609461,0.0068604,-20.003,-6.01186,2.60823,-23.7683,-6.18549,-0.374351,18.0397,7.33943,-2.95697,3.20183,12.807,-1.44662,-2.02231,-3.25774,2.6686,-0.0300216,-0.861863,-0.292008,-0.409687,-0.0242482,-0.174525,-0.121203,-3.76198,-1.3425,-0.44858,-2.14809,0.0199404,-0.554675,-0.0395765,0,0,0,0,0,0,0,0,0,0,0,0,0,0,0,0,0,0,0,0,0,0,0,0,0,0,0,0,0,2.55789,2.55789,2.55789,6.3088,6.3088,1.81445,2.55789,2.55789,1.81445,6.3088,6.3088,0.907223,0.907223,1.81445,1.81445,0.907223,0.907223,1.81445,1.81445,0.907223,0.907223,0.907223,0.907223,0.907223,0.907223,1.06814,1.06814,1.06814,1.06814,40.1792,40.1792,40.1792,99.0984,99.0984,28.5012,40.1792,40.1792,28.5012,99.0984,99.0984,14.2506,14.2506,28.5012,28.5012,14.2506,14.2506,28.5012,28.5012,14.2506,14.2506,14.2506,14.2506,14.2506,14.2506,16.7783,16.7783,16.7783,16.7783,0,0,0,0,0,0,0,0,0,0,0,0,0,0,0,0,0,0,0,0,0,0,0,0,0,0,0,0,0,0,0,0,0,0,0,0,0,0,0,0,0,0,0,0,0,0,0,0,0,0,0,0,0,0,0,0,0,0,0,0,0,0,0,0,0,0,0,0,0,0,0,0,0,0,0,0,0,0,0,0,0,0,0,0,0,0,0,0,0,0,0,0,0,0,0,0,0,0,0,0,0,0,0,0,0,0,0,0,0,0,0,0,0,0,0,0,0,-0.0803859,0.070013,0.441901,0.304986,-0.727832,-0.202885,0.377629,-0.332594,0.333026,-0.0222393,0.0506704,-0.341907,-0.251516,-0.462447,-0.839191,0.990926,0.0540229,-0.0892695,-0.0836781,0.09986,0.161097,-0.730815,0.203436,0.722676,0.372623,0.21605,0.704284,-1.78035,-1.56593,0.0901611,0.178439,0.156891,-0.771496,-0.0458176,0.11139,0.915965,-0.91211,0.0782591,0.230578,0.054678,0.31695,0.0446987,-0.087267,0.068809,-0.149953,0.146058,-0.0889808,0.33376,0.36562,-0.00975367,0.2618,0.0236932,0.0706537,0.163424,-0.119211,-0.345868,0.0222229,0.565547,-0.00665065,-0.0544464,0.0160959,0.709,0.0699558,0.0801026,-0.994329,0.6,0,0,1.59621,1.15171,3
-0.948851,0.621769,10.6279,0.0321675,-0.638719,-0.245413,-0.0791341,0.0568235,0.437196,-0.948851,0.621769,10.6279,0.0321675,-0.638719,-0.245413,-0.0791341,0.0568235,0.437196,-0.888211,-0.174512,0.227436,1.46147,-0.934539,-0.0443839,0.00657915,-0.112815,0.52,0.0364063,-0.087267,0.042904,-0.0650276,0.247726,-0.0720468,0.29612,0.463293,0.0227082,0.2618,0.0607538,-0.0326145,0.119564,-0.0859229,-0.301963,-0.0171837,0.555754,-0.00619349,-0.0663137,0.020391,0,0,0,0,0,0,0,0,0,0,0,0,0,0,0,0,0,0,0,0,0,0,0,0,0,0,0,0,0,-0.372971,0.140144,-0.15243,0.664884,-0.53526,0.182335,-0.227637,0.22967,0.149161,0.498945,-0.156531,-0.0429798,-0.105917,0.0181345,-0.110474,0.300895,0.255549,0.00519516,0.290639,0.00689724,0.112658,0.0723824,0.202979,-0.241697,0.0211641,0.665805,-0.00161473,-0.00712926,0.0157944,-1.96739,2.3352,1.1762,4.73909,-5.98044,-1.54333,4.61408,0.486719,0.459876,-5.45738,-3.8068,0.354481,3.45441,-0.80784,-0.0711745,1.13423,0.534719,-0.47287,0.421958,0.272697,-0.259913,1.50225,-0.191964,-0.229214,0.553826,0.989465,-0.0978218,-0.143819,0.0732756,-11.4192,-12.9368,7.95845,-4.6368,0.416951,-0.315294,6.99312,-7.83638,3.64453,-12.4033,31.0778,0.512941,-3.67229,4.95022,0.818421,-0.540524,1.07844,0.442868,-1.59949,-0.00771664,-0.376838,-0.0590465,-4.45199,-1.27305,-0.498797,-2.7354,0.0208349,-0.635614,-0.0756136,0,0,0,0,0,0,0,0,0,0,0,0,0,0,0,0,0,0,0,0,0,0,0,0,0,0,0,0,0,2.55789,2.55789,2.55789,6.3088,6.3088,1.81445,2.55789,2.55789,1.81445,6.3088,6.3088,0.907223,0.907223,1.81445,1.81445,0.907223,0.907223,1.81445,1.81445,0.907223,0.907223,0.907223,0.907223,0.907223,0.907223,1.06814,1.06814,1.06814,1.06814,40.1792,40.1792,40.1792,99.0984,99.0984,28.5012,40.1792,40.1792,28.5012,99.0984,99.0984,14.2506,14.2506,28.5012,28.5012,14.2506,14.2506,28.5012,28.5012,14.2506,14.2506,14.2506,14.2506,14.2506,14.2506,16.7783,16.7783,16.7783,16.7783,0,0,0,0,0,0,0,0,0,0,0,0,0,0,0,0,0,0,0,0,0,0,0,0,0,0,0,0,0,0,0,0,0,0,0,0,0,0,0,0,0,0,0,0,0,0,0,0,0,0,0,0,0,0,0,0,0,0,0,0,0,0,0,0,0,0,0,0,0,0,0,0,0,0,0,0,0,0,0,0,0,0,0,0,0,0,0,0,0,0,0,0,0,0,0,0,0,0,0,0,0,0,0,0,0,0,0,0,0,0,0,0,0,0,0,0,0,-0.0791341,0.0568235,0.437196,0.219164,-0.651933,-0.164274,0.600335,-0.232487,0.56484,0.0517771,-0.0391806,-0.14827,-0.22672,-0.593902,-1.05235,0.58183,0.138525,-0.0831331,-0.318716,-0.206037,-0.0743643,-0.890106,0.415373,1.38335,0.272617,0.273702,2.25992,-1.804,-1.62989,0.092753,-0.1012,0.0978254,-0.888211,-0.174512,0.227436,1.46147,-0.934539,-0.0443839,0.00657915,-0.112815,0.52,0.0364063,-0.087267,0.042904,-0.0650276,0.247726,-0.0720468,0.29612,0.463293,0.0227082,0.2618,0.0607538,-0.0326145,0.119564,-0.0859229,-0.301963,-0.0171837,0.555754,-0.00619349,-0.0663137,0.020391,0.622,0.0567929,0.0789239,-0.995261,0.6,0,0,1.59621,1.15171,3
-7.4824,0.467011,16.2184,0.0670473,-0.106907,-0.237186,-0.0775744,0.0471406,0.433686,-7.4824,0.467011,16.2184,0.0670473,-0.106907,-0.237186,-0.0775744,0.0471406,0.433686,-0.995202,-0.00198548,0.087873,1.59111,-0.748968,-0.107116,-0.0750911,-0.201449,0.52,0.14531,-0.087267,0.0846173,-0.046749,0.113494,-0.0137089,0.188974,0.423475,-0.00533676,0.2618,0.0648262,-0.0168331,0.161566,0.0485463,-0.337495,-0.0342137,0.562953,-0.00589247,-0.0620545,0.00842601,0,0,0,0,0,0,0,0,0,0,0,0,0,0,0,0,0,0,0,0,0,0,0,0,0,0,0,0,0,-0.456759,0.199977,-0.129323,0.831064,-0.642956,0.12739,-0.173776,0.259268,0.123432,0.410375,-0.185888,-0.0810039,-0.0453601,-0.0136399,-0.0985356,0.32092,0.260288,0.000692009,0.303238,0.0195867,0.0884444,0.0878767,0.195665,-0.245466,0.021262,0.680972,-0.00331153,-0.0117904,0.0184303,-4.59833,3.31694,1.09462,9.62344,-4.59382,-2.7243,1.61143,2.04255,-2.19552,-3.28699,0.54843,-1.81918,2.39694,-1.99224,0.263414,0.763425,0.0750099,-0.0857925,0.589392,0.666473,-1.45347,0.502342,-0.760489,-0.103182,-0.316906,0.705927,-0.0668607,-0.256642,0.0924404,-5.64033,-23.3596,11.6263,3.3922,0.159555,0.0522027,3.0229,-19.919,15.1288,-15.8142,8.11765,3.45522,-2.51449,11.0174,0.0334883,-1.0621,2.83408,0.798782,-2.31396,-0.0174731,-0.427306,-0.00833373,-3.42516,-0.679327,-0.297645,-2.83791,0.0246408,-0.63875,-0.077163,0,0,0,0,0,0,0,0,0,0,0,0,0,0,0,0,0,0,0,0,0,0,0,0,0,0,0,0,0,2.55789,2.55789,2.55789,6.3088,6.3088,1.81445,2.55789,2.55789,1.81445,6.3088,6.3088,0.907223,0.907223,1.81445,1.81445,0.907223,0.907223,1.81445,1.81445,0.907223,0.907223,0.907223,0.907223,0.907223,0.907223,1.06814,1.06814,1.06814,1.06814,40.1792,40.1792,40.1792,99.0984,99.0984,28.5012,40.1792,40.1792,28.5012,99.0984,99.0984,14.2506,14.2506,28.5012,28.5012,14.2506,14.2506,28.5012,28.5012,14.2506,14.2506,14.2506,14.2506,14.2506,14.2506,16.7783,16.7783,16.7783,16.7783,0,0,0,0,0,0,0,0,0,0,0,0,0,0,0,0,0,0,0,0,0,0,0,0,0,0,0,0,0,0,0,0,0,0,0,0,0,0,0,0,0,0,0,0,0,0,0,0,0,0,0,0,0,0,0,0,0,0,0,0,0,0,0,0,0,0,0,0,0,0,0,0,0,0,0,0,0,0,0,0,0,0,0,0,0,0,0,0,0,0,0,0,0,0,0,0,0,0,0,0,0,0,0,0,0,0,0,0,0,0,0,0,0,0,0,0,0,-0.0775744,0.0471406,0.433686,-0.0251399,-0.34533,-0.0312578,0.509546,-0.313501,0.258778,-0.0121684,-0.0780106,-0.106592,-0.34506,-0.497274,-1.24775,0.432674,0.14781,-0.0790926,-0.00362614,-0.367912,-0.0383811,-0.832936,0.160485,1.68635,0.368388,0.1131,2.62964,-1.49344,-1.10069,-0.228377,-0.244234,0.192936,-0.995202,-0.00198548,0.087873,1.59111,-0.748968,-0.107116,-0.0750911,-0.201449,0.52,0.14531,-0.087267,0.0846173,-0.046749,0.113494,-0.0137089,0.188974,0.423475,-0.00533676,0.2618,0.0648262,-0.0168331,0.161566,0.0485463,-0.337495,-0.0342137,0.562953,-0.00589247,-0.0620545,0.00842601,0.708,0.0471231,0.0774105,-0.995885,0.6,0,0,1.61303,1.15519,3
-1.71186,-1.69591,12.8228,-0.192747,-0.00708425,0.191433,-0.0788601,0.0454728,0.434151,-1.71186,-1.69591,12.8228,-0.192747,-0.00708425,0.191433,-0.0788601,0.0454728,0.434151,-1.00903,0.0394308,-0.0309115,1.58853,-0.58501,-0.112429,-0.177783,-0.291205,0.52,0.174948,-0.087267,0.0894294,-0.0111069,-0.0447383,-0.030951,0.156439,0.351655,-0.0350755,0.2618,0.0336045,-0.0686533,0.276541,0.0951071,-0.392092,-0.0637485,0.573877,-0.00411569,-0.055681,0.00617415,0,0,0,0,0,0,0,0,0,0,0,0,0,0,0,0,0,0,0,0,0,0,0,0,0,0,0,0,0,-0.563329,0.256494,-0.115541,1.04466,-0.675663,0.0611421,-0.164174,0.302583,0.0800026,0.363073,-0.163977,-0.108643,-0.0122162,-0.048627,-0.0852754,0.330335,0.265643,-0.00821172,0.313476,0.0326621,0.0654173,0.106287,0.185416,-0.245434,0.0113829,0.68485,-0.00425268,-0.0170386,0.0166512,-4.45752,1.8692,0.505087,9.09908,-1.08107,-2.73303,0.00197307,1.73921,-1.58719,-1.53516,1.03347,-0.946195,0.873245,-1.08773,0.592816,0.127913,0.315822,-0.411432,0.374801,0.514419,-0.823273,0.833192,-0.336814,0.0883555,-0.465271,-0.0702963,-0.0302077,-0.278074,-0.127679,-5.94594,-15.3881,6.95901,-2.79714,-0.44859,0.167305,3.52372,-24.7318,15.4853,-11.7537,1.18608,3.61937,-1.3486,6.74759,0.937245,-2.17754,1.98163,0.841616,-2.16026,-0.00914028,-0.422883,0.0335925,-1.65085,-1.37152,-0.231872,-1.99228,0.00543763,-0.471441,-0.00500763,0,0,0,0,0,0,0,0,0,0,0,0,0,0,0,0,0,0,0,0,0,0,0,0,0,0,0,0,0,2.55789,2.55789,2.55789,6.3088,6.3088,1.81445,2.55789,2.55789,1.81445,6.3088,6.3088,0.907223,0.907223,1.81445,1.81445,0.907223,0.907223,1.81445,1.81445,0.907223,0.907223,0.907223,0.907223,0.907223,0.907223,1.06814,1.06814,1.06814,1.06814,40.1792,40.1792,40.1792,99.0984,99.0984,28.5012,40.1792,40.1792,28.5012,99.0984,99.0984,14.2506,14.2506,28.5012,28.5012,14.2506,14.2506,28.5012,28.5012,14.2506,14.2506,14.2506,14.2506,14.2506,14.2506,16.7783,16.7783,16.7783,16.7783,0,0,0,0,0,0,0,0,0,0,0,0,0,0,0,0,0,0,0,0,0,0,0,0,0,0,0,0,0,0,0,0,0,0,0,0,0,0,0,0,0,0,0,0,0,0,0,0,0,0,0,0,0,0,0,0,0,0,0,0,0,0,0,0,0,0,0,0,0,0,0,0,0,0,0,0,0,0,0,0,0,0,0,0,0,0,0,0,0,0,0,0,0,0,0,0,0,0,0,0,0,0,0,0,0,0,0,0,0,0,0,0,0,0,0,0,0,-0.0788601,0.0454728,0.434151,-0.0993243,-0.239166,-0.0705714,0.345788,-0.437989,-0.102008,-0.0799755,-0.145353,-0.0253249,-0.343818,-0.350646,-1.27301,0.245124,0.0766217,-0.0552435,0.0720136,-0.531837,-0.156536,-0.747388,-0.0564545,1.71532,0.630542,0.0828735,2.62228,-1.40891,-0.633119,-0.201329,-0.256349,0.203908,-1.00903,0.0394308,-0.0309115,1.58853,-0.58501,-0.112429,-0.177783,-0.291205,0.52,0.174948,-0.087267,0.0894294,-0.0111069,-0.0447383,-0.030951,0.156439,0.351655,-0.0350755,0.2618,0.0336045,-0.0686533,0.276541,0.0951071,-0.392092,-0.0637485,0.573877,-0.00411569,-0.055681,0.00617415,0.584,0.0454412,0.0783304,-0.995892,0.6,0,0,1.61303,1.15519,3
-1.42808,0.0245481,11.6143,-0.247635,0.0922196,0.491656,-0.082705,0.0465031,0.440787,-1.42808,0.0245481,11.6143,-0.247635,0.0922196,0.491656,-0.082705,0.0465031,0.440787,-1.05392,0.0726699,-0.0672328,1.56703,-0.465614,-0.0760121,-0.175551,-0.317581,0.52,0.208445,-0.087267,0.0650606,0.0165078,-0.107096,-0.0127437,0.131163,0.315005,-0.0491607,0.2618,0.010917,-0.104911,0.34018,0.122144,-0.401485,-0.0809844,0.581296,-0.00221074,-0.0516261,0.00911898,0,0,0,0,0,0,0,0,0,0,0,0,0,0,0,0,0,0,0,0,0,0,0,0,0,0,0,0,0,-0.638638,0.273326,-0.113388,1.18838,-0.654841,0.0175298,-0.171119,0.327755,0.0550094,0.341526,-0.14884,-0.119678,-0.00206614,-0.0617259,-0.0716512,0.327787,0.270682,-0.018761,0.321585,0.034153,0.0447183,0.140252,0.182538,-0.244276,0.0022981,0.679867,-0.00433305,-0.0215872,0.0146527,-3.85427,0.277883,-0.0553026,7.08052,1.20009,-2.14674,-0.568925,1.152,-1.23161,-1.00828,0.711276,-0.451011,0.356622,-0.478328,0.779374,-0.335146,0.172008,-0.543318,0.380922,-0.037059,-1.22425,2.16683,-0.0816923,0.0163307,-0.507028,-0.373999,0.00363304,-0.254481,-0.103516,-5.06659,-10.4448,3.43989,-5.05292,-0.680615,0.197249,1.09626,-27.8702,15.495,-10.1521,1.60149,3.39215,-0.485488,1.43808,-0.241373,-2.18962,0.976941,0.545017,-2.43176,0.0233991,-0.526,0.0108085,-1.16944,-2.1315,-0.489991,-1.40123,0.000245771,-0.309868,-0.0335713,0,0,0,0,0,0,0,0,0,0,0,0,0,0,0,0,0,0,0,0,0,0,0,0,0,0,0,0,0,2.55789,2.55789,2.55789,6.3088,6.3088,1.81445,2.55789,2.55789,1.81445,6.3088,6.3088,0.907223,0.907223,1.81445,1.81445,0.907223,0.907223,1.81445,1.81445,0.907223,0.907223,0.907223,0.907223,0.907223,0.907223,1.06814,1.06814,1.06814,1.06814,40.1792,40.1792,40.1792,99.0984,99.0984,28.5012,40.1792,40.1792,28.5012,99.0984,99.0984,14.2506,14.2506,28.5012,28.5012,14.2506,14.2506,28.5012,28.5012,14.2506,14.2506,14.2506,14.2506,14.2506,14.2506,16.7783,16.7783,16.7783,16.7783,0,0,0,0,0,0,0,0,0,0,0,0,0,0,0,0,0,0,0,0,0,0,0,0,0,0,0,0,0,0,0,0,0,0,0,0,0,0,0,0,0,0,0,0,0,0,0,0,0,0,0,0,0,0,0,0,0,0,0,0,0,0,0,0,0,0,0,0,0,0,0,0,0,0,0,0,0,0,0,0,0,0,0,0,0,0,0,0,0,0,0,0,0,0,0,0,0,0,0,0,0,0,0,0,0,0,0,0,0,0,0,0,0,0,0,0,0,-0.082705,0.0465031,0.440787,-0.156956,-0.177519,-0.0290569,0.262222,-0.459406,-0.244191,-0.112091,-0.184653,0.0376395,-0.257819,-0.251052,-1.35499,0.249201,0.0248919,-0.029674,0.132719,-0.580007,-0.239208,-0.69296,-0.122789,1.68764,0.775643,0.122401,2.56097,-1.31339,-0.29263,-0.111645,-0.173315,0.148345,-1.05392,0.0726699,-0.0672328,1.56703,-0.465614,-0.0760121,-0.175551,-0.317581,0.52,0.208445,-0.087267,0.0650606,0.0165078,-0.107096,-0.0127437,0.131163,0.315005,-0.0491607,0.2618,0.010917,-0.104911,0.34018,0.122144,-0.401485,-0.0809844,0.581296,-0.00221074,-0.0516261,0.00911898,0.813,0.0464864,0.0825214,-0.995504,0.6,0,0,1.6175,1.15439,3
-1.83023,0.584675,10.4725,-0.214437,0.260742,0.713552,-0.0868034,0.0509218,0.453016,-1.83023,0.584675,10.4725,-0.214437,0.260742,0.713552,-0.0868034,0.0509218,0.453016,-1.09651,0.0920309,-0.0678583,1.51528,-0.399717,-0.058322,-0.0505601,-0.262972,0.52,0.222953,-0.087267,0.0876283,0.0136943,-0.1027,0.0698224,0.164612,0.29308,-0.0601928,0.2618,-0.0031128,-0.0689028,0.33279,0.174899,-0.377249,-0.0803582,0.589984,0.000659856,-0.0426765,0.00953696,0,0,0,0,0,0,0,0,0,0,0,0,0,0,0,0,0,0,0,0,0,0,0,0,0,0,0,0,0,-0.708969,0.266017,-0.114221,1.30447,-0.604426,-0.0103952,-0.187825,0.345556,0.033676,0.325887,-0.137807,-0.127114,0.000512128,-0.0666415,-0.0544753,0.316359,0.271039,-0.0297202,0.32795,0.028219,0.0161732,0.191228,0.182403,-0.245369,-0.0090768,0.671272,-0.00385943,-0.0260323,0.0137476,-3.17734,-0.774958,0.0223891,4.87187,2.29193,-1.08901,-0.938277,0.727104,-0.934548,-0.661188,0.464192,-0.358344,-0.0329586,-0.107799,0.81554,-0.751796,-0.131736,-0.471854,0.192236,-0.328782,-1.42069,2.47526,0.00196171,-0.134322,-0.57564,-0.440325,0.0271918,-0.205609,-0.0332587,-5.77675,-6.03641,1.88943,-4.93732,-0.727252,0.111858,2.80717,-28.5197,15.557,-7.49853,2.09289,3.05185,0.227699,-0.919258,-0.292166,-2.01399,0.714426,0.312326,-2.28207,0.0510423,-0.455223,-0.111431,-0.866579,-2.12465,-0.513332,-1.05067,-0.00112078,-0.21319,-0.043865,0,0,0,0,0,0,0,0,0,0,0,0,0,0,0,0,0,0,0,0,0,0,0,0,0,0,0,0,0,2.55789,2.55789,2.55789,6.3088,6.3088,1.81445,2.55789,2.55789,1.81445,6.3088,6.3088,0.907223,0.907223,1.81445,1.81445,0.907223,0.907223,1.81445,1.81445,0.907223,0.907223,0.907223,0.907223,0.907223,0.907223,1.06814,1.06814,1.06814,1.06814,40.1792,40.1792,40.1792,99.0984,99.0984,28.5012,40.1792,40.1792,28.5012,99.0984,99.0984,14.2506,14.2506,28.5012,28.5012,14.2506,14.2506,28.5012,28.5012,14.2506,14.2506,14.2506,14.2506,14.2506,14.2506,16.7783,16.7783,16.7783,16.7783,0,0,0,0,0,0,0,0,0,0,0,0,0,0,0,0,0,0,0,0,0,0,0,0,0,0,0,0,0,0,0,0,0,0,0,0,0,0,0,0,0,0,0,0,0,0,0,0,0,0,0,0,0,0,0,0,0,0,0,0,0,0,0,0,0,0,0,0,0,0,0,0,0,0,0,0,0,0,0,0,0,0,0,0,0,0,0,0,0,0,0,0,0,0,0,0,0,0,0,0,0,0,0,0,0,0,0,0,0,0,0,0,0,0,0,0,0,-0.0868034,0.0509218,0.453016,-0.0806871,-0.0572328,0.159202,0.212231,-0.404145,-0.234167,-0.137246,-0.183225,0.0312243,-0.110244,-0.134444,-1.43278,0.477475,-0.00709749,0.00885702,0.168079,-0.480273,-0.157105,-0.572833,-0.123932,1.6462,0.758793,0.128011,2.41338,-1.27202,-0.104707,-0.0307157,-0.13298,0.199801,-1.09651,0.0920309,-0.0678583,1.51528,-0.399717,-0.058322,-0.0505601,-0.262972,0.52,0.222953,-0.087267,0.0876283,0.0136943,-0.1027,0.0698224,0.164612,0.29308,-0.0601928,0.2618,-0.0031128,-0.0689028,0.33279,0.174899,-0.377249,-0.0803582,0.589984,0.000659856,-0.0426765,0.00953696,0.578,0.0508998,0.0865821,-0.994944,0.6,0,0,1.61061,1.14385,3
