AccelerationRaw[0],AccelerationRaw[1],AccelerationRaw[2],AngleVelocityRaw[0],AngleVelocityRaw[1],AngleVelocityRaw[2],AngleRaw[0],AngleRaw[1],AngleRaw[2],AccelerationValue[0],AccelerationValue[1],AccelerationValue[2],AngleVelocityValue[0],AngleVelocityValue[1],AngleVelocityValue[2],AngleValue[0],AngleValue[1],AngleValue[2],TargetMotorPosition[0],TargetMotorPosition[1],TargetMotorPosition[2],TargetMotorPosition[3],TargetMotorPosition[4],TargetMotorPosition[5],TargetMotorPosition[6],TargetMotorPosition[7],TargetMotorPosition[8],TargetMotorPosition[9],TargetMotorPosition[10],TargetMotorPosition[11],TargetMotorPosition[12],TargetMotorPosition[13],TargetMotorPosition[14],TargetMotorPosition[15],TargetMotorPosition[16],TargetMotorPosition[17],TargetMotorPosition[18],TargetMotorPosition[19],TargetMotorPosition[20],TargetMotorPosition[21],TargetMotorPosition[22],TargetMotorPosition[23],TargetMotorPosition[24],TargetMotorPosition[25],TargetMotorPosition[26],TargetMotorPosition[27],TargetMotorPosition[28],TargetMotorVelocity[0],TargetMotorVelocity[1],TargetMotorVelocity[2],TargetMotorVelocity[3],TargetMotorVelocity[4],TargetMotorVelocity[5],TargetMotorVelocity[6],TargetMotorVelocity[7],TargetMotorVelocity[8],TargetMotorVelocity[9],TargetMotorVelocity[10],TargetMotorVelocity[11],TargetMotorVelocity[12],TargetMotorVelocity[13],TargetMotorVelocity[14],TargetMotorVelocity[15],TargetMotorVelocity[16],TargetMotorVelocity[17],TargetMotorVelocity[18],TargetMotorVelocity[19],TargetMotorVelocity[20],TargetMotorVelocity[21],TargetMotorVelocity[22],TargetMotorVelocity[23],TargetMotorVelocity[24],TargetMotorVelocity[25],TargetMotorVelocity[26],TargetMotorVelocity[27],TargetMotorVelocity[28],CurrentMotorPosition[0],CurrentMotorPosition[1],CurrentMotorPosition[2],CurrentMotorPosition[3],CurrentMotorPosition[4],CurrentMotorPosition[5],CurrentMotorPosition[6],CurrentMotorPosition[7],CurrentMotorPosition[8],CurrentMotorPosition[9],CurrentMotorPosition[10],CurrentMotorPosition[11],CurrentMotorPosition[12],CurrentMotorPosition[13],CurrentMotorPosition[14],CurrentMotorPosition[15],CurrentMotorPosition[16],CurrentMotorPosition[17],CurrentMotorPosition[18],CurrentMotorPosition[19],CurrentMotorPosition[20],CurrentMotorPosition[21],CurrentMotorPosition[22],CurrentMotorPosition[23],CurrentMotorPosition[24],CurrentMotorPosition[25],CurrentMotorPosition[26],CurrentMotorPosition[27],CurrentMotorPosition[28],CurrentMotorVelocity[0],CurrentMotorVelocity[1],CurrentMotorVelocity[2],CurrentMotorVelocity[3],CurrentMotorVelocity[4],CurrentMotorVelocity[5],CurrentMotorVelocity[6],CurrentMotorVelocity[7],CurrentMotorVelocity[8],CurrentMotorVelocity[9],CurrentMotorVelocity[10],CurrentMotorVelocity[11],CurrentMotorVelocity[12],CurrentMotorVelocity[13],CurrentMotorVelocity[14],CurrentMotorVelocity[15],CurrentMotorVelocity[16],CurrentMotorVelocity[17],CurrentMotorVelocity[18],CurrentMotorVelocity[19],CurrentMotorVelocity[20],CurrentMotorVelocity[21],CurrentMotorVelocity[22],CurrentMotorVelocity[23],CurrentMotorVelocity[24],CurrentMotorVelocity[25],CurrentMotorVelocity[26],CurrentMotorVelocity[27],CurrentMotorVelocity[28],CurrentMotorTorque[0],CurrentMotorTorque[1],CurrentMotorTorque[2],CurrentMotorTorque[3],CurrentMotorTorque[4],CurrentMotorTorque[5],CurrentMotorTorque[6],CurrentMotorTorque[7],CurrentMotorTorque[8],CurrentMotorTorque[9],CurrentMotorTorque[10],CurrentMotorTorque[11],CurrentMotorTorque[12],CurrentMotorTorque[13],CurrentMotorTorque[14],CurrentMotorTorque[15],CurrentMotorTorque[16],CurrentMotorTorque[17],CurrentMotorTorque[18],CurrentMotorTorque[19],CurrentMotorTorque[20],CurrentMotorTorque[21],CurrentMotorTorque[22],CurrentMotorTorque[23],CurrentMotorTorque[24],CurrentMotorTorque[25],CurrentMotorTorque[26],CurrentMotorTorque[27],CurrentMotorTorque[28],TargetMotorTorque[0],TargetMotorTorque[1],TargetMotorTorque[2],TargetMotorTorque[3],TargetMotorTorque[4],TargetMotorTorque[5],TargetMotorTorque[6],TargetMotorTorque[7],TargetMotorTorque[8],TargetMotorTorque[9],TargetMotorTorque[10],TargetMotorTorque[11],TargetMotorTorque[12],TargetMotorTorque[13],TargetMotorTorque[14],TargetMotorTorque[15],TargetMotorTorque[16],TargetMotorTorque[17],TargetMotorTorque[18],TargetMotorTorque[19],TargetMotorTorque[20],TargetMotorTorque[21],TargetMotorTorque[22],TargetMotorTorque[23],TargetMotorTorque[24],TargetMotorTorque[25],TargetMotorTorque[26],TargetMotorTorque[27],TargetMotorTorque[28],TargetMotorDamping[0],TargetMotorDamping[1],TargetMotorDamping[2],TargetMotorDamping[3],TargetMotorDamping[4],TargetMotorDamping[5],TargetMotorDamping[6],TargetMotorDamping[7],TargetMotorDamping[8],TargetMotorDamping[9],TargetMotorDamping[10],TargetMotorDamping[11],TargetMotorDamping[12],TargetMotorDamping[13],TargetMotorDamping[14],TargetMotorDamping[15],TargetMotorDamping[16],TargetMotorDamping[17],TargetMotorDamping[18],TargetMotorDamping[19],TargetMotorDamping[20],TargetMotorDamping[21],TargetMotorDamping[22],TargetMotorDamping[23],TargetMotorDamping[24],TargetMotorDamping[25],TargetMotorDamping[26],TargetMotorDamping[27],TargetMotorDamping[28],TargetMotorStiffness[0],TargetMotorStiffness[1],TargetMotorStiffness[2],TargetMotorStiffness[3],TargetMotorStiffness[4],TargetMotorStiffness[5],TargetMotorStiffness[6],TargetMotorStiffness[7],TargetMotorStiffness[8],TargetMotorStiffness[9],TargetMotorStiffness[10],TargetMotorStiffness[11],TargetMotorStiffness[12],TargetMotorStiffness[13],TargetMotorStiffness[14],TargetMotorStiffness[15],TargetMotorStiffness[16],TargetMotorStiffness[17],TargetMotorStiffness[18],TargetMotorStiffness[19],TargetMotorStiffness[20],TargetMotorStiffness[21],TargetMotorStiffness[22],TargetMotorStiffness[23],TargetMotorStiffness[24],TargetMotorStiffness[25],TargetMotorStiffness[26],TargetMotorStiffness[27],TargetMotorStiffness[28],DanceNet1NetLastAction[0],DanceNet1NetLastAction[1],DanceNet1NetLastAction[2],DanceNet1NetLastAction[3],DanceNet1NetLastAction[4],DanceNet1NetLastAction[5],DanceNet1NetLastAction[6],DanceNet1NetLastAction[7],DanceNet1NetLastAction[8],DanceNet1NetLastAction[9],DanceNet1NetLastAction[10],DanceNet1NetLastAction[11],DanceNet1NetLastAction[12],DanceNet1NetLastAction[13],DanceNet1NetLastAction[14],DanceNet1NetLastAction[15],DanceNet1NetLastAction[16],DanceNet1NetLastAction[17],DanceNet1NetLastAction[18],DanceNet1NetLastAction[19],DanceNet1NetLastAction[20],DanceNet1NetLastAction[21],DanceNet1NetLastAction[22],DanceNet1NetLastAction[23],DanceNet1NetLastAction[24],DanceNet1NetLastAction[25],DanceNet1NetLastAction[26],DanceNet1NetLastAction[27],DanceNet1NetLastAction[28],DanceNet1InferenceTime,DanceNet1Action[0],DanceNet1Action[1],DanceNet1Action[2],DanceNet1Action[3],DanceNet1Action[4],DanceNet1Action[5],DanceNet1Action[6],DanceNet1Action[7],DanceNet1Action[8],DanceNet1Action[9],DanceNet1Action[10],DanceNet1Action[11],DanceNet1Action[12],DanceNet1Action[13],DanceNet1Action[14],DanceNet1Action[15],DanceNet1Action[16],DanceNet1Action[17],DanceNet1Action[18],DanceNet1Action[19],DanceNet1Action[20],DanceNet1Action[21],DanceNet1Action[22],DanceNet1Action[23],DanceNet1Action[24],DanceNet1Action[25],DanceNet1Action[26],DanceNet1Action[27],DanceNet1Action[28],DanceNet1RefTraj[0],DanceNet1RefTraj[1],DanceNet1RefTraj[2],DanceNet1RefTraj[3],DanceNet1RefTraj[4],DanceNet1RefTraj[5],DanceNet1RefTraj[6],DanceNet1RefTraj[7],DanceNet1RefTraj[8],DanceNet1RefTraj[9],DanceNet1RefTraj[10],DanceNet1RefTraj[11],DanceNet1RefTraj[12],DanceNet1RefTraj[13],DanceNet1RefTraj[14],DanceNet1RefTraj[15],DanceNet1RefTraj[16],DanceNet1RefTraj[17],DanceNet1RefTraj[18],DanceNet1RefTraj[19],DanceNet1RefTraj[20],DanceNet1RefTraj[21],DanceNet1RefTraj[22],DanceNet1RefTraj[23],DanceNet1RefTraj[24],DanceNet1RefTraj[25],DanceNet1RefTraj[26],DanceNet1RefTraj[27],DanceNet1RefTraj[28],DanceNet1RefVel[0],DanceNet1RefVel[1],DanceNet1RefVel[2],DanceNet1RefVel[3],DanceNet1RefVel[4],DanceNet1RefVel[5],DanceNet1RefVel[6],DanceNet1RefVel[7],DanceNet1RefVel[8],DanceNet1RefVel[9],DanceNet1RefVel[10],DanceNet1RefVel[11],DanceNet1RefVel[12],DanceNet1RefVel[13],DanceNet1RefVel[14],DanceNet1RefVel[15],DanceNet1RefVel[16],DanceNet1RefVel[17],DanceNet1RefVel[18],DanceNet1RefVel[19],DanceNet1RefVel[20],DanceNet1RefVel[21],DanceNet1RefVel[22],DanceNet1RefVel[23],DanceNet1RefVel[24],DanceNet1RefVel[25],DanceNet1RefVel[26],DanceNet1RefVel[27],DanceNet1RefVel[28],AlterAngleValue[0],AlterAngleValue[1],AlterAngleValue[2],WalkNet1NetLastAction[0],WalkNet1NetLastAction[1],WalkNet1NetLastAction[2],WalkNet1NetLastAction[3],WalkNet1NetLastAction[4],WalkNet1NetLastAction[5],WalkNet1NetLastAction[6],WalkNet1NetLastAction[7],WalkNet1NetLastAction[8],WalkNet1NetLastAction[9],WalkNet1NetLastAction[10],WalkNet1NetLastAction[11],WalkNet1NetLastAction[12],WalkNet1NetLastAction[13],WalkNet1NetLastAction[14],WalkNet1NetLastAction[15],WalkNet1NetLastAction[16],WalkNet1NetLastAction[17],WalkNet1NetLastAction[18],WalkNet1NetLastAction[19],WalkNet1NetLastAction[20],WalkNet1NetLastAction[21],WalkNet1NetLastAction[22],WalkNet1NetLastAction[23],WalkNet1NetLastAction[24],WalkNet1NetLastAction[25],WalkNet1NetLastAction[26],WalkNet1NetLastAction[27],WalkNet1NetLastAction[28],WalkNet1Action[0],WalkNet1Action[1],WalkNet1Action[2],WalkNet1Action[3],WalkNet1Action[4],WalkNet1Action[5],WalkNet1Action[6],WalkNet1Action[7],WalkNet1Action[8],WalkNet1Action[9],WalkNet1Action[10],WalkNet1Action[11],WalkNet1Action[12],WalkNet1Action[13],WalkNet1Action[14],WalkNet1Action[15],WalkNet1Action[16],WalkNet1Action[17],WalkNet1Action[18],WalkNet1Action[19],WalkNet1Action[20],WalkNet1Action[21],WalkNet1Action[22],WalkNet1Action[23],WalkNet1Action[24],WalkNet1Action[25],WalkNet1Action[26],WalkNet1Action[27],WalkNet1Action[28],WalkNet1InferenceTime,WalkNet1NetProjectedGravity[0],WalkNet1NetProjectedGravity[1],WalkNet1NetProjectedGravity[2],WalkNet1NetUserCommand3[0],WalkNet1NetUserCommand3[1],WalkNet1NetUserCommand3[2],DepthCenterDistance,DepthMinDistance,DepthMaxDistance
-25.5768,-0.0105189,18.3185,-0.00023323,0.291935,-0.000152746,-4.66549e-07,0.000583871,-3.05628e-07,-25.5768,-0.0105189,18.3185,-0.00023323,0.291935,-0.000152746,-4.66549e-07,0.000583871,-3.05628e-07,-0.156863,0.0965194,0.201723,0.785677,0.167704,-0.0449489,-0.332396,-0.257694,0.102234,0.312904,0.630377,0.064423,0.0306303,-0.0105746,0.0833855,0.203241,0.193379,-0.0605134,0.2618,0.0418322,-0.131585,0.0188013,0.303949,-0.324103,-0.0527632,0.613994,0.00200498,0.00784873,0.0120604,0,0,0,0,0,0,0,0,0,0,0,0,0,0,0,0,0,0,0,0,0,0,0,0,0,0,0,0,0,-0.308798,7.07524e-05,0.000165981,0.664486,-0.357702,1.18883e-05,-0.308798,-7.08959e-05,-0.000165921,0.664486,-0.357702,-1.19761e-05,2.39403e-07,6.62686e-07,-0.00224093,0.200114,0.199635,0.000571391,0.598005,6.84974e-05,0.00149099,-3.62506e-05,0.200114,-0.199635,-0.000570621,0.598006,-6.84586e-05,0.00149089,3.63864e-05,1.60108,0.0353762,0.0829906,-2.25689,2.64918,0.00594416,1.60103,-0.035448,-0.0829604,-2.25679,2.64914,-0.00598803,0.000119702,0.000331343,-1.12047,0.0571304,-0.182478,0.285695,-0.997611,0.0342487,0.745497,-0.0181253,0.0567287,0.182629,-0.285311,-0.996957,-0.0342293,0.745446,0.0181932,12.5359,-8.05092e-17,-3.46e-17,-66.2969,10.346,1.08914e-18,12.5359,-4.86358e-17,4.26881e-18,-66.2969,10.346,-4.96118e-17,-2.09687e-17,6.62772e-18,-3.74733e-16,-2.85013,-2.85013,-1.13985e-16,-8.55037,-6.40488e-17,-7.81728e-17,5.24105e-17,-2.85013,2.85013,8.89167e-17,-8.55037,1.05828e-16,-7.83488e-17,-2.99997e-17,0,0,0,0,0,0,0,0,0,0,0,0,0,0,0,0,0,0,0,0,0,0,0,0,0,0,0,0,0,2.55789,2.55789,2.55789,6.3088,6.3088,1.81445,2.55789,2.55789,1.81445,6.3088,6.3088,0.907223,0.907223,1.81445,1.81445,0.907223,0.907223,1.81445,1.81445,0.907223,0.907223,0.907223,0.907223,0.907223,0.907223,1.06814,1.06814,1.06814,1.06814,40.1792,40.1792,40.1792,99.0984,99.0984,28.5012,40.1792,40.1792,28.5012,99.0984,99.0984,14.2506,14.2506,28.5012,28.5012,14.2506,14.2506,28.5012,28.5012,14.2506,14.2506,14.2506,14.2506,14.2506,14.2506,16.7783,16.7783,16.7783,16.7783,0,0,0,0,0,0,0,0,0,0,0,0,0,0,0,0,0,0,0,0,0,0,0,0,0,0,0,0,0,0,0,0,0,0,0,0,0,0,0,0,0,0,0,0,0,0,0,0,0,0,0,0,0,0,0,0,0,0,0,0,0,0,0,0,0,0,0,0,0,0,0,0,0,0,0,0,0,0,0,0,0,0,0,0,0,0,0,0,0,0,0,0,0,0,0,0,0,0,0,0,0,0,0,0,0,0,0,0,0,0,0,0,0,0,0,0,0,-4.66549e-07,0.000583871,-3.05628e-07,0.0073904,0.237015,0.190127,-0.0150966,-0.282968,-0.0241111,-0.137977,-0.120305,0.0698401,-0.245896,0.187843,0.283331,-0.0372493,0.0953815,0.0269122,0.176276,-0.470633,-0.300026,0.105351,0.368413,0.233104,0.0428689,0.161882,0.332734,-1.0155,1.51344,2.83287,-0.102488,0.146891,-0.156863,0.0965194,0.201723,0.785677,0.167704,-0.0449489,-0.332396,-0.257694,0.102234,0.312904,0.630377,0.064423,0.0306303,-0.0105746,0.0833855,0.203241,0.193379,-0.0605134,0.2618,0.0418322,-0.131585,0.0188013,0.303949,-0.324103,-0.0527632,0.613994,0.00200498,0.00784873,0.0120604,1.142,0.000583871,4.66548e-07,-1,0.6,0,0,0,0,0
2.35753,-0.298237,-1.03743,-0.0818214,-0.0479327,-0.0585939,-0.00072531,0.0014799,-0.00107297,2.35753,-0.298237,-1.03743,-0.0818214,-0.0479327,-0.0585939,-0.00072531,0.0014799,-0.00107297,-0.111498,-0.0786923,0.179982,0.723497,-0.136576,-0.0216068,-0.334037,-0.21404,0.0134295,0.426171,0.806132,0.104945,0.0337479,0.0109914,0.059559,0.180785,0.198435,-0.0471073,0.2618,0.0534784,-0.109175,0.00815755,0.381264,-0.188938,-0.0116454,0.610416,0.0030796,-0.00161607,0.0149029,0,0,0,0,0,0,0,0,0,0,0,0,0,0,0,0,0,0,0,0,0,0,0,0,0,0,0,0,0,-0.304759,0.00962728,0.021783,0.659924,-0.249405,-0.00721466,-0.293349,-0.00296296,-0.00417761,0.609077,-0.162048,0.00906321,0.00110701,0.000239522,-0.00557146,0.215649,0.20045,-0.00693378,0.553795,0.00722673,-0.00114064,0.00480488,0.202512,-0.199852,-0.00173794,0.591083,0.000383001,0.00224801,0.00286977,-0.147142,0.859879,2.31195,0.772903,6.65353,-0.584404,0.897642,-0.428944,-0.262249,-4.1623,12.7821,0.875698,-0.0212066,0.171755,0.0803032,1.40582,0.15178,-0.765497,-3.73859,0.575459,-0.952588,0.318382,0.246155,-0.119616,-0.0401352,-0.247992,0.034464,-0.0792816,0.237081,6.21186,1.39123,1.96579,8.86546,-0.541767,-0.0413537,-3.85233,-9.37931,3.55084,-4.24791,-2.35288,0.0502166,0.387753,-0.494494,2.48824,-1.37923,-0.225763,-0.219177,-1.91616,-0.0187814,-1.21003,-0.106266,1.2597,-1.6856,-0.698863,0.672209,-0.0100979,0.172651,-0.0938155,0,0,0,0,0,0,0,0,0,0,0,0,0,0,0,0,0,0,0,0,0,0,0,0,0,0,0,0,0,2.55789,2.55789,2.55789,6.3088,6.3088,1.81445,2.55789,2.55789,1.81445,6.3088,6.3088,0.907223,0.907223,1.81445,1.81445,0.907223,0.907223,1.81445,1.81445,0.907223,0.907223,0.907223,0.907223,0.907223,0.907223,1.06814,1.06814,1.06814,1.06814,40.1792,40.1792,40.1792,99.0984,99.0984,28.5012,40.1792,40.1792,28.5012,99.0984,99.0984,14.2506,14.2506,28.5012,28.5012,14.2506,14.2506,28.5012,28.5012,14.2506,14.2506,14.2506,14.2506,14.2506,14.2506,16.7783,16.7783,16.7783,16.7783,0,0,0,0,0,0,0,0,0,0,0,0,0,0,0,0,0,0,0,0,0,0,0,0,0,0,0,0,0,0,0,0,0,0,0,0,0,0,0,0,0,0,0,0,0,0,0,0,0,0,0,0,0,0,0,0,0,0,0,0,0,0,0,0,0,0,0,0,0,0,0,0,0,0,0,0,0,0,0,0,0,0,0,0,0,0,0,0,0,0,0,0,0,0,0,0,0,0,0,0,0,0,0,0,0,0,0,0,0,0,0,0,0,0,0,0,0,-0.00072531,0.0014799,-0.00107297,-0.0438132,0.4133,0.1358,-0.00356796,0.0252223,0.0250614,-0.107409,-0.0265527,0.0769486,-0.221364,0.139809,0.366183,-0.0402469,0.121936,0.0413364,-0.143718,-0.390908,-0.24893,-0.021692,0.328706,0.0306207,0.0186,0.200037,0.155411,-0.69249,0.645705,3.33408,-0.0492655,0.239285,-0.111498,-0.0786923,0.179982,0.723497,-0.136576,-0.0216068,-0.334037,-0.21404,0.0134295,0.426171,0.806132,0.104945,0.0337479,0.0109914,0.059559,0.180785,0.198435,-0.0471073,0.2618,0.0534784,-0.109175,0.00815755,0.381264,-0.188938,-0.0116454,0.610416,0.0030796,-0.00161607,0.0149029,0.748,0.0014799,0.000725309,-0.999999,0.6,0,0,0,0,0
0.936444,0.512368,-0.244468,-0.0583563,-0.267398,0.32595,-0.00374586,-0.00255841,0.00410022,0.936444,0.512368,-0.244468,-0.0583563,-0.267398,0.32595,-0.00374586,-0.00255841,0.00410022,-0.296202,0.127769,0.0732818,0.650588,-0.505244,0.0232967,-0.420772,0.617751,-0.286175,0.20847,-0.087267,-0.110489,-0.0696159,-0.213141,-0.30589,0.610537,1.01027,0.260248,0.2618,-0.0598232,0.177663,0.458694,0.137111,-0.301105,-0.182069,0.633487,-0.0107388,0.0399047,0.0125703,0,0,0,0,0,0,0,0,0,0,0,0,0,0,0,0,0,0,0,0,0,0,0,0,0,0,0,0,0,-0.291172,0.00571286,0.0852396,0.678673,-0.202478,-0.0138834,-0.279555,-0.0437659,-0.0108481,0.528027,0.200702,0.0446835,-0.0184878,0.0266175,-0.00504145,0.246015,0.203883,-0.0241178,0.44869,0.0250338,-0.0391924,0.00618912,0.22074,-0.201308,-0.00766054,0.582372,0.00145384,-0.00294953,0.0074084,0.759812,-0.791958,1.72081,0.443877,1.04403,-0.135783,0.216051,-1.84788,-0.187409,-1.78227,9.72534,1.10973,-0.949391,1.17722,0.0683717,0.596398,0.0439989,-0.453838,-2.95974,0.489296,-1.21924,-0.0108549,0.870515,-0.0399668,-0.224255,-0.240008,0.0306555,-0.169065,0.101486,5.39325,-1.56578,-0.590479,1.69316,-0.0606758,0.0265726,-2.77895,-2.33014,1.04942,1.27824,-1.39679,-0.146205,1.56179,-2.50485,1.7519,-1.50112,-0.129543,0.168698,0.031319,-0.0398503,0.0990047,0.0378743,1.5468,0.205762,0.145589,0.737586,-0.00565531,0.205112,0.0168001,0,0,0,0,0,0,0,0,0,0,0,0,0,0,0,0,0,0,0,0,0,0,0,0,0,0,0,0,0,2.55789,2.55789,2.55789,6.3088,6.3088,1.81445,2.55789,2.55789,1.81445,6.3088,6.3088,0.907223,0.907223,1.81445,1.81445,0.907223,0.907223,1.81445,1.81445,0.907223,0.907223,0.907223,0.907223,0.907223,0.907223,1.06814,1.06814,1.06814,1.06814,40.1792,40.1792,40.1792,99.0984,99.0984,28.5012,40.1792,40.1792,28.5012,99.0984,99.0984,14.2506,14.2506,28.5012,28.5012,14.2506,14.2506,28.5012,28.5012,14.2506,14.2506,14.2506,14.2506,14.2506,14.2506,16.7783,16.7783,16.7783,16.7783,0,0,0,0,0,0,0,0,0,0,0,0,0,0,0,0,0,0,0,0,0,0,0,0,0,0,0,0,0,0,0,0,0,0,0,0,0,0,0,0,0,0,0,0,0,0,0,0,0,0,0,0,0,0,0,0,0,0,0,0,0,0,0,0,0,0,0,0,0,0,0,0,0,0,0,0,0,0,0,0,0,0,0,0,0,0,0,0,0,0,0,0,0,0,0,0,0,0,0,0,0,0,0,0,0,0,0,0,0,0,0,0,0,0,0,0,0,-0.00374586,-0.00255841,0.00410022,0.936065,-0.143393,-0.69746,1.8475,-0.23053,-0.485983,0.593391,-0.415136,-0.158731,0.364449,0.449479,0.0288518,-0.198654,-0.136403,-0.144144,0.233349,1.12822,0.405088,0.535628,0.133837,-0.652507,1.04587,0.168727,-0.0525066,-1.31332,-0.405645,0.0200706,0.0531188,-0.251926,-0.296202,0.127769,0.0732818,0.650588,-0.505244,0.0232967,-0.420772,0.617751,-0.286175,0.20847,-0.087267,-0.110489,-0.0696159,-0.213141,-0.30589,0.610537,1.01027,0.260248,0.2618,-0.0598232,0.177663,0.458694,0.137111,-0.301105,-0.182069,0.633487,-0.0107388,0.0399047,0.0125703,0.612,-0.000351364,0.00293863,-0.999996,0.6,0,0,3,3,3
1.1439,8.12956,8.43583,0.24916,-0.100808,-0.213979,-0.00257562,-0.0043107,0.00451141,1.1439,8.12956,8.43583,0.24916,-0.100808,-0.213979,-0.00257562,-0.0043107,0.00451141,-0.316873,0.177433,0.00869777,0.737996,-0.597587,0.0357355,-0.319889,0.307063,-0.219404,0.267977,-0.087267,-0.152048,-0.0719346,-0.146773,-0.260067,0.681935,0.821335,0.176216,0.2618,-0.0657626,0.314975,0.451229,0.244225,-0.299676,-0.133978,0.633211,-0.0100459,0.0560561,0.0186873,0,0,0,0,0,0,0,0,0,0,0,0,0,0,0,0,0,0,0,0,0,0,0,0,0,0,0,0,0,-0.282367,0.00736543,0.092989,0.685508,-0.239141,-0.0112046,-0.269493,-0.0479443,-0.0148486,0.522364,0.17884,0.0432694,-0.0213586,0.0253843,-0.007072,0.254443,0.202129,-0.0222271,0.415176,0.0202128,-0.0331423,0.0316128,0.225176,-0.201928,-0.0142723,0.584094,0.000112363,-0.00159352,0.0100287,0.857336,1.00315,0.104038,0.640835,-4.17966,0.482826,1.64582,0.748701,-0.575217,-0.761954,-5.08718,-1.288,0.246635,-1.16604,-0.315144,1.08713,-0.255463,0.71326,-3.52587,-1.03401,1.7598,4.56423,0.0856192,-0.0637,-1.0274,0.49949,-0.205748,0.362908,0.325516,-2.82639,3.40479,-1.76332,-7.83714,1.95806,0.210195,-9.57533,26.2861,-6.88177,-27.8877,3.00588,-1.41625,-0.715834,-5.65041,-7.95262,4.19717,11.7272,7.21982,1.94284,-0.346195,1.75091,2.68603,-1.46029,-1.36714,-1.63,0.468009,0.0257645,0.408523,-0.300789,0,0,0,0,0,0,0,0,0,0,0,0,0,0,0,0,0,0,0,0,0,0,0,0,0,0,0,0,0,2.55789,2.55789,2.55789,6.3088,6.3088,1.81445,2.55789,2.55789,1.81445,6.3088,6.3088,0.907223,0.907223,1.81445,1.81445,0.907223,0.907223,1.81445,1.81445,0.907223,0.907223,0.907223,0.907223,0.907223,0.907223,1.06814,1.06814,1.06814,1.06814,40.1792,40.1792,40.1792,99.0984,99.0984,28.5012,40.1792,40.1792,28.5012,99.0984,99.0984,14.2506,14.2506,28.5012,28.5012,14.2506,14.2506,28.5012,28.5012,14.2506,14.2506,14.2506,14.2506,14.2506,14.2506,16.7783,16.7783,16.7783,16.7783,0,0,0,0,0,0,0,0,0,0,0,0,0,0,0,0,0,0,0,0,0,0,0,0,0,0,0,0,0,0,0,0,0,0,0,0,0,0,0,0,0,0,0,0,0,0,0,0,0,0,0,0,0,0,0,0,0,0,0,0,0,0,0,0,0,0,0,0,0,0,0,0,0,0,0,0,0,0,0,0,0,0,0,0,0,0,0,0,0,0,0,0,0,0,0,0,0,0,0,0,0,0,0,0,0,0,0,0,0,0,0,0,0,0,0,0,0,-0.00257562,-0.0043107,0.00451141,1.09886,0.100838,-0.592979,1.41671,-0.22727,-0.334657,0.40179,-0.305484,-0.164018,0.421837,0.445781,-0.00890054,-0.0144083,-0.149945,-0.134843,0.32405,0.560798,0.718174,0.752422,0.015885,-0.500263,1.02885,0.250833,0.19676,-1.14362,-0.668983,-0.0878484,0.0814806,-0.346685,-0.316873,0.177433,0.00869777,0.737996,-0.597587,0.0357355,-0.319889,0.307063,-0.219404,0.267977,-0.087267,-0.152048,-0.0719346,-0.146773,-0.260067,0.681935,0.821335,0.176216,0.2618,-0.0657626,0.314975,0.451229,0.244225,-0.299676,-0.133978,0.633211,-0.0100459,0.0560561,0.0186873,0.764,-0.00431069,0.00257559,-0.999987,0.6,0,0,3,3,3
-0.833552,2.11325,5.02919,0.604318,0.170444,-0.644236,0.00734649,-0.00390122,-0.00503444,-0.833552,2.11325,5.02919,0.604318,0.170444,-0.644236,0.00734649,-0.00390122,-0.00503444,-0.407438,0.161537,0.0353525,0.69749,-0.533951,0.0433097,-0.286929,0.223863,-0.153055,0.277755,-0.087267,-0.207889,-0.0707444,-0.10409,-0.202798,0.599328,0.436888,0.0268456,0.2618,-0.0464526,0.251105,0.462099,0.230187,-0.177424,-0.0829053,0.628039,-0.00816009,0.0471347,0.0324999,0,0,0,0,0,0,0,0,0,0,0,0,0,0,0,0,0,0,0,0,0,0,0,0,0,0,0,0,0,-0.277524,0.0546941,0.0735012,0.703325,-0.334736,0.000922393,-0.230977,-0.0013847,-0.0428421,0.491782,0.0751479,0.00303407,-0.00578851,-0.0319728,-0.00954763,0.281502,0.205414,-0.00368713,0.35282,-0.00288279,0.0362296,0.137946,0.222264,-0.208061,-0.0378462,0.597135,-0.00286033,0.0119956,0.0140447,-0.132507,3.13985,-1.39723,0.835966,-4.21194,0.581166,1.82745,3.1405,-1.81038,-1.93776,-4.77603,-2.12022,0.907533,-3.72641,-0.0612702,1.51366,0.648572,0.999594,-2.55572,-1.07126,3.85344,4.99791,-0.273076,-0.46786,-1.16469,0.701742,-0.120066,0.729104,0.134202,-1.39529,-2.52247,0.772755,-1.99403,0.547522,-0.0578854,-8.24092,4.93956,-1.92113,-10.7087,13.8853,-0.322215,-1.74712,3.06114,-7.04615,4.41091,8.32034,3.39455,2.1307,0.0713362,0.551985,-0.0508377,0.526011,-0.916569,-0.336125,-0.116473,0.00846049,-0.0256306,-0.0713154,0,0,0,0,0,0,0,0,0,0,0,0,0,0,0,0,0,0,0,0,0,0,0,0,0,0,0,0,0,2.55789,2.55789,2.55789,6.3088,6.3088,1.81445,2.55789,2.55789,1.81445,6.3088,6.3088,0.907223,0.907223,1.81445,1.81445,0.907223,0.907223,1.81445,1.81445,0.907223,0.907223,0.907223,0.907223,0.907223,0.907223,1.06814,1.06814,1.06814,1.06814,40.1792,40.1792,40.1792,99.0984,99.0984,28.5012,40.1792,40.1792,28.5012,99.0984,99.0984,14.2506,14.2506,28.5012,28.5012,14.2506,14.2506,28.5012,28.5012,14.2506,14.2506,14.2506,14.2506,14.2506,14.2506,16.7783,16.7783,16.7783,16.7783,0,0,0,0,0,0,0,0,0,0,0,0,0,0,0,0,0,0,0,0,0,0,0,0,0,0,0,0,0,0,0,0,0,0,0,0,0,0,0,0,0,0,0,0,0,0,0,0,0,0,0,0,0,0,0,0,0,0,0,0,0,0,0,0,0,0,0,0,0,0,0,0,0,0,0,0,0,0,0,0,0,0,0,0,0,0,0,0,0,0,0,0,0,0,0,0,0,0,0,0,0,0,0,0,0,0,0,0,0,0,0,0,0,0,0,0,0,0.00734649,-0.00390122,-0.00503444,0.910507,0.0688301,-0.462401,0.540128,0.0514746,-0.237336,0.0612107,-0.189032,-0.161304,0.425101,0.376362,-0.174301,0.0457888,-0.105917,-0.10953,0.29502,0.408847,0.572543,0.632674,0.0645653,-0.34898,1.05363,0.436236,0.0812457,-1.11573,-0.487509,-0.176262,0.0987503,-0.474008,-0.407438,0.161537,0.0353525,0.69749,-0.533951,0.0433097,-0.286929,0.223863,-0.153055,0.277755,-0.087267,-0.207889,-0.0707444,-0.10409,-0.202798,0.599328,0.436888,0.0268456,0.2618,-0.0464526,0.251105,0.462099,0.230187,-0.177424,-0.0829053,0.628039,-0.00816009,0.0471347,0.0324999,0.638,-0.00390121,-0.00734636,-0.999965,0.6,0,0,3,3,3
-2.83296,0.214652,4.63796,0.503989,0.51188,-0.764575,0.0187492,0.00247267,-0.018996,-2.83296,0.214652,4.63796,0.503989,0.51188,-0.764575,0.0187492,0.00247267,-0.018996,-0.380125,0.0261062,0.113721,0.653989,-0.424483,0.0254408,-0.260987,0.330703,-0.137324,0.2932,-0.087267,-0.236236,-0.0675203,-0.0923396,-0.0789834,0.550265,0.174866,-0.0679354,0.2618,-0.0308622,0.155819,0.431912,0.225943,-0.163119,-0.086738,0.633022,-0.00364554,0.0452187,0.0487432,0,0,0,0,0,0,0,0,0,0,0,0,0,0,0,0,0,0,0,0,0,0,0,0,0,0,0,0,0,-0.288956,0.122811,0.0481516,0.708174,-0.389326,0.0127373,-0.208094,0.0680347,-0.075375,0.451707,-0.0107645,-0.0365182,0.00631517,-0.109421,-0.00532468,0.314963,0.229157,0.00424463,0.317606,-0.0163622,0.0947261,0.230106,0.217367,-0.216831,-0.0589746,0.611076,-0.00445852,0.0232967,0.0176941,-0.80407,3.46887,-1.18332,-0.0981271,-2.29945,0.536896,0.703765,3.60128,-1.4754,-2.0002,-3.97175,-1.75489,0.371432,-3.8541,0.205693,1.79362,1.42561,0.183703,-1.38128,-0.496611,2.3909,4.03981,-0.288968,-0.391035,-0.917578,0.649,-0.0627634,0.471593,0.182383,-2.8458,-7.04846,2.44188,-0.762441,0.176819,-0.102588,-5.09911,-2.6314,0.423487,-4.95579,17.0776,-0.842312,-1.46653,6.95816,-6.06534,2.4955,1.73756,0.311038,0.939759,0.0265155,0.0514509,-0.373175,0.416486,0.916362,0.495694,-0.403988,0.00517267,-0.104258,0.0545335,0,0,0,0,0,0,0,0,0,0,0,0,0,0,0,0,0,0,0,0,0,0,0,0,0,0,0,0,0,2.55789,2.55789,2.55789,6.3088,6.3088,1.81445,2.55789,2.55789,1.81445,6.3088,6.3088,0.907223,0.907223,1.81445,1.81445,0.907223,0.907223,1.81445,1.81445,0.907223,0.907223,0.907223,0.907223,0.907223,0.907223,1.06814,1.06814,1.06814,1.06814,40.1792,40.1792,40.1792,99.0984,99.0984,28.5012,40.1792,40.1792,28.5012,99.0984,99.0984,14.2506,14.2506,28.5012,28.5012,14.2506,14.2506,28.5012,28.5012,14.2506,14.2506,14.2506,14.2506,14.2506,14.2506,16.7783,16.7783,16.7783,16.7783,0,0,0,0,0,0,0,0,0,0,0,0,0,0,0,0,0,0,0,0,0,0,0,0,0,0,0,0,0,0,0,0,0,0,0,0,0,0,0,0,0,0,0,0,0,0,0,0,0,0,0,0,0,0,0,0,0,0,0,0,0,0,0,0,0,0,0,0,0,0,0,0,0,0,0,0,0,0,0,0,0,0,0,0,0,0,0,0,0,0,0,0,0,0,0,0,0,0,0,0,0,0,0,0,0,0,0,0,0,0,0,0,0,0,0,0,0,0.0187492,0.00247267,-0.018996,0.798639,0.0591528,-0.18009,-0.0573086,0.084093,-0.210543,-0.154899,-0.197771,-0.153953,0.425447,0.443238,-0.124419,0.0931672,-0.0703688,-0.0489328,0.0476785,0.603973,0.355282,0.606955,0.207691,-0.313113,0.984802,0.654264,-0.0428069,-1.07169,-0.175333,-0.153741,0.0580076,-0.538642,-0.380125,0.0261062,0.113721,0.653989,-0.424483,0.0254408,-0.260987,0.330703,-0.137324,0.2932,-0.087267,-0.236236,-0.0675203,-0.0923396,-0.0789834,0.550265,0.174866,-0.0679354,0.2618,-0.0308622,0.155819,0.431912,0.225943,-0.163119,-0.086738,0.633022,-0.00364554,0.0452187,0.0487432,0.754,0.00247267,-0.0187481,-0.999821,0.6,0,0,3,3,3
-2.74932,1.27708,5.77698,0.32063,0.791507,-0.768084,0.0266565,0.0157747,-0.0339676,-2.74932,1.27708,5.77698,0.32063,0.791507,-0.768084,0.0266565,0.0157747,-0.0339676,-0.355779,-0.00570023,0.142556,0.644316,-0.340133,0.00920503,-0.295822,0.311276,-0.0709164,0.330617,-0.087267,-0.286794,-0.0675498,-0.0690247,0.0240352,0.48719,0.14352,-0.0600811,0.2618,-0.0228923,0.133985,0.392005,0.242574,-0.155469,-0.107413,0.633012,0.000829797,0.0458089,0.0570481,0,0,0,0,0,0,0,0,0,0,0,0,0,0,0,0,0,0,0,0,0,0,0,0,0,0,0,0,0,-0.305939,0.187609,0.0306751,0.69418,-0.400358,0.0181839,-0.20456,0.140257,-0.0939162,0.414982,-0.0861514,-0.0707048,0.00337496,-0.181176,0.000502032,0.352343,0.256516,0.00113175,0.301112,-0.0206179,0.118171,0.294305,0.211741,-0.222611,-0.0758811,0.624499,-0.00449717,0.0309487,0.024285,-0.840405,3.00104,-0.732491,-0.937895,-0.373065,0.183815,-0.12387,3.57226,-0.643672,-1.73654,-3.60764,-1.57856,-0.510442,-3.39105,0.249818,1.9116,1.1701,-0.300627,-0.625737,-0.107831,0.650085,2.6299,-0.301225,-0.231332,-0.743945,0.652897,0.011976,0.339775,0.341933,-0.88634,-14.0707,5.18084,1.66291,-0.0428623,-0.128145,-2.0759,-1.24265,-0.055913,-1.34958,22.1803,-0.926795,-0.62149,8.56401,-2.76461,1.14197,-2.2438,-1.45702,0.0143253,-0.0440648,-0.0793229,-0.446119,0.456839,1.06082,0.523675,-0.543848,0.00159515,-0.120228,0.0465732,0,0,0,0,0,0,0,0,0,0,0,0,0,0,0,0,0,0,0,0,0,0,0,0,0,0,0,0,0,2.55789,2.55789,2.55789,6.3088,6.3088,1.81445,2.55789,2.55789,1.81445,6.3088,6.3088,0.907223,0.907223,1.81445,1.81445,0.907223,0.907223,1.81445,1.81445,0.907223,0.907223,0.907223,0.907223,0.907223,0.907223,1.06814,1.06814,1.06814,1.06814,40.1792,40.1792,40.1792,99.0984,99.0984,28.5012,40.1792,40.1792,28.5012,99.0984,99.0984,14.2506,14.2506,28.5012,28.5012,14.2506,14.2506,28.5012,28.5012,14.2506,14.2506,14.2506,14.2506,14.2506,14.2506,16.7783,16.7783,16.7783,16.7783,0,0,0,0,0,0,0,0,0,0,0,0,0,0,0,0,0,0,0,0,0,0,0,0,0,0,0,0,0,0,0,0,0,0,0,0,0,0,0,0,0,0,0,0,0,0,0,0,0,0,0,0,0,0,0,0,0,0,0,0,0,0,0,0,0,0,0,0,0,0,0,0,0,0,0,0,0,0,0,0,0,0,0,0,0,0,0,0,0,0,0,0,0,0,0,0,0,0,0,0,0,0,0,0,0,0,0,0,0,0,0,0,0,0,0,0,0,0.0266565,0.0157747,-0.0339676,0.654823,0.0970736,0.0548026,-0.128779,0.101534,-0.157383,-0.136991,-0.244912,-0.15402,0.4302,0.443107,-0.0799555,0.0295464,-0.0521967,0.0111381,-0.0104105,0.568492,0.305499,0.614878,0.260355,-0.161697,0.893811,0.765738,-0.0703939,-0.964985,0.06521,-0.277866,0.0209884,-0.653918,-0.355779,-0.00570023,0.142556,0.644316,-0.340133,0.00920503,-0.295822,0.311276,-0.0709164,0.330617,-0.087267,-0.286794,-0.0675498,-0.0690247,0.0240352,0.48719,0.14352,-0.0600811,0.2618,-0.0228923,0.133985,0.392005,0.242574,-0.155469,-0.107413,0.633012,0.000829797,0.0458089,0.0570481,0.776,0.0157741,-0.02665,-0.99952,0.6,0,0,3,3,3
-5.7011,-3.60459,28.0378,-0.553915,1.41484,-0.580989,0.0225518,0.0420474,-0.0497254,-5.7011,-3.60459,28.0378,-0.553915,1.41484,-0.580989,0.0225518,0.0420474,-0.0497254,-0.31689,0.0711606,0.0131764,0.703621,-0.38403,0.0299616,-0.301826,0.204067,-0.0503084,0.306675,-0.087267,-0.288836,-0.0478426,-0.176006,0.12298,0.456736,0.0940975,-0.081744,0.2618,-0.0251602,0.0450348,0.381825,0.326246,-0.160466,-0.0657978,0.635864,0.00303083,0.0490258,0.0475019,0,0,0,0,0,0,0,0,0,0,0,0,0,0,0,0,0,0,0,0,0,0,0,0,0,0,0,0,0,-0.354154,0.233011,0.0356029,0.738869,-0.429806,0.0151433,-0.218657,0.193173,-0.0830843,0.38682,-0.173313,-0.108857,-0.0238916,-0.212413,0.0021974,0.386558,0.27919,-0.000354642,0.305053,-0.0204852,0.127502,0.333742,0.197548,-0.208463,-0.0964482,0.656949,-0.00331412,0.0392674,0.0325667,-2.43915,0.875083,1.31502,3.76893,-2.26701,-0.235211,-0.534553,0.607118,1.14713,-0.862543,-3.38346,-0.258306,-1.6066,0.731741,-0.472856,0.850557,0.709682,0.0130463,0.802314,-0.00214847,0.503153,1.18584,-0.824002,1.31299,-0.772519,1.81358,0.0530456,0.495225,0.267296,6.21375,-12.0346,1.46216,-32.5832,22.9921,0.229266,-1.71494,2.66107,-1.60042,-0.0933252,29.9889,-1.77234,0.72085,3.19163,1.29386,0.616994,-2.6326,-1.75122,-2.54082,-0.0414601,-0.308884,-0.258819,1.3734,-0.341818,0.572729,-2.29646,0.0142059,-0.372475,0.123605,0,0,0,0,0,0,0,0,0,0,0,0,0,0,0,0,0,0,0,0,0,0,0,0,0,0,0,0,0,2.55789,2.55789,2.55789,6.3088,6.3088,1.81445,2.55789,2.55789,1.81445,6.3088,6.3088,0.907223,0.907223,1.81445,1.81445,0.907223,0.907223,1.81445,1.81445,0.907223,0.907223,0.907223,0.907223,0.907223,0.907223,1.06814,1.06814,1.06814,1.06814,40.1792,40.1792,40.1792,99.0984,99.0984,28.5012,40.1792,40.1792,28.5012,99.0984,99.0984,14.2506,14.2506,28.5012,28.5012,14.2506,14.2506,28.5012,28.5012,14.2506,14.2506,14.2506,14.2506,14.2506,14.2506,16.7783,16.7783,16.7783,16.7783,0,0,0,0,0,0,0,0,0,0,0,0,0,0,0,0,0,0,0,0,0,0,0,0,0,0,0,0,0,0,0,0,0,0,0,0,0,0,0,0,0,0,0,0,0,0,0,0,0,0,0,0,0,0,0,0,0,0,0,0,0,0,0,0,0,0,0,0,0,0,0,0,0,0,0,0,0,0,0,0,0,0,0,0,0,0,0,0,0,0,0,0,0,0,0,0,0,0,0,0,0,0,0,0,0,0,0,0,0,0,0,0,0,0,0,0,0,0.0225518,0.0420474,-0.0497254,0.585384,0.287852,0.280406,-0.241468,0.0901419,-0.40131,-0.186385,-0.150025,-0.109086,0.284502,0.481394,-0.00893027,0.0185802,-0.0573678,0.0406819,0.129963,0.372694,0.102684,0.658057,0.0240644,-0.114708,0.870599,0.637602,0.0987318,-1.03326,-0.0599733,0.079015,0.0683154,-0.658574,-0.31689,0.0711606,0.0131764,0.703621,-0.38403,0.0299616,-0.301826,0.204067,-0.0503084,0.306675,-0.087267,-0.288836,-0.0478426,-0.176006,0.12298,0.456736,0.0940975,-0.081744,0.2618,-0.0251602,0.0450348,0.381825,0.326246,-0.160466,-0.0657978,0.635864,0.00303083,0.0490258,0.0475019,0.903,0.0364205,-0.0247709,-0.999029,0.6,0,0,3,3,3
-3.96803,5.80388,25.1274,-0.393532,1.46416,-0.219101,0.0142568,0.065103,-0.0553962,-3.96803,5.80388,25.1274,-0.393532,1.46416,-0.219101,0.0142568,0.065103,-0.0553962,-0.286831,0.109191,-0.0518923,0.7317,-0.387474,-0.0169201,-0.284539,0.141639,-0.0897146,0.359897,-0.087267,-0.311774,-0.0255008,-0.243428,0.188541,0.508588,0.189095,-0.037059,0.2618,-0.0275058,0.0525227,0.331155,0.349733,-0.169291,-0.0409735,0.636378,0.00282379,0.0530853,0.0428889,0,0,0,0,0,0,0,0,0,0,0,0,0,0,0,0,0,0,0,0,0,0,0,0,0,0,0,0,0,-0.391949,0.245953,0.055562,0.793751,-0.46071,0.0113887,-0.22887,0.197541,-0.066591,0.372091,-0.208678,-0.0804646,-0.0506827,-0.200424,-0.00484143,0.395723,0.282071,-0.00418332,0.322676,-0.0219718,0.125698,0.348152,0.191185,-0.188847,-0.10008,0.678828,-0.00201036,0.0476329,0.0343259,-2.25219,1.01752,0.952016,3.01033,-1.5889,-0.232646,-0.886049,0.433003,1.01898,-0.734071,-0.827421,2.64386,-1.6566,0.358728,-0.463668,0.356228,-0.34119,-0.393083,1.1675,-0.111391,-0.375108,0.704484,-0.0971895,1.08897,0.108998,1.06703,0.0796403,0.459846,0.0816666,8.75304,-9.28355,-4.34486,-28.2933,18.0212,0.936442,-0.996783,-0.479183,-1.32865,-1.23213,20.1021,-5.38452,1.50887,-0.234089,4.38747,0.498026,-2.52542,-1.57364,-3.81483,0.0531554,-0.828627,-0.179557,2.06521,-0.586227,0.449725,-1.88997,-0.0014729,-0.480325,0.144632,0,0,0,0,0,0,0,0,0,0,0,0,0,0,0,0,0,0,0,0,0,0,0,0,0,0,0,0,0,2.55789,2.55789,2.55789,6.3088,6.3088,1.81445,2.55789,2.55789,1.81445,6.3088,6.3088,0.907223,0.907223,1.81445,1.81445,0.907223,0.907223,1.81445,1.81445,0.907223,0.907223,0.907223,0.907223,0.907223,0.907223,1.06814,1.06814,1.06814,1.06814,40.1792,40.1792,40.1792,99.0984,99.0984,28.5012,40.1792,40.1792,28.5012,99.0984,99.0984,14.2506,14.2506,28.5012,28.5012,14.2506,14.2506,28.5012,28.5012,14.2506,14.2506,14.2506,14.2506,14.2506,14.2506,16.7783,16.7783,16.7783,16.7783,0,0,0,0,0,0,0,0,0,0,0,0,0,0,0,0,0,0,0,0,0,0,0,0,0,0,0,0,0,0,0,0,0,0,0,0,0,0,0,0,0,0,0,0,0,0,0,0,0,0,0,0,0,0,0,0,0,0,0,0,0,0,0,0,0,0,0,0,0,0,0,0,0,0,0,0,0,0,0,0,0,0,0,0,0,0,0,0,0,0,0,0,0,0,0,0,0,0,0,0,0,0,0,0,0,0,0,0,0,0,0,0,0,0,0,0,0,0.0142568,0.065103,-0.0553962,0.703612,0.341407,0.429892,-0.0248654,0.0700195,-0.555039,-0.0844982,-0.0934237,-0.0581444,0.289884,0.488292,0.0459666,0.0501524,-0.0627159,0.0379027,0.199419,0.25868,0.119757,0.712546,-0.0947724,-0.204558,0.755067,0.575683,0.178804,-0.881485,-0.0697936,0.163954,-0.0385795,-0.710876,-0.286831,0.109191,-0.0518923,0.7317,-0.387474,-0.0169201,-0.284539,0.141639,-0.0897146,0.359897,-0.087267,-0.311774,-0.0255008,-0.243428,0.188541,0.508588,0.189095,-0.037059,0.2618,-0.0275058,0.0525227,0.331155,0.349733,-0.169291,-0.0409735,0.636378,0.00282379,0.0530853,0.0428889,1.079,0.065057,-0.0142261,-0.99778,0.6,0,0,3,3,3
-0.176685,-0.487549,14.8241,-0.336555,1.33766,0.0642928,0.00741911,0.0936329,-0.0563871,-0.176685,-0.487549,14.8241,-0.336555,1.33766,0.0642928,0.00741911,0.0936329,-0.0563871,-0.356299,0.0854056,-0.0171195,0.794101,-0.419301,-0.0408235,-0.268112,0.171923,-0.0481849,0.405285,-0.087267,-0.344275,-0.0030861,-0.281695,0.139634,0.582517,0.344474,0.0194146,0.2618,-0.0228961,0.0942296,0.351271,0.287266,-0.233275,-0.0843915,0.63543,0.00226255,0.0543644,0.0337287,0,0,0,0,0,0,0,0,0,0,0,0,0,0,0,0,0,0,0,0,0,0,0,0,0,0,0,0,0,-0.42974,0.265211,0.0633628,0.836696,-0.48052,0.00652951,-0.251691,0.209435,-0.0540801,0.368829,-0.203732,-0.0516804,-0.0755266,-0.199396,-0.0161246,0.402666,0.264801,-0.00964366,0.335376,-0.02496,0.119486,0.347042,0.196759,-0.169112,-0.0885091,0.692383,-0.000722312,0.0555504,0.035397,-1.54428,0.687696,0.0312302,1.45507,-0.545901,-0.204873,-1.11481,0.484617,0.258867,0.087058,0.572335,0.683725,-0.859579,0.0379438,-0.619707,0.373378,-1.08956,-0.302356,0.254984,-0.148,-0.33739,-0.301673,0.585392,0.992889,0.804097,0.405498,0.0519504,0.31647,0.0761095,9.76339,-8.17747,-4.86725,-20.2022,13.1078,-0.281375,1.52299,-4.04475,-1.61067,-1.27794,8.15327,-4.42216,1.54158,-1.28669,6.91464,1.1861,-0.15017,-0.284303,-2.66389,0.0986871,-0.671062,0.0324785,1.7242,-0.864442,-0.00808599,-1.41053,0.00358934,-0.389916,0.0549023,0,0,0,0,0,0,0,0,0,0,0,0,0,0,0,0,0,0,0,0,0,0,0,0,0,0,0,0,0,2.55789,2.55789,2.55789,6.3088,6.3088,1.81445,2.55789,2.55789,1.81445,6.3088,6.3088,0.907223,0.907223,1.81445,1.81445,0.907223,0.907223,1.81445,1.81445,0.907223,0.907223,0.907223,0.907223,0.907223,0.907223,1.06814,1.06814,1.06814,1.06814,40.1792,40.1792,40.1792,99.0984,99.0984,28.5012,40.1792,40.1792,28.5012,99.0984,99.0984,14.2506,14.2506,28.5012,28.5012,14.2506,14.2506,28.5012,28.5012,14.2506,14.2506,14.2506,14.2506,14.2506,14.2506,16.7783,16.7783,16.7783,16.7783,0,0,0,0,0,0,0,0,0,0,0,0,0,0,0,0,0,0,0,0,0,0,0,0,0,0,0,0,0,0,0,0,0,0,0,0,0,0,0,0,0,0,0,0,0,0,0,0,0,0,0,0,0,0,0,0,0,0,0,0,0,0,0,0,0,0,0,0,0,0,0,0,0,0,0,0,0,0,0,0,0,0,0,0,0,0,0,0,0,0,0,0,0,0,0,0,0,0,0,0,0,0,0,0,0,0,0,0,0,0,0,0,0,0,0,0,0,0.00741911,0.0936329,-0.0563871,0.872177,0.198975,0.318378,0.329414,-0.0758703,-0.642293,0.0442672,-0.192421,-0.00703662,0.45991,0.475559,-0.0809041,0.0801534,-0.0522054,0.0303694,0.155979,0.313988,0.214853,0.729715,-0.0312659,-0.109866,0.800932,0.452729,0.356756,-0.75205,-0.160558,0.000125217,-0.0930817,-0.784981,-0.356299,0.0854056,-0.0171195,0.794101,-0.419301,-0.0408235,-0.268112,0.171923,-0.0481849,0.405285,-0.087267,-0.344275,-0.0030861,-0.281695,0.139634,0.582517,0.344474,0.0194146,0.2618,-0.0228961,0.0942296,0.351271,0.287266,-0.233275,-0.0843915,0.63543,0.00226255,0.0543644,0.0337287,0.741,0.0934962,-0.00738654,-0.995592,0.6,0,0,3,3,3
-0.493712,0.0230651,10.1516,-0.301968,1.10931,0.00806856,0.000244618,0.120475,-0.0556845,-0.493712,0.0230651,10.1516,-0.301968,1.10931,0.00806856,0.000244618,0.120475,-0.0556845,-0.406233,0.101313,-0.0159709,0.756912,-0.461033,-0.0348885,-0.234496,0.119999,-0.0189663,0.407798,-0.087267,-0.360129,0.00410664,-0.296265,0.10249,0.613658,0.395861,0.0311988,0.2618,-0.0236944,0.104795,0.389639,0.276991,-0.289405,-0.113542,0.637405,0.00115355,0.0544022,0.016894,0,0,0,0,0,0,0,0,0,0,0,0,0,0,0,0,0,0,0,0,0,0,0,0,0,0,0,0,0,-0.458488,0.273546,0.05776,0.859555,-0.486834,0.00301046,-0.274783,0.216649,-0.0561142,0.37685,-0.195159,-0.0530368,-0.0835141,-0.197786,-0.0309547,0.416225,0.239646,-0.012621,0.329817,-0.0264588,0.117909,0.343469,0.211495,-0.146503,-0.0729034,0.697769,0.000131979,0.0612876,0.0366041,-1.13022,0.164016,-0.43856,0.790275,-0.141744,-0.113827,-0.932904,0.210209,-0.316522,0.474807,0.24077,-0.442864,-0.0306524,0.0691081,-0.701331,0.735933,-1.10091,-0.0888912,-0.384852,-0.0355985,-0.0454505,-0.0765761,0.720333,1.02307,0.596952,0.151789,0.0340383,0.207218,0.0364025,6.99426,-8.06467,-1.99249,-11.5849,7.70317,-1.03013,2.65938,-2.37826,0.72072,-0.0615317,9.06795,-3.7975,1.21946,-2.51752,6.09611,1.73317,2.47494,1.06536,-1.25726,0.0847457,-0.304127,0.184954,0.457787,-2.14097,-0.706084,-1.21648,-7.79729e-05,-0.342102,-0.0884278,0,0,0,0,0,0,0,0,0,0,0,0,0,0,0,0,0,0,0,0,0,0,0,0,0,0,0,0,0,2.55789,2.55789,2.55789,6.3088,6.3088,1.81445,2.55789,2.55789,1.81445,6.3088,6.3088,0.907223,0.907223,1.81445,1.81445,0.907223,0.907223,1.81445,1.81445,0.907223,0.907223,0.907223,0.907223,0.907223,0.907223,1.06814,1.06814,1.06814,1.06814,40.1792,40.1792,40.1792,99.0984,99.0984,28.5012,40.1792,40.1792,28.5012,99.0984,99.0984,14.2506,14.2506,28.5012,28.5012,14.2506,14.2506,28.5012,28.5012,14.2506,14.2506,14.2506,14.2506,14.2506,14.2506,16.7783,16.7783,16.7783,16.7783,0,0,0,0,0,0,0,0,0,0,0,0,0,0,0,0,0,0,0,0,0,0,0,0,0,0,0,0,0,0,0,0,0,0,0,0,0,0,0,0,0,0,0,0,0,0,0,0,0,0,0,0,0,0,0,0,0,0,0,0,0,0,0,0,0,0,0,0,0,0,0,0,0,0,0,0,0,0,0,0,0,0,0,0,0,0,0,0,0,0,0,0,0,0,0,0,0,0,0,0,0,0,0,0,0,0,0,0,0,0,0,0,0,0,0,0,0,0.000244618,0.120475,-0.0556845,0.94318,0.175546,0.233687,0.446583,-0.203851,-0.675515,0.0711364,-0.258887,0.00936354,0.519641,0.50207,-0.172101,0.141548,-0.0540256,0.0154838,0.18503,0.219158,0.238944,0.730222,-0.029168,-0.043245,0.888415,0.226762,0.250703,-0.744885,-0.279567,0.0881104,-0.0795492,-0.821129,-0.406233,0.101313,-0.0159709,0.756912,-0.461033,-0.0348885,-0.234496,0.119999,-0.0189663,0.407798,-0.087267,-0.360129,0.00410664,-0.296265,0.10249,0.613658,0.395861,0.0311988,0.2618,-0.0236944,0.104795,0.389639,0.276991,-0.289405,-0.113542,0.637405,0.00115355,0.0544022,0.016894,0.884,0.117981,-0.000840562,-0.993016,0.6,0,0,3,3,3
-0.304692,0.382252,10.1327,-0.211893,0.916298,-0.0372464,-0.00439479,0.138652,-0.0560763,-0.304692,0.382252,10.1327,-0.211893,0.916298,-0.0372464,-0.00439479,0.138652,-0.0560763,-0.440063,0.0231888,0.0487938,0.763195,-0.439649,-0.0489122,-0.244673,0.263752,-0.0621484,0.405944,-0.087267,-0.329159,0.0053751,-0.266525,0.0485083,0.592553,0.450201,0.053551,0.2618,-0.0176818,0.0964022,0.409123,0.219432,-0.319416,-0.149278,0.63457,0.000761624,0.0491405,0.0132754,0,0,0,0,0,0,0,0,0,0,0,0,0,0,0,0,0,0,0,0,0,0,0,0,0,0,0,0,0,-0.474468,0.273395,0.0487693,0.870114,-0.487966,0.00193992,-0.287704,0.218259,-0.0634525,0.385065,-0.19267,-0.0622815,-0.079979,-0.196679,-0.0448149,0.430767,0.221866,-0.0145895,0.322897,-0.0272375,0.118314,0.348811,0.224109,-0.129369,-0.0646661,0.70058,0.000529303,0.0642829,0.0345594,-0.732341,-0.123977,-0.526133,0.452298,-0.0132454,-0.0210832,-0.577121,0.00386424,-0.453228,0.429354,0.071181,-0.521268,0.334991,0.0488284,-0.774772,0.86153,-0.891879,-0.0976764,-0.346815,-0.0398134,0.0497385,0.425255,0.694031,0.872651,0.348312,0.158551,0.0175195,0.146801,-0.162778,4.63233,-6.66859,-1.30787,-14.1544,2.81406,-0.997828,3.63875,-4.00469,2.05082,-0.421281,9.92137,-3.78247,0.926815,-2.93281,5.5779,1.85919,3.28597,1.48504,-1.10458,0.0867949,-0.234506,0.208084,0.145775,-3.0686,-1.02354,-1.22534,-0.00801378,-0.321761,-0.128115,0,0,0,0,0,0,0,0,0,0,0,0,0,0,0,0,0,0,0,0,0,0,0,0,0,0,0,0,0,2.55789,2.55789,2.55789,6.3088,6.3088,1.81445,2.55789,2.55789,1.81445,6.3088,6.3088,0.907223,0.907223,1.81445,1.81445,0.907223,0.907223,1.81445,1.81445,0.907223,0.907223,0.907223,0.907223,0.907223,0.907223,1.06814,1.06814,1.06814,1.06814,40.1792,40.1792,40.1792,99.0984,99.0984,28.5012,40.1792,40.1792,28.5012,99.0984,99.0984,14.2506,14.2506,28.5012,28.5012,14.2506,14.2506,28.5012,28.5012,14.2506,14.2506,14.2506,14.2506,14.2506,14.2506,16.7783,16.7783,16.7783,16.7783,0,0,0,0,0,0,0,0,0,0,0,0,0,0,0,0,0,0,0,0,0,0,0,0,0,0,0,0,0,0,0,0,0,0,0,0,0,0,0,0,0,0,0,0,0,0,0,0,0,0,0,0,0,0,0,0,0,0,0,0,0,0,0,0,0,0,0,0,0,0,0,0,0,0,0,0,0,0,0,0,0,0,0,0,0,0,0,0,0,0,0,0,0,0,0,0,0,0,0,0,0,0,0,0,0,0,0,0,0,0,0,0,0,0,0,0,0,-0.00439479,0.138652,-0.0560763,0.895061,0.0443079,0.110604,0.570484,-0.272279,-0.607704,0.122102,-0.340368,0.0122558,0.571209,0.464027,-0.233885,0.122961,-0.0403162,0.010223,0.0423503,0.481697,0.219807,0.659596,0.0891136,-0.141705,0.932842,0.178192,0.268621,-0.750171,-0.218584,0.11431,-0.111525,-0.750515,-0.440063,0.0231888,0.0487938,0.763195,-0.439649,-0.0489122,-0.244673,0.263752,-0.0621484,0.405944,-0.087267,-0.329159,0.0053751,-0.266525,0.0485083,0.592553,0.450201,0.053551,0.2618,-0.0176818,0.0964022,0.409123,0.219432,-0.319416,-0.149278,0.63457,0.000761624,0.0491405,0.0132754,0.721,0.138209,0.0043526,-0.990394,0.6,0,0,3,3,3
-1.72782,0.421442,9.80572,-0.140485,0.807846,-0.28618,-0.00826831,0.155873,-0.0593655,-1.72782,0.421442,9.80572,-0.140485,0.807846,-0.28618,-0.00826831,0.155873,-0.0593655,-0.450073,0.0192745,0.0448011,0.806014,-0.433998,-0.0427515,-0.246821,0.325057,-0.0937519,0.379227,-0.087267,-0.30333,-0.00810898,-0.218815,0.0373892,0.585316,0.453521,0.0533348,0.2618,-0.0173387,0.0840027,0.403068,0.213444,-0.279479,-0.136739,0.636265,0.000223884,0.0521356,0.0237183,0,0,0,0,0,0,0,0,0,0,0,0,0,0,0,0,0,0,0,0,0,0,0,0,0,0,0,0,0,-0.486107,0.270014,0.0405918,0.876674,-0.487035,0.00211969,-0.298003,0.21748,-0.0701959,0.393706,-0.19192,-0.0721766,-0.071638,-0.195207,-0.0608369,0.44924,0.206871,-0.0134872,0.317248,-0.0268032,0.117629,0.359945,0.233172,-0.114609,-0.0706965,0.696564,0.00314697,0.059601,0.0290267,-0.498883,-0.177335,-0.297046,0.246841,0.0837,0.0248813,-0.499012,-0.0550605,-0.225003,0.417745,0.0294824,-0.461098,0.472346,0.0979068,-0.782308,0.982337,-0.603787,0.140994,-0.235403,0.0417978,-0.0607838,0.585649,0.177378,0.524678,-0.698227,-0.611661,0.214006,-0.458308,-0.295879,3.12218,-9.4822,1.09796,-12.8416,4.22197,-1.49513,3.40317,1.99193,0.651628,-1.41415,10.1896,-3.25263,0.696939,-2.20134,4.50753,1.18693,4.03447,1.67439,-1.14432,0.0931515,-0.246798,0.178728,-0.409216,-3.43626,-0.503696,-0.449423,-0.259198,0.313719,0.0772207,0,0,0,0,0,0,0,0,0,0,0,0,0,0,0,0,0,0,0,0,0,0,0,0,0,0,0,0,0,2.55789,2.55789,2.55789,6.3088,6.3088,1.81445,2.55789,2.55789,1.81445,6.3088,6.3088,0.907223,0.907223,1.81445,1.81445,0.907223,0.907223,1.81445,1.81445,0.907223,0.907223,0.907223,0.907223,0.907223,0.907223,1.06814,1.06814,1.06814,1.06814,40.1792,40.1792,40.1792,99.0984,99.0984,28.5012,40.1792,40.1792,28.5012,99.0984,99.0984,14.2506,14.2506,28.5012,28.5012,14.2506,14.2506,28.5012,28.5012,14.2506,14.2506,14.2506,14.2506,14.2506,14.2506,16.7783,16.7783,16.7783,16.7783,0,0,0,0,0,0,0,0,0,0,0,0,0,0,0,0,0,0,0,0,0,0,0,0,0,0,0,0,0,0,0,0,0,0,0,0,0,0,0,0,0,0,0,0,0,0,0,0,0,0,0,0,0,0,0,0,0,0,0,0,0,0,0,0,0,0,0,0,0,0,0,0,0,0,0,0,0,0,0,0,0,0,0,0,0,0,0,0,0,0,0,0,0,0,0,0,0,0,0,0,0,0,0,0,0,0,0,0,0,0,0,0,0,0,0,0,0,-0.00826831,0.155873,-0.0593655,0.878558,0.0306538,0.085251,0.578052,-0.181219,-0.498921,0.121609,-0.311778,-0.0184893,0.553319,0.486768,-0.252168,0.119039,-0.039534,0.00300512,0.0352017,0.593662,0.191535,0.699799,0.0818215,-0.213764,0.919035,0.318363,0.390729,-0.826363,-0.202467,0.208101,-0.0974778,-0.691623,-0.450073,0.0192745,0.0448011,0.806014,-0.433998,-0.0427515,-0.246821,0.325057,-0.0937519,0.379227,-0.087267,-0.30333,-0.00810898,-0.218815,0.0373892,0.585316,0.453521,0.0533348,0.2618,-0.0173387,0.0840027,0.403068,0.213444,-0.279479,-0.136739,0.636265,0.000223884,0.0521356,0.0237183,0.687,0.155242,0.00816798,-0.987843,0.6,0,0,3,3,3
-1.73818,-0.0385196,9.26448,-0.147398,0.647017,-0.346011,-0.0121746,0.170105,-0.0664591,-1.73818,-0.0385196,9.26448,-0.147398,0.647017,-0.346011,-0.0121746,0.170105,-0.0664591,-0.453117,-0.00893217,0.0201349,0.881917,-0.421824,-0.0454235,-0.265142,0.318251,-0.100709,0.358031,-0.087267,-0.30636,-0.00575393,-0.196471,0.0387999,0.578127,0.42184,0.0480078,0.2618,-0.0157878,0.0853269,0.3975,0.213491,-0.249862,-0.133087,0.636387,0.000357242,0.0551574,0.0346774,0,0,0,0,0,0,0,0,0,0,0,0,0,0,0,0,0,0,0,0,0,0,0,0,0,0,0,0,0,-0.497201,0.267699,0.0320928,0.883127,-0.485809,0.00281479,-0.305326,0.218134,-0.0757101,0.397209,-0.189839,-0.0797393,-0.0600826,-0.195443,-0.0750683,0.468957,0.199633,-0.0106809,0.313585,-0.0260834,0.114573,0.368951,0.231079,-0.110305,-0.0816287,0.684551,0.00562379,0.0538225,0.0274338,-0.572755,-0.0689567,-0.496052,0.37577,0.0400414,0.0414928,-0.275119,0.093725,-0.302536,0.0416668,0.128534,-0.345659,0.602154,-0.0698311,-0.664966,0.944328,-0.150413,0.129139,-0.150792,0.0333501,-0.172974,0.363633,-0.308291,-0.00130427,-0.387861,-0.435691,0.0335915,-0.152464,-0.0240511,3.32179,-9.79085,1.72466,-9.89776,4.86632,-1.36966,3.07153,4.08717,0.0167203,-2.13317,9.37744,-2.88007,0.20551,-0.55353,4.3889,0.812648,3.79362,1.59295,-1.19663,0.0946159,-0.279696,0.153239,-0.0153377,-2.44616,-0.414031,-0.302909,-0.141946,0.160589,-0.0369053,0,0,0,0,0,0,0,0,0,0,0,0,0,0,0,0,0,0,0,0,0,0,0,0,0,0,0,0,0,2.55789,2.55789,2.55789,6.3088,6.3088,1.81445,2.55789,2.55789,1.81445,6.3088,6.3088,0.907223,0.907223,1.81445,1.81445,0.907223,0.907223,1.81445,1.81445,0.907223,0.907223,0.907223,0.907223,0.907223,0.907223,1.06814,1.06814,1.06814,1.06814,40.1792,40.1792,40.1792,99.0984,99.0984,28.5012,40.1792,40.1792,28.5012,99.0984,99.0984,14.2506,14.2506,28.5012,28.5012,14.2506,14.2506,28.5012,28.5012,14.2506,14.2506,14.2506,14.2506,14.2506,14.2506,16.7783,16.7783,16.7783,16.7783,0,0,0,0,0,0,0,0,0,0,0,0,0,0,0,0,0,0,0,0,0,0,0,0,0,0,0,0,0,0,0,0,0,0,0,0,0,0,0,0,0,0,0,0,0,0,0,0,0,0,0,0,0,0,0,0,0,0,0,0,0,0,0,0,0,0,0,0,0,0,0,0,0,0,0,0,0,0,0,0,0,0,0,0,0,0,0,0,0,0,0,0,0,0,0,0,0,0,0,0,0,0,0,0,0,0,0,0,0,0,0,0,0,0,0,0,0,-0.0121746,0.170105,-0.0664591,0.862167,0.030762,0.0884677,0.505817,-0.113691,-0.447973,0.109463,-0.303452,-0.0131195,0.55493,0.488409,-0.257725,0.0855784,-0.0359977,0.00479514,-0.0163131,0.581231,0.194554,0.740359,0.036773,-0.229627,0.906339,0.465464,0.607186,-0.886807,-0.16775,0.199638,-0.10357,-0.698531,-0.453117,-0.00893217,0.0201349,0.881917,-0.421824,-0.0454235,-0.265142,0.318251,-0.100709,0.358031,-0.087267,-0.30636,-0.00575393,-0.196471,0.0387999,0.578127,0.42184,0.0480078,0.2618,-0.0157878,0.0853269,0.3975,0.213491,-0.249862,-0.133087,0.636387,0.000357242,0.0551574,0.0346774,0.956,0.169286,0.0119986,-0.985494,0.6,0,0,3,3,3
-2.29458,-0.111358,8.73497,-0.166175,0.521356,-0.16992,-0.0161689,0.18131,-0.07191,-2.29458,-0.111358,8.73497,-0.166175,0.521356,-0.16992,-0.0161689,0.18131,-0.07191,-0.476495,0.00262453,-0.0149595,0.923531,-0.427727,-0.0435144,-0.303071,0.22421,-0.0770552,0.369694,-0.087267,-0.324999,0.0134115,-0.229699,0.0217664,0.575219,0.405671,0.0435168,0.2618,-0.0169916,0.0790615,0.397867,0.234094,-0.245793,-0.134248,0.635527,6.69228e-05,0.0579277,0.035228,0,0,0,0,0,0,0,0,0,0,0,0,0,0,0,0,0,0,0,0,0,0,0,0,0,0,0,0,0,-0.512511,0.267242,0.0171008,0.89459,-0.486145,0.00353246,-0.309878,0.221854,-0.0849869,0.395052,-0.186774,-0.0853756,-0.0474336,-0.199996,-0.0859998,0.485623,0.200532,-0.00795942,0.310624,-0.0250354,0.111936,0.374016,0.222978,-0.113638,-0.0882975,0.67908,0.00544356,0.0535878,0.0293123,-0.835924,0.00946524,-0.869958,0.687346,-0.0566304,0.0421827,-0.184563,0.238393,-0.540157,-0.157239,0.148702,-0.22889,0.597243,-0.304684,-0.509893,0.702515,0.200786,0.145822,-0.133401,0.0535637,-0.111656,0.19881,-0.468517,-0.27175,-0.285207,-0.121797,-0.0466962,0.0729039,0.117726,4.46375,-11.1063,2.2574,-5.3745,6.68067,-1.46605,2.27986,3.29838,0.493949,-2.69862,8.92644,-2.93712,0.0508078,0.626405,4.45172,0.669243,3.00925,1.34359,-1.14686,0.0836584,-0.277738,0.153318,0.266844,-1.71949,-0.377388,-0.552276,-0.0458704,-0.0313926,-0.0340372,0,0,0,0,0,0,0,0,0,0,0,0,0,0,0,0,0,0,0,0,0,0,0,0,0,0,0,0,0,2.55789,2.55789,2.55789,6.3088,6.3088,1.81445,2.55789,2.55789,1.81445,6.3088,6.3088,0.907223,0.907223,1.81445,1.81445,0.907223,0.907223,1.81445,1.81445,0.907223,0.907223,0.907223,0.907223,0.907223,0.907223,1.06814,1.06814,1.06814,1.06814,40.1792,40.1792,40.1792,99.0984,99.0984,28.5012,40.1792,40.1792,28.5012,99.0984,99.0984,14.2506,14.2506,28.5012,28.5012,14.2506,14.2506,28.5012,28.5012,14.2506,14.2506,14.2506,14.2506,14.2506,14.2506,16.7783,16.7783,16.7783,16.7783,0,0,0,0,0,0,0,0,0,0,0,0,0,0,0,0,0,0,0,0,0,0,0,0,0,0,0,0,0,0,0,0,0,0,0,0,0,0,0,0,0,0,0,0,0,0,0,0,0,0,0,0,0,0,0,0,0,0,0,0,0,0,0,0,0,0,0,0,0,0,0,0,0,0,0,0,0,0,0,0,0,0,0,0,0,0,0,0,0,0,0,0,0,0,0,0,0,0,0,0,0,0,0,0,0,0,0,0,0,0,0,0,0,0,0,0,0,-0.0161689,0.18131,-0.07191,0.855536,0.077738,0.0496297,0.46895,-0.104412,-0.523736,0.0992226,-0.306099,0.0305795,0.562139,0.476872,-0.300421,0.0163067,-0.0387426,0.000898282,0.00479326,0.409482,0.180268,0.777543,-0.027321,-0.175693,0.907177,0.472853,0.72586,-0.853548,-0.184585,0.17509,-0.0992172,-0.74103,-0.476495,0.00262453,-0.0149595,0.923531,-0.427727,-0.0435144,-0.303071,0.22421,-0.0770552,0.369694,-0.087267,-0.324999,0.0134115,-0.229699,0.0217664,0.575219,0.405671,0.0435168,0.2618,-0.0169916,0.0790615,0.397867,0.234094,-0.245793,-0.134248,0.635527,6.69228e-05,0.0579277,0.035228,0.608,0.180318,0.0159031,-0.98348,0.6,0,0,3,3,3
-2.93428,0.0600045,8.65154,-0.163868,0.486794,0.0772981,-0.0196164,0.191,-0.072791,-2.93428,0.0600045,8.65154,-0.163868,0.486794,0.0772981,-0.0196164,0.191,-0.072791,-0.455398,-0.019381,-0.0200846,0.942366,-0.395149,-0.0466684,-0.322682,0.164186,-0.0729682,0.378837,-0.087267,-0.339496,0.0302296,-0.244538,0.0194574,0.590318,0.361552,0.0242955,0.2618,-0.0183068,0.0711013,0.375141,0.248675,-0.209989,-0.116778,0.633522,0.000325934,0.059269,0.0347407,0,0,0,0,0,0,0,0,0,0,0,0,0,0,0,0,0,0,0,0,0,0,0,0,0,0,0,0,0,-0.532687,0.266888,-0.00312289,0.911361,-0.488148,0.00440009,-0.316065,0.226502,-0.098046,0.394552,-0.185085,-0.0877103,-0.036875,-0.207526,-0.0941327,0.496392,0.207688,-0.00509152,0.308204,-0.024347,0.10876,0.377594,0.214657,-0.120983,-0.093516,0.677214,0.00417209,0.0564834,0.0314976,-1.05175,-0.0355475,-1.06221,0.914657,-0.126596,0.0569703,-0.35054,0.217747,-0.699286,0.0771247,0.0462423,0.00224844,0.450028,-0.412435,-0.408799,0.375425,0.467376,0.156831,-0.108872,0.0315908,-0.171574,0.160849,-0.389578,-0.429989,-0.257199,-0.0583312,-0.0620595,0.151872,0.0940975,4.88571,-10.5353,2.1606,-4.34257,6.7392,-1.45924,1.39671,-0.641401,1.82724,-2.82098,9.37927,-3.35893,0.300248,0.0885668,3.9996,0.757065,2.43102,1.11815,-1.1243,0.0772267,-0.270412,0.144027,0.621471,-1.4108,-0.355029,-0.626899,-0.00288437,-0.135779,-0.0392205,0,0,0,0,0,0,0,0,0,0,0,0,0,0,0,0,0,0,0,0,0,0,0,0,0,0,0,0,0,2.55789,2.55789,2.55789,6.3088,6.3088,1.81445,2.55789,2.55789,1.81445,6.3088,6.3088,0.907223,0.907223,1.81445,1.81445,0.907223,0.907223,1.81445,1.81445,0.907223,0.907223,0.907223,0.907223,0.907223,0.907223,1.06814,1.06814,1.06814,1.06814,40.1792,40.1792,40.1792,99.0984,99.0984,28.5012,40.1792,40.1792,28.5012,99.0984,99.0984,14.2506,14.2506,28.5012,28.5012,14.2506,14.2506,28.5012,28.5012,14.2506,14.2506,14.2506,14.2506,14.2506,14.2506,16.7783,16.7783,16.7783,16.7783,0,0,0,0,0,0,0,0,0,0,0,0,0,0,0,0,0,0,0,0,0,0,0,0,0,0,0,0,0,0,0,0,0,0,0,0,0,0,0,0,0,0,0,0,0,0,0,0,0,0,0,0,0,0,0,0,0,0,0,0,0,0,0,0,0,0,0,0,0,0,0,0,0,0,0,0,0,0,0,0,0,0,0,0,0,0,0,0,0,0,0,0,0,0,0,0,0,0,0,0,0,0,0,0,0,0,0,0,0,0,0,0,0,0,0,0,0,-0.0196164,0.191,-0.072791,0.889965,0.110984,0.0443649,0.368354,-0.022776,-0.557571,0.0553961,-0.266265,0.0689264,0.559309,0.44995,-0.261892,-0.0195082,-0.0417413,0.0043749,-0.0353962,0.299857,0.162118,0.795548,-0.036681,-0.166375,0.855359,0.466313,0.779573,-0.827473,-0.0916804,0.203101,-0.106409,-0.774085,-0.455398,-0.019381,-0.0200846,0.942366,-0.395149,-0.0466684,-0.322682,0.164186,-0.0729682,0.378837,-0.087267,-0.339496,0.0302296,-0.244538,0.0194574,0.590318,0.361552,0.0242955,0.2618,-0.0183068,0.0711013,0.375141,0.248675,-0.209989,-0.116778,0.633522,0.000325934,0.059269,0.0347407,0.786,0.18984,0.0192584,-0.981626,0.6,0,0,3,3,3
-3.18964,0.017021,9.56417,-0.168146,0.549694,0.288502,-0.0222221,0.201561,-0.0689906,-3.18964,0.017021,9.56417,-0.168146,0.549694,0.288502,-0.0222221,0.201561,-0.0689906,-0.44671,-0.0554601,-0.00228385,0.964591,-0.351761,-0.0539776,-0.333036,0.145232,-0.0674982,0.380438,-0.087267,-0.354302,0.0474066,-0.240563,0.0105988,0.592965,0.329606,0.0104408,0.2618,-0.0176336,0.0553379,0.35933,0.245611,-0.191734,-0.109287,0.631404,0.000866803,0.0584423,0.0334134,0,0,0,0,0,0,0,0,0,0,0,0,0,0,0,0,0,0,0,0,0,0,0,0,0,0,0,0,0,-0.552474,0.263934,-0.0241102,0.929108,-0.48948,0.00591059,-0.32353,0.228559,-0.112481,0.399454,-0.185452,-0.0845575,-0.0292994,-0.214737,-0.103981,0.499966,0.219013,-0.002811,0.306296,-0.0238525,0.104073,0.37647,0.207364,-0.130051,-0.0977347,0.676051,0.00311522,0.0595081,0.0324677,-0.916727,-0.224667,-1.01802,0.841343,-0.0278227,0.089564,-0.36793,0.020508,-0.721649,0.339054,-0.0445961,0.277322,0.318359,-0.323179,-0.558665,0.0258443,0.616365,0.083976,-0.0917566,0.0230339,-0.245784,-0.137349,-0.345639,-0.460855,-0.183163,-0.0487989,-0.0466067,0.137165,0.0323314,6.21846,-10.8568,2.71107,-3.90422,9.55302,-1.65104,0.958622,-2.67174,2.40221,-4.04084,9.99546,-3.8567,0.553927,-0.270289,4.47833,1.23554,1.49516,0.620415,-1.10605,0.0588084,-0.250471,0.0995686,0.896198,-0.734688,-0.107001,-0.65817,0.00279863,-0.150189,0.00324335,0,0,0,0,0,0,0,0,0,0,0,0,0,0,0,0,0,0,0,0,0,0,0,0,0,0,0,0,0,2.55789,2.55789,2.55789,6.3088,6.3088,1.81445,2.55789,2.55789,1.81445,6.3088,6.3088,0.907223,0.907223,1.81445,1.81445,0.907223,0.907223,1.81445,1.81445,0.907223,0.907223,0.907223,0.907223,0.907223,0.907223,1.06814,1.06814,1.06814,1.06814,40.1792,40.1792,40.1792,99.0984,99.0984,28.5012,40.1792,40.1792,28.5012,99.0984,99.0984,14.2506,14.2506,28.5012,28.5012,14.2506,14.2506,28.5012,28.5012,14.2506,14.2506,14.2506,14.2506,14.2506,14.2506,16.7783,16.7783,16.7783,16.7783,0,0,0,0,0,0,0,0,0,0,0,0,0,0,0,0,0,0,0,0,0,0,0,0,0,0,0,0,0,0,0,0,0,0,0,0,0,0,0,0,0,0,0,0,0,0,0,0,0,0,0,0,0,0,0,0,0,0,0,0,0,0,0,0,0,0,0,0,0,0,0,0,0,0,0,0,0,0,0,0,0,0,0,0,0,0,0,0,0,0,0,0,0,0,0,0,0,0,0,0,0,0,0,0,0,0,0,0,0,0,0,0,0,0,0,0,0,-0.0222221,0.201561,-0.0689906,0.895999,0.103999,0.0241663,0.295515,0.0188465,-0.548507,0.0238061,-0.249185,0.108092,0.557382,0.421526,-0.246025,-0.0384193,-0.0402063,0.0116348,-0.101288,0.265241,0.126176,0.784452,-0.00417106,-0.153903,0.819309,0.448497,0.842952,-0.822909,0.0320495,0.210205,-0.123074,-0.807844,-0.44671,-0.0554601,-0.00228385,0.964591,-0.351761,-0.0539776,-0.333036,0.145232,-0.0674982,0.380438,-0.087267,-0.354302,0.0474066,-0.240563,0.0105988,0.592965,0.329606,0.0104408,0.2618,-0.0176336,0.0553379,0.35933,0.245611,-0.191734,-0.109287,0.631404,0.000866803,0.0584423,0.0334134,0.6,0.200199,0.0217705,-0.979513,0.6,0,0,3,3,3
-3.25353,0.200534,10.0479,-0.168923,0.627028,0.408939,-0.0241943,0.213711,-0.0619253,-3.25353,0.200534,10.0479,-0.168923,0.627028,0.408939,-0.0241943,0.213711,-0.0619253,-0.425091,-0.0679049,0.0124475,0.96995,-0.314364,-0.0577567,-0.3335,0.127702,-0.080837,0.383554,-0.087267,-0.364019,0.0579404,-0.235035,0.00724613,0.602884,0.322912,0.00781204,0.2618,-0.0204169,0.05269,0.333952,0.260378,-0.17925,-0.0993959,0.631107,0.000692599,0.0583117,0.0325975,0,0,0,0,0,0,0,0,0,0,0,0,0,0,0,0,0,0,0,0,0,0,0,0,0,0,0,0,0,-0.569042,0.256217,-0.04468,0.944556,-0.487325,0.00737537,-0.330766,0.226563,-0.126051,0.408065,-0.186812,-0.0777968,-0.0240096,-0.219391,-0.11708,0.497308,0.23129,-0.00183644,0.304811,-0.0231861,0.096605,0.371284,0.20008,-0.138749,-0.100742,0.675462,0.00240646,0.061835,0.0325443,-0.738321,-0.494316,-1.02797,0.688095,0.170602,0.0727403,-0.352486,-0.172852,-0.623743,0.471285,-0.0651115,0.372646,0.202187,-0.175215,-0.709256,-0.24348,0.586805,0.0216265,-0.0838637,0.0378983,-0.400102,-0.287414,-0.372208,-0.41226,-0.128206,-0.0223728,-0.0301715,0.102973,-0.00378314,6.79685,-11.3347,4.27175,-2.35254,12.4259,-1.87381,0.788943,-2.86582,2.79095,-5.6042,10.2895,-4.26392,0.824357,-0.280343,4.87518,1.55772,0.876761,0.30559,-1.08563,0.0459263,-0.231523,0.0861961,0.976434,-0.388382,-0.00546371,-0.715128,0.00628353,-0.166397,0.0185919,0,0,0,0,0,0,0,0,0,0,0,0,0,0,0,0,0,0,0,0,0,0,0,0,0,0,0,0,0,2.55789,2.55789,2.55789,6.3088,6.3088,1.81445,2.55789,2.55789,1.81445,6.3088,6.3088,0.907223,0.907223,1.81445,1.81445,0.907223,0.907223,1.81445,1.81445,0.907223,0.907223,0.907223,0.907223,0.907223,0.907223,1.06814,1.06814,1.06814,1.06814,40.1792,40.1792,40.1792,99.0984,99.0984,28.5012,40.1792,40.1792,28.5012,99.0984,99.0984,14.2506,14.2506,28.5012,28.5012,14.2506,14.2506,28.5012,28.5012,14.2506,14.2506,14.2506,14.2506,14.2506,14.2506,16.7783,16.7783,16.7783,16.7783,0,0,0,0,0,0,0,0,0,0,0,0,0,0,0,0,0,0,0,0,0,0,0,0,0,0,0,0,0,0,0,0,0,0,0,0,0,0,0,0,0,0,0,0,0,0,0,0,0,0,0,0,0,0,0,0,0,0,0,0,0,0,0,0,0,0,0,0,0,0,0,0,0,0,0,0,0,0,0,0,0,0,0,0,0,0,0,0,0,0,0,0,0,0,0,0,0,0,0,0,0,0,0,0,0,0,0,0,0,0,0,0,0,0,0,0,0,-0.0241943,0.213711,-0.0619253,0.918616,0.137669,0.0165219,0.280251,0.047313,-0.535903,0.0178122,-0.226633,0.13211,0.548447,0.417536,-0.206541,-0.0392652,-0.0465526,0.00929652,-0.124017,0.233226,0.120139,0.782699,0.0227332,-0.184316,0.761444,0.437545,0.858236,-0.81402,0.138697,0.237051,-0.131691,-0.83,-0.425091,-0.0679049,0.0124475,0.96995,-0.314364,-0.0577567,-0.3335,0.127702,-0.080837,0.383554,-0.087267,-0.364019,0.0579404,-0.235035,0.00724613,0.602884,0.322912,0.00781204,0.2618,-0.0204169,0.05269,0.333952,0.260378,-0.17925,-0.0993959,0.631107,0.000692599,0.0583117,0.0325975,0.737,0.212088,0.0236416,-0.976965,0.6,0,0,3,3,3
-3.16244,0.148839,10.369,-0.173341,0.688796,0.487593,-0.0257164,0.227386,-0.0529501,-3.16244,0.148839,10.369,-0.173341,0.688796,0.487593,-0.0257164,0.227386,-0.0529501,-0.406505,-0.0772569,0.034746,0.976807,-0.285718,-0.0638875,-0.335328,0.146199,-0.101039,0.390524,-0.087267,-0.364073,0.0641839,-0.233196,-0.00161578,0.613956,0.340556,0.0173764,0.2618,-0.0211041,0.0565685,0.309881,0.273012,-0.172181,-0.0935696,0.631831,0.000409158,0.058924,0.0331611,0,0,0,0,0,0,0,0,0,0,0,0,0,0,0,0,0,0,0,0,0,0,0,0,0,0,0,0,0,-0.5812,0.244205,-0.0632399,0.956186,-0.480876,0.00819774,-0.336921,0.220915,-0.13702,0.418139,-0.188048,-0.0708601,-0.0213146,-0.220708,-0.133268,0.489969,0.241924,-0.00122237,0.302741,-0.0230127,0.0888391,0.36125,0.19246,-0.146018,-0.10199,0.674763,0.00183734,0.0635062,0.0320965,-0.520477,-0.656956,-0.838251,0.494201,0.413697,0.0158952,-0.279986,-0.347645,-0.484507,0.500564,-0.0428084,0.316354,0.0743083,-0.000391988,-0.848034,-0.44738,0.481917,0.011696,-0.114911,0.000371361,-0.359739,-0.540624,-0.372361,-0.321597,-0.0206444,-0.0500593,-0.0257776,0.0698206,-0.0211814,7.60198,-10.9277,5.16923,-1.77834,14.041,-1.91405,0.841169,-2.90518,2.47912,-6.52434,10.2916,-4.46339,1.05083,-0.392478,5.49607,1.99023,0.718354,0.227979,-0.968846,0.03682,-0.191285,0.0955692,1.29903,-0.182928,0.0609045,-0.684074,0.00826183,-0.162381,0.0322721,0,0,0,0,0,0,0,0,0,0,0,0,0,0,0,0,0,0,0,0,0,0,0,0,0,0,0,0,0,2.55789,2.55789,2.55789,6.3088,6.3088,1.81445,2.55789,2.55789,1.81445,6.3088,6.3088,0.907223,0.907223,1.81445,1.81445,0.907223,0.907223,1.81445,1.81445,0.907223,0.907223,0.907223,0.907223,0.907223,0.907223,1.06814,1.06814,1.06814,1.06814,40.1792,40.1792,40.1792,99.0984,99.0984,28.5012,40.1792,40.1792,28.5012,99.0984,99.0984,14.2506,14.2506,28.5012,28.5012,14.2506,14.2506,28.5012,28.5012,14.2506,14.2506,14.2506,14.2506,14.2506,14.2506,16.7783,16.7783,16.7783,16.7783,0,0,0,0,0,0,0,0,0,0,0,0,0,0,0,0,0,0,0,0,0,0,0,0,0,0,0,0,0,0,0,0,0,0,0,0,0,0,0,0,0,0,0,0,0,0,0,0,0,0,0,0,0,0,0,0,0,0,0,0,0,0,0,0,0,0,0,0,0,0,0,0,0,0,0,0,0,0,0,0,0,0,0,0,0,0,0,0,0,0,0,0,0,0,0,0,0,0,0,0,0,0,0,0,0,0,0,0,0,0,0,0,0,0,0,0,0,-0.0257164,0.227386,-0.0529501,0.943861,0.166476,-0.00368413,0.320481,0.063429,-0.531711,0.0396199,-0.213348,0.146346,0.552273,0.427258,-0.172597,-0.0426042,-0.0481195,0.00549199,-0.141096,0.267008,0.128982,0.790917,0.0634576,-0.230378,0.706559,0.44511,0.877791,-0.794144,0.22039,0.219978,-0.14567,-0.830122,-0.406505,-0.0772569,0.034746,0.976807,-0.285718,-0.0638875,-0.335328,0.146199,-0.101039,0.390524,-0.087267,-0.364073,0.0641839,-0.233196,-0.00161578,0.613956,0.340556,0.0173764,0.2618,-0.0211041,0.0565685,0.309881,0.273012,-0.172181,-0.0935696,0.631831,0.000409158,0.058924,0.0331611,0.953,0.225432,0.0250516,-0.973937,0.6,0,0,3,3,3
-3.03332,0.196374,10.1266,-0.169403,0.716103,0.513207,-0.0268903,0.24194,-0.0429872,-3.03332,0.196374,10.1266,-0.169403,0.716103,0.513207,-0.0268903,0.24194,-0.0429872,-0.397183,-0.0868923,0.0422162,0.990256,-0.275525,-0.0689429,-0.334729,0.147629,-0.116453,0.415573,-0.087267,-0.366476,0.0693383,-0.226833,-0.00444204,0.623059,0.355367,0.0261551,0.2618,-0.0230209,0.0653642,0.290162,0.293482,-0.184136,-0.0975712,0.632334,0.00016505,0.0612221,0.0331201,0,0,0,0,0,0,0,0,0,0,0,0,0,0,0,0,0,0,0,0,0,0,0,0,0,0,0,0,0,-0.589435,0.23057,-0.0770998,0.964534,-0.470241,0.00732455,-0.341686,0.212873,-0.144784,0.428238,-0.188596,-0.0667186,-0.0213355,-0.219092,-0.151636,0.479783,0.250118,0.000213442,0.299727,-0.0230778,0.0830925,0.346772,0.185057,-0.151175,-0.101308,0.673163,0.00133028,0.0646295,0.0318343,-0.350137,-0.678667,-0.575403,0.362358,0.599039,-0.0777833,-0.214039,-0.426712,-0.316594,0.483927,-0.00303283,0.124943,-0.0604897,0.120802,-0.935739,-0.543399,0.363796,0.0722021,-0.157194,-0.00504801,-0.246075,-0.725726,-0.355671,-0.206413,0.0667355,-0.101725,-0.0228087,0.0436763,-0.00516542,8.24237,-10.6773,5.9772,-1.07778,14.6682,-1.89974,0.793851,-1.62515,1.82927,-6.7529,10.1055,-4.36186,1.26043,-0.608575,5.92854,2.38624,0.959434,0.354113,-0.803354,0.0327913,-0.155499,0.128899,1.57064,-0.108389,0.0560685,-0.591923,0.00894236,-0.143874,0.0293831,0,0,0,0,0,0,0,0,0,0,0,0,0,0,0,0,0,0,0,0,0,0,0,0,0,0,0,0,0,2.55789,2.55789,2.55789,6.3088,6.3088,1.81445,2.55789,2.55789,1.81445,6.3088,6.3088,0.907223,0.907223,1.81445,1.81445,0.907223,0.907223,1.81445,1.81445,0.907223,0.907223,0.907223,0.907223,0.907223,0.907223,1.06814,1.06814,1.06814,1.06814,40.1792,40.1792,40.1792,99.0984,99.0984,28.5012,40.1792,40.1792,28.5012,99.0984,99.0984,14.2506,14.2506,28.5012,28.5012,14.2506,14.2506,28.5012,28.5012,14.2506,14.2506,14.2506,14.2506,14.2506,14.2506,16.7783,16.7783,16.7783,16.7783,0,0,0,0,0,0,0,0,0,0,0,0,0,0,0,0,0,0,0,0,0,0,0,0,0,0,0,0,0,0,0,0,0,0,0,0,0,0,0,0,0,0,0,0,0,0,0,0,0,0,0,0,0,0,0,0,0,0,0,0,0,0,0,0,0,0,0,0,0,0,0,0,0,0,0,0,0,0,0,0,0,0,0,0,0,0,0,0,0,0,0,0,0,0,0,0,0,0,0,0,0,0,0,0,0,0,0,0,0,0,0,0,0,0,0,0,0,-0.0268903,0.24194,-0.0429872,0.964617,0.213148,-0.0101283,0.354253,0.0361705,-0.517201,0.0596362,-0.222472,0.158098,0.543978,0.434008,-0.155572,-0.0415115,-0.0524899,0.0022154,-0.158694,0.269619,0.149037,0.821764,0.0771007,-0.265524,0.661598,0.44456,0.916143,-0.722711,0.249458,0.239821,-0.157197,-0.835601,-0.397183,-0.0868923,0.0422162,0.990256,-0.275525,-0.0689429,-0.334729,0.147629,-0.116453,0.415573,-0.087267,-0.366476,0.0693383,-0.226833,-0.00444204,0.623059,0.355367,0.0261551,0.2618,-0.0230209,0.0653642,0.290162,0.293482,-0.184136,-0.0975712,0.632334,0.00016505,0.0612221,0.0331201,0.682,0.239587,0.026104,-0.970524,0.6,0,0,3,3,3
-2.88509,0.438607,9.49344,-0.149042,0.682463,0.516584,-0.0276126,0.256295,-0.0327389,-2.88509,0.438607,9.49344,-0.149042,0.682463,0.516584,-0.0276126,0.256295,-0.0327389,-0.410258,-0.0927818,0.047105,1.01525,-0.262984,-0.0719608,-0.338693,0.166207,-0.128539,0.436525,-0.087267,-0.366476,0.0714789,-0.208614,-0.0188168,0.621703,0.368692,0.0344955,0.2618,-0.0224254,0.063651,0.278112,0.298062,-0.20204,-0.108551,0.632179,-0.000222296,0.0621852,0.0318573,0,0,0,0,0,0,0,0,0,0,0,0,0,0,0,0,0,0,0,0,0,0,0,0,0,0,0,0,0,-0.595661,0.217001,-0.0859744,0.971487,-0.457015,0.00480547,-0.346602,0.203593,-0.149673,0.439587,-0.189256,-0.0668897,-0.0238944,-0.215665,-0.170356,0.4689,0.256406,0.00254397,0.295786,-0.023498,0.08028,0.330197,0.178773,-0.154225,-0.0995091,0.67,0.000924575,0.0655632,0.0319531,-0.279552,-0.666347,-0.360336,0.333823,0.681375,-0.14514,-0.249859,-0.475667,-0.195175,0.591857,-0.0328711,-0.0735395,-0.170535,0.17996,-0.926372,-0.541028,0.280715,0.11277,-0.191442,-0.0247876,-0.0987641,-0.79468,-0.279007,-0.117419,0.100334,-0.184076,-0.0175311,0.035131,0.0111335,8.68507,-10.5454,6.08025,-0.212578,13.809,-1.84655,1.10321,-1.06602,1.30696,-6.02447,10.3368,-4.21203,1.47199,-0.642029,6.36701,2.67481,1.15593,0.466401,-0.623151,0.0291537,-0.122168,0.148257,1.88642,-0.317247,-0.0594881,-0.442837,0.0060688,-0.11289,0.00875365,0,0,0,0,0,0,0,0,0,0,0,0,0,0,0,0,0,0,0,0,0,0,0,0,0,0,0,0,0,2.55789,2.55789,2.55789,6.3088,6.3088,1.81445,2.55789,2.55789,1.81445,6.3088,6.3088,0.907223,0.907223,1.81445,1.81445,0.907223,0.907223,1.81445,1.81445,0.907223,0.907223,0.907223,0.907223,0.907223,0.907223,1.06814,1.06814,1.06814,1.06814,40.1792,40.1792,40.1792,99.0984,99.0984,28.5012,40.1792,40.1792,28.5012,99.0984,99.0984,14.2506,14.2506,28.5012,28.5012,14.2506,14.2506,28.5012,28.5012,14.2506,14.2506,14.2506,14.2506,14.2506,14.2506,16.7783,16.7783,16.7783,16.7783,0,0,0,0,0,0,0,0,0,0,0,0,0,0,0,0,0,0,0,0,0,0,0,0,0,0,0,0,0,0,0,0,0,0,0,0,0,0,0,0,0,0,0,0,0,0,0,0,0,0,0,0,0,0,0,0,0,0,0,0,0,0,0,0,0,0,0,0,0,0,0,0,0,0,0,0,0,0,0,0,0,0,0,0,0,0,0,0,0,0,0,0,0,0,0,0,0,0,0,0,0,0,0,0,0,0,0,0,0,0,0,0,0,0,0,0,0,-0.0276126,0.256295,-0.0327389,0.961524,0.223591,-0.0429041,0.384634,-0.0046508,-0.475661,0.0786532,-0.247507,0.162979,0.537797,0.431928,-0.179451,-0.0487508,-0.0511322,-0.0029838,-0.16945,0.303548,0.145131,0.834691,0.0860293,-0.293082,0.634124,0.42761,0.987411,-0.662961,0.28522,0.239312,-0.164078,-0.835603,-0.410258,-0.0927818,0.047105,1.01525,-0.262984,-0.0719608,-0.338693,0.166207,-0.128539,0.436525,-0.087267,-0.366476,0.0714789,-0.208614,-0.0188168,0.621703,0.368692,0.0344955,0.2618,-0.0224254,0.063651,0.278112,0.298062,-0.20204,-0.108551,0.632179,-0.000222296,0.0621852,0.0318573,0.724,0.253498,0.0267072,-0.966967,0.6,0,0,3,3,3
-3.09002,0.62468,8.89286,-0.122207,0.642836,0.476876,-0.027777,0.269783,-0.022868,-3.09002,0.62468,8.89286,-0.122207,0.642836,0.476876,-0.027777,0.269783,-0.022868,-0.430103,-0.0943363,0.0453106,1.04955,-0.253507,-0.0690656,-0.353283,0.176518,-0.132965,0.452694,-0.087267,-0.366717,0.0713255,-0.191241,-0.0328416,0.609959,0.380446,0.042031,0.2618,-0.0211559,0.0569014,0.268482,0.307243,-0.219622,-0.119545,0.632489,-0.000694752,0.0632944,0.0302818,0,0,0,0,0,0,0,0,0,0,0,0,0,0,0,0,0,0,0,0,0,0,0,0,0,0,0,0,0,-0.602447,0.204193,-0.0920685,0.980068,-0.442265,0.00106573,-0.352571,0.194244,-0.152855,0.452765,-0.19032,-0.0704418,-0.0277599,-0.212254,-0.188479,0.458904,0.261172,0.00563997,0.291766,-0.0237741,0.0780821,0.314174,0.173642,-0.155903,-0.098022,0.665954,0.000580767,0.0661452,0.0322061,-0.353733,-0.605994,-0.263192,0.483442,0.747772,-0.196224,-0.301959,-0.446656,-0.127482,0.675471,-0.048842,-0.219475,-0.209517,0.144413,-0.905807,-0.471568,0.21301,0.154396,-0.189641,-0.00794875,-0.114925,-0.73333,-0.244011,-0.0668155,0.0548333,-0.201996,-0.015015,0.019115,0.0102283,8.60783,-10.4059,6.26649,0.559017,13.1596,-1.73139,1.31828,-0.0019233,0.930654,-5.76568,10.5404,-4.0279,1.5952,-0.166463,6.42836,2.74009,1.33997,0.543394,-0.511217,0.0269718,-0.103556,0.15176,1.98979,-0.596766,-0.200812,-0.354245,0.00265765,-0.0885802,-0.0170892,0,0,0,0,0,0,0,0,0,0,0,0,0,0,0,0,0,0,0,0,0,0,0,0,0,0,0,0,0,2.55789,2.55789,2.55789,6.3088,6.3088,1.81445,2.55789,2.55789,1.81445,6.3088,6.3088,0.907223,0.907223,1.81445,1.81445,0.907223,0.907223,1.81445,1.81445,0.907223,0.907223,0.907223,0.907223,0.907223,0.907223,1.06814,1.06814,1.06814,1.06814,40.1792,40.1792,40.1792,99.0984,99.0984,28.5012,40.1792,40.1792,28.5012,99.0984,99.0984,14.2506,14.2506,28.5012,28.5012,14.2506,14.2506,28.5012,28.5012,14.2506,14.2506,14.2506,14.2506,14.2506,14.2506,16.7783,16.7783,16.7783,16.7783,0,0,0,0,0,0,0,0,0,0,0,0,0,0,0,0,0,0,0,0,0,0,0,0,0,0,0,0,0,0,0,0,0,0,0,0,0,0,0,0,0,0,0,0,0,0,0,0,0,0,0,0,0,0,0,0,0,0,0,0,0,0,0,0,0,0,0,0,0,0,0,0,0,0,0,0,0,0,0,0,0,0,0,0,0,0,0,0,0,0,0,0,0,0,0,0,0,0,0,0,0,0,0,0,0,0,0,0,0,0,0,0,0,0,0,0,0,-0.027777,0.269783,-0.022868,0.934748,0.244524,-0.074882,0.411436,-0.0447411,-0.436049,0.095835,-0.272575,0.162629,0.52376,0.43609,-0.215694,-0.0753967,-0.0482376,-0.00932542,-0.172289,0.322381,0.129741,0.84958,0.082752,-0.303173,0.612166,0.406462,1.08524,-0.616853,0.312247,0.227576,-0.157476,-0.836152,-0.430103,-0.0943363,0.0453106,1.04955,-0.253507,-0.0690656,-0.353283,0.176518,-0.132965,0.452694,-0.087267,-0.366717,0.0713255,-0.191241,-0.0328416,0.609959,0.380446,0.042031,0.2618,-0.0211559,0.0569014,0.268482,0.307243,-0.219622,-0.119545,0.632489,-0.000694752,0.0632944,0.0302818,0.798,0.266522,0.0267688,-0.963457,0.6,0,0,3,3,3
-3.29193,0.764294,8.45066,-0.0933814,0.596357,0.432632,-0.0274428,0.282271,-0.0138152,-3.29193,0.764294,8.45066,-0.0933814,0.596357,0.432632,-0.0274428,0.282271,-0.0138152,-0.447315,-0.0926702,0.0439971,1.08525,-0.245184,-0.063657,-0.37302,0.183098,-0.134455,0.4662,-0.087267,-0.366443,0.0694891,-0.184749,-0.0426145,0.594768,0.391494,0.0508904,0.2618,-0.0195983,0.046747,0.258358,0.321798,-0.229254,-0.125885,0.633409,-0.00111351,0.0645411,0.0296573,0,0,0,0,0,0,0,0,0,0,0,0,0,0,0,0,0,0,0,0,0,0,0,0,0,0,0,0,0,-0.612201,0.192871,-0.0972865,0.993138,-0.426465,-0.0021511,-0.360058,0.186195,-0.155017,0.4673,-0.191436,-0.0758668,-0.0323927,-0.210431,-0.205512,0.450461,0.26489,0.00929969,0.288275,-0.0236375,0.0746989,0.299767,0.169448,-0.157185,-0.0977087,0.661668,0.000262889,0.0664972,0.0322892,-0.527587,-0.518894,-0.245032,0.746693,0.785666,-0.132412,-0.381627,-0.358715,-0.081353,0.738342,-0.0458126,-0.276649,-0.252451,0.0432122,-0.850863,-0.395131,0.171937,0.180818,-0.157957,0.0125866,-0.18265,-0.652603,-0.19512,-0.0695079,-0.0105753,-0.205807,-0.0142238,0.00936426,-0.00110506,8.63475,-10.222,6.35201,1.07987,12.2779,-1.66395,1.23472,0.527169,0.785495,-5.98571,10.6349,-3.89763,1.69562,0.450786,6.40942,2.62468,1.49309,0.608125,-0.467847,0.0246335,-0.090731,0.147223,2.13632,-0.830603,-0.305273,-0.27045,-0.000834101,-0.0652401,-0.0334279,0,0,0,0,0,0,0,0,0,0,0,0,0,0,0,0,0,0,0,0,0,0,0,0,0,0,0,0,0,2.55789,2.55789,2.55789,6.3088,6.3088,1.81445,2.55789,2.55789,1.81445,6.3088,6.3088,0.907223,0.907223,1.81445,1.81445,0.907223,0.907223,1.81445,1.81445,0.907223,0.907223,0.907223,0.907223,0.907223,0.907223,1.06814,1.06814,1.06814,1.06814,40.1792,40.1792,40.1792,99.0984,99.0984,28.5012,40.1792,40.1792,28.5012,99.0984,99.0984,14.2506,14.2506,28.5012,28.5012,14.2506,14.2506,28.5012,28.5012,14.2506,14.2506,14.2506,14.2506,14.2506,14.2506,16.7783,16.7783,16.7783,16.7783,0,0,0,0,0,0,0,0,0,0,0,0,0,0,0,0,0,0,0,0,0,0,0,0,0,0,0,0,0,0,0,0,0,0,0,0,0,0,0,0,0,0,0,0,0,0,0,0,0,0,0,0,0,0,0,0,0,0,0,0,0,0,0,0,0,0,0,0,0,0,0,0,0,0,0,0,0,0,0,0,0,0,0,0,0,0,0,0,0,0,0,0,0,0,0,0,0,0,0,0,0,0,0,0,0,0,0,0,0,0,0,0,0,0,0,0,0,-0.0274428,0.282271,-0.0138152,0.900109,0.277712,-0.0971652,0.436625,-0.0667024,-0.421246,0.116035,-0.287031,0.158442,0.509806,0.448436,-0.247129,-0.111442,-0.0446861,-0.0149462,-0.169246,0.334397,0.106588,0.866313,0.0803531,-0.306572,0.589082,0.39808,1.18704,-0.578336,0.335982,0.206474,-0.145144,-0.835527,-0.447315,-0.0926702,0.0439971,1.08525,-0.245184,-0.063657,-0.37302,0.183098,-0.134455,0.4662,-0.087267,-0.366443,0.0694891,-0.184749,-0.0426145,0.594768,0.391494,0.0508904,0.2618,-0.0195983,0.046747,0.258358,0.321798,-0.229254,-0.125885,0.633409,-0.00111351,0.0645411,0.0296573,1.069,0.278537,0.0263534,-0.960064,0.6,0,0,3,3,3
-3.44496,0.836569,8.21238,-0.0667894,0.549506,0.400887,-0.0266358,0.293764,-0.00547158,-3.44496,0.836569,8.21238,-0.0667894,0.549506,0.400887,-0.0266358,0.293764,-0.00547158,-0.461774,-0.0967852,0.0398287,1.11991,-0.232711,-0.0590779,-0.394452,0.181717,-0.132296,0.479221,-0.087267,-0.370357,0.0688696,-0.184064,-0.0512117,0.577335,0.401137,0.0592944,0.2618,-0.0185506,0.0368859,0.249555,0.340817,-0.239842,-0.132533,0.63485,-0.00155826,0.0664909,0.0291281,0,0,0,0,0,0,0,0,0,0,0,0,0,0,0,0,0,0,0,0,0,0,0,0,0,0,0,0,0,-0.625459,0.183745,-0.102165,1.0116,-0.410412,-0.00338085,-0.36913,0.180368,-0.156168,0.482908,-0.192266,-0.081632,-0.0382894,-0.211028,-0.221332,0.443258,0.267962,0.0136363,0.285738,-0.0231171,0.0696417,0.286564,0.16658,-0.158965,-0.0985018,0.657373,-4.50382e-05,0.0666992,0.0322317,-0.691652,-0.397073,-0.230612,1.01064,0.77917,-0.0230442,-0.455497,-0.235657,-0.0295115,0.788496,-0.0280536,-0.268682,-0.329722,-0.086417,-0.794679,-0.345764,0.148679,0.218389,-0.109049,0.0297929,-0.263005,-0.602461,-0.118665,-0.107826,-0.0587372,-0.200506,-0.014026,0.00326617,-0.00581972,8.89325,-10.0869,6.45641,1.15814,11.527,-1.67026,0.99419,0.723867,0.684244,-6.49974,10.6076,-3.81454,1.8194,0.880117,6.47786,2.46485,1.62944,0.67153,-0.483383,0.0238135,-0.0904388,0.14582,2.31833,-0.910774,-0.341097,-0.186334,-0.00297422,-0.040903,-0.0378167,0,0,0,0,0,0,0,0,0,0,0,0,0,0,0,0,0,0,0,0,0,0,0,0,0,0,0,0,0,2.55789,2.55789,2.55789,6.3088,6.3088,1.81445,2.55789,2.55789,1.81445,6.3088,6.3088,0.907223,0.907223,1.81445,1.81445,0.907223,0.907223,1.81445,1.81445,0.907223,0.907223,0.907223,0.907223,0.907223,0.907223,1.06814,1.06814,1.06814,1.06814,40.1792,40.1792,40.1792,99.0984,99.0984,28.5012,40.1792,40.1792,28.5012,99.0984,99.0984,14.2506,14.2506,28.5012,28.5012,14.2506,14.2506,28.5012,28.5012,14.2506,14.2506,14.2506,14.2506,14.2506,14.2506,16.7783,16.7783,16.7783,16.7783,0,0,0,0,0,0,0,0,0,0,0,0,0,0,0,0,0,0,0,0,0,0,0,0,0,0,0,0,0,0,0,0,0,0,0,0,0,0,0,0,0,0,0,0,0,0,0,0,0,0,0,0,0,0,0,0,0,0,0,0,0,0,0,0,0,0,0,0,0,0,0,0,0,0,0,0,0,0,0,0,0,0,0,0,0,0,0,0,0,0,0,0,0,0,0,0,0,0,0,0,0,0,0,0,0,0,0,0,0,0,0,0,0,0,0,0,0,-0.0266358,0.293764,-0.00547158,0.860361,0.321076,-0.116768,0.458612,-0.0908433,-0.419685,0.135197,-0.302188,0.15703,0.489509,0.467776,-0.273537,-0.150584,-0.0422971,-0.020916,-0.176762,0.331875,0.0841034,0.892485,0.0727403,-0.301647,0.56901,0.390976,1.28587,-0.541202,0.371553,0.183886,-0.134703,-0.844451,-0.461774,-0.0967852,0.0398287,1.11991,-0.232711,-0.0590779,-0.394452,0.181717,-0.132296,0.479221,-0.087267,-0.370357,0.0688696,-0.184064,-0.0512117,0.577335,0.401137,0.0592944,0.2618,-0.0185506,0.0368859,0.249555,0.340817,-0.239842,-0.132533,0.63485,-0.00155826,0.0664909,0.0291281,1.086,0.289557,0.0254918,-0.956821,0.6,0,0,3,3,3
-3.67873,0.86805,8.17844,-0.0457076,0.51796,0.389165,-0.0253679,0.304468,0.00251896,-3.67873,0.86805,8.17844,-0.0457076,0.51796,0.389165,-0.0253679,0.304468,0.00251896,-0.465746,-0.0996704,0.0301667,1.15683,-0.217089,-0.0560734,-0.423883,0.1672,-0.128177,0.489898,-0.087267,-0.377088,0.0692716,-0.180813,-0.0552452,0.558455,0.402676,0.0631129,0.2618,-0.0187752,0.0263361,0.239094,0.363058,-0.250773,-0.138626,0.635991,-0.00198313,0.0688002,0.0283632,0,0,0,0,0,0,0,0,0,0,0,0,0,0,0,0,0,0,0,0,0,0,0,0,0,0,0,0,0,-0.641503,0.176427,-0.107491,1.03482,-0.394363,-0.00273319,-0.379515,0.176791,-0.156323,0.499623,-0.192762,-0.0869702,-0.0458244,-0.21408,-0.236359,0.436443,0.270822,0.0186041,0.284246,-0.0224201,0.0633697,0.274486,0.165465,-0.161698,-0.100246,0.653296,-0.000358247,0.0669382,0.0321015,-0.809578,-0.330982,-0.276996,1.22471,0.781464,0.049544,-0.514742,-0.134588,0.0184526,0.848236,-0.0134281,-0.239662,-0.413377,-0.200211,-0.768643,-0.347938,0.146388,0.248545,-0.0587521,0.035301,-0.30949,-0.548309,-0.0240248,-0.161978,-0.104459,-0.182507,-0.0145131,0.00900227,-0.00907719,9.26095,-10.133,6.60928,0.949453,11.1575,-1.69293,0.700714,0.555037,0.664845,-7.22663,10.5631,-3.81836,1.99135,1.19071,6.61022,2.31189,1.7296,0.716477,-0.5314,0.0236942,-0.098559,0.143691,2.52301,-0.976252,-0.370249,-0.110386,-0.00472124,-0.0175097,-0.0410873,0,0,0,0,0,0,0,0,0,0,0,0,0,0,0,0,0,0,0,0,0,0,0,0,0,0,0,0,0,2.55789,2.55789,2.55789,6.3088,6.3088,1.81445,2.55789,2.55789,1.81445,6.3088,6.3088,0.907223,0.907223,1.81445,1.81445,0.907223,0.907223,1.81445,1.81445,0.907223,0.907223,0.907223,0.907223,0.907223,0.907223,1.06814,1.06814,1.06814,1.06814,40.1792,40.1792,40.1792,99.0984,99.0984,28.5012,40.1792,40.1792,28.5012,99.0984,99.0984,14.2506,14.2506,28.5012,28.5012,14.2506,14.2506,28.5012,28.5012,14.2506,14.2506,14.2506,14.2506,14.2506,14.2506,16.7783,16.7783,16.7783,16.7783,0,0,0,0,0,0,0,0,0,0,0,0,0,0,0,0,0,0,0,0,0,0,0,0,0,0,0,0,0,0,0,0,0,0,0,0,0,0,0,0,0,0,0,0,0,0,0,0,0,0,0,0,0,0,0,0,0,0,0,0,0,0,0,0,0,0,0,0,0,0,0,0,0,0,0,0,0,0,0,0,0,0,0,0,0,0,0,0,0,0,0,0,0,0,0,0,0,0,0,0,0,0,0,0,0,0,0,0,0,0,0,0,0,0,0,0,0,-0.0253679,0.304468,0.00251896,0.817313,0.371789,-0.125965,0.462122,-0.115767,-0.412271,0.143904,-0.316082,0.157946,0.46459,0.483096,-0.280791,-0.204336,-0.0428094,-0.0266189,-0.182031,0.305362,0.0600489,0.923482,0.0550943,-0.292257,0.545157,0.38071,1.39118,-0.510754,0.416101,0.165442,-0.127853,-0.859797,-0.465746,-0.0996704,0.0301667,1.15683,-0.217089,-0.0560734,-0.423883,0.1672,-0.128177,0.489898,-0.087267,-0.377088,0.0692716,-0.180813,-0.0552452,0.558455,0.402676,0.0631129,0.2618,-0.0187752,0.0263361,0.239094,0.363058,-0.250773,-0.138626,0.635991,-0.00198313,0.0688002,0.0283632,0.797,0.299785,0.0241985,-0.9537,0.6,0,0,3,3,3
-3.86148,0.948976,8.23672,-0.0304847,0.488936,0.391964,-0.0236598,0.314553,0.0105296,-3.86148,0.948976,8.23672,-0.0304847,0.488936,0.391964,-0.0236598,0.314553,0.0105296,-0.469283,-0.0996894,0.0260994,1.19239,-0.193547,-0.0563836,-0.453877,0.160906,-0.122151,0.497409,-0.087267,-0.384354,0.0676984,-0.175389,-0.0605606,0.534387,0.399419,0.0644169,0.2618,-0.0184724,0.0116963,0.22822,0.382248,-0.264135,-0.146539,0.637037,-0.00231599,0.0705372,0.0266777,0,0,0,0,0,0,0,0,0,0,0,0,0,0,0,0,0,0,0,0,0,0,0,0,0,0,0,0,0,-0.659523,0.169557,-0.114348,1.06167,-0.37792,-0.00130598,-0.391061,0.174708,-0.15563,0.517605,-0.193021,-0.0913781,-0.0550901,-0.219023,-0.250873,0.429145,0.273807,0.0236729,0.283751,-0.0219025,0.0562672,0.263143,0.166525,-0.16566,-0.102749,0.649686,-0.000678298,0.0674243,0.0318461,-0.890972,-0.338103,-0.369545,1.37979,0.810828,0.0713528,-0.570664,-0.0780722,0.0600564,0.913028,-0.00184513,-0.182718,-0.500817,-0.27979,-0.745302,-0.385763,0.151918,0.242337,-0.0149841,0.0234113,-0.34563,-0.523863,0.0926153,-0.228582,-0.137039,-0.153885,-0.0150315,0.0242558,-0.0151987,10.0372,-9.96741,6.72148,0.965957,10.9026,-1.69016,0.12231,-0.0921163,0.690303,-8.3463,10.5208,-3.90037,2.20612,1.56922,6.86605,2.178,1.70311,0.690276,-0.597791,0.023823,-0.114927,0.133138,2.72326,-1.01789,-0.392012,-0.0589583,-0.0059979,-0.00235031,-0.0430088,0,0,0,0,0,0,0,0,0,0,0,0,0,0,0,0,0,0,0,0,0,0,0,0,0,0,0,0,0,2.55789,2.55789,2.55789,6.3088,6.3088,1.81445,2.55789,2.55789,1.81445,6.3088,6.3088,0.907223,0.907223,1.81445,1.81445,0.907223,0.907223,1.81445,1.81445,0.907223,0.907223,0.907223,0.907223,0.907223,0.907223,1.06814,1.06814,1.06814,1.06814,40.1792,40.1792,40.1792,99.0984,99.0984,28.5012,40.1792,40.1792,28.5012,99.0984,99.0984,14.2506,14.2506,28.5012,28.5012,14.2506,14.2506,28.5012,28.5012,14.2506,14.2506,14.2506,14.2506,14.2506,14.2506,16.7783,16.7783,16.7783,16.7783,0,0,0,0,0,0,0,0,0,0,0,0,0,0,0,0,0,0,0,0,0,0,0,0,0,0,0,0,0,0,0,0,0,0,0,0,0,0,0,0,0,0,0,0,0,0,0,0,0,0,0,0,0,0,0,0,0,0,0,0,0,0,0,0,0,0,0,0,0,0,0,0,0,0,0,0,0,0,0,0,0,0,0,0,0,0,0,0,0,0,0,0,0,0,0,0,0,0,0,0,0,0,0,0,0,0,0,0,0,0,0,0,0,0,0,0,0,-0.0236598,0.314553,0.0105296,0.762435,0.415543,-0.138084,0.454695,-0.146235,-0.399904,0.146877,-0.334124,0.154359,0.440368,0.497128,-0.287251,-0.259114,-0.042119,-0.0310868,-0.182066,0.293868,0.0266688,0.946797,0.0476661,-0.278516,0.520365,0.358086,1.49259,-0.489335,0.483239,0.137169,-0.12856,-0.876366,-0.469283,-0.0996894,0.0260994,1.19239,-0.193547,-0.0563836,-0.453877,0.160906,-0.122151,0.497409,-0.087267,-0.384354,0.0676984,-0.175389,-0.0605606,0.534387,0.399419,0.0644169,0.2618,-0.0184724,0.0116963,0.22822,0.382248,-0.264135,-0.146539,0.637037,-0.00231599,0.0705372,0.0266777,0.776,0.309391,0.0224968,-0.950669,0.6,0,0,3,3,3
-4.10138,1.02678,8.33692,-0.0233068,0.477561,0.395108,-0.0216206,0.324259,0.018686,-4.10138,1.02678,8.33692,-0.0233068,0.477561,0.395108,-0.0216206,0.324259,0.018686,-0.46598,-0.098718,0.025393,1.22296,-0.16754,-0.0583283,-0.486293,0.159879,-0.11691,0.503052,-0.087267,-0.389902,0.0640199,-0.170152,-0.064707,0.50688,0.395249,0.0645592,0.2618,-0.0185547,-0.00324432,0.21523,0.405245,-0.278771,-0.154067,0.638296,-0.00264944,0.0719632,0.0240651,0,0,0,0,0,0,0,0,0,0,0,0,0,0,0,0,0,0,0,0,0,0,0,0,0,0,0,0,0,-0.678815,0.162584,-0.122398,1.09109,-0.360123,-3.76885e-06,-0.403438,0.173649,-0.153732,0.536514,-0.192787,-0.0949577,-0.0662678,-0.225176,-0.265287,0.420635,0.276756,0.0283748,0.284182,-0.0214757,0.0478049,0.252174,0.169784,-0.170947,-0.106018,0.646934,-0.000987865,0.068135,0.0313206,-0.943942,-0.340707,-0.404408,1.48878,0.901695,0.0508727,-0.604196,-0.0302462,0.131564,0.945934,0.0305805,-0.159569,-0.600676,-0.326618,-0.750734,-0.459331,0.14076,0.218743,0.0225057,0.0218885,-0.421062,-0.510179,0.197606,-0.295727,-0.177574,-0.104869,-0.0144973,0.0364669,-0.0303157,10.8064,-9.68154,6.9775,0.884435,10.9339,-1.70277,-0.500241,-0.422686,0.68545,-9.69097,10.3076,-3.97691,2.43062,1.98593,7.13251,2.01927,1.62218,0.634134,-0.681308,0.0236142,-0.135937,0.121611,2.8573,-1.07443,-0.422462,-0.045555,-0.00701126,0.00280035,-0.0465603,0,0,0,0,0,0,0,0,0,0,0,0,0,0,0,0,0,0,0,0,0,0,0,0,0,0,0,0,0,2.55789,2.55789,2.55789,6.3088,6.3088,1.81445,2.55789,2.55789,1.81445,6.3088,6.3088,0.907223,0.907223,1.81445,1.81445,0.907223,0.907223,1.81445,1.81445,0.907223,0.907223,0.907223,0.907223,0.907223,0.907223,1.06814,1.06814,1.06814,1.06814,40.1792,40.1792,40.1792,99.0984,99.0984,28.5012,40.1792,40.1792,28.5012,99.0984,99.0984,14.2506,14.2506,28.5012,28.5012,14.2506,14.2506,28.5012,28.5012,14.2506,14.2506,14.2506,14.2506,14.2506,14.2506,16.7783,16.7783,16.7783,16.7783,0,0,0,0,0,0,0,0,0,0,0,0,0,0,0,0,0,0,0,0,0,0,0,0,0,0,0,0,0,0,0,0,0,0,0,0,0,0,0,0,0,0,0,0,0,0,0,0,0,0,0,0,0,0,0,0,0,0,0,0,0,0,0,0,0,0,0,0,0,0,0,0,0,0,0,0,0,0,0,0,0,0,0,0,0,0,0,0,0,0,0,0,0,0,0,0,0,0,0,0,0,0,0,0,0,0,0,0,0,0,0,0,0,0,0,0,0,-0.0216206,0.324259,0.018686,0.699717,0.46798,-0.147538,0.445187,-0.179605,-0.387964,0.147201,-0.351288,0.145972,0.415808,0.514027,-0.281218,-0.318317,-0.0423065,-0.0355625,-0.180292,0.291991,-0.00739738,0.965937,0.046376,-0.266567,0.490745,0.323018,1.57976,-0.473242,0.557403,0.109797,-0.132994,-0.889015,-0.46598,-0.098718,0.025393,1.22296,-0.16754,-0.0583283,-0.486293,0.159879,-0.11691,0.503052,-0.087267,-0.389902,0.0640199,-0.170152,-0.064707,0.50688,0.395249,0.0645592,0.2618,-0.0185547,-0.00324432,0.21523,0.405245,-0.278771,-0.154067,0.638296,-0.00264944,0.0719632,0.0240651,0.79,0.318606,0.0204923,-0.947666,0.6,0,0,3,3,3
-4.19858,1.14466,8.47711,-0.019671,0.471564,0.396446,-0.0191311,0.334786,0.0278452,-4.19858,1.14466,8.47711,-0.019671,0.471564,0.396446,-0.0191311,0.334786,0.0278452,-0.459877,-0.0972105,0.0287144,1.25253,-0.141312,-0.060532,-0.519652,0.168988,-0.112856,0.508564,-0.087267,-0.391763,0.0579576,-0.165896,-0.0707367,0.478277,0.395743,0.066708,0.2618,-0.0184033,-0.0172051,0.20057,0.429736,-0.294463,-0.162235,0.639942,-0.00307983,0.0735047,0.0207501,0,0,0,0,0,0,0,0,0,0,0,0,0,0,0,0,0,0,0,0,0,0,0,0,0,0,0,0,0,-0.700349,0.15505,-0.131128,1.12477,-0.338371,0.000663086,-0.417423,0.1735,-0.149542,0.557614,-0.191532,-0.09876,-0.08121,-0.232616,-0.28159,0.409074,0.279496,0.0327709,0.285357,-0.0211188,0.0370319,0.239962,0.175849,-0.178395,-0.110384,0.645002,-0.00131586,0.0691089,0.0302053,-0.924121,-0.32926,-0.375599,1.50426,0.988666,0.00972828,-0.608353,0.0161247,0.24203,0.940836,0.0871006,-0.166179,-0.727989,-0.347855,-0.77776,-0.571756,0.104059,0.176512,0.0437575,0.0163172,-0.470007,-0.514152,0.313736,-0.376554,-0.206868,-0.0510958,-0.0141381,0.045084,-0.0535177,11.7636,-9.36901,7.23339,0.434056,10.8035,-1.70431,-1.23034,-0.574112,0.522431,-11.2108,9.84688,-3.99924,2.70449,2.38743,7.52974,1.89091,1.55318,0.586979,-0.755803,0.0223252,-0.150305,0.11411,2.9963,-1.10622,-0.440692,-0.0478696,-0.0075631,0.00199432,-0.0466484,0,0,0,0,0,0,0,0,0,0,0,0,0,0,0,0,0,0,0,0,0,0,0,0,0,0,0,0,0,2.55789,2.55789,2.55789,6.3088,6.3088,1.81445,2.55789,2.55789,1.81445,6.3088,6.3088,0.907223,0.907223,1.81445,1.81445,0.907223,0.907223,1.81445,1.81445,0.907223,0.907223,0.907223,0.907223,0.907223,0.907223,1.06814,1.06814,1.06814,1.06814,40.1792,40.1792,40.1792,99.0984,99.0984,28.5012,40.1792,40.1792,28.5012,99.0984,99.0984,14.2506,14.2506,28.5012,28.5012,14.2506,14.2506,28.5012,28.5012,14.2506,14.2506,14.2506,14.2506,14.2506,14.2506,16.7783,16.7783,16.7783,16.7783,0,0,0,0,0,0,0,0,0,0,0,0,0,0,0,0,0,0,0,0,0,0,0,0,0,0,0,0,0,0,0,0,0,0,0,0,0,0,0,0,0,0,0,0,0,0,0,0,0,0,0,0,0,0,0,0,0,0,0,0,0,0,0,0,0,0,0,0,0,0,0,0,0,0,0,0,0,0,0,0,0,0,0,0,0,0,0,0,0,0,0,0,0,0,0,0,0,0,0,0,0,0,0,0,0,0,0,0,0,0,0,0,0,0,0,0,0,-0.0191311,0.334786,0.0278452,0.634498,0.523821,-0.161287,0.446314,-0.215385,-0.37826,0.152101,-0.369911,0.132149,0.393123,0.536122,-0.270071,-0.37924,-0.0419614,-0.0413395,-0.177538,0.308629,-0.0392293,0.986628,0.0524419,-0.257322,0.457319,0.278522,1.66408,-0.457523,0.632201,0.0766996,-0.138019,-0.893259,-0.459877,-0.0972105,0.0287144,1.25253,-0.141312,-0.060532,-0.519652,0.168988,-0.112856,0.508564,-0.087267,-0.391763,0.0579576,-0.165896,-0.0707367,0.478277,0.395743,0.066708,0.2618,-0.0184033,-0.0172051,0.20057,0.429736,-0.294463,-0.162235,0.639942,-0.00307983,0.0735047,0.0207501,1.148,0.327662,0.0182909,-0.944618,0.6,0,0,3,3,3
-4.30577,1.21804,8.38251,-0.0169092,0.45963,0.39103,-0.0169869,0.343218,0.0352838,-4.30577,1.21804,8.38251,-0.0169092,0.45963,0.39103,-0.0169869,0.343218,0.0352838,-0.450052,-0.0956931,0.0288679,1.28141,-0.117263,-0.0608411,-0.552626,0.177919,-0.109199,0.514328,-0.087267,-0.391759,0.0504561,-0.162209,-0.0759609,0.449068,0.398729,0.0698798,0.2618,-0.0185819,-0.0282054,0.185188,0.457747,-0.311463,-0.170709,0.641987,-0.00363056,0.0757211,0.0172446,0,0,0,0,0,0,0,0,0,0,0,0,0,0,0,0,0,0,0,0,0,0,0,0,0,0,0,0,0,-0.71743,0.149263,-0.137443,1.15208,-0.319274,0.000639932,-0.428927,0.174226,-0.14416,0.574571,-0.189453,-0.102294,-0.0955347,-0.238956,-0.295263,0.397747,0.280945,0.0358651,0.286547,-0.0208678,0.0275625,0.229399,0.182753,-0.185814,-0.114411,0.644153,-0.00160141,0.0700751,0.0288362,-0.920787,-0.308195,-0.326901,1.49923,1.07635,-0.0155532,-0.630576,0.0616786,0.344813,0.928702,0.141913,-0.21052,-0.838653,-0.356843,-0.776997,-0.670366,0.0608232,0.158185,0.0571767,0.0145923,-0.519242,-0.576417,0.422036,-0.443023,-0.233178,-0.0303715,-0.0156605,0.0535616,-0.0805907,12.6778,-9.12797,7.50145,0.704661,10.9991,-1.72231,-2.05929,-0.349032,0.305137,-12.2646,9.30684,-3.94035,2.91896,2.70644,7.7479,1.73016,1.57729,0.592747,-0.816162,0.0225782,-0.171867,0.10947,3.15305,-1.16611,-0.477216,-0.0302775,-0.00838805,0.00197829,-0.0509485,0,0,0,0,0,0,0,0,0,0,0,0,0,0,0,0,0,0,0,0,0,0,0,0,0,0,0,0,0,2.55789,2.55789,2.55789,6.3088,6.3088,1.81445,2.55789,2.55789,1.81445,6.3088,6.3088,0.907223,0.907223,1.81445,1.81445,0.907223,0.907223,1.81445,1.81445,0.907223,0.907223,0.907223,0.907223,0.907223,0.907223,1.06814,1.06814,1.06814,1.06814,40.1792,40.1792,40.1792,99.0984,99.0984,28.5012,40.1792,40.1792,28.5012,99.0984,99.0984,14.2506,14.2506,28.5012,28.5012,14.2506,14.2506,28.5012,28.5012,14.2506,14.2506,14.2506,14.2506,14.2506,14.2506,16.7783,16.7783,16.7783,16.7783,0,0,0,0,0,0,0,0,0,0,0,0,0,0,0,0,0,0,0,0,0,0,0,0,0,0,0,0,0,0,0,0,0,0,0,0,0,0,0,0,0,0,0,0,0,0,0,0,0,0,0,0,0,0,0,0,0,0,0,0,0,0,0,0,0,0,0,0,0,0,0,0,0,0,0,0,0,0,0,0,0,0,0,0,0,0,0,0,0,0,0,0,0,0,0,0,0,0,0,0,0,0,0,0,0,0,0,0,0,0,0,0,0,0,0,0,0,-0.0169869,0.343218,0.0352838,0.5679,0.587689,-0.173199,0.453123,-0.254146,-0.369853,0.159333,-0.389233,0.115045,0.367427,0.563576,-0.252129,-0.439462,-0.0423685,-0.0487317,-0.174767,0.324939,-0.0643111,1.01638,0.0527223,-0.248984,0.422248,0.231469,1.74643,-0.441087,0.700783,0.0482759,-0.138724,-0.89325,-0.450052,-0.0956931,0.0288679,1.28141,-0.117263,-0.0608411,-0.552626,0.177919,-0.109199,0.514328,-0.087267,-0.391759,0.0504561,-0.162209,-0.0759609,0.449068,0.398729,0.0698798,0.2618,-0.0185819,-0.0282054,0.185188,0.457747,-0.311463,-0.170709,0.641987,-0.00363056,0.0757211,0.0172446,1.012,0.336519,0.0159954,-0.941541,0.6,0,0,3,3,3
-4.31585,1.35633,8.27703,-0.0105188,0.441405,0.378129,-0.0144689,0.352287,0.0434799,-4.31585,1.35633,8.27703,-0.0105188,0.441405,0.378129,-0.0144689,0.352287,0.0434799,-0.437722,-0.0944656,0.0250616,1.3095,-0.0934937,-0.0597839,-0.5852,0.187653,-0.106005,0.518812,-0.087267,-0.390697,0.0416947,-0.158204,-0.0815781,0.418959,0.402943,0.0733396,0.2618,-0.0190031,-0.0368103,0.169635,0.485707,-0.327896,-0.179335,0.644048,-0.00425607,0.0782558,0.0134558,0,0,0,0,0,0,0,0,0,0,0,0,0,0,0,0,0,0,0,0,0,0,0,0,0,0,0,0,0,-0.736061,0.143155,-0.143641,1.18221,-0.296412,0.000307376,-0.442006,0.176056,-0.13602,0.593131,-0.185958,-0.107207,-0.113782,-0.246262,-0.310583,0.382896,0.281621,0.0389626,0.287894,-0.020667,0.0166966,0.216384,0.192881,-0.195596,-0.119451,0.643417,-0.00196767,0.0713532,0.0267966,-0.880746,-0.295567,-0.294158,1.473,1.13529,-0.0265871,-0.634782,0.117566,0.455321,0.90944,0.205268,-0.259591,-0.951252,-0.37351,-0.790436,-0.788553,0.0107791,0.140985,0.0503081,0.010241,-0.514361,-0.621813,0.548886,-0.528921,-0.260518,-0.0162282,-0.0180876,0.0634161,-0.101939,13.7288,-8.85641,7.66888,0.724798,10.7204,-1.70037,-2.84628,-0.202019,-0.0192564,-13.4185,8.57267,-3.82712,3.17413,3.04846,8.06031,1.63069,1.65409,0.626355,-0.843166,0.0210063,-0.176699,0.118512,3.29551,-1.19419,-0.501624,0.00302866,-0.00894993,0.00766099,-0.0523918,0,0,0,0,0,0,0,0,0,0,0,0,0,0,0,0,0,0,0,0,0,0,0,0,0,0,0,0,0,2.55789,2.55789,2.55789,6.3088,6.3088,1.81445,2.55789,2.55789,1.81445,6.3088,6.3088,0.907223,0.907223,1.81445,1.81445,0.907223,0.907223,1.81445,1.81445,0.907223,0.907223,0.907223,0.907223,0.907223,0.907223,1.06814,1.06814,1.06814,1.06814,40.1792,40.1792,40.1792,99.0984,99.0984,28.5012,40.1792,40.1792,28.5012,99.0984,99.0984,14.2506,14.2506,28.5012,28.5012,14.2506,14.2506,28.5012,28.5012,14.2506,14.2506,14.2506,14.2506,14.2506,14.2506,16.7783,16.7783,16.7783,16.7783,0,0,0,0,0,0,0,0,0,0,0,0,0,0,0,0,0,0,0,0,0,0,0,0,0,0,0,0,0,0,0,0,0,0,0,0,0,0,0,0,0,0,0,0,0,0,0,0,0,0,0,0,0,0,0,0,0,0,0,0,0,0,0,0,0,0,0,0,0,0,0,0,0,0,0,0,0,0,0,0,0,0,0,0,0,0,0,0,0,0,0,0,0,0,0,0,0,0,0,0,0,0,0,0,0,0,0,0,0,0,0,0,0,0,0,0,0,-0.0144689,0.352287,0.0434799,0.499248,0.651441,-0.186006,0.46273,-0.291615,-0.360721,0.167222,-0.408902,0.095068,0.339236,0.591247,-0.22961,-0.498952,-0.043329,-0.0571277,-0.172525,0.342717,-0.0839312,1.0504,0.0457707,-0.241701,0.386784,0.180612,1.82656,-0.4283,0.768565,0.0221916,-0.136313,-0.890828,-0.437722,-0.0944656,0.0250616,1.3095,-0.0934937,-0.0597839,-0.5852,0.187653,-0.106005,0.518812,-0.087267,-0.390697,0.0416947,-0.158204,-0.0815781,0.418959,0.402943,0.0733396,0.2618,-0.0190031,-0.0368103,0.169635,0.485707,-0.327896,-0.179335,0.644048,-0.00425607,0.0782558,0.0134558,0.745,0.345045,0.0135798,-0.938488,0.6,0,0,3,3,3
-4.29594,1.46641,8.1449,-0.000561373,0.407583,0.34295,-0.0118673,0.360805,0.0512173,-4.29594,1.46641,8.1449,-0.000561373,0.407583,0.34295,-0.0118673,0.360805,0.0512173,-0.427672,-0.0907362,0.0195302,1.33315,-0.0693258,-0.0579609,-0.613492,0.198839,-0.102226,0.520564,-0.087267,-0.390375,0.0306575,-0.153131,-0.089066,0.386443,0.407523,0.0769332,0.2618,-0.0194196,-0.0442466,0.155871,0.511514,-0.343506,-0.188282,0.646094,-0.00490756,0.0807177,0.00940362,0,0,0,0,0,0,0,0,0,0,0,0,0,0,0,0,0,0,0,0,0,0,0,0,0,0,0,0,0,-0.75359,0.136982,-0.149743,1.21157,-0.272806,-1.25969e-05,-0.454933,0.179042,-0.12593,0.611104,-0.18116,-0.112995,-0.133808,-0.254049,-0.32618,0.36578,0.281328,0.0417687,0.289064,-0.0205877,0.00641478,0.202615,0.205445,-0.207128,-0.125077,0.643025,-0.00239595,0.0729,0.0243424,-0.820888,-0.310658,-0.307962,1.42962,1.15723,-0.0197965,-0.624882,0.175679,0.543339,0.87698,0.269637,-0.303213,-1.02112,-0.40011,-0.79956,-0.894393,-0.0341796,0.129065,0.0422861,0.00382522,-0.478364,-0.653968,0.665501,-0.616372,-0.290834,0.00392094,-0.0211793,0.0780142,-0.121082,14.7799,-8.52704,7.78804,0.864366,10.5837,-1.67162,-3.66189,-0.0754261,-0.373796,-14.5553,7.70066,-3.69172,3.39982,3.43165,8.36358,1.54053,1.75882,0.667169,-0.861925,0.0195908,-0.184811,0.122465,3.41113,-1.18699,-0.517785,0.0239419,-0.00899805,0.0091573,-0.0544367,0,0,0,0,0,0,0,0,0,0,0,0,0,0,0,0,0,0,0,0,0,0,0,0,0,0,0,0,0,2.55789,2.55789,2.55789,6.3088,6.3088,1.81445,2.55789,2.55789,1.81445,6.3088,6.3088,0.907223,0.907223,1.81445,1.81445,0.907223,0.907223,1.81445,1.81445,0.907223,0.907223,0.907223,0.907223,0.907223,0.907223,1.06814,1.06814,1.06814,1.06814,40.1792,40.1792,40.1792,99.0984,99.0984,28.5012,40.1792,40.1792,28.5012,99.0984,99.0984,14.2506,14.2506,28.5012,28.5012,14.2506,14.2506,28.5012,28.5012,14.2506,14.2506,14.2506,14.2506,14.2506,14.2506,16.7783,16.7783,16.7783,16.7783,0,0,0,0,0,0,0,0,0,0,0,0,0,0,0,0,0,0,0,0,0,0,0,0,0,0,0,0,0,0,0,0,0,0,0,0,0,0,0,0,0,0,0,0,0,0,0,0,0,0,0,0,0,0,0,0,0,0,0,0,0,0,0,0,0,0,0,0,0,0,0,0,0,0,0,0,0,0,0,0,0,0,0,0,0,0,0,0,0,0,0,0,0,0,0,0,0,0,0,0,0,0,0,0,0,0,0,0,0,0,0,0,0,0,0,0,0,-0.0118673,0.360805,0.0512173,0.425108,0.710282,-0.203079,0.473173,-0.327208,-0.349154,0.175415,-0.429303,0.0699021,0.30795,0.6187,-0.211255,-0.550624,-0.0442787,-0.0658725,-0.165714,0.363145,-0.100887,1.08345,0.0356685,-0.233085,0.355402,0.126222,1.89399,-0.423302,0.837486,-0.00290422,-0.132157,-0.890093,-0.427672,-0.0907362,0.0195302,1.33315,-0.0693258,-0.0579609,-0.613492,0.198839,-0.102226,0.520564,-0.087267,-0.390375,0.0306575,-0.153131,-0.089066,0.386443,0.407523,0.0769332,0.2618,-0.0194196,-0.0442466,0.155871,0.511514,-0.343506,-0.188282,0.646094,-0.00490756,0.0807177,0.00940362,0.837,0.353028,0.0111029,-0.935547,0.6,0,0,3,3,3
-4.32528,1.52169,8.05566,0.00743749,0.368037,0.281718,-0.0093744,0.368573,0.0579581,-4.32528,1.52169,8.05566,0.00743749,0.368037,0.281718,-0.0093744,0.368573,0.0579581,-0.41915,-0.0843149,0.0131336,1.3502,-0.0458363,-0.0551269,-0.63834,0.209398,-0.0976036,0.520344,-0.087267,-0.390873,0.0177112,-0.148481,-0.0972076,0.3519,0.410734,0.0798569,0.2618,-0.0198311,-0.0502196,0.144166,0.536173,-0.358416,-0.19708,0.648069,-0.00553767,0.082992,0.00523348,0,0,0,0,0,0,0,0,0,0,0,0,0,0,0,0,0,0,0,0,0,0,0,0,0,0,0,0,0,-0.769693,0.130455,-0.156264,1.23984,-0.248964,-4.05528e-05,-0.467368,0.183258,-0.114279,0.628108,-0.174995,-0.119768,-0.15475,-0.262403,-0.342111,0.34661,0.280263,0.0443904,0.290145,-0.0206116,-0.00300608,0.188681,0.220034,-0.2203,-0.131421,0.643157,-0.00288606,0.0747154,0.021498,-0.748579,-0.32983,-0.331788,1.37038,1.16153,-0.00245986,-0.597158,0.23823,0.613705,0.820785,0.33879,-0.361122,-1.04877,-0.426146,-0.815372,-0.991311,-0.0659586,0.123515,0.0396229,-0.000893417,-0.435033,-0.652624,0.755231,-0.693533,-0.328428,0.032658,-0.0240412,0.0915021,-0.139645,15.6484,-8.06856,7.88617,0.7681,10.5804,-1.6491,-4.37007,0.0490713,-0.724737,-15.7259,6.66535,-3.54174,3.56867,3.86236,8.63431,1.43724,1.86894,0.706114,-0.887889,0.0181949,-0.195422,0.124293,3.49007,-1.153,-0.521718,0.0262227,-0.00866569,0.00607298,-0.0550584,0,0,0,0,0,0,0,0,0,0,0,0,0,0,0,0,0,0,0,0,0,0,0,0,0,0,0,0,0,2.55789,2.55789,2.55789,6.3088,6.3088,1.81445,2.55789,2.55789,1.81445,6.3088,6.3088,0.907223,0.907223,1.81445,1.81445,0.907223,0.907223,1.81445,1.81445,0.907223,0.907223,0.907223,0.907223,0.907223,0.907223,1.06814,1.06814,1.06814,1.06814,40.1792,40.1792,40.1792,99.0984,99.0984,28.5012,40.1792,40.1792,28.5012,99.0984,99.0984,14.2506,14.2506,28.5012,28.5012,14.2506,14.2506,28.5012,28.5012,14.2506,14.2506,14.2506,14.2506,14.2506,14.2506,16.7783,16.7783,16.7783,16.7783,0,0,0,0,0,0,0,0,0,0,0,0,0,0,0,0,0,0,0,0,0,0,0,0,0,0,0,0,0,0,0,0,0,0,0,0,0,0,0,0,0,0,0,0,0,0,0,0,0,0,0,0,0,0,0,0,0,0,0,0,0,0,0,0,0,0,0,0,0,0,0,0,0,0,0,0,0,0,0,0,0,0,0,0,0,0,0,0,0,0,0,0,0,0,0,0,0,0,0,0,0,0,0,0,0,0,0,0,0,0,0,0,0,0,0,0,0,-0.0093744,0.368573,0.0579581,0.346347,0.766507,-0.221643,0.480494,-0.361205,-0.338552,0.182082,-0.449361,0.0403832,0.275312,0.645216,-0.195691,-0.596005,-0.0452169,-0.0743302,-0.153987,0.382429,-0.114506,1.11397,0.0239862,-0.222546,0.328713,0.0702472,1.94262,-0.42393,0.904473,-0.0261508,-0.125695,-0.89123,-0.41915,-0.0843149,0.0131336,1.3502,-0.0458363,-0.0551269,-0.63834,0.209398,-0.0976036,0.520344,-0.087267,-0.390873,0.0177112,-0.148481,-0.0972076,0.3519,0.410734,0.0798569,0.2618,-0.0198311,-0.0502196,0.144166,0.536173,-0.358416,-0.19708,0.648069,-0.00553767,0.082992,0.00523348,0.742,0.360284,0.00874471,-0.932802,0.6,0,0,3,3,3
-4.37566,1.54095,8.01412,0.00990879,0.325299,0.199391,-0.00728391,0.375504,0.063181,-4.37566,1.54095,8.01412,0.00990879,0.325299,0.199391,-0.00728391,0.375504,0.063181,-0.411574,-0.0777883,0.00683881,1.36147,-0.0235617,-0.0505483,-0.659531,0.221314,-0.0931958,0.519554,-0.087267,-0.391514,0.00376858,-0.14439,-0.105026,0.316203,0.41333,0.0824323,0.2618,-0.0201582,-0.0548145,0.134558,0.560859,-0.372645,-0.205864,0.650061,-0.0061144,0.0851659,0.00102146,0,0,0,0,0,0,0,0,0,0,0,0,0,0,0,0,0,0,0,0,0,0,0,0,0,0,0,0,0,-0.784146,0.12362,-0.163045,1.26655,-0.225295,0.000454508,-0.47911,0.18869,-0.101334,0.643746,-0.167409,-0.127924,-0.175899,-0.271124,-0.358429,0.325511,0.278764,0.046866,0.291246,-0.0207091,-0.0113857,0.175237,0.236122,-0.234851,-0.138525,0.643882,-0.00342149,0.0767444,0.0182909,-0.66709,-0.343851,-0.338185,1.2825,1.1448,0.0254496,-0.56458,0.296095,0.672302,0.746291,0.408724,-0.442497,-1.04507,-0.436424,-0.830853,-1.08462,-0.0796159,0.117968,0.0423099,-0.00436386,-0.382228,-0.622329,0.819871,-0.756081,-0.364515,0.0601826,-0.0259901,0.101212,-0.156333,16.3648,-7.50147,7.91967,0.343751,10.6583,-1.63206,-4.98161,0.109542,-1.0678,-16.8453,5.48187,-3.36386,3.68515,4.26515,8.89761,1.32881,1.94978,0.729878,-0.924065,0.0167696,-0.208444,0.122083,3.55358,-1.10203,-0.513472,0.0175978,-0.00817192,-2.53721e-05,-0.0534559,0,0,0,0,0,0,0,0,0,0,0,0,0,0,0,0,0,0,0,0,0,0,0,0,0,0,0,0,0,2.55789,2.55789,2.55789,6.3088,6.3088,1.81445,2.55789,2.55789,1.81445,6.3088,6.3088,0.907223,0.907223,1.81445,1.81445,0.907223,0.907223,1.81445,1.81445,0.907223,0.907223,0.907223,0.907223,0.907223,0.907223,1.06814,1.06814,1.06814,1.06814,40.1792,40.1792,40.1792,99.0984,99.0984,28.5012,40.1792,40.1792,28.5012,99.0984,99.0984,14.2506,14.2506,28.5012,28.5012,14.2506,14.2506,28.5012,28.5012,14.2506,14.2506,14.2506,14.2506,14.2506,14.2506,16.7783,16.7783,16.7783,16.7783,0,0,0,0,0,0,0,0,0,0,0,0,0,0,0,0,0,0,0,0,0,0,0,0,0,0,0,0,0,0,0,0,0,0,0,0,0,0,0,0,0,0,0,0,0,0,0,0,0,0,0,0,0,0,0,0,0,0,0,0,0,0,0,0,0,0,0,0,0,0,0,0,0,0,0,0,0,0,0,0,0,0,0,0,0,0,0,0,0,0,0,0,0,0,0,0,0,0,0,0,0,0,0,0,0,0,0,0,0,0,0,0,0,0,0,0,0,-0.00728391,0.375504,0.063181,0.264954,0.822794,-0.23947,0.486415,-0.393648,-0.329223,0.187954,-0.469391,0.00859275,0.240977,0.671947,-0.181856,-0.634705,-0.0459627,-0.0820715,-0.142067,0.404191,-0.124983,1.14315,0.0124899,-0.212496,0.306806,0.0137107,1.97476,-0.426182,0.967994,-0.0449194,-0.115255,-0.892691,-0.411574,-0.0777883,0.00683881,1.36147,-0.0235617,-0.0505483,-0.659531,0.221314,-0.0931958,0.519554,-0.087267,-0.391514,0.00376858,-0.14439,-0.105026,0.316203,0.41333,0.0824323,0.2618,-0.0201582,-0.0548145,0.134558,0.560859,-0.372645,-0.205864,0.650061,-0.0061144,0.0851659,0.00102146,0.703,0.366742,0.00677633,-0.930298,0.6,0,0,3,3,3
-4.43493,1.55409,7.97719,0.00570667,0.279684,0.102946,-0.0058917,0.381544,0.0664939,-4.43493,1.55409,7.97719,0.00570667,0.279684,0.102946,-0.0058917,0.381544,0.0664939,-0.40177,-0.07285,-0.000440892,1.37012,-0.00354038,-0.044147,-0.678429,0.233002,-0.0893814,0.518963,-0.087267,-0.391831,-0.010122,-0.14043,-0.110989,0.280772,0.41412,0.0840257,0.2618,-0.0206043,-0.0581763,0.125901,0.586749,-0.38624,-0.214393,0.652051,-0.00663352,0.0874624,-0.00312957,0,0,0,0,0,0,0,0,0,0,0,0,0,0,0,0,0,0,0,0,0,0,0,0,0,0,0,0,0,-0.796863,0.116523,-0.169709,1.29114,-0.202199,0.00181586,-0.490189,0.195155,-0.0873477,0.657755,-0.158487,-0.138049,-0.196677,-0.279826,-0.375055,0.302532,0.277192,0.0492085,0.292425,-0.0208429,-0.0185795,0.162751,0.253281,-0.250467,-0.146322,0.645051,-0.00397772,0.078908,0.014781,-0.583853,-0.357763,-0.326598,1.16839,1.10975,0.0715877,-0.535975,0.341103,0.715199,0.661782,0.471624,-0.558659,-1.01475,-0.426211,-0.841166,-1.17683,-0.0758169,0.113344,0.0464636,-0.00595315,-0.324088,-0.572127,0.865809,-0.802855,-0.396221,0.0767462,-0.0267221,0.106307,-0.169857,16.9681,-6.92063,7.9072,-0.281955,10.7877,-1.62274,-5.46339,0.212074,-1.42165,-17.7959,4.20468,-3.13105,3.7582,4.61553,9.16991,1.22934,2.00738,0.745893,-0.965329,0.0153705,-0.223724,0.117957,3.6191,-1.0401,-0.498866,0.0125852,-0.00771998,-0.00545975,-0.0507989,0,0,0,0,0,0,0,0,0,0,0,0,0,0,0,0,0,0,0,0,0,0,0,0,0,0,0,0,0,2.55789,2.55789,2.55789,6.3088,6.3088,1.81445,2.55789,2.55789,1.81445,6.3088,6.3088,0.907223,0.907223,1.81445,1.81445,0.907223,0.907223,1.81445,1.81445,0.907223,0.907223,0.907223,0.907223,0.907223,0.907223,1.06814,1.06814,1.06814,1.06814,40.1792,40.1792,40.1792,99.0984,99.0984,28.5012,40.1792,40.1792,28.5012,99.0984,99.0984,14.2506,14.2506,28.5012,28.5012,14.2506,14.2506,28.5012,28.5012,14.2506,14.2506,14.2506,14.2506,14.2506,14.2506,16.7783,16.7783,16.7783,16.7783,0,0,0,0,0,0,0,0,0,0,0,0,0,0,0,0,0,0,0,0,0,0,0,0,0,0,0,0,0,0,0,0,0,0,0,0,0,0,0,0,0,0,0,0,0,0,0,0,0,0,0,0,0,0,0,0,0,0,0,0,0,0,0,0,0,0,0,0,0,0,0,0,0,0,0,0,0,0,0,0,0,0,0,0,0,0,0,0,0,0,0,0,0,0,0,0,0,0,0,0,0,0,0,0,0,0,0,0,0,0,0,0,0,0,0,0,0,-0.0058917,0.381544,0.0664939,0.184168,0.881825,-0.253065,0.488215,-0.424645,-0.320193,0.191587,-0.488838,-0.0230792,0.205886,0.698663,-0.16395,-0.669219,-0.0469798,-0.0890395,-0.133048,0.425537,-0.132648,1.17398,-0.000805215,-0.203799,0.287066,-0.0420072,1.99943,-0.42787,1.02509,-0.0564408,-0.10066,-0.893413,-0.40177,-0.07285,-0.000440892,1.37012,-0.00354038,-0.044147,-0.678429,0.233002,-0.0893814,0.518963,-0.087267,-0.391831,-0.010122,-0.14043,-0.110989,0.280772,0.41412,0.0840257,0.2618,-0.0206043,-0.0581763,0.125901,0.586749,-0.38624,-0.214393,0.652051,-0.00663352,0.0874624,-0.00312957,1.05,0.372354,0.00546799,-0.928075,0.6,0,0,3,3,3
-4.45416,1.5692,7.90034,-0.00365833,0.224743,-0.000209436,-0.00542235,0.386568,0.0676678,-4.45416,1.5692,7.90034,-0.00365833,0.224743,-0.000209436,-0.00542235,0.386568,0.0676678,-0.39203,-0.0698858,-0.00825873,1.37893,0.0143954,-0.0372362,-0.695207,0.246325,-0.0863555,0.518856,-0.087267,-0.391078,-0.0237536,-0.136281,-0.117515,0.245607,0.415129,0.0855271,0.2618,-0.0208203,-0.0612901,0.118289,0.612557,-0.399067,-0.223088,0.653933,-0.00709892,0.08983,-0.00745583,0,0,0,0,0,0,0,0,0,0,0,0,0,0,0,0,0,0,0,0,0,0,0,0,0,0,0,0,0,-0.807854,0.109017,-0.176118,1.31326,-0.180095,0.00430665,-0.500705,0.202264,-0.0728321,0.670055,-0.148454,-0.150848,-0.216607,-0.288162,-0.391802,0.27774,0.275849,0.051374,0.293654,-0.0210293,-0.0245424,0.151341,0.271275,-0.266897,-0.154659,0.64636,-0.00453169,0.0811504,0.0110471,-0.501351,-0.38406,-0.315206,1.04187,1.05322,0.128671,-0.511812,0.363433,0.729599,0.576367,0.523898,-0.704098,-0.963439,-0.400576,-0.840101,-1.26425,-0.0592375,0.104482,0.0476152,-0.00877194,-0.265727,-0.522141,0.9043,-0.839149,-0.418819,0.0773383,-0.0264587,0.108685,-0.179234,17.594,-6.35836,7.84314,-0.840092,10.9251,-1.61345,-5.86375,0.336165,-1.7554,-18.5509,2.89141,-2.82705,3.8008,4.9244,9.47885,1.15554,2.02428,0.746022,-1.00327,0.014166,-0.239439,0.111856,3.697,-0.966946,-0.480853,0.0220676,-0.0074117,-0.00743789,-0.0476988,0,0,0,0,0,0,0,0,0,0,0,0,0,0,0,0,0,0,0,0,0,0,0,0,0,0,0,0,0,2.55789,2.55789,2.55789,6.3088,6.3088,1.81445,2.55789,2.55789,1.81445,6.3088,6.3088,0.907223,0.907223,1.81445,1.81445,0.907223,0.907223,1.81445,1.81445,0.907223,0.907223,0.907223,0.907223,0.907223,0.907223,1.06814,1.06814,1.06814,1.06814,40.1792,40.1792,40.1792,99.0984,99.0984,28.5012,40.1792,40.1792,28.5012,99.0984,99.0984,14.2506,14.2506,28.5012,28.5012,14.2506,14.2506,28.5012,28.5012,14.2506,14.2506,14.2506,14.2506,14.2506,14.2506,16.7783,16.7783,16.7783,16.7783,0,0,0,0,0,0,0,0,0,0,0,0,0,0,0,0,0,0,0,0,0,0,0,0,0,0,0,0,0,0,0,0,0,0,0,0,0,0,0,0,0,0,0,0,0,0,0,0,0,0,0,0,0,0,0,0,0,0,0,0,0,0,0,0,0,0,0,0,0,0,0,0,0,0,0,0,0,0,0,0,0,0,0,0,0,0,0,0,0,0,0,0,0,0,0,0,0,0,0,0,0,0,0,0,0,0,0,0,0,0,0,0,0,0,0,0,0,-0.00542235,0.386568,0.0676678,0.103988,0.940672,-0.267945,0.490516,-0.453892,-0.310734,0.19501,-0.508662,-0.0541606,0.17149,0.723918,-0.14616,-0.699862,-0.0474725,-0.0952864,-0.127634,0.449871,-0.139748,1.20576,-0.0150832,-0.196899,0.26971,-0.100077,2.02454,-0.428174,1.07624,-0.0633733,-0.0849022,-0.891696,-0.39203,-0.0698858,-0.00825873,1.37893,0.0143954,-0.0372362,-0.695207,0.246325,-0.0863555,0.518856,-0.087267,-0.391078,-0.0237536,-0.136281,-0.117515,0.245607,0.415129,0.0855271,0.2618,-0.0208203,-0.0612901,0.118289,0.612557,-0.399067,-0.223088,0.653933,-0.00709892,0.08983,-0.00745583,0.756,0.377012,0.0050222,-0.926194,0.6,0,0,3,3,3
-4.43974,1.54748,7.7363,-0.0193046,0.15875,-0.109533,-0.00606717,0.390364,0.0665425,-4.43974,1.54748,7.7363,-0.0193046,0.15875,-0.109533,-0.00606717,0.390364,0.0665425,-0.382342,-0.0701317,-0.0176639,1.389,0.0290941,-0.030123,-0.712551,0.260091,-0.0836458,0.520455,-0.087267,-0.389402,-0.03682,-0.132847,-0.126105,0.210608,0.416891,0.0872995,0.2618,-0.0207124,-0.0647008,0.111662,0.637985,-0.411039,-0.232075,0.65554,-0.0075005,0.0922836,-0.0120982,0,0,0,0,0,0,0,0,0,0,0,0,0,0,0,0,0,0,0,0,0,0,0,0,0,0,0,0,0,-0.817251,0.100853,-0.182433,1.33294,-0.159258,0.00785106,-0.510839,0.209693,-0.0580931,0.680762,-0.136645,-0.165913,-0.235265,-0.2959,-0.408468,0.251332,0.274958,0.0533686,0.294822,-0.0212109,-0.0294982,0.14098,0.289964,-0.283938,-0.163406,0.647517,-0.00506784,0.0834152,0.00712573,-0.426246,-0.42234,-0.316739,0.926985,0.988271,0.177416,-0.500612,0.377695,0.745688,0.512019,0.640785,-0.774459,-0.888247,-0.367379,-0.833942,-1.3394,-0.0310259,0.0978045,0.0414623,-0.0078177,-0.223113,-0.472947,0.935563,-0.86488,-0.437292,0.0650799,-0.0255449,0.108117,-0.187964,18.173,-5.81994,7.78352,-1.20224,11.038,-1.60476,-6.16172,0.536691,-2.11624,-19.2051,1.01122,-2.53437,3.80892,5.20675,9.758,1.0979,2.028,0.74467,-1.02679,0.0128063,-0.252275,0.106481,3.77034,-0.883276,-0.463383,0.0461614,-0.00719756,-0.00554697,-0.0452059,0,0,0,0,0,0,0,0,0,0,0,0,0,0,0,0,0,0,0,0,0,0,0,0,0,0,0,0,0,2.55789,2.55789,2.55789,6.3088,6.3088,1.81445,2.55789,2.55789,1.81445,6.3088,6.3088,0.907223,0.907223,1.81445,1.81445,0.907223,0.907223,1.81445,1.81445,0.907223,0.907223,0.907223,0.907223,0.907223,0.907223,1.06814,1.06814,1.06814,1.06814,40.1792,40.1792,40.1792,99.0984,99.0984,28.5012,40.1792,40.1792,28.5012,99.0984,99.0984,14.2506,14.2506,28.5012,28.5012,14.2506,14.2506,28.5012,28.5012,14.2506,14.2506,14.2506,14.2506,14.2506,14.2506,16.7783,16.7783,16.7783,16.7783,0,0,0,0,0,0,0,0,0,0,0,0,0,0,0,0,0,0,0,0,0,0,0,0,0,0,0,0,0,0,0,0,0,0,0,0,0,0,0,0,0,0,0,0,0,0,0,0,0,0,0,0,0,0,0,0,0,0,0,0,0,0,0,0,0,0,0,0,0,0,0,0,0,0,0,0,0,0,0,0,0,0,0,0,0,0,0,0,0,0,0,0,0,0,0,0,0,0,0,0,0,0,0,0,0,0,0,0,0,0,0,0,0,0,0,0,0,-0.00606717,0.390364,0.0665425,0.0241883,0.99865,-0.287532,0.494532,-0.481191,-0.302904,0.199052,-0.529155,-0.0839532,0.137972,0.745498,-0.128467,-0.731538,-0.0472263,-0.100677,-0.128084,0.475012,-0.147524,1.23869,-0.03226,-0.190721,0.2546,-0.162391,2.05327,-0.423613,1.11816,-0.0661348,-0.0686834,-0.887876,-0.382342,-0.0701317,-0.0176639,1.389,0.0290941,-0.030123,-0.712551,0.260091,-0.0836458,0.520455,-0.087267,-0.389402,-0.03682,-0.132847,-0.126105,0.210608,0.416891,0.0872995,0.2618,-0.0207124,-0.0647008,0.111662,0.637985,-0.411039,-0.232075,0.65554,-0.0075005,0.0922836,-0.0120982,0.766,0.380525,0.00561071,-0.924754,0.6,0,0,3,3,3
-4.33604,1.52078,7.51233,-0.0444777,0.0746411,-0.222381,-0.00805204,0.392628,0.0630084,-4.33604,1.52078,7.51233,-0.0444777,0.0746411,-0.222381,-0.00805204,0.392628,0.0630084,-0.374384,-0.0742285,-0.028273,1.3997,0.0404364,-0.0235227,-0.731118,0.273688,-0.0807866,0.524102,-0.087267,-0.387346,-0.0492639,-0.131569,-0.138487,0.176124,0.42021,0.0898992,0.2618,-0.0200444,-0.0686142,0.10684,0.662034,-0.421945,-0.241133,0.656833,-0.00784837,0.0947673,-0.0170467,0,0,0,0,0,0,0,0,0,0,0,0,0,0,0,0,0,0,0,0,0,0,0,0,0,0,0,0,0,-0.825209,0.0916617,-0.189061,1.35056,-0.139951,0.0121881,-0.520691,0.217401,-0.0431601,0.690494,-0.123535,-0.182558,-0.252049,-0.302908,-0.424921,0.223631,0.274801,0.0552854,0.295802,-0.0213008,-0.0338469,0.131635,0.309275,-0.301339,-0.172514,0.64831,-0.00557327,0.0856625,0.00299571,-0.361163,-0.48201,-0.340279,0.835524,0.907595,0.213407,-0.481294,0.389484,0.744713,0.462579,0.665359,-0.877031,-0.78372,-0.326873,-0.816514,-1.39577,0.0125523,0.0970134,0.0307319,-0.00268967,-0.200854,-0.425347,0.966433,-0.877674,-0.454363,0.0442214,-0.0240419,0.106085,-0.19825,18.7149,-5.31473,7.72796,-1.37411,11.0766,-1.58977,-6.50928,0.750125,-2.46548,-19.716,-0.456641,-2.18481,3.77118,5.43497,9.95459,1.04479,2.01832,0.74322,-1.03596,0.0109854,-0.259699,0.102196,3.83015,-0.793901,-0.446317,0.0810819,-0.00705156,-0.00030978,-0.0429054,0,0,0,0,0,0,0,0,0,0,0,0,0,0,0,0,0,0,0,0,0,0,0,0,0,0,0,0,0,2.55789,2.55789,2.55789,6.3088,6.3088,1.81445,2.55789,2.55789,1.81445,6.3088,6.3088,0.907223,0.907223,1.81445,1.81445,0.907223,0.907223,1.81445,1.81445,0.907223,0.907223,0.907223,0.907223,0.907223,0.907223,1.06814,1.06814,1.06814,1.06814,40.1792,40.1792,40.1792,99.0984,99.0984,28.5012,40.1792,40.1792,28.5012,99.0984,99.0984,14.2506,14.2506,28.5012,28.5012,14.2506,14.2506,28.5012,28.5012,14.2506,14.2506,14.2506,14.2506,14.2506,14.2506,16.7783,16.7783,16.7783,16.7783,0,0,0,0,0,0,0,0,0,0,0,0,0,0,0,0,0,0,0,0,0,0,0,0,0,0,0,0,0,0,0,0,0,0,0,0,0,0,0,0,0,0,0,0,0,0,0,0,0,0,0,0,0,0,0,0,0,0,0,0,0,0,0,0,0,0,0,0,0,0,0,0,0,0,0,0,0,0,0,0,0,0,0,0,0,0,0,0,0,0,0,0,0,0,0,0,0,0,0,0,0,0,0,0,0,0,0,0,0,0,0,0,0,0,0,0,0,-0.00805204,0.392628,0.0630084,-0.0544393,1.05348,-0.315765,0.5021,-0.506057,-0.29999,0.204979,-0.549807,-0.112327,0.106123,0.762849,-0.113933,-0.765447,-0.0457033,-0.105346,-0.135566,0.499843,-0.156447,1.27203,-0.0516358,-0.184202,0.243605,-0.228812,2.08378,-0.413213,1.1505,-0.0691054,-0.0536341,-0.883187,-0.374384,-0.0742285,-0.028273,1.3997,0.0404364,-0.0235227,-0.731118,0.273688,-0.0807866,0.524102,-0.087267,-0.387346,-0.0492639,-0.131569,-0.138487,0.176124,0.42021,0.0898992,0.2618,-0.0200444,-0.0686142,0.10684,0.662034,-0.421945,-0.241133,0.656833,-0.00784837,0.0947673,-0.0170467,0.713,0.382618,0.00743925,-0.923877,0.6,0,0,3,3,3
-4.2533,1.48856,7.22735,-0.0765598,-0.0209078,-0.339309,-0.011579,0.393038,0.0569781,-4.2533,1.48856,7.22735,-0.0765598,-0.0209078,-0.339309,-0.011579,0.393038,0.0569781,-0.366503,-0.0815962,-0.0411245,1.4105,0.0494228,-0.0171261,-0.750709,0.285455,-0.0775525,0.529243,-0.087267,-0.385692,-0.0605943,-0.132337,-0.153155,0.141723,0.423762,0.0927083,0.2618,-0.0191493,-0.0727989,0.103969,0.684733,-0.431727,-0.250073,0.657826,-0.00813044,0.0973073,-0.0220861,0,0,0,0,0,0,0,0,0,0,0,0,0,0,0,0,0,0,0,0,0,0,0,0,0,0,0,0,0,-0.831966,0.0810824,-0.196346,1.3666,-0.122506,0.0169658,-0.530227,0.225287,-0.0283375,0.699404,-0.11005,-0.201191,-0.266558,-0.308994,-0.440932,0.195035,0.275655,0.0573134,0.29652,-0.0211748,-0.0379795,0.123443,0.329159,-0.318892,-0.181951,0.648601,-0.00604111,0.0878602,-0.00137348,-0.306872,-0.557808,-0.378469,0.767732,0.810966,0.231659,-0.469495,0.396531,0.737205,0.429681,0.686163,-0.968882,-0.664436,-0.276823,-0.792082,-1.43322,0.0693185,0.107088,0.0167047,0.00839925,-0.196335,-0.367824,0.992894,-0.88196,-0.470381,0.0169808,-0.0222859,0.102354,-0.209998,19.1676,-4.86864,7.68752,-1.47202,11.0665,-1.56979,-6.90345,0.961391,-2.79357,-20.0255,-1.91273,-1.80739,3.69644,5.55822,10.0156,0.994741,2.00495,0.74303,-1.03161,0.00863039,-0.261251,0.0985204,3.86576,-0.694902,-0.42665,0.125855,-0.006909,0.00799853,-0.0402008,0,0,0,0,0,0,0,0,0,0,0,0,0,0,0,0,0,0,0,0,0,0,0,0,0,0,0,0,0,2.55789,2.55789,2.55789,6.3088,6.3088,1.81445,2.55789,2.55789,1.81445,6.3088,6.3088,0.907223,0.907223,1.81445,1.81445,0.907223,0.907223,1.81445,1.81445,0.907223,0.907223,0.907223,0.907223,0.907223,0.907223,1.06814,1.06814,1.06814,1.06814,40.1792,40.1792,40.1792,99.0984,99.0984,28.5012,40.1792,40.1792,28.5012,99.0984,99.0984,14.2506,14.2506,28.5012,28.5012,14.2506,14.2506,28.5012,28.5012,14.2506,14.2506,14.2506,14.2506,14.2506,14.2506,16.7783,16.7783,16.7783,16.7783,0,0,0,0,0,0,0,0,0,0,0,0,0,0,0,0,0,0,0,0,0,0,0,0,0,0,0,0,0,0,0,0,0,0,0,0,0,0,0,0,0,0,0,0,0,0,0,0,0,0,0,0,0,0,0,0,0,0,0,0,0,0,0,0,0,0,0,0,0,0,0,0,0,0,0,0,0,0,0,0,0,0,0,0,0,0,0,0,0,0,0,0,0,0,0,0,0,0,0,0,0,0,0,0,0,0,0,0,0,0,0,0,0,0,0,0,0,-0.011579,0.393038,0.0569781,-0.132876,1.10524,-0.349208,0.5102,-0.528361,-0.301741,0.211384,-0.570192,-0.138161,0.0738551,0.776175,-0.0995401,-0.801227,-0.0436622,-0.109132,-0.149022,0.521335,-0.165989,1.30612,-0.0751069,-0.176827,0.237059,-0.296454,2.11457,-0.398553,1.17613,-0.0691154,-0.0390492,-0.879416,-0.366503,-0.0815962,-0.0411245,1.4105,0.0494228,-0.0171261,-0.750709,0.285455,-0.0775525,0.529243,-0.087267,-0.385692,-0.0605943,-0.132337,-0.153155,0.141723,0.423762,0.0927083,0.2618,-0.0191493,-0.0727989,0.103969,0.684733,-0.431727,-0.250073,0.657826,-0.00813044,0.0973073,-0.0220861,0.723,0.382997,0.0106958,-0.923688,0.6,0,0,3,3,3
-4.15662,1.43457,6.92494,-0.114036,-0.122256,-0.45312,-0.0167497,0.391417,0.0484679,-4.15662,1.43457,6.92494,-0.114036,-0.122256,-0.45312,-0.0167497,0.391417,0.0484679,-0.356296,-0.0918476,-0.0571434,1.42265,0.0575507,-0.0105701,-0.773805,0.293547,-0.0742573,0.535646,-0.087267,-0.383681,-0.0698249,-0.134466,-0.169284,0.107499,0.426905,0.0952734,0.2618,-0.0186421,-0.0765323,0.102185,0.705273,-0.441551,-0.259349,0.658319,-0.00833958,0.0997988,-0.0269838,0,0,0,0,0,0,0,0,0,0,0,0,0,0,0,0,0,0,0,0,0,0,0,0,0,0,0,0,0,-0.837637,0.0687006,-0.204593,1.38152,-0.107125,0.0219443,-0.539575,0.233193,-0.0137651,0.707941,-0.0960105,-0.221499,-0.2785,-0.314027,-0.45653,0.165802,0.277774,0.0595812,0.296969,-0.020809,-0.0421264,0.116629,0.349526,-0.336456,-0.191707,0.648315,-0.00646516,0.0899826,-0.00596955,-0.254879,-0.658027,-0.431804,0.721734,0.70795,0.240921,-0.462369,0.392138,0.720717,0.420895,0.724698,-1.04787,-0.530638,-0.221943,-0.77374,-1.4618,0.137557,0.121321,0.00430329,0.0193292,-0.199185,-0.299967,1.01549,-0.879877,-0.48556,-0.0114884,-0.0202526,0.0979855,-0.220488,19.5807,-4.42279,7.6338,-1.58385,11.0696,-1.54482,-7.33393,1.12445,-3.08912,-20.2973,-3.5197,-1.42461,3.58806,5.58443,10.0092,0.946633,1.96647,0.734149,-1.02201,0.00620537,-0.259391,0.0935634,3.87893,-0.585376,-0.401416,0.17714,-0.00670053,0.0193591,-0.0365059,0,0,0,0,0,0,0,0,0,0,0,0,0,0,0,0,0,0,0,0,0,0,0,0,0,0,0,0,0,2.55789,2.55789,2.55789,6.3088,6.3088,1.81445,2.55789,2.55789,1.81445,6.3088,6.3088,0.907223,0.907223,1.81445,1.81445,0.907223,0.907223,1.81445,1.81445,0.907223,0.907223,0.907223,0.907223,0.907223,0.907223,1.06814,1.06814,1.06814,1.06814,40.1792,40.1792,40.1792,99.0984,99.0984,28.5012,40.1792,40.1792,28.5012,99.0984,99.0984,14.2506,14.2506,28.5012,28.5012,14.2506,14.2506,28.5012,28.5012,14.2506,14.2506,14.2506,14.2506,14.2506,14.2506,16.7783,16.7783,16.7783,16.7783,0,0,0,0,0,0,0,0,0,0,0,0,0,0,0,0,0,0,0,0,0,0,0,0,0,0,0,0,0,0,0,0,0,0,0,0,0,0,0,0,0,0,0,0,0,0,0,0,0,0,0,0,0,0,0,0,0,0,0,0,0,0,0,0,0,0,0,0,0,0,0,0,0,0,0,0,0,0,0,0,0,0,0,0,0,0,0,0,0,0,0,0,0,0,0,0,0,0,0,0,0,0,0,0,0,0,0,0,0,0,0,0,0,0,0,0,0,-0.0167497,0.391417,0.0484679,-0.21091,1.15207,-0.385984,0.517367,-0.550761,-0.306597,0.217233,-0.591341,-0.159208,0.0405487,0.78279,-0.0808985,-0.843408,-0.0425058,-0.111939,-0.167744,0.536114,-0.174501,1.33957,-0.104363,-0.169314,0.232992,-0.362194,2.14922,-0.380292,1.19931,-0.0632351,-0.0241008,-0.874831,-0.356296,-0.0918476,-0.0571434,1.42265,0.0575507,-0.0105701,-0.773805,0.293547,-0.0742573,0.535646,-0.087267,-0.383681,-0.0698249,-0.134466,-0.169284,0.107499,0.426905,0.0952734,0.2618,-0.0186421,-0.0765323,0.102185,0.705273,-0.441551,-0.259349,0.658319,-0.00833958,0.0997988,-0.0269838,0.858,0.381498,0.0154822,-0.92424,0.6,0,0,3,3,3
-4.02611,1.3848,6.61696,-0.15598,-0.231125,-0.559454,-0.0235793,0.387593,0.0376398,-4.02611,1.3848,6.61696,-0.15598,-0.231125,-0.559454,-0.0235793,0.387593,0.0376398,-0.342875,-0.105366,-0.0764244,1.4378,0.0655715,-0.00398158,-0.802316,0.299462,-0.0710537,0.543697,-0.087267,-0.38094,-0.0764807,-0.137516,-0.186819,0.0722214,0.430871,0.0979031,0.2618,-0.0185961,-0.0801103,0.101249,0.724536,-0.452029,-0.269381,0.658335,-0.00845973,0.102246,-0.0318018,0,0,0,0,0,0,0,0,0,0,0,0,0,0,0,0,0,0,0,0,0,0,0,0,0,0,0,0,0,-0.842327,0.0538907,-0.214113,1.39579,-0.0936994,0.0270268,-0.548851,0.240742,0.000268101,0.716631,-0.0810359,-0.243218,-0.287561,-0.317914,-0.471818,0.136088,0.281341,0.0621149,0.297178,-0.0203477,-0.0462543,0.111203,0.370321,-0.353931,-0.201772,0.647499,-0.00683816,0.0920297,-0.0107064,-0.208426,-0.792567,-0.500683,0.700375,0.61607,0.246438,-0.460502,0.364632,0.686336,0.440961,0.774375,-1.11079,-0.381116,-0.163647,-0.760608,-1.48331,0.212141,0.134791,-0.00569539,0.0219944,-0.196726,-0.235541,1.03626,-0.87427,-0.500489,-0.0355765,-0.0178585,0.0942931,-0.22615,20.0625,-3.91031,7.54247,-1.64758,11.1167,-1.51171,-7.89399,1.21037,-3.33706,-20.6319,-5.30865,-1.02969,3.45457,5.53196,9.96131,0.901531,1.89516,0.711524,-1.00923,0.00436881,-0.255813,0.0871404,3.85698,-0.481122,-0.376831,0.22473,-0.00651353,0.0306158,-0.0331921,0,0,0,0,0,0,0,0,0,0,0,0,0,0,0,0,0,0,0,0,0,0,0,0,0,0,0,0,0,2.55789,2.55789,2.55789,6.3088,6.3088,1.81445,2.55789,2.55789,1.81445,6.3088,6.3088,0.907223,0.907223,1.81445,1.81445,0.907223,0.907223,1.81445,1.81445,0.907223,0.907223,0.907223,0.907223,0.907223,0.907223,1.06814,1.06814,1.06814,1.06814,40.1792,40.1792,40.1792,99.0984,99.0984,28.5012,40.1792,40.1792,28.5012,99.0984,99.0984,14.2506,14.2506,28.5012,28.5012,14.2506,14.2506,28.5012,28.5012,14.2506,14.2506,14.2506,14.2506,14.2506,14.2506,16.7783,16.7783,16.7783,16.7783,0,0,0,0,0,0,0,0,0,0,0,0,0,0,0,0,0,0,0,0,0,0,0,0,0,0,0,0,0,0,0,0,0,0,0,0,0,0,0,0,0,0,0,0,0,0,0,0,0,0,0,0,0,0,0,0,0,0,0,0,0,0,0,0,0,0,0,0,0,0,0,0,0,0,0,0,0,0,0,0,0,0,0,0,0,0,0,0,0,0,0,0,0,0,0,0,0,0,0,0,0,0,0,0,0,0,0,0,0,0,0,0,0,0,0,0,0,-0.0235793,0.387593,0.0376398,-0.291348,1.19599,-0.425965,0.526408,-0.574652,-0.31355,0.223229,-0.614216,-0.174384,0.00455279,0.783015,-0.0563878,-0.895478,-0.0424011,-0.113552,-0.192433,0.546915,-0.18266,1.37242,-0.139576,-0.16201,0.230858,-0.426865,2.19243,-0.357335,1.22218,-0.0526909,-0.0090784,-0.868581,-0.342875,-0.105366,-0.0764244,1.4378,0.0655715,-0.00398158,-0.802316,0.299462,-0.0710537,0.543697,-0.087267,-0.38094,-0.0764807,-0.137516,-0.186819,0.0722214,0.430871,0.0979031,0.2618,-0.0185961,-0.0801103,0.101249,0.724536,-0.452029,-0.269381,0.658335,-0.00845973,0.102246,-0.0318018,0.647,0.377961,0.0218282,-0.925564,0.6,0,0,3,3,3
-3.67236,1.5034,6.25091,-0.19396,-0.351462,-0.656451,-0.0319479,0.381325,0.024751,-3.67236,1.5034,6.25091,-0.19396,-0.351462,-0.656451,-0.0319479,0.381325,0.024751,-0.324165,-0.121006,-0.100132,1.45612,0.0744456,0.00335807,-0.839665,0.302342,-0.0685503,0.553654,-0.087267,-0.377061,-0.0804245,-0.141186,-0.206123,0.0341281,0.436006,0.100434,0.2618,-0.0192925,-0.0836912,0.100362,0.743845,-0.463564,-0.280249,0.657842,-0.0085311,0.104662,-0.0367741,0,0,0,0,0,0,0,0,0,0,0,0,0,0,0,0,0,0,0,0,0,0,0,0,0,0,0,0,0,-0.84623,0.0360616,-0.225215,1.40998,-0.0818948,0.0321022,-0.558153,0.247156,0.0130532,0.725968,-0.0659065,-0.264865,-0.293632,-0.320715,-0.486773,0.106038,0.286344,0.0648844,0.297265,-0.0199468,-0.0502962,0.107032,0.391599,-0.371357,-0.212178,0.646209,-0.00714806,0.0940213,-0.0155054,-0.172994,-0.951023,-0.58458,0.710308,0.543224,0.246412,-0.461503,0.284303,0.62803,0.472394,0.78143,-0.88641,-0.236705,-0.115509,-0.74229,-1.49658,0.278355,0.146102,-0.00848872,0.0176806,-0.19132,-0.178071,1.06272,-0.877613,-0.518778,-0.0585307,-0.0148681,0.0915592,-0.228552,20.6671,-3.35587,7.42241,-1.59507,11.1994,-1.46566,-8.65209,1.37205,-3.45231,-21.0241,-6.70754,-0.673294,3.31936,5.44067,9.85859,0.840013,1.8209,0.686341,-1.00572,0.00313388,-0.253562,0.08116,3.80677,-0.38082,-0.355434,0.270315,-0.00650568,0.0411447,-0.0309829,0,0,0,0,0,0,0,0,0,0,0,0,0,0,0,0,0,0,0,0,0,0,0,0,0,0,0,0,0,2.55789,2.55789,2.55789,6.3088,6.3088,1.81445,2.55789,2.55789,1.81445,6.3088,6.3088,0.907223,0.907223,1.81445,1.81445,0.907223,0.907223,1.81445,1.81445,0.907223,0.907223,0.907223,0.907223,0.907223,0.907223,1.06814,1.06814,1.06814,1.06814,40.1792,40.1792,40.1792,99.0984,99.0984,28.5012,40.1792,40.1792,28.5012,99.0984,99.0984,14.2506,14.2506,28.5012,28.5012,14.2506,14.2506,28.5012,28.5012,14.2506,14.2506,14.2506,14.2506,14.2506,14.2506,16.7783,16.7783,16.7783,16.7783,0,0,0,0,0,0,0,0,0,0,0,0,0,0,0,0,0,0,0,0,0,0,0,0,0,0,0,0,0,0,0,0,0,0,0,0,0,0,0,0,0,0,0,0,0,0,0,0,0,0,0,0,0,0,0,0,0,0,0,0,0,0,0,0,0,0,0,0,0,0,0,0,0,0,0,0,0,0,0,0,0,0,0,0,0,0,0,0,0,0,0,0,0,0,0,0,0,0,0,0,0,0,0,0,0,0,0,0,0,0,0,0,0,0,0,0,0,-0.0319479,0.381325,0.024751,-0.378205,1.24002,-0.469981,0.538116,-0.600952,-0.321917,0.229,-0.638997,-0.183376,-0.0366949,0.776386,-0.0222168,-0.963691,-0.0439888,-0.11451,-0.220997,0.552175,-0.190824,1.40484,-0.182874,-0.156301,0.228836,-0.493607,2.24467,-0.328939,1.24749,-0.0395421,0.00765675,-0.859736,-0.324165,-0.121006,-0.100132,1.45612,0.0744456,0.00335807,-0.839665,0.302342,-0.0685503,0.553654,-0.087267,-0.377061,-0.0804245,-0.141186,-0.206123,0.0341281,0.436006,0.100434,0.2618,-0.0192925,-0.0836912,0.100362,0.743845,-0.463564,-0.280249,0.657842,-0.0085311,0.104662,-0.0367741,0.698,0.372151,0.0296481,-0.927699,0.6,0,0,3,3,3
-3.48943,1.59467,5.87739,-0.222908,-0.490005,-0.742614,-0.0415111,0.372256,0.0101274,-3.48943,1.59467,5.87739,-0.222908,-0.490005,-0.742614,-0.0415111,0.372256,0.0101274,-0.299009,-0.14004,-0.126502,1.47696,0.0841127,0.0121842,-0.889678,0.302853,-0.0667302,0.566739,-0.087267,-0.3703,-0.0815525,-0.146718,-0.22874,-0.00853427,0.443113,0.103079,0.2618,-0.0206889,-0.0871159,0.0988501,0.765564,-0.478384,-0.293029,0.656827,-0.00860061,0.107214,-0.0425004,0,0,0,0,0,0,0,0,0,0,0,0,0,0,0,0,0,0,0,0,0,0,0,0,0,0,0,0,0,-0.849631,0.014619,-0.238141,1.42479,-0.0712695,0.0371962,-0.567633,0.250903,0.0254333,0.736082,-0.0501949,-0.270065,-0.296929,-0.322667,-0.501154,0.0758432,0.292517,0.0677792,0.297368,-0.0197906,-0.0542061,0.103831,0.41365,-0.38906,-0.223024,0.644402,-0.00739445,0.0959594,-0.0203659,-0.149164,-1.13881,-0.672545,0.756087,0.490184,0.247539,-0.473838,0.0956898,0.562326,0.51531,0.833893,-0.00265211,-0.111464,-0.0741904,-0.711182,-1.49901,0.331532,0.151307,-0.00744568,0.00454537,-0.184357,-0.136664,1.10712,-0.899424,-0.542852,-0.083401,-0.0121699,0.0883027,-0.231964,21.5013,-2.64626,7.2156,-1.51176,11.3509,-1.40561,-9.75533,1.76611,-3.70311,-21.2076,-8.73806,-1.49785,3.19307,5.31827,9.66059,0.730013,1.75813,0.668021,-1.01039,0.00287226,-0.25541,0.0764753,3.72813,-0.275326,-0.334961,0.31904,-0.00652132,0.052396,-0.0293743,0,0,0,0,0,0,0,0,0,0,0,0,0,0,0,0,0,0,0,0,0,0,0,0,0,0,0,0,0,2.55789,2.55789,2.55789,6.3088,6.3088,1.81445,2.55789,2.55789,1.81445,6.3088,6.3088,0.907223,0.907223,1.81445,1.81445,0.907223,0.907223,1.81445,1.81445,0.907223,0.907223,0.907223,0.907223,0.907223,0.907223,1.06814,1.06814,1.06814,1.06814,40.1792,40.1792,40.1792,99.0984,99.0984,28.5012,40.1792,40.1792,28.5012,99.0984,99.0984,14.2506,14.2506,28.5012,28.5012,14.2506,14.2506,28.5012,28.5012,14.2506,14.2506,14.2506,14.2506,14.2506,14.2506,16.7783,16.7783,16.7783,16.7783,0,0,0,0,0,0,0,0,0,0,0,0,0,0,0,0,0,0,0,0,0,0,0,0,0,0,0,0,0,0,0,0,0,0,0,0,0,0,0,0,0,0,0,0,0,0,0,0,0,0,0,0,0,0,0,0,0,0,0,0,0,0,0,0,0,0,0,0,0,0,0,0,0,0,0,0,0,0,0,0,0,0,0,0,0,0,0,0,0,0,0,0,0,0,0,0,0,0,0,0,0,0,0,0,0,0,0,0,0,0,0,0,0,0,0,0,0,-0.0415111,0.372256,0.0101274,-0.475479,1.28954,-0.521551,0.554322,-0.634742,-0.334531,0.23503,-0.668135,-0.185948,-0.0854149,0.762769,0.0237251,-1.05503,-0.0471727,-0.115443,-0.255759,0.553109,-0.198633,1.4391,-0.231035,-0.152151,0.225388,-0.570469,2.30412,-0.291622,1.27506,-0.0278851,0.0277813,-0.84432,-0.299009,-0.14004,-0.126502,1.47696,0.0841127,0.0121842,-0.889678,0.302853,-0.0667302,0.566739,-0.087267,-0.3703,-0.0815525,-0.146718,-0.22874,-0.00853427,0.443113,0.103079,0.2618,-0.0206889,-0.0871159,0.0988501,0.765564,-0.478384,-0.293029,0.656827,-0.00860061,0.107214,-0.0425004,0.699,0.363718,0.0386568,-0.930707,0.6,0,0,3,3,3
-3.59371,1.75246,5.68812,-0.23745,-0.615863,-0.826107,-0.0518898,0.360296,-0.00598387,-3.59371,1.75246,5.68812,-0.23745,-0.615863,-0.826107,-0.0518898,0.360296,-0.00598387,-0.271324,-0.157462,-0.150655,1.497,0.098337,0.0232057,-0.944583,0.302693,-0.0657657,0.5822,-0.087267,-0.362516,-0.0813938,-0.149289,-0.251714,-0.0583896,0.45303,0.106564,0.2618,-0.0227878,-0.0910339,0.0957584,0.793166,-0.494424,-0.306315,0.655886,-0.00873525,0.109654,-0.0489985,0,0,0,0,0,0,0,0,0,0,0,0,0,0,0,0,0,0,0,0,0,0,0,0,0,0,0,0,0,-0.852419,-0.0101532,-0.25281,1.44079,-0.0614906,0.042404,-0.577862,0.250536,0.0340526,0.748382,-0.036198,-0.268784,-0.298587,-0.324133,-0.515097,0.0454825,0.299607,0.0707731,0.297622,-0.020018,-0.0579597,0.1012,0.436599,-0.407419,-0.234498,0.642022,-0.00758939,0.097859,-0.0254261,-0.111163,-1.2798,-0.766817,0.824591,0.456167,0.253531,-0.52012,-0.0832262,0.342044,0.656873,0.640181,0.0825315,-0.0632246,-0.0712258,-0.701307,-1.51218,0.370864,0.158104,0.00300412,-0.0144479,-0.175753,-0.114336,1.14517,-0.942694,-0.578819,-0.110418,-0.0101982,0.0859147,-0.243786,22.5338,-2.0455,6.96982,-1.44027,11.56,-1.31357,-11.2367,2.28447,-3.50265,-21.9954,-9.04471,-1.51911,3.15226,5.18459,9.38973,0.565291,1.72251,0.647605,-1.03563,0.00335856,-0.258278,0.0722602,3.67403,-0.188907,-0.322518,0.371457,-0.00663818,0.0656738,-0.028263,0,0,0,0,0,0,0,0,0,0,0,0,0,0,0,0,0,0,0,0,0,0,0,0,0,0,0,0,0,2.55789,2.55789,2.55789,6.3088,6.3088,1.81445,2.55789,2.55789,1.81445,6.3088,6.3088,0.907223,0.907223,1.81445,1.81445,0.907223,0.907223,1.81445,1.81445,0.907223,0.907223,0.907223,0.907223,0.907223,0.907223,1.06814,1.06814,1.06814,1.06814,40.1792,40.1792,40.1792,99.0984,99.0984,28.5012,40.1792,40.1792,28.5012,99.0984,99.0984,14.2506,14.2506,28.5012,28.5012,14.2506,14.2506,28.5012,28.5012,14.2506,14.2506,14.2506,14.2506,14.2506,14.2506,16.7783,16.7783,16.7783,16.7783,0,0,0,0,0,0,0,0,0,0,0,0,0,0,0,0,0,0,0,0,0,0,0,0,0,0,0,0,0,0,0,0,0,0,0,0,0,0,0,0,0,0,0,0,0,0,0,0,0,0,0,0,0,0,0,0,0,0,0,0,0,0,0,0,0,0,0,0,0,0,0,0,0,0,0,0,0,0,0,0,0,0,0,0,0,0,0,0,0,0,0,0,0,0,0,0,0,0,0,0,0,0,0,0,0,0,0,0,0,0,0,0,0,0,0,0,0,-0.0518898,0.360296,-0.00598387,-0.589154,1.35248,-0.573933,0.576933,-0.671316,-0.340395,0.242976,-0.698429,-0.185586,-0.143725,0.750138,0.0742884,-1.1553,-0.0519584,-0.11725,-0.287577,0.552816,-0.207566,1.47185,-0.275146,-0.149952,0.218339,-0.657691,2.36125,-0.247532,1.31562,-0.0160196,0.0529112,-0.826572,-0.271324,-0.157462,-0.150655,1.497,0.098337,0.0232057,-0.944583,0.302693,-0.0657657,0.5822,-0.087267,-0.362516,-0.0813938,-0.149289,-0.251714,-0.0583896,0.45303,0.106564,0.2618,-0.0227878,-0.0910339,0.0957584,0.793166,-0.494424,-0.306315,0.655886,-0.00873525,0.109654,-0.0489985,0.74,0.352552,0.0485363,-0.934533,0.6,0,0,3,3,3
-1.89141,1.54534,6.28042,-0.27622,-0.958225,-0.863701,-0.062844,0.343986,-0.0230259,-1.89141,1.54534,6.28042,-0.27622,-0.958225,-0.863701,-0.062844,0.343986,-0.0230259,-0.242361,-0.167912,-0.17541,1.5094,0.117549,0.0336747,-1.00063,0.298233,-0.0635408,0.600109,-0.087267,-0.352869,-0.0820574,-0.158325,-0.282412,-0.10796,0.468127,0.111794,0.2618,-0.0241057,-0.0900825,0.0932574,0.82031,-0.509203,-0.318445,0.65406,-0.00892153,0.112185,-0.0564044,0,0,0,0,0,0,0,0,0,0,0,0,0,0,0,0,0,0,0,0,0,0,0,0,0,0,0,0,0,-0.857409,-0.0369737,-0.269556,1.45864,-0.0519661,0.0472655,-0.591614,0.248009,0.0388091,0.763099,-0.0259039,-0.267281,-0.301229,-0.325371,-0.524533,0.0149914,0.307302,0.0736212,0.299334,-0.0206952,-0.0612541,0.09847,0.461024,-0.426459,-0.246647,0.640041,-0.0077849,0.0998276,-0.0308575,-0.426988,-1.34861,-0.896741,0.949123,0.427718,0.15931,-0.874745,-0.133003,0.158897,0.750047,0.477911,0.0651019,-0.224281,-0.0435708,-0.146043,-1.49547,0.379122,0.133013,0.141747,-0.0349337,-0.115499,-0.135393,1.27892,-0.959477,-0.610418,-0.0283644,-0.0109191,0.106025,-0.26252,24.552,-1.48105,6.98431,-1.95995,12.1835,-0.989221,-12.0742,2.53202,-3.28132,-22.5438,-9.0459,-1.41672,3.3156,5.10071,8.12804,0.277824,1.74062,0.708955,-1.3201,0.00143223,-0.311726,0.0845081,3.61122,-0.128601,-0.3108,0.312123,-0.00460578,0.0574378,-0.0262887,0,0,0,0,0,0,0,0,0,0,0,0,0,0,0,0,0,0,0,0,0,0,0,0,0,0,0,0,0,2.55789,2.55789,2.55789,6.3088,6.3088,1.81445,2.55789,2.55789,1.81445,6.3088,6.3088,0.907223,0.907223,1.81445,1.81445,0.907223,0.907223,1.81445,1.81445,0.907223,0.907223,0.907223,0.907223,0.907223,0.907223,1.06814,1.06814,1.06814,1.06814,40.1792,40.1792,40.1792,99.0984,99.0984,28.5012,40.1792,40.1792,28.5012,99.0984,99.0984,14.2506,14.2506,28.5012,28.5012,14.2506,14.2506,28.5012,28.5012,14.2506,14.2506,14.2506,14.2506,14.2506,14.2506,16.7783,16.7783,16.7783,16.7783,0,0,0,0,0,0,0,0,0,0,0,0,0,0,0,0,0,0,0,0,0,0,0,0,0,0,0,0,0,0,0,0,0,0,0,0,0,0,0,0,0,0,0,0,0,0,0,0,0,0,0,0,0,0,0,0,0,0,0,0,0,0,0,0,0,0,0,0,0,0,0,0,0,0,0,0,0,0,0,0,0,0,0,0,0,0,0,0,0,0,0,0,0,0,0,0,0,0,0,0,0,0,0,0,0,0,0,0,0,0,0,0,0,0,0,0,0,-0.062844,0.343986,-0.0230259,-0.702179,1.41437,-0.643927,0.611355,-0.705015,-0.360998,0.254902,-0.726087,-0.187099,-0.214536,0.725632,0.127183,-1.25767,-0.0549634,-0.119751,-0.306663,0.544672,-0.205397,1.50582,-0.320357,-0.144879,0.212636,-0.757098,2.3966,-0.196462,1.37041,-0.00965735,0.0767816,-0.804576,-0.242361,-0.167912,-0.17541,1.5094,0.117549,0.0336747,-1.00063,0.298233,-0.0635408,0.600109,-0.087267,-0.352869,-0.0820574,-0.158325,-0.282412,-0.10796,0.468127,0.111794,0.2618,-0.0241057,-0.0900825,0.0932574,0.82031,-0.509203,-0.318445,0.65406,-0.00892153,0.112185,-0.0564044,0.943,0.337242,0.0591235,-0.93956,0.6,0,0,3,3,3
-3.46113,1.63808,5.84007,-0.319825,-1.20261,-0.905449,-0.075458,0.318458,-0.041479,-3.46113,1.63808,5.84007,-0.319825,-1.20261,-0.905449,-0.075458,0.318458,-0.041479,-0.201989,-0.175734,-0.202817,1.51134,0.143765,0.0466813,-1.06835,0.282748,-0.06291,0.623607,-0.087267,-0.341751,-0.0809379,-0.173823,-0.31233,-0.162454,0.487436,0.118743,0.2618,-0.0253745,-0.0842788,0.0887439,0.853861,-0.527758,-0.330637,0.651985,-0.00907042,0.11495,-0.0647582,0,0,0,0,0,0,0,0,0,0,0,0,0,0,0,0,0,0,0,0,0,0,0,0,0,0,0,0,0,-0.867674,-0.0674886,-0.28992,1.47996,-0.0407285,0.0502549,-0.612362,0.244713,0.0414858,0.780406,-0.0182166,-0.266125,-0.308352,-0.32616,-0.524642,-0.0190103,0.315565,0.0768169,0.302687,-0.0216771,-0.0624718,0.0952913,0.490529,-0.447732,-0.260561,0.638699,-0.00799208,0.102506,-0.0374186,-0.421804,-1.38019,-0.937086,0.948018,0.525672,0.045107,-0.932821,-0.144846,0.117367,0.761187,0.313522,0.0411555,-0.389151,-0.0267665,0.0420569,-1.55846,0.376932,0.162502,0.123772,-0.0434892,-0.0306019,-0.124157,1.33794,-0.990423,-0.624076,-0.0542144,-0.0103243,0.112427,-0.283222,26.2145,-0.588696,6.92748,-2.92713,12.4165,-0.58003,-13.2651,2.52131,-3.1964,-22.5927,-8.79509,-1.27439,3.55794,4.83447,6.83489,0.106296,1.84377,0.717695,-1.40085,0.00444666,-0.366461,0.0863735,3.51451,-0.0120541,-0.270989,0.320557,-0.00509851,0.0435367,-0.0175862,0,0,0,0,0,0,0,0,0,0,0,0,0,0,0,0,0,0,0,0,0,0,0,0,0,0,0,0,0,2.55789,2.55789,2.55789,6.3088,6.3088,1.81445,2.55789,2.55789,1.81445,6.3088,6.3088,0.907223,0.907223,1.81445,1.81445,0.907223,0.907223,1.81445,1.81445,0.907223,0.907223,0.907223,0.907223,0.907223,0.907223,1.06814,1.06814,1.06814,1.06814,40.1792,40.1792,40.1792,99.0984,99.0984,28.5012,40.1792,40.1792,28.5012,99.0984,99.0984,14.2506,14.2506,28.5012,28.5012,14.2506,14.2506,28.5012,28.5012,14.2506,14.2506,14.2506,14.2506,14.2506,14.2506,16.7783,16.7783,16.7783,16.7783,0,0,0,0,0,0,0,0,0,0,0,0,0,0,0,0,0,0,0,0,0,0,0,0,0,0,0,0,0,0,0,0,0,0,0,0,0,0,0,0,0,0,0,0,0,0,0,0,0,0,0,0,0,0,0,0,0,0,0,0,0,0,0,0,0,0,0,0,0,0,0,0,0,0,0,0,0,0,0,0,0,0,0,0,0,0,0,0,0,0,0,0,0,0,0,0,0,0,0,0,0,0,0,0,0,0,0,0,0,0,0,0,0,0,0,0,0,-0.075458,0.318458,-0.041479,-0.826432,1.49087,-0.712144,0.655382,-0.74732,-0.396333,0.270746,-0.753886,-0.184547,-0.294704,0.697773,0.200916,-1.38134,-0.0578564,-0.121749,-0.320948,0.51639,-0.192164,1.54294,-0.370411,-0.143441,0.202345,-0.869227,2.40215,-0.12945,1.44517,0.00441383,0.106438,-0.779226,-0.201989,-0.175734,-0.202817,1.51134,0.143765,0.0466813,-1.06835,0.282748,-0.06291,0.623607,-0.087267,-0.341751,-0.0809379,-0.173823,-0.31233,-0.162454,0.487436,0.118743,0.2618,-0.0253745,-0.0842788,0.0887439,0.853861,-0.527758,-0.330637,0.651985,-0.00907042,0.11495,-0.0647582,0.785,0.315508,0.0704213,-0.946306,0.6,0,0,3,3,3
-3.56051,1.49258,5.58898,-0.346614,-1.33286,-0.93062,-0.0860735,0.294269,-0.056692,-3.56051,1.49258,5.58898,-0.346614,-1.33286,-0.93062,-0.0860735,0.294269,-0.056692,-0.146516,-0.181745,-0.227981,1.51152,0.170126,0.0636519,-1.15526,0.258967,-0.0627836,0.660137,-0.087267,-0.324399,-0.0784032,-0.187124,-0.337918,-0.221427,0.501124,0.12331,0.2618,-0.0265756,-0.0782299,0.0801375,0.89809,-0.549225,-0.341967,0.649866,-0.00912067,0.118215,-0.0741918,0,0,0,0,0,0,0,0,0,0,0,0,0,0,0,0,0,0,0,0,0,0,0,0,0,0,0,0,0,-0.874424,-0.0932176,-0.306398,1.49643,-0.0292051,0.0515118,-0.629306,0.241263,0.0435877,0.79487,-0.0149479,-0.265529,-0.316859,-0.326089,-0.52394,-0.048491,0.322672,0.0799141,0.305052,-0.0225722,-0.0618718,0.0924112,0.515306,-0.465769,-0.27192,0.636545,-0.0081416,0.104617,-0.0433076,-0.320568,-1.44807,-0.898528,0.889188,0.668457,0.0709041,-0.928975,-0.218583,0.12119,0.787372,0.15774,0.0266538,-0.533939,0.0293231,0.0316998,-1.67836,0.41092,0.182564,0.121853,-0.0488444,0.0650161,-0.158905,1.38315,-1.0223,-0.62381,-0.137813,-0.00943603,0.10427,-0.323067,27.856,0.282748,6.39937,-3.99968,13.0066,-0.271493,-15.3197,2.20428,-3.24465,-21.8638,-8.14617,-1.11106,3.81996,4.29853,5.97156,-0.150083,1.99073,0.791615,-1.45959,0.00389534,-0.375265,0.0929227,3.60276,0.00800515,-0.283499,0.405465,-0.00620956,0.0610167,-0.0174265,0,0,0,0,0,0,0,0,0,0,0,0,0,0,0,0,0,0,0,0,0,0,0,0,0,0,0,0,0,2.55789,2.55789,2.55789,6.3088,6.3088,1.81445,2.55789,2.55789,1.81445,6.3088,6.3088,0.907223,0.907223,1.81445,1.81445,0.907223,0.907223,1.81445,1.81445,0.907223,0.907223,0.907223,0.907223,0.907223,0.907223,1.06814,1.06814,1.06814,1.06814,40.1792,40.1792,40.1792,99.0984,99.0984,28.5012,40.1792,40.1792,28.5012,99.0984,99.0984,14.2506,14.2506,28.5012,28.5012,14.2506,14.2506,28.5012,28.5012,14.2506,14.2506,14.2506,14.2506,14.2506,14.2506,16.7783,16.7783,16.7783,16.7783,0,0,0,0,0,0,0,0,0,0,0,0,0,0,0,0,0,0,0,0,0,0,0,0,0,0,0,0,0,0,0,0,0,0,0,0,0,0,0,0,0,0,0,0,0,0,0,0,0,0,0,0,0,0,0,0,0,0,0,0,0,0,0,0,0,0,0,0,0,0,0,0,0,0,0,0,0,0,0,0,0,0,0,0,0,0,0,0,0,0,0,0,0,0,0,0,0,0,0,0,0,0,0,0,0,0,0,0,0,0,0,0,0,0,0,0,0,-0.0860735,0.294269,-0.056692,-0.960896,1.59172,-0.770487,0.686593,-0.796269,-0.426662,0.281159,-0.77972,-0.178767,-0.38157,0.66933,0.302229,-1.54006,-0.060595,-0.122424,-0.331925,0.472959,-0.178372,1.58676,-0.416368,-0.143153,0.182721,-0.995851,2.40265,-0.025274,1.52034,0.0227923,0.145133,-0.739663,-0.146516,-0.181745,-0.227981,1.51152,0.170126,0.0636519,-1.15526,0.258967,-0.0627836,0.660137,-0.087267,-0.324399,-0.0784032,-0.187124,-0.337918,-0.221427,0.501124,0.12331,0.2618,-0.0265756,-0.0782299,0.0801375,0.89809,-0.549225,-0.341967,0.649866,-0.00912067,0.118215,-0.0741918,0.75,0.29004,0.0822719,-0.953471,0.6,0,0,3,3,3
-3.22824,1.33213,5.21842,-0.378754,-1.47335,-0.936769,-0.0979167,0.264568,-0.0730995,-3.22824,1.33213,5.21842,-0.378754,-1.47335,-0.936769,-0.0979167,0.264568,-0.0730995,-0.0785371,-0.189211,-0.236863,1.51097,0.193009,0.086126,-1.25155,0.238611,-0.0602963,0.708029,-0.087267,-0.297136,-0.0750658,-0.194007,-0.358884,-0.282579,0.513361,0.128325,0.2618,-0.0282125,-0.0691859,0.0690902,0.955181,-0.566266,-0.350304,0.648349,-0.00918367,0.121924,-0.0858808,0,0,0,0,0,0,0,0,0,0,0,0,0,0,0,0,0,0,0,0,0,0,0,0,0,0,0,0,0,-0.879861,-0.12398,-0.322874,1.51315,-0.0137744,0.0540436,-0.649099,0.234702,0.0463791,0.812458,-0.0150431,-0.265081,-0.330245,-0.323593,-0.523558,-0.0843373,0.331673,0.0835724,0.307838,-0.0236583,-0.0592234,0.0878115,0.54459,-0.486568,-0.28413,0.632087,-0.00826544,0.10671,-0.0507577,-0.212395,-1.57878,-0.779509,0.79449,0.774035,0.129558,-1.00066,-0.392754,0.15189,0.860356,-0.0141482,0.0180578,-0.76371,0.187804,0.00955665,-1.84328,0.476731,0.189275,0.127272,-0.0512987,0.1549,-0.23128,1.49513,-1.07278,-0.58937,-0.238825,-0.007793,0.0864638,-0.357107,30.0331,1.59337,5.76091,-5.07172,13.4121,0.0389144,-17.8452,1.93172,-3.37508,-20.4671,-7.06502,-0.862105,4.24577,3.57675,5.27099,-0.333656,2.00038,0.805097,-1.55073,0.00466069,-0.409332,0.101203,3.72058,0.0400851,-0.300196,0.551792,-0.00676703,0.099162,-0.0129568,0,0,0,0,0,0,0,0,0,0,0,0,0,0,0,0,0,0,0,0,0,0,0,0,0,0,0,0,0,2.55789,2.55789,2.55789,6.3088,6.3088,1.81445,2.55789,2.55789,1.81445,6.3088,6.3088,0.907223,0.907223,1.81445,1.81445,0.907223,0.907223,1.81445,1.81445,0.907223,0.907223,0.907223,0.907223,0.907223,0.907223,1.06814,1.06814,1.06814,1.06814,40.1792,40.1792,40.1792,99.0984,99.0984,28.5012,40.1792,40.1792,28.5012,99.0984,99.0984,14.2506,14.2506,28.5012,28.5012,14.2506,14.2506,28.5012,28.5012,14.2506,14.2506,14.2506,14.2506,14.2506,14.2506,16.7783,16.7783,16.7783,16.7783,0,0,0,0,0,0,0,0,0,0,0,0,0,0,0,0,0,0,0,0,0,0,0,0,0,0,0,0,0,0,0,0,0,0,0,0,0,0,0,0,0,0,0,0,0,0,0,0,0,0,0,0,0,0,0,0,0,0,0,0,0,0,0,0,0,0,0,0,0,0,0,0,0,0,0,0,0,0,0,0,0,0,0,0,0,0,0,0,0,0,0,0,0,0,0,0,0,0,0,0,0,0,0,0,0,0,0,0,0,0,0,0,0,0,0,0,0,-0.0979167,0.264568,-0.0730995,-1.10033,1.72189,-0.818291,0.714493,-0.835124,-0.442354,0.292594,-0.798728,-0.171158,-0.474026,0.648971,0.42638,-1.71594,-0.0643273,-0.123269,-0.345561,0.435781,-0.157751,1.63654,-0.432589,-0.137482,0.157533,-1.15275,2.4011,0.111302,1.5856,0.0503009,0.196376,-0.6775,-0.0785371,-0.189211,-0.236863,1.51097,0.193009,0.086126,-1.25155,0.238611,-0.0602963,0.708029,-0.087267,-0.297136,-0.0750658,-0.194007,-0.358884,-0.282579,0.513361,0.128325,0.2618,-0.0282125,-0.0691859,0.0690902,0.955181,-0.566266,-0.350304,0.648349,-0.00918367,0.121924,-0.0858808,0.681,0.261492,0.0943588,-0.960582,0.6,0,0,3,3,3
-2.76674,1.22765,4.68128,-0.414086,-1.63985,-0.926634,-0.109781,0.231623,-0.0886142,-2.76674,1.22765,4.68128,-0.414086,-1.63985,-0.926634,-0.109781,0.231623,-0.0886142,-0.0132439,-0.189678,-0.241928,1.50213,0.211919,0.112743,-1.34573,0.214512,-0.0585198,0.760863,-0.087267,-0.261538,-0.0721095,-0.19987,-0.383691,-0.34495,0.527341,0.134845,0.2618,-0.0297542,-0.0560041,0.0600097,1.01676,-0.576858,-0.355001,0.646849,-0.0092659,0.125359,-0.0998136,0,0,0,0,0,0,0,0,0,0,0,0,0,0,0,0,0,0,0,0,0,0,0,0,0,0,0,0,0,-0.883098,-0.157268,-0.335525,1.52748,0.00276741,0.0595088,-0.671472,0.224498,0.0512356,0.832116,-0.0185532,-0.264696,-0.349443,-0.316743,-0.523543,-0.123571,0.342092,0.0874432,0.31063,-0.0248677,-0.0545247,0.0814419,0.577011,-0.508427,-0.29527,0.625581,-0.00836868,0.108501,-0.0592743,-0.101663,-1.70117,-0.562684,0.666131,0.812647,0.2979,-1.17553,-0.563619,0.318395,0.960036,-0.153836,0.0164463,-1.09142,0.425313,-0.00556433,-2.01479,0.544862,0.201501,0.128522,-0.0578396,0.255087,-0.317523,1.68926,-1.1332,-0.533279,-0.339617,-0.00744935,0.0715019,-0.409953,32.6205,2.93633,5.37215,-5.75785,13.7991,0.223755,-20.4061,1.96019,-3.71288,-18.3126,-5.82117,-0.477782,4.85087,2.76486,4.70082,-0.494704,1.96482,0.816901,-1.63223,0.00447603,-0.437718,0.112712,3.90808,0.15895,-0.310884,0.741451,-0.00655229,0.146745,-0.00948751,0,0,0,0,0,0,0,0,0,0,0,0,0,0,0,0,0,0,0,0,0,0,0,0,0,0,0,0,0,2.55789,2.55789,2.55789,6.3088,6.3088,1.81445,2.55789,2.55789,1.81445,6.3088,6.3088,0.907223,0.907223,1.81445,1.81445,0.907223,0.907223,1.81445,1.81445,0.907223,0.907223,0.907223,0.907223,0.907223,0.907223,1.06814,1.06814,1.06814,1.06814,40.1792,40.1792,40.1792,99.0984,99.0984,28.5012,40.1792,40.1792,28.5012,99.0984,99.0984,14.2506,14.2506,28.5012,28.5012,14.2506,14.2506,28.5012,28.5012,14.2506,14.2506,14.2506,14.2506,14.2506,14.2506,16.7783,16.7783,16.7783,16.7783,0,0,0,0,0,0,0,0,0,0,0,0,0,0,0,0,0,0,0,0,0,0,0,0,0,0,0,0,0,0,0,0,0,0,0,0,0,0,0,0,0,0,0,0,0,0,0,0,0,0,0,0,0,0,0,0,0,0,0,0,0,0,0,0,0,0,0,0,0,0,0,0,0,0,0,0,0,0,0,0,0,0,0,0,0,0,0,0,0,0,0,0,0,0,0,0,0,0,0,0,0,0,0,0,0,0,0,0,0,0,0,0,0,0,0,0,0,-0.109781,0.231623,-0.0886142,-1.24254,1.8623,-0.874854,0.74637,-0.859273,-0.455724,0.307459,-0.809438,-0.164417,-0.573551,0.628842,0.545627,-1.88793,-0.0678425,-0.124373,-0.346414,0.391769,-0.127695,1.68265,-0.44184,-0.133431,0.136828,-1.33976,2.37587,0.261969,1.63953,0.0935536,0.257066,-0.596333,-0.0132439,-0.189678,-0.241928,1.50213,0.211919,0.112743,-1.34573,0.214512,-0.0585198,0.760863,-0.087267,-0.261538,-0.0721095,-0.19987,-0.383691,-0.34495,0.527341,0.134845,0.2618,-0.0297542,-0.0560041,0.0600097,1.01676,-0.576858,-0.355001,0.646849,-0.0092659,0.125359,-0.0998136,0.689,0.229558,0.106635,-0.967436,0.6,0,0,3,3,3
-1.27853,-0.263962,3.15756,-0.499852,-1.88928,-0.903002,-0.122159,0.194404,-0.102813,-1.27853,-0.263962,3.15756,-0.499852,-1.88928,-0.903002,-0.122159,0.194404,-0.102813,0.0417883,-0.185585,-0.232401,1.47958,0.220732,0.150823,-1.41488,0.206349,-0.0555567,0.825889,-0.087267,-0.206998,-0.074353,-0.206338,-0.406418,-0.406451,0.536214,0.142751,0.2618,-0.0298871,-0.0363948,0.0573539,1.08577,-0.578158,-0.355581,0.646099,-0.00924155,0.128236,-0.116898,0,0,0,0,0,0,0,0,0,0,0,0,0,0,0,0,0,0,0,0,0,0,0,0,0,0,0,0,0,-0.884432,-0.193185,-0.340063,1.53827,0.0192709,0.0673435,-0.698146,0.207556,0.05415,0.842461,-0.0317592,-0.264106,-0.378166,-0.300891,-0.523782,-0.166102,0.354834,0.0916139,0.313028,-0.0261593,-0.0473177,0.0739205,0.614483,-0.531029,-0.304945,0.617012,-0.00848626,0.109945,-0.0691951,-0.0166298,-1.84582,-0.0362524,0.478213,0.774488,0.37293,-1.47494,-0.971524,0.0655994,0.354054,-1.01543,0.0323872,-1.67299,1.00825,-0.0180662,-2.18187,0.690284,0.218516,0.11246,-0.061064,0.381257,-0.36081,1.99871,-1.15777,-0.458837,-0.443302,-0.00867305,0.0526522,-0.477792,35.0824,4.68778,4.12968,-6.54231,14.203,0.617449,-22.3569,2.55847,-3.50814,-10.8947,-5.29951,0.0139022,5.79303,1.19085,4.02245,-0.628731,1.86316,0.852394,-1.6717,0.00363211,-0.4644,0.130153,3.99244,0.354901,-0.305161,0.969374,-0.00491686,0.199763,-0.00385757,0,0,0,0,0,0,0,0,0,0,0,0,0,0,0,0,0,0,0,0,0,0,0,0,0,0,0,0,0,2.55789,2.55789,2.55789,6.3088,6.3088,1.81445,2.55789,2.55789,1.81445,6.3088,6.3088,0.907223,0.907223,1.81445,1.81445,0.907223,0.907223,1.81445,1.81445,0.907223,0.907223,0.907223,0.907223,0.907223,0.907223,1.06814,1.06814,1.06814,1.06814,40.1792,40.1792,40.1792,99.0984,99.0984,28.5012,40.1792,40.1792,28.5012,99.0984,99.0984,14.2506,14.2506,28.5012,28.5012,14.2506,14.2506,28.5012,28.5012,14.2506,14.2506,14.2506,14.2506,14.2506,14.2506,16.7783,16.7783,16.7783,16.7783,0,0,0,0,0,0,0,0,0,0,0,0,0,0,0,0,0,0,0,0,0,0,0,0,0,0,0,0,0,0,0,0,0,0,0,0,0,0,0,0,0,0,0,0,0,0,0,0,0,0,0,0,0,0,0,0,0,0,0,0,0,0,0,0,0,0,0,0,0,0,0,0,0,0,0,0,0,0,0,0,0,0,0,0,0,0,0,0,0,0,0,0,0,0,0,0,0,0,0,0,0,0,0,0,0,0,0,0,0,0,0,0,0,0,0,0,0,-0.122159,0.194404,-0.102813,-1.38277,2.01964,-0.926674,0.766602,-0.862238,-0.47047,0.325487,-0.81076,-0.169532,-0.68817,0.61877,0.646134,-2.01422,-0.0681455,-0.124046,-0.338939,0.376862,-0.0829838,1.72127,-0.42444,-0.126675,0.130773,-1.56908,2.31159,0.447408,1.66466,0.208923,0.343892,-0.471977,0.0417883,-0.185585,-0.232401,1.47958,0.220732,0.150823,-1.41488,0.206349,-0.0555567,0.825889,-0.087267,-0.206998,-0.074353,-0.206338,-0.406418,-0.406451,0.536214,0.142751,0.2618,-0.0298871,-0.0363948,0.0573539,1.08577,-0.578158,-0.355581,0.646099,-0.00924155,0.128236,-0.116898,1.012,0.193182,0.11956,-0.973851,0.6,0,0,3,3,3
-1.04988,-0.317786,2.56031,-0.590855,-2.25088,-0.827251,-0.135301,0.151002,-0.114477,-1.04988,-0.317786,2.56031,-0.590855,-2.25088,-0.827251,-0.135301,0.151002,-0.114477,0.0817098,-0.12268,-0.243267,1.42746,0.229668,0.194572,-1.47317,0.153216,-0.0436546,0.898397,-0.087267,-0.142029,-0.0806264,-0.231256,-0.444455,-0.455281,0.544242,0.153471,0.239801,-0.0280775,-0.0162526,0.0729724,1.14497,-0.563568,-0.347133,0.64359,-0.00896145,0.12991,-0.137133,0,0,0,0,0,0,0,0,0,0,0,0,0,0,0,0,0,0,0,0,0,0,0,0,0,0,0,0,0,-0.884349,-0.230343,-0.332798,1.54651,0.033248,0.0755057,-0.734073,0.185279,0.0498876,0.850539,-0.0452432,-0.25393,-0.420054,-0.274208,-0.524414,-0.212712,0.369559,0.0963677,0.315917,-0.0271425,-0.036495,0.06693,0.65953,-0.554151,-0.313318,0.606959,-0.00862384,0.110938,-0.081038,-0.0304369,-1.81352,0.590012,0.431568,0.720752,-0.186779,-1.97484,-1.11287,-0.432633,0.42383,-0.585611,0.711433,-2.34125,1.47397,-0.0415708,-2.40565,0.750607,0.260211,0.162021,-0.0445971,0.580049,-0.306918,2.41754,-1.18709,-0.404397,-0.487397,-0.0103415,0.0354064,-0.572998,37.2484,6.35307,2.67097,-9.14453,14.2385,2.18947,-22.5036,3.65638,-2.33654,-5.16132,-0.468438,0.0504902,6.95491,-0.643467,3.43295,-0.648123,1.716,0.875168,-1.83055,0.000635795,-0.516144,0.145932,3.96997,0.68761,-0.245797,1.17821,-0.000363112,0.251461,0.00968309,0,0,0,0,0,0,0,0,0,0,0,0,0,0,0,0,0,0,0,0,0,0,0,0,0,0,0,0,0,2.55789,2.55789,2.55789,6.3088,6.3088,1.81445,2.55789,2.55789,1.81445,6.3088,6.3088,0.907223,0.907223,1.81445,1.81445,0.907223,0.907223,1.81445,1.81445,0.907223,0.907223,0.907223,0.907223,0.907223,0.907223,1.06814,1.06814,1.06814,1.06814,40.1792,40.1792,40.1792,99.0984,99.0984,28.5012,40.1792,40.1792,28.5012,99.0984,99.0984,14.2506,14.2506,28.5012,28.5012,14.2506,14.2506,28.5012,28.5012,14.2506,14.2506,14.2506,14.2506,14.2506,14.2506,16.7783,16.7783,16.7783,16.7783,0,0,0,0,0,0,0,0,0,0,0,0,0,0,0,0,0,0,0,0,0,0,0,0,0,0,0,0,0,0,0,0,0,0,0,0,0,0,0,0,0,0,0,0,0,0,0,0,0,0,0,0,0,0,0,0,0,0,0,0,0,0,0,0,0,0,0,0,0,0,0,0,0,0,0,0,0,0,0,0,0,0,0,0,0,0,0,0,0,0,0,0,0,0,0,0,0,0,0,0,0,0,0,0,0,0,0,0,0,0,0,0,0,0,0,0,0,-0.135301,0.151002,-0.114477,-1.49411,2.15462,-1.0134,0.784906,-0.828971,-0.527287,0.349928,-0.791497,-0.183836,-0.82129,0.585091,0.719044,-2.12068,-0.0640194,-0.120287,-0.224053,0.279823,-0.0370576,1.74374,-0.444286,-0.0995368,0.166384,-1.84069,2.16293,0.654184,1.69014,0.382534,0.443644,-0.323841,0.0817098,-0.12268,-0.243267,1.42746,0.229668,0.194572,-1.47317,0.153216,-0.0436546,0.898397,-0.087267,-0.142029,-0.0806264,-0.231256,-0.444455,-0.455281,0.544242,0.153471,0.239801,-0.0280775,-0.0162526,0.0729724,1.14497,-0.563568,-0.347133,0.64359,-0.00896145,0.12991,-0.137133,0.664,0.150429,0.133354,-0.979585,0.6,0,0,3,3,3
-0.866341,0.586879,3.67048,-0.64113,-2.69944,-0.774443,-0.149033,0.0995347,-0.123023,-0.866341,0.586879,3.67048,-0.64113,-2.69944,-0.774443,-0.149033,0.0995347,-0.123023,0.112055,0.00547127,-0.284772,1.3527,0.261938,0.225054,-1.55468,0.0401014,-0.0269458,0.976409,-0.087267,-0.0804231,-0.0845085,-0.268833,-0.505219,-0.495856,0.564224,0.168648,0.169378,-0.0206656,0.00313476,0.100937,1.19645,-0.541957,-0.341959,0.638203,-0.00817881,0.129773,-0.159751,0,0,0,0,0,0,0,0,0,0,0,0,0,0,0,0,0,0,0,0,0,0,0,0,0,0,0,0,0,-0.886565,-0.263154,-0.312477,1.5555,0.0477258,0.0718496,-0.7786,0.164288,0.0373746,0.868123,-0.0555423,-0.228659,-0.471616,-0.242873,-0.525698,-0.262234,0.383543,0.102513,0.316601,-0.0274501,-0.0208348,0.0647649,0.712237,-0.578209,-0.32059,0.597361,-0.0087914,0.111765,-0.0953475,-0.0966924,-1.49617,1.20755,0.466638,0.734414,-0.165557,-2.28279,-0.937137,-0.807031,1.04673,-0.431385,1.44769,-2.66737,1.50255,-0.0753282,-2.49257,0.623053,0.345311,-0.00352121,-0.0116765,0.778125,-0.0108336,2.76794,-1.25076,-0.366881,-0.423233,-0.0125325,0.0396144,-0.694553,39.1874,9.43248,-0.177585,-15.5037,13.5329,3.77776,-22.2106,1.97344,-0.966235,-3.44218,-0.410119,-0.0461779,7.91769,-2.37449,2.44699,-0.550255,1.72641,0.857969,-2.19091,0.000467675,-0.639546,0.137018,3.74764,1.28996,-0.0596601,1.23752,0.00935841,0.264393,0.0394822,0,0,0,0,0,0,0,0,0,0,0,0,0,0,0,0,0,0,0,0,0,0,0,0,0,0,0,0,0,2.55789,2.55789,2.55789,6.3088,6.3088,1.81445,2.55789,2.55789,1.81445,6.3088,6.3088,0.907223,0.907223,1.81445,1.81445,0.907223,0.907223,1.81445,1.81445,0.907223,0.907223,0.907223,0.907223,0.907223,0.907223,1.06814,1.06814,1.06814,1.06814,40.1792,40.1792,40.1792,99.0984,99.0984,28.5012,40.1792,40.1792,28.5012,99.0984,99.0984,14.2506,14.2506,28.5012,28.5012,14.2506,14.2506,28.5012,28.5012,14.2506,14.2506,14.2506,14.2506,14.2506,14.2506,16.7783,16.7783,16.7783,16.7783,0,0,0,0,0,0,0,0,0,0,0,0,0,0,0,0,0,0,0,0,0,0,0,0,0,0,0,0,0,0,0,0,0,0,0,0,0,0,0,0,0,0,0,0,0,0,0,0,0,0,0,0,0,0,0,0,0,0,0,0,0,0,0,0,0,0,0,0,0,0,0,0,0,0,0,0,0,0,0,0,0,0,0,0,0,0,0,0,0,0,0,0,0,0,0,0,0,0,0,0,0,0,0,0,0,0,0,0,0,0,0,0,0,0,0,0,0,-0.149033,0.0995347,-0.123023,-1.58662,2.27201,-1.15195,0.830468,-0.779695,-0.612966,0.384535,-0.779701,-0.192688,-0.98186,0.512783,0.774464,-2.26954,-0.0471196,-0.109781,0.00999234,0.0732384,0.00714758,1.7419,-0.520087,-0.0614391,0.230147,-2.14428,1.94974,0.876654,1.78217,0.566108,0.513145,-0.183373,0.112055,0.00547127,-0.284772,1.3527,0.261938,0.225054,-1.55468,0.0401014,-0.0269458,0.976409,-0.087267,-0.0804231,-0.0845085,-0.268833,-0.505219,-0.495856,0.564224,0.168648,0.169378,-0.0206656,0.00313476,0.100937,1.19645,-0.541957,-0.341959,0.638203,-0.00817881,0.129773,-0.159751,0.807,0.0993704,0.147747,-0.98402,0.6,0,0,3,3,3
-1.14918,1.12919,5.10981,-0.631857,-3.13462,-0.837242,-0.162567,0.0391275,-0.129944,-1.14918,1.12919,5.10981,-0.631857,-3.13462,-0.837242,-0.162567,0.0391275,-0.129944,0.119094,0.17816,-0.318875,1.2574,0.302442,0.242256,-1.64032,-0.0890528,-0.0115651,1.06008,-0.087267,-0.0180938,-0.0883692,-0.293409,-0.566503,-0.538133,0.592605,0.187193,0.0973398,-0.00877308,0.0183861,0.12925,1.2488,-0.528736,-0.350089,0.631634,-0.0075763,0.125841,-0.181866,0,0,0,0,0,0,0,0,0,0,0,0,0,0,0,0,0,0,0,0,0,0,0,0,0,0,0,0,0,-0.889191,-0.288102,-0.283038,1.56208,0.0674088,0.0677148,-0.827712,0.145728,0.0159682,0.89903,-0.0631275,-0.19149,-0.524866,-0.213494,-0.527532,-0.309024,0.394225,0.110918,0.30528,-0.026089,-0.000233682,0.0704034,0.769619,-0.603525,-0.32827,0.589109,-0.00889683,0.112576,-0.112171,-0.0415207,-1.02322,1.5629,0.233302,1.02967,-0.239668,-2.42696,-0.873055,-1.29037,1.7069,-0.310227,1.94226,-2.58605,1.28798,-0.0941631,-2.25526,0.442824,0.442091,-0.75362,0.0775438,0.917409,0.380013,2.94057,-1.2995,-0.438845,-0.373852,-0.00914455,0.0335882,-0.818865,40.4314,14.4558,-3.954,-22.273,12.9226,4.8871,-23.0979,-2.01462,0.968818,-2.85394,-0.419113,-0.149399,8.57835,-3.95493,0.804941,-0.662532,2.01563,0.867863,-2.56147,0.00633379,-0.806567,0.101718,3.50421,2.00447,0.179199,1.2291,0.0205234,0.253447,0.072531,0,0,0,0,0,0,0,0,0,0,0,0,0,0,0,0,0,0,0,0,0,0,0,0,0,0,0,0,0,2.55789,2.55789,2.55789,6.3088,6.3088,1.81445,2.55789,2.55789,1.81445,6.3088,6.3088,0.907223,0.907223,1.81445,1.81445,0.907223,0.907223,1.81445,1.81445,0.907223,0.907223,0.907223,0.907223,0.907223,0.907223,1.06814,1.06814,1.06814,1.06814,40.1792,40.1792,40.1792,99.0984,99.0984,28.5012,40.1792,40.1792,28.5012,99.0984,99.0984,14.2506,14.2506,28.5012,28.5012,14.2506,14.2506,28.5012,28.5012,14.2506,14.2506,14.2506,14.2506,14.2506,14.2506,16.7783,16.7783,16.7783,16.7783,0,0,0,0,0,0,0,0,0,0,0,0,0,0,0,0,0,0,0,0,0,0,0,0,0,0,0,0,0,0,0,0,0,0,0,0,0,0,0,0,0,0,0,0,0,0,0,0,0,0,0,0,0,0,0,0,0,0,0,0,0,0,0,0,0,0,0,0,0,0,0,0,0,0,0,0,0,0,0,0,0,0,0,0,0,0,0,0,0,0,0,0,0,0,0,0,0,0,0,0,0,0,0,0,0,0,0,0,0,0,0,0,0,0,0,0,0,-0.162567,0.0391275,-0.129944,-1.68302,2.39137,-1.29168,0.89518,-0.749551,-0.669001,0.426819,-0.798238,-0.201491,-1.14612,0.424606,0.787319,-2.42594,-0.0200035,-0.101694,0.325379,-0.16264,0.041922,1.68912,-0.58237,-0.0263696,0.294704,-2.44113,1.67797,1.11525,1.89768,0.775723,0.552367,-0.0412556,0.119094,0.17816,-0.318875,1.2574,0.302442,0.242256,-1.64032,-0.0890528,-0.0115651,1.06008,-0.087267,-0.0180938,-0.0883692,-0.293409,-0.566503,-0.538133,0.592605,0.187193,0.0973398,-0.00877308,0.0183861,0.12925,1.2488,-0.528736,-0.350089,0.631634,-0.0075763,0.125841,-0.181866,0.682,0.0391175,0.161728,-0.98606,0.6,0,0,3,3,3
-1.71406,1.15829,6.51415,-0.589946,-3.5107,-0.969776,-0.175125,-0.0297159,-0.136786,-1.71406,1.15829,6.51415,-0.589946,-3.5107,-0.969776,-0.175125,-0.0297159,-0.136786,0.115484,0.372374,-0.374459,1.16596,0.312459,0.254061,-1.72838,-0.22515,0.013955,1.15885,0.00552023,0.0492808,-0.0872491,-0.315446,-0.603253,-0.56499,0.613185,0.200245,0.0246381,0.00662507,0.0210912,0.165405,1.29983,-0.528993,-0.366859,0.623931,-0.00743156,0.118947,-0.198597,0,0,0,0,0,0,0,0,0,0,0,0,0,0,0,0,0,0,0,0,0,0,0,0,0,0,0,0,0,-0.890365,-0.300362,-0.245641,1.5607,0.0945014,0.0596054,-0.879422,0.126257,-0.0140117,0.942797,-0.0686247,-0.146133,-0.573641,-0.188482,-0.529469,-0.350499,0.402072,0.121063,0.279461,-0.0222485,0.0203093,0.0824956,0.828693,-0.62887,-0.338959,0.58138,-0.00896276,0.112431,-0.130835,0.0740089,-0.25222,1.99543,-0.286176,1.396,-0.446681,-2.53112,-1.00604,-1.6718,2.31208,-0.218291,2.29054,-2.25531,1.05316,-0.0902585,-1.98965,0.334772,0.514748,-1.42922,0.200485,0.846249,0.652654,2.97378,-1.27261,-0.625002,-0.37692,-0.00751817,-0.0300197,-0.901057,40.5139,20.048,-7.88919,-28.5335,11.8779,6.01397,-24.1798,-6.13862,2.95155,-2.67594,-0.453219,-0.224716,8.94888,-4.96969,-0.8903,-0.910864,2.40976,0.972019,-2.66613,0.0100543,-0.825926,0.0839352,3.37253,2.53406,0.377281,1.2445,0.0299351,0.254429,0.100541,0,0,0,0,0,0,0,0,0,0,0,0,0,0,0,0,0,0,0,0,0,0,0,0,0,0,0,0,0,2.55789,2.55789,2.55789,6.3088,6.3088,1.81445,2.55789,2.55789,1.81445,6.3088,6.3088,0.907223,0.907223,1.81445,1.81445,0.907223,0.907223,1.81445,1.81445,0.907223,0.907223,0.907223,0.907223,0.907223,0.907223,1.06814,1.06814,1.06814,1.06814,40.1792,40.1792,40.1792,99.0984,99.0984,28.5012,40.1792,40.1792,28.5012,99.0984,99.0984,14.2506,14.2506,28.5012,28.5012,14.2506,14.2506,28.5012,28.5012,14.2506,14.2506,14.2506,14.2506,14.2506,14.2506,16.7783,16.7783,16.7783,16.7783,0,0,0,0,0,0,0,0,0,0,0,0,0,0,0,0,0,0,0,0,0,0,0,0,0,0,0,0,0,0,0,0,0,0,0,0,0,0,0,0,0,0,0,0,0,0,0,0,0,0,0,0,0,0,0,0,0,0,0,0,0,0,0,0,0,0,0,0,0,0,0,0,0,0,0,0,0,0,0,0,0,0,0,0,0,0,0,0,0,0,0,0,0,0,0,0,0,0,0,0,0,0,0,0,0,0,0,0,0,0,0,0,0,0,0,0,0,-0.175125,-0.0297159,-0.136786,-1.74425,2.50771,-1.37548,0.942104,-0.750136,-0.719247,0.456578,-0.836476,-0.198937,-1.31188,0.321218,0.780726,-2.58677,0.0151058,-0.0997513,0.680077,-0.411198,0.04809,1.59658,-0.683885,0.0318187,0.377141,-2.6657,1.4172,1.39694,1.92624,1.05093,0.579284,0.112365,0.115484,0.372374,-0.374459,1.16596,0.312459,0.254061,-1.72838,-0.22515,0.013955,1.15885,0.00552023,0.0492808,-0.0872491,-0.315446,-0.603253,-0.56499,0.613185,0.200245,0.0246381,0.00662507,0.0210912,0.165405,1.29983,-0.528993,-0.366859,0.623931,-0.00743156,0.118947,-0.198597,0.722,-0.0297115,0.174155,-0.98427,0.6,0,0,3,3,3
-2.28296,0.98631,7.43411,-0.509311,-3.80167,-1.16295,-0.185797,-0.105867,-0.145011,-2.28296,0.98631,7.43411,-0.509311,-3.80167,-1.16295,-0.185797,-0.105867,-0.145011,0.0806539,0.560891,-0.461386,1.07327,0.27174,0.281845,-1.79229,-0.344701,0.0405437,1.26867,0.12406,0.122716,-0.0857565,-0.352938,-0.621351,-0.55226,0.616394,0.207016,-0.0374251,0.0278427,0.0141899,0.225738,1.32032,-0.51798,-0.375325,0.61523,-0.00751458,0.108128,-0.209103,0,0,0,0,0,0,0,0,0,0,0,0,0,0,0,0,0,0,0,0,0,0,0,0,0,0,0,0,0,-0.88666,-0.294203,-0.200445,1.54745,0.12114,0.0493199,-0.93354,0.102533,-0.049531,0.99857,-0.0491148,-0.0941438,-0.612662,-0.168738,-0.530999,-0.386276,0.40912,0.131676,0.241395,-0.0156157,0.0366727,0.100844,0.887734,-0.653799,-0.353697,0.572853,-0.00907581,0.110394,-0.149617,0.39135,0.765782,2.34476,-0.9217,1.22104,-0.493651,-2.64952,-1.30231,-1.86619,2.93233,0.959798,2.59958,-1.62136,0.763063,-0.0609591,-1.70821,0.342931,0.520306,-1.99855,0.335038,0.587076,0.949691,2.95104,-1.25195,-0.826441,-0.440252,-0.0106415,-0.136039,-0.887601,39.4626,25.1301,-12.821,-32.4742,11.3415,6.72878,-25.2449,-9.97126,5.06492,-2.22849,-0.622132,-0.28446,8.99207,-5.66182,-1.94371,-1.03679,2.60357,1.02878,-2.63296,0.0136956,-0.793478,0.0679336,3.27574,2.86905,0.527115,1.32009,0.0374227,0.282398,0.120228,0,0,0,0,0,0,0,0,0,0,0,0,0,0,0,0,0,0,0,0,0,0,0,0,0,0,0,0,0,2.55789,2.55789,2.55789,6.3088,6.3088,1.81445,2.55789,2.55789,1.81445,6.3088,6.3088,0.907223,0.907223,1.81445,1.81445,0.907223,0.907223,1.81445,1.81445,0.907223,0.907223,0.907223,0.907223,0.907223,0.907223,1.06814,1.06814,1.06814,1.06814,40.1792,40.1792,40.1792,99.0984,99.0984,28.5012,40.1792,40.1792,28.5012,99.0984,99.0984,14.2506,14.2506,28.5012,28.5012,14.2506,14.2506,28.5012,28.5012,14.2506,14.2506,14.2506,14.2506,14.2506,14.2506,16.7783,16.7783,16.7783,16.7783,0,0,0,0,0,0,0,0,0,0,0,0,0,0,0,0,0,0,0,0,0,0,0,0,0,0,0,0,0,0,0,0,0,0,0,0,0,0,0,0,0,0,0,0,0,0,0,0,0,0,0,0,0,0,0,0,0,0,0,0,0,0,0,0,0,0,0,0,0,0,0,0,0,0,0,0,0,0,0,0,0,0,0,0,0,0,0,0,0,0,0,0,0,0,0,0,0,0,0,0,0,0,0,0,0,0,0,0,0,0,0,0,0,0,0,0,0,-0.185797,-0.105867,-0.145011,-1.71523,2.55444,-1.41674,0.949419,-0.725027,-0.804734,0.472016,-0.855778,-0.195533,-1.45339,0.204433,0.717115,-2.70349,0.0634842,-0.100866,1.02437,-0.629538,0.0323544,1.45137,-0.842642,0.0924437,0.514705,-2.80672,1.15287,1.71011,1.81012,1.38897,0.642635,0.279806,0.0806539,0.560891,-0.461386,1.07327,0.27174,0.281845,-1.79229,-0.344701,0.0405437,1.26867,0.12406,0.122716,-0.0857565,-0.352938,-0.621351,-0.55226,0.616394,0.207016,-0.0374251,0.0278427,0.0141899,0.225738,1.32032,-0.51798,-0.375325,0.61523,-0.00751458,0.108128,-0.209103,0.807,-0.10567,0.183696,-0.977287,0.6,0,0,3,3,3
-0.870755,0.392963,6.22293,-0.37305,-3.9535,-1.38948,-0.19315,-0.187156,-0.155993,-0.870755,0.392963,6.22293,-0.37305,-3.9535,-1.38948,-0.19315,-0.187156,-0.155993,0.0411651,0.666831,-0.506623,0.984348,0.217884,0.327508,-1.83658,-0.406051,0.0476566,1.39177,0.220408,0.19037,-0.0888289,-0.390392,-0.624153,-0.503927,0.604124,0.210038,-0.0643867,0.0508226,0.010181,0.278516,1.29728,-0.496081,-0.362961,0.606524,-0.00736756,0.0982346,-0.216596,0,0,0,0,0,0,0,0,0,0,0,0,0,0,0,0,0,0,0,0,0,0,0,0,0,0,0,0,0,-0.872878,-0.266738,-0.154372,1.51197,0.136533,0.0516261,-0.98902,0.0715046,-0.0870803,1.06609,-0.00331471,-0.035804,-0.634202,-0.157123,-0.531654,-0.416305,0.417307,0.141559,0.193867,-0.00541939,0.045512,0.129278,0.945652,-0.678441,-0.372073,0.563491,-0.00934377,0.105668,-0.167058,1.35055,1.91327,1.92128,-3.04407,0.579925,1.74425,-2.67101,-1.66435,-1.90957,3.50876,2.12443,2.9012,-0.600847,0.231306,-0.00103422,-1.40191,0.449476,0.48772,-2.46223,0.510221,0.197991,1.48572,2.90159,-1.23748,-0.984785,-0.489293,-0.0175319,-0.272063,-0.810621,35.6125,28.8497,-17.5865,-25.8218,-6.46525,3.68648,-25.4949,-12.544,6.98427,-1.56459,-0.759257,-0.342018,8.42224,-6.19482,-2.53646,-0.687393,2.45721,1.00383,-2.25086,0.0121783,-0.669678,0.0407469,2.79845,3.36362,0.81448,1.37313,0.0481736,0.322539,0.155385,0,0,0,0,0,0,0,0,0,0,0,0,0,0,0,0,0,0,0,0,0,0,0,0,0,0,0,0,0,2.55789,2.55789,2.55789,6.3088,6.3088,1.81445,2.55789,2.55789,1.81445,6.3088,6.3088,0.907223,0.907223,1.81445,1.81445,0.907223,0.907223,1.81445,1.81445,0.907223,0.907223,0.907223,0.907223,0.907223,0.907223,1.06814,1.06814,1.06814,1.06814,40.1792,40.1792,40.1792,99.0984,99.0984,28.5012,40.1792,40.1792,28.5012,99.0984,99.0984,14.2506,14.2506,28.5012,28.5012,14.2506,14.2506,28.5012,28.5012,14.2506,14.2506,14.2506,14.2506,14.2506,14.2506,16.7783,16.7783,16.7783,16.7783,0,0,0,0,0,0,0,0,0,0,0,0,0,0,0,0,0,0,0,0,0,0,0,0,0,0,0,0,0,0,0,0,0,0,0,0,0,0,0,0,0,0,0,0,0,0,0,0,0,0,0,0,0,0,0,0,0,0,0,0,0,0,0,0,0,0,0,0,0,0,0,0,0,0,0,0,0,0,0,0,0,0,0,0,0,0,0,0,0,0,0,0,0,0,0,0,0,0,0,0,0,0,0,0,0,0,0,0,0,0,0,0,0,0,0,0,0,-0.19315,-0.187156,-0.155993,-1.60502,2.50191,-1.42313,0.921443,-0.675094,-0.890133,0.478907,-0.827587,-0.202539,-1.51487,0.0875645,0.644996,-2.78439,0.115881,-0.0988922,1.21785,-0.741583,0.0232136,1.31857,-0.925261,0.108662,0.635044,-2.90729,0.899294,2.06115,1.65654,1.66374,0.746752,0.434063,0.0411651,0.666831,-0.506623,0.984348,0.217884,0.327508,-1.83658,-0.406051,0.0476566,1.39177,0.220408,0.19037,-0.0888289,-0.390392,-0.624153,-0.503927,0.604124,0.210038,-0.0643867,0.0508226,0.010181,0.278516,1.29728,-0.496081,-0.362961,0.606524,-0.00736756,0.0982346,-0.216596,0.753,-0.186065,0.188599,-0.964267,0.6,0,0,3,3,3
-0.365309,0.502379,6.01836,-0.234322,-4.03478,-1.64997,-0.195689,-0.271785,-0.171404,-0.365309,0.502379,6.01836,-0.234322,-4.03478,-1.64997,-0.195689,-0.271785,-0.171404,-0.00533506,0.729074,-0.54949,0.909071,0.164633,0.365489,-1.89096,-0.464313,0.0330757,1.52422,0.294064,0.236811,-0.091866,-0.427756,-0.638515,-0.46372,0.584921,0.205135,-0.0854363,0.0760638,0.0108842,0.324861,1.24482,-0.472311,-0.345351,0.596245,-0.00659402,0.0883391,-0.22062,0,0,0,0,0,0,0,0,0,0,0,0,0,0,0,0,0,0,0,0,0,0,0,0,0,0,0,0,0,-0.828858,-0.214477,-0.126959,1.4293,0.157705,0.0758637,-1.04377,0.0371526,-0.12436,1.14673,0.0564084,0.0265236,-0.634748,-0.160606,-0.530451,-0.439992,0.430642,0.151086,0.140757,0.00830447,0.0452579,0.165448,1.00452,-0.703885,-0.391481,0.553734,-0.00974572,0.0986319,-0.182882,1.89729,3.06848,1.4789,-3.05242,1.57907,-1.14495,-2.63802,-1.83267,-1.79344,4.19463,2.70798,3.03922,0.515333,-0.559858,0.0753635,-1.10867,0.77983,0.488761,-2.57091,0.680295,-0.224647,1.78798,2.94135,-1.27013,-0.983913,-0.408969,-0.0258002,-0.358219,-0.728556,29.9296,27.9459,-18.7847,-24.3649,3.25141,8.93508,-25.1811,-13.3465,8.10721,-1.56991,-0.806223,-0.394699,7.43729,-5.73605,-2.80673,0.0685322,1.7947,0.823743,-1.22876,-0.00743301,-0.335553,0.000382158,1.5836,4.07791,1.26668,1.34164,0.0665615,0.375129,0.208436,0,0,0,0,0,0,0,0,0,0,0,0,0,0,0,0,0,0,0,0,0,0,0,0,0,0,0,0,0,2.55789,2.55789,2.55789,6.3088,6.3088,1.81445,2.55789,2.55789,1.81445,6.3088,6.3088,0.907223,0.907223,1.81445,1.81445,0.907223,0.907223,1.81445,1.81445,0.907223,0.907223,0.907223,0.907223,0.907223,0.907223,1.06814,1.06814,1.06814,1.06814,40.1792,40.1792,40.1792,99.0984,99.0984,28.5012,40.1792,40.1792,28.5012,99.0984,99.0984,14.2506,14.2506,28.5012,28.5012,14.2506,14.2506,28.5012,28.5012,14.2506,14.2506,14.2506,14.2506,14.2506,14.2506,16.7783,16.7783,16.7783,16.7783,0,0,0,0,0,0,0,0,0,0,0,0,0,0,0,0,0,0,0,0,0,0,0,0,0,0,0,0,0,0,0,0,0,0,0,0,0,0,0,0,0,0,0,0,0,0,0,0,0,0,0,0,0,0,0,0,0,0,0,0,0,0,0,0,0,0,0,0,0,0,0,0,0,0,0,0,0,0,0,0,0,0,0,0,0,0,0,0,0,0,0,0,0,0,0,0,0,0,0,0,0,0,0,0,0,0,0,0,0,0,0,0,0,0,0,0,0,-0.195689,-0.271785,-0.171404,-1.51335,2.3823,-1.45588,0.877659,-0.620896,-0.975327,0.467728,-0.787435,-0.209464,-1.56286,-0.0504039,0.560071,-2.8837,0.173433,-0.0885094,1.33153,-0.847989,0.0248171,1.18575,-1.00355,0.0754159,0.740716,-2.96131,0.684623,2.43889,1.50468,1.87378,0.833352,0.539952,-0.00533506,0.729074,-0.54949,0.909071,0.164633,0.365489,-1.89096,-0.464313,0.0330757,1.52422,0.294064,0.236811,-0.091866,-0.427756,-0.638515,-0.46372,0.584921,0.205135,-0.0854363,0.0760638,0.0108842,0.324861,1.24482,-0.472311,-0.345351,0.596245,-0.00659402,0.0883391,-0.22062,0.737,-0.268452,0.187305,-0.944908,0.6,0,0,3,3,3
0.413582,-3.69266,7.72066,-0.33443,-4.19747,-1.8581,-0.195127,-0.359568,-0.191229,0.413582,-3.69266,7.72066,-0.33443,-4.19747,-1.8581,-0.195127,-0.359568,-0.191229,-0.0651915,0.750358,-0.609741,0.807331,0.100593,0.389961,-1.93303,-0.558535,0.0100582,1.66433,0.398537,0.271958,-0.0989549,-0.494896,-0.673134,-0.428233,0.534518,0.188154,-0.124631,0.11652,0.0380671,0.397419,1.16031,-0.449525,-0.325539,0.58208,-0.0046079,0.0758881,-0.222602,0,0,0,0,0,0,0,0,0,0,0,0,0,0,0,0,0,0,0,0,0,0,0,0,0,0,0,0,0,-0.797758,-0.141993,-0.090092,1.38619,0.217058,0.0882477,-1.0966,-0.00274722,-0.155463,1.24064,0.120145,0.0866954,-0.614403,-0.175565,-0.529169,-0.459253,0.450304,0.159529,0.0907919,0.0254974,0.0403767,0.205369,1.05819,-0.726263,-0.409035,0.550384,-0.0101032,0.0917291,-0.196418,1.54893,4.09691,1.91005,-1.6698,2.71527,1.42805,-2.51804,-2.0715,-1.36454,4.82433,2.86347,2.81565,1.37939,-0.930945,0.0539896,-0.878394,1.10307,0.408546,-2.32626,0.833704,-0.310332,1.91133,2.44795,-0.938967,-0.79854,0.00208805,-0.0146458,-0.288776,-0.605771,28.0776,25.0836,-23.2367,-36.6907,-22.7817,5.47524,-25.5661,-13.4407,7.86035,-1.65687,-0.799963,-0.401136,6.30213,-5.62287,-3.21511,0.719678,0.965205,0.580919,-0.835758,-0.0333038,-0.159416,-0.024393,0.460983,4.48533,1.62448,0.802465,0.0748862,0.260375,0.240371,0,0,0,0,0,0,0,0,0,0,0,0,0,0,0,0,0,0,0,0,0,0,0,0,0,0,0,0,0,2.55789,2.55789,2.55789,6.3088,6.3088,1.81445,2.55789,2.55789,1.81445,6.3088,6.3088,0.907223,0.907223,1.81445,1.81445,0.907223,0.907223,1.81445,1.81445,0.907223,0.907223,0.907223,0.907223,0.907223,0.907223,1.06814,1.06814,1.06814,1.06814,40.1792,40.1792,40.1792,99.0984,99.0984,28.5012,40.1792,40.1792,28.5012,99.0984,99.0984,14.2506,14.2506,28.5012,28.5012,14.2506,14.2506,28.5012,28.5012,14.2506,14.2506,14.2506,14.2506,14.2506,14.2506,16.7783,16.7783,16.7783,16.7783,0,0,0,0,0,0,0,0,0,0,0,0,0,0,0,0,0,0,0,0,0,0,0,0,0,0,0,0,0,0,0,0,0,0,0,0,0,0,0,0,0,0,0,0,0,0,0,0,0,0,0,0,0,0,0,0,0,0,0,0,0,0,0,0,0,0,0,0,0,0,0,0,0,0,0,0,0,0,0,0,0,0,0,0,0,0,0,0,0,0,0,0,0,0,0,0,0,0,0,0,0,0,0,0,0,0,0,0,0,0,0,0,0,0,0,0,0,-0.195127,-0.359568,-0.191229,-1.43243,2.18961,-1.53481,0.762735,-0.568941,-1.12841,0.429009,-0.742262,-0.225627,-1.65223,-0.240539,0.450754,-2.96054,0.265678,-0.0618502,1.3704,-1.02007,0.0867967,1.01862,-1.11359,0.0229338,0.906154,-2.98791,0.394486,2.83845,1.32205,2.17172,0.88915,0.620091,-0.0651915,0.750358,-0.609741,0.807331,0.100593,0.389961,-1.93303,-0.558535,0.0100582,1.66433,0.398537,0.271958,-0.0989549,-0.494896,-0.673134,-0.428233,0.534518,0.188154,-0.124631,0.11652,0.0380671,0.397419,1.16031,-0.449525,-0.325539,0.58208,-0.0046079,0.0758881,-0.222602,0.709,-0.35187,0.181492,-0.918286,0.6,0,0,3,3,3
1.18129,-2.74055,6.40378,-0.50131,-4.31118,-1.91173,-0.195204,-0.450872,-0.213923,1.18129,-2.74055,6.40378,-0.50131,-4.31118,-1.91173,-0.195204,-0.450872,-0.213923,-0.16982,0.720864,-0.546803,0.642108,0.00245384,0.493452,-1.87036,-0.577123,-0.0313185,1.80979,0.494968,0.308303,-0.130873,-0.544102,-0.691864,-0.367651,0.431658,0.15473,-0.0890927,0.15358,0.0985077,0.467441,1.03182,-0.401511,-0.285002,0.568516,-0.00247067,0.0620918,-0.222571,0,0,0,0,0,0,0,0,0,0,0,0,0,0,0,0,0,0,0,0,0,0,0,0,0,0,0,0,0,-0.762715,-0.0593726,-0.0589912,1.34035,0.229992,0.128384,-1.14976,-0.0546865,-0.177278,1.3461,0.194261,0.140325,-0.576001,-0.192145,-0.528255,-0.473652,0.47337,0.165023,0.0427829,0.0486829,0.0411262,0.252795,1.0993,-0.737415,-0.422566,0.554768,-0.00985504,0.0859372,-0.20748,2.54692,3.98438,0.635469,-4.4695,-1.96463,3.64791,-2.69117,-3.01948,-0.892395,5.35799,3.34857,2.46506,2.38827,-0.847885,0.0576264,-0.631909,1.09929,0.252617,-2.32916,1.13607,0.0681023,2.34594,1.83976,-0.234376,-0.611137,0.29516,0.0220562,-0.250909,-0.499747,22.4575,22.5546,-24.5412,-30.0654,-4.22541,1.54399,-24.7618,-12.9454,6.95599,-1.59228,-0.845185,-0.350793,4.79797,-7.22763,-4.21369,1.21864,-0.11025,0.225909,-0.637424,-0.0631159,-0.11926,-0.0534282,-0.755411,4.36255,1.92667,0.143866,0.067383,0.101423,0.276522,0,0,0,0,0,0,0,0,0,0,0,0,0,0,0,0,0,0,0,0,0,0,0,0,0,0,0,0,0,2.55789,2.55789,2.55789,6.3088,6.3088,1.81445,2.55789,2.55789,1.81445,6.3088,6.3088,0.907223,0.907223,1.81445,1.81445,0.907223,0.907223,1.81445,1.81445,0.907223,0.907223,0.907223,0.907223,0.907223,0.907223,1.06814,1.06814,1.06814,1.06814,40.1792,40.1792,40.1792,99.0984,99.0984,28.5012,40.1792,40.1792,28.5012,99.0984,99.0984,14.2506,14.2506,28.5012,28.5012,14.2506,14.2506,28.5012,28.5012,14.2506,14.2506,14.2506,14.2506,14.2506,14.2506,16.7783,16.7783,16.7783,16.7783,0,0,0,0,0,0,0,0,0,0,0,0,0,0,0,0,0,0,0,0,0,0,0,0,0,0,0,0,0,0,0,0,0,0,0,0,0,0,0,0,0,0,0,0,0,0,0,0,0,0,0,0,0,0,0,0,0,0,0,0,0,0,0,0,0,0,0,0,0,0,0,0,0,0,0,0,0,0,0,0,0,0,0,0,0,0,0,0,0,0,0,0,0,0,0,0,0,0,0,0,0,0,0,0,0,0,0,0,0,0,0,0,0,0,0,0,0,-0.195204,-0.450872,-0.213923,-1.2943,1.89664,-1.57752,0.528204,-0.459465,-1.24061,0.352799,-0.649834,-0.298403,-1.5712,-0.422599,0.259668,-2.84608,0.350177,-0.0331629,1.31654,-1.05402,0.224607,0.833438,-0.998641,-0.0714094,1.06581,-2.9875,-0.0766885,3.25325,1.04218,2.44671,1.12512,0.702963,-0.16982,0.720864,-0.546803,0.642108,0.00245384,0.493452,-1.87036,-0.577123,-0.0313185,1.80979,0.494968,0.308303,-0.130873,-0.544102,-0.691864,-0.367651,0.431658,0.15473,-0.0890927,0.15358,0.0985077,0.467441,1.03182,-0.401511,-0.285002,0.568516,-0.00247067,0.0620918,-0.222571,0.636,-0.435751,0.174584,-0.882973,0.6,0,0,3,3,3
6.22901,-2.01302,1.11279,-0.517929,-4.36543,-1.75918,-0.195773,-0.543016,-0.235279,6.22901,-2.01302,1.11279,-0.517929,-4.36543,-1.75918,-0.195773,-0.543016,-0.235279,-0.229477,0.633212,-0.44218,0.55644,-0.074585,0.52,-1.82848,-0.534516,-0.0726292,1.94366,0.586299,0.332203,-0.142907,-0.571653,-0.665259,-0.333887,0.358451,0.129583,-0.0405829,0.175238,0.149128,0.501344,0.938626,-0.389391,-0.265075,0.556821,-0.00155488,0.0516494,-0.218718,0,0,0,0,0,0,0,0,0,0,0,0,0,0,0,0,0,0,0,0,0,0,0,0,0,0,0,0,0,-0.68874,0.0179674,-0.0694793,1.18772,0.172533,0.220858,-1.20583,-0.125883,-0.191569,1.45945,0.274274,0.188308,-0.517117,-0.213151,-0.525828,-0.487033,0.492839,0.165635,0.00192786,0.0769086,0.0498712,0.307831,1.13472,-0.733629,-0.43209,0.563144,-0.00895778,0.0798016,-0.21687,4.25384,3.99779,-1.45164,-9.01468,-2.7192,4.36198,-2.7329,-3.88062,-0.713946,5.67945,3.59349,2.24012,3.43003,-1.47279,0.238844,-0.631299,0.818667,-0.0019557,-1.83815,1.34157,0.540743,2.66969,1.84483,0.444184,-0.37762,0.447432,0.0504114,-0.287493,-0.419357,10.3943,18.5095,-16.1112,0.415571,0.164502,-0.144417,-19.8838,-8.62909,5.79648,-0.397942,-0.762003,-0.308458,2.58362,-7.05532,-5.03644,2.27915,-1.62168,-0.298989,0.713636,-0.124701,0.208017,-0.136332,-3.05457,4.37694,2.44985,-0.36922,0.0562081,0.0123918,0.353987,0,0,0,0,0,0,0,0,0,0,0,0,0,0,0,0,0,0,0,0,0,0,0,0,0,0,0,0,0,2.55789,2.55789,2.55789,6.3088,6.3088,1.81445,2.55789,2.55789,1.81445,6.3088,6.3088,0.907223,0.907223,1.81445,1.81445,0.907223,0.907223,1.81445,1.81445,0.907223,0.907223,0.907223,0.907223,0.907223,0.907223,1.06814,1.06814,1.06814,1.06814,40.1792,40.1792,40.1792,99.0984,99.0984,28.5012,40.1792,40.1792,28.5012,99.0984,99.0984,14.2506,14.2506,28.5012,28.5012,14.2506,14.2506,28.5012,28.5012,14.2506,14.2506,14.2506,14.2506,14.2506,14.2506,16.7783,16.7783,16.7783,16.7783,0,0,0,0,0,0,0,0,0,0,0,0,0,0,0,0,0,0,0,0,0,0,0,0,0,0,0,0,0,0,0,0,0,0,0,0,0,0,0,0,0,0,0,0,0,0,0,0,0,0,0,0,0,0,0,0,0,0,0,0,0,0,0,0,0,0,0,0,0,0,0,0,0,0,0,0,0,0,0,0,0,0,0,0,0,0,0,0,0,0,0,0,0,0,0,0,0,0,0,0,0,0,0,0,0,0,0,0,0,0,0,0,0,0,0,0,0,-0.195773,-0.543016,-0.235279,-1.21732,1.68414,-1.51686,0.361284,-0.43183,-1.30343,0.295463,-0.604398,-0.325842,-1.46059,-0.579572,0.150714,-2.76959,0.39956,-0.0208707,1.15645,-0.976202,0.340026,0.693272,-0.807567,-0.165602,1.14311,-2.93578,-0.320993,3.63502,0.822489,2.70717,1.38277,0.757457,-0.229477,0.633212,-0.44218,0.55644,-0.074585,0.52,-1.82848,-0.534516,-0.0726292,1.94366,0.586299,0.332203,-0.142907,-0.571653,-0.665259,-0.333887,0.358451,0.129583,-0.0405829,0.175238,0.149128,0.501344,0.938626,-0.389391,-0.265075,0.556821,-0.00155488,0.0516494,-0.218718,0.859,-0.516721,0.166543,-0.839799,0.6,0,0,3,3,3
7.52966,-3.18718,-0.154318,-0.674904,-4.78338,-1.61056,-0.198327,-0.639732,-0.252817,7.52966,-3.18718,-0.154318,-0.674904,-4.78338,-1.61056,-0.198327,-0.639732,-0.252817,-0.293631,0.561196,-0.363759,0.480216,-0.117095,0.52,-1.79819,-0.533353,-0.102812,2.06639,0.656755,0.341156,-0.157048,-0.640975,-0.655433,-0.303451,0.292683,0.114303,-0.0359459,0.199688,0.202645,0.541062,0.856247,-0.389138,-0.252532,0.541919,-0.000579557,0.0434422,-0.217038,0,0,0,0,0,0,0,0,0,0,0,0,0,0,0,0,0,0,0,0,0,0,0,0,0,0,0,0,0,-0.605839,0.10357,-0.108362,1.00268,0.106526,0.284667,-1.26709,-0.208914,-0.199137,1.57752,0.357289,0.23057,-0.441002,-0.246315,-0.512031,-0.49973,0.505482,0.161732,-0.0238395,0.105149,0.0661129,0.36033,1.17277,-0.718783,-0.435577,0.575998,-0.00778658,0.0744175,-0.223099,3.8571,4.58101,-2.35733,-8.94062,-2.97883,1.21339,-3.21292,-4.30257,-0.126424,5.86027,3.71841,1.92706,4.11776,-1.88833,1.02709,-0.57015,0.428106,-0.2225,-0.948597,1.28082,0.925211,2.38684,1.9659,0.927198,-0.0429235,0.744884,0.0623721,-0.205536,-0.243924,5.33677,10.133,-7.80981,11.4104,0.80901,3.90199,-14.6147,-2.46597,3.92751,0.00242896,-0.726639,-0.295162,0.691274,-6.07005,-6.07014,2.88729,-2.51207,-0.505925,1.27871,-0.167872,0.370643,-0.155198,-5.04938,3.90628,2.48796,-1.07865,0.0402083,-0.1511,0.338393,0,0,0,0,0,0,0,0,0,0,0,0,0,0,0,0,0,0,0,0,0,0,0,0,0,0,0,0,0,2.55789,2.55789,2.55789,6.3088,6.3088,1.81445,2.55789,2.55789,1.81445,6.3088,6.3088,0.907223,0.907223,1.81445,1.81445,0.907223,0.907223,1.81445,1.81445,0.907223,0.907223,0.907223,0.907223,0.907223,0.907223,1.06814,1.06814,1.06814,1.06814,40.1792,40.1792,40.1792,99.0984,99.0984,28.5012,40.1792,40.1792,28.5012,99.0984,99.0984,14.2506,14.2506,28.5012,28.5012,14.2506,14.2506,28.5012,28.5012,14.2506,14.2506,14.2506,14.2506,14.2506,14.2506,16.7783,16.7783,16.7783,16.7783,0,0,0,0,0,0,0,0,0,0,0,0,0,0,0,0,0,0,0,0,0,0,0,0,0,0,0,0,0,0,0,0,0,0,0,0,0,0,0,0,0,0,0,0,0,0,0,0,0,0,0,0,0,0,0,0,0,0,0,0,0,0,0,0,0,0,0,0,0,0,0,0,0,0,0,0,0,0,0,0,0,0,0,0,0,0,0,0,0,0,0,0,0,0,0,0,0,0,0,0,0,0,0,0,0,0,0,0,0,0,0,0,0,0,0,0,0,-0.198327,-0.639732,-0.252817,-1.14792,1.49631,-1.49445,0.211325,-0.431254,-1.46149,0.260621,-0.575799,-0.358085,-1.45002,-0.779606,0.0335472,-2.71427,0.45531,-0.0077792,1.02493,-0.974078,0.46205,0.58311,-0.664344,-0.234421,1.23367,-2.91323,-0.538365,3.98502,0.701262,2.90809,1.65071,0.777869,-0.293631,0.561196,-0.363759,0.480216,-0.117095,0.52,-1.79819,-0.533353,-0.102812,2.06639,0.656755,0.341156,-0.157048,-0.640975,-0.655433,-0.303451,0.292683,0.114303,-0.0359459,0.199688,0.202645,0.541062,0.856247,-0.389138,-0.252532,0.541919,-0.000579557,0.0434422,-0.217038,0.564,-0.596981,0.158068,-0.78653,0.6,0,0,3,3,3
5.02773,-3.53143,-0.493078,-0.868105,-5.02808,-1.50007,-0.205472,-0.742688,-0.266504,5.02773,-3.53143,-0.493078,-0.868105,-5.02808,-1.50007,-0.205472,-0.742688,-0.266504,-0.385602,0.539106,-0.358652,0.380278,-0.138837,0.52,-1.77831,-0.633024,-0.128725,2.18654,0.758133,0.338262,-0.168619,-0.757589,-0.678625,-0.320855,0.24774,0.111432,-0.111134,0.234959,0.274075,0.605594,0.76612,-0.392577,-0.244307,0.5236,0.00015733,0.033154,-0.221639,0,0,0,0,0,0,0,0,0,0,0,0,0,0,0,0,0,0,0,0,0,0,0,0,0,0,0,0,0,-0.536792,0.200138,-0.156289,0.836402,0.0458111,0.289517,-1.33515,-0.299415,-0.190036,1.69621,0.437118,0.26421,-0.351748,-0.285192,-0.48973,-0.509887,0.508733,0.156172,-0.0395464,0.132394,0.0932529,0.408691,1.21108,-0.695239,-0.433896,0.593627,-0.00631951,0.0712099,-0.226787,3.06679,5.0338,-2.4418,-7.58418,-2.68498,-0.124895,-3.43542,-4.64098,0.909474,5.79352,3.55634,1.45774,4.72744,-2.03369,1.08468,-0.452192,-0.0858872,-0.249595,-0.637297,1.24376,1.4218,2.24579,1.88277,1.35844,0.165851,0.944267,0.0755086,-0.100836,-0.147697,1.93433,2.15223,-2.33575,12.3446,0.788706,6.72497,-10.0605,2.08595,1.06667,0.718318,-0.638074,-0.232271,-1.33347,-6.60932,-6.67695,3.35229,-3.05039,-0.730769,1.27627,-0.172386,0.286987,-0.145032,-6.71748,3.19902,2.45403,-1.83697,0.0178138,-0.346226,0.323741,0,0,0,0,0,0,0,0,0,0,0,0,0,0,0,0,0,0,0,0,0,0,0,0,0,0,0,0,0,2.55789,2.55789,2.55789,6.3088,6.3088,1.81445,2.55789,2.55789,1.81445,6.3088,6.3088,0.907223,0.907223,1.81445,1.81445,0.907223,0.907223,1.81445,1.81445,0.907223,0.907223,0.907223,0.907223,0.907223,0.907223,1.06814,1.06814,1.06814,1.06814,40.1792,40.1792,40.1792,99.0984,99.0984,28.5012,40.1792,40.1792,28.5012,99.0984,99.0984,14.2506,14.2506,28.5012,28.5012,14.2506,14.2506,28.5012,28.5012,14.2506,14.2506,14.2506,14.2506,14.2506,14.2506,16.7783,16.7783,16.7783,16.7783,0,0,0,0,0,0,0,0,0,0,0,0,0,0,0,0,0,0,0,0,0,0,0,0,0,0,0,0,0,0,0,0,0,0,0,0,0,0,0,0,0,0,0,0,0,0,0,0,0,0,0,0,0,0,0,0,0,0,0,0,0,0,0,0,0,0,0,0,0,0,0,0,0,0,0,0,0,0,0,0,0,0,0,0,0,0,0,0,0,0,0,0,0,0,0,0,0,0,0,0,0,0,0,0,0,0,0,0,0,0,0,0,0,0,0,0,0,-0.205472,-0.742688,-0.266504,-1.1876,1.29081,-1.54733,0.108852,-0.439095,-1.72738,0.254075,-0.557045,-0.384469,-1.62146,-1.02549,-0.134421,-2.67797,0.535729,0.00211178,0.984584,-1.15611,0.624918,0.445015,-0.655017,-0.293506,1.38082,-2.97498,-0.823365,4.32765,0.639256,3.1972,1.93936,0.771272,-0.385602,0.539106,-0.358652,0.380278,-0.138837,0.52,-1.77831,-0.633024,-0.128725,2.18654,0.758133,0.338262,-0.168619,-0.757589,-0.678625,-0.320855,0.24774,0.111432,-0.111134,0.234959,0.274075,0.605594,0.76612,-0.392577,-0.244307,0.5236,0.00015733,0.033154,-0.221639,0.611,-0.676271,0.150299,-0.721158,0.6,0,0,3,3,3
3.10313,-3.56975,-0.21795,-1.04603,-5.00366,-1.32221,-0.219166,-0.857186,-0.277196,3.10313,-3.56975,-0.21795,-1.04603,-5.00366,-1.32221,-0.219166,-0.857186,-0.277196,-0.524848,0.533608,-0.345536,0.277663,-0.183247,0.52,-1.72,-0.717514,-0.184379,2.32928,0.855661,0.358626,-0.174801,-0.858655,-0.721177,-0.38022,0.203898,0.109289,-0.172763,0.263712,0.333251,0.669245,0.680173,-0.399662,-0.235345,0.510344,-0.000320957,0.0183716,-0.229787,0,0,0,0,0,0,0,0,0,0,0,0,0,0,0,0,0,0,0,0,0,0,0,0,0,0,0,0,0,-0.481718,0.312882,-0.213253,0.68317,-0.00841702,0.285545,-1.40933,-0.412226,-0.159464,1.82212,0.52926,0.2724,-0.235946,-0.331324,-0.473033,-0.51712,0.498808,0.151158,-0.0648848,0.163282,0.139989,0.464056,1.24844,-0.659184,-0.428571,0.616695,-0.00450261,0.0693004,-0.230583,1.96167,5.24609,-2.67074,-6.2734,-2.1321,-0.171502,-3.25216,-5.37374,1.78648,5.4718,3.68597,-0.0562971,5.584,-2.16399,0.461434,-0.320271,-0.774351,-0.203692,-1.24094,1.29495,2.03535,2.39302,1.5839,1.88562,0.315293,1.08669,0.0819617,-0.0348282,-0.160015,-1.27754,-3.83701,0.765577,9.41071,0.520452,6.99514,-6.69505,4.43041,-2.10742,2.02988,-0.556248,0.953858,-3.91602,-8.35317,-6.79432,3.07168,-2.94934,-0.772635,0.897901,-0.15142,0.0546967,-0.144878,-8.28379,2.18388,2.36773,-2.68414,-0.00706233,-0.556461,0.322686,0,0,0,0,0,0,0,0,0,0,0,0,0,0,0,0,0,0,0,0,0,0,0,0,0,0,0,0,0,2.55789,2.55789,2.55789,6.3088,6.3088,1.81445,2.55789,2.55789,1.81445,6.3088,6.3088,0.907223,0.907223,1.81445,1.81445,0.907223,0.907223,1.81445,1.81445,0.907223,0.907223,0.907223,0.907223,0.907223,0.907223,1.06814,1.06814,1.06814,1.06814,40.1792,40.1792,40.1792,99.0984,99.0984,28.5012,40.1792,40.1792,28.5012,99.0984,99.0984,14.2506,14.2506,28.5012,28.5012,14.2506,14.2506,28.5012,28.5012,14.2506,14.2506,14.2506,14.2506,14.2506,14.2506,16.7783,16.7783,16.7783,16.7783,0,0,0,0,0,0,0,0,0,0,0,0,0,0,0,0,0,0,0,0,0,0,0,0,0,0,0,0,0,0,0,0,0,0,0,0,0,0,0,0,0,0,0,0,0,0,0,0,0,0,0,0,0,0,0,0,0,0,0,0,0,0,0,0,0,0,0,0,0,0,0,0,0,0,0,0,0,0,0,0,0,0,0,0,0,0,0,0,0,0,0,0,0,0,0,0,0,0,0,0,0,0,0,0,0,0,0,0,0,0,0,0,0,0,0,0,0,-0.219166,-0.857186,-0.277196,-1.32296,1.09484,-1.64436,0.0088881,-0.45525,-1.95782,0.249189,-0.536611,-0.398564,-1.76198,-1.20342,-0.38873,-2.57146,0.60129,-0.0043081,0.974544,-1.31042,0.759846,0.246596,-0.631062,-0.420403,1.52594,-3.08435,-1.116,4.73471,0.512611,3.47532,2.35203,0.817704,-0.524848,0.533608,-0.345536,0.277663,-0.183247,0.52,-1.72,-0.717514,-0.184379,2.32928,0.855661,0.358626,-0.174801,-0.858655,-0.721177,-0.38022,0.203898,0.109289,-0.172763,0.263712,0.333251,0.669245,0.680173,-0.399662,-0.235345,0.510344,-0.000320957,0.0183716,-0.229787,0.552,-0.749193,0.142959,-0.646739,0.6,0,0,3,3,3
4.18538,-5.58613,6.64119,-2.40141,-4.33202,-0.0320501,-0.253184,-0.943664,-0.268717,4.18538,-5.58613,6.64119,-2.40141,-4.33202,-0.0320501,-0.253184,-0.943664,-0.268717,-0.608737,0.353314,-0.222584,0.162518,-0.29825,0.52,-1.67949,-0.790308,-0.273938,2.54864,0.874871,0.357022,-0.162682,-0.87267,-0.660542,-0.37655,-0.0142179,0.0351633,-0.193293,0.272895,0.474594,0.65187,0.663993,-0.517645,-0.219369,0.484361,-0.0008653,0.00855247,-0.218268,0,0,0,0,0,0,0,0,0,0,0,0,0,0,0,0,0,0,0,0,0,0,0,0,0,0,0,0,0,-0.458437,0.410882,-0.259993,0.575047,-0.0505645,0.283099,-1.46358,-0.515735,-0.124158,1.92338,0.558349,0.27016,-0.137561,-0.368397,-0.471534,-0.533439,0.474888,0.140501,-0.097857,0.188533,0.183532,0.51056,1.29579,-0.604903,-0.473142,0.551357,-0.0088377,0.0387595,-0.255215,0.659783,5.57512,-2.47928,-5.76544,-2.12322,-0.108824,-2.86533,-5.9283,2.10239,5.58785,0.837775,-0.136495,4.66982,-1.63398,-0.131669,-2.02611,-2.0696,-1.21088,-2.40474,1.34191,2.23304,2.40119,4.22251,4.11319,-6.84062,-11.5069,-0.301974,-3.70588,-1.32809,-4.73856,-8.82056,2.78839,6.3797,0.227591,6.95454,-3.13323,6.58712,-5.34242,5.6945,23.6714,1.38218,-4.87442,-10.7838,-6.92694,3.68785,-2.2328,0.989451,1.88437,-0.135016,0.0299211,0.0604721,-12.3865,-0.755587,9.00203,9.75391,0.576775,3.06505,2.33055,0,0,0,0,0,0,0,0,0,0,0,0,0,0,0,0,0,0,0,0,0,0,0,0,0,0,0,0,0,2.55789,2.55789,2.55789,6.3088,6.3088,1.81445,2.55789,2.55789,1.81445,6.3088,6.3088,0.907223,0.907223,1.81445,1.81445,0.907223,0.907223,1.81445,1.81445,0.907223,0.907223,0.907223,0.907223,0.907223,0.907223,1.06814,1.06814,1.06814,1.06814,40.1792,40.1792,40.1792,99.0984,99.0984,28.5012,40.1792,40.1792,28.5012,99.0984,99.0984,14.2506,14.2506,28.5012,28.5012,14.2506,14.2506,28.5012,28.5012,14.2506,14.2506,14.2506,14.2506,14.2506,14.2506,16.7783,16.7783,16.7783,16.7783,0,0,0,0,0,0,0,0,0,0,0,0,0,0,0,0,0,0,0,0,0,0,0,0,0,0,0,0,0,0,0,0,0,0,0,0,0,0,0,0,0,0,0,0,0,0,0,0,0,0,0,0,0,0,0,0,0,0,0,0,0,0,0,0,0,0,0,0,0,0,0,0,0,0,0,0,0,0,0,0,0,0,0,0,0,0,0,0,0,0,0,0,0,0,0,0,0,0,0,0,0,0,0,0,0,0,0,0,0,0,0,0,0,0,0,0,0,-0.253184,-0.943664,-0.268717,-1.31459,1.05795,-1.5061,-0.488438,-0.724261,-2.3376,0.0801757,-0.500184,-0.370931,-1.80879,-1.55219,-0.54194,-2.49749,0.622229,-0.0116146,0.645268,-1.44336,1.08212,0.114797,-0.406511,-0.624606,1.48633,-2.92974,-1.44436,5.36027,0.184651,3.5301,2.93225,0.814046,-0.608737,0.353314,-0.222584,0.162518,-0.29825,0.52,-1.67949,-0.790308,-0.273938,2.54864,0.874871,0.357022,-0.162682,-0.87267,-0.660542,-0.37655,-0.0142179,0.0351633,-0.193293,0.272895,0.474594,0.65187,0.663993,-0.517645,-0.219369,0.484361,-0.0008653,0.00855247,-0.218268,0.623,-0.809714,0.146992,-0.568117,0.6,0,0,3,3,3
103.676,9.10462,22.2636,-4.52092,-5.7958,0.997821,-0.390304,-1.02354,-0.195333,103.676,9.10462,22.2636,-4.52092,-5.7958,0.997821,-0.390304,-1.02354,-0.195333,-0.786326,0.521998,-0.206349,0.0461747,-0.173563,0.52,-1.56718,-1.12568,-0.300261,2.63155,0.983419,0.381787,-0.145222,-0.87267,-0.804988,-0.532866,0.0291106,0.110866,-0.2618,0.328971,0.480332,0.79641,0.53014,-0.522858,-0.227469,0.461247,-0.00296314,-0.000734509,-0.252806,0,0,0,0,0,0,0,0,0,0,0,0,0,0,0,0,0,0,0,0,0,0,0,0,0,0,0,0,0,-0.441129,0.519154,-0.288187,0.456712,-0.116974,0.28156,-1.51953,-0.639704,-0.0710936,2.05337,0.569181,0.267794,-0.065463,-0.375035,-0.473935,-0.589146,0.405542,0.103329,-0.14984,0.216758,0.240067,0.547455,1.34367,-0.566761,-0.557916,0.329133,-0.00510269,-0.0687342,-0.262236,5.85869,5.34214,0.758974,-6.1385,-3.28334,-0.0545204,-1.51714,-5.77773,4.14192,8.00523,0.400867,-0.107155,2.28543,1.06721,-1.14339,-1.74419,-5.05437,-2.16481,-2.04011,1.31518,2.61673,1.52212,0.970616,-0.448615,-1.58391,-8.14925,0.307783,-6.13146,-0.064563,-14.3926,-19.8414,2.81301,8.31022,4.54015,6.89981,-1.15545,8.87314,-11.7734,4.07365,27.722,1.36573,-3.84797,-15.2423,-3.97992,5.30748,-1.99588,1.71244,2.82576,-0.38653,0.936394,0.10382,-10.5085,0.504734,6.66292,11.9513,-0.274173,5,0.868743,0,0,0,0,0,0,0,0,0,0,0,0,0,0,0,0,0,0,0,0,0,0,0,0,0,0,0,0,0,2.55789,2.55789,2.55789,6.3088,6.3088,1.81445,2.55789,2.55789,1.81445,6.3088,6.3088,0.907223,0.907223,1.81445,1.81445,0.907223,0.907223,1.81445,1.81445,0.907223,0.907223,0.907223,0.907223,0.907223,0.907223,1.06814,1.06814,1.06814,1.06814,40.1792,40.1792,40.1792,99.0984,99.0984,28.5012,40.1792,40.1792,28.5012,99.0984,99.0984,14.2506,14.2506,28.5012,28.5012,14.2506,14.2506,28.5012,28.5012,14.2506,14.2506,14.2506,14.2506,14.2506,14.2506,16.7783,16.7783,16.7783,16.7783,0,0,0,0,0,0,0,0,0,0,0,0,0,0,0,0,0,0,0,0,0,0,0,0,0,0,0,0,0,0,0,0,0,0,0,0,0,0,0,0,0,0,0,0,0,0,0,0,0,0,0,0,0,0,0,0,0,0,0,0,0,0,0,0,0,0,0,0,0,0,0,0,0,0,0,0,0,0,0,0,0,0,0,0,0,0,0,0,0,0,0,0,0,0,0,0,0,0,0,0,0,0,0,0,0,0,0,0,0,0,0,0,0,0,0,0,0,-0.390304,-1.02354,-0.195333,-1.67101,0.752753,-1.83545,-0.389645,-0.736149,-2.94617,0.252785,-0.518651,-0.33112,-2.62927,-1.86244,-0.866276,-2.29236,0.750086,-0.0397733,0.95334,-2.05586,1.0952,-0.00985907,-0.376862,-0.684625,1.81589,-3.39333,-1.77614,5.5967,0.540226,3.83966,3.42075,0.870513,-0.786326,0.521998,-0.206349,0.0461747,-0.173563,0.52,-1.56718,-1.12568,-0.300261,2.63155,0.983419,0.381787,-0.145222,-0.87267,-0.804988,-0.532866,0.0291106,0.110866,-0.2618,0.328971,0.480332,0.79641,0.53014,-0.522858,-0.227469,0.461247,-0.00296314,-0.000734509,-0.252806,0.852,-0.853954,0.197977,-0.481215,0.6,0,0,3,3,3
115.989,-18.1739,30.2361,-6.28596,-9.69887,8.44077,-0.818364,-1.09429,0.162636,115.989,-18.1739,30.2361,-6.28596,-9.69887,8.44077,-0.818364,-1.09429,0.162636,-1.19313,0.842135,-0.208161,-0.258251,0.24791,0.52,-1.29045,-1.66412,-0.39535,2.65333,1.12422,0.312246,-0.0442261,-0.87267,-0.87267,-0.925825,0.347108,0.2618,-0.2618,0.41358,0.416828,1.04075,0.042891,-0.550733,-0.29565,0.415872,-0.010635,-0.0429844,-0.291536,0,0,0,0,0,0,0,0,0,0,0,0,0,0,0,0,0,0,0,0,0,0,0,0,0,0,0,0,0,-0.282127,0.644502,-0.272604,0.355669,-0.136518,0.280794,-1.55117,-0.792967,0.0195993,2.23145,0.580779,0.266214,-0.125184,-0.380958,-0.426659,-0.606656,0.221694,0.0218385,-0.190982,0.242186,0.28772,0.589638,1.34911,-0.590719,-0.503748,0.310177,-0.00338496,-0.0590914,-0.263603,3.40437,7.36913,-0.200761,-4.11914,-0.608346,-0.0295822,-5.3673,-9.44368,4.27804,8.7512,0.61508,-0.0531952,-7.38297,-1.76612,9.83033,1.7846,-11.2962,-4.51849,-2.55785,1.04428,1.73733,2.09651,-0.353376,-1.05795,6.51353,8.89413,-0.0770154,0.574546,-0.133905,-32.0922,-22.3247,2.38351,-4.65301,0.289365,6.8725,10.4367,9.18476,-16.9219,-14.798,36.0532,1.69866,5.67806,-11.394,-25.0414,0.244528,7.23962,10.8997,2.21913,0.25612,1.13391,1.07952,-11.229,2.12693,-1.56427,-5.81854,0.120998,0.983853,0.555718,0,0,0,0,0,0,0,0,0,0,0,0,0,0,0,0,0,0,0,0,0,0,0,0,0,0,0,0,0,2.55789,2.55789,2.55789,6.3088,6.3088,1.81445,2.55789,2.55789,1.81445,6.3088,6.3088,0.907223,0.907223,1.81445,1.81445,0.907223,0.907223,1.81445,1.81445,0.907223,0.907223,0.907223,0.907223,0.907223,0.907223,1.06814,1.06814,1.06814,1.06814,40.1792,40.1792,40.1792,99.0984,99.0984,28.5012,40.1792,40.1792,28.5012,99.0984,99.0984,14.2506,14.2506,28.5012,28.5012,14.2506,14.2506,28.5012,28.5012,14.2506,14.2506,14.2506,14.2506,14.2506,14.2506,16.7783,16.7783,16.7783,16.7783,0,0,0,0,0,0,0,0,0,0,0,0,0,0,0,0,0,0,0,0,0,0,0,0,0,0,0,0,0,0,0,0,0,0,0,0,0,0,0,0,0,0,0,0,0,0,0,0,0,0,0,0,0,0,0,0,0,0,0,0,0,0,0,0,0,0,0,0,0,0,0,0,0,0,0,0,0,0,0,0,0,0,0,0,0,0,0,0,0,0,0,0,0,0,0,0,0,0,0,0,0,0,0,0,0,0,0,0,0,0,0,0,0,0,0,0,0,-0.818364,-1.09429,0.162636,-2.56699,-0.358224,-2.4597,0.335421,-0.799707,-3.67873,0.763595,-0.674111,-0.10084,-3.98857,-2.47149,-1.60923,-1.78697,0.943005,-0.14275,1.53802,-3.03924,0.950408,-0.576966,-0.380171,-0.901437,2.37302,-3.91318,-2.64429,5.65882,1.74216,4.24117,4.11549,0.711951,-1.19313,0.842135,-0.208161,-0.258251,0.24791,0.52,-1.29045,-1.66412,-0.39535,2.65333,1.12422,0.312246,-0.0442261,-0.87267,-0.87267,-0.925825,0.347108,0.2618,-0.2618,0.41358,0.416828,1.04075,0.042891,-0.550733,-0.29565,0.415872,-0.010635,-0.0429844,-0.291536,0.618,-0.888603,0.334847,-0.313467,0.6,0,0,3,3,3
-52.6598,-17.3029,-22.2601,-3.27066,-5.98309,6.95607,-1.34431,-1.02566,0.649093,-52.6598,-17.3029,-22.2601,-3.27066,-5.98309,6.95607,-1.34431,-1.02566,0.649093,-1.06905,0.245198,-0.194275,-0.511979,-0.0168868,0.52,-1.33655,-1.60984,-0.52,2.8798,0.684713,0.247067,-0.0164421,-0.87267,-0.811625,-0.85029,-0.00396385,0.0787557,-0.2618,0.388996,1.08272,0.691965,0.409039,-0.971298,-0.316239,0.359066,0.00123545,-0.039713,-0.253317,0,0,0,0,0,0,0,0,0,0,0,0,0,0,0,0,0,0,0,0,0,0,0,0,0,0,0,0,0,-0.338845,0.857399,-0.295926,0.232883,-0.0364648,0.28032,-1.64196,-1.05283,0.0481938,2.38493,0.597208,0.264913,-0.246953,-0.463094,-0.176265,-0.526143,0.0713371,-0.00418074,-0.283194,0.276392,0.303023,0.682055,1.36296,-0.571845,-0.405777,0.468761,-0.00415962,-0.0336361,-0.267895,-6.1501,12.4062,-1.77322,-7.15419,4.73775,-0.0211274,-1.93885,-14.9283,-0.267633,6.69941,0.835518,-0.0624431,-3.09996,-5.78874,9.60577,3.19068,-3.26425,2.66728,-7.02294,2.38882,0.446043,6.14974,0.429448,2.4145,2.38835,5.34804,-0.0279479,1.09739,-0.390627,-18.9876,-31.2503,7.95868,-5.37749,-1.53891,6.86907,21.2325,12.3502,-12.2368,-15.4879,46.968,0.732035,7.07777,-1.9169,-41.5458,-9.80642,7.76014,6.1289,11.456,0.0222391,1.63882,0.218257,-19.9164,-1.87126,-1.13716,-7.48406,-0.0739756,-1.36768,-0.0517788,0,0,0,0,0,0,0,0,0,0,0,0,0,0,0,0,0,0,0,0,0,0,0,0,0,0,0,0,0,2.55789,2.55789,2.55789,6.3088,6.3088,1.81445,2.55789,2.55789,1.81445,6.3088,6.3088,0.907223,0.907223,1.81445,1.81445,0.907223,0.907223,1.81445,1.81445,0.907223,0.907223,0.907223,0.907223,0.907223,0.907223,1.06814,1.06814,1.06814,1.06814,40.1792,40.1792,40.1792,99.0984,99.0984,28.5012,40.1792,40.1792,28.5012,99.0984,99.0984,14.2506,14.2506,28.5012,28.5012,14.2506,14.2506,28.5012,28.5012,14.2506,14.2506,14.2506,14.2506,14.2506,14.2506,16.7783,16.7783,16.7783,16.7783,0,0,0,0,0,0,0,0,0,0,0,0,0,0,0,0,0,0,0,0,0,0,0,0,0,0,0,0,0,0,0,0,0,0,0,0,0,0,0,0,0,0,0,0,0,0,0,0,0,0,0,0,0,0,0,0,0,0,0,0,0,0,0,0,0,0,0,0,0,0,0,0,0,0,0,0,0,0,0,0,0,0,0,0,0,0,0,0,0,0,0,0,0,0,0,0,0,0,0,0,0,0,0,0,0,0,0,0,0,0,0,0,0,0,0,0,0,-1.34431,-1.02566,0.649093,-2.39477,0.47663,-1.85059,-0.465058,-1.75864,-4.18884,0.179571,-0.721058,-0.0374897,-3.46414,-3.23398,-1.38263,-1.87116,0.88695,0.016583,0.447812,-2.9401,2.4687,-0.533054,-0.35481,-1.3752,1.57775,-3.40019,-3.36786,6.32683,0.987029,2.98782,4.96476,0.563337,-1.06905,0.245198,-0.194275,-0.511979,-0.0168868,0.52,-1.33655,-1.60984,-0.52,2.8798,0.684713,0.247067,-0.0164421,-0.87267,-0.811625,-0.85029,-0.00396385,0.0787557,-0.2618,0.388996,1.08272,0.691965,0.409039,-0.971298,-0.316239,0.359066,0.00123545,-0.039713,-0.253317,0.624,-0.855056,0.505293,-0.11644,0.6,0,0,3,3,3
-5.06666,-27.9396,7.77068,-2.5891,-0.109235,2.41194,-1.46381,-0.95651,0.736653,-5.06666,-27.9396,7.77068,-2.5891,-0.109235,2.41194,-1.46381,-0.95651,0.736653,-0.682525,0.320713,-0.173591,-0.5236,-0.710107,0.52,-1.65972,-1.5899,-0.52,2.8798,-0.0374173,0.354041,-0.128588,-0.87267,-0.394288,-0.362735,-0.423299,-0.118075,-0.2618,0.296937,1.66687,0.540489,1.27778,-1.23546,-0.29412,0.321664,0.00902174,0.0239994,-0.26582,0,0,0,0,0,0,0,0,0,0,0,0,0,0,0,0,0,0,0,0,0,0,0,0,0,0,0,0,0,-0.451707,1.05936,-0.333171,0.0620472,-0.0231623,0.280101,-1.68106,-1.32157,0.0585735,2.52005,0.589372,0.25767,-0.228677,-0.559403,-0.131731,-0.561622,0.0630329,0.12787,-0.417579,0.344629,0.403433,0.742807,1.31253,-0.529661,-0.379488,0.524515,-0.00135198,-0.0160501,-0.268381,-5.33347,7.1744,-0.983821,-8.72459,0.21562,-0.00424153,-4.98001,-10.8922,0.948529,6.91275,-0.886433,-0.460058,1.38991,-1.83107,0.135234,-4.23064,1.03142,7.20895,-4.76936,3.3288,8.03256,1.21502,-4.86229,2.05474,1.7706,2.34653,0.158968,0.814638,0.202654,-11.4808,-51.8403,8.40539,-2.41725,-0.836317,6.84658,25.5382,17.014,-19.1724,-6.62871,14.7771,0.274173,1.64592,-4.60636,-19.9127,-0.726822,-1.64444,-14.3694,13.8032,-2.41419,2.85177,-1.91533,-8.9898,-8.08729,-0.533143,-5.24547,-0.11574,-1.23933,0.0720392,0,0,0,0,0,0,0,0,0,0,0,0,0,0,0,0,0,0,0,0,0,0,0,0,0,0,0,0,0,2.55789,2.55789,2.55789,6.3088,6.3088,1.81445,2.55789,2.55789,1.81445,6.3088,6.3088,0.907223,0.907223,1.81445,1.81445,0.907223,0.907223,1.81445,1.81445,0.907223,0.907223,0.907223,0.907223,0.907223,0.907223,1.06814,1.06814,1.06814,1.06814,40.1792,40.1792,40.1792,99.0984,99.0984,28.5012,40.1792,40.1792,28.5012,99.0984,99.0984,14.2506,14.2506,28.5012,28.5012,14.2506,14.2506,28.5012,28.5012,14.2506,14.2506,14.2506,14.2506,14.2506,14.2506,16.7783,16.7783,16.7783,16.7783,0,0,0,0,0,0,0,0,0,0,0,0,0,0,0,0,0,0,0,0,0,0,0,0,0,0,0,0,0,0,0,0,0,0,0,0,0,0,0,0,0,0,0,0,0,0,0,0,0,0,0,0,0,0,0,0,0,0,0,0,0,0,0,0,0,0,0,0,0,0,0,0,0,0,0,0,0,0,0,0,0,0,0,0,0,0,0,0,0,0,0,0,0,0,0,0,0,0,0,0,0,0,0,0,0,0,0,0,0,0,0,0,0,0,0,0,0,-1.46381,-0.95651,0.736653,-1.28309,2.45745,-0.899015,-1.42118,-2.36096,-4.77782,-0.269224,-0.670623,-0.293193,-3.0565,-3.73601,-0.6767,-2.46138,0.677046,0.121096,0.585728,-2.90369,3.80064,0.322136,-0.317033,-1.60132,1.23237,-3.56802,-3.95451,7.67176,-0.989862,0.928482,6.09371,0.807249,-0.682525,0.320713,-0.173591,-0.5236,-0.710107,0.52,-1.65972,-1.5899,-0.52,2.8798,-0.0374173,0.354041,-0.128588,-0.87267,-0.394288,-0.362735,-0.423299,-0.118075,-0.2618,0.296937,1.66687,0.540489,1.27778,-1.23546,-0.29412,0.321664,0.00902174,0.0239994,-0.26582,0.562,-0.817185,0.57308,-0.061544,0.6,0,0,3,3,3
-12.7054,4.48859,2.55172,-2.42094,0.848849,1.23531,-1.50879,-0.921323,0.727828,-12.7054,4.48859,2.55172,-2.42094,0.848849,1.23531,-1.50879,-0.921323,0.727828,-0.620584,0.84769,-0.0983295,-0.501315,-1.43291,0.52,-1.59959,-1.71015,-0.105708,2.8798,-0.087267,0.52566,-0.242734,-0.87267,-0.197072,-0.188031,-0.195823,-0.0302403,-0.2618,0.324765,1.74189,0.475588,1.86651,-1.39246,-0.520117,0.355121,-0.000690086,0.0932309,-0.343842,0,0,0,0,0,0,0,0,0,0,0,0,0,0,0,0,0,0,0,0,0,0,0,0,0,0,0,0,0,-0.509113,1.1617,-0.334725,-0.0931488,-0.191927,0.280167,-1.75457,-1.48137,-0.0150206,2.65069,0.430374,0.266408,-0.223281,-0.560437,-0.136843,-0.658782,0.0683718,0.23108,-0.473117,0.390639,0.648231,0.728912,1.22343,-0.515087,-0.308767,0.525684,0.00490509,0.0117975,-0.265135,-1.52955,3.47993,0.0589068,-7.13964,-8.32031,0.0120968,-1.83284,-6.56635,-7.00326,5.46758,-7.42975,0.390342,0.278526,0.693045,-1.07584,-5.04034,-0.914457,3.53368,-1.3415,1.61248,14.6047,-1.41179,-4.07176,-0.529164,4.37105,-1.54696,0.260945,1.13816,0.31603,-2.94935,-43.3421,6.30035,2.1012,1.12917,6.81598,9.22107,12.3898,-2.9799,-12.313,0.571647,0.80985,1.20922,-9.9766,-5.86038,8.66477,-6.41585,-16.7941,8.99042,-2.87569,1.69855,-1.45343,4.42947,-9.9954,-3.61976,-2.13984,-0.230361,-1.12501,-0.305606,0,0,0,0,0,0,0,0,0,0,0,0,0,0,0,0,0,0,0,0,0,0,0,0,0,0,0,0,0,2.55789,2.55789,2.55789,6.3088,6.3088,1.81445,2.55789,2.55789,1.81445,6.3088,6.3088,0.907223,0.907223,1.81445,1.81445,0.907223,0.907223,1.81445,1.81445,0.907223,0.907223,0.907223,0.907223,0.907223,0.907223,1.06814,1.06814,1.06814,1.06814,40.1792,40.1792,40.1792,99.0984,99.0984,28.5012,40.1792,40.1792,28.5012,99.0984,99.0984,14.2506,14.2506,28.5012,28.5012,14.2506,14.2506,28.5012,28.5012,14.2506,14.2506,14.2506,14.2506,14.2506,14.2506,16.7783,16.7783,16.7783,16.7783,0,0,0,0,0,0,0,0,0,0,0,0,0,0,0,0,0,0,0,0,0,0,0,0,0,0,0,0,0,0,0,0,0,0,0,0,0,0,0,0,0,0,0,0,0,0,0,0,0,0,0,0,0,0,0,0,0,0,0,0,0,0,0,0,0,0,0,0,0,0,0,0,0,0,0,0,0,0,0,0,0,0,0,0,0,0,0,0,0,0,0,0,0,0,0,0,0,0,0,0,0,0,0,0,0,0,0,0,0,0,0,0,0,0,0,0,0,-1.50879,-0.921323,0.727828,-0.88475,3.79981,-0.449344,-0.902516,-2.71892,-4.81697,-0.0689509,-1.18592,-0.553458,-3.07784,-3.28692,-0.563576,-2.35156,0.740496,-0.00926279,1.54816,-3.12331,3.97168,1.25141,-0.179582,-0.241025,1.08439,-4.61527,-3.33745,8.54229,-3.05112,0.261422,6.76525,1.19856,-0.620584,0.84769,-0.0983295,-0.501315,-1.43291,0.52,-1.59959,-1.71015,-0.105708,2.8798,-0.087267,0.52566,-0.242734,-0.87267,-0.197072,-0.188031,-0.195823,-0.0302403,-0.2618,0.324765,1.74189,0.475588,1.86651,-1.39246,-0.520117,0.355121,-0.000690086,0.0932309,-0.343842,0.577,-0.796402,0.603605,-0.0374741,0.6,0,0,3,0.93531,3
3.74455,2.76721,-0.427008,-1.53622,1.08029,0.387251,-1.52122,-0.904529,0.695253,3.74455,2.76721,-0.427008,-1.53622,1.08029,0.387251,-1.52122,-0.904529,0.695253,-0.464953,1.02502,-0.157156,-0.318654,-2.13036,0.52,-1.46141,-1.45703,0.255328,2.8798,-0.087267,0.529494,-0.286098,-0.87267,-0.00763576,-0.137335,0.178088,0.126698,-0.2618,0.335809,1.59252,0.491783,2.05681,-1.30079,-0.596618,0.412509,-0.00918199,0.0962214,-0.360616,0,0,0,0,0,0,0,0,0,0,0,0,0,0,0,0,0,0,0,0,0,0,0,0,0,0,0,0,0,-0.552356,1.21203,-0.311629,-0.136447,-0.515923,0.280221,-1.78784,-1.58043,-0.138933,2.73564,0.292439,0.270182,-0.214749,-0.54472,-0.174762,-0.743481,0.0390695,0.26997,-0.471735,0.414953,0.931066,0.685248,1.17198,-0.546489,-0.243727,0.45269,0.00493483,0.0308101,-0.270429,-2.14469,2.0964,1.95044,-0.0791146,-14.8537,0.00239791,-1.35746,-3.89389,-5.10225,3.39815,-6.02641,0.108315,0.627366,0.724084,-2.32838,-3.27809,-1.82733,0.852568,0.907609,0.762449,12.9832,-2.40304,-1.48557,-2.54303,2.23532,-4.56604,-0.0845949,0.507686,-0.486294,2.70779,-20.0271,3.93568,-34.1716,3.02818,6.83066,11.2282,4.91652,10.3427,-7.47028,0.389906,3.53457,-0.894692,-10.668,3.33728,11.0152,-1.81356,-10.445,4.62607,-2.04757,-0.160617,-0.866607,11.3835,-10.0327,-6.09469,3.0076,-0.0164757,0.403962,-0.742306,0,0,0,0,0,0,0,0,0,0,0,0,0,0,0,0,0,0,0,0,0,0,0,0,0,0,0,0,0,2.55789,2.55789,2.55789,6.3088,6.3088,1.81445,2.55789,2.55789,1.81445,6.3088,6.3088,0.907223,0.907223,1.81445,1.81445,0.907223,0.907223,1.81445,1.81445,0.907223,0.907223,0.907223,0.907223,0.907223,0.907223,1.06814,1.06814,1.06814,1.06814,40.1792,40.1792,40.1792,99.0984,99.0984,28.5012,40.1792,40.1792,28.5012,99.0984,99.0984,14.2506,14.2506,28.5012,28.5012,14.2506,14.2506,28.5012,28.5012,14.2506,14.2506,14.2506,14.2506,14.2506,14.2506,16.7783,16.7783,16.7783,16.7783,0,0,0,0,0,0,0,0,0,0,0,0,0,0,0,0,0,0,0,0,0,0,0,0,0,0,0,0,0,0,0,0,0,0,0,0,0,0,0,0,0,0,0,0,0,0,0,0,0,0,0,0,0,0,0,0,0,0,0,0,0,0,0,0,0,0,0,0,0,0,0,0,0,0,0,0,0,0,0,0,0,0,0,0,0,0,0,0,0,0,0,0,0,0,0,0,0,0,0,0,0,0,0,0,0,0,0,0,0,0,0,0,0,0,0,0,0,-1.52122,-0.904529,0.695253,-0.769157,4.23372,-0.0174103,-0.0499608,-2.5099,-4.21693,0.288885,-1.36035,-0.652332,-2.84176,-2.51663,-0.279342,-2.0992,0.765679,-0.123247,1.87202,-2.66102,3.63111,1.29155,-0.287018,0.582173,1.12132,-4.84042,-2.81655,7.39413,-5.04008,0.758966,5.85639,1.2073,-0.464953,1.02502,-0.157156,-0.318654,-2.13036,0.52,-1.46141,-1.45703,0.255328,2.8798,-0.087267,0.529494,-0.286098,-0.87267,-0.00763576,-0.137335,0.178088,0.126698,-0.2618,0.335809,1.59252,0.491783,2.05681,-1.30079,-0.596618,0.412509,-0.00918199,0.0962214,-0.360616,0.801,-0.786134,0.617297,-0.0306293,0.6,0,0,3,0.93531,3
11.2678,0.262389,0.269761,-0.805498,0.574523,-0.700052,-1.52217,-0.907736,0.668037,11.2678,0.262389,0.269761,-0.805498,0.574523,-0.700052,-1.52217,-0.907736,0.668037,-0.339438,1.16371,0.134119,-0.341822,-2.33197,0.52,-1.27621,-1.3527,0.192138,2.8798,0.0178597,0.504778,-0.312514,-0.87267,0.15344,-0.200029,0.182718,0.183946,-0.2618,0.29553,1.50699,0.628299,2.0243,-1.15855,-0.535072,0.441674,-0.0122117,0.0686746,-0.344934,0,0,0,0,0,0,0,0,0,0,0,0,0,0,0,0,0,0,0,0,0,0,0,0,0,0,0,0,0,-0.56153,1.25563,-0.274481,-0.125146,-0.931579,0.280279,-1.80091,-1.61632,-0.180302,2.79069,0.190571,0.271761,-0.204296,-0.533563,-0.219152,-0.778092,0.00357633,0.281546,-0.440517,0.414156,1.12528,0.64038,1.16712,-0.619377,-0.231619,0.361283,7.57866e-05,0.0305108,-0.28293,0.231802,2.26725,1.43858,0.733609,-15.7063,0.0076919,0.232146,-0.253857,0.020734,2.37,-4.40154,0.0567374,0.40862,0.429004,-1.74682,-0.447346,-1.61497,0.367874,1.74714,-0.370863,7.82243,-2.12199,0.725696,-4.55092,-0.558194,-4.27461,-0.272848,-0.252769,-0.717232,3.36912,-14.8663,0.876079,-23.7042,3.20436,6.82299,13.6353,7.72298,13.0443,-6.09572,0.277046,3.61825,-1.53342,-10.4654,9.34189,9.76751,3.9442,-5.17144,2.01875,-0.821984,-0.479549,-0.220919,12.2157,-5.88795,-4.90782,5.40408,0.128678,1.3385,-0.574921,0,0,0,0,0,0,0,0,0,0,0,0,0,0,0,0,0,0,0,0,0,0,0,0,0,0,0,0,0,2.55789,2.55789,2.55789,6.3088,6.3088,1.81445,2.55789,2.55789,1.81445,6.3088,6.3088,0.907223,0.907223,1.81445,1.81445,0.907223,0.907223,1.81445,1.81445,0.907223,0.907223,0.907223,0.907223,0.907223,0.907223,1.06814,1.06814,1.06814,1.06814,40.1792,40.1792,40.1792,99.0984,99.0984,28.5012,40.1792,40.1792,28.5012,99.0984,99.0984,14.2506,14.2506,28.5012,28.5012,14.2506,14.2506,28.5012,28.5012,14.2506,14.2506,14.2506,14.2506,14.2506,14.2506,16.7783,16.7783,16.7783,16.7783,0,0,0,0,0,0,0,0,0,0,0,0,0,0,0,0,0,0,0,0,0,0,0,0,0,0,0,0,0,0,0,0,0,0,0,0,0,0,0,0,0,0,0,0,0,0,0,0,0,0,0,0,0,0,0,0,0,0,0,0,0,0,0,0,0,0,0,0,0,0,0,0,0,0,0,0,0,0,0,0,0,0,0,0,0,0,0,0,0,0,0,0,0,0,0,0,0,0,0,0,0,0,0,0,0,0,0,0,0,0,0,0,0,0,0,0,0,-1.52217,-0.907736,0.668037,-0.912107,4.15958,0.349857,-0.0394048,-2.18558,-3.93064,0.419416,-1.22002,-0.712562,-2.96591,-2.12515,-0.0501107,-1.76096,0.673839,-0.163913,2.12532,-2.47047,3.43608,0.921796,0.244946,0.438093,1.43258,-4.62994,-2.88261,6.47605,-5.61501,1.08612,5.10797,1.15094,-0.339438,1.16371,0.134119,-0.341822,-2.33197,0.52,-1.27621,-1.3527,0.192138,2.8798,0.0178597,0.504778,-0.312514,-0.87267,0.15344,-0.200029,0.182718,0.183946,-0.2618,0.29553,1.50699,0.628299,2.0243,-1.15855,-0.535072,0.441674,-0.0122117,0.0686746,-0.344934,0.57,-0.788112,0.614804,-0.0299191,0.6,0,0,3,0.600845,3
8.71216,0.061834,-3.26943,-0.2111,-0.341013,-0.962335,-1.52998,-0.923796,0.666463,8.71216,0.061834,-3.26943,-0.2111,-0.341013,-0.962335,-1.52998,-0.923796,0.666463,-0.450786,0.733073,0.271545,-0.222469,-2.1714,0.52,-0.834604,-0.688711,0.250267,2.8798,0.392847,0.665914,-0.287627,-0.87267,0.0360427,-0.471187,0.281605,0.177769,-0.2618,0.319914,1.55702,0.57695,2.0944,-1.36348,-0.679372,0.495695,-0.013347,0.0934444,-0.403263,0,0,0,0,0,0,0,0,0,0,0,0,0,0,0,0,0,0,0,0,0,0,0,0,0,0,0,0,0,-0.525124,1.31214,-0.189098,-0.112743,-1.03746,0.280336,-1.74434,-1.58282,-0.172888,2.82991,0.142754,0.272218,-0.21653,-0.527345,-0.224193,-0.754911,-0.0209793,0.271392,-0.393498,0.38784,1.24104,0.629369,1.21123,-0.722763,-0.247095,0.308035,-0.00876213,0.0303835,-0.283471,2.19502,2.85346,4.81832,0.516758,-0.791562,0.00198029,3.95734,2.91773,1.22873,1.66705,-1.96381,1.3245e-06,-1.01037,0.224463,0.864825,2.24172,-1.02824,-0.633106,2.10672,-1.79764,4.66553,-0.230434,3.58076,-5.79861,0.486629,-1.08198,-1.12423,0.587478,1.12555,1.81419,-13.0323,0.62697,-26.0111,-50,6.82666,9.31701,2.55679,8.73839,-5.67291,0.00396548,3.31083,-0.334597,-10.2642,9.21719,5.96207,3.67757,-0.479351,-0.710252,0.282736,-0.46724,0.172573,8.61378,-1.3804,-4.12191,3.55112,0.79465,-0.0716586,-1.89847,0,0,0,0,0,0,0,0,0,0,0,0,0,0,0,0,0,0,0,0,0,0,0,0,0,0,0,0,0,2.55789,2.55789,2.55789,6.3088,6.3088,1.81445,2.55789,2.55789,1.81445,6.3088,6.3088,0.907223,0.907223,1.81445,1.81445,0.907223,0.907223,1.81445,1.81445,0.907223,0.907223,0.907223,0.907223,0.907223,0.907223,1.06814,1.06814,1.06814,1.06814,40.1792,40.1792,40.1792,99.0984,99.0984,28.5012,40.1792,40.1792,28.5012,99.0984,99.0984,14.2506,14.2506,28.5012,28.5012,14.2506,14.2506,28.5012,28.5012,14.2506,14.2506,14.2506,14.2506,14.2506,14.2506,16.7783,16.7783,16.7783,16.7783,0,0,0,0,0,0,0,0,0,0,0,0,0,0,0,0,0,0,0,0,0,0,0,0,0,0,0,0,0,0,0,0,0,0,0,0,0,0,0,0,0,0,0,0,0,0,0,0,0,0,0,0,0,0,0,0,0,0,0,0,0,0,0,0,0,0,0,0,0,0,0,0,0,0,0,0,0,0,0,0,0,0,0,0,0,0,0,0,0,0,0,0,0,0,0,0,0,0,0,0,0,0,0,0,0,0,0,0,0,0,0,0,0,0,0,0,0,-1.52998,-0.923796,0.666463,-1.53037,4.33553,0.0821811,0.186067,-2.65285,-3.47036,0.405332,-1.54903,-0.655817,-2.73739,-1.40006,-0.253469,-0.954446,0.729435,-0.179152,1.33883,-1.25781,3.55016,1.25427,0.495931,0.570634,1.3155,-5.41286,-2.54225,7.32658,-5.1571,2.15549,5.06374,1.51835,-0.450786,0.733073,0.271545,-0.222469,-2.1714,0.52,-0.834604,-0.688711,0.250267,2.8798,0.392847,0.665914,-0.287627,-0.87267,0.0360427,-0.471187,0.281605,0.177769,-0.2618,0.319914,1.55702,0.57695,2.0944,-1.36348,-0.679372,0.495695,-0.013347,0.0934444,-0.403263,0.673,-0.797895,0.602294,-0.0245977,0.6,0,0,3,0.615312,3
-1.69908,4.51014,5.86662,0.579932,0.268263,-1.44397,-1.5189,-0.949142,0.659658,-1.69908,4.51014,5.86662,0.579932,0.268263,-1.44397,-1.5189,-0.949142,0.659658,-0.639421,0.499342,0.266041,0.100735,-1.81142,0.52,-0.404274,-0.0132575,0.119886,2.8798,0.737978,0.686174,-0.265183,-0.87267,-0.106231,-0.537012,0.470213,0.175409,-0.2618,0.230923,1.51732,0.605648,2.0944,-1.32234,-0.646508,0.545273,-0.0064294,0.113753,-0.397504,0,0,0,0,0,0,0,0,0,0,0,0,0,0,0,0,0,0,0,0,0,0,0,0,0,0,0,0,0,-0.483775,1.36344,-0.0912306,-0.103407,-1.02485,0.280445,-1.61087,-1.47031,-0.143838,2.85379,0.203794,0.273802,-0.247313,-0.525275,-0.196856,-0.707203,-0.0263137,0.259025,-0.363915,0.366957,1.33277,0.616373,1.31638,-0.831347,-0.258485,0.292315,-0.0202844,0.0311035,-0.287859,1.77924,1.9457,4.43508,0.395986,1.1045,0.00801055,7.95935,7.38677,2.55308,0.775451,3.01131,0.104384,-1.74271,0.0567131,1.89333,2.8808,0.787354,-1.54962,1.80904,-0.875654,4.12315,-0.718471,6.12629,-5.18643,-2.14498,-0.193632,-0.0241679,-0.0921563,-1.25459,-3.31924,-30.6,3.14524,-14.3552,-50,6.81346,11.7567,13.7659,7.40455,-3.06805,-0.30458,5.49394,1.02671,-10.0035,3.42497,0.954593,3.86607,0.168929,-0.132612,0.0484801,-0.57695,0.0603226,5.76449,-3.08978,-4.36161,3.82481,0.169139,1.19732,-0.707046,0,0,0,0,0,0,0,0,0,0,0,0,0,0,0,0,0,0,0,0,0,0,0,0,0,0,0,0,0,2.55789,2.55789,2.55789,6.3088,6.3088,1.81445,2.55789,2.55789,1.81445,6.3088,6.3088,0.907223,0.907223,1.81445,1.81445,0.907223,0.907223,1.81445,1.81445,0.907223,0.907223,0.907223,0.907223,0.907223,0.907223,1.06814,1.06814,1.06814,1.06814,40.1792,40.1792,40.1792,99.0984,99.0984,28.5012,40.1792,40.1792,28.5012,99.0984,99.0984,14.2506,14.2506,28.5012,28.5012,14.2506,14.2506,28.5012,28.5012,14.2506,14.2506,14.2506,14.2506,14.2506,14.2506,16.7783,16.7783,16.7783,16.7783,0,0,0,0,0,0,0,0,0,0,0,0,0,0,0,0,0,0,0,0,0,0,0,0,0,0,0,0,0,0,0,0,0,0,0,0,0,0,0,0,0,0,0,0,0,0,0,0,0,0,0,0,0,0,0,0,0,0,0,0,0,0,0,0,0,0,0,0,0,0,0,0,0,0,0,0,0,0,0,0,0,0,0,0,0,0,0,0,0,0,0,0,0,0,0,0,0,0,0,0,0,0,0,0,0,0,0,0,0,0,0,0,0,0,0,0,0,-1.5189,-0.949142,0.659658,-1.68046,4.4984,-0.242217,0.616112,-2.55905,-2.63094,0.39995,-1.4741,-0.604643,-2.28498,-0.73458,-0.597978,-0.168523,0.526528,-0.0862996,0.911963,-0.0242126,3.45963,1.52687,0.485879,0.273352,1.38094,-5.33556,-1.62055,6.77857,-4.13053,3.13972,4.01115,1.56455,-0.639421,0.499342,0.266041,0.100735,-1.81142,0.52,-0.404274,-0.0132575,0.119886,2.8798,0.737978,0.686174,-0.265183,-0.87267,-0.106231,-0.537012,0.470213,0.175409,-0.2618,0.230923,1.51732,0.605648,2.0944,-1.32234,-0.646508,0.545273,-0.0064294,0.113753,-0.397504,0.69,-0.812916,0.581596,-0.0302124,0.6,0,0,3,0.615312,3
-14.8155,3.54601,6.83502,0.947869,1.6496,-2.32301,-1.46884,-0.985359,0.619582,-14.8155,3.54601,6.83502,0.947869,1.6496,-2.32301,-1.46884,-0.985359,0.619582,-0.179431,0.100478,0.290816,1.04717,-1.12836,0.52,-0.669781,0.082153,-0.0528709,2.30017,0.831313,0.525896,-0.0985918,-0.675782,0.0118924,-0.594992,0.437284,0.0723558,-0.2618,0.0903308,1.39184,0.551948,2.0944,-1.31649,-0.640969,0.585007,0.0038196,0.155251,-0.327331,0,0,0,0,0,0,0,0,0,0,0,0,0,0,0,0,0,0,0,0,0,0,0,0,0,0,0,0,0,-0.481088,1.39188,-0.0325092,-0.0610025,-1.00467,0.280565,-1.41621,-1.26064,-0.094706,2.85525,0.34076,0.275739,-0.286901,-0.525313,-0.165336,-0.644545,0.0183455,0.224506,-0.339486,0.327656,1.39479,0.609226,1.44454,-0.930575,-0.327229,0.309623,-0.0190886,0.0349165,-0.314601,-0.542783,0.85041,2.25583,2.69222,0.860518,0.00431567,10.0792,12.5043,3.21215,-0.328685,6.26176,0.0743254,-1.54695,-0.00834517,0.676803,3.03595,3.16419,-1.5779,1.10009,-2.05291,2.31559,-0.248403,6.26597,-5.07681,-3.76424,1.90438,0.133602,0.543964,-1.2611,-5.16821,-38.4254,6.14377,-0.698884,-50,6.81594,15.5995,19.8393,0.957044,3.71565,-0.167424,5.77756,1.90569,-9.87143,-0.0266219,-1.18504,3.7735,1.5051,0.408043,0.487178,-0.414235,0.176277,3.64221,-1.25557,-1.19545,2.24792,0.0867326,0.864765,-0.0330485,0,0,0,0,0,0,0,0,0,0,0,0,0,0,0,0,0,0,0,0,0,0,0,0,0,0,0,0,0,2.55789,2.55789,2.55789,6.3088,6.3088,1.81445,2.55789,2.55789,1.81445,6.3088,6.3088,0.907223,0.907223,1.81445,1.81445,0.907223,0.907223,1.81445,1.81445,0.907223,0.907223,0.907223,0.907223,0.907223,0.907223,1.06814,1.06814,1.06814,1.06814,40.1792,40.1792,40.1792,99.0984,99.0984,28.5012,40.1792,40.1792,28.5012,99.0984,99.0984,14.2506,14.2506,28.5012,28.5012,14.2506,14.2506,28.5012,28.5012,14.2506,14.2506,14.2506,14.2506,14.2506,14.2506,16.7783,16.7783,16.7783,16.7783,0,0,0,0,0,0,0,0,0,0,0,0,0,0,0,0,0,0,0,0,0,0,0,0,0,0,0,0,0,0,0,0,0,0,0,0,0,0,0,0,0,0,0,0,0,0,0,0,0,0,0,0,0,0,0,0,0,0,0,0,0,0,0,0,0,0,0,0,0,0,0,0,0,0,0,0,0,0,0,0,0,0,0,0,0,0,0,0,0,0,0,0,0,0,0,0,0,0,0,0,0,0,0,0,0,0,0,0,0,0,0,0,0,0,0,0,0,-1.46884,-0.985359,0.619582,-1.81266,5.21575,0.0271159,0.541031,-2.5457,-1.54085,0.164978,-1.46147,-0.224799,-2.29508,-0.20124,0.242114,-0.653425,0.205963,0.0512692,0.183507,0.150038,3.17354,2.08389,0.531127,-0.120551,1.2585,-4.39365,1.07845,4.65169,-2.18262,3.40588,2.09808,1.19909,-0.179431,0.100478,0.290816,1.04717,-1.12836,0.52,-0.669781,0.082153,-0.0528709,2.30017,0.831313,0.525896,-0.0985918,-0.675782,0.0118924,-0.594992,0.437284,0.0723558,-0.2618,0.0903308,1.39184,0.551948,2.0944,-1.31649,-0.640969,0.585007,0.0038196,0.155251,-0.327331,0.727,-0.83347,0.549695,-0.0562412,0.6,0,0,3,0.771238,3
-24.1367,3.41853,11.4249,1.68813,2.27132,-2.07339,-1.38667,-1.01804,0.5557,-24.1367,3.41853,11.4249,1.68813,2.27132,-2.07339,-1.38667,-1.01804,0.5557,-0.00734105,-0.720634,0.124141,2.9671,-1.05992,0.52,-1.62353,-0.550396,0.268824,1.79532,0.789623,0.351781,0.0997385,-0.194096,-0.167594,-0.946379,0.546383,0.105163,-0.2618,0.0225954,0.97011,0.410109,2.0944,-1.39358,-0.8472,0.64264,0.00269412,0.178873,-0.280906,0,0,0,0,0,0,0,0,0,0,0,0,0,0,0,0,0,0,0,0,0,0,0,0,0,0,0,0,0,-0.43942,1.39514,-0.00168525,0.119804,-0.977254,0.280384,-1.30506,-0.972321,-0.013141,2.79126,0.477288,0.27484,-0.359385,-0.51778,-0.134053,-0.566688,0.102126,0.184763,-0.318281,0.265823,1.41014,0.595732,1.6097,-0.992941,-0.417969,0.359155,-0.0153587,0.0535699,-0.324812,5.38084,-2.04093,0.341429,11.0903,1.34204,-0.0942172,4.88144,14.5067,3.66477,-5.40572,5.84697,-0.0974171,-2.74662,0.578694,-1.01389,3.59619,4.62093,-1.75259,1.18312,-3.04944,-0.117647,-0.791352,7.81003,-2.87474,-3.91177,3.49044,0.298106,1.37966,-0.160093,-1.31918,-49.1837,8.89719,15.886,-24.5212,6.82613,13.3283,6.0188,-7.86435,-17.8005,-2.04973,3.66141,6.48049,-5.32209,4.87954,-3.67297,0.74716,0.00440882,-0.317936,0.265082,-0.236579,0.079904,-0.18178,-2.16157,0.49427,0.406484,0.0277221,0.377869,0.181569,0,0,0,0,0,0,0,0,0,0,0,0,0,0,0,0,0,0,0,0,0,0,0,0,0,0,0,0,0,2.55789,2.55789,2.55789,6.3088,6.3088,1.81445,2.55789,2.55789,1.81445,6.3088,6.3088,0.907223,0.907223,1.81445,1.81445,0.907223,0.907223,1.81445,1.81445,0.907223,0.907223,0.907223,0.907223,0.907223,0.907223,1.06814,1.06814,1.06814,1.06814,40.1792,40.1792,40.1792,99.0984,99.0984,28.5012,40.1792,40.1792,28.5012,99.0984,99.0984,14.2506,14.2506,28.5012,28.5012,14.2506,14.2506,28.5012,28.5012,14.2506,14.2506,14.2506,14.2506,14.2506,14.2506,16.7783,16.7783,16.7783,16.7783,0,0,0,0,0,0,0,0,0,0,0,0,0,0,0,0,0,0,0,0,0,0,0,0,0,0,0,0,0,0,0,0,0,0,0,0,0,0,0,0,0,0,0,0,0,0,0,0,0,0,0,0,0,0,0,0,0,0,0,0,0,0,0,0,0,0,0,0,0,0,0,0,0,0,0,0,0,0,0,0,0,0,0,0,0,0,0,0,0,0,0,0,0,0,0,0,0,0,0,0,0,0,0,0,0,0,0,0,0,0,0,0,0,0,0,0,0,-1.38667,-1.01804,0.5557,-2.61386,5.58795,-0.38213,0.789788,-2.72149,-0.442558,0.239783,-1.9317,0.227414,-2.2652,0.572336,0.556408,-2.39528,0.0515198,0.0361622,-1.31611,-1.0052,2.21195,2.40096,0.226722,0.612945,0.935089,-3.77051,6.77689,3.21198,-1.98743,3.287,1.74729,0.802095,-0.00734105,-0.720634,0.124141,2.9671,-1.05992,0.52,-1.62353,-0.550396,0.268824,1.79532,0.789623,0.351781,0.0997385,-0.194096,-0.167594,-0.946379,0.546383,0.105163,-0.2618,0.0225954,0.97011,0.410109,2.0944,-1.39358,-0.8472,0.64264,0.00269412,0.178873,-0.280906,1.018,-0.851079,0.516164,-0.0961254,0.6,0,0,3,0.771238,3
-61.7263,11.8464,-10.7237,0.57546,1.90365,-3.26081,-1.278,-1.06319,0.448724,-61.7263,11.8464,-10.7237,0.57546,1.90365,-3.26081,-1.278,-1.06319,0.448724,0.0631117,-0.959389,-0.235205,2.9671,-1.04468,0.52,-1.86545,-0.540623,0.384221,1.10697,0.901837,0.13129,0.0269538,0.0204554,-0.171916,-1.29701,0.208299,0.0476895,-0.2618,-0.0208534,0.702904,0.537757,2.0944,-1.06864,-0.750085,0.651493,-0.00066456,0.120706,-0.198922,0,0,0,0,0,0,0,0,0,0,0,0,0,0,0,0,0,0,0,0,0,0,0,0,0,0,0,0,0,-0.348805,1.18748,-0.0943577,0.419697,-0.966452,0.264854,-1.41582,-0.702717,0.149624,2.63614,0.55468,0.27093,-0.425398,-0.371803,-0.152275,-0.483586,0.219133,0.169697,-0.299246,0.203025,1.33532,0.555036,1.73334,-1.04443,-0.482726,0.436136,-0.0102327,0.085942,-0.308617,2.60968,-15.2177,-6.00494,19.6779,0.246948,-0.311317,-8.9783,12.7967,9.27189,-9.4221,1.52646,-0.229743,-3.84462,11.0495,-1.91732,4.05809,6.40698,-0.1281,1.30715,-2.86947,-5.1761,-2.33474,6.22792,-2.4289,-3.65309,3.73468,0.278134,1.57193,0.895999,7.45022,-41.3498,24.0021,138.369,-10.8566,7.98967,16.1308,-26.1681,-12.9938,-28.0779,11.5716,1.35655,11.1898,-14.1785,-0.27506,-10.7027,-0.992661,-1.24701,-1.05202,0.0504628,-0.663225,0.0210362,-0.386598,-2.67846,-2.27876,-0.454938,-0.0739726,-0.143149,-0.551483,0,0,0,0,0,0,0,0,0,0,0,0,0,0,0,0,0,0,0,0,0,0,0,0,0,0,0,0,0,2.55789,2.55789,2.55789,6.3088,6.3088,1.81445,2.55789,2.55789,1.81445,6.3088,6.3088,0.907223,0.907223,1.81445,1.81445,0.907223,0.907223,1.81445,1.81445,0.907223,0.907223,0.907223,0.907223,0.907223,0.907223,1.06814,1.06814,1.06814,1.06814,40.1792,40.1792,40.1792,99.0984,99.0984,28.5012,40.1792,40.1792,28.5012,99.0984,99.0984,14.2506,14.2506,28.5012,28.5012,14.2506,14.2506,28.5012,28.5012,14.2506,14.2506,14.2506,14.2506,14.2506,14.2506,16.7783,16.7783,16.7783,16.7783,0,0,0,0,0,0,0,0,0,0,0,0,0,0,0,0,0,0,0,0,0,0,0,0,0,0,0,0,0,0,0,0,0,0,0,0,0,0,0,0,0,0,0,0,0,0,0,0,0,0,0,0,0,0,0,0,0,0,0,0,0,0,0,0,0,0,0,0,0,0,0,0,0,0,0,0,0,0,0,0,0,0,0,0,0,0,0,0,0,0,0,0,0,0,0,0,0,0,0,0,0,0,0,0,0,0,0,0,0,0,0,0,0,0,0,0,0,-1.278,-1.06319,0.448724,-3.41333,4.55023,-0.391986,0.018923,-1.98059,0.0466403,0.108737,-1.71027,0.0614574,-2.68153,0.691174,0.685077,-2.83712,-0.0475478,-0.00892017,-1.75216,-0.987355,1.60269,1.62019,-0.429561,0.876062,1.22614,-2.67006,8.26418,1.24898,-1.94397,3.607,1.4384,0.299354,0.0631117,-0.959389,-0.235205,2.9671,-1.04468,0.52,-1.86545,-0.540623,0.384221,1.10697,0.901837,0.13129,0.0269538,0.0204554,-0.171916,-1.29701,0.208299,0.0476895,-0.2618,-0.0208534,0.702904,0.537757,2.0944,-1.06864,-0.750085,0.651493,-0.00066456,0.120706,-0.198922,0.706,-0.873909,0.465402,-0.140301,0.6,0,0,3,3,3
24.4995,5.37961,-9.1384,-0.507206,-0.0990094,-1.22081,-1.2291,-1.0985,0.387355,24.4995,5.37961,-9.1384,-0.507206,-0.0990094,-1.22081,-1.2291,-1.0985,0.387355,0.0665328,-0.166606,-0.929159,2.55415,-0.868396,0.52,-1.60211,-0.73751,0.14751,0.982025,0.745432,-0.140416,-0.109785,-0.163094,-0.310012,-1.14675,-0.154367,-0.114252,-0.2618,0.0287415,0.444692,0.533418,1.26731,-0.677107,-0.517728,0.566112,-0.00771456,0.0779012,-0.137712,0,0,0,0,0,0,0,0,0,0,0,0,0,0,0,0,0,0,0,0,0,0,0,0,0,0,0,0,0,-0.362681,0.814642,-0.196698,0.835182,-0.957452,0.259302,-1.53251,-0.561548,0.360422,2.37789,0.573128,0.226375,-0.468074,-0.131914,-0.236626,-0.445954,0.327477,0.163738,-0.249352,0.143218,1.19965,0.541437,1.86096,-1.05942,-0.54767,0.51792,-0.00695031,0.102194,-0.277134,-2.58328,-20.2749,-3.8273,20.4375,0.572093,0.213593,-3.07128,2.6029,10.3491,-15.7155,0.635231,-2.81713,-1.30846,11.4453,-5.26109,0.312109,3.96616,-0.364168,2.84629,-2.73092,-6.97149,-0.178766,6.90388,0.443192,-3.17344,4.1894,0.147073,0.626032,1.57312,22.5929,-21.3326,8.6228,85.5115,-12.0595,7.27724,-4.61273,-7.59185,-18.0524,-33.1322,28.3321,1.17529,8.18433,-16.2926,11.2717,-12.5723,-5.53917,-2.67391,-5.43144,0.140373,-0.814705,0.116728,-2.49259,-0.383683,-0.157585,-2.07118,-0.0478988,-0.330632,-0.387161,0,0,0,0,0,0,0,0,0,0,0,0,0,0,0,0,0,0,0,0,0,0,0,0,0,0,0,0,0,2.55789,2.55789,2.55789,6.3088,6.3088,1.81445,2.55789,2.55789,1.81445,6.3088,6.3088,0.907223,0.907223,1.81445,1.81445,0.907223,0.907223,1.81445,1.81445,0.907223,0.907223,0.907223,0.907223,0.907223,0.907223,1.06814,1.06814,1.06814,1.06814,40.1792,40.1792,40.1792,99.0984,99.0984,28.5012,40.1792,40.1792,28.5012,99.0984,99.0984,14.2506,14.2506,28.5012,28.5012,14.2506,14.2506,28.5012,28.5012,14.2506,14.2506,14.2506,14.2506,14.2506,14.2506,16.7783,16.7783,16.7783,16.7783,0,0,0,0,0,0,0,0,0,0,0,0,0,0,0,0,0,0,0,0,0,0,0,0,0,0,0,0,0,0,0,0,0,0,0,0,0,0,0,0,0,0,0,0,0,0,0,0,0,0,0,0,0,0,0,0,0,0,0,0,0,0,0,0,0,0,0,0,0,0,0,0,0,0,0,0,0,0,0,0,0,0,0,0,0,0,0,0,0,0,0,0,0,0,0,0,0,0,0,0,0,0,0,0,0,0,0,0,0,0,0,0,0,0,0,0,0,-1.2291,-1.0985,0.387355,-3.07072,2.43357,-0.706858,-0.807992,-1.08785,-0.371871,-0.260505,-1.18047,-0.250322,-2.80862,-0.454872,0.691325,-2.35616,0.0655335,-0.10355,-0.304277,-1.34694,1.01394,1.04564,-1.69695,0.336338,1.21625,-1.84847,5.37597,0.892669,-1.44127,3.16098,1.77826,-0.320162,0.0665328,-0.166606,-0.929159,2.55415,-0.868396,0.52,-1.60211,-0.73751,0.14751,0.982025,0.745432,-0.140416,-0.109785,-0.163094,-0.310012,-1.14675,-0.154367,-0.114252,-0.2618,0.0287415,0.444692,0.533418,1.26731,-0.677107,-0.517728,0.566112,-0.00771456,0.0779012,-0.137712,0.613,-0.890526,0.428633,-0.152441,0.6,0,0,3,3,3
27.9718,2.46797,1.90132,0.740065,-0.960807,1.24281,-1.23724,-1.09486,0.407135,27.9718,2.46797,1.90132,0.740065,-0.960807,1.24281,-1.23724,-1.09486,0.407135,-0.238043,0.0952387,-0.881866,1.47276,-0.576284,0.52,-0.954613,-0.614829,-0.00359473,1.07175,0.514396,-0.357951,-0.306044,0.0280059,-0.597652,-0.882989,0.365757,0.12254,-0.200951,0.121786,0.343502,0.31268,0.91867,-0.503524,-0.388386,0.541173,-0.0209456,0.0551755,-0.143815,0,0,0,0,0,0,0,0,0,0,0,0,0,0,0,0,0,0,0,0,0,0,0,0,0,0,0,0,0,-0.417279,0.47129,-0.287969,1.24872,-0.927471,0.270763,-1.48373,-0.57668,0.450656,2.01018,0.573744,0.133217,-0.524687,-0.0144303,-0.346156,-0.46715,0.336299,0.134168,-0.202318,0.114965,1.02937,0.540842,1.96577,-0.991119,-0.620195,0.6365,-0.00790768,0.114319,-0.243918,-2.63286,-14.5565,-4.09525,20.2757,1.53722,0.337102,4.60428,-2.65387,0.786913,-19.1557,-0.251246,-5.13254,-4.11065,2.93441,-4.39361,-1.4821,-1.68953,-2.18819,1.3671,-1.07083,-8.64438,-0.0131504,3.27599,5.05035,-3.1006,6.66778,-0.0101855,1.07743,1.49863,26.1901,11.6341,-15.0259,3.45256,-3.93282,6.4352,-15.7706,-0.631484,-11.0502,15.6448,18.4001,0.691773,9.31664,-10.0324,9.28694,-8.40246,-5.78988,-3.37708,-4.5468,-0.294268,-0.597861,-0.108195,-13.2149,0.223812,4.3423,-8.09927,0.0336495,-1.61095,0.163368,0,0,0,0,0,0,0,0,0,0,0,0,0,0,0,0,0,0,0,0,0,0,0,0,0,0,0,0,0,2.55789,2.55789,2.55789,6.3088,6.3088,1.81445,2.55789,2.55789,1.81445,6.3088,6.3088,0.907223,0.907223,1.81445,1.81445,0.907223,0.907223,1.81445,1.81445,0.907223,0.907223,0.907223,0.907223,0.907223,0.907223,1.06814,1.06814,1.06814,1.06814,40.1792,40.1792,40.1792,99.0984,99.0984,28.5012,40.1792,40.1792,28.5012,99.0984,99.0984,14.2506,14.2506,28.5012,28.5012,14.2506,14.2506,28.5012,28.5012,14.2506,14.2506,14.2506,14.2506,14.2506,14.2506,16.7783,16.7783,16.7783,16.7783,0,0,0,0,0,0,0,0,0,0,0,0,0,0,0,0,0,0,0,0,0,0,0,0,0,0,0,0,0,0,0,0,0,0,0,0,0,0,0,0,0,0,0,0,0,0,0,0,0,0,0,0,0,0,0,0,0,0,0,0,0,0,0,0,0,0,0,0,0,0,0,0,0,0,0,0,0,0,0,0,0,0,0,0,0,0,0,0,0,0,0,0,0,0,0,0,0,0,0,0,0,0,0,0,0,0,0,0,0,0,0,0,0,0,0,0,0,-1.23724,-1.09486,0.407135,-2.46932,1.63864,-1.36271,0.377942,-0.692064,0.0638563,0.279404,-0.885559,-0.697811,-1.82625,-0.789614,0.135071,-1.17362,0.277683,-0.281146,0.173937,-1.12288,0.783219,0.740602,-1.61058,-0.00819633,0.712942,-1.93038,2.29212,1.14855,-0.608234,2.50212,1.83912,-0.816163,-0.238043,0.0952387,-0.881866,1.47276,-0.576284,0.52,-0.954613,-0.614829,-0.00359473,1.07175,0.514396,-0.357951,-0.306044,0.0280059,-0.597652,-0.882989,0.365757,0.12254,-0.200951,0.121786,0.343502,0.31268,0.91867,-0.503524,-0.388386,0.541173,-0.0209456,0.0551755,-0.143815,0.625,-0.888863,0.432921,-0.150008,0.6,0,0,3,3,3
8.70875,-14.0727,0.227744,-0.870585,-1.12978,0.360295,-1.28895,-1.08669,0.462601,8.70875,-14.0727,0.227744,-0.870585,-1.12978,0.360295,-1.28895,-1.08669,0.462601,-0.393974,0.358436,-0.630834,1.02709,-0.579985,0.52,-0.667333,-0.773646,0.112348,0.972667,0.582789,-0.267232,-0.420866,0.056528,-0.758445,-0.711255,0.480953,0.172589,0.0563397,0.124868,0.351042,0.193145,0.963762,-0.779406,-0.496423,0.527891,-0.0212245,0.0472433,-0.143604,0,0,0,0,0,0,0,0,0,0,0,0,0,0,0,0,0,0,0,0,0,0,0,0,0,0,0,0,0,-0.423047,0.262213,-0.336989,1.47083,-0.834076,0.275093,-1.35455,-0.629596,0.406682,1.66858,0.550327,0.00818064,-0.622007,0.0274626,-0.423556,-0.489581,0.306776,0.113959,-0.202315,0.107209,0.851584,0.488605,1.9619,-0.895718,-0.660274,0.756047,-0.0108002,0.13831,-0.224195,0.732166,-7.8611,-2.54064,5.18975,4.23381,0.147776,7.44161,-2.59449,-3.95275,-14.933,-0.957026,-6.358,-5.06061,1.78127,-3.40111,-1.14846,-0.807159,-0.512618,-0.448828,-0.148938,-8.47985,-3.20663,-2.19888,4.46279,-1.27234,4.75197,-0.152055,1.089,0.698082,5.80291,13.8177,-16.0747,-36.9538,-1.21295,6.69926,-2.16067,7.03281,-5.2075,35.4338,2.64438,0.484095,8.95029,-3.14209,1.23555,-4.65796,1.69963,1.20916,0.794279,0.353635,0.391251,0.367631,-13.1841,1.6201,5.13773,-8.89123,-0.00689899,-2.58438,0.584347,0,0,0,0,0,0,0,0,0,0,0,0,0,0,0,0,0,0,0,0,0,0,0,0,0,0,0,0,0,2.55789,2.55789,2.55789,6.3088,6.3088,1.81445,2.55789,2.55789,1.81445,6.3088,6.3088,0.907223,0.907223,1.81445,1.81445,0.907223,0.907223,1.81445,1.81445,0.907223,0.907223,0.907223,0.907223,0.907223,0.907223,1.06814,1.06814,1.06814,1.06814,40.1792,40.1792,40.1792,99.0984,99.0984,28.5012,40.1792,40.1792,28.5012,99.0984,99.0984,14.2506,14.2506,28.5012,28.5012,14.2506,14.2506,28.5012,28.5012,14.2506,14.2506,14.2506,14.2506,14.2506,14.2506,16.7783,16.7783,16.7783,16.7783,0,0,0,0,0,0,0,0,0,0,0,0,0,0,0,0,0,0,0,0,0,0,0,0,0,0,0,0,0,0,0,0,0,0,0,0,0,0,0,0,0,0,0,0,0,0,0,0,0,0,0,0,0,0,0,0,0,0,0,0,0,0,0,0,0,0,0,0,0,0,0,0,0,0,0,0,0,0,0,0,0,0,0,0,0,0,0,0,0,0,0,0,0,0,0,0,0,0,0,0,0,0,0,0,0,0,0,0,0,0,0,0,0,0,0,0,0,-1.28895,-1.08669,0.462601,-2.07775,1.74145,-1.72933,0.6406,-1.3211,0.12889,0.393521,-1.13189,-0.959617,-1.2396,-0.967897,-0.149712,-0.648954,0.284712,-0.284889,0.654622,-1.41293,0.800411,0.634131,-1.15211,0.256165,0.440389,-1.92755,1.02119,0.865982,-0.618787,2.69716,1.79817,-0.609317,-0.393974,0.358436,-0.630834,1.02709,-0.579985,0.52,-0.667333,-0.773646,0.112348,0.972667,0.582789,-0.267232,-0.420866,0.056528,-0.758445,-0.711255,0.480953,0.172589,0.0563397,0.124868,0.351042,0.193145,0.963762,-0.779406,-0.496423,0.527891,-0.0212245,0.0472433,-0.143604,0.726,-0.885092,0.447051,-0.129447,0.6,0,0,3,3,3
6.58687,-13.7016,0.216552,-2.69136,-0.706085,-0.552869,-1.36977,-1.09726,0.506263,6.58687,-13.7016,0.216552,-2.69136,-0.706085,-0.552869,-1.36977,-1.09726,0.506263,-0.257912,0.297576,-0.326546,1.00235,-0.62944,0.52,-0.543026,-0.893015,0.475586,0.819923,0.818451,-0.143097,-0.410362,-0.2379,-0.649024,-0.755226,0.398244,0.189584,0.050404,0.106322,0.44453,0.195826,1.09808,-1.06926,-0.617388,0.551069,-0.0151761,0.0601086,-0.165283,0,0,0,0,0,0,0,0,0,0,0,0,0,0,0,0,0,0,0,0,0,0,0,0,0,0,0,0,0,-0.39281,0.160168,-0.382575,1.44638,-0.757206,0.277532,-1.1812,-0.680928,0.300327,1.39377,0.539169,-0.0893253,-0.734688,0.0769034,-0.488333,-0.526529,0.319406,0.111713,-0.181144,0.111142,0.679958,0.403735,1.89207,-0.83202,-0.735628,0.778349,-0.0386279,0.134596,-0.24386,1.27827,-2.45134,-2.02787,-4.65119,2.94688,0.0807936,7.84748,-2.26787,-5.25359,-10.4372,-0.268402,-3.22232,-5.02814,2.7434,-2.59235,-2.15069,1.63473,0.116685,1.61072,0.142385,-6.71961,-3.73374,-3.82278,1.22925,-3.91962,-1.07488,-1.74964,-0.80213,-1.59136,-3.44246,14.924,-5.10179,-15.6375,-1.06907,6.75807,1.11799,1.9039,3.77612,24.6518,6.1269,0.448447,8.94004,-5.26486,-2.99736,-0.810546,1.01796,1.60295,4.0531,0.0573879,1.44045,0.368802,-9.96891,-0.630205,7.0849,-3.23645,2.15677,-0.651967,3.39509,0,0,0,0,0,0,0,0,0,0,0,0,0,0,0,0,0,0,0,0,0,0,0,0,0,0,0,0,0,2.55789,2.55789,2.55789,6.3088,6.3088,1.81445,2.55789,2.55789,1.81445,6.3088,6.3088,0.907223,0.907223,1.81445,1.81445,0.907223,0.907223,1.81445,1.81445,0.907223,0.907223,0.907223,0.907223,0.907223,0.907223,1.06814,1.06814,1.06814,1.06814,40.1792,40.1792,40.1792,99.0984,99.0984,28.5012,40.1792,40.1792,28.5012,99.0984,99.0984,14.2506,14.2506,28.5012,28.5012,14.2506,14.2506,28.5012,28.5012,14.2506,14.2506,14.2506,14.2506,14.2506,14.2506,16.7783,16.7783,16.7783,16.7783,0,0,0,0,0,0,0,0,0,0,0,0,0,0,0,0,0,0,0,0,0,0,0,0,0,0,0,0,0,0,0,0,0,0,0,0,0,0,0,0,0,0,0,0,0,0,0,0,0,0,0,0,0,0,0,0,0,0,0,0,0,0,0,0,0,0,0,0,0,0,0,0,0,0,0,0,0,0,0,0,0,0,0,0,0,0,0,0,0,0,0,0,0,0,0,0,0,0,0,0,0,0,0,0,0,0,0,0,0,0,0,0,0,0,0,0,0,-1.36977,-1.09726,0.506263,-2.17801,2.04771,-1.47984,0.452015,-1.98199,-0.542435,0.43227,-1.40771,-0.935667,-1.25313,-0.656783,0.0987817,-0.421929,0.242424,-0.203704,0.543472,-1.63094,1.01357,0.806817,-0.59638,1.08438,0.446502,-2.21854,0.950637,0.430395,-0.759822,3.36921,1.80472,-0.326274,-0.257912,0.297576,-0.326546,1.00235,-0.62944,0.52,-0.543026,-0.893015,0.475586,0.819923,0.818451,-0.143097,-0.410362,-0.2379,-0.649024,-0.755226,0.398244,0.189584,0.050404,0.106322,0.44453,0.195826,1.09808,-1.06926,-0.617388,0.551069,-0.0151761,0.0601086,-0.165283,0.711,-0.889336,0.447336,-0.0947223,0.6,0,0,3,3,3
20.0649,-6.62529,4.97941,-2.86418,-0.838686,-0.884551,-1.4333,-1.11282,0.521152,20.0649,-6.62529,4.97941,-2.86418,-0.838686,-0.884551,-1.4333,-1.11282,0.521152,-0.172879,0.319416,-0.329551,1.06635,-0.519062,0.52,-0.567491,-0.802347,0.5035,0.609078,0.943168,-0.0499038,-0.361387,-0.387908,-0.582947,-0.822951,0.228746,0.153338,-0.0655202,0.10075,0.512002,0.19443,1.17071,-1.01786,-0.596426,0.569541,-0.010879,0.0528593,-0.152476,0,0,0,0,0,0,0,0,0,0,0,0,0,0,0,0,0,0,0,0,0,0,0,0,0,0,0,0,0,-0.364469,0.14292,-0.403911,1.34213,-0.723799,0.278685,-1.03605,-0.716809,0.219249,1.2243,0.545736,-0.113934,-0.822487,0.122377,-0.536048,-0.567383,0.355424,0.123277,-0.149156,0.110634,0.594226,0.346729,1.82561,-0.833274,-0.782369,0.754337,-0.0559161,0.12384,-0.258152,0.908009,0.204346,-0.714209,-5.99524,1.54837,0.0507211,7.7748,-1.69239,-3.99421,-8.64363,0.627928,-0.369463,-4.65121,2.59981,-1.61271,-2.11153,2.02651,0.819017,2.28157,-0.0550529,-3.57711,-2.71961,-3.3078,-1.02136,-1.51558,-1.40654,-0.514554,-0.219574,-0.0472758,1.24169,6.43866,4.99041,3.31184,-0.457163,6.78234,0.188941,-2.636,14.4862,14.1643,23.2489,0.0250034,10.0353,-14.7183,0.405446,-0.744688,-1.20313,0.471509,1.9331,-0.0202171,1.22623,0.325849,-7.35908,-2.6579,3.9025,-1.94114,1.28686,-0.758866,1.76602,0,0,0,0,0,0,0,0,0,0,0,0,0,0,0,0,0,0,0,0,0,0,0,0,0,0,0,0,0,2.55789,2.55789,2.55789,6.3088,6.3088,1.81445,2.55789,2.55789,1.81445,6.3088,6.3088,0.907223,0.907223,1.81445,1.81445,0.907223,0.907223,1.81445,1.81445,0.907223,0.907223,0.907223,0.907223,0.907223,0.907223,1.06814,1.06814,1.06814,1.06814,40.1792,40.1792,40.1792,99.0984,99.0984,28.5012,40.1792,40.1792,28.5012,99.0984,99.0984,14.2506,14.2506,28.5012,28.5012,14.2506,14.2506,28.5012,28.5012,14.2506,14.2506,14.2506,14.2506,14.2506,14.2506,16.7783,16.7783,16.7783,16.7783,0,0,0,0,0,0,0,0,0,0,0,0,0,0,0,0,0,0,0,0,0,0,0,0,0,0,0,0,0,0,0,0,0,0,0,0,0,0,0,0,0,0,0,0,0,0,0,0,0,0,0,0,0,0,0,0,0,0,0,0,0,0,0,0,0,0,0,0,0,0,0,0,0,0,0,0,0,0,0,0,0,0,0,0,0,0,0,0,0,0,0,0,0,0,0,0,0,0,0,0,0,0,0,0,0,0,0,0,0,0,0,0,0,0,0,0,0,-1.4333,-1.11282,0.521152,-2.33243,2.21333,-1.32918,0.0655431,-1.8648,-0.884469,0.349626,-1.35991,-0.823999,-1.51745,-0.408839,0.25408,-0.46661,0.22972,-0.146025,0.583359,-1.46535,1.16741,0.709513,-0.601869,1.14803,0.443321,-2.04664,1.13315,-0.170883,-0.445051,3.72487,1.61344,-0.113786,-0.172879,0.319416,-0.329551,1.06635,-0.519062,0.52,-0.567491,-0.802347,0.5035,0.609078,0.943168,-0.0499038,-0.361387,-0.387908,-0.582947,-0.822951,0.228746,0.153338,-0.0655202,0.10075,0.512002,0.19443,1.17071,-1.01786,-0.596426,0.569541,-0.010879,0.0528593,-0.152476,0.697,-0.896948,0.437963,-0.0605995,0.6,0,0,3,3,3
10.4052,1.54028,-0.387101,-1.81608,-0.953964,0.0415395,-1.51936,-1.1236,0.565722,10.4052,1.54028,-0.387101,-1.81608,-0.953964,0.0415395,-1.51936,-1.1236,0.565722,0.182549,0.160035,-0.417802,1.24441,-0.380539,0.52,-0.812115,-0.658537,0.417031,0.464761,1.03228,-0.00823798,-0.264383,-0.354376,-0.395462,-0.980272,0.162046,0.11395,-0.207333,0.0722589,0.683591,0.164257,1.2754,-0.917743,-0.551319,0.576583,-0.00994882,0.0480247,-0.139962,0,0,0,0,0,0,0,0,0,0,0,0,0,0,0,0,0,0,0,0,0,0,0,0,0,0,0,0,0,-0.362817,0.173531,-0.414506,1.2432,-0.670391,0.27937,-0.880229,-0.729478,0.156952,1.05306,0.563046,-0.0979293,-0.91319,0.154794,-0.544515,-0.600075,0.38263,0.141688,-0.117091,0.10862,0.561368,0.301892,1.77824,-0.848318,-0.794147,0.737503,-0.0597872,0.112303,-0.251268,-0.299781,2.29946,-0.410913,-4.05294,2.41819,0.0233997,7.61879,0.221106,-1.98537,-8.22427,0.864983,1.23001,-4.57035,0.735508,0.0590545,-1.4644,0.754628,0.892394,1.07526,-0.0753246,-0.833069,-1.84504,-1.88334,-0.556855,0.501186,0.254825,0.111852,-0.786696,0.620277,8.2905,0.443793,4.48818,8.31862,-0.270185,6.81385,-6.50255,-3.06656,13.9318,7.23432,32.1969,-0.392649,11.8873,-17.0497,-1.099,-1.866,-2.96352,-1.23768,-0.584706,-0.0340924,0.091787,0.16486,-6.93981,-1.92527,2.567,-2.87303,0.743247,-0.121598,1.07075,0,0,0,0,0,0,0,0,0,0,0,0,0,0,0,0,0,0,0,0,0,0,0,0,0,0,0,0,0,2.55789,2.55789,2.55789,6.3088,6.3088,1.81445,2.55789,2.55789,1.81445,6.3088,6.3088,0.907223,0.907223,1.81445,1.81445,0.907223,0.907223,1.81445,1.81445,0.907223,0.907223,0.907223,0.907223,0.907223,0.907223,1.06814,1.06814,1.06814,1.06814,40.1792,40.1792,40.1792,99.0984,99.0984,28.5012,40.1792,40.1792,28.5012,99.0984,99.0984,14.2506,14.2506,28.5012,28.5012,14.2506,14.2506,28.5012,28.5012,14.2506,14.2506,14.2506,14.2506,14.2506,14.2506,16.7783,16.7783,16.7783,16.7783,0,0,0,0,0,0,0,0,0,0,0,0,0,0,0,0,0,0,0,0,0,0,0,0,0,0,0,0,0,0,0,0,0,0,0,0,0,0,0,0,0,0,0,0,0,0,0,0,0,0,0,0,0,0,0,0,0,0,0,0,0,0,0,0,0,0,0,0,0,0,0,0,0,0,0,0,0,0,0,0,0,0,0,0,0,0,0,0,0,0,0,0,0,0,0,0,0,0,0,0,0,0,0,0,0,0,0,0,0,0,0,0,0,0,0,0,0,-1.51936,-1.1236,0.565722,-2.69114,2.45202,-0.901693,-0.086538,-1.63653,-0.808012,0.259818,-1.25706,-0.60282,-1.8408,-0.314317,0.903209,-0.913374,0.164757,-0.13354,0.292276,-1.2027,1.55866,0.644619,-0.763044,0.950871,0.374522,-1.87866,1.64092,-0.58244,-0.0500171,3.97901,1.5865,-0.0187834,0.182549,0.160035,-0.417802,1.24441,-0.380539,0.52,-0.812115,-0.658537,0.417031,0.464761,1.03228,-0.00823798,-0.264383,-0.354376,-0.395462,-0.980272,0.162046,0.11395,-0.207333,0.0722589,0.683591,0.164257,1.2754,-0.917743,-0.551319,0.576583,-0.00994882,0.0480247,-0.139962,0.737,-0.901664,0.431866,-0.0222328,0.6,0,0,3,3,3
8.7372,3.77798,-0.472019,-0.935445,-1.0016,0.298251,-1.58626,-1.11916,0.61082,8.7372,3.77798,-0.472019,-0.935445,-1.0016,0.298251,-1.58626,-1.11916,0.61082,0.273305,-0.232544,-0.340424,1.38944,-0.327003,0.52,-0.981883,-0.346481,0.389674,0.528036,1.02249,0.00401117,-0.160996,-0.264037,-0.355267,-1.22888,0.367813,0.142901,-0.224026,0.0844706,0.909304,0.126579,1.40391,-0.970458,-0.657872,0.58708,-0.00806944,0.0518461,-0.186087,0,0,0,0,0,0,0,0,0,0,0,0,0,0,0,0,0,0,0,0,0,0,0,0,0,0,0,0,0,-0.357784,0.211298,-0.432657,1.19976,-0.595483,0.279607,-0.747034,-0.708908,0.15799,0.89433,0.581118,-0.0704552,-1.01157,0.154524,-0.540594,-0.623404,0.385594,0.156895,-0.124597,0.10382,0.589505,0.26764,1.75295,-0.858888,-0.774805,0.747137,-0.0562258,0.102578,-0.2349,0.928954,1.49547,-1.24594,-0.902653,3.39186,0.00702771,5.71539,1.45002,1.60243,-7.4735,0.825991,1.28756,-5.21588,-0.54581,0.236506,-0.962772,-0.231193,0.641165,-0.980967,-0.26585,1.98897,-1.50298,-0.797764,-0.537662,1.13663,0.406113,0.20012,-0.291471,0.856936,19.8157,-5.94059,3.56988,11.1843,-0.0871508,6.83871,-17.322,-1.46879,5.09536,4.11108,39.4444,-0.28996,15.1907,-13.7398,3.72265,-4.2071,-3.03731,-2.39501,-0.714232,-0.205055,-0.444955,-0.100986,-6.02479,-0.377491,2.20211,-3.3202,0.569803,-0.58521,0.696212,0,0,0,0,0,0,0,0,0,0,0,0,0,0,0,0,0,0,0,0,0,0,0,0,0,0,0,0,0,2.55789,2.55789,2.55789,6.3088,6.3088,1.81445,2.55789,2.55789,1.81445,6.3088,6.3088,0.907223,0.907223,1.81445,1.81445,0.907223,0.907223,1.81445,1.81445,0.907223,0.907223,0.907223,0.907223,0.907223,0.907223,1.06814,1.06814,1.06814,1.06814,40.1792,40.1792,40.1792,99.0984,99.0984,28.5012,40.1792,40.1792,28.5012,99.0984,99.0984,14.2506,14.2506,28.5012,28.5012,14.2506,14.2506,28.5012,28.5012,14.2506,14.2506,14.2506,14.2506,14.2506,14.2506,16.7783,16.7783,16.7783,16.7783,0,0,0,0,0,0,0,0,0,0,0,0,0,0,0,0,0,0,0,0,0,0,0,0,0,0,0,0,0,0,0,0,0,0,0,0,0,0,0,0,0,0,0,0,0,0,0,0,0,0,0,0,0,0,0,0,0,0,0,0,0,0,0,0,0,0,0,0,0,0,0,0,0,0,0,0,0,0,0,0,0,0,0,0,0,0,0,0,0,0,0,0,0,0,0,0,0,0,0,0,0,0,0,0,0,0,0,0,0,0,0,0,0,0,0,0,0,-1.58626,-1.11916,0.61082,-3.25799,2.74503,-0.810045,0.38263,-1.75672,-0.60203,0.325828,-1.50001,-0.367086,-1.87886,-0.17342,1.06896,-1.22343,0.192601,-0.108313,-0.424701,-0.632788,2.0733,0.695913,-0.621725,0.888494,0.288614,-2.49778,2.05452,-0.401995,0.102655,3.95106,1.84414,0.00914586,0.273305,-0.232544,-0.340424,1.38944,-0.327003,0.52,-0.981883,-0.346481,0.389674,0.528036,1.02249,0.00401117,-0.160996,-0.264037,-0.355267,-1.22888,0.367813,0.142901,-0.224026,0.0844706,0.909304,0.126579,1.40391,-0.970458,-0.657872,0.58708,-0.00806944,0.0518461,-0.186087,0.742,-0.899734,0.436386,0.00674686,0.6,0,0,3,3,3
6.50203,4.30595,-0.114588,-0.136872,-1.01768,-0.0559156,-1.63791,-1.11617,0.656944,6.50203,4.30595,-0.114588,-0.136872,-1.01768,-0.0559156,-1.63791,-1.11617,0.656944,0.0126741,-0.304695,0.0563456,1.29584,-0.41262,0.52,-0.906898,-0.188869,0.385608,0.54789,0.776917,0.0313954,-0.209431,-0.184391,-0.468988,-1.19907,0.462782,0.169453,-0.079882,0.0913174,0.921554,0.073968,1.38963,-0.91068,-0.644983,0.605105,-0.008757,0.0457924,-0.224096,0,0,0,0,0,0,0,0,0,0,0,0,0,0,0,0,0,0,0,0,0,0,0,0,0,0,0,0,0,-0.32703,0.219003,-0.462249,1.21629,-0.524672,0.279721,-0.68054,-0.672606,0.235514,0.777867,0.593335,-0.0488659,-1.12435,0.143765,-0.536438,-0.644769,0.386581,0.166436,-0.150026,0.102,0.668467,0.234207,1.74803,-0.874839,-0.752321,0.754668,-0.0458196,0.0952761,-0.223787,2.23235,-0.345862,-1.62645,1.86955,3.14445,0.00619321,1.94842,1.89305,4.92358,-4.673,0.466178,0.868005,-5.84356,-0.817816,0.174225,-1.1947,0.233158,0.430497,-1.04494,-0.0818545,4.41945,-1.59516,0.151667,-1.03432,1.21439,0.446502,0.660641,-0.378796,0.499674,19.0464,-17.575,8.89703,6.58936,-0.217286,6.83791,-17.4384,8.33725,-4.12493,5.0879,39.5139,-0.0540705,18.8516,-10.3823,4.84565,-7.29357,-0.448355,-1.42983,-0.118842,-0.18075,-0.506393,-0.0923563,-4.96668,-0.498558,0.301841,-3.26651,-0.0635891,-0.319343,0.112398,0,0,0,0,0,0,0,0,0,0,0,0,0,0,0,0,0,0,0,0,0,0,0,0,0,0,0,0,0,2.55789,2.55789,2.55789,6.3088,6.3088,1.81445,2.55789,2.55789,1.81445,6.3088,6.3088,0.907223,0.907223,1.81445,1.81445,0.907223,0.907223,1.81445,1.81445,0.907223,0.907223,0.907223,0.907223,0.907223,0.907223,1.06814,1.06814,1.06814,1.06814,40.1792,40.1792,40.1792,99.0984,99.0984,28.5012,40.1792,40.1792,28.5012,99.0984,99.0984,14.2506,14.2506,28.5012,28.5012,14.2506,14.2506,28.5012,28.5012,14.2506,14.2506,14.2506,14.2506,14.2506,14.2506,16.7783,16.7783,16.7783,16.7783,0,0,0,0,0,0,0,0,0,0,0,0,0,0,0,0,0,0,0,0,0,0,0,0,0,0,0,0,0,0,0,0,0,0,0,0,0,0,0,0,0,0,0,0,0,0,0,0,0,0,0,0,0,0,0,0,0,0,0,0,0,0,0,0,0,0,0,0,0,0,0,0,0,0,0,0,0,0,0,0,0,0,0,0,0,0,0,0,0,0,0,0,0,0,0,0,0,0,0,0,0,0,0,0,0,0,0,0,0,0,0,0,0,0,0,0,0,-1.63791,-1.11617,0.656944,-3.19001,2.71247,-1.06934,0.599169,-1.62042,-0.42043,0.38637,-1.47063,-0.477522,-1.5502,0.0685164,0.592962,-1.08648,0.208213,-0.117542,-0.556473,-0.344937,2.10123,0.614656,0.102906,0.879225,0.168654,-3.00796,1.78759,-0.345376,-0.141505,3.25076,1.76363,0.0715846,0.0126741,-0.304695,0.0563456,1.29584,-0.41262,0.52,-0.906898,-0.188869,0.385608,0.54789,0.776917,0.0313954,-0.209431,-0.184391,-0.468988,-1.19907,0.462782,0.169453,-0.079882,0.0913174,0.921554,0.073968,1.38963,-0.91068,-0.644983,0.605105,-0.008757,0.0457924,-0.224096,0.635,-0.898426,0.438136,0.0294502,0.6,0,0,3,1.96682,3
4.61135,2.1889,-1.66857,0.345118,-0.772962,-0.521848,-1.67428,-1.12246,0.700043,4.61135,2.1889,-1.66857,0.345118,-0.772962,-0.521848,-1.67428,-1.12246,0.700043,-0.17213,-0.357548,0.408403,1.12781,-0.307719,0.52,-0.677014,0.103675,0.293314,0.472399,0.601708,-0.00206171,-0.304088,-0.0528867,-0.553163,-1.13464,0.580276,0.234498,0.0397334,0.107766,0.816293,-0.0156888,1.24013,-0.742548,-0.57934,0.621102,-0.00997596,0.0409637,-0.240574,0,0,0,0,0,0,0,0,0,0,0,0,0,0,0,0,0,0,0,0,0,0,0,0,0,0,0,0,0,-0.28138,0.216851,-0.45718,1.2472,-0.492379,0.280059,-0.675773,-0.633488,0.344635,0.704934,0.588867,-0.0310072,-1.2444,0.133336,-0.533518,-0.674638,0.404602,0.175877,-0.14607,0.102459,0.741642,0.196085,1.75119,-0.897662,-0.729488,0.758128,-0.0349288,0.0872641,-0.223494,2.21699,0.089319,1.44285,1.30666,1.30457,0.018755,-0.55841,1.81379,5.18964,-2.99499,-0.493756,0.855043,-5.92698,-0.590026,0.110677,-1.8022,1.25918,0.436283,0.946657,-0.0161061,3.28447,-1.89849,0.256652,-1.36695,1.63158,0.529576,0.468556,-0.564239,-0.147503,6.31358,-21.1299,17.4643,-3.33408,-0.332906,6.80421,-8.10987,13.2061,-8.2446,3.50658,21.6087,0.119051,20.0074,-8.16161,1.63046,-5.94427,-0.241469,-0.962984,0.386726,-0.160882,-0.37168,-0.0378869,-5.33059,0.972724,-0.126344,-3.02124,-0.0630141,-0.0991912,0.164024,0,0,0,0,0,0,0,0,0,0,0,0,0,0,0,0,0,0,0,0,0,0,0,0,0,0,0,0,0,2.55789,2.55789,2.55789,6.3088,6.3088,1.81445,2.55789,2.55789,1.81445,6.3088,6.3088,0.907223,0.907223,1.81445,1.81445,0.907223,0.907223,1.81445,1.81445,0.907223,0.907223,0.907223,0.907223,0.907223,0.907223,1.06814,1.06814,1.06814,1.06814,40.1792,40.1792,40.1792,99.0984,99.0984,28.5012,40.1792,40.1792,28.5012,99.0984,99.0984,14.2506,14.2506,28.5012,28.5012,14.2506,14.2506,28.5012,28.5012,14.2506,14.2506,14.2506,14.2506,14.2506,14.2506,16.7783,16.7783,16.7783,16.7783,0,0,0,0,0,0,0,0,0,0,0,0,0,0,0,0,0,0,0,0,0,0,0,0,0,0,0,0,0,0,0,0,0,0,0,0,0,0,0,0,0,0,0,0,0,0,0,0,0,0,0,0,0,0,0,0,0,0,0,0,0,0,0,0,0,0,0,0,0,0,0,0,0,0,0,0,0,0,0,0,0,0,0,0,0,0,0,0,0,0,0,0,0,0,0,0,0,0,0,0,0,0,0,0,0,0,0,0,0,0,0,0,0,0,0,0,0,-1.67428,-1.12246,0.700043,-3.0431,2.37159,-1.26127,0.867067,-1.23706,-0.120587,0.534678,-1.32095,-0.69335,-1.27746,0.283241,0.255448,-0.666636,0.245716,-0.133904,-0.652999,0.189345,1.86123,0.549842,0.745878,0.668785,-0.035772,-3.22914,1.30841,-0.560658,0.157648,2.75111,1.43775,-0.0047009,-0.17213,-0.357548,0.408403,1.12781,-0.307719,0.52,-0.677014,0.103675,0.293314,0.472399,0.601708,-0.00206171,-0.304088,-0.0528867,-0.553163,-1.13464,0.580276,0.234498,0.0397334,0.107766,0.816293,-0.0156888,1.24013,-0.742548,-0.57934,0.621102,-0.00997596,0.0409637,-0.240574,0.813,-0.90117,0.431146,0.0447748,0.6,0,0,3,1.96682,3
0.714635,2.04929,3.38194,0.603152,-0.0735943,-0.7233,-1.68416,-1.13578,0.722227,0.714635,2.04929,3.38194,0.603152,-0.0735943,-0.7233,-1.68416,-1.13578,0.722227,-0.0110354,-0.325383,0.433443,1.00615,-0.0950911,0.466421,-0.524687,0.339793,0.101115,0.484569,0.611321,-0.0654103,-0.367233,0.0457082,-0.448207,-1.10664,0.657373,0.2618,0.0380993,0.0858203,0.631455,-0.0453107,1.07874,-0.589109,-0.480555,0.622421,-0.0125363,0.042951,-0.217339,0,0,0,0,0,0,0,0,0,0,0,0,0,0,0,0,0,0,0,0,0,0,0,0,0,0,0,0,0,-0.24071,0.237708,-0.388253,1.24546,-0.442936,0.280498,-0.686916,-0.589612,0.437269,0.641918,0.57216,-0.022889,-1.3592,0.121702,-0.531919,-0.715128,0.441518,0.191767,-0.107645,0.104052,0.773431,0.143366,1.74736,-0.920369,-0.691926,0.767368,-0.0277753,0.0775526,-0.230319,1.85659,1.59744,4.55347,-0.875424,2.23373,0.0173593,-0.222653,2.4001,3.92808,-3.16739,-0.901142,0.168588,-5.47792,-0.730268,0.062695,-2.26869,2.10123,0.878513,2.33172,0.0753586,0.944159,-2.67266,-0.49655,-1.18599,2.72468,0.882508,0.319083,-0.480776,-0.288604,-1.89803,-27.7669,21.046,-6.93312,-0.74091,6.79215,1.24487,21.926,-11.3469,2.80537,8.57139,0.12595,19.9452,-3.78738,-0.715706,-4.01719,0.147455,-0.316708,0.129942,-0.0119274,-0.248603,0.146848,-6.87213,3.52923,-0.672772,-3.27894,-0.0384581,-0.0837342,0.177421,0,0,0,0,0,0,0,0,0,0,0,0,0,0,0,0,0,0,0,0,0,0,0,0,0,0,0,0,0,2.55789,2.55789,2.55789,6.3088,6.3088,1.81445,2.55789,2.55789,1.81445,6.3088,6.3088,0.907223,0.907223,1.81445,1.81445,0.907223,0.907223,1.81445,1.81445,0.907223,0.907223,0.907223,0.907223,0.907223,0.907223,1.06814,1.06814,1.06814,1.06814,40.1792,40.1792,40.1792,99.0984,99.0984,28.5012,40.1792,40.1792,28.5012,99.0984,99.0984,14.2506,14.2506,28.5012,28.5012,14.2506,14.2506,28.5012,28.5012,14.2506,14.2506,14.2506,14.2506,14.2506,14.2506,16.7783,16.7783,16.7783,16.7783,0,0,0,0,0,0,0,0,0,0,0,0,0,0,0,0,0,0,0,0,0,0,0,0,0,0,0,0,0,0,0,0,0,0,0,0,0,0,0,0,0,0,0,0,0,0,0,0,0,0,0,0,0,0,0,0,0,0,0,0,0,0,0,0,0,0,0,0,0,0,0,0,0,0,0,0,0,0,0,0,0,0,0,0,0,0,0,0,0,0,0,0,0,0,0,0,0,0,0,0,0,0,0,0,0,0,0,0,0,0,0,0,0,0,0,0,0,-1.68416,-1.13578,0.722227,-2.97927,2.0036,-1.02196,1.04286,-0.887208,0.104219,0.665299,-1.09571,-0.837329,-1.28119,0.300944,0.54966,-0.388436,0.195679,-0.168271,-0.594257,0.620574,1.43978,0.576517,0.79161,0.230553,-0.103313,-2.91726,0.961478,-0.525951,0.76401,2.77852,1.06349,-0.149142,-0.0110354,-0.325383,0.433443,1.00615,-0.0950911,0.466421,-0.524687,0.339793,0.101115,0.484569,0.611321,-0.0654103,-0.367233,0.0457082,-0.448207,-1.10664,0.657373,0.2618,0.0380993,0.0858203,0.631455,-0.0453107,1.07874,-0.589109,-0.480555,0.622421,-0.0125363,0.042951,-0.217339,0.649,-0.906263,0.419975,0.0480466,0.6,0,0,3,1.38727,3
-0.681754,-0.233796,5.00498,0.569276,0.772133,-0.948046,-1.6597,-1.15403,0.708078,-0.681754,-0.233796,5.00498,0.569276,0.772133,-0.948046,-1.6597,-1.15403,0.708078,0.264985,-0.244797,0.337636,0.891029,0.0210923,0.42352,-0.552397,0.326186,0.0128766,0.576616,0.62873,-0.10595,-0.393274,0.0508923,-0.292956,-1.06742,0.583279,0.2618,0.0125541,0.0667007,0.546951,-0.0657309,1.04272,-0.57979,-0.413454,0.616558,-0.0152617,0.0494607,-0.193929,0,0,0,0,0,0,0,0,0,0,0,0,0,0,0,0,0,0,0,0,0,0,0,0,0,0,0,0,0,-0.188415,0.278439,-0.287833,1.20252,-0.351295,0.279693,-0.668491,-0.532085,0.490226,0.58743,0.557966,-0.033993,-1.46096,0.096321,-0.530042,-0.759555,0.489103,0.212533,-0.0640798,0.100102,0.755267,0.0920508,1.72126,-0.943937,-0.663279,0.773381,-0.0437238,0.0780923,-0.242947,2.70164,2.10145,5.12219,-2.69034,4.17211,-0.0678804,1.20022,3.08817,1.59295,-2.21766,-0.556311,-0.843675,-4.75829,-1.2315,0.11968,-2.1661,2.85674,1.02923,1.79184,-0.291496,-1.62226,-2.37123,-1.8193,-0.71351,-0.126538,-0.543579,-0.832996,0.236615,-0.635894,0.584972,-29.6533,16.2394,-3.55727,-0.816757,5.43857,3.07242,27.4074,-14.2648,3.88107,8.88365,0.288385,19.9131,0.835193,2.14936,-2.98095,-0.0133602,-0.305869,-0.490348,0.0884614,-0.347179,0.200562,-7.82419,5.65565,2.30518,-2.1579,1.49619,-0.767472,1.15597,0,0,0,0,0,0,0,0,0,0,0,0,0,0,0,0,0,0,0,0,0,0,0,0,0,0,0,0,0,2.55789,2.55789,2.55789,6.3088,6.3088,1.81445,2.55789,2.55789,1.81445,6.3088,6.3088,0.907223,0.907223,1.81445,1.81445,0.907223,0.907223,1.81445,1.81445,0.907223,0.907223,0.907223,0.907223,0.907223,0.907223,1.06814,1.06814,1.06814,1.06814,40.1792,40.1792,40.1792,99.0984,99.0984,28.5012,40.1792,40.1792,28.5012,99.0984,99.0984,14.2506,14.2506,28.5012,28.5012,14.2506,14.2506,28.5012,28.5012,14.2506,14.2506,14.2506,14.2506,14.2506,14.2506,16.7783,16.7783,16.7783,16.7783,0,0,0,0,0,0,0,0,0,0,0,0,0,0,0,0,0,0,0,0,0,0,0,0,0,0,0,0,0,0,0,0,0,0,0,0,0,0,0,0,0,0,0,0,0,0,0,0,0,0,0,0,0,0,0,0,0,0,0,0,0,0,0,0,0,0,0,0,0,0,0,0,0,0,0,0,0,0,0,0,0,0,0,0,0,0,0,0,0,0,0,0,0,0,0,0,0,0,0,0,0,0,0,0,0,0,0,0,0,0,0,0,0,0,0,0,0,-1.6597,-1.15403,0.708078,-2.88985,1.9215,-0.667969,0.873914,-0.865959,0.11604,0.616652,-0.942717,-0.896704,-1.33944,0.222257,1.05376,-0.439045,0.152084,-0.204853,-0.44708,0.595723,1.2471,0.663895,0.616635,0.0293599,-0.149873,-2.60304,0.63317,-0.263457,1.09534,2.82817,0.965667,-0.241577,0.264985,-0.244797,0.337636,0.891029,0.0210923,0.42352,-0.552397,0.326186,0.0128766,0.576616,0.62873,-0.10595,-0.393274,0.0508923,-0.292956,-1.06742,0.583279,0.2618,0.0125541,0.0667007,0.546951,-0.0657309,1.04272,-0.57979,-0.413454,0.616558,-0.0152617,0.0494607,-0.193929,0.658,-0.914403,0.403207,0.0359405,0.6,0,0,3,1.38727,3
1.90302,5.06922,3.74608,0.736812,1.43874,-1.00221,-1.59673,-1.17546,0.652883,1.90302,5.06922,3.74608,0.736812,1.43874,-1.00221,-1.59673,-1.17546,0.652883,0.260939,-0.0927059,0.240284,0.823829,-0.0191289,0.52,-0.55206,0.168166,0.0477923,0.760412,0.611484,-0.109151,-0.383104,0.00801385,-0.202619,-1.00826,0.403228,0.185596,0.018984,0.0814655,0.599256,-0.0748293,1.1754,-0.646101,-0.427756,0.613744,-0.0140763,0.0545783,-0.19246,0,0,0,0,0,0,0,0,0,0,0,0,0,0,0,0,0,0,0,0,0,0,0,0,0,0,0,0,0,-0.110953,0.312892,-0.192822,1.12991,-0.251753,0.277606,-0.639556,-0.464345,0.485866,0.557642,0.551542,-0.0695071,-1.55309,0.0592312,-0.527363,-0.80019,0.54674,0.236316,-0.0397681,0.0934678,0.708364,0.0495031,1.67522,-0.964078,-0.629805,0.77406,-0.0425485,0.0757742,-0.243135,4.36421,1.2444,4.43327,-3.94821,4.41842,-0.113443,0.598389,3.86775,-2.08431,-1.83606,-0.0825457,-3.00392,-4.64024,-2.08039,0.140913,-1.88628,2.9627,1.2131,0.781946,-0.284964,-2.53898,-1.85932,-2.3806,-0.841038,1.96678,-0.153776,-0.636645,-0.0806058,-0.183684,4.5731,-25.8728,10.0853,0.34578,-0.51867,4.36195,1.5966,22.5334,-10.519,12.6974,8.29874,2.10638,20.6284,3.34761,6.44316,-2.13378,-2.1004,-1.3932,-0.0817199,-0.0897514,-0.0244213,0.0637558,-6.99437,6.08333,1.25394,-2.47065,0.81401,-0.332646,0.826091,0,0,0,0,0,0,0,0,0,0,0,0,0,0,0,0,0,0,0,0,0,0,0,0,0,0,0,0,0,2.55789,2.55789,2.55789,6.3088,6.3088,1.81445,2.55789,2.55789,1.81445,6.3088,6.3088,0.907223,0.907223,1.81445,1.81445,0.907223,0.907223,1.81445,1.81445,0.907223,0.907223,0.907223,0.907223,0.907223,0.907223,1.06814,1.06814,1.06814,1.06814,40.1792,40.1792,40.1792,99.0984,99.0984,28.5012,40.1792,40.1792,28.5012,99.0984,99.0984,14.2506,14.2506,28.5012,28.5012,14.2506,14.2506,28.5012,28.5012,14.2506,14.2506,14.2506,14.2506,14.2506,14.2506,16.7783,16.7783,16.7783,16.7783,0,0,0,0,0,0,0,0,0,0,0,0,0,0,0,0,0,0,0,0,0,0,0,0,0,0,0,0,0,0,0,0,0,0,0,0,0,0,0,0,0,0,0,0,0,0,0,0,0,0,0,0,0,0,0,0,0,0,0,0,0,0,0,0,0,0,0,0,0,0,0,0,0,0,0,0,0,0,0,0,0,0,0,0,0,0,0,0,0,0,0,0,0,0,0,0,0,0,0,0,0,0,0,0,0,0,0,0,0,0,0,0,0,0,0,0,0,-1.59673,-1.17546,0.652883,-2.75494,2.224,-0.461991,0.46338,-1.01716,0.0182724,0.423177,-0.975327,-0.873514,-1.32477,0.184482,1.04638,-0.438429,0.18575,-0.188942,-0.169311,0.307127,1.36636,0.732587,0.438838,0.108971,-0.170618,-2.58332,0.441533,0.260685,0.980635,2.77899,1.18716,-0.248875,0.260939,-0.0927059,0.240284,0.823829,-0.0191289,0.52,-0.55206,0.168166,0.0477923,0.760412,0.611484,-0.109151,-0.383104,0.00801385,-0.202619,-1.00826,0.403228,0.185596,0.018984,0.0814655,0.599256,-0.0748293,1.1754,-0.646101,-0.427756,0.613744,-0.0140763,0.0545783,-0.19246,0.661,-0.922868,0.384988,0.00998671,0.6,0,0,3,3,3
3.98771,0.820376,1.95161,0.961087,1.66436,-0.862598,-1.4976,-1.19293,0.566035,3.98771,0.820376,1.95161,0.961087,1.66436,-0.862598,-1.4976,-1.19293,0.566035,0.256945,0.194014,0.0570579,0.860084,-0.0697337,0.52,-0.678371,-0.0874819,0.125587,0.872554,0.582406,-0.0857182,-0.325954,-0.058947,-0.177966,-1.01851,0.345529,0.131163,-0.0396853,0.0798051,0.646749,-0.0656466,1.36655,-0.728108,-0.474428,0.608206,-0.0134066,0.0641098,-0.200461,0,0,0,0,0,0,0,0,0,0,0,0,0,0,0,0,0,0,0,0,0,0,0,0,0,0,0,0,0,-0.0237236,0.325587,-0.125419,1.05112,-0.187552,0.277524,-0.638605,-0.378202,0.415278,0.563141,0.547976,-0.107815,-1.63417,0.00919841,-0.521454,-0.83849,0.602929,0.251492,-0.0285165,0.0964371,0.672313,0.0195838,1.63506,-0.978675,-0.600462,0.763586,-0.0451465,0.073106,-0.243063,4.09559,0.213896,2.34897,-3.81298,2.72126,0.0523546,0.329937,4.38755,-3.99731,1.99508,-0.245801,-0.702003,-3.35593,-2.66788,0.541066,-1.98807,2.53321,0.485308,0.453598,0.238212,-1.36046,-1.25457,-2.02925,-0.832023,1.8256,-0.385412,-0.109123,-0.144258,0.189062,1.03372,-17.55,8.33533,1.1113,-0.511854,6.82765,3.0089,11.0233,-3.46625,8.95732,7.79458,0.778538,20.9205,4.70086,8.25277,-0.708474,-5.15515,-2.82223,0.517151,-0.431849,0.215427,-0.204302,-4.82258,5.36399,0.790149,-2.07403,0.00486522,-0.109046,0.350855,0,0,0,0,0,0,0,0,0,0,0,0,0,0,0,0,0,0,0,0,0,0,0,0,0,0,0,0,0,2.55789,2.55789,2.55789,6.3088,6.3088,1.81445,2.55789,2.55789,1.81445,6.3088,6.3088,0.907223,0.907223,1.81445,1.81445,0.907223,0.907223,1.81445,1.81445,0.907223,0.907223,0.907223,0.907223,0.907223,0.907223,1.06814,1.06814,1.06814,1.06814,40.1792,40.1792,40.1792,99.0984,99.0984,28.5012,40.1792,40.1792,28.5012,99.0984,99.0984,14.2506,14.2506,28.5012,28.5012,14.2506,14.2506,28.5012,28.5012,14.2506,14.2506,14.2506,14.2506,14.2506,14.2506,16.7783,16.7783,16.7783,16.7783,0,0,0,0,0,0,0,0,0,0,0,0,0,0,0,0,0,0,0,0,0,0,0,0,0,0,0,0,0,0,0,0,0,0,0,0,0,0,0,0,0,0,0,0,0,0,0,0,0,0,0,0,0,0,0,0,0,0,0,0,0,0,0,0,0,0,0,0,0,0,0,0,0,0,0,0,0,0,0,0,0,0,0,0,0,0,0,0,0,0,0,0,0,0,0,0,0,0,0,0,0,0,0,0,0,0,0,0,0,0,0,0,0,0,0,0,0,-1.4976,-1.19293,0.566035,-2.77832,2.65985,-0.405781,0.331822,-1.20414,-0.134405,0.299066,-1.08174,-0.743209,-1.45855,0.110151,1.03908,-0.669114,0.181964,-0.179953,0.354334,-0.159771,1.47465,0.860524,0.104207,0.286351,-0.149681,-2.69072,0.544924,0.580485,0.836323,2.69607,1.38933,-0.195446,0.256945,0.194014,0.0570579,0.860084,-0.0697337,0.52,-0.678371,-0.0874819,0.125587,0.872554,0.582406,-0.0857182,-0.325954,-0.058947,-0.177966,-1.01851,0.345529,0.131163,-0.0396853,0.0798051,0.646749,-0.0656466,1.36655,-0.728108,-0.474428,0.608206,-0.0134066,0.0641098,-0.200461,0.652,-0.929453,0.367954,-0.0269795,0.6,0,0,3,3,3
24.2619,-14.2415,-2.4688,0.503734,0.187659,-0.186079,-1.42747,-1.20039,0.508805,24.2619,-14.2415,-2.4688,0.503734,0.187659,-0.186079,-1.42747,-1.20039,0.508805,0.330626,0.423187,-0.260109,1.04555,-0.0768156,0.52,-1.14865,-0.392809,0.216966,0.932269,0.72231,0.0481011,-0.180633,-0.255588,-0.332316,-1.18458,0.465623,0.143787,-0.2618,0.0700577,0.71411,0.05488,1.59233,-0.956292,-0.631039,0.580701,-0.0159335,0.0773435,-0.232784,0,0,0,0,0,0,0,0,0,0,0,0,0,0,0,0,0,0,0,0,0,0,0,0,0,0,0,0,0,0.0334789,0.278606,-0.111883,0.997318,-0.155336,0.278726,-0.625007,-0.354563,0.35243,0.635009,0.542407,-0.105017,-1.66276,-0.0469202,-0.521461,-0.877581,0.651448,0.24603,-0.0240203,0.0984342,0.663607,-0.000670739,1.62471,-0.985373,-0.581294,0.741358,-0.0490509,0.0702704,-0.244591,2.0491,-3.94439,0.29107,-2.14159,1.34832,0.0572269,0.911575,-1.00965,-1.92824,4.13033,-0.245836,0.42228,-0.337303,-2.59191,-0.127397,-1.90127,1.92453,-0.659491,0.0744889,-0.0432592,-0.0882663,-0.938571,0.215988,-0.252599,0.991239,-1.13112,-0.330336,-0.113912,-0.137226,3.4567,6.16949,6.38131,-0.219599,-0.00101252,6.77167,-4.48976,12.7199,-2.63308,-1.74226,5.5579,-0.0971801,19.4345,4.4651,10.0772,-0.307103,-6.15304,-2.11407,-0.717911,-0.246998,-0.149879,-0.0909535,-3.7878,3.91229,0.563989,-1.08068,0.851514,0.0200968,0.788545,0,0,0,0,0,0,0,0,0,0,0,0,0,0,0,0,0,0,0,0,0,0,0,0,0,0,0,0,0,2.55789,2.55789,2.55789,6.3088,6.3088,1.81445,2.55789,2.55789,1.81445,6.3088,6.3088,0.907223,0.907223,1.81445,1.81445,0.907223,0.907223,1.81445,1.81445,0.907223,0.907223,0.907223,0.907223,0.907223,0.907223,1.06814,1.06814,1.06814,1.06814,40.1792,40.1792,40.1792,99.0984,99.0984,28.5012,40.1792,40.1792,28.5012,99.0984,99.0984,14.2506,14.2506,28.5012,28.5012,14.2506,14.2506,28.5012,28.5012,14.2506,14.2506,14.2506,14.2506,14.2506,14.2506,16.7783,16.7783,16.7783,16.7783,0,0,0,0,0,0,0,0,0,0,0,0,0,0,0,0,0,0,0,0,0,0,0,0,0,0,0,0,0,0,0,0,0,0,0,0,0,0,0,0,0,0,0,0,0,0,0,0,0,0,0,0,0,0,0,0,0,0,0,0,0,0,0,0,0,0,0,0,0,0,0,0,0,0,0,0,0,0,0,0,0,0,0,0,0,0,0,0,0,0,0,0,0,0,0,0,0,0,0,0,0,0,0,0,0,0,0,0,0,0,0,0,0,0,0,0,0,-1.42747,-1.20039,0.508805,-3.15698,3.17464,-0.757713,0.605648,-1.72442,-0.582767,0.327849,-1.43883,-0.411861,-2.07495,-0.259038,1.17365,-1.52799,0.159738,-0.21387,0.772878,-0.717399,1.62824,1.03816,-0.475044,0.494704,0.125132,-3.12458,1.07384,0.750778,0.816127,3.09504,1.56769,0.109675,0.330626,0.423187,-0.260109,1.04555,-0.0768156,0.52,-1.14865,-0.392809,0.216966,0.932269,0.72231,0.0481011,-0.180633,-0.255588,-0.332316,-1.18458,0.465623,0.143787,-0.2618,0.0700577,0.71411,0.05488,1.59233,-0.956292,-0.631039,0.580701,-0.0159335,0.0773435,-0.232784,0.814,-0.932181,0.358282,-0.0517044,0.6,0,0,3,3,3
12.5377,2.26828,-3.48458,0.526947,-0.398939,-0.206489,-1.4238,-1.20433,0.515064,12.5377,2.26828,-3.48458,0.526947,-0.398939,-0.206489,-1.4238,-1.20433,0.515064,0.367957,0.492427,-0.337995,1.15321,-0.110407,0.52,-1.38962,-0.479333,0.230389,1.11912,0.804434,0.191809,-0.0849202,-0.375103,-0.355234,-1.30675,0.632648,0.192417,-0.2618,0.05631,0.767531,0.120275,1.82046,-1.10988,-0.701378,0.575239,-0.021284,0.0908166,-0.260001,0,0,0,0,0,0,0,0,0,0,0,0,0,0,0,0,0,0,0,0,0,0,0,0,0,0,0,0,0,0.0345744,0.199841,-0.117727,0.987517,-0.135377,0.279402,-0.628878,-0.394738,0.316674,0.726771,0.545376,-0.0734477,-1.64816,-0.0772877,-0.520322,-0.906651,0.68477,0.237343,-0.0604109,0.0930408,0.685943,0.00751906,1.64546,-0.988438,-0.571972,0.715476,-0.044833,0.0693701,-0.243213,-0.713758,-3.61137,-0.427088,0.352011,0.885249,0.0201704,-0.593159,-2.49938,-1.74809,4.6195,0.310559,2.02402,1.37021,-1.18514,0.359139,-1.27878,1.31709,-0.250485,-2.60704,-0.133546,1.183,0.912507,1.65729,-0.390467,0.0341338,-1.13262,0.146612,0.0242681,0.0327052,13.6019,18.2059,-4.57516,4.13281,0.240977,6.81825,-19.38,6.1004,0.250493,-8.2276,15.6725,-0.0468982,19.8072,-2.99617,4.92125,-2.84767,-4.38465,-2.19501,-1.22768,-0.170412,-0.710239,-0.106723,-2.12573,0.649724,-0.910873,-0.961289,0.261419,0.13674,0.116252,0,0,0,0,0,0,0,0,0,0,0,0,0,0,0,0,0,0,0,0,0,0,0,0,0,0,0,0,0,2.55789,2.55789,2.55789,6.3088,6.3088,1.81445,2.55789,2.55789,1.81445,6.3088,6.3088,0.907223,0.907223,1.81445,1.81445,0.907223,0.907223,1.81445,1.81445,0.907223,0.907223,0.907223,0.907223,0.907223,0.907223,1.06814,1.06814,1.06814,1.06814,40.1792,40.1792,40.1792,99.0984,99.0984,28.5012,40.1792,40.1792,28.5012,99.0984,99.0984,14.2506,14.2506,28.5012,28.5012,14.2506,14.2506,28.5012,28.5012,14.2506,14.2506,14.2506,14.2506,14.2506,14.2506,16.7783,16.7783,16.7783,16.7783,0,0,0,0,0,0,0,0,0,0,0,0,0,0,0,0,0,0,0,0,0,0,0,0,0,0,0,0,0,0,0,0,0,0,0,0,0,0,0,0,0,0,0,0,0,0,0,0,0,0,0,0,0,0,0,0,0,0,0,0,0,0,0,0,0,0,0,0,0,0,0,0,0,0,0,0,0,0,0,0,0,0,0,0,0,0,0,0,0,0,0,0,0,0,0,0,0,0,0,0,0,0,0,0,0,0,0,0,0,0,0,0,0,0,0,0,0,-1.4238,-1.20433,0.515064,-3.43555,3.69481,-0.809968,0.986481,-2.07462,-0.855272,0.438729,-1.59921,-0.193627,-2.48073,-0.332354,1.24182,-1.96808,0.128393,-0.285688,0.899334,-0.875421,1.75005,1.219,-0.617289,0.52531,0.274239,-3.48991,1.38085,1.28362,0.720333,3.32923,1.91662,0.437344,0.367957,0.492427,-0.337995,1.15321,-0.110407,0.52,-1.38962,-0.479333,0.230389,1.11912,0.804434,0.191809,-0.0849202,-0.375103,-0.355234,-1.30675,0.632648,0.192417,-0.2618,0.05631,0.767531,0.120275,1.82046,-1.10988,-0.701378,0.575239,-0.021284,0.0908166,-0.260001,0.7,-0.933599,0.354457,-0.0524815,0.6,0,0,3,3,3
8.3972,1.09796,-3.39197,0.783577,-0.887935,-0.570171,-1.44487,-1.21477,0.552141,8.3972,1.09796,-3.39197,0.783577,-0.887935,-0.570171,-1.44487,-1.21477,0.552141,0.205822,0.685268,-0.477834,1.03345,-0.12234,0.52,-1.47677,-0.524197,0.200304,1.33203,0.762618,0.284824,-0.0978225,-0.490054,-0.445612,-1.23388,0.707864,0.232635,-0.2618,0.0692339,0.761561,0.223525,1.80482,-1.05604,-0.640056,0.563193,-0.0243889,0.0908235,-0.280354,0,0,0,0,0,0,0,0,0,0,0,0,0,0,0,0,0,0,0,0,0,0,0,0,0,0,0,0,0,0.0119121,0.13921,-0.12906,1.01429,-0.129344,0.279618,-0.65191,-0.453556,0.272314,0.832578,0.55409,-0.0046418,-1.60317,-0.100114,-0.503902,-0.935762,0.708402,0.236466,-0.110293,0.085988,0.712801,0.0366779,1.69651,-1.01233,-0.580631,0.698878,-0.03902,0.0722282,-0.244906,-1.11442,-2.59636,-0.506108,1.70954,0.250958,0.00631918,-1.31686,-3.13148,-3.36816,4.7269,0.459607,3.72458,2.76569,-1.22931,1.05621,-1.72806,1.14869,0.0383979,-2.25387,-0.321342,1.3003,1.52919,3.10476,-1.73414,-0.627246,-0.481885,0.376892,0.0696113,-0.130085,17.1658,20.824,-7.0376,3.37537,0.311134,6.83895,-26.3496,6.87728,4.17611,-1.6604,22.0769,-0.924668,19.257,-5.71286,2.41198,-3.85936,-2.11076,-1.33948,-0.253233,-0.123425,-0.399207,-0.182919,-0.894541,0.0625482,-1.20641,-1.52983,-0.0429085,0.161057,-0.120147,0,0,0,0,0,0,0,0,0,0,0,0,0,0,0,0,0,0,0,0,0,0,0,0,0,0,0,0,0,2.55789,2.55789,2.55789,6.3088,6.3088,1.81445,2.55789,2.55789,1.81445,6.3088,6.3088,0.907223,0.907223,1.81445,1.81445,0.907223,0.907223,1.81445,1.81445,0.907223,0.907223,0.907223,0.907223,0.907223,0.907223,1.06814,1.06814,1.06814,1.06814,40.1792,40.1792,40.1792,99.0984,99.0984,28.5012,40.1792,40.1792,28.5012,99.0984,99.0984,14.2506,14.2506,28.5012,28.5012,14.2506,14.2506,28.5012,28.5012,14.2506,14.2506,14.2506,14.2506,14.2506,14.2506,16.7783,16.7783,16.7783,16.7783,0,0,0,0,0,0,0,0,0,0,0,0,0,0,0,0,0,0,0,0,0,0,0,0,0,0,0,0,0,0,0,0,0,0,0,0,0,0,0,0,0,0,0,0,0,0,0,0,0,0,0,0,0,0,0,0,0,0,0,0,0,0,0,0,0,0,0,0,0,0,0,0,0,0,0,0,0,0,0,0,0,0,0,0,0,0,0,0,0,0,0,0,0,0,0,0,0,0,0,0,0,0,0,0,0,0,0,0,0,0,0,0,0,0,0,0,0,-1.44487,-1.21477,0.552141,-3.26939,3.65916,-1.01604,1.15798,-1.95187,-1.11737,0.530432,-1.45939,-0.223045,-2.62543,-0.494043,0.945714,-2.12725,0.15786,-0.327364,1.25152,-0.957356,1.73644,1.21909,-0.872682,0.456712,0.50966,-3.7631,1.03932,1.8908,0.686302,3.20998,2.20076,0.649428,0.205822,0.685268,-0.477834,1.03345,-0.12234,0.52,-1.47677,-0.524197,0.200304,1.33203,0.762618,0.284824,-0.0978225,-0.490054,-0.445612,-1.23388,0.707864,0.232635,-0.2618,0.0692339,0.761561,0.223525,1.80482,-1.05604,-0.640056,0.563193,-0.0243889,0.0908235,-0.280354,0.652,-0.937289,0.345793,-0.0437763,0.6,0,0,3,3,3
9.1088,2.05871,-0.76593,1.17227,-0.426547,-0.891306,-1.44275,-1.23136,0.572352,9.1088,2.05871,-0.76593,1.17227,-0.426547,-0.891306,-1.44275,-1.23136,0.572352,0.0396711,0.854887,-0.621933,0.914521,-0.171782,0.52,-1.46507,-0.534229,0.180097,1.4704,0.69772,0.32864,-0.122252,-0.48947,-0.433414,-1.1045,0.746122,0.255158,-0.2618,0.0745398,0.717378,0.304329,1.7539,-0.998998,-0.568818,0.551067,-0.0267376,0.0772587,-0.276051,0,0,0,0,0,0,0,0,0,0,0,0,0,0,0,0,0,0,0,0,0,0,0,0,0,0,0,0,0,-0.0161405,0.096541,-0.14019,1.03145,-0.127054,0.279645,-0.698821,-0.508939,0.194924,0.945539,0.559789,0.0645499,-1.53381,-0.117388,-0.492219,-0.96808,0.745999,0.245916,-0.157198,0.0817007,0.729514,0.083451,1.76411,-1.03762,-0.609508,0.676838,-0.0370463,0.076012,-0.256959,-1.40365,-1.69517,-0.626811,0.274962,0.0644374,-0.000957036,-2.92442,-2.57898,-3.55673,6.53045,0.17214,3.6056,3.89915,-0.741235,0.623963,-1.71119,2.05075,0.564331,-1.93632,0.00703003,0.544807,2.50614,3.64788,-1.35937,-1.70973,-1.18986,-0.000253752,0.138638,-0.771684,12.5314,28.1146,-12.0534,-2.0089,0.0359153,6.85173,-24.1635,5.83178,6.85519,-0.637419,18.9601,0.0170619,17.0751,-9.38295,0.342004,-2.36217,-2.40971,-1.42325,0.630625,-0.160412,-0.0410164,-0.24812,-2.58345,0.839366,1.15548,-0.5308,0.238612,0.0176209,0.403151,0,0,0,0,0,0,0,0,0,0,0,0,0,0,0,0,0,0,0,0,0,0,0,0,0,0,0,0,0,2.55789,2.55789,2.55789,6.3088,6.3088,1.81445,2.55789,2.55789,1.81445,6.3088,6.3088,0.907223,0.907223,1.81445,1.81445,0.907223,0.907223,1.81445,1.81445,0.907223,0.907223,0.907223,0.907223,0.907223,0.907223,1.06814,1.06814,1.06814,1.06814,40.1792,40.1792,40.1792,99.0984,99.0984,28.5012,40.1792,40.1792,28.5012,99.0984,99.0984,14.2506,14.2506,28.5012,28.5012,14.2506,14.2506,28.5012,28.5012,14.2506,14.2506,14.2506,14.2506,14.2506,14.2506,16.7783,16.7783,16.7783,16.7783,0,0,0,0,0,0,0,0,0,0,0,0,0,0,0,0,0,0,0,0,0,0,0,0,0,0,0,0,0,0,0,0,0,0,0,0,0,0,0,0,0,0,0,0,0,0,0,0,0,0,0,0,0,0,0,0,0,0,0,0,0,0,0,0,0,0,0,0,0,0,0,0,0,0,0,0,0,0,0,0,0,0,0,0,0,0,0,0,0,0,0,0,0,0,0,0,0,0,0,0,0,0,0,0,0,0,0,0,0,0,0,0,0,0,0,0,0,-1.44275,-1.23136,0.572352,-2.9744,3.54304,-0.988226,1.24521,-1.8218,-1.11604,0.581786,-1.29696,-0.278746,-2.54372,-0.65681,0.642267,-2.10589,0.169958,-0.35889,1.56131,-0.975678,1.63569,1.03702,-1.13586,0.410638,0.6939,-3.70534,0.700166,2.2854,0.545306,3.02491,2.22201,0.749331,0.0396711,0.854887,-0.621933,0.914521,-0.171782,0.52,-1.46507,-0.534229,0.180097,1.4704,0.69772,0.32864,-0.122252,-0.48947,-0.433414,-1.1045,0.746122,0.255158,-0.2618,0.0745398,0.717378,0.304329,1.7539,-0.998998,-0.568818,0.551067,-0.0267376,0.0772587,-0.276051,0.691,-0.942942,0.330232,-0.0425165,0.6,0,0,3,3,3
10.7066,1.38078,-1.66607,1.30551,-0.409536,-0.911602,-1.43385,-1.25052,0.588978,10.7066,1.38078,-1.66607,1.30551,-0.409536,-0.911602,-1.43385,-1.25052,0.588978,-0.155657,0.929692,-0.748535,0.766388,-0.284651,0.52,-1.42628,-0.495831,0.136904,1.64294,0.568476,0.364666,-0.169621,-0.461644,-0.421153,-0.870102,0.63209,0.220251,-0.2618,0.0837102,0.636094,0.38569,1.60495,-0.886915,-0.482154,0.535136,-0.0231343,0.0607224,-0.259474,0,0,0,0,0,0,0,0,0,0,0,0,0,0,0,0,0,0,0,0,0,0,0,0,0,0,0,0,0,-0.0488602,0.0742237,-0.160191,1.0178,-0.137888,0.279567,-0.772959,-0.560162,0.147948,1.09169,0.559174,0.139266,-1.44654,-0.125067,-0.476868,-1.00123,0.790479,0.259254,-0.191565,0.0817403,0.728515,0.142425,1.83669,-1.06294,-0.64562,0.656096,-0.0423534,0.0794285,-0.273333,-1.68532,-0.612055,-1.27301,-1.27353,-0.552427,-0.00457444,-4.00862,-2.54893,-1.50704,7.34794,-0.0999774,3.5111,4.68274,-0.310555,0.961232,-1.59017,2.30422,0.714644,-1.49117,0.135979,-0.346953,2.91617,3.66092,-1.09923,-2.2123,-1.00836,-0.4374,0.275336,-0.85288,7.80251,33.1979,-15.5279,-2.86732,0.0861133,6.86095,-17.856,7.35245,3.83082,-7.92447,14.3408,-0.472911,14.8006,-9.87915,-0.238498,-0.0990048,-2.71803,-1.44187,0.811905,-0.204239,0.131899,-0.316839,-4.40491,1.84618,2.95632,-0.644196,0.693727,-0.278963,0.875402,0,0,0,0,0,0,0,0,0,0,0,0,0,0,0,0,0,0,0,0,0,0,0,0,0,0,0,0,0,2.55789,2.55789,2.55789,6.3088,6.3088,1.81445,2.55789,2.55789,1.81445,6.3088,6.3088,0.907223,0.907223,1.81445,1.81445,0.907223,0.907223,1.81445,1.81445,0.907223,0.907223,0.907223,0.907223,0.907223,0.907223,1.06814,1.06814,1.06814,1.06814,40.1792,40.1792,40.1792,99.0984,99.0984,28.5012,40.1792,40.1792,28.5012,99.0984,99.0984,14.2506,14.2506,28.5012,28.5012,14.2506,14.2506,28.5012,28.5012,14.2506,14.2506,14.2506,14.2506,14.2506,14.2506,16.7783,16.7783,16.7783,16.7783,0,0,0,0,0,0,0,0,0,0,0,0,0,0,0,0,0,0,0,0,0,0,0,0,0,0,0,0,0,0,0,0,0,0,0,0,0,0,0,0,0,0,0,0,0,0,0,0,0,0,0,0,0,0,0,0,0,0,0,0,0,0,0,0,0,0,0,0,0,0,0,0,0,0,0,0,0,0,0,0,0,0,0,0,0,0,0,0,0,0,0,0,0,0,0,0,0,0,0,0,0,0,0,0,0,0,0,0,0,0,0,0,0,0,0,0,0,-1.43385,-1.25052,0.588978,-2.43994,3.20343,-0.960272,0.985208,-1.56623,-1.0526,0.502194,-1.09936,-0.386754,-2.26576,-0.870643,0.285534,-2.03504,0.190868,-0.310523,1.69792,-0.905551,1.45036,0.815057,-1.36707,0.312156,0.879411,-3.48284,0.277726,2.77745,0.223433,2.65634,2.16945,0.831476,-0.155657,0.929692,-0.748535,0.766388,-0.284651,0.52,-1.42628,-0.495831,0.136904,1.64294,0.568476,0.364666,-0.169621,-0.461644,-0.421153,-0.870102,0.63209,0.220251,-0.2618,0.0837102,0.636094,0.38569,1.60495,-0.886915,-0.482154,0.535136,-0.0231343,0.0607224,-0.259474,0.725,-0.949148,0.311881,-0.0429791,0.6,0,0,3,3,3
11.7679,1.79162,-2.231,1.22307,-0.473749,-0.250965,-1.42793,-1.26295,0.608818,11.7679,1.79162,-2.231,1.22307,-0.473749,-0.250965,-1.42793,-1.26295,0.608818,-0.294022,0.868499,-0.80937,0.639888,-0.466267,0.52,-1.35216,-0.379032,0.118978,1.9044,0.500817,0.413767,-0.210282,-0.477107,-0.352113,-0.644448,0.518738,0.193928,-0.2618,0.104293,0.615192,0.435948,1.48732,-0.82238,-0.42965,0.525279,-0.0185817,0.0503873,-0.251663,0,0,0,0,0,0,0,0,0,0,0,0,0,0,0,0,0,0,0,0,0,0,0,0,0,0,0,0,0,-0.0890406,0.0734315,-0.197959,0.972057,-0.175086,0.279446,-0.864639,-0.612053,0.133823,1.24269,0.551179,0.204855,-1.35172,-0.125449,-0.450458,-1.03145,0.830361,0.267415,-0.219349,0.0868797,0.703497,0.20948,1.89556,-1.07403,-0.685595,0.648575,-0.0544802,0.0846055,-0.290757,-2.11296,0.488437,-2.34209,-2.86309,-1.76269,-0.00520564,-4.67611,-2.61286,-0.194112,7.38863,-0.479194,2.96626,4.72609,-0.108723,1.75286,-1.43563,1.50733,0.205377,-1.27984,0.348998,-1.61756,3.24979,2.35397,-0.061559,-2.33871,0.0461741,-0.685046,0.441702,-0.85676,2.60055,33.5349,-16.5237,-3.19726,0.227307,6.86594,-10.8238,11.137,0.57885,-6.17624,4.70991,-0.412059,12.6833,-9.53734,-1.98126,3.56507,-4.30216,-1.79441,1.12511,-0.356356,0.464204,-0.428325,-6.26558,2.74963,4.91417,-1.85476,1.26625,-0.81846,1.42823,0,0,0,0,0,0,0,0,0,0,0,0,0,0,0,0,0,0,0,0,0,0,0,0,0,0,0,0,0,2.55789,2.55789,2.55789,6.3088,6.3088,1.81445,2.55789,2.55789,1.81445,6.3088,6.3088,0.907223,0.907223,1.81445,1.81445,0.907223,0.907223,1.81445,1.81445,0.907223,0.907223,0.907223,0.907223,0.907223,0.907223,1.06814,1.06814,1.06814,1.06814,40.1792,40.1792,40.1792,99.0984,99.0984,28.5012,40.1792,40.1792,28.5012,99.0984,99.0984,14.2506,14.2506,28.5012,28.5012,14.2506,14.2506,28.5012,28.5012,14.2506,14.2506,14.2506,14.2506,14.2506,14.2506,16.7783,16.7783,16.7783,16.7783,0,0,0,0,0,0,0,0,0,0,0,0,0,0,0,0,0,0,0,0,0,0,0,0,0,0,0,0,0,0,0,0,0,0,0,0,0,0,0,0,0,0,0,0,0,0,0,0,0,0,0,0,0,0,0,0,0,0,0,0,0,0,0,0,0,0,0,0,0,0,0,0,0,0,0,0,0,0,0,0,0,0,0,0,0,0,0,0,0,0,0,0,0,0,0,0,0,0,0,0,0,0,0,0,0,0,0,0,0,0,0,0,0,0,0,0,0,-1.42793,-1.26295,0.608818,-1.92542,2.93521,-0.802853,0.726754,-1.41909,-1.08785,0.442176,-0.979646,-0.479463,-1.97721,-1.00295,0.0328342,-1.89968,0.237798,-0.249415,1.58616,-0.692236,1.4027,0.676331,-1.47818,0.271282,0.994005,-3.37798,-0.0830196,3.52306,-0.294493,2.46339,2.25654,0.943429,-0.294022,0.868499,-0.80937,0.639888,-0.466267,0.52,-1.35216,-0.379032,0.118978,1.9044,0.500817,0.413767,-0.210282,-0.477107,-0.352113,-0.644448,0.518738,0.193928,-0.2618,0.104293,0.615192,0.435948,1.48732,-0.82238,-0.42965,0.525279,-0.0185817,0.0503873,-0.251663,0.871,-0.952989,0.299916,-0.0431413,0.6,0,0,3,3,3
8.95559,-3.70434,2.38543,1.29836,-0.480413,0.49765,-1.43885,-1.26058,0.646236,8.95559,-3.70434,2.38543,1.29836,-0.480413,0.49765,-1.43885,-1.26058,0.646236,-0.372359,0.77142,-0.763636,0.527155,-0.61774,0.52,-1.2931,-0.257303,0.0942005,2.11895,0.428419,0.452571,-0.240468,-0.499039,-0.315082,-0.511742,0.44061,0.164829,-0.143074,0.115308,0.650773,0.439327,1.43491,-0.795623,-0.405978,0.523388,-0.0143263,0.0465947,-0.253171,0,0,0,0,0,0,0,0,0,0,0,0,0,0,0,0,0,0,0,0,0,0,0,0,0,0,0,0,0,-0.129561,0.0944257,-0.257434,0.899252,-0.250422,0.279352,-0.956631,-0.660505,0.133929,1.40111,0.535698,0.259653,-1.2614,-0.134815,-0.405108,-1.05052,0.847599,0.268043,-0.248359,0.0978903,0.667574,0.27497,1.9285,-1.0642,-0.723591,0.659527,-0.0627194,0.0920716,-0.306444,-2.0029,1.47488,-3.33999,-4.11635,-3.46248,-0.00296207,-4.00383,-2.28682,-1.44592,7.70356,-0.615327,1.91038,4.30223,-0.788986,2.50782,-0.427653,0.552437,0.0929697,-1.67448,0.590431,-1.76733,3.04476,1.06037,0.975387,-1.08831,0.810165,0.351932,0.195709,-0.361854,-1.69212,27.6056,-13.984,-1.03965,0.510437,6.86462,-5.52984,17.1173,1.19141,1.70028,0.519572,0.350211,11.1833,-8.45337,-3.15209,6.37384,-5.00749,-1.91191,2.06654,-0.462745,0.891697,-0.466454,-7.63707,2.93807,5.25783,-3.06909,0.65977,-1.07125,1.6343,0,0,0,0,0,0,0,0,0,0,0,0,0,0,0,0,0,0,0,0,0,0,0,0,0,0,0,0,0,2.55789,2.55789,2.55789,6.3088,6.3088,1.81445,2.55789,2.55789,1.81445,6.3088,6.3088,0.907223,0.907223,1.81445,1.81445,0.907223,0.907223,1.81445,1.81445,0.907223,0.907223,0.907223,0.907223,0.907223,0.907223,1.06814,1.06814,1.06814,1.06814,40.1792,40.1792,40.1792,99.0984,99.0984,28.5012,40.1792,40.1792,28.5012,99.0984,99.0984,14.2506,14.2506,28.5012,28.5012,14.2506,14.2506,28.5012,28.5012,14.2506,14.2506,14.2506,14.2506,14.2506,14.2506,16.7783,16.7783,16.7783,16.7783,0,0,0,0,0,0,0,0,0,0,0,0,0,0,0,0,0,0,0,0,0,0,0,0,0,0,0,0,0,0,0,0,0,0,0,0,0,0,0,0,0,0,0,0,0,0,0,0,0,0,0,0,0,0,0,0,0,0,0,0,0,0,0,0,0,0,0,0,0,0,0,0,0,0,0,0,0,0,0,0,0,0,0,0,0,0,0,0,0,0,0,0,0,0,0,0,0,0,0,0,0,0,0,0,0,0,0,0,0,0,0,0,0,0,0,0,0,-1.43885,-1.26058,0.646236,-1.62284,2.81572,-0.718419,0.548616,-1.35808,-1.13786,0.375827,-0.925671,-0.548291,-1.69428,-1.02834,-0.110236,-1.79182,0.262914,-0.192297,1.40887,-0.469919,1.48383,0.625425,-1.39465,0.214787,1.00171,-3.39822,-0.404507,4.1349,-0.726456,2.25693,2.45359,1.03191,-0.372359,0.77142,-0.763636,0.527155,-0.61774,0.52,-1.2931,-0.257303,0.0942005,2.11895,0.428419,0.452571,-0.240468,-0.499039,-0.315082,-0.511742,0.44061,0.164829,-0.143074,0.115308,0.650773,0.439327,1.43491,-0.795623,-0.405978,0.523388,-0.0143263,0.0465947,-0.253171,0.69,-0.952268,0.30261,-0.0401615,0.6,0,0,3,3,3
2.99431,5.42259,4.88519,1.46645,-0.633722,1.20281,-1.45535,-1.2412,0.69533,2.99431,5.42259,4.88519,1.46645,-0.633722,1.20281,-1.45535,-1.2412,0.69533,-0.30016,0.756434,-0.68756,0.532529,-0.69214,0.52,-1.34091,-0.226513,0.0858077,2.25938,0.438229,0.473955,-0.225774,-0.508505,-0.27119,-0.528447,0.463154,0.164706,-0.123979,0.106831,0.684865,0.433352,1.4816,-0.833547,-0.430888,0.523447,-0.0135,0.0454869,-0.258625,0,0,0,0,0,0,0,0,0,0,0,0,0,0,0,0,0,0,0,0,0,0,0,0,0,0,0,0,0,-0.169128,0.139808,-0.33251,0.797076,-0.355693,0.279356,-1.04255,-0.694376,0.128355,1.58875,0.503806,0.277103,-1.178,-0.166053,-0.34048,-1.0487,0.847109,0.262561,-0.264825,0.115194,0.632682,0.333328,1.93893,-1.02934,-0.755843,0.677751,-0.0709651,0.101176,-0.322692,-1.79088,2.83051,-3.4669,-4.732,-4.22968,0.00125894,-3.34344,-0.736388,0.174717,8.57952,-1.19772,0.0633328,3.44966,-2.03877,3.41678,0.696299,-0.425133,-0.287208,-0.247046,0.734268,-1.23574,2.27369,0.10919,1.81558,-1.19764,0.803037,-0.683505,0.513087,-0.821863,-3.89542,19.5914,-8.79727,2.53544,0.741819,6.8551,-0.786912,20.4344,-1.73628,-0.672615,0.103208,2.38289,10.2187,-6.26964,-4.74065,7.16929,-5.5618,-2.25792,4.01419,-0.660607,1.40587,-0.554359,-7.29966,1.67809,5.89541,-3.46508,1.16067,-1.28805,1.70237,0,0,0,0,0,0,0,0,0,0,0,0,0,0,0,0,0,0,0,0,0,0,0,0,0,0,0,0,0,2.55789,2.55789,2.55789,6.3088,6.3088,1.81445,2.55789,2.55789,1.81445,6.3088,6.3088,0.907223,0.907223,1.81445,1.81445,0.907223,0.907223,1.81445,1.81445,0.907223,0.907223,0.907223,0.907223,0.907223,0.907223,1.06814,1.06814,1.06814,1.06814,40.1792,40.1792,40.1792,99.0984,99.0984,28.5012,40.1792,40.1792,28.5012,99.0984,99.0984,14.2506,14.2506,28.5012,28.5012,14.2506,14.2506,28.5012,28.5012,14.2506,14.2506,14.2506,14.2506,14.2506,14.2506,16.7783,16.7783,16.7783,16.7783,0,0,0,0,0,0,0,0,0,0,0,0,0,0,0,0,0,0,0,0,0,0,0,0,0,0,0,0,0,0,0,0,0,0,0,0,0,0,0,0,0,0,0,0,0,0,0,0,0,0,0,0,0,0,0,0,0,0,0,0,0,0,0,0,0,0,0,0,0,0,0,0,0,0,0,0,0,0,0,0,0,0,0,0,0,0,0,0,0,0,0,0,0,0,0,0,0,0,0,0,0,0,0,0,0,0,0,0,0,0,0,0,0,0,0,0,0,-1.45535,-1.2412,0.69533,-1.66093,2.92218,-0.618341,0.600018,-1.44455,-1.15944,0.375546,-0.982468,-0.514788,-1.65075,-1.02754,0.0216241,-1.87914,0.243585,-0.181206,1.3815,-0.413687,1.56156,0.610555,-1.25571,0.19565,0.988086,-3.47144,-0.389183,4.53536,-0.938625,2.28491,2.62664,1.08066,-0.30016,0.756434,-0.68756,0.532529,-0.69214,0.52,-1.34091,-0.226513,0.0858077,2.25938,0.438229,0.473955,-0.225774,-0.508505,-0.27119,-0.528447,0.463154,0.164706,-0.123979,0.106831,0.684865,0.433352,1.4816,-0.833547,-0.430888,0.523447,-0.0135,0.0454869,-0.258625,0.743,-0.946897,0.31934,-0.0375415,0.6,0,0,3,3,3
7.61597,1.06482,-3.47859,1.59608,-0.539914,1.17129,-1.45871,-1.22099,0.728869,7.61597,1.06482,-3.47859,1.59608,-0.539914,1.17129,-1.45871,-1.22099,0.728869,-0.164843,0.740238,-0.624279,0.584762,-0.735359,0.52,-1.46405,-0.209611,0.0692629,2.3459,0.522246,0.488003,-0.196679,-0.518723,-0.254679,-0.602026,0.521392,0.176645,-0.140955,0.101159,0.717757,0.423335,1.58166,-0.896448,-0.476483,0.526894,-0.0141436,0.0511045,-0.270097,0,0,0,0,0,0,0,0,0,0,0,0,0,0,0,0,0,0,0,0,0,0,0,0,0,0,0,0,0,-0.197989,0.19181,-0.387335,0.718955,-0.438336,0.279423,-1.10074,-0.703206,0.147723,1.7452,0.487187,0.275505,-1.11775,-0.211125,-0.285149,-1.02542,0.844677,0.259163,-0.2655,0.1244,0.622399,0.367002,1.94007,-0.996778,-0.772611,0.688653,-0.0753953,0.106683,-0.334854,-1.46721,3.03005,-2.72035,-3.9037,-4.12709,0.00462126,-2.97297,-0.235159,1.57742,8.59281,-0.74281,-0.138165,3.21888,-2.88144,3.01707,1.6096,-0.160896,-0.31002,0.395912,0.398733,-0.254645,1.58888,0.229009,1.49212,-0.532603,0.486466,0.104046,0.209854,-0.500506,-0.397028,15.2847,-5.17177,6.17208,0.926912,6.84855,-2.04024,19.9005,-4.38247,-2.07909,-0.0772855,2.94611,9.84805,-3.57142,-4.82808,5.71819,-5.37231,-2.23926,3.56995,-0.642281,1.1732,-0.522756,-6.71036,0.908348,5.69786,-3.25481,1.99558,-1.47925,2.38563,0,0,0,0,0,0,0,0,0,0,0,0,0,0,0,0,0,0,0,0,0,0,0,0,0,0,0,0,0,2.55789,2.55789,2.55789,6.3088,6.3088,1.81445,2.55789,2.55789,1.81445,6.3088,6.3088,0.907223,0.907223,1.81445,1.81445,0.907223,0.907223,1.81445,1.81445,0.907223,0.907223,0.907223,0.907223,0.907223,0.907223,1.06814,1.06814,1.06814,1.06814,40.1792,40.1792,40.1792,99.0984,99.0984,28.5012,40.1792,40.1792,28.5012,99.0984,99.0984,14.2506,14.2506,28.5012,28.5012,14.2506,14.2506,28.5012,28.5012,14.2506,14.2506,14.2506,14.2506,14.2506,14.2506,16.7783,16.7783,16.7783,16.7783,0,0,0,0,0,0,0,0,0,0,0,0,0,0,0,0,0,0,0,0,0,0,0,0,0,0,0,0,0,0,0,0,0,0,0,0,0,0,0,0,0,0,0,0,0,0,0,0,0,0,0,0,0,0,0,0,0,0,0,0,0,0,0,0,0,0,0,0,0,0,0,0,0,0,0,0,0,0,0,0,0,0,0,0,0,0,0,0,0,0,0,0,0,0,0,0,0,0,0,0,0,0,0,0,0,0,0,0,0,0,0,0,0,0,0,0,0,-1.45871,-1.22099,0.728869,-1.8287,3.15033,-0.580694,0.732806,-1.58797,-1.18274,0.402768,-1.08643,-0.448447,-1.68945,-0.981279,0.268757,-2.10402,0.230653,-0.189845,1.35192,-0.382819,1.63656,0.685958,-1.14014,0.157926,0.965245,-3.62542,-0.240227,4.78209,-1.06188,2.5245,2.7646,1.11269,-0.164843,0.740238,-0.624279,0.584762,-0.735359,0.52,-1.46405,-0.209611,0.0692629,2.3459,0.522246,0.488003,-0.196679,-0.518723,-0.254679,-0.602026,0.521392,0.176645,-0.140955,0.101159,0.717757,0.423335,1.58166,-0.896448,-0.476483,0.526894,-0.0141436,0.0511045,-0.270097,0.697,-0.939441,0.340561,-0.0383327,0.6,0,0,3,3,3
5.95419,-1.31623,-2.892,1.70158,-0.135246,0.800485,-1.44926,-1.20291,0.754657,5.95419,-1.31623,-2.892,1.70158,-0.135246,0.800485,-1.44926,-1.20291,0.754657,-0.0783959,0.682258,-0.451364,0.673348,-0.798891,0.52,-1.49042,-0.181257,0.0642979,2.45833,0.621528,0.516842,-0.170021,-0.544587,-0.185953,-0.662603,0.539116,0.180268,-0.16732,0.0995355,0.778281,0.392639,1.75507,-0.994175,-0.538116,0.536617,-0.0160286,0.0636493,-0.287131,0,0,0,0,0,0,0,0,0,0,0,0,0,0,0,0,0,0,0,0,0,0,0,0,0,0,0,0,0,-0.220255,0.255785,-0.430842,0.658384,-0.519236,0.279516,-1.15389,-0.697086,0.189374,1.91026,0.495953,0.273056,-1.05637,-0.278612,-0.234187,-0.981472,0.848382,0.258673,-0.259302,0.127838,0.631099,0.390246,1.94348,-0.971585,-0.772592,0.690956,-0.0711292,0.108208,-0.339931,-0.897824,3.30433,-1.86283,-2.37545,-3.53908,0.00451777,-2.45756,0.747975,2.34094,7.84915,0.507476,-0.102394,2.88833,-3.62292,2.16281,2.52255,0.455875,0.0210277,0.436612,0.15455,0.624273,0.975968,-0.0723633,1.07573,0.719996,-0.0495345,0.87329,-0.107065,0.294184,4.62655,11.1616,-3.10906,8.16349,0.956939,6.84658,-6.25466,17.7403,-7.38138,-5.50801,-0.511949,3.15725,9.71952,-0.522843,-4.42748,3.17737,-5.10698,-2.5513,2.85665,-0.5323,0.694421,-0.42751,-5.08621,-0.023623,3.89535,-2.71044,0.175918,-0.862795,1.09003,0,0,0,0,0,0,0,0,0,0,0,0,0,0,0,0,0,0,0,0,0,0,0,0,0,0,0,0,0,2.55789,2.55789,2.55789,6.3088,6.3088,1.81445,2.55789,2.55789,1.81445,6.3088,6.3088,0.907223,0.907223,1.81445,1.81445,0.907223,0.907223,1.81445,1.81445,0.907223,0.907223,0.907223,0.907223,0.907223,0.907223,1.06814,1.06814,1.06814,1.06814,40.1792,40.1792,40.1792,99.0984,99.0984,28.5012,40.1792,40.1792,28.5012,99.0984,99.0984,14.2506,14.2506,28.5012,28.5012,14.2506,14.2506,28.5012,28.5012,14.2506,14.2506,14.2506,14.2506,14.2506,14.2506,16.7783,16.7783,16.7783,16.7783,0,0,0,0,0,0,0,0,0,0,0,0,0,0,0,0,0,0,0,0,0,0,0,0,0,0,0,0,0,0,0,0,0,0,0,0,0,0,0,0,0,0,0,0,0,0,0,0,0,0,0,0,0,0,0,0,0,0,0,0,0,0,0,0,0,0,0,0,0,0,0,0,0,0,0,0,0,0,0,0,0,0,0,0,0,0,0,0,0,0,0,0,0,0,0,0,0,0,0,0,0,0,0,0,0,0,0,0,0,0,0,0,0,0,0,0,0,-1.44926,-1.20291,0.754657,-1.96682,3.54572,-0.423992,0.773217,-1.8108,-1.24171,0.411029,-1.22696,-0.387664,-1.74957,-0.85077,0.426638,-2.15219,0.226951,-0.215147,1.24603,-0.331035,1.77456,0.854343,-0.82434,0.146606,0.895255,-3.85406,0.0124001,5.10272,-1.24305,2.80763,2.9512,1.17845,-0.0783959,0.682258,-0.451364,0.673348,-0.798891,0.52,-1.49042,-0.181257,0.0642979,2.45833,0.621528,0.516842,-0.170021,-0.544587,-0.185953,-0.662603,0.539116,0.180268,-0.16732,0.0995355,0.778281,0.392639,1.75507,-0.994175,-0.538116,0.536617,-0.0160286,0.0636493,-0.287131,0.716,-0.933091,0.356989,-0.0436025,0.6,0,0,3,3,3
2.12969,1.22545,-2.86621,1.46994,0.107978,0.603212,-1.42245,-1.18892,0.759318,2.12969,1.22545,-2.86621,1.46994,0.107978,0.603212,-1.42245,-1.18892,0.759318,-0.0576996,0.656629,-0.319857,0.751355,-0.844167,0.52,-1.51819,-0.202352,0.101444,2.48832,0.726198,0.551844,-0.150761,-0.601923,-0.179825,-0.704644,0.595941,0.204874,-0.229749,0.0981107,0.82505,0.398145,1.90928,-1.07311,-0.571963,0.541818,-0.0192602,0.0738934,-0.302278,0,0,0,0,0,0,0,0,0,0,0,0,0,0,0,0,0,0,0,0,0,0,0,0,0,0,0,0,0,-0.230776,0.322637,-0.444907,0.632425,-0.595368,0.279651,-1.20932,-0.685162,0.206195,2.04272,0.522008,0.274138,-1.0073,-0.34865,-0.200831,-0.92533,0.861261,0.260522,-0.252973,0.128661,0.657663,0.398749,1.9378,-0.95092,-0.754107,0.679066,-0.0689427,0.108661,-0.342442,0.10614,3.3261,0.0127053,-0.558883,-3.33868,0.00677598,-2.85275,0.776436,0.116044,5.94245,1.49563,0.0468898,2.14776,-3.59362,1.16393,2.93279,0.660821,0.0821216,0.46226,0.0256475,1.5071,0.237223,-0.25479,0.748082,1.09204,-0.850228,0.126229,-0.00427798,-0.197824,6.38036,6.21044,-0.10515,8.45433,0.953686,6.83788,-3.91344,18.6331,-4.03177,5.19838,-1.02975,3.3889,10.074,0.542179,-1.77548,1.13192,-5.24868,-2.52702,1.82115,-0.449699,0.396659,-0.315542,-2.27421,-1.5311,2.35814,-1.45984,1.68404,-0.956037,1.59048,0,0,0,0,0,0,0,0,0,0,0,0,0,0,0,0,0,0,0,0,0,0,0,0,0,0,0,0,0,2.55789,2.55789,2.55789,6.3088,6.3088,1.81445,2.55789,2.55789,1.81445,6.3088,6.3088,0.907223,0.907223,1.81445,1.81445,0.907223,0.907223,1.81445,1.81445,0.907223,0.907223,0.907223,0.907223,0.907223,0.907223,1.06814,1.06814,1.06814,1.06814,40.1792,40.1792,40.1792,99.0984,99.0984,28.5012,40.1792,40.1792,28.5012,99.0984,99.0984,14.2506,14.2506,28.5012,28.5012,14.2506,14.2506,28.5012,28.5012,14.2506,14.2506,14.2506,14.2506,14.2506,14.2506,16.7783,16.7783,16.7783,16.7783,0,0,0,0,0,0,0,0,0,0,0,0,0,0,0,0,0,0,0,0,0,0,0,0,0,0,0,0,0,0,0,0,0,0,0,0,0,0,0,0,0,0,0,0,0,0,0,0,0,0,0,0,0,0,0,0,0,0,0,0,0,0,0,0,0,0,0,0,0,0,0,0,0,0,0,0,0,0,0,0,0,0,0,0,0,0,0,0,0,0,0,0,0,0,0,0,0,0,0,0,0,0,0,0,0,0,0,0,0,0,0,0,0,0,0,0,0,-1.42245,-1.18892,0.759318,-2.06268,3.89733,-0.41002,0.902784,-1.99077,-1.37244,0.467133,-1.30413,-0.343749,-1.89191,-0.780953,0.464436,-2.2029,0.223702,-0.258524,1.19922,-0.369561,1.8812,0.991845,-0.584164,0.231302,0.907809,-4.05738,0.234855,5.18826,-1.37217,3.10612,3.03808,1.25826,-0.0576996,0.656629,-0.319857,0.751355,-0.844167,0.52,-1.51819,-0.202352,0.101444,2.48832,0.726198,0.551844,-0.150761,-0.601923,-0.179825,-0.704644,0.595941,0.204874,-0.229749,0.0981107,0.82505,0.398145,1.90928,-1.07311,-0.571963,0.541818,-0.0192602,0.0738934,-0.302278,1.03,-0.927966,0.368571,-0.0550821,0.6,0,0,3,3,3
14.2833,-15.6753,13.4156,1.45057,0.301824,0.257778,-1.38551,-1.18054,0.751444,14.2833,-15.6753,13.4156,1.45057,0.301824,0.257778,-1.38551,-1.18054,0.751444,-0.032188,0.65625,-0.232854,0.813846,-0.830315,0.52,-1.54875,-0.235947,0.115646,2.48565,0.804242,0.570568,-0.131126,-0.636496,-0.193042,-0.756099,0.643174,0.222177,-0.2618,0.0899017,0.853277,0.401908,2.00446,-1.12739,-0.595931,0.544087,-0.0221158,0.0829752,-0.311164,0,0,0,0,0,0,0,0,0,0,0,0,0,0,0,0,0,0,0,0,0,0,0,0,0,0,0,0,0,-0.222155,0.389193,-0.425375,0.641215,-0.662955,0.279785,-1.27083,-0.656745,0.220915,2.1605,0.540892,0.273827,-0.967627,-0.418667,-0.186646,-0.856178,0.875072,0.268759,-0.251949,0.126886,0.69835,0.402615,1.93487,-0.939794,-0.721115,0.655892,-0.0619505,0.106221,-0.340442,0.658383,3.23877,1.48108,0.96037,-2.93781,0.00600237,-3.30406,1.81843,1.10411,5.64694,0.572932,-0.0349088,1.86227,-3.28557,0.411719,3.76028,0.639148,0.549144,-0.14102,-0.0985021,2.07619,0.190707,-0.171245,0.404933,1.5824,-1.28269,0.323502,-0.238549,0.0620021,4.80909,2.54927,0.729272,5.16808,0.541139,6.83531,-2.33896,13.9629,-5.20051,-2.62105,14.5578,3.99118,9.88492,0.918276,-0.552948,-0.999733,-4.5141,-2.63249,0.710549,-0.313183,-0.077051,-0.228087,-0.443485,-2.04726,0.82495,-0.55478,0.72957,-0.460479,0.778924,0,0,0,0,0,0,0,0,0,0,0,0,0,0,0,0,0,0,0,0,0,0,0,0,0,0,0,0,0,2.55789,2.55789,2.55789,6.3088,6.3088,1.81445,2.55789,2.55789,1.81445,6.3088,6.3088,0.907223,0.907223,1.81445,1.81445,0.907223,0.907223,1.81445,1.81445,0.907223,0.907223,0.907223,0.907223,0.907223,0.907223,1.06814,1.06814,1.06814,1.06814,40.1792,40.1792,40.1792,99.0984,99.0984,28.5012,40.1792,40.1792,28.5012,99.0984,99.0984,14.2506,14.2506,28.5012,28.5012,14.2506,14.2506,28.5012,28.5012,14.2506,14.2506,14.2506,14.2506,14.2506,14.2506,16.7783,16.7783,16.7783,16.7783,0,0,0,0,0,0,0,0,0,0,0,0,0,0,0,0,0,0,0,0,0,0,0,0,0,0,0,0,0,0,0,0,0,0,0,0,0,0,0,0,0,0,0,0,0,0,0,0,0,0,0,0,0,0,0,0,0,0,0,0,0,0,0,0,0,0,0,0,0,0,0,0,0,0,0,0,0,0,0,0,0,0,0,0,0,0,0,0,0,0,0,0,0,0,0,0,0,0,0,0,0,0,0,0,0,0,0,0,0,0,0,0,0,0,0,0,0,-1.38551,-1.18054,0.751444,-2.18,4.11436,-0.440156,1.01048,-2.11454,-1.45128,0.506587,-1.35878,-0.29898,-2.02939,-0.750503,0.511029,-2.25872,0.204985,-0.296852,1.19853,-0.430917,1.94556,1.11375,-0.425268,0.263685,0.91639,-4.17664,0.413066,5.18064,-1.33267,3.32869,3.08211,1.30095,-0.032188,0.65625,-0.232854,0.813846,-0.830315,0.52,-1.54875,-0.235947,0.115646,2.48565,0.804242,0.570568,-0.131126,-0.636496,-0.193042,-0.756099,0.643174,0.222177,-0.2618,0.0899017,0.853277,0.401908,2.00446,-1.12739,-0.595931,0.544087,-0.0221158,0.0829752,-0.311164,0.731,-0.92481,0.373917,-0.0700864,0.6,0,0,3,3,3
12.5936,-10.5866,11.196,1.41536,0.495659,-0.0113007,-1.33721,-1.17701,0.730575,12.5936,-10.5866,11.196,1.41536,0.495659,-0.0113007,-1.33721,-1.17701,0.730575,0.0105332,0.740779,-0.251867,0.850308,-0.771091,0.52,-1.62441,-0.312094,0.126285,2.45281,0.872328,0.567048,-0.111521,-0.659346,-0.217231,-0.815786,0.701856,0.242129,-0.2618,0.0793856,0.836029,0.416034,2.01822,-1.15323,-0.605548,0.538795,-0.0257828,0.0859283,-0.310147,0,0,0,0,0,0,0,0,0,0,0,0,0,0,0,0,0,0,0,0,0,0,0,0,0,0,0,0,0,-0.200687,0.451167,-0.385175,0.672216,-0.70898,0.279885,-1.33759,-0.615858,0.246864,2.26123,0.552601,0.273307,-0.929175,-0.482045,-0.188539,-0.779583,0.885681,0.280695,-0.256025,0.123499,0.742038,0.406889,1.93448,-0.937645,-0.68615,0.628371,-0.0564802,0.102699,-0.338267,1.23816,2.93794,2.20372,1.80106,-1.95154,0.00394735,-3.47288,2.08917,1.35072,4.47622,0.545423,-0.018753,1.98247,-2.90294,-0.319855,3.87616,0.368616,0.627387,-0.275826,-0.192576,2.07403,0.191053,-0.092904,-0.0467218,1.75182,-1.29822,0.467657,-0.307445,0.256126,3.64989,0.799825,0.660557,2.95963,0.311978,6.83613,-0.150618,10.0727,-6.10694,-5.96793,21.4733,4.2537,9.59319,0.929663,0.419151,-2.99579,-3.79623,-2.69985,0.247543,-0.287888,-0.299875,-0.233901,0.938118,-2.54419,-0.196751,-0.0330007,0.148256,-0.0591737,0.262494,0,0,0,0,0,0,0,0,0,0,0,0,0,0,0,0,0,0,0,0,0,0,0,0,0,0,0,0,0,2.55789,2.55789,2.55789,6.3088,6.3088,1.81445,2.55789,2.55789,1.81445,6.3088,6.3088,0.907223,0.907223,1.81445,1.81445,0.907223,0.907223,1.81445,1.81445,0.907223,0.907223,0.907223,0.907223,0.907223,0.907223,1.06814,1.06814,1.06814,1.06814,40.1792,40.1792,40.1792,99.0984,99.0984,28.5012,40.1792,40.1792,28.5012,99.0984,99.0984,14.2506,14.2506,28.5012,28.5012,14.2506,14.2506,28.5012,28.5012,14.2506,14.2506,14.2506,14.2506,14.2506,14.2506,16.7783,16.7783,16.7783,16.7783,0,0,0,0,0,0,0,0,0,0,0,0,0,0,0,0,0,0,0,0,0,0,0,0,0,0,0,0,0,0,0,0,0,0,0,0,0,0,0,0,0,0,0,0,0,0,0,0,0,0,0,0,0,0,0,0,0,0,0,0,0,0,0,0,0,0,0,0,0,0,0,0,0,0,0,0,0,0,0,0,0,0,0,0,0,0,0,0,0,0,0,0,0,0,0,0,0,0,0,0,0,0,0,0,0,0,0,0,0,0,0,0,0,0,0,0,0,-1.33721,-1.17701,0.730575,-2.31609,4.14572,-0.495308,1.14428,-2.17346,-1.50337,0.552079,-1.38071,-0.254278,-2.20164,-0.821528,0.589052,-2.39689,0.181007,-0.346074,1.35291,-0.569987,1.90623,1.15339,-0.459992,0.287943,0.948598,-4.163,0.517045,5.087,-1.16378,3.52285,3.07616,1.29293,0.0105332,0.740779,-0.251867,0.850308,-0.771091,0.52,-1.62441,-0.312094,0.126285,2.45281,0.872328,0.567048,-0.111521,-0.659346,-0.217231,-0.815786,0.701856,0.242129,-0.2618,0.0793856,0.836029,0.416034,2.01822,-1.15323,-0.605548,0.538795,-0.0257828,0.0859283,-0.310147,0.888,-0.923461,0.373272,-0.0888129,0.6,0,0,3,3,3
16.6302,-14.7937,12.8809,0.893988,0.230314,-0.271555,-1.28181,-1.17744,0.70156,16.6302,-14.7937,12.8809,0.893988,0.230314,-0.271555,-1.28181,-1.17744,0.70156,0.0105961,0.799223,-0.271043,0.824159,-0.723124,0.52,-1.68217,-0.459803,0.147409,2.44819,0.926143,0.561455,-0.115168,-0.73141,-0.239884,-0.821207,0.67219,0.242685,-0.2618,0.0904763,0.828159,0.453427,1.9778,-1.14568,-0.590497,0.526736,-0.0274944,0.0830417,-0.305576,0,0,0,0,0,0,0,0,0,0,0,0,0,0,0,0,0,0,0,0,0,0,0,0,0,0,0,0,0,-0.173821,0.512168,-0.341335,0.715023,-0.728245,0.279919,-1.4192,-0.575147,0.271803,2.33951,0.565457,0.272952,-0.882226,-0.535438,-0.195089,-0.700704,0.888744,0.29083,-0.256476,0.116374,0.77814,0.413488,1.92963,-0.945139,-0.646155,0.600601,-0.0525296,0.0996527,-0.33239,0.623165,2.47307,1.83497,1.85129,-0.681619,0.000215699,-4.77295,1.65373,1.14232,2.90556,0.529146,-0.0139204,2.00895,-1.09346,0.358583,3.17535,-0.076145,0.113027,0.062453,-0.402193,1.36765,0.231291,-0.689951,-0.863821,1.86219,-1.09032,0.291067,-0.131631,0.315414,5.55658,2.78348,-0.980143,1.6273,0.0778507,6.84202,2.82237,6.37238,-6.0711,-7.21228,27.033,4.20367,9.13578,-0.94849,-0.910825,-4.49059,-2.6506,-1.69754,-0.259915,-0.180302,-0.435811,-0.18999,1.68983,-2.2444,-0.949805,0.161303,0.314014,-0.157382,0.152372,0,0,0,0,0,0,0,0,0,0,0,0,0,0,0,0,0,0,0,0,0,0,0,0,0,0,0,0,0,2.55789,2.55789,2.55789,6.3088,6.3088,1.81445,2.55789,2.55789,1.81445,6.3088,6.3088,0.907223,0.907223,1.81445,1.81445,0.907223,0.907223,1.81445,1.81445,0.907223,0.907223,0.907223,0.907223,0.907223,0.907223,1.06814,1.06814,1.06814,1.06814,40.1792,40.1792,40.1792,99.0984,99.0984,28.5012,40.1792,40.1792,28.5012,99.0984,99.0984,14.2506,14.2506,28.5012,28.5012,14.2506,14.2506,28.5012,28.5012,14.2506,14.2506,14.2506,14.2506,14.2506,14.2506,16.7783,16.7783,16.7783,16.7783,0,0,0,0,0,0,0,0,0,0,0,0,0,0,0,0,0,0,0,0,0,0,0,0,0,0,0,0,0,0,0,0,0,0,0,0,0,0,0,0,0,0,0,0,0,0,0,0,0,0,0,0,0,0,0,0,0,0,0,0,0,0,0,0,0,0,0,0,0,0,0,0,0,0,0,0,0,0,0,0,0,0,0,0,0,0,0,0,0,0,0,0,0,0,0,0,0,0,0,0,0,0,0,0,0,0,0,0,0,0,0,0,0,0,0,0,0,-1.28181,-1.17744,0.70156,-2.32845,4.05357,-0.546959,1.07664,-2.15625,-1.66769,0.553345,-1.34639,-0.262595,-2.38644,-0.983398,0.589167,-2.50238,0.206295,-0.369048,1.45964,-0.839752,1.88828,1.11464,-0.495013,0.336108,1.03386,-4.10165,0.442474,5.07382,-1.02698,3.67632,3.17718,1.28017,0.0105961,0.799223,-0.271043,0.824159,-0.723124,0.52,-1.68217,-0.459803,0.147409,2.44819,0.926143,0.561455,-0.115168,-0.73141,-0.239884,-0.821207,0.67219,0.242685,-0.2618,0.0904763,0.828159,0.453427,1.9778,-1.14568,-0.590497,0.526736,-0.0274944,0.0830417,-0.305576,0.708,-0.923627,0.367397,-0.109232,0.6,0,0,3,3,3
7.94365,-5.6276,5.90613,0.270578,-0.180196,-0.490633,-1.26722,-1.1846,0.696746,7.94365,-5.6276,5.90613,0.270578,-0.180196,-0.490633,-1.26722,-1.1846,0.696746,-0.0732851,0.851327,-0.333663,0.681957,-0.665379,0.52,-1.69613,-0.618275,0.145496,2.42285,0.951103,0.54233,-0.142124,-0.820542,-0.308718,-0.79522,0.611494,0.245212,-0.2618,0.117692,0.821458,0.531197,1.82328,-1.062,-0.537371,0.509881,-0.0268285,0.0691014,-0.30009,0,0,0,0,0,0,0,0,0,0,0,0,0,0,0,0,0,0,0,0,0,0,0,0,0,0,0,0,0,-0.162061,0.557015,-0.309025,0.740913,-0.727469,0.279899,-1.52471,-0.552821,0.290283,2.38552,0.576095,0.27267,-0.842198,-0.537745,-0.177524,-0.646373,0.878576,0.291367,-0.254017,0.110467,0.799323,0.423987,1.9036,-0.966511,-0.604805,0.579256,-0.0452741,0.095667,-0.322367,0.729829,2.38138,1.39903,0.942951,0.0850044,-0.00270086,-5.17824,0.829021,0.41204,1.82428,0.482225,-0.0111716,1.99365,0.256544,1.26075,2.34771,-0.847601,0.0434395,0.160726,-0.195568,0.900834,0.608551,-1.59597,-1.24134,2.03881,-1.14576,0.324901,-0.231365,0.517466,5.24758,3.99015,-2.08791,2.15654,-0.114616,6.84746,6.68396,1.59024,-5.04751,-5.54561,31.6162,4.12615,8.59752,-5.90773,-3.83916,-4.62506,-2.25388,-1.45396,-0.484613,-0.0977128,-0.402944,-0.120554,2.42731,-1.48579,-1.61949,0.276026,-0.0513032,0.0155554,-0.263516,0,0,0,0,0,0,0,0,0,0,0,0,0,0,0,0,0,0,0,0,0,0,0,0,0,0,0,0,0,2.55789,2.55789,2.55789,6.3088,6.3088,1.81445,2.55789,2.55789,1.81445,6.3088,6.3088,0.907223,0.907223,1.81445,1.81445,0.907223,0.907223,1.81445,1.81445,0.907223,0.907223,0.907223,0.907223,0.907223,0.907223,1.06814,1.06814,1.06814,1.06814,40.1792,40.1792,40.1792,99.0984,99.0984,28.5012,40.1792,40.1792,28.5012,99.0984,99.0984,14.2506,14.2506,28.5012,28.5012,14.2506,14.2506,28.5012,28.5012,14.2506,14.2506,14.2506,14.2506,14.2506,14.2506,16.7783,16.7783,16.7783,16.7783,0,0,0,0,0,0,0,0,0,0,0,0,0,0,0,0,0,0,0,0,0,0,0,0,0,0,0,0,0,0,0,0,0,0,0,0,0,0,0,0,0,0,0,0,0,0,0,0,0,0,0,0,0,0,0,0,0,0,0,0,0,0,0,0,0,0,0,0,0,0,0,0,0,0,0,0,0,0,0,0,0,0,0,0,0,0,0,0,0,0,0,0,0,0,0,0,0,0,0,0,0,0,0,0,0,0,0,0,0,0,0,0,0,0,0,0,0,-1.26722,-1.1846,0.696746,-2.2692,3.70125,-0.703907,0.938247,-1.96544,-1.87092,0.559108,-1.22526,-0.324058,-2.55604,-1.20963,0.435972,-2.52787,0.268349,-0.36011,1.5548,-1.12917,1.87301,0.927525,-0.609378,0.331745,1.21118,-4.028,0.0369508,5.00154,-0.862309,3.7475,3.29156,1.23657,-0.0732851,0.851327,-0.333663,0.681957,-0.665379,0.52,-1.69613,-0.618275,0.145496,2.42285,0.951103,0.54233,-0.142124,-0.820542,-0.308718,-0.79522,0.611494,0.245212,-0.2618,0.117692,0.821458,0.531197,1.82328,-1.062,-0.537371,0.509881,-0.0268285,0.0691014,-0.30009,0.972,-0.92635,0.359442,-0.112598,0.6,0,0,3,3,3
8.18148,-5.06715,1.07274,-0.00182559,-0.272304,-0.609944,-1.2707,-1.19662,0.702406,8.18148,-5.06715,1.07274,-0.00182559,-0.272304,-0.609944,-1.2707,-1.19662,0.702406,-0.17357,0.830078,-0.354453,0.524131,-0.684825,0.52,-1.67777,-0.685907,0.116528,2.44957,0.936208,0.528207,-0.154985,-0.870678,-0.348688,-0.759542,0.556089,0.2319,-0.2618,0.136101,0.844726,0.559521,1.70754,-1.05378,-0.507029,0.496436,-0.0256224,0.0568145,-0.293387,0,0,0,0,0,0,0,0,0,0,0,0,0,0,0,0,0,0,0,0,0,0,0,0,0,0,0,0,0,-0.146745,0.611108,-0.295567,0.73656,-0.711044,0.279857,-1.62059,-0.55473,0.286305,2.41131,0.584746,0.27233,-0.796925,-0.531819,-0.143336,-0.608387,0.85345,0.292358,-0.25117,0.111934,0.813173,0.450028,1.86171,-0.986263,-0.569337,0.558039,-0.0402415,0.087963,-0.313246,0.737386,2.91182,0.144204,-0.867112,0.756686,-0.00189644,-4.54786,-0.806505,-0.488015,0.929229,0.369888,-0.0177676,2.53579,0.272655,1.90034,1.66624,-1.41262,0.199985,0.0269475,0.230291,0.580756,1.48091,-2.4066,-0.655204,1.50467,-1.0668,0.202046,-0.43891,0.376389,1.10683,2.51391,-2.11179,-0.549899,-0.260224,6.84784,8.32281,-0.858645,-3.19781,-4.93483,33.9358,3.8639,7.15982,-8.72845,-8.07766,-4.14178,-2.18665,-1.58568,-0.431154,-0.100091,-0.406568,-0.157218,1.52358,-0.414671,-0.931941,0.278862,0.00481094,0.128879,-0.192938,0,0,0,0,0,0,0,0,0,0,0,0,0,0,0,0,0,0,0,0,0,0,0,0,0,0,0,0,0,2.55789,2.55789,2.55789,6.3088,6.3088,1.81445,2.55789,2.55789,1.81445,6.3088,6.3088,0.907223,0.907223,1.81445,1.81445,0.907223,0.907223,1.81445,1.81445,0.907223,0.907223,0.907223,0.907223,0.907223,0.907223,1.06814,1.06814,1.06814,1.06814,40.1792,40.1792,40.1792,99.0984,99.0984,28.5012,40.1792,40.1792,28.5012,99.0984,99.0984,14.2506,14.2506,28.5012,28.5012,14.2506,14.2506,28.5012,28.5012,14.2506,14.2506,14.2506,14.2506,14.2506,14.2506,16.7783,16.7783,16.7783,16.7783,0,0,0,0,0,0,0,0,0,0,0,0,0,0,0,0,0,0,0,0,0,0,0,0,0,0,0,0,0,0,0,0,0,0,0,0,0,0,0,0,0,0,0,0,0,0,0,0,0,0,0,0,0,0,0,0,0,0,0,0,0,0,0,0,0,0,0,0,0,0,0,0,0,0,0,0,0,0,0,0,0,0,0,0,0,0,0,0,0,0,0,0,0,0,0,0,0,0,0,0,0,0,0,0,0,0,0,0,0,0,0,0,0,0,0,0,0,-1.2707,-1.19662,0.702406,-2.18785,3.43733,-0.795043,0.811919,-1.94671,-1.98523,0.528756,-1.15608,-0.353382,-2.53238,-1.39011,0.252819,-2.49435,0.310324,-0.343921,1.516,-1.25269,1.92606,0.762602,-0.647347,0.265696,1.27576,-3.93804,-0.413132,5.07774,-0.917764,3.70502,3.38885,1.20436,-0.17357,0.830078,-0.354453,0.524131,-0.684825,0.52,-1.67777,-0.685907,0.116528,2.44957,0.936208,0.528207,-0.154985,-0.870678,-0.348688,-0.759542,0.556089,0.2319,-0.2618,0.136101,0.844726,0.559521,1.70754,-1.05378,-0.507029,0.496436,-0.0256224,0.0568145,-0.293387,0.8,-0.930809,0.349171,-0.108049,0.6,0,0,3,3,3
8.47752,-3.75008,0.584025,-0.108604,-0.0217139,-0.684236,-1.26774,-1.21027,0.697987,8.47752,-3.75008,0.584025,-0.108604,-0.0217139,-0.684236,-1.26774,-1.21027,0.697987,-0.273929,0.756905,-0.334452,0.385915,-0.802985,0.52,-1.6311,-0.685269,0.0802029,2.54517,0.896712,0.531812,-0.167015,-0.87267,-0.340443,-0.693249,0.474657,0.200338,-0.2618,0.149839,0.90434,0.558314,1.64947,-1.09613,-0.492729,0.485318,-0.0239399,0.0487452,-0.287422,0,0,0,0,0,0,0,0,0,0,0,0,0,0,0,0,0,0,0,0,0,0,0,0,0,0,0,0,0,-0.13293,0.67352,-0.302401,0.694703,-0.702798,0.279851,-1.70714,-0.587481,0.274463,2.42718,0.589602,0.271924,-0.738471,-0.527661,-0.104853,-0.579593,0.826019,0.29629,-0.253605,0.122126,0.826661,0.482602,1.80714,-0.990325,-0.550328,0.539072,-0.0445183,0.0799602,-0.312085,0.593361,3.23189,-0.683095,-2.70936,0.320867,0.000126846,-4.14054,-2.17561,-0.608925,0.702956,0.16736,-0.0190881,3.12909,0.158412,1.94666,1.19045,-1.38276,0.154118,-0.177114,0.578814,0.642646,1.57659,-2.75291,0.0209382,-0.172011,-0.88577,-0.916112,-0.190742,-0.617615,-3.14851,-1.68359,-0.538643,-0.639493,-0.261038,6.84429,11.5551,1.23378,-3.41836,-2.21539,33.2524,3.66976,5.58329,-10.0728,-10.372,-3.6654,-2.63631,-2.12722,0.069557,-0.316659,-0.327769,-0.324083,1.02489,-0.921014,0.534084,0.249326,1.29577,-0.183322,0.849893,0,0,0,0,0,0,0,0,0,0,0,0,0,0,0,0,0,0,0,0,0,0,0,0,0,0,0,0,0,2.55789,2.55789,2.55789,6.3088,6.3088,1.81445,2.55789,2.55789,1.81445,6.3088,6.3088,0.907223,0.907223,1.81445,1.81445,0.907223,0.907223,1.81445,1.81445,0.907223,0.907223,0.907223,0.907223,0.907223,0.907223,1.06814,1.06814,1.06814,1.06814,40.1792,40.1792,40.1792,99.0984,99.0984,28.5012,40.1792,40.1792,28.5012,99.0984,99.0984,14.2506,14.2506,28.5012,28.5012,14.2506,14.2506,28.5012,28.5012,14.2506,14.2506,14.2506,14.2506,14.2506,14.2506,16.7783,16.7783,16.7783,16.7783,0,0,0,0,0,0,0,0,0,0,0,0,0,0,0,0,0,0,0,0,0,0,0,0,0,0,0,0,0,0,0,0,0,0,0,0,0,0,0,0,0,0,0,0,0,0,0,0,0,0,0,0,0,0,0,0,0,0,0,0,0,0,0,0,0,0,0,0,0,0,0,0,0,0,0,0,0,0,0,0,0,0,0,0,0,0,0,0,0,0,0,0,0,0,0,0,0,0,0,0,0,0,0,0,0,0,0,0,0,0,0,0,0,0,0,0,0,-1.26774,-1.21027,0.697987,-2.0367,3.30493,-0.776245,0.626246,-2.04326,-2.09283,0.45679,-1.12347,-0.38081,-2.36479,-1.53934,0.0695309,-2.40911,0.341647,-0.321338,1.38236,-1.25153,2.06199,0.65429,-0.610819,0.182871,1.27301,-3.85796,-0.807288,5.35038,-1.25473,3.59239,3.56655,1.21258,-0.273929,0.756905,-0.334452,0.385915,-0.802985,0.52,-1.6311,-0.685269,0.0802029,2.54517,0.896712,0.531812,-0.167015,-0.87267,-0.340443,-0.693249,0.474657,0.200338,-0.2618,0.149839,0.90434,0.558314,1.64947,-1.09613,-0.492729,0.485318,-0.0239399,0.0487452,-0.287422,0.718,-0.935713,0.336687,-0.105277,0.6,0,0,3,3,3
16.7117,0.41497,-0.643304,-0.0754331,-0.102784,-0.724413,-1.25806,-1.2239,0.684984,16.7117,0.41497,-0.643304,-0.0754331,-0.102784,-0.724413,-1.25806,-1.2239,0.684984,-0.418077,0.771683,-0.363263,0.275872,-0.855664,0.52,-1.55671,-0.716405,0.063498,2.6133,0.904985,0.524977,-0.186899,-0.87267,-0.391433,-0.673792,0.452808,0.199202,-0.2618,0.167738,0.923048,0.597988,1.5368,-1.08108,-0.477227,0.476191,-0.0225139,0.0392802,-0.289561,0,0,0,0,0,0,0,0,0,0,0,0,0,0,0,0,0,0,0,0,0,0,0,0,0,0,0,0,0,-0.110923,0.736063,-0.313437,0.623094,-0.727272,0.27988,-1.78348,-0.635548,0.26549,2.44852,0.589952,0.271675,-0.673561,-0.525385,-0.069435,-0.558107,0.797113,0.295453,-0.258844,0.137225,0.847907,0.509848,1.75297,-0.989836,-0.540577,0.526592,-0.0418977,0.0716704,-0.310236,2.9349,2.34892,0.165843,-3.88996,-1.22006,0.00261219,-3.45905,-2.11968,0.143887,1.33627,-0.0401005,-0.0111075,3.14562,0.0758739,1.01086,1.0995,-1.63159,-0.163541,-0.243025,0.719901,1.13727,1.19423,-2.35795,0.0593268,0.476427,-0.56718,-0.321837,-0.295852,-0.0414329,-12.2573,-5.74886,-0.730458,0.670454,0.180373,6.83891,14.9229,3.53528,-5.16703,1.66621,30.6308,3.71652,4.40719,-10.0449,-9.96863,-2.88393,-3.22098,-2.48929,0.373053,-0.479748,-0.212732,-0.395429,0.751539,-1.55305,-0.0623785,-0.148796,-0.0137321,0.0568282,0.0630996,0,0,0,0,0,0,0,0,0,0,0,0,0,0,0,0,0,0,0,0,0,0,0,0,0,0,0,0,0,2.55789,2.55789,2.55789,6.3088,6.3088,1.81445,2.55789,2.55789,1.81445,6.3088,6.3088,0.907223,0.907223,1.81445,1.81445,0.907223,0.907223,1.81445,1.81445,0.907223,0.907223,0.907223,0.907223,0.907223,0.907223,1.06814,1.06814,1.06814,1.06814,40.1792,40.1792,40.1792,99.0984,99.0984,28.5012,40.1792,40.1792,28.5012,99.0984,99.0984,14.2506,14.2506,28.5012,28.5012,14.2506,14.2506,28.5012,28.5012,14.2506,14.2506,14.2506,14.2506,14.2506,14.2506,16.7783,16.7783,16.7783,16.7783,0,0,0,0,0,0,0,0,0,0,0,0,0,0,0,0,0,0,0,0,0,0,0,0,0,0,0,0,0,0,0,0,0,0,0,0,0,0,0,0,0,0,0,0,0,0,0,0,0,0,0,0,0,0,0,0,0,0,0,0,0,0,0,0,0,0,0,0,0,0,0,0,0,0,0,0,0,0,0,0,0,0,0,0,0,0,0,0,0,0,0,0,0,0,0,0,0,0,0,0,0,0,0,0,0,0,0,0,0,0,0,0,0,0,0,0,0,-1.25806,-1.2239,0.684984,-1.99233,3.04804,-0.892505,0.576428,-2.00895,-2.20592,0.4542,-1.08813,-0.426149,-2.33675,-1.66184,-0.193731,-2.27326,0.382458,-0.302196,1.40935,-1.30839,2.10464,0.527245,-0.663438,0.144782,1.36347,-3.88669,-1.1211,5.54467,-1.40496,3.61598,3.65457,1.197,-0.418077,0.771683,-0.363263,0.275872,-0.855664,0.52,-1.55671,-0.716405,0.063498,2.6133,0.904985,0.524977,-0.186899,-0.87267,-0.391433,-0.673792,0.452808,0.199202,-0.2618,0.167738,0.923048,0.597988,1.5368,-1.08108,-0.477227,0.476191,-0.0225139,0.0392802,-0.289561,0.753,-0.940434,0.323487,-0.104597,0.6,0,0,3,3,3
8.47898,5.48032,-2.43016,-0.173774,-0.527553,-0.783028,-1.26672,-1.23918,0.691821,8.47898,5.48032,-2.43016,-0.173774,-0.527553,-0.783028,-1.26672,-1.23918,0.691821,-0.587179,0.827763,-0.492369,0.161535,-0.823147,0.52,-1.5159,-0.757389,0.0203778,2.61957,0.983982,0.497503,-0.204527,-0.87267,-0.521986,-0.706602,0.493153,0.22856,-0.2618,0.189373,0.896419,0.69711,1.32057,-0.985367,-0.44654,0.466374,-0.0201033,0.0227251,-0.294751,0,0,0,0,0,0,0,0,0,0,0,0,0,0,0,0,0,0,0,0,0,0,0,0,0,0,0,0,0,-0.0364345,0.76797,-0.312924,0.547821,-0.760371,0.279915,-1.84072,-0.685093,0.275374,2.48227,0.589425,0.271437,-0.606106,-0.524448,-0.0580641,-0.540922,0.756768,0.286783,-0.265903,0.151274,0.871249,0.537047,1.73242,-1.01288,-0.517666,0.527104,-0.0461651,0.0638954,-0.316176,3.4593,1.3313,-0.317086,-3.47872,-1.48023,0.00143842,-2.30588,-2.88008,0.45474,1.83403,-0.0126776,-0.00989343,3.73662,0.0301691,0.479019,0.630756,-2.32446,-0.524926,-0.406368,0.655725,1.05639,1.32292,-0.215999,-2.22073,1.65338,0.442684,-0.153836,-0.264488,-0.108848,-24.2164,-3.21151,-1.38776,-5.13658,-0.0942206,6.83998,17.4469,5.69308,-6.89972,1.85783,31.3646,3.62245,2.76735,-9.98141,-10.3741,-2.48832,-2.33808,-1.57885,0.842571,-0.357392,-0.229451,-0.32544,-2.49967,0.814448,-0.907454,-1.23975,0.516949,-0.0736749,0.549934,0,0,0,0,0,0,0,0,0,0,0,0,0,0,0,0,0,0,0,0,0,0,0,0,0,0,0,0,0,2.55789,2.55789,2.55789,6.3088,6.3088,1.81445,2.55789,2.55789,1.81445,6.3088,6.3088,0.907223,0.907223,1.81445,1.81445,0.907223,0.907223,1.81445,1.81445,0.907223,0.907223,0.907223,0.907223,0.907223,0.907223,1.06814,1.06814,1.06814,1.06814,40.1792,40.1792,40.1792,99.0984,99.0984,28.5012,40.1792,40.1792,28.5012,99.0984,99.0984,14.2506,14.2506,28.5012,28.5012,14.2506,14.2506,28.5012,28.5012,14.2506,14.2506,14.2506,14.2506,14.2506,14.2506,16.7783,16.7783,16.7783,16.7783,0,0,0,0,0,0,0,0,0,0,0,0,0,0,0,0,0,0,0,0,0,0,0,0,0,0,0,0,0,0,0,0,0,0,0,0,0,0,0,0,0,0,0,0,0,0,0,0,0,0,0,0,0,0,0,0,0,0,0,0,0,0,0,0,0,0,0,0,0,0,0,0,0,0,0,0,0,0,0,0,0,0,0,0,0,0,0,0,0,0,0,0,0,0,0,0,0,0,0,0,0,0,0,0,0,0,0,0,0,0,0,0,0,0,0,0,0,-1.26672,-1.23918,0.691821,-2.06714,2.555,-1.19018,0.668418,-1.79071,-2.27791,0.52114,-1.01816,-0.466343,-2.40777,-1.79362,-0.502568,-2.19871,0.431789,-0.26984,1.51177,-1.38324,2.04393,0.305031,-0.899228,0.0464635,1.58948,-3.95634,-1.44716,5.56253,-1.31223,3.84126,3.61645,1.13436,-0.587179,0.827763,-0.492369,0.161535,-0.823147,0.52,-1.5159,-0.757389,0.0203778,2.61957,0.983982,0.497503,-0.204527,-0.87267,-0.521986,-0.706602,0.493153,0.22856,-0.2618,0.189373,0.896419,0.69711,1.32057,-0.985367,-0.44654,0.466374,-0.0201033,0.0227251,-0.294751,0.697,-0.945518,0.310633,-0.0974783,0.6,0,0,3,3,3
6.57551,2.28152,-0.82208,-0.134825,-0.11914,-0.858435,-1.26777,-1.25475,0.691047,6.57551,2.28152,-0.82208,-0.134825,-0.11914,-0.858435,-1.26777,-1.25475,0.691047,-0.657447,0.784868,-0.52209,0.10816,-0.958143,0.52,-1.5096,-0.737826,-0.00649245,2.67641,1.05146,0.485508,-0.210929,-0.87267,-0.532531,-0.683689,0.477901,0.22004,-0.2618,0.193918,0.93019,0.727352,1.25967,-1.007,-0.449644,0.455984,-0.0180078,0.0150232,-0.293363,0,0,0,0,0,0,0,0,0,0,0,0,0,0,0,0,0,0,0,0,0,0,0,0,0,0,0,0,0,0.0155448,0.790366,-0.334857,0.473789,-0.776681,0.279912,-1.87748,-0.752945,0.281923,2.52089,0.593033,0.271016,-0.522772,-0.524003,-0.056543,-0.528786,0.710733,0.280768,-0.273756,0.163953,0.882737,0.578743,1.72474,-1.05473,-0.489953,0.541426,-0.0445947,0.0603401,-0.316994,1.85491,1.15402,-1.55166,-3.68179,-0.682661,-0.00109217,-1.22178,-3.76733,0.0947902,1.90863,0.248276,-0.0242554,4.67111,0.0165682,-0.225648,0.470752,-2.24967,-0.222418,-0.36655,0.704921,0.383839,2.2315,-0.590933,-2.43111,1.63299,0.785774,0.470739,-0.113307,0.322792,-29.2096,-1.27342,-2.58395,-8.16333,-0.306518,6.84456,17.9676,9.0034,-7.72792,-1.97926,37.2165,3.24934,0.520711,-9.96716,-12.9823,-2.99392,-1.11705,-1.1012,1.0216,-0.256791,-0.16662,-0.312573,-5.27719,3.06056,-0.734355,-2.10077,-0.0576621,-0.502437,0.0999376,0,0,0,0,0,0,0,0,0,0,0,0,0,0,0,0,0,0,0,0,0,0,0,0,0,0,0,0,0,2.55789,2.55789,2.55789,6.3088,6.3088,1.81445,2.55789,2.55789,1.81445,6.3088,6.3088,0.907223,0.907223,1.81445,1.81445,0.907223,0.907223,1.81445,1.81445,0.907223,0.907223,0.907223,0.907223,0.907223,0.907223,1.06814,1.06814,1.06814,1.06814,40.1792,40.1792,40.1792,99.0984,99.0984,28.5012,40.1792,40.1792,28.5012,99.0984,99.0984,14.2506,14.2506,28.5012,28.5012,14.2506,14.2506,28.5012,28.5012,14.2506,14.2506,14.2506,14.2506,14.2506,14.2506,16.7783,16.7783,16.7783,16.7783,0,0,0,0,0,0,0,0,0,0,0,0,0,0,0,0,0,0,0,0,0,0,0,0,0,0,0,0,0,0,0,0,0,0,0,0,0,0,0,0,0,0,0,0,0,0,0,0,0,0,0,0,0,0,0,0,0,0,0,0,0,0,0,0,0,0,0,0,0,0,0,0,0,0,0,0,0,0,0,0,0,0,0,0,0,0,0,0,0,0,0,0,0,0,0,0,0,0,0,0,0,0,0,0,0,0,0,0,0,0,0,0,0,0,0,0,0,-1.26777,-1.25475,0.691047,-2.0149,2.41616,-1.21422,0.633642,-1.84004,-2.32599,0.501712,-1.02523,-0.48094,-2.28893,-1.93308,-0.6309,-2.18721,0.442153,-0.241713,1.43343,-1.34751,2.12093,0.201652,-0.953509,-0.0148034,1.65844,-3.93771,-1.59938,5.72463,-1.6972,4.0337,3.70945,1.10701,-0.657447,0.784868,-0.52209,0.10816,-0.958143,0.52,-1.5096,-0.737826,-0.00649245,2.67641,1.05146,0.485508,-0.210929,-0.87267,-0.532531,-0.683689,0.477901,0.22004,-0.2618,0.193918,0.93019,0.727352,1.25967,-1.007,-0.449644,0.455984,-0.0180078,0.0150232,-0.293363,0.939,-0.95047,0.296654,-0.0927494,0.6,0,0,3,3,3
13.6427,-9.4766,2.96262,-0.0721038,0.279843,-0.625211,-1.24784,-1.26711,0.668126,13.6427,-9.4766,2.96262,-0.0721038,0.279843,-0.625211,-1.24784,-1.26711,0.668126,-0.631692,0.721552,-0.494502,0.130406,-1.13947,0.52,-1.50236,-0.653112,-0.00910584,2.78809,1.06508,0.500477,-0.211241,-0.87267,-0.46967,-0.634707,0.445911,0.199185,-0.2618,0.189894,0.972084,0.713369,1.31342,-1.06671,-0.471792,0.452741,-0.0165328,0.0200719,-0.294948,0,0,0,0,0,0,0,0,0,0,0,0,0,0,0,0,0,0,0,0,0,0,0,0,0,0,0,0,0,0.0357569,0.81497,-0.369413,0.401221,-0.822386,0.279879,-1.88823,-0.830036,0.277019,2.5624,0.600273,0.270528,-0.427816,-0.523528,-0.0661916,-0.522412,0.668323,0.274638,-0.279886,0.177165,0.894347,0.622981,1.69657,-1.07979,-0.467325,0.553168,-0.0361945,0.0565528,-0.310324,0.345109,1.3062,-1.73209,-3.4758,-2.12074,-0.00116106,0.0946615,-3.83145,-0.53829,2.16121,0.378735,-0.0219389,4.85302,0.0272081,-0.688164,0.241135,-2.01476,-0.329965,-0.172001,0.589312,0.60193,2.02815,-1.1696,-1.34939,1.89623,0.259262,0.397302,-0.163539,0.231274,-29.134,-4.5088,-1.6283,-7.50008,-0.0147399,6.84562,15.0261,13.4542,-7.2317,-1.78093,42.3394,3.08385,-1.37702,-9.99611,-12.0746,-2.5315,-0.927632,-1.01769,0.952555,-0.319394,-0.0704276,-0.366382,-5.09424,2.64014,-1.46218,-2.07157,-0.17997,-0.613528,0.0197244,0,0,0,0,0,0,0,0,0,0,0,0,0,0,0,0,0,0,0,0,0,0,0,0,0,0,0,0,0,2.55789,2.55789,2.55789,6.3088,6.3088,1.81445,2.55789,2.55789,1.81445,6.3088,6.3088,0.907223,0.907223,1.81445,1.81445,0.907223,0.907223,1.81445,1.81445,0.907223,0.907223,0.907223,0.907223,0.907223,0.907223,1.06814,1.06814,1.06814,1.06814,40.1792,40.1792,40.1792,99.0984,99.0984,28.5012,40.1792,40.1792,28.5012,99.0984,99.0984,14.2506,14.2506,28.5012,28.5012,14.2506,14.2506,28.5012,28.5012,14.2506,14.2506,14.2506,14.2506,14.2506,14.2506,16.7783,16.7783,16.7783,16.7783,0,0,0,0,0,0,0,0,0,0,0,0,0,0,0,0,0,0,0,0,0,0,0,0,0,0,0,0,0,0,0,0,0,0,0,0,0,0,0,0,0,0,0,0,0,0,0,0,0,0,0,0,0,0,0,0,0,0,0,0,0,0,0,0,0,0,0,0,0,0,0,0,0,0,0,0,0,0,0,0,0,0,0,0,0,0,0,0,0,0,0,0,0,0,0,0,0,0,0,0,0,0,0,0,0,0,0,0,0,0,0,0,0,0,0,0,0,-1.24784,-1.26711,0.668126,-1.90321,2.53871,-1.07089,0.5607,-1.97619,-2.37657,0.454161,-1.07573,-0.481651,-2.12963,-1.97661,-0.583862,-2.174,0.432977,-0.221914,1.31779,-1.1928,2.21645,0.269418,-0.903123,-0.0207622,1.62655,-3.95899,-1.53594,6.04312,-2.2143,4.07252,3.88539,1.14114,-0.631692,0.721552,-0.494502,0.130406,-1.13947,0.52,-1.50236,-0.653112,-0.00910584,2.78809,1.06508,0.500477,-0.211241,-0.87267,-0.46967,-0.634707,0.445911,0.199185,-0.2618,0.189894,0.972084,0.713369,1.31342,-1.06671,-0.471792,0.452741,-0.0165328,0.0200719,-0.294948,0.678,-0.954241,0.283577,-0.0949042,0.6,0,0,3,3,3
8.03426,-1.8113,1.22573,-0.095587,0.227463,-0.607166,-1.21814,-1.27545,0.63556,8.03426,-1.8113,1.22573,-0.095587,0.227463,-0.607166,-1.21814,-1.27545,0.63556,-0.554102,0.688144,-0.501434,0.211868,-1.24945,0.52,-1.4822,-0.524032,0.00363104,2.8798,1.02612,0.531248,-0.192736,-0.87267,-0.421726,-0.623062,0.470591,0.197554,-0.2618,0.183293,0.990944,0.676265,1.42935,-1.13818,-0.518067,0.459505,-0.0160206,0.0384279,-0.308047,0,0,0,0,0,0,0,0,0,0,0,0,0,0,0,0,0,0,0,0,0,0,0,0,0,0,0,0,0,0.0303091,0.842557,-0.399175,0.343661,-0.893438,0.279861,-1.8665,-0.897644,0.257601,2.61442,0.60683,0.270395,-0.332004,-0.52278,-0.0823322,-0.517765,0.63038,0.26516,-0.281279,0.186918,0.913415,0.654094,1.66609,-1.09367,-0.441765,0.551603,-0.0314464,0.0537332,-0.305864,-0.745084,1.43283,-1.32573,-2.46141,-1.79749,0.000952014,1.95404,-3.01681,-1.27033,2.86134,0.281669,0.00121402,4.91253,0.0424364,-0.896531,0.289242,-1.83933,-0.519681,0.0781449,0.359307,1.03113,1.2545,-1.02424,-1.40332,1.70322,-0.267805,-0.242046,0.0169859,-0.191657,-25.0324,-8.39499,-0.47144,-5.55402,-10.7753,6.84291,10.2424,17.5011,-5.46139,-0.120746,43.6225,3.27843,-2.58283,-10.0457,-9.48136,-1.91516,-1.01191,-0.98624,0.484591,-0.302123,-0.0825513,-0.308933,-4.03298,1.50309,-2.01069,-1.37181,0.296182,-0.553824,0.242287,0,0,0,0,0,0,0,0,0,0,0,0,0,0,0,0,0,0,0,0,0,0,0,0,0,0,0,0,0,2.55789,2.55789,2.55789,6.3088,6.3088,1.81445,2.55789,2.55789,1.81445,6.3088,6.3088,0.907223,0.907223,1.81445,1.81445,0.907223,0.907223,1.81445,1.81445,0.907223,0.907223,0.907223,0.907223,0.907223,0.907223,1.06814,1.06814,1.06814,1.06814,40.1792,40.1792,40.1792,99.0984,99.0984,28.5012,40.1792,40.1792,28.5012,99.0984,99.0984,14.2506,14.2506,28.5012,28.5012,14.2506,14.2506,28.5012,28.5012,14.2506,14.2506,14.2506,14.2506,14.2506,14.2506,16.7783,16.7783,16.7783,16.7783,0,0,0,0,0,0,0,0,0,0,0,0,0,0,0,0,0,0,0,0,0,0,0,0,0,0,0,0,0,0,0,0,0,0,0,0,0,0,0,0,0,0,0,0,0,0,0,0,0,0,0,0,0,0,0,0,0,0,0,0,0,0,0,0,0,0,0,0,0,0,0,0,0,0,0,0,0,0,0,0,0,0,0,0,0,0,0,0,0,0,0,0,0,0,0,0,0,0,0,0,0,0,0,0,0,0,0,0,0,0,0,0,0,0,0,0,0,-1.21814,-1.27545,0.63556,-1.87666,2.80303,-0.961576,0.616975,-2.13914,-2.39407,0.450444,-1.18124,-0.439456,-2.07849,-1.88582,-0.442158,-2.13718,0.417927,-0.215039,1.25678,-0.957055,2.25945,0.515804,-0.915783,0.00827914,1.54195,-4.13481,-1.30363,6.42448,-2.52793,3.96142,4.00591,1.2113,-0.554102,0.688144,-0.501434,0.211868,-1.24945,0.52,-1.4822,-0.524032,0.00363104,2.8798,1.02612,0.531248,-0.192736,-0.87267,-0.421726,-0.623062,0.470591,0.197554,-0.2618,0.183293,0.990944,0.676265,1.42935,-1.13818,-0.518067,0.459505,-0.0160206,0.0384279,-0.308047,0.693,-0.956702,0.273157,-0.100532,0.6,0,0,3,3,3
15.4326,-12.7589,4.33944,0.0702873,0.487568,-0.0761536,-1.18835,-1.27472,0.605601,15.4326,-12.7589,4.33944,0.0702873,0.487568,-0.0761536,-1.18835,-1.27472,0.605601,-0.413293,0.716811,-0.482132,0.338038,-1.28491,0.52,-1.47739,-0.448423,0.01399,2.8798,0.932401,0.544445,-0.150325,-0.87267,-0.371898,-0.597341,0.500957,0.185301,-0.2618,0.165043,0.99808,0.578405,1.60545,-1.23413,-0.583356,0.474834,-0.0159047,0.0697846,-0.317692,0,0,0,0,0,0,0,0,0,0,0,0,0,0,0,0,0,0,0,0,0,0,0,0,0,0,0,0,0,0.00978641,0.863372,-0.426711,0.301589,-0.916068,0.280111,-1.81295,-0.930567,0.224766,2.68076,0.60934,0.270805,-0.255116,-0.520552,-0.0975881,-0.511146,0.59543,0.252809,-0.276524,0.189561,0.934878,0.665603,1.6457,-1.0879,-0.429363,0.536792,-0.0278056,0.0511503,-0.304344,-1.27715,0.612803,-1.80736,-3.00057,-1.05437,0.0403085,3.48554,-0.513288,-1.90996,3.51515,0.0553375,0.02719,3.44966,0.206408,-1.01709,0.45843,-1.58265,-0.583676,0.329253,0.0340999,1.03951,0.307127,-0.998381,0.389413,0.750427,-0.904405,0.26913,-0.061717,-0.0347302,-20.1405,-8.90274,1.32933,8.3936,-26.4463,6.77253,4.45329,18.4085,-2.96859,-1.53793,40.9304,3.68745,-2.42116,-10.2086,-7.07488,-2.01109,-0.366531,-0.739697,0.0561114,-0.147849,-0.152887,-0.149776,-2.0562,-0.977818,-1.76298,-0.413297,-0.105416,-0.172661,-0.053223,0,0,0,0,0,0,0,0,0,0,0,0,0,0,0,0,0,0,0,0,0,0,0,0,0,0,0,0,0,2.55789,2.55789,2.55789,6.3088,6.3088,1.81445,2.55789,2.55789,1.81445,6.3088,6.3088,0.907223,0.907223,1.81445,1.81445,0.907223,0.907223,1.81445,1.81445,0.907223,0.907223,0.907223,0.907223,0.907223,0.907223,1.06814,1.06814,1.06814,1.06814,40.1792,40.1792,40.1792,99.0984,99.0984,28.5012,40.1792,40.1792,28.5012,99.0984,99.0984,14.2506,14.2506,28.5012,28.5012,14.2506,14.2506,28.5012,28.5012,14.2506,14.2506,14.2506,14.2506,14.2506,14.2506,16.7783,16.7783,16.7783,16.7783,0,0,0,0,0,0,0,0,0,0,0,0,0,0,0,0,0,0,0,0,0,0,0,0,0,0,0,0,0,0,0,0,0,0,0,0,0,0,0,0,0,0,0,0,0,0,0,0,0,0,0,0,0,0,0,0,0,0,0,0,0,0,0,0,0,0,0,0,0,0,0,0,0,0,0,0,0,0,0,0,0,0,0,0,0,0,0,0,0,0,0,0,0,0,0,0,0,0,0,0,0,0,0,0,0,0,0,0,0,0,0,0,0,0,0,0,0,-1.18835,-1.27472,0.605601,-1.81802,3.20456,-0.847964,0.686212,-2.35793,-2.32575,0.422506,-1.33011,-0.342756,-2.02206,-1.68006,-0.184994,-2.12838,0.376315,-0.213483,1.30913,-0.818968,2.27572,0.936694,-0.880531,0.0318986,1.31882,-4.26428,-0.943823,6.58051,-2.62905,3.69416,3.91494,1.24139,-0.413293,0.716811,-0.482132,0.338038,-1.28491,0.52,-1.47739,-0.448423,0.01399,2.8798,0.932401,0.544445,-0.150325,-0.87267,-0.371898,-0.597341,0.500957,0.185301,-0.2618,0.165043,0.99808,0.578405,1.60545,-1.23413,-0.583356,0.474834,-0.0159047,0.0697846,-0.317692,1.229,-0.956488,0.270694,-0.108886,0.6,0,0,3,3,3
8.64271,-4.93081,1.83362,0.240289,0.306365,0.217028,-1.16627,-1.26866,0.585511,8.64271,-4.93081,1.83362,0.240289,0.306365,0.217028,-1.16627,-1.26866,0.585511,-0.241216,0.828826,-0.468905,0.533417,-1.20372,0.52,-1.47917,-0.473357,0.0372668,2.8798,0.928037,0.527024,-0.0940862,-0.87267,-0.34628,-0.641231,0.561186,0.172942,-0.2618,0.141198,0.99915,0.485762,1.81139,-1.33314,-0.672303,0.494135,-0.0164571,0.10301,-0.325325,0,0,0,0,0,0,0,0,0,0,0,0,0,0,0,0,0,0,0,0,0,0,0,0,0,0,0,0,0,-0.0411403,0.863842,-0.450853,0.277461,-0.931246,0.280174,-1.73746,-0.905731,0.182528,2.7485,0.605861,0.271392,-0.209554,-0.514032,-0.111186,-0.497482,0.568921,0.239419,-0.266837,0.185719,0.955098,0.649259,1.63923,-1.0723,-0.421673,0.511064,-0.0242643,0.0529022,-0.304372,-2.88422,-0.285846,-0.877154,-0.226142,-0.559636,-0.0134924,3.9362,2.30175,-2.01462,3.1312,-0.251684,0.0260129,1.74696,0.276447,-0.559749,0.969492,-1.11563,-0.637601,0.474937,-0.359977,0.957084,-1.17312,0.164475,0.846516,0.0321486,-1.3497,0.147589,0.0753995,-0.0421537,-7.82539,-5.3029,1.05446,8.24218,-31.3663,6.85662,0.726373,13.1077,-1.15583,-6.59701,33.9109,3.86692,-0.7488,-10.7549,-6.41772,-2.21429,0.0469013,-0.398195,-0.711201,0.00681266,-0.245827,0.0245446,-0.528735,-3.08077,-2.36665,0.815981,-0.020234,0.189989,-0.187242,0,0,0,0,0,0,0,0,0,0,0,0,0,0,0,0,0,0,0,0,0,0,0,0,0,0,0,0,0,2.55789,2.55789,2.55789,6.3088,6.3088,1.81445,2.55789,2.55789,1.81445,6.3088,6.3088,0.907223,0.907223,1.81445,1.81445,0.907223,0.907223,1.81445,1.81445,0.907223,0.907223,0.907223,0.907223,0.907223,0.907223,1.06814,1.06814,1.06814,1.06814,40.1792,40.1792,40.1792,99.0984,99.0984,28.5012,40.1792,40.1792,28.5012,99.0984,99.0984,14.2506,14.2506,28.5012,28.5012,14.2506,14.2506,28.5012,28.5012,14.2506,14.2506,14.2506,14.2506,14.2506,14.2506,16.7783,16.7783,16.7783,16.7783,0,0,0,0,0,0,0,0,0,0,0,0,0,0,0,0,0,0,0,0,0,0,0,0,0,0,0,0,0,0,0,0,0,0,0,0,0,0,0,0,0,0,0,0,0,0,0,0,0,0,0,0,0,0,0,0,0,0,0,0,0,0,0,0,0,0,0,0,0,0,0,0,0,0,0,0,0,0,0,0,0,0,0,0,0,0,0,0,0,0,0,0,0,0,0,0,0,0,0,0,0,0,0,0,0,0,0,0,0,0,0,0,0,0,0,0,0,-1.16627,-1.26866,0.585511,-1.91809,3.67414,-0.789553,0.82354,-2.58368,-2.20218,0.394325,-1.53292,-0.214526,-2.13678,-1.42099,0.129275,-2.13163,0.321946,-0.220898,1.51371,-0.864506,2.27816,1.38267,-0.856375,0.084972,1.10759,-4.36672,-0.386648,6.37544,-2.39752,3.68172,3.55251,1.20167,-0.241216,0.828826,-0.468905,0.533417,-1.20372,0.52,-1.47917,-0.473357,0.0372668,2.8798,0.928037,0.527024,-0.0940862,-0.87267,-0.34628,-0.641231,0.561186,0.172942,-0.2618,0.141198,0.99915,0.485762,1.81139,-1.33314,-0.672303,0.494135,-0.0164571,0.10301,-0.325325,0.677,-0.954702,0.273548,-0.117117,0.6,0,0,3,3,3
9.28125,-3.1921,1.26055,0.538807,0.158522,0.117146,-1.14962,-1.26364,0.576832,9.28125,-3.1921,1.26055,0.538807,0.158522,0.117146,-1.14962,-1.26364,0.576832,-0.168497,0.85554,-0.318714,0.637344,-1.1044,0.52,-1.41217,-0.431337,0.0520127,2.83377,0.918309,0.512553,-0.0557147,-0.87267,-0.367735,-0.702507,0.630274,0.171243,-0.2618,0.12262,1.0484,0.39539,1.99001,-1.41248,-0.749917,0.518883,-0.016691,0.129696,-0.3407,0,0,0,0,0,0,0,0,0,0,0,0,0,0,0,0,0,0,0,0,0,0,0,0,0,0,0,0,0,-0.101661,0.855662,-0.466198,0.297831,-0.936102,0.279433,-1.65551,-0.844239,0.146643,2.80125,0.601472,0.271587,-0.181091,-0.515954,-0.12178,-0.471333,0.553703,0.226693,-0.258771,0.175461,0.973297,0.61029,1.65582,-1.05768,-0.434801,0.486919,-0.0224144,0.0581869,-0.305359,-2.97263,-0.40294,-0.70081,1.6759,-0.0576949,-0.0415178,4.07124,3.58551,-1.55689,2.22817,-0.18273,-8.39105e-05,1.21855,-0.378327,-0.504402,1.55409,-0.473354,-0.640782,0.321114,-0.621308,0.825755,-2.093,1.21117,0.558107,-1.05252,-0.856972,0.076247,0.304439,-0.0915798,1.86425,-0.0370391,1.66328,13.5694,-26.0159,6.9338,-3.0888,6.2551,-0.27406,-6.39232,33.5342,3.63896,0.132809,-9.59603,-5.49916,-3.74801,0.569936,-0.403841,-0.689431,0.0528424,-0.379972,0.0997021,1.19414,-4.46551,-2.49079,1.13861,0.0196187,0.436611,-0.249009,0,0,0,0,0,0,0,0,0,0,0,0,0,0,0,0,0,0,0,0,0,0,0,0,0,0,0,0,0,2.55789,2.55789,2.55789,6.3088,6.3088,1.81445,2.55789,2.55789,1.81445,6.3088,6.3088,0.907223,0.907223,1.81445,1.81445,0.907223,0.907223,1.81445,1.81445,0.907223,0.907223,0.907223,0.907223,0.907223,0.907223,1.06814,1.06814,1.06814,1.06814,40.1792,40.1792,40.1792,99.0984,99.0984,28.5012,40.1792,40.1792,28.5012,99.0984,99.0984,14.2506,14.2506,28.5012,28.5012,14.2506,14.2506,28.5012,28.5012,14.2506,14.2506,14.2506,14.2506,14.2506,14.2506,16.7783,16.7783,16.7783,16.7783,0,0,0,0,0,0,0,0,0,0,0,0,0,0,0,0,0,0,0,0,0,0,0,0,0,0,0,0,0,0,0,0,0,0,0,0,0,0,0,0,0,0,0,0,0,0,0,0,0,0,0,0,0,0,0,0,0,0,0,0,0,0,0,0,0,0,0,0,0,0,0,0,0,0,0,0,0,0,0,0,0,0,0,0,0,0,0,0,0,0,0,0,0,0,0,0,0,0,0,0,0,0,0,0,0,0,0,0,0,0,0,0,0,0,0,0,0,-1.14962,-1.26364,0.576832,-2.05781,4.08139,-0.838472,0.981068,-2.76458,-2.05678,0.39045,-1.70988,-0.127035,-2.15241,-1.0888,0.262083,-2.00927,0.279585,-0.224038,1.5625,-0.787763,2.39045,1.74087,-0.582076,0.118594,0.901529,-4.57309,-0.0902764,6.17339,-2.11428,3.65398,3.21407,1.16867,-0.168497,0.85554,-0.318714,0.637344,-1.1044,0.52,-1.41217,-0.431337,0.0520127,2.83377,0.918309,0.512553,-0.0557147,-0.87267,-0.367735,-0.702507,0.630274,0.171243,-0.2618,0.12262,1.0484,0.39539,1.99001,-1.41248,-0.749917,0.518883,-0.016691,0.129696,-0.3407,0.957,-0.953198,0.275925,-0.12361,0.6,0,0,3,3,3
9.47547,-3.18688,1.44155,0.614769,-0.174465,-0.341985,-1.13472,-1.26683,0.57462,9.47547,-3.18688,1.44155,0.614769,-0.174465,-0.341985,-1.13472,-1.26683,0.57462,-0.0622122,0.824221,-0.167446,0.744523,-0.918255,0.52,-1.41797,-0.431977,0.0614304,2.72273,0.861417,0.480694,-0.0332359,-0.815762,-0.397028,-0.748063,0.674857,0.175361,-0.2618,0.101631,1.06872,0.298515,2.0944,-1.43937,-0.796407,0.541424,-0.0164617,0.151454,-0.350906,0,0,0,0,0,0,0,0,0,0,0,0,0,0,0,0,0,0,0,0,0,0,0,0,0,0,0,0,0,-0.14779,0.850525,-0.456738,0.337486,-0.932223,0.278726,-1.58125,-0.755699,0.123407,2.83308,0.598313,0.27137,-0.162204,-0.524055,-0.132635,-0.433827,0.554069,0.215492,-0.253283,0.162053,0.998187,0.556227,1.69598,-1.05811,-0.465249,0.469864,-0.0204687,0.0687652,-0.30986,-1.84829,-0.409111,1.15518,2.2565,0.292774,-0.0253666,3.10012,4.96069,-0.763485,1.13951,-0.13605,-0.0162365,0.703593,-0.138824,-0.50862,1.97689,0.361561,-0.54126,0.240042,-0.737392,1.33834,-2.71967,2.23095,-0.496468,-1.72883,-0.538065,0.302059,0.318361,-0.263315,3.96575,1.0784,2.95922,16.358,-18.8252,6.92675,-1.30937,1.01841,-0.616763,-7.47628,32.5767,3.45109,0.823252,-9.59823,-5.74032,-5.55002,0.81389,-0.266904,-0.639214,0.0818165,-0.49102,0.152221,2.32824,-4.63319,-2.72575,1.18663,0.0161608,0.482021,-0.286999,0,0,0,0,0,0,0,0,0,0,0,0,0,0,0,0,0,0,0,0,0,0,0,0,0,0,0,0,0,2.55789,2.55789,2.55789,6.3088,6.3088,1.81445,2.55789,2.55789,1.81445,6.3088,6.3088,0.907223,0.907223,1.81445,1.81445,0.907223,0.907223,1.81445,1.81445,0.907223,0.907223,0.907223,0.907223,0.907223,0.907223,1.06814,1.06814,1.06814,1.06814,40.1792,40.1792,40.1792,99.0984,99.0984,28.5012,40.1792,40.1792,28.5012,99.0984,99.0984,14.2506,14.2506,28.5012,28.5012,14.2506,14.2506,28.5012,28.5012,14.2506,14.2506,14.2506,14.2506,14.2506,14.2506,16.7783,16.7783,16.7783,16.7783,0,0,0,0,0,0,0,0,0,0,0,0,0,0,0,0,0,0,0,0,0,0,0,0,0,0,0,0,0,0,0,0,0,0,0,0,0,0,0,0,0,0,0,0,0,0,0,0,0,0,0,0,0,0,0,0,0,0,0,0,0,0,0,0,0,0,0,0,0,0,0,0,0,0,0,0,0,0,0,0,0,0,0,0,0,0,0,0,0,0,0,0,0,0,0,0,0,0,0,0,0,0,0,0,0,0,0,0,0,0,0,0,0,0,0,0,0,-1.13472,-1.26683,0.57462,-2.16168,4.33652,-0.905264,1.08272,-2.82588,-1.86002,0.399841,-1.81589,-0.0757812,-2.12439,-0.786245,0.456195,-2.01987,0.231728,-0.220959,1.5053,-0.788932,2.43679,2.03292,-0.305811,0.140067,0.680644,-4.7101,0.215372,5.85672,-1.58345,3.49174,2.86688,1.09603,-0.0622122,0.824221,-0.167446,0.744523,-0.918255,0.52,-1.41797,-0.431977,0.0614304,2.72273,0.861417,0.480694,-0.0332359,-0.815762,-0.397028,-0.748063,0.674857,0.175361,-0.2618,0.101631,1.06872,0.298515,2.0944,-1.43937,-0.796407,0.541424,-0.0164617,0.151454,-0.350906,0.609,-0.954156,0.271301,-0.126425,0.6,0,0,3,3,3
9.76082,-1.95561,1.17981,0.897505,-0.261859,-0.405436,-1.12167,-1.2757,0.576913,9.76082,-1.95561,1.17981,0.897505,-0.261859,-0.405436,-1.12167,-1.2757,0.576913,0.116035,0.726389,-0.113205,0.96026,-0.681937,0.52,-1.59461,-0.503005,0.0858369,2.58102,0.769399,0.422319,0.00728392,-0.697822,-0.406899,-0.812407,0.721479,0.181699,-0.2618,0.0763654,1.0063,0.182335,2.0944,-1.44878,-0.831318,0.556961,-0.0167359,0.165469,-0.344066,0,0,0,0,0,0,0,0,0,0,0,0,0,0,0,0,0,0,0,0,0,0,0,0,0,0,0,0,0,-0.166984,0.839908,-0.409945,0.393209,-0.918797,0.278496,-1.53165,-0.646843,0.110708,2.83681,0.59375,0.27073,-0.160299,-0.52395,-0.144671,-0.395946,0.565503,0.207028,-0.247426,0.145687,1.0259,0.489985,1.75367,-1.07185,-0.510345,0.458258,-0.0173985,0.0770552,-0.318035,-0.462053,-0.7056,2.76553,2.89659,0.764625,-0.0214954,2.04355,5.47768,-0.562969,-0.493799,-0.254468,-0.0373915,-0.214528,0.0602894,-0.628742,1.81125,0.704545,-0.373962,0.37285,-0.882718,1.32813,-3.28722,3.49766,-0.861104,-2.41103,-0.191183,-0.0192894,0.680232,-0.429328,5.49176,1.00171,2.91248,17.1209,-4.69916,6.91778,-0.70668,-5.0612,-0.40635,-9.00724,28.1038,3.02535,1.96463,-8.41423,-6.07519,-6.62872,0.958211,-0.234039,-1.04492,0.149377,-0.57992,0.229847,1.88792,-4.5061,-1.97123,1.71871,0.035938,0.562833,-0.102617,0,0,0,0,0,0,0,0,0,0,0,0,0,0,0,0,0,0,0,0,0,0,0,0,0,0,0,0,0,2.55789,2.55789,2.55789,6.3088,6.3088,1.81445,2.55789,2.55789,1.81445,6.3088,6.3088,0.907223,0.907223,1.81445,1.81445,0.907223,0.907223,1.81445,1.81445,0.907223,0.907223,0.907223,0.907223,0.907223,0.907223,1.06814,1.06814,1.06814,1.06814,40.1792,40.1792,40.1792,99.0984,99.0984,28.5012,40.1792,40.1792,28.5012,99.0984,99.0984,14.2506,14.2506,28.5012,28.5012,14.2506,14.2506,28.5012,28.5012,14.2506,14.2506,14.2506,14.2506,14.2506,14.2506,16.7783,16.7783,16.7783,16.7783,0,0,0,0,0,0,0,0,0,0,0,0,0,0,0,0,0,0,0,0,0,0,0,0,0,0,0,0,0,0,0,0,0,0,0,0,0,0,0,0,0,0,0,0,0,0,0,0,0,0,0,0,0,0,0,0,0,0,0,0,0,0,0,0,0,0,0,0,0,0,0,0,0,0,0,0,0,0,0,0,0,0,0,0,0,0,0,0,0,0,0,0,0,0,0,0,0,0,0,0,0,0,0,0,0,0,0,0,0,0,0,0,0,0,0,0,0,-1.12167,-1.2757,0.576913,-2.30839,4.49622,-0.92777,1.18902,-2.84735,-1.5911,0.414292,-1.89549,0.0166081,-2.11213,-0.577696,0.781732,-2.34246,0.174121,-0.22464,1.32663,-0.918653,2.29446,2.22103,-0.20675,0.195717,0.415741,-4.61829,0.830602,5.45261,-0.90953,3.22932,2.53549,0.962929,0.116035,0.726389,-0.113205,0.96026,-0.681937,0.52,-1.59461,-0.503005,0.0858369,2.58102,0.769399,0.422319,0.00728392,-0.697822,-0.406899,-0.812407,0.721479,0.181699,-0.2618,0.0763654,1.0063,0.182335,2.0944,-1.44878,-0.831318,0.556961,-0.0167359,0.165469,-0.344066,0.662,-0.956773,0.261993,-0.126275,0.6,0,0,3,3,3
9.57271,-1.3596,0.71802,1.19675,-0.238529,-0.342464,-1.10418,-1.285,0.580949,9.57271,-1.3596,0.71802,1.19675,-0.238529,-0.342464,-1.10418,-1.285,0.580949,0.293773,0.706265,-0.133294,1.12682,-0.464718,0.52,-1.76911,-0.612133,0.0863632,2.42782,0.715325,0.358289,0.0244013,-0.565925,-0.384547,-0.870618,0.710719,0.180713,-0.2618,0.0451074,0.892439,0.123983,2.0944,-1.38973,-0.814205,0.55974,-0.0183867,0.164579,-0.322981,0,0,0,0,0,0,0,0,0,0,0,0,0,0,0,0,0,0,0,0,0,0,0,0,0,0,0,0,0,-0.165906,0.805937,-0.35892,0.466407,-0.872524,0.277809,-1.50981,-0.543652,0.10621,2.80546,0.585532,0.269476,-0.171475,-0.515663,-0.160596,-0.363183,0.582391,0.202829,-0.238396,0.126252,1.03844,0.410528,1.83083,-1.08729,-0.567228,0.459226,-0.0138824,0.0865211,-0.325027,0.421809,-2.33337,2.497,3.8623,2.07523,-0.0384287,0.490338,4.768,-0.123582,-2.29361,-0.449349,-0.0694925,-0.840929,0.629232,-0.914061,1.42483,0.945831,-0.209561,0.460918,-1.02194,0.306258,-3.9326,3.97383,-0.703447,-2.96238,0.31912,-0.0438912,0.567795,-0.331859,10.3851,2.36934,3.69186,25.3797,6.10051,6.97472,-4.83708,-10.4597,-0.391662,-8.93692,21.0164,2.24042,3.23837,-6.26352,-5.44416,-7.70295,1.16451,-0.249707,-1.4942,0.192809,-0.753185,0.288732,0.285079,-4.53961,-1.0894,1.50746,-0.0885612,0.879402,0.0405651,0,0,0,0,0,0,0,0,0,0,0,0,0,0,0,0,0,0,0,0,0,0,0,0,0,0,0,0,0,2.55789,2.55789,2.55789,6.3088,6.3088,1.81445,2.55789,2.55789,1.81445,6.3088,6.3088,0.907223,0.907223,1.81445,1.81445,0.907223,0.907223,1.81445,1.81445,0.907223,0.907223,0.907223,0.907223,0.907223,0.907223,1.06814,1.06814,1.06814,1.06814,40.1792,40.1792,40.1792,99.0984,99.0984,28.5012,40.1792,40.1792,28.5012,99.0984,99.0984,14.2506,14.2506,28.5012,28.5012,14.2506,14.2506,28.5012,28.5012,14.2506,14.2506,14.2506,14.2506,14.2506,14.2506,16.7783,16.7783,16.7783,16.7783,0,0,0,0,0,0,0,0,0,0,0,0,0,0,0,0,0,0,0,0,0,0,0,0,0,0,0,0,0,0,0,0,0,0,0,0,0,0,0,0,0,0,0,0,0,0,0,0,0,0,0,0,0,0,0,0,0,0,0,0,0,0,0,0,0,0,0,0,0,0,0,0,0,0,0,0,0,0,0,0,0,0,0,0,0,0,0,0,0,0,0,0,0,0,0,0,0,0,0,0,0,0,0,0,0,0,0,0,0,0,0,0,0,0,0,0,0,-1.10418,-1.285,0.580949,-2.44112,4.42368,-0.876807,1.16449,-2.71269,-1.29036,0.412043,-1.85647,0.0556375,-2.1703,-0.540398,1.10634,-2.66117,0.102849,-0.246798,1.28987,-1.11796,2.03485,2.20908,-0.243439,0.196917,0.282695,-4.33527,1.30559,5.01573,-0.290074,3.07512,2.31346,0.816936,0.293773,0.706265,-0.133294,1.12682,-0.464718,0.52,-1.76911,-0.612133,0.0863632,2.42782,0.715325,0.358289,0.0244013,-0.565925,-0.384547,-0.870618,0.710719,0.180713,-0.2618,0.0451074,0.892439,0.123983,2.0944,-1.38973,-0.814205,0.55974,-0.0183867,0.164579,-0.322981,0.856,-0.959438,0.251783,-0.126827,0.6,0,0,3,3,3
9.50635,-1.11571,0.648677,1.34931,-0.162364,-0.0489866,-1.08506,-1.29014,0.587796,9.50635,-1.11571,0.648677,1.34931,-0.162364,-0.0489866,-1.08506,-1.29014,0.587796,0.429309,0.825995,-0.224974,1.16214,-0.297443,0.52,-1.86284,-0.760551,0.0775072,2.26575,0.707628,0.299764,0.0128747,-0.456679,-0.353085,-0.908531,0.671659,0.172076,-0.2618,0.0170491,0.779106,0.125833,2.02742,-1.2872,-0.756167,0.550786,-0.0217289,0.151886,-0.29498,0,0,0,0,0,0,0,0,0,0,0,0,0,0,0,0,0,0,0,0,0,0,0,0,0,0,0,0,0,-0.152855,0.739275,-0.317216,0.553654,-0.785524,0.277177,-1.51715,-0.462532,0.104512,2.73858,0.575877,0.26766,-0.197823,-0.495215,-0.180745,-0.343253,0.60018,0.200179,-0.228379,0.102706,1.02227,0.332326,1.90579,-1.09623,-0.623723,0.473492,-0.012091,0.0961294,-0.326936,0.883704,-3.81483,2.0637,4.61775,4.05803,-0.014608,-0.840771,3.45095,-0.183266,-4.00379,-0.462797,-0.0924983,-1.69495,1.21427,-1.11451,0.613649,0.855113,-0.16071,0.424009,-1.16801,-1.21745,-3.63284,3.51117,-0.274195,-2.49489,1.08925,-0.12565,0.71857,-0.00205978,15.8078,8.03114,2.31502,28.3267,6.59354,6.95758,-8.19062,-14.9326,-0.272468,-6.89193,16.7273,1.37534,4.59763,-4.14229,-3.88707,-8.12894,0.818942,-0.289004,-1.75238,0.227303,-0.788867,0.314226,-0.427504,-3.91532,-0.413339,0.476534,-0.00178389,0.50538,0.0847152,0,0,0,0,0,0,0,0,0,0,0,0,0,0,0,0,0,0,0,0,0,0,0,0,0,0,0,0,0,2.55789,2.55789,2.55789,6.3088,6.3088,1.81445,2.55789,2.55789,1.81445,6.3088,6.3088,0.907223,0.907223,1.81445,1.81445,0.907223,0.907223,1.81445,1.81445,0.907223,0.907223,0.907223,0.907223,0.907223,0.907223,1.06814,1.06814,1.06814,1.06814,40.1792,40.1792,40.1792,99.0984,99.0984,28.5012,40.1792,40.1792,28.5012,99.0984,99.0984,14.2506,14.2506,28.5012,28.5012,14.2506,14.2506,28.5012,28.5012,14.2506,14.2506,14.2506,14.2506,14.2506,14.2506,16.7783,16.7783,16.7783,16.7783,0,0,0,0,0,0,0,0,0,0,0,0,0,0,0,0,0,0,0,0,0,0,0,0,0,0,0,0,0,0,0,0,0,0,0,0,0,0,0,0,0,0,0,0,0,0,0,0,0,0,0,0,0,0,0,0,0,0,0,0,0,0,0,0,0,0,0,0,0,0,0,0,0,0,0,0,0,0,0,0,0,0,0,0,0,0,0,0,0,0,0,0,0,0,0,0,0,0,0,0,0,0,0,0,0,0,0,0,0,0,0,0,0,0,0,0,0,-1.08506,-1.29014,0.587796,-2.52756,4.1667,-0.805069,1.07543,-2.47893,-1.04127,0.392351,-1.72414,0.0293555,-2.29506,-0.660584,1.35387,-2.83234,0.0388737,-0.291659,1.50854,-1.38902,1.77644,2.03872,-0.410876,0.176724,0.286912,-3.95942,1.40631,4.55354,0.186952,3.05317,2.16071,0.683491,0.429309,0.825995,-0.224974,1.16214,-0.297443,0.52,-1.86284,-0.760551,0.0775072,2.26575,0.707628,0.299764,0.0128747,-0.456679,-0.353085,-0.908531,0.671659,0.172076,-0.2618,0.0170491,0.779106,0.125833,2.02742,-1.2872,-0.756167,0.550786,-0.0217289,0.151886,-0.29498,0.62,-0.960873,0.24495,-0.129314,0.6,0,0,3,3,3
9.62537,-1.60224,1.05706,1.39943,-0.0758044,0.560324,-1.07393,-1.28486,0.608104,9.62537,-1.60224,1.05706,1.39943,-0.0758044,0.560324,-1.07393,-1.28486,0.608104,0.400056,1.00623,-0.349641,0.964484,-0.215849,0.52,-1.83327,-0.88708,0.0286157,2.22227,0.632538,0.264823,-0.0452033,-0.432139,-0.370403,-0.853852,0.594221,0.151439,-0.2618,0.0126802,0.72641,0.167551,1.8287,-1.15776,-0.651971,0.528783,-0.0237886,0.128448,-0.271702,0,0,0,0,0,0,0,0,0,0,0,0,0,0,0,0,0,0,0,0,0,0,0,0,0,0,0,0,0,-0.13252,0.656341,-0.27979,0.653843,-0.661718,0.27731,-1.53992,-0.413175,0.0895779,2.62808,0.567667,0.265421,-0.246284,-0.473518,-0.204918,-0.346022,0.61206,0.194733,-0.219583,0.0745005,0.973904,0.266869,1.96675,-1.08799,-0.671273,0.501168,-0.0127314,0.106983,-0.321563,1.01511,-3.52929,1.66419,4.46788,4.80631,0.0159467,-1.13025,1.26462,-0.971792,-5.51082,-0.309466,-0.092869,-2.47936,0.787166,-1.14388,-0.646482,0.377265,-0.278935,0.207316,-1.18003,-2.41393,-2.52859,2.18517,0.652216,-1.48545,1.57142,-0.160004,0.723632,0.3338,20.1059,15.7338,-1.86683,21.6304,5.80461,6.88348,-10.2213,-17.5936,1.30614,-2.36335,15.8323,0.574908,5.85778,-0.974155,-2.23091,-7.52009,0.5074,-0.145931,-1.65097,0.254909,-0.627281,0.287756,-1.13197,-3.39027,0.238686,-0.705708,0.022153,0.0644346,0.112999,0,0,0,0,0,0,0,0,0,0,0,0,0,0,0,0,0,0,0,0,0,0,0,0,0,0,0,0,0,2.55789,2.55789,2.55789,6.3088,6.3088,1.81445,2.55789,2.55789,1.81445,6.3088,6.3088,0.907223,0.907223,1.81445,1.81445,0.907223,0.907223,1.81445,1.81445,0.907223,0.907223,0.907223,0.907223,0.907223,0.907223,1.06814,1.06814,1.06814,1.06814,40.1792,40.1792,40.1792,99.0984,99.0984,28.5012,40.1792,40.1792,28.5012,99.0984,99.0984,14.2506,14.2506,28.5012,28.5012,14.2506,14.2506,28.5012,28.5012,14.2506,14.2506,14.2506,14.2506,14.2506,14.2506,16.7783,16.7783,16.7783,16.7783,0,0,0,0,0,0,0,0,0,0,0,0,0,0,0,0,0,0,0,0,0,0,0,0,0,0,0,0,0,0,0,0,0,0,0,0,0,0,0,0,0,0,0,0,0,0,0,0,0,0,0,0,0,0,0,0,0,0,0,0,0,0,0,0,0,0,0,0,0,0,0,0,0,0,0,0,0,0,0,0,0,0,0,0,0,0,0,0,0,0,0,0,0,0,0,0,0,0,0,0,0,0,0,0,0,0,0,0,0,0,0,0,0,0,0,0,0,-1.07393,-1.28486,0.608104,-2.40289,3.7136,-0.844556,0.898864,-2.18379,-0.985319,0.345296,-1.48656,-0.103068,-2.29469,-0.955921,1.30045,-2.77834,0.0289121,-0.319307,1.83771,-1.6201,1.65629,1.72412,-0.638559,0.0652467,0.382034,-3.64697,0.842648,4.42954,0.419639,2.83903,2.25208,0.603823,0.400056,1.00623,-0.349641,0.964484,-0.215849,0.52,-1.83327,-0.88708,0.0286157,2.22227,0.632538,0.264823,-0.0452033,-0.432139,-0.370403,-0.853852,0.594221,0.151439,-0.2618,0.0126802,0.72641,0.167551,1.8287,-1.15776,-0.651971,0.528783,-0.0237886,0.128448,-0.271702,0.941,-0.959654,0.247254,-0.133904,0.6,0,0,3,3,3
9.41131,-2.86622,1.83382,1.17341,-0.00990222,1.05269,-1.07766,-1.27104,0.636061,9.41131,-2.86622,1.83382,1.17341,-0.00990222,1.05269,-1.07766,-1.27104,0.636061,0.179572,1.13537,-0.425926,0.652813,-0.277211,0.52,-1.73841,-0.924864,-0.00903248,2.30732,0.511002,0.282931,-0.117746,-0.515866,-0.424647,-0.742902,0.538212,0.148383,-0.2618,0.033908,0.739901,0.238596,1.65465,-1.08224,-0.558788,0.504445,-0.0247195,0.0982787,-0.265918,0,0,0,0,0,0,0,0,0,0,0,0,0,0,0,0,0,0,0,0,0,0,0,0,0,0,0,0,0,-0.113169,0.610864,-0.251031,0.714224,-0.557141,0.27766,-1.55372,-0.415657,0.0596522,2.52832,0.56008,0.261869,-0.291457,-0.469208,-0.223798,-0.368284,0.61393,0.186704,-0.219547,0.0558573,0.925287,0.236215,1.98515,-1.06679,-0.693027,0.529487,-0.0158506,0.115735,-0.313495,1.12978,-1.80623,1.35033,2.87386,5.44975,0.0291932,-0.534426,-1.22009,-2.0559,-5.38993,-0.448492,-0.198487,-2.39147,-0.136183,-0.984075,-1.57933,-0.0526628,-0.452501,-0.19982,-0.87944,-2.74329,-1.29076,0.163432,1.34861,-0.491039,1.82887,-0.136799,0.564709,0.50875,17.9278,20.7255,-7.53288,7.17863,-0.240725,6.86353,-9.82032,-16.5079,2.639,3.08693,9.97597,0.230868,5.654,1.17747,-2.44275,-5.57954,-0.246686,-0.170452,-0.94175,0.196544,-0.393821,0.21161,-2.52039,-2.47798,1.18742,-1.86365,0.0313614,-0.335082,0.186051,0,0,0,0,0,0,0,0,0,0,0,0,0,0,0,0,0,0,0,0,0,0,0,0,0,0,0,0,0,2.55789,2.55789,2.55789,6.3088,6.3088,1.81445,2.55789,2.55789,1.81445,6.3088,6.3088,0.907223,0.907223,1.81445,1.81445,0.907223,0.907223,1.81445,1.81445,0.907223,0.907223,0.907223,0.907223,0.907223,0.907223,1.06814,1.06814,1.06814,1.06814,40.1792,40.1792,40.1792,99.0984,99.0984,28.5012,40.1792,40.1792,28.5012,99.0984,99.0984,14.2506,14.2506,28.5012,28.5012,14.2506,14.2506,28.5012,28.5012,14.2506,14.2506,14.2506,14.2506,14.2506,14.2506,16.7783,16.7783,16.7783,16.7783,0,0,0,0,0,0,0,0,0,0,0,0,0,0,0,0,0,0,0,0,0,0,0,0,0,0,0,0,0,0,0,0,0,0,0,0,0,0,0,0,0,0,0,0,0,0,0,0,0,0,0,0,0,0,0,0,0,0,0,0,0,0,0,0,0,0,0,0,0,0,0,0,0,0,0,0,0,0,0,0,0,0,0,0,0,0,0,0,0,0,0,0,0,0,0,0,0,0,0,0,0,0,0,0,0,0,0,0,0,0,0,0,0,0,0,0,0,-1.07766,-1.27104,0.636061,-2.14991,3.31676,-0.968237,0.771156,-2.01159,-1.17623,0.338328,-1.27409,-0.268472,-2.17451,-1.28261,0.897773,-2.60509,0.0773136,-0.331801,2.07357,-1.68911,1.68705,1.31916,-0.77788,-0.0205949,0.544022,-3.56933,-0.0461616,4.67207,0.244649,2.49244,2.55546,0.64511,0.179572,1.13537,-0.425926,0.652813,-0.277211,0.52,-1.73841,-0.924864,-0.00903248,2.30732,0.511002,0.282931,-0.117746,-0.515866,-0.424647,-0.742902,0.538212,0.148383,-0.2618,0.033908,0.739901,0.238596,1.65465,-1.08224,-0.558788,0.504445,-0.0247195,0.0982787,-0.265918,0.694,-0.955408,0.260104,-0.139788,0.6,0,0,3,3,3
9.02014,-4.38223,1.99438,0.677315,-0.00955163,1.13018,-1.09328,-1.25071,0.671257,9.02014,-4.38223,1.99438,0.677315,-0.00955163,1.13018,-1.09328,-1.25071,0.671257,-0.0411233,1.0755,-0.407941,0.4187,-0.470039,0.52,-1.70897,-0.872958,0.00415726,2.4664,0.452992,0.352899,-0.172348,-0.666026,-0.451578,-0.629603,0.473395,0.146993,-0.2618,0.0675656,0.819978,0.296067,1.61386,-1.14368,-0.533907,0.488342,-0.023523,0.0804285,-0.276542,0,0,0,0,0,0,0,0,0,0,0,0,0,0,0,0,0,0,0,0,0,0,0,0,0,0,0,0,0,-0.0896681,0.603536,-0.234514,0.725336,-0.479701,0.278332,-1.55679,-0.471189,0.00868798,2.44105,0.543702,0.262747,-0.328595,-0.481634,-0.237127,-0.404976,0.610583,0.178097,-0.230824,0.0456765,0.876677,0.229801,1.96691,-1.03766,-0.697363,0.562778,-0.0223942,0.124882,-0.305915,0.967595,0.614715,0.233852,-0.830157,3.25701,0.0329551,-0.0308723,-3.89872,-2.70658,-3.49473,-0.670998,0.0687995,-1.33339,-0.88098,-0.358448,-1.91692,-0.179754,-0.296077,-0.758806,-0.255838,-2.21019,0.0742886,-1.65053,1.37462,0.22296,1.55933,-0.371353,0.397633,0.263761,8.27548,20.2769,-8.58573,-3.16945,-0.537767,6.82838,-7.23715,-9.07393,4.28348,9.25734,1.11772,0.210924,4.27181,0.529222,-4.60694,-3.14044,-0.859459,-0.269428,0.400286,0.0933039,0.0383842,0.087858,-3.0816,-1.8583,1.70858,-2.711,0.0240194,-0.748486,0.275629,0,0,0,0,0,0,0,0,0,0,0,0,0,0,0,0,0,0,0,0,0,0,0,0,0,0,0,0,0,2.55789,2.55789,2.55789,6.3088,6.3088,1.81445,2.55789,2.55789,1.81445,6.3088,6.3088,0.907223,0.907223,1.81445,1.81445,0.907223,0.907223,1.81445,1.81445,0.907223,0.907223,0.907223,0.907223,0.907223,0.907223,1.06814,1.06814,1.06814,1.06814,40.1792,40.1792,40.1792,99.0984,99.0984,28.5012,40.1792,40.1792,28.5012,99.0984,99.0984,14.2506,14.2506,28.5012,28.5012,14.2506,14.2506,28.5012,28.5012,14.2506,14.2506,14.2506,14.2506,14.2506,14.2506,16.7783,16.7783,16.7783,16.7783,0,0,0,0,0,0,0,0,0,0,0,0,0,0,0,0,0,0,0,0,0,0,0,0,0,0,0,0,0,0,0,0,0,0,0,0,0,0,0,0,0,0,0,0,0,0,0,0,0,0,0,0,0,0,0,0,0,0,0,0,0,0,0,0,0,0,0,0,0,0,0,0,0,0,0,0,0,0,0,0,0,0,0,0,0,0,0,0,0,0,0,0,0,0,0,0,0,0,0,0,0,0,0,0,0,0,0,0,0,0,0,0,0,0,0,0,0,-1.09328,-1.25071,0.671257,-1.89158,3.22373,-1.02964,0.623368,-2.15169,-1.5186,0.335158,-1.21736,-0.392971,-1.97835,-1.49874,0.49471,-2.55132,0.154056,-0.315741,1.96421,-1.59431,1.86963,1.07957,-0.745035,0.00947896,0.675062,-3.71193,-0.713794,5.12574,-0.30525,2.32701,2.90082,0.804644,-0.0411233,1.0755,-0.407941,0.4187,-0.470039,0.52,-1.70897,-0.872958,0.00415726,2.4664,0.452992,0.352899,-0.172348,-0.666026,-0.451578,-0.629603,0.473395,0.146993,-0.2618,0.0675656,0.819978,0.296067,1.61386,-1.14368,-0.533907,0.488342,-0.023523,0.0804285,-0.276542,0.689,-0.94921,0.279449,-0.144602,0.6,0,0,3,3,3
8.92037,-4.31779,1.86856,0.284607,-0.145916,0.672567,-1.11245,-1.23596,0.700424,8.92037,-4.31779,1.86856,0.284607,-0.145916,0.672567,-1.11245,-1.23596,0.700424,-0.109173,0.91506,-0.413237,0.328112,-0.674003,0.52,-1.72742,-0.795709,0.0406059,2.63312,0.51312,0.431532,-0.19948,-0.81026,-0.391342,-0.547276,0.389252,0.139208,-0.24315,0.108224,0.933392,0.365077,1.67757,-1.22908,-0.542144,0.479354,-0.0203435,0.0764422,-0.288876,0,0,0,0,0,0,0,0,0,0,0,0,0,0,0,0,0,0,0,0,0,0,0,0,0,0,0,0,0,-0.0776841,0.633458,-0.237772,0.669787,-0.472744,0.27889,-1.56364,-0.566445,-0.0360233,2.40549,0.516855,0.263845,-0.3394,-0.49756,-0.235419,-0.438689,0.609603,0.17626,-0.250278,0.0503394,0.851021,0.244233,1.92581,-1.02027,-0.683385,0.586995,-0.0260337,0.128447,-0.303882,0.13057,2.10889,-0.537126,-3.80604,0.0599939,0.023027,-0.642326,-5.25161,-1.77286,-0.612303,-1.13456,0.0503832,-0.00613629,-0.774628,0.465867,-1.46583,0.0330234,0.0958942,-0.948673,0.459592,-0.856736,0.953674,-2.289,0.597749,1.18831,0.853423,0.0861246,-0.0386108,0.224329,0.884183,12.8347,-5.70583,-2.20059,-0.159728,6.82909,-4.40088,0.541636,4.45629,11.035,0.925887,1.22312,2.46219,-3.45705,-6.84828,-1.38796,-1.95381,-0.936159,1.39275,-0.141121,0.350999,-0.0963016,-2.47038,-2.30352,1.1821,-2.63823,-0.029632,-0.800609,0.262285,0,0,0,0,0,0,0,0,0,0,0,0,0,0,0,0,0,0,0,0,0,0,0,0,0,0,0,0,0,2.55789,2.55789,2.55789,6.3088,6.3088,1.81445,2.55789,2.55789,1.81445,6.3088,6.3088,0.907223,0.907223,1.81445,1.81445,0.907223,0.907223,1.81445,1.81445,0.907223,0.907223,0.907223,0.907223,0.907223,0.907223,1.06814,1.06814,1.06814,1.06814,40.1792,40.1792,40.1792,99.0984,99.0984,28.5012,40.1792,40.1792,28.5012,99.0984,99.0984,14.2506,14.2506,28.5012,28.5012,14.2506,14.2506,28.5012,28.5012,14.2506,14.2506,14.2506,14.2506,14.2506,14.2506,16.7783,16.7783,16.7783,16.7783,0,0,0,0,0,0,0,0,0,0,0,0,0,0,0,0,0,0,0,0,0,0,0,0,0,0,0,0,0,0,0,0,0,0,0,0,0,0,0,0,0,0,0,0,0,0,0,0,0,0,0,0,0,0,0,0,0,0,0,0,0,0,0,0,0,0,0,0,0,0,0,0,0,0,0,0,0,0,0,0,0,0,0,0,0,0,0,0,0,0,0,0,0,0,0,0,0,0,0,0,0,0,0,0,0,0,0,0,0,0,0,0,0,0,0,0,0,-1.11245,-1.23596,0.700424,-1.70386,3.369,-0.892299,0.431514,-2.34641,-1.84747,0.317409,-1.23614,-0.454834,-1.92247,-1.6194,0.370429,-2.58502,0.246763,-0.273064,1.6712,-1.45323,2.12823,1.02606,-0.754706,0.0925854,0.832412,-3.87748,-0.972129,5.6012,-0.886903,2.49848,3.23829,0.983936,-0.109173,0.91506,-0.413237,0.328112,-0.674003,0.52,-1.72742,-0.795709,0.0406059,2.63312,0.51312,0.431532,-0.19948,-0.81026,-0.391342,-0.547276,0.389252,0.139208,-0.24315,0.108224,0.933392,0.365077,1.67757,-1.22908,-0.542144,0.479354,-0.0203435,0.0764422,-0.288876,0.89,-0.944465,0.294693,-0.145399,0.6,0,0,3,3,3
9.41766,-3.02463,1.96466,0.236219,-0.425136,0.324713,-1.1349,-1.23042,0.728889,9.41766,-3.02463,1.96466,0.236219,-0.425136,0.324713,-1.1349,-1.23042,0.728889,-0.0751187,0.808299,-0.480962,0.350235,-0.776365,0.52,-1.77117,-0.724947,0.0617013,2.74131,0.632378,0.477248,-0.19706,-0.87267,-0.328678,-0.539687,0.371984,0.150752,-0.2618,0.136527,0.996949,0.44091,1.74389,-1.25853,-0.554671,0.477339,-0.0182192,0.0761495,-0.299571,0,0,0,0,0,0,0,0,0,0,0,0,0,0,0,0,0,0,0,0,0,0,0,0,0,0,0,0,0,-0.0796012,0.677218,-0.260237,0.582244,-0.523372,0.27924,-1.58868,-0.670133,-0.0499122,2.42445,0.512006,0.265414,-0.332771,-0.51,-0.2178,-0.461677,0.609141,0.179362,-0.265142,0.0684671,0.856908,0.275701,1.88702,-1.01661,-0.658851,0.59202,-0.0283529,0.126856,-0.305017,-0.242579,2.30311,-1.48835,-4.52608,-2.42441,0.0146846,-1.62401,-4.91481,0.0532106,1.96769,-0.0792503,0.0850571,0.40343,-0.636823,1.21807,-0.858518,-0.145434,0.262694,-0.48035,1.04194,0.783507,1.72276,-1.66337,-0.00347046,1.32155,-0.156588,-0.108388,-0.209785,-0.0623888,-0.640999,3.96757,-2.58401,2.72835,0.349962,6.83497,-1.68496,7.36658,2.72163,9.61393,0.711784,2.29077,1.52559,-7.49079,-6.96227,-0.403268,-3.03132,-1.56171,1.57847,-0.355198,0.431051,-0.261621,-1.48731,-3.04094,0.565514,-1.77893,0.5819,-0.746164,0.450328,0,0,0,0,0,0,0,0,0,0,0,0,0,0,0,0,0,0,0,0,0,0,0,0,0,0,0,0,0,2.55789,2.55789,2.55789,6.3088,6.3088,1.81445,2.55789,2.55789,1.81445,6.3088,6.3088,0.907223,0.907223,1.81445,1.81445,0.907223,0.907223,1.81445,1.81445,0.907223,0.907223,0.907223,0.907223,0.907223,0.907223,1.06814,1.06814,1.06814,1.06814,40.1792,40.1792,40.1792,99.0984,99.0984,28.5012,40.1792,40.1792,28.5012,99.0984,99.0984,14.2506,14.2506,28.5012,28.5012,14.2506,14.2506,28.5012,28.5012,14.2506,14.2506,14.2506,14.2506,14.2506,14.2506,16.7783,16.7783,16.7783,16.7783,0,0,0,0,0,0,0,0,0,0,0,0,0,0,0,0,0,0,0,0,0,0,0,0,0,0,0,0,0,0,0,0,0,0,0,0,0,0,0,0,0,0,0,0,0,0,0,0,0,0,0,0,0,0,0,0,0,0,0,0,0,0,0,0,0,0,0,0,0,0,0,0,0,0,0,0,0,0,0,0,0,0,0,0,0,0,0,0,0,0,0,0,0,0,0,0,0,0,0,0,0,0,0,0,0,0,0,0,0,0,0,0,0,0,0,0,0,-1.1349,-1.23042,0.728889,-1.68656,3.52021,-0.749418,0.392141,-2.41356,-2.02301,0.343729,-1.26471,-0.449315,-2.01725,-1.64644,0.432623,-2.66493,0.311295,-0.24455,1.47622,-1.32399,2.27314,1.02213,-0.878396,0.140685,1.00532,-4.02103,-0.90904,5.90972,-1.17881,2.83857,3.43253,1.08817,-0.0751187,0.808299,-0.480962,0.350235,-0.776365,0.52,-1.77117,-0.724947,0.0617013,2.74131,0.632378,0.477248,-0.19706,-0.87267,-0.328678,-0.539687,0.371984,0.150752,-0.2618,0.136527,0.996949,0.44091,1.74389,-1.25853,-0.554671,0.477339,-0.0182192,0.0761495,-0.299571,0.694,-0.942628,0.302629,-0.140957,0.6,0,0,3,3,3
9.42449,-5.24602,2.64575,0.308116,-0.65887,0.0337343,-1.16126,-1.23172,0.763416,9.42449,-5.24602,2.64575,0.308116,-0.65887,0.0337343,-1.16126,-1.23172,0.763416,-0.0925473,0.768643,-0.534673,0.380518,-0.820133,0.52,-1.79507,-0.691031,0.0675385,2.78787,0.754567,0.498309,-0.193439,-0.87267,-0.341791,-0.577688,0.401995,0.180231,-0.2618,0.153402,1.01479,0.524411,1.75208,-1.22646,-0.552553,0.478212,-0.0175882,0.0736607,-0.311417,0,0,0,0,0,0,0,0,0,0,0,0,0,0,0,0,0,0,0,0,0,0,0,0,0,0,0,0,0,-0.0805247,0.716909,-0.306082,0.505406,-0.590527,0.279473,-1.63089,-0.751795,-0.0299765,2.48281,0.534157,0.267215,-0.329439,-0.522144,-0.187726,-0.470125,0.603251,0.186661,-0.273783,0.0915583,0.886193,0.320601,1.86284,-1.02101,-0.63315,0.581171,-0.0297527,0.120816,-0.307633,0.222742,1.76282,-2.57835,-3.29389,-3.00732,0.0109364,-2.53013,-3.24953,1.64612,3.55762,0.518787,0.0824486,-0.162996,-0.443401,1.75792,-0.0663331,-0.35912,0.452638,-0.400929,1.18097,1.68633,2.29893,-0.950439,-0.487549,0.957563,-0.782517,-0.649533,-0.186739,-0.415254,-0.180078,-0.859792,-0.583431,5.48585,0.553057,6.83586,0.258752,9.65629,-0.0153142,4.44228,5.83166,2.91724,1.95045,-8.99752,-6.9887,-0.869686,-2.96624,-1.80211,1.02234,-0.407887,0.0966938,-0.344408,-0.841994,-3.06972,0.0630397,-0.964752,0.589998,-0.473748,0.37379,0,0,0,0,0,0,0,0,0,0,0,0,0,0,0,0,0,0,0,0,0,0,0,0,0,0,0,0,0,2.55789,2.55789,2.55789,6.3088,6.3088,1.81445,2.55789,2.55789,1.81445,6.3088,6.3088,0.907223,0.907223,1.81445,1.81445,0.907223,0.907223,1.81445,1.81445,0.907223,0.907223,0.907223,0.907223,0.907223,0.907223,1.06814,1.06814,1.06814,1.06814,40.1792,40.1792,40.1792,99.0984,99.0984,28.5012,40.1792,40.1792,28.5012,99.0984,99.0984,14.2506,14.2506,28.5012,28.5012,14.2506,14.2506,28.5012,28.5012,14.2506,14.2506,14.2506,14.2506,14.2506,14.2506,16.7783,16.7783,16.7783,16.7783,0,0,0,0,0,0,0,0,0,0,0,0,0,0,0,0,0,0,0,0,0,0,0,0,0,0,0,0,0,0,0,0,0,0,0,0,0,0,0,0,0,0,0,0,0,0,0,0,0,0,0,0,0,0,0,0,0,0,0,0,0,0,0,0,0,0,0,0,0,0,0,0,0,0,0,0,0,0,0,0,0,0,0,0,0,0,0,0,0,0,0,0,0,0,0,0,0,0,0,0,0,0,0,0,0,0,0,0,0,0,0,0,0,0,0,0,0,-1.16126,-1.23172,0.763416,-1.77321,3.53891,-0.779317,0.460569,-2.34044,-2.13891,0.410945,-1.25988,-0.441061,-2.15999,-1.63472,0.400793,-2.70857,0.349771,-0.23608,1.40379,-1.26205,2.31383,0.988723,-0.97649,0.153995,1.19571,-4.18004,-0.822678,6.0425,-1.30363,3.18703,3.54131,1.13619,-0.0925473,0.768643,-0.534673,0.380518,-0.820133,0.52,-1.79507,-0.691031,0.0675385,2.78787,0.754567,0.498309,-0.193439,-0.87267,-0.341791,-0.577688,0.401995,0.180231,-0.2618,0.153402,1.01479,0.524411,1.75208,-1.22646,-0.552553,0.478212,-0.0175882,0.0736607,-0.311417,0.956,-0.943062,0.305112,-0.132442,0.6,0,0,3,3,3
9.10197,-3.64374,1.50853,0.268092,-0.764992,-0.359329,-1.19027,-1.24102,0.799724,9.10197,-3.64374,1.50853,0.268092,-0.764992,-0.359329,-1.19027,-1.24102,0.799724,-0.223903,0.76348,-0.49925,0.357565,-0.900132,0.52,-1.7471,-0.697758,0.0788979,2.81972,0.83301,0.51734,-0.210866,-0.87267,-0.397658,-0.593672,0.410556,0.204717,-0.2618,0.16932,1.03395,0.598615,1.72223,-1.16816,-0.5322,0.478998,-0.0173699,0.0686471,-0.323673,0,0,0,0,0,0,0,0,0,0,0,0,0,0,0,0,0,0,0,0,0,0,0,0,0,0,0,0,0,-0.0715747,0.745487,-0.363792,0.458281,-0.652411,0.279657,-1.69087,-0.797028,0.0117023,2.56055,0.544475,0.268636,-0.340607,-0.524399,-0.146872,-0.464074,0.597098,0.199073,-0.280149,0.11363,0.9198,0.376567,1.84221,-1.03558,-0.608102,0.565098,-0.0271516,0.111637,-0.309656,0.714255,1.35047,-2.86136,-1.74783,-2.71101,0.00825891,-3.13319,-1.5115,2.15349,3.96806,0.503792,0.0585056,-0.924127,0.021569,2.25869,0.574266,-0.263672,0.730891,-0.215348,1.10023,1.59383,2.78914,-1.07035,-0.766655,1.3216,-0.877758,0.177156,-0.50575,-0.0187234,-2.44281,-2.39039,0.353311,3.64735,0.505724,6.83515,3.58639,8.38659,-2.23724,-1.81639,17.644,3.21852,2.83376,-9.93841,-9.43896,-2.07156,-2.53647,-1.79673,0.94391,-0.406783,-0.0745726,-0.399098,-0.349331,-2.04008,-0.372976,-0.566068,-0.0307262,-0.114989,-0.00073574,0,0,0,0,0,0,0,0,0,0,0,0,0,0,0,0,0,0,0,0,0,0,0,0,0,0,0,0,0,2.55789,2.55789,2.55789,6.3088,6.3088,1.81445,2.55789,2.55789,1.81445,6.3088,6.3088,0.907223,0.907223,1.81445,1.81445,0.907223,0.907223,1.81445,1.81445,0.907223,0.907223,0.907223,0.907223,0.907223,0.907223,1.06814,1.06814,1.06814,1.06814,40.1792,40.1792,40.1792,99.0984,99.0984,28.5012,40.1792,40.1792,28.5012,99.0984,99.0984,14.2506,14.2506,28.5012,28.5012,14.2506,14.2506,28.5012,28.5012,14.2506,14.2506,14.2506,14.2506,14.2506,14.2506,16.7783,16.7783,16.7783,16.7783,0,0,0,0,0,0,0,0,0,0,0,0,0,0,0,0,0,0,0,0,0,0,0,0,0,0,0,0,0,0,0,0,0,0,0,0,0,0,0,0,0,0,0,0,0,0,0,0,0,0,0,0,0,0,0,0,0,0,0,0,0,0,0,0,0,0,0,0,0,0,0,0,0,0,0,0,0,0,0,0,0,0,0,0,0,0,0,0,0,0,0,0,0,0,0,0,0,0,0,0,0,0,0,0,0,0,0,0,0,0,0,0,0,0,0,0,0,-1.19027,-1.24102,0.799724,-1.80965,3.47083,-0.9067,0.48009,-2.20751,-2.28161,0.466776,-1.21347,-0.480796,-2.23686,-1.62416,0.160895,-2.62097,0.386067,-0.233151,1.39436,-1.27434,2.35751,0.921427,-0.911795,0.179895,1.3649,-4.34455,-0.888137,6.13331,-1.53177,3.41073,3.70006,1.17959,-0.223903,0.76348,-0.49925,0.357565,-0.900132,0.52,-1.7471,-0.697758,0.0788979,2.81972,0.83301,0.51734,-0.210866,-0.87267,-0.397658,-0.593672,0.410556,0.204717,-0.2618,0.16932,1.03395,0.598615,1.72223,-1.16816,-0.5322,0.478998,-0.0173699,0.0686471,-0.323673,0.672,-0.946115,0.300667,-0.120275,0.6,0,0,3,3,3
8.55958,-3.13717,0.479766,0.288013,-0.590684,-0.588172,-1.21226,-1.25517,0.828707,8.55958,-3.13717,0.479766,0.288013,-0.590684,-0.588172,-1.21226,-1.25517,0.828707,-0.403712,0.719047,-0.417062,0.31389,-1.06998,0.52,-1.62848,-0.636724,0.0824997,2.8798,0.825371,0.544769,-0.237847,-0.87267,-0.42258,-0.566894,0.375926,0.1994,-0.2618,0.178994,1.0761,0.623053,1.71146,-1.15074,-0.52389,0.480294,-0.016524,0.0651347,-0.332433,0,0,0,0,0,0,0,0,0,0,0,0,0,0,0,0,0,0,0,0,0,0,0,0,0,0,0,0,0,-0.0625179,0.778994,-0.409852,0.431566,-0.718098,0.279794,-1.75025,-0.818683,0.0509238,2.63825,0.556146,0.269667,-0.363773,-0.523393,-0.0962804,-0.448918,0.593053,0.215941,-0.284153,0.134567,0.951437,0.438912,1.81887,-1.04847,-0.594694,0.546703,-0.0311942,0.102365,-0.318123,0.257693,1.90238,-1.90192,-1.09221,-2.91968,0.00606716,-2.75012,-0.807134,1.78827,3.73185,0.565815,0.0435792,-1.31671,0.0550416,2.69813,0.880151,-0.132254,0.910667,-0.174174,1.05071,1.49554,3.02607,-1.20941,-0.531762,0.0833083,-0.966111,-0.682726,-0.344913,-0.736803,-7.1705,-5.23858,1.29767,-0.357342,0.396022,6.83509,7.10839,6.99899,-2.42221,-5.15056,23.8634,3.48911,3.29794,-10.0523,-13.2802,-2.82361,-2.46995,-1.92507,0.954863,-0.434227,-0.166118,-0.44757,-0.289099,-1.22448,0.528302,-0.1744,0.663592,-0.136117,0.462998,0,0,0,0,0,0,0,0,0,0,0,0,0,0,0,0,0,0,0,0,0,0,0,0,0,0,0,0,0,2.55789,2.55789,2.55789,6.3088,6.3088,1.81445,2.55789,2.55789,1.81445,6.3088,6.3088,0.907223,0.907223,1.81445,1.81445,0.907223,0.907223,1.81445,1.81445,0.907223,0.907223,0.907223,0.907223,0.907223,0.907223,1.06814,1.06814,1.06814,1.06814,40.1792,40.1792,40.1792,99.0984,99.0984,28.5012,40.1792,40.1792,28.5012,99.0984,99.0984,14.2506,14.2506,28.5012,28.5012,14.2506,14.2506,28.5012,28.5012,14.2506,14.2506,14.2506,14.2506,14.2506,14.2506,16.7783,16.7783,16.7783,16.7783,0,0,0,0,0,0,0,0,0,0,0,0,0,0,0,0,0,0,0,0,0,0,0,0,0,0,0,0,0,0,0,0,0,0,0,0,0,0,0,0,0,0,0,0,0,0,0,0,0,0,0,0,0,0,0,0,0,0,0,0,0,0,0,0,0,0,0,0,0,0,0,0,0,0,0,0,0,0,0,0,0,0,0,0,0,0,0,0,0,0,0,0,0,0,0,0,0,0,0,0,0,0,0,0,0,0,0,0,0,0,0,0,0,0,0,0,0,-1.21226,-1.25517,0.828707,-1.7486,3.44628,-0.963524,0.401129,-2.16778,-2.36939,0.454652,-1.19452,-0.542314,-2.12907,-1.60677,-0.167497,-2.40433,0.408125,-0.221796,1.31322,-1.16287,2.45361,0.874281,-0.761693,0.188107,1.42062,-4.46214,-1.01269,6.35561,-2.01614,3.38894,3.9541,1.24213,-0.403712,0.719047,-0.417062,0.31389,-1.06998,0.52,-1.62848,-0.636724,0.0824997,2.8798,0.825371,0.544769,-0.237847,-0.87267,-0.42258,-0.566894,0.375926,0.1994,-0.2618,0.178994,1.0761,0.623053,1.71146,-1.15074,-0.52389,0.480294,-0.016524,0.0651347,-0.332433,0.672,-0.950603,0.290669,-0.108924,0.6,0,0,3,3,3
9.79545,-1.0708,0.57965,0.0177098,-0.287336,-0.570731,-1.21722,-1.27251,0.836586,9.79545,-1.0708,0.57965,0.0177098,-0.287336,-0.570731,-1.21722,-1.27251,0.836586,-0.570644,0.724685,-0.400621,0.25619,-1.16637,0.52,-1.51245,-0.582265,0.0611851,2.8798,0.810238,0.561705,-0.27098,-0.87267,-0.471576,-0.530925,0.345884,0.200096,-0.2618,0.187549,1.08344,0.685884,1.62087,-1.07778,-0.49341,0.476343,-0.0147894,0.0590954,-0.338138,0,0,0,0,0,0,0,0,0,0,0,0,0,0,0,0,0,0,0,0,0,0,0,0,0,0,0,0,0,-0.0216816,0.816032,-0.421568,0.410872,-0.810289,0.279893,-1.78205,-0.837781,0.105582,2.71776,0.564715,0.270461,-0.372074,-0.522609,-0.0760142,-0.429566,0.595698,0.232847,-0.290866,0.15632,0.985013,0.496164,1.79175,-1.06567,-0.578746,0.534882,-0.0331167,0.0914721,-0.329547,2.42998,1.75435,-0.0585058,-0.76284,-4.15563,0.0042977,-0.879126,-1.19566,3.20006,3.89202,0.334311,0.0345823,-0.128373,0.0247895,0.337385,0.654856,-0.037466,0.559753,-0.222904,1.00606,1.59621,2.58671,-0.849573,-1.20519,1.9006,-0.0775604,-0.208261,-0.64355,-0.637607,-21.4285,-8.31241,0.439706,-4.4726,0.510933,6.83531,8.67375,10.8836,-6.18508,-8.11834,23.6789,3.87702,2.0317,-10.0252,-10.5965,-2.63122,-3.17384,-2.06622,1.28683,-0.60104,-0.148648,-0.544238,-0.23354,-0.188042,-0.853856,-0.791049,0.0808182,0.335693,0.482264,0,0,0,0,0,0,0,0,0,0,0,0,0,0,0,0,0,0,0,0,0,0,0,0,0,0,0,0,0,2.55789,2.55789,2.55789,6.3088,6.3088,1.81445,2.55789,2.55789,1.81445,6.3088,6.3088,0.907223,0.907223,1.81445,1.81445,0.907223,0.907223,1.81445,1.81445,0.907223,0.907223,0.907223,0.907223,0.907223,0.907223,1.06814,1.06814,1.06814,1.06814,40.1792,40.1792,40.1792,99.0984,99.0984,28.5012,40.1792,40.1792,28.5012,99.0984,99.0984,14.2506,14.2506,28.5012,28.5012,14.2506,14.2506,28.5012,28.5012,14.2506,14.2506,14.2506,14.2506,14.2506,14.2506,16.7783,16.7783,16.7783,16.7783,0,0,0,0,0,0,0,0,0,0,0,0,0,0,0,0,0,0,0,0,0,0,0,0,0,0,0,0,0,0,0,0,0,0,0,0,0,0,0,0,0,0,0,0,0,0,0,0,0,0,0,0,0,0,0,0,0,0,0,0,0,0,0,0,0,0,0,0,0,0,0,0,0,0,0,0,0,0,0,0,0,0,0,0,0,0,0,0,0,0,0,0,0,0,0,0,0,0,0,0,0,0,0,0,0,0,0,0,0,0,0,0,0,0,0,0,0,-1.21722,-1.27251,0.836586,-1.66658,3.23972,-1.07524,0.33263,-2.00143,-2.4772,0.456239,-1.12502,-0.617862,-2.11416,-1.65981,-0.47237,-2.19242,0.42763,-0.198513,1.32351,-1.06341,2.47035,0.793217,-0.731666,0.139508,1.56388,-4.53872,-1.17723,6.49653,-2.29101,3.34578,4.11391,1.28074,-0.570644,0.724685,-0.400621,0.25619,-1.16637,0.52,-1.51245,-0.582265,0.0611851,2.8798,0.810238,0.561705,-0.27098,-0.87267,-0.471576,-0.530925,0.345884,0.200096,-0.2618,0.187549,1.08344,0.685884,1.62087,-1.07778,-0.49341,0.476343,-0.0147894,0.0590954,-0.338138,0.736,-0.955841,0.275705,-0.10176,0.6,0,0,3,3,3
9.03067,-1.45702,0.585288,-0.0512203,-0.121992,-0.116952,-1.22354,-1.27896,0.8423,9.03067,-1.45702,0.585288,-0.0512203,-0.121992,-0.116952,-1.22354,-1.27896,0.8423,-0.63899,0.73203,-0.380601,0.232922,-1.23343,0.52,-1.41081,-0.527622,0.0349218,2.8798,0.792794,0.565513,-0.276456,-0.87267,-0.462794,-0.506991,0.339981,0.195465,-0.2618,0.185406,1.08908,0.708951,1.56687,-1.06289,-0.484836,0.472341,-0.0136443,0.0573029,-0.336605,0,0,0,0,0,0,0,0,0,0,0,0,0,0,0,0,0,0,0,0,0,0,0,0,0,0,0,0,0,0.0156017,0.852475,-0.413349,0.396018,-0.896364,0.279946,-1.78414,-0.865291,0.166973,2.78654,0.569088,0.271138,-0.37307,-0.522345,-0.0724977,-0.42234,0.586557,0.240145,-0.293278,0.172745,1.01248,0.551315,1.78349,-1.08432,-0.550699,0.535713,-0.0388513,0.0835611,-0.341658,1.26659,1.7997,0.558098,-0.733575,-2.31409,0.00275951,0.46403,-1.45912,2.83956,3.01799,0.151472,0.030764,0.0664566,0.0107839,0.080027,0.264287,-0.732982,0.308461,-0.0566688,0.746841,1.20071,2.60506,-0.236386,-0.598115,0.881017,0.0929457,-0.0512179,-0.282108,-0.353409,-27.0549,-9.64825,-0.893418,-9.2825,-8.95671,6.83698,10.05,14.9613,-8.1252,-9.82473,22.9078,4.1126,1.42479,-10.0028,-11.5488,-1.78385,-2.82816,-1.69517,1.02364,-0.460142,-0.0765575,-0.438323,-2.09092,0.688391,-0.0558244,-1.08018,0.508543,-0.106047,0.486232,0,0,0,0,0,0,0,0,0,0,0,0,0,0,0,0,0,0,0,0,0,0,0,0,0,0,0,0,0,2.55789,2.55789,2.55789,6.3088,6.3088,1.81445,2.55789,2.55789,1.81445,6.3088,6.3088,0.907223,0.907223,1.81445,1.81445,0.907223,0.907223,1.81445,1.81445,0.907223,0.907223,0.907223,0.907223,0.907223,0.907223,1.06814,1.06814,1.06814,1.06814,40.1792,40.1792,40.1792,99.0984,99.0984,28.5012,40.1792,40.1792,28.5012,99.0984,99.0984,14.2506,14.2506,28.5012,28.5012,14.2506,14.2506,28.5012,28.5012,14.2506,14.2506,14.2506,14.2506,14.2506,14.2506,16.7783,16.7783,16.7783,16.7783,0,0,0,0,0,0,0,0,0,0,0,0,0,0,0,0,0,0,0,0,0,0,0,0,0,0,0,0,0,0,0,0,0,0,0,0,0,0,0,0,0,0,0,0,0,0,0,0,0,0,0,0,0,0,0,0,0,0,0,0,0,0,0,0,0,0,0,0,0,0,0,0,0,0,0,0,0,0,0,0,0,0,0,0,0,0,0,0,0,0,0,0,0,0,0,0,0,0,0,0,0,0,0,0,0,0,0,0,0,0,0,0,0,0,0,0,0,-1.22354,-1.27896,0.8423,-1.61201,3.11659,-1.05522,0.319171,-1.96748,-2.52763,0.445679,-1.10547,-0.630348,-2.10007,-1.71353,-0.597191,-2.00679,0.422744,-0.183143,1.33693,-0.963612,2.48321,0.769158,-0.695102,0.0796252,1.61648,-4.51813,-1.24359,6.6308,-2.48224,3.29604,4.18468,1.28943,-0.63899,0.73203,-0.380601,0.232922,-1.23343,0.52,-1.41081,-0.527622,0.0349218,2.8798,0.792794,0.565513,-0.276456,-0.87267,-0.462794,-0.506991,0.339981,0.195465,-0.2618,0.185406,1.08908,0.708951,1.56687,-1.06289,-0.484836,0.472341,-0.0136443,0.0573029,-0.336605,0.621,-0.957718,0.270535,-0.0979118,0.6,0,0,3,3,3
8.71795,-1.90855,0.651204,-0.00874365,-0.0369347,-0.0229408,-1.22769,-1.28047,0.845845,8.71795,-1.90855,0.651204,-0.00874365,-0.0369347,-0.0229408,-1.22769,-1.28047,0.845845,-0.621031,0.747681,-0.40171,0.246597,-1.24675,0.52,-1.3435,-0.471669,0.0195486,2.8798,0.808087,0.562913,-0.260654,-0.87267,-0.440045,-0.534679,0.387725,0.202714,-0.2618,0.179417,1.09327,0.711671,1.56025,-1.08639,-0.504545,0.471761,-0.0136579,0.0608958,-0.338342,0,0,0,0,0,0,0,0,0,0,0,0,0,0,0,0,0,0,0,0,0,0,0,0,0,0,0,0,0,0.0255835,0.888781,-0.399032,0.380962,-0.917519,0.279975,-1.75849,-0.891518,0.210757,2.83651,0.570459,0.27167,-0.36935,-0.522155,-0.0718528,-0.415,0.569222,0.244612,-0.293816,0.184884,1.03396,0.600074,1.77891,-1.09125,-0.537111,0.538142,-0.0360456,0.0793523,-0.344173,-0.141643,1.74374,0.65995,-0.728576,-0.582529,0.000804704,1.89097,-1.17096,1.70143,2.08141,0.0285195,0.0224509,0.324323,0.011972,-0.0257294,0.483127,-0.94681,0.168499,0.0164907,0.520664,0.95923,2.18349,-0.185687,-0.210297,0.383324,0.156489,0.135182,-0.142909,-0.066539,-26.7093,-10.6981,-0.996442,-10.1548,-27.3773,6.83952,9.58369,17.6007,-8.17359,-9.00216,21.832,4.16676,1.07154,-10.0092,-11.1294,-1.71213,-2.44908,-1.71775,0.909251,-0.467045,-0.0814717,-0.431464,-2.84524,0.614297,0.354871,-1.26558,0.242672,-0.207224,0.197473,0,0,0,0,0,0,0,0,0,0,0,0,0,0,0,0,0,0,0,0,0,0,0,0,0,0,0,0,0,2.55789,2.55789,2.55789,6.3088,6.3088,1.81445,2.55789,2.55789,1.81445,6.3088,6.3088,0.907223,0.907223,1.81445,1.81445,0.907223,0.907223,1.81445,1.81445,0.907223,0.907223,0.907223,0.907223,0.907223,0.907223,1.06814,1.06814,1.06814,1.06814,40.1792,40.1792,40.1792,99.0984,99.0984,28.5012,40.1792,40.1792,28.5012,99.0984,99.0984,14.2506,14.2506,28.5012,28.5012,14.2506,14.2506,28.5012,28.5012,14.2506,14.2506,14.2506,14.2506,14.2506,14.2506,16.7783,16.7783,16.7783,16.7783,0,0,0,0,0,0,0,0,0,0,0,0,0,0,0,0,0,0,0,0,0,0,0,0,0,0,0,0,0,0,0,0,0,0,0,0,0,0,0,0,0,0,0,0,0,0,0,0,0,0,0,0,0,0,0,0,0,0,0,0,0,0,0,0,0,0,0,0,0,0,0,0,0,0,0,0,0,0,0,0,0,0,0,0,0,0,0,0,0,0,0,0,0,0,0,0,0,0,0,0,0,0,0,0,0,0,0,0,0,0,0,0,0,0,0,0,0,-1.22769,-1.28047,0.845845,-1.67514,3.10151,-1.00335,0.428032,-2.02106,-2.516,0.462208,-1.15041,-0.594317,-2.13642,-1.72131,-0.564391,-1.88387,0.409089,-0.183325,1.36551,-0.861423,2.49276,0.817384,-0.733655,0.0445728,1.62268,-4.54145,-1.20459,6.76701,-2.52024,3.33965,4.21014,1.2835,-0.621031,0.747681,-0.40171,0.246597,-1.24675,0.52,-1.3435,-0.471669,0.0195486,2.8798,0.808087,0.562913,-0.260654,-0.87267,-0.440045,-0.534679,0.387725,0.202714,-0.2618,0.179417,1.09327,0.711671,1.56025,-1.08639,-0.504545,0.471761,-0.0136579,0.0608958,-0.338342,0.856,-0.95815,0.269582,-0.0963057,0.6,0,0,3,3,3
8.91805,-2.34151,0.757345,0.0450095,0.0255957,0.00538813,-1.2272,-1.2805,0.845729,8.91805,-2.34151,0.757345,0.0450095,0.0255957,0.00538813,-1.2272,-1.2805,0.845729,-0.556381,0.755593,-0.417601,0.279946,-1.24675,0.52,-1.31362,-0.472229,0.0324034,2.8798,0.825917,0.557432,-0.23388,-0.87267,-0.421238,-0.583621,0.43014,0.200769,-0.2618,0.17561,1.12529,0.686321,1.60773,-1.1725,-0.555272,0.471587,-0.014065,0.0693525,-0.343185,0,0,0,0,0,0,0,0,0,0,0,0,0,0,0,0,0,0,0,0,0,0,0,0,0,0,0,0,0,0.0114723,0.919944,-0.392376,0.369193,-0.925921,0.279981,-1.70509,-0.906908,0.232116,2.86894,0.571479,0.272013,-0.361251,-0.521896,-0.0740108,-0.403159,0.550843,0.246537,-0.291943,0.191188,1.05187,0.636807,1.7757,-1.09309,-0.531488,0.53979,-0.034987,0.0795933,-0.348731,-1.16592,1.4143,0.0925758,-0.514121,-0.323459,0.000364339,3.20769,-0.435459,0.628688,1.26898,0.0566848,0.0132174,0.483222,0.0159595,-0.16303,0.689964,-0.881418,0.0505153,0.148847,0.198408,0.825017,1.55271,-0.118792,-0.0223978,0.176955,0.0481275,0.0397991,0.0402659,-0.239613,-22.7971,-10.5031,-0.717302,-8.96574,-29.7017,6.8403,6.82061,18.7389,-7.30729,-7.14713,23.0923,4.13318,1.02958,-10.0237,-10.1664,-2.45934,-1.54326,-1.35203,0.614847,-0.358,-0.152299,-0.351644,-2.95388,0.126874,0.206201,-1.19813,0.315169,-0.356971,0.426187,0,0,0,0,0,0,0,0,0,0,0,0,0,0,0,0,0,0,0,0,0,0,0,0,0,0,0,0,0,2.55789,2.55789,2.55789,6.3088,6.3088,1.81445,2.55789,2.55789,1.81445,6.3088,6.3088,0.907223,0.907223,1.81445,1.81445,0.907223,0.907223,1.81445,1.81445,0.907223,0.907223,0.907223,0.907223,0.907223,0.907223,1.06814,1.06814,1.06814,1.06814,40.1792,40.1792,40.1792,99.0984,99.0984,28.5012,40.1792,40.1792,28.5012,99.0984,99.0984,14.2506,14.2506,28.5012,28.5012,14.2506,14.2506,28.5012,28.5012,14.2506,14.2506,14.2506,14.2506,14.2506,14.2506,16.7783,16.7783,16.7783,16.7783,0,0,0,0,0,0,0,0,0,0,0,0,0,0,0,0,0,0,0,0,0,0,0,0,0,0,0,0,0,0,0,0,0,0,0,0,0,0,0,0,0,0,0,0,0,0,0,0,0,0,0,0,0,0,0,0,0,0,0,0,0,0,0,0,0,0,0,0,0,0,0,0,0,0,0,0,0,0,0,0,0,0,0,0,0,0,0,0,0,0,0,0,0,0,0,0,0,0,0,0,0,0,0,0,0,0,0,0,0,0,0,0,0,0,0,0,0,-1.2272,-1.2805,0.845729,-1.78673,3.20976,-0.960465,0.524742,-2.2174,-2.50319,0.457773,-1.26608,-0.53327,-2.18551,-1.72364,-0.44632,-1.8293,0.400408,-0.188789,1.37996,-0.862445,2.56578,0.930895,-0.762676,0.073883,1.56488,-4.60645,-1.10949,6.88468,-2.52025,3.3905,4.21414,1.271,-0.556381,0.755593,-0.417601,0.279946,-1.24675,0.52,-1.31362,-0.472229,0.0324034,2.8798,0.825917,0.557432,-0.23388,-0.87267,-0.421238,-0.583621,0.43014,0.200769,-0.2618,0.17561,1.12529,0.686321,1.60773,-1.1725,-0.555272,0.471587,-0.014065,0.0693525,-0.343185,0.658,-0.958159,0.269506,-0.0964273,0.6,0,0,3,3,3
9.08287,-2.51227,0.822186,0.102324,0.0712989,-0.0517915,-1.22164,-1.28073,0.841567,9.08287,-2.51227,0.822186,0.102324,0.0712989,-0.0517915,-1.22164,-1.28073,0.841567,-0.460101,0.748321,-0.413571,0.373184,-1.24523,0.52,-1.27824,-0.422351,0.0489846,2.8798,0.855107,0.553265,-0.194862,-0.87267,-0.398636,-0.649851,0.487994,0.193534,-0.2618,0.161998,1.15712,0.615733,1.72992,-1.277,-0.636514,0.482992,-0.0145536,0.0860788,-0.352347,0,0,0,0,0,0,0,0,0,0,0,0,0,0,0,0,0,0,0,0,0,0,0,0,0,0,0,0,0,-0.0199834,0.94388,-0.397307,0.362872,-0.930784,0.279991,-1.63192,-0.906741,0.237439,2.88521,0.573272,0.272164,-0.349532,-0.521564,-0.0789215,-0.387681,0.536553,0.245944,-0.288309,0.193371,1.07341,0.657155,1.77455,-1.09209,-0.533075,0.539088,-0.0318682,0.0804462,-0.350046,-1.85972,1.05524,-0.412573,-0.232699,-0.187953,0.000699788,3.90479,0.3493,0.027019,0.315457,0.0996271,0.0037972,0.657262,0.0171463,-0.299123,0.820911,-0.603311,-0.0723949,0.231932,0.0139633,1.10989,0.738118,0.0796857,0.0214084,-0.180908,-0.0865437,0.177206,0.0346012,0.00288304,-17.0995,-10.2456,0.160854,-6.78047,-30.097,6.83941,3.20255,16.7659,-5.97469,-3.11662,24.408,4.06147,1.0844,-10.0361,-9.2484,-3.50635,-0.970651,-1.17028,0.368291,-0.280886,-0.253953,-0.268668,-2.4292,-1.16434,-0.176049,-1.05011,0.113125,-0.224512,0.115185,0,0,0,0,0,0,0,0,0,0,0,0,0,0,0,0,0,0,0,0,0,0,0,0,0,0,0,0,0,2.55789,2.55789,2.55789,6.3088,6.3088,1.81445,2.55789,2.55789,1.81445,6.3088,6.3088,0.907223,0.907223,1.81445,1.81445,0.907223,0.907223,1.81445,1.81445,0.907223,0.907223,0.907223,0.907223,0.907223,0.907223,1.06814,1.06814,1.06814,1.06814,40.1792,40.1792,40.1792,99.0984,99.0984,28.5012,40.1792,40.1792,28.5012,99.0984,99.0984,14.2506,14.2506,28.5012,28.5012,14.2506,14.2506,28.5012,28.5012,14.2506,14.2506,14.2506,14.2506,14.2506,14.2506,16.7783,16.7783,16.7783,16.7783,0,0,0,0,0,0,0,0,0,0,0,0,0,0,0,0,0,0,0,0,0,0,0,0,0,0,0,0,0,0,0,0,0,0,0,0,0,0,0,0,0,0,0,0,0,0,0,0,0,0,0,0,0,0,0,0,0,0,0,0,0,0,0,0,0,0,0,0,0,0,0,0,0,0,0,0,0,0,0,0,0,0,0,0,0,0,0,0,0,0,0,0,0,0,0,0,0,0,0,0,0,0,0,0,0,0,0,0,0,0,0,0,0,0,0,0,0,-1.22164,-1.28073,0.841567,-1.93775,3.48837,-0.90893,0.656656,-2.45567,-2.34856,0.441276,-1.45131,-0.444306,-2.16871,-1.57056,-0.270481,-1.76467,0.369372,-0.195348,1.36668,-0.771353,2.63835,1.15541,-0.755317,0.11169,1.40393,-4.72944,-0.843595,6.85962,-2.51591,3.47374,4.1222,1.2615,-0.460101,0.748321,-0.413571,0.373184,-1.24523,0.52,-1.27824,-0.422351,0.0489846,2.8798,0.855107,0.553265,-0.194862,-0.87267,-0.398636,-0.649851,0.487994,0.193534,-0.2618,0.161998,1.15712,0.615733,1.72992,-1.277,-0.636514,0.482992,-0.0145536,0.0860788,-0.352347,0.664,-0.958225,0.268757,-0.0978479,0.6,0,0,3,3,3
9.5482,-3.08534,0.991321,0.102569,0.0368055,-0.101549,-1.21415,-1.28178,0.83594,9.5482,-3.08534,0.991321,0.102569,0.0368055,-0.101549,-1.21415,-1.28178,0.83594,-0.351207,0.745246,-0.304808,0.460034,-1.19621,0.52,-1.23157,-0.397586,0.0656669,2.8798,0.859321,0.534873,-0.162022,-0.87267,-0.385905,-0.675224,0.526883,0.181043,-0.2618,0.14638,1.19247,0.518404,1.8688,-1.35843,-0.711164,0.50116,-0.0141267,0.109306,-0.360546,0,0,0,0,0,0,0,0,0,0,0,0,0,0,0,0,0,0,0,0,0,0,0,0,0,0,0,0,0,-0.0598977,0.961514,-0.408243,0.370475,-0.933572,0.280002,-1.54955,-0.886632,0.233512,2.88567,0.57606,0.272214,-0.338598,-0.521157,-0.0842913,-0.371811,0.529525,0.242391,-0.282573,0.191042,1.10035,0.654571,1.77807,-1.09302,-0.5378,0.536475,-0.0268175,0.0823462,-0.349243,-2.00983,0.790024,-0.553703,0.673918,-0.105721,0.000832823,4.20506,1.50854,-0.337316,-0.0955182,0.140198,0.00148105,0.455878,0.0231463,-0.219358,0.768051,-0.179096,-0.22294,0.346187,-0.26282,1.34537,-0.452488,0.232724,-0.126102,-0.241862,-0.121427,0.251707,0.0838185,0.0414565,-11.0877,-10.565,1.17947,-3.73788,-30.1989,6.83898,0.479771,15.1514,-4.7039,-0.0735371,26.7643,4.00362,1.64125,-10.0585,-8.56279,-4.63867,-0.408429,-0.999688,0.000522263,-0.201328,-0.399241,-0.169712,-0.883991,-2.52921,-1.19037,-0.752584,-0.0685276,-0.0570541,-0.115442,0,0,0,0,0,0,0,0,0,0,0,0,0,0,0,0,0,0,0,0,0,0,0,0,0,0,0,0,0,2.55789,2.55789,2.55789,6.3088,6.3088,1.81445,2.55789,2.55789,1.81445,6.3088,6.3088,0.907223,0.907223,1.81445,1.81445,0.907223,0.907223,1.81445,1.81445,0.907223,0.907223,0.907223,0.907223,0.907223,0.907223,1.06814,1.06814,1.06814,1.06814,40.1792,40.1792,40.1792,99.0984,99.0984,28.5012,40.1792,40.1792,28.5012,99.0984,99.0984,14.2506,14.2506,28.5012,28.5012,14.2506,14.2506,28.5012,28.5012,14.2506,14.2506,14.2506,14.2506,14.2506,14.2506,16.7783,16.7783,16.7783,16.7783,0,0,0,0,0,0,0,0,0,0,0,0,0,0,0,0,0,0,0,0,0,0,0,0,0,0,0,0,0,0,0,0,0,0,0,0,0,0,0,0,0,0,0,0,0,0,0,0,0,0,0,0,0,0,0,0,0,0,0,0,0,0,0,0,0,0,0,0,0,0,0,0,0,0,0,0,0,0,0,0,0,0,0,0,0,0,0,0,0,0,0,0,0,0,0,0,0,0,0,0,0,0,0,0,0,0,0,0,0,0,0,0,0,0,0,0,0,-1.21415,-1.28178,0.83594,-1.9956,3.80502,-0.879901,0.745327,-2.64134,-2.17761,0.412795,-1.62152,-0.369427,-2.10819,-1.3267,-0.0716053,-1.67943,0.33376,-0.189618,1.36106,-0.726124,2.71895,1.46717,-0.556681,0.149727,1.18201,-4.83948,-0.595919,6.61771,-2.3761,3.48576,3.84979,1.21956,-0.351207,0.745246,-0.304808,0.460034,-1.19621,0.52,-1.23157,-0.397586,0.0656669,2.8798,0.859321,0.534873,-0.162022,-0.87267,-0.385905,-0.675224,0.526883,0.181043,-0.2618,0.14638,1.19247,0.518404,1.8688,-1.35843,-0.711164,0.50116,-0.0141267,0.109306,-0.360546,0.678,-0.958525,0.267075,-0.0995062,0.6,0,0,3,3,3
9.37124,-2.81976,0.978749,0.142933,-0.0131505,-0.441431,-1.20388,-1.28748,0.827791,9.37124,-2.81976,0.978749,0.142933,-0.0131505,-0.441431,-1.20388,-1.28748,0.827791,-0.246885,0.753328,-0.143179,0.549317,-1.10152,0.52,-1.17042,-0.365777,0.0718805,2.8709,0.849363,0.513193,-0.126873,-0.864229,-0.370103,-0.715501,0.565481,0.170202,-0.2618,0.124332,1.22622,0.409292,2.01487,-1.42922,-0.778204,0.523179,-0.0144325,0.133728,-0.36793,0,0,0,0,0,0,0,0,0,0,0,0,0,0,0,0,0,0,0,0,0,0,0,0,0,0,0,0,0,-0.0949058,0.979152,-0.403251,0.393515,-0.932891,0.280027,-1.4658,-0.84204,0.2244,2.88344,0.578433,0.272072,-0.330428,-0.520743,-0.0893706,-0.353788,0.533669,0.238073,-0.27613,0.184767,1.13151,0.626465,1.78761,-1.10255,-0.547281,0.532254,-0.0222872,0.087134,-0.349076,-1.53786,0.872967,0.604647,1.39364,0.0908678,0.00181875,4.08572,2.66317,-0.478722,-0.106254,0.0974167,-0.011747,0.412657,0.0180407,-0.268073,0.956985,0.45599,-0.243792,0.362671,-0.418429,1.53158,-1.64156,0.615628,-0.768248,-0.546187,-0.00609669,0.167614,0.256805,-0.0194284,-6.38257,-11.6106,2.49417,-1.83911,-26.6363,6.83659,-0.793754,11.4022,-3.67006,0.30665,27.2082,3.75499,2.03362,-10.0637,-7.98135,-5.43937,-0.475582,-1.22817,-0.211584,-0.195628,-0.510413,-0.0787306,0.609838,-3.02909,-1.81272,-0.379059,-0.0435028,0.096416,-0.172268,0,0,0,0,0,0,0,0,0,0,0,0,0,0,0,0,0,0,0,0,0,0,0,0,0,0,0,0,0,2.55789,2.55789,2.55789,6.3088,6.3088,1.81445,2.55789,2.55789,1.81445,6.3088,6.3088,0.907223,0.907223,1.81445,1.81445,0.907223,0.907223,1.81445,1.81445,0.907223,0.907223,0.907223,0.907223,0.907223,0.907223,1.06814,1.06814,1.06814,1.06814,40.1792,40.1792,40.1792,99.0984,99.0984,28.5012,40.1792,40.1792,28.5012,99.0984,99.0984,14.2506,14.2506,28.5012,28.5012,14.2506,14.2506,28.5012,28.5012,14.2506,14.2506,14.2506,14.2506,14.2506,14.2506,16.7783,16.7783,16.7783,16.7783,0,0,0,0,0,0,0,0,0,0,0,0,0,0,0,0,0,0,0,0,0,0,0,0,0,0,0,0,0,0,0,0,0,0,0,0,0,0,0,0,0,0,0,0,0,0,0,0,0,0,0,0,0,0,0,0,0,0,0,0,0,0,0,0,0,0,0,0,0,0,0,0,0,0,0,0,0,0,0,0,0,0,0,0,0,0,0,0,0,0,0,0,0,0,0,0,0,0,0,0,0,0,0,0,0,0,0,0,0,0,0,0,0,0,0,0,0,-1.20388,-1.28748,0.827791,-2.08743,4.13808,-0.843871,0.833333,-2.80274,-1.97053,0.388078,-1.77438,-0.289283,-2.07069,-1.03115,0.118922,-1.56777,0.283489,-0.193723,1.37582,-0.668028,2.79589,1.79498,-0.261493,0.163895,0.933226,-4.9386,-0.341305,6.27926,-2.10607,3.45736,3.53108,1.17013,-0.246885,0.753328,-0.143179,0.549317,-1.10152,0.52,-1.17042,-0.365777,0.0718805,2.8709,0.849363,0.513193,-0.126873,-0.864229,-0.370103,-0.715501,0.565481,0.170202,-0.2618,0.124332,1.22622,0.409292,2.01487,-1.42922,-0.778204,0.523179,-0.0144325,0.133728,-0.36793,0.654,-0.960132,0.260938,-0.100284,0.6,0,0,3,3,3
9.43668,-4.01625,1.37496,0.146833,-0.0833849,-0.947041,-1.18522,-1.30186,0.811963,9.43668,-4.01625,1.37496,0.146833,-0.0833849,-0.947041,-1.18522,-1.30186,0.811963,-0.148273,0.702093,0.0185893,0.643594,-0.979552,0.52,-1.14436,-0.363966,0.110366,2.75106,0.816882,0.494074,-0.108516,-0.772412,-0.367877,-0.762662,0.58545,0.167219,-0.2618,0.105602,1.23251,0.310914,2.0944,-1.45539,-0.816919,0.54146,-0.0156845,0.150622,-0.373182,0,0,0,0,0,0,0,0,0,0,0,0,0,0,0,0,0,0,0,0,0,0,0,0,0,0,0,0,0,-0.110771,0.999184,-0.36709,0.429682,-0.926888,0.280069,-1.39431,-0.785343,0.198346,2.88188,0.578029,0.27207,-0.317308,-0.520508,-0.101385,-0.331682,0.550964,0.234287,-0.269266,0.174776,1.16566,0.576044,1.81096,-1.12604,-0.568115,0.527577,-0.0194266,0.0970718,-0.350115,-0.393907,0.986931,2.1506,2.00566,0.361529,0.00240763,2.84347,2.45498,-2.32827,-0.0357434,-0.11866,0.0216913,1.11904,0.00606419,-0.96792,1.11818,1.13484,-0.195305,0.355184,-0.605349,1.65348,-2.64681,1.42145,-1.50832,-1.2547,-0.13189,0.120784,0.515238,-0.0753671,-4.36702,-12.3866,3.65601,-0.355612,-19.5516,6.83416,1.52807,10.5752,0.274493,-0.814219,27.62,3.41943,1.84383,-9.80812,-6.05274,-6.43348,-0.753118,-1.44595,-0.36766,-0.197316,-0.634774,-0.00363137,1.78384,-3.02596,-2.01014,-0.0686484,-0.0403933,0.13827,-0.229123,0,0,0,0,0,0,0,0,0,0,0,0,0,0,0,0,0,0,0,0,0,0,0,0,0,0,0,0,0,2.55789,2.55789,2.55789,6.3088,6.3088,1.81445,2.55789,2.55789,1.81445,6.3088,6.3088,0.907223,0.907223,1.81445,1.81445,0.907223,0.907223,1.81445,1.81445,0.907223,0.907223,0.907223,0.907223,0.907223,0.907223,1.06814,1.06814,1.06814,1.06814,40.1792,40.1792,40.1792,99.0984,99.0984,28.5012,40.1792,40.1792,28.5012,99.0984,99.0984,14.2506,14.2506,28.5012,28.5012,14.2506,14.2506,28.5012,28.5012,14.2506,14.2506,14.2506,14.2506,14.2506,14.2506,16.7783,16.7783,16.7783,16.7783,0,0,0,0,0,0,0,0,0,0,0,0,0,0,0,0,0,0,0,0,0,0,0,0,0,0,0,0,0,0,0,0,0,0,0,0,0,0,0,0,0,0,0,0,0,0,0,0,0,0,0,0,0,0,0,0,0,0,0,0,0,0,0,0,0,0,0,0,0,0,0,0,0,0,0,0,0,0,0,0,0,0,0,0,0,0,0,0,0,0,0,0,0,0,0,0,0,0,0,0,0,0,0,0,0,0,0,0,0,0,0,0,0,0,0,0,0,-1.18522,-1.30186,0.811963,-2.19497,4.33124,-0.838797,0.878864,-2.86242,-1.76118,0.381277,-1.86266,-0.247426,-2.03725,-0.785766,0.29902,-1.52016,0.240784,-0.210527,1.28225,-0.664722,2.81025,2.02175,0.0339501,0.251646,0.708915,-5.00909,-0.072451,5.93751,-1.75825,3.36473,3.3434,1.12654,-0.148273,0.702093,0.0185893,0.643594,-0.979552,0.52,-1.14436,-0.363966,0.110366,2.75106,0.816882,0.494074,-0.108516,-0.772412,-0.367877,-0.762662,0.58545,0.167219,-0.2618,0.105602,1.23251,0.310914,2.0944,-1.45539,-0.816919,0.54146,-0.0156845,0.150622,-0.373182,0.835,-0.964055,0.246196,-0.0999283,0.6,0,0,3,3,3
10.2653,-1.66315,1.40504,0.237464,-0.218174,-1.01487,-1.16255,-1.32183,0.79246,10.2653,-1.66315,1.40504,0.237464,-0.218174,-1.01487,-1.16255,-1.32183,0.79246,0.0129461,0.673455,0.0429725,0.76984,-0.791193,0.52,-1.26805,-0.47643,0.133238,2.59104,0.762677,0.446523,-0.100574,-0.682579,-0.388867,-0.790737,0.55532,0.153251,-0.2618,0.086024,1.15563,0.243312,2.0632,-1.40065,-0.805106,0.545816,-0.01596,0.157622,-0.360758,0,0,0,0,0,0,0,0,0,0,0,0,0,0,0,0,0,0,0,0,0,0,0,0,0,0,0,0,0,-0.098734,1.01567,-0.303257,0.479949,-0.915312,0.280133,-1.34872,-0.73634,0.156627,2.88152,0.576445,0.272456,-0.291052,-0.519434,-0.128421,-0.313222,0.574115,0.230109,-0.260006,0.161352,1.19583,0.510548,1.85025,-1.15831,-0.600821,0.526405,-0.0178838,0.108742,-0.352954,1.05455,0.583725,3.49672,2.78564,0.618,0.00325851,1.91354,2.37984,-1.72675,-0.0221125,-0.0419873,0.0141448,1.43026,0.100649,-1.44709,0.70209,1.0834,-0.262603,0.539681,-0.771087,1.35166,-3.27117,2.37181,-1.60376,-1.8795,0.0807641,0.05751,0.580908,-0.184738,-4.521,-14.2151,4.20334,-0.744237,-10.2406,6.83058,3.27076,8.98963,1.86102,-12.807,24.1351,3.145,1.37633,-7.36314,-4.24847,-7.05589,-0.812899,-1.33234,-0.98191,-0.126404,-0.702053,0.094494,1.51265,-2.80706,-1.49329,0.130212,-0.0219942,0.120959,-0.162455,0,0,0,0,0,0,0,0,0,0,0,0,0,0,0,0,0,0,0,0,0,0,0,0,0,0,0,0,0,2.55789,2.55789,2.55789,6.3088,6.3088,1.81445,2.55789,2.55789,1.81445,6.3088,6.3088,0.907223,0.907223,1.81445,1.81445,0.907223,0.907223,1.81445,1.81445,0.907223,0.907223,0.907223,0.907223,0.907223,0.907223,1.06814,1.06814,1.06814,1.06814,40.1792,40.1792,40.1792,99.0984,99.0984,28.5012,40.1792,40.1792,28.5012,99.0984,99.0984,14.2506,14.2506,28.5012,28.5012,14.2506,14.2506,28.5012,28.5012,14.2506,14.2506,14.2506,14.2506,14.2506,14.2506,16.7783,16.7783,16.7783,16.7783,0,0,0,0,0,0,0,0,0,0,0,0,0,0,0,0,0,0,0,0,0,0,0,0,0,0,0,0,0,0,0,0,0,0,0,0,0,0,0,0,0,0,0,0,0,0,0,0,0,0,0,0,0,0,0,0,0,0,0,0,0,0,0,0,0,0,0,0,0,0,0,0,0,0,0,0,0,0,0,0,0,0,0,0,0,0,0,0,0,0,0,0,0,0,0,0,0,0,0,0,0,0,0,0,0,0,0,0,0,0,0,0,0,0,0,0,0,-1.16255,-1.32183,0.79246,-2.25898,4.24829,-0.886656,0.810165,-2.7376,-1.55635,0.349429,-1.83572,-0.229318,-2.04301,-0.727288,0.593459,-1.74607,0.196143,-0.214226,1.22995,-0.870119,2.63494,2.1157,0.0784818,0.303796,0.554776,-4.84234,0.287571,5.48119,-1.2211,3.21015,3.18662,1.01812,0.0129461,0.673455,0.0429725,0.76984,-0.791193,0.52,-1.26805,-0.47643,0.133238,2.59104,0.762677,0.446523,-0.100574,-0.682579,-0.388867,-0.790737,0.55532,0.153251,-0.2618,0.086024,1.15563,0.243312,2.0632,-1.40065,-0.805106,0.545816,-0.01596,0.157622,-0.360758,0.698,-0.969168,0.226152,-0.0978205,0.6,0,0,3,3,3
10.2629,0.102439,0.776572,0.250723,-0.23942,-0.656544,-1.14656,-1.34102,0.780947,10.2629,0.102439,0.776572,0.250723,-0.23942,-0.656544,-1.14656,-1.34102,0.780947,0.154258,0.665389,0.0414588,0.856969,-0.648075,0.52,-1.4023,-0.635336,0.136892,2.48723,0.702602,0.400697,-0.0998456,-0.642584,-0.377628,-0.792098,0.463313,0.121146,-0.2618,0.0712701,1.08075,0.213793,1.9986,-1.34296,-0.773785,0.538972,-0.015874,0.157614,-0.340205,0,0,0,0,0,0,0,0,0,0,0,0,0,0,0,0,0,0,0,0,0,0,0,0,0,0,0,0,0,-0.0574382,1.00587,-0.239301,0.538727,-0.885916,0.280143,-1.32647,-0.69201,0.130997,2.8681,0.574043,0.272049,-0.261564,-0.508946,-0.163521,-0.308247,0.591621,0.222626,-0.248767,0.143168,1.20472,0.435024,1.89741,-1.18735,-0.640494,0.53948,-0.0171062,0.122132,-0.353758,2.14241,-1.22144,1.83526,1.34356,0.656605,-0.00254641,0.327141,2.04168,-0.669183,-1.47901,-0.134447,-0.0496982,0.925434,0.669958,-1.41689,-0.212313,0.493143,-0.452188,0.452565,-0.859054,-0.0310169,-3.20078,1.9669,-0.993917,-1.73206,0.934653,0.0475998,0.659425,-0.00691377,-2.63052,-10.6067,6.39805,13.3647,4.69726,6.84042,1.15068,3.94894,1.59994,-20.2188,19.4826,2.52034,1.34897,-6.08289,-3.72921,-6.73113,-1.00486,-1.16622,-1.17728,-0.0579084,-0.709221,0.156439,0.753314,-2.07382,-0.914164,-1.01348,-0.0217289,-0.0198063,-0.131952,0,0,0,0,0,0,0,0,0,0,0,0,0,0,0,0,0,0,0,0,0,0,0,0,0,0,0,0,0,2.55789,2.55789,2.55789,6.3088,6.3088,1.81445,2.55789,2.55789,1.81445,6.3088,6.3088,0.907223,0.907223,1.81445,1.81445,0.907223,0.907223,1.81445,1.81445,0.907223,0.907223,0.907223,0.907223,0.907223,0.907223,1.06814,1.06814,1.06814,1.06814,40.1792,40.1792,40.1792,99.0984,99.0984,28.5012,40.1792,40.1792,28.5012,99.0984,99.0984,14.2506,14.2506,28.5012,28.5012,14.2506,14.2506,28.5012,28.5012,14.2506,14.2506,14.2506,14.2506,14.2506,14.2506,16.7783,16.7783,16.7783,16.7783,0,0,0,0,0,0,0,0,0,0,0,0,0,0,0,0,0,0,0,0,0,0,0,0,0,0,0,0,0,0,0,0,0,0,0,0,0,0,0,0,0,0,0,0,0,0,0,0,0,0,0,0,0,0,0,0,0,0,0,0,0,0,0,0,0,0,0,0,0,0,0,0,0,0,0,0,0,0,0,0,0,0,0,0,0,0,0,0,0,0,0,0,0,0,0,0,0,0,0,0,0,0,0,0,0,0,0,0,0,0,0,0,0,0,0,0,0,-1.14656,-1.34102,0.780947,-2.26208,4.10099,-0.861029,0.600381,-2.60607,-1.46515,0.276226,-1.76431,-0.227658,-2.11771,-0.819152,0.851541,-1.99125,0.162503,-0.213072,1.21522,-1.16033,2.46421,2.11561,0.0757173,0.312126,0.487469,-4.56646,0.536042,5.18513,-0.812962,3.03884,3.11939,0.913629,0.154258,0.665389,0.0414588,0.856969,-0.648075,0.52,-1.4023,-0.635336,0.136892,2.48723,0.702602,0.400697,-0.0998456,-0.642584,-0.377628,-0.792098,0.463313,0.121146,-0.2618,0.0712701,1.08075,0.213793,1.9986,-1.34296,-0.773785,0.538972,-0.015874,0.157614,-0.340205,0.851,-0.973399,0.208894,-0.094113,0.6,0,0,3,3,3
9.47748,0.302765,-0.00269648,0.377491,-0.082694,-0.0888011,-1.14136,-1.34784,0.781424,9.47748,0.302765,-0.00269648,0.377491,-0.082694,-0.0888011,-1.14136,-1.34784,0.781424,0.214807,0.742328,0.0162965,0.832537,-0.570531,0.52,-1.4418,-0.738806,0.106945,2.44642,0.653714,0.370455,-0.113018,-0.634601,-0.33887,-0.768215,0.391467,0.0972551,-0.2618,0.0631901,1.03074,0.218197,1.91862,-1.27788,-0.725799,0.528428,-0.0171673,0.148283,-0.320452,0,0,0,0,0,0,0,0,0,0,0,0,0,0,0,0,0,0,0,0,0,0,0,0,0,0,0,0,0,-0.0205319,0.969968,-0.213481,0.557304,-0.847035,0.279961,-1.33655,-0.650977,0.131114,2.81646,0.569324,0.270365,-0.262054,-0.491817,-0.183832,-0.321152,0.592253,0.211432,-0.242262,0.128429,1.19077,0.381036,1.92585,-1.19416,-0.670296,0.554962,-0.0130338,0.128056,-0.351974,1.95703,-2.45977,1.36897,1.2393,2.32288,-0.0124916,-1.09541,2.29663,0.316137,-3.71527,-0.312958,-0.106544,-0.712108,1.11259,-0.974155,-1.10918,-0.326085,-0.740232,0.239076,-0.808203,-1.1142,-2.76479,1.34306,0.12599,-1.67954,0.350023,0.354323,-0.0397594,0.0502947,2.05018,-6.32453,6.89323,22.6496,5.33866,6.86509,-0.152362,-5.09639,-0.329518,-10.8451,15.1172,1.95177,2.81019,-6.21218,-3.74784,-5.80694,-1.62026,-1.29875,-1.04157,-0.0997438,-0.610852,0.113129,-0.165889,-2.13817,0.00505065,-0.799213,-0.462492,0.520163,0.131468,0,0,0,0,0,0,0,0,0,0,0,0,0,0,0,0,0,0,0,0,0,0,0,0,0,0,0,0,0,2.55789,2.55789,2.55789,6.3088,6.3088,1.81445,2.55789,2.55789,1.81445,6.3088,6.3088,0.907223,0.907223,1.81445,1.81445,0.907223,0.907223,1.81445,1.81445,0.907223,0.907223,0.907223,0.907223,0.907223,0.907223,1.06814,1.06814,1.06814,1.06814,40.1792,40.1792,40.1792,99.0984,99.0984,28.5012,40.1792,40.1792,28.5012,99.0984,99.0984,14.2506,14.2506,28.5012,28.5012,14.2506,14.2506,28.5012,28.5012,14.2506,14.2506,14.2506,14.2506,14.2506,14.2506,16.7783,16.7783,16.7783,16.7783,0,0,0,0,0,0,0,0,0,0,0,0,0,0,0,0,0,0,0,0,0,0,0,0,0,0,0,0,0,0,0,0,0,0,0,0,0,0,0,0,0,0,0,0,0,0,0,0,0,0,0,0,0,0,0,0,0,0,0,0,0,0,0,0,0,0,0,0,0,0,0,0,0,0,0,0,0,0,0,0,0,0,0,0,0,0,0,0,0,0,0,0,0,0,0,0,0,0,0,0,0,0,0,0,0,0,0,0,0,0,0,0,0,0,0,0,0,-1.14136,-1.34784,0.781424,-2.20763,3.91862,-0.772658,0.436563,-2.45768,-1.44695,0.221751,-1.65489,-0.257692,-2.18573,-0.960685,0.962124,-2.06338,0.14408,-0.230431,1.35574,-1.3493,2.35019,1.99036,0.0297628,0.243846,0.497511,-4.30131,0.466366,5.06876,-0.591827,2.89942,3.08932,0.844674,0.214807,0.742328,0.0162965,0.832537,-0.570531,0.52,-1.4418,-0.738806,0.106945,2.44642,0.653714,0.370455,-0.113018,-0.634601,-0.33887,-0.768215,0.391467,0.0972551,-0.2618,0.0631901,1.03074,0.218197,1.91862,-1.27788,-0.725799,0.528428,-0.0171673,0.148283,-0.320452,0.711,-0.975248,0.201039,-0.0920639,0.6,0,0,3,3,3
9.52699,-0.535336,0.365183,0.506017,-0.0172457,0.415715,-1.14422,-1.34455,0.793676,9.52699,-0.535336,0.365183,0.506017,-0.0172457,0.415715,-1.14422,-1.34455,0.793676,0.122969,0.833789,-0.0635123,0.678306,-0.568703,0.52,-1.4005,-0.778708,0.069456,2.4615,0.573788,0.361373,-0.153171,-0.675751,-0.360257,-0.704861,0.368568,0.0969019,-0.2618,0.0727702,1.03182,0.26073,1.80331,-1.19809,-0.654781,0.513595,-0.0185551,0.128954,-0.310104,0,0,0,0,0,0,0,0,0,0,0,0,0,0,0,0,0,0,0,0,0,0,0,0,0,0,0,0,0,0.0131587,0.92025,-0.182915,0.583386,-0.785219,0.279746,-1.36139,-0.614475,0.131436,2.73029,0.561518,0.268256,-0.288749,-0.471154,-0.197978,-0.350449,0.5755,0.193597,-0.239723,0.113169,1.1593,0.335582,1.94581,-1.18091,-0.697483,0.554592,-0.0122954,0.128981,-0.348384,1.44808,-2.43319,1.66508,1.46635,2.87449,-0.00860271,-1.26034,1.35383,-0.188616,-4.53297,-0.39214,-0.0938324,-1.71173,0.943173,-0.558008,-1.70309,-1.19518,-0.96333,-0.0233404,-0.717175,-1.6875,-1.95116,0.633783,1.04256,-1.11971,-0.0803701,-0.170134,0.160747,0.199724,4.37822,-1.07781,3.94621,15.9361,3.24006,6.86335,-0.0929543,-8.62671,-0.416766,-0.448244,11.5948,1.54271,3.95534,-6.35053,-2.99701,-4.49251,-1.62782,-1.059,-0.654857,-0.0712458,-0.33476,0.0969,-1.0286,-2.22613,0.598543,-0.346488,0.0596249,0.189877,0.251578,0,0,0,0,0,0,0,0,0,0,0,0,0,0,0,0,0,0,0,0,0,0,0,0,0,0,0,0,0,2.55789,2.55789,2.55789,6.3088,6.3088,1.81445,2.55789,2.55789,1.81445,6.3088,6.3088,0.907223,0.907223,1.81445,1.81445,0.907223,0.907223,1.81445,1.81445,0.907223,0.907223,0.907223,0.907223,0.907223,0.907223,1.06814,1.06814,1.06814,1.06814,40.1792,40.1792,40.1792,99.0984,99.0984,28.5012,40.1792,40.1792,28.5012,99.0984,99.0984,14.2506,14.2506,28.5012,28.5012,14.2506,14.2506,28.5012,28.5012,14.2506,14.2506,14.2506,14.2506,14.2506,14.2506,16.7783,16.7783,16.7783,16.7783,0,0,0,0,0,0,0,0,0,0,0,0,0,0,0,0,0,0,0,0,0,0,0,0,0,0,0,0,0,0,0,0,0,0,0,0,0,0,0,0,0,0,0,0,0,0,0,0,0,0,0,0,0,0,0,0,0,0,0,0,0,0,0,0,0,0,0,0,0,0,0,0,0,0,0,0,0,0,0,0,0,0,0,0,0,0,0,0,0,0,0,0,0,0,0,0,0,0,0,0,0,0,0,0,0,0,0,0,0,0,0,0,0,0,0,0,0,-1.14422,-1.34455,0.793676,-2.06317,3.6557,-0.821422,0.384351,-2.27575,-1.54078,0.220946,-1.49297,-0.349244,-2.16361,-1.15979,0.794397,-1.98797,0.165923,-0.249059,1.52277,-1.42218,2.35266,1.73091,-0.115994,0.158367,0.594489,-4.16242,0.0265391,5.11178,-0.586615,2.67149,3.16883,0.823965,0.122969,0.833789,-0.0635123,0.678306,-0.568703,0.52,-1.4005,-0.778708,0.069456,2.4615,0.573788,0.361373,-0.153171,-0.675751,-0.360257,-0.704861,0.368568,0.0969019,-0.2618,0.0727702,1.03182,0.26073,1.80331,-1.19809,-0.654781,0.513595,-0.0185551,0.128954,-0.310104,0.608,-0.974514,0.204223,-0.0928157,0.6,0,0,3,3,3
9.05417,-2.09166,0.653315,0.523773,0.137679,0.777349,-1.15077,-1.33191,0.81121,9.05417,-2.09166,0.653315,0.523773,0.137679,0.777349,-1.15077,-1.33191,0.81121,-0.0781675,0.893305,-0.13887,0.481707,-0.657181,0.52,-1.31589,-0.752527,0.0388853,2.54768,0.474662,0.375534,-0.194775,-0.755561,-0.393251,-0.621865,0.382539,0.111939,-0.2618,0.0899537,1.06534,0.319951,1.70184,-1.16835,-0.595636,0.496623,-0.0194365,0.106242,-0.307951,0,0,0,0,0,0,0,0,0,0,0,0,0,0,0,0,0,0,0,0,0,0,0,0,0,0,0,0,0,0.0310662,0.883854,-0.154832,0.604692,-0.728926,0.279778,-1.37653,-0.607543,0.116814,2.64528,0.551274,0.266786,-0.322565,-0.460493,-0.205001,-0.388024,0.544869,0.173459,-0.244457,0.101289,1.12772,0.311021,1.94491,-1.15209,-0.713754,0.559158,-0.0200413,0.132855,-0.346777,0.575498,-1.38042,1.23902,0.744505,2.4409,0.00540803,-0.445772,-0.40046,-0.986421,-3.88259,-0.515536,-0.0559104,-1.59221,0.286604,-0.214724,-1.91526,-1.70126,-0.956717,-0.389756,-0.470904,-1.45939,-0.88002,-0.380934,1.57259,-0.581251,0.391125,-0.420694,0.274896,0.00579998,2.15293,1.59175,0.539705,2.35471,0.412263,6.83665,0.24633,-6.24162,0.353248,6.12797,5.48002,1.40059,3.83415,-6.69848,-4.00525,-2.82734,-1.0335,-0.468681,0.145614,0.0292952,-0.0559131,0.0954759,-1.76205,-2.00595,1.3447,-1.1408,0.438277,-0.332819,0.629905,0,0,0,0,0,0,0,0,0,0,0,0,0,0,0,0,0,0,0,0,0,0,0,0,0,0,0,0,0,2.55789,2.55789,2.55789,6.3088,6.3088,1.81445,2.55789,2.55789,1.81445,6.3088,6.3088,0.907223,0.907223,1.81445,1.81445,0.907223,0.907223,1.81445,1.81445,0.907223,0.907223,0.907223,0.907223,0.907223,0.907223,1.06814,1.06814,1.06814,1.06814,40.1792,40.1792,40.1792,99.0984,99.0984,28.5012,40.1792,40.1792,28.5012,99.0984,99.0984,14.2506,14.2506,28.5012,28.5012,14.2506,14.2506,28.5012,28.5012,14.2506,14.2506,14.2506,14.2506,14.2506,14.2506,16.7783,16.7783,16.7783,16.7783,0,0,0,0,0,0,0,0,0,0,0,0,0,0,0,0,0,0,0,0,0,0,0,0,0,0,0,0,0,0,0,0,0,0,0,0,0,0,0,0,0,0,0,0,0,0,0,0,0,0,0,0,0,0,0,0,0,0,0,0,0,0,0,0,0,0,0,0,0,0,0,0,0,0,0,0,0,0,0,0,0,0,0,0,0,0,0,0,0,0,0,0,0,0,0,0,0,0,0,0,0,0,0,0,0,0,0,0,0,0,0,0,0,0,0,0,0,-1.15077,-1.33191,0.81121,-1.87393,3.42436,-0.896653,0.416207,-2.20793,-1.72275,0.255232,-1.35811,-0.444106,-2.06676,-1.3876,0.427055,-1.83343,0.205103,-0.260889,1.63147,-1.37436,2.42909,1.42605,-0.253622,0.0886624,0.729521,-4.13353,-0.534114,5.35752,-0.838931,2.3888,3.34019,0.856254,-0.0781675,0.893305,-0.13887,0.481707,-0.657181,0.52,-1.31589,-0.752527,0.0388853,2.54768,0.474662,0.375534,-0.194775,-0.755561,-0.393251,-0.621865,0.382539,0.111939,-0.2618,0.0899537,1.06534,0.319951,1.70184,-1.16835,-0.595636,0.496623,-0.0194365,0.106242,-0.307951,0.927,-0.971603,0.21605,-0.0964888,0.6,0,0,3,3,3
9.24418,-2.96405,1.05193,0.475454,0.129154,0.837501,-1.15778,-1.31532,0.828665,9.24418,-2.96405,1.05193,0.475454,0.129154,0.837501,-1.15778,-1.31532,0.828665,-0.197583,0.8628,-0.182678,0.384154,-0.787757,0.52,-1.28368,-0.697086,0.0488221,2.6489,0.455952,0.40549,-0.212623,-0.829907,-0.375311,-0.566377,0.393852,0.122365,-0.2618,0.108139,1.11515,0.360418,1.70217,-1.23034,-0.595696,0.486899,-0.0187667,0.0948744,-0.311257,0,0,0,0,0,0,0,0,0,0,0,0,0,0,0,0,0,0,0,0,0,0,0,0,0,0,0,0,0,0.0252654,0.872361,-0.142393,0.593558,-0.707482,0.279845,-1.37501,-0.635494,0.0897604,2.58785,0.528395,0.26621,-0.345247,-0.462322,-0.199827,-0.423656,0.509604,0.156194,-0.254492,0.0951058,1.10686,0.308056,1.92765,-1.11952,-0.724112,0.570841,-0.0298744,0.136307,-0.349116,-0.864946,-0.0320512,0.260668,-1.34609,0.822249,0.00228544,0.382061,-1.98049,-1.47112,-2.09927,-0.983381,-0.012363,-0.807217,-0.310261,0.607345,-1.57644,-1.73084,-0.719315,-0.565863,-0.161227,-0.806975,0.135287,-1.08223,1.5456,-0.475208,0.631319,-0.47523,0.165358,-0.188865,-2.2181,1.13774,-0.611455,-3.45057,-0.231154,6.84022,1.53303,0.00262487,1.15702,9.8134,0.931469,1.57094,2.90196,-7.86219,-6.47816,-1.386,-0.266706,0.0697835,0.767042,0.0922529,0.146977,0.067629,-2.28407,-2.08716,2.25583,-1.90358,0.677507,-0.670231,0.87775,0,0,0,0,0,0,0,0,0,0,0,0,0,0,0,0,0,0,0,0,0,0,0,0,0,0,0,0,0,2.55789,2.55789,2.55789,6.3088,6.3088,1.81445,2.55789,2.55789,1.81445,6.3088,6.3088,0.907223,0.907223,1.81445,1.81445,0.907223,0.907223,1.81445,1.81445,0.907223,0.907223,0.907223,0.907223,0.907223,0.907223,1.06814,1.06814,1.06814,1.06814,40.1792,40.1792,40.1792,99.0984,99.0984,28.5012,40.1792,40.1792,28.5012,99.0984,99.0984,14.2506,14.2506,28.5012,28.5012,14.2506,14.2506,28.5012,28.5012,14.2506,14.2506,14.2506,14.2506,14.2506,14.2506,16.7783,16.7783,16.7783,16.7783,0,0,0,0,0,0,0,0,0,0,0,0,0,0,0,0,0,0,0,0,0,0,0,0,0,0,0,0,0,0,0,0,0,0,0,0,0,0,0,0,0,0,0,0,0,0,0,0,0,0,0,0,0,0,0,0,0,0,0,0,0,0,0,0,0,0,0,0,0,0,0,0,0,0,0,0,0,0,0,0,0,0,0,0,0,0,0,0,0,0,0,0,0,0,0,0,0,0,0,0,0,0,0,0,0,0,0,0,0,0,0,0,0,0,0,0,0,-1.15778,-1.31532,0.828665,-1.74742,3.4251,-0.855746,0.442001,-2.34929,-1.89227,0.279005,-1.35825,-0.484801,-1.98281,-1.51811,0.208962,-1.77461,0.246567,-0.251899,1.57576,-1.27311,2.54265,1.27347,-0.33363,0.111319,0.821789,-4.1779,-0.812312,5.64618,-1.2113,2.33545,3.48714,0.924558,-0.197583,0.8628,-0.182678,0.384154,-0.787757,0.52,-1.28368,-0.697086,0.0488221,2.6489,0.455952,0.40549,-0.212623,-0.829907,-0.375311,-0.566377,0.393852,0.122365,-0.2618,0.108139,1.11515,0.360418,1.70217,-1.23034,-0.595696,0.486899,-0.0187667,0.0948744,-0.311257,0.661,-0.967543,0.231458,-0.101429,0.6,0,0,3,3,3
9.12365,-3.11642,0.982262,0.506807,0.0968262,0.475037,-1.15999,-1.30281,0.840926,9.12365,-3.11642,0.982262,0.506807,0.0968262,0.475037,-1.15999,-1.30281,0.840926,-0.189126,0.794427,-0.22701,0.403827,-0.890401,0.52,-1.30386,-0.633916,0.0645455,2.73421,0.531397,0.42985,-0.201425,-0.866012,-0.307697,-0.580692,0.41027,0.130974,-0.2618,0.120817,1.16605,0.388588,1.79646,-1.32844,-0.642533,0.484923,-0.0173082,0.0940204,-0.317456,0,0,0,0,0,0,0,0,0,0,0,0,0,0,0,0,0,0,0,0,0,0,0,0,0,0,0,0,0,-0.00443581,0.87814,-0.148576,0.551066,-0.726491,0.27987,-1.36471,-0.680405,0.0645834,2.56994,0.50642,0.266443,-0.352799,-0.470317,-0.179776,-0.445546,0.480887,0.146089,-0.267602,0.096405,1.10185,0.319212,1.90784,-1.09648,-0.725988,0.580421,-0.0340689,0.136789,-0.350393,-1.83033,0.51112,-0.585279,-2.51941,-0.975767,0.00113157,0.610126,-2.24485,-1.04145,-0.0712241,-0.918887,0.0218543,-0.159796,-0.477128,1.26745,-0.704837,-1.17239,-0.332723,-0.642982,0.207765,-0.00136933,0.698787,-0.860855,0.876596,-0.0223498,0.28156,-0.403754,0.0157354,-0.153185,-3.32477,-1.78035,0.0244181,-1.31151,0.0685549,6.84187,1.79233,4.97689,1.48144,9.15742,0.868429,1.96266,2.15451,-9.43837,-7.71895,-1.03249,-0.157056,-0.0347134,1.3198,0.00114609,0.210966,-0.0267899,-2.13984,-2.72594,1.79479,-1.91406,0.494624,-0.685047,0.697801,0,0,0,0,0,0,0,0,0,0,0,0,0,0,0,0,0,0,0,0,0,0,0,0,0,0,0,0,0,2.55789,2.55789,2.55789,6.3088,6.3088,1.81445,2.55789,2.55789,1.81445,6.3088,6.3088,0.907223,0.907223,1.81445,1.81445,0.907223,0.907223,1.81445,1.81445,0.907223,0.907223,0.907223,0.907223,0.907223,0.907223,1.06814,1.06814,1.06814,1.06814,40.1792,40.1792,40.1792,99.0984,99.0984,28.5012,40.1792,40.1792,28.5012,99.0984,99.0984,14.2506,14.2506,28.5012,28.5012,14.2506,14.2506,28.5012,28.5012,14.2506,14.2506,14.2506,14.2506,14.2506,14.2506,16.7783,16.7783,16.7783,16.7783,0,0,0,0,0,0,0,0,0,0,0,0,0,0,0,0,0,0,0,0,0,0,0,0,0,0,0,0,0,0,0,0,0,0,0,0,0,0,0,0,0,0,0,0,0,0,0,0,0,0,0,0,0,0,0,0,0,0,0,0,0,0,0,0,0,0,0,0,0,0,0,0,0,0,0,0,0,0,0,0,0,0,0,0,0,0,0,0,0,0,0,0,0,0,0,0,0,0,0,0,0,0,0,0,0,0,0,0,0,0,0,0,0,0,0,0,0,-1.15999,-1.30281,0.840926,-1.78006,3.6401,-0.701579,0.479436,-2.57296,-1.97459,0.298634,-1.46504,-0.45927,-2.01638,-1.54464,0.224409,-1.81146,0.275475,-0.232323,1.45089,-1.15774,2.65871,1.262,-0.414595,0.14717,0.886018,-4.2611,-0.756208,5.88948,-1.50402,2.5506,3.58818,0.9801,-0.189126,0.794427,-0.22701,0.403827,-0.890401,0.52,-1.30386,-0.633916,0.0645455,2.73421,0.531397,0.42985,-0.201425,-0.866012,-0.307697,-0.580692,0.41027,0.130974,-0.2618,0.120817,1.16605,0.388588,1.79646,-1.32844,-0.642533,0.484923,-0.0173082,0.0940204,-0.317456,0.664,-0.964306,0.242761,-0.105744,0.6,0,0,3,3,3
9.23238,-2.8432,1.09553,0.672148,0.00614808,0.00773304,-1.1513,-1.29875,0.844076,9.23238,-2.8432,1.09553,0.672148,0.00614808,0.00773304,-1.1513,-1.29875,0.844076,-0.139077,0.76274,-0.26144,0.479352,-0.923287,0.52,-1.34559,-0.582301,0.0743381,2.75801,0.622978,0.439761,-0.180005,-0.85132,-0.273747,-0.629316,0.447797,0.142031,-0.2618,0.123667,1.17868,0.397576,1.90065,-1.38151,-0.687826,0.491426,-0.0161153,0.0994337,-0.324605,0,0,0,0,0,0,0,0,0,0,0,0,0,0,0,0,0,0,0,0,0,0,0,0,0,0,0,0,0,-0.0415189,0.884524,-0.16945,0.506492,-0.769215,0.279879,-1.35564,-0.715403,0.0547356,2.58684,0.509886,0.26708,-0.355473,-0.479119,-0.149393,-0.450064,0.465488,0.143374,-0.278054,0.103133,1.11274,0.337398,1.90167,-1.08938,-0.723158,0.579461,-0.0347589,0.13448,-0.350336,-1.71155,0.241143,-1.2086,-1.9771,-1.95848,0.00101859,0.41161,-1.26364,-0.136656,1.46733,0.273636,0.0323691,-0.21286,-0.474595,1.69613,0.14047,-0.472476,0.0134064,-0.372314,0.403195,0.765584,0.939061,0.0622669,0.0107706,0.318914,-0.227556,0.199885,-0.246471,0.167654,-1.56863,-4.21078,0.679405,2.26433,0.350827,6.84218,1.07934,6.6801,0.628874,6.23281,0.477268,2.29004,2.35731,-10.2345,-7.43388,-1.91395,-0.316792,-0.322923,1.18305,-0.0981188,0.0953882,-0.109599,-1.5126,-3.46384,0.96596,-1.35423,0.214096,-0.472614,0.472753,0,0,0,0,0,0,0,0,0,0,0,0,0,0,0,0,0,0,0,0,0,0,0,0,0,0,0,0,0,2.55789,2.55789,2.55789,6.3088,6.3088,1.81445,2.55789,2.55789,1.81445,6.3088,6.3088,0.907223,0.907223,1.81445,1.81445,0.907223,0.907223,1.81445,1.81445,0.907223,0.907223,0.907223,0.907223,0.907223,0.907223,1.06814,1.06814,1.06814,1.06814,40.1792,40.1792,40.1792,99.0984,99.0984,28.5012,40.1792,40.1792,28.5012,99.0984,99.0984,14.2506,14.2506,28.5012,28.5012,14.2506,14.2506,28.5012,28.5012,14.2506,14.2506,14.2506,14.2506,14.2506,14.2506,16.7783,16.7783,16.7783,16.7783,0,0,0,0,0,0,0,0,0,0,0,0,0,0,0,0,0,0,0,0,0,0,0,0,0,0,0,0,0,0,0,0,0,0,0,0,0,0,0,0,0,0,0,0,0,0,0,0,0,0,0,0,0,0,0,0,0,0,0,0,0,0,0,0,0,0,0,0,0,0,0,0,0,0,0,0,0,0,0,0,0,0,0,0,0,0,0,0,0,0,0,0,0,0,0,0,0,0,0,0,0,0,0,0,0,0,0,0,0,0,0,0,0,0,0,0,0,-1.1513,-1.29875,0.844076,-1.89092,3.87766,-0.624171,0.565003,-2.69396,-1.94109,0.323846,-1.56831,-0.41043,-2.07813,-1.45735,0.315815,-1.88768,0.281972,-0.21631,1.39301,-1.06347,2.6875,1.33467,-0.477475,0.169498,0.906512,-4.35706,-0.54083,5.95735,-1.5978,2.81177,3.56487,1.0027,-0.139077,0.76274,-0.26144,0.479352,-0.923287,0.52,-1.34559,-0.582301,0.0743381,2.75801,0.622978,0.439761,-0.180005,-0.85132,-0.273747,-0.629316,0.447797,0.142031,-0.2618,0.123667,1.17868,0.397576,1.90065,-1.38151,-0.687826,0.491426,-0.0161153,0.0994337,-0.324605,0.652,-0.963222,0.245407,-0.109444,0.6,0,0,3,3,3
10.4818,-5.89078,1.96554,0.716357,-0.132774,-0.583793,-1.13044,-1.30416,0.838095,10.4818,-5.89078,1.96554,0.716357,-0.132774,-0.583793,-1.13044,-1.30416,0.838095,-0.15314,0.797297,-0.286566,0.543974,-0.920874,0.52,-1.40353,-0.585236,0.0845059,2.71707,0.675725,0.441075,-0.16736,-0.820417,-0.340241,-0.688504,0.496522,0.155118,-0.2618,0.117514,1.14958,0.40745,1.93857,-1.37296,-0.706413,0.498523,-0.0157329,0.103742,-0.332591,0,0,0,0,0,0,0,0,0,0,0,0,0,0,0,0,0,0,0,0,0,0,0,0,0,0,0,0,0,-0.0622694,0.88358,-0.196929,0.483947,-0.810876,0.279892,-1.34792,-0.726995,0.0637256,2.62415,0.532307,0.267637,-0.361669,-0.488372,-0.117159,-0.439339,0.464734,0.147252,-0.28227,0.110884,1.13112,0.35552,1.91422,-1.09912,-0.720418,0.569063,-0.033722,0.130331,-0.349082,0.421684,-0.237975,-1.23639,-0.702451,-1.82952,0.000504992,1.02664,-0.365316,1.09422,2.21648,0.527196,0.0188626,0.0706933,-0.52546,0.904679,0.864575,0.375262,0.322192,-0.123329,0.395015,0.974883,0.845369,0.844683,-1.08496,0.244098,-0.566231,0.202066,-0.251633,0.152059,-3.02863,-4.36149,0.580759,4.25489,0.419114,6.84242,-1.80855,6.61658,-1.29887,0.0733371,5.04682,2.43395,2.69294,-9.46912,-6.50808,-3.40106,-0.488634,-0.677218,0.855861,-0.160639,-0.186243,-0.158637,-0.941409,-3.22764,0.363923,-0.66012,0.219254,-0.291122,0.34047,0,0,0,0,0,0,0,0,0,0,0,0,0,0,0,0,0,0,0,0,0,0,0,0,0,0,0,0,0,2.55789,2.55789,2.55789,6.3088,6.3088,1.81445,2.55789,2.55789,1.81445,6.3088,6.3088,0.907223,0.907223,1.81445,1.81445,0.907223,0.907223,1.81445,1.81445,0.907223,0.907223,0.907223,0.907223,0.907223,0.907223,1.06814,1.06814,1.06814,1.06814,40.1792,40.1792,40.1792,99.0984,99.0984,28.5012,40.1792,40.1792,28.5012,99.0984,99.0984,14.2506,14.2506,28.5012,28.5012,14.2506,14.2506,28.5012,28.5012,14.2506,14.2506,14.2506,14.2506,14.2506,14.2506,16.7783,16.7783,16.7783,16.7783,0,0,0,0,0,0,0,0,0,0,0,0,0,0,0,0,0,0,0,0,0,0,0,0,0,0,0,0,0,0,0,0,0,0,0,0,0,0,0,0,0,0,0,0,0,0,0,0,0,0,0,0,0,0,0,0,0,0,0,0,0,0,0,0,0,0,0,0,0,0,0,0,0,0,0,0,0,0,0,0,0,0,0,0,0,0,0,0,0,0,0,0,0,0,0,0,0,0,0,0,0,0,0,0,0,0,0,0,0,0,0,0,0,0,0,0,0,-1.13044,-1.30416,0.838095,-2.02588,3.9641,-0.775783,0.676099,-2.67447,-1.87063,0.353684,-1.61069,-0.381599,-2.11381,-1.36209,0.290131,-1.99349,0.267944,-0.211177,1.45613,-1.06883,2.62115,1.39249,-0.523363,0.192682,0.929027,-4.46425,-0.356545,5.84059,-1.59092,2.96219,3.50142,1.00569,-0.15314,0.797297,-0.286566,0.543974,-0.920874,0.52,-1.40353,-0.585236,0.0845059,2.71707,0.675725,0.441075,-0.16736,-0.820417,-0.340241,-0.688504,0.496522,0.155118,-0.2618,0.117514,1.14958,0.40745,1.93857,-1.37296,-0.706413,0.498523,-0.0157329,0.103742,-0.332591,0.703,-0.964664,0.238349,-0.112313,0.6,0,0,3,3,3
10.3129,-3.20585,1.24638,0.577602,-0.528565,-0.984107,-1.11532,-1.3226,0.835357,10.3129,-3.20585,1.24638,0.577602,-0.528565,-0.984107,-1.11532,-1.3226,0.835357,-0.243954,0.828673,-0.293598,0.559161,-0.94889,0.52,-1.43706,-0.606344,0.083708,2.69319,0.677807,0.447298,-0.173651,-0.814074,-0.434723,-0.713062,0.481376,0.150411,-0.2618,0.113157,1.1182,0.441855,1.90304,-1.32298,-0.692287,0.49937,-0.0147197,0.101375,-0.337201,0,0,0,0,0,0,0,0,0,0,0,0,0,0,0,0,0,0,0,0,0,0,0,0,0,0,0,0,0,-0.0379987,0.8749,-0.222465,0.489858,-0.841017,0.279892,-1.3197,-0.736906,0.0996576,2.66382,0.539813,0.267831,-0.349356,-0.498501,-0.109246,-0.417899,0.47878,0.1554,-0.279014,0.115897,1.14449,0.371958,1.93414,-1.1308,-0.719098,0.556094,-0.0315175,0.125639,-0.347343,1.50507,-0.473977,-1.13702,0.871912,-1.28265,5.69912e-05,1.44263,-0.519902,2.09576,1.66982,0.305664,0.00473507,0.830305,-0.47393,0.274795,1.15379,0.87646,0.431415,0.324363,0.194784,0.52937,0.736149,1.0254,-1.83648,-0.0331581,-0.583452,0.204055,-0.286542,0.104057,-8.26151,-1.92212,0.377394,0.480615,0.201671,6.84341,-6.98615,7.38866,-4.07447,-5.39802,11.5022,2.46396,1.88474,-8.33863,-7.06069,-4.85958,-0.493512,-0.760951,-0.0387953,-0.153434,-0.405085,-0.16383,-0.854017,-1.86995,0.256294,-0.301907,0.102729,-0.083445,0.179511,0,0,0,0,0,0,0,0,0,0,0,0,0,0,0,0,0,0,0,0,0,0,0,0,0,0,0,0,0,2.55789,2.55789,2.55789,6.3088,6.3088,1.81445,2.55789,2.55789,1.81445,6.3088,6.3088,0.907223,0.907223,1.81445,1.81445,0.907223,0.907223,1.81445,1.81445,0.907223,0.907223,0.907223,0.907223,0.907223,0.907223,1.06814,1.06814,1.06814,1.06814,40.1792,40.1792,40.1792,99.0984,99.0984,28.5012,40.1792,40.1792,28.5012,99.0984,99.0984,14.2506,14.2506,28.5012,28.5012,14.2506,14.2506,28.5012,28.5012,14.2506,14.2506,14.2506,14.2506,14.2506,14.2506,16.7783,16.7783,16.7783,16.7783,0,0,0,0,0,0,0,0,0,0,0,0,0,0,0,0,0,0,0,0,0,0,0,0,0,0,0,0,0,0,0,0,0,0,0,0,0,0,0,0,0,0,0,0,0,0,0,0,0,0,0,0,0,0,0,0,0,0,0,0,0,0,0,0,0,0,0,0,0,0,0,0,0,0,0,0,0,0,0,0,0,0,0,0,0,0,0,0,0,0,0,0,0,0,0,0,0,0,0,0,0,0,0,0,0,0,0,0,0,0,0,0,0,0,0,0,0,-1.11532,-1.3226,0.835357,-2.08187,3.8831,-0.991211,0.641566,-2.56051,-1.85617,0.342952,-1.57848,-0.395941,-2.10349,-1.35072,0.124274,-2.05473,0.258008,-0.197577,1.51343,-1.10738,2.5496,1.36072,-0.536207,0.190863,1.00747,-4.52614,-0.313233,5.77249,-1.67081,2.96813,3.54312,1.01989,-0.243954,0.828673,-0.293598,0.559161,-0.94889,0.52,-1.43706,-0.606344,0.083708,2.69319,0.677807,0.447298,-0.173651,-0.814074,-0.434723,-0.713062,0.481376,0.150411,-0.2618,0.113157,1.1182,0.441855,1.90304,-1.32298,-0.692287,0.49937,-0.0147197,0.101375,-0.337201,0.932,-0.969356,0.220614,-0.108063,0.6,0,0,3,3,3
8.46989,-0.246385,0.88546,0.51114,-0.351609,-0.682964,-1.10772,-1.34324,0.838889,8.46989,-0.246385,0.88546,0.51114,-0.351609,-0.682964,-1.10772,-1.34324,0.838889,-0.316497,0.771671,-0.201169,0.554061,-1.03165,0.52,-1.37577,-0.554618,0.0778842,2.73325,0.66135,0.472461,-0.185172,-0.823386,-0.41318,-0.679468,0.426148,0.136623,-0.2618,0.114228,1.12316,0.450201,1.90392,-1.28572,-0.674183,0.502479,-0.0141188,0.0988175,-0.338034,0,0,0,0,0,0,0,0,0,0,0,0,0,0,0,0,0,0,0,0,0,0,0,0,0,0,0,0,0,-0.0120985,0.866162,-0.241511,0.514744,-0.869585,0.279898,-1.31185,-0.759221,0.122832,2.67707,0.541952,0.267985,-0.329987,-0.50777,-0.106313,-0.398866,0.495205,0.162343,-0.272587,0.117977,1.14834,0.391656,1.95549,-1.16622,-0.717614,0.547618,-0.0320095,0.118849,-0.350657,1.19301,-0.324467,-0.766569,1.35065,-1.25697,0.000713654,-0.195813,-1.4682,0.610434,0.1349,0.0697878,0.0105213,0.931967,-0.523052,-0.033841,0.582047,0.642971,0.217747,0.222831,0.0908317,0.0215387,0.987141,1.52954,-1.77988,0.519656,-0.26913,-0.18789,-0.387524,-0.344721,-12.2975,-0.621313,-0.0665202,-3.89195,0.0832429,6.84202,-4.73709,9.68968,-2.28166,0.43138,13.0887,2.54703,1.38439,-7.83397,-9.35431,-5.07003,-0.802638,-0.766256,-0.127302,-0.151552,-0.468374,-0.176811,-1.99934,-0.632727,-0.132621,-0.569753,0.38301,0.153084,0.562616,0,0,0,0,0,0,0,0,0,0,0,0,0,0,0,0,0,0,0,0,0,0,0,0,0,0,0,0,0,2.55789,2.55789,2.55789,6.3088,6.3088,1.81445,2.55789,2.55789,1.81445,6.3088,6.3088,0.907223,0.907223,1.81445,1.81445,0.907223,0.907223,1.81445,1.81445,0.907223,0.907223,0.907223,0.907223,0.907223,0.907223,1.06814,1.06814,1.06814,1.06814,40.1792,40.1792,40.1792,99.0984,99.0984,28.5012,40.1792,40.1792,28.5012,99.0984,99.0984,14.2506,14.2506,28.5012,28.5012,14.2506,14.2506,28.5012,28.5012,14.2506,14.2506,14.2506,14.2506,14.2506,14.2506,16.7783,16.7783,16.7783,16.7783,0,0,0,0,0,0,0,0,0,0,0,0,0,0,0,0,0,0,0,0,0,0,0,0,0,0,0,0,0,0,0,0,0,0,0,0,0,0,0,0,0,0,0,0,0,0,0,0,0,0,0,0,0,0,0,0,0,0,0,0,0,0,0,0,0,0,0,0,0,0,0,0,0,0,0,0,0,0,0,0,0,0,0,0,0,0,0,0,0,0,0,0,0,0,0,0,0,0,0,0,0,0,0,0,0,0,0,0,0,0,0,0,0,0,0,0,0,-1.10772,-1.34324,0.838889,-2.00528,3.8851,-0.942091,0.515641,-2.47554,-1.8774,0.311515,-1.5372,-0.422212,-2.03358,-1.30899,-0.00821311,-1.94279,0.26045,-0.189511,1.40932,-1.01291,2.56093,1.32639,-0.367401,0.177584,1.0265,-4.53731,-0.327778,5.88673,-1.90681,2.92119,3.66527,1.07726,-0.316497,0.771671,-0.201169,0.554061,-1.03165,0.52,-1.37577,-0.554618,0.0778842,2.73325,0.66135,0.472461,-0.185172,-0.823386,-0.41318,-0.679468,0.426148,0.136623,-0.2618,0.114228,1.12316,0.450201,1.90392,-1.28572,-0.674183,0.502479,-0.0141188,0.0988175,-0.338034,0.647,-0.97422,0.20184,-0.100777,0.6,0,0,3,3,3
9.52359,-0.606455,0.679909,0.388388,-0.257443,-0.494163,-1.09822,-1.35691,0.83828,9.52359,-0.606455,0.679909,0.388388,-0.257443,-0.494163,-1.09822,-1.35691,0.83828,-0.309987,0.709358,-0.0914194,0.558975,-1.06133,0.52,-1.29453,-0.488411,0.0736177,2.76929,0.658998,0.497939,-0.192281,-0.828841,-0.352037,-0.636128,0.393038,0.127203,-0.2618,0.116562,1.14258,0.432734,1.94443,-1.26722,-0.66424,0.509317,-0.0138399,0.102239,-0.339389,0,0,0,0,0,0,0,0,0,0,0,0,0,0,0,0,0,0,0,0,0,0,0,0,0,0,0,0,0,0.00152476,0.863861,-0.249019,0.521184,-0.892389,0.280136,-1.32115,-0.782918,0.130378,2.67828,0.542806,0.268559,-0.315265,-0.517774,-0.107677,-0.39096,0.505425,0.16603,-0.270071,0.120862,1.14792,0.410472,1.97279,-1.19315,-0.716259,0.542221,-0.0326645,0.11414,-0.352654,0.217727,0.0602373,-0.24242,0.0585191,-0.520364,0.0136217,-0.51612,-0.981361,0.227639,0.0396436,0.0377258,0.039268,0.537991,-0.507461,-0.0469083,0.185957,0.36245,0.0994481,0.0424493,0.163762,-0.0289182,0.86251,0.738594,-1.09903,-0.0395472,-0.37336,0.0957543,-0.128037,-0.0735919,-13.5511,-3.75213,2.52863,2.94964,-10.1201,6.81101,-0.863235,11.6759,-1.95127,5.19634,11.5257,2.87217,1.31726,-7.82584,-8.61527,-4.35607,-1.49811,-1.08754,0.108663,-0.243386,-0.328551,-0.214029,-1.4823,-0.348532,0.761358,-0.397661,0.551368,-0.0724004,0.570119,0,0,0,0,0,0,0,0,0,0,0,0,0,0,0,0,0,0,0,0,0,0,0,0,0,0,0,0,0,2.55789,2.55789,2.55789,6.3088,6.3088,1.81445,2.55789,2.55789,1.81445,6.3088,6.3088,0.907223,0.907223,1.81445,1.81445,0.907223,0.907223,1.81445,1.81445,0.907223,0.907223,0.907223,0.907223,0.907223,0.907223,1.06814,1.06814,1.06814,1.06814,40.1792,40.1792,40.1792,99.0984,99.0984,28.5012,40.1792,40.1792,28.5012,99.0984,99.0984,14.2506,14.2506,28.5012,28.5012,14.2506,14.2506,28.5012,28.5012,14.2506,14.2506,14.2506,14.2506,14.2506,14.2506,16.7783,16.7783,16.7783,16.7783,0,0,0,0,0,0,0,0,0,0,0,0,0,0,0,0,0,0,0,0,0,0,0,0,0,0,0,0,0,0,0,0,0,0,0,0,0,0,0,0,0,0,0,0,0,0,0,0,0,0,0,0,0,0,0,0,0,0,0,0,0,0,0,0,0,0,0,0,0,0,0,0,0,0,0,0,0,0,0,0,0,0,0,0,0,0,0,0,0,0,0,0,0,0,0,0,0,0,0,0,0,0,0,0,0,0,0,0,0,0,0,0,0,0,0,0,0,-1.09822,-1.35691,0.83828,-1.90646,3.97749,-0.80268,0.440147,-2.43336,-1.88984,0.290036,-1.51453,-0.43842,-1.98575,-1.2172,0.0036762,-1.79443,0.265772,-0.185769,1.29552,-0.892,2.6052,1.37232,-0.166962,0.167856,0.986677,-4.55551,-0.313765,5.9895,-1.99145,2.91449,3.69161,1.13535,-0.309987,0.709358,-0.0914194,0.558975,-1.06133,0.52,-1.29453,-0.488411,0.0736177,2.76929,0.658998,0.497939,-0.192281,-0.828841,-0.352037,-0.636128,0.393038,0.127203,-0.2618,0.116562,1.14258,0.432734,1.94443,-1.26722,-0.66424,0.509317,-0.0138399,0.102239,-0.339389,0.697,-0.977213,0.188997,-0.0966165,0.6,0,0,3,3,3
9.57053,-1.89491,0.898237,0.0684606,-0.255538,-0.408035,-1.09722,-1.36683,0.841724,9.57053,-1.89491,0.898237,0.0684606,-0.255538,-0.408035,-1.09722,-1.36683,0.841724,-0.258679,0.707404,-0.0733704,0.564666,-1.01059,0.52,-1.27158,-0.496238,0.0715253,2.7701,0.672073,0.508143,-0.198234,-0.854278,-0.325723,-0.619112,0.37753,0.126634,-0.2618,0.119357,1.15396,0.440737,1.94881,-1.24284,-0.650439,0.509022,-0.0139916,0.105697,-0.339536,0,0,0,0,0,0,0,0,0,0,0,0,0,0,0,0,0,0,0,0,0,0,0,0,0,0,0,0,0,0.00264968,0.870552,-0.239742,0.523423,-0.899308,0.280465,-1.33361,-0.792664,0.132272,2.68082,0.542908,0.269506,-0.31111,-0.523781,-0.106578,-0.390529,0.510091,0.166829,-0.272307,0.125135,1.1498,0.421621,1.98537,-1.21531,-0.711035,0.533327,-0.0268259,0.112367,-0.346931,-0.0953498,0.406366,0.865293,0.253831,-0.250576,0.0128525,-0.760682,-0.130973,0.0819485,0.201842,-0.0086505,0.0441749,0.0160217,-0.0568139,0.118727,-0.0670835,0.160622,0.0165115,-0.218889,0.200865,0.123268,0.420232,0.456695,-1.14322,0.384261,-0.436411,0.285542,-0.112998,0.34958,-12.4331,-7.46502,3.89457,2.25956,-14.4075,6.80198,3.45467,12.6845,-1.83118,7.59599,11.5546,3.21477,1.64356,-8.53339,-7.23257,-3.46923,-1.82708,-1.17257,0.593279,-0.307752,-0.212426,-0.226617,-0.986938,0.255746,0.434203,0.0961567,-0.0846048,-0.0837718,-0.277278,0,0,0,0,0,0,0,0,0,0,0,0,0,0,0,0,0,0,0,0,0,0,0,0,0,0,0,0,0,2.55789,2.55789,2.55789,6.3088,6.3088,1.81445,2.55789,2.55789,1.81445,6.3088,6.3088,0.907223,0.907223,1.81445,1.81445,0.907223,0.907223,1.81445,1.81445,0.907223,0.907223,0.907223,0.907223,0.907223,0.907223,1.06814,1.06814,1.06814,1.06814,40.1792,40.1792,40.1792,99.0984,99.0984,28.5012,40.1792,40.1792,28.5012,99.0984,99.0984,14.2506,14.2506,28.5012,28.5012,14.2506,14.2506,28.5012,28.5012,14.2506,14.2506,14.2506,14.2506,14.2506,14.2506,16.7783,16.7783,16.7783,16.7783,0,0,0,0,0,0,0,0,0,0,0,0,0,0,0,0,0,0,0,0,0,0,0,0,0,0,0,0,0,0,0,0,0,0,0,0,0,0,0,0,0,0,0,0,0,0,0,0,0,0,0,0,0,0,0,0,0,0,0,0,0,0,0,0,0,0,0,0,0,0,0,0,0,0,0,0,0,0,0,0,0,0,0,0,0,0,0,0,0,0,0,0,0,0,0,0,0,0,0,0,0,0,0,0,0,0,0,0,0,0,0,0,0,0,0,0,0,-1.09722,-1.36683,0.841724,-1.86766,3.98747,-0.742682,0.404787,-2.37779,-1.94784,0.288739,-1.48307,-0.451994,-2.06483,-1.22117,0.097382,-1.75251,0.272145,-0.187804,1.29195,-0.906294,2.63114,1.41874,-0.133999,0.163085,1.00493,-4.55748,-0.297534,5.99181,-1.84676,2.95177,3.66943,1.15862,-0.258679,0.707404,-0.0733704,0.564666,-1.01059,0.52,-1.27158,-0.496238,0.0715253,2.7701,0.672073,0.508143,-0.198234,-0.854278,-0.325723,-0.619112,0.37753,0.126634,-0.2618,0.119357,1.15396,0.440737,1.94881,-1.24284,-0.650439,0.509022,-0.0139916,0.105697,-0.339536,0.671,-0.979271,0.180262,-0.0923798,0.6,0,0,3,3,3
9.65156,-1.27157,0.787895,-0.0620182,-0.117684,-0.301542,-1.09608,-1.37475,0.840252,9.65156,-1.27157,0.787895,-0.0620182,-0.117684,-0.301542,-1.09608,-1.37475,0.840252,-0.217077,0.761471,-0.133662,0.555653,-0.951013,0.52,-1.28629,-0.563005,0.074224,2.74011,0.687084,0.49849,-0.197416,-0.87267,-0.324916,-0.638184,0.370881,0.126687,-0.2618,0.121407,1.14905,0.463937,1.905,-1.22484,-0.63895,0.501872,-0.0149865,0.103918,-0.335904,0,0,0,0,0,0,0,0,0,0,0,0,0,0,0,0,0,0,0,0,0,0,0,0,0,0,0,0,0,0.000266248,0.879781,-0.218702,0.531047,-0.900424,0.280594,-1.34676,-0.789116,0.131086,2.68505,0.54331,0.27024,-0.314215,-0.523265,-0.105005,-0.393361,0.511143,0.166983,-0.277602,0.129045,1.15284,0.430174,1.98916,-1.23376,-0.702303,0.527134,-0.0239757,0.110258,-0.342661,-0.130058,0.468018,1.07655,0.486085,0.0358191,0.0024311,-0.531748,0.363122,-0.174995,0.205854,0.0318601,0.0305343,-0.271447,0.053704,0.0662732,-0.211888,-0.0564476,-0.0166375,-0.225497,0.186063,0.147844,0.401476,0.0658343,-0.705135,0.298167,-0.251013,-0.00172223,-0.0411818,0.0571269,-10.0951,-8.09662,3.11962,0.515255,-11.0833,6.81828,4.43485,10.9325,-1.43312,7.14799,12.5673,3.36222,1.85874,-9.52542,-6.4039,-3.06481,-1.88701,-1.16343,0.872112,-0.30607,-0.116121,-0.212033,-0.659783,0.515081,0.522656,0.0302145,0.134022,-0.0323976,-0.0929875,0,0,0,0,0,0,0,0,0,0,0,0,0,0,0,0,0,0,0,0,0,0,0,0,0,0,0,0,0,2.55789,2.55789,2.55789,6.3088,6.3088,1.81445,2.55789,2.55789,1.81445,6.3088,6.3088,0.907223,0.907223,1.81445,1.81445,0.907223,0.907223,1.81445,1.81445,0.907223,0.907223,0.907223,0.907223,0.907223,0.907223,1.06814,1.06814,1.06814,1.06814,40.1792,40.1792,40.1792,99.0984,99.0984,28.5012,40.1792,40.1792,28.5012,99.0984,99.0984,14.2506,14.2506,28.5012,28.5012,14.2506,14.2506,28.5012,28.5012,14.2506,14.2506,14.2506,14.2506,14.2506,14.2506,16.7783,16.7783,16.7783,16.7783,0,0,0,0,0,0,0,0,0,0,0,0,0,0,0,0,0,0,0,0,0,0,0,0,0,0,0,0,0,0,0,0,0,0,0,0,0,0,0,0,0,0,0,0,0,0,0,0,0,0,0,0,0,0,0,0,0,0,0,0,0,0,0,0,0,0,0,0,0,0,0,0,0,0,0,0,0,0,0,0,0,0,0,0,0,0,0,0,0,0,0,0,0,0,0,0,0,0,0,0,0,0,0,0,0,0,0,0,0,0,0,0,0,0,0,0,0,-1.09608,-1.37475,0.840252,-1.91114,3.88758,-0.74084,0.389626,-2.33673,-2.00098,0.288858,-1.45687,-0.450128,-2.20434,-1.31713,0.173361,-1.77937,0.276819,-0.201158,1.3907,-1.02823,2.61996,1.39486,-0.244111,0.169238,1.05782,-4.50872,-0.323238,5.90629,-1.67687,2.99458,3.65953,1.13661,-0.217077,0.761471,-0.133662,0.555653,-0.951013,0.52,-1.28629,-0.563005,0.074224,2.74011,0.687084,0.49849,-0.197416,-0.87267,-0.324916,-0.638184,0.370881,0.126687,-0.2618,0.121407,1.14905,0.463937,1.905,-1.22484,-0.63895,0.501872,-0.0149865,0.103918,-0.335904,0.605,-0.980845,0.17325,-0.0890352,0.6,0,0,3,3,3
9.52878,-1.26487,0.7066,-0.0968825,-0.0307169,-0.0764394,-1.09641,-1.37805,0.838734,9.52878,-1.26487,0.7066,-0.0968825,-0.0307169,-0.0764394,-1.09641,-1.37805,0.838734,-0.218074,0.823805,-0.210198,0.523427,-0.926905,0.52,-1.30785,-0.637726,0.07564,2.72491,0.692015,0.487351,-0.198083,-0.87267,-0.33294,-0.647623,0.356619,0.125852,-0.2618,0.12737,1.14352,0.50184,1.84495,-1.20485,-0.620424,0.49206,-0.0155073,0.0980655,-0.330936,0,0,0,0,0,0,0,0,0,0,0,0,0,0,0,0,0,0,0,0,0,0,0,0,0,0,0,0,0,-0.00256169,0.886225,-0.203781,0.541605,-0.896508,0.280492,-1.35341,-0.783362,0.127444,2.68792,0.544947,0.270578,-0.320784,-0.522347,-0.103857,-0.400831,0.505614,0.165537,-0.280233,0.13163,1.15447,0.441399,1.98659,-1.24249,-0.695122,0.526728,-0.0228121,0.108516,-0.340453,-0.122822,0.222708,0.613229,0.569078,0.25017,-0.00966971,-0.195347,0.21137,-0.169817,0.102238,0.0956754,0.00952111,-0.327134,0.0372084,0.0435885,-0.436047,-0.417227,-0.0760119,-0.0824321,0.113634,0.0520411,0.56589,-0.229568,-0.261995,0.318003,0.0752418,0.0328847,-0.0195858,0.0370723,-8.2916,-5.61178,1.27927,-2.04577,-6.94336,6.84232,3.24511,8.29236,-1.21179,4.50361,13.4894,3.23867,2.05163,-10.0534,-6.38406,-3.00088,-1.57337,-0.96893,0.682946,-0.247537,-0.125312,-0.189737,-0.96852,0.50431,0.509795,-0.485745,0.103425,-0.0420745,0.0257164,0,0,0,0,0,0,0,0,0,0,0,0,0,0,0,0,0,0,0,0,0,0,0,0,0,0,0,0,0,2.55789,2.55789,2.55789,6.3088,6.3088,1.81445,2.55789,2.55789,1.81445,6.3088,6.3088,0.907223,0.907223,1.81445,1.81445,0.907223,0.907223,1.81445,1.81445,0.907223,0.907223,0.907223,0.907223,0.907223,0.907223,1.06814,1.06814,1.06814,1.06814,40.1792,40.1792,40.1792,99.0984,99.0984,28.5012,40.1792,40.1792,28.5012,99.0984,99.0984,14.2506,14.2506,28.5012,28.5012,14.2506,14.2506,28.5012,28.5012,14.2506,14.2506,14.2506,14.2506,14.2506,14.2506,16.7783,16.7783,16.7783,16.7783,0,0,0,0,0,0,0,0,0,0,0,0,0,0,0,0,0,0,0,0,0,0,0,0,0,0,0,0,0,0,0,0,0,0,0,0,0,0,0,0,0,0,0,0,0,0,0,0,0,0,0,0,0,0,0,0,0,0,0,0,0,0,0,0,0,0,0,0,0,0,0,0,0,0,0,0,0,0,0,0,0,0,0,0,0,0,0,0,0,0,0,0,0,0,0,0,0,0,0,0,0,0,0,0,0,0,0,0,0,0,0,0,0,0,0,0,0,-1.09641,-1.37805,0.838734,-1.93266,3.75064,-0.759136,0.357107,-2.29115,-2.09099,0.286955,-1.41463,-0.451649,-2.32839,-1.44884,0.17154,-1.81876,0.290415,-0.208149,1.50454,-1.1647,2.60733,1.3163,-0.383892,0.172467,1.14424,-4.44205,-0.415138,5.86296,-1.60812,3.00864,3.70298,1.11121,-0.218074,0.823805,-0.210198,0.523427,-0.926905,0.52,-1.30785,-0.637726,0.07564,2.72491,0.692015,0.487351,-0.198083,-0.87267,-0.33294,-0.647623,0.356619,0.125852,-0.2618,0.12737,1.14352,0.50184,1.84495,-1.20485,-0.620424,0.49206,-0.0155073,0.0980655,-0.330936,0.929,-0.981482,0.170402,-0.0875017,0.6,0,0,3,3,3
9.62273,-1.12539,0.649369,-0.0662355,0.016213,0.0697754,-1.09875,-1.37789,0.839512,9.62273,-1.12539,0.649369,-0.0662355,0.016213,0.0697754,-1.09875,-1.37789,0.839512,-0.249043,0.836849,-0.257509,0.486863,-0.95777,0.52,-1.30606,-0.646652,0.0740472,2.74481,0.699549,0.485953,-0.196226,-0.87267,-0.337471,-0.659129,0.366435,0.132286,-0.2618,0.132365,1.1626,0.528371,1.82306,-1.21954,-0.619221,0.484983,-0.0155631,0.0924495,-0.330588,0,0,0,0,0,0,0,0,0,0,0,0,0,0,0,0,0,0,0,0,0,0,0,0,0,0,0,0,0,-0.00498305,0.886237,-0.201076,0.548046,-0.891186,0.28029,-1.355,-0.785089,0.127009,2.68933,0.546955,0.270487,-0.32496,-0.521859,-0.103241,-0.410364,0.493856,0.163469,-0.280793,0.133914,1.15434,0.458554,1.98012,-1.2446,-0.688649,0.530486,-0.0223479,0.107169,-0.340012,-0.0943473,-0.119913,-0.0999224,0.135024,0.245467,-0.00918105,-0.0144691,-0.296509,0.0685703,0.0309106,0.086707,-0.0115249,-0.132825,0.0161645,0.0213424,-0.486601,-0.7007,-0.109142,-0.0168803,0.138378,-0.0249263,0.893294,-0.434234,0.0437137,0.248323,0.262308,0.0459331,-0.122434,0.0974455,-8.30297,-2.24708,-0.17051,-3.44402,-5.09979,6.84875,1.95695,6.56382,-1.5656,3.26595,13.8118,3.09998,1.93058,-10.0294,-6.58541,-2.95713,-1.35887,-0.889379,0.568723,-0.212734,-0.131811,-0.185866,-1.61898,0.598705,0.672503,-0.884636,0.0925805,-0.0703156,0.158009,0,0,0,0,0,0,0,0,0,0,0,0,0,0,0,0,0,0,0,0,0,0,0,0,0,0,0,0,0,2.55789,2.55789,2.55789,6.3088,6.3088,1.81445,2.55789,2.55789,1.81445,6.3088,6.3088,0.907223,0.907223,1.81445,1.81445,0.907223,0.907223,1.81445,1.81445,0.907223,0.907223,0.907223,0.907223,0.907223,0.907223,1.06814,1.06814,1.06814,1.06814,40.1792,40.1792,40.1792,99.0984,99.0984,28.5012,40.1792,40.1792,28.5012,99.0984,99.0984,14.2506,14.2506,28.5012,28.5012,14.2506,14.2506,28.5012,28.5012,14.2506,14.2506,14.2506,14.2506,14.2506,14.2506,16.7783,16.7783,16.7783,16.7783,0,0,0,0,0,0,0,0,0,0,0,0,0,0,0,0,0,0,0,0,0,0,0,0,0,0,0,0,0,0,0,0,0,0,0,0,0,0,0,0,0,0,0,0,0,0,0,0,0,0,0,0,0,0,0,0,0,0,0,0,0,0,0,0,0,0,0,0,0,0,0,0,0,0,0,0,0,0,0,0,0,0,0,0,0,0,0,0,0,0,0,0,0,0,0,0,0,0,0,0,0,0,0,0,0,0,0,0,0,0,0,0,0,0,0,0,0,-1.09875,-1.37789,0.839512,-1.9589,3.70074,-0.769468,0.379489,-2.32466,-2.16056,0.301626,-1.41189,-0.447416,-2.38455,-1.54384,0.11498,-1.81549,0.301805,-0.208898,1.52836,-1.181,2.65085,1.24092,-0.470297,0.168835,1.20474,-4.43737,-0.519409,5.9197,-1.69614,3.03013,3.78892,1.10802,-0.249043,0.836849,-0.257509,0.486863,-0.95777,0.52,-1.30606,-0.646652,0.0740472,2.74481,0.699549,0.485953,-0.196226,-0.87267,-0.337471,-0.659129,0.366435,0.132286,-0.2618,0.132365,1.1626,0.528371,1.82306,-1.21954,-0.619221,0.484983,-0.0155631,0.0924495,-0.330588,0.631,-0.981451,0.170749,-0.0871739,0.6,0,0,3,3,3
9.62709,-1.50638,0.746593,-0.0330021,0.0365001,0.141017,-1.10239,-1.37555,0.842256,9.62709,-1.50638,0.746593,-0.0330021,0.0365001,0.141017,-1.10239,-1.37555,0.842256,-0.29087,0.825037,-0.283559,0.453844,-1.01134,0.52,-1.28619,-0.604911,0.083129,2.76199,0.713197,0.490103,-0.197456,-0.87267,-0.348405,-0.658229,0.411026,0.149241,-0.2618,0.135897,1.18128,0.536878,1.82561,-1.24516,-0.627785,0.483553,-0.0155625,0.0892352,-0.333701,0,0,0,0,0,0,0,0,0,0,0,0,0,0,0,0,0,0,0,0,0,0,0,0,0,0,0,0,0,-0.00624345,0.881103,-0.209346,0.544437,-0.888776,0.280141,-1.35482,-0.795502,0.129713,2.68952,0.548361,0.270209,-0.325509,-0.521645,-0.102865,-0.419957,0.478499,0.161446,-0.281187,0.136481,1.15751,0.478907,1.97087,-1.2418,-0.684235,0.536325,-0.021151,0.104585,-0.338395,-0.0351951,-0.316655,-0.541125,-0.359104,0.0553735,-0.00609804,0.0238989,-0.647953,0.165796,0.00337864,0.0573672,-0.0132339,0.0376612,0.00745626,0.0161753,-0.450387,-0.794292,-0.0804358,-0.0162172,0.137406,0.231612,0.984864,-0.45428,0.189777,0.206552,0.290039,0.0636415,-0.112277,0.0545303,-9.65111,-1.0029,-0.599458,-3.63613,-7.22186,6.84751,1.90542,7.54348,-1.87261,5.45639,14.6137,3.08658,1.82017,-10.0188,-6.71712,-2.99994,-0.897767,-0.677375,0.583156,-0.178959,-0.12961,-0.183713,-1.67663,0.137337,0.769583,-1.1789,0.0195442,-0.0612155,0.0293508,0,0,0,0,0,0,0,0,0,0,0,0,0,0,0,0,0,0,0,0,0,0,0,0,0,0,0,0,0,2.55789,2.55789,2.55789,6.3088,6.3088,1.81445,2.55789,2.55789,1.81445,6.3088,6.3088,0.907223,0.907223,1.81445,1.81445,0.907223,0.907223,1.81445,1.81445,0.907223,0.907223,0.907223,0.907223,0.907223,0.907223,1.06814,1.06814,1.06814,1.06814,40.1792,40.1792,40.1792,99.0984,99.0984,28.5012,40.1792,40.1792,28.5012,99.0984,99.0984,14.2506,14.2506,28.5012,28.5012,14.2506,14.2506,28.5012,28.5012,14.2506,14.2506,14.2506,14.2506,14.2506,14.2506,16.7783,16.7783,16.7783,16.7783,0,0,0,0,0,0,0,0,0,0,0,0,0,0,0,0,0,0,0,0,0,0,0,0,0,0,0,0,0,0,0,0,0,0,0,0,0,0,0,0,0,0,0,0,0,0,0,0,0,0,0,0,0,0,0,0,0,0,0,0,0,0,0,0,0,0,0,0,0,0,0,0,0,0,0,0,0,0,0,0,0,0,0,0,0,0,0,0,0,0,0,0,0,0,0,0,0,0,0,0,0,0,0,0,0,0,0,0,0,0,0,0,0,0,0,0,0,-1.10239,-1.37555,0.842256,-1.95685,3.70656,-0.794399,0.481161,-2.38307,-2.17766,0.340285,-1.43141,-0.450218,-2.35637,-1.56303,0.0385902,-1.77919,0.309859,-0.208891,1.50679,-1.10477,2.69344,1.19777,-0.517871,0.189542,1.22414,-4.47915,-0.613572,5.96868,-1.8489,3.06905,3.82035,1.11748,-0.29087,0.825037,-0.283559,0.453844,-1.01134,0.52,-1.28619,-0.604911,0.083129,2.76199,0.713197,0.490103,-0.197456,-0.87267,-0.348405,-0.658229,0.411026,0.149241,-0.2618,0.135897,1.18128,0.536878,1.82561,-1.24516,-0.627785,0.483553,-0.0155625,0.0892352,-0.333701,0.706,-0.980999,0.173115,-0.08759,0.6,0,0,3,3,3
9.61498,-1.74246,0.827743,0.00330265,0.0319311,0.0900881,-1.10456,-1.37319,0.844235,9.61498,-1.74246,0.827743,0.00330265,0.0319311,0.0900881,-1.10456,-1.37319,0.844235,-0.308176,0.823634,-0.290341,0.449927,-1.04509,0.52,-1.27169,-0.578698,0.0966364,2.75895,0.731524,0.488203,-0.194618,-0.87267,-0.354265,-0.657631,0.456469,0.161253,-0.2618,0.135287,1.18467,0.524485,1.84353,-1.28231,-0.644953,0.485418,-0.0158166,0.0898348,-0.335519,0,0,0,0,0,0,0,0,0,0,0,0,0,0,0,0,0,0,0,0,0,0,0,0,0,0,0,0,0,-0.0060558,0.873753,-0.222582,0.532898,-0.890581,0.280047,-1.35395,-0.808387,0.134089,2.6903,0.549702,0.270074,-0.322908,-0.521532,-0.102807,-0.426878,0.464677,0.161388,-0.281653,0.138529,1.16529,0.496834,1.96406,-1.23838,-0.681439,0.540878,-0.0202658,0.102705,-0.33803,0.0286362,-0.37869,-0.6931,-0.673833,-0.142973,-0.00371346,0.0626344,-0.605629,0.234018,0.0671184,0.0627932,-0.00257124,0.18624,0.00439011,-0.0040698,-0.255225,-0.584495,0.0411814,-0.00886493,0.0953179,0.436243,0.800375,-0.237052,0.134487,0.117591,0.17586,0.021498,-0.0705324,-0.0304314,-11.5107,-1.01017,-0.713342,-3.74037,-11.0935,6.84583,2.5553,9.69802,-1.88698,6.60944,15.7784,3.13819,1.63186,-10.016,-6.99522,-3.05455,-0.228505,-0.408728,0.590016,-0.121388,-0.158464,-0.154487,-1.74313,-0.225339,0.66479,-1.15586,0.0473965,-0.145943,0.0905672,0,0,0,0,0,0,0,0,0,0,0,0,0,0,0,0,0,0,0,0,0,0,0,0,0,0,0,0,0,2.55789,2.55789,2.55789,6.3088,6.3088,1.81445,2.55789,2.55789,1.81445,6.3088,6.3088,0.907223,0.907223,1.81445,1.81445,0.907223,0.907223,1.81445,1.81445,0.907223,0.907223,0.907223,0.907223,0.907223,0.907223,1.06814,1.06814,1.06814,1.06814,40.1792,40.1792,40.1792,99.0984,99.0984,28.5012,40.1792,40.1792,28.5012,99.0984,99.0984,14.2506,14.2506,28.5012,28.5012,14.2506,14.2506,28.5012,28.5012,14.2506,14.2506,14.2506,14.2506,14.2506,14.2506,16.7783,16.7783,16.7783,16.7783,0,0,0,0,0,0,0,0,0,0,0,0,0,0,0,0,0,0,0,0,0,0,0,0,0,0,0,0,0,0,0,0,0,0,0,0,0,0,0,0,0,0,0,0,0,0,0,0,0,0,0,0,0,0,0,0,0,0,0,0,0,0,0,0,0,0,0,0,0,0,0,0,0,0,0,0,0,0,0,0,0,0,0,0,0,0,0,0,0,0,0,0,0,0,0,0,0,0,0,0,0,0,0,0,0,0,0,0,0,0,0,0,0,0,0,0,0,-1.10456,-1.37319,0.844235,-1.95548,3.74741,-0.80776,0.584774,-2.46778,-2.14847,0.367672,-1.47056,-0.443749,-2.31169,-1.53799,0.00698386,-1.75272,0.308469,-0.212301,1.50423,-1.05689,2.70116,1.20582,-0.530258,0.220341,1.19588,-4.50355,-0.624743,5.96002,-1.94516,3.12131,3.76707,1.11315,-0.308176,0.823634,-0.290341,0.449927,-1.04509,0.52,-1.27169,-0.578698,0.0966364,2.75895,0.731524,0.488203,-0.194618,-0.87267,-0.354265,-0.657631,0.456469,0.161253,-0.2618,0.135287,1.18467,0.524485,1.84353,-1.28231,-0.644953,0.485418,-0.0158166,0.0898348,-0.335519,1.038,-0.98054,0.175367,-0.0882524,0.6,0,0,3,3,3
9.6124,-1.76967,0.879862,0.0272449,0.0158619,0.00712886,-1.1038,-1.37222,0.843886,9.6124,-1.76967,0.879862,0.0272449,0.0158619,0.00712886,-1.1038,-1.37222,0.843886,-0.309247,0.828462,-0.262525,0.466044,-1.05171,0.52,-1.25551,-0.575371,0.10238,2.75215,0.741178,0.485774,-0.187608,-0.87267,-0.352108,-0.659184,0.472377,0.159848,-0.2618,0.132525,1.18108,0.503664,1.87107,-1.30934,-0.660081,0.489805,-0.015778,0.0934066,-0.335856,0,0,0,0,0,0,0,0,0,0,0,0,0,0,0,0,0,0,0,0,0,0,0,0,0,0,0,0,0,-0.0058383,0.86612,-0.236711,0.518998,-0.894986,0.279984,-1.35283,-0.819142,0.137859,2.6907,0.551607,0.270132,-0.31747,-0.521459,-0.103185,-0.429275,0.457106,0.163591,-0.281492,0.139656,1.17462,0.508237,1.96148,-1.23611,-0.681884,0.542639,-0.0196994,0.101902,-0.338036,-0.00728982,-0.308375,-0.569419,-0.57054,-0.19786,-0.00217828,0.0586887,-0.377954,0.117346,0.00240033,0.0889484,0.00548607,0.277649,0.00264651,-0.0245737,-0.00594903,-0.149925,0.119422,0.0314777,0.0242289,0.39059,0.380907,-0.00844842,0.0449511,-0.0311367,0.0201016,0.000960305,-0.0106353,-0.0355483,-12.1387,-0.919929,-0.698901,-3.26426,-13.6227,6.8448,3.12557,10.6529,-1.40128,6.74526,17.2707,3.10308,1.50849,-10.0147,-7.11405,-3.23493,0.15275,-0.275856,0.51452,-0.0858946,-0.208632,-0.11767,-1.66447,-0.703097,0.553499,-0.985716,0.0606246,-0.19109,0.0776943,0,0,0,0,0,0,0,0,0,0,0,0,0,0,0,0,0,0,0,0,0,0,0,0,0,0,0,0,0,2.55789,2.55789,2.55789,6.3088,6.3088,1.81445,2.55789,2.55789,1.81445,6.3088,6.3088,0.907223,0.907223,1.81445,1.81445,0.907223,0.907223,1.81445,1.81445,0.907223,0.907223,0.907223,0.907223,0.907223,0.907223,1.06814,1.06814,1.06814,1.06814,40.1792,40.1792,40.1792,99.0984,99.0984,28.5012,40.1792,40.1792,28.5012,99.0984,99.0984,14.2506,14.2506,28.5012,28.5012,14.2506,14.2506,28.5012,28.5012,14.2506,14.2506,14.2506,14.2506,14.2506,14.2506,16.7783,16.7783,16.7783,16.7783,0,0,0,0,0,0,0,0,0,0,0,0,0,0,0,0,0,0,0,0,0,0,0,0,0,0,0,0,0,0,0,0,0,0,0,0,0,0,0,0,0,0,0,0,0,0,0,0,0,0,0,0,0,0,0,0,0,0,0,0,0,0,0,0,0,0,0,0,0,0,0,0,0,0,0,0,0,0,0,0,0,0,0,0,0,0,0,0,0,0,0,0,0,0,0,0,0,0,0,0,0,0,0,0,0,0,0,0,0,0,0,0,0,0,0,0,0,-1.1038,-1.37222,0.843886,-1.95902,3.8102,-0.802842,0.621047,-2.52942,-2.11498,0.364469,-1.50505,-0.427765,-2.27854,-1.47911,0.00502864,-1.72317,0.30217,-0.211782,1.51304,-1.05082,2.69298,1.25377,-0.479456,0.233436,1.1484,-4.50808,-0.578782,5.94063,-1.96404,3.14884,3.69816,1.10761,-0.309247,0.828462,-0.262525,0.466044,-1.05171,0.52,-1.25551,-0.575371,0.10238,2.75215,0.741178,0.485774,-0.187608,-0.87267,-0.352108,-0.659184,0.472377,0.159848,-0.2618,0.132525,1.18108,0.503664,1.87107,-1.30934,-0.660081,0.489805,-0.015778,0.0934066,-0.335856,0.698,-0.980353,0.176145,-0.0887744,0.6,0,0,3,3,3
9.60693,-1.72331,0.889228,0.0305024,0.00738771,-0.0218056,-1.10192,-1.37234,0.842504,9.60693,-1.72331,0.889228,0.0305024,0.00738771,-0.0218056,-1.10192,-1.37234,0.842504,-0.308461,0.819422,-0.234662,0.492264,-1.04769,0.52,-1.24197,-0.559177,0.100209,2.74853,0.748644,0.488383,-0.18031,-0.87267,-0.350683,-0.665487,0.467921,0.152694,-0.2618,0.128616,1.17226,0.49326,1.88754,-1.31231,-0.66754,0.494652,-0.0153702,0.0963496,-0.335564,0,0,0,0,0,0,0,0,0,0,0,0,0,0,0,0,0,0,0,0,0,0,0,0,0,0,0,0,0,-0.0069448,0.862673,-0.241893,0.511993,-0.898131,0.279955,-1.35115,-0.823677,0.138737,2.69059,0.553345,0.270236,-0.312413,-0.52144,-0.103715,-0.427849,0.457906,0.165562,-0.280683,0.139898,1.18035,0.510316,1.96227,-1.23589,-0.682849,0.542379,-0.0196368,0.102061,-0.338599,-0.102484,-0.119944,-0.114677,-0.26082,-0.151014,-0.00124799,0.122563,-0.165567,0.00143917,-0.00981759,0.09365,0.00582366,0.284751,0.000416157,-0.0325747,0.134055,0.182512,0.0992243,0.0569425,-0.0138185,0.266898,0.00264096,0.0702,-0.00174326,-0.0670728,-0.031692,0.00275822,0.0168061,-0.0259732,-11.9125,-1.04874,-0.476855,-2.80902,-14.2534,6.84394,3.55691,10.4334,-1.05671,6.16146,18.0242,3.06642,1.52946,-10.0112,-7.02318,-3.40471,0.0721295,-0.340291,0.443165,-0.0982237,-0.23358,-0.105934,-1.35828,-1.04617,0.381726,-0.851426,0.0612611,-0.162277,0.0740628,0,0,0,0,0,0,0,0,0,0,0,0,0,0,0,0,0,0,0,0,0,0,0,0,0,0,0,0,0,2.55789,2.55789,2.55789,6.3088,6.3088,1.81445,2.55789,2.55789,1.81445,6.3088,6.3088,0.907223,0.907223,1.81445,1.81445,0.907223,0.907223,1.81445,1.81445,0.907223,0.907223,0.907223,0.907223,0.907223,0.907223,1.06814,1.06814,1.06814,1.06814,40.1792,40.1792,40.1792,99.0984,99.0984,28.5012,40.1792,40.1792,28.5012,99.0984,99.0984,14.2506,14.2506,28.5012,28.5012,14.2506,14.2506,28.5012,28.5012,14.2506,14.2506,14.2506,14.2506,14.2506,14.2506,16.7783,16.7783,16.7783,16.7783,0,0,0,0,0,0,0,0,0,0,0,0,0,0,0,0,0,0,0,0,0,0,0,0,0,0,0,0,0,0,0,0,0,0,0,0,0,0,0,0,0,0,0,0,0,0,0,0,0,0,0,0,0,0,0,0,0,0,0,0,0,0,0,0,0,0,0,0,0,0,0,0,0,0,0,0,0,0,0,0,0,0,0,0,0,0,0,0,0,0,0,0,0,0,0,0,0,0,0,0,0,0,0,0,0,0,0,0,0,0,0,0,0,0,0,0,0,-1.10192,-1.37234,0.842504,-1.9734,3.84776,-0.799593,0.610886,-2.53618,-2.06892,0.348157,-1.52206,-0.411124,-2.24948,-1.41406,0.00646255,-1.69843,0.293257,-0.206309,1.49653,-1.02124,2.67286,1.29327,-0.428571,0.228487,1.12468,-4.50416,-0.504008,5.93032,-1.95256,3.17014,3.65511,1.11356,-0.308461,0.819422,-0.234662,0.492264,-1.04769,0.52,-1.24197,-0.559177,0.100209,2.74853,0.748644,0.488383,-0.18031,-0.87267,-0.350683,-0.665487,0.467921,0.152694,-0.2618,0.128616,1.17226,0.49326,1.88754,-1.31231,-0.66754,0.494652,-0.0153702,0.0963496,-0.335564,0.886,-0.980372,0.175878,-0.0890907,0.6,0,0,3,3,3
9.62094,-1.69427,0.889753,0.0276885,0.00532294,-0.0211275,-1.09976,-1.3727,0.84088,9.62094,-1.69427,0.889753,0.0276885,0.00532294,-0.0211275,-1.09976,-1.3727,0.84088,-0.293995,0.801679,-0.210084,0.525949,-1.03858,0.52,-1.2483,-0.543779,0.0941197,2.73732,0.753508,0.490803,-0.171718,-0.87267,-0.352416,-0.674265,0.457327,0.142989,-0.2618,0.122504,1.16355,0.484002,1.90428,-1.31173,-0.67346,0.498507,-0.0147735,0.0993451,-0.334489,0,0,0,0,0,0,0,0,0,0,0,0,0,0,0,0,0,0,0,0,0,0,0,0,0,0,0,0,0,-0.0102865,0.862077,-0.239283,0.512325,-0.90027,0.279939,-1.34773,-0.824156,0.137169,2.69032,0.555195,0.270383,-0.307081,-0.521439,-0.104436,-0.424201,0.464437,0.166919,-0.279246,0.139209,1.18334,0.50815,1.96374,-1.23604,-0.684214,0.541632,-0.0194187,0.102555,-0.338991,-0.196996,0.0134968,0.256061,0.171236,-0.0780931,-0.000449617,0.2067,0.0742918,-0.133796,-0.013092,0.0838906,0.00792042,0.259271,0.000281459,-0.0371642,0.210679,0.417963,0.0539434,0.0753203,-0.0508829,0.0887045,-0.142087,0.0737187,-0.00668234,-0.0679692,-0.0385865,0.012052,0.0262395,-0.0155143,-11.4981,-1.73837,-0.418364,-2.92469,-14.1002,6.84296,3.75367,10.5065,-0.835377,5.8521,18.6378,3.09964,1.57912,-10.0108,-6.95271,-3.61949,-0.303529,-0.500483,0.364208,-0.107543,-0.242063,-0.0868367,-1.15042,-1.07979,0.297133,-0.748328,0.0550178,-0.131807,0.0740882,0,0,0,0,0,0,0,0,0,0,0,0,0,0,0,0,0,0,0,0,0,0,0,0,0,0,0,0,0,2.55789,2.55789,2.55789,6.3088,6.3088,1.81445,2.55789,2.55789,1.81445,6.3088,6.3088,0.907223,0.907223,1.81445,1.81445,0.907223,0.907223,1.81445,1.81445,0.907223,0.907223,0.907223,0.907223,0.907223,0.907223,1.06814,1.06814,1.06814,1.06814,40.1792,40.1792,40.1792,99.0984,99.0984,28.5012,40.1792,40.1792,28.5012,99.0984,99.0984,14.2506,14.2506,28.5012,28.5012,14.2506,14.2506,28.5012,28.5012,14.2506,14.2506,14.2506,14.2506,14.2506,14.2506,16.7783,16.7783,16.7783,16.7783,0,0,0,0,0,0,0,0,0,0,0,0,0,0,0,0,0,0,0,0,0,0,0,0,0,0,0,0,0,0,0,0,0,0,0,0,0,0,0,0,0,0,0,0,0,0,0,0,0,0,0,0,0,0,0,0,0,0,0,0,0,0,0,0,0,0,0,0,0,0,0,0,0,0,0,0,0,0,0,0,0,0,0,0,0,0,0,0,0,0,0,0,0,0,0,0,0,0,0,0,0,0,0,0,0,0,0,0,0,0,0,0,0,0,0,0,0,-1.09976,-1.3727,0.84088,-1.99341,3.88592,-0.803545,0.586731,-2.53486,-2.01311,0.32603,-1.53556,-0.391534,-2.22089,-1.36231,0.0328824,-1.71,0.279321,-0.1983,1.46413,-0.99312,2.65302,1.33348,-0.383683,0.214602,1.10357,-4.48973,-0.407947,5.89835,-1.92657,3.18401,3.6147,1.11908,-0.293995,0.801679,-0.210084,0.525949,-1.03858,0.52,-1.2483,-0.543779,0.0941197,2.73732,0.753508,0.490803,-0.171718,-0.87267,-0.352416,-0.674265,0.457327,0.142989,-0.2618,0.122504,1.16355,0.484002,1.90428,-1.31173,-0.67346,0.498507,-0.0147735,0.0993451,-0.334489,0.634,-0.980443,0.175373,-0.089311,0.6,0,0,3,3,3
9.63548,-1.68223,0.884918,0.0272766,0.00444123,-0.0160672,-1.09793,-1.37299,0.839557,9.63548,-1.68223,0.884918,0.0272766,0.00444123,-0.0160672,-1.09793,-1.37299,0.839557,-0.26317,0.787719,-0.185145,0.562882,-1.01819,0.52,-1.2671,-0.544327,0.0891477,2.72097,0.751843,0.490565,-0.163202,-0.85991,-0.353941,-0.683597,0.444094,0.132575,-0.2618,0.115405,1.15531,0.469583,1.92168,-1.31478,-0.680413,0.501292,-0.0144063,0.103269,-0.333187,0,0,0,0,0,0,0,0,0,0,0,0,0,0,0,0,0,0,0,0,0,0,0,0,0,0,0,0,0,-0.0146251,0.862812,-0.231719,0.521152,-0.901003,0.279936,-1.3431,-0.819947,0.133273,2.69002,0.556883,0.270573,-0.302346,-0.521403,-0.105204,-0.419645,0.474323,0.16736,-0.277676,0.137788,1.1833,0.504131,1.96523,-1.23611,-0.68562,0.540769,-0.0190448,0.10321,-0.339178,-0.203731,0.0386839,0.434802,0.569447,-0.0156299,0.000161436,0.249137,0.302168,-0.237216,-0.0141439,0.0778088,0.0100666,0.227369,0.00276491,-0.0376873,0.232486,0.534228,0.00763622,0.074894,-0.084018,-0.0420705,-0.211586,0.0751353,0.000573383,-0.0713139,-0.0446275,0.0186512,0.033557,-0.00627966,-10.7017,-2.5602,-0.202451,-2.95418,-13.5227,6.84192,3.20024,10.3857,-0.71172,4.77911,18.9925,3.12951,1.66227,-10.0162,-6.97864,-3.83318,-0.707337,-0.7083,0.318143,-0.144277,-0.24683,-0.0977518,-0.934006,-1.07663,0.235479,-0.662999,0.0516276,-0.100282,0.0852903,0,0,0,0,0,0,0,0,0,0,0,0,0,0,0,0,0,0,0,0,0,0,0,0,0,0,0,0,0,2.55789,2.55789,2.55789,6.3088,6.3088,1.81445,2.55789,2.55789,1.81445,6.3088,6.3088,0.907223,0.907223,1.81445,1.81445,0.907223,0.907223,1.81445,1.81445,0.907223,0.907223,0.907223,0.907223,0.907223,0.907223,1.06814,1.06814,1.06814,1.06814,40.1792,40.1792,40.1792,99.0984,99.0984,28.5012,40.1792,40.1792,28.5012,99.0984,99.0984,14.2506,14.2506,28.5012,28.5012,14.2506,14.2506,28.5012,28.5012,14.2506,14.2506,14.2506,14.2506,14.2506,14.2506,16.7783,16.7783,16.7783,16.7783,0,0,0,0,0,0,0,0,0,0,0,0,0,0,0,0,0,0,0,0,0,0,0,0,0,0,0,0,0,0,0,0,0,0,0,0,0,0,0,0,0,0,0,0,0,0,0,0,0,0,0,0,0,0,0,0,0,0,0,0,0,0,0,0,0,0,0,0,0,0,0,0,0,0,0,0,0,0,0,0,0,0,0,0,0,0,0,0,0,0,0,0,0,0,0,0,0,0,0,0,0,0,0,0,0,0,0,0,0,0,0,0,0,0,0,0,0,-1.09793,-1.37299,0.839557,-2.01469,3.92561,-0.807021,0.556559,-2.54181,-1.96068,0.302283,-1.55141,-0.372116,-2.20621,-1.32493,0.0891799,-1.74432,0.263136,-0.19337,1.43863,-0.99412,2.63422,1.38614,-0.338136,0.203266,1.0707,-4.47226,-0.302622,5.8517,-1.86844,3.17926,3.56941,1.11854,-0.26317,0.787719,-0.185145,0.562882,-1.01819,0.52,-1.2671,-0.544327,0.0891477,2.72097,0.751843,0.490565,-0.163202,-0.85991,-0.353941,-0.683597,0.444094,0.132575,-0.2618,0.115405,1.15531,0.469583,1.92168,-1.31478,-0.680413,0.501292,-0.0144063,0.103269,-0.333187,0.662,-0.9805,0.174954,-0.0895029,0.6,0,0,3,3,3
9.61779,-1.84358,0.910322,0.0129412,0.00239997,-0.0258213,-1.09627,-1.3733,0.838316,9.61779,-1.84358,0.910322,0.0129412,0.00239997,-0.0258213,-1.09627,-1.3733,0.838316,-0.210344,0.766359,-0.145392,0.6014,-0.986497,0.52,-1.28227,-0.555006,0.0892402,2.70453,0.748411,0.487681,-0.153528,-0.838129,-0.344479,-0.697164,0.432759,0.12237,-0.2618,0.109555,1.15842,0.439885,1.95447,-1.3325,-0.694999,0.504637,-0.01443,0.109225,-0.333224,0,0,0,0,0,0,0,0,0,0,0,0,0,0,0,0,0,0,0,0,0,0,0,0,0,0,0,0,0,-0.0181724,0.863013,-0.225821,0.53121,-0.900932,0.280077,-1.33803,-0.811226,0.127307,2.68982,0.558284,0.270775,-0.298692,-0.521297,-0.105944,-0.415138,0.485524,0.166931,-0.276305,0.135766,1.18115,0.497962,1.96658,-1.23629,-0.686881,0.539827,-0.0185978,0.10411,-0.339176,-0.190141,-0.0130054,0.02852,0.225282,-0.0113942,0.0135956,0.258219,0.555493,-0.363944,-0.0027609,0.0613824,0.0100326,0.129846,0.00643488,-0.0322187,0.212356,0.567471,-0.0359137,0.0576952,-0.116553,-0.130742,-0.324542,0.0489225,-0.02805,-0.0429733,-0.0418332,0.0213081,0.0503629,0.00455442,-9.41212,-2.98541,1.47109,1.5189,-11.5464,6.81366,2.2106,9.40126,-0.468339,3.11396,18.7914,3.1232,1.80832,-9.66209,-7.00997,-4.01612,-1.09062,-0.916904,0.307653,-0.18838,-0.253327,-0.113943,-0.685424,-1.09677,0.132919,-0.60212,0.0473971,-0.0662322,0.0962149,0,0,0,0,0,0,0,0,0,0,0,0,0,0,0,0,0,0,0,0,0,0,0,0,0,0,0,0,0,2.55789,2.55789,2.55789,6.3088,6.3088,1.81445,2.55789,2.55789,1.81445,6.3088,6.3088,0.907223,0.907223,1.81445,1.81445,0.907223,0.907223,1.81445,1.81445,0.907223,0.907223,0.907223,0.907223,0.907223,0.907223,1.06814,1.06814,1.06814,1.06814,40.1792,40.1792,40.1792,99.0984,99.0984,28.5012,40.1792,40.1792,28.5012,99.0984,99.0984,14.2506,14.2506,28.5012,28.5012,14.2506,14.2506,28.5012,28.5012,14.2506,14.2506,14.2506,14.2506,14.2506,14.2506,16.7783,16.7783,16.7783,16.7783,0,0,0,0,0,0,0,0,0,0,0,0,0,0,0,0,0,0,0,0,0,0,0,0,0,0,0,0,0,0,0,0,0,0,0,0,0,0,0,0,0,0,0,0,0,0,0,0,0,0,0,0,0,0,0,0,0,0,0,0,0,0,0,0,0,0,0,0,0,0,0,0,0,0,0,0,0,0,0,0,0,0,0,0,0,0,0,0,0,0,0,0,0,0,0,0,0,0,0,0,0,0,0,0,0,0,0,0,0,0,0,0,0,0,0,0,0,-1.09627,-1.3733,0.838316,-2.04562,4.00036,-0.785447,0.530714,-2.5822,-1.91102,0.279015,-1.58467,-0.35006,-2.20438,-1.28002,0.185657,-1.77203,0.249797,-0.193688,1.39962,-1.01362,2.64132,1.46609,-0.265533,0.203477,1.00298,-4.47275,-0.192778,5.80484,-1.77806,3.16947,3.52699,1.11196,-0.210344,0.766359,-0.145392,0.6014,-0.986497,0.52,-1.28227,-0.555006,0.0892402,2.70453,0.748411,0.487681,-0.153528,-0.838129,-0.344479,-0.697164,0.432759,0.12237,-0.2618,0.109555,1.15842,0.439885,1.95447,-1.3325,-0.694999,0.504637,-0.01443,0.109225,-0.333224,0.962,-0.980562,0.174532,-0.0896534,0.6,0,0,3,3,3
9.5871,-1.78412,0.899142,0.00784615,0.00297131,-0.0577944,-1.09378,-1.37409,0.835968,9.5871,-1.78412,0.899142,0.00784615,0.00297131,-0.0577944,-1.09378,-1.37409,0.835968,-0.143772,0.743848,-0.120036,0.636794,-0.943321,0.52,-1.29994,-0.564593,0.0935481,2.68103,0.747507,0.483065,-0.144993,-0.818044,-0.330485,-0.714852,0.428412,0.116905,-0.2618,0.105204,1.16445,0.410582,1.98513,-1.3477,-0.709234,0.507491,-0.0148564,0.115075,-0.333881,0,0,0,0,0,0,0,0,0,0,0,0,0,0,0,0,0,0,0,0,0,0,0,0,0,0,0,0,0,-0.0230425,0.864157,-0.224091,0.535073,-0.899709,0.280222,-1.33337,-0.797825,0.119362,2.68994,0.55932,0.270932,-0.297283,-0.521118,-0.106815,-0.411498,0.496899,0.165681,-0.275389,0.133669,1.1797,0.486669,1.96808,-1.23769,-0.687541,0.538528,-0.0181604,0.105832,-0.339203,-0.307662,0.108453,0.151326,0.24288,0.0927543,0.00223023,0.213257,0.725522,-0.408628,0.0112621,0.0435992,0.00621785,0.0377749,0.00971372,-0.0514302,0.14827,0.548536,-0.0792136,0.0476352,-0.129487,-0.0483009,-0.609111,0.0903133,-0.0945187,-0.0284273,-0.076436,0.0147963,0.0992321,-0.00155515,-6.80491,-4.17563,2.81692,5.19924,-9.15795,6.82855,1.51615,7.97366,-0.141228,1.38362,18.4603,3.08309,2.01141,-9.05245,-6.68557,-4.20903,-1.40395,-1.09855,0.305575,-0.233663,-0.258828,-0.121542,-0.2722,-1.27075,-0.080858,-0.490454,0.0452797,-0.0457831,0.102223,0,0,0,0,0,0,0,0,0,0,0,0,0,0,0,0,0,0,0,0,0,0,0,0,0,0,0,0,0,2.55789,2.55789,2.55789,6.3088,6.3088,1.81445,2.55789,2.55789,1.81445,6.3088,6.3088,0.907223,0.907223,1.81445,1.81445,0.907223,0.907223,1.81445,1.81445,0.907223,0.907223,0.907223,0.907223,0.907223,0.907223,1.06814,1.06814,1.06814,1.06814,40.1792,40.1792,40.1792,99.0984,99.0984,28.5012,40.1792,40.1792,28.5012,99.0984,99.0984,14.2506,14.2506,28.5012,28.5012,14.2506,14.2506,28.5012,28.5012,14.2506,14.2506,14.2506,14.2506,14.2506,14.2506,16.7783,16.7783,16.7783,16.7783,0,0,0,0,0,0,0,0,0,0,0,0,0,0,0,0,0,0,0,0,0,0,0,0,0,0,0,0,0,0,0,0,0,0,0,0,0,0,0,0,0,0,0,0,0,0,0,0,0,0,0,0,0,0,0,0,0,0,0,0,0,0,0,0,0,0,0,0,0,0,0,0,0,0,0,0,0,0,0,0,0,0,0,0,0,0,0,0,0,0,0,0,0,0,0,0,0,0,0,0,0,0,0,0,0,0,0,0,0,0,0,0,0,0,0,0,0,-1.09378,-1.37409,0.835968,-2.08595,4.07028,-0.753538,0.520803,-2.61688,-1.86522,0.266554,-1.61712,-0.330599,-2.22425,-1.24172,0.30724,-1.80431,0.239876,-0.199412,1.35851,-1.03113,2.65506,1.54461,-0.219226,0.213299,0.936167,-4.48157,-0.0918437,5.7378,-1.65493,3.16689,3.49127,1.10144,-0.143772,0.743848,-0.120036,0.636794,-0.943321,0.52,-1.29994,-0.564593,0.0935481,2.68103,0.747507,0.483065,-0.144993,-0.818044,-0.330485,-0.714852,0.428412,0.116905,-0.2618,0.105204,1.16445,0.410582,1.98513,-1.3477,-0.709234,0.507491,-0.0148564,0.115075,-0.333881,0.699,-0.980716,0.173622,-0.0897327,0.6,0,0,3,3,3
9.56574,-2.18423,1.00377,0.0115617,-0.00439222,-0.128296,-1.08934,-1.37566,0.831604,9.56574,-2.18423,1.00377,0.0115617,-0.00439222,-0.128296,-1.08934,-1.37566,0.831604,-0.0865533,0.738452,-0.108176,0.654338,-0.897727,0.52,-1.32692,-0.587686,0.0979651,2.65239,0.738602,0.475527,-0.142035,-0.806827,-0.325159,-0.725701,0.424143,0.114501,-0.2618,0.102664,1.1643,0.388365,1.99678,-1.34894,-0.714066,0.508739,-0.0153724,0.118944,-0.33374,0,0,0,0,0,0,0,0,0,0,0,0,0,0,0,0,0,0,0,0,0,0,0,0,0,0,0,0,0,-0.0290656,0.866692,-0.219258,0.541939,-0.896271,0.280191,-1.32995,-0.782097,0.111236,2.69018,0.560266,0.271027,-0.297457,-0.520893,-0.108226,-0.409513,0.507267,0.16403,-0.274434,0.131161,1.18039,0.470356,1.97102,-1.24092,-0.688193,0.536322,-0.0177527,0.108679,-0.338931,-0.291985,0.128392,0.290714,0.423708,0.192993,-0.0030555,0.132795,0.814549,-0.401093,0.0150012,0.0451482,0.00381623,-0.0262173,0.011259,-0.0815153,0.0739815,0.491177,-0.0747761,0.0575119,-0.149178,0.06354,-0.828181,0.219836,-0.194266,-0.114146,-0.190514,0.0164098,0.190451,0.0469037,-3.87715,-5.25733,3.29696,6.90261,-5.8607,6.83998,0.841529,6.73438,0.204667,-0.986094,18.2701,3.01815,2.20551,-8.48904,-6.19631,-4.40487,-1.55486,-1.18547,0.264561,-0.241991,-0.283545,-0.107961,0.0516085,-1.34165,-0.282424,-0.371552,0.0266552,-0.0427733,0.0588997,0,0,0,0,0,0,0,0,0,0,0,0,0,0,0,0,0,0,0,0,0,0,0,0,0,0,0,0,0,2.55789,2.55789,2.55789,6.3088,6.3088,1.81445,2.55789,2.55789,1.81445,6.3088,6.3088,0.907223,0.907223,1.81445,1.81445,0.907223,0.907223,1.81445,1.81445,0.907223,0.907223,0.907223,0.907223,0.907223,0.907223,1.06814,1.06814,1.06814,1.06814,40.1792,40.1792,40.1792,99.0984,99.0984,28.5012,40.1792,40.1792,28.5012,99.0984,99.0984,14.2506,14.2506,28.5012,28.5012,14.2506,14.2506,28.5012,28.5012,14.2506,14.2506,14.2506,14.2506,14.2506,14.2506,16.7783,16.7783,16.7783,16.7783,0,0,0,0,0,0,0,0,0,0,0,0,0,0,0,0,0,0,0,0,0,0,0,0,0,0,0,0,0,0,0,0,0,0,0,0,0,0,0,0,0,0,0,0,0,0,0,0,0,0,0,0,0,0,0,0,0,0,0,0,0,0,0,0,0,0,0,0,0,0,0,0,0,0,0,0,0,0,0,0,0,0,0,0,0,0,0,0,0,0,0,0,0,0,0,0,0,0,0,0,0,0,0,0,0,0,0,0,0,0,0,0,0,0,0,0,0,-1.08934,-1.37566,0.831604,-2.11069,4.09683,-0.741396,0.511068,-2.6197,-1.83965,0.261073,-1.62814,-0.323853,-2.24711,-1.22497,0.41174,-1.85358,0.234084,-0.206339,1.34866,-1.07331,2.65472,1.59655,-0.197565,0.22337,0.885511,-4.47968,-0.0418119,5.65614,-1.52491,3.1415,3.46498,1.08425,-0.0865533,0.738452,-0.108176,0.654338,-0.897727,0.52,-1.32692,-0.587686,0.0979651,2.65239,0.738602,0.475527,-0.142035,-0.806827,-0.325159,-0.725701,0.424143,0.114501,-0.2618,0.102664,1.1643,0.388365,1.99678,-1.34894,-0.714066,0.508739,-0.0153724,0.118944,-0.33374,1.032,-0.981022,0.171854,-0.0897883,0.6,0,0,3,3,3
9.65898,-1.48453,0.865947,0.0253264,-0.0102878,-0.155377,-1.08265,-1.37835,0.825203,9.65898,-1.48453,0.865947,0.0253264,-0.0102878,-0.155377,-1.08265,-1.37835,0.825203,-0.0582347,0.762914,-0.119339,0.648414,-0.862047,0.52,-1.35999,-0.623938,0.100465,2.62673,0.719019,0.466842,-0.145665,-0.808443,-0.332892,-0.72613,0.420651,0.115302,-0.2618,0.101525,1.15444,0.381615,1.98075,-1.33423,-0.706419,0.507018,-0.0159448,0.119222,-0.332287,0,0,0,0,0,0,0,0,0,0,0,0,0,0,0,0,0,0,0,0,0,0,0,0,0,0,0,0,0,-0.0311298,0.868168,-0.211806,0.551548,-0.891012,0.280118,-1.32836,-0.765745,0.104754,2.69046,0.560946,0.271018,-0.299227,-0.520682,-0.110732,-0.40936,0.515573,0.162451,-0.273046,0.128387,1.18178,0.451735,1.9763,-1.24501,-0.691475,0.532046,-0.0175554,0.11227,-0.338169,0.0012243,0.0374506,0.459417,0.681986,0.288088,-0.00350445,0.0356979,0.786538,-0.263279,0.0126131,0.0258375,-0.00301944,-0.132805,0.00859728,-0.145295,-0.0536098,0.344018,-0.0921979,0.0752285,-0.150399,0.066515,-0.897608,0.274793,-0.206047,-0.182033,-0.205336,0.00269132,0.149634,0.0158187,-2.21758,-5.29229,3.21915,7.21607,-2.34199,6.8432,-0.0428067,5.17218,0.29281,-3.85502,17.4375,2.91669,2.34249,-8.17199,-5.86072,-4.48329,-1.6258,-1.22516,0.187991,-0.235855,-0.308405,-0.0931299,0.0415848,-1.30966,-0.131425,-0.148598,0.0455763,-0.0556659,0.0595615,0,0,0,0,0,0,0,0,0,0,0,0,0,0,0,0,0,0,0,0,0,0,0,0,0,0,0,0,0,2.55789,2.55789,2.55789,6.3088,6.3088,1.81445,2.55789,2.55789,1.81445,6.3088,6.3088,0.907223,0.907223,1.81445,1.81445,0.907223,0.907223,1.81445,1.81445,0.907223,0.907223,0.907223,0.907223,0.907223,0.907223,1.06814,1.06814,1.06814,1.06814,40.1792,40.1792,40.1792,99.0984,99.0984,28.5012,40.1792,40.1792,28.5012,99.0984,99.0984,14.2506,14.2506,28.5012,28.5012,14.2506,14.2506,28.5012,28.5012,14.2506,14.2506,14.2506,14.2506,14.2506,14.2506,16.7783,16.7783,16.7783,16.7783,0,0,0,0,0,0,0,0,0,0,0,0,0,0,0,0,0,0,0,0,0,0,0,0,0,0,0,0,0,0,0,0,0,0,0,0,0,0,0,0,0,0,0,0,0,0,0,0,0,0,0,0,0,0,0,0,0,0,0,0,0,0,0,0,0,0,0,0,0,0,0,0,0,0,0,0,0,0,0,0,0,0,0,0,0,0,0,0,0,0,0,0,0,0,0,0,0,0,0,0,0,0,0,0,0,0,0,0,0,0,0,0,0,0,0,0,0,-1.08265,-1.37835,0.825203,-2.11167,4.06028,-0.759027,0.503106,-2.58616,-1.84333,0.262899,-1.61071,-0.33213,-2.2696,-1.24807,0.463459,-1.91397,0.231487,-0.214022,1.39333,-1.13952,2.63224,1.60027,-0.217953,0.22907,0.87012,-4.46018,-0.0587068,5.58297,-1.42316,3.08565,3.4545,1.06445,-0.0582347,0.762914,-0.119339,0.648414,-0.862047,0.52,-1.35999,-0.623938,0.100465,2.62673,0.719019,0.466842,-0.145665,-0.808443,-0.332892,-0.72613,0.420651,0.115302,-0.2618,0.101525,1.15444,0.381615,1.98075,-1.33423,-0.706419,0.507018,-0.0159448,0.119222,-0.332287,0.541,-0.981538,0.168927,-0.0897008,0.6,0,0,3,3,3
9.62287,-1.71867,0.850682,0.0196965,0.00514712,-0.0996366,-1.07656,-1.38041,0.819461,9.62287,-1.71867,0.850682,0.0196965,0.00514712,-0.0996366,-1.07656,-1.38041,0.819461,-0.0568188,0.785023,-0.123832,0.623823,-0.850145,0.52,-1.37293,-0.652088,0.0977943,2.62571,0.694469,0.461854,-0.152951,-0.822359,-0.331175,-0.713768,0.409212,0.115353,-0.2618,0.102641,1.15309,0.383725,1.96008,-1.32265,-0.694236,0.503693,-0.0163083,0.117101,-0.330479,0,0,0,0,0,0,0,0,0,0,0,0,0,0,0,0,0,0,0,0,0,0,0,0,0,0,0,0,0,-0.0277362,0.867443,-0.204565,0.561039,-0.884967,0.280069,-1.32931,-0.753303,0.100941,2.68777,0.560503,0.270833,-0.303055,-0.520583,-0.113605,-0.412688,0.519653,0.160429,-0.27168,0.125247,1.18092,0.435005,1.9804,-1.24853,-0.693339,0.529567,-0.0179098,0.114177,-0.338241,0.240912,-0.0699883,0.2972,0.37593,0.283678,-0.00217087,-0.0980851,0.546539,0.0448046,-0.328929,-0.048263,-0.0240932,-0.225263,0.0016992,-0.124431,-0.238652,0.10924,-0.105109,0.0480143,-0.15562,-0.089709,-0.754624,0.158325,-0.151507,-0.0550244,-0.0819084,-0.0310331,0.0561235,-0.0292792,-1.81217,-4.02972,2.65677,6.28027,0.474155,6.84221,-1.0011,3.84244,0.0671205,-4.37003,15.984,2.81035,2.43706,-8.20886,-6.01689,-4.26689,-1.52095,-1.10012,0.18507,-0.199377,-0.301048,-0.0774189,-0.14495,-1.08894,-0.127127,-0.271401,0.0560066,-0.0075507,0.105831,0,0,0,0,0,0,0,0,0,0,0,0,0,0,0,0,0,0,0,0,0,0,0,0,0,0,0,0,0,2.55789,2.55789,2.55789,6.3088,6.3088,1.81445,2.55789,2.55789,1.81445,6.3088,6.3088,0.907223,0.907223,1.81445,1.81445,0.907223,0.907223,1.81445,1.81445,0.907223,0.907223,0.907223,0.907223,0.907223,0.907223,1.06814,1.06814,1.06814,1.06814,40.1792,40.1792,40.1792,99.0984,99.0984,28.5012,40.1792,40.1792,28.5012,99.0984,99.0984,14.2506,14.2506,28.5012,28.5012,14.2506,14.2506,28.5012,28.5012,14.2506,14.2506,14.2506,14.2506,14.2506,14.2506,16.7783,16.7783,16.7783,16.7783,0,0,0,0,0,0,0,0,0,0,0,0,0,0,0,0,0,0,0,0,0,0,0,0,0,0,0,0,0,0,0,0,0,0,0,0,0,0,0,0,0,0,0,0,0,0,0,0,0,0,0,0,0,0,0,0,0,0,0,0,0,0,0,0,0,0,0,0,0,0,0,0,0,0,0,0,0,0,0,0,0,0,0,0,0,0,0,0,0,0,0,0,0,0,0,0,0,0,0,0,0,0,0,0,0,0,0,0,0,0,0,0,0,0,0,0,0,-1.07656,-1.38041,0.819461,-2.08348,4.01317,-0.755111,0.477023,-2.55975,-1.87506,0.263016,-1.58293,-0.348744,-2.2784,-1.2927,0.466045,-1.93761,0.234031,-0.2189,1.43371,-1.19093,2.62917,1.5718,-0.226158,0.222981,0.87493,-4.43591,-0.128835,5.58005,-1.38922,3.01564,3.47937,1.05307,-0.0568188,0.785023,-0.123832,0.623823,-0.850145,0.52,-1.37293,-0.652088,0.0977943,2.62571,0.694469,0.461854,-0.152951,-0.822359,-0.331175,-0.713768,0.409212,0.115353,-0.2618,0.102641,1.15309,0.383725,1.96008,-1.32265,-0.694236,0.503693,-0.0163083,0.117101,-0.330479,0.671,-0.98193,0.166595,-0.0897682,0.6,0,0,3,3,3
9.67144,-1.6967,0.888122,-0.0152584,0.0138639,-0.0880811,-1.07109,-1.38191,0.813847,9.67144,-1.6967,0.888122,-0.0152584,0.0138639,-0.0880811,-1.07109,-1.38191,0.813847,-0.0824489,0.79725,-0.128115,0.583935,-0.861664,0.52,-1.36958,-0.662142,0.0955347,2.63962,0.668987,0.461714,-0.164556,-0.842931,-0.3305,-0.691031,0.399658,0.117709,-0.2618,0.106443,1.15969,0.39417,1.93779,-1.31094,-0.679384,0.499973,-0.0164322,0.113247,-0.329655,0,0,0,0,0,0,0,0,0,0,0,0,0,0,0,0,0,0,0,0,0,0,0,0,0,0,0,0,0,-0.0224212,0.867155,-0.19858,0.566122,-0.877937,0.280073,-1.3318,-0.746269,0.103936,2.67904,0.558478,0.270372,-0.307599,-0.520621,-0.114849,-0.418685,0.519733,0.158423,-0.271596,0.12277,1.17857,0.42272,1.98176,-1.25128,-0.693736,0.528412,-0.0185593,0.115286,-0.3383,0.305474,0.00484117,0.247956,0.0899423,0.211098,0.0010451,-0.164127,0.121552,0.0528451,-0.416888,-0.110469,-0.0116202,-0.21768,-0.0027495,-0.026049,-0.338494,-0.0731181,-0.0978498,-0.0212861,-0.0985675,-0.128356,-0.515805,0.0160279,-0.131258,-0.00136295,-0.0428666,-0.0272789,0.050743,0.0044055,-2.10568,-3.30426,2.37858,4.9962,1.32046,6.83594,-1.25215,3.45871,-0.127547,-2.94058,14.1423,2.73354,2.39262,-8.59554,-6.10668,-3.91399,-1.52464,-1.05658,0.310835,-0.196215,-0.250167,-0.0854351,-0.328996,-0.90198,-0.0030866,-0.367816,0.0678667,-0.0226154,0.127167,0,0,0,0,0,0,0,0,0,0,0,0,0,0,0,0,0,0,0,0,0,0,0,0,0,0,0,0,0,2.55789,2.55789,2.55789,6.3088,6.3088,1.81445,2.55789,2.55789,1.81445,6.3088,6.3088,0.907223,0.907223,1.81445,1.81445,0.907223,0.907223,1.81445,1.81445,0.907223,0.907223,0.907223,0.907223,0.907223,0.907223,1.06814,1.06814,1.06814,1.06814,40.1792,40.1792,40.1792,99.0984,99.0984,28.5012,40.1792,40.1792,28.5012,99.0984,99.0984,14.2506,14.2506,28.5012,28.5012,14.2506,14.2506,28.5012,28.5012,14.2506,14.2506,14.2506,14.2506,14.2506,14.2506,16.7783,16.7783,16.7783,16.7783,0,0,0,0,0,0,0,0,0,0,0,0,0,0,0,0,0,0,0,0,0,0,0,0,0,0,0,0,0,0,0,0,0,0,0,0,0,0,0,0,0,0,0,0,0,0,0,0,0,0,0,0,0,0,0,0,0,0,0,0,0,0,0,0,0,0,0,0,0,0,0,0,0,0,0,0,0,0,0,0,0,0,0,0,0,0,0,0,0,0,0,0,0,0,0,0,0,0,0,0,0,0,0,0,0,0,0,0,0,0,0,0,0,0,0,0,0,-1.07109,-1.38191,0.813847,-2.03164,3.96233,-0.753572,0.45524,-2.53307,-1.92197,0.268388,-1.54906,-0.375205,-2.26359,-1.34262,0.419236,-1.93148,0.2427,-0.220564,1.45604,-1.20929,2.6442,1.52008,-0.233981,0.217829,0.898746,-4.42484,-0.242584,5.61972,-1.42207,2.94297,3.52741,1.05275,-0.0824489,0.79725,-0.128115,0.583935,-0.861664,0.52,-1.36958,-0.662142,0.0955347,2.63962,0.668987,0.461714,-0.164556,-0.842931,-0.3305,-0.691031,0.399658,0.117709,-0.2618,0.106443,1.15969,0.39417,1.93779,-1.31094,-0.679384,0.499973,-0.0164322,0.113247,-0.329655,0.862,-0.982214,0.164807,-0.0899719,0.6,0,0,3,3,3
9.69107,-1.60491,0.917921,-0.0371503,0.00201395,-0.0710742,-1.06711,-1.38321,0.809193,9.69107,-1.60491,0.917921,-0.0371503,0.00201395,-0.0710742,-1.06711,-1.38321,0.809193,-0.12649,0.808156,-0.147373,0.540143,-0.884684,0.52,-1.36285,-0.662503,0.0948374,2.66146,0.645767,0.463964,-0.177459,-0.864199,-0.339036,-0.667289,0.396203,0.122097,-0.2618,0.11186,1.16411,0.410813,1.90876,-1.29855,-0.665121,0.496262,-0.0163642,0.10848,-0.329648,0,0,0,0,0,0,0,0,0,0,0,0,0,0,0,0,0,0,0,0,0,0,0,0,0,0,0,0,0,-0.0146034,0.868046,-0.192834,0.564604,-0.875476,0.28016,-1.33473,-0.746823,0.108653,2.67105,0.555334,0.270028,-0.312123,-0.520716,-0.114653,-0.425812,0.516112,0.156603,-0.272644,0.121635,1.17695,0.416146,1.981,-1.25391,-0.692945,0.528197,-0.0191979,0.115848,-0.33816,0.43389,0.0503734,0.284456,-0.158596,0.0757474,0.00528448,-0.15738,-0.24254,0.135387,-0.265587,-0.155081,-0.00348674,-0.219298,-0.00457433,0.0238408,-0.358463,-0.258352,-0.0831385,-0.0685786,-0.0255595,-0.0583196,-0.233799,-0.0639104,-0.131814,0.0629878,0.0058681,-0.0288316,0.019307,0.00671437,-3.78581,-2.97638,1.88227,2.82725,0.861387,6.82615,-1.02977,3.87411,-0.676772,-1.27493,12.2461,2.73727,2.29762,-9.17499,-6.19207,-3.46355,-1.44509,-0.96062,0.426533,-0.190149,-0.192998,-0.0967072,-0.561964,-0.697487,0.140727,-0.477606,0.0776133,-0.063957,0.135783,0,0,0,0,0,0,0,0,0,0,0,0,0,0,0,0,0,0,0,0,0,0,0,0,0,0,0,0,0,2.55789,2.55789,2.55789,6.3088,6.3088,1.81445,2.55789,2.55789,1.81445,6.3088,6.3088,0.907223,0.907223,1.81445,1.81445,0.907223,0.907223,1.81445,1.81445,0.907223,0.907223,0.907223,0.907223,0.907223,0.907223,1.06814,1.06814,1.06814,1.06814,40.1792,40.1792,40.1792,99.0984,99.0984,28.5012,40.1792,40.1792,28.5012,99.0984,99.0984,14.2506,14.2506,28.5012,28.5012,14.2506,14.2506,28.5012,28.5012,14.2506,14.2506,14.2506,14.2506,14.2506,14.2506,16.7783,16.7783,16.7783,16.7783,0,0,0,0,0,0,0,0,0,0,0,0,0,0,0,0,0,0,0,0,0,0,0,0,0,0,0,0,0,0,0,0,0,0,0,0,0,0,0,0,0,0,0,0,0,0,0,0,0,0,0,0,0,0,0,0,0,0,0,0,0,0,0,0,0,0,0,0,0,0,0,0,0,0,0,0,0,0,0,0,0,0,0,0,0,0,0,0,0,0,0,0,0,0,0,0,0,0,0,0,0,0,0,0,0,0,0,0,0,0,0,0,0,0,0,0,0,-1.06711,-1.38321,0.809193,-1.97751,3.89614,-0.773037,0.447363,-2.50481,-1.97046,0.278393,-1.51654,-0.404624,-2.23594,-1.39244,0.338803,-1.9192,0.255051,-0.219651,1.47596,-1.20995,2.6543,1.45609,-0.269152,0.216239,0.936696,-4.42475,-0.367468,5.682,-1.48771,2.87675,3.5779,1.05788,-0.12649,0.808156,-0.147373,0.540143,-0.884684,0.52,-1.36285,-0.662503,0.0948374,2.66146,0.645767,0.463964,-0.177459,-0.864199,-0.339036,-0.667289,0.396203,0.122097,-0.2618,0.11186,1.16411,0.410813,1.90876,-1.29855,-0.665121,0.496262,-0.0163642,0.10848,-0.329648,0.625,-0.982456,0.163332,-0.0900116,0.6,0,0,3,3,3
9.68533,-1.54859,0.894609,-0.0394572,-0.00725718,-0.0493868,-1.06526,-1.38425,0.806512,9.68533,-1.54859,0.894609,-0.0394572,-0.00725718,-0.0493868,-1.06526,-1.38425,0.806512,-0.173529,0.818056,-0.183962,0.505779,-0.914158,0.52,-1.35832,-0.657607,0.0922129,2.68365,0.634894,0.466793,-0.187188,-0.87267,-0.347681,-0.651465,0.397215,0.127287,-0.2618,0.116761,1.16502,0.435748,1.87948,-1.28712,-0.652602,0.492133,-0.0161311,0.102904,-0.32918,0,0,0,0,0,0,0,0,0,0,0,0,0,0,0,0,0,0,0,0,0,0,0,0,0,0,0,0,0,-0.00550726,0.868721,-0.188038,0.559283,-0.875218,0.280275,-1.33797,-0.75616,0.111722,2.66921,0.551668,0.26998,-0.315837,-0.520813,-0.11388,-0.432366,0.509176,0.155223,-0.274392,0.121879,1.1763,0.415572,1.97936,-1.25639,-0.691179,0.528748,-0.01987,0.115836,-0.338114,0.467439,0.0171006,0.204738,-0.32338,-0.0163753,0.00524245,-0.170363,-0.610143,0.207232,-0.0118816,-0.181639,-0.00401605,-0.164542,-0.00474777,0.0463149,-0.292994,-0.402299,-0.0573559,-0.0982347,0.0442978,-0.0203652,0.0505611,-0.0892268,-0.119856,0.101677,0.03836,-0.0312576,-0.00809243,0.000165587,-6.013,-2.48557,1.10996,0.0439527,-0.854073,6.82267,-0.587215,5.20942,-0.823769,-0.650397,10.4667,2.76762,2.11905,-9.77839,-6.4975,-3.08257,-1.26394,-0.840522,0.529674,-0.178168,-0.154666,-0.108037,-0.928221,-0.495243,0.283635,-0.583502,0.0924731,-0.115154,0.141998,0,0,0,0,0,0,0,0,0,0,0,0,0,0,0,0,0,0,0,0,0,0,0,0,0,0,0,0,0,2.55789,2.55789,2.55789,6.3088,6.3088,1.81445,2.55789,2.55789,1.81445,6.3088,6.3088,0.907223,0.907223,1.81445,1.81445,0.907223,0.907223,1.81445,1.81445,0.907223,0.907223,0.907223,0.907223,0.907223,0.907223,1.06814,1.06814,1.06814,1.06814,40.1792,40.1792,40.1792,99.0984,99.0984,28.5012,40.1792,40.1792,28.5012,99.0984,99.0984,14.2506,14.2506,28.5012,28.5012,14.2506,14.2506,28.5012,28.5012,14.2506,14.2506,14.2506,14.2506,14.2506,14.2506,16.7783,16.7783,16.7783,16.7783,0,0,0,0,0,0,0,0,0,0,0,0,0,0,0,0,0,0,0,0,0,0,0,0,0,0,0,0,0,0,0,0,0,0,0,0,0,0,0,0,0,0,0,0,0,0,0,0,0,0,0,0,0,0,0,0,0,0,0,0,0,0,0,0,0,0,0,0,0,0,0,0,0,0,0,0,0,0,0,0,0,0,0,0,0,0,0,0,0,0,0,0,0,0,0,0,0,0,0,0,0,0,0,0,0,0,0,0,0,0,0,0,0,0,0,0,0,-1.06526,-1.38425,0.806512,-1.94143,3.82939,-0.792748,0.44967,-2.47875,-2.0169,0.290228,-1.488,-0.426808,-2.22322,-1.44787,0.252894,-1.91092,0.266226,-0.216522,1.49404,-1.20101,2.65635,1.38124,-0.335974,0.210255,0.99355,-4.41847,-0.465466,5.74529,-1.57177,2.84575,3.62747,1.06433,-0.173529,0.818056,-0.183962,0.505779,-0.914158,0.52,-1.35832,-0.657607,0.0922129,2.68365,0.634894,0.466793,-0.187188,-0.87267,-0.347681,-0.651465,0.397215,0.127287,-0.2618,0.116761,1.16502,0.435748,1.87948,-1.28712,-0.652602,0.492133,-0.0161311,0.102904,-0.32918,1.08,-0.982651,0.162266,-0.0898166,0.6,0,0,3,3,3
9.67476,-1.41762,0.797733,-0.0245688,-0.0106417,-0.0220574,-1.06509,-1.38492,0.805696,9.67476,-1.41762,0.797733,-0.0245688,-0.0106417,-0.0220574,-1.06509,-1.38492,0.805696,-0.220697,0.823878,-0.219872,0.484289,-0.949792,0.52,-1.34797,-0.647008,0.0879291,2.71067,0.640162,0.471944,-0.193159,-0.87267,-0.349786,-0.643983,0.396261,0.131533,-0.2618,0.121622,1.16343,0.465379,1.85656,-1.27707,-0.64271,0.488894,-0.015751,0.0973203,-0.328749,0,0,0,0,0,0,0,0,0,0,0,0,0,0,0,0,0,0,0,0,0,0,0,0,0,0,0,0,0,0.00342462,0.867554,-0.187738,0.550703,-0.876737,0.280302,-1.34181,-0.77203,0.117687,2.66947,0.547975,0.269881,-0.317854,-0.520902,-0.11277,-0.437036,0.50001,0.154374,-0.276365,0.123024,1.17579,0.421513,1.97769,-1.25828,-0.68921,0.529727,-0.0205798,0.11522,-0.338098,0.446607,-0.0921786,-0.0384851,-0.449717,-0.0875422,-0.00296626,-0.211653,-0.912475,0.366082,0.017319,-0.169576,-0.00532024,-0.0561716,-0.00412837,0.0570517,-0.179161,-0.487015,-0.0292195,-0.100424,0.0860075,-0.0233834,0.363918,-0.0727501,-0.0746931,0.0891384,0.0507179,-0.032174,-0.0397734,0.000134612,-8.20289,-1.76377,0.290143,-1.60691,-3.1427,6.83408,-0.151397,6.80048,-1.34193,1.2931,9.68912,2.81073,1.92001,-10.0185,-6.79701,-2.88716,-1.03962,-0.717121,0.592607,-0.161181,-0.132023,-0.120432,-1.33174,-0.341153,0.439624,-0.684561,0.109379,-0.165962,0.149344,0,0,0,0,0,0,0,0,0,0,0,0,0,0,0,0,0,0,0,0,0,0,0,0,0,0,0,0,0,2.55789,2.55789,2.55789,6.3088,6.3088,1.81445,2.55789,2.55789,1.81445,6.3088,6.3088,0.907223,0.907223,1.81445,1.81445,0.907223,0.907223,1.81445,1.81445,0.907223,0.907223,0.907223,0.907223,0.907223,0.907223,1.06814,1.06814,1.06814,1.06814,40.1792,40.1792,40.1792,99.0984,99.0984,28.5012,40.1792,40.1792,28.5012,99.0984,99.0984,14.2506,14.2506,28.5012,28.5012,14.2506,14.2506,28.5012,28.5012,14.2506,14.2506,14.2506,14.2506,14.2506,14.2506,16.7783,16.7783,16.7783,16.7783,0,0,0,0,0,0,0,0,0,0,0,0,0,0,0,0,0,0,0,0,0,0,0,0,0,0,0,0,0,0,0,0,0,0,0,0,0,0,0,0,0,0,0,0,0,0,0,0,0,0,0,0,0,0,0,0,0,0,0,0,0,0,0,0,0,0,0,0,0,0,0,0,0,0,0,0,0,0,0,0,0,0,0,0,0,0,0,0,0,0,0,0,0,0,0,0,0,0,0,0,0,0,0,0,0,0,0,0,0,0,0,0,0,0,0,0,0,-1.06509,-1.38492,0.805696,-1.92437,3.77712,-0.797546,0.447494,-2.45584,-2.06158,0.299909,-1.46544,-0.440422,-2.22809,-1.49134,0.166749,-1.89203,0.27731,-0.211421,1.50467,-1.18165,2.65275,1.3063,-0.40156,0.200487,1.06111,-4.41269,-0.526751,5.82234,-1.67339,2.86077,3.68214,1.07608,-0.220697,0.823878,-0.219872,0.484289,-0.949792,0.52,-1.34797,-0.647008,0.0879291,2.71067,0.640162,0.471944,-0.193159,-0.87267,-0.349786,-0.643983,0.396261,0.131533,-0.2618,0.121622,1.16343,0.465379,1.85656,-1.27707,-0.64271,0.488894,-0.015751,0.0973203,-0.328749,0.666,-0.982775,0.161674,-0.0895251,0.6,0,0,3,3,3
9.65369,-1.59518,0.927346,-0.0117125,-0.0128116,0.012327,-1.06651,-1.38504,0.806819,9.65369,-1.59518,0.927346,-0.0117125,-0.0128116,0.012327,-1.06651,-1.38504,0.806819,-0.267992,0.822818,-0.249586,0.470525,-0.989326,0.52,-1.33655,-0.631788,0.0840461,2.73984,0.65506,0.479198,-0.196975,-0.87267,-0.353934,-0.641681,0.396858,0.135291,-0.2618,0.126465,1.16185,0.494771,1.83996,-1.26935,-0.635531,0.486497,-0.0152575,0.0924043,-0.328939,0,0,0,0,0,0,0,0,0,0,0,0,0,0,0,0,0,0,0,0,0,0,0,0,0,0,0,0,0,0.0113679,0.864134,-0.192715,0.541014,-0.879783,0.280209,-1.34637,-0.792586,0.126186,2.66988,0.545221,0.269792,-0.317743,-0.52098,-0.111455,-0.439359,0.489623,0.154011,-0.278105,0.124888,1.17493,0.433763,1.97618,-1.25912,-0.687407,0.531178,-0.0212185,0.113829,-0.338076,0.377887,-0.201164,-0.329372,-0.500361,-0.167736,-0.00462516,-0.234586,-1.07339,0.452308,0.0203522,-0.111818,-0.00388754,0.037129,-0.00373986,0.0677345,-0.0597722,-0.528487,-0.00402203,-0.0850173,0.122219,-0.0427747,0.655465,-0.0787964,-0.0240547,0.0909839,0.0837915,-0.0260886,-0.0802405,0.00119864,-10.2714,-1.12843,-0.330606,-2.69876,-5.92876,6.84528,0.519305,8.51924,-1.88976,3.91429,10.1271,2.88436,1.74223,-10.0169,-6.91178,-2.8511,-0.863356,-0.628068,0.612928,-0.150113,-0.124288,-0.136496,-1.63808,-0.23514,0.559455,-0.794648,0.120758,-0.192722,0.155734,0,0,0,0,0,0,0,0,0,0,0,0,0,0,0,0,0,0,0,0,0,0,0,0,0,0,0,0,0,2.55789,2.55789,2.55789,6.3088,6.3088,1.81445,2.55789,2.55789,1.81445,6.3088,6.3088,0.907223,0.907223,1.81445,1.81445,0.907223,0.907223,1.81445,1.81445,0.907223,0.907223,0.907223,0.907223,0.907223,0.907223,1.06814,1.06814,1.06814,1.06814,40.1792,40.1792,40.1792,99.0984,99.0984,28.5012,40.1792,40.1792,28.5012,99.0984,99.0984,14.2506,14.2506,28.5012,28.5012,14.2506,14.2506,28.5012,28.5012,14.2506,14.2506,14.2506,14.2506,14.2506,14.2506,16.7783,16.7783,16.7783,16.7783,0,0,0,0,0,0,0,0,0,0,0,0,0,0,0,0,0,0,0,0,0,0,0,0,0,0,0,0,0,0,0,0,0,0,0,0,0,0,0,0,0,0,0,0,0,0,0,0,0,0,0,0,0,0,0,0,0,0,0,0,0,0,0,0,0,0,0,0,0,0,0,0,0,0,0,0,0,0,0,0,0,0,0,0,0,0,0,0,0,0,0,0,0,0,0,0,0,0,0,0,0,0,0,0,0,0,0,0,0,0,0,0,0,0,0,0,0,-1.06651,-1.38504,0.806819,-1.91912,3.73926,-0.807005,0.448857,-2.43823,-2.10331,0.308476,-1.44907,-0.449123,-2.23749,-1.52351,0.0803722,-1.87117,0.288353,-0.204796,1.50274,-1.15385,2.64913,1.24031,-0.455825,0.191633,1.12813,-4.41524,-0.566003,5.90553,-1.78613,2.90326,3.73688,1.09262,-0.267992,0.822818,-0.249586,0.470525,-0.989326,0.52,-1.33655,-0.631788,0.0840461,2.73984,0.65506,0.479198,-0.196975,-0.87267,-0.353934,-0.641681,0.396858,0.135291,-0.2618,0.126465,1.16185,0.494771,1.83996,-1.26935,-0.635531,0.486497,-0.0152575,0.0924043,-0.328939,0.707,-0.982797,0.161699,-0.0892386,0.6,0,0,3,3,3
9.65711,-1.52864,0.852987,-0.00580974,-0.0137099,0.041074,-1.06946,-1.38465,0.809656,9.65711,-1.52864,0.852987,-0.00580974,-0.0137099,0.041074,-1.06946,-1.38465,0.809656,-0.310724,0.815981,-0.265792,0.465005,-1.02793,0.52,-1.32068,-0.609787,0.0843628,2.76471,0.677944,0.488001,-0.19829,-0.87267,-0.359715,-0.644834,0.406057,0.14089,-0.2618,0.130195,1.161,0.517619,1.8339,-1.26766,-0.63363,0.48576,-0.0149167,0.0889508,-0.330337,0,0,0,0,0,0,0,0,0,0,0,0,0,0,0,0,0,0,0,0,0,0,0,0,0,0,0,0,0,0.0170339,0.859221,-0.202858,0.531363,-0.884288,0.280122,-1.35134,-0.814236,0.135255,2.67069,0.543838,0.269749,-0.316264,-0.521051,-0.109983,-0.439323,0.479051,0.154143,-0.279475,0.127448,1.17387,0.45091,1.97431,-1.25916,-0.685374,0.533366,-0.0216238,0.111694,-0.338084,0.241647,-0.244024,-0.525422,-0.434964,-0.223142,-0.00501177,-0.256544,-1.05729,0.446689,0.0574029,-0.0445827,-0.00141165,0.0941931,-0.00365215,0.0738943,0.0540462,-0.516072,0.0206683,-0.062908,0.153182,-0.047818,0.865152,-0.101659,0.0133183,0.106323,0.12296,-0.0141754,-0.115081,-0.00124286,-12.0594,-0.843355,-0.543404,-3.30013,-8.99923,6.8457,1.22934,9.98113,-2.25128,6.5221,11.317,2.98609,1.61871,-10.0152,-7.0839,-2.92027,-0.712232,-0.568316,0.615576,-0.145785,-0.126914,-0.152838,-1.82644,-0.155222,0.617329,-0.912282,0.123126,-0.20377,0.154935,0,0,0,0,0,0,0,0,0,0,0,0,0,0,0,0,0,0,0,0,0,0,0,0,0,0,0,0,0,2.55789,2.55789,2.55789,6.3088,6.3088,1.81445,2.55789,2.55789,1.81445,6.3088,6.3088,0.907223,0.907223,1.81445,1.81445,0.907223,0.907223,1.81445,1.81445,0.907223,0.907223,0.907223,0.907223,0.907223,0.907223,1.06814,1.06814,1.06814,1.06814,40.1792,40.1792,40.1792,99.0984,99.0984,28.5012,40.1792,40.1792,28.5012,99.0984,99.0984,14.2506,14.2506,28.5012,28.5012,14.2506,14.2506,28.5012,28.5012,14.2506,14.2506,14.2506,14.2506,14.2506,14.2506,16.7783,16.7783,16.7783,16.7783,0,0,0,0,0,0,0,0,0,0,0,0,0,0,0,0,0,0,0,0,0,0,0,0,0,0,0,0,0,0,0,0,0,0,0,0,0,0,0,0,0,0,0,0,0,0,0,0,0,0,0,0,0,0,0,0,0,0,0,0,0,0,0,0,0,0,0,0,0,0,0,0,0,0,0,0,0,0,0,0,0,0,0,0,0,0,0,0,0,0,0,0,0,0,0,0,0,0,0,0,0,0,0,0,0,0,0,0,0,0,0,0,0,0,0,0,0,-1.06946,-1.38465,0.809656,-1.92631,3.72545,-0.820186,0.469831,-2.43437,-2.13005,0.321243,-1.44474,-0.45212,-2.24455,-1.53341,0.00233063,-1.84218,0.296859,-0.200221,1.49025,-1.11367,2.6472,1.19396,-0.485423,0.192356,1.18022,-4.43401,-0.581743,5.97644,-1.89623,2.96851,3.77628,1.11269,-0.310724,0.815981,-0.265792,0.465005,-1.02793,0.52,-1.32068,-0.609787,0.0843628,2.76471,0.677944,0.488001,-0.19829,-0.87267,-0.359715,-0.644834,0.406057,0.14089,-0.2618,0.130195,1.161,0.517619,1.8339,-1.26766,-0.63363,0.48576,-0.0149167,0.0889508,-0.330337,0.998,-0.982724,0.162302,-0.0889468,0.6,0,0,3,3,3
9.6198,-1.57259,0.864084,-0.00350787,-0.0150176,0.0544336,-1.07346,-1.38391,0.813649,9.6198,-1.57259,0.864084,-0.00350787,-0.0150176,0.0544336,-1.07346,-1.38391,0.813649,-0.339603,0.810147,-0.273123,0.467407,-1.05603,0.52,-1.30638,-0.588078,0.08604,2.7772,0.702386,0.494756,-0.197649,-0.87267,-0.366097,-0.650094,0.419869,0.146234,-0.2618,0.131918,1.15846,0.531224,1.83404,-1.26776,-0.634769,0.48635,-0.0146915,0.087299,-0.33179,0,0,0,0,0,0,0,0,0,0,0,0,0,0,0,0,0,0,0,0,0,0,0,0,0,0,0,0,0,0.0198378,0.854363,-0.214605,0.524026,-0.889652,0.280048,-1.3562,-0.833598,0.143839,2.67339,0.544064,0.269801,-0.313885,-0.521126,-0.108434,-0.437097,0.469525,0.155002,-0.280357,0.13032,1.17302,0.470193,1.97218,-1.25867,-0.683178,0.536078,-0.0217163,0.109178,-0.338226,0.0783937,-0.219439,-0.566592,-0.320699,-0.260653,-0.00301017,-0.240694,-0.875557,0.376777,0.154367,0.0271134,0.00437975,0.12806,-0.00366073,0.0747802,0.157509,-0.431819,0.0607224,-0.0340947,0.156379,-0.0307531,0.927265,-0.111635,0.030196,0.111373,0.139538,0.000413991,-0.123429,-0.00717117,-13.4973,-0.976197,-0.605753,-3.81706,-12.0507,6.8442,2.017,11.217,-2.38955,8.07157,13.0978,3.10573,1.53541,-10.0129,-7.29597,-3.08958,-0.514217,-0.503645,0.592055,-0.137821,-0.141418,-0.160503,-1.87362,-0.153561,0.608092,-0.988843,0.114574,-0.209378,0.140455,0,0,0,0,0,0,0,0,0,0,0,0,0,0,0,0,0,0,0,0,0,0,0,0,0,0,0,0,0,2.55789,2.55789,2.55789,6.3088,6.3088,1.81445,2.55789,2.55789,1.81445,6.3088,6.3088,0.907223,0.907223,1.81445,1.81445,0.907223,0.907223,1.81445,1.81445,0.907223,0.907223,0.907223,0.907223,0.907223,0.907223,1.06814,1.06814,1.06814,1.06814,40.1792,40.1792,40.1792,99.0984,99.0984,28.5012,40.1792,40.1792,28.5012,99.0984,99.0984,14.2506,14.2506,28.5012,28.5012,14.2506,14.2506,28.5012,28.5012,14.2506,14.2506,14.2506,14.2506,14.2506,14.2506,16.7783,16.7783,16.7783,16.7783,0,0,0,0,0,0,0,0,0,0,0,0,0,0,0,0,0,0,0,0,0,0,0,0,0,0,0,0,0,0,0,0,0,0,0,0,0,0,0,0,0,0,0,0,0,0,0,0,0,0,0,0,0,0,0,0,0,0,0,0,0,0,0,0,0,0,0,0,0,0,0,0,0,0,0,0,0,0,0,0,0,0,0,0,0,0,0,0,0,0,0,0,0,0,0,0,0,0,0,0,0,0,0,0,0,0,0,0,0,0,0,0,0,0,0,0,0,-1.07346,-1.38391,0.813649,-1.9383,3.72578,-0.834737,0.501324,-2.4346,-2.13622,0.333427,-1.44734,-0.450659,-2.24645,-1.52548,-0.0504118,-1.81606,0.300786,-0.1972,1.4796,-1.07402,2.64141,1.17179,-0.498813,0.19618,1.21124,-4.45351,-0.574893,6.01208,-1.97634,3.03822,3.78847,1.12809,-0.339603,0.810147,-0.273123,0.467407,-1.05603,0.52,-1.30638,-0.588078,0.08604,2.7772,0.702386,0.494756,-0.197649,-0.87267,-0.366097,-0.650094,0.419869,0.146234,-0.2618,0.131918,1.15846,0.531224,1.83404,-1.26776,-0.634769,0.48635,-0.0146915,0.087299,-0.33179,0.625,-0.982588,0.16329,-0.0886412,0.6,0,0,3,3,3
9.66843,-1.52323,0.890524,-0.00181082,-0.0152257,0.0519577,-1.07768,-1.38309,0.817881,9.66843,-1.52323,0.890524,-0.00181082,-0.0152257,0.0519577,-1.07768,-1.38309,0.817881,-0.350295,0.807543,-0.270667,0.480172,-1.06914,0.52,-1.29272,-0.572039,0.0875618,2.77934,0.726478,0.499058,-0.193798,-0.87267,-0.368331,-0.659531,0.43277,0.149265,-0.2618,0.13135,1.15578,0.535296,1.84269,-1.27159,-0.639542,0.488103,-0.0146193,0.0876485,-0.332986,0,0,0,0,0,0,0,0,0,0,0,0,0,0,0,0,0,0,0,0,0,0,0,0,0,0,0,0,0,0.0192469,0.850585,-0.225534,0.519651,-0.895075,0.280005,-1.36019,-0.847905,0.150373,2.67777,0.545684,0.269963,-0.31109,-0.521201,-0.106988,-0.432936,0.462515,0.156691,-0.280628,0.132974,1.17226,0.488596,1.96954,-1.25761,-0.68179,0.538907,-0.0212271,0.106664,-0.337887,-0.0977643,-0.155233,-0.489003,-0.15781,-0.248841,-0.00190553,-0.137316,-0.562912,0.312871,0.319846,0.111631,0.00969708,0.147654,-0.00379112,0.0662432,0.2492,-0.275683,0.0994081,0.00078694,0.132574,-0.0325691,0.848228,-0.107192,0.0364683,0.0881909,0.129905,0.0167634,-0.107065,-0.00766952,-14.2106,-1.21873,-0.657083,-4.15201,-14.3663,6.8435,2.67382,11.9729,-2.26981,8.73531,15.0055,3.1954,1.48686,-10.0112,-7.49983,-3.30715,-0.35185,-0.471601,0.542153,-0.131502,-0.165727,-0.159778,-1.83493,-0.177469,0.595594,-1.01608,0.0908326,-0.212327,0.108745,0,0,0,0,0,0,0,0,0,0,0,0,0,0,0,0,0,0,0,0,0,0,0,0,0,0,0,0,0,2.55789,2.55789,2.55789,6.3088,6.3088,1.81445,2.55789,2.55789,1.81445,6.3088,6.3088,0.907223,0.907223,1.81445,1.81445,0.907223,0.907223,1.81445,1.81445,0.907223,0.907223,0.907223,0.907223,0.907223,0.907223,1.06814,1.06814,1.06814,1.06814,40.1792,40.1792,40.1792,99.0984,99.0984,28.5012,40.1792,40.1792,28.5012,99.0984,99.0984,14.2506,14.2506,28.5012,28.5012,14.2506,14.2506,28.5012,28.5012,14.2506,14.2506,14.2506,14.2506,14.2506,14.2506,16.7783,16.7783,16.7783,16.7783,0,0,0,0,0,0,0,0,0,0,0,0,0,0,0,0,0,0,0,0,0,0,0,0,0,0,0,0,0,0,0,0,0,0,0,0,0,0,0,0,0,0,0,0,0,0,0,0,0,0,0,0,0,0,0,0,0,0,0,0,0,0,0,0,0,0,0,0,0,0,0,0,0,0,0,0,0,0,0,0,0,0,0,0,0,0,0,0,0,0,0,0,0,0,0,0,0,0,0,0,0,0,0,0,0,0,0,0,0,0,0,0,0,0,0,0,0,-1.07768,-1.38309,0.817881,-1.95982,3.7455,-0.839831,0.530738,-2.44334,-2.12512,0.340339,-1.45822,-0.441879,-2.25318,-1.50196,-0.0699391,-1.79112,0.299491,-0.19623,1.47484,-1.04473,2.6353,1.17648,-0.494327,0.19965,1.22053,-4.46956,-0.53849,6.01817,-2.01372,3.10692,3.77808,1.1379,-0.350295,0.807543,-0.270667,0.480172,-1.06914,0.52,-1.29272,-0.572039,0.0875618,2.77934,0.726478,0.499058,-0.193798,-0.87267,-0.368331,-0.659531,0.43277,0.149265,-0.2618,0.13135,1.15578,0.535296,1.84269,-1.27159,-0.639542,0.488103,-0.0146193,0.0876485,-0.332986,1.003,-0.982435,0.164374,-0.0883333,0.6,0,0,3,3,3
9.56801,-1.64274,0.874986,-0.00104933,-0.0109554,0.0362779,-1.08143,-1.38237,0.821651,9.56801,-1.64274,0.874986,-0.00104933,-0.0109554,0.0362779,-1.08143,-1.38237,0.821651,-0.346527,0.804166,-0.258785,0.498926,-1.06918,0.52,-1.27945,-0.561052,0.0894494,2.77296,0.748443,0.502046,-0.188104,-0.87267,-0.367008,-0.670501,0.441453,0.149587,-0.2618,0.129704,1.15468,0.532246,1.85847,-1.27698,-0.64589,0.490682,-0.0146281,0.089454,-0.333885,0,0,0,0,0,0,0,0,0,0,0,0,0,0,0,0,0,0,0,0,0,0,0,0,0,0,0,0,0,0.0149317,0.848236,-0.234378,0.519223,-0.899974,0.279988,-1.36261,-0.855937,0.154209,2.68317,0.548598,0.270208,-0.307793,-0.521281,-0.105868,-0.42662,0.459106,0.159231,-0.280136,0.135161,1.17148,0.505003,1.96712,-1.25659,-0.680782,0.541345,-0.0205039,0.104606,-0.337569,-0.258575,-0.0685765,-0.335558,0.0396627,-0.187311,0.000337285,-0.0684038,-0.199305,0.0724049,0.220595,0.127973,0.0116249,0.151379,-0.0030047,0.0380384,0.31522,-0.0555709,0.124052,0.0359511,0.0872455,-0.0275967,0.644046,-0.0833909,0.0269813,0.0570696,0.0907975,0.0242425,-0.0714143,-0.00413983,-14.058,-1.44669,-0.590809,-4.08285,-15.5613,6.84003,2.98171,11.9702,-2.07551,8.07573,16.8032,3.25089,1.49219,-10.0093,-7.55209,-3.5923,-0.310021,-0.500656,0.462776,-0.132297,-0.197113,-0.15324,-1.69739,-0.238985,0.538481,-0.9899,0.0717652,-0.20853,0.0802997,0,0,0,0,0,0,0,0,0,0,0,0,0,0,0,0,0,0,0,0,0,0,0,0,0,0,0,0,0,2.55789,2.55789,2.55789,6.3088,6.3088,1.81445,2.55789,2.55789,1.81445,6.3088,6.3088,0.907223,0.907223,1.81445,1.81445,0.907223,0.907223,1.81445,1.81445,0.907223,0.907223,0.907223,0.907223,0.907223,0.907223,1.06814,1.06814,1.06814,1.06814,40.1792,40.1792,40.1792,99.0984,99.0984,28.5012,40.1792,40.1792,28.5012,99.0984,99.0984,14.2506,14.2506,28.5012,28.5012,14.2506,14.2506,28.5012,28.5012,14.2506,14.2506,14.2506,14.2506,14.2506,14.2506,16.7783,16.7783,16.7783,16.7783,0,0,0,0,0,0,0,0,0,0,0,0,0,0,0,0,0,0,0,0,0,0,0,0,0,0,0,0,0,0,0,0,0,0,0,0,0,0,0,0,0,0,0,0,0,0,0,0,0,0,0,0,0,0,0,0,0,0,0,0,0,0,0,0,0,0,0,0,0,0,0,0,0,0,0,0,0,0,0,0,0,0,0,0,0,0,0,0,0,0,0,0,0,0,0,0,0,0,0,0,0,0,0,0,0,0,0,0,0,0,0,0,0,0,0,0,0,-1.08143,-1.38237,0.821651,-1.98483,3.78148,-0.836815,0.550536,-2.45563,-2.1039,0.341073,-1.47269,-0.428895,-2.26373,-1.46735,-0.0630571,-1.76687,0.295737,-0.196348,1.46867,-1.02467,2.63278,1.20071,-0.472626,0.203954,1.21357,-4.48163,-0.485009,5.99998,-2.01386,3.16956,3.75394,1.14471,-0.346527,0.804166,-0.258785,0.498926,-1.06918,0.52,-1.27945,-0.561052,0.0894494,2.77296,0.748443,0.502046,-0.188104,-0.87267,-0.367008,-0.670501,0.441453,0.149587,-0.2618,0.129704,1.15468,0.532246,1.85847,-1.27698,-0.64589,0.490682,-0.0146281,0.089454,-0.333885,0.745,-0.98231,0.16526,-0.088074,0.6,0,0,3,3,3
9.55775,-1.6337,0.866238,0.00164642,-0.00598439,0.0202826,-1.0833,-1.38203,0.823563,9.55775,-1.6337,0.866238,0.00164642,-0.00598439,0.0202826,-1.0833,-1.38203,0.823563,-0.326088,0.801631,-0.244406,0.522558,-1.05675,0.52,-1.27411,-0.556801,0.0917075,2.75687,0.766059,0.502167,-0.180285,-0.87267,-0.364722,-0.683175,0.448365,0.14761,-0.2618,0.12663,1.15386,0.521586,1.87805,-1.28515,-0.654886,0.493484,-0.0147062,0.0926299,-0.334285,0,0,0,0,0,0,0,0,0,0,0,0,0,0,0,0,0,0,0,0,0,0,0,0,0,0,0,0,0,0.00910382,0.847857,-0.238884,0.521517,-0.902676,0.280001,-1.36249,-0.856327,0.154123,2.68695,0.551487,0.270443,-0.305128,-0.521334,-0.10543,-0.420707,0.459957,0.161506,-0.279232,0.136308,1.17118,0.514372,1.96603,-1.25628,-0.680022,0.542531,-0.0200382,0.103701,-0.337653,-0.374366,0.0156934,-0.165856,0.206816,-0.11856,1.73239e-05,0.0512537,0.0963568,-0.0922522,0.16748,0.158083,0.013995,0.148664,-0.00224032,0.0127777,0.332766,0.122494,0.126234,0.0603163,0.0482569,-0.00881441,0.439379,-0.0485612,0.0142407,0.0306336,0.0510843,0.024666,-0.0403248,-0.00305225,-13.3913,-1.77362,-0.321527,-3.36668,-15.7235,6.83939,3.22698,11.6853,-1.72381,7.40505,18.5174,3.28816,1.53857,-10.009,-7.48322,-3.85219,-0.356568,-0.5619,0.394469,-0.138755,-0.225805,-0.146383,-1.48849,-0.306807,0.457247,-0.925316,0.0645178,-0.19623,0.0668353,0,0,0,0,0,0,0,0,0,0,0,0,0,0,0,0,0,0,0,0,0,0,0,0,0,0,0,0,0,2.55789,2.55789,2.55789,6.3088,6.3088,1.81445,2.55789,2.55789,1.81445,6.3088,6.3088,0.907223,0.907223,1.81445,1.81445,0.907223,0.907223,1.81445,1.81445,0.907223,0.907223,0.907223,0.907223,0.907223,0.907223,1.06814,1.06814,1.06814,1.06814,40.1792,40.1792,40.1792,99.0984,99.0984,28.5012,40.1792,40.1792,28.5012,99.0984,99.0984,14.2506,14.2506,28.5012,28.5012,14.2506,14.2506,28.5012,28.5012,14.2506,14.2506,14.2506,14.2506,14.2506,14.2506,16.7783,16.7783,16.7783,16.7783,0,0,0,0,0,0,0,0,0,0,0,0,0,0,0,0,0,0,0,0,0,0,0,0,0,0,0,0,0,0,0,0,0,0,0,0,0,0,0,0,0,0,0,0,0,0,0,0,0,0,0,0,0,0,0,0,0,0,0,0,0,0,0,0,0,0,0,0,0,0,0,0,0,0,0,0,0,0,0,0,0,0,0,0,0,0,0,0,0,0,0,0,0,0,0,0,0,0,0,0,0,0,0,0,0,0,0,0,0,0,0,0,0,0,0,0,0,-1.0833,-1.38203,0.823563,-2.01373,3.82611,-0.831603,0.566297,-2.47426,-2.0694,0.336565,-1.49321,-0.411068,-2.27404,-1.42973,-0.0257297,-1.75713,0.28873,-0.197396,1.46404,-1.0169,2.63092,1.24334,-0.446366,0.209102,1.18927,-4.48699,-0.417617,5.95409,-1.97839,3.2198,3.71433,1.14499,-0.326088,0.801631,-0.244406,0.522558,-1.05675,0.52,-1.27411,-0.556801,0.0917075,2.75687,0.766059,0.502167,-0.180285,-0.87267,-0.364722,-0.683175,0.448365,0.14761,-0.2618,0.12663,1.15386,0.521586,1.87805,-1.28515,-0.654886,0.493484,-0.0147062,0.0926299,-0.334285,0.668,-0.982235,0.165792,-0.0878993,0.6,0,0,3,3,3
9.59773,-1.63539,0.861014,0.00588109,0.00172829,0.0027882,-1.08378,-1.38188,0.824132,9.59773,-1.63539,0.861014,0.00588109,0.00172829,0.0027882,-1.08378,-1.38188,0.824132,-0.289128,0.798649,-0.227283,0.549549,-1.03425,0.52,-1.2783,-0.558961,0.0939503,2.73487,0.777497,0.499483,-0.170713,-0.87267,-0.360566,-0.69697,0.453363,0.143694,-0.2618,0.122221,1.15445,0.502891,1.90198,-1.29865,-0.667355,0.496323,-0.0148758,0.0971444,-0.334461,0,0,0,0,0,0,0,0,0,0,0,0,0,0,0,0,0,0,0,0,0,0,0,0,0,0,0,0,0,0.000709429,0.848903,-0.240803,0.526796,-0.904047,0.280011,-1.36007,-0.851202,0.15022,2.68883,0.555038,0.270739,-0.302293,-0.521361,-0.105561,-0.414227,0.464509,0.163845,-0.277798,0.136782,1.17127,0.519596,1.96553,-1.25609,-0.679919,0.54293,-0.0194891,0.103448,-0.337661,-0.457671,0.0769086,-0.0425382,0.312783,-0.037942,0.000428639,0.181392,0.367277,-0.261434,0.0585297,0.171154,0.0146888,0.140304,-0.000129786,-0.0179878,0.309486,0.298682,0.10899,0.0805814,0.00143417,0.0100651,0.176204,-0.0118662,0.00838711,-0.00955312,0.0034677,0.0254345,-0.000625022,0.00155027,-12.011,-2.08286,-0.0323098,-2.35026,-14.8793,6.8395,3.03651,10.9703,-1.23004,6.36075,19.8316,3.2849,1.6161,-10.0119,-7.3578,-4.10845,-0.481454,-0.656278,0.316734,-0.148631,-0.256298,-0.135474,-1.23463,-0.420958,0.36333,-0.835131,0.0530267,-0.180143,0.0552249,0,0,0,0,0,0,0,0,0,0,0,0,0,0,0,0,0,0,0,0,0,0,0,0,0,0,0,0,0,2.55789,2.55789,2.55789,6.3088,6.3088,1.81445,2.55789,2.55789,1.81445,6.3088,6.3088,0.907223,0.907223,1.81445,1.81445,0.907223,0.907223,1.81445,1.81445,0.907223,0.907223,0.907223,0.907223,0.907223,0.907223,1.06814,1.06814,1.06814,1.06814,40.1792,40.1792,40.1792,99.0984,99.0984,28.5012,40.1792,40.1792,28.5012,99.0984,99.0984,14.2506,14.2506,28.5012,28.5012,14.2506,14.2506,28.5012,28.5012,14.2506,14.2506,14.2506,14.2506,14.2506,14.2506,16.7783,16.7783,16.7783,16.7783,0,0,0,0,0,0,0,0,0,0,0,0,0,0,0,0,0,0,0,0,0,0,0,0,0,0,0,0,0,0,0,0,0,0,0,0,0,0,0,0,0,0,0,0,0,0,0,0,0,0,0,0,0,0,0,0,0,0,0,0,0,0,0,0,0,0,0,0,0,0,0,0,0,0,0,0,0,0,0,0,0,0,0,0,0,0,0,0,0,0,0,0,0,0,0,0,0,0,0,0,0,0,0,0,0,0,0,0,0,0,0,0,0,0,0,0,0,-1.08378,-1.38188,0.824132,-2.04518,3.88069,-0.822126,0.577692,-2.50503,-2.0247,0.327636,-1.52164,-0.389242,-2.28175,-1.39163,0.0417717,-1.76478,0.278677,-0.199672,1.4586,-1.02085,2.63225,1.30394,-0.415094,0.214216,1.14664,-4.48935,-0.340645,5.89135,-1.91423,3.25242,3.66408,1.13887,-0.289128,0.798649,-0.227283,0.549549,-1.03425,0.52,-1.2783,-0.558961,0.0939503,2.73487,0.777497,0.499483,-0.170713,-0.87267,-0.360566,-0.69697,0.453363,0.143694,-0.2618,0.122221,1.15445,0.502891,1.90198,-1.29865,-0.667355,0.496323,-0.0148758,0.0971444,-0.334461,0.702,-0.982209,0.165957,-0.0878844,0.6,0,0,3,3,3
9.61002,-1.63864,0.8563,0.00843596,0.0070998,-0.0128414,-1.08285,-1.38197,0.823336,9.61002,-1.63864,0.8563,0.00843596,0.0070998,-0.0128414,-1.08285,-1.38197,0.823336,-0.241603,0.793838,-0.204912,0.575936,-1.00432,0.52,-1.28793,-0.565424,0.0970479,2.71012,0.780742,0.494637,-0.161447,-0.866373,-0.354931,-0.708673,0.455366,0.138678,-0.2618,0.117336,1.15619,0.477784,1.92712,-1.31387,-0.681101,0.499359,-0.0151046,0.102548,-0.334676,0,0,0,0,0,0,0,0,0,0,0,0,0,0,0,0,0,0,0,0,0,0,0,0,0,0,0,0,0,-0.00862516,0.850949,-0.240242,0.534019,-0.903668,0.280014,-1.35487,-0.841091,0.144666,2.6899,0.558589,0.270981,-0.299776,-0.521345,-0.106194,-0.408698,0.472154,0.165633,-0.27611,0.136372,1.17193,0.51876,1.96565,-1.25609,-0.680444,0.542572,-0.0189081,0.103878,-0.337592,-0.473808,0.111488,0.0474882,0.357588,0.0399764,2.59604e-05,0.280615,0.571472,-0.346313,0.0125938,0.157508,0.0114236,0.120845,0.00186806,-0.0403558,0.243026,0.434272,0.0756161,0.0895757,-0.048639,0.0381209,-0.118792,0.0161654,-0.00330897,-0.0354102,-0.0287768,0.0265081,0.0297779,0.00458015,-10.1046,-2.37579,0.404219,-0.657984,-13.1778,6.83987,2.3872,9.94684,-0.857102,4.34817,20.6899,3.2459,1.73344,-10.0161,-7.18118,-4.32903,-0.642562,-0.761571,0.251857,-0.16231,-0.283146,-0.124159,-0.92022,-0.603445,0.216563,-0.747381,0.0390458,-0.143719,0.0476891,0,0,0,0,0,0,0,0,0,0,0,0,0,0,0,0,0,0,0,0,0,0,0,0,0,0,0,0,0,2.55789,2.55789,2.55789,6.3088,6.3088,1.81445,2.55789,2.55789,1.81445,6.3088,6.3088,0.907223,0.907223,1.81445,1.81445,0.907223,0.907223,1.81445,1.81445,0.907223,0.907223,0.907223,0.907223,0.907223,0.907223,1.06814,1.06814,1.06814,1.06814,40.1792,40.1792,40.1792,99.0984,99.0984,28.5012,40.1792,40.1792,28.5012,99.0984,99.0984,14.2506,14.2506,28.5012,28.5012,14.2506,14.2506,28.5012,28.5012,14.2506,14.2506,14.2506,14.2506,14.2506,14.2506,16.7783,16.7783,16.7783,16.7783,0,0,0,0,0,0,0,0,0,0,0,0,0,0,0,0,0,0,0,0,0,0,0,0,0,0,0,0,0,0,0,0,0,0,0,0,0,0,0,0,0,0,0,0,0,0,0,0,0,0,0,0,0,0,0,0,0,0,0,0,0,0,0,0,0,0,0,0,0,0,0,0,0,0,0,0,0,0,0,0,0,0,0,0,0,0,0,0,0,0,0,0,0,0,0,0,0,0,0,0,0,0,0,0,0,0,0,0,0,0,0,0,0,0,0,0,0,-1.08285,-1.38197,0.823336,-2.07186,3.93801,-0.809278,0.58226,-2.53974,-1.97542,0.316199,-1.55298,-0.368115,-2.28299,-1.35088,0.128567,-1.78236,0.267538,-0.202744,1.44981,-1.03265,2.63622,1.37646,-0.374237,0.221279,1.0894,-4.49225,-0.265394,5.82077,-1.82889,3.26167,3.60798,1.12782,-0.241603,0.793838,-0.204912,0.575936,-1.00432,0.52,-1.28793,-0.565424,0.0970479,2.71012,0.780742,0.494637,-0.161447,-0.866373,-0.354931,-0.708673,0.455366,0.138678,-0.2618,0.117336,1.15619,0.477784,1.92712,-1.31387,-0.681101,0.499359,-0.0151046,0.102548,-0.334676,0.678,-0.982225,0.165801,-0.0879987,0.6,0,0,3,3,3
9.62387,-1.63587,0.862365,0.00764586,0.0120939,-0.0290637,-1.08059,-1.38229,0.821187,9.62387,-1.63587,0.862365,0.00764586,0.0120939,-0.0290637,-1.08059,-1.38229,0.821187,-0.192121,0.788525,-0.181355,0.597237,-0.970457,0.52,-1.30087,-0.575737,0.101272,2.68386,0.774744,0.488373,-0.154496,-0.84595,-0.349327,-0.715935,0.45414,0.133499,-0.2618,0.112962,1.15765,0.45004,1.94822,-1.32575,-0.69244,0.502219,-0.0153699,0.107839,-0.334691,0,0,0,0,0,0,0,0,0,0,0,0,0,0,0,0,0,0,0,0,0,0,0,0,0,0,0,0,0,-0.0173813,0.853637,-0.237564,0.541791,-0.901694,0.280012,-1.34925,-0.828034,0.136758,2.68981,0.561503,0.271161,-0.297859,-0.521283,-0.107286,-0.404866,0.481979,0.166693,-0.274415,0.135124,1.1732,0.511617,1.96618,-1.25641,-0.681313,0.541696,-0.0183079,0.104885,-0.337492,-0.41064,0.138171,0.157581,0.377246,0.11226,-0.000120745,0.277142,0.694381,-0.417743,-0.00856728,0.12828,0.00728931,0.0828662,0.00370865,-0.0606691,0.144015,0.519477,0.0360388,0.0869944,-0.0919311,0.0657175,-0.417162,0.0321032,-0.0224885,-0.0467648,-0.0502758,0.0268761,0.0569149,0.00519341,-7.98324,-2.74984,0.91026,1.01838,-10.8726,6.84018,1.77365,8.84174,-0.400935,2.06844,20.9091,3.17798,1.8704,-9.84186,-6.95218,-4.46607,-0.83384,-0.866239,0.207589,-0.176403,-0.302015,-0.110643,-0.583843,-0.799252,0.0437032,-0.658841,0.0245421,-0.0984834,0.0415744,0,0,0,0,0,0,0,0,0,0,0,0,0,0,0,0,0,0,0,0,0,0,0,0,0,0,0,0,0,2.55789,2.55789,2.55789,6.3088,6.3088,1.81445,2.55789,2.55789,1.81445,6.3088,6.3088,0.907223,0.907223,1.81445,1.81445,0.907223,0.907223,1.81445,1.81445,0.907223,0.907223,0.907223,0.907223,0.907223,0.907223,1.06814,1.06814,1.06814,1.06814,40.1792,40.1792,40.1792,99.0984,99.0984,28.5012,40.1792,40.1792,28.5012,99.0984,99.0984,14.2506,14.2506,28.5012,28.5012,14.2506,14.2506,28.5012,28.5012,14.2506,14.2506,14.2506,14.2506,14.2506,14.2506,16.7783,16.7783,16.7783,16.7783,0,0,0,0,0,0,0,0,0,0,0,0,0,0,0,0,0,0,0,0,0,0,0,0,0,0,0,0,0,0,0,0,0,0,0,0,0,0,0,0,0,0,0,0,0,0,0,0,0,0,0,0,0,0,0,0,0,0,0,0,0,0,0,0,0,0,0,0,0,0,0,0,0,0,0,0,0,0,0,0,0,0,0,0,0,0,0,0,0,0,0,0,0,0,0,0,0,0,0,0,0,0,0,0,0,0,0,0,0,0,0,0,0,0,0,0,0,-1.08059,-1.38229,0.821187,-2.08842,3.98611,-0.7965,0.579464,-2.56681,-1.92885,0.304391,-1.57883,-0.352266,-2.27774,-1.31248,0.218938,-1.806,0.257565,-0.206305,1.44011,-1.05149,2.63956,1.44748,-0.331214,0.23091,1.02614,-4.49244,-0.204652,5.74589,-1.73232,3.24457,3.55371,1.11354,-0.192121,0.788525,-0.181355,0.597237,-0.970457,0.52,-1.30087,-0.575737,0.101272,2.68386,0.774744,0.488373,-0.154496,-0.84595,-0.349327,-0.715935,0.45414,0.133499,-0.2618,0.112962,1.15765,0.45004,1.94822,-1.32575,-0.69244,0.502219,-0.0153699,0.107839,-0.334691,1.027,-0.982285,0.165324,-0.0882256,0.6,0,0,3,3,3
9.64031,-1.63105,0.87254,0.0052209,0.0148863,-0.0435669,-1.07725,-1.38284,0.817907,9.64031,-1.63105,0.87254,0.0052209,0.0148863,-0.0435669,-1.07725,-1.38284,0.817907,-0.147761,0.784018,-0.159601,0.609604,-0.937205,0.52,-1.31591,-0.588441,0.104357,2.66022,0.759563,0.481241,-0.15081,-0.829511,-0.344586,-0.717293,0.448285,0.128271,-0.2618,0.10943,1.15784,0.424189,1.96026,-1.33175,-0.699016,0.504304,-0.015593,0.112107,-0.334163,0,0,0,0,0,0,0,0,0,0,0,0,0,0,0,0,0,0,0,0,0,0,0,0,0,0,0,0,0,-0.0240856,0.856673,-0.232914,0.548997,-0.898409,0.280013,-1.34406,-0.813382,0.12827,2.68964,0.563562,0.271267,-0.296845,-0.521177,-0.108691,-0.403203,0.492806,0.166992,-0.27289,0.133247,1.17477,0.498863,1.96697,-1.25715,-0.682276,0.540457,-0.0177653,0.106378,-0.337422,-0.286943,0.152198,0.269662,0.378285,0.173732,-5.51469e-05,0.243109,0.736956,-0.418054,-0.00680467,0.083127,0.00403218,0.0333225,0.00583897,-0.0730394,0.0294891,0.542722,-0.00201687,0.0744697,-0.119187,0.0724395,-0.668932,0.0436559,-0.0444485,-0.0477993,-0.0660834,0.022783,0.0791165,0.00296065,-6.00796,-3.12803,1.37335,2.29405,-8.25047,6.84019,1.12289,7.71213,-0.0285375,-0.527616,20.3933,3.09017,1.99783,-9.26676,-6.72921,-4.49369,-1.03099,-0.955963,0.184941,-0.187656,-0.310416,-0.0958654,-0.305117,-0.938853,-0.10278,-0.573186,0.0151757,-0.0581955,0.0425002,0,0,0,0,0,0,0,0,0,0,0,0,0,0,0,0,0,0,0,0,0,0,0,0,0,0,0,0,0,2.55789,2.55789,2.55789,6.3088,6.3088,1.81445,2.55789,2.55789,1.81445,6.3088,6.3088,0.907223,0.907223,1.81445,1.81445,0.907223,0.907223,1.81445,1.81445,0.907223,0.907223,0.907223,0.907223,0.907223,0.907223,1.06814,1.06814,1.06814,1.06814,40.1792,40.1792,40.1792,99.0984,99.0984,28.5012,40.1792,40.1792,28.5012,99.0984,99.0984,14.2506,14.2506,28.5012,28.5012,14.2506,14.2506,28.5012,28.5012,14.2506,14.2506,14.2506,14.2506,14.2506,14.2506,16.7783,16.7783,16.7783,16.7783,0,0,0,0,0,0,0,0,0,0,0,0,0,0,0,0,0,0,0,0,0,0,0,0,0,0,0,0,0,0,0,0,0,0,0,0,0,0,0,0,0,0,0,0,0,0,0,0,0,0,0,0,0,0,0,0,0,0,0,0,0,0,0,0,0,0,0,0,0,0,0,0,0,0,0,0,0,0,0,0,0,0,0,0,0,0,0,0,0,0,0,0,0,0,0,0,0,0,0,0,0,0,0,0,0,0,0,0,0,0,0,0,0,0,0,0,0,-1.07725,-1.38284,0.817907,-2.09152,4.01357,-0.785691,0.566114,-2.58049,-1.89137,0.29247,-1.59383,-0.343861,-2.26552,-1.28449,0.299955,-1.83347,0.249512,-0.209299,1.43187,-1.07469,2.63999,1.50478,-0.291483,0.237945,0.967193,-4.48536,-0.169383,5.67847,-1.63749,3.20127,3.50932,1.09728,-0.147761,0.784018,-0.159601,0.609604,-0.937205,0.52,-1.31591,-0.588441,0.104357,2.66022,0.759563,0.481241,-0.15081,-0.829511,-0.344586,-0.717293,0.448285,0.128271,-0.2618,0.10943,1.15784,0.424189,1.96026,-1.33175,-0.699016,0.504304,-0.015593,0.112107,-0.334163,0.616,-0.982388,0.164551,-0.0885206,0.6,0,0,3,3,3
9.65315,-1.61704,0.870822,0.00233306,0.0147951,-0.0540002,-1.07326,-1.38359,0.813903,9.65315,-1.61704,0.870822,0.00233306,0.0147951,-0.0540002,-1.07326,-1.38359,0.813903,-0.112413,0.782286,-0.139852,0.612758,-0.907995,0.52,-1.33077,-0.602992,0.105357,2.6444,0.737428,0.474323,-0.150282,-0.819012,-0.339853,-0.713205,0.43827,0.123181,-0.2618,0.107081,1.15724,0.40191,1.964,-1.33317,-0.701175,0.505458,-0.015765,0.115113,-0.333291,0,0,0,0,0,0,0,0,0,0,0,0,0,0,0,0,0,0,0,0,0,0,0,0,0,0,0,0,0,-0.0275075,0.859744,-0.226742,0.554206,-0.894289,0.280022,-1.33976,-0.798908,0.120306,2.68958,0.564441,0.271303,-0.296856,-0.521041,-0.110208,-0.403823,0.503321,0.166571,-0.271716,0.131045,1.17604,0.482256,1.96798,-1.25833,-0.683109,0.538974,-0.0174049,0.108206,-0.337432,-0.110481,0.14352,0.308201,0.209842,0.20196,0.000107728,0.188323,0.687963,-0.37131,-0.00176467,0.0232141,0.000435035,-0.0180362,0.00676797,-0.0741115,-0.0821754,0.499111,-0.0369673,0.0517569,-0.12781,0.049181,-0.825106,0.0545854,-0.0656048,-0.0392538,-0.0770888,0.0124297,0.0928849,-0.00181797,-4.53846,-3.40893,1.91805,4.1735,-5.5276,6.83924,0.476529,6.7216,0.211634,-2.89913,19.1786,2.9912,2.09554,-8.80397,-6.54798,-4.40543,-1.23064,-1.03151,0.189487,-0.198118,-0.305759,-0.0847649,-0.157216,-0.988933,-0.192144,-0.501877,0.0162118,-0.0318436,0.0564733,0,0,0,0,0,0,0,0,0,0,0,0,0,0,0,0,0,0,0,0,0,0,0,0,0,0,0,0,0,2.55789,2.55789,2.55789,6.3088,6.3088,1.81445,2.55789,2.55789,1.81445,6.3088,6.3088,0.907223,0.907223,1.81445,1.81445,0.907223,0.907223,1.81445,1.81445,0.907223,0.907223,0.907223,0.907223,0.907223,0.907223,1.06814,1.06814,1.06814,1.06814,40.1792,40.1792,40.1792,99.0984,99.0984,28.5012,40.1792,40.1792,28.5012,99.0984,99.0984,14.2506,14.2506,28.5012,28.5012,14.2506,14.2506,28.5012,28.5012,14.2506,14.2506,14.2506,14.2506,14.2506,14.2506,16.7783,16.7783,16.7783,16.7783,0,0,0,0,0,0,0,0,0,0,0,0,0,0,0,0,0,0,0,0,0,0,0,0,0,0,0,0,0,0,0,0,0,0,0,0,0,0,0,0,0,0,0,0,0,0,0,0,0,0,0,0,0,0,0,0,0,0,0,0,0,0,0,0,0,0,0,0,0,0,0,0,0,0,0,0,0,0,0,0,0,0,0,0,0,0,0,0,0,0,0,0,0,0,0,0,0,0,0,0,0,0,0,0,0,0,0,0,0,0,0,0,0,0,0,0,0,-1.07326,-1.38359,0.813903,-2.0822,4.0221,-0.774898,0.54328,-2.58375,-1.86743,0.280865,-1.59875,-0.342657,-2.24814,-1.26901,0.364512,-1.86061,0.244156,-0.211608,1.42871,-1.10126,2.63861,1.54513,-0.255415,0.240224,0.916394,-4.47366,-0.160389,5.63336,-1.55419,3.13815,3.48041,1.0815,-0.112413,0.782286,-0.139852,0.612758,-0.907995,0.52,-1.33077,-0.602992,0.105357,2.6444,0.737428,0.474323,-0.150282,-0.819012,-0.339853,-0.713205,0.43827,0.123181,-0.2618,0.107081,1.15724,0.40191,1.964,-1.33317,-0.701175,0.505458,-0.015765,0.115113,-0.333291,0.626,-0.982528,0.16355,-0.0888261,0.6,0,0,3,3,3
9.66399,-1.60186,0.873433,-0.0018184,0.0118696,-0.0610012,-1.06906,-1.3845,0.809617,9.66399,-1.60186,0.873433,-0.0018184,0.0118696,-0.0610012,-1.06906,-1.3845,0.809617,-0.0901686,0.783192,-0.127904,0.607282,-0.886185,0.52,-1.34377,-0.616977,0.104302,2.63824,0.712302,0.469074,-0.152813,-0.816458,-0.335912,-0.705047,0.426241,0.119327,-0.2618,0.106214,1.15718,0.387534,1.96018,-1.33039,-0.698841,0.505344,-0.0159043,0.116499,-0.332358,0,0,0,0,0,0,0,0,0,0,0,0,0,0,0,0,0,0,0,0,0,0,0,0,0,0,0,0,0,-0.0273771,0.862824,-0.219241,0.556776,-0.889783,0.280037,-1.33681,-0.786363,0.113368,2.68934,0.563911,0.271262,-0.297896,-0.520902,-0.111628,-0.406495,0.512266,0.165489,-0.271093,0.128905,1.17661,0.463783,1.96905,-1.25994,-0.683662,0.537439,-0.0172711,0.110174,-0.337445,0.0724032,0.146237,0.383538,0.0863483,0.213556,0.000354029,0.114117,0.556745,-0.313664,-0.023602,-0.0450347,-0.00329808,-0.0684032,0.00640992,-0.0658063,-0.175639,0.396163,-0.0685322,0.0202258,-0.116693,0.0106872,-0.887969,0.0551735,-0.0869429,-0.0236998,-0.0758575,0.00229771,0.0971979,8.65097e-05,-3.57437,-3.60994,2.22363,4.98993,-3.15928,6.83825,-0.0583322,5.94128,0.340524,-4.32589,17.469,2.89655,2.16237,-8.50828,-6.38642,-4.22498,-1.41425,-1.09003,0.226057,-0.210148,-0.288192,-0.0805027,-0.119847,-0.967608,-0.228862,-0.457798,0.0220055,-0.0190244,0.0695823,0,0,0,0,0,0,0,0,0,0,0,0,0,0,0,0,0,0,0,0,0,0,0,0,0,0,0,0,0,2.55789,2.55789,2.55789,6.3088,6.3088,1.81445,2.55789,2.55789,1.81445,6.3088,6.3088,0.907223,0.907223,1.81445,1.81445,0.907223,0.907223,1.81445,1.81445,0.907223,0.907223,0.907223,0.907223,0.907223,0.907223,1.06814,1.06814,1.06814,1.06814,40.1792,40.1792,40.1792,99.0984,99.0984,28.5012,40.1792,40.1792,28.5012,99.0984,99.0984,14.2506,14.2506,28.5012,28.5012,14.2506,14.2506,28.5012,28.5012,14.2506,14.2506,14.2506,14.2506,14.2506,14.2506,16.7783,16.7783,16.7783,16.7783,0,0,0,0,0,0,0,0,0,0,0,0,0,0,0,0,0,0,0,0,0,0,0,0,0,0,0,0,0,0,0,0,0,0,0,0,0,0,0,0,0,0,0,0,0,0,0,0,0,0,0,0,0,0,0,0,0,0,0,0,0,0,0,0,0,0,0,0,0,0,0,0,0,0,0,0,0,0,0,0,0,0,0,0,0,0,0,0,0,0,0,0,0,0,0,0,0,0,0,0,0,0,0,0,0,0,0,0,0,0,0,0,0,0,0,0,0,-1.06906,-1.3845,0.809617,-2.0636,4.0134,-0.765913,0.515851,-2.57739,-1.86161,0.272077,-1.59343,-0.348428,-2.23257,-1.27053,0.405137,-1.88435,0.242178,-0.213478,1.43037,-1.1268,2.63848,1.56373,-0.233594,0.237818,0.883616,-4.46113,-0.176004,5.61578,-1.492,3.0665,3.47211,1.06954,-0.0901686,0.783192,-0.127904,0.607282,-0.886185,0.52,-1.34377,-0.616977,0.104302,2.63824,0.712302,0.469074,-0.152813,-0.816458,-0.335912,-0.705047,0.426241,0.119327,-0.2618,0.106214,1.15718,0.387534,1.96018,-1.33039,-0.698841,0.505344,-0.0159043,0.116499,-0.332358,0.605,-0.982696,0.162395,-0.0890834,0.6,0,0,3,3,3
9.69548,-1.62233,0.886436,-0.00811843,0.00712314,-0.0615978,-1.06513,-1.38548,0.805507,9.69548,-1.62233,0.886436,-0.00811843,0.00712314,-0.0615978,-1.06513,-1.38548,0.805507,-0.0832443,0.787017,-0.125334,0.592859,-0.873209,0.52,-1.35297,-0.629818,0.0998009,2.6428,0.687226,0.466084,-0.157959,-0.823476,-0.332857,-0.693087,0.412087,0.11671,-0.2618,0.106937,1.15844,0.383831,1.94917,-1.32322,-0.691643,0.503864,-0.0159371,0.116096,-0.331378,0,0,0,0,0,0,0,0,0,0,0,0,0,0,0,0,0,0,0,0,0,0,0,0,0,0,0,0,0,-0.0239086,0.865762,-0.210696,0.55695,-0.885429,0.280056,-1.33538,-0.777101,0.10811,2.68781,0.561977,0.27112,-0.299852,-0.520788,-0.112765,-0.410807,0.51853,0.16385,-0.271134,0.127069,1.17648,0.445868,1.96993,-1.26179,-0.683921,0.536076,-0.0173312,0.112019,-0.337372,0.230973,0.136825,0.428521,-0.0288397,0.198169,0.00049245,0.0505186,0.437112,-0.0549511,-0.186159,-0.116502,-0.020195,-0.119271,0.0040778,-0.0453659,-0.245551,0.242909,-0.0923349,-0.0153267,-0.0923713,-0.0183049,-0.829185,0.0372567,-0.0969634,-0.0059547,-0.0621704,-0.00498069,0.0872249,0.00469988,-3.21144,-3.66417,2.25388,5.14186,-1.33698,6.83738,-0.456085,5.39631,0.187794,-4.08204,15.5992,2.83283,2.19515,-8.43533,-6.27321,-3.98309,-1.54269,-1.11027,0.288798,-0.216574,-0.260731,-0.0810542,-0.173052,-0.893778,-0.205641,-0.449586,0.0289317,-0.0164429,0.079299,0,0,0,0,0,0,0,0,0,0,0,0,0,0,0,0,0,0,0,0,0,0,0,0,0,0,0,0,0,2.55789,2.55789,2.55789,6.3088,6.3088,1.81445,2.55789,2.55789,1.81445,6.3088,6.3088,0.907223,0.907223,1.81445,1.81445,0.907223,0.907223,1.81445,1.81445,0.907223,0.907223,0.907223,0.907223,0.907223,0.907223,1.06814,1.06814,1.06814,1.06814,40.1792,40.1792,40.1792,99.0984,99.0984,28.5012,40.1792,40.1792,28.5012,99.0984,99.0984,14.2506,14.2506,28.5012,28.5012,14.2506,14.2506,28.5012,28.5012,14.2506,14.2506,14.2506,14.2506,14.2506,14.2506,16.7783,16.7783,16.7783,16.7783,0,0,0,0,0,0,0,0,0,0,0,0,0,0,0,0,0,0,0,0,0,0,0,0,0,0,0,0,0,0,0,0,0,0,0,0,0,0,0,0,0,0,0,0,0,0,0,0,0,0,0,0,0,0,0,0,0,0,0,0,0,0,0,0,0,0,0,0,0,0,0,0,0,0,0,0,0,0,0,0,0,0,0,0,0,0,0,0,0,0,0,0,0,0,0,0,0,0,0,0,0,0,0,0,0,0,0,0,0,0,0,0,0,0,0,0,0,-1.06513,-1.38548,0.805507,-2.03633,3.98829,-0.758947,0.48358,-2.56106,-1.87761,0.266111,-1.57701,-0.360162,-2.22322,-1.2904,0.417783,-1.90115,0.243827,-0.213918,1.43735,-1.15025,2.64136,1.55832,-0.228901,0.227556,0.875174,-4.44797,-0.217136,5.62879,-1.45499,2.99498,3.48555,1.06272,-0.0832443,0.787017,-0.125334,0.592859,-0.873209,0.52,-1.35297,-0.629818,0.0998009,2.6428,0.687226,0.466084,-0.157959,-0.823476,-0.332857,-0.693087,0.412087,0.11671,-0.2618,0.106937,1.15844,0.383831,1.94917,-1.32322,-0.691643,0.503864,-0.0159371,0.116096,-0.331378,0.571,-0.982878,0.1612,-0.0892533,0.6,0,0,3,3,3
9.6667,-1.59429,0.883564,-0.0181805,0.00124972,-0.0564352,-1.06207,-1.38646,0.802092,9.6667,-1.59429,0.883564,-0.0181805,0.00124972,-0.0564352,-1.06207,-1.38646,0.802092,-0.0945659,0.79464,-0.133474,0.572187,-0.873402,0.52,-1.35872,-0.639684,0.0960544,2.65352,0.665226,0.465622,-0.164792,-0.837141,-0.334171,-0.680336,0.402685,0.116952,-0.2618,0.109018,1.16018,0.389916,1.93371,-1.31401,-0.682174,0.501402,-0.0159616,0.113996,-0.330792,0,0,0,0,0,0,0,0,0,0,0,0,0,0,0,0,0,0,0,0,0,0,0,0,0,0,0,0,0,-0.0179137,0.868244,-0.202274,0.555206,-0.88168,0.280093,-1.33489,-0.771215,0.106616,2.68457,0.558944,0.270865,-0.302666,-0.520738,-0.113408,-0.416198,0.521279,0.161825,-0.271874,0.125772,1.17603,0.431156,1.97016,-1.26378,-0.683638,0.535185,-0.0175311,0.113498,-0.337205,0.33796,0.104454,0.3934,-0.112872,0.164734,0.00207817,-0.00221451,0.183416,-0.0605584,-0.148046,-0.153839,-0.0111647,-0.153166,0.0012455,-0.0228086,-0.283472,0.0538648,-0.105663,-0.0499694,-0.0548476,-0.027734,-0.644826,-0.00191607,-0.101828,0.025367,-0.034803,-0.0105018,0.0668505,0.00867237,-3.45114,-3.5389,2.0876,4.41364,-0.213306,6.83378,-0.739097,5.14099,-0.12269,-3.14875,13.6896,2.7943,2.19619,-8.63104,-6.21253,-3.69884,-1.61883,-1.1013,0.37153,-0.21942,-0.227146,-0.088633,-0.29852,-0.758273,-0.135099,-0.488263,0.0377321,-0.0266304,0.088589,0,0,0,0,0,0,0,0,0,0,0,0,0,0,0,0,0,0,0,0,0,0,0,0,0,0,0,0,0,2.55789,2.55789,2.55789,6.3088,6.3088,1.81445,2.55789,2.55789,1.81445,6.3088,6.3088,0.907223,0.907223,1.81445,1.81445,0.907223,0.907223,1.81445,1.81445,0.907223,0.907223,0.907223,0.907223,0.907223,0.907223,1.06814,1.06814,1.06814,1.06814,40.1792,40.1792,40.1792,99.0984,99.0984,28.5012,40.1792,40.1792,28.5012,99.0984,99.0984,14.2506,14.2506,28.5012,28.5012,14.2506,14.2506,28.5012,28.5012,14.2506,14.2506,14.2506,14.2506,14.2506,14.2506,16.7783,16.7783,16.7783,16.7783,0,0,0,0,0,0,0,0,0,0,0,0,0,0,0,0,0,0,0,0,0,0,0,0,0,0,0,0,0,0,0,0,0,0,0,0,0,0,0,0,0,0,0,0,0,0,0,0,0,0,0,0,0,0,0,0,0,0,0,0,0,0,0,0,0,0,0,0,0,0,0,0,0,0,0,0,0,0,0,0,0,0,0,0,0,0,0,0,0,0,0,0,0,0,0,0,0,0,0,0,0,0,0,0,0,0,0,0,0,0,0,0,0,0,0,0,0,-1.06207,-1.38646,0.802092,-2.00725,3.95302,-0.761944,0.462142,-2.54005,-1.90876,0.266662,-1.55542,-0.375743,-2.21752,-1.32345,0.397106,-1.91165,0.248572,-0.214247,1.45127,-1.16827,2.64533,1.53012,-0.243767,0.219014,0.889048,-4.44011,-0.276088,5.65935,-1.45554,2.93225,3.51575,1.06166,-0.0945659,0.79464,-0.133474,0.572187,-0.873402,0.52,-1.35872,-0.639684,0.0960544,2.65352,0.665226,0.465622,-0.164792,-0.837141,-0.334171,-0.680336,0.402685,0.116952,-0.2618,0.109018,1.16018,0.389916,1.93371,-1.31401,-0.682174,0.501402,-0.0159616,0.113996,-0.330792,0.895,-0.983058,0.160083,-0.0892771,0.6,0,0,3,3,3
9.66724,-1.57308,0.882678,-0.0245673,-0.00384865,-0.0485403,-1.06001,-1.38737,0.79955,9.66724,-1.57308,0.882678,-0.0245673,-0.00384865,-0.0485403,-1.06001,-1.38737,0.79955,-0.119702,0.803983,-0.152066,0.549518,-0.885241,0.52,-1.36104,-0.644819,0.0924557,2.66922,0.65023,0.467257,-0.17213,-0.854808,-0.337949,-0.668704,0.397658,0.119407,-0.2618,0.112066,1.16153,0.404939,1.91557,-1.30371,-0.671753,0.498351,-0.0159244,0.110545,-0.330452,0,0,0,0,0,0,0,0,0,0,0,0,0,0,0,0,0,0,0,0,0,0,0,0,0,0,0,0,0,-0.0105847,0.869809,-0.195454,0.552208,-0.879012,0.280154,-1.33532,-0.770339,0.106493,2.68269,0.555423,0.27066,-0.305814,-0.520749,-0.113575,-0.421895,0.520163,0.159741,-0.273177,0.125116,1.1755,0.421549,1.96973,-1.26582,-0.682724,0.534822,-0.0178793,0.114526,-0.337063,0.382744,0.0544391,0.295837,-0.1664,0.106876,0.00312198,-0.0448833,-0.078205,0.00195651,-0.0358768,-0.167999,-0.00764917,-0.158433,-0.0015073,-0.000503708,-0.279458,-0.136203,-0.101509,-0.0742555,-0.0161354,-0.0262312,-0.383923,-0.0311066,-0.102967,0.0567176,-0.00939474,-0.0180465,0.0439309,0.00550071,-4.31511,-3.16836,1.73344,2.99252,-0.133894,6.83016,-0.842336,5.38705,-0.285034,-2.62245,11.9447,2.78512,2.14826,-9.01521,-6.28417,-3.43558,-1.56828,-1.04063,0.452755,-0.213315,-0.19525,-0.0994605,-0.487118,-0.59695,-0.0405651,-0.549813,0.0512764,-0.0551289,0.099364,0,0,0,0,0,0,0,0,0,0,0,0,0,0,0,0,0,0,0,0,0,0,0,0,0,0,0,0,0,2.55789,2.55789,2.55789,6.3088,6.3088,1.81445,2.55789,2.55789,1.81445,6.3088,6.3088,0.907223,0.907223,1.81445,1.81445,0.907223,0.907223,1.81445,1.81445,0.907223,0.907223,0.907223,0.907223,0.907223,0.907223,1.06814,1.06814,1.06814,1.06814,40.1792,40.1792,40.1792,99.0984,99.0984,28.5012,40.1792,40.1792,28.5012,99.0984,99.0984,14.2506,14.2506,28.5012,28.5012,14.2506,14.2506,28.5012,28.5012,14.2506,14.2506,14.2506,14.2506,14.2506,14.2506,16.7783,16.7783,16.7783,16.7783,0,0,0,0,0,0,0,0,0,0,0,0,0,0,0,0,0,0,0,0,0,0,0,0,0,0,0,0,0,0,0,0,0,0,0,0,0,0,0,0,0,0,0,0,0,0,0,0,0,0,0,0,0,0,0,0,0,0,0,0,0,0,0,0,0,0,0,0,0,0,0,0,0,0,0,0,0,0,0,0,0,0,0,0,0,0,0,0,0,0,0,0,0,0,0,0,0,0,0,0,0,0,0,0,0,0,0,0,0,0,0,0,0,0,0,0,0,-1.06001,-1.38737,0.79955,-1.98073,3.91166,-0.770558,0.450679,-2.51657,-1.94905,0.27226,-1.53166,-0.392473,-2.2169,-1.36441,0.351199,-1.91589,0.255521,-0.213748,1.46834,-1.17765,2.64841,1.48381,-0.277722,0.210808,0.923301,-4.43555,-0.340734,5.70414,-1.4893,2.88948,3.557,1.06539,-0.119702,0.803983,-0.152066,0.549518,-0.885241,0.52,-1.36104,-0.644819,0.0924557,2.66922,0.65023,0.467257,-0.17213,-0.854808,-0.337949,-0.668704,0.397658,0.119407,-0.2618,0.112066,1.16153,0.404939,1.91557,-1.30371,-0.671753,0.498351,-0.0159244,0.110545,-0.330452,0.66,-0.983225,0.159117,-0.0891673,0.6,0,0,3,3,3
9.66072,-1.5639,0.877181,-0.0258683,-0.00747469,-0.0385781,-1.05889,-1.38816,0.797897,9.66072,-1.5639,0.877181,-0.0258683,-0.00747469,-0.0385781,-1.05889,-1.38816,0.797897,-0.154087,0.811356,-0.176842,0.527339,-0.907152,0.52,-1.35954,-0.644885,0.088983,2.68902,0.644365,0.470675,-0.179307,-0.87267,-0.342467,-0.65929,0.395783,0.123413,-0.2618,0.115831,1.16349,0.426935,1.89756,-1.29387,-0.661514,0.495028,-0.0157927,0.10621,-0.330374,0,0,0,0,0,0,0,0,0,0,0,0,0,0,0,0,0,0,0,0,0,0,0,0,0,0,0,0,0,-0.00314802,0.870061,-0.19149,0.548532,-0.877785,0.280213,-1.33665,-0.774768,0.107875,2.68277,0.551919,0.270502,-0.308672,-0.520805,-0.113329,-0.427074,0.5155,0.157893,-0.274774,0.125081,1.17497,0.418161,1.96893,-1.26776,-0.681349,0.53488,-0.0183739,0.115063,-0.337004,0.371239,-0.0133408,0.141752,-0.192647,0.0357156,0.00279237,-0.0872892,-0.319638,0.117026,0.0166209,-0.163419,-0.00778447,-0.135755,-0.00329636,0.0188165,-0.235907,-0.298473,-0.0840556,-0.0847746,0.0200735,-0.0237185,-0.0792022,-0.0460019,-0.0960956,0.0763556,0.00941548,-0.0244754,0.0196149,0.00131939,-5.59881,-2.63221,1.21304,1.27416,-0.979369,6.82914,-0.77651,5.96808,-0.629125,-1.44241,10.7774,2.81085,2.0652,-9.51375,-6.43378,-3.2308,-1.42712,-0.946999,0.517801,-0.200256,-0.17014,-0.111725,-0.720944,-0.428441,0.0708572,-0.62173,0.0671673,-0.0965504,0.10854,0,0,0,0,0,0,0,0,0,0,0,0,0,0,0,0,0,0,0,0,0,0,0,0,0,0,0,0,0,2.55789,2.55789,2.55789,6.3088,6.3088,1.81445,2.55789,2.55789,1.81445,6.3088,6.3088,0.907223,0.907223,1.81445,1.81445,0.907223,0.907223,1.81445,1.81445,0.907223,0.907223,0.907223,0.907223,0.907223,0.907223,1.06814,1.06814,1.06814,1.06814,40.1792,40.1792,40.1792,99.0984,99.0984,28.5012,40.1792,40.1792,28.5012,99.0984,99.0984,14.2506,14.2506,28.5012,28.5012,14.2506,14.2506,28.5012,28.5012,14.2506,14.2506,14.2506,14.2506,14.2506,14.2506,16.7783,16.7783,16.7783,16.7783,0,0,0,0,0,0,0,0,0,0,0,0,0,0,0,0,0,0,0,0,0,0,0,0,0,0,0,0,0,0,0,0,0,0,0,0,0,0,0,0,0,0,0,0,0,0,0,0,0,0,0,0,0,0,0,0,0,0,0,0,0,0,0,0,0,0,0,0,0,0,0,0,0,0,0,0,0,0,0,0,0,0,0,0,0,0,0,0,0,0,0,0,0,0,0,0,0,0,0,0,0,0,0,0,0,0,0,0,0,0,0,0,0,0,0,0,0,-1.05889,-1.38816,0.797897,-1.95927,3.8706,-0.780858,0.446404,-2.49412,-1.99493,0.281395,-1.50832,-0.408837,-2.22247,-1.40901,0.288402,-1.91315,0.264106,-0.21198,1.4818,-1.17777,2.65287,1.42562,-0.322972,0.20289,0.973453,-4.4345,-0.403983,5.76061,-1.55179,2.87276,3.60727,1.07319,-0.154087,0.811356,-0.176842,0.527339,-0.907152,0.52,-1.35954,-0.644885,0.088983,2.68902,0.644365,0.470675,-0.179307,-0.87267,-0.342467,-0.65929,0.395783,0.123413,-0.2618,0.115831,1.16349,0.426935,1.89756,-1.29387,-0.661514,0.495028,-0.0157927,0.10621,-0.330374,0.698,-0.983368,0.158343,-0.088968,0.6,0,0,3,3,3
9.65686,-1.54426,0.867116,-0.0221527,-0.00960712,-0.0268141,-1.05856,-1.38878,0.797092,9.65686,-1.54426,0.867116,-0.0221527,-0.00960712,-0.0268141,-1.05856,-1.38878,0.797092,-0.194158,0.816761,-0.202492,0.508512,-0.935826,0.52,-1.35312,-0.639035,0.0867893,2.71006,0.647572,0.475364,-0.185471,-0.87267,-0.34758,-0.652982,0.398473,0.128745,-0.2618,0.119909,1.16398,0.451126,1.88148,-1.28499,-0.652882,0.492286,-0.0156191,0.101708,-0.330657,0,0,0,0,0,0,0,0,0,0,0,0,0,0,0,0,0,0,0,0,0,0,0,0,0,0,0,0,0,0.00359394,0.868753,-0.191161,0.54436,-0.878153,0.280242,-1.33895,-0.783775,0.111485,2.6832,0.54884,0.27036,-0.310734,-0.520882,-0.112761,-0.43106,0.508049,0.156507,-0.276425,0.12566,1.17468,0.421337,1.96799,-1.26945,-0.679793,0.535229,-0.0189477,0.1151,-0.337005,0.326871,-0.0922077,-0.0442507,-0.221532,-0.0402998,0.00102902,-0.135546,-0.529585,0.220952,0.0208859,-0.136274,-0.00639766,-0.0868115,-0.0039562,0.0322346,-0.16398,-0.417339,-0.0563413,-0.0829663,0.05451,-0.00657388,0.232304,-0.0480785,-0.0791889,0.0791165,0.0215662,-0.0267943,-0.00509317,-0.000753177,-7.14274,-2.0846,0.671607,-0.342225,-2.63305,6.83157,-0.502093,6.8622,-1.01798,0.442554,10.3344,2.86042,1.95016,-10.0193,-6.60324,-3.10064,-1.23881,-0.840599,0.562917,-0.184445,-0.152548,-0.124823,-0.962061,-0.27853,0.191486,-0.696289,0.0817253,-0.144077,0.112207,0,0,0,0,0,0,0,0,0,0,0,0,0,0,0,0,0,0,0,0,0,0,0,0,0,0,0,0,0,2.55789,2.55789,2.55789,6.3088,6.3088,1.81445,2.55789,2.55789,1.81445,6.3088,6.3088,0.907223,0.907223,1.81445,1.81445,0.907223,0.907223,1.81445,1.81445,0.907223,0.907223,0.907223,0.907223,0.907223,0.907223,1.06814,1.06814,1.06814,1.06814,40.1792,40.1792,40.1792,99.0984,99.0984,28.5012,40.1792,40.1792,28.5012,99.0984,99.0984,14.2506,14.2506,28.5012,28.5012,14.2506,14.2506,28.5012,28.5012,14.2506,14.2506,14.2506,14.2506,14.2506,14.2506,16.7783,16.7783,16.7783,16.7783,0,0,0,0,0,0,0,0,0,0,0,0,0,0,0,0,0,0,0,0,0,0,0,0,0,0,0,0,0,0,0,0,0,0,0,0,0,0,0,0,0,0,0,0,0,0,0,0,0,0,0,0,0,0,0,0,0,0,0,0,0,0,0,0,0,0,0,0,0,0,0,0,0,0,0,0,0,0,0,0,0,0,0,0,0,0,0,0,0,0,0,0,0,0,0,0,0,0,0,0,0,0,0,0,0,0,0,0,0,0,0,0,0,0,0,0,0,-1.05856,-1.38878,0.797092,-1.94488,3.83395,-0.792517,0.452538,-2.4739,-2.03741,0.293552,-1.48864,-0.422893,-2.22959,-1.44581,0.215218,-1.90143,0.273405,-0.20965,1.49167,-1.16709,2.65399,1.36519,-0.369816,0.197888,1.02861,-4.4383,-0.457674,5.82061,-1.63356,2.8819,3.6571,1.08388,-0.194158,0.816761,-0.202492,0.508512,-0.935826,0.52,-1.35312,-0.639035,0.0867893,2.71006,0.647572,0.475364,-0.185471,-0.87267,-0.34758,-0.652982,0.398473,0.128745,-0.2618,0.119909,1.16398,0.451126,1.88148,-1.28499,-0.652882,0.492286,-0.0156191,0.101708,-0.330657,0.939,-0.98348,0.157782,-0.0887217,0.6,0,0,3,3,3
9.65283,-1.53046,0.862497,-0.0157812,-0.0106436,-0.0148348,-1.05888,-1.38921,0.797061,9.65283,-1.53046,0.862497,-0.0157812,-0.0106436,-0.0148348,-1.05888,-1.38921,0.797061,-0.234182,0.819534,-0.225983,0.494459,-0.966839,0.52,-1.34385,-0.629514,0.085702,2.72914,0.657858,0.480292,-0.190282,-0.87267,-0.35301,-0.649053,0.403714,0.134027,-0.2618,0.123775,1.16282,0.474463,1.86785,-1.27754,-0.646001,0.490206,-0.0153891,0.0975341,-0.330946,0,0,0,0,0,0,0,0,0,0,0,0,0,0,0,0,0,0,0,0,0,0,0,0,0,0,0,0,0,0.00917864,0.865962,-0.194715,0.53963,-0.88006,0.280237,-1.3421,-0.796225,0.116926,2.6836,0.54661,0.270262,-0.311664,-0.520952,-0.111989,-0.433381,0.498863,0.155791,-0.277883,0.126828,1.17453,0.430209,1.96712,-1.27073,-0.678327,0.53576,-0.0195072,0.11467,-0.337047,0.25906,-0.15535,-0.223679,-0.243489,-0.110072,-0.000560355,-0.16988,-0.667045,0.298823,0.0172335,-0.0910403,-0.00383587,-0.0266074,-0.00315792,0.0400659,-0.0733096,-0.477375,-0.0202658,-0.0693263,0.0830719,-0.00268298,0.485987,-0.0424474,-0.0570982,0.0707752,0.0288429,-0.0248287,-0.0274214,-0.0024754,-8.81424,-1.59035,0.245182,-1.59104,-4.84096,6.83453,-0.0262709,7.95836,-1.37889,2.51237,10.5897,2.92637,1.82297,-10.0187,-6.78552,-3.05609,-1.01161,-0.731122,0.581426,-0.168212,-0.14667,-0.136601,-1.18346,-0.152854,0.300496,-0.758958,0.0921424,-0.189034,0.110078,0,0,0,0,0,0,0,0,0,0,0,0,0,0,0,0,0,0,0,0,0,0,0,0,0,0,0,0,0,2.55789,2.55789,2.55789,6.3088,6.3088,1.81445,2.55789,2.55789,1.81445,6.3088,6.3088,0.907223,0.907223,1.81445,1.81445,0.907223,0.907223,1.81445,1.81445,0.907223,0.907223,0.907223,0.907223,0.907223,0.907223,1.06814,1.06814,1.06814,1.06814,40.1792,40.1792,40.1792,99.0984,99.0984,28.5012,40.1792,40.1792,28.5012,99.0984,99.0984,14.2506,14.2506,28.5012,28.5012,14.2506,14.2506,28.5012,28.5012,14.2506,14.2506,14.2506,14.2506,14.2506,14.2506,16.7783,16.7783,16.7783,16.7783,0,0,0,0,0,0,0,0,0,0,0,0,0,0,0,0,0,0,0,0,0,0,0,0,0,0,0,0,0,0,0,0,0,0,0,0,0,0,0,0,0,0,0,0,0,0,0,0,0,0,0,0,0,0,0,0,0,0,0,0,0,0,0,0,0,0,0,0,0,0,0,0,0,0,0,0,0,0,0,0,0,0,0,0,0,0,0,0,0,0,0,0,0,0,0,0,0,0,0,0,0,0,0,0,0,0,0,0,0,0,0,0,0,0,0,0,0,-1.05888,-1.38921,0.797061,-1.93593,3.80287,-0.804899,0.464488,-2.45689,-2.07241,0.305594,-1.47295,-0.433862,-2.23624,-1.47373,0.142122,-1.8845,0.282219,-0.206563,1.49674,-1.1497,2.65134,1.30917,-0.412719,0.195409,1.08182,-4.44217,-0.497749,5.87501,-1.722,2.91124,3.69846,1.09511,-0.234182,0.819534,-0.225983,0.494459,-0.966839,0.52,-1.34385,-0.629514,0.085702,2.72914,0.657858,0.480292,-0.190282,-0.87267,-0.35301,-0.649053,0.403714,0.134027,-0.2618,0.123775,1.16282,0.474463,1.86785,-1.27754,-0.646001,0.490206,-0.0153891,0.0975341,-0.330946,0.685,-0.983558,0.157443,-0.0884642,0.6,0,0,3,3,3
9.65354,-1.45165,0.823174,-0.0040125,-0.0100353,-0.000447401,-1.05972,-1.38942,0.797725,9.65354,-1.45165,0.823174,-0.0040125,-0.0100353,-0.000447401,-1.05972,-1.38942,0.797725,-0.269895,0.820235,-0.245009,0.487451,-0.996033,0.52,-1.33219,-0.616865,0.085555,2.74522,0.674328,0.485563,-0.192794,-0.87267,-0.357684,-0.649981,0.411375,0.13902,-0.2618,0.126665,1.16041,0.494979,1.85838,-1.27292,-0.641946,0.488935,-0.0151974,0.0940864,-0.331369,0,0,0,0,0,0,0,0,0,0,0,0,0,0,0,0,0,0,0,0,0,0,0,0,0,0,0,0,0,0.0132471,0.862256,-0.201148,0.534956,-0.883148,0.28019,-1.34572,-0.810572,0.123424,2.68398,0.545459,0.270226,-0.311314,-0.521012,-0.11114,-0.433782,0.489176,0.155766,-0.278961,0.128475,1.17422,0.443179,1.96647,-1.2715,-0.67717,0.536357,-0.0199639,0.113742,-0.337126,0.18564,-0.185231,-0.307613,-0.205234,-0.153733,-0.00469663,-0.185316,-0.738232,0.341041,0.0211194,-0.0383439,-0.000877509,0.0479995,-0.0028972,0.0408107,0.0245687,-0.477587,0.0125196,-0.046874,0.102405,-0.0143324,0.657527,-0.0227412,-0.0236155,0.0451147,0.0276188,-0.0193514,-0.0533895,-0.00423738,-10.3973,-1.24936,-0.192976,-2.7002,-7.31808,6.84233,0.533919,9.10178,-1.67022,4.3464,11.3905,2.9944,1.68727,-10.0176,-6.96688,-3.08036,-0.794545,-0.638149,0.57369,-0.154392,-0.148421,-0.145264,-1.38334,-0.0627915,0.402085,-0.80382,0.0978691,-0.216666,0.108296,0,0,0,0,0,0,0,0,0,0,0,0,0,0,0,0,0,0,0,0,0,0,0,0,0,0,0,0,0,2.55789,2.55789,2.55789,6.3088,6.3088,1.81445,2.55789,2.55789,1.81445,6.3088,6.3088,0.907223,0.907223,1.81445,1.81445,0.907223,0.907223,1.81445,1.81445,0.907223,0.907223,0.907223,0.907223,0.907223,0.907223,1.06814,1.06814,1.06814,1.06814,40.1792,40.1792,40.1792,99.0984,99.0984,28.5012,40.1792,40.1792,28.5012,99.0984,99.0984,14.2506,14.2506,28.5012,28.5012,14.2506,14.2506,28.5012,28.5012,14.2506,14.2506,14.2506,14.2506,14.2506,14.2506,16.7783,16.7783,16.7783,16.7783,0,0,0,0,0,0,0,0,0,0,0,0,0,0,0,0,0,0,0,0,0,0,0,0,0,0,0,0,0,0,0,0,0,0,0,0,0,0,0,0,0,0,0,0,0,0,0,0,0,0,0,0,0,0,0,0,0,0,0,0,0,0,0,0,0,0,0,0,0,0,0,0,0,0,0,0,0,0,0,0,0,0,0,0,0,0,0,0,0,0,0,0,0,0,0,0,0,0,0,0,0,0,0,0,0,0,0,0,0,0,0,0,0,0,0,0,0,-1.05972,-1.38942,0.797725,-1.93804,3.78127,-0.815555,0.481956,-2.44637,-2.09556,0.31698,-1.4637,-0.43959,-2.24522,-1.49079,0.0768982,-1.8632,0.288809,-0.203989,1.49802,-1.1266,2.64586,1.26289,-0.447467,0.195074,1.1286,-4.44785,-0.517732,5.92086,-1.80525,2.9582,3.73029,1.10713,-0.269895,0.820235,-0.245009,0.487451,-0.996033,0.52,-1.33219,-0.616865,0.085555,2.74522,0.674328,0.485563,-0.192794,-0.87267,-0.357684,-0.649981,0.411375,0.13902,-0.2618,0.126665,1.16041,0.494979,1.85838,-1.27292,-0.641946,0.488935,-0.0151974,0.0940864,-0.331369,0.931,-0.983597,0.157333,-0.0882279,0.6,0,0,3,3,3
9.64807,-1.47641,0.831006,0.00065106,-0.00941253,0.0110284,-1.06102,-1.38941,0.799024,9.64807,-1.47641,0.831006,0.00065106,-0.00941253,0.0110284,-1.06102,-1.38941,0.799024,-0.297348,0.817856,-0.253423,0.486156,-1.01994,0.52,-1.31839,-0.602176,0.086334,2.7572,0.693464,0.490736,-0.193614,-0.87267,-0.36096,-0.653028,0.419058,0.142746,-0.2618,0.128607,1.15794,0.509479,1.85449,-1.27071,-0.640521,0.488845,-0.0150221,0.0918872,-0.332005,0,0,0,0,0,0,0,0,0,0,0,0,0,0,0,0,0,0,0,0,0,0,0,0,0,0,0,0,0,0.0154379,0.858164,-0.209576,0.530763,-0.88706,0.280141,-1.34942,-0.824953,0.129975,2.68461,0.545449,0.270244,-0.309782,-0.521072,-0.110313,-0.432315,0.480168,0.156366,-0.279569,0.130312,1.17359,0.458458,1.96597,-1.27174,-0.676305,0.537044,-0.0202609,0.112352,-0.337207,0.069708,-0.191308,-0.41412,-0.185499,-0.188491,-0.00295291,-0.182221,-0.683174,0.311819,0.0419998,0.0157443,0.00156694,0.0924253,-0.00307724,0.0390291,0.11243,-0.418278,0.0423543,-0.0232945,0.104851,-0.0305378,0.743754,-0.0257908,-0.00364187,0.0408427,0.037501,-0.010638,-0.0746439,-0.00275302,-11.6458,-1.0311,-0.342164,-3.0852,-9.5939,6.84033,1.14686,10.0776,-1.81932,5.76419,12.6819,3.06706,1.58865,-10.0156,-7.12067,-3.19307,-0.604902,-0.565727,0.549557,-0.14231,-0.159273,-0.150025,-1.51014,-0.0117673,0.452698,-0.845747,0.0970121,-0.229131,0.101319,0,0,0,0,0,0,0,0,0,0,0,0,0,0,0,0,0,0,0,0,0,0,0,0,0,0,0,0,0,2.55789,2.55789,2.55789,6.3088,6.3088,1.81445,2.55789,2.55789,1.81445,6.3088,6.3088,0.907223,0.907223,1.81445,1.81445,0.907223,0.907223,1.81445,1.81445,0.907223,0.907223,0.907223,0.907223,0.907223,0.907223,1.06814,1.06814,1.06814,1.06814,40.1792,40.1792,40.1792,99.0984,99.0984,28.5012,40.1792,40.1792,28.5012,99.0984,99.0984,14.2506,14.2506,28.5012,28.5012,14.2506,14.2506,28.5012,28.5012,14.2506,14.2506,14.2506,14.2506,14.2506,14.2506,16.7783,16.7783,16.7783,16.7783,0,0,0,0,0,0,0,0,0,0,0,0,0,0,0,0,0,0,0,0,0,0,0,0,0,0,0,0,0,0,0,0,0,0,0,0,0,0,0,0,0,0,0,0,0,0,0,0,0,0,0,0,0,0,0,0,0,0,0,0,0,0,0,0,0,0,0,0,0,0,0,0,0,0,0,0,0,0,0,0,0,0,0,0,0,0,0,0,0,0,0,0,0,0,0,0,0,0,0,0,0,0,0,0,0,0,0,0,0,0,0,0,0,0,0,0,0,-1.06102,-1.38941,0.799024,-1.94499,3.77241,-0.823026,0.499473,-2.44132,-2.10633,0.325475,-1.46045,-0.441458,-2.25027,-1.49199,0.0267596,-1.83801,0.293236,-0.201636,1.49367,-1.09977,2.64021,1.23337,-0.462834,0.19685,1.16166,-4.45639,-0.521426,5.95503,-1.87343,3.01277,3.74766,1.11893,-0.297348,0.817856,-0.253423,0.486156,-1.01994,0.52,-1.31839,-0.602176,0.086334,2.7572,0.693464,0.490736,-0.193614,-0.87267,-0.36096,-0.653028,0.419058,0.142746,-0.2618,0.128607,1.15794,0.509479,1.85449,-1.27071,-0.640521,0.488845,-0.0150221,0.0918872,-0.332005,0.641,-0.983594,0.157461,-0.0880302,0.6,0,0,3,3,3
9.64823,-1.49944,0.83653,0.00255461,-0.00953497,0.0208772,-1.06276,-1.3892,0.800832,9.64823,-1.49944,0.83653,0.00255461,-0.00953497,0.0208772,-1.06276,-1.3892,0.800832,-0.311615,0.815877,-0.257008,0.492612,-1.03395,0.52,-1.30745,-0.588612,0.0874968,2.76123,0.713609,0.49443,-0.191865,-0.87267,-0.363783,-0.65945,0.427983,0.145241,-0.2618,0.128816,1.15461,0.517433,1.85567,-1.27113,-0.642123,0.48961,-0.0149121,0.0911617,-0.332575,0,0,0,0,0,0,0,0,0,0,0,0,0,0,0,0,0,0,0,0,0,0,0,0,0,0,0,0,0,0.0154031,0.8547,-0.217878,0.528054,-0.891153,0.280096,-1.35262,-0.83703,0.135752,2.68606,0.546538,0.270312,-0.307599,-0.521139,-0.109544,-0.429283,0.472872,0.157467,-0.279714,0.132165,1.17274,0.473963,1.96535,-1.27164,-0.67547,0.537954,-0.0203421,0.110689,-0.337252,-0.0471275,-0.145565,-0.375798,-0.103805,-0.190312,-0.00230632,-0.112463,-0.511738,0.300713,0.146821,0.0743299,0.00378188,0.115451,-0.00349652,0.0378933,0.181902,-0.315611,0.0638538,0.000584403,0.0982862,-0.0400266,0.727535,-0.0351368,0.0102223,0.0432204,0.0501918,0.000223804,-0.0841256,-0.000389101,-12.464,-1.09882,-0.440545,-3.4556,-11.5445,6.84071,1.64511,10.7287,-1.98384,6.03952,14.0563,3.13838,1.5248,-10.0127,-7.23383,-3.34237,-0.478912,-0.52888,0.511269,-0.136567,-0.173729,-0.151428,-1.54868,0.00578811,0.459093,-0.875903,0.0898619,-0.227575,0.0890652,0,0,0,0,0,0,0,0,0,0,0,0,0,0,0,0,0,0,0,0,0,0,0,0,0,0,0,0,0,2.55789,2.55789,2.55789,6.3088,6.3088,1.81445,2.55789,2.55789,1.81445,6.3088,6.3088,0.907223,0.907223,1.81445,1.81445,0.907223,0.907223,1.81445,1.81445,0.907223,0.907223,0.907223,0.907223,0.907223,0.907223,1.06814,1.06814,1.06814,1.06814,40.1792,40.1792,40.1792,99.0984,99.0984,28.5012,40.1792,40.1792,28.5012,99.0984,99.0984,14.2506,14.2506,28.5012,28.5012,14.2506,14.2506,28.5012,28.5012,14.2506,14.2506,14.2506,14.2506,14.2506,14.2506,16.7783,16.7783,16.7783,16.7783,0,0,0,0,0,0,0,0,0,0,0,0,0,0,0,0,0,0,0,0,0,0,0,0,0,0,0,0,0,0,0,0,0,0,0,0,0,0,0,0,0,0,0,0,0,0,0,0,0,0,0,0,0,0,0,0,0,0,0,0,0,0,0,0,0,0,0,0,0,0,0,0,0,0,0,0,0,0,0,0,0,0,0,0,0,0,0,0,0,0,0,0,0,0,0,0,0,0,0,0,0,0,0,0,0,0,0,0,0,0,0,0,0,0,0,0,0,-1.06276,-1.3892,0.800832,-1.95963,3.77509,-0.829461,0.519823,-2.44229,-2.1014,0.331164,-1.4641,-0.437472,-2.25545,-1.48173,0.000702363,-1.81801,0.293712,-0.200161,1.49006,-1.075,2.63263,1.22363,-0.469382,0.199501,1.1798,-4.46405,-0.503015,5.96654,-1.91338,3.07022,3.74503,1.12735,-0.311615,0.815877,-0.257008,0.492612,-1.03395,0.52,-1.30745,-0.588612,0.0874968,2.76123,0.713609,0.49443,-0.191865,-0.87267,-0.363783,-0.65945,0.427983,0.145241,-0.2618,0.128816,1.15461,0.517433,1.85567,-1.27113,-0.642123,0.48961,-0.0149121,0.0911617,-0.332575,0.631,-0.983557,0.15779,-0.0878552,0.6,0,0,3,3,3
9.62231,-1.55036,0.86594,0.00219141,-0.0062706,0.0209533,-1.06474,-1.38888,0.802909,9.62231,-1.55036,0.86594,0.00219141,-0.0062706,0.0209533,-1.06474,-1.38888,0.802909,-0.31387,0.811903,-0.251417,0.504899,-1.03985,0.52,-1.29776,-0.579153,0.0896007,2.75911,0.731752,0.497222,-0.188189,-0.87267,-0.363678,-0.667442,0.434759,0.145694,-0.2618,0.127925,1.15362,0.518091,1.86501,-1.27606,-0.646671,0.491076,-0.0148605,0.09185,-0.333122,0,0,0,0,0,0,0,0,0,0,0,0,0,0,0,0,0,0,0,0,0,0,0,0,0,0,0,0,0,0.0127193,0.852112,-0.225571,0.527492,-0.895135,0.280067,-1.3548,-0.845819,0.139866,2.68805,0.548629,0.270458,-0.304932,-0.521208,-0.10887,-0.424587,0.467793,0.159104,-0.279374,0.133846,1.17155,0.489078,1.96452,-1.27134,-0.674602,0.53904,-0.0201875,0.108933,-0.337215,-0.165455,-0.0877894,-0.30961,0.0117118,-0.155561,-0.000535527,-0.0749686,-0.291985,0.111985,0.0752663,0.0960665,0.007378,0.121314,-0.00257282,0.0241265,0.235705,-0.159113,0.0804117,0.0224659,0.0727921,-0.0506711,0.610478,-0.0416169,0.0146261,0.0382376,0.0483929,0.0102278,-0.0743383,0.00431966,-12.6365,-1.22173,-0.467498,-3.50857,-12.7597,6.83941,2.10285,11.1122,-1.71169,6.79427,15.7453,3.18518,1.50467,-10.0123,-7.30991,-3.55058,-0.414995,-0.535017,0.463016,-0.136109,-0.194688,-0.149552,-1.5152,-0.00936078,0.428995,-0.87967,0.0783557,-0.219958,0.0739464,0,0,0,0,0,0,0,0,0,0,0,0,0,0,0,0,0,0,0,0,0,0,0,0,0,0,0,0,0,2.55789,2.55789,2.55789,6.3088,6.3088,1.81445,2.55789,2.55789,1.81445,6.3088,6.3088,0.907223,0.907223,1.81445,1.81445,0.907223,0.907223,1.81445,1.81445,0.907223,0.907223,0.907223,0.907223,0.907223,0.907223,1.06814,1.06814,1.06814,1.06814,40.1792,40.1792,40.1792,99.0984,99.0984,28.5012,40.1792,40.1792,28.5012,99.0984,99.0984,14.2506,14.2506,28.5012,28.5012,14.2506,14.2506,28.5012,28.5012,14.2506,14.2506,14.2506,14.2506,14.2506,14.2506,16.7783,16.7783,16.7783,16.7783,0,0,0,0,0,0,0,0,0,0,0,0,0,0,0,0,0,0,0,0,0,0,0,0,0,0,0,0,0,0,0,0,0,0,0,0,0,0,0,0,0,0,0,0,0,0,0,0,0,0,0,0,0,0,0,0,0,0,0,0,0,0,0,0,0,0,0,0,0,0,0,0,0,0,0,0,0,0,0,0,0,0,0,0,0,0,0,0,0,0,0,0,0,0,0,0,0,0,0,0,0,0,0,0,0,0,0,0,0,0,0,0,0,0,0,0,0,-1.06474,-1.38888,0.802909,-1.97785,3.7964,-0.829221,0.535275,-2.45353,-2.08754,0.332197,-1.47447,-0.42909,-2.26071,-1.46205,-0.00341596,-1.80032,0.291681,-0.199467,1.4828,-1.05772,2.63036,1.23287,-0.45917,0.204299,1.1813,-4.47138,-0.467976,5.96049,-1.93022,3.12196,3.73148,1.13372,-0.31387,0.811903,-0.251417,0.504899,-1.03985,0.52,-1.29776,-0.579153,0.0896007,2.75911,0.731752,0.497222,-0.188189,-0.87267,-0.363678,-0.667442,0.434759,0.145694,-0.2618,0.127925,1.15362,0.518091,1.86501,-1.27606,-0.646671,0.491076,-0.0148605,0.09185,-0.333122,0.647,-0.983504,0.158202,-0.0877082,0.6,0,0,3,3,3
9.6172,-1.54778,0.853003,0.00485254,-0.00428419,0.0161964,-1.06598,-1.38864,0.80423,9.6172,-1.54778,0.853003,0.00485254,-0.00428419,0.0161964,-1.06598,-1.38864,0.80423,-0.303248,0.808553,-0.241766,0.521625,-1.03554,0.52,-1.29216,-0.573049,0.0913814,2.75051,0.746012,0.498154,-0.182738,-0.87267,-0.362592,-0.677146,0.440288,0.144401,-0.2618,0.125804,1.15281,0.511837,1.87807,-1.28286,-0.653587,0.493077,-0.0148695,0.0938419,-0.333556,0,0,0,0,0,0,0,0,0,0,0,0,0,0,0,0,0,0,0,0,0,0,0,0,0,0,0,0,0,0.00888731,0.851123,-0.230271,0.528648,-0.897617,0.280055,-1.35508,-0.84878,0.141427,2.68988,0.550882,0.270608,-0.302723,-0.521253,-0.108548,-0.420116,0.466342,0.160565,-0.278772,0.134827,1.17081,0.498595,1.96396,-1.27108,-0.674141,0.539703,-0.0199067,0.107827,-0.337115,-0.24436,-0.0295262,-0.220539,0.0936581,-0.119442,-0.000776233,0.0236244,-0.0776502,0.0398493,0.0975871,0.124913,0.00945947,0.124813,-0.00197328,0.0128129,0.254763,-0.0216164,0.0814722,0.0405324,0.0446465,-0.0323439,0.463574,-0.0249238,0.0162831,0.0171188,0.0296261,0.0169912,-0.0540213,0.00686922,-12.3783,-1.48795,-0.277666,-2.90275,-13.3298,6.84009,2.25413,11.0672,-1.58646,6.18985,17.127,3.22131,1.52341,-10.0119,-7.29668,-3.74745,-0.418842,-0.566509,0.414557,-0.138927,-0.214576,-0.143848,-1.38716,-0.0846893,0.374925,-0.847842,0.0670274,-0.210888,0.0602148,0,0,0,0,0,0,0,0,0,0,0,0,0,0,0,0,0,0,0,0,0,0,0,0,0,0,0,0,0,2.55789,2.55789,2.55789,6.3088,6.3088,1.81445,2.55789,2.55789,1.81445,6.3088,6.3088,0.907223,0.907223,1.81445,1.81445,0.907223,0.907223,1.81445,1.81445,0.907223,0.907223,0.907223,0.907223,0.907223,0.907223,1.06814,1.06814,1.06814,1.06814,40.1792,40.1792,40.1792,99.0984,99.0984,28.5012,40.1792,40.1792,28.5012,99.0984,99.0984,14.2506,14.2506,28.5012,28.5012,14.2506,14.2506,28.5012,28.5012,14.2506,14.2506,14.2506,14.2506,14.2506,14.2506,16.7783,16.7783,16.7783,16.7783,0,0,0,0,0,0,0,0,0,0,0,0,0,0,0,0,0,0,0,0,0,0,0,0,0,0,0,0,0,0,0,0,0,0,0,0,0,0,0,0,0,0,0,0,0,0,0,0,0,0,0,0,0,0,0,0,0,0,0,0,0,0,0,0,0,0,0,0,0,0,0,0,0,0,0,0,0,0,0,0,0,0,0,0,0,0,0,0,0,0,0,0,0,0,0,0,0,0,0,0,0,0,0,0,0,0,0,0,0,0,0,0,0,0,0,0,0,-1.06598,-1.38864,0.80423,-1.99998,3.82617,-0.826745,0.547881,-2.46904,-2.06224,0.329248,-1.49024,-0.41666,-2.26509,-1.43519,0.0159833,-1.7901,0.286846,-0.199588,1.47668,-1.04658,2.62852,1.25961,-0.441544,0.208359,1.16704,-4.47721,-0.420278,5.93595,-1.91793,3.16263,3.70619,1.13584,-0.303248,0.808553,-0.241766,0.521625,-1.03554,0.52,-1.29216,-0.573049,0.0913814,2.75051,0.746012,0.498154,-0.182738,-0.87267,-0.362592,-0.677146,0.440288,0.144401,-0.2618,0.125804,1.15281,0.511837,1.87807,-1.28286,-0.653587,0.493077,-0.0148695,0.0938419,-0.333556,0.657,-0.983456,0.158552,-0.0876124,0.6,0,0,3,3,3
9.62188,-1.55517,0.856012,0.00829494,-0.00061975,0.00575296,-1.06654,-1.3885,0.804943,9.62188,-1.55517,0.856012,0.00829494,-0.00061975,0.00575296,-1.06654,-1.3885,0.804943,-0.280899,0.803212,-0.226585,0.541577,-1.02336,0.52,-1.28987,-0.570079,0.0939232,2.7372,0.756125,0.497706,-0.176059,-0.87267,-0.359218,-0.687287,0.444202,0.141777,-0.2618,0.122994,1.15389,0.498758,1.89654,-1.2931,-0.663067,0.49556,-0.0149545,0.0970454,-0.334078,0,0,0,0,0,0,0,0,0,0,0,0,0,0,0,0,0,0,0,0,0,0,0,0,0,0,0,0,0,0.00319684,0.85122,-0.233354,0.53148,-0.899361,0.280034,-1.35375,-0.848001,0.140441,2.69076,0.553605,0.270824,-0.300268,-0.521276,-0.108509,-0.415044,0.467647,0.162083,-0.277778,0.135337,1.17041,0.505139,1.9638,-1.2708,-0.674178,0.539907,-0.0194829,0.107161,-0.336952,-0.31528,0.0280782,-0.109701,0.171019,-0.0641831,-0.00106352,0.105132,0.126344,-0.107315,0.021129,0.129846,0.0107803,0.122776,-0.000298836,-0.00511043,0.246994,0.126702,0.0715492,0.0564457,0.00951458,-0.0125192,0.252339,0.00186915,0.0133469,-0.0122583,-7.82297e-05,0.0209022,-0.0237374,0.00911208,-11.5468,-1.77365,-0.0469741,-1.99844,-13.0758,6.84129,2.23451,10.7772,-1.2289,5.77899,18.2464,3.22995,1.56763,-10.0142,-7.23483,-3.95416,-0.49107,-0.630536,0.358024,-0.146193,-0.238781,-0.136272,-1.22227,-0.183189,0.302923,-0.786921,0.0552904,-0.198018,0.0475799,0,0,0,0,0,0,0,0,0,0,0,0,0,0,0,0,0,0,0,0,0,0,0,0,0,0,0,0,0,2.55789,2.55789,2.55789,6.3088,6.3088,1.81445,2.55789,2.55789,1.81445,6.3088,6.3088,0.907223,0.907223,1.81445,1.81445,0.907223,0.907223,1.81445,1.81445,0.907223,0.907223,0.907223,0.907223,0.907223,0.907223,1.06814,1.06814,1.06814,1.06814,40.1792,40.1792,40.1792,99.0984,99.0984,28.5012,40.1792,40.1792,28.5012,99.0984,99.0984,14.2506,14.2506,28.5012,28.5012,14.2506,14.2506,28.5012,28.5012,14.2506,14.2506,14.2506,14.2506,14.2506,14.2506,16.7783,16.7783,16.7783,16.7783,0,0,0,0,0,0,0,0,0,0,0,0,0,0,0,0,0,0,0,0,0,0,0,0,0,0,0,0,0,0,0,0,0,0,0,0,0,0,0,0,0,0,0,0,0,0,0,0,0,0,0,0,0,0,0,0,0,0,0,0,0,0,0,0,0,0,0,0,0,0,0,0,0,0,0,0,0,0,0,0,0,0,0,0,0,0,0,0,0,0,0,0,0,0,0,0,0,0,0,0,0,0,0,0,0,0,0,0,0,0,0,0,0,0,0,0,0,-1.06654,-1.3885,0.804943,-2.0231,3.86829,-0.819053,0.556806,-2.49237,-2.02967,0.323267,-1.51186,-0.401431,-2.26803,-1.40186,0.0568005,-1.78591,0.280438,-0.200729,1.46693,-1.04115,2.63098,1.30261,-0.413818,0.214154,1.13722,-4.48421,-0.363378,5.89801,-1.88319,3.19147,3.67255,1.13482,-0.280899,0.803212,-0.226585,0.541577,-1.02336,0.52,-1.28987,-0.570079,0.0939232,2.7372,0.756125,0.497706,-0.176059,-0.87267,-0.359218,-0.687287,0.444202,0.141777,-0.2618,0.122994,1.15389,0.498758,1.89654,-1.2931,-0.663067,0.49556,-0.0149545,0.0970454,-0.334078,1.001,-0.98343,0.158723,-0.08759,0.6,0,0,3,3,3
9.62818,-1.56081,0.858623,0.00862181,0.0031137,-0.00483013,-1.06616,-1.38851,0.804721,9.62818,-1.56081,0.858623,0.00862181,0.0031137,-0.00483013,-1.06616,-1.38851,0.804721,-0.249738,0.797659,-0.208728,0.56141,-1.00384,0.52,-1.29201,-0.570532,0.0962223,2.72009,0.76074,0.495517,-0.169326,-0.87267,-0.354969,-0.696405,0.44608,0.138415,-0.2618,0.119629,1.15537,0.481527,1.91539,-1.30325,-0.672937,0.498109,-0.0150924,0.100891,-0.334487,0,0,0,0,0,0,0,0,0,0,0,0,0,0,0,0,0,0,0,0,0,0,0,0,0,0,0,0,0,-0.00344114,0.852423,-0.233948,0.536018,-0.899838,0.280016,-1.35089,-0.843181,0.137164,2.69084,0.556266,0.271024,-0.298057,-0.52127,-0.108831,-0.410521,0.471668,0.163273,-0.276594,0.135249,1.1707,0.506713,1.96403,-1.27068,-0.674596,0.539673,-0.0189875,0.10711,-0.336764,-0.341441,0.0761841,0.00877556,0.247615,-0.00500503,-0.000615947,0.169006,0.317759,-0.202751,-0.00197018,0.122587,0.0092162,0.104821,0.000877175,-0.0222287,0.204278,0.249282,0.051399,0.0641538,-0.0245513,0.022921,0.009515,0.0156863,0.0026607,-0.0250891,-0.0171342,0.0236233,0.00635733,0.00956259,-10.3068,-2.16299,0.275841,-0.994429,-12.2019,6.84111,2.04479,10.2193,-0.888751,4.60688,19.0278,3.22204,1.64649,-10.0166,-7.09866,-4.12846,-0.603394,-0.704657,0.31052,-0.15572,-0.259535,-0.126247,-0.974763,-0.321632,0.185704,-0.723034,0.0424409,-0.174979,0.0349899,0,0,0,0,0,0,0,0,0,0,0,0,0,0,0,0,0,0,0,0,0,0,0,0,0,0,0,0,0,2.55789,2.55789,2.55789,6.3088,6.3088,1.81445,2.55789,2.55789,1.81445,6.3088,6.3088,0.907223,0.907223,1.81445,1.81445,0.907223,0.907223,1.81445,1.81445,0.907223,0.907223,0.907223,0.907223,0.907223,0.907223,1.06814,1.06814,1.06814,1.06814,40.1792,40.1792,40.1792,99.0984,99.0984,28.5012,40.1792,40.1792,28.5012,99.0984,99.0984,14.2506,14.2506,28.5012,28.5012,14.2506,14.2506,28.5012,28.5012,14.2506,14.2506,14.2506,14.2506,14.2506,14.2506,16.7783,16.7783,16.7783,16.7783,0,0,0,0,0,0,0,0,0,0,0,0,0,0,0,0,0,0,0,0,0,0,0,0,0,0,0,0,0,0,0,0,0,0,0,0,0,0,0,0,0,0,0,0,0,0,0,0,0,0,0,0,0,0,0,0,0,0,0,0,0,0,0,0,0,0,0,0,0,0,0,0,0,0,0,0,0,0,0,0,0,0,0,0,0,0,0,0,0,0,0,0,0,0,0,0,0,0,0,0,0,0,0,0,0,0,0,0,0,0,0,0,0,0,0,0,0,-1.06616,-1.38851,0.804721,-2.04389,3.91125,-0.809364,0.561087,-2.51553,-1.99333,0.3156,-1.53436,-0.38608,-2.26939,-1.36764,0.113711,-1.78983,0.272766,-0.20258,1.45679,-1.04198,2.63436,1.35423,-0.381206,0.219396,1.09793,-4.48971,-0.30682,5.8492,-1.82752,3.20463,3.63359,1.12983,-0.249738,0.797659,-0.208728,0.56141,-1.00384,0.52,-1.29201,-0.570532,0.0962223,2.72009,0.76074,0.495517,-0.169326,-0.87267,-0.354969,-0.696405,0.44608,0.138415,-0.2618,0.119629,1.15537,0.481527,1.91539,-1.30325,-0.672937,0.498109,-0.0150924,0.100891,-0.334487,0.629,-0.983432,0.158683,-0.0876475,0.6,0,0,3,3,3
9.63259,-1.5671,0.862619,0.00725496,0.00647791,-0.0165611,-1.06486,-1.38868,0.803554,9.63259,-1.5671,0.862619,0.00725496,0.00647791,-0.0165611,-1.06486,-1.38868,0.803554,-0.214244,0.79313,-0.188968,0.578424,-0.979894,0.52,-1.2983,-0.576183,0.0990384,2.70141,0.758323,0.491689,-0.163561,-0.858749,-0.350479,-0.702822,0.445478,0.134477,-0.2618,0.116329,1.15693,0.460931,1.93249,-1.31289,-0.682108,0.500488,-0.015274,0.104967,-0.334697,0,0,0,0,0,0,0,0,0,0,0,0,0,0,0,0,0,0,0,0,0,0,0,0,0,0,0,0,0,-0.0099297,0.854381,-0.232592,0.540962,-0.899104,0.280009,-1.34714,-0.834987,0.132192,2.69071,0.558604,0.271192,-0.296371,-0.521244,-0.109472,-0.407135,0.477739,0.164038,-0.275345,0.134531,1.17162,0.503327,1.96447,-1.27083,-0.6752,0.539124,-0.0184424,0.107566,-0.3366,-0.320946,0.106622,0.093778,0.255415,0.0525482,-0.00034353,0.196731,0.464516,-0.277028,-0.00588315,0.10418,0.00757893,0.0736436,0.00169511,-0.036813,0.136745,0.334809,0.0285841,0.0650786,-0.0572169,0.0499614,-0.221481,0.0255121,-0.0120758,-0.0325815,-0.0321667,0.0250453,0.028542,0.00761289,-8.8423,-2.54287,0.729533,0.475884,-10.6995,6.84068,1.73096,9.49516,-0.546018,2.95238,19.3684,3.18991,1.74511,-10.0189,-6.93311,-4.24934,-0.741827,-0.782845,0.272682,-0.16477,-0.276492,-0.114667,-0.721384,-0.451649,0.0606049,-0.655285,0.029217,-0.141618,0.0272837,0,0,0,0,0,0,0,0,0,0,0,0,0,0,0,0,0,0,0,0,0,0,0,0,0,0,0,0,0,2.55789,2.55789,2.55789,6.3088,6.3088,1.81445,2.55789,2.55789,1.81445,6.3088,6.3088,0.907223,0.907223,1.81445,1.81445,0.907223,0.907223,1.81445,1.81445,0.907223,0.907223,0.907223,0.907223,0.907223,0.907223,1.06814,1.06814,1.06814,1.06814,40.1792,40.1792,40.1792,99.0984,99.0984,28.5012,40.1792,40.1792,28.5012,99.0984,99.0984,14.2506,14.2506,28.5012,28.5012,14.2506,14.2506,28.5012,28.5012,14.2506,14.2506,14.2506,14.2506,14.2506,14.2506,16.7783,16.7783,16.7783,16.7783,0,0,0,0,0,0,0,0,0,0,0,0,0,0,0,0,0,0,0,0,0,0,0,0,0,0,0,0,0,0,0,0,0,0,0,0,0,0,0,0,0,0,0,0,0,0,0,0,0,0,0,0,0,0,0,0,0,0,0,0,0,0,0,0,0,0,0,0,0,0,0,0,0,0,0,0,0,0,0,0,0,0,0,0,0,0,0,0,0,0,0,0,0,0,0,0,0,0,0,0,0,0,0,0,0,0,0,0,0,0,0,0,0,0,0,0,0,-1.06486,-1.38868,0.803554,-2.05852,3.95026,-0.799126,0.559715,-2.53749,-1.95803,0.30662,-1.55527,-0.372935,-2.26683,-1.33571,0.178535,-1.8013,0.265241,-0.205017,1.44852,-1.0523,2.63792,1.40893,-0.345118,0.225817,1.05097,-4.49253,-0.2583,5.79593,-1.75923,3.19774,3.59344,1.1211,-0.214244,0.79313,-0.188968,0.578424,-0.979894,0.52,-1.2983,-0.576183,0.0990384,2.70141,0.758323,0.491689,-0.163561,-0.858749,-0.350479,-0.702822,0.445478,0.134477,-0.2618,0.116329,1.15693,0.460931,1.93249,-1.31289,-0.682108,0.500488,-0.015274,0.104967,-0.334697,0.676,-0.983463,0.158422,-0.0877723,0.6,0,0,3,3,3
9.64378,-1.55702,0.859881,0.00474712,0.00871647,-0.0281014,-1.06271,-1.38903,0.801482,9.64378,-1.55702,0.859881,0.00474712,0.00871647,-0.0281014,-1.06271,-1.38903,0.801482,-0.178892,0.789731,-0.171088,0.590927,-0.954181,0.52,-1.30843,-0.585054,0.101256,2.68329,0.749509,0.486754,-0.159488,-0.845187,-0.346547,-0.706322,0.442482,0.1305,-0.2618,0.113306,1.15787,0.440424,1.9448,-1.31976,-0.688926,0.502316,-0.0154714,0.108627,-0.334565,0,0,0,0,0,0,0,0,0,0,0,0,0,0,0,0,0,0,0,0,0,0,0,0,0,0,0,0,0,-0.015366,0.856929,-0.228986,0.546555,-0.897172,0.280011,-1.34321,-0.824548,0.126146,2.69061,0.560349,0.271316,-0.295401,-0.521187,-0.110372,-0.405264,0.485043,0.164323,-0.27418,0.133341,1.17293,0.495357,1.96504,-1.2713,-0.675875,0.538318,-0.0179083,0.10843,-0.336469,-0.237894,0.126585,0.191629,0.250635,0.102444,0.000307263,0.192291,0.545102,-0.311388,-0.00318196,0.0723582,0.00514868,0.0366857,0.00342304,-0.0476409,0.0552462,0.376958,0.00294606,0.0582902,-0.0796172,0.0636722,-0.432138,0.0318003,-0.0290769,-0.0347581,-0.0439964,0.0236252,0.0474934,0.00591544,-7.39245,-2.88378,1.11813,1.57205,-8.84183,6.83939,1.32376,8.6308,-0.225078,1.0937,19.1551,3.13572,1.84596,-9.62689,-6.75948,-4.2969,-0.895306,-0.858862,0.250664,-0.175168,-0.285942,-0.103865,-0.491052,-0.567166,-0.0586248,-0.589525,0.0185565,-0.107665,0.0232798,0,0,0,0,0,0,0,0,0,0,0,0,0,0,0,0,0,0,0,0,0,0,0,0,0,0,0,0,0,2.55789,2.55789,2.55789,6.3088,6.3088,1.81445,2.55789,2.55789,1.81445,6.3088,6.3088,0.907223,0.907223,1.81445,1.81445,0.907223,0.907223,1.81445,1.81445,0.907223,0.907223,0.907223,0.907223,0.907223,0.907223,1.06814,1.06814,1.06814,1.06814,40.1792,40.1792,40.1792,99.0984,99.0984,28.5012,40.1792,40.1792,28.5012,99.0984,99.0984,14.2506,14.2506,28.5012,28.5012,14.2506,14.2506,28.5012,28.5012,14.2506,14.2506,14.2506,14.2506,14.2506,14.2506,16.7783,16.7783,16.7783,16.7783,0,0,0,0,0,0,0,0,0,0,0,0,0,0,0,0,0,0,0,0,0,0,0,0,0,0,0,0,0,0,0,0,0,0,0,0,0,0,0,0,0,0,0,0,0,0,0,0,0,0,0,0,0,0,0,0,0,0,0,0,0,0,0,0,0,0,0,0,0,0,0,0,0,0,0,0,0,0,0,0,0,0,0,0,0,0,0,0,0,0,0,0,0,0,0,0,0,0,0,0,0,0,0,0,0,0,0,0,0,0,0,0,0,0,0,0,0,-1.06271,-1.38903,0.801482,-2.0665,3.97831,-0.790161,0.552884,-2.55317,-1.92711,0.297554,-1.57082,-0.363649,-2.26125,-1.31118,0.243099,-1.8198,0.258348,-0.207667,1.44231,-1.0685,2.64005,1.45806,-0.312463,0.230874,1.00421,-4.49075,-0.222646,5.74426,-1.6859,3.1726,3.55791,1.10985,-0.178892,0.789731,-0.171088,0.590927,-0.954181,0.52,-1.30843,-0.585054,0.101256,2.68329,0.749509,0.486754,-0.159488,-0.845187,-0.346547,-0.706322,0.442482,0.1305,-0.2618,0.113306,1.15787,0.440424,1.9448,-1.31976,-0.688926,0.502316,-0.0154714,0.108627,-0.334565,0.89,-0.983526,0.157935,-0.087945,0.6,0,0,3,3,3
9.65199,-1.54964,0.863143,0.00269554,0.0101166,-0.0369672,-1.05992,-1.38953,0.798702,9.65199,-1.54964,0.863143,0.00269554,0.0101166,-0.0369672,-1.05992,-1.38953,0.798702,-0.148081,0.787808,-0.154812,0.596914,-0.929958,0.52,-1.31927,-0.596341,0.102413,2.66923,0.735286,0.481522,-0.157735,-0.835821,-0.342325,-0.705595,0.435996,0.126509,-0.2618,0.111139,1.15863,0.422143,1.95143,-1.32319,-0.692417,0.50346,-0.0156367,0.111465,-0.334107,0,0,0,0,0,0,0,0,0,0,0,0,0,0,0,0,0,0,0,0,0,0,0,0,0,0,0,0,0,-0.0187977,0.859603,-0.224273,0.550621,-0.894436,0.280021,-1.33966,-0.81335,0.119926,2.6906,0.561288,0.271382,-0.295167,-0.521099,-0.11142,-0.405086,0.492641,0.164105,-0.273218,0.131803,1.17426,0.483846,1.96572,-1.27207,-0.676564,0.537327,-0.0174567,0.109586,-0.33636,-0.137158,0.129248,0.242694,0.184478,0.13935,0.000207944,0.162361,0.551319,-0.301095,0.00101783,0.0319964,0.00206446,-0.000668831,0.00463918,-0.0530593,-0.0307501,0.371416,-0.0223674,0.0449936,-0.0935359,0.0581838,-0.58344,0.0362079,-0.042853,-0.0344254,-0.0516179,0.0189654,0.0599348,0.0047911,-6.0824,-3.13491,1.52551,2.856,-6.79688,6.83917,0.84337,7.79299,0.00387377,-0.729605,18.4427,3.0672,1.93323,-9.24521,-6.60746,-4.27388,-1.04498,-0.921803,0.245573,-0.183625,-0.287259,-0.0943415,-0.329451,-0.642119,-0.145996,-0.534062,0.0125471,-0.0787991,0.0248087,0,0,0,0,0,0,0,0,0,0,0,0,0,0,0,0,0,0,0,0,0,0,0,0,0,0,0,0,0,2.55789,2.55789,2.55789,6.3088,6.3088,1.81445,2.55789,2.55789,1.81445,6.3088,6.3088,0.907223,0.907223,1.81445,1.81445,0.907223,0.907223,1.81445,1.81445,0.907223,0.907223,0.907223,0.907223,0.907223,0.907223,1.06814,1.06814,1.06814,1.06814,40.1792,40.1792,40.1792,99.0984,99.0984,28.5012,40.1792,40.1792,28.5012,99.0984,99.0984,14.2506,14.2506,28.5012,28.5012,14.2506,14.2506,28.5012,28.5012,14.2506,14.2506,14.2506,14.2506,14.2506,14.2506,16.7783,16.7783,16.7783,16.7783,0,0,0,0,0,0,0,0,0,0,0,0,0,0,0,0,0,0,0,0,0,0,0,0,0,0,0,0,0,0,0,0,0,0,0,0,0,0,0,0,0,0,0,0,0,0,0,0,0,0,0,0,0,0,0,0,0,0,0,0,0,0,0,0,0,0,0,0,0,0,0,0,0,0,0,0,0,0,0,0,0,0,0,0,0,0,0,0,0,0,0,0,0,0,0,0,0,0,0,0,0,0,0,0,0,0,0,0,0,0,0,0,0,0,0,0,0,-1.05992,-1.38953,0.798702,-2.06485,3.99344,-0.780536,0.538095,-2.56098,-1.90576,0.288453,-1.57878,-0.359652,-2.25282,-1.29583,0.29937,-1.83962,0.253408,-0.209886,1.4388,-1.08911,2.6418,1.49616,-0.282737,0.233511,0.962529,-4.48461,-0.205571,5.70416,-1.61682,3.13204,3.53188,1.09792,-0.148081,0.787808,-0.154812,0.596914,-0.929958,0.52,-1.31927,-0.596341,0.102413,2.66923,0.735286,0.481522,-0.157735,-0.835821,-0.342325,-0.705595,0.435996,0.126509,-0.2618,0.111139,1.15863,0.422143,1.95143,-1.32319,-0.692417,0.50346,-0.0156367,0.111465,-0.334107,0.689,-0.983616,0.157258,-0.0881453,0.6,0,0,3,3,3
9.66368,-1.53572,0.864328,-0.00016833,0.00940851,-0.0419322,-1.0568,-1.39014,0.79554,9.66368,-1.53572,0.864328,-0.00016833,0.00940851,-0.0419322,-1.0568,-1.39014,0.79554,-0.125179,0.788449,-0.144632,0.596383,-0.909746,0.52,-1.33087,-0.608136,0.101994,2.66071,0.717716,0.476778,-0.158178,-0.831322,-0.339206,-0.701785,0.428265,0.123377,-0.2618,0.109819,1.15899,0.408733,1.95169,-1.32313,-0.69248,0.503668,-0.0157836,0.113177,-0.333457,0,0,0,0,0,0,0,0,0,0,0,0,0,0,0,0,0,0,0,0,0,0,0,0,0,0,0,0,0,-0.0199196,0.862336,-0.2184,0.553326,-0.891146,0.280033,-1.33685,-0.802796,0.114272,2.69071,0.561288,0.271379,-0.295691,-0.520998,-0.112486,-0.406575,0.49956,0.163387,-0.272598,0.130175,1.17534,0.470253,1.96641,-1.2731,-0.67714,0.536274,-0.0171436,0.110893,-0.336268,-0.0106829,0.129929,0.298544,0.109471,0.159558,0.000314934,0.119571,0.489352,-0.258469,0.00588437,-0.0136063,-0.0013589,-0.0380764,0.00478463,-0.0509625,-0.110254,0.316934,-0.0467139,0.0247372,-0.0918124,0.0432678,-0.662109,0.0348064,-0.0544384,-0.0265883,-0.0524328,0.0120757,0.0651103,0.00413108,-5.10795,-3.32589,1.80135,3.63102,-4.85534,6.83856,0.397402,7.0538,0.128509,-2.16653,17.321,2.99573,1.99868,-8.98152,-6.45962,-4.1715,-1.19155,-0.972208,0.262523,-0.192213,-0.278577,-0.0887462,-0.243619,-0.666108,-0.194338,-0.496102,0.0118717,-0.0586992,0.0316784,0,0,0,0,0,0,0,0,0,0,0,0,0,0,0,0,0,0,0,0,0,0,0,0,0,0,0,0,0,2.55789,2.55789,2.55789,6.3088,6.3088,1.81445,2.55789,2.55789,1.81445,6.3088,6.3088,0.907223,0.907223,1.81445,1.81445,0.907223,0.907223,1.81445,1.81445,0.907223,0.907223,0.907223,0.907223,0.907223,0.907223,1.06814,1.06814,1.06814,1.06814,40.1792,40.1792,40.1792,99.0984,99.0984,28.5012,40.1792,40.1792,28.5012,99.0984,99.0984,14.2506,14.2506,28.5012,28.5012,14.2506,14.2506,28.5012,28.5012,14.2506,14.2506,14.2506,14.2506,14.2506,14.2506,16.7783,16.7783,16.7783,16.7783,0,0,0,0,0,0,0,0,0,0,0,0,0,0,0,0,0,0,0,0,0,0,0,0,0,0,0,0,0,0,0,0,0,0,0,0,0,0,0,0,0,0,0,0,0,0,0,0,0,0,0,0,0,0,0,0,0,0,0,0,0,0,0,0,0,0,0,0,0,0,0,0,0,0,0,0,0,0,0,0,0,0,0,0,0,0,0,0,0,0,0,0,0,0,0,0,0,0,0,0,0,0,0,0,0,0,0,0,0,0,0,0,0,0,0,0,0,-1.0568,-1.39014,0.79554,-2.05616,3.99403,-0.773423,0.520467,-2.56084,-1.8955,0.281311,-1.57892,-0.360661,-2.24405,-1.29304,0.341197,-1.86079,0.250398,-0.211858,1.43997,-1.11066,2.64261,1.51914,-0.264145,0.232557,0.931951,-4.47588,-0.207087,5.67987,-1.55919,3.08194,3.5187,1.0871,-0.125179,0.788449,-0.144632,0.596383,-0.909746,0.52,-1.33087,-0.608136,0.101994,2.66071,0.717716,0.476778,-0.158178,-0.831322,-0.339206,-0.701785,0.428265,0.123377,-0.2618,0.109819,1.15899,0.408733,1.95169,-1.32313,-0.69248,0.503668,-0.0157836,0.113177,-0.333457,0.822,-0.983726,0.15646,-0.0883399,0.6,0,0,3,3,3
9.67047,-1.52848,0.868548,-0.00301124,0.0072184,-0.0428663,-1.05375,-1.3908,0.792391,9.67047,-1.52848,0.868548,-0.00301124,0.0072184,-0.0428663,-1.05375,-1.3908,0.792391,-0.11397,0.791635,-0.140533,0.588765,-0.896416,0.52,-1.34051,-0.61991,0.100336,2.65899,0.698655,0.473329,-0.160867,-0.833283,-0.337492,-0.694628,0.419409,0.121247,-0.2618,0.109727,1.15971,0.402098,1.94612,-1.31982,-0.689079,0.502931,-0.0158679,0.113572,-0.332762,0,0,0,0,0,0,0,0,0,0,0,0,0,0,0,0,0,0,0,0,0,0,0,0,0,0,0,0,0,-0.0185761,0.864879,-0.211834,0.554348,-0.887721,0.280042,-1.33499,-0.794223,0.109794,2.69092,0.560348,0.27131,-0.296857,-0.520907,-0.113422,-0.409496,0.5049,0.162251,-0.272407,0.128633,1.17598,0.456338,1.96702,-1.27429,-0.677505,0.535281,-0.0170039,0.112197,-0.336186,0.109159,0.11385,0.321138,0.0214107,0.159496,0.000120186,0.0687937,0.366861,-0.189454,0.0104636,-0.0570018,-0.00443737,-0.0678069,0.0039406,-0.0421476,-0.173751,0.222301,-0.0649575,0.00130004,-0.0813975,0.0209984,-0.654431,0.0290441,-0.0619144,-0.0143294,-0.0475466,0.00379286,0.0629325,0.00347349,-4.54045,-3.36504,1.88654,4.01587,-3.19609,6.83869,-0.0185811,6.52917,0.125784,-3.06225,15.9484,2.93191,2.03509,-8.85458,-6.35901,-4.01798,-1.29687,-0.996427,0.297621,-0.197351,-0.262739,-0.0870207,-0.243846,-0.641721,-0.200506,-0.480763,0.0159317,-0.0496376,0.0419218,0,0,0,0,0,0,0,0,0,0,0,0,0,0,0,0,0,0,0,0,0,0,0,0,0,0,0,0,0,2.55789,2.55789,2.55789,6.3088,6.3088,1.81445,2.55789,2.55789,1.81445,6.3088,6.3088,0.907223,0.907223,1.81445,1.81445,0.907223,0.907223,1.81445,1.81445,0.907223,0.907223,0.907223,0.907223,0.907223,0.907223,1.06814,1.06814,1.06814,1.06814,40.1792,40.1792,40.1792,99.0984,99.0984,28.5012,40.1792,40.1792,28.5012,99.0984,99.0984,14.2506,14.2506,28.5012,28.5012,14.2506,14.2506,28.5012,28.5012,14.2506,14.2506,14.2506,14.2506,14.2506,14.2506,16.7783,16.7783,16.7783,16.7783,0,0,0,0,0,0,0,0,0,0,0,0,0,0,0,0,0,0,0,0,0,0,0,0,0,0,0,0,0,0,0,0,0,0,0,0,0,0,0,0,0,0,0,0,0,0,0,0,0,0,0,0,0,0,0,0,0,0,0,0,0,0,0,0,0,0,0,0,0,0,0,0,0,0,0,0,0,0,0,0,0,0,0,0,0,0,0,0,0,0,0,0,0,0,0,0,0,0,0,0,0,0,0,0,0,0,0,0,0,0,0,0,0,0,0,0,0,-1.05375,-1.3908,0.792391,-2.03984,3.98133,-0.769516,0.500275,-2.5533,-1.89997,0.276456,-1.57117,-0.366793,-2.23636,-1.30292,0.361669,-1.8784,0.250188,-0.212989,1.44579,-1.13216,2.64425,1.52444,-0.25666,0.228775,0.916824,-4.46655,-0.228811,5.67497,-1.52117,3.02758,3.52025,1.07924,-0.11397,0.791635,-0.140533,0.588765,-0.896416,0.52,-1.34051,-0.61991,0.100336,2.65899,0.698655,0.473329,-0.160867,-0.833283,-0.337492,-0.694628,0.419409,0.121247,-0.2618,0.109727,1.15971,0.402098,1.94612,-1.31982,-0.689079,0.502931,-0.0158679,0.113572,-0.332762,0.912,-0.983845,0.155622,-0.0884945,0.6,0,0,3,3,3
9.67359,-1.53308,0.875976,-0.00796958,0.00353189,-0.0413293,-1.0511,-1.39148,0.789577,9.67359,-1.53308,0.875976,-0.00796958,0.00353189,-0.0413293,-1.0511,-1.39148,0.789577,-0.114484,0.796981,-0.144289,0.576008,-0.891335,0.52,-1.34785,-0.629728,0.097519,2.66354,0.681246,0.471502,-0.165062,-0.840822,-0.337115,-0.685985,0.411497,0.120551,-0.2618,0.110674,1.16088,0.402966,1.93636,-1.31431,-0.683186,0.501324,-0.0159026,0.112658,-0.332128,0,0,0,0,0,0,0,0,0,0,0,0,0,0,0,0,0,0,0,0,0,0,0,0,0,0,0,0,0,-0.0152462,0.866963,-0.20536,0.553827,-0.884589,0.280066,-1.33416,-0.788558,0.106816,2.69122,0.558574,0.271187,-0.298549,-0.520847,-0.114103,-0.413436,0.508002,0.160822,-0.2727,0.127379,1.17623,0.44395,1.96739,-1.27561,-0.677521,0.534487,-0.0170391,0.113357,-0.33611,0.197652,0.0891955,0.30523,-0.0473725,0.140257,0.00131889,0.0184578,0.209969,-0.1123,0.0141115,-0.094128,-0.00666729,-0.0940189,0.00199429,-0.0276533,-0.212699,0.100681,-0.0757562,-0.0241445,-0.0588986,0.00421457,-0.558877,0.0131891,-0.0694696,0.0068478,-0.0350049,-0.00399914,0.0544316,0.00327587,-4.44597,-3.25908,1.82925,3.74296,-2.06649,6.83596,-0.314194,6.21378,0.0279694,-3.28584,14.472,2.88657,2.04351,-8.90878,-6.31603,-3.82305,-1.36141,-0.996222,0.35048,-0.199555,-0.240674,-0.089813,-0.315157,-0.5695,-0.169813,-0.4925,0.0235198,-0.0535156,0.052562,0,0,0,0,0,0,0,0,0,0,0,0,0,0,0,0,0,0,0,0,0,0,0,0,0,0,0,0,0,2.55789,2.55789,2.55789,6.3088,6.3088,1.81445,2.55789,2.55789,1.81445,6.3088,6.3088,0.907223,0.907223,1.81445,1.81445,0.907223,0.907223,1.81445,1.81445,0.907223,0.907223,0.907223,0.907223,0.907223,0.907223,1.06814,1.06814,1.06814,1.06814,40.1792,40.1792,40.1792,99.0984,99.0984,28.5012,40.1792,40.1792,28.5012,99.0984,99.0984,14.2506,14.2506,28.5012,28.5012,14.2506,14.2506,28.5012,28.5012,14.2506,14.2506,14.2506,14.2506,14.2506,14.2506,16.7783,16.7783,16.7783,16.7783,0,0,0,0,0,0,0,0,0,0,0,0,0,0,0,0,0,0,0,0,0,0,0,0,0,0,0,0,0,0,0,0,0,0,0,0,0,0,0,0,0,0,0,0,0,0,0,0,0,0,0,0,0,0,0,0,0,0,0,0,0,0,0,0,0,0,0,0,0,0,0,0,0,0,0,0,0,0,0,0,0,0,0,0,0,0,0,0,0,0,0,0,0,0,0,0,0,0,0,0,0,0,0,0,0,0,0,0,0,0,0,0,0,0,0,0,0,-1.0511,-1.39148,0.789577,-2.02013,3.95908,-0.768656,0.482235,-2.54074,-1.91716,0.274868,-1.55773,-0.376357,-2.23208,-1.3245,0.360729,-1.89181,0.252347,-0.213455,1.45555,-1.15009,2.64691,1.51217,-0.263518,0.222353,0.918802,-4.45804,-0.265191,5.68793,-1.50668,2.97793,3.53568,1.07507,-0.114484,0.796981,-0.144289,0.576008,-0.891335,0.52,-1.34785,-0.629728,0.097519,2.66354,0.681246,0.471502,-0.165062,-0.840822,-0.337115,-0.685985,0.411497,0.120551,-0.2618,0.110674,1.16088,0.402966,1.93636,-1.31431,-0.683186,0.501324,-0.0159026,0.112658,-0.332128,0.676,-0.983965,0.154811,-0.0885762,0.6,0,0,3,3,3
9.67315,-1.53037,0.876727,-0.0129975,-0.000745708,-0.0378729,-1.04909,-1.39214,0.787312,9.67315,-1.53037,0.876727,-0.0129975,-0.000745708,-0.0378729,-1.04909,-1.39214,0.787312,-0.127455,0.803447,-0.154751,0.559467,-0.895729,0.52,-1.35172,-0.636606,0.0945822,2.67366,0.667367,0.471608,-0.170401,-0.853047,-0.338692,-0.676644,0.405368,0.121353,-0.2618,0.112702,1.16236,0.411035,1.92369,-1.30726,-0.675667,0.499149,-0.0158742,0.110579,-0.331712,0,0,0,0,0,0,0,0,0,0,0,0,0,0,0,0,0,0,0,0,0,0,0,0,0,0,0,0,0,-0.0105952,0.868373,-0.199829,0.552198,-0.882105,0.280105,-1.33429,-0.786355,0.105472,2.69159,0.556223,0.271034,-0.300607,-0.520832,-0.11445,-0.417852,0.508516,0.159281,-0.273446,0.126556,1.17624,0.434721,1.96742,-1.27706,-0.677093,0.533981,-0.0172365,0.114275,-0.336042,0.25374,0.0528099,0.246822,-0.0969648,0.105318,0.00195813,-0.027864,0.0307992,-0.0296004,0.0173247,-0.116827,-0.00768798,-0.108534,-0.000124189,-0.0104905,-0.223188,-0.0308736,-0.0768783,-0.0455404,-0.0309494,-0.00315772,-0.390653,-0.00475034,-0.0749666,0.0299148,-0.0198053,-0.0111632,0.0413583,0.00288659,-4.79419,-3.01009,1.6013,2.94683,-1.59016,6.83366,-0.488119,6.17462,-0.159762,-2.8925,13.1261,2.86368,2.02598,-9.12025,-6.32578,-3.62494,-1.36551,-0.9688,0.40985,-0.19796,-0.21701,-0.0966925,-0.439211,-0.465785,-0.112027,-0.526643,0.0340269,-0.0705569,0.0625708,0,0,0,0,0,0,0,0,0,0,0,0,0,0,0,0,0,0,0,0,0,0,0,0,0,0,0,0,0,2.55789,2.55789,2.55789,6.3088,6.3088,1.81445,2.55789,2.55789,1.81445,6.3088,6.3088,0.907223,0.907223,1.81445,1.81445,0.907223,0.907223,1.81445,1.81445,0.907223,0.907223,0.907223,0.907223,0.907223,0.907223,1.06814,1.06814,1.06814,1.06814,40.1792,40.1792,40.1792,99.0984,99.0984,28.5012,40.1792,40.1792,28.5012,99.0984,99.0984,14.2506,14.2506,28.5012,28.5012,14.2506,14.2506,28.5012,28.5012,14.2506,14.2506,14.2506,14.2506,14.2506,14.2506,16.7783,16.7783,16.7783,16.7783,0,0,0,0,0,0,0,0,0,0,0,0,0,0,0,0,0,0,0,0,0,0,0,0,0,0,0,0,0,0,0,0,0,0,0,0,0,0,0,0,0,0,0,0,0,0,0,0,0,0,0,0,0,0,0,0,0,0,0,0,0,0,0,0,0,0,0,0,0,0,0,0,0,0,0,0,0,0,0,0,0,0,0,0,0,0,0,0,0,0,0,0,0,0,0,0,0,0,0,0,0,0,0,0,0,0,0,0,0,0,0,0,0,0,0,0,0,-1.04909,-1.39214,0.787312,-1.99884,3.93018,-0.772251,0.468259,-2.52466,-1.94503,0.276698,-1.54059,-0.388532,-2.23048,-1.35369,0.337041,-1.89888,0.256972,-0.213073,1.46736,-1.16265,2.65029,1.48427,-0.282626,0.215657,0.937201,-4.45246,-0.312361,5.71681,-1.51921,2.93835,3.56329,1.07531,-0.127455,0.803447,-0.154751,0.559467,-0.895729,0.52,-1.35172,-0.636606,0.0945822,2.67366,0.667367,0.471608,-0.170401,-0.853047,-0.338692,-0.676644,0.405368,0.121353,-0.2618,0.112702,1.16236,0.411035,1.92369,-1.30726,-0.675667,0.499149,-0.0158742,0.110579,-0.331712,0.691,-0.984083,0.154066,-0.088562,0.6,0,0,3,3,3
9.66995,-1.52216,0.874182,-0.0163623,-0.00457644,-0.0324923,-1.0478,-1.39276,0.7857,9.66995,-1.52216,0.874182,-0.0163623,-0.00457644,-0.0324923,-1.0478,-1.39276,0.7857,-0.149939,0.809582,-0.170649,0.54181,-0.908543,0.52,-1.3521,-0.63896,0.0916732,2.68741,0.659139,0.473269,-0.176098,-0.867435,-0.34164,-0.667991,0.402062,0.123574,-0.2618,0.115395,1.16364,0.424851,1.90976,-1.29944,-0.667615,0.49674,-0.015781,0.107639,-0.331495,0,0,0,0,0,0,0,0,0,0,0,0,0,0,0,0,0,0,0,0,0,0,0,0,0,0,0,0,0,-0.00531698,0.868898,-0.196031,0.54983,-0.880583,0.280151,-1.33529,-0.787899,0.10584,2.69201,0.553619,0.270878,-0.302717,-0.520855,-0.114449,-0.422161,0.506432,0.157823,-0.274525,0.126266,1.17619,0.429805,1.96713,-1.27854,-0.676257,0.533781,-0.0175615,0.114874,-0.335992,0.273598,0.00761002,0.152667,-0.129366,0.0560921,0.00222949,-0.068748,-0.155383,0.0553928,0.0191902,-0.124274,-0.00750073,-0.105039,-0.00178943,0.00606271,-0.204386,-0.155939,-0.0682626,-0.0597986,0.00141769,-0.00268526,-0.174405,-0.0205295,-0.0753453,0.0489326,-0.00463068,-0.0163811,0.0247663,0.00191409,-5.57886,-2.65735,1.26449,1.74075,-1.86665,6.8319,-0.500873,6.4258,-0.404678,-1.94289,12.0582,2.86727,1.97742,-9.46487,-6.40039,-3.44422,-1.31163,-0.918154,0.466431,-0.192579,-0.194997,-0.106171,-0.601898,-0.343723,-0.0335808,-0.57553,0.0456926,-0.0981165,0.0698347,0,0,0,0,0,0,0,0,0,0,0,0,0,0,0,0,0,0,0,0,0,0,0,0,0,0,0,0,0,2.55789,2.55789,2.55789,6.3088,6.3088,1.81445,2.55789,2.55789,1.81445,6.3088,6.3088,0.907223,0.907223,1.81445,1.81445,0.907223,0.907223,1.81445,1.81445,0.907223,0.907223,0.907223,0.907223,0.907223,0.907223,1.06814,1.06814,1.06814,1.06814,40.1792,40.1792,40.1792,99.0984,99.0984,28.5012,40.1792,40.1792,28.5012,99.0984,99.0984,14.2506,14.2506,28.5012,28.5012,14.2506,14.2506,28.5012,28.5012,14.2506,14.2506,14.2506,14.2506,14.2506,14.2506,16.7783,16.7783,16.7783,16.7783,0,0,0,0,0,0,0,0,0,0,0,0,0,0,0,0,0,0,0,0,0,0,0,0,0,0,0,0,0,0,0,0,0,0,0,0,0,0,0,0,0,0,0,0,0,0,0,0,0,0,0,0,0,0,0,0,0,0,0,0,0,0,0,0,0,0,0,0,0,0,0,0,0,0,0,0,0,0,0,0,0,0,0,0,0,0,0,0,0,0,0,0,0,0,0,0,0,0,0,0,0,0,0,0,0,0,0,0,0,0,0,0,0,0,0,0,0,-1.0478,-1.39276,0.7857,-1.97911,3.89843,-0.778973,0.460721,-2.50682,-1.97784,0.281762,-1.52223,-0.401521,-2.23115,-1.38603,0.295976,-1.89956,0.263113,-0.211823,1.47856,-1.16695,2.65321,1.4448,-0.311662,0.209024,0.968702,-4.44955,-0.362715,5.75601,-1.55575,2.91489,3.59817,1.0791,-0.149939,0.809582,-0.170649,0.54181,-0.908543,0.52,-1.3521,-0.63896,0.0916732,2.68741,0.659139,0.473269,-0.176098,-0.867435,-0.34164,-0.667991,0.402062,0.123574,-0.2618,0.115395,1.16364,0.424851,1.90976,-1.29944,-0.667615,0.49674,-0.015781,0.107639,-0.331495,0.655,-0.984194,0.153424,-0.0884562,0.6,0,0,3,3,3
9.66616,-1.51167,0.870355,-0.0170857,-0.00743333,-0.0253073,-1.04721,-1.3933,0.784769,9.66616,-1.51167,0.870355,-0.0170857,-0.00743333,-0.0253073,-1.04721,-1.3933,0.784769,-0.179088,0.814345,-0.189297,0.525381,-0.928134,0.52,-1.34867,-0.636751,0.0896009,2.70296,0.657449,0.476257,-0.181503,-0.87267,-0.345504,-0.661064,0.401725,0.126888,-0.2618,0.118487,1.16426,0.442289,1.89611,-1.29174,-0.660019,0.49446,-0.01564,0.104228,-0.331493,0,0,0,0,0,0,0,0,0,0,0,0,0,0,0,0,0,0,0,0,0,0,0,0,0,0,0,0,0,-7.03973e-05,0.86839,-0.194558,0.546979,-0.880221,0.280189,-1.33706,-0.793059,0.107903,2.69242,0.551122,0.270738,-0.304522,-0.520907,-0.114144,-0.425805,0.502072,0.156636,-0.275766,0.126529,1.17615,0.429712,1.9666,-1.27995,-0.675144,0.533857,-0.0179651,0.115106,-0.335966,0.261999,-0.043871,0.0323575,-0.150827,-0.000237727,0.00180241,-0.103205,-0.324524,0.135735,0.0181643,-0.11403,-0.00640359,-0.0838458,-0.00288538,0.0197879,-0.159634,-0.258053,-0.0511129,-0.0648341,0.0318393,-0.000317619,0.0571588,-0.0310281,-0.0691364,0.0601513,0.00836979,-0.0191685,0.00626555,0.000940747,-6.66658,-2.26018,0.868891,0.405643,-2.81615,6.83166,-0.356641,6.96718,-0.690644,-0.614582,11.4286,2.89199,1.90379,-9.87143,-6.5179,-3.30605,-1.20413,-0.850122,0.511528,-0.18421,-0.177809,-0.116921,-0.783474,-0.217474,0.0552397,-0.63081,0.0571882,-0.131989,0.0741577,0,0,0,0,0,0,0,0,0,0,0,0,0,0,0,0,0,0,0,0,0,0,0,0,0,0,0,0,0,2.55789,2.55789,2.55789,6.3088,6.3088,1.81445,2.55789,2.55789,1.81445,6.3088,6.3088,0.907223,0.907223,1.81445,1.81445,0.907223,0.907223,1.81445,1.81445,0.907223,0.907223,0.907223,0.907223,0.907223,0.907223,1.06814,1.06814,1.06814,1.06814,40.1792,40.1792,40.1792,99.0984,99.0984,28.5012,40.1792,40.1792,28.5012,99.0984,99.0984,14.2506,14.2506,28.5012,28.5012,14.2506,14.2506,28.5012,28.5012,14.2506,14.2506,14.2506,14.2506,14.2506,14.2506,16.7783,16.7783,16.7783,16.7783,0,0,0,0,0,0,0,0,0,0,0,0,0,0,0,0,0,0,0,0,0,0,0,0,0,0,0,0,0,0,0,0,0,0,0,0,0,0,0,0,0,0,0,0,0,0,0,0,0,0,0,0,0,0,0,0,0,0,0,0,0,0,0,0,0,0,0,0,0,0,0,0,0,0,0,0,0,0,0,0,0,0,0,0,0,0,0,0,0,0,0,0,0,0,0,0,0,0,0,0,0,0,0,0,0,0,0,0,0,0,0,0,0,0,0,0,0,-1.04721,-1.3933,0.784769,-1.96331,3.86731,-0.787784,0.459954,-2.48927,-2.01128,0.289318,-1.50491,-0.413846,-2.23378,-1.41663,0.242742,-1.8933,0.270161,-0.20993,1.48726,-1.16292,2.65462,1.39901,-0.345719,0.204299,1.00846,-4.44951,-0.409567,5.80034,-1.61162,2.91007,3.63576,1.08591,-0.179088,0.814345,-0.189297,0.525381,-0.928134,0.52,-1.34867,-0.636751,0.0896009,2.70296,0.657449,0.476257,-0.181503,-0.87267,-0.345504,-0.661064,0.401725,0.126888,-0.2618,0.118487,1.16426,0.442289,1.89611,-1.29174,-0.660019,0.49446,-0.01564,0.104228,-0.331493,0.98,-0.984288,0.152913,-0.0882811,0.6,0,0,3,3,3
9.66264,-1.49474,0.862539,-0.0146438,-0.00907951,-0.0164776,-1.04725,-1.39372,0.784505,9.66264,-1.49474,0.862539,-0.0146438,-0.00907951,-0.0164776,-1.04725,-1.39372,0.784505,-0.210433,0.817328,-0.207787,0.512294,-0.951247,0.52,-1.34229,-0.63063,0.0882392,2.7185,0.661996,0.480004,-0.185951,-0.87267,-0.34959,-0.656582,0.403949,0.130654,-0.2618,0.1215,1.16384,0.460688,1.88413,-1.28509,-0.653719,0.49258,-0.0154678,0.100827,-0.331624,0,0,0,0,0,0,0,0,0,0,0,0,0,0,0,0,0,0,0,0,0,0,0,0,0,0,0,0,0,0.00459554,0.866813,-0.195683,0.543786,-0.88107,0.280207,-1.33942,-0.80124,0.111477,2.69276,0.549072,0.270631,-0.305702,-0.520966,-0.113609,-0.428334,0.496041,0.155867,-0.276984,0.1273,1.17609,0.434259,1.96595,-1.28114,-0.67393,0.53415,-0.0183909,0.11496,-0.335961,0.224143,-0.0945237,-0.0948227,-0.168179,-0.0568759,0.000679105,-0.127862,-0.456442,0.204158,0.0147843,-0.0885262,-0.00451144,-0.0468899,-0.00291082,0.0292976,-0.0959214,-0.325341,-0.0278298,-0.0604196,0.0578773,-0.000981398,0.271514,-0.0341027,-0.0557692,0.0614022,0.0177079,-0.0193213,-0.0124134,-1.85551e-05,-7.9339,-1.87633,0.48621,-0.803297,-4.31429,6.83321,-0.058888,7.72409,-0.975852,0.913794,11.3052,2.93441,1.81171,-10.0188,-6.66067,-3.22578,-1.06051,-0.774046,0.539244,-0.173907,-0.167152,-0.127141,-0.965763,-0.102041,0.144615,-0.683877,0.0670325,-0.167265,0.0751792,0,0,0,0,0,0,0,0,0,0,0,0,0,0,0,0,0,0,0,0,0,0,0,0,0,0,0,0,0,2.55789,2.55789,2.55789,6.3088,6.3088,1.81445,2.55789,2.55789,1.81445,6.3088,6.3088,0.907223,0.907223,1.81445,1.81445,0.907223,0.907223,1.81445,1.81445,0.907223,0.907223,0.907223,0.907223,0.907223,0.907223,1.06814,1.06814,1.06814,1.06814,40.1792,40.1792,40.1792,99.0984,99.0984,28.5012,40.1792,40.1792,28.5012,99.0984,99.0984,14.2506,14.2506,28.5012,28.5012,14.2506,14.2506,28.5012,28.5012,14.2506,14.2506,14.2506,14.2506,14.2506,14.2506,16.7783,16.7783,16.7783,16.7783,0,0,0,0,0,0,0,0,0,0,0,0,0,0,0,0,0,0,0,0,0,0,0,0,0,0,0,0,0,0,0,0,0,0,0,0,0,0,0,0,0,0,0,0,0,0,0,0,0,0,0,0,0,0,0,0,0,0,0,0,0,0,0,0,0,0,0,0,0,0,0,0,0,0,0,0,0,0,0,0,0,0,0,0,0,0,0,0,0,0,0,0,0,0,0,0,0,0,0,0,0,0,0,0,0,0,0,0,0,0,0,0,0,0,0,0,0,-1.04725,-1.39372,0.784505,-1.95309,3.83999,-0.7971,0.465023,-2.47411,-2.04071,0.297904,-1.49054,-0.423986,-2.23763,-1.44186,0.185494,-1.88165,0.277032,-0.20762,1.49271,-1.15174,2.65367,1.35337,-0.379487,0.201194,1.05041,-4.45128,-0.446887,5.84466,-1.67754,2.92304,3.67068,1.09446,-0.210433,0.817328,-0.207787,0.512294,-0.951247,0.52,-1.34229,-0.63063,0.0882392,2.7185,0.661996,0.480004,-0.185951,-0.87267,-0.34959,-0.656582,0.403949,0.130654,-0.2618,0.1215,1.16384,0.460688,1.88413,-1.28509,-0.653719,0.49258,-0.0154678,0.100827,-0.331624,0.669,-0.984363,0.152559,-0.0880684,0.6,0,0,3,3,3
9.65872,-1.48584,0.85932,-0.0104738,-0.00976284,-0.00732093,-1.04783,-1.39399,0.784854,9.65872,-1.48584,0.85932,-0.0104738,-0.00976284,-0.00732093,-1.04783,-1.39399,0.784854,-0.240032,0.818346,-0.223486,0.504146,-0.974611,0.52,-1.3336,-0.621528,0.087794,2.73224,0.672048,0.48415,-0.188922,-0.87267,-0.353349,-0.655189,0.408314,0.134387,-0.2618,0.124078,1.16252,0.477713,1.87534,-1.2802,-0.649381,0.491342,-0.0152932,0.0978627,-0.331895,0,0,0,0,0,0,0,0,0,0,0,0,0,0,0,0,0,0,0,0,0,0,0,0,0,0,0,0,0,0.0082532,0.864349,-0.199275,0.540453,-0.882991,0.280203,-1.34213,-0.811406,0.116147,2.69301,0.547716,0.270568,-0.306068,-0.521021,-0.112937,-0.429462,0.489141,0.15559,-0.278012,0.12848,1.1759,0.442615,1.9653,-1.28203,-0.672781,0.534584,-0.018777,0.114439,-0.335973,0.165078,-0.130695,-0.205012,-0.166353,-0.103971,-0.000299261,-0.137221,-0.52743,0.245655,0.0100485,-0.0530605,-0.00231025,-0.00472268,-0.00266595,0.0342985,-0.0219602,-0.349829,-0.00277172,-0.0484883,0.0760501,-0.00810513,0.438771,-0.0324011,-0.038904,0.0558805,0.0235628,-0.0166732,-0.0304641,-0.000471434,-9.19754,-1.56254,0.170686,-1.77299,-6.11347,6.83512,0.334063,8.57014,-1.22634,2.46096,11.6672,2.98675,1.71667,-10.0177,-6.80565,-3.21023,-0.905408,-0.702781,0.548107,-0.164061,-0.16389,-0.135953,-1.12869,-0.00918565,0.22264,-0.728919,0.0737181,-0.196651,0.0737656,0,0,0,0,0,0,0,0,0,0,0,0,0,0,0,0,0,0,0,0,0,0,0,0,0,0,0,0,0,2.55789,2.55789,2.55789,6.3088,6.3088,1.81445,2.55789,2.55789,1.81445,6.3088,6.3088,0.907223,0.907223,1.81445,1.81445,0.907223,0.907223,1.81445,1.81445,0.907223,0.907223,0.907223,0.907223,0.907223,0.907223,1.06814,1.06814,1.06814,1.06814,40.1792,40.1792,40.1792,99.0984,99.0984,28.5012,40.1792,40.1792,28.5012,99.0984,99.0984,14.2506,14.2506,28.5012,28.5012,14.2506,14.2506,28.5012,28.5012,14.2506,14.2506,14.2506,14.2506,14.2506,14.2506,16.7783,16.7783,16.7783,16.7783,0,0,0,0,0,0,0,0,0,0,0,0,0,0,0,0,0,0,0,0,0,0,0,0,0,0,0,0,0,0,0,0,0,0,0,0,0,0,0,0,0,0,0,0,0,0,0,0,0,0,0,0,0,0,0,0,0,0,0,0,0,0,0,0,0,0,0,0,0,0,0,0,0,0,0,0,0,0,0,0,0,0,0,0,0,0,0,0,0,0,0,0,0,0,0,0,0,0,0,0,0,0,0,0,0,0,0,0,0,0,0,0,0,0,0,0,0,-1.04783,-1.39399,0.784854,-1.94992,3.81995,-0.80567,0.474978,-2.46295,-2.0629,0.306416,-1.48065,-0.430761,-2.24263,-1.45848,0.131437,-1.86577,0.28291,-0.205275,1.49457,-1.13511,2.65065,1.31358,-0.408159,0.200179,1.08923,-4.45492,-0.470123,5.88385,-1.74417,2.9517,3.6988,1.10391,-0.240032,0.818346,-0.223486,0.504146,-0.974611,0.52,-1.3336,-0.621528,0.087794,2.73224,0.672048,0.48415,-0.188922,-0.87267,-0.353349,-0.655189,0.408314,0.134387,-0.2618,0.124078,1.16252,0.477713,1.87534,-1.2802,-0.649381,0.491342,-0.0152932,0.0978627,-0.331895,0.702,-0.984411,0.152375,-0.0878455,0.6,0,0,3,3,3
