AccelerationRaw[0],AccelerationRaw[1],AccelerationRaw[2],AngleVelocityRaw[0],AngleVelocityRaw[1],AngleVelocityRaw[2],AngleRaw[0],AngleRaw[1],AngleRaw[2],AccelerationValue[0],AccelerationValue[1],AccelerationValue[2],AngleVelocityValue[0],AngleVelocityValue[1],AngleVelocityValue[2],AngleValue[0],AngleValue[1],AngleValue[2],TargetMotorPosition[0],TargetMotorPosition[1],TargetMotorPosition[2],TargetMotorPosition[3],TargetMotorPosition[4],TargetMotorPosition[5],TargetMotorPosition[6],TargetMotorPosition[7],TargetMotorPosition[8],TargetMotorPosition[9],TargetMotorPosition[10],TargetMotorPosition[11],TargetMotorPosition[12],TargetMotorPosition[13],TargetMotorPosition[14],TargetMotorPosition[15],TargetMotorPosition[16],TargetMotorPosition[17],TargetMotorPosition[18],TargetMotorPosition[19],TargetMotorPosition[20],TargetMotorPosition[21],TargetMotorPosition[22],TargetMotorPosition[23],TargetMotorPosition[24],TargetMotorPosition[25],TargetMotorPosition[26],TargetMotorPosition[27],TargetMotorPosition[28],TargetMotorVelocity[0],TargetMotorVelocity[1],TargetMotorVelocity[2],TargetMotorVelocity[3],TargetMotorVelocity[4],TargetMotorVelocity[5],TargetMotorVelocity[6],TargetMotorVelocity[7],TargetMotorVelocity[8],TargetMotorVelocity[9],TargetMotorVelocity[10],TargetMotorVelocity[11],TargetMotorVelocity[12],TargetMotorVelocity[13],TargetMotorVelocity[14],TargetMotorVelocity[15],TargetMotorVelocity[16],TargetMotorVelocity[17],TargetMotorVelocity[18],TargetMotorVelocity[19],TargetMotorVelocity[20],TargetMotorVelocity[21],TargetMotorVelocity[22],TargetMotorVelocity[23],TargetMotorVelocity[24],TargetMotorVelocity[25],TargetMotorVelocity[26],TargetMotorVelocity[27],TargetMotorVelocity[28],CurrentMotorPosition[0],CurrentMotorPosition[1],CurrentMotorPosition[2],CurrentMotorPosition[3],CurrentMotorPosition[4],CurrentMotorPosition[5],CurrentMotorPosition[6],CurrentMotorPosition[7],CurrentMotorPosition[8],CurrentMotorPosition[9],CurrentMotorPosition[10],CurrentMotorPosition[11],CurrentMotorPosition[12],CurrentMotorPosition[13],CurrentMotorPosition[14],CurrentMotorPosition[15],CurrentMotorPosition[16],CurrentMotorPosition[17],CurrentMotorPosition[18],CurrentMotorPosition[19],CurrentMotorPosition[20],CurrentMotorPosition[21],CurrentMotorPosition[22],CurrentMotorPosition[23],CurrentMotorPosition[24],CurrentMotorPosition[25],CurrentMotorPosition[26],CurrentMotorPosition[27],CurrentMotorPosition[28],CurrentMotorVelocity[0],CurrentMotorVelocity[1],CurrentMotorVelocity[2],CurrentMotorVelocity[3],CurrentMotorVelocity[4],CurrentMotorVelocity[5],CurrentMotorVelocity[6],CurrentMotorVelocity[7],CurrentMotorVelocity[8],CurrentMotorVelocity[9],CurrentMotorVelocity[10],CurrentMotorVelocity[11],CurrentMotorVelocity[12],CurrentMotorVelocity[13],CurrentMotorVelocity[14],CurrentMotorVelocity[15],CurrentMotorVelocity[16],CurrentMotorVelocity[17],CurrentMotorVelocity[18],CurrentMotorVelocity[19],CurrentMotorVelocity[20],CurrentMotorVelocity[21],CurrentMotorVelocity[22],CurrentMotorVelocity[23],CurrentMotorVelocity[24],CurrentMotorVelocity[25],CurrentMotorVelocity[26],CurrentMotorVelocity[27],CurrentMotorVelocity[28],CurrentMotorTorque[0],CurrentMotorTorque[1],CurrentMotorTorque[2],CurrentMotorTorque[3],CurrentMotorTorque[4],CurrentMotorTorque[5],CurrentMotorTorque[6],CurrentMotorTorque[7],CurrentMotorTorque[8],CurrentMotorTorque[9],CurrentMotorTorque[10],CurrentMotorTorque[11],CurrentMotorTorque[12],CurrentMotorTorque[13],CurrentMotorTorque[14],CurrentMotorTorque[15],CurrentMotorTorque[16],CurrentMotorTorque[17],CurrentMotorTorque[18],CurrentMotorTorque[19],CurrentMotorTorque[20],CurrentMotorTorque[21],CurrentMotorTorque[22],CurrentMotorTorque[23],CurrentMotorTorque[24],CurrentMotorTorque[25],CurrentMotorTorque[26],CurrentMotorTorque[27],CurrentMotorTorque[28],TargetMotorTorque[0],TargetMotorTorque[1],TargetMotorTorque[2],TargetMotorTorque[3],TargetMotorTorque[4],TargetMotorTorque[5],TargetMotorTorque[6],TargetMotorTorque[7],TargetMotorTorque[8],TargetMotorTorque[9],TargetMotorTorque[10],TargetMotorTorque[11],TargetMotorTorque[12],TargetMotorTorque[13],TargetMotorTorque[14],TargetMotorTorque[15],TargetMotorTorque[16],TargetMotorTorque[17],TargetMotorTorque[18],TargetMotorTorque[19],TargetMotorTorque[20],TargetMotorTorque[21],TargetMotorTorque[22],TargetMotorTorque[23],TargetMotorTorque[24],TargetMotorTorque[25],TargetMotorTorque[26],TargetMotorTorque[27],TargetMotorTorque[28],TargetMotorDamping[0],TargetMotorDamping[1],TargetMotorDamping[2],TargetMotorDamping[3],TargetMotorDamping[4],TargetMotorDamping[5],TargetMotorDamping[6],TargetMotorDamping[7],TargetMotorDamping[8],TargetMotorDamping[9],TargetMotorDamping[10],TargetMotorDamping[11],TargetMotorDamping[12],TargetMotorDamping[13],TargetMotorDamping[14],TargetMotorDamping[15],TargetMotorDamping[16],TargetMotorDamping[17],TargetMotorDamping[18],TargetMotorDamping[19],TargetMotorDamping[20],TargetMotorDamping[21],TargetMotorDamping[22],TargetMotorDamping[23],TargetMotorDamping[24],TargetMotorDamping[25],TargetMotorDamping[26],TargetMotorDamping[27],TargetMotorDamping[28],TargetMotorStiffness[0],TargetMotorStiffness[1],TargetMotorStiffness[2],TargetMotorStiffness[3],TargetMotorStiffness[4],TargetMotorStiffness[5],TargetMotorStiffness[6],TargetMotorStiffness[7],TargetMotorStiffness[8],TargetMotorStiffness[9],TargetMotorStiffness[10],TargetMotorStiffness[11],TargetMotorStiffness[12],TargetMotorStiffness[13],TargetMotorStiffness[14],TargetMotorStiffness[15],TargetMotorStiffness[16],TargetMotorStiffness[17],TargetMotorStiffness[18],TargetMotorStiffness[19],TargetMotorStiffness[20],TargetMotorStiffness[21],TargetMotorStiffness[22],TargetMotorStiffness[23],TargetMotorStiffness[24],TargetMotorStiffness[25],TargetMotorStiffness[26],TargetMotorStiffness[27],TargetMotorStiffness[28],DanceNet1NetLastAction[0],DanceNet1NetLastAction[1],DanceNet1NetLastAction[2],DanceNet1NetLastAction[3],DanceNet1NetLastAction[4],DanceNet1NetLastAction[5],DanceNet1NetLastAction[6],DanceNet1NetLastAction[7],DanceNet1NetLastAction[8],DanceNet1NetLastAction[9],DanceNet1NetLastAction[10],DanceNet1NetLastAction[11],DanceNet1NetLastAction[12],DanceNet1NetLastAction[13],DanceNet1NetLastAction[14],DanceNet1NetLastAction[15],DanceNet1NetLastAction[16],DanceNet1NetLastAction[17],DanceNet1NetLastAction[18],DanceNet1NetLastAction[19],DanceNet1NetLastAction[20],DanceNet1NetLastAction[21],DanceNet1NetLastAction[22],DanceNet1NetLastAction[23],DanceNet1NetLastAction[24],DanceNet1NetLastAction[25],DanceNet1NetLastAction[26],DanceNet1NetLastAction[27],DanceNet1NetLastAction[28],DanceNet1InferenceTime,DanceNet1Action[0],DanceNet1Action[1],DanceNet1Action[2],DanceNet1Action[3],DanceNet1Action[4],DanceNet1Action[5],DanceNet1Action[6],DanceNet1Action[7],DanceNet1Action[8],DanceNet1Action[9],DanceNet1Action[10],DanceNet1Action[11],DanceNet1Action[12],DanceNet1Action[13],DanceNet1Action[14],DanceNet1Action[15],DanceNet1Action[16],DanceNet1Action[17],DanceNet1Action[18],DanceNet1Action[19],DanceNet1Action[20],DanceNet1Action[21],DanceNet1Action[22],DanceNet1Action[23],DanceNet1Action[24],DanceNet1Action[25],DanceNet1Action[26],DanceNet1Action[27],DanceNet1Action[28],DanceNet1RefTraj[0],DanceNet1RefTraj[1],DanceNet1RefTraj[2],DanceNet1RefTraj[3],DanceNet1RefTraj[4],DanceNet1RefTraj[5],DanceNet1RefTraj[6],DanceNet1RefTraj[7],DanceNet1RefTraj[8],DanceNet1RefTraj[9],DanceNet1RefTraj[10],DanceNet1RefTraj[11],DanceNet1RefTraj[12],DanceNet1RefTraj[13],DanceNet1RefTraj[14],DanceNet1RefTraj[15],DanceNet1RefTraj[16],DanceNet1RefTraj[17],DanceNet1RefTraj[18],DanceNet1RefTraj[19],DanceNet1RefTraj[20],DanceNet1RefTraj[21],DanceNet1RefTraj[22],DanceNet1RefTraj[23],DanceNet1RefTraj[24],DanceNet1RefTraj[25],DanceNet1RefTraj[26],DanceNet1RefTraj[27],DanceNet1RefTraj[28],DanceNet1RefVel[0],DanceNet1RefVel[1],DanceNet1RefVel[2],DanceNet1RefVel[3],DanceNet1RefVel[4],DanceNet1RefVel[5],DanceNet1RefVel[6],DanceNet1RefVel[7],DanceNet1RefVel[8],DanceNet1RefVel[9],DanceNet1RefVel[10],DanceNet1RefVel[11],DanceNet1RefVel[12],DanceNet1RefVel[13],DanceNet1RefVel[14],DanceNet1RefVel[15],DanceNet1RefVel[16],DanceNet1RefVel[17],DanceNet1RefVel[18],DanceNet1RefVel[19],DanceNet1RefVel[20],DanceNet1RefVel[21],DanceNet1RefVel[22],DanceNet1RefVel[23],DanceNet1RefVel[24],DanceNet1RefVel[25],DanceNet1RefVel[26],DanceNet1RefVel[27],DanceNet1RefVel[28],AlterAngleValue[0],AlterAngleValue[1],AlterAngleValue[2],WalkNet1NetLastAction[0],WalkNet1NetLastAction[1],WalkNet1NetLastAction[2],WalkNet1NetLastAction[3],WalkNet1NetLastAction[4],WalkNet1NetLastAction[5],WalkNet1NetLastAction[6],WalkNet1NetLastAction[7],WalkNet1NetLastAction[8],WalkNet1NetLastAction[9],WalkNet1NetLastAction[10],WalkNet1NetLastAction[11],WalkNet1NetLastAction[12],WalkNet1NetLastAction[13],WalkNet1NetLastAction[14],WalkNet1NetLastAction[15],WalkNet1NetLastAction[16],WalkNet1NetLastAction[17],WalkNet1NetLastAction[18],WalkNet1NetLastAction[19],WalkNet1NetLastAction[20],WalkNet1NetLastAction[21],WalkNet1NetLastAction[22],WalkNet1NetLastAction[23],WalkNet1NetLastAction[24],WalkNet1NetLastAction[25],WalkNet1NetLastAction[26],WalkNet1NetLastAction[27],WalkNet1NetLastAction[28],WalkNet1Action[0],WalkNet1Action[1],WalkNet1Action[2],WalkNet1Action[3],WalkNet1Action[4],WalkNet1Action[5],WalkNet1Action[6],WalkNet1Action[7],WalkNet1Action[8],WalkNet1Action[9],WalkNet1Action[10],WalkNet1Action[11],WalkNet1Action[12],WalkNet1Action[13],WalkNet1Action[14],WalkNet1Action[15],WalkNet1Action[16],WalkNet1Action[17],WalkNet1Action[18],WalkNet1Action[19],WalkNet1Action[20],WalkNet1Action[21],WalkNet1Action[22],WalkNet1Action[23],WalkNet1Action[24],WalkNet1Action[25],WalkNet1Action[26],WalkNet1Action[27],WalkNet1Action[28],WalkNet1InferenceTime,WalkNet1NetProjectedGravity[0],WalkNet1NetProjectedGravity[1],WalkNet1NetProjectedGravity[2],WalkNet1NetUserCommand3[0],WalkNet1NetUserCommand3[1],WalkNet1NetUserCommand3[2],DepthCenterDistance,DepthMinDistance,DepthMaxDistance
-25.5768,-0.0105189,18.3185,-0.00023323,0.291935,-0.000152746,-4.66549e-07,0.000583871,-3.05628e-07,-25.5768,-0.0105189,18.3185,-0.00023323,0.291935,-0.000152746,-4.66549e-07,0.000583871,-3.05628e-07,-0.156863,0.0965194,0.201723,0.785677,0.167704,-0.0449489,-0.332396,-0.257694,0.102234,0.312904,0.630377,0.064423,0.0306303,-0.0105746,0.0833855,0.203241,0.193379,-0.0605134,0.2618,0.0418322,-0.131585,0.0188013,0.303949,-0.324103,-0.0527632,0.613994,0.00200498,0.00784873,0.0120604,0,0,0,0,0,0,0,0,0,0,0,0,0,0,0,0,0,0,0,0,0,0,0,0,0,0,0,0,0,-0.308798,7.07524e-05,0.000165981,0.664486,-0.357702,1.18883e-05,-0.308798,-7.08959e-05,-0.000165921,0.664486,-0.357702,-1.19761e-05,2.39403e-07,6.62686e-07,-0.00224093,0.200114,0.199635,0.000571391,0.598005,6.84974e-05,0.00149099,-3.62506e-05,0.200114,-0.199635,-0.000570621,0.598006,-6.84586e-05,0.00149089,3.63864e-05,1.60108,0.0353762,0.0829906,-2.25689,2.64918,0.00594416,1.60103,-0.035448,-0.0829604,-2.25679,2.64914,-0.00598803,0.000119702,0.000331343,-1.12047,0.0571304,-0.182478,0.285695,-0.997611,0.0342487,0.745497,-0.0181253,0.0567287,0.182629,-0.285311,-0.996957,-0.0342293,0.745446,0.0181932,12.5359,-8.05092e-17,-3.46e-17,-66.2969,10.346,1.08914e-18,12.5359,-4.86358e-17,4.26881e-18,-66.2969,10.346,-4.96118e-17,-2.09687e-17,6.62772e-18,-3.74733e-16,-2.85013,-2.85013,-1.13985e-16,-8.55037,-6.40488e-17,-7.81728e-17,5.24105e-17,-2.85013,2.85013,8.89167e-17,-8.55037,1.05828e-16,-7.83488e-17,-2.99997e-17,0,0,0,0,0,0,0,0,0,0,0,0,0,0,0,0,0,0,0,0,0,0,0,0,0,0,0,0,0,2.55789,2.55789,2.55789,6.3088,6.3088,1.81445,2.55789,2.55789,1.81445,6.3088,6.3088,0.907223,0.907223,1.81445,1.81445,0.907223,0.907223,1.81445,1.81445,0.907223,0.907223,0.907223,0.907223,0.907223,0.907223,1.06814,1.06814,1.06814,1.06814,40.1792,40.1792,40.1792,99.0984,99.0984,28.5012,40.1792,40.1792,28.5012,99.0984,99.0984,14.2506,14.2506,28.5012,28.5012,14.2506,14.2506,28.5012,28.5012,14.2506,14.2506,14.2506,14.2506,14.2506,14.2506,16.7783,16.7783,16.7783,16.7783,0,0,0,0,0,0,0,0,0,0,0,0,0,0,0,0,0,0,0,0,0,0,0,0,0,0,0,0,0,0,0,0,0,0,0,0,0,0,0,0,0,0,0,0,0,0,0,0,0,0,0,0,0,0,0,0,0,0,0,0,0,0,0,0,0,0,0,0,0,0,0,0,0,0,0,0,0,0,0,0,0,0,0,0,0,0,0,0,0,0,0,0,0,0,0,0,0,0,0,0,0,0,0,0,0,0,0,0,0,0,0,0,0,0,0,0,0,-4.66549e-07,0.000583871,-3.05628e-07,0.0073904,0.237015,0.190127,-0.0150966,-0.282968,-0.0241111,-0.137977,-0.120305,0.0698401,-0.245896,0.187843,0.283331,-0.0372493,0.0953815,0.0269122,0.176276,-0.470633,-0.300026,0.105351,0.368413,0.233104,0.0428689,0.161882,0.332734,-1.0155,1.51344,2.83287,-0.102488,0.146891,-0.156863,0.0965194,0.201723,0.785677,0.167704,-0.0449489,-0.332396,-0.257694,0.102234,0.312904,0.630377,0.064423,0.0306303,-0.0105746,0.0833855,0.203241,0.193379,-0.0605134,0.2618,0.0418322,-0.131585,0.0188013,0.303949,-0.324103,-0.0527632,0.613994,0.00200498,0.00784873,0.0120604,0.907,0.000583871,4.66548e-07,-1,0.6,0,0,0,0,0
2.35753,-0.298237,-1.03743,-0.0818214,-0.0479327,-0.0585939,-0.00072531,0.0014799,-0.00107297,2.35753,-0.298237,-1.03743,-0.0818214,-0.0479327,-0.0585939,-0.00072531,0.0014799,-0.00107297,-0.111498,-0.0786923,0.179982,0.723497,-0.136576,-0.0216068,-0.334037,-0.21404,0.0134295,0.426171,0.806132,0.104945,0.0337479,0.0109914,0.059559,0.180785,0.198435,-0.0471073,0.2618,0.0534784,-0.109175,0.00815755,0.381264,-0.188938,-0.0116454,0.610416,0.0030796,-0.00161607,0.0149029,0,0,0,0,0,0,0,0,0,0,0,0,0,0,0,0,0,0,0,0,0,0,0,0,0,0,0,0,0,-0.304759,0.00962728,0.021783,0.659924,-0.249405,-0.00721466,-0.293349,-0.00296296,-0.00417761,0.609077,-0.162048,0.00906321,0.00110701,0.000239522,-0.00557146,0.215649,0.20045,-0.00693378,0.553795,0.00722673,-0.00114064,0.00480488,0.202512,-0.199852,-0.00173794,0.591083,0.000383001,0.00224801,0.00286977,-0.147142,0.859879,2.31195,0.772903,6.65353,-0.584404,0.897642,-0.428944,-0.262249,-4.1623,12.7821,0.875698,-0.0212066,0.171755,0.0803032,1.40582,0.15178,-0.765497,-3.73859,0.575459,-0.952588,0.318382,0.246155,-0.119616,-0.0401352,-0.247992,0.034464,-0.0792816,0.237081,6.21186,1.39123,1.96579,8.86546,-0.541767,-0.0413537,-3.85233,-9.37931,3.55084,-4.24791,-2.35288,0.0502166,0.387753,-0.494494,2.48824,-1.37923,-0.225763,-0.219177,-1.91616,-0.0187814,-1.21003,-0.106266,1.2597,-1.6856,-0.698863,0.672209,-0.0100979,0.172651,-0.0938155,0,0,0,0,0,0,0,0,0,0,0,0,0,0,0,0,0,0,0,0,0,0,0,0,0,0,0,0,0,2.55789,2.55789,2.55789,6.3088,6.3088,1.81445,2.55789,2.55789,1.81445,6.3088,6.3088,0.907223,0.907223,1.81445,1.81445,0.907223,0.907223,1.81445,1.81445,0.907223,0.907223,0.907223,0.907223,0.907223,0.907223,1.06814,1.06814,1.06814,1.06814,40.1792,40.1792,40.1792,99.0984,99.0984,28.5012,40.1792,40.1792,28.5012,99.0984,99.0984,14.2506,14.2506,28.5012,28.5012,14.2506,14.2506,28.5012,28.5012,14.2506,14.2506,14.2506,14.2506,14.2506,14.2506,16.7783,16.7783,16.7783,16.7783,0,0,0,0,0,0,0,0,0,0,0,0,0,0,0,0,0,0,0,0,0,0,0,0,0,0,0,0,0,0,0,0,0,0,0,0,0,0,0,0,0,0,0,0,0,0,0,0,0,0,0,0,0,0,0,0,0,0,0,0,0,0,0,0,0,0,0,0,0,0,0,0,0,0,0,0,0,0,0,0,0,0,0,0,0,0,0,0,0,0,0,0,0,0,0,0,0,0,0,0,0,0,0,0,0,0,0,0,0,0,0,0,0,0,0,0,0,-0.00072531,0.0014799,-0.00107297,-0.0438132,0.4133,0.1358,-0.00356796,0.0252223,0.0250614,-0.107409,-0.0265527,0.0769486,-0.221364,0.139809,0.366183,-0.0402469,0.121936,0.0413364,-0.143718,-0.390908,-0.24893,-0.021692,0.328706,0.0306207,0.0186,0.200037,0.155411,-0.69249,0.645705,3.33408,-0.0492655,0.239285,-0.111498,-0.0786923,0.179982,0.723497,-0.136576,-0.0216068,-0.334037,-0.21404,0.0134295,0.426171,0.806132,0.104945,0.0337479,0.0109914,0.059559,0.180785,0.198435,-0.0471073,0.2618,0.0534784,-0.109175,0.00815755,0.381264,-0.188938,-0.0116454,0.610416,0.0030796,-0.00161607,0.0149029,0.752,0.0014799,0.000725309,-0.999999,0.6,0,0,0,0,0
-1.95155,11.0376,13.0143,0.0692406,-0.284522,0.362319,-0.00363833,-0.00368705,0.0055169,-1.95155,11.0376,13.0143,0.0692406,-0.284522,0.362319,-0.00363833,-0.00368705,0.0055169,-0.296202,0.127769,0.0732818,0.650588,-0.505244,0.0232967,-0.420772,0.617751,-0.286175,0.20847,-0.087267,-0.110489,-0.0696159,-0.213141,-0.30589,0.610537,1.01027,0.260248,0.2618,-0.0598232,0.177663,0.458694,0.137111,-0.301105,-0.182069,0.633487,-0.0107388,0.0399047,0.0125703,0,0,0,0,0,0,0,0,0,0,0,0,0,0,0,0,0,0,0,0,0,0,0,0,0,0,0,0,0,-0.288163,0.00344642,0.0911312,0.680622,-0.198517,-0.0144015,-0.279097,-0.0496747,-0.0118545,0.525263,0.2222,0.0509526,-0.0223135,0.0297841,-0.00472158,0.247762,0.203474,-0.0258132,0.438215,0.0269167,-0.0439939,0.00615312,0.22421,-0.201736,-0.00866532,0.581915,0.00156761,-0.00364385,0.00778419,0.740852,-0.442685,1.36988,0.506684,0.974426,-0.127186,0.0706808,-1.29646,-0.285912,-0.363697,4.16747,1.61849,-0.963924,0.600524,0.0847276,0.372688,-0.173412,-0.412608,-2.4774,0.46525,-1.192,-0.00784304,0.858318,-0.140864,-0.265112,-0.0583895,0.0277267,-0.175273,0.0911694,5.20469,-1.56953,-0.351049,1.39593,-0.0155075,0.0266361,-2.60675,-2.46742,1.09858,-3.4676,17.1719,-0.559886,1.63235,-2.2846,1.70045,-1.39834,-0.0484326,0.159007,-0.161146,-0.0402419,0.133767,0.0375538,1.46724,0.24475,0.165242,0.658082,-0.00484594,0.211743,0.0191808,0,0,0,0,0,0,0,0,0,0,0,0,0,0,0,0,0,0,0,0,0,0,0,0,0,0,0,0,0,2.55789,2.55789,2.55789,6.3088,6.3088,1.81445,2.55789,2.55789,1.81445,6.3088,6.3088,0.907223,0.907223,1.81445,1.81445,0.907223,0.907223,1.81445,1.81445,0.907223,0.907223,0.907223,0.907223,0.907223,0.907223,1.06814,1.06814,1.06814,1.06814,40.1792,40.1792,40.1792,99.0984,99.0984,28.5012,40.1792,40.1792,28.5012,99.0984,99.0984,14.2506,14.2506,28.5012,28.5012,14.2506,14.2506,28.5012,28.5012,14.2506,14.2506,14.2506,14.2506,14.2506,14.2506,16.7783,16.7783,16.7783,16.7783,0,0,0,0,0,0,0,0,0,0,0,0,0,0,0,0,0,0,0,0,0,0,0,0,0,0,0,0,0,0,0,0,0,0,0,0,0,0,0,0,0,0,0,0,0,0,0,0,0,0,0,0,0,0,0,0,0,0,0,0,0,0,0,0,0,0,0,0,0,0,0,0,0,0,0,0,0,0,0,0,0,0,0,0,0,0,0,0,0,0,0,0,0,0,0,0,0,0,0,0,0,0,0,0,0,0,0,0,0,0,0,0,0,0,0,0,0,-0.00363833,-0.00368705,0.0055169,0.936065,-0.143393,-0.69746,1.8475,-0.23053,-0.485983,0.593391,-0.415136,-0.158731,0.364449,0.449479,0.0288518,-0.198654,-0.136403,-0.144144,0.233349,1.12822,0.405088,0.535628,0.133837,-0.652507,1.04587,0.168727,-0.0525066,-1.31332,-0.405645,0.0200706,0.0531188,-0.251926,-0.296202,0.127769,0.0732818,0.650588,-0.505244,0.0232967,-0.420772,0.617751,-0.286175,0.20847,-0.087267,-0.110489,-0.0696159,-0.213141,-0.30589,0.610537,1.01027,0.260248,0.2618,-0.0598232,0.177663,0.458694,0.137111,-0.301105,-0.182069,0.633487,-0.0107388,0.0399047,0.0125703,0.575,-0.000351364,0.00293863,-0.999996,0.6,0,0,3,3,3
-3.14328,10.8416,12.9844,0.311305,-0.133156,0.0292029,-0.00220099,-0.00490023,0.00670651,-3.14328,10.8416,12.9844,0.311305,-0.133156,0.0292029,-0.00220099,-0.00490023,0.00670651,-0.326609,0.183402,0.00403125,0.737163,-0.597065,0.0389772,-0.327234,0.302933,-0.210276,0.278935,-0.087267,-0.151906,-0.0688003,-0.136061,-0.264318,0.685095,0.83498,0.180898,0.2618,-0.0670051,0.313374,0.450121,0.237785,-0.293238,-0.132123,0.632375,-0.0102223,0.0552625,0.0173786,0,0,0,0,0,0,0,0,0,0,0,0,0,0,0,0,0,0,0,0,0,0,0,0,0,0,0,0,0,-0.283091,0.00548618,0.095378,0.685015,-0.217907,-0.0134864,-0.275977,-0.0510715,-0.0152002,0.527296,0.201748,0.054593,-0.0260025,0.0268886,-0.00544539,0.250612,0.200757,-0.0261677,0.421967,0.0258621,-0.0436394,0.0147458,0.227634,-0.203086,-0.01182,0.583373,0.0010227,-0.0034533,0.00902447,0.908968,0.806883,0.297184,0.730826,-3.92097,0.371073,0.988019,0.408625,-0.709228,0.245043,-6.22865,-0.211257,-0.267637,-1.08368,-0.278813,0.672292,-0.542903,0.235489,-3.08682,-0.695261,1.0799,2.88441,0.322944,-0.220636,-0.747545,0.437177,-0.181215,0.207093,0.300883,-2.80025,4.15382,-2.62411,-9.09239,13.1443,0.693264,-7.27514,27.541,-6.72773,-35.7811,11.3549,-2.68733,-0.100444,-6.04679,-8.26186,4.67923,11.9359,8.21609,0.450734,-0.981206,2.96103,5,-1.79555,-1.20063,-1.96625,0.622703,-0.0777179,0.670807,-0.180322,0,0,0,0,0,0,0,0,0,0,0,0,0,0,0,0,0,0,0,0,0,0,0,0,0,0,0,0,0,2.55789,2.55789,2.55789,6.3088,6.3088,1.81445,2.55789,2.55789,1.81445,6.3088,6.3088,0.907223,0.907223,1.81445,1.81445,0.907223,0.907223,1.81445,1.81445,0.907223,0.907223,0.907223,0.907223,0.907223,0.907223,1.06814,1.06814,1.06814,1.06814,40.1792,40.1792,40.1792,99.0984,99.0984,28.5012,40.1792,40.1792,28.5012,99.0984,99.0984,14.2506,14.2506,28.5012,28.5012,14.2506,14.2506,28.5012,28.5012,14.2506,14.2506,14.2506,14.2506,14.2506,14.2506,16.7783,16.7783,16.7783,16.7783,0,0,0,0,0,0,0,0,0,0,0,0,0,0,0,0,0,0,0,0,0,0,0,0,0,0,0,0,0,0,0,0,0,0,0,0,0,0,0,0,0,0,0,0,0,0,0,0,0,0,0,0,0,0,0,0,0,0,0,0,0,0,0,0,0,0,0,0,0,0,0,0,0,0,0,0,0,0,0,0,0,0,0,0,0,0,0,0,0,0,0,0,0,0,0,0,0,0,0,0,0,0,0,0,0,0,0,0,0,0,0,0,0,0,0,0,0,-0.00220099,-0.00490023,0.00670651,1.10607,0.0861525,-0.60267,1.44782,-0.212591,-0.310233,0.412465,-0.301255,-0.156872,0.425904,0.434559,-0.0266816,-0.0278231,-0.152778,-0.13721,0.334953,0.553255,0.714523,0.741769,0.0073624,-0.479451,1.02632,0.233267,0.194384,-1.11237,-0.667496,-0.103265,0.088872,-0.346361,-0.326609,0.183402,0.00403125,0.737163,-0.597065,0.0389772,-0.327234,0.302933,-0.210276,0.278935,-0.087267,-0.151906,-0.0688003,-0.136061,-0.264318,0.685095,0.83498,0.180898,0.2618,-0.0670051,0.313374,0.450121,0.237785,-0.293238,-0.132123,0.632375,-0.0102223,0.0552625,0.0173786,0.873,-0.00490021,0.00220096,-0.999986,0.6,0,0,3,3,3
0.251366,1.02594,4.58155,0.60947,0.12537,-0.646847,0.00851323,-0.00475917,-0.00133976,0.251366,1.02594,4.58155,0.60947,0.12537,-0.646847,0.00851323,-0.00475917,-0.00133976,-0.422877,0.169079,0.0288606,0.688026,-0.535651,0.044074,-0.292209,0.222924,-0.149391,0.287461,-0.087267,-0.205356,-0.0735803,-0.0976038,-0.221734,0.592797,0.45239,0.0307767,0.2618,-0.0482147,0.252146,0.465987,0.224894,-0.184515,-0.0882607,0.627095,-0.00829455,0.0452013,0.0301611,0,0,0,0,0,0,0,0,0,0,0,0,0,0,0,0,0,0,0,0,0,0,0,0,0,0,0,0,0,-0.275188,0.0509855,0.0758873,0.704413,-0.319246,-0.000295933,-0.242567,-0.00622284,-0.0444884,0.506498,0.0970279,0.020244,-0.0143263,-0.0313184,-0.00924152,0.274315,0.195603,-0.0113467,0.357898,0.0020309,0.0256788,0.117606,0.225568,-0.210185,-0.0329828,0.597757,-0.00232718,0.0102046,0.0135562,0.016877,3.0289,-1.43585,0.874993,-4.44731,0.653681,1.74099,3.10644,-1.77179,-1.67202,-4.59619,-2.24619,0.894165,-3.71462,-0.0864683,1.46312,0.239069,0.973429,-2.76821,-1.17114,3.93434,5.21273,-0.277381,-0.422139,-1.12983,0.792246,-0.138002,0.780051,0.147074,-2.26959,-1.88364,0.587057,-2.46116,0.547782,-0.0614456,-7.79744,5.04825,-1.64593,-12.8986,10.5958,-0.50689,-1.54153,3.36229,-7.10304,4.61671,9.02795,3.82546,2.35135,0.0715902,0.603526,0.0557397,0.390742,-0.818862,-0.421744,-0.238149,0.0164154,-0.0592511,-0.102708,0,0,0,0,0,0,0,0,0,0,0,0,0,0,0,0,0,0,0,0,0,0,0,0,0,0,0,0,0,2.55789,2.55789,2.55789,6.3088,6.3088,1.81445,2.55789,2.55789,1.81445,6.3088,6.3088,0.907223,0.907223,1.81445,1.81445,0.907223,0.907223,1.81445,1.81445,0.907223,0.907223,0.907223,0.907223,0.907223,0.907223,1.06814,1.06814,1.06814,1.06814,40.1792,40.1792,40.1792,99.0984,99.0984,28.5012,40.1792,40.1792,28.5012,99.0984,99.0984,14.2506,14.2506,28.5012,28.5012,14.2506,14.2506,28.5012,28.5012,14.2506,14.2506,14.2506,14.2506,14.2506,14.2506,16.7783,16.7783,16.7783,16.7783,0,0,0,0,0,0,0,0,0,0,0,0,0,0,0,0,0,0,0,0,0,0,0,0,0,0,0,0,0,0,0,0,0,0,0,0,0,0,0,0,0,0,0,0,0,0,0,0,0,0,0,0,0,0,0,0,0,0,0,0,0,0,0,0,0,0,0,0,0,0,0,0,0,0,0,0,0,0,0,0,0,0,0,0,0,0,0,0,0,0,0,0,0,0,0,0,0,0,0,0,0,0,0,0,0,0,0,0,0,0,0,0,0,0,0,0,0,0.00851323,-0.00475917,-0.00133976,0.895617,0.0567608,-0.505575,0.575474,0.0353071,-0.222546,0.070174,-0.201243,-0.16777,0.423573,0.363685,-0.202498,0.0361457,-0.109934,-0.111335,0.308793,0.407133,0.574917,0.606722,0.0527089,-0.340625,1.0625,0.404842,0.0542574,-1.08805,-0.492359,-0.187828,0.100493,-0.468231,-0.422877,0.169079,0.0288606,0.688026,-0.535651,0.044074,-0.292209,0.222924,-0.149391,0.287461,-0.087267,-0.205356,-0.0735803,-0.0976038,-0.221734,0.592797,0.45239,0.0307767,0.2618,-0.0482147,0.252146,0.465987,0.224894,-0.184515,-0.0882607,0.627095,-0.00829455,0.0452013,0.0301611,0.823,-0.00475916,-0.00851303,-0.999952,0.6,0,0,3,3,3
-2.55972,-0.228115,4.173,0.478271,0.454802,-0.786115,0.0196198,0.000531242,-0.015633,-2.55972,-0.228115,4.173,0.478271,0.454802,-0.786115,0.0196198,0.000531242,-0.015633,-0.393441,0.0296098,0.110557,0.644312,-0.431849,0.0269537,-0.265507,0.335053,-0.132303,0.301232,-0.087267,-0.23137,-0.0702688,-0.0960482,-0.0984489,0.544485,0.194401,-0.0630302,0.2618,-0.0320133,0.160982,0.437198,0.22153,-0.173862,-0.093019,0.632534,-0.00382211,0.0436346,0.0466792,0,0,0,0,0,0,0,0,0,0,0,0,0,0,0,0,0,0,0,0,0,0,0,0,0,0,0,0,0,-0.283943,0.116191,0.049833,0.708598,-0.378352,0.012172,-0.219268,0.0618878,-0.0758657,0.469334,0.0131571,-0.0243988,-0.000351124,-0.107145,-0.00520099,0.306824,0.213199,-0.00343906,0.319075,-0.0133745,0.0859511,0.215506,0.220884,-0.217,-0.054752,0.612589,-0.00415178,0.0220511,0.0170694,-0.706495,3.31278,-1.21095,-0.166153,-2.49908,0.556838,0.770928,3.51346,-1.4169,-1.92191,-3.93886,-2.03908,0.533636,-3.73923,0.212131,1.73987,1.19837,0.197361,-1.5253,-0.581981,2.48407,4.32298,-0.267202,-0.275557,-0.978225,0.658558,-0.0704289,0.481817,0.16655,-3.93815,-6.09113,2.18821,-1.34489,0.178573,-0.101353,-5.01747,-2.21336,0.439448,-6.28679,14.4203,-0.726725,-1.54279,6.88365,-6.61303,2.56457,2.40086,0.623348,1.16558,0.0364194,0.109336,-0.364911,0.272976,0.716969,0.410446,-0.461792,0.00629236,-0.12935,0.041277,0,0,0,0,0,0,0,0,0,0,0,0,0,0,0,0,0,0,0,0,0,0,0,0,0,0,0,0,0,2.55789,2.55789,2.55789,6.3088,6.3088,1.81445,2.55789,2.55789,1.81445,6.3088,6.3088,0.907223,0.907223,1.81445,1.81445,0.907223,0.907223,1.81445,1.81445,0.907223,0.907223,0.907223,0.907223,0.907223,0.907223,1.06814,1.06814,1.06814,1.06814,40.1792,40.1792,40.1792,99.0984,99.0984,28.5012,40.1792,40.1792,28.5012,99.0984,99.0984,14.2506,14.2506,28.5012,28.5012,14.2506,14.2506,28.5012,28.5012,14.2506,14.2506,14.2506,14.2506,14.2506,14.2506,16.7783,16.7783,16.7783,16.7783,0,0,0,0,0,0,0,0,0,0,0,0,0,0,0,0,0,0,0,0,0,0,0,0,0,0,0,0,0,0,0,0,0,0,0,0,0,0,0,0,0,0,0,0,0,0,0,0,0,0,0,0,0,0,0,0,0,0,0,0,0,0,0,0,0,0,0,0,0,0,0,0,0,0,0,0,0,0,0,0,0,0,0,0,0,0,0,0,0,0,0,0,0,0,0,0,0,0,0,0,0,0,0,0,0,0,0,0,0,0,0,0,0,0,0,0,0,0.0196198,0.000531242,-0.015633,0.78546,0.0490909,-0.224473,-0.0127665,0.0595971,-0.218999,-0.143715,-0.212093,-0.16022,0.422173,0.43669,-0.148737,0.0849124,-0.0729934,-0.0513029,0.0540772,0.611918,0.367054,0.585692,0.201913,-0.301665,0.996856,0.626558,-0.0704054,-1.04878,-0.19634,-0.162077,0.0614571,-0.527548,-0.393441,0.0296098,0.110557,0.644312,-0.431849,0.0269537,-0.265507,0.335053,-0.132303,0.301232,-0.087267,-0.23137,-0.0702688,-0.0960482,-0.0984489,0.544485,0.194401,-0.0630302,0.2618,-0.0320133,0.160982,0.437198,0.22153,-0.173862,-0.093019,0.632534,-0.00382211,0.0436346,0.0466792,0.751,0.000531242,-0.0196186,-0.999807,0.6,0,0,3,3,3
-2.80521,1.14227,5.29665,0.300287,0.758867,-0.798779,0.0270844,0.0129499,-0.0311545,-2.80521,1.14227,5.29665,0.300287,0.758867,-0.798779,0.0270844,0.0129499,-0.0311545,-0.365855,-0.0106221,0.142962,0.640211,-0.35483,0.0139534,-0.305169,0.322459,-0.0696112,0.342868,-0.087267,-0.280659,-0.0680098,-0.0749974,0.00861262,0.484691,0.165422,-0.0541847,0.2618,-0.0241621,0.143517,0.399325,0.240838,-0.170294,-0.115054,0.63294,0.000614684,0.0446589,0.0558614,0,0,0,0,0,0,0,0,0,0,0,0,0,0,0,0,0,0,0,0,0,0,0,0,0,0,0,0,0,-0.299928,0.178424,0.032254,0.693141,-0.394217,0.018129,-0.214009,0.132593,-0.0928514,0.433154,-0.0624218,-0.0635332,0.000930127,-0.176759,0.000621699,0.342978,0.237753,-0.00608091,0.300425,-0.0189602,0.112013,0.284768,0.215641,-0.22079,-0.0728635,0.62565,-0.00430649,0.0297333,0.0234108,-0.830909,2.89878,-0.723851,-1.01128,-0.588485,0.207789,-0.0347888,3.50749,-0.555691,-1.73799,-3.63672,-1.81186,-0.267588,-3.29802,0.239757,1.8467,1.09706,-0.270238,-0.703132,-0.164252,0.791373,2.85244,-0.288751,-0.150383,-0.799877,0.619834,0.00736836,0.335096,0.331613,-1.70914,-13.293,4.97392,1.25918,-0.0221747,-0.127183,-2.10158,-0.595099,-0.0970722,-2.37001,19.9867,-0.753286,-0.833922,8.16238,-3.31037,1.24979,-1.621,-1.16242,0.180866,-0.0328978,-0.0430427,-0.436976,0.325516,0.806563,0.441367,-0.539508,0.000443847,-0.122806,0.0376504,0,0,0,0,0,0,0,0,0,0,0,0,0,0,0,0,0,0,0,0,0,0,0,0,0,0,0,0,0,2.55789,2.55789,2.55789,6.3088,6.3088,1.81445,2.55789,2.55789,1.81445,6.3088,6.3088,0.907223,0.907223,1.81445,1.81445,0.907223,0.907223,1.81445,1.81445,0.907223,0.907223,0.907223,0.907223,0.907223,0.907223,1.06814,1.06814,1.06814,1.06814,40.1792,40.1792,40.1792,99.0984,99.0984,28.5012,40.1792,40.1792,28.5012,99.0984,99.0984,14.2506,14.2506,28.5012,28.5012,14.2506,14.2506,28.5012,28.5012,14.2506,14.2506,14.2506,14.2506,14.2506,14.2506,16.7783,16.7783,16.7783,16.7783,0,0,0,0,0,0,0,0,0,0,0,0,0,0,0,0,0,0,0,0,0,0,0,0,0,0,0,0,0,0,0,0,0,0,0,0,0,0,0,0,0,0,0,0,0,0,0,0,0,0,0,0,0,0,0,0,0,0,0,0,0,0,0,0,0,0,0,0,0,0,0,0,0,0,0,0,0,0,0,0,0,0,0,0,0,0,0,0,0,0,0,0,0,0,0,0,0,0,0,0,0,0,0,0,0,0,0,0,0,0,0,0,0,0,0,0,0,0.0270844,0.0129499,-0.0311545,0.649124,0.0931147,0.0196376,-0.0788424,0.0677329,-0.171002,-0.123546,-0.262335,-0.155069,0.434566,0.442137,-0.0983567,0.012476,-0.055092,0.00825069,-0.0193995,0.588917,0.327233,0.599441,0.261095,-0.15872,0.910501,0.749808,-0.0821003,-0.930048,0.023298,-0.296744,0.0318151,-0.63993,-0.365855,-0.0106221,0.142962,0.640211,-0.35483,0.0139534,-0.305169,0.322459,-0.0696112,0.342868,-0.087267,-0.280659,-0.0680098,-0.0749974,0.00861262,0.484691,0.165422,-0.0541847,0.2618,-0.0241621,0.143517,0.399325,0.240838,-0.170294,-0.115054,0.63294,0.000614684,0.0446589,0.0558614,0.581,0.0129496,-0.0270788,-0.999549,0.6,0,0,3,3,3
-5.12818,-1.65399,25.8239,-0.624968,1.54059,-0.609911,0.0206744,0.046519,-0.0518459,-5.12818,-1.65399,25.8239,-0.624968,1.54059,-0.609911,0.0206744,0.046519,-0.0518459,-0.318791,0.0685244,0.00300267,0.707141,-0.40349,0.039349,-0.307536,0.20888,-0.0501637,0.312506,-0.087267,-0.284635,-0.0460189,-0.186796,0.127106,0.455156,0.106141,-0.0793623,0.2618,-0.0269234,0.0504383,0.38855,0.336301,-0.169703,-0.0657704,0.636821,0.00302697,0.0493853,0.0478156,0,0,0,0,0,0,0,0,0,0,0,0,0,0,0,0,0,0,0,0,0,0,0,0,0,0,0,0,0,-0.357225,0.22821,0.0389531,0.741903,-0.443087,0.013817,-0.232726,0.194456,-0.0750448,0.400004,-0.171457,-0.116734,-0.0295606,-0.209579,0.00209911,0.383104,0.263894,-0.00670696,0.304984,-0.0201801,0.128693,0.336664,0.198098,-0.201024,-0.0987907,0.663888,-0.00291045,0.0402931,0.0335113,-2.30627,0.51428,1.49344,3.47798,-2.01555,-0.0993951,-0.542786,0.257219,1.25888,-0.82242,-3.26363,-0.266543,-1.52386,1.15078,-0.63947,0.695379,0.622303,0.0380617,0.827975,-0.0551494,0.708679,1.21234,-0.832248,1.39962,-0.67992,1.66825,0.0469174,0.509843,0.248028,5.60934,-11.0396,0.818988,-31.8749,21.9136,0.191029,-1.52594,4.05326,-2.04233,-0.502692,29.1644,-1.56468,0.73569,2.07325,1.16764,0.784222,-2.02316,-1.45318,-2.62988,-0.0152803,-0.383134,-0.21803,1.35938,-0.76338,0.423385,-2.29904,0.0100107,-0.438575,0.112992,0,0,0,0,0,0,0,0,0,0,0,0,0,0,0,0,0,0,0,0,0,0,0,0,0,0,0,0,0,2.55789,2.55789,2.55789,6.3088,6.3088,1.81445,2.55789,2.55789,1.81445,6.3088,6.3088,0.907223,0.907223,1.81445,1.81445,0.907223,0.907223,1.81445,1.81445,0.907223,0.907223,0.907223,0.907223,0.907223,0.907223,1.06814,1.06814,1.06814,1.06814,40.1792,40.1792,40.1792,99.0984,99.0984,28.5012,40.1792,40.1792,28.5012,99.0984,99.0984,14.2506,14.2506,28.5012,28.5012,14.2506,14.2506,28.5012,28.5012,14.2506,14.2506,14.2506,14.2506,14.2506,14.2506,16.7783,16.7783,16.7783,16.7783,0,0,0,0,0,0,0,0,0,0,0,0,0,0,0,0,0,0,0,0,0,0,0,0,0,0,0,0,0,0,0,0,0,0,0,0,0,0,0,0,0,0,0,0,0,0,0,0,0,0,0,0,0,0,0,0,0,0,0,0,0,0,0,0,0,0,0,0,0,0,0,0,0,0,0,0,0,0,0,0,0,0,0,0,0,0,0,0,0,0,0,0,0,0,0,0,0,0,0,0,0,0,0,0,0,0,0,0,0,0,0,0,0,0,0,0,0,0.0206744,0.046519,-0.0518459,0.581781,0.310779,0.289815,-0.214009,0.0690794,-0.425914,-0.180954,-0.149963,-0.104928,0.275382,0.494235,-0.0124028,0.00815205,-0.0613881,0.0406301,0.125148,0.381484,0.115004,0.662882,0.00548386,-0.114378,0.885934,0.641813,0.108768,-1.01663,-0.115468,0.0983331,0.0897197,-0.648996,-0.318791,0.0685244,0.00300267,0.707141,-0.40349,0.039349,-0.307536,0.20888,-0.0501637,0.312506,-0.087267,-0.284635,-0.0460189,-0.186796,0.127106,0.455156,0.106141,-0.0793623,0.2618,-0.0269234,0.0504383,0.38855,0.336301,-0.169703,-0.0657704,0.636821,0.00302697,0.0493853,0.0478156,0.699,0.0374668,-0.0244379,-0.998999,0.6,0,0,3,3,3
-1.0982,5.16409,21.9996,-0.508616,1.50306,-0.378404,0.0146689,0.0619084,-0.0563983,-1.0982,5.16409,21.9996,-0.508616,1.50306,-0.378404,0.0146689,0.0619084,-0.0563983,-0.294524,0.11806,-0.0683752,0.7496,-0.410657,-0.00615409,-0.270937,0.154291,-0.0965464,0.363878,-0.087267,-0.305625,-0.0302255,-0.246107,0.200988,0.502666,0.189838,-0.0378639,0.2618,-0.0277297,0.0555207,0.324452,0.370966,-0.1688,-0.0307546,0.638546,0.00261182,0.0565126,0.0441577,0,0,0,0,0,0,0,0,0,0,0,0,0,0,0,0,0,0,0,0,0,0,0,0,0,0,0,0,0,-0.380373,0.233063,0.0531964,0.774565,-0.460008,0.0130653,-0.238385,0.194734,-0.0645312,0.390115,-0.197597,-0.105408,-0.0450534,-0.19837,-0.00350546,0.388708,0.267159,-0.00829758,0.315372,-0.0214904,0.130396,0.346845,0.193054,-0.188092,-0.101435,0.676831,-0.00214016,0.0456372,0.0347724,-2.36392,0.56244,1.23901,3.12296,-1.50134,-0.06195,-0.636627,0.0215439,0.944042,-1.06626,-2.02814,2.04232,-1.52749,0.920147,-0.470633,0.473316,0.0806097,-0.292812,1.1409,-0.159903,-0.196857,0.880436,-0.252335,1.171,0.0205835,1.03718,0.086963,0.511662,0.0706186,8.33821,-7.84793,-5.32957,-26.3647,15.3953,0.86586,-1.33143,0.587671,-1.27552,-1.13267,25.407,-3.93261,1.33776,-1.51261,4.58442,0.491497,-2.48881,-1.59981,-3.5108,0.0619565,-1.06073,-0.23672,2.35825,-0.818904,0.593338,-1.85624,-0.00519703,-0.493879,0.141126,0,0,0,0,0,0,0,0,0,0,0,0,0,0,0,0,0,0,0,0,0,0,0,0,0,0,0,0,0,2.55789,2.55789,2.55789,6.3088,6.3088,1.81445,2.55789,2.55789,1.81445,6.3088,6.3088,0.907223,0.907223,1.81445,1.81445,0.907223,0.907223,1.81445,1.81445,0.907223,0.907223,0.907223,0.907223,0.907223,0.907223,1.06814,1.06814,1.06814,1.06814,40.1792,40.1792,40.1792,99.0984,99.0984,28.5012,40.1792,40.1792,28.5012,99.0984,99.0984,14.2506,14.2506,28.5012,28.5012,14.2506,14.2506,28.5012,28.5012,14.2506,14.2506,14.2506,14.2506,14.2506,14.2506,16.7783,16.7783,16.7783,16.7783,0,0,0,0,0,0,0,0,0,0,0,0,0,0,0,0,0,0,0,0,0,0,0,0,0,0,0,0,0,0,0,0,0,0,0,0,0,0,0,0,0,0,0,0,0,0,0,0,0,0,0,0,0,0,0,0,0,0,0,0,0,0,0,0,0,0,0,0,0,0,0,0,0,0,0,0,0,0,0,0,0,0,0,0,0,0,0,0,0,0,0,0,0,0,0,0,0,0,0,0,0,0,0,0,0,0,0,0,0,0,0,0,0,0,0,0,0,0.0146689,0.0619084,-0.0563983,0.69011,0.389819,0.458272,-0.0231704,0.0711387,-0.561149,-0.0863336,-0.0701236,-0.0689172,0.256335,0.517394,0.0319163,0.0749947,-0.0632264,0.0350576,0.215616,0.281786,0.126593,0.758549,-0.124876,-0.220136,0.739783,0.592713,0.229851,-0.870132,-0.135907,0.228735,-0.0140319,-0.696855,-0.294524,0.11806,-0.0683752,0.7496,-0.410657,-0.00615409,-0.270937,0.154291,-0.0965464,0.363878,-0.087267,-0.305625,-0.0302255,-0.246107,0.200988,0.502666,0.189838,-0.0378639,0.2618,-0.0277297,0.0555207,0.324452,0.370966,-0.1688,-0.0307546,0.638546,0.00261182,0.0565126,0.0441577,0.646,0.0618689,-0.0146403,-0.997977,0.6,0,0,3,3,3
-1.10489,0.633831,15.5975,-0.289601,1.39962,-0.0111458,0.00731604,0.0910268,-0.0595708,-1.10489,0.633831,15.5975,-0.289601,1.39962,-0.0111458,0.00731604,0.0910268,-0.0595708,-0.362865,0.0958761,-0.0316973,0.803261,-0.433976,-0.0337458,-0.260596,0.16418,-0.0471188,0.405988,-0.087267,-0.345147,-0.00661232,-0.279092,0.154505,0.577629,0.332998,0.016248,0.2618,-0.0236003,0.090303,0.342615,0.303191,-0.217599,-0.0728654,0.636731,0.00218686,0.0559158,0.0352522,0,0,0,0,0,0,0,0,0,0,0,0,0,0,0,0,0,0,0,0,0,0,0,0,0,0,0,0,0,-0.424951,0.249986,0.0636061,0.825844,-0.480789,0.0107022,-0.258042,0.202654,-0.0527233,0.378366,-0.206309,-0.0644337,-0.0696375,-0.194039,-0.0132095,0.396531,0.256273,-0.0124435,0.331082,-0.0247495,0.124478,0.345356,0.197314,-0.170056,-0.0889321,0.688465,-0.000788638,0.0542688,0.0356449,-1.92461,0.879889,0.0284555,2.0051,-0.674774,-0.123927,-1.07561,0.598027,0.294393,-0.207399,0.422833,1.28319,-0.934872,-0.136674,-0.596243,0.345424,-0.871122,-0.250196,0.447413,-0.158243,-0.324162,-0.384284,0.523468,0.814938,0.889402,0.332301,0.0516709,0.33993,0.0767867,10.2368,-7.58169,-5.57212,-20.6694,11.5615,-0.248194,2.19945,-3.43487,-1.89103,0.167729,9.73809,-4.71516,1.44446,-1.28335,7.10875,1.20675,-0.221363,-0.32312,-2.89884,0.100268,-0.706075,0.0328836,2.07167,-0.695232,0.0703245,-1.2235,0.000896176,-0.335685,0.0733208,0,0,0,0,0,0,0,0,0,0,0,0,0,0,0,0,0,0,0,0,0,0,0,0,0,0,0,0,0,2.55789,2.55789,2.55789,6.3088,6.3088,1.81445,2.55789,2.55789,1.81445,6.3088,6.3088,0.907223,0.907223,1.81445,1.81445,0.907223,0.907223,1.81445,1.81445,0.907223,0.907223,0.907223,0.907223,0.907223,0.907223,1.06814,1.06814,1.06814,1.06814,40.1792,40.1792,40.1792,99.0984,99.0984,28.5012,40.1792,40.1792,28.5012,99.0984,99.0984,14.2506,14.2506,28.5012,28.5012,14.2506,14.2506,28.5012,28.5012,14.2506,14.2506,14.2506,14.2506,14.2506,14.2506,16.7783,16.7783,16.7783,16.7783,0,0,0,0,0,0,0,0,0,0,0,0,0,0,0,0,0,0,0,0,0,0,0,0,0,0,0,0,0,0,0,0,0,0,0,0,0,0,0,0,0,0,0,0,0,0,0,0,0,0,0,0,0,0,0,0,0,0,0,0,0,0,0,0,0,0,0,0,0,0,0,0,0,0,0,0,0,0,0,0,0,0,0,0,0,0,0,0,0,0,0,0,0,0,0,0,0,0,0,0,0,0,0,0,0,0,0,0,0,0,0,0,0,0,0,0,0,0.00731604,0.0910268,-0.0595708,0.861032,0.235285,0.352288,0.303249,-0.0401264,-0.636357,0.037047,-0.16614,-0.0150767,0.437407,0.493029,-0.0928965,0.0938813,-0.053811,0.0293535,0.175101,0.299847,0.2059,0.750539,-0.0578897,-0.107436,0.781196,0.473179,0.382879,-0.750044,-0.202405,0.0402499,-0.0769438,-0.78697,-0.362865,0.0958761,-0.0316973,0.803261,-0.433976,-0.0337458,-0.260596,0.16418,-0.0471188,0.405988,-0.087267,-0.345147,-0.00661232,-0.279092,0.154505,0.577629,0.332998,0.016248,0.2618,-0.0236003,0.090303,0.342615,0.303191,-0.217599,-0.0728654,0.636731,0.00218686,0.0559158,0.0352522,1.108,0.0909011,-0.00728569,-0.995833,0.6,0,0,3,3,3
-0.308994,-0.125059,10.8073,-0.267861,1.16358,-0.0337927,0.00100207,0.119302,-0.0601278,-0.308994,-0.125059,10.8073,-0.267861,1.16358,-0.0337927,0.00100207,0.119302,-0.0601278,-0.411835,0.106201,-0.0264621,0.762091,-0.468289,-0.0320792,-0.233787,0.108068,-0.0132834,0.407673,-0.087267,-0.363436,0.00147904,-0.291499,0.113599,0.607884,0.376761,0.02505,0.2618,-0.0240742,0.0985151,0.382889,0.286765,-0.276079,-0.105177,0.638038,0.00113158,0.0542944,0.0174414,0,0,0,0,0,0,0,0,0,0,0,0,0,0,0,0,0,0,0,0,0,0,0,0,0,0,0,0,0,-0.459783,0.264028,0.0577369,0.858991,-0.489861,0.00828547,-0.281119,0.214021,-0.0533812,0.382817,-0.197318,-0.0563114,-0.080147,-0.197291,-0.0285015,0.409469,0.234996,-0.0143253,0.328619,-0.026618,0.121723,0.339887,0.210708,-0.150591,-0.0721196,0.693784,2.11927e-05,0.0603153,0.0369461,-1.32906,0.421857,-0.454439,1.17307,-0.253985,-0.081083,-0.939993,0.407175,-0.258356,0.381717,0.311158,-0.1363,-0.153435,-0.140907,-0.73564,0.717666,-0.94527,-0.0468093,-0.292784,-0.0487812,-0.125938,-0.153963,0.678297,0.921777,0.634784,0.182441,0.0320872,0.225924,0.0391111,7.30778,-7.91314,-2.54293,-13.0617,7.25224,-1.04068,3.23619,-3.07772,0.564344,0.039181,8.86738,-4.05341,1.23009,-2.07918,6.51014,1.77779,2.23818,0.946193,-1.40055,0.089578,-0.345153,0.182962,0.738444,-1.76286,-0.587612,-1.15578,0.00259436,-0.317665,-0.0717977,0,0,0,0,0,0,0,0,0,0,0,0,0,0,0,0,0,0,0,0,0,0,0,0,0,0,0,0,0,2.55789,2.55789,2.55789,6.3088,6.3088,1.81445,2.55789,2.55789,1.81445,6.3088,6.3088,0.907223,0.907223,1.81445,1.81445,0.907223,0.907223,1.81445,1.81445,0.907223,0.907223,0.907223,0.907223,0.907223,0.907223,1.06814,1.06814,1.06814,1.06814,40.1792,40.1792,40.1792,99.0984,99.0984,28.5012,40.1792,40.1792,28.5012,99.0984,99.0984,14.2506,14.2506,28.5012,28.5012,14.2506,14.2506,28.5012,28.5012,14.2506,14.2506,14.2506,14.2506,14.2506,14.2506,16.7783,16.7783,16.7783,16.7783,0,0,0,0,0,0,0,0,0,0,0,0,0,0,0,0,0,0,0,0,0,0,0,0,0,0,0,0,0,0,0,0,0,0,0,0,0,0,0,0,0,0,0,0,0,0,0,0,0,0,0,0,0,0,0,0,0,0,0,0,0,0,0,0,0,0,0,0,0,0,0,0,0,0,0,0,0,0,0,0,0,0,0,0,0,0,0,0,0,0,0,0,0,0,0,0,0,0,0,0,0,0,0,0,0,0,0,0,0,0,0,0,0,0,0,0,0,0.00100207,0.119302,-0.0601278,0.930017,0.197833,0.259018,0.403033,-0.173468,-0.664646,0.0571164,-0.239813,0.00337236,0.506512,0.510568,-0.182331,0.142843,-0.0548916,0.0151889,0.193959,0.197367,0.224624,0.728776,-0.0483286,-0.0302876,0.873025,0.23411,0.265473,-0.74524,-0.300257,0.102688,-0.0731438,-0.828669,-0.411835,0.106201,-0.0264621,0.762091,-0.468289,-0.0320792,-0.233787,0.108068,-0.0132834,0.407673,-0.087267,-0.363436,0.00147904,-0.291499,0.113599,0.607884,0.376761,0.02505,0.2618,-0.0240742,0.0985151,0.382889,0.286765,-0.276079,-0.105177,0.638038,0.00113158,0.0542944,0.0174414,0.826,0.116708,-0.0015349,-0.993165,0.6,0,0,3,3,3
-0.118643,0.200949,10.7377,-0.205803,0.94605,-0.0596448,-0.00338727,0.138208,-0.0610622,-0.118643,0.200949,10.7377,-0.205803,0.94605,-0.0596448,-0.00338727,0.138208,-0.0610622,-0.442946,0.0187676,0.0469376,0.761537,-0.445586,-0.0453758,-0.247301,0.260607,-0.0585557,0.407722,-0.087267,-0.330917,0.00311973,-0.266063,0.0576569,0.584845,0.42988,0.0471776,0.2618,-0.0170859,0.0947688,0.404889,0.225553,-0.315367,-0.147352,0.634942,0.000798248,0.0483842,0.0137253,0,0,0,0,0,0,0,0,0,0,0,0,0,0,0,0,0,0,0,0,0,0,0,0,0,0,0,0,0,-0.478261,0.26764,0.0486893,0.874655,-0.492459,0.00760132,-0.294267,0.21851,-0.0597646,0.390062,-0.193664,-0.0616914,-0.0786378,-0.198985,-0.042869,0.423851,0.21971,-0.0158291,0.32292,-0.027484,0.120245,0.344497,0.222897,-0.134422,-0.0635224,0.697638,0.000394217,0.0634803,0.0348076,-0.83369,0.0431595,-0.52462,0.664852,-0.0714819,-0.00622115,-0.590764,0.132195,-0.408833,0.393121,0.129317,-0.367114,0.236775,-0.0665992,-0.795295,0.859645,-0.771032,-0.080405,-0.298021,-0.0400657,-0.0606903,0.400409,0.687929,0.852213,0.359963,0.225215,0.0166868,0.155932,-0.171236,4.82909,-6.68094,-1.73146,-15.485,2.92773,-1.10732,3.96662,-4.831,2.0236,-0.695476,9.65451,-3.98526,0.960565,-2.51328,5.87932,1.87848,2.93383,1.31217,-1.19928,0.0857007,-0.253701,0.196635,0.312458,-2.78235,-0.93135,-1.23456,-0.00514635,-0.318763,-0.11448,0,0,0,0,0,0,0,0,0,0,0,0,0,0,0,0,0,0,0,0,0,0,0,0,0,0,0,0,0,2.55789,2.55789,2.55789,6.3088,6.3088,1.81445,2.55789,2.55789,1.81445,6.3088,6.3088,0.907223,0.907223,1.81445,1.81445,0.907223,0.907223,1.81445,1.81445,0.907223,0.907223,0.907223,0.907223,0.907223,0.907223,1.06814,1.06814,1.06814,1.06814,40.1792,40.1792,40.1792,99.0984,99.0984,28.5012,40.1792,40.1792,28.5012,99.0984,99.0984,14.2506,14.2506,28.5012,28.5012,14.2506,14.2506,28.5012,28.5012,14.2506,14.2506,14.2506,14.2506,14.2506,14.2506,16.7783,16.7783,16.7783,16.7783,0,0,0,0,0,0,0,0,0,0,0,0,0,0,0,0,0,0,0,0,0,0,0,0,0,0,0,0,0,0,0,0,0,0,0,0,0,0,0,0,0,0,0,0,0,0,0,0,0,0,0,0,0,0,0,0,0,0,0,0,0,0,0,0,0,0,0,0,0,0,0,0,0,0,0,0,0,0,0,0,0,0,0,0,0,0,0,0,0,0,0,0,0,0,0,0,0,0,0,0,0,0,0,0,0,0,0,0,0,0,0,0,0,0,0,0,0,-0.00338727,0.138208,-0.0610622,0.877485,0.0582623,0.131464,0.524149,-0.263048,-0.606651,0.10757,-0.335977,0.00711329,0.56386,0.469011,-0.239151,0.118162,-0.0389576,0.0107146,0.0342758,0.475955,0.216082,0.649445,0.0857235,-0.133513,0.923187,0.18423,0.263892,-0.745101,-0.235514,0.118295,-0.103461,-0.754523,-0.442946,0.0187676,0.0469376,0.761537,-0.445586,-0.0453758,-0.247301,0.260607,-0.0585557,0.407722,-0.087267,-0.330917,0.00311973,-0.266063,0.0576569,0.584845,0.42988,0.0471776,0.2618,-0.0170859,0.0947688,0.404889,0.225553,-0.315367,-0.147352,0.634942,0.000798248,0.0483842,0.0137253,0.814,0.137769,0.00335497,-0.990459,0.6,0,0,3,3,3
-1.61207,0.456486,10.228,-0.14875,0.822471,-0.274408,-0.00735518,0.155862,-0.0642867,-1.61207,0.456486,10.228,-0.14875,0.822471,-0.274408,-0.00735518,0.155862,-0.0642867,-0.447436,0.0137949,0.0420606,0.805713,-0.438511,-0.0392254,-0.258389,0.322435,-0.0911113,0.379029,-0.087267,-0.303889,-0.00930118,-0.222134,0.0426903,0.57803,0.444022,0.0516034,0.2618,-0.0171279,0.0831035,0.400639,0.21491,-0.28057,-0.138337,0.636292,0.000145198,0.0514557,0.0237915,0,0,0,0,0,0,0,0,0,0,0,0,0,0,0,0,0,0,0,0,0,0,0,0,0,0,0,0,0,-0.490795,0.266332,0.0407741,0.883704,-0.492051,0.00811214,-0.304543,0.219264,-0.0659299,0.398319,-0.192157,-0.0697626,-0.0720307,-0.198751,-0.0593711,0.442054,0.206662,-0.0145974,0.3179,-0.0267854,0.118459,0.355716,0.232749,-0.119024,-0.0686361,0.696637,0.00283697,0.0600762,0.0297415,-0.51398,-0.113728,-0.258782,0.310387,0.0781376,0.0434289,-0.506346,-0.0143959,-0.189694,0.414383,0.0594903,-0.399809,0.383557,0.0743554,-0.795288,0.968517,-0.535503,0.148971,-0.213372,0.0568307,-0.0926216,0.600521,0.256297,0.59774,-0.746528,-0.527153,0.231536,-0.465832,-0.313921,3.24147,-9.6867,0.934563,-14.158,4.18445,-1.59764,3.57128,1.67678,0.572947,-1.66479,10.0267,-3.37041,0.749825,-2.03426,4.75604,1.19411,3.68072,1.51266,-1.2053,0.0878532,-0.252475,0.166443,-0.382318,-3.37704,-0.482673,-0.559103,-0.271113,0.280741,0.0792994,0,0,0,0,0,0,0,0,0,0,0,0,0,0,0,0,0,0,0,0,0,0,0,0,0,0,0,0,0,2.55789,2.55789,2.55789,6.3088,6.3088,1.81445,2.55789,2.55789,1.81445,6.3088,6.3088,0.907223,0.907223,1.81445,1.81445,0.907223,0.907223,1.81445,1.81445,0.907223,0.907223,0.907223,0.907223,0.907223,0.907223,1.06814,1.06814,1.06814,1.06814,40.1792,40.1792,40.1792,99.0984,99.0984,28.5012,40.1792,40.1792,28.5012,99.0984,99.0984,14.2506,14.2506,28.5012,28.5012,14.2506,14.2506,28.5012,28.5012,14.2506,14.2506,14.2506,14.2506,14.2506,14.2506,16.7783,16.7783,16.7783,16.7783,0,0,0,0,0,0,0,0,0,0,0,0,0,0,0,0,0,0,0,0,0,0,0,0,0,0,0,0,0,0,0,0,0,0,0,0,0,0,0,0,0,0,0,0,0,0,0,0,0,0,0,0,0,0,0,0,0,0,0,0,0,0,0,0,0,0,0,0,0,0,0,0,0,0,0,0,0,0,0,0,0,0,0,0,0,0,0,0,0,0,0,0,0,0,0,0,0,0,0,0,0,0,0,0,0,0,0,0,0,0,0,0,0,0,0,0,0,-0.00735518,0.155862,-0.0642867,0.861945,0.0339952,0.0973382,0.556395,-0.183708,-0.506487,0.117661,-0.315423,-0.0212076,0.549762,0.487137,-0.247351,0.097911,-0.0390534,0.00194894,0.025194,0.588872,0.189484,0.690672,0.0768165,-0.207743,0.913496,0.319345,0.389872,-0.826926,-0.215338,0.202584,-0.0894378,-0.692898,-0.447436,0.0137949,0.0420606,0.805713,-0.438511,-0.0392254,-0.258389,0.322435,-0.0911113,0.379029,-0.087267,-0.303889,-0.00930118,-0.222134,0.0426903,0.57803,0.444022,0.0516034,0.2618,-0.0171279,0.0831035,0.400639,0.21491,-0.28057,-0.138337,0.636292,0.000145198,0.0514557,0.0237915,0.73,0.155232,0.00726595,-0.987851,0.6,0,0,3,3,3
-1.69804,0.0129281,9.49015,-0.155964,0.65131,-0.364471,-0.0114501,0.170283,-0.0714835,-1.69804,0.0129281,9.49015,-0.155964,0.65131,-0.364471,-0.0114501,0.170283,-0.0714835,-0.451071,-0.0151824,0.0194848,0.885787,-0.423822,-0.043775,-0.273718,0.323749,-0.101544,0.358028,-0.087267,-0.304822,-0.00801039,-0.194735,0.0424403,0.57254,0.418136,0.04898,0.2618,-0.0151224,0.0839565,0.39355,0.214926,-0.251112,-0.134849,0.636755,0.000300638,0.0548958,0.0352166,0,0,0,0,0,0,0,0,0,0,0,0,0,0,0,0,0,0,0,0,0,0,0,0,0,0,0,0,0,-0.50191,0.264669,0.0331879,0.890557,-0.49067,0.00914782,-0.312073,0.220203,-0.070816,0.401665,-0.189446,-0.0765611,-0.0616293,-0.199027,-0.0737231,0.461845,0.200082,-0.0112331,0.314445,-0.0259303,0.114974,0.365265,0.232,-0.113299,-0.0811768,0.684863,0.00576015,0.0536593,0.027835,-0.56772,-0.0582886,-0.452163,0.368313,0.0563539,0.057989,-0.285868,0.0915162,-0.277149,0.0276368,0.160623,-0.328026,0.572309,-0.0600803,-0.665063,0.960241,-0.137787,0.161339,-0.145207,0.0373956,-0.189223,0.395709,-0.255585,0.061591,-0.461764,-0.453558,0.0518558,-0.186798,-0.0347169,3.60617,-9.92693,1.45892,-10.6487,4.81071,-1.47851,2.90477,3.89635,-0.0951363,-2.51795,9.13981,-2.95317,0.242119,-0.559734,4.50461,0.798216,3.6376,1.50093,-1.23193,0.0916991,-0.283287,0.14284,-0.0570347,-2.47649,-0.374762,-0.292087,-0.166473,0.188019,-0.0314045,0,0,0,0,0,0,0,0,0,0,0,0,0,0,0,0,0,0,0,0,0,0,0,0,0,0,0,0,0,2.55789,2.55789,2.55789,6.3088,6.3088,1.81445,2.55789,2.55789,1.81445,6.3088,6.3088,0.907223,0.907223,1.81445,1.81445,0.907223,0.907223,1.81445,1.81445,0.907223,0.907223,0.907223,0.907223,0.907223,0.907223,1.06814,1.06814,1.06814,1.06814,40.1792,40.1792,40.1792,99.0984,99.0984,28.5012,40.1792,40.1792,28.5012,99.0984,99.0984,14.2506,14.2506,28.5012,28.5012,14.2506,14.2506,28.5012,28.5012,14.2506,14.2506,14.2506,14.2506,14.2506,14.2506,16.7783,16.7783,16.7783,16.7783,0,0,0,0,0,0,0,0,0,0,0,0,0,0,0,0,0,0,0,0,0,0,0,0,0,0,0,0,0,0,0,0,0,0,0,0,0,0,0,0,0,0,0,0,0,0,0,0,0,0,0,0,0,0,0,0,0,0,0,0,0,0,0,0,0,0,0,0,0,0,0,0,0,0,0,0,0,0,0,0,0,0,0,0,0,0,0,0,0,0,0,0,0,0,0,0,0,0,0,0,0,0,0,0,0,0,0,0,0,0,0,0,0,0,0,0,0,-0.0114501,0.170283,-0.0714835,0.849428,0.0340317,0.0967681,0.497373,-0.11654,-0.444016,0.111679,-0.30747,-0.0182645,0.553925,0.493354,-0.253989,0.0699157,-0.0344805,0.00403537,-0.027728,0.591272,0.191429,0.736847,0.0355857,-0.231531,0.897332,0.472701,0.618224,-0.886816,-0.173449,0.198396,-0.0998114,-0.695026,-0.451071,-0.0151824,0.0194848,0.885787,-0.423822,-0.043775,-0.273718,0.323749,-0.101544,0.358028,-0.087267,-0.304822,-0.00801039,-0.194735,0.0424403,0.57254,0.418136,0.04898,0.2618,-0.0151224,0.0839565,0.39355,0.214926,-0.251112,-0.134849,0.636755,0.000300638,0.0548958,0.0352166,0.772,0.169462,0.0112843,-0.985472,0.6,0,0,3,3,3
-2.29648,-0.0876033,8.77098,-0.179558,0.522908,-0.203306,-0.0157701,0.181551,-0.0775094,-2.29648,-0.0876033,8.77098,-0.179558,0.522908,-0.203306,-0.0157701,0.181551,-0.0775094,-0.475529,-0.00109476,-0.0217288,0.931183,-0.430888,-0.043512,-0.317105,0.227053,-0.0779914,0.369958,-0.087267,-0.325116,0.0106258,-0.23037,0.0228762,0.570736,0.408164,0.0479441,0.2618,-0.0166756,0.0775922,0.396035,0.235758,-0.252498,-0.138926,0.635999,-8.70457e-05,0.0580625,0.0363681,0,0,0,0,0,0,0,0,0,0,0,0,0,0,0,0,0,0,0,0,0,0,0,0,0,0,0,0,0,-0.517013,0.264157,0.0187983,0.901652,-0.49059,0.00998858,-0.316655,0.223753,-0.0797679,0.399058,-0.185767,-0.0823659,-0.049021,-0.203307,-0.0847679,0.479033,0.200952,-0.00773778,0.311412,-0.0247337,0.111952,0.370497,0.224506,-0.115619,-0.0889253,0.67894,0.0058108,0.0529215,0.029635,-0.824237,-0.00126006,-0.848538,0.663309,-0.0336812,0.0473499,-0.181411,0.226405,-0.531259,-0.184056,0.177021,-0.255114,0.612203,-0.288685,-0.516673,0.734111,0.193914,0.180981,-0.141038,0.0613161,-0.132236,0.199174,-0.453476,-0.229432,-0.323524,-0.141525,-0.0391309,0.0541595,0.115656,4.69746,-11.2107,2.10671,-5.55012,6.78525,-1.60991,2.20089,3.47074,0.303018,-2.93533,8.64915,-2.93788,0.0306901,0.743001,4.53318,0.656428,2.95592,1.29989,-1.15638,0.0818516,-0.279252,0.146477,0.249775,-1.74762,-0.357105,-0.522027,-0.0615623,-0.00383817,-0.0281186,0,0,0,0,0,0,0,0,0,0,0,0,0,0,0,0,0,0,0,0,0,0,0,0,0,0,0,0,0,2.55789,2.55789,2.55789,6.3088,6.3088,1.81445,2.55789,2.55789,1.81445,6.3088,6.3088,0.907223,0.907223,1.81445,1.81445,0.907223,0.907223,1.81445,1.81445,0.907223,0.907223,0.907223,0.907223,0.907223,0.907223,1.06814,1.06814,1.06814,1.06814,40.1792,40.1792,40.1792,99.0984,99.0984,28.5012,40.1792,40.1792,28.5012,99.0984,99.0984,14.2506,14.2506,28.5012,28.5012,14.2506,14.2506,28.5012,28.5012,14.2506,14.2506,14.2506,14.2506,14.2506,14.2506,16.7783,16.7783,16.7783,16.7783,0,0,0,0,0,0,0,0,0,0,0,0,0,0,0,0,0,0,0,0,0,0,0,0,0,0,0,0,0,0,0,0,0,0,0,0,0,0,0,0,0,0,0,0,0,0,0,0,0,0,0,0,0,0,0,0,0,0,0,0,0,0,0,0,0,0,0,0,0,0,0,0,0,0,0,0,0,0,0,0,0,0,0,0,0,0,0,0,0,0,0,0,0,0,0,0,0,0,0,0,0,0,0,0,0,0,0,0,0,0,0,0,0,0,0,0,0,-0.0157701,0.181551,-0.0775094,0.845315,0.0815326,0.05216,0.474634,-0.1197,-0.525266,0.109317,-0.316765,0.0242279,0.565859,0.483197,-0.298657,-0.00932406,-0.0380221,-0.00116839,-0.0019994,0.414673,0.176918,0.779354,-0.039684,-0.177828,0.902999,0.488157,0.747681,-0.852794,-0.193599,0.154823,-0.0992117,-0.741298,-0.475529,-0.00109476,-0.0217288,0.931183,-0.430888,-0.043512,-0.317105,0.227053,-0.0779914,0.369958,-0.087267,-0.325116,0.0106258,-0.23037,0.0228762,0.570736,0.408164,0.0479441,0.2618,-0.0166756,0.0775922,0.396035,0.235758,-0.252498,-0.138926,0.635999,-8.70457e-05,0.0580625,0.0363681,0.902,0.180555,0.0155103,-0.983443,0.6,0,0,3,3,3
-2.95858,0.0985216,8.54771,-0.177895,0.484382,0.0474451,-0.0196179,0.191184,-0.0790654,-2.95858,0.0985216,8.54771,-0.177895,0.484382,0.0474451,-0.0196179,0.191184,-0.0790654,-0.455015,-0.0174875,-0.0329733,0.949453,-0.401438,-0.0466201,-0.344028,0.160177,-0.0691127,0.381615,-0.087267,-0.341236,0.0286729,-0.249038,0.0181586,0.58325,0.363606,0.0267883,0.2618,-0.018395,0.0673355,0.375353,0.252209,-0.219541,-0.122745,0.634208,0.000121631,0.0596968,0.0352015,0,0,0,0,0,0,0,0,0,0,0,0,0,0,0,0,0,0,0,0,0,0,0,0,0,0,0,0,0,-0.537466,0.263399,-0.00168964,0.918268,-0.492227,0.0106323,-0.322964,0.228195,-0.0931088,0.39802,-0.18363,-0.0856915,-0.0377717,-0.210716,-0.092795,0.490559,0.207881,-0.00403237,0.308726,-0.0240192,0.10836,0.374369,0.216366,-0.122377,-0.0947566,0.676792,0.00449418,0.0557541,0.0320241,-1.0777,-0.0603394,-1.09267,0.915691,-0.111844,0.0479997,-0.359794,0.208441,-0.727797,0.0522785,0.0634934,-0.0581504,0.494737,-0.4134,-0.401163,0.412904,0.45695,0.199816,-0.123138,0.0316831,-0.191844,0.181608,-0.383064,-0.411715,-0.281669,-0.063435,-0.0687938,0.157918,0.107445,5.17839,-10.4847,1.90217,-4.26852,6.73583,-1.61703,1.13292,-0.572144,1.70652,-2.98158,9.12295,-3.33699,0.234879,0.160345,3.97868,0.74256,2.47372,1.13728,-1.11348,0.077047,-0.267495,0.145766,0.614814,-1.50445,-0.381707,-0.604646,-0.00379013,-0.126684,-0.0429816,0,0,0,0,0,0,0,0,0,0,0,0,0,0,0,0,0,0,0,0,0,0,0,0,0,0,0,0,0,2.55789,2.55789,2.55789,6.3088,6.3088,1.81445,2.55789,2.55789,1.81445,6.3088,6.3088,0.907223,0.907223,1.81445,1.81445,0.907223,0.907223,1.81445,1.81445,0.907223,0.907223,0.907223,0.907223,0.907223,0.907223,1.06814,1.06814,1.06814,1.06814,40.1792,40.1792,40.1792,99.0984,99.0984,28.5012,40.1792,40.1792,28.5012,99.0984,99.0984,14.2506,14.2506,28.5012,28.5012,14.2506,14.2506,28.5012,28.5012,14.2506,14.2506,14.2506,14.2506,14.2506,14.2506,16.7783,16.7783,16.7783,16.7783,0,0,0,0,0,0,0,0,0,0,0,0,0,0,0,0,0,0,0,0,0,0,0,0,0,0,0,0,0,0,0,0,0,0,0,0,0,0,0,0,0,0,0,0,0,0,0,0,0,0,0,0,0,0,0,0,0,0,0,0,0,0,0,0,0,0,0,0,0,0,0,0,0,0,0,0,0,0,0,0,0,0,0,0,0,0,0,0,0,0,0,0,0,0,0,0,0,0,0,0,0,0,0,0,0,0,0,0,0,0,0,0,0,0,0,0,0,-0.0196179,0.191184,-0.0790654,0.873848,0.119043,0.0414035,0.373038,-0.0445555,-0.567831,0.06108,-0.279872,0.0653772,0.564171,0.459164,-0.261193,-0.0584928,-0.0419425,0.00163262,-0.0319379,0.292536,0.153532,0.80129,-0.06022,-0.157584,0.855841,0.472497,0.799782,-0.819553,-0.109615,0.177931,-0.106298,-0.778053,-0.455015,-0.0174875,-0.0329733,0.949453,-0.401438,-0.0466201,-0.344028,0.160177,-0.0691127,0.381615,-0.087267,-0.341236,0.0286729,-0.249038,0.0181586,0.58325,0.363606,0.0267883,0.2618,-0.018395,0.0673355,0.375353,0.252209,-0.219541,-0.122745,0.634208,0.000121631,0.0596968,0.0352015,0.736,0.190021,0.0192592,-0.981591,0.6,0,0,3,3,3
-3.25923,0.081044,9.43227,-0.178036,0.552979,0.274935,-0.0225441,0.201718,-0.0756876,-3.25923,0.081044,9.43227,-0.178036,0.552979,0.274935,-0.0225441,0.201718,-0.0756876,-0.446627,-0.0586919,-0.0100219,0.967695,-0.358651,-0.0512932,-0.353147,0.148302,-0.0616362,0.386627,-0.087267,-0.355246,0.0462918,-0.242132,0.0122527,0.583513,0.322224,0.00824894,0.2618,-0.0171159,0.0495231,0.358447,0.248541,-0.199765,-0.11464,0.631719,0.000923752,0.058422,0.0333656,0,0,0,0,0,0,0,0,0,0,0,0,0,0,0,0,0,0,0,0,0,0,0,0,0,0,0,0,0,-0.558115,0.259871,-0.0234228,0.936283,-0.493351,0.0120169,-0.331039,0.230048,-0.10819,0.402885,-0.18387,-0.0838304,-0.0294288,-0.218037,-0.10232,0.494761,0.219235,-0.00136355,0.30668,-0.0236293,0.102905,0.374091,0.20934,-0.131335,-0.0994574,0.675518,0.0033147,0.0589626,0.0331024,-0.965242,-0.254632,-1.05568,0.861361,-0.0214179,0.095485,-0.407029,0.00976354,-0.755189,0.350807,-0.0441863,0.216691,0.351491,-0.333084,-0.544501,0.050342,0.622401,0.0943851,-0.0970684,0.0178446,-0.288175,-0.0931417,-0.329627,-0.466149,-0.208149,-0.0532156,-0.0520417,0.14609,0.0345346,6.58096,-10.5432,2.26007,-4.02969,9.26916,-1.82717,0.498927,-2.86609,2.44859,-4.1669,9.83106,-3.83694,0.503544,-0.288974,4.36599,1.1858,1.51629,0.630789,-1.10765,0.0592068,-0.249659,0.0964392,0.904459,-0.849979,-0.145741,-0.63246,0.00181879,-0.143346,-0.00225568,0,0,0,0,0,0,0,0,0,0,0,0,0,0,0,0,0,0,0,0,0,0,0,0,0,0,0,0,0,2.55789,2.55789,2.55789,6.3088,6.3088,1.81445,2.55789,2.55789,1.81445,6.3088,6.3088,0.907223,0.907223,1.81445,1.81445,0.907223,0.907223,1.81445,1.81445,0.907223,0.907223,0.907223,0.907223,0.907223,0.907223,1.06814,1.06814,1.06814,1.06814,40.1792,40.1792,40.1792,99.0984,99.0984,28.5012,40.1792,40.1792,28.5012,99.0984,99.0984,14.2506,14.2506,28.5012,28.5012,14.2506,14.2506,28.5012,28.5012,14.2506,14.2506,14.2506,14.2506,14.2506,14.2506,16.7783,16.7783,16.7783,16.7783,0,0,0,0,0,0,0,0,0,0,0,0,0,0,0,0,0,0,0,0,0,0,0,0,0,0,0,0,0,0,0,0,0,0,0,0,0,0,0,0,0,0,0,0,0,0,0,0,0,0,0,0,0,0,0,0,0,0,0,0,0,0,0,0,0,0,0,0,0,0,0,0,0,0,0,0,0,0,0,0,0,0,0,0,0,0,0,0,0,0,0,0,0,0,0,0,0,0,0,0,0,0,0,0,0,0,0,0,0,0,0,0,0,0,0,0,0,-0.0225441,0.201718,-0.0756876,0.874448,0.110678,0.0279374,0.278684,0.00053642,-0.552085,0.0188084,-0.26139,0.10555,0.561204,0.425758,-0.245874,-0.0751481,-0.039026,0.0123992,-0.107191,0.270848,0.112917,0.784178,-0.0183033,-0.140537,0.817294,0.447855,0.851805,-0.805258,0.0124019,0.197001,-0.116954,-0.809996,-0.446627,-0.0586919,-0.0100219,0.967695,-0.358651,-0.0512932,-0.353147,0.148302,-0.0616362,0.386627,-0.087267,-0.355246,0.0462918,-0.242132,0.0122527,0.583513,0.322224,0.00824894,0.2618,-0.0171159,0.0495231,0.358447,0.248541,-0.199765,-0.11464,0.631719,0.000923752,0.058422,0.0333656,0.748,0.200353,0.0220852,-0.979475,0.6,0,0,3,3,3
-3.26041,0.337546,9.98979,-0.176307,0.634566,0.407672,-0.0247254,0.213982,-0.0687544,-3.26041,0.337546,9.98979,-0.176307,0.634566,0.407672,-0.0247254,0.213982,-0.0687544,-0.425064,-0.0742981,0.00810858,0.970808,-0.319677,-0.0524833,-0.350608,0.135812,-0.0759654,0.390147,-0.087267,-0.36353,0.0572839,-0.235749,0.0109851,0.591861,0.315367,0.00518988,0.2618,-0.0199273,0.0466782,0.331034,0.264838,-0.183052,-0.102701,0.631436,0.000814644,0.0581713,0.032688,0,0,0,0,0,0,0,0,0,0,0,0,0,0,0,0,0,0,0,0,0,0,0,0,0,0,0,0,0,-0.575304,0.25154,-0.044167,0.951784,-0.491289,0.0139972,-0.339322,0.22773,-0.121987,0.412254,-0.185432,-0.078163,-0.0239356,-0.222672,-0.115132,0.492396,0.231658,-0.000644095,0.305242,-0.0228931,0.094344,0.369582,0.2024,-0.140313,-0.102953,0.674991,0.00256984,0.0613929,0.033078,-0.755183,-0.533235,-1.03253,0.67709,0.15585,0.124905,-0.410463,-0.191669,-0.620891,0.520784,-0.07884,0.326466,0.197518,-0.170149,-0.695355,-0.235774,0.587291,-0.00176761,-0.0802104,0.0435676,-0.455225,-0.263185,-0.354303,-0.434275,-0.152073,-0.0161371,-0.0311377,0.107701,-0.0105695,7.10348,-11.1917,3.94309,-2.71812,12.2145,-2.0369,0.467429,-2.74268,2.84136,-5.70344,10.2367,-4.2294,0.80903,-0.241456,4.84221,1.48509,0.763413,0.248491,-1.10476,0.0440603,-0.232625,0.0749723,0.969663,-0.463284,-0.029155,-0.70843,0.0055222,-0.16399,0.0159799,0,0,0,0,0,0,0,0,0,0,0,0,0,0,0,0,0,0,0,0,0,0,0,0,0,0,0,0,0,2.55789,2.55789,2.55789,6.3088,6.3088,1.81445,2.55789,2.55789,1.81445,6.3088,6.3088,0.907223,0.907223,1.81445,1.81445,0.907223,0.907223,1.81445,1.81445,0.907223,0.907223,0.907223,0.907223,0.907223,0.907223,1.06814,1.06814,1.06814,1.06814,40.1792,40.1792,40.1792,99.0984,99.0984,28.5012,40.1792,40.1792,28.5012,99.0984,99.0984,14.2506,14.2506,28.5012,28.5012,14.2506,14.2506,28.5012,28.5012,14.2506,14.2506,14.2506,14.2506,14.2506,14.2506,16.7783,16.7783,16.7783,16.7783,0,0,0,0,0,0,0,0,0,0,0,0,0,0,0,0,0,0,0,0,0,0,0,0,0,0,0,0,0,0,0,0,0,0,0,0,0,0,0,0,0,0,0,0,0,0,0,0,0,0,0,0,0,0,0,0,0,0,0,0,0,0,0,0,0,0,0,0,0,0,0,0,0,0,0,0,0,0,0,0,0,0,0,0,0,0,0,0,0,0,0,0,0,0,0,0,0,0,0,0,0,0,0,0,0,0,0,0,0,0,0,0,0,0,0,0,0,-0.0247254,0.213982,-0.0687544,0.893482,0.147836,0.0250472,0.263048,0.0386424,-0.537531,0.0118334,-0.234168,0.130613,0.547148,0.421961,-0.206492,-0.0705115,-0.0454362,0.0109347,-0.135693,0.248038,0.106431,0.780814,0.0148089,-0.173209,0.754791,0.43876,0.860683,-0.795221,0.123548,0.238932,-0.119667,-0.828884,-0.425064,-0.0742981,0.00810858,0.970808,-0.319677,-0.0524833,-0.350608,0.135812,-0.0759654,0.390147,-0.087267,-0.36353,0.0572839,-0.235749,0.0109851,0.591861,0.315367,0.00518988,0.2618,-0.0199273,0.0466782,0.331034,0.264838,-0.183052,-0.102701,0.631436,0.000814644,0.0581713,0.032688,0.909,0.212353,0.024159,-0.976894,0.6,0,0,3,3,3
-3.20132,0.185711,10.3793,-0.178873,0.700067,0.497395,-0.0263508,0.227866,-0.0596821,-3.20132,0.185711,10.3793,-0.178873,0.700067,0.497395,-0.0263508,0.227866,-0.0596821,-0.402033,-0.0846327,0.0299692,0.977697,-0.28958,-0.0561707,-0.35184,0.15203,-0.0975509,0.395496,-0.087267,-0.36358,0.0638898,-0.234068,0.00383762,0.60484,0.336334,0.0160247,0.2618,-0.0213483,0.0531133,0.304248,0.279705,-0.171546,-0.0942101,0.632227,0.00041908,0.0590803,0.0334626,0,0,0,0,0,0,0,0,0,0,0,0,0,0,0,0,0,0,0,0,0,0,0,0,0,0,0,0,0,-0.587554,0.238688,-0.0626085,0.962955,-0.485155,0.0162377,-0.346551,0.221638,-0.13268,0.423276,-0.186917,-0.071953,-0.0215601,-0.223811,-0.131111,0.48496,0.242099,-0.000562951,0.30329,-0.022635,0.0856234,0.359498,0.195181,-0.148105,-0.104587,0.674446,0.00199141,0.0631294,0.0324866,-0.518088,-0.702177,-0.82986,0.463526,0.397635,0.103295,-0.330128,-0.371152,-0.464795,0.543428,-0.0533204,0.285301,0.051428,0.00951579,-0.838814,-0.460621,0.463234,-0.0169017,-0.109393,0.00345983,-0.400471,-0.553228,-0.350296,-0.350176,-0.0365112,-0.04231,-0.0261769,0.0727735,-0.0275241,7.85376,-10.8507,4.94912,-2.18121,14.036,-2.14782,0.666744,-2.55016,2.4608,-6.6503,10.2471,-4.41305,1.06423,-0.34206,5.52468,1.91485,0.622884,0.184549,-0.995085,0.0355286,-0.194023,0.0895732,1.3046,-0.182591,0.0652825,-0.681218,0.00812522,-0.161464,0.0340983,0,0,0,0,0,0,0,0,0,0,0,0,0,0,0,0,0,0,0,0,0,0,0,0,0,0,0,0,0,2.55789,2.55789,2.55789,6.3088,6.3088,1.81445,2.55789,2.55789,1.81445,6.3088,6.3088,0.907223,0.907223,1.81445,1.81445,0.907223,0.907223,1.81445,1.81445,0.907223,0.907223,0.907223,0.907223,0.907223,0.907223,1.06814,1.06814,1.06814,1.06814,40.1792,40.1792,40.1792,99.0984,99.0984,28.5012,40.1792,40.1792,28.5012,99.0984,99.0984,14.2506,14.2506,28.5012,28.5012,14.2506,14.2506,28.5012,28.5012,14.2506,14.2506,14.2506,14.2506,14.2506,14.2506,16.7783,16.7783,16.7783,16.7783,0,0,0,0,0,0,0,0,0,0,0,0,0,0,0,0,0,0,0,0,0,0,0,0,0,0,0,0,0,0,0,0,0,0,0,0,0,0,0,0,0,0,0,0,0,0,0,0,0,0,0,0,0,0,0,0,0,0,0,0,0,0,0,0,0,0,0,0,0,0,0,0,0,0,0,0,0,0,0,0,0,0,0,0,0,0,0,0,0,0,0,0,0,0,0,0,0,0,0,0,0,0,0,0,0,0,0,0,0,0,0,0,0,0,0,0,0,-0.0263508,0.227866,-0.0596821,0.923076,0.181735,0.00875015,0.310854,0.0648786,-0.533698,0.0365379,-0.214809,0.145675,0.54798,0.432578,-0.16443,-0.0727602,-0.0486762,0.00562517,-0.154567,0.277658,0.121104,0.793015,0.0547337,-0.222426,0.693716,0.449158,0.880327,-0.779965,0.209376,0.227578,-0.128075,-0.828998,-0.402033,-0.0846327,0.0299692,0.977697,-0.28958,-0.0561707,-0.35184,0.15203,-0.0975509,0.395496,-0.087267,-0.36358,0.0638898,-0.234068,0.00383762,0.60484,0.336334,0.0160247,0.2618,-0.0213483,0.0531133,0.304248,0.279705,-0.171546,-0.0942101,0.632227,0.00041908,0.0590803,0.0334626,0.869,0.225899,0.0256667,-0.973813,0.6,0,0,3,3,3
-3.03987,0.224603,10.1586,-0.174348,0.728562,0.531064,-0.0275631,0.242703,-0.0494277,-3.03987,0.224603,10.1586,-0.174348,0.728562,0.531064,-0.0275631,0.242703,-0.0494277,-0.388395,-0.0940877,0.0364415,0.990107,-0.279421,-0.0597713,-0.353132,0.150829,-0.113554,0.419597,-0.087267,-0.365677,0.0691925,-0.228437,0.00107865,0.615185,0.3533,0.0253525,0.2618,-0.0238973,0.0637352,0.283084,0.301591,-0.182155,-0.0973738,0.632695,8.05556e-05,0.0615435,0.0332996,0,0,0,0,0,0,0,0,0,0,0,0,0,0,0,0,0,0,0,0,0,0,0,0,0,0,0,0,0,-0.5956,0.224115,-0.0763318,0.970594,-0.474753,0.0168389,-0.351985,0.213054,-0.140124,0.433927,-0.187577,-0.0682591,-0.0219668,-0.222006,-0.149477,0.474316,0.249764,0.000438847,0.300265,-0.0228047,0.0796717,0.344167,0.188274,-0.153808,-0.104003,0.672941,0.00144478,0.0643599,0.0321068,-0.332354,-0.734861,-0.588227,0.318109,0.584215,-0.0220219,-0.240113,-0.455055,-0.299907,0.503288,-0.00558074,0.106777,-0.0812504,0.129747,-0.936617,-0.570971,0.332412,0.0521105,-0.158158,-0.0129285,-0.243797,-0.775429,-0.32796,-0.231855,0.068702,-0.0984279,-0.0250326,0.0494676,-0.00947747,8.628,-10.5786,5.77827,-1.32782,14.8199,-2.0541,0.610329,-1.32805,1.76736,-6.94964,10.0235,-4.31676,1.28292,-0.56613,6.025,2.35804,0.930993,0.344655,-0.816711,0.0323594,-0.157215,0.130166,1.59622,-0.0388457,0.0844431,-0.585011,0.00953532,-0.142834,0.034745,0,0,0,0,0,0,0,0,0,0,0,0,0,0,0,0,0,0,0,0,0,0,0,0,0,0,0,0,0,2.55789,2.55789,2.55789,6.3088,6.3088,1.81445,2.55789,2.55789,1.81445,6.3088,6.3088,0.907223,0.907223,1.81445,1.81445,0.907223,0.907223,1.81445,1.81445,0.907223,0.907223,0.907223,0.907223,0.907223,0.907223,1.06814,1.06814,1.06814,1.06814,40.1792,40.1792,40.1792,99.0984,99.0984,28.5012,40.1792,40.1792,28.5012,99.0984,99.0984,14.2506,14.2506,28.5012,28.5012,14.2506,14.2506,28.5012,28.5012,14.2506,14.2506,14.2506,14.2506,14.2506,14.2506,16.7783,16.7783,16.7783,16.7783,0,0,0,0,0,0,0,0,0,0,0,0,0,0,0,0,0,0,0,0,0,0,0,0,0,0,0,0,0,0,0,0,0,0,0,0,0,0,0,0,0,0,0,0,0,0,0,0,0,0,0,0,0,0,0,0,0,0,0,0,0,0,0,0,0,0,0,0,0,0,0,0,0,0,0,0,0,0,0,0,0,0,0,0,0,0,0,0,0,0,0,0,0,0,0,0,0,0,0,0,0,0,0,0,0,0,0,0,0,0,0,0,0,0,0,0,0,-0.0275631,0.242703,-0.0494277,0.946662,0.231637,0.00245943,0.349539,0.0406876,-0.520859,0.0578062,-0.222022,0.157766,0.538576,0.438851,-0.139523,-0.0751202,-0.0544883,0.00108127,-0.171835,0.275463,0.145323,0.826077,0.0665542,-0.258913,0.64546,0.446969,0.915719,-0.711237,0.238348,0.246329,-0.136285,-0.833781,-0.388395,-0.0940877,0.0364415,0.990107,-0.279421,-0.0597713,-0.353132,0.150829,-0.113554,0.419597,-0.087267,-0.365677,0.0691925,-0.228437,0.00107865,0.615185,0.3533,0.0253525,0.2618,-0.0238973,0.0637352,0.283084,0.301591,-0.182155,-0.0973738,0.632695,8.05556e-05,0.0615435,0.0332996,0.827,0.240327,0.0267519,-0.970323,0.6,0,0,3,3,3
-2.88885,0.447932,9.51546,-0.152993,0.69223,0.536427,-0.028268,0.257304,-0.0387909,-2.88885,0.447932,9.51546,-0.152993,0.69223,0.536427,-0.028268,0.257304,-0.0387909,-0.400474,-0.098733,0.0400889,1.0136,-0.267498,-0.0626992,-0.357165,0.16866,-0.126186,0.442602,-0.087267,-0.365039,0.0713134,-0.21215,-0.0138993,0.614157,0.369512,0.0346093,0.2618,-0.0236082,0.0627324,0.271209,0.307983,-0.201191,-0.108621,0.632665,-0.000331708,0.0626978,0.0317724,0,0,0,0,0,0,0,0,0,0,0,0,0,0,0,0,0,0,0,0,0,0,0,0,0,0,0,0,0,-0.601227,0.20928,-0.0856263,0.976437,-0.461897,0.0154302,-0.357254,0.203165,-0.144632,0.445517,-0.18821,-0.0686897,-0.0249742,-0.218367,-0.168269,0.462835,0.255388,0.00241832,0.296249,-0.0234997,0.077269,0.326415,0.18259,-0.157252,-0.10205,0.669795,0.000977015,0.0654241,0.0321225,-0.245484,-0.732369,-0.384707,0.273482,0.661954,-0.0928948,-0.26432,-0.507066,-0.174835,0.599359,-0.0288561,-0.0854527,-0.193677,0.191343,-0.928801,-0.570776,0.24706,0.0961479,-0.194906,-0.0393483,-0.0728992,-0.852235,-0.247565,-0.13175,0.111124,-0.184109,-0.0205469,0.0413282,0.00666115,9.17711,-10.3608,5.8937,-0.350092,14.0263,-1.9826,0.828018,-0.842384,1.21052,-6.26416,10.2113,-4.16486,1.5056,-0.63078,6.47032,2.67553,1.17048,0.47669,-0.629901,0.0297739,-0.125393,0.153223,1.92007,-0.232121,-0.0295692,-0.433346,0.0069896,-0.11175,0.0138576,0,0,0,0,0,0,0,0,0,0,0,0,0,0,0,0,0,0,0,0,0,0,0,0,0,0,0,0,0,2.55789,2.55789,2.55789,6.3088,6.3088,1.81445,2.55789,2.55789,1.81445,6.3088,6.3088,0.907223,0.907223,1.81445,1.81445,0.907223,0.907223,1.81445,1.81445,0.907223,0.907223,0.907223,0.907223,0.907223,0.907223,1.06814,1.06814,1.06814,1.06814,40.1792,40.1792,40.1792,99.0984,99.0984,28.5012,40.1792,40.1792,28.5012,99.0984,99.0984,14.2506,14.2506,28.5012,28.5012,14.2506,14.2506,28.5012,28.5012,14.2506,14.2506,14.2506,14.2506,14.2506,14.2506,16.7783,16.7783,16.7783,16.7783,0,0,0,0,0,0,0,0,0,0,0,0,0,0,0,0,0,0,0,0,0,0,0,0,0,0,0,0,0,0,0,0,0,0,0,0,0,0,0,0,0,0,0,0,0,0,0,0,0,0,0,0,0,0,0,0,0,0,0,0,0,0,0,0,0,0,0,0,0,0,0,0,0,0,0,0,0,0,0,0,0,0,0,0,0,0,0,0,0,0,0,0,0,0,0,0,0,0,0,0,0,0,0,0,0,0,0,0,0,0,0,0,0,0,0,0,0,-0.028268,0.257304,-0.0387909,0.944319,0.246213,-0.0316918,0.386504,-0.00271474,-0.483723,0.0789126,-0.247667,0.162602,0.530456,0.43845,-0.161583,-0.0824852,-0.053829,-0.0044524,-0.180319,0.308028,0.143036,0.841572,0.0732156,-0.287716,0.618383,0.42647,0.982706,-0.645631,0.272347,0.246928,-0.142961,-0.832325,-0.400474,-0.098733,0.0400889,1.0136,-0.267498,-0.0626992,-0.357165,0.16866,-0.126186,0.442602,-0.087267,-0.365039,0.0713134,-0.21215,-0.0138993,0.614157,0.369512,0.0346093,0.2618,-0.0236082,0.0627324,0.271209,0.307983,-0.201191,-0.108621,0.632665,-0.000331708,0.0626978,0.0317724,0.695,0.254474,0.0273337,-0.966693,0.6,0,0,3,3,3
-3.10073,0.634806,8.85914,-0.124408,0.650222,0.496663,-0.0283816,0.270983,-0.0285176,-3.10073,0.634806,8.85914,-0.124408,0.650222,0.496663,-0.0283816,0.270983,-0.0285176,-0.421237,-0.100901,0.0376676,1.0488,-0.25877,-0.05941,-0.37346,0.180785,-0.129884,0.460293,-0.087267,-0.364711,0.0709999,-0.193221,-0.0289826,0.600959,0.382353,0.0423564,0.2618,-0.0224774,0.0553483,0.262549,0.317015,-0.221701,-0.121532,0.633022,-0.000832289,0.0638706,0.0298358,0,0,0,0,0,0,0,0,0,0,0,0,0,0,0,0,0,0,0,0,0,0,0,0,0,0,0,0,0,-0.607207,0.19516,-0.0921409,0.983729,-0.447622,0.0124833,-0.363524,0.193158,-0.147365,0.458956,-0.189226,-0.0725675,-0.0293425,-0.214691,-0.18646,0.452277,0.259558,0.00524761,0.292126,-0.0240977,0.0756541,0.309414,0.178135,-0.159093,-0.100303,0.665665,0.000579891,0.0661324,0.0322596,-0.312593,-0.669872,-0.281597,0.418918,0.721982,-0.165368,-0.317748,-0.47981,-0.105232,0.690815,-0.0467505,-0.23784,-0.234388,0.156804,-0.908643,-0.497751,0.186823,0.143598,-0.194498,-0.0230516,-0.0870206,-0.775114,-0.208791,-0.0703984,0.06856,-0.208074,-0.01734,0.0244473,0.00481982,9.08868,-10.1223,6.03427,0.431036,13.4005,-1.8495,1.05505,0.22273,0.801554,-5.87103,10.4201,-3.96122,1.63764,-0.220591,6.51652,2.75053,1.39836,0.577719,-0.51261,0.028417,-0.10727,0.159299,2.03628,-0.535224,-0.181343,-0.335005,0.00332991,-0.0855802,-0.0135544,0,0,0,0,0,0,0,0,0,0,0,0,0,0,0,0,0,0,0,0,0,0,0,0,0,0,0,0,0,2.55789,2.55789,2.55789,6.3088,6.3088,1.81445,2.55789,2.55789,1.81445,6.3088,6.3088,0.907223,0.907223,1.81445,1.81445,0.907223,0.907223,1.81445,1.81445,0.907223,0.907223,0.907223,0.907223,0.907223,0.907223,1.06814,1.06814,1.06814,1.06814,40.1792,40.1792,40.1792,99.0984,99.0984,28.5012,40.1792,40.1792,28.5012,99.0984,99.0984,14.2506,14.2506,28.5012,28.5012,14.2506,14.2506,28.5012,28.5012,14.2506,14.2506,14.2506,14.2506,14.2506,14.2506,16.7783,16.7783,16.7783,16.7783,0,0,0,0,0,0,0,0,0,0,0,0,0,0,0,0,0,0,0,0,0,0,0,0,0,0,0,0,0,0,0,0,0,0,0,0,0,0,0,0,0,0,0,0,0,0,0,0,0,0,0,0,0,0,0,0,0,0,0,0,0,0,0,0,0,0,0,0,0,0,0,0,0,0,0,0,0,0,0,0,0,0,0,0,0,0,0,0,0,0,0,0,0,0,0,0,0,0,0,0,0,0,0,0,0,0,0,0,0,0,0,0,0,0,0,0,0,-0.0283816,0.270983,-0.0285176,0.914227,0.266807,-0.0660833,0.415782,-0.0494807,-0.440563,0.0965768,-0.277106,0.161887,0.515205,0.443249,-0.199502,-0.112247,-0.0512508,-0.0111715,-0.184278,0.330174,0.1262,0.857314,0.0687934,-0.296148,0.598639,0.400476,1.0831,-0.59518,0.297237,0.234404,-0.135461,-0.831577,-0.421237,-0.100901,0.0376676,1.0488,-0.25877,-0.05941,-0.37346,0.180785,-0.129884,0.460293,-0.087267,-0.364711,0.0709999,-0.193221,-0.0289826,0.600959,0.382353,0.0423564,0.2618,-0.0224774,0.0553483,0.262549,0.317015,-0.221701,-0.121532,0.633022,-0.000832289,0.0638706,0.0298358,0.674,0.267679,0.0273423,-0.96312,0.6,0,0,3,3,3
-3.31976,0.810176,8.3523,-0.0923568,0.600741,0.44832,-0.0279501,0.283587,-0.0191018,-3.31976,0.810176,8.3523,-0.0923568,0.600741,0.44832,-0.0279501,0.283587,-0.0191018,-0.43864,-0.0989437,0.0368765,1.08438,-0.251416,-0.0528773,-0.395844,0.19052,-0.130757,0.474926,-0.087267,-0.363221,0.0684741,-0.184551,-0.0388146,0.583368,0.393047,0.0507797,0.2618,-0.0209743,0.0440272,0.253033,0.332408,-0.233253,-0.129146,0.634036,-0.00127122,0.06507,0.028983,0,0,0,0,0,0,0,0,0,0,0,0,0,0,0,0,0,0,0,0,0,0,0,0,0,0,0,0,0,-0.616238,0.182554,-0.0979328,0.995593,-0.43242,0.00926767,-0.371523,0.184519,-0.148976,0.473969,-0.190319,-0.0784278,-0.0345338,-0.21266,-0.203433,0.443409,0.262869,0.00872737,0.288548,-0.0242518,0.0726165,0.294512,0.174641,-0.160374,-0.0998399,0.661256,0.000222168,0.0665807,0.0322247,-0.49479,-0.582744,-0.280585,0.691303,0.75198,-0.146375,-0.412185,-0.384961,-0.0506611,0.766618,-0.0446645,-0.298774,-0.281963,0.0507504,-0.846154,-0.41309,0.155655,0.174431,-0.162458,-0.000107247,-0.171238,-0.669251,-0.16196,-0.0681295,-0.00712735,-0.211275,-0.0158991,0.0135507,-0.00706852,9.07008,-9.91216,6.1574,1.10964,12.5481,-1.69084,0.959432,0.832522,0.647458,-6.06456,10.5172,-3.81283,1.74738,0.443237,6.45161,2.61323,1.56414,0.646037,-0.467733,0.0261517,-0.0939339,0.153088,2.17185,-0.815922,-0.306745,-0.248671,-0.000656695,-0.0614624,-0.033571,0,0,0,0,0,0,0,0,0,0,0,0,0,0,0,0,0,0,0,0,0,0,0,0,0,0,0,0,0,2.55789,2.55789,2.55789,6.3088,6.3088,1.81445,2.55789,2.55789,1.81445,6.3088,6.3088,0.907223,0.907223,1.81445,1.81445,0.907223,0.907223,1.81445,1.81445,0.907223,0.907223,0.907223,0.907223,0.907223,0.907223,1.06814,1.06814,1.06814,1.06814,40.1792,40.1792,40.1792,99.0984,99.0984,28.5012,40.1792,40.1792,28.5012,99.0984,99.0984,14.2506,14.2506,28.5012,28.5012,14.2506,14.2506,28.5012,28.5012,14.2506,14.2506,14.2506,14.2506,14.2506,14.2506,16.7783,16.7783,16.7783,16.7783,0,0,0,0,0,0,0,0,0,0,0,0,0,0,0,0,0,0,0,0,0,0,0,0,0,0,0,0,0,0,0,0,0,0,0,0,0,0,0,0,0,0,0,0,0,0,0,0,0,0,0,0,0,0,0,0,0,0,0,0,0,0,0,0,0,0,0,0,0,0,0,0,0,0,0,0,0,0,0,0,0,0,0,0,0,0,0,0,0,0,0,0,0,0,0,0,0,0,0,0,0,0,0,0,0,0,0,0,0,0,0,0,0,0,0,0,0,-0.0279501,0.283587,-0.0191018,0.874118,0.301903,-0.0885011,0.440166,-0.0758206,-0.420794,0.115783,-0.294465,0.156128,0.49958,0.45685,-0.231287,-0.153127,-0.0478235,-0.0170631,-0.180704,0.347952,0.100386,0.873412,0.0673487,-0.29814,0.576941,0.389029,1.18455,-0.55345,0.31821,0.212586,-0.120565,-0.828179,-0.43864,-0.0989437,0.0368765,1.08438,-0.251416,-0.0528773,-0.395844,0.19052,-0.130757,0.474926,-0.087267,-0.363221,0.0684741,-0.184551,-0.0388146,0.583368,0.393047,0.0507797,0.2618,-0.0209743,0.0440272,0.253033,0.332408,-0.233253,-0.129146,0.634036,-0.00127122,0.06507,0.028983,0.645,0.279801,0.0268302,-0.959683,0.6,0,0,3,3,3
-3.49622,0.881568,8.104,-0.0632806,0.553113,0.412923,-0.0270017,0.295153,-0.0104726,-3.49622,0.881568,8.104,-0.0632806,0.553113,0.412923,-0.0270017,0.295153,-0.0104726,-0.451609,-0.104289,0.0338726,1.11846,-0.239869,-0.0467479,-0.420922,0.194401,-0.128521,0.49003,-0.087267,-0.365223,0.0672956,-0.183289,-0.0465858,0.563726,0.402563,0.0590997,0.2618,-0.0199194,0.0332706,0.244116,0.353544,-0.244485,-0.136218,0.635629,-0.0017247,0.0670489,0.0283833,0,0,0,0,0,0,0,0,0,0,0,0,0,0,0,0,0,0,0,0,0,0,0,0,0,0,0,0,0,-0.62897,0.172295,-0.103398,1.01308,-0.417186,0.0078898,-0.381485,0.178361,-0.149198,0.490322,-0.190996,-0.0846688,-0.0412017,-0.213162,-0.219031,0.435879,0.265743,0.0129167,0.28599,-0.0239578,0.0675268,0.281189,0.172417,-0.162126,-0.10068,0.656878,-0.000114276,0.0668371,0.0320395,-0.669239,-0.449624,-0.256542,0.968894,0.734623,-0.0219513,-0.505814,-0.245871,0.0251043,0.829762,-0.0179187,-0.294553,-0.37216,-0.0840953,-0.783185,-0.36153,0.142939,0.21235,-0.109997,0.0202162,-0.269468,-0.604405,-0.0887346,-0.107453,-0.0641898,-0.203668,-0.0152254,0.00533051,-0.0121626,9.32558,-9.74725,6.28519,1.19108,11.8506,-1.68271,0.697995,1.13033,0.495945,-6.62182,10.4188,-3.70288,1.88364,0.941448,6.49919,2.42145,1.68898,0.700433,-0.489367,0.0249573,-0.0936272,0.148528,2.35932,-0.923374,-0.352042,-0.16397,-0.00317337,-0.0365397,-0.0392457,0,0,0,0,0,0,0,0,0,0,0,0,0,0,0,0,0,0,0,0,0,0,0,0,0,0,0,0,0,2.55789,2.55789,2.55789,6.3088,6.3088,1.81445,2.55789,2.55789,1.81445,6.3088,6.3088,0.907223,0.907223,1.81445,1.81445,0.907223,0.907223,1.81445,1.81445,0.907223,0.907223,0.907223,0.907223,0.907223,0.907223,1.06814,1.06814,1.06814,1.06814,40.1792,40.1792,40.1792,99.0984,99.0984,28.5012,40.1792,40.1792,28.5012,99.0984,99.0984,14.2506,14.2506,28.5012,28.5012,14.2506,14.2506,28.5012,28.5012,14.2506,14.2506,14.2506,14.2506,14.2506,14.2506,16.7783,16.7783,16.7783,16.7783,0,0,0,0,0,0,0,0,0,0,0,0,0,0,0,0,0,0,0,0,0,0,0,0,0,0,0,0,0,0,0,0,0,0,0,0,0,0,0,0,0,0,0,0,0,0,0,0,0,0,0,0,0,0,0,0,0,0,0,0,0,0,0,0,0,0,0,0,0,0,0,0,0,0,0,0,0,0,0,0,0,0,0,0,0,0,0,0,0,0,0,0,0,0,0,0,0,0,0,0,0,0,0,0,0,0,0,0,0,0,0,0,0,0,0,0,0,-0.0270017,0.295153,-0.0104726,0.829332,0.350095,-0.10622,0.461865,-0.101431,-0.417918,0.134753,-0.31059,0.153441,0.477683,0.478232,-0.254972,-0.198928,-0.0454181,-0.0231501,-0.190466,0.355041,0.0758604,0.899974,0.0618624,-0.293041,0.556609,0.38098,1.28174,-0.51038,0.35114,0.189168,-0.10659,-0.832745,-0.451609,-0.104289,0.0338726,1.11846,-0.239869,-0.0467479,-0.420922,0.194401,-0.128521,0.49003,-0.087267,-0.365223,0.0672956,-0.183289,-0.0465858,0.563726,0.402563,0.0590997,0.2618,-0.0199194,0.0332706,0.244116,0.353544,-0.244485,-0.136218,0.635629,-0.0017247,0.0670489,0.0283833,0.654,0.290886,0.025831,-0.956409,0.6,0,0,3,3,3
-3.74247,0.906131,8.06413,-0.0409845,0.52042,0.399538,-0.0255713,0.305904,-0.00224612,-3.74247,0.906131,8.06413,-0.0409845,0.52042,0.399538,-0.0255713,0.305904,-0.00224612,-0.453189,-0.110401,0.0252132,1.15661,-0.225411,-0.0414414,-0.453092,0.183863,-0.123547,0.50259,-0.087267,-0.37055,0.0676879,-0.178786,-0.0492128,0.542307,0.403954,0.0627378,0.2618,-0.0204063,0.0226298,0.233056,0.379558,-0.255989,-0.142583,0.63706,-0.00218571,0.0696938,0.0274364,0,0,0,0,0,0,0,0,0,0,0,0,0,0,0,0,0,0,0,0,0,0,0,0,0,0,0,0,0,-0.644652,0.164032,-0.108993,1.03558,-0.402186,0.00895671,-0.393148,0.174712,-0.147966,0.508078,-0.191292,-0.090583,-0.0498175,-0.216136,-0.233692,0.428731,0.268609,0.0177901,0.28453,-0.0234197,0.0609752,0.269067,0.171944,-0.164881,-0.10257,0.652712,-0.000447727,0.0671033,0.0317891,-0.794256,-0.374487,-0.284825,1.19424,0.724196,0.0774053,-0.583601,-0.13339,0.0948313,0.904058,-0.00303961,-0.26915,-0.472372,-0.196972,-0.749948,-0.366479,0.150606,0.24574,-0.0571315,0.0287321,-0.325272,-0.550304,0.00784113,-0.164917,-0.112591,-0.187284,-0.0153731,0.0097218,-0.0146285,9.75648,-9.82705,6.4509,0.927137,11.5704,-1.72319,0.35591,1.14724,0.400686,-7.33592,10.3541,-3.66764,2.07761,1.26488,6.63161,2.2437,1.77842,0.739975,-0.542759,0.0244571,-0.10193,0.145287,2.58357,-0.994941,-0.382541,-0.0824313,-0.00509494,-0.0117635,-0.0424559,0,0,0,0,0,0,0,0,0,0,0,0,0,0,0,0,0,0,0,0,0,0,0,0,0,0,0,0,0,2.55789,2.55789,2.55789,6.3088,6.3088,1.81445,2.55789,2.55789,1.81445,6.3088,6.3088,0.907223,0.907223,1.81445,1.81445,0.907223,0.907223,1.81445,1.81445,0.907223,0.907223,0.907223,0.907223,0.907223,0.907223,1.06814,1.06814,1.06814,1.06814,40.1792,40.1792,40.1792,99.0984,99.0984,28.5012,40.1792,40.1792,28.5012,99.0984,99.0984,14.2506,14.2506,28.5012,28.5012,14.2506,14.2506,28.5012,28.5012,14.2506,14.2506,14.2506,14.2506,14.2506,14.2506,16.7783,16.7783,16.7783,16.7783,0,0,0,0,0,0,0,0,0,0,0,0,0,0,0,0,0,0,0,0,0,0,0,0,0,0,0,0,0,0,0,0,0,0,0,0,0,0,0,0,0,0,0,0,0,0,0,0,0,0,0,0,0,0,0,0,0,0,0,0,0,0,0,0,0,0,0,0,0,0,0,0,0,0,0,0,0,0,0,0,0,0,0,0,0,0,0,0,0,0,0,0,0,0,0,0,0,0,0,0,0,0,0,0,0,0,0,0,0,0,0,0,0,0,0,0,0,-0.0255713,0.305904,-0.00224612,0.780495,0.409409,-0.11221,0.465035,-0.12766,-0.40765,0.143049,-0.325104,0.154335,0.449482,0.497438,-0.257858,-0.257681,-0.0465284,-0.0293381,-0.201629,0.335795,0.0515983,0.935476,0.0460477,-0.2817,0.53139,0.36827,1.39055,-0.474559,0.392369,0.172963,-0.0944906,-0.84489,-0.453189,-0.110401,0.0252132,1.15661,-0.225411,-0.0414414,-0.453092,0.183863,-0.123547,0.50259,-0.087267,-0.37055,0.0676879,-0.178786,-0.0492128,0.542307,0.403954,0.0627378,0.2618,-0.0204063,0.0226298,0.233056,0.379558,-0.255989,-0.142583,0.63706,-0.00218571,0.0696938,0.0274364,0.851,0.301156,0.0243815,-0.953263,0.6,0,0,3,3,3
-3.81133,0.827119,8.02832,-0.0272383,0.48811,0.404837,-0.0236743,0.316011,0.00602342,-3.81133,0.827119,8.02832,-0.0272383,0.48811,0.404837,-0.0236743,0.316011,0.00602342,-0.453715,-0.113135,0.0219424,1.19395,-0.20281,-0.0395679,-0.485396,0.179422,-0.116742,0.511627,-0.087267,-0.376641,0.0665266,-0.172248,-0.0536716,0.51624,0.401461,0.0643024,0.2618,-0.0204198,0.00816608,0.221422,0.40207,-0.269598,-0.150559,0.638285,-0.00255331,0.0718202,0.0254357,0,0,0,0,0,0,0,0,0,0,0,0,0,0,0,0,0,0,0,0,0,0,0,0,0,0,0,0,0,-0.662443,0.156247,-0.115915,1.06202,-0.386975,0.011385,-0.406198,0.172761,-0.145416,0.527305,-0.191482,-0.0955288,-0.0604304,-0.220971,-0.247766,0.420955,0.271801,0.0228035,0.284083,-0.023069,0.0536023,0.257577,0.173769,-0.168954,-0.105233,0.648918,-0.000787648,0.0676366,0.0314023,-0.882537,-0.391124,-0.371086,1.36784,0.74832,0.127065,-0.641425,-0.0614273,0.192166,0.967816,-0.0252404,-0.203343,-0.567124,-0.267922,-0.723076,-0.41201,0.168967,0.240941,-0.0155549,0.0152367,-0.356899,-0.53249,0.134835,-0.234441,-0.14435,-0.163459,-0.016015,0.0263874,-0.0214835,10.635,-9.74128,6.59015,0.994877,11.3605,-1.73386,-0.258662,0.625079,0.332145,-8.42341,10.4279,-3.72611,2.32034,1.6674,6.91067,2.08791,1.73699,0.7077,-0.608797,0.0246015,-0.119653,0.134207,2.81879,-1.03956,-0.406294,-0.0178102,-0.00652535,0.00678168,-0.0444062,0,0,0,0,0,0,0,0,0,0,0,0,0,0,0,0,0,0,0,0,0,0,0,0,0,0,0,0,0,2.55789,2.55789,2.55789,6.3088,6.3088,1.81445,2.55789,2.55789,1.81445,6.3088,6.3088,0.907223,0.907223,1.81445,1.81445,0.907223,0.907223,1.81445,1.81445,0.907223,0.907223,0.907223,0.907223,0.907223,0.907223,1.06814,1.06814,1.06814,1.06814,40.1792,40.1792,40.1792,99.0984,99.0984,28.5012,40.1792,40.1792,28.5012,99.0984,99.0984,14.2506,14.2506,28.5012,28.5012,14.2506,14.2506,28.5012,28.5012,14.2506,14.2506,14.2506,14.2506,14.2506,14.2506,16.7783,16.7783,16.7783,16.7783,0,0,0,0,0,0,0,0,0,0,0,0,0,0,0,0,0,0,0,0,0,0,0,0,0,0,0,0,0,0,0,0,0,0,0,0,0,0,0,0,0,0,0,0,0,0,0,0,0,0,0,0,0,0,0,0,0,0,0,0,0,0,0,0,0,0,0,0,0,0,0,0,0,0,0,0,0,0,0,0,0,0,0,0,0,0,0,0,0,0,0,0,0,0,0,0,0,0,0,0,0,0,0,0,0,0,0,0,0,0,0,0,0,0,0,0,0,-0.0236743,0.316011,0.00602342,0.721059,0.46074,-0.122377,0.45935,-0.158691,-0.392742,0.146616,-0.34329,0.151687,0.422125,0.513891,-0.258818,-0.316679,-0.0465592,-0.0342722,-0.206621,0.327683,0.0186195,0.964018,0.0400741,-0.266183,0.504864,0.341415,1.49704,-0.448789,0.456823,0.147569,-0.0902186,-0.858778,-0.453715,-0.113135,0.0219424,1.19395,-0.20281,-0.0395679,-0.485396,0.179422,-0.116742,0.511627,-0.087267,-0.376641,0.0665266,-0.172248,-0.0536716,0.51624,0.401461,0.0643024,0.2618,-0.0204198,0.00816608,0.221422,0.40207,-0.269598,-0.150559,0.638285,-0.00255331,0.0718202,0.0254357,0.669,0.310778,0.0224999,-0.950216,0.6,0,0,3,3,3
-4.25081,1.20934,8.23805,-0.0184767,0.477348,0.411743,-0.0214416,0.325698,0.0145165,-4.25081,1.20934,8.23805,-0.0184767,0.477348,0.411743,-0.0214416,0.325698,0.0145165,-0.446906,-0.115245,0.0226755,1.22633,-0.176537,-0.0395208,-0.520259,0.179527,-0.110504,0.518223,-0.087267,-0.3809,0.0636838,-0.166047,-0.057582,0.486046,0.398725,0.0649454,0.2618,-0.0208566,-0.00664943,0.207847,0.428861,-0.284907,-0.15833,0.63978,-0.00292831,0.073582,0.0222974,0,0,0,0,0,0,0,0,0,0,0,0,0,0,0,0,0,0,0,0,0,0,0,0,0,0,0,0,0,-0.681661,0.148116,-0.124002,1.09145,-0.37045,0.0141376,-0.419981,0.172107,-0.140588,0.547312,-0.191704,-0.0988632,-0.0729578,-0.226906,-0.261771,0.411737,0.275175,0.0275262,0.284551,-0.0228436,0.0449765,0.246297,0.178008,-0.174434,-0.10863,0.64589,-0.0011186,0.0684354,0.0307027,-0.941837,-0.398868,-0.407896,1.49937,0.838005,0.125046,-0.672756,-0.0115503,0.268446,1.00412,0.01375,-0.131388,-0.668264,-0.319176,-0.735794,-0.502018,0.163505,0.221838,0.0253689,0.012186,-0.426938,-0.526546,0.248481,-0.309186,-0.183679,-0.117974,-0.0155551,0.0407444,-0.0389056,11.5396,-9.48986,6.88018,0.951605,11.4284,-1.75941,-0.934239,0.329508,0.198012,-9.69077,10.3726,-3.83217,2.56789,2.10482,7.19918,1.92278,1.65289,0.650108,-0.693498,0.0243363,-0.141171,0.123262,2.97749,-1.09235,-0.437392,0.00692661,-0.00764562,0.0147928,-0.0478775,0,0,0,0,0,0,0,0,0,0,0,0,0,0,0,0,0,0,0,0,0,0,0,0,0,0,0,0,0,2.55789,2.55789,2.55789,6.3088,6.3088,1.81445,2.55789,2.55789,1.81445,6.3088,6.3088,0.907223,0.907223,1.81445,1.81445,0.907223,0.907223,1.81445,1.81445,0.907223,0.907223,0.907223,0.907223,0.907223,0.907223,1.06814,1.06814,1.06814,1.06814,40.1792,40.1792,40.1792,99.0984,99.0984,28.5012,40.1792,40.1792,28.5012,99.0984,99.0984,14.2506,14.2506,28.5012,28.5012,14.2506,14.2506,28.5012,28.5012,14.2506,14.2506,14.2506,14.2506,14.2506,14.2506,16.7783,16.7783,16.7783,16.7783,0,0,0,0,0,0,0,0,0,0,0,0,0,0,0,0,0,0,0,0,0,0,0,0,0,0,0,0,0,0,0,0,0,0,0,0,0,0,0,0,0,0,0,0,0,0,0,0,0,0,0,0,0,0,0,0,0,0,0,0,0,0,0,0,0,0,0,0,0,0,0,0,0,0,0,0,0,0,0,0,0,0,0,0,0,0,0,0,0,0,0,0,0,0,0,0,0,0,0,0,0,0,0,0,0,0,0,0,0,0,0,0,0,0,0,0,0,-0.0214416,0.325698,0.0145165,0.652213,0.521826,-0.131293,0.453112,-0.193598,-0.378604,0.148082,-0.361007,0.145205,0.394057,0.533949,-0.246384,-0.380349,-0.0475551,-0.0393057,-0.210475,0.327875,-0.0151614,0.987666,0.0414128,-0.25196,0.473912,0.29929,1.58937,-0.42998,0.531747,0.122736,-0.0901113,-0.86849,-0.446906,-0.115245,0.0226755,1.22633,-0.176537,-0.0395208,-0.520259,0.179527,-0.110504,0.518223,-0.087267,-0.3809,0.0636838,-0.166047,-0.057582,0.486046,0.398725,0.0649454,0.2618,-0.0208566,-0.00664943,0.207847,0.428861,-0.284907,-0.15833,0.63978,-0.00292831,0.073582,0.0222974,0.719,0.31997,0.0203128,-0.94721,0.6,0,0,3,3,3
-4.31794,1.26158,8.37783,-0.0126806,0.475185,0.415534,-0.0186693,0.336281,0.0241194,-4.31794,1.26158,8.37783,-0.0126806,0.475185,0.415534,-0.0186693,0.336281,0.0241194,-0.437636,-0.116238,0.0264199,1.25781,-0.149843,-0.0405763,-0.556938,0.189751,-0.105301,0.524402,-0.087267,-0.381861,0.0580269,-0.160982,-0.0641441,0.454444,0.400339,0.0673961,0.2618,-0.0210447,-0.0207042,0.192621,0.456618,-0.300855,-0.166775,0.641608,-0.00339999,0.0753922,0.0182876,0,0,0,0,0,0,0,0,0,0,0,0,0,0,0,0,0,0,0,0,0,0,0,0,0,0,0,0,0,-0.70311,0.139233,-0.132751,1.12563,-0.349946,0.0167402,-0.435391,0.172265,-0.133656,0.569894,-0.190669,-0.10176,-0.0894305,-0.234202,-0.278005,0.398954,0.27848,0.0320562,0.285831,-0.0227531,0.034154,0.233639,0.185285,-0.182271,-0.113124,0.643651,-0.00147409,0.0695385,0.0293066,-0.920372,-0.390382,-0.376959,1.5358,0.937364,0.0941389,-0.668593,0.0247387,0.347332,1.01202,0.0860924,-0.114907,-0.796899,-0.344849,-0.783044,-0.635909,0.131026,0.184618,0.049996,0.00507014,-0.470823,-0.533246,0.370463,-0.398248,-0.213023,-0.0623601,-0.0153735,0.0508344,-0.0659774,12.6322,-9.24297,7.19226,0.49806,11.3779,-1.77888,-1.72216,0.237618,0.0500365,-11.3495,9.79188,-3.8737,2.87739,2.54159,7.63662,1.79344,1.59322,0.604841,-0.780172,0.0230053,-0.156827,0.116452,3.14817,-1.12033,-0.457065,0.0125765,-0.00830033,0.015918,-0.0479126,0,0,0,0,0,0,0,0,0,0,0,0,0,0,0,0,0,0,0,0,0,0,0,0,0,0,0,0,0,2.55789,2.55789,2.55789,6.3088,6.3088,1.81445,2.55789,2.55789,1.81445,6.3088,6.3088,0.907223,0.907223,1.81445,1.81445,0.907223,0.907223,1.81445,1.81445,0.907223,0.907223,0.907223,0.907223,0.907223,0.907223,1.06814,1.06814,1.06814,1.06814,40.1792,40.1792,40.1792,99.0984,99.0984,28.5012,40.1792,40.1792,28.5012,99.0984,99.0984,14.2506,14.2506,28.5012,28.5012,14.2506,14.2506,28.5012,28.5012,14.2506,14.2506,14.2506,14.2506,14.2506,14.2506,16.7783,16.7783,16.7783,16.7783,0,0,0,0,0,0,0,0,0,0,0,0,0,0,0,0,0,0,0,0,0,0,0,0,0,0,0,0,0,0,0,0,0,0,0,0,0,0,0,0,0,0,0,0,0,0,0,0,0,0,0,0,0,0,0,0,0,0,0,0,0,0,0,0,0,0,0,0,0,0,0,0,0,0,0,0,0,0,0,0,0,0,0,0,0,0,0,0,0,0,0,0,0,0,0,0,0,0,0,0,0,0,0,0,0,0,0,0,0,0,0,0,0,0,0,0,0,-0.0186693,0.336281,0.0241194,0.580157,0.585115,-0.146255,0.456792,-0.22996,-0.367056,0.15367,-0.380264,0.132307,0.367385,0.558484,-0.229453,-0.447337,-0.047984,-0.0456369,-0.212289,0.346548,-0.0472077,1.01196,0.0482515,-0.240098,0.439196,0.245469,1.67914,-0.412357,0.607871,0.0915024,-0.0925179,-0.870682,-0.437636,-0.116238,0.0264199,1.25781,-0.149843,-0.0405763,-0.556938,0.189751,-0.105301,0.524402,-0.087267,-0.381861,0.0580269,-0.160982,-0.0641441,0.454444,0.400339,0.0673961,0.2618,-0.0210447,-0.0207042,0.192621,0.456618,-0.300855,-0.166775,0.641608,-0.00339999,0.0753922,0.0182876,0.679,0.329066,0.0178725,-0.944138,0.6,0,0,3,3,3
-4.42277,1.3903,8.29116,-0.00989627,0.46263,0.41061,-0.0162633,0.344782,0.0319425,-4.42277,1.3903,8.29116,-0.00989627,0.46263,0.41061,-0.0162633,0.344782,0.0319425,-0.425102,-0.115969,0.0262985,1.28697,-0.125175,-0.0406295,-0.593154,0.199966,-0.100506,0.530409,-0.087267,-0.38143,0.0500986,-0.156782,-0.0704007,0.422426,0.403871,0.0706211,0.2618,-0.0214384,-0.0315833,0.176823,0.48664,-0.317915,-0.175541,0.643757,-0.00398564,0.0778583,0.0140728,0,0,0,0,0,0,0,0,0,0,0,0,0,0,0,0,0,0,0,0,0,0,0,0,0,0,0,0,0,-0.720127,0.132238,-0.139079,1.15368,-0.33161,0.0182723,-0.447884,0.173161,-0.126282,0.588158,-0.188734,-0.104329,-0.104986,-0.240444,-0.291899,0.386331,0.280488,0.0353167,0.287131,-0.0227445,0.0246814,0.222682,0.193297,-0.190103,-0.117276,0.642598,-0.00178611,0.0706331,0.0276166,-0.919078,-0.379125,-0.328781,1.54631,1.04038,0.0657024,-0.679982,0.0713771,0.457674,0.997505,0.129596,-0.146658,-0.905092,-0.350956,-0.792811,-0.747543,0.0943618,0.168248,0.063712,0.00173429,-0.51999,-0.597989,0.487185,-0.467314,-0.240933,-0.0402844,-0.0171257,0.0607662,-0.0990157,13.6745,-9.02819,7.47725,0.790936,11.6021,-1.80327,-2.67473,0.497933,-0.207051,-12.4501,9.36665,-3.82449,3.11244,2.87369,7.86555,1.61952,1.61907,0.610766,-0.842568,0.0234264,-0.180224,0.11143,3.32868,-1.17599,-0.494564,0.0346967,-0.00910609,0.0167156,-0.0522548,0,0,0,0,0,0,0,0,0,0,0,0,0,0,0,0,0,0,0,0,0,0,0,0,0,0,0,0,0,2.55789,2.55789,2.55789,6.3088,6.3088,1.81445,2.55789,2.55789,1.81445,6.3088,6.3088,0.907223,0.907223,1.81445,1.81445,0.907223,0.907223,1.81445,1.81445,0.907223,0.907223,0.907223,0.907223,0.907223,0.907223,1.06814,1.06814,1.06814,1.06814,40.1792,40.1792,40.1792,99.0984,99.0984,28.5012,40.1792,40.1792,28.5012,99.0984,99.0984,14.2506,14.2506,28.5012,28.5012,14.2506,14.2506,28.5012,28.5012,14.2506,14.2506,14.2506,14.2506,14.2506,14.2506,16.7783,16.7783,16.7783,16.7783,0,0,0,0,0,0,0,0,0,0,0,0,0,0,0,0,0,0,0,0,0,0,0,0,0,0,0,0,0,0,0,0,0,0,0,0,0,0,0,0,0,0,0,0,0,0,0,0,0,0,0,0,0,0,0,0,0,0,0,0,0,0,0,0,0,0,0,0,0,0,0,0,0,0,0,0,0,0,0,0,0,0,0,0,0,0,0,0,0,0,0,0,0,0,0,0,0,0,0,0,0,0,0,0,0,0,0,0,0,0,0,0,0,0,0,0,0,-0.0162633,0.344782,0.0319425,0.507153,0.653569,-0.160521,0.464845,-0.268858,-0.357479,0.161023,-0.40025,0.11423,0.337483,0.587331,-0.206562,-0.513479,-0.0488817,-0.0534978,-0.211797,0.365203,-0.072013,1.04507,0.0480297,-0.229164,0.403175,0.188895,1.7623,-0.395228,0.678218,0.0642355,-0.0926393,-0.869698,-0.425102,-0.115969,0.0262985,1.28697,-0.125175,-0.0406295,-0.593154,0.199966,-0.100506,0.530409,-0.087267,-0.38143,0.0500986,-0.156782,-0.0704007,0.422426,0.403871,0.0706211,0.2618,-0.0214384,-0.0315833,0.176823,0.48664,-0.317915,-0.175541,0.643757,-0.00398564,0.0778583,0.0140728,0.701,0.337992,0.0153055,-0.941024,0.6,0,0,3,3,3
-4.40766,1.54429,8.20765,-0.00235343,0.444363,0.394489,-0.0134242,0.35394,0.0405494,-4.40766,1.54429,8.20765,-0.00235343,0.444363,0.394489,-0.0134242,0.35394,0.0405494,-0.409784,-0.115764,0.0218546,1.31504,-0.100816,-0.0393993,-0.629032,0.210893,-0.0966491,0.535045,-0.087267,-0.379891,0.0407873,-0.15177,-0.0766808,0.389009,0.408598,0.0741175,0.2618,-0.0221963,-0.0397835,0.160995,0.517149,-0.33499,-0.184549,0.64601,-0.0046578,0.0806834,0.00964407,0,0,0,0,0,0,0,0,0,0,0,0,0,0,0,0,0,0,0,0,0,0,0,0,0,0,0,0,0,-0.738655,0.124693,-0.14533,1.18482,-0.309324,0.0193911,-0.461901,0.175155,-0.116131,0.608195,-0.185238,-0.108082,-0.124611,-0.247666,-0.307718,0.369748,0.281856,0.0386204,0.288625,-0.0228082,0.0138513,0.209225,0.204781,-0.20041,-0.122517,0.641704,-0.00218536,0.0720791,0.0251122,-0.875022,-0.371994,-0.296249,1.52599,1.11191,0.0361786,-0.673071,0.125889,0.559364,0.975002,0.190065,-0.201692,-1.01754,-0.365914,-0.818426,-0.877952,0.0480099,0.151883,0.0558718,-0.00181748,-0.512151,-0.642034,0.618958,-0.555387,-0.271436,-0.0203755,-0.0197263,0.0721697,-0.124654,14.8191,-8.73418,7.6359,0.697602,11.3637,-1.78326,-3.5839,0.697468,-0.534608,-13.7142,8.66419,-3.71499,3.38096,3.22449,8.18596,1.51584,1.6903,0.638286,-0.871151,0.0219572,-0.187095,0.119687,3.47605,-1.19548,-0.517463,0.0664052,-0.0094765,0.0223962,-0.0531674,0,0,0,0,0,0,0,0,0,0,0,0,0,0,0,0,0,0,0,0,0,0,0,0,0,0,0,0,0,2.55789,2.55789,2.55789,6.3088,6.3088,1.81445,2.55789,2.55789,1.81445,6.3088,6.3088,0.907223,0.907223,1.81445,1.81445,0.907223,0.907223,1.81445,1.81445,0.907223,0.907223,0.907223,0.907223,0.907223,0.907223,1.06814,1.06814,1.06814,1.06814,40.1792,40.1792,40.1792,99.0984,99.0984,28.5012,40.1792,40.1792,28.5012,99.0984,99.0984,14.2506,14.2506,28.5012,28.5012,14.2506,14.2506,28.5012,28.5012,14.2506,14.2506,14.2506,14.2506,14.2506,14.2506,16.7783,16.7783,16.7783,16.7783,0,0,0,0,0,0,0,0,0,0,0,0,0,0,0,0,0,0,0,0,0,0,0,0,0,0,0,0,0,0,0,0,0,0,0,0,0,0,0,0,0,0,0,0,0,0,0,0,0,0,0,0,0,0,0,0,0,0,0,0,0,0,0,0,0,0,0,0,0,0,0,0,0,0,0,0,0,0,0,0,0,0,0,0,0,0,0,0,0,0,0,0,0,0,0,0,0,0,0,0,0,0,0,0,0,0,0,0,0,0,0,0,0,0,0,0,0,-0.0134242,0.35394,0.0405494,0.43096,0.723132,-0.17484,0.475624,-0.307791,-0.346051,0.168995,-0.420791,0.092999,0.305008,0.617571,-0.178586,-0.579004,-0.0506099,-0.06252,-0.211423,0.385159,-0.0907102,1.08299,0.0399136,-0.22037,0.367085,0.129449,1.84234,-0.382006,0.747685,0.0389654,-0.0898342,-0.86619,-0.409784,-0.115764,0.0218546,1.31504,-0.100816,-0.0393993,-0.629032,0.210893,-0.0966491,0.535045,-0.087267,-0.379891,0.0407873,-0.15177,-0.0766808,0.389009,0.408598,0.0741175,0.2618,-0.0221963,-0.0397835,0.160995,0.517149,-0.33499,-0.184549,0.64601,-0.0046578,0.0806834,0.00964407,0.962,0.346596,0.0125917,-0.93793,0.6,0,0,3,3,3
-4.36745,1.62625,8.07734,0.00998328,0.408933,0.353533,-0.010495,0.362516,0.0486054,-4.36745,1.62625,8.07734,0.00998328,0.408933,0.353533,-0.010495,0.362516,0.0486054,-0.396859,-0.112988,0.015814,1.33843,-0.0759815,-0.0370416,-0.660141,0.223769,-0.0926262,0.536745,-0.087267,-0.378818,0.0290234,-0.145472,-0.0846114,0.352863,0.413655,0.0778346,0.2618,-0.0229021,-0.0468395,0.146893,0.545741,-0.350886,-0.193733,0.648281,-0.00535856,0.0833782,0.00499109,0,0,0,0,0,0,0,0,0,0,0,0,0,0,0,0,0,0,0,0,0,0,0,0,0,0,0,0,0,-0.75602,0.117,-0.151504,1.21524,-0.286088,0.0201623,-0.475614,0.178302,-0.104195,0.627531,-0.180345,-0.112808,-0.146036,-0.255359,-0.323963,0.350677,0.282296,0.0416321,0.289947,-0.0230035,0.00369983,0.195066,0.218809,-0.212527,-0.128387,0.641254,-0.00265009,0.0738317,0.0221397,-0.811857,-0.389557,-0.311627,1.48122,1.14246,0.0266438,-0.659073,0.183686,0.634367,0.938269,0.265557,-0.255501,-1.08958,-0.393277,-0.833198,-0.994184,0.00329859,0.139816,0.0483855,-0.00916877,-0.470376,-0.671397,0.740688,-0.6468,-0.303241,0.00419113,-0.0229948,0.0885517,-0.145689,15.9756,-8.38011,7.73652,0.734444,11.2688,-1.75121,-4.51109,0.871038,-0.890324,-14.9501,7.70501,-3.57991,3.62107,3.63662,8.49937,1.41612,1.79192,0.674683,-0.896388,0.0204247,-0.196251,0.122815,3.60257,-1.18536,-0.534142,0.0869085,-0.00952137,0.0233935,-0.055186,0,0,0,0,0,0,0,0,0,0,0,0,0,0,0,0,0,0,0,0,0,0,0,0,0,0,0,0,0,2.55789,2.55789,2.55789,6.3088,6.3088,1.81445,2.55789,2.55789,1.81445,6.3088,6.3088,0.907223,0.907223,1.81445,1.81445,0.907223,0.907223,1.81445,1.81445,0.907223,0.907223,0.907223,0.907223,0.907223,0.907223,1.06814,1.06814,1.06814,1.06814,40.1792,40.1792,40.1792,99.0984,99.0984,28.5012,40.1792,40.1792,28.5012,99.0984,99.0984,14.2506,14.2506,28.5012,28.5012,14.2506,14.2506,28.5012,28.5012,14.2506,14.2506,14.2506,14.2506,14.2506,14.2506,16.7783,16.7783,16.7783,16.7783,0,0,0,0,0,0,0,0,0,0,0,0,0,0,0,0,0,0,0,0,0,0,0,0,0,0,0,0,0,0,0,0,0,0,0,0,0,0,0,0,0,0,0,0,0,0,0,0,0,0,0,0,0,0,0,0,0,0,0,0,0,0,0,0,0,0,0,0,0,0,0,0,0,0,0,0,0,0,0,0,0,0,0,0,0,0,0,0,0,0,0,0,0,0,0,0,0,0,0,0,0,0,0,0,0,0,0,0,0,0,0,0,0,0,0,0,0,-0.010495,0.362516,0.0486054,0.348542,0.788324,-0.192922,0.487154,-0.344035,-0.331691,0.177471,-0.441731,0.0661763,0.269923,0.648058,-0.154981,-0.635821,-0.0522191,-0.0719262,-0.206354,0.408676,-0.106799,1.11916,0.0288816,-0.211197,0.334931,0.0669937,1.90905,-0.377159,0.818506,0.015181,-0.0844586,-0.863744,-0.396859,-0.112988,0.015814,1.33843,-0.0759815,-0.0370416,-0.660141,0.223769,-0.0926262,0.536745,-0.087267,-0.378818,0.0290234,-0.145472,-0.0846114,0.352863,0.413655,0.0778346,0.2618,-0.0229021,-0.0468395,0.146893,0.545741,-0.350886,-0.193733,0.648281,-0.00535856,0.0833782,0.00499109,0.692,0.354628,0.00981271,-0.934956,0.6,0,0,3,3,3
-4.36221,1.61692,7.97076,0.0204687,0.36756,0.284799,-0.00768352,0.370292,0.0555226,-4.36221,1.61692,7.97076,0.0204687,0.36756,0.284799,-0.00768352,0.370292,0.0555226,-0.385149,-0.108028,0.00919313,1.35538,-0.0518476,-0.033108,-0.688137,0.236427,-0.0877808,0.536955,-0.087267,-0.378419,0.015259,-0.13938,-0.093236,0.314501,0.417533,0.0809942,0.2618,-0.0235756,-0.0521822,0.134828,0.573905,-0.366197,-0.203137,0.650489,-0.00603089,0.0858965,0.000157307,0,0,0,0,0,0,0,0,0,0,0,0,0,0,0,0,0,0,0,0,0,0,0,0,0,0,0,0,0,-0.771898,0.108902,-0.158122,1.24448,-0.262459,0.02103,-0.488766,0.182762,-0.0907588,0.645751,-0.17384,-0.118739,-0.168392,-0.263629,-0.340619,0.329363,0.281955,0.0444691,0.291193,-0.0233076,-0.00549513,0.180773,0.234974,-0.226355,-0.134996,0.641397,-0.00318049,0.0758684,0.018751,-0.736757,-0.408797,-0.338192,1.417,1.15392,0.0372304,-0.632532,0.253942,0.702022,0.878804,0.362398,-0.329379,-1.11774,-0.42277,-0.852862,-1.10097,-0.0303061,0.134998,0.0468537,-0.0139859,-0.422839,-0.668966,0.835473,-0.727997,-0.341898,0.0352239,-0.026024,0.102275,-0.165258,16.9452,-7.90075,7.82629,0.543336,11.3085,-1.7259,-5.29621,1.03385,-1.27735,-16.2321,6.40937,-3.42196,3.80139,4.10929,8.78455,1.3011,1.90079,0.709819,-0.931574,0.0188474,-0.207898,0.124004,3.69435,-1.14201,-0.536541,0.0905215,-0.00920257,0.0201344,-0.0556558,0,0,0,0,0,0,0,0,0,0,0,0,0,0,0,0,0,0,0,0,0,0,0,0,0,0,0,0,0,2.55789,2.55789,2.55789,6.3088,6.3088,1.81445,2.55789,2.55789,1.81445,6.3088,6.3088,0.907223,0.907223,1.81445,1.81445,0.907223,0.907223,1.81445,1.81445,0.907223,0.907223,0.907223,0.907223,0.907223,0.907223,1.06814,1.06814,1.06814,1.06814,40.1792,40.1792,40.1792,99.0984,99.0984,28.5012,40.1792,40.1792,28.5012,99.0984,99.0984,14.2506,14.2506,28.5012,28.5012,14.2506,14.2506,28.5012,28.5012,14.2506,14.2506,14.2506,14.2506,14.2506,14.2506,16.7783,16.7783,16.7783,16.7783,0,0,0,0,0,0,0,0,0,0,0,0,0,0,0,0,0,0,0,0,0,0,0,0,0,0,0,0,0,0,0,0,0,0,0,0,0,0,0,0,0,0,0,0,0,0,0,0,0,0,0,0,0,0,0,0,0,0,0,0,0,0,0,0,0,0,0,0,0,0,0,0,0,0,0,0,0,0,0,0,0,0,0,0,0,0,0,0,0,0,0,0,0,0,0,0,0,0,0,0,0,0,0,0,0,0,0,0,0,0,0,0,0,0,0,0,0,-0.00768352,0.370292,0.0555226,0.261074,0.852541,-0.212587,0.495996,-0.378946,-0.317801,0.184675,-0.463173,0.0347919,0.233042,0.677702,-0.133594,-0.686949,-0.0537547,-0.0809506,-0.197295,0.431793,-0.118981,1.15296,0.0167897,-0.200149,0.307421,0.00211148,1.9574,-0.376559,0.88733,-0.00653564,-0.0754895,-0.862833,-0.385149,-0.108028,0.00919313,1.35538,-0.0518476,-0.033108,-0.688137,0.236427,-0.0877808,0.536955,-0.087267,-0.378419,0.015259,-0.13938,-0.093236,0.314501,0.417533,0.0809942,0.2618,-0.0235756,-0.0521822,0.134828,0.573905,-0.366197,-0.203137,0.650489,-0.00603089,0.0858965,0.000157307,0.662,0.361887,0.00716268,-0.932194,0.6,0,0,3,3,3
-4.39305,1.63483,7.91465,0.0233319,0.320124,0.194616,-0.00531589,0.377159,0.0607572,-4.39305,1.63483,7.91465,0.0233319,0.320124,0.194616,-0.00531589,0.377159,0.0607572,-0.37448,-0.103082,0.00270137,1.3671,-0.0294949,-0.0271581,-0.712617,0.250834,-0.0831908,0.53706,-0.087267,-0.377479,0.00063099,-0.134032,-0.101853,0.27506,0.421194,0.0839298,0.2618,-0.0240887,-0.0567053,0.124534,0.602305,-0.381238,-0.212599,0.65271,-0.0066567,0.0883448,-0.00482641,0,0,0,0,0,0,0,0,0,0,0,0,0,0,0,0,0,0,0,0,0,0,0,0,0,0,0,0,0,-0.786079,0.100413,-0.165005,1.27204,-0.238867,0.022432,-0.501205,0.18857,-0.0759701,0.66249,-0.165805,-0.126483,-0.190929,-0.272232,-0.357694,0.305953,0.281182,0.0471775,0.292447,-0.0236808,-0.0135329,0.166977,0.252786,-0.241595,-0.142423,0.642138,-0.00375694,0.0781176,0.0149761,-0.653685,-0.428414,-0.344373,1.32244,1.14342,0.0678325,-0.598564,0.317969,0.765964,0.796894,0.430817,-0.430133,-1.11234,-0.429299,-0.868119,-1.20192,-0.043141,0.130474,0.0487828,-0.0171661,-0.364296,-0.638497,0.909084,-0.79165,-0.381744,0.0615212,-0.0279499,0.111563,-0.183241,17.7743,-7.31237,7.85422,0.0659046,11.4188,-1.70814,-6.0096,1.14803,-1.67556,-17.3749,5.18809,-3.21933,3.92455,4.54373,9.05585,1.17802,1.98019,0.731948,-0.970725,0.0173501,-0.221992,0.121521,3.77554,-1.08595,-0.529076,0.0865989,-0.00874783,0.0147895,-0.0543192,0,0,0,0,0,0,0,0,0,0,0,0,0,0,0,0,0,0,0,0,0,0,0,0,0,0,0,0,0,2.55789,2.55789,2.55789,6.3088,6.3088,1.81445,2.55789,2.55789,1.81445,6.3088,6.3088,0.907223,0.907223,1.81445,1.81445,0.907223,0.907223,1.81445,1.81445,0.907223,0.907223,0.907223,0.907223,0.907223,0.907223,1.06814,1.06814,1.06814,1.06814,40.1792,40.1792,40.1792,99.0984,99.0984,28.5012,40.1792,40.1792,28.5012,99.0984,99.0984,14.2506,14.2506,28.5012,28.5012,14.2506,14.2506,28.5012,28.5012,14.2506,14.2506,14.2506,14.2506,14.2506,14.2506,16.7783,16.7783,16.7783,16.7783,0,0,0,0,0,0,0,0,0,0,0,0,0,0,0,0,0,0,0,0,0,0,0,0,0,0,0,0,0,0,0,0,0,0,0,0,0,0,0,0,0,0,0,0,0,0,0,0,0,0,0,0,0,0,0,0,0,0,0,0,0,0,0,0,0,0,0,0,0,0,0,0,0,0,0,0,0,0,0,0,0,0,0,0,0,0,0,0,0,0,0,0,0,0,0,0,0,0,0,0,0,0,0,0,0,0,0,0,0,0,0,0,0,0,0,0,0,-0.00531589,0.377159,0.0607572,0.171144,0.917295,-0.232235,0.504345,-0.413241,-0.305607,0.191368,-0.484746,0.00143872,0.195199,0.707505,-0.114108,-0.731659,-0.0549247,-0.0893506,-0.188261,0.458105,-0.129294,1.18582,0.00493359,-0.189683,0.28395,-0.0647833,1.9908,-0.37626,0.951074,-0.0247815,-0.0619233,-0.86069,-0.37448,-0.103082,0.00270137,1.3671,-0.0294949,-0.0271581,-0.712617,0.250834,-0.0831908,0.53706,-0.087267,-0.377479,0.00063099,-0.134032,-0.101853,0.27506,0.421194,0.0839298,0.2618,-0.0240887,-0.0567053,0.124534,0.602305,-0.381238,-0.212599,0.65271,-0.0066567,0.0883448,-0.00482641,0.996,0.368281,0.00494224,-0.929701,0.6,0,0,3,3,3
-4.43038,1.66292,7.84249,0.0196365,0.267696,0.0885881,-0.00371323,0.383016,0.0638923,-4.43038,1.66292,7.84249,0.0196365,0.267696,0.0885881,-0.00371323,0.383016,0.0638923,-0.362692,-0.0994482,-0.00412505,1.37647,-0.0097663,-0.0195093,-0.734083,0.265522,-0.0795794,0.537558,-0.087267,-0.375806,-0.014088,-0.128618,-0.108754,0.2359,0.423298,0.0861119,0.2618,-0.024553,-0.0606888,0.115114,0.631629,-0.395336,-0.221633,0.654907,-0.00722578,0.0909078,-0.00970224,0,0,0,0,0,0,0,0,0,0,0,0,0,0,0,0,0,0,0,0,0,0,0,0,0,0,0,0,0,-0.798506,0.0915639,-0.171772,1.29738,-0.215804,0.0247797,-0.512967,0.195514,-0.0600593,0.67748,-0.156498,-0.136481,-0.213065,-0.280734,-0.37504,0.280554,0.280365,0.0497859,0.293767,-0.0240706,-0.0203965,0.154074,0.27188,-0.257953,-0.150597,0.643264,-0.00435397,0.080493,0.0108552,-0.570062,-0.44649,-0.333334,1.20427,1.10787,0.118154,-0.569326,0.366013,0.809466,0.707621,0.487296,-0.558438,-1.08073,-0.415099,-0.875804,-1.29802,-0.0372635,0.12757,0.0519854,-0.0175755,-0.3094,-0.592521,0.96627,-0.842472,-0.415737,0.0744576,-0.028702,0.116014,-0.198945,18.4892,-6.71375,7.83899,-0.563018,11.5597,-1.69538,-6.59744,1.32286,-2.08135,-18.3043,3.90878,-2.95442,4.00596,4.91721,9.32143,1.06337,2.04052,0.747598,-1.01457,0.0158996,-0.238263,0.117363,3.85654,-1.02178,-0.516751,0.0898716,-0.00841935,0.0110092,-0.0520373,0,0,0,0,0,0,0,0,0,0,0,0,0,0,0,0,0,0,0,0,0,0,0,0,0,0,0,0,0,2.55789,2.55789,2.55789,6.3088,6.3088,1.81445,2.55789,2.55789,1.81445,6.3088,6.3088,0.907223,0.907223,1.81445,1.81445,0.907223,0.907223,1.81445,1.81445,0.907223,0.907223,0.907223,0.907223,0.907223,0.907223,1.06814,1.06814,1.06814,1.06814,40.1792,40.1792,40.1792,99.0984,99.0984,28.5012,40.1792,40.1792,28.5012,99.0984,99.0984,14.2506,14.2506,28.5012,28.5012,14.2506,14.2506,28.5012,28.5012,14.2506,14.2506,14.2506,14.2506,14.2506,14.2506,16.7783,16.7783,16.7783,16.7783,0,0,0,0,0,0,0,0,0,0,0,0,0,0,0,0,0,0,0,0,0,0,0,0,0,0,0,0,0,0,0,0,0,0,0,0,0,0,0,0,0,0,0,0,0,0,0,0,0,0,0,0,0,0,0,0,0,0,0,0,0,0,0,0,0,0,0,0,0,0,0,0,0,0,0,0,0,0,0,0,0,0,0,0,0,0,0,0,0,0,0,0,0,0,0,0,0,0,0,0,0,0,0,0,0,0,0,0,0,0,0,0,0,0,0,0,0,-0.00371323,0.383016,0.0638923,0.0818559,0.984156,-0.24797,0.509141,-0.445385,-0.293262,0.196344,-0.505345,-0.0321219,0.157235,0.737003,-0.0925808,-0.770862,-0.0559834,-0.0969891,-0.181625,0.48493,-0.138376,1.22022,-0.00753369,-0.181449,0.262472,-0.13023,2.01752,-0.374839,1.00734,-0.0364952,-0.0444831,-0.856876,-0.362692,-0.0994482,-0.00412505,1.37647,-0.0097663,-0.0195093,-0.734083,0.265522,-0.0795794,0.537558,-0.087267,-0.375806,-0.014088,-0.128618,-0.108754,0.2359,0.423298,0.0861119,0.2618,-0.024553,-0.0606888,0.115114,0.631629,-0.395336,-0.221633,0.654907,-0.00722578,0.0909078,-0.00970224,0.818,0.37372,0.00344416,-0.927535,0.6,0,0,3,3,3
-4.42132,1.66004,7.71218,0.00986665,0.204321,-0.0275252,-0.0031297,0.387705,0.0646358,-4.42132,1.66004,7.71218,0.00986665,0.204321,-0.0275252,-0.0031297,0.387705,0.0646358,-0.351351,-0.0988382,-0.0110145,1.38604,0.00761042,-0.011397,-0.753316,0.282279,-0.0770702,0.538991,-0.087267,-0.373013,-0.0287451,-0.123161,-0.116658,0.196834,0.426112,0.0885355,0.2618,-0.0246023,-0.0647089,0.106718,0.661017,-0.407765,-0.230598,0.656978,-0.00772372,0.0935727,-0.0147701,0,0,0,0,0,0,0,0,0,0,0,0,0,0,0,0,0,0,0,0,0,0,0,0,0,0,0,0,0,-0.80924,0.0823065,-0.178268,1.32021,-0.193798,0.0283026,-0.524174,0.203172,-0.0436105,0.690647,-0.146065,-0.149194,-0.234331,-0.288785,-0.39243,0.253318,0.279837,0.0522878,0.295119,-0.0244558,-0.0262299,0.142152,0.292022,-0.275227,-0.159343,0.644472,-0.00495041,0.0829343,0.00648094,-0.49006,-0.470391,-0.319305,1.07814,1.04652,0.176595,-0.546868,0.390544,0.823654,0.614865,0.557075,-0.69742,-1.02845,-0.383648,-0.870893,-1.38469,-0.0159885,0.122806,0.051285,-0.0173025,-0.263182,-0.546665,1.01491,-0.884371,-0.439805,0.0723873,-0.0285373,0.117818,-0.20946,19.1906,-6.13939,7.79141,-1.12083,11.7058,-1.68258,-7.06984,1.53759,-2.47679,-18.9894,2.46321,-2.62886,4.05499,5.25046,9.61488,0.970871,2.06091,0.74769,-1.05328,0.0144807,-0.253955,0.111473,3.94382,-0.938865,-0.498841,0.107295,-0.00813707,0.010758,-0.0491394,0,0,0,0,0,0,0,0,0,0,0,0,0,0,0,0,0,0,0,0,0,0,0,0,0,0,0,0,0,2.55789,2.55789,2.55789,6.3088,6.3088,1.81445,2.55789,2.55789,1.81445,6.3088,6.3088,0.907223,0.907223,1.81445,1.81445,0.907223,0.907223,1.81445,1.81445,0.907223,0.907223,0.907223,0.907223,0.907223,0.907223,1.06814,1.06814,1.06814,1.06814,40.1792,40.1792,40.1792,99.0984,99.0984,28.5012,40.1792,40.1792,28.5012,99.0984,99.0984,14.2506,14.2506,28.5012,28.5012,14.2506,14.2506,28.5012,28.5012,14.2506,14.2506,14.2506,14.2506,14.2506,14.2506,16.7783,16.7783,16.7783,16.7783,0,0,0,0,0,0,0,0,0,0,0,0,0,0,0,0,0,0,0,0,0,0,0,0,0,0,0,0,0,0,0,0,0,0,0,0,0,0,0,0,0,0,0,0,0,0,0,0,0,0,0,0,0,0,0,0,0,0,0,0,0,0,0,0,0,0,0,0,0,0,0,0,0,0,0,0,0,0,0,0,0,0,0,0,0,0,0,0,0,0,0,0,0,0,0,0,0,0,0,0,0,0,0,0,0,0,0,0,0,0,0,0,0,0,0,0,0,-0.0031297,0.387705,0.0646358,-0.00721994,1.05116,-0.265992,0.515557,-0.473724,-0.280818,0.20187,-0.525787,-0.0655417,0.119699,0.764793,-0.0718683,-0.805987,-0.0560957,-0.103673,-0.180511,0.515534,-0.147543,1.25599,-0.020116,-0.175728,0.243328,-0.198254,2.04481,-0.370753,1.05689,-0.043491,-0.0259863,-0.850507,-0.351351,-0.0988382,-0.0110145,1.38604,0.00761042,-0.011397,-0.753316,0.282279,-0.0770702,0.538991,-0.087267,-0.373013,-0.0287451,-0.123161,-0.116658,0.196834,0.426112,0.0885355,0.2618,-0.0246023,-0.0647089,0.106718,0.661017,-0.407765,-0.230598,0.656978,-0.00772372,0.0935727,-0.0147701,0.831,0.378065,0.0028974,-0.925774,0.6,0,0,3,3,3
-4.42765,1.63602,7.52961,-0.00813879,0.131474,-0.150245,-0.00380913,0.391011,0.0627856,-4.42765,1.63602,7.52961,-0.00813879,0.131474,-0.150245,-0.00380913,0.391011,0.0627856,-0.340445,-0.101612,-0.0199638,1.39682,0.022191,-0.00331755,-0.773086,0.297355,-0.0743939,0.542423,-0.087267,-0.370364,-0.0428764,-0.118983,-0.12709,0.158472,0.429793,0.0915394,0.2618,-0.0241761,-0.0694955,0.0999454,0.689485,-0.418963,-0.23974,0.658722,-0.00814713,0.0963951,-0.0201582,0,0,0,0,0,0,0,0,0,0,0,0,0,0,0,0,0,0,0,0,0,0,0,0,0,0,0,0,0,-0.818421,0.0724428,-0.184649,1.34065,-0.173181,0.0328809,-0.535051,0.211326,-0.0267905,0.702271,-0.133898,-0.164013,-0.254251,-0.296116,-0.409715,0.22447,0.279907,0.054738,0.296382,-0.0247402,-0.0313295,0.131197,0.313054,-0.293195,-0.168545,0.645467,-0.00552834,0.0853889,0.00188767,-0.417328,-0.505248,-0.323672,0.967236,0.975359,0.225274,-0.538235,0.423059,0.855292,0.558813,0.659627,-0.756341,-0.946462,-0.34719,-0.865706,-1.46129,0.0214185,0.122812,0.0444015,-0.0115521,-0.233764,-0.501019,1.05532,-0.913593,-0.461116,0.0572619,-0.0275668,0.116694,-0.219881,19.8307,-5.63488,7.77593,-1.5047,11.8236,-1.6688,-7.42973,1.80739,-2.93637,-19.631,0.630485,-2.31994,4.06124,5.55092,9.8733,0.893235,2.06884,0.747917,-1.07781,0.0126204,-0.265745,0.106681,4.02655,-0.833224,-0.476315,0.140357,-0.00782632,0.0150098,-0.0460522,0,0,0,0,0,0,0,0,0,0,0,0,0,0,0,0,0,0,0,0,0,0,0,0,0,0,0,0,0,2.55789,2.55789,2.55789,6.3088,6.3088,1.81445,2.55789,2.55789,1.81445,6.3088,6.3088,0.907223,0.907223,1.81445,1.81445,0.907223,0.907223,1.81445,1.81445,0.907223,0.907223,0.907223,0.907223,0.907223,0.907223,1.06814,1.06814,1.06814,1.06814,40.1792,40.1792,40.1792,99.0984,99.0984,28.5012,40.1792,40.1792,28.5012,99.0984,99.0984,14.2506,14.2506,28.5012,28.5012,14.2506,14.2506,28.5012,28.5012,14.2506,14.2506,14.2506,14.2506,14.2506,14.2506,16.7783,16.7783,16.7783,16.7783,0,0,0,0,0,0,0,0,0,0,0,0,0,0,0,0,0,0,0,0,0,0,0,0,0,0,0,0,0,0,0,0,0,0,0,0,0,0,0,0,0,0,0,0,0,0,0,0,0,0,0,0,0,0,0,0,0,0,0,0,0,0,0,0,0,0,0,0,0,0,0,0,0,0,0,0,0,0,0,0,0,0,0,0,0,0,0,0,0,0,0,0,0,0,0,0,0,0,0,0,0,0,0,0,0,0,0,0,0,0,0,0,0,0,0,0,0,-0.00380913,0.391011,0.0627856,-0.0946891,1.11607,-0.289778,0.52395,-0.499257,-0.271292,0.208719,-0.546631,-0.0977625,0.0832751,0.788202,-0.0519507,-0.842094,-0.055124,-0.109356,-0.185576,0.543068,-0.158457,1.29388,-0.0364605,-0.169626,0.227886,-0.270576,2.07557,-0.360968,1.09847,-0.0472984,-0.00756433,-0.844466,-0.340445,-0.101612,-0.0199638,1.39682,0.022191,-0.00331755,-0.773086,0.297355,-0.0743939,0.542423,-0.087267,-0.370364,-0.0428764,-0.118983,-0.12709,0.158472,0.429793,0.0915394,0.2618,-0.0241761,-0.0694955,0.0999454,0.689485,-0.418963,-0.23974,0.658722,-0.00814713,0.0963951,-0.0201582,0.663,0.381123,0.00352163,-0.924518,0.6,0,0,3,3,3
-4.314,1.58435,7.27967,-0.0374598,0.042718,-0.276726,-0.00601052,0.392682,0.0582238,-4.314,1.58435,7.27967,-0.0374598,0.042718,-0.276726,-0.00601052,0.392682,0.0582238,-0.3303,-0.108516,-0.0315071,1.40797,0.0339169,0.00457095,-0.794445,0.309003,-0.0710175,0.547938,-0.087267,-0.36782,-0.0560074,-0.117222,-0.141085,0.121128,0.433727,0.0949303,0.2618,-0.0232626,-0.0745733,0.0955148,0.715828,-0.429994,-0.249352,0.660038,-0.00852226,0.0992955,-0.025765,0,0,0,0,0,0,0,0,0,0,0,0,0,0,0,0,0,0,0,0,0,0,0,0,0,0,0,0,0,-0.826222,0.0615275,-0.191454,1.35912,-0.154127,0.0381935,-0.545689,0.22001,-0.00963256,0.71306,-0.120394,-0.180344,-0.272054,-0.302628,-0.426872,0.194284,0.280922,0.0572802,0.297442,-0.0248169,-0.036134,0.121324,0.334854,-0.311576,-0.178162,0.646057,-0.00607324,0.0878349,-0.00294755,-0.355043,-0.570261,-0.353085,0.880004,0.895511,0.257364,-0.52012,0.440665,0.854131,0.517154,0.687285,-0.86338,-0.826437,-0.299663,-0.854512,-1.52035,0.0771526,0.131231,0.0325106,-0.000978916,-0.227106,-0.447588,1.0929,-0.928054,-0.480784,0.0348862,-0.0259592,0.115453,-0.231736,20.4224,-5.15037,7.76044,-1.71617,11.8723,-1.64721,-7.83976,2.01714,-3.35147,-20.1111,-0.897739,-1.95748,4.00964,5.7746,10.048,0.829817,2.05953,0.747523,-1.08725,0.0101975,-0.272282,0.102776,4.08833,-0.717209,-0.451888,0.182646,-0.00749669,0.0222873,-0.0427745,0,0,0,0,0,0,0,0,0,0,0,0,0,0,0,0,0,0,0,0,0,0,0,0,0,0,0,0,0,2.55789,2.55789,2.55789,6.3088,6.3088,1.81445,2.55789,2.55789,1.81445,6.3088,6.3088,0.907223,0.907223,1.81445,1.81445,0.907223,0.907223,1.81445,1.81445,0.907223,0.907223,0.907223,0.907223,0.907223,0.907223,1.06814,1.06814,1.06814,1.06814,40.1792,40.1792,40.1792,99.0984,99.0984,28.5012,40.1792,40.1792,28.5012,99.0984,99.0984,14.2506,14.2506,28.5012,28.5012,14.2506,14.2506,28.5012,28.5012,14.2506,14.2506,14.2506,14.2506,14.2506,14.2506,16.7783,16.7783,16.7783,16.7783,0,0,0,0,0,0,0,0,0,0,0,0,0,0,0,0,0,0,0,0,0,0,0,0,0,0,0,0,0,0,0,0,0,0,0,0,0,0,0,0,0,0,0,0,0,0,0,0,0,0,0,0,0,0,0,0,0,0,0,0,0,0,0,0,0,0,0,0,0,0,0,0,0,0,0,0,0,0,0,0,0,0,0,0,0,0,0,0,0,0,0,0,0,0,0,0,0,0,0,0,0,0,0,0,0,0,0,0,0,0,0,0,0,0,0,0,0,-0.00601052,0.392682,0.0582238,-0.179837,1.17614,-0.321688,0.532921,-0.524409,-0.267278,0.21645,-0.568548,-0.127702,0.048068,0.805869,-0.0334221,-0.881104,-0.053041,-0.114391,-0.198186,0.564341,-0.170035,1.33281,-0.0575423,-0.161927,0.217783,-0.345834,2.10737,-0.345241,1.13191,-0.0489299,0.0104222,-0.838667,-0.3303,-0.108516,-0.0315071,1.40797,0.0339169,0.00457095,-0.794445,0.309003,-0.0710175,0.547938,-0.087267,-0.36782,-0.0560074,-0.117222,-0.141085,0.121128,0.433727,0.0949303,0.2618,-0.0232626,-0.0745733,0.0955148,0.715828,-0.429994,-0.249352,0.660038,-0.00852226,0.0992955,-0.025765,0.634,0.382668,0.005553,-0.923869,0.6,0,0,3,3,3
-4.21377,1.53552,6.98118,-0.0745829,-0.0567861,-0.405021,-0.00994963,0.392419,0.0508935,-4.21377,1.53552,6.98118,-0.0745829,-0.0567861,-0.405021,-0.00994963,0.392419,0.0508935,-0.318782,-0.118616,-0.0455779,1.41996,0.0441037,0.0127443,-0.817659,0.317636,-0.0674453,0.55514,-0.087267,-0.364683,-0.0672304,-0.11701,-0.156965,0.0842253,0.437238,0.0981379,0.2618,-0.0226286,-0.0789558,0.0925764,0.740119,-0.44063,-0.259135,0.660857,-0.00880858,0.102111,-0.0313152,0,0,0,0,0,0,0,0,0,0,0,0,0,0,0,0,0,0,0,0,0,0,0,0,0,0,0,0,0,-0.832845,0.0489303,-0.199092,1.37606,-0.136833,0.0438974,-0.555988,0.228817,0.00729066,0.723204,-0.106474,-0.198704,-0.28716,-0.308032,-0.443774,0.16312,0.283199,0.0600715,0.298212,-0.0246018,-0.0409517,0.112836,0.357341,-0.330141,-0.188181,0.646144,-0.00657893,0.0902646,-0.00802251,-0.300655,-0.667056,-0.40171,0.813338,0.805816,0.273993,-0.506052,0.43927,0.836862,0.493159,0.711786,-0.955769,-0.682689,-0.238946,-0.840472,-1.56298,0.146149,0.147014,0.017462,0.0130694,-0.231484,-0.377548,1.12479,-0.93415,-0.500784,0.00866142,-0.0241379,0.113766,-0.243156,20.9578,-4.68647,7.72216,-1.86713,11.873,-1.61383,-8.32069,2.13149,-3.70861,-20.4137,-2.41273,-1.5768,3.91245,5.874,10.1068,0.780019,2.02379,0.737759,-1.08239,0.00735728,-0.272452,0.0976194,4.11488,-0.604042,-0.428343,0.230372,-0.00724981,0.0316037,-0.0396342,0,0,0,0,0,0,0,0,0,0,0,0,0,0,0,0,0,0,0,0,0,0,0,0,0,0,0,0,0,2.55789,2.55789,2.55789,6.3088,6.3088,1.81445,2.55789,2.55789,1.81445,6.3088,6.3088,0.907223,0.907223,1.81445,1.81445,0.907223,0.907223,1.81445,1.81445,0.907223,0.907223,0.907223,0.907223,0.907223,0.907223,1.06814,1.06814,1.06814,1.06814,40.1792,40.1792,40.1792,99.0984,99.0984,28.5012,40.1792,40.1792,28.5012,99.0984,99.0984,14.2506,14.2506,28.5012,28.5012,14.2506,14.2506,28.5012,28.5012,14.2506,14.2506,14.2506,14.2506,14.2506,14.2506,16.7783,16.7783,16.7783,16.7783,0,0,0,0,0,0,0,0,0,0,0,0,0,0,0,0,0,0,0,0,0,0,0,0,0,0,0,0,0,0,0,0,0,0,0,0,0,0,0,0,0,0,0,0,0,0,0,0,0,0,0,0,0,0,0,0,0,0,0,0,0,0,0,0,0,0,0,0,0,0,0,0,0,0,0,0,0,0,0,0,0,0,0,0,0,0,0,0,0,0,0,0,0,0,0,0,0,0,0,0,0,0,0,0,0,0,0,0,0,0,0,0,0,0,0,0,0,-0.00994963,0.392419,0.0508935,-0.263978,1.23153,-0.357896,0.540926,-0.548661,-0.266795,0.223764,-0.590854,-0.153292,0.0118539,0.816866,-0.0123855,-0.923499,-0.0515954,-0.118235,-0.216631,0.580109,-0.180027,1.37061,-0.0832402,-0.153782,0.211084,-0.420333,2.14156,-0.324702,1.16096,-0.0434068,0.0290582,-0.831513,-0.318782,-0.118616,-0.0455779,1.41996,0.0441037,0.0127443,-0.817659,0.317636,-0.0674453,0.55514,-0.087267,-0.364683,-0.0672304,-0.11701,-0.156965,0.0842253,0.437238,0.0981379,0.2618,-0.0226286,-0.0789558,0.0925764,0.740119,-0.44063,-0.259135,0.660857,-0.00880858,0.102111,-0.0313152,0.668,0.382424,0.00919318,-0.923941,0.6,0,0,3,3,3
-4.07794,1.48867,6.64555,-0.117272,-0.167302,-0.528927,-0.0157173,0.389982,0.0408615,-4.07794,1.48867,6.64555,-0.117272,-0.167302,-0.528927,-0.0157173,0.389982,0.0408615,-0.303725,-0.131063,-0.0633751,1.43463,0.0539443,0.0208678,-0.845643,0.323755,-0.0645218,0.563549,-0.087267,-0.360594,-0.0759602,-0.118474,-0.174418,0.04645,0.441042,0.101269,0.2618,-0.0226143,-0.0829767,0.0906351,0.763,-0.451488,-0.269354,0.661167,-0.00902401,0.104828,-0.0367231,0,0,0,0,0,0,0,0,0,0,0,0,0,0,0,0,0,0,0,0,0,0,0,0,0,0,0,0,0,-0.838398,0.0339623,-0.207841,1.39191,-0.121367,0.0498678,-0.565975,0.237128,0.0235394,0.733023,-0.0921657,-0.218142,-0.299186,-0.312071,-0.46043,0.131243,0.286971,0.0631642,0.29866,-0.0242123,-0.0457492,0.105858,0.380439,-0.348779,-0.1986,0.645691,-0.00703373,0.0926463,-0.0132794,-0.250029,-0.798265,-0.458738,0.769641,0.715758,0.287101,-0.490921,0.394737,0.790447,0.480615,0.737073,-0.965902,-0.52623,-0.164561,-0.827818,-1.59401,0.224332,0.162637,0.00316275,0.0194291,-0.228642,-0.306071,1.15487,-0.936962,-0.520042,-0.0179919,-0.0217286,0.110529,-0.251047,21.5157,-4.16871,7.65051,-1.96557,11.9065,-1.57381,-8.89254,2.24821,-3.99045,-20.5861,-3.95002,-1.23906,3.78581,5.86606,10.1068,0.736272,1.95192,0.713925,-1.06886,0.00497974,-0.268965,0.0905765,4.1053,-0.487502,-0.402128,0.279546,-0.00700338,0.04203,-0.0361927,0,0,0,0,0,0,0,0,0,0,0,0,0,0,0,0,0,0,0,0,0,0,0,0,0,0,0,0,0,2.55789,2.55789,2.55789,6.3088,6.3088,1.81445,2.55789,2.55789,1.81445,6.3088,6.3088,0.907223,0.907223,1.81445,1.81445,0.907223,0.907223,1.81445,1.81445,0.907223,0.907223,0.907223,0.907223,0.907223,0.907223,1.06814,1.06814,1.06814,1.06814,40.1792,40.1792,40.1792,99.0984,99.0984,28.5012,40.1792,40.1792,28.5012,99.0984,99.0984,14.2506,14.2506,28.5012,28.5012,14.2506,14.2506,28.5012,28.5012,14.2506,14.2506,14.2506,14.2506,14.2506,14.2506,16.7783,16.7783,16.7783,16.7783,0,0,0,0,0,0,0,0,0,0,0,0,0,0,0,0,0,0,0,0,0,0,0,0,0,0,0,0,0,0,0,0,0,0,0,0,0,0,0,0,0,0,0,0,0,0,0,0,0,0,0,0,0,0,0,0,0,0,0,0,0,0,0,0,0,0,0,0,0,0,0,0,0,0,0,0,0,0,0,0,0,0,0,0,0,0,0,0,0,0,0,0,0,0,0,0,0,0,0,0,0,0,0,0,0,0,0,0,0,0,0,0,0,0,0,0,0,-0.0157173,0.389982,0.0408615,-0.350109,1.2837,-0.39769,0.549601,-0.573417,-0.270132,0.230903,-0.614155,-0.173197,-0.0273326,0.821027,0.0151136,-0.974607,-0.0515629,-0.121126,-0.239364,0.591283,-0.189195,1.40708,-0.115744,-0.147116,0.206657,-0.492922,2.18338,-0.300719,1.18902,-0.0310022,0.0475807,-0.822189,-0.303725,-0.131063,-0.0633751,1.43463,0.0539443,0.0208678,-0.845643,0.323755,-0.0645218,0.563549,-0.087267,-0.360594,-0.0759602,-0.118474,-0.174418,0.04645,0.441042,0.101269,0.2618,-0.0226143,-0.0829767,0.0906351,0.763,-0.451488,-0.269354,0.661167,-0.00902401,0.104828,-0.0367231,0.644,0.380172,0.0145366,-0.924802,0.6,0,0,3,3,3
-3.95659,1.56839,6.32938,-0.159762,-0.284655,-0.642659,-0.0232543,0.385141,0.0283469,-3.95659,1.56839,6.32938,-0.159762,-0.284655,-0.642659,-0.0232543,0.385141,0.0283469,-0.284635,-0.145408,-0.0852768,1.45318,0.0647848,0.0290922,-0.880978,0.325969,-0.0617033,0.573522,-0.087267,-0.355991,-0.0816001,-0.120947,-0.194058,0.00647452,0.446258,0.104521,0.2618,-0.0233472,-0.0869717,0.0889844,0.785298,-0.463244,-0.28051,0.660941,-0.00918568,0.107452,-0.0422882,0,0,0,0,0,0,0,0,0,0,0,0,0,0,0,0,0,0,0,0,0,0,0,0,0,0,0,0,0,-0.842996,0.016102,-0.218042,1.40727,-0.107556,0.0559499,-0.575907,0.24448,0.0386623,0.743199,-0.0767546,-0.237957,-0.307983,-0.314798,-0.476899,0.0987853,0.292305,0.06653,0.298893,-0.0238571,-0.0504199,0.100292,0.404154,-0.367505,-0.20943,0.64469,-0.0074305,0.0949517,-0.0186346,-0.201717,-0.94825,-0.542088,0.76028,0.639357,0.293232,-0.496289,0.341844,0.716103,0.52748,0.78749,-1.02765,-0.36299,-0.11052,-0.823835,-1.62266,0.299229,0.176083,-0.00356375,0.0157349,-0.22091,-0.241243,1.18538,-0.944839,-0.541044,-0.0442992,-0.0190558,0.106078,-0.254979,22.187,-3.57914,7.54866,-1.95813,11.9892,-1.5248,-9.60578,2.32091,-4.2206,-21.0168,-5.84175,-0.853761,3.64265,5.80198,10.0696,0.6857,1.86313,0.683621,-1.06168,0.00339246,-0.266399,0.0835175,4.06645,-0.369582,-0.374934,0.329369,-0.00683401,0.0534587,-0.0329362,0,0,0,0,0,0,0,0,0,0,0,0,0,0,0,0,0,0,0,0,0,0,0,0,0,0,0,0,0,2.55789,2.55789,2.55789,6.3088,6.3088,1.81445,2.55789,2.55789,1.81445,6.3088,6.3088,0.907223,0.907223,1.81445,1.81445,0.907223,0.907223,1.81445,1.81445,0.907223,0.907223,0.907223,0.907223,0.907223,0.907223,1.06814,1.06814,1.06814,1.06814,40.1792,40.1792,40.1792,99.0984,99.0984,28.5012,40.1792,40.1792,28.5012,99.0984,99.0984,14.2506,14.2506,28.5012,28.5012,14.2506,14.2506,28.5012,28.5012,14.2506,14.2506,14.2506,14.2506,14.2506,14.2506,16.7783,16.7783,16.7783,16.7783,0,0,0,0,0,0,0,0,0,0,0,0,0,0,0,0,0,0,0,0,0,0,0,0,0,0,0,0,0,0,0,0,0,0,0,0,0,0,0,0,0,0,0,0,0,0,0,0,0,0,0,0,0,0,0,0,0,0,0,0,0,0,0,0,0,0,0,0,0,0,0,0,0,0,0,0,0,0,0,0,0,0,0,0,0,0,0,0,0,0,0,0,0,0,0,0,0,0,0,0,0,0,0,0,0,0,0,0,0,0,0,0,0,0,0,0,0,-0.0232543,0.385141,0.0283469,-0.441257,1.33454,-0.442472,0.561493,-0.600221,-0.275771,0.238319,-0.63959,-0.186056,-0.0712462,0.817987,0.0499777,-1.03914,-0.053234,-0.123296,-0.265562,0.595327,-0.198304,1.4423,-0.155743,-0.14069,0.202893,-0.567621,2.23629,-0.272279,1.21994,-0.0143064,0.0663331,-0.811696,-0.284635,-0.145408,-0.0852768,1.45318,0.0647848,0.0290922,-0.880978,0.325969,-0.0617033,0.573522,-0.087267,-0.355991,-0.0816001,-0.120947,-0.194058,0.00647452,0.446258,0.104521,0.2618,-0.0233472,-0.0869717,0.0889844,0.785298,-0.463244,-0.28051,0.660941,-0.00918568,0.107452,-0.0422882,0.588,0.375689,0.0215489,-0.926495,0.6,0,0,3,3,3
-3.8353,1.57946,6.01914,-0.195639,-0.409906,-0.749636,-0.0322981,0.37769,0.013627,-3.8353,1.57946,6.01914,-0.195639,-0.409906,-0.749636,-0.0322981,0.37769,0.013627,-0.260205,-0.160401,-0.110665,1.47433,0.077731,0.0381579,-0.924958,0.324929,-0.0594979,0.585501,-0.087267,-0.350227,-0.0845562,-0.123316,-0.215696,-0.0378325,0.453427,0.107913,0.2618,-0.0249423,-0.0910383,0.0868638,0.80925,-0.476802,-0.292842,0.660278,-0.00932757,0.110028,-0.0482649,0,0,0,0,0,0,0,0,0,0,0,0,0,0,0,0,0,0,0,0,0,0,0,0,0,0,0,0,0,-0.846765,-0.0048496,-0.230211,1.42287,-0.095009,0.0615927,-0.586011,0.250122,0.051223,0.754618,-0.0615871,-0.259302,-0.313642,-0.316771,-0.493268,0.0658271,0.29897,0.0701228,0.299091,-0.0237377,-0.0549178,0.0958746,0.428526,-0.386558,-0.220754,0.643164,-0.00776914,0.0971722,-0.0240742,-0.167821,-1.09461,-0.647817,0.787168,0.571016,0.191619,-0.501904,0.237799,0.56143,0.587693,0.745938,-1.08186,-0.215944,-0.0811057,-0.819738,-1.64414,0.361269,0.187363,-0.00433694,0.00279377,-0.21181,-0.190602,1.21618,-0.966566,-0.567538,-0.067574,-0.0166061,0.101666,-0.259419,23.0145,-2.93988,7.42214,-1.8132,12.23,-1.30874,-10.6021,2.43519,-4.23052,-21.5407,-7.11556,-0.428229,3.51111,5.73464,9.96794,0.605066,1.78757,0.654276,-1.06611,0.00289363,-0.267351,0.0770248,4.00883,-0.247132,-0.349401,0.376327,-0.00653308,0.0648368,-0.0304829,0,0,0,0,0,0,0,0,0,0,0,0,0,0,0,0,0,0,0,0,0,0,0,0,0,0,0,0,0,2.55789,2.55789,2.55789,6.3088,6.3088,1.81445,2.55789,2.55789,1.81445,6.3088,6.3088,0.907223,0.907223,1.81445,1.81445,0.907223,0.907223,1.81445,1.81445,0.907223,0.907223,0.907223,0.907223,0.907223,0.907223,1.06814,1.06814,1.06814,1.06814,40.1792,40.1792,40.1792,99.0984,99.0984,28.5012,40.1792,40.1792,28.5012,99.0984,99.0984,14.2506,14.2506,28.5012,28.5012,14.2506,14.2506,28.5012,28.5012,14.2506,14.2506,14.2506,14.2506,14.2506,14.2506,16.7783,16.7783,16.7783,16.7783,0,0,0,0,0,0,0,0,0,0,0,0,0,0,0,0,0,0,0,0,0,0,0,0,0,0,0,0,0,0,0,0,0,0,0,0,0,0,0,0,0,0,0,0,0,0,0,0,0,0,0,0,0,0,0,0,0,0,0,0,0,0,0,0,0,0,0,0,0,0,0,0,0,0,0,0,0,0,0,0,0,0,0,0,0,0,0,0,0,0,0,0,0,0,0,0,0,0,0,0,0,0,0,0,0,0,0,0,0,0,0,0,0,0,0,0,0,-0.0322981,0.37769,0.013627,-0.542282,1.38915,-0.491809,0.577838,-0.631137,-0.281173,0.246052,-0.667709,-0.192797,-0.122409,0.809091,0.0945955,-1.11946,-0.056871,-0.125201,-0.292946,0.593428,-0.207576,1.47686,-0.20211,-0.135661,0.198058,-0.647844,2.2966,-0.23812,1.25686,0.00782069,0.0870039,-0.798553,-0.260205,-0.160401,-0.110665,1.47433,0.077731,0.0381579,-0.924958,0.324929,-0.0594979,0.585501,-0.087267,-0.350227,-0.0845562,-0.123316,-0.215696,-0.0378325,0.453427,0.107913,0.2618,-0.0249423,-0.0910383,0.0868638,0.80925,-0.476802,-0.292842,0.660278,-0.00932757,0.110028,-0.0482649,0.638,0.368774,0.0300165,-0.929034,0.6,0,0,3,3,3
-3.4729,1.78808,5.60774,-0.226047,-0.559306,-0.841717,-0.0426035,0.367231,-0.00296509,-3.4729,1.78808,5.60774,-0.226047,-0.559306,-0.841717,-0.0426035,0.367231,-0.00296509,-0.226059,-0.180202,-0.138217,1.49974,0.0916993,0.0486649,-0.984331,0.324366,-0.0583898,0.602768,-0.087267,-0.339831,-0.0842264,-0.127473,-0.2412,-0.0877631,0.463079,0.111375,0.2618,-0.027114,-0.0942092,0.0829284,0.837181,-0.493607,-0.307038,0.659068,-0.00942505,0.112879,-0.055396,0,0,0,0,0,0,0,0,0,0,0,0,0,0,0,0,0,0,0,0,0,0,0,0,0,0,0,0,0,-0.850227,-0.029052,-0.243783,1.43932,-0.0831076,0.0650772,-0.596127,0.251967,0.0612667,0.766781,-0.0456043,-0.271541,-0.316742,-0.317698,-0.509385,0.0325187,0.306872,0.0738213,0.299362,-0.024031,-0.0592336,0.0921785,0.453889,-0.406165,-0.23266,0.641049,-0.00805496,0.0993033,-0.0296624,-0.155887,-1.26024,-0.698209,0.84357,0.579221,0.162215,-0.500447,0.00853875,0.478344,0.638253,0.734165,-0.0972495,-0.104818,-0.0328259,-0.804378,-1.66023,0.415582,0.19118,0.00325603,-0.0176396,-0.20262,-0.162778,1.27804,-1.00539,-0.59929,-0.0989847,-0.0143569,0.0959772,-0.267536,24.1116,-2.15555,7.0782,-1.67582,12.3253,-1.0605,-11.9652,2.87024,-4.30659,-21.8494,-8.69552,-0.977164,3.41045,5.60275,9.78379,0.463121,1.727,0.639227,-1.08621,0.0028488,-0.271876,0.0740316,3.93582,-0.129842,-0.327996,0.433712,-0.00659668,0.0779646,-0.0284935,0,0,0,0,0,0,0,0,0,0,0,0,0,0,0,0,0,0,0,0,0,0,0,0,0,0,0,0,0,2.55789,2.55789,2.55789,6.3088,6.3088,1.81445,2.55789,2.55789,1.81445,6.3088,6.3088,0.907223,0.907223,1.81445,1.81445,0.907223,0.907223,1.81445,1.81445,0.907223,0.907223,0.907223,0.907223,0.907223,0.907223,1.06814,1.06814,1.06814,1.06814,40.1792,40.1792,40.1792,99.0984,99.0984,28.5012,40.1792,40.1792,28.5012,99.0984,99.0984,14.2506,14.2506,28.5012,28.5012,14.2506,14.2506,28.5012,28.5012,14.2506,14.2506,14.2506,14.2506,14.2506,14.2506,16.7783,16.7783,16.7783,16.7783,0,0,0,0,0,0,0,0,0,0,0,0,0,0,0,0,0,0,0,0,0,0,0,0,0,0,0,0,0,0,0,0,0,0,0,0,0,0,0,0,0,0,0,0,0,0,0,0,0,0,0,0,0,0,0,0,0,0,0,0,0,0,0,0,0,0,0,0,0,0,0,0,0,0,0,0,0,0,0,0,0,0,0,0,0,0,0,0,0,0,0,0,0,0,0,0,0,0,0,0,0,0,0,0,0,0,0,0,0,0,0,0,0,0,0,0,0,-0.0426035,0.367231,-0.00296509,-0.656129,1.45284,-0.549961,0.599847,-0.669452,-0.290651,0.253946,-0.700078,-0.192044,-0.184096,0.792851,0.156957,-1.2279,-0.0618227,-0.126509,-0.329109,0.592399,-0.214806,1.51514,-0.252429,-0.133135,0.189085,-0.743562,2.36907,-0.188877,1.29669,0.0305954,0.110961,-0.774849,-0.226059,-0.180202,-0.138217,1.49974,0.0916993,0.0486649,-0.984331,0.324366,-0.0583898,0.602768,-0.087267,-0.339831,-0.0842264,-0.127473,-0.2412,-0.0877631,0.463079,0.111375,0.2618,-0.027114,-0.0942092,0.0829284,0.837181,-0.493607,-0.307038,0.659068,-0.00942505,0.112879,-0.055396,0.616,0.359032,0.0397509,-0.932478,0.6,0,0,3,3,3
0.272233,1.57819,6.50125,-0.257297,-0.862649,-0.906088,-0.0536979,0.352992,-0.0209675,0.272233,1.57819,6.50125,-0.257297,-0.862649,-0.906088,-0.0536979,0.352992,-0.0209675,-0.195235,-0.189496,-0.166261,1.51548,0.111355,0.0563969,-1.04457,0.31588,-0.0572526,0.620163,-0.087267,-0.328957,-0.0847921,-0.135726,-0.27533,-0.139501,0.478548,0.117031,0.2618,-0.0288026,-0.0945845,0.0803934,0.864746,-0.509625,-0.320165,0.657309,-0.00961339,0.115551,-0.0633608,0,0,0,0,0,0,0,0,0,0,0,0,0,0,0,0,0,0,0,0,0,0,0,0,0,0,0,0,0,-0.854242,-0.0558685,-0.259205,1.45726,-0.0708165,0.067821,-0.607697,0.250408,0.0683998,0.781323,-0.0338316,-0.270167,-0.318851,-0.318498,-0.523605,-0.00111753,0.315585,0.0774502,0.300351,-0.0247893,-0.06312,0.0885462,0.480821,-0.426784,-0.245323,0.638593,-0.00830122,0.101411,-0.0356136,-0.362538,-1.36474,-0.843378,0.948412,0.588073,0.0727845,-0.763222,-0.11517,0.241271,0.756549,0.546719,0.12383,-0.167637,-0.0240902,-0.398064,-1.64458,0.43711,0.160866,0.120614,-0.0367306,-0.157712,-0.176449,1.4102,-1.05214,-0.638566,-0.0470381,-0.0146185,0.105699,-0.286801,25.9988,-1.59906,6.91326,-1.50523,12.379,-0.686264,-13.3922,3.25405,-4.0872,-22.3235,-8.67724,-1.09854,3.46969,5.49849,8.94788,0.228873,1.71364,0.675782,-1.28002,0.000628226,-0.289757,0.0782524,3.85112,-0.0316053,-0.315352,0.424717,-0.00394246,0.0868753,-0.0277401,0,0,0,0,0,0,0,0,0,0,0,0,0,0,0,0,0,0,0,0,0,0,0,0,0,0,0,0,0,2.55789,2.55789,2.55789,6.3088,6.3088,1.81445,2.55789,2.55789,1.81445,6.3088,6.3088,0.907223,0.907223,1.81445,1.81445,0.907223,0.907223,1.81445,1.81445,0.907223,0.907223,0.907223,0.907223,0.907223,0.907223,1.06814,1.06814,1.06814,1.06814,40.1792,40.1792,40.1792,99.0984,99.0984,28.5012,40.1792,40.1792,28.5012,99.0984,99.0984,14.2506,14.2506,28.5012,28.5012,14.2506,14.2506,28.5012,28.5012,14.2506,14.2506,14.2506,14.2506,14.2506,14.2506,16.7783,16.7783,16.7783,16.7783,0,0,0,0,0,0,0,0,0,0,0,0,0,0,0,0,0,0,0,0,0,0,0,0,0,0,0,0,0,0,0,0,0,0,0,0,0,0,0,0,0,0,0,0,0,0,0,0,0,0,0,0,0,0,0,0,0,0,0,0,0,0,0,0,0,0,0,0,0,0,0,0,0,0,0,0,0,0,0,0,0,0,0,0,0,0,0,0,0,0,0,0,0,0,0,0,0,0,0,0,0,0,0,0,0,0,0,0,0,0,0,0,0,0,0,0,0,-0.0536979,0.352992,-0.0209675,-0.774095,1.51569,-0.62778,0.635117,-0.705975,-0.309469,0.266842,-0.730009,-0.193335,-0.255202,0.769237,0.213251,-1.33791,-0.0656727,-0.129037,-0.346082,0.576902,-0.215662,1.551,-0.303648,-0.130542,0.183305,-0.850471,2.41396,-0.139272,1.35274,0.0423464,0.128591,-0.750056,-0.195235,-0.189496,-0.166261,1.51548,0.111355,0.0563969,-1.04457,0.31588,-0.0572526,0.620163,-0.087267,-0.328957,-0.0847921,-0.135726,-0.27533,-0.139501,0.478548,0.117031,0.2618,-0.0288026,-0.0945845,0.0803934,0.864746,-0.509625,-0.320165,0.657309,-0.00961339,0.115551,-0.0633608,0.907,0.345706,0.0503628,-0.93699,0.6,0,0,3,3,3
-3.04191,1.71416,5.75673,-0.303095,-1.2088,-0.947959,-0.065406,0.330397,-0.0390172,-3.04191,1.71416,5.75673,-0.303095,-1.2088,-0.947959,-0.065406,0.330397,-0.0390172,-0.15829,-0.192579,-0.194676,1.51543,0.137271,0.0652522,-1.10915,0.297129,-0.0563468,0.64173,-0.087267,-0.315903,-0.0857649,-0.152316,-0.313254,-0.192985,0.495856,0.123272,0.2618,-0.0295618,-0.0882718,0.0775421,0.896329,-0.525642,-0.330873,0.654916,-0.00979955,0.118215,-0.0721233,0,0,0,0,0,0,0,0,0,0,0,0,0,0,0,0,0,0,0,0,0,0,0,0,0,0,0,0,0,-0.864062,-0.084157,-0.27757,1.47743,-0.058638,0.0693081,-0.62619,0.247309,0.0708836,0.797452,-0.0254158,-0.267785,-0.324216,-0.318908,-0.525542,-0.0342034,0.323932,0.080746,0.30368,-0.0257835,-0.0648046,0.0848068,0.510979,-0.448104,-0.258724,0.637667,-0.00854453,0.104095,-0.0421246,-0.492335,-1.42319,-0.949812,1.03139,0.576293,0.0689185,-0.957682,-0.170992,0.0672408,0.796741,0.383931,0.104459,-0.327081,-0.0167163,0.0233476,-1.65148,0.407276,0.180503,0.15001,-0.0502949,-0.0470113,-0.166049,1.52837,-1.09186,-0.67538,-0.031121,-0.0126474,0.131882,-0.316011,28.124,-0.689132,6.82225,-2.52921,13.224,-0.495772,-14.4256,3.18036,-3.78244,-22.4944,-8.51468,-0.96743,3.69095,5.25364,7.11288,-0.0438419,1.84474,0.724168,-1.47512,0.00200851,-0.380514,0.0906007,3.69187,0.075527,-0.278909,0.369965,-0.00502844,0.0534651,-0.0213863,0,0,0,0,0,0,0,0,0,0,0,0,0,0,0,0,0,0,0,0,0,0,0,0,0,0,0,0,0,2.55789,2.55789,2.55789,6.3088,6.3088,1.81445,2.55789,2.55789,1.81445,6.3088,6.3088,0.907223,0.907223,1.81445,1.81445,0.907223,0.907223,1.81445,1.81445,0.907223,0.907223,0.907223,0.907223,0.907223,0.907223,1.06814,1.06814,1.06814,1.06814,40.1792,40.1792,40.1792,99.0984,99.0984,28.5012,40.1792,40.1792,28.5012,99.0984,99.0984,14.2506,14.2506,28.5012,28.5012,14.2506,14.2506,28.5012,28.5012,14.2506,14.2506,14.2506,14.2506,14.2506,14.2506,16.7783,16.7783,16.7783,16.7783,0,0,0,0,0,0,0,0,0,0,0,0,0,0,0,0,0,0,0,0,0,0,0,0,0,0,0,0,0,0,0,0,0,0,0,0,0,0,0,0,0,0,0,0,0,0,0,0,0,0,0,0,0,0,0,0,0,0,0,0,0,0,0,0,0,0,0,0,0,0,0,0,0,0,0,0,0,0,0,0,0,0,0,0,0,0,0,0,0,0,0,0,0,0,0,0,0,0,0,0,0,0,0,0,0,0,0,0,0,0,0,0,0,0,0,0,0,-0.065406,0.330397,-0.0390172,-0.896045,1.5877,-0.714251,0.674581,-0.742497,-0.347295,0.281073,-0.754423,-0.195553,-0.339105,0.737122,0.280726,-1.45585,-0.0674038,-0.131536,-0.351712,0.542656,-0.201268,1.58676,-0.355542,-0.128476,0.176804,-0.968087,2.41381,-0.0777683,1.42665,0.0560102,0.148782,-0.72029,-0.15829,-0.192579,-0.194676,1.51543,0.137271,0.0652522,-1.10915,0.297129,-0.0563468,0.64173,-0.087267,-0.315903,-0.0857649,-0.152316,-0.313254,-0.192985,0.495856,0.123272,0.2618,-0.0295618,-0.0882718,0.0775421,0.896329,-0.525642,-0.330873,0.654916,-0.00979955,0.118215,-0.0721233,0.658,0.324419,0.0618243,-0.943891,0.6,0,0,3,3,3
-3.55348,1.58236,5.70009,-0.347606,-1.40377,-1.00622,-0.0788285,0.299974,-0.0590797,-3.55348,1.58236,5.70009,-0.347606,-1.40377,-1.00622,-0.0788285,0.299974,-0.0590797,-0.105429,-0.195592,-0.2186,1.50711,0.164177,0.0807292,-1.19051,0.269634,-0.0559157,0.676575,-0.087267,-0.296918,-0.0848053,-0.170337,-0.343482,-0.253221,0.509058,0.128312,0.2618,-0.0304733,-0.078832,0.0718586,0.940738,-0.546821,-0.341186,0.652606,-0.00990827,0.121126,-0.0820155,0,0,0,0,0,0,0,0,0,0,0,0,0,0,0,0,0,0,0,0,0,0,0,0,0,0,0,0,0,-0.873727,-0.11661,-0.298211,1.49978,-0.0438595,0.0704747,-0.647427,0.242028,0.0715242,0.815704,-0.0199164,-0.265979,-0.333492,-0.318535,-0.524628,-0.0724144,0.333127,0.0849376,0.306984,-0.0268743,-0.0640488,0.0810209,0.545432,-0.472571,-0.273771,0.635715,-0.00880038,0.107033,-0.0500548,-0.3618,-1.47267,-0.916254,0.988597,0.66956,0.0275394,-0.936709,-0.270881,0.016591,0.789588,0.217877,0.0635197,-0.489999,0.0481547,0.0387585,-1.76491,0.431209,0.203865,0.124123,-0.0458651,0.0618869,-0.148576,1.54689,-1.14444,-0.668455,-0.0892416,-0.013092,0.117254,-0.340534,29.6916,0.621861,6.4466,-4.53703,13.7807,-0.206434,-16.2039,2.88477,-3.67344,-22.1694,-8.03956,-0.770488,3.95124,4.66414,5.95304,-0.163327,1.94324,0.739459,-1.52309,0.00288166,-0.401202,0.0880212,3.62881,0.241486,-0.220259,0.421125,-0.00344989,0.0629287,-0.00795654,0,0,0,0,0,0,0,0,0,0,0,0,0,0,0,0,0,0,0,0,0,0,0,0,0,0,0,0,0,2.55789,2.55789,2.55789,6.3088,6.3088,1.81445,2.55789,2.55789,1.81445,6.3088,6.3088,0.907223,0.907223,1.81445,1.81445,0.907223,0.907223,1.81445,1.81445,0.907223,0.907223,0.907223,0.907223,0.907223,0.907223,1.06814,1.06814,1.06814,1.06814,40.1792,40.1792,40.1792,99.0984,99.0984,28.5012,40.1792,40.1792,28.5012,99.0984,99.0984,14.2506,14.2506,28.5012,28.5012,14.2506,14.2506,28.5012,28.5012,14.2506,14.2506,14.2506,14.2506,14.2506,14.2506,16.7783,16.7783,16.7783,16.7783,0,0,0,0,0,0,0,0,0,0,0,0,0,0,0,0,0,0,0,0,0,0,0,0,0,0,0,0,0,0,0,0,0,0,0,0,0,0,0,0,0,0,0,0,0,0,0,0,0,0,0,0,0,0,0,0,0,0,0,0,0,0,0,0,0,0,0,0,0,0,0,0,0,0,0,0,0,0,0,0,0,0,0,0,0,0,0,0,0,0,0,0,0,0,0,0,0,0,0,0,0,0,0,0,0,0,0,0,0,0,0,0,0,0,0,0,0,-0.0788285,0.299974,-0.0590797,-1.03339,1.68896,-0.783173,0.704684,-0.790786,-0.388386,0.292564,-0.777939,-0.193364,-0.430909,0.706114,0.377267,-1.60445,-0.0694822,-0.132995,-0.357216,0.492441,-0.179745,1.62583,-0.399235,-0.127493,0.163845,-1.10087,2.39007,0.021603,1.50338,0.0843226,0.184071,-0.677003,-0.105429,-0.195592,-0.2186,1.50711,0.164177,0.0807292,-1.19051,0.269634,-0.0559157,0.676575,-0.087267,-0.296918,-0.0848053,-0.170337,-0.343482,-0.253221,0.509058,0.128312,0.2618,-0.0304733,-0.078832,0.0718586,0.940738,-0.546821,-0.341186,0.652606,-0.00990827,0.121126,-0.0820155,0.658,0.298318,0.0739711,-0.951596,0.6,0,0,3,3,3
-3.40891,1.3152,5.4178,-0.385904,-1.54269,-1.01709,-0.0901291,0.271928,-0.0755224,-3.40891,1.3152,5.4178,-0.385904,-1.54269,-1.01709,-0.0901291,0.271928,-0.0755224,-0.0439173,-0.199034,-0.228715,1.49921,0.185302,0.101395,-1.28021,0.245202,-0.0548325,0.722408,-0.087267,-0.268846,-0.0826268,-0.179581,-0.369189,-0.316872,0.517426,0.131721,0.2618,-0.0315106,-0.0667403,0.0639786,0.994941,-0.563835,-0.350004,0.650457,-0.00989597,0.124067,-0.0938413,0,0,0,0,0,0,0,0,0,0,0,0,0,0,0,0,0,0,0,0,0,0,0,0,0,0,0,0,0,-0.879247,-0.144183,-0.313154,1.51632,-0.0300588,0.0720917,-0.66501,0.23526,0.071966,0.83112,-0.0189869,-0.265045,-0.344505,-0.316016,-0.52418,-0.106042,0.341337,0.0885083,0.309558,-0.0277309,-0.0613016,0.0775698,0.574251,-0.493339,-0.285513,0.632711,-0.00897909,0.109174,-0.0571613,-0.246372,-1.56068,-0.775398,0.862773,0.787023,0.109719,-0.98241,-0.444698,0.0318218,0.837968,0.0303822,0.0425278,-0.701089,0.204755,0.0144327,-1.92258,0.471356,0.2006,0.140539,-0.0454686,0.192628,-0.19296,1.62329,-1.17427,-0.632809,-0.192792,-0.0111536,0.102703,-0.387744,31.7494,1.80546,5.74481,-6.26769,14.384,0.0510358,-18.6667,2.45965,-3.69787,-20.5461,-6.95556,-0.493657,4.30096,3.81417,5.12087,-0.409859,1.9788,0.785962,-1.62001,0.00170909,-0.418994,0.0941085,3.79257,0.261848,-0.231015,0.536037,-0.00450258,0.0889909,-0.00514663,0,0,0,0,0,0,0,0,0,0,0,0,0,0,0,0,0,0,0,0,0,0,0,0,0,0,0,0,0,2.55789,2.55789,2.55789,6.3088,6.3088,1.81445,2.55789,2.55789,1.81445,6.3088,6.3088,0.907223,0.907223,1.81445,1.81445,0.907223,0.907223,1.81445,1.81445,0.907223,0.907223,0.907223,0.907223,0.907223,0.907223,1.06814,1.06814,1.06814,1.06814,40.1792,40.1792,40.1792,99.0984,99.0984,28.5012,40.1792,40.1792,28.5012,99.0984,99.0984,14.2506,14.2506,28.5012,28.5012,14.2506,14.2506,28.5012,28.5012,14.2506,14.2506,14.2506,14.2506,14.2506,14.2506,16.7783,16.7783,16.7783,16.7783,0,0,0,0,0,0,0,0,0,0,0,0,0,0,0,0,0,0,0,0,0,0,0,0,0,0,0,0,0,0,0,0,0,0,0,0,0,0,0,0,0,0,0,0,0,0,0,0,0,0,0,0,0,0,0,0,0,0,0,0,0,0,0,0,0,0,0,0,0,0,0,0,0,0,0,0,0,0,0,0,0,0,0,0,0,0,0,0,0,0,0,0,0,0,0,0,0,0,0,0,0,0,0,0,0,0,0,0,0,0,0,0,0,0,0,0,0,-0.0901291,0.271928,-0.0755224,-1.17852,1.81254,-0.841788,0.723762,-0.829579,-0.409463,0.300337,-0.798045,-0.188397,-0.524157,0.677263,0.489607,-1.76826,-0.0718474,-0.13283,-0.363501,0.44782,-0.152175,1.66531,-0.41771,-0.125023,0.145878,-1.2596,2.36755,0.152306,1.56362,0.122096,0.231192,-0.612996,-0.0439173,-0.199034,-0.228715,1.49921,0.185302,0.101395,-1.28021,0.245202,-0.0548325,0.722408,-0.087267,-0.268846,-0.0826268,-0.179581,-0.369189,-0.316872,0.517426,0.131721,0.2618,-0.0315106,-0.0667403,0.0639786,0.994941,-0.563835,-0.350004,0.650457,-0.00989597,0.124067,-0.0938413,0.674,0.268589,0.0866998,-0.959345,0.6,0,0,3,3,3
-2.20168,0.174204,4.49464,-0.438393,-1.7207,-1.00181,-0.102788,0.23749,-0.0927171,-2.20168,0.174204,4.49464,-0.438393,-1.7207,-1.00181,-0.102788,0.23749,-0.0927171,0.0212856,-0.200934,-0.231352,1.48687,0.207336,0.128231,-1.36446,0.226063,-0.0556148,0.774591,-0.087267,-0.230839,-0.0811933,-0.184152,-0.390168,-0.380882,0.528614,0.1374,0.2618,-0.0326448,-0.0498462,0.0570151,1.05548,-0.571126,-0.35413,0.648686,-0.00985513,0.12675,-0.107419,0,0,0,0,0,0,0,0,0,0,0,0,0,0,0,0,0,0,0,0,0,0,0,0,0,0,0,0,0,-0.882801,-0.176863,-0.325512,1.53128,-0.0132861,0.0766608,-0.686732,0.223584,0.0740331,0.849385,-0.0235614,-0.264282,-0.362582,-0.308632,-0.524128,-0.14719,0.351328,0.0923366,0.312743,-0.0287125,-0.0551715,0.0725242,0.609039,-0.516904,-0.297578,0.626969,-0.00912755,0.111085,-0.0662499,-0.103906,-1.67115,-0.517746,0.651821,0.836333,0.193461,-1.08513,-0.716842,0.0555675,0.628798,-1.09635,0.0366467,-1.05198,0.495774,-0.00447078,-2.11252,0.519292,0.193629,0.142912,-0.0472182,0.338567,-0.247401,1.79954,-1.20338,-0.574199,-0.309891,-0.00950367,0.0740885,-0.435342,34.01,3.22786,5.27206,-7.31135,14.4683,0.332387,-21.0094,2.43423,-3.99248,-18.3376,-5.75028,-0.0935245,4.8814,2.90208,4.42286,-0.555569,1.92198,0.784223,-1.73285,0.0019388,-0.465302,0.103755,3.92124,0.382926,-0.232952,0.720002,-0.00382182,0.136836,0.00161171,0,0,0,0,0,0,0,0,0,0,0,0,0,0,0,0,0,0,0,0,0,0,0,0,0,0,0,0,0,2.55789,2.55789,2.55789,6.3088,6.3088,1.81445,2.55789,2.55789,1.81445,6.3088,6.3088,0.907223,0.907223,1.81445,1.81445,0.907223,0.907223,1.81445,1.81445,0.907223,0.907223,0.907223,0.907223,0.907223,0.907223,1.06814,1.06814,1.06814,1.06814,40.1792,40.1792,40.1792,99.0984,99.0984,28.5012,40.1792,40.1792,28.5012,99.0984,99.0984,14.2506,14.2506,28.5012,28.5012,14.2506,14.2506,28.5012,28.5012,14.2506,14.2506,14.2506,14.2506,14.2506,14.2506,16.7783,16.7783,16.7783,16.7783,0,0,0,0,0,0,0,0,0,0,0,0,0,0,0,0,0,0,0,0,0,0,0,0,0,0,0,0,0,0,0,0,0,0,0,0,0,0,0,0,0,0,0,0,0,0,0,0,0,0,0,0,0,0,0,0,0,0,0,0,0,0,0,0,0,0,0,0,0,0,0,0,0,0,0,0,0,0,0,0,0,0,0,0,0,0,0,0,0,0,0,0,0,0,0,0,0,0,0,0,0,0,0,0,0,0,0,0,0,0,0,0,0,0,0,0,0,-0.102788,0.23749,-0.0927171,-1.32447,1.95058,-0.889621,0.749273,-0.846204,-0.419884,0.313285,-0.807451,-0.185129,-0.630635,0.653492,0.608689,-1.92214,-0.0744333,-0.132282,-0.366971,0.412866,-0.113654,1.70132,-0.422524,-0.126807,0.13,-1.44185,2.33235,0.30112,1.62646,0.191802,0.29238,-0.526335,0.0212856,-0.200934,-0.231352,1.48687,0.207336,0.128231,-1.36446,0.226063,-0.0556148,0.774591,-0.087267,-0.230839,-0.0811933,-0.184152,-0.390168,-0.380882,0.528614,0.1374,0.2618,-0.0326448,-0.0498462,0.0570151,1.05548,-0.571126,-0.35413,0.648686,-0.00985513,0.12675,-0.107419,0.673,0.235264,0.0997272,-0.966802,0.6,0,0,3,3,3
-1.673,-0.252512,3.41072,-0.540275,-1.98294,-0.963272,-0.116188,0.198505,-0.108308,-1.673,-0.252512,3.41072,-0.540275,-1.98294,-0.963272,-0.116188,0.198505,-0.108308,0.0826467,-0.185231,-0.232361,1.45806,0.221076,0.168853,-1.43553,0.198858,-0.0507745,0.839855,-0.087267,-0.175479,-0.0820473,-0.200931,-0.413377,-0.439689,0.53864,0.146364,0.2618,-0.0321152,-0.0253918,0.0588775,1.12222,-0.572517,-0.352656,0.64674,-0.00969333,0.129521,-0.124862,0,0,0,0,0,0,0,0,0,0,0,0,0,0,0,0,0,0,0,0,0,0,0,0,0,0,0,0,0,-0.884105,-0.211813,-0.328969,1.54166,0.00356386,0.0836246,-0.712878,0.204788,0.0734802,0.857071,-0.0350613,-0.261192,-0.390889,-0.291467,-0.524388,-0.192128,0.363085,0.0961621,0.315601,-0.0297191,-0.0457838,0.0666045,0.648555,-0.540546,-0.308076,0.618861,-0.00925503,0.112398,-0.0765443,-0.0112358,-1.79083,0.0287869,0.454789,0.793226,0.364995,-1.44376,-1.07128,-0.173671,0.170343,-0.747167,0.285306,-1.66731,1.08042,-0.0200284,-2.3114,0.621992,0.199006,0.137749,-0.0480063,0.496183,-0.283888,2.09158,-1.19716,-0.49453,-0.424629,-0.00886846,0.0443189,-0.492879,36.4403,4.86724,3.95667,-8.2698,15.2136,0.607326,-22.6361,3.41646,-3.53307,-9.98284,-1.29274,0.218892,5.83082,1.24723,3.85868,-0.657231,1.82015,0.831563,-1.79164,0.00114429,-0.501508,0.122294,3.97372,0.608038,-0.215409,0.947098,-0.00155569,0.190835,0.00805973,0,0,0,0,0,0,0,0,0,0,0,0,0,0,0,0,0,0,0,0,0,0,0,0,0,0,0,0,0,2.55789,2.55789,2.55789,6.3088,6.3088,1.81445,2.55789,2.55789,1.81445,6.3088,6.3088,0.907223,0.907223,1.81445,1.81445,0.907223,0.907223,1.81445,1.81445,0.907223,0.907223,0.907223,0.907223,0.907223,0.907223,1.06814,1.06814,1.06814,1.06814,40.1792,40.1792,40.1792,99.0984,99.0984,28.5012,40.1792,40.1792,28.5012,99.0984,99.0984,14.2506,14.2506,28.5012,28.5012,14.2506,14.2506,28.5012,28.5012,14.2506,14.2506,14.2506,14.2506,14.2506,14.2506,16.7783,16.7783,16.7783,16.7783,0,0,0,0,0,0,0,0,0,0,0,0,0,0,0,0,0,0,0,0,0,0,0,0,0,0,0,0,0,0,0,0,0,0,0,0,0,0,0,0,0,0,0,0,0,0,0,0,0,0,0,0,0,0,0,0,0,0,0,0,0,0,0,0,0,0,0,0,0,0,0,0,0,0,0,0,0,0,0,0,0,0,0,0,0,0,0,0,0,0,0,0,0,0,0,0,0,0,0,0,0,0,0,0,0,0,0,0,0,0,0,0,0,0,0,0,0,-0.116188,0.198505,-0.108308,-1.45856,2.10274,-0.94254,0.772133,-0.849375,-0.458142,0.333723,-0.804092,-0.187076,-0.755568,0.627369,0.720755,-2.05193,-0.0732258,-0.13011,-0.338292,0.363181,-0.0578958,1.73852,-0.424367,-0.115771,0.134246,-1.67598,2.25021,0.487237,1.66564,0.327984,0.385001,-0.400109,0.0826467,-0.185231,-0.232361,1.45806,0.221076,0.168853,-1.43553,0.198858,-0.0507745,0.839855,-0.087267,-0.175479,-0.0820473,-0.200931,-0.413377,-0.439689,0.53864,0.146364,0.2618,-0.0321152,-0.0253918,0.0588775,1.12222,-0.572517,-0.352656,0.64674,-0.00969333,0.129521,-0.124862,0.764,0.197204,0.11365,-0.973753,0.6,0,0,3,3,3
-1.21257,-0.151892,3.11667,-0.642489,-2.36251,-0.875291,-0.130513,0.153001,-0.121016,-1.21257,-0.151892,3.11667,-0.642489,-2.36251,-0.875291,-0.130513,0.153001,-0.121016,0.123588,-0.10121,-0.2507,1.3978,0.24039,0.206909,-1.49991,0.124827,-0.0372024,0.916902,-0.087267,-0.113661,-0.086808,-0.234736,-0.456154,-0.482147,0.552934,0.159608,0.208442,-0.0288262,-0.00343314,0.0788621,1.18098,-0.55892,-0.344971,0.64313,-0.00923472,0.131189,-0.145761,0,0,0,0,0,0,0,0,0,0,0,0,0,0,0,0,0,0,0,0,0,0,0,0,0,0,0,0,0,-0.884838,-0.247336,-0.320216,1.54966,0.0198507,0.0856094,-0.748031,0.180782,0.0640169,0.863411,-0.0478006,-0.243855,-0.432041,-0.263947,-0.525109,-0.241527,0.3759,0.100475,0.318958,-0.0303273,-0.0320376,0.0617639,0.695246,-0.56424,-0.316739,0.609002,-0.00936544,0.11327,-0.0887496,-0.0819407,-1.70111,0.69539,0.432439,0.85667,-0.395127,-1.91301,-1.18859,-0.702392,0.381998,-0.546737,1.08436,-2.27686,1.48332,-0.0474967,-2.54591,0.628682,0.240799,0.190154,-0.0269699,0.727958,-0.196228,2.48784,-1.21029,-0.406141,-0.481213,-0.00902592,0.0301742,-0.589112,39.0663,6.77204,1.91797,-11.609,14.6759,2.95835,-22.9115,3.72808,-2.12304,-4.7441,-0.457721,0.0230976,6.96298,-0.806599,3.26475,-0.585506,1.76162,0.89685,-1.96509,-0.00195161,-0.555641,0.141965,3.91567,0.932312,-0.152291,1.14801,0.00306514,0.2395,0.0230366,0,0,0,0,0,0,0,0,0,0,0,0,0,0,0,0,0,0,0,0,0,0,0,0,0,0,0,0,0,2.55789,2.55789,2.55789,6.3088,6.3088,1.81445,2.55789,2.55789,1.81445,6.3088,6.3088,0.907223,0.907223,1.81445,1.81445,0.907223,0.907223,1.81445,1.81445,0.907223,0.907223,0.907223,0.907223,0.907223,0.907223,1.06814,1.06814,1.06814,1.06814,40.1792,40.1792,40.1792,99.0984,99.0984,28.5012,40.1792,40.1792,28.5012,99.0984,99.0984,14.2506,14.2506,28.5012,28.5012,14.2506,14.2506,28.5012,28.5012,14.2506,14.2506,14.2506,14.2506,14.2506,14.2506,16.7783,16.7783,16.7783,16.7783,0,0,0,0,0,0,0,0,0,0,0,0,0,0,0,0,0,0,0,0,0,0,0,0,0,0,0,0,0,0,0,0,0,0,0,0,0,0,0,0,0,0,0,0,0,0,0,0,0,0,0,0,0,0,0,0,0,0,0,0,0,0,0,0,0,0,0,0,0,0,0,0,0,0,0,0,0,0,0,0,0,0,0,0,0,0,0,0,0,0,0,0,0,0,0,0,0,0,0,0,0,0,0,0,0,0,0,0,0,0,0,0,0,0,0,0,0,-0.130513,0.153001,-0.121016,-1.55536,2.23672,-1.04008,0.804726,-0.818373,-0.535222,0.363922,-0.786568,-0.197931,-0.89279,0.578915,0.795527,-2.16952,-0.0657266,-0.123954,-0.184843,0.227976,-0.0078279,1.76091,-0.45786,-0.0848253,0.179813,-1.95649,2.07836,0.706954,1.72072,0.492693,0.471773,-0.259158,0.123588,-0.10121,-0.2507,1.3978,0.24039,0.206909,-1.49991,0.124827,-0.0372024,0.916902,-0.087267,-0.113661,-0.086808,-0.234736,-0.456154,-0.482147,0.552934,0.159608,0.208442,-0.0288262,-0.00343314,0.0788621,1.18098,-0.55892,-0.344971,0.64313,-0.00923472,0.131189,-0.145761,0.665,0.152405,0.128623,-0.979913,0.6,0,0,3,3,3
-1.10747,0.72338,4.29789,-0.69149,-2.80523,-0.859037,-0.145507,0.0992245,-0.131027,-1.10747,0.72338,4.29789,-0.69149,-2.80523,-0.859037,-0.145507,0.0992245,-0.131027,0.140771,0.0451265,-0.28202,1.30886,0.278734,0.232069,-1.57428,0.00886155,-0.0244897,0.994465,-0.087267,-0.0525297,-0.0927491,-0.27017,-0.518924,-0.520154,0.575753,0.176332,0.140305,-0.0194182,0.0188658,0.105799,1.23063,-0.538988,-0.343605,0.636964,-0.00847987,0.129716,-0.168413,0,0,0,0,0,0,0,0,0,0,0,0,0,0,0,0,0,0,0,0,0,0,0,0,0,0,0,0,0,-0.887622,-0.277691,-0.298215,1.55759,0.0387929,0.0796262,-0.791483,0.157811,0.0457964,0.881376,-0.0574379,-0.212682,-0.481376,-0.232288,-0.526536,-0.291479,0.387165,0.106694,0.31463,-0.0300818,-0.0119065,0.0624235,0.748458,-0.588819,-0.323867,0.599238,-0.0094644,0.114023,-0.103405,-0.0866455,-1.35635,1.27253,0.373685,0.957714,-0.265031,-2.22214,-1.05034,-1.09264,1.0989,-0.401209,1.68812,-2.53356,1.5056,-0.0810897,-2.46253,0.480466,0.343132,-0.355021,0.0161151,0.948338,0.12877,2.77735,-1.27094,-0.366986,-0.449051,-0.00928178,0.0325462,-0.712846,40.9142,10.5426,-1.21988,-18.1275,14.076,4.08307,-22.9082,1.3694,-0.514036,-3.21401,-0.410892,-0.0896197,7.85358,-2.79001,2.1488,-0.539196,1.92287,0.911656,-2.41686,0.00228514,-0.750908,0.127544,3.73544,1.52665,0.0158597,1.22119,0.0125268,0.253981,0.0487944,0,0,0,0,0,0,0,0,0,0,0,0,0,0,0,0,0,0,0,0,0,0,0,0,0,0,0,0,0,2.55789,2.55789,2.55789,6.3088,6.3088,1.81445,2.55789,2.55789,1.81445,6.3088,6.3088,0.907223,0.907223,1.81445,1.81445,0.907223,0.907223,1.81445,1.81445,0.907223,0.907223,0.907223,0.907223,0.907223,0.907223,1.06814,1.06814,1.06814,1.06814,40.1792,40.1792,40.1792,99.0984,99.0984,28.5012,40.1792,40.1792,28.5012,99.0984,99.0984,14.2506,14.2506,28.5012,28.5012,14.2506,14.2506,28.5012,28.5012,14.2506,14.2506,14.2506,14.2506,14.2506,14.2506,16.7783,16.7783,16.7783,16.7783,0,0,0,0,0,0,0,0,0,0,0,0,0,0,0,0,0,0,0,0,0,0,0,0,0,0,0,0,0,0,0,0,0,0,0,0,0,0,0,0,0,0,0,0,0,0,0,0,0,0,0,0,0,0,0,0,0,0,0,0,0,0,0,0,0,0,0,0,0,0,0,0,0,0,0,0,0,0,0,0,0,0,0,0,0,0,0,0,0,0,0,0,0,0,0,0,0,0,0,0,0,0,0,0,0,0,0,0,0,0,0,0,0,0,0,0,0,-0.145507,0.0992245,-0.131027,-1.64202,2.34993,-1.1832,0.856755,-0.772927,-0.616015,0.402055,-0.783455,-0.211477,-1.04815,0.496161,0.826909,-2.30534,-0.0442755,-0.113822,0.0824159,0.0161841,0.0430159,1.74113,-0.515061,-0.055839,0.241233,-2.26056,1.82473,0.928146,1.83007,0.67597,0.52914,-0.119773,0.140771,0.0451265,-0.28202,1.30886,0.278734,0.232069,-1.57428,0.00886155,-0.0244897,0.994465,-0.087267,-0.0525297,-0.0927491,-0.27017,-0.518924,-0.520154,0.575753,0.176332,0.140305,-0.0194182,0.0188658,0.105799,1.23063,-0.538988,-0.343605,0.636964,-0.00847987,0.129716,-0.168413,0.772,0.0990617,0.144281,-0.984566,0.6,0,0,3,3,3
-1.55969,1.13314,5.85288,-0.676486,-3.22389,-0.926393,-0.160108,0.0366478,-0.139569,-1.55969,1.13314,5.85288,-0.676486,-3.22389,-0.926393,-0.160108,0.0366478,-0.139569,0.13933,0.229278,-0.316643,1.20862,0.311478,0.24557,-1.65093,-0.117211,-0.00755664,1.08335,-0.0492359,0.0122332,-0.0969218,-0.292341,-0.573281,-0.553803,0.59947,0.192044,0.0720107,-0.00615573,0.0303822,0.134522,1.27986,-0.528206,-0.353617,0.629732,-0.00802448,0.124634,-0.188835,0,0,0,0,0,0,0,0,0,0,0,0,0,0,0,0,0,0,0,0,0,0,0,0,0,0,0,0,0,-0.889852,-0.298559,-0.2664,1.56106,0.0635161,0.072809,-0.839499,0.136542,0.0194324,0.913306,-0.0644904,-0.171737,-0.531986,-0.202381,-0.528434,-0.337568,0.39512,0.115026,0.296802,-0.0277996,0.0110258,0.0700802,0.805397,-0.614073,-0.332071,0.590283,-0.00952195,0.114382,-0.120507,-0.00646151,-0.76325,1.72076,0.0318943,1.27808,-0.376475,-2.37248,-1.02309,-1.50783,1.75308,-0.287402,2.09745,-2.45543,1.32628,-0.0953123,-2.21937,0.313769,0.434394,-1.04643,0.123887,1.00372,0.458936,2.89873,-1.2825,-0.476581,-0.420102,-0.00712297,0.00511841,-0.832682,41.5384,15.8534,-4.88837,-25.338,13.4227,5.18807,-23.544,-2.53485,1.33387,-2.76821,-0.428463,-0.175243,8.44804,-4.37676,0.442954,-0.633465,2.28213,0.981072,-2.62022,0.00650032,-0.823465,0.103034,3.51574,2.18366,0.242429,1.2335,0.0237913,0.251071,0.081176,0,0,0,0,0,0,0,0,0,0,0,0,0,0,0,0,0,0,0,0,0,0,0,0,0,0,0,0,0,2.55789,2.55789,2.55789,6.3088,6.3088,1.81445,2.55789,2.55789,1.81445,6.3088,6.3088,0.907223,0.907223,1.81445,1.81445,0.907223,0.907223,1.81445,1.81445,0.907223,0.907223,0.907223,0.907223,0.907223,0.907223,1.06814,1.06814,1.06814,1.06814,40.1792,40.1792,40.1792,99.0984,99.0984,28.5012,40.1792,40.1792,28.5012,99.0984,99.0984,14.2506,14.2506,28.5012,28.5012,14.2506,14.2506,28.5012,28.5012,14.2506,14.2506,14.2506,14.2506,14.2506,14.2506,16.7783,16.7783,16.7783,16.7783,0,0,0,0,0,0,0,0,0,0,0,0,0,0,0,0,0,0,0,0,0,0,0,0,0,0,0,0,0,0,0,0,0,0,0,0,0,0,0,0,0,0,0,0,0,0,0,0,0,0,0,0,0,0,0,0,0,0,0,0,0,0,0,0,0,0,0,0,0,0,0,0,0,0,0,0,0,0,0,0,0,0,0,0,0,0,0,0,0,0,0,0,0,0,0,0,0,0,0,0,0,0,0,0,0,0,0,0,0,0,0,0,0,0,0,0,0,-0.160108,0.0366478,-0.139569,-1.71875,2.46219,-1.30714,0.910832,-0.748342,-0.666567,0.437879,-0.806282,-0.220991,-1.20387,0.399083,0.824278,-2.44533,-0.0140357,-0.10771,0.418736,-0.214066,0.0692745,1.67292,-0.578295,-0.0172299,0.306723,-2.53467,1.53887,1.18164,1.92345,0.894778,0.559925,0.0278928,0.13933,0.229278,-0.316643,1.20862,0.311478,0.24557,-1.65093,-0.117211,-0.00755664,1.08335,-0.0492359,0.0122332,-0.0969218,-0.292341,-0.573281,-0.553803,0.59947,0.192044,0.0720107,-0.00615573,0.0303822,0.134522,1.27986,-0.528206,-0.353617,0.629732,-0.00802448,0.124634,-0.188835,0.855,0.0366396,0.159318,-0.986547,0.6,0,0,3,3,3
-2.01864,1.23511,7.19193,-0.616088,-3.58499,-1.07427,-0.17336,-0.0341248,-0.14821,-2.01864,1.23511,7.19193,-0.616088,-3.58499,-1.07427,-0.17336,-0.0341248,-0.14821,0.120547,0.42575,-0.380795,1.11465,0.303242,0.269522,-1.72726,-0.243008,0.0189388,1.18978,0.0456318,0.0811149,-0.0970474,-0.320342,-0.606185,-0.565005,0.614501,0.202771,0.00772593,0.0107608,0.0327542,0.178883,1.31796,-0.523939,-0.367409,0.621477,-0.00797123,0.116437,-0.203946,0,0,0,0,0,0,0,0,0,0,0,0,0,0,0,0,0,0,0,0,0,0,0,0,0,0,0,0,0,-0.889443,-0.304176,-0.225027,1.55489,0.0932912,0.0621165,-0.890386,0.114179,-0.0136164,0.958203,-0.060001,-0.123447,-0.57812,-0.176353,-0.530316,-0.378034,0.400777,0.12464,0.266419,-0.0228966,0.0318842,0.0836245,0.863156,-0.639062,-0.34361,0.581439,-0.00958356,0.113457,-0.139018,0.18552,0.12714,2.21038,-0.558249,1.5163,-0.602843,-2.48891,-1.14975,-1.78309,2.39064,0.25249,2.42689,-2.11089,1.1029,-0.0849546,-1.92135,0.237588,0.482268,-1.62326,0.251205,0.836736,0.714947,2.89396,-1.25718,-0.666904,-0.4416,-0.00766648,-0.0727391,-0.888657,41.0339,21.3393,-9.15527,-31.1687,12.1515,6.3107,-24.2652,-6.42844,3.26303,-2.35969,-0.508982,-0.238974,8.76683,-5.377,-1.0678,-0.798168,2.61345,1.06518,-2.66551,0.0106989,-0.812852,0.0858312,3.39275,2.67256,0.430534,1.27634,0.0329361,0.26092,0.107599,0,0,0,0,0,0,0,0,0,0,0,0,0,0,0,0,0,0,0,0,0,0,0,0,0,0,0,0,0,2.55789,2.55789,2.55789,6.3088,6.3088,1.81445,2.55789,2.55789,1.81445,6.3088,6.3088,0.907223,0.907223,1.81445,1.81445,0.907223,0.907223,1.81445,1.81445,0.907223,0.907223,0.907223,0.907223,0.907223,0.907223,1.06814,1.06814,1.06814,1.06814,40.1792,40.1792,40.1792,99.0984,99.0984,28.5012,40.1792,40.1792,28.5012,99.0984,99.0984,14.2506,14.2506,28.5012,28.5012,14.2506,14.2506,28.5012,28.5012,14.2506,14.2506,14.2506,14.2506,14.2506,14.2506,16.7783,16.7783,16.7783,16.7783,0,0,0,0,0,0,0,0,0,0,0,0,0,0,0,0,0,0,0,0,0,0,0,0,0,0,0,0,0,0,0,0,0,0,0,0,0,0,0,0,0,0,0,0,0,0,0,0,0,0,0,0,0,0,0,0,0,0,0,0,0,0,0,0,0,0,0,0,0,0,0,0,0,0,0,0,0,0,0,0,0,0,0,0,0,0,0,0,0,0,0,0,0,0,0,0,0,0,0,0,0,0,0,0,0,0,0,0,0,0,0,0,0,0,0,0,0,-0.17336,-0.0341248,-0.14821,-1.74429,2.54906,-1.38216,0.945102,-0.738614,-0.730412,0.462338,-0.837729,-0.221278,-1.35044,0.288276,0.789974,-2.58472,0.0245358,-0.106995,0.77756,-0.443812,0.0746828,1.56289,-0.695456,0.0431823,0.407872,-2.7375,1.27087,1.48514,1.89996,1.16532,0.614538,0.18495,0.120547,0.42575,-0.380795,1.11465,0.303242,0.269522,-1.72726,-0.243008,0.0189388,1.18978,0.0456318,0.0811149,-0.0970474,-0.320342,-0.606185,-0.565005,0.614501,0.202771,0.00772593,0.0107608,0.0327542,0.178883,1.31796,-0.523939,-0.367409,0.621477,-0.00797123,0.116437,-0.203946,1.341,-0.0341182,0.172393,-0.984437,0.6,0,0,3,3,3
-2.51099,1.07374,8.06401,-0.499553,-3.85168,-1.2874,-0.183972,-0.111938,-0.15863,-2.51099,1.07374,8.06401,-0.499553,-3.85168,-1.2874,-0.183972,-0.111938,-0.15863,0.0586582,0.618264,-0.478535,1.00953,0.243897,0.311557,-1.7716,-0.353883,0.0395492,1.31014,0.155207,0.155529,-0.101734,-0.364538,-0.625722,-0.530371,0.604848,0.205088,-0.0413575,0.0338307,0.0235252,0.249646,1.31511,-0.500685,-0.365942,0.611918,-0.007929,0.103918,-0.212797,0,0,0,0,0,0,0,0,0,0,0,0,0,0,0,0,0,0,0,0,0,0,0,0,0,0,0,0,0,-0.881834,-0.289481,-0.175463,1.5361,0.118261,0.052117,-0.943371,0.0880958,-0.050183,1.01634,-0.0320907,-0.068881,-0.613668,-0.156166,-0.531644,-0.41177,0.406273,0.13431,0.225915,-0.0150716,0.047325,0.104735,0.920102,-0.663801,-0.359115,0.571783,-0.00974594,0.110382,-0.157318,0.633563,1.21561,2.55445,-1.20883,1.10683,-0.459893,-2.58196,-1.4058,-1.87947,3.07398,1.32598,2.71634,-1.41883,0.7625,-0.0479412,-1.5721,0.277795,0.479167,-2.08751,0.392256,0.539542,1.1031,2.82793,-1.24249,-0.861839,-0.493059,-0.0134715,-0.188235,-0.862719,38.892,25.9798,-14.6031,-34.695,11.4382,7.02708,-24.9666,-9.84774,5.26072,-1.77441,-0.644003,-0.296638,8.69392,-6.16744,-2.03108,-0.786684,2.72259,1.10238,-2.51013,0.0131041,-0.735049,0.0670477,3.17876,3.07638,0.627993,1.35171,0.0425744,0.295242,0.132972,0,0,0,0,0,0,0,0,0,0,0,0,0,0,0,0,0,0,0,0,0,0,0,0,0,0,0,0,0,2.55789,2.55789,2.55789,6.3088,6.3088,1.81445,2.55789,2.55789,1.81445,6.3088,6.3088,0.907223,0.907223,1.81445,1.81445,0.907223,0.907223,1.81445,1.81445,0.907223,0.907223,0.907223,0.907223,0.907223,0.907223,1.06814,1.06814,1.06814,1.06814,40.1792,40.1792,40.1792,99.0984,99.0984,28.5012,40.1792,40.1792,28.5012,99.0984,99.0984,14.2506,14.2506,28.5012,28.5012,14.2506,14.2506,28.5012,28.5012,14.2506,14.2506,14.2506,14.2506,14.2506,14.2506,16.7783,16.7783,16.7783,16.7783,0,0,0,0,0,0,0,0,0,0,0,0,0,0,0,0,0,0,0,0,0,0,0,0,0,0,0,0,0,0,0,0,0,0,0,0,0,0,0,0,0,0,0,0,0,0,0,0,0,0,0,0,0,0,0,0,0,0,0,0,0,0,0,0,0,0,0,0,0,0,0,0,0,0,0,0,0,0,0,0,0,0,0,0,0,0,0,0,0,0,0,0,0,0,0,0,0,0,0,0,0,0,0,0,0,0,0,0,0,0,0,0,0,0,0,0,0,-0.183972,-0.111938,-0.15863,-1.66532,2.54257,-1.42671,0.923094,-0.685592,-0.831183,0.467621,-0.834384,-0.231963,-1.46236,0.159971,0.676944,-2.66572,0.0771373,-0.106428,1.12915,-0.646308,0.0536398,1.39485,-0.873962,0.0901761,0.569218,-2.8563,0.971115,1.82838,1.73072,1.4778,0.71038,0.354623,0.0586582,0.618264,-0.478535,1.00953,0.243897,0.311557,-1.7716,-0.353883,0.0395492,1.31014,0.155207,0.155529,-0.101734,-0.364538,-0.625722,-0.530371,0.604848,0.205088,-0.0413575,0.0338307,0.0235252,0.249646,1.31511,-0.500685,-0.365942,0.611918,-0.007929,0.103918,-0.212797,0.693,-0.111704,0.181791,-0.976972,0.6,0,0,3,3,3
-0.23551,0.702102,5.24854,-0.322413,-3.95172,-1.52081,-0.190251,-0.194122,-0.172225,-0.23551,0.702102,5.24854,-0.322413,-3.95172,-1.52081,-0.190251,-0.194122,-0.172225,0.000574201,0.696288,-0.491254,0.919292,0.191975,0.365082,-1.80037,-0.39061,0.0401849,1.43998,0.231428,0.213262,-0.105322,-0.394812,-0.633352,-0.485593,0.603854,0.210699,-0.0492999,0.05708,0.0267353,0.290621,1.2741,-0.48022,-0.352945,0.60423,-0.0076144,0.0944116,-0.221287,0,0,0,0,0,0,0,0,0,0,0,0,0,0,0,0,0,0,0,0,0,0,0,0,0,0,0,0,0,-0.859981,-0.252646,-0.12763,1.4876,0.133939,0.0673815,-0.997137,0.0554446,-0.0877602,1.0877,0.0175144,-0.00845862,-0.630516,-0.145484,-0.531905,-0.438292,0.413574,0.143035,0.178277,-0.00348029,0.0541305,0.13808,0.974863,-0.687849,-0.377735,0.56198,-0.0100751,0.104475,-0.17421,2.13862,2.43387,1.76373,-4.50547,2.01788,3.3167,-2.55444,-1.67723,-1.94172,3.72897,2.28168,2.99296,-0.364203,0.0976389,0.0313691,-1.16947,0.430474,0.440282,-2.47058,0.577021,0.100212,1.74446,2.75009,-1.19489,-0.982177,-0.517046,-0.0189029,-0.33015,-0.783374,32.571,29.3369,-19.1174,-23.627,0.383408,1.92828,-24.6087,-12.2004,6.99227,-0.919183,-0.727762,-0.346567,7.94309,-6.68335,-2.70095,-0.254168,2.3696,0.999213,-1.9294,0.00908716,-0.569356,0.0240817,2.45499,3.70693,1.025,1.36008,0.0556949,0.330641,0.184177,0,0,0,0,0,0,0,0,0,0,0,0,0,0,0,0,0,0,0,0,0,0,0,0,0,0,0,0,0,2.55789,2.55789,2.55789,6.3088,6.3088,1.81445,2.55789,2.55789,1.81445,6.3088,6.3088,0.907223,0.907223,1.81445,1.81445,0.907223,0.907223,1.81445,1.81445,0.907223,0.907223,0.907223,0.907223,0.907223,0.907223,1.06814,1.06814,1.06814,1.06814,40.1792,40.1792,40.1792,99.0984,99.0984,28.5012,40.1792,40.1792,28.5012,99.0984,99.0984,14.2506,14.2506,28.5012,28.5012,14.2506,14.2506,28.5012,28.5012,14.2506,14.2506,14.2506,14.2506,14.2506,14.2506,16.7783,16.7783,16.7783,16.7783,0,0,0,0,0,0,0,0,0,0,0,0,0,0,0,0,0,0,0,0,0,0,0,0,0,0,0,0,0,0,0,0,0,0,0,0,0,0,0,0,0,0,0,0,0,0,0,0,0,0,0,0,0,0,0,0,0,0,0,0,0,0,0,0,0,0,0,0,0,0,0,0,0,0,0,0,0,0,0,0,0,0,0,0,0,0,0,0,0,0,0,0,0,0,0,0,0,0,0,0,0,0,0,0,0,0,0,0,0,0,0,0,0,0,0,0,0,-0.190251,-0.194122,-0.172225,-1.56322,2.44906,-1.44411,0.920828,-0.63893,-0.90021,0.480414,-0.804749,-0.240144,-1.48047,0.056781,0.570863,-2.71826,0.130148,-0.102206,1.27165,-0.713382,0.0609591,1.26726,-0.897192,0.0916255,0.662644,-2.97026,0.71377,2.19865,1.58265,1.69516,0.832423,0.486259,0.000574201,0.696288,-0.491254,0.919292,0.191975,0.365082,-1.80037,-0.39061,0.0401849,1.43998,0.231428,0.213262,-0.105322,-0.394812,-0.633352,-0.485593,0.603854,0.210699,-0.0492999,0.05708,0.0267353,0.290621,1.2741,-0.48022,-0.352945,0.60423,-0.0076144,0.0944116,-0.221287,0.683,-0.192906,0.185554,-0.963513,0.6,0,0,3,3,3
-0.251411,-0.617214,6.55935,-0.177208,-4.0025,-1.76174,-0.190883,-0.278629,-0.190499,-0.251411,-0.617214,6.55935,-0.177208,-4.0025,-1.76174,-0.190883,-0.278629,-0.190499,-0.0439559,0.744106,-0.545264,0.861517,0.125379,0.392353,-1.86897,-0.46545,0.0231251,1.58365,0.296308,0.254939,-0.105098,-0.432422,-0.648734,-0.446328,0.567429,0.19539,-0.0693303,0.0827607,0.0294657,0.337591,1.22572,-0.470035,-0.34076,0.592834,-0.00625555,0.0848781,-0.222478,0,0,0,0,0,0,0,0,0,0,0,0,0,0,0,0,0,0,0,0,0,0,0,0,0,0,0,0,0,-0.81032,-0.191185,-0.0986181,1.39881,0.155037,0.0892655,-1.0498,0.0213234,-0.124583,1.17382,0.0747522,0.0535906,-0.626418,-0.151442,-0.530234,-0.457766,0.42737,0.151964,0.128338,0.0115644,0.0525041,0.176157,1.02984,-0.711575,-0.396804,0.552954,-0.0104842,0.0966203,-0.189756,1.89257,3.47395,1.71286,-2.93253,2.56177,-0.539629,-2.52825,-1.79485,-1.71275,4.47505,2.58254,2.97279,0.713062,-0.652405,0.083326,-0.888479,0.819799,0.46961,-2.31548,0.738908,-0.227476,1.81966,2.68752,-1.14507,-0.947749,-0.319934,-0.0242856,-0.373213,-0.717821,27.6079,27.3076,-19.8326,-27.741,-9.07307,9.33663,-23.7253,-12.0987,7.76665,-1.22386,-0.740732,-0.400085,6.88696,-5.95909,-3.0934,0.397232,1.81443,0.852952,-0.886978,-0.0190821,-0.18368,-0.0109418,1.09732,4.31479,1.46302,1.23396,0.072958,0.365579,0.235042,0,0,0,0,0,0,0,0,0,0,0,0,0,0,0,0,0,0,0,0,0,0,0,0,0,0,0,0,0,2.55789,2.55789,2.55789,6.3088,6.3088,1.81445,2.55789,2.55789,1.81445,6.3088,6.3088,0.907223,0.907223,1.81445,1.81445,0.907223,0.907223,1.81445,1.81445,0.907223,0.907223,0.907223,0.907223,0.907223,0.907223,1.06814,1.06814,1.06814,1.06814,40.1792,40.1792,40.1792,99.0984,99.0984,28.5012,40.1792,40.1792,28.5012,99.0984,99.0984,14.2506,14.2506,28.5012,28.5012,14.2506,14.2506,28.5012,28.5012,14.2506,14.2506,14.2506,14.2506,14.2506,14.2506,16.7783,16.7783,16.7783,16.7783,0,0,0,0,0,0,0,0,0,0,0,0,0,0,0,0,0,0,0,0,0,0,0,0,0,0,0,0,0,0,0,0,0,0,0,0,0,0,0,0,0,0,0,0,0,0,0,0,0,0,0,0,0,0,0,0,0,0,0,0,0,0,0,0,0,0,0,0,0,0,0,0,0,0,0,0,0,0,0,0,0,0,0,0,0,0,0,0,0,0,0,0,0,0,0,0,0,0,0,0,0,0,0,0,0,0,0,0,0,0,0,0,0,0,0,0,0,-0.190883,-0.278629,-0.190499,-1.47369,2.33875,-1.47918,0.837774,-0.615707,-0.985966,0.44551,-0.776967,-0.239635,-1.52614,-0.0961811,0.489537,-2.84353,0.188703,-0.0839661,1.35898,-0.850064,0.0671847,1.13929,-0.995831,0.0527274,0.769742,-2.98625,0.54901,2.60835,1.39274,1.88018,0.894605,0.581285,-0.0439559,0.744106,-0.545264,0.861517,0.125379,0.392353,-1.86897,-0.46545,0.0231251,1.58365,0.296308,0.254939,-0.105098,-0.432422,-0.648734,-0.446328,0.567429,0.19539,-0.0693303,0.0827607,0.0294657,0.337591,1.22572,-0.470035,-0.34076,0.592834,-0.00625555,0.0848781,-0.222478,0.992,-0.275038,0.182409,-0.943971,0.6,0,0,3,3,3
0.224966,-3.68633,8.15192,-0.289823,-4.13555,-1.93051,-0.188509,-0.365771,-0.213008,0.224966,-3.68633,8.15192,-0.289823,-4.13555,-1.93051,-0.188509,-0.365771,-0.213008,-0.09922,0.74188,-0.590177,0.767928,0.055426,0.416422,-1.9043,-0.554413,0.00192707,1.71851,0.403971,0.285942,-0.11015,-0.492211,-0.679577,-0.415155,0.508049,0.173846,-0.102579,0.122075,0.064189,0.408621,1.14407,-0.450824,-0.323494,0.579414,-0.00392103,0.0736391,-0.223357,0,0,0,0,0,0,0,0,0,0,0,0,0,0,0,0,0,0,0,0,0,0,0,0,0,0,0,0,0,-0.77774,-0.110969,-0.0577807,1.35817,0.210325,0.112212,-1.10095,-0.0186146,-0.154351,1.27473,0.134099,0.111477,-0.60224,-0.167314,-0.528826,-0.472098,0.448362,0.159133,0.083763,0.0298289,0.0489153,0.216984,1.07778,-0.730222,-0.413246,0.55134,-0.0106035,0.089761,-0.202339,1.63578,4.36904,2.0543,-1.61805,2.15403,1.6294,-2.47941,-2.15548,-1.29783,5.20187,2.66988,2.68847,1.59468,-0.921966,0.0583761,-0.607718,1.15237,0.332374,-2.0562,0.881075,-0.218145,1.95274,2.15211,-0.710425,-0.732239,0.0819013,-0.000245602,-0.280914,-0.551495,25.5102,23.7051,-24.7504,-39.17,-22.4049,5.15767,-24.6198,-12.6828,7.42412,-1.46479,-0.733727,-0.382714,5.75742,-5.99567,-3.52421,0.918157,0.69335,0.450189,-0.656578,-0.0428447,-0.094636,-0.0466446,0.170485,4.38044,1.69325,0.643481,0.0740803,0.227426,0.250982,0,0,0,0,0,0,0,0,0,0,0,0,0,0,0,0,0,0,0,0,0,0,0,0,0,0,0,0,0,2.55789,2.55789,2.55789,6.3088,6.3088,1.81445,2.55789,2.55789,1.81445,6.3088,6.3088,0.907223,0.907223,1.81445,1.81445,0.907223,0.907223,1.81445,1.81445,0.907223,0.907223,0.907223,0.907223,0.907223,0.907223,1.06814,1.06814,1.06814,1.06814,40.1792,40.1792,40.1792,99.0984,99.0984,28.5012,40.1792,40.1792,28.5012,99.0984,99.0984,14.2506,14.2506,28.5012,28.5012,14.2506,14.2506,28.5012,28.5012,14.2506,14.2506,14.2506,14.2506,14.2506,14.2506,16.7783,16.7783,16.7783,16.7783,0,0,0,0,0,0,0,0,0,0,0,0,0,0,0,0,0,0,0,0,0,0,0,0,0,0,0,0,0,0,0,0,0,0,0,0,0,0,0,0,0,0,0,0,0,0,0,0,0,0,0,0,0,0,0,0,0,0,0,0,0,0,0,0,0,0,0,0,0,0,0,0,0,0,0,0,0,0,0,0,0,0,0,0,0,0,0,0,0,0,0,0,0,0,0,0,0,0,0,0,0,0,0,0,0,0,0,0,0,0,0,0,0,0,0,0,0,-0.188509,-0.365771,-0.213008,-1.40261,2.15258,-1.5495,0.702383,-0.571903,-1.12229,0.396386,-0.7376,-0.251153,-1.60195,-0.276315,0.388606,-2.90807,0.278344,-0.0526307,1.35492,-1.01254,0.146357,0.988432,-1.07786,0.0043939,0.931696,-2.99805,0.282117,2.99294,1.19325,2.18721,0.949483,0.651976,-0.09922,0.74188,-0.590177,0.767928,0.055426,0.416422,-1.9043,-0.554413,0.00192707,1.71851,0.403971,0.285942,-0.11015,-0.492211,-0.679577,-0.415155,0.508049,0.173846,-0.102579,0.122075,0.064189,0.408621,1.14407,-0.450824,-0.323494,0.579414,-0.00392103,0.0736391,-0.223357,0.729,-0.35767,0.174998,-0.917305,0.6,0,0,3,3,3
1.47058,-1.86468,5.35873,-0.401045,-4.2108,-1.9123,-0.186401,-0.455422,-0.237461,1.47058,-1.86468,5.35873,-0.401045,-4.2108,-1.9123,-0.186401,-0.455422,-0.237461,-0.196207,0.686264,-0.505606,0.630658,-0.0389263,0.52,-1.83638,-0.538895,-0.0412205,1.85184,0.495942,0.320917,-0.134975,-0.526857,-0.689195,-0.365936,0.412467,0.14115,-0.0545394,0.154826,0.118089,0.464691,1.02539,-0.404584,-0.289744,0.568368,-0.00183231,0.0612465,-0.222451,0,0,0,0,0,0,0,0,0,0,0,0,0,0,0,0,0,0,0,0,0,0,0,0,0,0,0,0,0,-0.739681,-0.0266517,-0.0271562,1.3055,0.207369,0.159874,-1.15329,-0.0734193,-0.174707,1.38621,0.205826,0.162192,-0.559014,-0.184042,-0.527776,-0.481137,0.471167,0.162714,0.0414795,0.0535851,0.0527912,0.264894,1.11403,-0.736244,-0.425488,0.556944,-0.00998773,0.0842865,-0.212192,2.76089,3.91228,0.381276,-5.16367,-2.15157,3.78309,-2.62952,-3.17939,-0.848945,5.60027,3.24803,2.32064,2.65313,-0.92583,0.071356,-0.353573,1.0387,0.15793,-2.06311,1.15409,0.254248,2.36251,1.67348,0.0194344,-0.551252,0.332249,0.0410995,-0.236999,-0.443071,19.5021,21.0363,-24.4675,-25.9533,-0.366471,0.803118,-23.5897,-11.6251,6.54644,-1.74583,-0.824023,-0.332803,4.16904,-7.29815,-4.43283,1.26934,-0.410757,0.0533716,-0.452902,-0.0707732,-0.0764909,-0.0812372,-1.03093,4.09991,1.94389,0.0194984,0.0607829,0.0748127,0.282495,0,0,0,0,0,0,0,0,0,0,0,0,0,0,0,0,0,0,0,0,0,0,0,0,0,0,0,0,0,2.55789,2.55789,2.55789,6.3088,6.3088,1.81445,2.55789,2.55789,1.81445,6.3088,6.3088,0.907223,0.907223,1.81445,1.81445,0.907223,0.907223,1.81445,1.81445,0.907223,0.907223,0.907223,0.907223,0.907223,0.907223,1.06814,1.06814,1.06814,1.06814,40.1792,40.1792,40.1792,99.0984,99.0984,28.5012,40.1792,40.1792,28.5012,99.0984,99.0984,14.2506,14.2506,28.5012,28.5012,14.2506,14.2506,28.5012,28.5012,14.2506,14.2506,14.2506,14.2506,14.2506,14.2506,16.7783,16.7783,16.7783,16.7783,0,0,0,0,0,0,0,0,0,0,0,0,0,0,0,0,0,0,0,0,0,0,0,0,0,0,0,0,0,0,0,0,0,0,0,0,0,0,0,0,0,0,0,0,0,0,0,0,0,0,0,0,0,0,0,0,0,0,0,0,0,0,0,0,0,0,0,0,0,0,0,0,0,0,0,0,0,0,0,0,0,0,0,0,0,0,0,0,0,0,0,0,0,0,0,0,0,0,0,0,0,0,0,0,0,0,0,0,0,0,0,0,0,0,0,0,0,-0.186401,-0.455422,-0.237461,-1.29039,1.88197,-1.57143,0.484447,-0.466472,-1.20129,0.321836,-0.660646,-0.307757,-1.49242,-0.424591,0.211476,-2.78402,0.353018,-0.0245944,1.25334,-0.9842,0.269255,0.822091,-0.923404,-0.0939869,1.05954,-2.98589,-0.109343,3.37316,0.924178,2.44949,1.19945,0.731722,-0.196207,0.686264,-0.505606,0.630658,-0.0389263,0.52,-1.83638,-0.538895,-0.0412205,1.85184,0.495942,0.320917,-0.134975,-0.526857,-0.689195,-0.365936,0.412467,0.14115,-0.0545394,0.154826,0.118089,0.464691,1.02539,-0.404584,-0.289744,0.568368,-0.00183231,0.0612465,-0.222451,0.679,-0.439841,0.166434,-0.882519,0.6,0,0,3,3,3
6.67941,-2.06617,0.881301,-0.40872,-4.29717,-1.71628,-0.184176,-0.545409,-0.259698,6.67941,-2.06617,0.881301,-0.40872,-4.29717,-1.71628,-0.184176,-0.545409,-0.259698,-0.226683,0.583443,-0.393978,0.581905,-0.108797,0.52,-1.8122,-0.491951,-0.0746287,1.97439,0.579697,0.340835,-0.139725,-0.550428,-0.651927,-0.337799,0.336346,0.114232,-0.0115135,0.170768,0.161395,0.48747,0.956097,-0.40806,-0.280449,0.557466,-0.00112632,0.054076,-0.217317,0,0,0,0,0,0,0,0,0,0,0,0,0,0,0,0,0,0,0,0,0,0,0,0,0,0,0,0,0,-0.66591,0.0486608,-0.0432437,1.15003,0.144193,0.251334,-1.2077,-0.145018,-0.187449,1.50197,0.283121,0.207552,-0.496346,-0.207949,-0.524669,-0.489618,0.489002,0.161466,0.00794571,0.0812008,0.0631893,0.317317,1.14767,-0.727676,-0.434105,0.566206,-0.00879083,0.0785844,-0.220217,4.03363,3.87281,-1.7355,-8.83008,-2.93869,4.30018,-2.70654,-3.79714,-0.589688,5.72605,3.46906,2.11984,3.54266,-1.59148,0.33613,-0.398088,0.72422,-0.102758,-1.42513,1.30026,0.610032,2.49202,1.7822,0.669406,-0.325818,0.520231,0.0635098,-0.255491,-0.351319,8.85538,16.1807,-14.8045,2.19153,0.280271,-0.143299,-18.5527,-6.48363,5.19739,-0.794302,-0.7603,-0.294967,2.11472,-6.48003,-5.13862,2.13512,-1.76123,-0.391095,0.804389,-0.131779,0.241661,-0.154254,-3.27479,4.04753,2.36746,-0.491636,0.0504984,-0.0117972,0.340404,0,0,0,0,0,0,0,0,0,0,0,0,0,0,0,0,0,0,0,0,0,0,0,0,0,0,0,0,0,2.55789,2.55789,2.55789,6.3088,6.3088,1.81445,2.55789,2.55789,1.81445,6.3088,6.3088,0.907223,0.907223,1.81445,1.81445,0.907223,0.907223,1.81445,1.81445,0.907223,0.907223,0.907223,0.907223,0.907223,0.907223,1.06814,1.06814,1.06814,1.06814,40.1792,40.1792,40.1792,99.0984,99.0984,28.5012,40.1792,40.1792,28.5012,99.0984,99.0984,14.2506,14.2506,28.5012,28.5012,14.2506,14.2506,28.5012,28.5012,14.2506,14.2506,14.2506,14.2506,14.2506,14.2506,16.7783,16.7783,16.7783,16.7783,0,0,0,0,0,0,0,0,0,0,0,0,0,0,0,0,0,0,0,0,0,0,0,0,0,0,0,0,0,0,0,0,0,0,0,0,0,0,0,0,0,0,0,0,0,0,0,0,0,0,0,0,0,0,0,0,0,0,0,0,0,0,0,0,0,0,0,0,0,0,0,0,0,0,0,0,0,0,0,0,0,0,0,0,0,0,0,0,0,0,0,0,0,0,0,0,0,0,0,0,0,0,0,0,0,0,0,0,0,0,0,0,0,0,0,0,0,-0.184176,-0.545409,-0.259698,-1.22623,1.72398,-1.48646,0.310883,-0.474397,-1.25503,0.26046,-0.639453,-0.318588,-1.39431,-0.570922,0.155817,-2.73985,0.389368,-0.0151182,1.06556,-0.898464,0.367997,0.725844,-0.719534,-0.170161,1.11148,-2.91698,-0.248374,3.72264,0.724923,2.68834,1.44392,0.777137,-0.226683,0.583443,-0.393978,0.581905,-0.108797,0.52,-1.8122,-0.491951,-0.0746287,1.97439,0.579697,0.340835,-0.139725,-0.550428,-0.651927,-0.337799,0.336346,0.114232,-0.0115135,0.170768,0.161395,0.48747,0.956097,-0.40806,-0.280449,0.557466,-0.00112632,0.054076,-0.217317,0.688,-0.518768,0.156566,-0.840456,0.6,0,0,3,3,3
6.55242,-3.07799,-0.513499,-0.567086,-4.71278,-1.55733,-0.184185,-0.640611,-0.277825,6.55242,-3.07799,-0.513499,-0.567086,-4.71278,-1.55733,-0.184185,-0.640611,-0.277825,-0.304651,0.526605,-0.306534,0.515831,-0.14887,0.52,-1.77425,-0.504084,-0.0826361,2.0941,0.64952,0.350006,-0.154194,-0.636623,-0.650412,-0.319395,0.282433,0.112351,-0.0378177,0.195091,0.210314,0.537576,0.878742,-0.405215,-0.271244,0.543053,-0.000818916,0.0491687,-0.219204,0,0,0,0,0,0,0,0,0,0,0,0,0,0,0,0,0,0,0,0,0,0,0,0,0,0,0,0,0,-0.589451,0.130506,-0.0875059,0.975935,0.0761371,0.291928,-1.26917,-0.22369,-0.19062,1.61918,0.362215,0.247002,-0.420156,-0.242399,-0.509561,-0.49787,0.499284,0.155901,-0.0104466,0.107279,0.0802799,0.36445,1.18565,-0.709269,-0.436941,0.579794,-0.0073877,0.0744665,-0.224792,3.54098,4.3307,-2.5512,-8.20434,-3.04554,0.387665,-3.24005,-3.98512,0.179671,5.76465,3.5385,1.7796,4.03471,-1.88428,1.00358,-0.372315,0.302788,-0.298797,-0.62672,1.16498,0.953334,2.10848,1.98559,1.06852,-0.0224668,0.765561,0.0719883,-0.1409,-0.164758,5.6079,7.63037,-6.17801,12.2015,0.866651,5.46778,-13.8173,-0.900634,3.11921,-0.540234,-0.73764,-0.276066,0.496566,-5.55067,-5.76401,2.6249,-2.62923,-0.641775,1.14195,-0.157232,0.31725,-0.161319,-5.00122,3.37423,2.26874,-1.15376,0.0301867,-0.180096,0.30576,0,0,0,0,0,0,0,0,0,0,0,0,0,0,0,0,0,0,0,0,0,0,0,0,0,0,0,0,0,2.55789,2.55789,2.55789,6.3088,6.3088,1.81445,2.55789,2.55789,1.81445,6.3088,6.3088,0.907223,0.907223,1.81445,1.81445,0.907223,0.907223,1.81445,1.81445,0.907223,0.907223,0.907223,0.907223,0.907223,0.907223,1.06814,1.06814,1.06814,1.06814,40.1792,40.1792,40.1792,99.0984,99.0984,28.5012,40.1792,40.1792,28.5012,99.0984,99.0984,14.2506,14.2506,28.5012,28.5012,14.2506,14.2506,28.5012,28.5012,14.2506,14.2506,14.2506,14.2506,14.2506,14.2506,16.7783,16.7783,16.7783,16.7783,0,0,0,0,0,0,0,0,0,0,0,0,0,0,0,0,0,0,0,0,0,0,0,0,0,0,0,0,0,0,0,0,0,0,0,0,0,0,0,0,0,0,0,0,0,0,0,0,0,0,0,0,0,0,0,0,0,0,0,0,0,0,0,0,0,0,0,0,0,0,0,0,0,0,0,0,0,0,0,0,0,0,0,0,0,0,0,0,0,0,0,0,0,0,0,0,0,0,0,0,0,0,0,0,0,0,0,0,0,0,0,0,0,0,0,0,0,-0.184185,-0.640611,-0.277825,-1.18427,1.5476,-1.483,0.187956,-0.467911,-1.45156,0.256171,-0.618464,-0.351579,-1.45429,-0.764385,0.0134214,-2.67055,0.444827,-0.010992,0.961754,-0.920622,0.479536,0.659974,-0.559833,-0.188419,1.22573,-2.9423,-0.436802,4.06402,0.610647,2.88746,1.77553,0.798048,-0.304651,0.526605,-0.306534,0.515831,-0.14887,0.52,-1.77425,-0.504084,-0.0826361,2.0941,0.64952,0.350006,-0.154194,-0.636623,-0.650412,-0.319395,0.282433,0.112351,-0.0378177,0.195091,0.210314,0.537576,0.878742,-0.405215,-0.271244,0.543053,-0.000818916,0.0491687,-0.219204,0.763,-0.597686,0.146833,-0.78817,0.6,0,0,3,3,3
4.30125,-3.29031,-0.638922,-0.73969,-4.87102,-1.45777,-0.187785,-0.740796,-0.293298,4.30125,-3.29031,-0.638922,-0.73969,-4.87102,-1.45777,-0.187785,-0.740796,-0.293298,-0.402127,0.527901,-0.327545,0.412632,-0.16795,0.52,-1.75178,-0.600757,-0.107734,2.21451,0.748833,0.349511,-0.164441,-0.751754,-0.682485,-0.343336,0.252252,0.115847,-0.121029,0.230843,0.267752,0.604792,0.784652,-0.401438,-0.263156,0.526489,-0.000494152,0.0390269,-0.225894,0,0,0,0,0,0,0,0,0,0,0,0,0,0,0,0,0,0,0,0,0,0,0,0,0,0,0,0,0,-0.525341,0.221684,-0.136284,0.826247,0.0149816,0.290279,-1.3373,-0.30636,-0.174922,1.73493,0.438791,0.271705,-0.33331,-0.280111,-0.490599,-0.503645,0.499672,0.150819,-0.0253004,0.132121,0.108546,0.409651,1.22423,-0.683656,-0.435618,0.597301,-0.00595478,0.0728747,-0.227897,2.87638,4.74834,-2.37178,-6.73944,-2.69473,-0.235111,-3.42977,-4.21258,1.22693,5.62473,3.4122,0.424846,4.57253,-1.93769,0.837586,-0.251802,-0.239922,-0.187857,-0.721985,1.14443,1.43231,2.15954,1.89702,1.44969,0.120159,0.934834,0.0707743,-0.0230223,-0.139632,1.53606,0.591373,-0.960354,11.6684,0.764067,6.94367,-9.02705,2.49297,0.642211,0.651944,-0.613744,0.60421,-1.42704,-6.7848,-6.0931,2.85161,-2.93359,-0.741995,0.945932,-0.141265,0.157252,-0.12478,-6.59597,2.72369,2.2486,-1.86786,0.0125398,-0.360684,0.295749,0,0,0,0,0,0,0,0,0,0,0,0,0,0,0,0,0,0,0,0,0,0,0,0,0,0,0,0,0,2.55789,2.55789,2.55789,6.3088,6.3088,1.81445,2.55789,2.55789,1.81445,6.3088,6.3088,0.907223,0.907223,1.81445,1.81445,0.907223,0.907223,1.81445,1.81445,0.907223,0.907223,0.907223,0.907223,0.907223,0.907223,1.06814,1.06814,1.06814,1.06814,40.1792,40.1792,40.1792,99.0984,99.0984,28.5012,40.1792,40.1792,28.5012,99.0984,99.0984,14.2506,14.2506,28.5012,28.5012,14.2506,14.2506,28.5012,28.5012,14.2506,14.2506,14.2506,14.2506,14.2506,14.2506,16.7783,16.7783,16.7783,16.7783,0,0,0,0,0,0,0,0,0,0,0,0,0,0,0,0,0,0,0,0,0,0,0,0,0,0,0,0,0,0,0,0,0,0,0,0,0,0,0,0,0,0,0,0,0,0,0,0,0,0,0,0,0,0,0,0,0,0,0,0,0,0,0,0,0,0,0,0,0,0,0,0,0,0,0,0,0,0,0,0,0,0,0,0,0,0,0,0,0,0,0,0,0,0,0,0,0,0,0,0,0,0,0,0,0,0,0,0,0,0,0,0,0,0,0,0,0,-0.187785,-0.740796,-0.293298,-1.23886,1.33306,-1.55613,0.119139,-0.459299,-1.71407,0.264143,-0.600023,-0.374941,-1.64402,-0.986712,-0.164602,-2.62951,0.526344,-0.00663284,0.96412,-1.09718,0.610501,0.523845,-0.598205,-0.245645,1.37899,-3.0321,-0.731098,4.40742,0.556236,3.17067,2.05134,0.796919,-0.402127,0.527901,-0.327545,0.412632,-0.16795,0.52,-1.75178,-0.600757,-0.107734,2.21451,0.748833,0.349511,-0.164441,-0.751754,-0.682485,-0.343336,0.252252,0.115847,-0.121029,0.230843,0.267752,0.604792,0.784652,-0.401438,-0.263156,0.526489,-0.000494152,0.0390269,-0.225894,0.904,-0.674876,0.137759,-0.724959,0.6,0,0,3,3,3
3.02792,-3.24947,-0.27862,-0.881483,-4.8084,-1.29336,-0.195167,-0.840964,-0.306007,3.02792,-3.24947,-0.27862,-0.881483,-4.8084,-1.29336,-0.195167,-0.840964,-0.306007,-1.16487,0.0914588,-1.01099,-0.0972777,-1.20152,0.52,-1.51784,-0.330698,-0.142337,2.74989,0.537672,0.561369,-0.286967,-0.87267,-0.61343,-0.119749,-0.110077,-0.0151123,0.191242,0.210178,0.798812,0.607714,0.736414,-0.862577,-0.141132,0.480541,-0.00516976,-0.0204458,-0.206042,0,0,0,0,0,0,0,0,0,0,0,0,0,0,0,0,0,0,0,0,0,0,0,0,0,0,0,0,0,-0.477276,0.318478,-0.187405,0.700488,-0.0343894,0.285859,-1.40385,-0.399226,-0.143396,1.84636,0.520546,0.272089,-0.231862,-0.320583,-0.480233,-0.506677,0.488447,0.147998,-0.0514349,0.158746,0.148258,0.459361,1.25827,-0.649815,-0.432411,0.618423,-0.00450777,0.0723535,-0.231767,1.93195,4.96795,-2.67066,-5.80204,-2.16865,-0.187943,-3.19711,-4.89452,1.83778,5.4104,3.6656,-0.132548,5.3828,-2.11618,0.268603,-0.16348,-0.838033,-0.116684,-1.46362,1.27247,1.89352,2.43796,1.58113,1.90884,0.206993,1.10963,0.0719992,0.0128494,-0.194878,-2.04869,-3.80389,0.965099,7.83062,0.435527,7.01995,-5.97738,3.98573,-2.09716,2.89082,-0.469681,1.20766,-3.73263,-8.59417,-6.34153,2.45784,-2.67983,-0.712893,0.61141,-0.121759,-0.0310739,-0.123198,-8.15832,1.90323,2.24634,-2.68556,-0.00713998,-0.558986,0.306589,0,0,0,0,0,0,0,0,0,0,0,0,0,0,0,0,0,0,0,0,0,0,0,0,0,0,0,0,0,2.55789,2.55789,2.55789,6.3088,6.3088,1.81445,2.55789,2.55789,1.81445,6.3088,6.3088,0.907223,0.907223,1.81445,1.81445,0.907223,0.907223,1.81445,1.81445,0.907223,0.907223,0.907223,0.907223,0.907223,0.907223,1.06814,1.06814,1.06814,1.06814,40.1792,40.1792,40.1792,99.0984,99.0984,28.5012,40.1792,40.1792,28.5012,99.0984,99.0984,14.2506,14.2506,28.5012,28.5012,14.2506,14.2506,28.5012,28.5012,14.2506,14.2506,14.2506,14.2506,14.2506,14.2506,16.7783,16.7783,16.7783,16.7783,0,0,0,0,0,0,0,0,0,0,0,0,0,0,0,0,0,0,0,0,0,0,0,0,0,0,0,0,0,0,0,0,0,0,0,0,0,0,0,0,0,0,0,0,0,0,0,0,0,0,0,0,0,0,0,0,0,0,0,0,0,0,0,0,0,0,0,0,0,0,0,0,0,0,0,0,0,0,0,0,0,0,0,0,0,0,0,0,0,0,0,0,0,0,0,0,0,0,0,0,0,0,0,0,0,0,0,0,0,0,0,0,0,0,0,0,0,-0.195167,-0.840964,-0.306007,-0.729059,1.22308,-1.39868,-0.707006,-1.51074,-2.41552,-0.0344574,-0.321795,-0.654312,-0.932008,-1.60345,-1.55762,-2.20225,0.479227,-0.069392,0.167034,-0.603963,1.82137,-0.274436,-1.84639,-0.324544,1.38565,-2.76563,-2.18524,5.93417,-2.39126,2.5685,3.45666,1.27998,-1.16487,0.0914588,-1.01099,-0.0972777,-1.20152,0.52,-1.51784,-0.330698,-0.142337,2.74989,0.537672,0.561369,-0.286967,-0.87267,-0.61343,-0.119749,-0.110077,-0.0151123,0.191242,0.210178,0.798812,0.607714,0.736414,-0.862577,-0.141132,0.480541,-0.00516976,-0.0204458,-0.206042,0.688,-0.745286,0.129302,-0.654086,0.6,0,0,3,1.21451,3
4.43111,-2.65819,9.33013,-2.55705,-5.38654,0.350171,-0.245014,-0.962224,-0.284715,4.43111,-2.65819,9.33013,-2.55705,-5.38654,0.350171,-0.245014,-0.962224,-0.284715,-1.43956,0.251102,-0.359111,-0.182934,-1.43584,0.52,-1.08368,-0.385921,-0.0681031,2.8798,0.39076,0.609345,-0.295744,-0.87267,-0.515798,-0.203858,-0.124223,0.00124201,0.114837,0.191525,0.862643,0.574565,0.723098,-0.973316,-0.146329,0.461,-0.0120332,-0.0312294,-0.203503,0,0,0,0,0,0,0,0,0,0,0,0,0,0,0,0,0,0,0,0,0,0,0,0,0,0,0,0,0,-0.481051,0.387666,-0.373994,0.526647,-0.342725,0.282589,-1.49757,-0.52543,-0.0912848,2.01779,0.520962,0.271402,-0.108384,-0.368967,-0.423601,-0.523344,0.444683,0.118632,-0.0465156,0.188436,0.268236,0.50992,1.3344,-0.607443,-0.446486,0.544725,-0.008162,0.0314835,-0.262385,-1.72553,2.77272,-11.4862,-9.53505,-13.6107,-0.101604,-4.45284,-5.69426,2.62902,8.91268,0.0568533,0.0259269,4.8009,-2.12841,3.64212,-1.8678,-3.36002,-2.01865,0.798945,0.974802,7.14835,1.83711,5.64919,2.39781,-4.24835,-11.7752,0.223629,-3.89062,-1.41967,-23.8882,-18.4536,2.41466,-4.17948,0.713103,6.96139,10.4479,22.2845,-6.06429,18.4952,1.44306,4.11312,-6.99636,-10.4972,-11.7174,7.19573,-5.2094,-0.301916,5.39579,-0.617706,1.23924,-0.303824,-13.4361,-5.92293,7.90126,10.0142,0.0600263,2.82699,2.99952,0,0,0,0,0,0,0,0,0,0,0,0,0,0,0,0,0,0,0,0,0,0,0,0,0,0,0,0,0,2.55789,2.55789,2.55789,6.3088,6.3088,1.81445,2.55789,2.55789,1.81445,6.3088,6.3088,0.907223,0.907223,1.81445,1.81445,0.907223,0.907223,1.81445,1.81445,0.907223,0.907223,0.907223,0.907223,0.907223,0.907223,1.06814,1.06814,1.06814,1.06814,40.1792,40.1792,40.1792,99.0984,99.0984,28.5012,40.1792,40.1792,28.5012,99.0984,99.0984,14.2506,14.2506,28.5012,28.5012,14.2506,14.2506,28.5012,28.5012,14.2506,14.2506,14.2506,14.2506,14.2506,14.2506,16.7783,16.7783,16.7783,16.7783,0,0,0,0,0,0,0,0,0,0,0,0,0,0,0,0,0,0,0,0,0,0,0,0,0,0,0,0,0,0,0,0,0,0,0,0,0,0,0,0,0,0,0,0,0,0,0,0,0,0,0,0,0,0,0,0,0,0,0,0,0,0,0,0,0,0,0,0,0,0,0,0,0,0,0,0,0,0,0,0,0,0,0,0,0,0,0,0,0,0,0,0,0,0,0,0,0,0,0,0,0,0,0,0,0,0,0,0,0,0,0,0,0,0,0,0,0,-0.245014,-0.962224,-0.284715,-0.920836,1.19272,-1.17607,-0.73926,-1.76324,-2.85273,0.0028319,-0.333644,-0.674325,-1.10622,-1.86575,-2.0593,-1.40934,0.436696,-0.161517,0.458595,-0.704819,1.96691,-0.419182,-0.655855,-0.155282,1.31007,-2.73155,-2.4295,6.32976,-3.05949,2.14954,4.11389,1.38937,-1.43956,0.251102,-0.359111,-0.182934,-1.43584,0.52,-1.08368,-0.385921,-0.0681031,2.8798,0.39076,0.609345,-0.295744,-0.87267,-0.515798,-0.203858,-0.124223,0.00124201,0.114837,0.191525,0.862643,0.574565,0.723098,-0.973316,-0.146329,0.461,-0.0120332,-0.0312294,-0.203503,0.694,-0.814535,0.135243,-0.564129,0.6,0,0,3,1.21451,3
-5.17007,3.24883,2.94487,-4.35417,-4.36917,0.938252,-0.371752,-1.04094,-0.213197,-5.17007,3.24883,2.94487,-4.35417,-4.36917,0.938252,-0.371752,-1.04094,-0.213197,-1.18976,0.11809,-2.03949,-0.5236,-1.92796,0.52,-0.881225,0.294746,0.52,2.06994,-0.087267,0.442521,-0.0911613,-0.87267,-0.400971,-0.59881,0.664,0.2618,0.175858,0.0389604,0.600115,0.465348,0.191997,-1.06278,-0.22601,0.528353,-0.0308187,-0.100532,-0.150917,0,0,0,0,0,0,0,0,0,0,0,0,0,0,0,0,0,0,0,0,0,0,0,0,0,0,0,0,0,-0.550321,0.489085,-0.477389,0.351286,-0.606407,0.281353,-1.54526,-0.61337,-0.0565231,2.18726,0.487697,0.272404,-0.035253,-0.407894,-0.366967,-0.566482,0.3641,0.0900899,-0.0394533,0.19812,0.39809,0.531755,1.39912,-0.609631,-0.481008,0.345006,0.000546806,-0.0607593,-0.259051,-5.76979,7.00763,-1.91513,-9.27229,-13.1559,-0.0564081,-0.929427,-4.37352,1.35585,9.48698,-1.70674,0.0666532,3.78558,-2.32141,2.53705,-2.6128,-5.19854,-1.27267,0.407445,0.378003,6.7519,0.992322,1.24824,-2.21072,0.332842,-8.66975,0.491023,-5.52101,0.700654,-22.5647,-26.7278,10.9348,5.26672,0.854871,6.90359,21.9665,20.2944,-2.91325,10.4161,1.33179,4.74278,-7.0709,-9.23642,-9.0351,7.45042,-2.51904,-0.189038,3.78579,-0.438863,0.520696,-0.278578,-11.3274,-3.65576,4.93378,11.756,-0.753479,5,0.212095,0,0,0,0,0,0,0,0,0,0,0,0,0,0,0,0,0,0,0,0,0,0,0,0,0,0,0,0,0,2.55789,2.55789,2.55789,6.3088,6.3088,1.81445,2.55789,2.55789,1.81445,6.3088,6.3088,0.907223,0.907223,1.81445,1.81445,0.907223,0.907223,1.81445,1.81445,0.907223,0.907223,0.907223,0.907223,0.907223,0.907223,1.06814,1.06814,1.06814,1.06814,40.1792,40.1792,40.1792,99.0984,99.0984,28.5012,40.1792,40.1792,28.5012,99.0984,99.0984,14.2506,14.2506,28.5012,28.5012,14.2506,14.2506,28.5012,28.5012,14.2506,14.2506,14.2506,14.2506,14.2506,14.2506,16.7783,16.7783,16.7783,16.7783,0,0,0,0,0,0,0,0,0,0,0,0,0,0,0,0,0,0,0,0,0,0,0,0,0,0,0,0,0,0,0,0,0,0,0,0,0,0,0,0,0,0,0,0,0,0,0,0,0,0,0,0,0,0,0,0,0,0,0,0,0,0,0,0,0,0,0,0,0,0,0,0,0,0,0,0,0,0,0,0,0,0,0,0,0,0,0,0,0,0,0,0,0,0,0,0,0,0,0,0,0,0,0,0,0,0,0,0,0,0,0,0,0,0,0,0,0,-0.371752,-1.04094,-0.213197,-1.82137,-0.0182486,-0.914254,1.05797,-1.96722,-3.22883,0.630186,-0.515324,-0.207857,-0.967085,-0.961694,-1.60307,-1.03959,0.0888335,-0.413669,0.215672,0.538303,1.36832,-1.34941,-3.72477,1.66889,1.06104,-2.02571,-3.72083,3.99513,-4.46288,-2.39178,4.36034,1.00899,-1.18976,0.11809,-2.03949,-0.5236,-1.92796,0.52,-0.881225,0.294746,0.52,2.06994,-0.087267,0.442521,-0.0911613,-0.87267,-0.400971,-0.59881,0.664,0.2618,0.175858,0.0389604,0.600115,0.465348,0.191997,-1.06278,-0.22601,0.528353,-0.0308187,-0.100532,-0.150917,0.717,-0.862879,0.18359,-0.470888,0.6,0,0,2.86463,0.65532,3
80.9419,1.73892,-4.36132,-6.19863,-7.86276,5.25114,-0.659261,-1.13843,-0.00254642,80.9419,1.73892,-4.36132,-6.19863,-7.86276,5.25114,-0.659261,-1.13843,-0.00254642,-1.96752,0.239484,0.491323,-0.329079,-1.70484,0.52,-0.039137,-0.628837,0.479124,1.81152,-0.087267,0.655249,-0.123138,-0.87267,-0.514353,-0.862388,0.841209,0.2618,-0.2618,0.0268398,0.595674,0.507184,0.133805,-1.04352,0.104141,0.510183,-0.0386154,-0.0998064,-0.160995,0,0,0,0,0,0,0,0,0,0,0,0,0,0,0,0,0,0,0,0,0,0,0,0,0,0,0,0,0,-0.419567,0.609231,-0.748926,0.147292,-0.943384,0.280921,-1.45704,-0.620477,0.0425943,2.32637,0.350531,0.271891,-0.0211858,-0.435576,-0.365376,-0.579793,0.237085,0.0706409,-0.0028227,0.160527,0.462929,0.520685,1.38885,-0.701737,-0.442318,0.250661,-0.00312932,-0.0951621,-0.230632,11.0886,6.79541,-19.7173,-9.63124,-10.5321,0.00605576,6.38747,1.71958,7.41816,3.79581,-6.46673,-0.0706103,-4.37282,-1.62451,1.54826,-1.14714,-8.21197,-2.60804,2.2119,-2.7522,2.18775,-1.50351,-2.44684,-4.90583,6.0954,3.56347,-0.380833,-0.473902,0.909185,-58.8775,-35.6197,-3.64936,-5.37196,-16.0856,6.8074,7.54975,32.8569,1.22829,-53.1658,-2.82403,2.4907,1.77041,-10.0755,-2.5524,0.436092,12.8621,9.4438,0.978676,0.592701,-0.0327715,0.391681,-15.4884,-0.799522,-1.00748,4.24869,-0.114094,-0.233702,0.242294,0,0,0,0,0,0,0,0,0,0,0,0,0,0,0,0,0,0,0,0,0,0,0,0,0,0,0,0,0,2.55789,2.55789,2.55789,6.3088,6.3088,1.81445,2.55789,2.55789,1.81445,6.3088,6.3088,0.907223,0.907223,1.81445,1.81445,0.907223,0.907223,1.81445,1.81445,0.907223,0.907223,0.907223,0.907223,0.907223,0.907223,1.06814,1.06814,1.06814,1.06814,40.1792,40.1792,40.1792,99.0984,99.0984,28.5012,40.1792,40.1792,28.5012,99.0984,99.0984,14.2506,14.2506,28.5012,28.5012,14.2506,14.2506,28.5012,28.5012,14.2506,14.2506,14.2506,14.2506,14.2506,14.2506,16.7783,16.7783,16.7783,16.7783,0,0,0,0,0,0,0,0,0,0,0,0,0,0,0,0,0,0,0,0,0,0,0,0,0,0,0,0,0,0,0,0,0,0,0,0,0,0,0,0,0,0,0,0,0,0,0,0,0,0,0,0,0,0,0,0,0,0,0,0,0,0,0,0,0,0,0,0,0,0,0,0,0,0,0,0,0,0,0,0,0,0,0,0,0,0,0,0,0,0,0,0,0,0,0,0,0,0,0,0,0,0,0,0,0,0,0,0,0,0,0,0,0,0,0,0,0,-0.659261,-1.13843,-0.00254642,-2.42235,-0.150931,-1.17278,1.46202,-1.92331,-4.16939,1.07007,0.237452,-0.280767,-2.33491,-1.20558,-3.02353,0.498338,0.0611975,-0.518322,0.437377,-1.14846,1.3582,-1.33967,0.897317,1.09245,1.15643,-2.16098,-2.84628,3.25818,-3.82661,-0.19669,4.23223,1.49403,-1.96752,0.239484,0.491323,-0.329079,-1.70484,0.52,-0.039137,-0.628837,0.479124,1.81152,-0.087267,0.655249,-0.123138,-0.87267,-0.514353,-0.862388,0.841209,0.2618,-0.2618,0.0268398,0.595674,0.507184,0.133805,-1.04352,0.104141,0.510183,-0.0386154,-0.0998064,-0.160995,0.99,-0.907976,0.256665,-0.331214,0.6,0,0,0.790596,0.303761,3
30.1746,-9.5544,-8.2293,-3.59361,-8.25861,7.58964,-1.27848,-1.11957,0.559115,30.1746,-9.5544,-8.2293,-3.59361,-8.25861,7.58964,-1.27848,-1.11957,0.559115,-1.04532,0.848877,-1.13893,-0.5236,-1.29698,0.52,-0.635513,-0.603082,-0.129458,2.4125,-0.087267,0.423636,-0.0474677,-0.87267,-0.387274,-0.72424,0.550917,0.2618,-0.2618,0.121313,0.705074,0.632799,0.207735,-0.787155,-0.0408879,0.456582,-0.0184124,-0.0884748,-0.191318,0,0,0,0,0,0,0,0,0,0,0,0,0,0,0,0,0,0,0,0,0,0,0,0,0,0,0,0,0,-0.487258,0.818184,-0.65763,0.0119646,-1.01056,0.279972,-1.40345,-0.635487,0.191981,2.32035,0.239012,0.272369,-0.168776,-0.487902,-0.144841,-0.501044,0.114633,0.0211998,-0.0552916,0.0926272,0.515643,0.490834,1.36668,-0.738041,-0.283828,0.415214,-0.0132801,-0.0969744,-0.215554,-13.2603,10.9616,14.211,-4.57607,-0.519128,-0.0522533,3.15416,-3.92537,6.24126,-3.45444,-5.01757,0.0805253,-5.96769,-4.13594,13.3072,6.54207,-2.29453,-1.18224,-6.80507,-2.91584,1.80352,-1.01469,0.756439,1.21201,6.07583,7.00333,-0.415608,0.497549,0.64437,-30.3204,-51.1933,11.3586,-3.96823,-50,6.94404,48.5994,8.36562,-3.39804,-33.0676,-0.907756,5.39088,6.49278,-4.20926,-34.5392,-10.8504,13.2704,9.61922,5.14782,1.86192,-0.795028,1.26363,-18.0743,-4.90251,-0.31982,-6.08554,0.0300225,-0.545474,0.2193,0,0,0,0,0,0,0,0,0,0,0,0,0,0,0,0,0,0,0,0,0,0,0,0,0,0,0,0,0,2.55789,2.55789,2.55789,6.3088,6.3088,1.81445,2.55789,2.55789,1.81445,6.3088,6.3088,0.907223,0.907223,1.81445,1.81445,0.907223,0.907223,1.81445,1.81445,0.907223,0.907223,0.907223,0.907223,0.907223,0.907223,1.06814,1.06814,1.06814,1.06814,40.1792,40.1792,40.1792,99.0984,99.0984,28.5012,40.1792,40.1792,28.5012,99.0984,99.0984,14.2506,14.2506,28.5012,28.5012,14.2506,14.2506,28.5012,28.5012,14.2506,14.2506,14.2506,14.2506,14.2506,14.2506,16.7783,16.7783,16.7783,16.7783,0,0,0,0,0,0,0,0,0,0,0,0,0,0,0,0,0,0,0,0,0,0,0,0,0,0,0,0,0,0,0,0,0,0,0,0,0,0,0,0,0,0,0,0,0,0,0,0,0,0,0,0,0,0,0,0,0,0,0,0,0,0,0,0,0,0,0,0,0,0,0,0,0,0,0,0,0,0,0,0,0,0,0,0,0,0,0,0,0,0,0,0,0,0,0,0,0,0,0,0,0,0,0,0,0,0,0,0,0,0,0,0,0,0,0,0,0,-1.27848,-1.11957,0.559115,-2.10736,0.0176366,-0.883023,0.800126,-1.33877,-3.92758,0.714622,-0.0932284,-0.108231,-2.52055,-1.92505,-1.33929,-0.59084,0.276606,-0.247144,1.55033,-1.10143,1.60764,-1.18757,-2.08007,-0.295176,1.44285,-2.568,-4.07232,4.97203,-2.66349,-2.13688,5.01051,0.965931,-1.04532,0.848877,-1.13893,-0.5236,-1.29698,0.52,-0.635513,-0.603082,-0.129458,2.4125,-0.087267,0.423636,-0.0474677,-0.87267,-0.387274,-0.72424,0.550917,0.2618,-0.2618,0.121313,0.705074,0.632799,0.207735,-0.787155,-0.0408879,0.456582,-0.0184124,-0.0884748,-0.191318,0.838,-0.899912,0.417574,-0.125663,0.6,0,0,0.790596,0.303761,3
-8.75314,-30.9899,4.09464,-2.4238,-0.220988,2.28744,-1.47891,-1.03813,0.730394,-8.75314,-30.9899,4.09464,-2.4238,-0.220988,2.28744,-1.47891,-1.03813,0.730394,-1.00832,0.557202,-0.162934,-0.5236,-2.18278,0.52,-0.546375,-0.751521,0.45778,2.20602,-0.087267,0.522462,-0.169011,-0.87267,0.192009,-0.513497,0.712545,0.2618,-0.2618,0.0262454,0.834787,0.40164,0.859769,-1.24526,-0.0043096,0.525472,-0.0468027,-0.0418769,-0.215928,0,0,0,0,0,0,0,0,0,0,0,0,0,0,0,0,0,0,0,0,0,0,0,0,0,0,0,0,0,-0.676141,0.94996,-0.669574,-0.102945,-0.994418,0.280139,-1.28914,-0.722906,0.301553,2.27784,0.146222,0.271468,-0.189799,-0.562272,-0.0577887,-0.439781,0.150903,0.102622,-0.209902,0.0904677,0.547053,0.519021,1.32381,-0.68376,-0.211005,0.508363,-0.0156398,-0.0817295,-0.208722,-6.13594,2.89638,-6.56715,-5.11885,1.17094,0.0175828,4.37879,-3.82114,6.71577,-0.414369,-3.96547,-0.112818,2.01007,-1.05384,-1.10936,-0.207644,3.91383,8.21621,-5.74446,1.49844,1.14582,2.65442,-5.55435,3.00874,3.08493,3.6294,-0.0178799,0.937573,0.281289,0.0979805,-12.9897,-4.37464,-2.13408,-37.2612,6.79812,14.6023,14.5981,-23.9887,17.4634,1.978,2.2636,0.562855,-6.1247,-8.48782,-4.36997,2.5004,-9.04357,9.82845,-0.722892,1.14522,-0.644866,-11.5052,-4.05712,-0.332379,-4.7598,-0.014498,-1.07301,0.0020629,0,0,0,0,0,0,0,0,0,0,0,0,0,0,0,0,0,0,0,0,0,0,0,0,0,0,0,0,0,2.55789,2.55789,2.55789,6.3088,6.3088,1.81445,2.55789,2.55789,1.81445,6.3088,6.3088,0.907223,0.907223,1.81445,1.81445,0.907223,0.907223,1.81445,1.81445,0.907223,0.907223,0.907223,0.907223,0.907223,0.907223,1.06814,1.06814,1.06814,1.06814,40.1792,40.1792,40.1792,99.0984,99.0984,28.5012,40.1792,40.1792,28.5012,99.0984,99.0984,14.2506,14.2506,28.5012,28.5012,14.2506,14.2506,28.5012,28.5012,14.2506,14.2506,14.2506,14.2506,14.2506,14.2506,16.7783,16.7783,16.7783,16.7783,0,0,0,0,0,0,0,0,0,0,0,0,0,0,0,0,0,0,0,0,0,0,0,0,0,0,0,0,0,0,0,0,0,0,0,0,0,0,0,0,0,0,0,0,0,0,0,0,0,0,0,0,0,0,0,0,0,0,0,0,0,0,0,0,0,0,0,0,0,0,0,0,0,0,0,0,0,0,0,0,0,0,0,0,0,0,0,0,0,0,0,0,0,0,0,0,0,0,0,0,0,0,0,0,0,0,0,0,0,0,0,0,0,0,0,0,0,-1.47891,-1.03813,0.730394,-1.62684,1.50434,0.4378,1.16865,-2.3833,-4.30995,1.08154,-0.00982632,-0.385361,-2.42228,-1.00037,-1.27171,-0.428046,0.0598421,-0.628216,1.01763,-1.37253,1.9034,-0.5621,-0.297572,1.04378,0.915779,-2.89833,-3.61408,4.3832,-5.18957,-1.98849,5.20162,1.19126,-1.00832,0.557202,-0.162934,-0.5236,-2.18278,0.52,-0.546375,-0.751521,0.45778,2.20602,-0.087267,0.522462,-0.169011,-0.87267,0.192009,-0.513497,0.712545,0.2618,-0.2618,0.0262454,0.834787,0.40164,0.859769,-1.24526,-0.0043096,0.525472,-0.0468027,-0.0418769,-0.215928,0.672,-0.861458,0.505686,-0.0465986,0.6,0,0,0.241991,0.109453,3
5.47549,-3.98627,1.11233,-2.20663,0.347721,0.806337,-1.51784,-1.01215,0.721708,5.47549,-3.98627,1.11233,-2.20663,0.347721,0.806337,-1.51784,-1.01215,0.721708,-0.53629,0.788162,-0.636419,-0.5236,-2.88742,0.52,-0.810032,-0.36302,0.52,1.23994,-0.087267,0.372279,-0.147384,-0.87267,0.49776,-0.413532,0.792873,0.2618,-0.2618,-0.0395631,0.585728,0.725433,0.832651,-1.20226,-0.0946034,0.534373,-0.0537921,-0.0745981,-0.18926,0,0,0,0,0,0,0,0,0,0,0,0,0,0,0,0,0,0,0,0,0,0,0,0,0,0,0,0,0,-0.810734,0.988852,-0.635099,-0.132032,-0.981899,0.279951,-1.2096,-0.786352,0.442234,2.26053,0.0821621,0.270518,-0.137687,-0.556701,-0.104574,-0.485157,0.236363,0.279325,-0.262096,0.109069,0.599027,0.525458,1.21264,-0.650427,-0.121873,0.550764,-0.0209578,-0.059055,-0.209442,-6.8995,1.39737,5.48453,0.0761379,0.287705,-0.00498456,4.46744,-2.88502,6.51996,-1.39921,-2.79035,-0.00646197,2.83035,0.753371,-2.57578,-3.33228,4.18804,8.19649,-0.688656,0.460301,3.37498,-0.623689,-5.12307,0.601401,5.23384,1.12976,-0.351412,0.937693,0.090403,9.1945,-21.0822,5.86709,-38.194,-50,6.85651,16.0824,8.67413,-11.4514,2.60788,0.794275,3.60045,-2.91887,-10.2673,13.0342,2.40548,3.0628,-15.4185,1.73319,-1.64492,0.452239,-1.26359,-0.433556,-9.16437,-2.87626,-1.77861,-0.0759802,-0.762083,-0.147129,0,0,0,0,0,0,0,0,0,0,0,0,0,0,0,0,0,0,0,0,0,0,0,0,0,0,0,0,0,2.55789,2.55789,2.55789,6.3088,6.3088,1.81445,2.55789,2.55789,1.81445,6.3088,6.3088,0.907223,0.907223,1.81445,1.81445,0.907223,0.907223,1.81445,1.81445,0.907223,0.907223,0.907223,0.907223,0.907223,0.907223,1.06814,1.06814,1.06814,1.06814,40.1792,40.1792,40.1792,99.0984,99.0984,28.5012,40.1792,40.1792,28.5012,99.0984,99.0984,14.2506,14.2506,28.5012,28.5012,14.2506,14.2506,28.5012,28.5012,14.2506,14.2506,14.2506,14.2506,14.2506,14.2506,16.7783,16.7783,16.7783,16.7783,0,0,0,0,0,0,0,0,0,0,0,0,0,0,0,0,0,0,0,0,0,0,0,0,0,0,0,0,0,0,0,0,0,0,0,0,0,0,0,0,0,0,0,0,0,0,0,0,0,0,0,0,0,0,0,0,0,0,0,0,0,0,0,0,0,0,0,0,0,0,0,0,0,0,0,0,0,0,0,0,0,0,0,0,0,0,0,0,0,0,0,0,0,0,0,0,0,0,0,0,0,0,0,0,0,0,0,0,0,0,0,0,0,0,0,0,0,-1.51784,-1.01215,0.721708,-1.39891,1.44251,1.13494,1.35181,-2.28524,-3.93662,1.30002,-0.215705,-0.336051,-2.81951,-0.880885,-0.409627,-0.909571,-0.0902077,-0.722033,1.43944,-0.662993,1.33552,-1.00131,-1.16231,1.32686,1.65406,-2.54037,-4.02071,1.62818,-7.19902,-1.98566,3.05941,0.848833,-0.53629,0.788162,-0.636419,-0.5236,-2.88742,0.52,-0.810032,-0.36302,0.52,1.23994,-0.087267,0.372279,-0.147384,-0.87267,0.49776,-0.413532,0.792873,0.2618,-0.2618,-0.0395631,0.585728,0.725433,0.832651,-1.20226,-0.0946034,0.534373,-0.0537921,-0.0745981,-0.18926,0.651,-0.847975,0.529294,-0.0280568,0.6,0,0,0.241991,0.109453,3
14.5147,4.15129,2.00679,-1.37575,-0.753424,-0.171036,-1.56205,-1.00707,0.731793,14.5147,4.15129,2.00679,-1.37575,-0.753424,-0.171036,-1.56205,-1.00707,0.731793,-0.353199,0.0864741,0.072849,-0.5236,-2.9671,0.52,-0.983904,0.0391646,0.52,0.62769,-0.087267,0.373196,-0.14945,-0.87267,0.337126,-0.536109,1.12529,0.2618,-0.2618,-0.0715858,0.656068,0.671541,0.923684,-1.38805,-0.0524223,0.61272,-0.0674527,-0.0249514,-0.224294,0,0,0,0,0,0,0,0,0,0,0,0,0,0,0,0,0,0,0,0,0,0,0,0,0,0,0,0,0,-0.892449,1.021,-0.612219,-0.123427,-0.979387,0.280381,-1.12335,-0.802885,0.550689,2.1289,0.0450764,0.269184,-0.11226,-0.541921,-0.130087,-0.541001,0.297143,0.416968,-0.257467,0.0936104,0.614488,0.577803,1.1244,-0.657111,-0.0395304,0.560832,-0.0299783,-0.0543867,-0.197305,-2.01191,2.0712,-1.10095,0.506588,0.0461833,0.0222829,3.88403,0.748512,4.57184,-10.188,-1.81475,-0.0947922,-0.0211572,0.663064,-0.11824,-2.08191,2.22184,5.76173,0.270934,-0.837594,-0.21208,3.50307,-3.78909,-0.999056,3.09592,-0.0465823,-0.438614,-0.107847,0.640833,20.1678,-14.2082,1.24744,-42.7797,-50,6.7863,2.70965,16.4981,-9.23083,-29.133,-1.97989,1.55182,-0.692895,-10.6343,18.5355,3.79111,4.99488,-15.0311,-0.694222,-1.123,-0.268858,-1.01809,-0.707535,-7.00388,-3.69131,-0.519606,0.0658904,-0.275388,-0.561843,0,0,0,0,0,0,0,0,0,0,0,0,0,0,0,0,0,0,0,0,0,0,0,0,0,0,0,0,0,2.55789,2.55789,2.55789,6.3088,6.3088,1.81445,2.55789,2.55789,1.81445,6.3088,6.3088,0.907223,0.907223,1.81445,1.81445,0.907223,0.907223,1.81445,1.81445,0.907223,0.907223,0.907223,0.907223,0.907223,0.907223,1.06814,1.06814,1.06814,1.06814,40.1792,40.1792,40.1792,99.0984,99.0984,28.5012,40.1792,40.1792,28.5012,99.0984,99.0984,14.2506,14.2506,28.5012,28.5012,14.2506,14.2506,28.5012,28.5012,14.2506,14.2506,14.2506,14.2506,14.2506,14.2506,16.7783,16.7783,16.7783,16.7783,0,0,0,0,0,0,0,0,0,0,0,0,0,0,0,0,0,0,0,0,0,0,0,0,0,0,0,0,0,0,0,0,0,0,0,0,0,0,0,0,0,0,0,0,0,0,0,0,0,0,0,0,0,0,0,0,0,0,0,0,0,0,0,0,0,0,0,0,0,0,0,0,0,0,0,0,0,0,0,0,0,0,0,0,0,0,0,0,0,0,0,0,0,0,0,0,0,0,0,0,0,0,0,0,0,0,0,0,0,0,0,0,0,0,0,0,0,-1.56205,-1.00707,0.731793,-1.6784,1.65007,0.768681,2.10975,-2.70886,-3.24932,1.55277,-0.119528,-0.340762,-2.49703,0.170736,-0.0752434,-1.22712,-0.163223,-0.905394,0.15793,0.0715274,1.4959,-0.334914,0.133046,2.1196,1.53118,-3.01062,-3.89875,-0.117805,-7.58356,-0.00512409,1.41194,0.850925,-0.353199,0.0864741,0.072849,-0.5236,-2.9671,0.52,-0.983904,0.0391646,0.52,0.62769,-0.087267,0.373196,-0.14945,-0.87267,0.337126,-0.536109,1.12529,0.2618,-0.2618,-0.0715858,0.656068,0.671541,0.923684,-1.38805,-0.0524223,0.61272,-0.0674527,-0.0249514,-0.224294,0.645,-0.845267,0.534323,-0.00467175,0.6,0,0,0.227031,0.101386,3
6.80606,0.807106,1.50167,-0.253437,-0.706037,-1.33164,-1.6,-1.0242,0.758579,6.80606,0.807106,1.50167,-0.253437,-0.706037,-1.33164,-1.6,-1.0242,0.758579,-0.262639,0.375813,-0.006175,-0.5236,-2.9671,0.230245,-0.861311,0.301371,0.52,0.455634,-0.087267,0.282714,-0.161251,-0.87267,0.452206,-0.559427,0.962521,0.2618,-0.2618,-0.0579691,0.543528,0.729767,0.731823,-1.09352,-0.04445,0.610019,-0.0568326,-0.0524058,-0.193312,0,0,0,0,0,0,0,0,0,0,0,0,0,0,0,0,0,0,0,0,0,0,0,0,0,0,0,0,0,-0.862421,1.0536,-0.512274,-0.114705,-0.979052,0.280645,-1.07553,-0.775605,0.662679,1.83287,0.0174957,0.267458,-0.119921,-0.507707,-0.127527,-0.566021,0.339537,0.513959,-0.259639,0.0728348,0.622421,0.62747,1.04874,-0.699333,0.0174006,0.55469,-0.0407289,-0.0526776,-0.196382,3.06908,0.897622,7.05592,0.377166,0.0079713,0.0137412,1.77983,1.69066,5.66905,-17.5201,-1.41605,-0.0750108,-0.629775,2.06355,0.797242,-0.603643,2.16822,3.95231,-0.107529,-1.08709,0.659402,1.91058,-3.56894,-2.90432,2.4498,-0.52298,-0.513436,0.0944058,-0.104096,13.2287,-41.5419,5.9407,-42.9165,-50,6.79807,-0.857897,28.7517,-14.1575,-14.3662,-1.74177,1.57533,0.0701254,-14.0152,12.2257,1.07999,9.33447,-14.5982,0.194174,-1.09313,-0.0786534,-1.12336,1.4177,-7.38274,-3.25722,1.4724,0.0968215,0.345998,-0.360069,0,0,0,0,0,0,0,0,0,0,0,0,0,0,0,0,0,0,0,0,0,0,0,0,0,0,0,0,0,2.55789,2.55789,2.55789,6.3088,6.3088,1.81445,2.55789,2.55789,1.81445,6.3088,6.3088,0.907223,0.907223,1.81445,1.81445,0.907223,0.907223,1.81445,1.81445,0.907223,0.907223,0.907223,0.907223,0.907223,0.907223,1.06814,1.06814,1.06814,1.06814,40.1792,40.1792,40.1792,99.0984,99.0984,28.5012,40.1792,40.1792,28.5012,99.0984,99.0984,14.2506,14.2506,28.5012,28.5012,14.2506,14.2506,28.5012,28.5012,14.2506,14.2506,14.2506,14.2506,14.2506,14.2506,16.7783,16.7783,16.7783,16.7783,0,0,0,0,0,0,0,0,0,0,0,0,0,0,0,0,0,0,0,0,0,0,0,0,0,0,0,0,0,0,0,0,0,0,0,0,0,0,0,0,0,0,0,0,0,0,0,0,0,0,0,0,0,0,0,0,0,0,0,0,0,0,0,0,0,0,0,0,0,0,0,0,0,0,0,0,0,0,0,0,0,0,0,0,0,0,0,0,0,0,0,0,0,0,0,0,0,0,0,0,0,0,0,0,0,0,0,0,0,0,0,0,0,0,0,0,0,-1.6,-1.0242,0.758579,-1.73157,1.21261,1.03107,1.73862,-2.03732,-2.26876,1.28893,-0.10135,-0.367669,-2.45259,0.134487,0.0901503,-1.00322,-0.132175,-0.762845,0.686358,0.550402,1.2393,-0.703425,-0.0112776,1.24245,1.66394,-2.59476,-3.86866,-0.608467,-7.49034,0.750775,0.524981,0.644617,-0.262639,0.375813,-0.006175,-0.5236,-2.9671,0.230245,-0.861311,0.301371,0.52,0.455634,-0.087267,0.282714,-0.161251,-0.87267,0.452206,-0.559427,0.962521,0.2618,-0.2618,-0.0579691,0.543528,0.729767,0.731823,-1.09352,-0.04445,0.610019,-0.0568326,-0.0524058,-0.193312,0.65,-0.854297,0.519563,0.0151781,0.6,0,0,0.227031,0.101386,3
5.42921,-0.312741,4.90313,0.395304,-1.49867,-1.15502,-1.63687,-1.04577,0.805583,5.42921,-0.312741,4.90313,0.395304,-1.49867,-1.15502,-1.63687,-1.04577,0.805583,0.614516,-0.47526,0.545533,0.212831,-1.66283,-0.52,-0.941364,0.00248231,0.52,-0.087267,1.08691,-0.134538,-0.0372044,0.0105536,0.391286,-0.915567,1.07979,0.2618,-0.2618,0.0320301,0.633607,0.131039,0.86258,-1.20571,-0.301597,0.68318,-0.03542,0.0295675,-0.180582,0,0,0,0,0,0,0,0,0,0,0,0,0,0,0,0,0,0,0,0,0,0,0,0,0,0,0,0,0,-0.780887,1.07658,-0.398479,-0.10908,-0.978903,0.272673,-1.01522,-0.702837,0.764523,1.45836,-0.00786296,0.26463,-0.165636,-0.481853,-0.0814357,-0.544879,0.417998,0.499618,-0.240801,0.052135,0.620784,0.672841,0.981794,-0.754015,0.0416844,0.559422,-0.0470922,-0.0556182,-0.191831,4.60821,1.23038,4.67763,0.214577,0.00997288,-0.487824,3.76946,5.08634,5.29344,-18.6437,-1.21532,-0.246758,-3.26686,0.833993,3.40546,2.22082,4.97841,-2.85465,1.04351,-1.46447,-0.440447,1.65218,-3.40987,-2.67558,0.579243,0.670872,-0.228936,-0.0641184,0.272711,9.5042,-31.3181,3.67459,-42.4685,-50,-0.34316,-2.91526,28.3495,-15.9788,15.9298,-0.334994,0.446773,2.83249,-12.7117,9.59039,-1.99437,3.52596,-2.09166,-2.54933,-0.357926,-0.748276,-0.813393,-0.602091,-2.48981,-1.8124,0.201797,0.0858229,0.157911,-0.319367,0,0,0,0,0,0,0,0,0,0,0,0,0,0,0,0,0,0,0,0,0,0,0,0,0,0,0,0,0,2.55789,2.55789,2.55789,6.3088,6.3088,1.81445,2.55789,2.55789,1.81445,6.3088,6.3088,0.907223,0.907223,1.81445,1.81445,0.907223,0.907223,1.81445,1.81445,0.907223,0.907223,0.907223,0.907223,0.907223,0.907223,1.06814,1.06814,1.06814,1.06814,40.1792,40.1792,40.1792,99.0984,99.0984,28.5012,40.1792,40.1792,28.5012,99.0984,99.0984,14.2506,14.2506,28.5012,28.5012,14.2506,14.2506,28.5012,28.5012,14.2506,14.2506,14.2506,14.2506,14.2506,14.2506,16.7783,16.7783,16.7783,16.7783,0,0,0,0,0,0,0,0,0,0,0,0,0,0,0,0,0,0,0,0,0,0,0,0,0,0,0,0,0,0,0,0,0,0,0,0,0,0,0,0,0,0,0,0,0,0,0,0,0,0,0,0,0,0,0,0,0,0,0,0,0,0,0,0,0,0,0,0,0,0,0,0,0,0,0,0,0,0,0,0,0,0,0,0,0,0,0,0,0,0,0,0,0,0,0,0,0,0,0,0,0,0,0,0,0,0,0,0,0,0,0,0,0,0,0,0,0,-1.63687,-1.04577,0.805583,-2.5436,1.51075,0.892171,2.00601,-2.29313,0.0240633,0.821931,-0.68767,-0.0848297,-2.58362,1.11649,1.69212,-1.14943,0.0730318,-0.47543,-0.867981,0.00453352,1.44469,0.396875,0.996323,1.36882,0.298782,-2.42389,-1.30088,-2.59379,-3.70679,4.13479,-1.76537,-0.30676,0.614516,-0.47526,0.545533,0.212831,-1.66283,-0.52,-0.941364,0.00248231,0.52,-0.087267,1.08691,-0.134538,-0.0372044,0.0105536,0.391286,-0.915567,1.07979,0.2618,-0.2618,0.0320301,0.633607,0.131039,0.86258,-1.20571,-0.301597,0.68318,-0.03542,0.0295675,-0.180582,0.874,-0.86531,0.500144,0.0330962,0.6,0,0,0.211722,0.0984307,3
4.31361,-7.07239,2.08126,-0.701903,-0.596339,-1.2733,-1.66915,-1.0734,0.836769,4.31361,-7.07239,2.08126,-0.701903,-0.596339,-1.2733,-1.66915,-1.0734,0.836769,0.0822693,0.00930776,-0.8488,1.73962,-1.45225,-0.142044,-1.13701,-1.00991,0.24225,-0.087267,0.944067,-0.392136,0.0642012,0.433391,0.124718,-1.05864,0.722656,0.179717,-0.2618,0.0695655,0.040927,0.143478,0.60138,-0.66508,-0.342197,0.65073,-0.0138732,-0.0223263,-0.0528182,0,0,0,0,0,0,0,0,0,0,0,0,0,0,0,0,0,0,0,0,0,0,0,0,0,0,0,0,0,-0.556171,1.02016,-0.214318,-0.0688965,-0.979008,0.0951574,-0.984361,-0.654131,0.961481,1.049,0.2558,0.179671,-0.214614,-0.386621,-0.0656732,-0.544999,0.500012,0.492956,-0.235207,0.0500676,0.627404,0.580656,0.88312,-0.778491,0.0219734,0.577946,-0.0473986,-0.0415364,-0.179439,13.2503,-5.90496,9.51152,2.97458,0.0075148,-10.0371,0.426488,0.526193,11.6575,-20.6612,13.3456,-6.01142,-2.45935,6.81503,0.104763,-1.37291,4.24185,-1.10434,0.860391,0.579633,0.790942,-6.53695,-5.02762,-0.293953,-1.97735,0.841246,0.112541,0.954555,0.478724,13.9629,-46.65,6.14989,9.98724,-50,0.597879,0.445621,24.5546,-32.9457,14.9279,-2.21141,0.747413,4.55734,-0.375044,13.006,-4.1137,4.82303,-6.02304,-1.83782,-0.82785,-0.528205,-0.572623,4.26229,-5.73897,-2.97781,0.854516,0.102195,0.207066,-0.580456,0,0,0,0,0,0,0,0,0,0,0,0,0,0,0,0,0,0,0,0,0,0,0,0,0,0,0,0,0,2.55789,2.55789,2.55789,6.3088,6.3088,1.81445,2.55789,2.55789,1.81445,6.3088,6.3088,0.907223,0.907223,1.81445,1.81445,0.907223,0.907223,1.81445,1.81445,0.907223,0.907223,0.907223,0.907223,0.907223,0.907223,1.06814,1.06814,1.06814,1.06814,40.1792,40.1792,40.1792,99.0984,99.0984,28.5012,40.1792,40.1792,28.5012,99.0984,99.0984,14.2506,14.2506,28.5012,28.5012,14.2506,14.2506,28.5012,28.5012,14.2506,14.2506,14.2506,14.2506,14.2506,14.2506,16.7783,16.7783,16.7783,16.7783,0,0,0,0,0,0,0,0,0,0,0,0,0,0,0,0,0,0,0,0,0,0,0,0,0,0,0,0,0,0,0,0,0,0,0,0,0,0,0,0,0,0,0,0,0,0,0,0,0,0,0,0,0,0,0,0,0,0,0,0,0,0,0,0,0,0,0,0,0,0,0,0,0,0,0,0,0,0,0,0,0,0,0,0,0,0,0,0,0,0,0,0,0,0,0,0,0,0,0,0,0,0,0,0,0,0,0,0,0,0,0,0,0,0,0,0,0,-1.66915,-1.0734,0.836769,-2.86983,0.915187,0.28437,1.19171,-1.06043,0.988174,0.409774,-0.780243,0.146385,-3.1482,0.680932,0.720066,-1.50674,0.158616,-0.186216,0.016999,-1.84442,0.0933176,-0.299679,-1.55019,0.552354,0.327144,-0.708961,3.05314,-3.00299,-3.10627,3.72743,-0.323875,-0.894108,0.0822693,0.00930776,-0.8488,1.73962,-1.45225,-0.142044,-1.13701,-1.00991,0.24225,-0.087267,0.944067,-0.392136,0.0642012,0.433391,0.124718,-1.05864,0.722656,0.179717,-0.2618,0.0695655,0.040927,0.143478,0.60138,-0.66508,-0.342197,0.65073,-0.0138732,-0.0223263,-0.0528182,0.646,-0.87883,0.474829,0.0468519,0.6,0,0,0.191811,0.0941463,3
29.9027,-10.4553,-33.2815,-1.28628,0.303612,-0.636417,-1.70259,-1.09179,0.848217,29.9027,-10.4553,-33.2815,-1.28628,0.303612,-0.636417,-1.70259,-1.09179,0.848217,-0.0563156,-0.131188,-1.02043,1.96072,-1.72132,-0.42439,-1.57943,-0.819036,0.190888,-0.087267,0.528969,-0.46332,0.00693029,0.173,-0.0308145,-0.537721,0.147584,0.116391,-0.2618,-0.0671394,-0.198489,0.500321,0.478599,-0.31285,0.0289222,0.646285,-0.0152734,-0.0611059,0.0123231,0,0,0,0,0,0,0,0,0,0,0,0,0,0,0,0,0,0,0,0,0,0,0,0,0,0,0,0,0,-0.477762,0.807354,-0.335605,0.24988,-0.9776,0.0075183,-1.00612,-0.712349,1.10965,0.675256,0.441261,0.0186287,-0.237323,-0.248828,-0.077623,-0.625917,0.552338,0.484935,-0.213602,0.0542075,0.541909,0.459246,0.79068,-0.759313,-0.0569298,0.587813,-0.0400835,-0.0365574,-0.147053,1.35627,-12.5304,-9.176,21.8419,0.152489,-2.99739,-2.83856,-4.79697,3.35797,-16.6564,7.77012,-8.33958,-0.650142,6.6205,-1.74604,-5.23586,2.26417,-1.05468,0.599016,0.205943,-6.73917,-5.30636,-3.77629,1.62257,-5.04621,-0.218621,0.417104,-0.06549,1.56616,18.2846,-0.90703,3.39751,15.9712,-47.9078,1.1024,-0.160428,-0.673782,-32.5624,29.8547,0.633166,1.64431,4.79818,7.33863,8.65018,-1.4373,0.810792,-7.30515,-3.35968,0.0598357,-1.13578,0.400987,1.32665,0.0640676,-0.0895379,0.593202,-0.00593312,0.153738,-0.227589,0,0,0,0,0,0,0,0,0,0,0,0,0,0,0,0,0,0,0,0,0,0,0,0,0,0,0,0,0,2.55789,2.55789,2.55789,6.3088,6.3088,1.81445,2.55789,2.55789,1.81445,6.3088,6.3088,0.907223,0.907223,1.81445,1.81445,0.907223,0.907223,1.81445,1.81445,0.907223,0.907223,0.907223,0.907223,0.907223,0.907223,1.06814,1.06814,1.06814,1.06814,40.1792,40.1792,40.1792,99.0984,99.0984,28.5012,40.1792,40.1792,28.5012,99.0984,99.0984,14.2506,14.2506,28.5012,28.5012,14.2506,14.2506,28.5012,28.5012,14.2506,14.2506,14.2506,14.2506,14.2506,14.2506,16.7783,16.7783,16.7783,16.7783,0,0,0,0,0,0,0,0,0,0,0,0,0,0,0,0,0,0,0,0,0,0,0,0,0,0,0,0,0,0,0,0,0,0,0,0,0,0,0,0,0,0,0,0,0,0,0,0,0,0,0,0,0,0,0,0,0,0,0,0,0,0,0,0,0,0,0,0,0,0,0,0,0,0,0,0,0,0,0,0,0,0,0,0,0,0,0,0,0,0,0,0,0,0,0,0,0,0,0,0,0,0,0,0,0,0,0,0,0,0,0,0,0,0,0,0,0,-1.70259,-1.09179,0.848217,-1.68208,0.635234,-0.0702601,-0.119513,-0.257308,0.394458,0.265383,0.0659455,0.0158017,-2.34455,0.621264,0.466964,-2.31475,-0.153085,-0.205009,-0.239593,-1.49583,-0.452574,-0.820204,-1.86365,0.435244,1.14078,0.165408,3.68365,-3.37467,-3.87359,2.54368,-0.967651,-1.05642,-0.0563156,-0.131188,-1.02043,1.96072,-1.72132,-0.42439,-1.57943,-0.819036,0.190888,-0.087267,0.528969,-0.46332,0.00693029,0.173,-0.0308145,-0.537721,0.147584,0.116391,-0.2618,-0.0671394,-0.198489,0.500321,0.478599,-0.31285,0.0289222,0.646285,-0.0152734,-0.0611059,0.0123231,0.653,-0.887453,0.456901,0.0605673,0.6,0,0,0.191811,0.0941463,3
13.5153,2.37504,-6.32654,-0.403778,0.704709,-0.193787,-1.69548,-1.10027,0.822983,13.5153,2.37504,-6.32654,-0.403778,0.704709,-0.193787,-1.69548,-1.10027,0.822983,-1.15787,0.148645,-0.735984,1.35465,-2.06351,0.307697,-1.11829,-0.760778,0.0754186,0.617206,0.449659,-0.320878,0.218946,-0.153507,0.0379908,-1.02332,0.431822,0.164367,-0.2618,0.15457,0.000685732,0.60712,0.862907,-0.68322,-0.303083,0.579456,-0.0121384,-0.102228,-0.114402,0,0,0,0,0,0,0,0,0,0,0,0,0,0,0,0,0,0,0,0,0,0,0,0,0,0,0,0,0,-0.461663,0.563485,-0.489699,0.699771,-0.975478,-0.106431,-1.1363,-0.806929,1.04225,0.417056,0.467974,-0.130738,-0.262921,-0.144492,-0.104172,-0.703944,0.61071,0.431354,-0.22501,0.0296943,0.357438,0.447067,0.754692,-0.737888,-0.127448,0.577316,-0.0314936,-0.0511259,-0.11848,1.72194,-11.383,-5.8718,21.312,0.0686329,-5.73517,-7.81181,-4.12854,-8.49226,-10.2641,0.772787,-6.32748,-1.768,3.94394,-1.36553,-3.115,2.62337,-3.21059,-1.30129,-1.3271,-9.81503,0.843266,-1.0698,0.574092,-2.04004,-0.0949338,0.352904,-0.755776,1.45982,12.7831,0.908327,-5.67877,-8.30831,-50,1.36954,1.52177,10.1882,-11.0878,16.2456,1.20648,1.09679,5.30982,1.62599,4.44926,5.21775,-9.03376,-3.35128,1.01826,-0.155853,0.80147,0.0344251,-2.92982,5.48758,4.2607,1.40071,-0.114195,0.669937,0.68698,0,0,0,0,0,0,0,0,0,0,0,0,0,0,0,0,0,0,0,0,0,0,0,0,0,0,0,0,0,2.55789,2.55789,2.55789,6.3088,6.3088,1.81445,2.55789,2.55789,1.81445,6.3088,6.3088,0.907223,0.907223,1.81445,1.81445,0.907223,0.907223,1.81445,1.81445,0.907223,0.907223,0.907223,0.907223,0.907223,0.907223,1.06814,1.06814,1.06814,1.06814,40.1792,40.1792,40.1792,99.0984,99.0984,28.5012,40.1792,40.1792,28.5012,99.0984,99.0984,14.2506,14.2506,28.5012,28.5012,14.2506,14.2506,28.5012,28.5012,14.2506,14.2506,14.2506,14.2506,14.2506,14.2506,16.7783,16.7783,16.7783,16.7783,0,0,0,0,0,0,0,0,0,0,0,0,0,0,0,0,0,0,0,0,0,0,0,0,0,0,0,0,0,0,0,0,0,0,0,0,0,0,0,0,0,0,0,0,0,0,0,0,0,0,0,0,0,0,0,0,0,0,0,0,0,0,0,0,0,0,0,0,0,0,0,0,0,0,0,0,0,0,0,0,0,0,0,0,0,0,0,0,0,0,0,0,0,0,0,0,0,0,0,0,0,0,0,0,0,0,0,0,0,0,0,0,0,0,0,0,0,-1.69548,-1.10027,0.822983,-2.7893,1.51149,0.0866228,0.528578,-1.10179,-0.350011,0.374773,-0.691059,0.499218,-2.15173,-0.275757,-1.54483,-1.47256,0.352435,-0.16293,0.271476,-1.38943,0.00156354,-1.37217,-1.34415,0.171962,1.38429,-1.53558,1.9553,-0.147705,-4.84944,2.3175,0.70158,-0.731633,-1.15787,0.148645,-0.735984,1.35465,-2.06351,0.307697,-1.11829,-0.760778,0.0754186,0.617206,0.449659,-0.320878,0.218946,-0.153507,0.0379908,-1.02332,0.431822,0.164367,-0.2618,0.15457,0.000685732,0.60712,0.862907,-0.68322,-0.303083,0.579456,-0.0121384,-0.102228,-0.114402,0.681,-0.89133,0.449836,0.0563819,0.6,0,0,0.164711,0.0843812,3
1.89158,2.21452,2.5298,0.131824,-0.174826,-0.0150511,-1.6928,-1.10155,0.819094,1.89158,2.21452,2.5298,0.131824,-0.174826,-0.0150511,-1.6928,-1.10155,0.819094,-0.729589,-0.766386,-0.324582,1.26447,-2.04084,0.441105,-1.34226,-1.17812,0.52,0.375022,0.447685,-0.197771,0.308851,-0.0553203,0.0436938,-1.24446,0.703504,0.2618,-0.2618,0.215295,0.166659,0.446133,1.2008,-1.10377,-0.481349,0.629376,-0.0211482,-0.04073,-0.194752,0,0,0,0,0,0,0,0,0,0,0,0,0,0,0,0,0,0,0,0,0,0,0,0,0,0,0,0,0,-0.505552,0.437773,-0.55845,0.990919,-0.974938,-0.0328091,-1.22855,-0.843068,0.811431,0.375423,0.456567,-0.205409,-0.283348,-0.126638,-0.066809,-0.761525,0.641979,0.367168,-0.251865,0.0564525,0.226245,0.481589,0.758695,-0.728543,-0.172129,0.56988,-0.0262552,-0.0670732,-0.111315,-4.63305,-3.46074,-2.78219,10.0208,-0.0161893,5.62832,-1.80509,-0.855384,-12.0074,2.16067,-0.281712,-2.39333,-0.184224,-0.857518,3.67721,-3.0694,0.738644,-2.89042,-1.08163,1.89936,-4.83803,1.98134,0.674641,0.380214,-2.32146,-0.376964,0.231632,-0.78614,-0.0505805,-15.4039,-2.25043,-0.190193,-29.8199,-50,-0.418371,10.2271,5.58073,0.378628,13.5026,1.38134,0.611103,7.47568,0.367052,-3.14092,-1.10787,-3.78902,-0.554649,1.75676,-0.316669,1.25133,0.0212991,0.87074,0.284985,0.221356,0.614862,-0.00905458,0.257755,-0.0153903,0,0,0,0,0,0,0,0,0,0,0,0,0,0,0,0,0,0,0,0,0,0,0,0,0,0,0,0,0,2.55789,2.55789,2.55789,6.3088,6.3088,1.81445,2.55789,2.55789,1.81445,6.3088,6.3088,0.907223,0.907223,1.81445,1.81445,0.907223,0.907223,1.81445,1.81445,0.907223,0.907223,0.907223,0.907223,0.907223,0.907223,1.06814,1.06814,1.06814,1.06814,40.1792,40.1792,40.1792,99.0984,99.0984,28.5012,40.1792,40.1792,28.5012,99.0984,99.0984,14.2506,14.2506,28.5012,28.5012,14.2506,14.2506,28.5012,28.5012,14.2506,14.2506,14.2506,14.2506,14.2506,14.2506,16.7783,16.7783,16.7783,16.7783,0,0,0,0,0,0,0,0,0,0,0,0,0,0,0,0,0,0,0,0,0,0,0,0,0,0,0,0,0,0,0,0,0,0,0,0,0,0,0,0,0,0,0,0,0,0,0,0,0,0,0,0,0,0,0,0,0,0,0,0,0,0,0,0,0,0,0,0,0,0,0,0,0,0,0,0,0,0,0,0,0,0,0,0,0,0,0,0,0,0,0,0,0,0,0,0,0,0,0,0,0,0,0,0,0,0,0,0,0,0,0,0,0,0,0,0,0,-1.6928,-1.10155,0.819094,-3.29351,2.28192,0.0996263,1.14804,-2.06069,-0.126136,0.653938,-1.09752,0.704211,-1.99452,0.39431,-0.762655,-1.88159,0.490895,-0.283865,-1.39967,-2.15164,0.379999,-0.546705,-0.592794,1.84833,1.01723,-2.61409,1.69813,-0.838353,-4.78478,2.31187,1.00576,-0.450938,-0.729589,-0.766386,-0.324582,1.26447,-2.04084,0.441105,-1.34226,-1.17812,0.52,0.375022,0.447685,-0.197771,0.308851,-0.0553203,0.0436938,-1.24446,0.703504,0.2618,-0.2618,0.215295,0.166659,0.446133,1.2008,-1.10377,-0.481349,0.629376,-0.0211482,-0.04073,-0.194752,0.702,-0.891908,0.448856,0.0550351,0.6,0,0,0.164711,0.0843812,3
3.68734,-0.960629,-5.68832,0.0225906,0.973482,-0.233728,-1.67846,-1.10545,0.801408,3.68734,-0.960629,-5.68832,0.0225906,0.973482,-0.233728,-1.67846,-1.10545,0.801408,-0.921224,-0.570755,-0.0426397,1.09856,-1.82633,0.52,-0.69818,-1.14813,0.52,0.750031,0.592358,0.0149217,0.386475,0.0151483,0.317549,-1.47635,0.812658,0.2618,-0.151837,0.25417,0.135678,0.402085,1.24926,-1.28777,-0.543644,0.640521,-0.0208578,-0.0293854,-0.210889,0,0,0,0,0,0,0,0,0,0,0,0,0,0,0,0,0,0,0,0,0,0,0,0,0,0,0,0,0,-0.555906,0.303197,-0.579284,1.11804,-0.975756,0.0955365,-1.29223,-0.90446,0.668859,0.395102,0.455379,-0.216243,-0.258026,-0.0968342,-0.03082,-0.84499,0.664822,0.328036,-0.271297,0.100667,0.184056,0.480461,0.774632,-0.722699,-0.213144,0.552137,-0.0249211,-0.0717455,-0.127217,-1.67162,-8.90546,-0.123645,4.35604,-0.0526296,5.95012,-4.11389,-4.65486,-3.98461,0.0179895,-0.0980046,0.285205,2.40144,2.65988,0.654487,-4.67605,1.74409,-1.14907,-0.922315,2.01175,-0.954568,-0.643252,1.54226,-0.0438277,-2.12218,-1.43888,0.0435815,-0.228761,-1.00368,-2.73606,-21.5518,10.7956,-14.0969,-50,-0.963661,8.17739,0.00111398,3.59353,-2.94967,-0.206056,0.067487,6.15045,-3.41513,0.705582,-1.63712,-0.887325,0.393534,1.97934,-0.189119,0.663979,0.0908496,4.89603,-5.50901,-1.96834,2.73271,0.0183726,0.716877,-0.086162,0,0,0,0,0,0,0,0,0,0,0,0,0,0,0,0,0,0,0,0,0,0,0,0,0,0,0,0,0,2.55789,2.55789,2.55789,6.3088,6.3088,1.81445,2.55789,2.55789,1.81445,6.3088,6.3088,0.907223,0.907223,1.81445,1.81445,0.907223,0.907223,1.81445,1.81445,0.907223,0.907223,0.907223,0.907223,0.907223,0.907223,1.06814,1.06814,1.06814,1.06814,40.1792,40.1792,40.1792,99.0984,99.0984,28.5012,40.1792,40.1792,28.5012,99.0984,99.0984,14.2506,14.2506,28.5012,28.5012,14.2506,14.2506,28.5012,28.5012,14.2506,14.2506,14.2506,14.2506,14.2506,14.2506,16.7783,16.7783,16.7783,16.7783,0,0,0,0,0,0,0,0,0,0,0,0,0,0,0,0,0,0,0,0,0,0,0,0,0,0,0,0,0,0,0,0,0,0,0,0,0,0,0,0,0,0,0,0,0,0,0,0,0,0,0,0,0,0,0,0,0,0,0,0,0,0,0,0,0,0,0,0,0,0,0,0,0,0,0,0,0,0,0,0,0,0,0,0,0,0,0,0,0,0,0,0,0,0,0,0,0,0,0,0,0,0,0,0,0,0,0,0,0,0,0,0,0,0,0,0,0,-1.67846,-1.10545,0.801408,-3.82225,2.39241,0.724043,1.39692,-2.48022,0.0345395,0.897539,-1.23956,0.8812,-1.71426,0.543897,-1.11264,-0.705292,0.579534,-0.279968,-1.04239,-2.09686,0.30936,-0.39443,-0.0778741,1.86853,0.916794,-2.8307,1.22499,0.231081,-4.17307,2.72445,1.55506,0.0340229,-0.921224,-0.570755,-0.0426397,1.09856,-1.82633,0.52,-0.69818,-1.14813,0.52,0.750031,0.592358,0.0149217,0.386475,0.0151483,0.317549,-1.47635,0.812658,0.2618,-0.151837,0.25417,0.135678,0.402085,1.24926,-1.28777,-0.543644,0.640521,-0.0208578,-0.0293854,-0.210889,0.724,-0.893664,0.446138,0.0482175,0.6,0,0,0.170372,0.0873271,3
16.1049,-0.399549,-6.88048,0.685174,1.07891,-0.228404,-1.6284,-1.1111,0.754646,16.1049,-0.399549,-6.88048,0.685174,1.07891,-0.228404,-1.6284,-1.1111,0.754646,0.0806272,-0.893063,-0.320741,1.30809,-1.14308,0.322933,-0.615933,-0.551083,0.52,0.271195,0.815791,0.0371619,0.385228,0.106731,0.5236,-1.5882,1.4643,0.2618,-0.2618,0.139011,0.294357,0.342555,1.15644,-1.36544,-0.537578,0.656272,-0.046764,-0.0506876,-0.212682,0,0,0,0,0,0,0,0,0,0,0,0,0,0,0,0,0,0,0,0,0,0,0,0,0,0,0,0,0,-0.60729,0.161399,-0.556272,1.15751,-0.976739,0.214908,-1.29776,-0.979965,0.62418,0.43788,0.486228,-0.170197,-0.193378,-0.0788293,-0.0148007,-0.948919,0.698506,0.311087,-0.259837,0.144507,0.16062,0.462472,0.822895,-0.746237,-0.25251,0.531609,-0.0243605,-0.0742807,-0.146874,-3.53466,-5.8305,2.16468,0.497718,-0.0425662,5.35628,2.44039,-3.28212,-1.53788,3.47291,1.58845,3.11501,3.90735,-0.308919,1.27407,-5.40228,1.89553,-0.634485,1.23861,1.96753,-0.894543,-0.930448,3.18933,-2.01898,-1.92687,-0.628115,0.0127515,-0.0567076,-0.886906,-4.57982,-14.618,15.8034,-10.1472,-50,-1.06024,18.8054,1.43321,-0.129824,10.7051,0.651364,-0.0826318,4.95078,2.91987,7.56029,-2.75778,0.0959604,-0.135932,0.881226,-0.27258,0.570705,-0.0287154,3.53706,-6.05191,-2.53302,2.45325,0.0439891,0.815786,-0.138509,0,0,0,0,0,0,0,0,0,0,0,0,0,0,0,0,0,0,0,0,0,0,0,0,0,0,0,0,0,2.55789,2.55789,2.55789,6.3088,6.3088,1.81445,2.55789,2.55789,1.81445,6.3088,6.3088,0.907223,0.907223,1.81445,1.81445,0.907223,0.907223,1.81445,1.81445,0.907223,0.907223,0.907223,0.907223,0.907223,0.907223,1.06814,1.06814,1.06814,1.06814,40.1792,40.1792,40.1792,99.0984,99.0984,28.5012,40.1792,40.1792,28.5012,99.0984,99.0984,14.2506,14.2506,28.5012,28.5012,14.2506,14.2506,28.5012,28.5012,14.2506,14.2506,14.2506,14.2506,14.2506,14.2506,16.7783,16.7783,16.7783,16.7783,0,0,0,0,0,0,0,0,0,0,0,0,0,0,0,0,0,0,0,0,0,0,0,0,0,0,0,0,0,0,0,0,0,0,0,0,0,0,0,0,0,0,0,0,0,0,0,0,0,0,0,0,0,0,0,0,0,0,0,0,0,0,0,0,0,0,0,0,0,0,0,0,0,0,0,0,0,0,0,0,0,0,0,0,0,0,0,0,0,0,0,0,0,0,0,0,0,0,0,0,0,0,0,0,0,0,0,0,0,0,0,0,0,0,0,0,0,-1.6284,-1.1111,0.754646,-4.54813,2.18077,1.50765,2.88273,-2.65731,0.243357,1.59061,-1.22573,0.878359,-3.33885,0.755326,0.717066,-0.555082,0.316959,-0.627698,-1.63103,-1.00646,0.671163,-0.680362,-0.585779,2.2291,0.781059,-2.85475,1.82251,-1.13444,-2.2246,3.36162,0.736319,0.0847327,0.0806272,-0.893063,-0.320741,1.30809,-1.14308,0.322933,-0.615933,-0.551083,0.52,0.271195,0.815791,0.0371619,0.385228,0.106731,0.5236,-1.5882,1.4643,0.2618,-0.2618,0.139011,0.294357,0.342555,1.15644,-1.36544,-0.537578,0.656272,-0.046764,-0.0506876,-0.212682,0.799,-0.896188,0.442938,0.0255444,0.6,0,0,0.179734,0.091182,3
18.9939,-2.78271,-5.12821,1.35503,1.70073,-1.37156,-1.53649,-1.12968,0.676566,18.9939,-2.78271,-5.12821,1.35503,1.70073,-1.37156,-1.53649,-1.12968,0.676566,-0.392127,0.000839304,-0.60206,0.437594,-0.820922,0.0781246,-0.394775,-0.198933,0.192875,0.471061,0.365385,0.0767591,0.223041,0.120794,0.280217,-1.27603,0.659972,0.2618,-0.2618,0.124227,0.272629,0.181922,0.819955,-0.706047,-0.27003,0.597394,-0.0247592,-0.0647055,-0.129597,0,0,0,0,0,0,0,0,0,0,0,0,0,0,0,0,0,0,0,0,0,0,0,0,0,0,0,0,0,-0.606481,0.0215605,-0.527712,1.17253,-0.961745,0.256451,-1.18111,-1.01631,0.622288,0.44049,0.557217,-0.109865,-0.122006,-0.087598,-0.0346419,-1.04804,0.791401,0.298256,-0.252229,0.149734,0.188917,0.437884,0.883182,-0.81021,-0.287973,0.531376,-0.0301778,-0.077479,-0.162307,1.96235,-7.88789,0.713303,1.06818,1.02127,1.1369,6.85704,-0.439515,1.17433,-1.59441,1.4955,2.6708,2.98521,-0.243665,-1.44789,-4.41001,6.68378,-0.728377,0.389343,-0.287091,2.09477,-1.4074,3.39251,-3.987,-1.8483,0.264364,-0.329209,-0.132098,-0.670618,23.1814,-17.5198,6.22531,7.18684,-24.2671,-0.180988,5.65695,20.4702,-4.58415,-8.21723,14.154,-0.350384,4.47189,6.00817,18.6832,-3.70301,4.04259,0.27332,-0.820009,0.0846739,-0.344593,-0.133705,1.10437,-4.52496,-1.99923,1.85651,0.0738084,0.584595,-0.140192,0,0,0,0,0,0,0,0,0,0,0,0,0,0,0,0,0,0,0,0,0,0,0,0,0,0,0,0,0,2.55789,2.55789,2.55789,6.3088,6.3088,1.81445,2.55789,2.55789,1.81445,6.3088,6.3088,0.907223,0.907223,1.81445,1.81445,0.907223,0.907223,1.81445,1.81445,0.907223,0.907223,0.907223,0.907223,0.907223,0.907223,1.06814,1.06814,1.06814,1.06814,40.1792,40.1792,40.1792,99.0984,99.0984,28.5012,40.1792,40.1792,28.5012,99.0984,99.0984,14.2506,14.2506,28.5012,28.5012,14.2506,14.2506,28.5012,28.5012,14.2506,14.2506,14.2506,14.2506,14.2506,14.2506,16.7783,16.7783,16.7783,16.7783,0,0,0,0,0,0,0,0,0,0,0,0,0,0,0,0,0,0,0,0,0,0,0,0,0,0,0,0,0,0,0,0,0,0,0,0,0,0,0,0,0,0,0,0,0,0,0,0,0,0,0,0,0,0,0,0,0,0,0,0,0,0,0,0,0,0,0,0,0,0,0,0,0,0,0,0,0,0,0,0,0,0,0,0,0,0,0,0,0,0,0,0,0,0,0,0,0,0,0,0,0,0,0,0,0,0,0,0,0,0,0,0,0,0,0,0,0,-1.53649,-1.12968,0.676566,-3.3655,1.41356,0.638922,1.04878,-1.15384,0.275423,0.786516,-0.615695,0.508555,-2.08259,-0.0349832,-0.146338,-0.151174,0.283251,-0.332335,0.00153285,-0.363318,0.62162,-0.86852,-1.09956,0.439775,0.414801,-1.73953,-0.659913,-0.564472,-1.30588,2.07718,0.178132,0.175018,-0.392127,0.000839304,-0.60206,0.437594,-0.820922,0.0781246,-0.394775,-0.198933,0.192875,0.471061,0.365385,0.0767591,0.223041,0.120794,0.280217,-1.27603,0.659972,0.2618,-0.2618,0.124227,0.272629,0.181922,0.819955,-0.706047,-0.27003,0.597394,-0.0247592,-0.0647055,-0.129597,0.705,-0.904275,0.4267,-0.0146443,0.6,0,0,0.179734,0.091182,3
19.266,-5.49536,-1.9149,1.32413,0.776287,-0.855647,-1.4584,-1.1519,0.619894,19.266,-5.49536,-1.9149,1.32413,0.776287,-0.855647,-1.4584,-1.1519,0.619894,-1.36894,-0.117915,0.334068,0.477006,-1.31144,-0.26675,0.333666,-0.878322,0.52,0.578863,-0.0683079,0.163633,0.29313,0.326266,0.108985,-1.31705,0.0482249,0.0504768,0.225234,0.0977624,0.62431,0.0290712,0.62719,-0.7274,-0.321355,0.571202,-0.00266576,-0.0527873,-0.115395,0,0,0,0,0,0,0,0,0,0,0,0,0,0,0,0,0,0,0,0,0,0,0,0,0,0,0,0,0,-0.568588,-0.0641313,-0.522237,1.07183,-0.922576,0.220489,-1.01218,-0.955019,0.617828,0.433137,0.506038,-0.062663,-0.0955462,-0.118836,-0.0183046,-1.12235,0.894065,0.303675,-0.251418,0.143865,0.215514,0.375336,0.94796,-0.868731,-0.330849,0.562579,-0.0299464,-0.0755471,-0.16118,1.2987,-1.77584,-0.396302,-8.62851,1.66769,-2.37021,8.60649,5.27885,-1.37753,0.302574,-2.29052,2.10924,0.192024,-2.65354,2.59058,-3.51812,3.96478,0.690871,-0.187622,-0.271954,0.993087,-3.31448,3.61225,-1.79173,-2.38381,1.9654,0.126556,0.29009,0.164534,3.58602,7.94201,-2.70676,-12.5718,-0.68552,0.208302,3.20546,18.1163,-10.0315,2.3236,0.544369,0.080561,4.21867,11.1514,4.42013,0.858239,-6.97676,-2.40437,0.0363719,-0.0257961,-0.0984226,0.248659,-4.90733,4.08532,2.97383,-1.40012,-0.0361139,-0.0890201,0.337977,0,0,0,0,0,0,0,0,0,0,0,0,0,0,0,0,0,0,0,0,0,0,0,0,0,0,0,0,0,2.55789,2.55789,2.55789,6.3088,6.3088,1.81445,2.55789,2.55789,1.81445,6.3088,6.3088,0.907223,0.907223,1.81445,1.81445,0.907223,0.907223,1.81445,1.81445,0.907223,0.907223,0.907223,0.907223,0.907223,0.907223,1.06814,1.06814,1.06814,1.06814,40.1792,40.1792,40.1792,99.0984,99.0984,28.5012,40.1792,40.1792,28.5012,99.0984,99.0984,14.2506,14.2506,28.5012,28.5012,14.2506,14.2506,28.5012,28.5012,14.2506,14.2506,14.2506,14.2506,14.2506,14.2506,16.7783,16.7783,16.7783,16.7783,0,0,0,0,0,0,0,0,0,0,0,0,0,0,0,0,0,0,0,0,0,0,0,0,0,0,0,0,0,0,0,0,0,0,0,0,0,0,0,0,0,0,0,0,0,0,0,0,0,0,0,0,0,0,0,0,0,0,0,0,0,0,0,0,0,0,0,0,0,0,0,0,0,0,0,0,0,0,0,0,0,0,0,0,0,0,0,0,0,0,0,0,0,0,0,0,0,0,0,0,0,0,0,0,0,0,0,0,0,0,0,0,0,0,0,0,0,-1.4584,-1.1519,0.619894,-3.45904,0.974037,0.248496,-0.346062,-1.20252,0.743919,0.115092,-0.732722,0.668367,-0.854503,-0.386543,-1.93032,1.1792,0.222908,-0.0357815,-0.215351,-1.6041,1.42349,-0.708546,0.610119,1.57103,0.0662853,-1.54891,-0.547518,-0.257048,-2.70471,0.840389,-0.608217,0.3731,-1.36894,-0.117915,0.334068,0.477006,-1.31144,-0.26675,0.333666,-0.878322,0.52,0.578863,-0.0683079,0.163633,0.29313,0.326266,0.108985,-1.31705,0.0482249,0.0504768,0.225234,0.0977624,0.62431,0.0290712,0.62719,-0.7274,-0.321355,0.571202,-0.00266576,-0.0527873,-0.115395,0.734,-0.913539,0.404185,-0.0456223,0.6,0,0,0.214085,0.105648,3
31.0141,-7.13602,-3.08134,0.419441,-1.24691,0.58779,-1.46915,-1.15186,0.646984,31.0141,-7.13602,-3.08134,0.419441,-1.24691,0.58779,-1.46915,-1.15186,0.646984,-2.48673,-0.137292,0.21628,0.706115,-2.24082,-0.52,-0.248121,-1.44635,0.52,0.513859,-0.087267,-0.0984517,0.291752,0.447996,-0.755039,-1.12535,-0.741189,-0.2618,0.2618,0.0859746,0.522895,0.0742214,0.293799,-0.019563,-0.201856,0.525185,0.0284821,-0.0682351,-0.0719765,0,0,0,0,0,0,0,0,0,0,0,0,0,0,0,0,0,0,0,0,0,0,0,0,0,0,0,0,0,-0.52322,-0.0556172,-0.40819,0.891756,-0.921282,0.0932507,-0.761291,-0.869555,0.586874,0.445211,0.341349,-0.000555186,-0.0840824,-0.163989,0.031426,-1.25415,0.911236,0.272801,-0.184002,0.143047,0.278879,0.283995,1.03409,-0.874078,-0.37517,0.623665,-0.0220822,-0.0596195,-0.152316,1.00079,1.2137,9.43806,-7.17761,-0.55399,-5.9964,12.3642,2.76953,-1.32934,0.631582,-6.71848,2.89797,1.27191,-1.53406,3.07235,-6.67169,-1.42045,-1.70298,4.59116,-0.281793,4.07411,-4.12958,4.29167,0.881016,-1.93273,2.96875,0.379339,0.903348,0.349963,-37.1066,-5.55542,7.86351,4.32146,-35.4061,0.557154,13.459,-7.71842,0.38779,9.71248,1.87439,-0.259131,4.43787,16.923,-2.7091,4.99678,-11.3733,-3.23864,3.85919,-0.433889,1.44649,0.0948511,-9.55116,1.46652,2.5292,-3.93406,-0.0763145,-0.800464,0.239405,0,0,0,0,0,0,0,0,0,0,0,0,0,0,0,0,0,0,0,0,0,0,0,0,0,0,0,0,0,2.55789,2.55789,2.55789,6.3088,6.3088,1.81445,2.55789,2.55789,1.81445,6.3088,6.3088,0.907223,0.907223,1.81445,1.81445,0.907223,0.907223,1.81445,1.81445,0.907223,0.907223,0.907223,0.907223,0.907223,0.907223,1.06814,1.06814,1.06814,1.06814,40.1792,40.1792,40.1792,99.0984,99.0984,28.5012,40.1792,40.1792,28.5012,99.0984,99.0984,14.2506,14.2506,28.5012,28.5012,14.2506,14.2506,28.5012,28.5012,14.2506,14.2506,14.2506,14.2506,14.2506,14.2506,16.7783,16.7783,16.7783,16.7783,0,0,0,0,0,0,0,0,0,0,0,0,0,0,0,0,0,0,0,0,0,0,0,0,0,0,0,0,0,0,0,0,0,0,0,0,0,0,0,0,0,0,0,0,0,0,0,0,0,0,0,0,0,0,0,0,0,0,0,0,0,0,0,0,0,0,0,0,0,0,0,0,0,0,0,0,0,0,0,0,0,0,0,0,0,0,0,0,0,0,0,0,0,0,0,0,0,0,0,0,0,0,0,0,0,0,0,0,0,0,0,0,0,0,0,0,0,-1.46915,-1.15186,0.646984,-3.02192,0.213871,-1.72156,-2.14601,0.411414,1.02148,-0.893287,-0.460251,0.665224,1.00435,-1.00422,-3.97177,0.116665,0.196031,0.382306,-0.25074,-2.6415,1.19225,-0.915896,0.394999,1.53336,0.169232,-0.966116,0.105843,-0.442423,-5.35509,-1.66788,-1.22474,-0.22448,-2.48673,-0.137292,0.21628,0.706115,-2.24082,-0.52,-0.248121,-1.44635,0.52,0.513859,-0.087267,-0.0984517,0.291752,0.447996,-0.755039,-1.12535,-0.741189,-0.2618,0.2618,0.0859746,0.522895,0.0742214,0.293799,-0.019563,-0.201856,0.525185,0.0284821,-0.0682351,-0.0719765,0.863,-0.91389,0.403655,-0.0432178,0.6,0,0,0.214085,0.105648,3
11.4387,-7.41654,-12.3531,-1.38958,-2.82312,1.54211,-1.57356,-1.13111,0.750844,11.4387,-7.41654,-12.3531,-1.38958,-2.82312,1.54211,-1.57356,-1.13111,0.750844,-2.5307,-0.231349,0.637288,0.618831,-2.9671,-0.242347,-0.354141,-1.4703,0.407701,0.729407,-0.087267,0.0662152,0.272619,0.409083,-0.87267,-0.939353,-0.655516,-0.2618,0.2618,0.134742,0.661684,0.211526,0.122726,0.357772,-0.151952,0.494469,0.0658499,-0.101009,-0.0553521,0,0,0,0,0,0,0,0,0,0,0,0,0,0,0,0,0,0,0,0,0,0,0,0,0,0,0,0,0,-0.562204,-0.06929,-0.205929,0.827961,-0.937517,-0.0523837,-0.607315,-0.875871,0.537992,0.458088,0.235031,0.00450994,-0.0543073,-0.140538,0.139385,-1.39686,0.82541,0.212862,-0.0801983,0.138314,0.340978,0.234028,1.10141,-0.823934,-0.411667,0.685936,-0.0101273,-0.0425782,-0.139295,-3.77926,-2.41835,11.6569,-1.20423,-1.03361,-8.00297,6.42354,-2.47246,-3.58967,0.737975,-5.1856,-1.04505,2.1823,3.48907,7.30771,-8.55809,-7.36993,-3.78232,5.90931,-0.305253,3.18431,-2.18734,2.68213,3.96628,-1.84947,3.61493,0.703905,1.09022,0.732694,-68.3823,2.34751,-12.1038,-2.42577,-50,1.1716,-2.14674,-17.6783,5.62673,1.09192,0.835269,-0.666357,3.16356,11.4297,-38.2063,11.3961,-16.3056,-6.69669,-0.872679,-0.477329,-0.23383,-0.265403,-14.1455,8.18259,4.66883,-6.48908,-0.0949077,-1.53441,0.324625,0,0,0,0,0,0,0,0,0,0,0,0,0,0,0,0,0,0,0,0,0,0,0,0,0,0,0,0,0,2.55789,2.55789,2.55789,6.3088,6.3088,1.81445,2.55789,2.55789,1.81445,6.3088,6.3088,0.907223,0.907223,1.81445,1.81445,0.907223,0.907223,1.81445,1.81445,0.907223,0.907223,0.907223,0.907223,0.907223,0.907223,1.06814,1.06814,1.06814,1.06814,40.1792,40.1792,40.1792,99.0984,99.0984,28.5012,40.1792,40.1792,28.5012,99.0984,99.0984,14.2506,14.2506,28.5012,28.5012,14.2506,14.2506,28.5012,28.5012,14.2506,14.2506,14.2506,14.2506,14.2506,14.2506,16.7783,16.7783,16.7783,16.7783,0,0,0,0,0,0,0,0,0,0,0,0,0,0,0,0,0,0,0,0,0,0,0,0,0,0,0,0,0,0,0,0,0,0,0,0,0,0,0,0,0,0,0,0,0,0,0,0,0,0,0,0,0,0,0,0,0,0,0,0,0,0,0,0,0,0,0,0,0,0,0,0,0,0,0,0,0,0,0,0,0,0,0,0,0,0,0,0,0,0,0,0,0,0,0,0,0,0,0,0,0,0,0,0,0,0,0,0,0,0,0,0,0,0,0,0,0,-1.57356,-1.13111,0.750844,-2.59784,-0.176192,-3.21044,-1.95066,1.27178,0.932749,-1.42535,-0.346466,0.621598,2.36484,-1.41651,-6.02585,-0.0769627,0.307224,0.88388,-0.42252,-2.68526,1.50871,-1.35582,1.1639,0.9296,0.482301,-0.742973,-0.14307,0.172267,-8.74981,-2.28832,-0.552575,0.150977,-2.5307,-0.231349,0.637288,0.618831,-2.9671,-0.242347,-0.354141,-1.4703,0.407701,0.729407,-0.087267,0.0662152,0.272619,0.409083,-0.87267,-0.939353,-0.655516,-0.2618,0.2618,0.134742,0.661684,0.211526,0.122726,0.357772,-0.151952,0.494469,0.0658499,-0.101009,-0.0553521,0.666,-0.904885,0.425655,0.00117775,0.6,0,0,0.222854,0.109885,3
-1.79227,-20.3209,-3.4017,-2.4118,-1.464,1.61577,-1.68568,-1.09385,0.833857,-1.79227,-20.3209,-3.4017,-2.4118,-1.464,1.61577,-1.68568,-1.09385,0.833857,-2.5307,-0.808542,0.433347,1.04453,-2.9671,-0.0136721,-0.381189,-1.42539,0.216763,0.803561,-0.087267,0.146362,0.156669,-0.386991,-0.618083,-0.943124,0.548846,-0.2618,0.2618,0.158836,0.285549,0.485616,0.191987,-0.585478,-0.27683,0.557227,0.0726604,-0.0211523,-0.00131904,0,0,0,0,0,0,0,0,0,0,0,0,0,0,0,0,0,0,0,0,0,0,0,0,0,0,0,0,0,-0.632842,-0.13427,0.055724,0.81056,-0.955095,-0.122696,-0.522815,-0.950367,0.474185,0.507163,0.146327,0.00877792,-0.00854347,-0.0298189,0.262244,-1.54945,0.659837,0.14536,0.00761554,0.144907,0.42055,0.229182,1.12709,-0.698483,-0.458706,0.739725,0.01086,-0.0302868,-0.12897,-3.27263,-3.48313,12.8457,-0.317865,-0.725034,-2.19323,3.07092,-3.74191,-2.94024,3.35118,-3.80171,0.841936,2.29312,6.57954,5.35949,-6.80182,-8.8282,-3.30184,3.50777,0.527711,3.87,0.443718,-0.0323262,7.28705,-1.80559,2.14582,1.02821,0.441901,0.405751,-67.5656,5.61415,-9.60491,-14.5266,-50,0.530175,-1.21871,-9.98208,3.77017,2.57299,0.565785,0.0786589,1.68574,0.989555,-42.4896,14.7422,-11.0293,-5.96927,0.863451,-0.621037,-0.0721547,-0.633316,-14.6622,8.84125,6.18495,-6.42843,-0.186988,-1.66277,0.807143,0,0,0,0,0,0,0,0,0,0,0,0,0,0,0,0,0,0,0,0,0,0,0,0,0,0,0,0,0,2.55789,2.55789,2.55789,6.3088,6.3088,1.81445,2.55789,2.55789,1.81445,6.3088,6.3088,0.907223,0.907223,1.81445,1.81445,0.907223,0.907223,1.81445,1.81445,0.907223,0.907223,0.907223,0.907223,0.907223,0.907223,1.06814,1.06814,1.06814,1.06814,40.1792,40.1792,40.1792,99.0984,99.0984,28.5012,40.1792,40.1792,28.5012,99.0984,99.0984,14.2506,14.2506,28.5012,28.5012,14.2506,14.2506,28.5012,28.5012,14.2506,14.2506,14.2506,14.2506,14.2506,14.2506,16.7783,16.7783,16.7783,16.7783,0,0,0,0,0,0,0,0,0,0,0,0,0,0,0,0,0,0,0,0,0,0,0,0,0,0,0,0,0,0,0,0,0,0,0,0,0,0,0,0,0,0,0,0,0,0,0,0,0,0,0,0,0,0,0,0,0,0,0,0,0,0,0,0,0,0,0,0,0,0,0,0,0,0,0,0,0,0,0,0,0,0,0,0,0,0,0,0,0,0,0,0,0,0,0,0,0,0,0,0,0,0,0,0,0,0,0,0,0,0,0,0,0,0,0,0,0,-1.68568,-1.09385,0.833857,-2.60644,-0.018271,-1.40929,0.795403,-0.878928,-0.882378,-0.740952,-0.631201,0.35722,1.79826,-0.574124,-5.5641,-0.126361,0.362162,0.975295,-1.47666,-2.60323,0.651081,-0.283921,0.791434,0.494241,1.10725,-0.017705,1.07091,0.383734,-9.55585,-0.868847,-0.0311736,0.333721,-2.5307,-0.808542,0.433347,1.04453,-2.9671,-0.0136721,-0.381189,-1.42539,0.216763,0.803561,-0.087267,0.146362,0.156669,-0.386991,-0.618083,-0.943124,0.548846,-0.2618,0.2618,0.158836,0.285549,0.485616,0.191987,-0.585478,-0.27683,0.557227,0.0726604,-0.0211523,-0.00131904,0.678,-0.888402,0.456041,0.0526254,0.6,0,0,0.179838,0.0911411,3
-4.97981,-7.94087,0.143939,-2.3886,-0.782397,-1.91575,-1.78576,-1.0987,0.889384,-4.97981,-7.94087,0.143939,-2.3886,-0.782397,-1.91575,-1.78576,-1.0987,0.889384,-2.5307,-0.798693,0.142923,1.44287,-2.9671,-0.196483,-0.0664988,-1.50757,-0.0069657,0.871062,-0.087267,-0.275852,0.0777496,-0.87267,-0.325996,-1.46419,0.760255,-0.2618,0.2618,0.186807,-0.333911,0.50062,0.359361,-1.42767,-0.389085,0.565784,0.0756444,-0.00389855,0.00667598,0,0,0,0,0,0,0,0,0,0,0,0,0,0,0,0,0,0,0,0,0,0,0,0,0,0,0,0,0,-0.728653,-0.221051,0.203176,0.87863,-0.966015,-0.106201,-0.480327,-0.993742,0.400314,0.580081,0.0830601,0.0384519,0.0565089,0.0770329,0.363957,-1.63357,0.577124,0.0430304,0.0595391,0.148142,0.414617,0.288376,1.09617,-0.593529,-0.451267,0.764849,0.0297777,-0.0101022,-0.105431,-6.02181,-5.27207,3.92797,4.89702,-0.406124,1.49213,1.39406,-1.62294,-4.22185,3.55354,-2.69638,1.73598,4.13012,4.32614,4.77251,-2.51837,-0.841286,-5.50576,1.47058,0.0583415,-2.3931,3.2344,-2.51691,3.88961,1.40563,0.627193,0.790645,0.989656,1.43238,-58.0115,-10.9457,-1.71011,-13.1356,-50,-0.0393064,0.165645,-13.1869,2.10835,0.041163,0.172609,0.0108865,-2.08877,-21.17,-36.6167,12.2694,0.788649,1.17805,2.73823,0.106565,0.0800318,-0.1461,-10.8404,-3.45106,1.34286,-4.25813,-0.13627,-1.27516,0.258755,0,0,0,0,0,0,0,0,0,0,0,0,0,0,0,0,0,0,0,0,0,0,0,0,0,0,0,0,0,2.55789,2.55789,2.55789,6.3088,6.3088,1.81445,2.55789,2.55789,1.81445,6.3088,6.3088,0.907223,0.907223,1.81445,1.81445,0.907223,0.907223,1.81445,1.81445,0.907223,0.907223,0.907223,0.907223,0.907223,0.907223,1.06814,1.06814,1.06814,1.06814,40.1792,40.1792,40.1792,99.0984,99.0984,28.5012,40.1792,40.1792,28.5012,99.0984,99.0984,14.2506,14.2506,28.5012,28.5012,14.2506,14.2506,28.5012,28.5012,14.2506,14.2506,14.2506,14.2506,14.2506,14.2506,16.7783,16.7783,16.7783,16.7783,0,0,0,0,0,0,0,0,0,0,0,0,0,0,0,0,0,0,0,0,0,0,0,0,0,0,0,0,0,0,0,0,0,0,0,0,0,0,0,0,0,0,0,0,0,0,0,0,0,0,0,0,0,0,0,0,0,0,0,0,0,0,0,0,0,0,0,0,0,0,0,0,0,0,0,0,0,0,0,0,0,0,0,0,0,0,0,0,0,0,0,0,0,0,0,0,0,0,0,0,0,0,0,0,0,0,0,0,0,0,0,0,0,0,0,0,0,-1.78576,-1.0987,0.889384,-3.79452,0.363359,-0.743304,1.27744,-2.79921,-2.08982,-0.774493,-0.887152,0.177277,0.802804,-0.459264,-6.09923,0.448366,0.425938,1.01535,-1.45868,-2.75333,-0.76135,-0.0523289,0.261024,-0.0158825,1.14146,0.0896094,2.20688,0.576232,-8.42172,0.156158,-0.448,-0.628971,-2.5307,-0.798693,0.142923,1.44287,-2.9671,-0.196483,-0.0664988,-1.50757,-0.0069657,0.871062,-0.087267,-0.275852,0.0777496,-0.87267,-0.325996,-1.46419,0.760255,-0.2618,0.2618,0.186807,-0.333911,0.50062,0.359361,-1.42767,-0.389085,0.565784,0.0756444,-0.00389855,0.00667598,0.681,-0.890616,0.44429,0.097005,0.6,0,0,0.179838,0.0911411,3
-4.85559,-0.153374,0.0252517,-1.20571,0.542678,-3.298,-1.86057,-1.15558,0.933549,-4.85559,-0.153374,0.0252517,-1.20571,0.542678,-3.298,-1.86057,-1.15558,0.933549,-2.5307,-0.658204,0.181775,1.8116,-2.95037,-0.251679,0.504132,-1.32117,-0.137177,0.902699,0.169184,-0.240442,0.129418,-0.721851,0.147586,-1.5882,0.202454,-0.2618,0.2618,0.204119,-0.912897,0.235065,0.618931,-0.953006,-0.0525954,0.609576,0.0624034,0.0208942,0.0622384,0,0,0,0,0,0,0,0,0,0,0,0,0,0,0,0,0,0,0,0,0,0,0,0,0,0,0,0,0,-0.882622,-0.343298,0.215541,1.03229,-0.97169,-0.123149,-0.421234,-1.01588,0.267704,0.643321,0.0366796,-0.00692186,0.153969,0.120558,0.443585,-1.66463,0.610624,-0.0474538,0.0923244,0.153707,0.255019,0.345643,1.03963,-0.586323,-0.344667,0.796647,0.0455975,0.00536811,-0.0722462,-8.86578,-6.46311,-0.750468,8.7348,-0.198871,-1.31253,3.55495,-0.613235,-7.70502,3.0509,-1.97961,-4.0188,4.76414,0.761876,3.10418,-1.35997,3.17693,-3.71913,1.27081,0.498643,-10.1887,2.51175,-3.00382,-2.01835,7.63959,2.4284,0.610504,0.711071,2.01807,-44.8044,-2.34401,-1.26472,-12.851,-50,0.277977,5.3926,-17.9712,5.61842,3.85633,0.262643,-0.368796,-5.37704,-30.0878,-27.7891,4.02058,-0.422081,0.750754,2.30018,0.0713035,0.584744,-0.0656154,-7.09616,-10.4127,-7.4144,-6.42975,-0.185392,-0.872558,-0.694476,0,0,0,0,0,0,0,0,0,0,0,0,0,0,0,0,0,0,0,0,0,0,0,0,0,0,0,0,0,2.55789,2.55789,2.55789,6.3088,6.3088,1.81445,2.55789,2.55789,1.81445,6.3088,6.3088,0.907223,0.907223,1.81445,1.81445,0.907223,0.907223,1.81445,1.81445,0.907223,0.907223,0.907223,0.907223,0.907223,0.907223,1.06814,1.06814,1.06814,1.06814,40.1792,40.1792,40.1792,99.0984,99.0984,28.5012,40.1792,40.1792,28.5012,99.0984,99.0984,14.2506,14.2506,28.5012,28.5012,14.2506,14.2506,28.5012,28.5012,14.2506,14.2506,14.2506,14.2506,14.2506,14.2506,16.7783,16.7783,16.7783,16.7783,0,0,0,0,0,0,0,0,0,0,0,0,0,0,0,0,0,0,0,0,0,0,0,0,0,0,0,0,0,0,0,0,0,0,0,0,0,0,0,0,0,0,0,0,0,0,0,0,0,0,0,0,0,0,0,0,0,0,0,0,0,0,0,0,0,0,0,0,0,0,0,0,0,0,0,0,0,0,0,0,0,0,0,0,0,0,0,0,0,0,0,0,0,0,0,0,0,0,0,0,0,0,0,0,0,0,0,0,0,0,0,0,0,0,0,0,0,-1.86057,-1.15558,0.933549,-4.2725,0.955205,0.33651,0.00559425,-1.71693,-1.64589,-1.19311,-0.119923,0.295087,0.067276,0.128533,-5.53768,1.49053,0.465411,0.837619,-1.2021,-2.41288,-2.0815,0.280456,0.33198,-0.312777,0.535971,0.835404,3.25841,0.666451,-7.37855,1.51766,-0.573853,-0.548232,-2.5307,-0.658204,0.181775,1.8116,-2.95037,-0.251679,0.504132,-1.32117,-0.137177,0.902699,0.169184,-0.240442,0.129418,-0.721851,0.147586,-1.5882,0.202454,-0.2618,0.2618,0.204119,-0.912897,0.235065,0.618931,-0.953006,-0.0525954,0.609576,0.0624034,0.0208942,0.0622384,0.671,-0.91503,0.386568,0.11526,0.6,0,0,0.150476,0.081628,3
8.81204,-10.7202,1.47037,-0.396962,1.28593,-2.02637,-1.84688,-1.20983,0.908943,8.81204,-10.7202,1.47037,-0.396962,1.28593,-2.02637,-1.84688,-1.20983,0.908943,-2.5307,-0.859694,0.448378,1.93186,-2.44905,-0.388133,0.944321,-0.927644,-0.0954242,0.806005,0.466498,-0.12652,0.151901,-0.394299,0.5236,-1.50394,-0.221363,-0.2618,0.2618,0.235801,-1.10832,-0.161149,0.563654,-0.337205,0.0651968,0.632411,0.0373454,0.0295366,0.0679845,0,0,0,0,0,0,0,0,0,0,0,0,0,0,0,0,0,0,0,0,0,0,0,0,0,0,0,0,0,-1.09288,-0.465387,0.20034,1.24634,-0.974376,-0.157022,-0.291698,-0.992251,0.0749122,0.696005,0.0677091,-0.073777,0.241038,0.0921617,0.485954,-1.69557,0.646071,-0.0771636,0.136904,0.167637,-0.0311933,0.335972,1.00354,-0.628882,-0.207918,0.815519,0.0518212,0.0212133,-0.0302024,-10.9812,-5.75288,0.563376,10.6994,-0.0926157,-1.67358,6.91906,1.91331,-8.79284,2.33615,1.60201,-2.80247,3.69838,-1.36212,1.69044,-1.59939,0.839899,-1.13473,2.2444,0.667802,-14.7965,-1.4719,-1.31899,-1.88111,6.26462,0.131996,0.179846,0.758708,1.98495,-30.6124,6.68688,-1.28361,-10.6893,-50,0.31657,14.6168,-17.8446,10.0359,5.73556,-0.0300952,0.176621,-4.97722,-20.4616,-12.7166,2.95196,-7.19125,-3.352,-0.630929,-0.0887399,0.740441,-0.171336,-4.29474,-2.89259,-3.43171,-3.713,-0.0204626,-0.825475,-0.552393,0,0,0,0,0,0,0,0,0,0,0,0,0,0,0,0,0,0,0,0,0,0,0,0,0,0,0,0,0,2.55789,2.55789,2.55789,6.3088,6.3088,1.81445,2.55789,2.55789,1.81445,6.3088,6.3088,0.907223,0.907223,1.81445,1.81445,0.907223,0.907223,1.81445,1.81445,0.907223,0.907223,0.907223,0.907223,0.907223,0.907223,1.06814,1.06814,1.06814,1.06814,40.1792,40.1792,40.1792,99.0984,99.0984,28.5012,40.1792,40.1792,28.5012,99.0984,99.0984,14.2506,14.2506,28.5012,28.5012,14.2506,14.2506,28.5012,28.5012,14.2506,14.2506,14.2506,14.2506,14.2506,14.2506,16.7783,16.7783,16.7783,16.7783,0,0,0,0,0,0,0,0,0,0,0,0,0,0,0,0,0,0,0,0,0,0,0,0,0,0,0,0,0,0,0,0,0,0,0,0,0,0,0,0,0,0,0,0,0,0,0,0,0,0,0,0,0,0,0,0,0,0,0,0,0,0,0,0,0,0,0,0,0,0,0,0,0,0,0,0,0,0,0,0,0,0,0,0,0,0,0,0,0,0,0,0,0,0,0,0,0,0,0,0,0,0,0,0,0,0,0,0,0,0,0,0,0,0,0,0,0,-1.84688,-1.20983,0.908943,-3.88515,0.829167,1.27446,-0.960749,-0.31284,-0.899041,-1.2887,0.148655,0.346349,-0.265268,0.435046,-4.42799,2.29446,0.53765,0.501274,-1.57008,-1.69418,-2.52708,0.396459,0.818885,-0.217577,-0.367436,0.912533,3.60138,0.390705,-5.94891,2.36552,-0.884983,-0.288478,-2.5307,-0.859694,0.448378,1.93186,-2.44905,-0.388133,0.944321,-0.927644,-0.0954242,0.806005,0.466498,-0.12652,0.151901,-0.394299,0.5236,-1.50394,-0.221363,-0.2618,0.2618,0.235801,-1.10832,-0.161149,0.563654,-0.337205,0.0651968,0.632411,0.0373454,0.0295366,0.0679845,0.629,-0.935555,0.339806,0.0962738,0.6,0,0,0.150476,0.081628,3
-14.4369,0.0413706,8.54651,-0.152427,0.784197,-0.373833,-1.82079,-1.23459,0.876044,-14.4369,0.0413706,8.54651,-0.152427,0.784197,-0.373833,-1.82079,-1.23459,0.876044,-2.41917,-0.823717,0.386098,1.86991,-2.68658,-0.263531,0.788409,-0.984027,0.204531,0.733996,0.485361,-0.056007,0.134191,-0.0114353,0.227075,-1.13966,-0.282935,-0.2618,0.2618,0.221166,-0.922145,-0.195027,0.288195,0.150701,0.21704,0.605785,0.023417,0.0102845,0.0388402,0,0,0,0,0,0,0,0,0,0,0,0,0,0,0,0,0,0,0,0,0,0,0,0,0,0,0,0,0,-1.25677,-0.535255,0.272203,1.44434,-0.975903,-0.213542,-0.13925,-0.905723,0.000755331,0.672131,0.19541,-0.0884918,0.301036,0.0674445,0.48666,-1.69678,0.605407,-0.0743369,0.16912,0.182868,-0.325626,0.231743,0.979039,-0.640428,-0.11521,0.819906,0.0479833,0.0372024,0.000373231,-5.31118,-1.21372,5.95189,9.20074,-0.0629562,-2.86297,7.6898,5.88438,-0.104139,-2.48239,5.20933,-0.0606068,2.87462,-1.32292,-1.85379,0.734707,-3.80084,-0.0350168,1.26556,0.657666,-13.6246,-6.07957,-1.44839,0.897478,2.60715,0.0496835,-0.268926,0.816895,1.21549,-36.847,-9.0802,-6.85585,-8.76968,-50,0.177229,24.5218,-15.1034,-2.01813,29.0163,-7.40107,-0.629537,-4.57833,-10.8773,3.51884,2.05573,-8.67554,-5.64885,0.457999,0.153431,1.18198,-0.177077,-4.71856,3.81054,-0.0557003,-3.31899,0.123792,-1.01099,-0.217407,0,0,0,0,0,0,0,0,0,0,0,0,0,0,0,0,0,0,0,0,0,0,0,0,0,0,0,0,0,2.55789,2.55789,2.55789,6.3088,6.3088,1.81445,2.55789,2.55789,1.81445,6.3088,6.3088,0.907223,0.907223,1.81445,1.81445,0.907223,0.907223,1.81445,1.81445,0.907223,0.907223,0.907223,0.907223,0.907223,0.907223,1.06814,1.06814,1.06814,1.06814,40.1792,40.1792,40.1792,99.0984,99.0984,28.5012,40.1792,40.1792,28.5012,99.0984,99.0984,14.2506,14.2506,28.5012,28.5012,14.2506,14.2506,28.5012,28.5012,14.2506,14.2506,14.2506,14.2506,14.2506,14.2506,16.7783,16.7783,16.7783,16.7783,0,0,0,0,0,0,0,0,0,0,0,0,0,0,0,0,0,0,0,0,0,0,0,0,0,0,0,0,0,0,0,0,0,0,0,0,0,0,0,0,0,0,0,0,0,0,0,0,0,0,0,0,0,0,0,0,0,0,0,0,0,0,0,0,0,0,0,0,0,0,0,0,0,0,0,0,0,0,0,0,0,0,0,0,0,0,0,0,0,0,0,0,0,0,0,0,0,0,0,0,0,0,0,0,0,0,0,0,0,0,0,0,0,0,0,0,0,-1.82079,-1.23459,0.876044,-3.05456,0.201093,0.517754,-1.10114,0.799633,-0.0260736,-0.969215,0.494874,0.305968,-0.277586,0.0776495,-3.84839,2.00971,0.504281,0.314318,-1.50438,-1.79716,-2.10258,0.138046,0.705142,0.466352,-0.44468,0.521339,3.42469,0.185353,-6.62628,2.41932,-0.600878,-0.127702,-2.41917,-0.823717,0.386098,1.86991,-2.68658,-0.263531,0.788409,-0.984027,0.204531,0.733996,0.485361,-0.056007,0.134191,-0.0114353,0.227075,-1.13966,-0.282935,-0.2618,0.2618,0.221166,-0.922145,-0.195027,0.288195,0.150701,0.21704,0.605785,0.023417,0.0102845,0.0388402,0.768,-0.944011,0.319657,0.0816199,0.6,0,0,0.170246,0.0978396,3
5.93887,-12.068,1.75091,-0.868471,1.22426,0.777279,-1.76211,-1.23304,0.802078,5.93887,-12.068,1.75091,-0.868471,1.22426,0.777279,-1.76211,-1.23304,0.802078,-2.41342,-0.655484,0.428914,1.69784,-2.9671,0.16326,0.320918,-1.27697,0.440879,0.724815,0.385862,-0.00504766,0.109793,0.010493,-0.178642,-0.809143,-0.200932,-0.2618,0.2618,0.180539,-0.59529,-0.0767546,-0.0500832,-0.31899,0.127203,0.561416,0.0272732,0.0328974,-0.0138985,0,0,0,0,0,0,0,0,0,0,0,0,0,0,0,0,0,0,0,0,0,0,0,0,0,0,0,0,0,-1.32424,-0.538763,0.408213,1.59269,-0.976786,-0.236247,-0.0016508,-0.802846,0.0406964,0.637306,0.276554,-0.0866656,0.350548,0.0731003,0.415497,-1.68265,0.495628,-0.0923616,0.186298,0.192738,-0.518676,0.115746,0.933288,-0.583114,-0.0749229,0.823249,0.0403921,0.0470985,0.00770286,-2.43689,0.27611,6.71626,6.12993,-0.0331486,-0.668087,6.23154,4.33772,2.8326,-1.16913,3.2779,0.104652,2.04502,1.442,-4.20256,0.997706,-6.65113,-1.41418,0.935236,0.430416,-7.39024,-5.28361,-2.66522,4.07606,1.99068,0.0402635,-0.352176,0.383025,0.111141,-37.6278,-11.9365,-18.0311,-11.0169,-50,0.401482,15.8851,-18.3375,-0.0173964,17.3583,0.0509693,0.294439,-5.0237,-4.53045,1.9913,6.9835,-5.43141,-2.5614,0.661223,0.0274388,1.0633,0.343974,-6.8822,7.05419,2.4695,-3.72929,0.0912539,-1.02817,0.411441,0,0,0,0,0,0,0,0,0,0,0,0,0,0,0,0,0,0,0,0,0,0,0,0,0,0,0,0,0,2.55789,2.55789,2.55789,6.3088,6.3088,1.81445,2.55789,2.55789,1.81445,6.3088,6.3088,0.907223,0.907223,1.81445,1.81445,0.907223,0.907223,1.81445,1.81445,0.907223,0.907223,0.907223,0.907223,0.907223,0.907223,1.06814,1.06814,1.06814,1.06814,40.1792,40.1792,40.1792,99.0984,99.0984,28.5012,40.1792,40.1792,28.5012,99.0984,99.0984,14.2506,14.2506,28.5012,28.5012,14.2506,14.2506,28.5012,28.5012,14.2506,14.2506,14.2506,14.2506,14.2506,14.2506,16.7783,16.7783,16.7783,16.7783,0,0,0,0,0,0,0,0,0,0,0,0,0,0,0,0,0,0,0,0,0,0,0,0,0,0,0,0,0,0,0,0,0,0,0,0,0,0,0,0,0,0,0,0,0,0,0,0,0,0,0,0,0,0,0,0,0,0,0,0,0,0,0,0,0,0,0,0,0,0,0,0,0,0,0,0,0,0,0,0,0,0,0,0,0,0,0,0,0,0,0,0,0,0,0,0,0,0,0,0,0,0,0,0,0,0,0,0,0,0,0,0,0,0,0,0,0,-1.76211,-1.23304,0.802078,-2.30095,-0.570215,-0.407322,-0.914165,-0.271308,0.0239251,-0.756914,0.290035,0.25034,0.00814545,-0.517906,-3.83788,1.15592,0.411648,0.366079,-1.19713,-2.33217,-1.35732,0.441571,0.783337,1.00525,-0.175008,-0.186555,2.93399,0.159172,-8.09293,2.13557,0.372249,-0.0115092,-2.41342,-0.655484,0.428914,1.69784,-2.9671,0.16326,0.320918,-1.27697,0.440879,0.724815,0.385862,-0.00504766,0.109793,0.010493,-0.178642,-0.809143,-0.200932,-0.2618,0.2618,0.180539,-0.59529,-0.0767546,-0.0500832,-0.31899,0.127203,0.561416,0.0272732,0.0328974,-0.0138985,0.633,-0.943502,0.325322,0.0630093,0.6,0,0,0.170246,0.0978396,3
10.6612,-10.4836,4.32019,-1.33101,-0.099375,0.373041,-1.75234,-1.22174,0.767193,10.6612,-10.4836,4.32019,-1.33101,-0.099375,0.373041,-1.75234,-1.22174,0.767193,-2.5307,-0.436419,0.289312,1.56277,-2.9671,0.239735,-0.0362807,-1.49769,0.402936,0.591942,0.163239,-0.0669947,0.174147,0.0773994,-0.686483,-0.997169,0.241193,-0.259332,0.2618,0.148379,-0.374999,0.29023,-0.161909,-0.906587,-0.0748586,0.528041,0.0403472,0.0372675,-0.0549642,0,0,0,0,0,0,0,0,0,0,0,0,0,0,0,0,0,0,0,0,0,0,0,0,0,0,0,0,0,-1.37271,-0.520766,0.520418,1.67129,-0.977451,-0.150952,0.0665603,-0.743248,0.124238,0.635458,0.305542,-0.0824735,0.365734,0.119473,0.357851,-1.62689,0.357865,-0.131649,0.186605,0.193966,-0.579297,0.0497281,0.871523,-0.523591,0.0231187,0.831478,0.0368267,0.0617297,0.0065334,-2.38892,1.14627,4.75407,2.25509,-0.0276839,5.02572,2.13632,1.53378,4.03307,0.228563,1.05853,0.23866,0.285141,2.96466,-1.85559,4.22106,-6.84455,-1.99495,-0.124717,-0.099344,-1.20657,-2.36118,-3.39834,3.39126,3.50202,0.192181,-0.252826,0.903019,0.0458925,-35.8196,-8.24232,-15.8081,-13.0901,-50,-0.130928,4.75259,-26.1867,1.57249,7.65008,1.33846,0.919107,-3.87155,-8.02034,-11.7945,8.17145,-1.89683,-0.140218,2.44864,-0.11206,0.970196,0.370834,-10.2345,0.100433,-2.02759,-4.80919,0.117419,-1.44342,-0.431773,0,0,0,0,0,0,0,0,0,0,0,0,0,0,0,0,0,0,0,0,0,0,0,0,0,0,0,0,0,2.55789,2.55789,2.55789,6.3088,6.3088,1.81445,2.55789,2.55789,1.81445,6.3088,6.3088,0.907223,0.907223,1.81445,1.81445,0.907223,0.907223,1.81445,1.81445,0.907223,0.907223,0.907223,0.907223,0.907223,0.907223,1.06814,1.06814,1.06814,1.06814,40.1792,40.1792,40.1792,99.0984,99.0984,28.5012,40.1792,40.1792,28.5012,99.0984,99.0984,14.2506,14.2506,28.5012,28.5012,14.2506,14.2506,28.5012,28.5012,14.2506,14.2506,14.2506,14.2506,14.2506,14.2506,16.7783,16.7783,16.7783,16.7783,0,0,0,0,0,0,0,0,0,0,0,0,0,0,0,0,0,0,0,0,0,0,0,0,0,0,0,0,0,0,0,0,0,0,0,0,0,0,0,0,0,0,0,0,0,0,0,0,0,0,0,0,0,0,0,0,0,0,0,0,0,0,0,0,0,0,0,0,0,0,0,0,0,0,0,0,0,0,0,0,0,0,0,0,0,0,0,0,0,0,0,0,0,0,0,0,0,0,0,0,0,0,0,0,0,0,0,0,0,0,0,0,0,0,0,0,0,-1.75234,-1.22174,0.767193,-2.72967,-0.825188,-1.56525,0.0939247,-1.61109,0.176478,-0.591302,-0.170685,0.397072,0.139676,-0.965881,-4.58514,0.503554,0.33832,0.541567,-0.797045,-2.73528,-0.855034,0.50023,0.528379,0.918733,0.661754,-0.737766,2.5488,-0.219751,-8.97482,1.5007,0.546619,-0.152755,-2.5307,-0.436419,0.289312,1.56277,-2.9671,0.239735,-0.0362807,-1.49769,0.402936,0.591942,0.163239,-0.0669947,0.174147,0.0773994,-0.686483,-0.997169,0.241193,-0.259332,0.2618,0.148379,-0.374999,0.29023,-0.161909,-0.906587,-0.0748586,0.528041,0.0403472,0.0372675,-0.0549642,0.687,-0.939694,0.336395,0.0617492,0.6,0,0,0.186943,0.106671,3
6.41046,-8.02095,0.567723,-1.42722,0.200275,-1.03335,-1.78371,-1.23045,0.770284,6.41046,-8.02095,0.567723,-1.42722,0.200275,-1.03335,-1.78371,-1.23045,0.770284,-2.5307,-0.358291,0.175188,1.44885,-2.9671,0.175895,-0.264503,-1.53185,0.206152,0.577821,0.0641091,0.0189834,0.22136,-0.0244636,-0.866946,-1.02171,0.735385,-0.200647,0.2618,0.134445,-0.228165,0.584608,-0.0683334,-1.13467,-0.168392,0.546478,0.0521746,0.047524,-0.0491374,0,0,0,0,0,0,0,0,0,0,0,0,0,0,0,0,0,0,0,0,0,0,0,0,0,0,0,0,0,-1.41819,-0.496099,0.584406,1.68461,-0.977749,-0.049679,0.0966533,-0.745902,0.189429,0.642525,0.278895,-0.0907838,0.374255,0.185786,0.318474,-1.53145,0.259072,-0.186967,0.176574,0.18914,-0.55652,0.0860878,0.786028,-0.465627,0.0835862,0.827762,0.0378189,0.0763658,0.00170463,-2.30233,1.33351,1.67685,-0.211353,-0.00761147,4.60553,0.98228,-1.2633,2.34062,0.122351,-1.49289,-0.460936,0.398789,3.34889,-2.16974,5.03293,-3.61498,-2.51679,-0.410981,-0.367393,1.87741,3.09078,-4.7212,2.6826,1.84589,-0.829228,0.0514755,0.650201,-0.249065,-39.0497,-0.848079,-16.9031,-11.5424,-50,-0.102136,-8.06636,-27.5771,1.64445,-6.10892,-2.233,0.780678,-3.20147,-9.01597,-24.8833,3.24585,3.15503,2.63937,3.26176,-0.277851,0.948628,0.181177,-9.41596,-8.62433,-4.23439,-4.36003,-0.00741288,-1.37747,-0.719774,0,0,0,0,0,0,0,0,0,0,0,0,0,0,0,0,0,0,0,0,0,0,0,0,0,0,0,0,0,2.55789,2.55789,2.55789,6.3088,6.3088,1.81445,2.55789,2.55789,1.81445,6.3088,6.3088,0.907223,0.907223,1.81445,1.81445,0.907223,0.907223,1.81445,1.81445,0.907223,0.907223,0.907223,0.907223,0.907223,0.907223,1.06814,1.06814,1.06814,1.06814,40.1792,40.1792,40.1792,99.0984,99.0984,28.5012,40.1792,40.1792,28.5012,99.0984,99.0984,14.2506,14.2506,28.5012,28.5012,14.2506,14.2506,28.5012,28.5012,14.2506,14.2506,14.2506,14.2506,14.2506,14.2506,16.7783,16.7783,16.7783,16.7783,0,0,0,0,0,0,0,0,0,0,0,0,0,0,0,0,0,0,0,0,0,0,0,0,0,0,0,0,0,0,0,0,0,0,0,0,0,0,0,0,0,0,0,0,0,0,0,0,0,0,0,0,0,0,0,0,0,0,0,0,0,0,0,0,0,0,0,0,0,0,0,0,0,0,0,0,0,0,0,0,0,0,0,0,0,0,0,0,0,0,0,0,0,0,0,0,0,0,0,0,0,0,0,0,0,0,0,0,0,0,0,0,0,0,0,0,0,-1.78371,-1.23045,0.770284,-2.78561,-0.611827,-1.97672,1.22073,-2.13115,-0.0557794,-0.457494,-0.383951,0.504723,0.457879,-0.718403,-4.74424,0.0867453,0.306549,0.700322,-0.654357,-2.79766,-0.520239,0.637898,0.319952,0.470048,1.33297,-0.659554,2.22394,-0.260019,-9.28437,1.21801,0.401058,0.0432839,-2.5307,-0.358291,0.175188,1.44885,-2.9671,0.175895,-0.264503,-1.53185,0.206152,0.577821,0.0641091,0.0189834,0.22136,-0.0244636,-0.866946,-1.02171,0.735385,-0.200647,0.2618,0.134445,-0.228165,0.584608,-0.0683334,-1.13467,-0.168392,0.546478,0.0521746,0.047524,-0.0491374,0.654,-0.94264,0.326272,0.0705369,0.6,0,0,0.173666,0.0982455,3
7.19388,-6.0572,-0.369674,-1.01594,0.622603,-2.29655,-1.80603,-1.26711,0.76813,7.19388,-6.0572,-0.369674,-1.01594,0.622603,-2.29655,-1.80603,-1.26711,0.76813,-2.5307,-0.302431,0.247898,1.51152,-2.9671,-0.0526901,-0.130342,-1.68325,0.00186448,0.500418,0.0327717,-0.0194946,0.274301,-0.246788,-0.535611,-1.08748,0.700002,-0.218087,0.2618,0.127321,-0.205705,0.947782,0.202484,-0.969063,-0.12008,0.612198,0.0541038,0.0743503,0.00458738,0,0,0,0,0,0,0,0,0,0,0,0,0,0,0,0,0,0,0,0,0,0,0,0,0,0,0,0,0,-1.46903,-0.465679,0.570398,1.66164,-0.977787,0.0134425,0.0889494,-0.795228,0.187988,0.638751,0.223161,-0.0750262,0.37717,0.2398,0.271809,-1.42778,0.234569,-0.231869,0.162835,0.182316,-0.496179,0.201261,0.684911,-0.424545,0.104375,0.800244,0.0425851,0.0820461,-0.00151291,-2.68568,1.64923,-2.54218,-1.72118,0.00266259,2.56011,-1.52384,-3.14587,-1.48003,-0.347695,-2.51426,1.32508,-0.114463,2.16708,-2.47193,5.21372,0.509171,-1.55604,-0.585262,-0.469436,3.19499,6.20689,-5.16058,1.65648,0.230306,-1.98651,0.231479,0.166074,-0.132318,-36.0402,0.279909,-10.5122,-11.0778,-50,-0.00391183,-10.9856,-22.0759,2.75468,-3.99768,0.0924356,0.212459,-2.16349,-11.5083,-28.1616,1.2028,6.99766,3.97261,3.97364,-0.295855,0.966334,-0.101067,-6.20928,-11.6324,-4.24067,-2.34266,-0.0819989,-0.801523,-0.681806,0,0,0,0,0,0,0,0,0,0,0,0,0,0,0,0,0,0,0,0,0,0,0,0,0,0,0,0,0,2.55789,2.55789,2.55789,6.3088,6.3088,1.81445,2.55789,2.55789,1.81445,6.3088,6.3088,0.907223,0.907223,1.81445,1.81445,0.907223,0.907223,1.81445,1.81445,0.907223,0.907223,0.907223,0.907223,0.907223,0.907223,1.06814,1.06814,1.06814,1.06814,40.1792,40.1792,40.1792,99.0984,99.0984,28.5012,40.1792,40.1792,28.5012,99.0984,99.0984,14.2506,14.2506,28.5012,28.5012,14.2506,14.2506,28.5012,28.5012,14.2506,14.2506,14.2506,14.2506,14.2506,14.2506,16.7783,16.7783,16.7783,16.7783,0,0,0,0,0,0,0,0,0,0,0,0,0,0,0,0,0,0,0,0,0,0,0,0,0,0,0,0,0,0,0,0,0,0,0,0,0,0,0,0,0,0,0,0,0,0,0,0,0,0,0,0,0,0,0,0,0,0,0,0,0,0,0,0,0,0,0,0,0,0,0,0,0,0,0,0,0,0,0,0,0,0,0,0,0,0,0,0,0,0,0,0,0,0,0,0,0,0,0,0,0,0,0,0,0,0,0,0,0,0,0,0,0,0,0,0,0,-1.80603,-1.26711,0.76813,-2.93559,0.00566307,-1.22125,1.14005,-1.75354,-0.562702,-0.497259,-0.273795,0.625434,0.787169,0.163731,-4.54859,0.331767,0.290305,0.726217,-0.552339,-3.07418,-0.469028,0.997979,0.452743,0.0042512,2.16104,0.0615749,2.40267,-0.480753,-8.51931,1.12864,-0.120139,-0.0444496,-2.5307,-0.302431,0.247898,1.51152,-2.9671,-0.0526901,-0.130342,-1.68325,0.00186448,0.500418,0.0327717,-0.0194946,0.274301,-0.246788,-0.535611,-1.08748,0.700002,-0.218087,0.2618,0.127321,-0.205705,0.947782,0.202484,-0.969063,-0.12008,0.612198,0.0541038,0.0743503,0.00458738,0.765,-0.954242,0.290801,0.0696965,0.6,0,0,0.173666,0.0982455,3
11.2264,-2.38046,-2.51475,-0.382006,0.405708,-2.62195,-1.83182,-1.31935,0.781296,11.2264,-2.38046,-2.51475,-0.382006,0.405708,-2.62195,-1.83182,-1.31935,0.781296,-2.29983,-0.0152752,0.22757,1.55118,-2.59484,-0.295014,-0.0901934,-1.12542,-0.1753,0.454907,0.124291,0.0273881,0.307184,-0.0591539,-0.314389,-1.07139,0.842113,0.0299109,0.2618,0.087376,-0.317837,1.15634,0.279442,-0.659197,-0.00683083,0.630038,0.044232,0.0513922,0.00649067,0,0,0,0,0,0,0,0,0,0,0,0,0,0,0,0,0,0,0,0,0,0,0,0,0,0,0,0,0,-1.5292,-0.43022,0.497524,1.6295,-0.977657,0.00610448,0.0485129,-0.879998,0.107692,0.615795,0.172872,-0.05577,0.374771,0.271504,0.232072,-1.32389,0.273457,-0.253533,0.16448,0.173243,-0.432444,0.384079,0.591006,-0.40074,0.0999255,0.753155,0.046984,0.0804272,0.00476763,-3.18728,1.8948,-4.29432,-1.4286,0.00734968,-0.989849,-2.35488,-4.80758,-5.36126,-1.45067,-2.23244,0.789157,-0.253115,1.20881,-1.7199,5.09352,2.72292,-0.45327,0.517505,-0.628401,3.14213,9.44603,-4.3691,0.83893,-0.31236,-2.25115,0.197796,-0.232697,0.407697,-32.4168,0.510449,0.304428,-2.71912,-50,0.118665,-1.55711,-20.5021,6.17353,-2.52554,0.199116,-0.188152,-1.23205,-17.0565,-18.752,-1.10795,3.84152,2.09672,1.97221,-0.13737,0.448982,-0.454156,-1.5887,-8.90034,-2.91253,-0.178852,-0.10209,0.232263,-0.438254,0,0,0,0,0,0,0,0,0,0,0,0,0,0,0,0,0,0,0,0,0,0,0,0,0,0,0,0,0,2.55789,2.55789,2.55789,6.3088,6.3088,1.81445,2.55789,2.55789,1.81445,6.3088,6.3088,0.907223,0.907223,1.81445,1.81445,0.907223,0.907223,1.81445,1.81445,0.907223,0.907223,0.907223,0.907223,0.907223,0.907223,1.06814,1.06814,1.06814,1.06814,40.1792,40.1792,40.1792,99.0984,99.0984,28.5012,40.1792,40.1792,28.5012,99.0984,99.0984,14.2506,14.2506,28.5012,28.5012,14.2506,14.2506,28.5012,28.5012,14.2506,14.2506,14.2506,14.2506,14.2506,14.2506,16.7783,16.7783,16.7783,16.7783,0,0,0,0,0,0,0,0,0,0,0,0,0,0,0,0,0,0,0,0,0,0,0,0,0,0,0,0,0,0,0,0,0,0,0,0,0,0,0,0,0,0,0,0,0,0,0,0,0,0,0,0,0,0,0,0,0,0,0,0,0,0,0,0,0,0,0,0,0,0,0,0,0,0,0,0,0,0,0,0,0,0,0,0,0,0,0,0,0,0,0,0,0,0,0,0,0,0,0,0,0,0,0,0,0,0,0,0,0,0,0,0,0,0,0,0,0,-1.83182,-1.31935,0.781296,-2.89889,0.181136,-0.716839,1.46408,-1.04701,-0.134877,0.0681999,-0.015575,0.70041,0.404066,0.403189,-3.63043,0.405092,0.199226,0.593711,-0.0278976,-2.05538,-0.724701,0.68982,0.415617,-0.399701,2.63656,0.0871221,2.51575,-0.61054,-6.36467,1.38963,-0.67266,0.0624477,-2.29983,-0.0152752,0.22757,1.55118,-2.59484,-0.295014,-0.0901934,-1.12542,-0.1753,0.454907,0.124291,0.0273881,0.307184,-0.0591539,-0.314389,-1.07139,0.842113,0.0299109,0.2618,0.087376,-0.317837,1.15634,0.279442,-0.659197,-0.00683083,0.630038,0.044232,0.0513922,0.00649067,0.707,-0.968552,0.240382,0.06421,0.6,0,0,0.159933,0.0942977,3
10.2244,0.831871,0.125177,0.257322,0.659649,-2.42108,-1.82335,-1.36675,0.771437,10.2244,0.831871,0.125177,0.257322,0.659649,-2.42108,-1.82335,-1.36675,0.771437,-2.04308,0.100426,0.294073,1.62383,-2.27358,-0.388654,-0.175536,-0.901311,-0.165606,0.455337,0.154913,0.049297,0.380779,0.0141689,-0.333474,-1.1804,0.759155,0.159294,0.2618,0.0941129,-0.163606,1.09644,0.269112,-0.658055,-0.0808127,0.614271,0.0382038,0.0277802,-0.0273634,0,0,0,0,0,0,0,0,0,0,0,0,0,0,0,0,0,0,0,0,0,0,0,0,0,0,0,0,0,-1.58905,-0.383321,0.396224,1.61159,-0.977554,-0.0647084,0.00412433,-0.947017,0.00732804,0.57928,0.158529,-0.0343902,0.35651,0.276821,0.187124,-1.22585,0.323948,-0.223038,0.182012,0.159497,-0.39703,0.579708,0.509275,-0.389227,0.0973493,0.716875,0.0475323,0.0712501,0.00887387,-2.91004,2.69111,-5.34784,-0.601599,0.00280108,-3.77151,-2.04544,-2.22521,-4.69619,-1.91583,-0.550753,1.15898,-0.889819,-0.582492,-2.15855,5.13755,3.01017,2.75848,0.951032,-1.00899,1.20747,9.48178,-3.84116,0.289953,-0.136632,-1.92542,-0.0262321,-0.441408,0.158559,-21.3122,8.2641,6.46515,-2.12935,-50,0.27983,1.42736,-1.17763,3.16135,-0.518912,0.0644313,-0.145864,0.10873,-8.79591,-10.4249,-2.28225,4.87612,2.62127,0.655145,-0.196312,0.0386594,-0.276687,0.153573,-4.15007,-1.36988,0.519517,-0.0271722,0.111423,-0.209986,0,0,0,0,0,0,0,0,0,0,0,0,0,0,0,0,0,0,0,0,0,0,0,0,0,0,0,0,0,2.55789,2.55789,2.55789,6.3088,6.3088,1.81445,2.55789,2.55789,1.81445,6.3088,6.3088,0.907223,0.907223,1.81445,1.81445,0.907223,0.907223,1.81445,1.81445,0.907223,0.907223,0.907223,0.907223,0.907223,0.907223,1.06814,1.06814,1.06814,1.06814,40.1792,40.1792,40.1792,99.0984,99.0984,28.5012,40.1792,40.1792,28.5012,99.0984,99.0984,14.2506,14.2506,28.5012,28.5012,14.2506,14.2506,28.5012,28.5012,14.2506,14.2506,14.2506,14.2506,14.2506,14.2506,16.7783,16.7783,16.7783,16.7783,0,0,0,0,0,0,0,0,0,0,0,0,0,0,0,0,0,0,0,0,0,0,0,0,0,0,0,0,0,0,0,0,0,0,0,0,0,0,0,0,0,0,0,0,0,0,0,0,0,0,0,0,0,0,0,0,0,0,0,0,0,0,0,0,0,0,0,0,0,0,0,0,0,0,0,0,0,0,0,0,0,0,0,0,0,0,0,0,0,0,0,0,0,0,0,0,0,0,0,0,0,0,0,0,0,0,0,0,0,0,0,0,0,0,0,0,0,-1.82335,-1.36675,0.771437,-3.14745,0.157583,-0.760353,1.27493,-1.04441,0.0323065,0.363207,-0.184261,0.868213,0.265897,0.191561,-3.16153,0.249228,0.214587,0.512797,0.183411,-1.64609,-0.373038,0.372884,0.537074,-0.377598,2.5,-0.367289,2.72294,-0.609313,-5.4485,1.47696,-0.886169,0.112402,-2.04308,0.100426,0.294073,1.62383,-2.27358,-0.388654,-0.175536,-0.901311,-0.165606,0.455337,0.154913,0.049297,0.380779,0.0141689,-0.333474,-1.1804,0.759155,0.159294,0.2618,0.0941129,-0.163606,1.09644,0.269112,-0.658055,-0.0808127,0.614271,0.0382038,0.0277802,-0.0273634,0.601,-0.979255,0.196205,0.0506342,0.6,0,0,0.159933,0.0942977,3
10.1944,1.17038,-0.142984,0.418381,1.00998,-1.90379,-1.76272,-1.41034,0.716394,10.1944,1.17038,-0.142984,0.418381,1.00998,-1.90379,-1.76272,-1.41034,0.716394,-1.93233,0.151935,0.354512,1.72473,-1.95767,-0.401716,-0.2532,-0.75618,-0.0440497,0.545883,-0.0843154,0.0512476,0.433613,0.120807,-0.441566,-1.25281,0.752271,0.242641,0.2618,0.0707576,0.0148159,0.965649,0.252427,-0.686627,-0.1735,0.601659,0.0319824,0.0105605,-0.0544964,0,0,0,0,0,0,0,0,0,0,0,0,0,0,0,0,0,0,0,0,0,0,0,0,0,0,0,0,0,-1.63921,-0.318681,0.294819,1.60972,-0.977618,-0.148497,-0.0304344,-0.962674,-0.0608756,0.545758,0.156943,-0.0102222,0.327241,0.258778,0.130598,-1.13548,0.377293,-0.144342,0.202432,0.143898,-0.344616,0.727969,0.437186,-0.381174,0.0836843,0.688351,0.0458266,0.0578412,0.00508572,-2.35119,3.52202,-4.64354,0.173803,-0.00691048,-3.87968,-1.38666,0.112767,-2.68796,-1.46789,-0.0401494,1.15261,-1.55135,-1.18649,-2.97532,4.19265,2.77885,4.36565,1.24826,-0.914039,3.13002,6.28586,-3.26523,0.302759,-0.951777,-1.52861,-0.0979335,-0.587336,-0.311104,-10.3854,8.18336,11.7783,0.472992,-50,0.200186,-2.14697,2.5291,1.90335,0.288337,0.0519433,-0.189349,2.17176,-4.99385,-7.93536,-4.35143,3.08812,0.99069,-0.381668,0.056998,-0.165545,-0.43231,0.551664,-4.2607,-1.51804,0.279426,-0.023157,0.110329,-0.225016,0,0,0,0,0,0,0,0,0,0,0,0,0,0,0,0,0,0,0,0,0,0,0,0,0,0,0,0,0,2.55789,2.55789,2.55789,6.3088,6.3088,1.81445,2.55789,2.55789,1.81445,6.3088,6.3088,0.907223,0.907223,1.81445,1.81445,0.907223,0.907223,1.81445,1.81445,0.907223,0.907223,0.907223,0.907223,0.907223,0.907223,1.06814,1.06814,1.06814,1.06814,40.1792,40.1792,40.1792,99.0984,99.0984,28.5012,40.1792,40.1792,28.5012,99.0984,99.0984,14.2506,14.2506,28.5012,28.5012,14.2506,14.2506,28.5012,28.5012,14.2506,14.2506,14.2506,14.2506,14.2506,14.2506,16.7783,16.7783,16.7783,16.7783,0,0,0,0,0,0,0,0,0,0,0,0,0,0,0,0,0,0,0,0,0,0,0,0,0,0,0,0,0,0,0,0,0,0,0,0,0,0,0,0,0,0,0,0,0,0,0,0,0,0,0,0,0,0,0,0,0,0,0,0,0,0,0,0,0,0,0,0,0,0,0,0,0,0,0,0,0,0,0,0,0,0,0,0,0,0,0,0,0,0,0,0,0,0,0,0,0,0,0,0,0,0,0,0,0,0,0,0,0,0,0,0,0,0,0,0,0,-1.76272,-1.41034,0.716394,-3.31254,0.119539,-1.00681,1.25923,-1.10956,0.275452,0.553246,-0.395597,0.988681,0.215569,0.0222746,-2.95925,0.107388,0.161334,0.429288,0.277484,-1.38103,0.0337817,0.14175,0.647456,-0.100438,2.20178,-0.731487,3.01069,-0.3511,-4.54759,0.79474,-0.915952,0.11685,-1.93233,0.151935,0.354512,1.72473,-1.95767,-0.401716,-0.2532,-0.75618,-0.0440497,0.545883,-0.0843154,0.0512476,0.433613,0.120807,-0.441566,-1.25281,0.752271,0.242641,0.2618,0.0707576,0.0148159,0.965649,0.252427,-0.686627,-0.1735,0.601659,0.0319824,0.0105605,-0.0544964,0.653,-0.987154,0.156836,0.0304758,0.6,0,0,0.160432,0.0996236,0.930213
9.17716,1.62093,0.300498,0.25326,1.39362,-1.2529,-1.60761,-1.44374,0.566298,9.17716,1.62093,0.300498,0.25326,1.39362,-1.2529,-1.60761,-1.44374,0.566298,-1.90664,0.24221,0.411866,1.70763,-1.88736,-0.364956,-0.487596,-0.860142,0.0121796,0.629432,-0.087267,-0.0301116,0.489504,0.0645776,-0.629171,-1.25936,0.589113,0.220192,0.2618,0.0624568,0.199703,0.89815,0.251876,-0.719712,-0.209968,0.591927,0.0311299,0.00241993,-0.0793216,0,0,0,0,0,0,0,0,0,0,0,0,0,0,0,0,0,0,0,0,0,0,0,0,0,0,0,0,0,-1.68116,-0.243494,0.21668,1.62607,-0.977832,-0.216148,-0.0542351,-0.940146,-0.0769291,0.53814,0.0950444,0.00986612,0.289017,0.23785,0.0592027,-1.06796,0.429633,-0.0521204,0.226651,0.123533,-0.252156,0.805229,0.377215,-0.3736,0.0521202,0.665002,0.0428057,0.0428625,-0.00507296,-1.97573,3.70242,-3.26187,1.15942,-0.0118925,-2.94899,-0.732681,1.65524,0.0861492,0.094278,-2.89052,0.856022,-2.01305,-0.914636,-3.92048,2.73944,2.57819,4.45873,1.35817,-1.10123,4.93357,2.78159,-2.75771,0.355237,-1.99929,-0.969737,-0.151586,-0.691312,-0.565389,-5.19074,6.57357,13.9906,2.88662,-50,0.0664447,-5.82209,3.44065,0.914324,0.543965,0.490382,-0.193313,3.85329,-1.6894,-7.43161,-5.13723,2.34988,0.421488,-1.31924,0.21105,-0.588799,-0.261779,0.691309,-4.79565,-1.51674,-0.0196334,-0.0215606,0.202635,-0.238891,0,0,0,0,0,0,0,0,0,0,0,0,0,0,0,0,0,0,0,0,0,0,0,0,0,0,0,0,0,2.55789,2.55789,2.55789,6.3088,6.3088,1.81445,2.55789,2.55789,1.81445,6.3088,6.3088,0.907223,0.907223,1.81445,1.81445,0.907223,0.907223,1.81445,1.81445,0.907223,0.907223,0.907223,0.907223,0.907223,0.907223,1.06814,1.06814,1.06814,1.06814,40.1792,40.1792,40.1792,99.0984,99.0984,28.5012,40.1792,40.1792,28.5012,99.0984,99.0984,14.2506,14.2506,28.5012,28.5012,14.2506,14.2506,28.5012,28.5012,14.2506,14.2506,14.2506,14.2506,14.2506,14.2506,16.7783,16.7783,16.7783,16.7783,0,0,0,0,0,0,0,0,0,0,0,0,0,0,0,0,0,0,0,0,0,0,0,0,0,0,0,0,0,0,0,0,0,0,0,0,0,0,0,0,0,0,0,0,0,0,0,0,0,0,0,0,0,0,0,0,0,0,0,0,0,0,0,0,0,0,0,0,0,0,0,0,0,0,0,0,0,0,0,0,0,0,0,0,0,0,0,0,0,0,0,0,0,0,0,0,0,0,0,0,0,0,0,0,0,0,0,0,0,0,0,0,0,0,0,0,0,-1.60761,-1.44374,0.566298,-3.32748,0.118282,-1.43457,0.887217,-1.185,0.147243,0.50206,-0.478748,1.11612,0.514915,-0.108368,-2.91233,-0.320696,0.142408,0.417846,0.442355,-1.5709,0.455343,0.0324819,0.752204,0.0277708,2.04787,-1.06471,2.96192,-0.112839,-4.3471,-0.130496,-0.832137,-0.0686574,-1.90664,0.24221,0.411866,1.70763,-1.88736,-0.364956,-0.487596,-0.860142,0.0121796,0.629432,-0.087267,-0.0301116,0.489504,0.0645776,-0.629171,-1.25936,0.589113,0.220192,0.2618,0.0624568,0.199703,0.89815,0.251876,-0.719712,-0.209968,0.591927,0.0311299,0.00241993,-0.0793216,0.622,-0.991939,0.126631,0.00466421,0.6,0,0,0.17449,0.111503,0.81382
10.8935,0.390226,-0.914118,0.107894,1.27294,-0.656711,-1.36948,-1.45999,0.329865,10.8935,0.390226,-0.914118,0.107894,1.27294,-0.656711,-1.36948,-1.45999,0.329865,-1.88086,0.333681,0.403531,1.63868,-1.81756,-0.334823,-0.678068,-0.991138,0.0178424,0.633966,-0.087267,-0.0982905,0.518273,0.108984,-0.765567,-1.238,0.428852,0.194305,0.2618,0.0647042,0.314221,0.857505,0.296174,-0.685556,-0.223806,0.592698,0.0314181,-0.00257729,-0.0990372,0,0,0,0,0,0,0,0,0,0,0,0,0,0,0,0,0,0,0,0,0,0,0,0,0,0,0,0,0,-1.72307,-0.171277,0.171142,1.64833,-0.978069,-0.257279,-0.0760723,-0.91153,-0.0608537,0.562254,0.0455512,0.00875905,0.246777,0.226564,-0.0159116,-1.02517,0.477986,0.0276468,0.25067,0.103078,-0.128623,0.837992,0.333017,-0.367145,0.0026837,0.645776,0.0399206,0.0297064,-0.0204745,-2.16335,3.40235,-1.53405,1.00138,-0.0108743,-1.65862,-1.08605,1.17248,0.968271,1.7186,-2.09868,-0.486269,-2.12709,-0.318357,-3.64892,1.69122,2.24607,3.56227,1.21395,-1.00184,6.19559,1.10286,-1.89553,0.290299,-2.81683,-0.765151,-0.131197,-0.596373,-0.808947,-2.03465,8.04728,13.872,-0.407847,-50,-0.0531402,-13.7062,-0.975504,0.354962,-3.62693,0.125588,-0.155647,5.34296,-3.98252,-11.0252,-4.89036,-0.412824,-0.939125,-1.81297,0.310983,-0.8873,-0.162147,0.55021,-5.29771,-0.591996,-0.0503132,-0.00799654,0.185739,-0.141776,0,0,0,0,0,0,0,0,0,0,0,0,0,0,0,0,0,0,0,0,0,0,0,0,0,0,0,0,0,2.55789,2.55789,2.55789,6.3088,6.3088,1.81445,2.55789,2.55789,1.81445,6.3088,6.3088,0.907223,0.907223,1.81445,1.81445,0.907223,0.907223,1.81445,1.81445,0.907223,0.907223,0.907223,0.907223,0.907223,0.907223,1.06814,1.06814,1.06814,1.06814,40.1792,40.1792,40.1792,99.0984,99.0984,28.5012,40.1792,40.1792,28.5012,99.0984,99.0984,14.2506,14.2506,28.5012,28.5012,14.2506,14.2506,28.5012,28.5012,14.2506,14.2506,14.2506,14.2506,14.2506,14.2506,16.7783,16.7783,16.7783,16.7783,0,0,0,0,0,0,0,0,0,0,0,0,0,0,0,0,0,0,0,0,0,0,0,0,0,0,0,0,0,0,0,0,0,0,0,0,0,0,0,0,0,0,0,0,0,0,0,0,0,0,0,0,0,0,0,0,0,0,0,0,0,0,0,0,0,0,0,0,0,0,0,0,0,0,0,0,0,0,0,0,0,0,0,0,0,0,0,0,0,0,0,0,0,0,0,0,0,0,0,0,0,0,0,0,0,0,0,0,0,0,0,0,0,0,0,0,0,-1.36948,-1.45999,0.329865,-3.27879,0.219287,-1.74557,0.521806,-1.10712,0.248494,0.443036,-0.510301,1.18171,0.875042,-0.098018,-2.86526,-0.66856,0.147532,0.421714,0.609412,-1.81014,0.716454,-0.0345941,0.736981,0.0406824,1.9552,-1.32934,2.76528,-0.0999094,-4.14804,-0.86902,-0.763429,-0.224112,-1.88086,0.333681,0.403531,1.63868,-1.81756,-0.334823,-0.678068,-0.991138,0.0178424,0.633966,-0.087267,-0.0982905,0.518273,0.108984,-0.765567,-1.238,0.428852,0.194305,0.2618,0.0647042,0.314221,0.857505,0.296174,-0.685556,-0.223806,0.592698,0.0314181,-0.00257729,-0.0990372,0.687,-0.993867,0.108351,-0.0221125,0.6,0,0,0.17449,0.111503,0.81382
10.4799,-1.86095,-1.1407,-0.194605,1.1023,0.0617354,-1.15859,-1.45748,0.116358,10.4799,-1.86095,-1.1407,-0.194605,1.1023,0.0617354,-1.15859,-1.45748,0.116358,-1.63457,-0.052782,0.148028,2.16801,-1.46397,-0.43698,-0.830949,-1.00102,0.141812,0.302999,-0.087267,-0.25826,0.558583,0.10435,-0.707761,-1.46621,0.917199,0.2618,0.2618,0.0798598,0.214423,0.758028,0.401647,-0.870114,-0.378427,0.636346,0.0140466,0.00046372,-0.143883,0,0,0,0,0,0,0,0,0,0,0,0,0,0,0,0,0,0,0,0,0,0,0,0,0,0,0,0,0,-1.76466,-0.101671,0.160096,1.65784,-0.978271,-0.271053,-0.105765,-0.905351,-0.0412665,0.601484,0.0106727,-0.0140653,0.197814,0.232906,-0.0850508,-1.00325,0.513618,0.0880154,0.270698,0.0875444,0.000382251,0.847755,0.306356,-0.361799,-0.0550278,0.632445,0.0378247,0.0186604,-0.0398027,-1.98212,3.56679,0.112131,0.126965,-0.00893942,-0.1188,-1.7268,-0.280685,0.937088,1.92704,-1.49025,-1.37561,-2.72293,0.734866,-3.36038,0.669879,1.40199,2.61516,0.868417,-0.687928,6.03645,0.236262,-0.97179,0.261102,-2.97976,-0.469294,-0.109363,-0.5096,-0.90314,0.296749,8.69652,9.80665,-2.98991,-50,-1.49229,-18.7853,-2.98588,0.0118245,-8.83557,-0.289054,0.0120106,6.91465,-4.70932,-13.4686,-3.99965,-2.50449,-1.70949,-1.84459,0.294515,-0.99039,-0.0830018,0.726028,-4.80713,0.117909,-0.0629359,0.00434765,0.194476,-0.0241142,0,0,0,0,0,0,0,0,0,0,0,0,0,0,0,0,0,0,0,0,0,0,0,0,0,0,0,0,0,2.55789,2.55789,2.55789,6.3088,6.3088,1.81445,2.55789,2.55789,1.81445,6.3088,6.3088,0.907223,0.907223,1.81445,1.81445,0.907223,0.907223,1.81445,1.81445,0.907223,0.907223,0.907223,0.907223,0.907223,0.907223,1.06814,1.06814,1.06814,1.06814,40.1792,40.1792,40.1792,99.0984,99.0984,28.5012,40.1792,40.1792,28.5012,99.0984,99.0984,14.2506,14.2506,28.5012,28.5012,14.2506,14.2506,28.5012,28.5012,14.2506,14.2506,14.2506,14.2506,14.2506,14.2506,16.7783,16.7783,16.7783,16.7783,0,0,0,0,0,0,0,0,0,0,0,0,0,0,0,0,0,0,0,0,0,0,0,0,0,0,0,0,0,0,0,0,0,0,0,0,0,0,0,0,0,0,0,0,0,0,0,0,0,0,0,0,0,0,0,0,0,0,0,0,0,0,0,0,0,0,0,0,0,0,0,0,0,0,0,0,0,0,0,0,0,0,0,0,0,0,0,0,0,0,0,0,0,0,0,0,0,0,0,0,0,0,0,0,0,0,0,0,0,0,0,0,0,0,0,0,0,-1.15859,-1.45748,0.116358,-3.79913,0.459775,-1.61376,1.63528,-1.52793,0.237929,0.954746,-0.862852,1.27363,-0.125151,0.487857,-2.41545,-0.947772,0.182088,0.188542,-0.0963973,-1.82819,0.488907,0.00622435,0.270347,0.323345,1.72838,-1.93129,4.27482,-1.04375,-3.1397,-0.948973,-0.996358,-0.588859,-1.63457,-0.052782,0.148028,2.16801,-1.46397,-0.43698,-0.830949,-1.00102,0.141812,0.302999,-0.087267,-0.25826,0.558583,0.10435,-0.707761,-1.46621,0.917199,0.2618,0.2618,0.0798598,0.214423,0.758028,0.401647,-0.870114,-0.378427,0.636346,0.0140466,0.00046372,-0.143883,0.825,-0.993587,0.1036,-0.0452997,0.6,0,0,0.196511,0.125291,0.997444
6.28991,3.54715,-6.85169,-0.18742,1.25606,-0.920398,-0.947698,-1.45402,-0.100016,6.28991,3.54715,-6.85169,-0.18742,1.25606,-0.920398,-0.947698,-1.45402,-0.100016,-1.47307,-0.083653,0.143232,1.74502,-1.09669,-0.52,-1.0858,-0.854883,-0.172633,0.541847,-0.087267,-0.222192,0.457678,0.0427763,-0.742149,-1.35635,0.767122,0.2618,0.2618,0.114336,0.135242,0.866229,0.327058,-0.71974,-0.301462,0.609845,0.0187916,-0.0201244,-0.120182,0,0,0,0,0,0,0,0,0,0,0,0,0,0,0,0,0,0,0,0,0,0,0,0,0,0,0,0,0,-1.82045,-0.0261215,0.135605,1.73476,-0.977685,-0.272342,-0.152551,-0.906457,-0.00583916,0.583594,-0.0140312,-0.073558,0.13043,0.248662,-0.153915,-0.984529,0.568887,0.139313,0.280413,0.0763388,0.087774,0.831319,0.282369,-0.36583,-0.121016,0.63113,0.0313743,0.0102978,-0.0635267,-2.99696,3.38041,-1.7437,5.40834,0.0383417,-0.0481517,-3.31094,-0.609024,2.23783,-2.32141,-1.03158,-3.07262,-3.1779,1.11906,-2.86836,0.732906,3.70762,2.10566,-0.0342862,-0.28473,2.80694,-0.947197,-1.32155,-0.465658,-3.37282,0.117689,-0.288622,-0.265961,-1.06044,14.9042,-9.47881,4.72837,10.8279,-48.4245,-4.60377,-19.7302,-2.81199,0.451253,-14.5848,-0.820638,0.101872,8.8329,-5.85983,-10.9034,-7.65157,1.87713,-0.290003,-0.518308,0.341213,-0.810278,-0.194453,2.84173,-6.83416,-0.784176,-0.0876725,0.0209685,0.114932,-0.246909,0,0,0,0,0,0,0,0,0,0,0,0,0,0,0,0,0,0,0,0,0,0,0,0,0,0,0,0,0,2.55789,2.55789,2.55789,6.3088,6.3088,1.81445,2.55789,2.55789,1.81445,6.3088,6.3088,0.907223,0.907223,1.81445,1.81445,0.907223,0.907223,1.81445,1.81445,0.907223,0.907223,0.907223,0.907223,0.907223,0.907223,1.06814,1.06814,1.06814,1.06814,40.1792,40.1792,40.1792,99.0984,99.0984,28.5012,40.1792,40.1792,28.5012,99.0984,99.0984,14.2506,14.2506,28.5012,28.5012,14.2506,14.2506,28.5012,28.5012,14.2506,14.2506,14.2506,14.2506,14.2506,14.2506,16.7783,16.7783,16.7783,16.7783,0,0,0,0,0,0,0,0,0,0,0,0,0,0,0,0,0,0,0,0,0,0,0,0,0,0,0,0,0,0,0,0,0,0,0,0,0,0,0,0,0,0,0,0,0,0,0,0,0,0,0,0,0,0,0,0,0,0,0,0,0,0,0,0,0,0,0,0,0,0,0,0,0,0,0,0,0,0,0,0,0,0,0,0,0,0,0,0,0,0,0,0,0,0,0,0,0,0,0,0,0,0,0,0,0,0,0,0,0,0,0,0,0,0,0,0,0,-0.947698,-1.45402,-0.100016,-3.54863,0.289705,-1.69217,1.29309,-1.18506,0.0975342,0.957465,-0.687363,1.04355,0.22445,0.132141,-2.1205,-1.41321,0.260698,0.252234,-0.152778,-1.5613,0.308366,-0.270123,0.261589,-0.39362,1.97509,-1.61317,3.06853,-0.362609,-2.09229,-1.83038,-1.26918,-0.50662,-1.47307,-0.083653,0.143232,1.74502,-1.09669,-0.52,-1.0858,-0.854883,-0.172633,0.541847,-0.087267,-0.222192,0.457678,0.0427763,-0.742149,-1.35635,0.767122,0.2618,0.2618,0.114336,0.135242,0.866229,0.327058,-0.71974,-0.301462,0.609845,0.0187916,-0.0201244,-0.120182,0.662,-0.993181,0.0964198,-0.065532,0.6,0,0,0.196511,0.125291,0.997444
13.995,-1.69669,1.01508,-0.462232,1.15282,-1.4648,-0.678316,-1.45332,-0.376723,13.995,-1.69669,1.01508,-0.462232,1.15282,-1.4648,-0.678316,-1.45332,-0.376723,-0.843978,-0.77854,0.0068145,2.84737,-0.624073,-0.52,-1.0826,-0.631555,0.155372,-0.0135654,-0.087267,-0.369548,0.455338,0.175893,-0.332137,-1.54332,1.58202,0.2618,-0.13905,0.0757556,-0.128006,0.662928,0.545947,-0.95562,-0.479276,0.686631,-0.00711535,-0.0146505,-0.162319,0,0,0,0,0,0,0,0,0,0,0,0,0,0,0,0,0,0,0,0,0,0,0,0,0,0,0,0,0,-1.87395,0.0233511,0.108603,1.78833,-0.96222,-0.274423,-0.24025,-0.936325,0.0112409,0.567405,-0.0324391,-0.118867,0.0888173,0.276631,-0.191462,-0.976004,0.64347,0.177557,0.281666,0.0800594,0.113901,0.834694,0.255901,-0.376592,-0.178641,0.638257,0.0279688,0.00434251,-0.0784794,-2.70827,2.09247,-1.354,1.26298,1.18418,-0.142265,-4.9023,-1.92684,-0.455231,0.0570758,-0.868584,-2.07021,-1.38749,1.66945,-1.55949,0.456552,4.34637,2.15166,0.106251,0.425064,0.817486,0.680867,-1.61476,-0.62297,-2.88575,0.773963,-0.149918,-0.254799,-0.697368,23.0642,-9.81925,4.78153,-13.8089,-20.5533,-6.748,-21.6547,8.08109,-4.85595,-1.92668,0.121749,0.433275,6.61457,-9.59302,-12.853,-5.84756,-2.03735,-1.38996,-0.740516,0.131065,-0.483092,-0.118647,2.41087,-4.34577,0.839811,-1.20613,0.00809959,-0.111096,0.0430642,0,0,0,0,0,0,0,0,0,0,0,0,0,0,0,0,0,0,0,0,0,0,0,0,0,0,0,0,0,2.55789,2.55789,2.55789,6.3088,6.3088,1.81445,2.55789,2.55789,1.81445,6.3088,6.3088,0.907223,0.907223,1.81445,1.81445,0.907223,0.907223,1.81445,1.81445,0.907223,0.907223,0.907223,0.907223,0.907223,0.907223,1.06814,1.06814,1.06814,1.06814,40.1792,40.1792,40.1792,99.0984,99.0984,28.5012,40.1792,40.1792,28.5012,99.0984,99.0984,14.2506,14.2506,28.5012,28.5012,14.2506,14.2506,28.5012,28.5012,14.2506,14.2506,14.2506,14.2506,14.2506,14.2506,16.7783,16.7783,16.7783,16.7783,0,0,0,0,0,0,0,0,0,0,0,0,0,0,0,0,0,0,0,0,0,0,0,0,0,0,0,0,0,0,0,0,0,0,0,0,0,0,0,0,0,0,0,0,0,0,0,0,0,0,0,0,0,0,0,0,0,0,0,0,0,0,0,0,0,0,0,0,0,0,0,0,0,0,0,0,0,0,0,0,0,0,0,0,0,0,0,0,0,0,0,0,0,0,0,0,0,0,0,0,0,0,0,0,0,0,0,0,0,0,0,0,0,0,0,0,0,-0.678316,-1.45332,-0.376723,-3.97494,0.788795,-0.757305,3.15115,-1.72289,0.401054,1.67598,-1.0928,1.03822,-1.68511,1.16281,-0.971567,-1.40736,0.17273,-0.0955069,-1.42187,-1.15343,-0.291867,-0.196649,0.0124455,0.354264,1.51154,-2.17875,6.21217,-1.94651,-0.744515,-0.773101,-1.34729,-0.842606,-0.843978,-0.77854,0.0068145,2.84737,-0.624073,-0.52,-1.0826,-0.631555,0.155372,-0.0135654,-0.087267,-0.369548,0.455338,0.175893,-0.332137,-1.54332,1.58202,0.2618,-0.13905,0.0757556,-0.128006,0.662928,0.545947,-0.95562,-0.479276,0.686631,-0.00711535,-0.0146505,-0.162319,0.608,-0.993107,0.0735468,-0.0912626,0.6,0,0,0.216572,0.135815,1.39236
8.38163,-0.536005,-0.148628,-0.326324,1.46095,-1.72877,-0.335694,-1.44669,-0.729122,8.38163,-0.536005,-0.148628,-0.326324,1.46095,-1.72877,-0.335694,-1.44669,-0.729122,-0.580082,-0.464853,-0.0701171,2.07147,-0.371358,-0.52,-1.60051,-0.604971,-0.282756,0.227853,-0.087267,-0.255366,0.306292,0.0328039,-0.458839,-1.21409,1.14728,0.2618,0.216293,0.125879,-0.148926,0.735206,0.335034,-0.473497,-0.23149,0.619589,0.00184138,-0.0481753,-0.122682,0,0,0,0,0,0,0,0,0,0,0,0,0,0,0,0,0,0,0,0,0,0,0,0,0,0,0,0,0,-1.91222,0.050513,0.0432849,1.93046,-0.877662,-0.276725,-0.305683,-0.943093,0.036739,0.494423,-0.0424961,-0.177025,0.0396902,0.306469,-0.248197,-0.948349,0.761597,0.206381,0.232498,0.0657961,0.0960961,0.8062,0.222334,-0.393226,-0.244642,0.655099,0.0192202,-0.00116416,-0.0959884,-1.07123,0.622494,-4.12953,10.6945,3.92282,-0.0920187,-3.03477,0.1565,2.74844,-5.73845,-0.54302,-3.16534,-3.17299,1.79914,-3.48316,1.61483,7.08811,0.892193,-3.55949,-0.619514,-1.99974,-2.1359,-1.67246,-0.934723,-3.74812,0.896367,-0.448647,-0.256868,-0.919458,46.103,-35.356,8.73411,27.906,0.460132,-6.76373,-23.9457,12.0261,-1.09948,-16.5246,-1.14623,0.0696997,8.66986,-6.66392,3.67558,-9.93414,5.64347,-0.101043,-4.45295,0.77972,-1.55882,-0.16207,6.08058,-7.20414,-0.120813,-0.365163,0.0383295,0.0549668,-0.15521,0,0,0,0,0,0,0,0,0,0,0,0,0,0,0,0,0,0,0,0,0,0,0,0,0,0,0,0,0,2.55789,2.55789,2.55789,6.3088,6.3088,1.81445,2.55789,2.55789,1.81445,6.3088,6.3088,0.907223,0.907223,1.81445,1.81445,0.907223,0.907223,1.81445,1.81445,0.907223,0.907223,0.907223,0.907223,0.907223,0.907223,1.06814,1.06814,1.06814,1.06814,40.1792,40.1792,40.1792,99.0984,99.0984,28.5012,40.1792,40.1792,28.5012,99.0984,99.0984,14.2506,14.2506,28.5012,28.5012,14.2506,14.2506,28.5012,28.5012,14.2506,14.2506,14.2506,14.2506,14.2506,14.2506,16.7783,16.7783,16.7783,16.7783,0,0,0,0,0,0,0,0,0,0,0,0,0,0,0,0,0,0,0,0,0,0,0,0,0,0,0,0,0,0,0,0,0,0,0,0,0,0,0,0,0,0,0,0,0,0,0,0,0,0,0,0,0,0,0,0,0,0,0,0,0,0,0,0,0,0,0,0,0,0,0,0,0,0,0,0,0,0,0,0,0,0,0,0,0,0,0,0,0,0,0,0,0,0,0,0,0,0,0,0,0,0,0,0,0,0,0,0,0,0,0,0,0,0,0,0,0,-0.335694,-1.44669,-0.729122,-3.22426,0.307891,-1.0462,2.1599,-0.623601,0.0747961,1.33887,-0.527821,0.698377,-0.87489,0.262939,-0.489606,-2.35324,0.287018,0.0247162,-0.848975,-1.10488,-0.339566,-0.646641,-0.128057,-0.644713,1.67634,-1.64672,3.99948,-1.25804,-0.0238353,-2.00305,-1.37151,-0.58226,-0.580082,-0.464853,-0.0701171,2.07147,-0.371358,-0.52,-1.60051,-0.604971,-0.282756,0.227853,-0.087267,-0.255366,0.306292,0.0328039,-0.458839,-1.21409,1.14728,0.2618,0.216293,0.125879,-0.148926,0.735206,0.335034,-0.473497,-0.23149,0.619589,0.00184138,-0.0481753,-0.122682,0.642,-0.992309,0.040778,-0.116876,0.6,0,0,0.25175,0.159501,1.58481
14.2084,4.9279,0.854258,-0.44041,1.3171,-1.68759,-0.0427119,-1.42657,-1.03355,14.2084,4.9279,0.854258,-0.44041,1.3171,-1.68759,-0.0427119,-1.42657,-1.03355,-0.650441,-0.404324,0.158829,2.09551,-0.453196,-0.52,-1.29055,-0.610359,-0.139861,0.253656,-0.087267,-0.149413,0.284216,0.0602977,-0.332851,-1.18864,1.17702,0.2618,0.106887,0.0633686,-0.177457,0.666081,0.487057,-0.653062,-0.268205,0.634776,-0.00438894,-0.0541011,-0.140625,0,0,0,0,0,0,0,0,0,0,0,0,0,0,0,0,0,0,0,0,0,0,0,0,0,0,0,0,0,-1.91763,0.0487796,-0.0210938,2.0609,-0.745424,-0.278341,-0.447373,-0.971683,0.063464,0.419782,-0.054111,-0.215064,-0.00925349,0.363599,-0.285037,-0.931804,0.907089,0.228878,0.209905,0.0803283,0.0267328,0.783668,0.184955,-0.407991,-0.309075,0.676432,0.0142361,-0.00699271,-0.110379,0.436076,-0.663969,-2.703,3.5036,5.96153,-0.0644833,-9.45091,-2.09628,-0.319435,-2.48325,-0.482278,-1.13187,-2.05484,3.20709,-0.905731,0.243043,7.01716,1.32246,0.081605,0.981647,-3.36289,-0.652733,-1.7653,-0.599622,-2.82304,0.871126,-0.173243,-0.282094,-0.597628,52.9149,-19.3343,4.8591,-22.9762,-0.597591,-6.76607,-23.7365,19.9507,-9.94185,-2.91464,-0.198698,0.51785,6.23759,-15.2278,-3.11935,-4.40317,-2.96567,-1.45219,0.381694,-0.232253,0.57233,-0.081387,3.88451,-0.400553,3.57115,-2.02112,-0.0149359,-0.407564,0.425223,0,0,0,0,0,0,0,0,0,0,0,0,0,0,0,0,0,0,0,0,0,0,0,0,0,0,0,0,0,2.55789,2.55789,2.55789,6.3088,6.3088,1.81445,2.55789,2.55789,1.81445,6.3088,6.3088,0.907223,0.907223,1.81445,1.81445,0.907223,0.907223,1.81445,1.81445,0.907223,0.907223,0.907223,0.907223,0.907223,0.907223,1.06814,1.06814,1.06814,1.06814,40.1792,40.1792,40.1792,99.0984,99.0984,28.5012,40.1792,40.1792,28.5012,99.0984,99.0984,14.2506,14.2506,28.5012,28.5012,14.2506,14.2506,28.5012,28.5012,14.2506,14.2506,14.2506,14.2506,14.2506,14.2506,16.7783,16.7783,16.7783,16.7783,0,0,0,0,0,0,0,0,0,0,0,0,0,0,0,0,0,0,0,0,0,0,0,0,0,0,0,0,0,0,0,0,0,0,0,0,0,0,0,0,0,0,0,0,0,0,0,0,0,0,0,0,0,0,0,0,0,0,0,0,0,0,0,0,0,0,0,0,0,0,0,0,0,0,0,0,0,0,0,0,0,0,0,0,0,0,0,0,0,0,0,0,0,0,0,0,0,0,0,0,0,0,0,0,0,0,0,0,0,0,0,0,0,0,0,0,0,-0.0427119,-1.42657,-1.03355,-3.16623,0.654519,-0.758934,2.2277,-1.03303,0.137485,1.40791,-0.611535,0.64804,-1.12435,0.466792,-0.618105,-1.78715,0.144487,-0.0589113,-0.738428,-1.11472,-0.40462,-0.72618,0.290074,-0.318897,1.51873,-1.88757,4.06805,-1.18446,-0.257216,-1.74992,-1.2133,-0.340677,-0.650441,-0.404324,0.158829,2.09551,-0.453196,-0.52,-1.29055,-0.610359,-0.139861,0.253656,-0.087267,-0.149413,0.284216,0.0602977,-0.332851,-1.18864,1.17702,0.2618,0.106887,0.0633686,-0.177457,0.666081,0.487057,-0.653062,-0.268205,0.634776,-0.00438894,-0.0541011,-0.140625,0.576,-0.989618,0.00613692,-0.143594,0.6,0,0,0.25175,0.159501,1.58481
13.8682,-1.06089,3.75312,-0.201436,1.00233,-0.707683,0.0799857,-1.40201,-1.16294,13.8682,-1.06089,3.75312,-0.201436,1.00233,-0.707683,0.0799857,-1.40201,-1.16294,-0.640849,-0.349187,0.0875831,1.82278,-0.424831,-0.477947,-1.43918,-0.737087,-0.265632,0.340125,-0.087267,0.0390067,0.274702,0.0683089,-0.370089,-1.01497,1.03187,0.2618,0.2618,0.0693299,-0.169057,0.590268,0.505729,-0.541712,-0.251433,0.605724,0.00179676,-0.0676863,-0.132007,0,0,0,0,0,0,0,0,0,0,0,0,0,0,0,0,0,0,0,0,0,0,0,0,0,0,0,0,0,-1.88906,0.0225195,-0.0510448,2.10336,-0.665716,-0.279047,-0.618568,-1.00123,0.0416422,0.378751,-0.063033,-0.209807,-0.0495808,0.415298,-0.303814,-0.934894,1.02518,0.254884,0.202165,0.0788587,-0.0254268,0.758403,0.166282,-0.420385,-0.364572,0.686063,0.00986442,-0.0155517,-0.123605,2.3474,-1.77615,-0.53118,1.36455,3.35714,-0.0196705,-7.01808,-0.865169,-1.49101,-1.73483,-0.401275,0.882372,-1.84565,2.10701,-1.08926,-0.381616,5.22773,1.14225,-0.650238,-0.349218,-2.20848,-1.37464,-0.548327,-0.594126,-2.51058,0.51848,-0.212427,-0.43809,-0.633308,44.5816,-13.0159,10.2162,-9.8279,-0.138648,-6.829,-8.29866,18.1722,-2.74449,-1.29321,0.300097,0.123764,6.46732,-13.9607,1.01925,-3.30022,-2.50356,-1.89461,-1.6155,0.0921175,-0.167447,-0.0832642,5.05019,-2.76957,3.70076,-1.28738,-0.0141019,-0.165579,0.390947,0,0,0,0,0,0,0,0,0,0,0,0,0,0,0,0,0,0,0,0,0,0,0,0,0,0,0,0,0,2.55789,2.55789,2.55789,6.3088,6.3088,1.81445,2.55789,2.55789,1.81445,6.3088,6.3088,0.907223,0.907223,1.81445,1.81445,0.907223,0.907223,1.81445,1.81445,0.907223,0.907223,0.907223,0.907223,0.907223,0.907223,1.06814,1.06814,1.06814,1.06814,40.1792,40.1792,40.1792,99.0984,99.0984,28.5012,40.1792,40.1792,28.5012,99.0984,99.0984,14.2506,14.2506,28.5012,28.5012,14.2506,14.2506,28.5012,28.5012,14.2506,14.2506,14.2506,14.2506,14.2506,14.2506,16.7783,16.7783,16.7783,16.7783,0,0,0,0,0,0,0,0,0,0,0,0,0,0,0,0,0,0,0,0,0,0,0,0,0,0,0,0,0,0,0,0,0,0,0,0,0,0,0,0,0,0,0,0,0,0,0,0,0,0,0,0,0,0,0,0,0,0,0,0,0,0,0,0,0,0,0,0,0,0,0,0,0,0,0,0,0,0,0,0,0,0,0,0,0,0,0,0,0,0,0,0,0,0,0,0,0,0,0,0,0,0,0,0,0,0,0,0,0,0,0,0,0,0,0,0,0,0.0799857,-1.40201,-1.16294,-2.77024,0.697093,-0.843839,1.89674,-0.779138,0.155751,1.25045,-0.573293,0.626347,-0.753433,0.0768267,-0.600587,-2.0586,0.158079,0.0241174,-0.63773,-1.34616,-0.385467,-0.90853,0.159955,-0.605668,1.34587,-1.77188,3.2903,-0.937872,-0.176326,-2.47616,-1.08977,0.0889392,-0.640849,-0.349187,0.0875831,1.82278,-0.424831,-0.477947,-1.43918,-0.737087,-0.265632,0.340125,-0.087267,0.0390067,0.274702,0.0683089,-0.370089,-1.01497,1.03187,0.2618,0.2618,0.0693299,-0.169057,0.590268,0.505729,-0.541712,-0.251433,0.605724,0.00179676,-0.0676863,-0.132007,0.856,-0.985789,-0.0134223,-0.167451,0.6,0,0,0.29629,0.189542,1.85412
7.8996,5.42818,3.28229,-0.0843425,0.407606,-0.305805,0.131634,-1.38884,-1.21956,7.8996,5.42818,3.28229,-0.0843425,0.407606,-0.305805,0.131634,-1.38884,-1.21956,-0.783088,-0.392988,0.1382,1.74884,-0.504609,-0.379389,-1.32464,-0.749993,-0.244058,0.306649,-0.087267,0.264688,0.251961,0.17789,-0.424923,-0.932695,1.01831,0.2618,0.2618,0.0386981,-0.148066,0.547852,0.548129,-0.569203,-0.253271,0.600463,0.00538042,-0.0829751,-0.131372,0,0,0,0,0,0,0,0,0,0,0,0,0,0,0,0,0,0,0,0,0,0,0,0,0,0,0,0,0,-1.82303,-0.0187835,-0.0439558,2.08788,-0.60078,-0.278632,-0.7502,-1.02018,-5.33478e-05,0.367548,-0.0697343,-0.158821,-0.079781,0.455032,-0.320163,-0.94908,1.11388,0.275882,0.207115,0.0781792,-0.0717552,0.719284,0.159268,-0.428222,-0.404855,0.696185,0.00796022,-0.0227421,-0.132916,3.81962,-2.08752,0.682897,-2.22051,2.80419,0.0388384,-6.83961,-0.642413,-2.18497,0.0424872,-0.239266,3.14691,-1.71884,1.70347,-0.618614,-0.941956,3.56356,0.962772,0.657758,0.0128478,-2.0146,-2.00841,-0.107253,-0.337022,-1.75529,0.318816,-0.054714,-0.328241,-0.378238,38.2148,-8.04721,3.62432,-14.0843,-0.3138,-5.74733,-10.972,13.3375,-3.7061,-2.66465,-0.185477,0.0449687,6.44436,-14.2065,-0.275684,-0.16008,-4.51259,-2.15665,0.458363,-0.148908,0.474081,-0.0283881,5.10056,-1.32848,3.75731,-1.90865,-0.0431487,-0.414757,0.418581,0,0,0,0,0,0,0,0,0,0,0,0,0,0,0,0,0,0,0,0,0,0,0,0,0,0,0,0,0,2.55789,2.55789,2.55789,6.3088,6.3088,1.81445,2.55789,2.55789,1.81445,6.3088,6.3088,0.907223,0.907223,1.81445,1.81445,0.907223,0.907223,1.81445,1.81445,0.907223,0.907223,0.907223,0.907223,0.907223,0.907223,1.06814,1.06814,1.06814,1.06814,40.1792,40.1792,40.1792,99.0984,99.0984,28.5012,40.1792,40.1792,28.5012,99.0984,99.0984,14.2506,14.2506,28.5012,28.5012,14.2506,14.2506,28.5012,28.5012,14.2506,14.2506,14.2506,14.2506,14.2506,14.2506,16.7783,16.7783,16.7783,16.7783,0,0,0,0,0,0,0,0,0,0,0,0,0,0,0,0,0,0,0,0,0,0,0,0,0,0,0,0,0,0,0,0,0,0,0,0,0,0,0,0,0,0,0,0,0,0,0,0,0,0,0,0,0,0,0,0,0,0,0,0,0,0,0,0,0,0,0,0,0,0,0,0,0,0,0,0,0,0,0,0,0,0,0,0,0,0,0,0,0,0,0,0,0,0,0,0,0,0,0,0,0,0,0,0,0,0,0,0,0,0,0,0,0,0,0,0,0,0.131634,-1.38884,-1.21956,-2.58266,0.793768,-0.968866,1.86582,-0.84182,0.405607,1.24831,-0.577484,0.574496,-0.604958,0.00622026,-0.860361,-1.84941,0.0882356,0.0722196,-0.717725,-1.36973,-0.337605,-1.11375,0.252398,-0.556478,1.24916,-1.76337,3.07945,-1.03334,-0.403835,-3.28391,-0.865045,0.603515,-0.783088,-0.392988,0.1382,1.74884,-0.504609,-0.379389,-1.32464,-0.749993,-0.244058,0.306649,-0.087267,0.264688,0.251961,0.17789,-0.424923,-0.932695,1.01831,0.2618,0.2618,0.0386981,-0.148066,0.547852,0.548129,-0.569203,-0.253271,0.600463,0.00538042,-0.0829751,-0.131372,0.79,-0.983492,-0.0237503,-0.179384,0.6,0,0,0.29629,0.189542,1.85412
9.63598,3.41803,3.10376,0.296356,0.0753317,0.598766,0.108304,-1.38421,-1.19274,9.63598,3.41803,3.10376,0.296356,0.0753317,0.598766,0.108304,-1.38421,-1.19274,-0.956957,-0.35654,0.00103541,1.49484,-0.30857,-0.26926,-1.14687,-0.811161,-0.24768,0.399047,-0.087267,0.507186,0.274396,0.0912713,-0.416853,-0.889891,0.954422,0.2618,0.2618,0.0366467,-0.198861,0.486596,0.605629,-0.623044,-0.317521,0.57854,0.0103828,-0.0953894,-0.13028,0,0,0,0,0,0,0,0,0,0,0,0,0,0,0,0,0,0,0,0,0,0,0,0,0,0,0,0,0,-1.73082,-0.066261,-0.0247279,2.0139,-0.571556,-0.275749,-0.885566,-1.01859,-0.0521265,0.361547,-0.0740775,-0.0495326,-0.128998,0.478414,-0.332,-0.969016,1.16585,0.292504,0.217842,0.0696381,-0.101709,0.672637,0.166748,-0.435688,-0.438461,0.698649,0.00797065,-0.0332599,-0.139632,4.44999,-2.19083,0.93495,-3.92867,1.02696,0.157931,-5.46679,0.692529,-2.40611,-0.451261,-0.180892,5.39363,-2.71066,0.543242,-0.513107,-0.810831,1.47511,0.520714,0.380801,-0.464579,-1.01596,-1.95948,0.702354,-0.32333,-1.30921,-0.0226123,0.00958854,-0.50075,-0.255342,27.1822,-7.70003,4.22216,-2.52888,0.117545,-3.2362,-3.75513,9.39075,-1.22548,-2.75261,-0.179315,-0.344055,7.71925,-9.69703,-1.74605,1.25634,-3.54218,-1.87449,0.551504,-0.0237671,0.270873,-0.00332529,4.8788,-1.61316,3.83511,-1.64411,-0.0536715,-0.307965,0.412513,0,0,0,0,0,0,0,0,0,0,0,0,0,0,0,0,0,0,0,0,0,0,0,0,0,0,0,0,0,2.55789,2.55789,2.55789,6.3088,6.3088,1.81445,2.55789,2.55789,1.81445,6.3088,6.3088,0.907223,0.907223,1.81445,1.81445,0.907223,0.907223,1.81445,1.81445,0.907223,0.907223,0.907223,0.907223,0.907223,0.907223,1.06814,1.06814,1.06814,1.06814,40.1792,40.1792,40.1792,99.0984,99.0984,28.5012,40.1792,40.1792,28.5012,99.0984,99.0984,14.2506,14.2506,28.5012,28.5012,14.2506,14.2506,28.5012,28.5012,14.2506,14.2506,14.2506,14.2506,14.2506,14.2506,16.7783,16.7783,16.7783,16.7783,0,0,0,0,0,0,0,0,0,0,0,0,0,0,0,0,0,0,0,0,0,0,0,0,0,0,0,0,0,0,0,0,0,0,0,0,0,0,0,0,0,0,0,0,0,0,0,0,0,0,0,0,0,0,0,0,0,0,0,0,0,0,0,0,0,0,0,0,0,0,0,0,0,0,0,0,0,0,0,0,0,0,0,0,0,0,0,0,0,0,0,0,0,0,0,0,0,0,0,0,0,0,0,0,0,0,0,0,0,0,0,0,0,0,0,0,0,0.108304,-1.38421,-1.19274,-2.48506,0.924875,-0.950466,1.72016,-0.964583,0.208108,1.13845,-0.723979,0.625651,-0.736898,-0.288053,-1.1779,-1.52475,0.0835581,0.139365,-0.65116,-1.48145,-0.453423,-1.28038,0.001891,-0.564735,1.10949,-1.7487,2.35509,-0.76984,0.155222,-3.49799,-0.613939,1.15643,-0.956957,-0.35654,0.00103541,1.49484,-0.30857,-0.26926,-1.14687,-0.811161,-0.24768,0.399047,-0.087267,0.507186,0.274396,0.0912713,-0.416853,-0.889891,0.954422,0.2618,0.2618,0.0366467,-0.198861,0.486596,0.605629,-0.623044,-0.317521,0.57854,0.0103828,-0.0953894,-0.13028,0.703,-0.982644,-0.0200514,-0.184416,0.6,0,0,0.327646,0.200524,3
14.412,1.03743,2.71674,0.551409,-0.430495,1.27787,0.00472834,-1.38859,-1.07773,14.412,1.03743,2.71674,0.551409,-0.430495,1.27787,0.00472834,-1.38859,-1.07773,-1.2539,-0.0547903,-0.101245,1.00978,-0.368298,-0.184665,-1.19559,-0.869565,-0.364071,0.708201,-0.087267,0.652174,0.282155,0.0790696,-0.631655,-0.78332,0.70446,0.2618,0.2618,0.048406,-0.235515,0.465312,0.570496,-0.577967,-0.302937,0.544926,0.0231748,-0.120277,-0.118935,0,0,0,0,0,0,0,0,0,0,0,0,0,0,0,0,0,0,0,0,0,0,0,0,0,0,0,0,0,-1.64234,-0.11515,-0.0171626,1.90725,-0.503187,-0.271204,-0.967156,-0.993578,-0.108544,0.364345,-0.0781442,0.0885979,-0.185475,0.469217,-0.336589,-0.979413,1.17456,0.301422,0.224118,0.0605587,-0.128652,0.626961,0.19004,-0.442048,-0.463631,0.695319,0.00925561,-0.0439025,-0.14241,4.36805,-2.52708,-0.0750317,-6.1015,3.11802,0.243657,-3.20729,1.63099,-2.85222,0.518357,-0.15987,7.21185,-2.74617,-1.04352,0.248,-0.10319,-0.078548,0.312016,0.189158,-0.404432,-1.36315,-2.20284,1.42226,-0.298018,-1.05126,-0.160282,0.0657842,-0.505069,-0.0884008,16.6787,-3.41864,0.708315,-4.03336,-0.451062,-0.381581,1.08953,3.46112,1.11957,0.549153,0.121928,-0.473367,8.99885,-9.07423,-2.48171,1.46732,-3.11356,-1.74315,0.692143,0.0286557,0.221721,-0.00857877,4.70333,-2.30951,3.0773,-1.77418,-0.0513027,-0.323054,0.30329,0,0,0,0,0,0,0,0,0,0,0,0,0,0,0,0,0,0,0,0,0,0,0,0,0,0,0,0,0,2.55789,2.55789,2.55789,6.3088,6.3088,1.81445,2.55789,2.55789,1.81445,6.3088,6.3088,0.907223,0.907223,1.81445,1.81445,0.907223,0.907223,1.81445,1.81445,0.907223,0.907223,0.907223,0.907223,0.907223,0.907223,1.06814,1.06814,1.06814,1.06814,40.1792,40.1792,40.1792,99.0984,99.0984,28.5012,40.1792,40.1792,28.5012,99.0984,99.0984,14.2506,14.2506,28.5012,28.5012,14.2506,14.2506,28.5012,28.5012,14.2506,14.2506,14.2506,14.2506,14.2506,14.2506,16.7783,16.7783,16.7783,16.7783,0,0,0,0,0,0,0,0,0,0,0,0,0,0,0,0,0,0,0,0,0,0,0,0,0,0,0,0,0,0,0,0,0,0,0,0,0,0,0,0,0,0,0,0,0,0,0,0,0,0,0,0,0,0,0,0,0,0,0,0,0,0,0,0,0,0,0,0,0,0,0,0,0,0,0,0,0,0,0,0,0,0,0,0,0,0,0,0,0,0,0,0,0,0,0,0,0,0,0,0,0,0,0,0,0,0,0,0,0,0,0,0,0,0,0,0,0,0.00472834,-1.38859,-1.07773,-2.24207,0.844767,-1.44024,1.15022,-0.861802,0.180287,0.879376,-0.690726,0.643342,-0.287866,-0.739234,-1.72021,-1.61372,0.11037,0.311067,-0.100065,-1.58811,-0.536998,-1.61443,-0.184907,-0.830119,1.06096,-1.59643,0.971825,0.111792,-0.0151085,-4.09663,-0.421056,1.48702,-1.2539,-0.0547903,-0.101245,1.00978,-0.368298,-0.184665,-1.19559,-0.869565,-0.364071,0.708201,-0.087267,0.652174,0.282155,0.0790696,-0.631655,-0.78332,0.70446,0.2618,0.2618,0.048406,-0.235515,0.465312,0.570496,-0.577967,-0.302937,0.544926,0.0231748,-0.120277,-0.118935,0.709,-0.983446,-0.000856787,-0.181197,0.6,0,0,0.327646,0.200524,3
11.7011,-2.17393,1.99705,0.643177,-0.710104,1.70626,-0.156787,-1.39858,-0.901487,11.7011,-2.17393,1.99705,0.643177,-0.710104,1.70626,-0.156787,-1.39858,-0.901487,-2.09272,0.565515,-0.607473,1.21262,-0.228447,0.20838,-0.14192,-0.98059,0.194417,1.11908,-0.087267,0.224005,0.34769,-0.232163,-0.340491,-0.985035,0.957092,0.2618,-0.0406718,0.059005,-0.299773,0.171591,0.675588,-0.922467,-0.477279,0.597621,0.0121131,-0.0998929,-0.152197,0,0,0,0,0,0,0,0,0,0,0,0,0,0,0,0,0,0,0,0,0,0,0,0,0,0,0,0,0,-1.56017,-0.160532,-0.0250304,1.73147,-0.463141,-0.250716,-1.03862,-0.967544,-0.172683,0.423703,-0.0826134,0.239416,-0.231369,0.43966,-0.315489,-0.973275,1.15824,0.312038,0.223277,0.0566898,-0.160651,0.58476,0.225397,-0.446253,-0.478653,0.687809,0.0136332,-0.0565844,-0.141656,4.11313,-2.01161,-0.802385,-10.3037,1.59363,1.14378,-2.98379,1.09296,-3.68185,4.24597,-0.154594,7.26957,-2.07439,-2.02014,1.36077,0.574763,-1.32181,0.538784,-0.168104,-0.117017,-1.62095,-1.84788,2.04638,-0.132015,-0.517441,-0.574311,0.219922,-0.682483,0.0779673,2.56336,9.21908,-1.28104,-9.21552,-0.80571,-0.16346,2.40153,0.86954,0.73204,3.13198,0.255654,-0.631201,9.22596,-6.97629,-11.5704,2.26679,-5.31785,-2.44179,1.36558,-0.0139287,0.387612,-0.0146066,3.11423,-1.72655,3.04795,-1.7824,-0.0812851,-0.360323,0.304624,0,0,0,0,0,0,0,0,0,0,0,0,0,0,0,0,0,0,0,0,0,0,0,0,0,0,0,0,0,2.55789,2.55789,2.55789,6.3088,6.3088,1.81445,2.55789,2.55789,1.81445,6.3088,6.3088,0.907223,0.907223,1.81445,1.81445,0.907223,0.907223,1.81445,1.81445,0.907223,0.907223,0.907223,0.907223,0.907223,0.907223,1.06814,1.06814,1.06814,1.06814,40.1792,40.1792,40.1792,99.0984,99.0984,28.5012,40.1792,40.1792,28.5012,99.0984,99.0984,14.2506,14.2506,28.5012,28.5012,14.2506,14.2506,28.5012,28.5012,14.2506,14.2506,14.2506,14.2506,14.2506,14.2506,16.7783,16.7783,16.7783,16.7783,0,0,0,0,0,0,0,0,0,0,0,0,0,0,0,0,0,0,0,0,0,0,0,0,0,0,0,0,0,0,0,0,0,0,0,0,0,0,0,0,0,0,0,0,0,0,0,0,0,0,0,0,0,0,0,0,0,0,0,0,0,0,0,0,0,0,0,0,0,0,0,0,0,0,0,0,0,0,0,0,0,0,0,0,0,0,0,0,0,0,0,0,0,0,0,0,0,0,0,0,0,0,0,0,0,0,0,0,0,0,0,0,0,0,0,0,0,-0.156787,-1.39858,-0.901487,-2.702,1.08439,-0.776354,1.72625,-1.6473,-0.529354,0.960237,-1.08824,0.792768,-1.4608,-0.0319312,-3.25218,0.310622,0.134537,0.16259,1.03282,-1.79088,-0.683512,-1.34083,-1.10945,0.44329,0.391244,-2.04288,1.55027,1.28351,0.383711,-2.19583,0.475126,0.510754,-2.09272,0.565515,-0.607473,1.21262,-0.228447,0.20838,-0.14192,-0.98059,0.194417,1.11908,-0.087267,0.224005,0.34769,-0.232163,-0.340491,-0.985035,0.957092,0.2618,-0.0406718,0.059005,-0.299773,0.171591,0.675588,-0.922467,-0.477279,0.597621,0.0121131,-0.0998929,-0.152197,0.845,-0.985208,0.0267574,-0.169261,0.6,0,0,0.33107,0.205954,3
13.4117,6.84038,1.62357,1.3129,-1.69616,2.39801,-0.426594,-1.41072,-0.606187,13.4117,6.84038,1.62357,1.3129,-1.69616,2.39801,-0.426594,-1.41072,-0.606187,-1.57876,0.568456,-1.34465,0.963821,-0.271394,0.00116892,-0.268618,-0.943429,0.438261,0.421738,-0.087267,-0.0578529,0.335065,0.106494,-0.437607,-0.857095,0.850848,0.208069,0.0744677,0.0979639,-0.0255639,0.0364059,0.519907,-0.920135,-0.426711,0.595567,-0.00299491,-0.109391,-0.0759002,0,0,0,0,0,0,0,0,0,0,0,0,0,0,0,0,0,0,0,0,0,0,0,0,0,0,0,0,0,-1.50175,-0.178537,-0.0965686,1.57456,-0.400713,-0.142264,-1.00434,-0.891522,-0.234735,0.557539,-0.087217,0.291227,-0.269796,0.319625,-0.263616,-0.939546,1.10803,0.324061,0.184741,0.0503699,-0.183306,0.496164,0.28266,-0.458755,-0.495692,0.68,0.0139727,-0.0671174,-0.143316,2.066,0.208404,-4.80383,-6.10724,2.83989,5.9097,4.22639,5.48388,-2.19735,7.82833,-0.0567944,0.186456,-1.78194,-8.28978,3.51531,2.08215,-2.91928,-0.0529569,-2.68265,-0.196693,-1.20136,-5.0495,3.33159,-1.02286,-1.02369,-0.0970291,-0.018433,-0.380107,-0.147642,-29.168,30.0481,-8.64946,3.0381,-0.850725,-0.709953,24.8858,-16.6709,16.4553,8.17644,0.510453,-1.34165,10.4004,-1.60069,-8.13646,-2.4745,0.439738,-2.0045,-1.82084,0.340961,-0.64373,-0.133443,2.70485,-5.77096,1.1706,-1.20148,-0.00975306,-0.118611,0.00205984,0,0,0,0,0,0,0,0,0,0,0,0,0,0,0,0,0,0,0,0,0,0,0,0,0,0,0,0,0,2.55789,2.55789,2.55789,6.3088,6.3088,1.81445,2.55789,2.55789,1.81445,6.3088,6.3088,0.907223,0.907223,1.81445,1.81445,0.907223,0.907223,1.81445,1.81445,0.907223,0.907223,0.907223,0.907223,0.907223,0.907223,1.06814,1.06814,1.06814,1.06814,40.1792,40.1792,40.1792,99.0984,99.0984,28.5012,40.1792,40.1792,28.5012,99.0984,99.0984,14.2506,14.2506,28.5012,28.5012,14.2506,14.2506,28.5012,28.5012,14.2506,14.2506,14.2506,14.2506,14.2506,14.2506,16.7783,16.7783,16.7783,16.7783,0,0,0,0,0,0,0,0,0,0,0,0,0,0,0,0,0,0,0,0,0,0,0,0,0,0,0,0,0,0,0,0,0,0,0,0,0,0,0,0,0,0,0,0,0,0,0,0,0,0,0,0,0,0,0,0,0,0,0,0,0,0,0,0,0,0,0,0,0,0,0,0,0,0,0,0,0,0,0,0,0,0,0,0,0,0,0,0,0,0,0,0,0,0,0,0,0,0,0,0,0,0,0,0,0,0,0,0,0,0,0,0,0,0,0,0,0,-0.426594,-1.41072,-0.606187,-2.41028,0.729421,-0.997788,1.484,-1.64198,0.242817,0.474417,-0.972944,0.76398,-1.19827,-0.0595027,-2.31353,0.0792292,0.223367,-0.0401996,1.03819,-1.72301,-0.0582882,-1.46832,-2.45577,0.999278,0.083009,-1.01878,0.840756,-0.705131,0.261237,-2.00533,0.00266525,-0.13191,-1.57876,0.568456,-1.34465,0.963821,-0.271394,0.00116892,-0.268618,-0.943429,0.438261,0.421738,-0.087267,-0.0578529,0.335065,0.106494,-0.437607,-0.857095,0.850848,0.208069,0.0744677,0.0979639,-0.0255639,0.0364059,0.519907,-0.920135,-0.426711,0.595567,-0.00299491,-0.109391,-0.0759002,0.763,-0.987214,0.0659541,-0.145112,0.6,0,0,0.308051,0.189087,3
7.30762,-1.88066,-0.810926,0.861508,-1.50599,1.54224,-0.713105,-1.41533,-0.293883,7.30762,-1.88066,-0.810926,0.861508,-1.50599,1.54224,-0.713105,-1.41533,-0.293883,-1.62569,0.714493,-1.1479,0.766797,-0.484041,-0.0489244,-0.482427,-1.07284,0.344705,0.274018,-0.087267,0.0359741,0.290591,0.193615,-0.786359,-0.906293,0.773421,0.160289,0.2618,0.153926,0.150316,0.14508,0.532901,-0.8865,-0.433471,0.592369,-3.72811e-05,-0.118057,-0.0841638,0,0,0,0,0,0,0,0,0,0,0,0,0,0,0,0,0,0,0,0,0,0,0,0,0,0,0,0,0,-1.43067,-0.168039,-0.221388,1.43453,-0.363843,-0.0959889,-0.880119,-0.754678,-0.222306,0.607191,-0.0826886,0.234433,-0.304308,0.160678,-0.212915,-0.906261,1.07067,0.309041,0.134296,0.0615475,-0.166274,0.380879,0.328519,-0.481619,-0.507549,0.692039,0.0104442,-0.0716449,-0.130262,4.36266,0.663919,-7.22817,-7.55644,1.50734,1.31106,6.58329,7.27611,2.86222,-0.676835,0.064058,-4.14371,-1.50717,-7.19667,2.13524,1.28221,-1.10462,-1.24381,-2.05448,0.704936,1.63407,-5.7358,1.5678,-1.20252,-0.164921,0.958365,-0.19524,-0.0605923,0.871206,-16.6056,28.0481,-27.5827,-0.5787,-0.406402,0.393374,8.04526,-25.7254,14.477,-16.5422,-1.00515,-0.585637,10.5043,11.4604,-10.1598,-0.49345,-2.0478,-0.814984,2.09565,-0.112261,0.59724,0.224445,1.24565,-5.20504,1.37957,-2.56522,-0.017388,-0.53706,0.00142564,0,0,0,0,0,0,0,0,0,0,0,0,0,0,0,0,0,0,0,0,0,0,0,0,0,0,0,0,0,2.55789,2.55789,2.55789,6.3088,6.3088,1.81445,2.55789,2.55789,1.81445,6.3088,6.3088,0.907223,0.907223,1.81445,1.81445,0.907223,0.907223,1.81445,1.81445,0.907223,0.907223,0.907223,0.907223,0.907223,0.907223,1.06814,1.06814,1.06814,1.06814,40.1792,40.1792,40.1792,99.0984,99.0984,28.5012,40.1792,40.1792,28.5012,99.0984,99.0984,14.2506,14.2506,28.5012,28.5012,14.2506,14.2506,28.5012,28.5012,14.2506,14.2506,14.2506,14.2506,14.2506,14.2506,16.7783,16.7783,16.7783,16.7783,0,0,0,0,0,0,0,0,0,0,0,0,0,0,0,0,0,0,0,0,0,0,0,0,0,0,0,0,0,0,0,0,0,0,0,0,0,0,0,0,0,0,0,0,0,0,0,0,0,0,0,0,0,0,0,0,0,0,0,0,0,0,0,0,0,0,0,0,0,0,0,0,0,0,0,0,0,0,0,0,0,0,0,0,0,0,0,0,0,0,0,0,0,0,0,0,0,0,0,0,0,0,0,0,0,0,0,0,0,0,0,0,0,0,0,0,0,-0.713105,-1.41533,-0.293883,-2.52246,0.759048,-1.79298,1.30746,-1.56529,0.441462,0.365474,-0.988358,0.662577,-0.723732,-0.102427,-2.39924,-0.311256,0.350967,-0.000500411,1.3049,-1.95937,0.342735,-1.58464,-2.09645,0.785961,0.330798,-1.1297,0.278893,-1.12639,-0.34518,-1.64104,-0.111553,0.0820246,-1.62569,0.714493,-1.1479,0.766797,-0.484041,-0.0489244,-0.482427,-1.07284,0.344705,0.274018,-0.087267,0.0359741,0.290591,0.193615,-0.786359,-0.906293,0.773421,0.160289,0.2618,0.153926,0.150316,0.14508,0.532901,-0.8865,-0.433471,0.592369,-3.72811e-05,-0.118057,-0.0841638,0.64,-0.987939,0.101297,-0.117115,0.6,0,0,0.308051,0.189087,3
13.5975,-7.9744,-1.53976,0.270996,-1.22033,1.31948,-0.957553,-1.41314,-0.0373238,13.5975,-7.9744,-1.53976,0.270996,-1.22033,1.31948,-0.957553,-1.41314,-0.0373238,-1.21656,0.913278,-1.07803,0.405468,-0.614201,-0.263461,-0.529158,-1.09281,0.52,-0.0214834,-0.087267,-0.0984771,0.255817,0.0161374,-0.530484,-1.01424,0.823916,0.201857,0.0215417,0.153131,0.330135,0.129001,0.732964,-1.02971,-0.514616,0.618678,-0.0159725,-0.111698,-0.107738,0,0,0,0,0,0,0,0,0,0,0,0,0,0,0,0,0,0,0,0,0,0,0,0,0,0,0,0,0,-1.33982,-0.138283,-0.339812,1.26267,-0.39205,-0.0835675,-0.776263,-0.647477,-0.142806,0.557306,-0.0818078,0.171628,-0.33365,0.0625534,-0.177634,-0.905155,1.06227,0.270791,0.125837,0.0892374,-0.112943,0.303636,0.354686,-0.49665,-0.507642,0.706942,0.00783413,-0.0741609,-0.117153,4.08896,2.10585,-5.00582,-8.8642,-1.47674,0.389671,4.05577,3.7477,4.16972,-3.41192,-0.0292929,-2.43731,-1.41995,-3.36302,1.72447,-0.197098,0.134551,-1.55857,0.329909,1.28993,3.1853,-2.93554,1.40932,-0.381364,0.039898,0.225456,-0.102227,-0.230655,0.528629,-22.0241,29.3197,-19.795,5.59651,0.18425,0.274755,1.27196,-27.1532,6.4769,-7.84142,-0.423723,0.307744,10.2057,10.0555,-20.4895,0.277127,-4.00555,0.0955414,3.26913,-0.29712,0.99752,0.458727,1.30813,-5.18803,1.05202,-2.34472,-0.0206407,-0.529335,-0.00904681,0,0,0,0,0,0,0,0,0,0,0,0,0,0,0,0,0,0,0,0,0,0,0,0,0,0,0,0,0,2.55789,2.55789,2.55789,6.3088,6.3088,1.81445,2.55789,2.55789,1.81445,6.3088,6.3088,0.907223,0.907223,1.81445,1.81445,0.907223,0.907223,1.81445,1.81445,0.907223,0.907223,0.907223,0.907223,0.907223,0.907223,1.06814,1.06814,1.06814,1.06814,40.1792,40.1792,40.1792,99.0984,99.0984,28.5012,40.1792,40.1792,28.5012,99.0984,99.0984,14.2506,14.2506,28.5012,28.5012,14.2506,14.2506,28.5012,28.5012,14.2506,14.2506,14.2506,14.2506,14.2506,14.2506,16.7783,16.7783,16.7783,16.7783,0,0,0,0,0,0,0,0,0,0,0,0,0,0,0,0,0,0,0,0,0,0,0,0,0,0,0,0,0,0,0,0,0,0,0,0,0,0,0,0,0,0,0,0,0,0,0,0,0,0,0,0,0,0,0,0,0,0,0,0,0,0,0,0,0,0,0,0,0,0,0,0,0,0,0,0,0,0,0,0,0,0,0,0,0,0,0,0,0,0,0,0,0,0,0,0,0,0,0,0,0,0,0,0,0,0,0,0,0,0,0,0,0,0,0,0,0,-0.957553,-1.41314,-0.0373238,-2.76859,1.21521,-1.20956,1.42259,-1.89181,0.0367949,0.460253,-1.17338,0.583289,-1.31894,0.25071,-1.65202,-0.396601,0.349154,-0.214393,1.66795,-1.99582,0.75274,-1.49928,-1.96883,1.42741,0.294136,-1.44613,-0.751528,-1.96909,-0.716362,-0.970465,-0.600718,-0.224538,-1.21656,0.913278,-1.07803,0.405468,-0.614201,-0.263461,-0.529158,-1.09281,0.52,-0.0214834,-0.087267,-0.0984771,0.255817,0.0161374,-0.530484,-1.01424,0.823916,0.201857,0.0215417,0.153131,0.330135,0.129001,0.732964,-1.02971,-0.514616,0.618678,-0.0159725,-0.111698,-0.107738,0.627,-0.987598,0.128395,-0.0903591,0.6,0,0,0.262264,0.157681,3
7.69803,-3.75968,-1.07119,0.0260649,-0.16883,0.810152,-1.07657,-1.40272,0.0858027,7.69803,-3.75968,-1.07119,0.0260649,-0.16883,0.810152,-1.07657,-1.40272,0.0858027,-1.18445,0.481872,-0.479025,0.267771,-0.56028,-0.37512,-0.313053,-0.629561,0.239509,0.140186,-0.087267,0.03558,0.14831,-0.0574944,-0.432461,-0.801286,0.633745,0.221903,0.198584,0.169061,0.519494,0.265763,0.795609,-0.738771,-0.37125,0.609355,-0.0030337,-0.115352,-0.118427,0,0,0,0,0,0,0,0,0,0,0,0,0,0,0,0,0,0,0,0,0,0,0,0,0,0,0,0,0,-1.25751,-0.0745719,-0.423943,1.04935,-0.449259,-0.125591,-0.701968,-0.594144,-0.0452417,0.442793,-0.0809699,0.108152,-0.359774,0.0208364,-0.154131,-0.902801,1.0824,0.263452,0.0995144,0.108323,-0.00399202,0.253033,0.383316,-0.505905,-0.499117,0.70281,0.00196782,-0.0809331,-0.111009,4.25528,3.89676,-3.8218,-11.3988,-2.65909,-2.47209,3.78067,1.84965,5.2547,-6.82058,-0.0541662,-3.39606,-1.32905,-1.45858,0.640829,-0.0924994,1.39895,0.0961677,-1.67926,0.763037,5.60863,-2.1168,1.52746,-0.622421,0.637142,-0.411486,-0.263369,-0.328753,0.168547,-8.87291,30.3212,-16.7487,6.1443,0.388064,0.551011,-2.3597,-25.0795,6.9155,-4.67393,-0.378636,0.0739673,9.92726,2.57062,-12.0354,-1.58351,-4.88133,-1.8407,0.823905,-0.0557102,-0.30827,0.176607,3.86672,-7.08,-0.352034,-1.23856,0.0712543,-0.10644,-0.252519,0,0,0,0,0,0,0,0,0,0,0,0,0,0,0,0,0,0,0,0,0,0,0,0,0,0,0,0,0,2.55789,2.55789,2.55789,6.3088,6.3088,1.81445,2.55789,2.55789,1.81445,6.3088,6.3088,0.907223,0.907223,1.81445,1.81445,0.907223,0.907223,1.81445,1.81445,0.907223,0.907223,0.907223,0.907223,0.907223,0.907223,1.06814,1.06814,1.06814,1.06814,40.1792,40.1792,40.1792,99.0984,99.0984,28.5012,40.1792,40.1792,28.5012,99.0984,99.0984,14.2506,14.2506,28.5012,28.5012,14.2506,14.2506,28.5012,28.5012,14.2506,14.2506,14.2506,14.2506,14.2506,14.2506,16.7783,16.7783,16.7783,16.7783,0,0,0,0,0,0,0,0,0,0,0,0,0,0,0,0,0,0,0,0,0,0,0,0,0,0,0,0,0,0,0,0,0,0,0,0,0,0,0,0,0,0,0,0,0,0,0,0,0,0,0,0,0,0,0,0,0,0,0,0,0,0,0,0,0,0,0,0,0,0,0,0,0,0,0,0,0,0,0,0,0,0,0,0,0,0,0,0,0,0,0,0,0,0,0,0,0,0,0,0,0,0,0,0,0,0,0,0,0,0,0,0,0,0,0,0,0,-1.07657,-1.40272,0.0858027,-2.28303,1.35805,-0.986054,0.988981,-1.22845,-0.131093,0.50596,-0.846487,0.338163,-0.915268,0.12557,-1.59338,-0.00192232,0.385476,-0.0407203,0.880057,-1.14979,1.1845,-1.54833,-0.874858,0.546103,0.605966,-1.58961,-1.1442,-1.50805,-0.562593,-0.31349,-0.855311,0.081126,-1.18445,0.481872,-0.479025,0.267771,-0.56028,-0.37512,-0.313053,-0.629561,0.239509,0.140186,-0.087267,0.03558,0.14831,-0.0574944,-0.432461,-0.801286,0.633745,0.221903,0.198584,0.169061,0.519494,0.265763,0.795609,-0.738771,-0.37125,0.609355,-0.0030337,-0.115352,-0.118427,0.679,-0.985908,0.14727,-0.0793522,0.6,0,0,0.262264,0.157681,3
10.5434,1.6435,0.326062,0.353151,-0.129119,1.00585,-1.12854,-1.38776,0.142271,10.5434,1.6435,0.326062,0.353151,-0.129119,1.00585,-1.12854,-1.38776,0.142271,-0.696708,0.537887,-0.255957,0.243793,-0.252635,-0.52,-0.256922,-0.580193,0.493019,-0.087267,-0.087267,-0.0523617,0.0676168,0.112991,-0.2086,-0.848922,0.897997,0.2618,-0.134444,0.13453,0.512104,0.0886375,0.826812,-0.942905,-0.448771,0.619431,-0.0226172,-0.0888749,-0.121307,0,0,0,0,0,0,0,0,0,0,0,0,0,0,0,0,0,0,0,0,0,0,0,0,0,0,0,0,0,-1.18307,0.0201328,-0.461408,0.825458,-0.479837,-0.189156,-0.619862,-0.574192,0.040704,0.332789,-0.0842206,0.0711398,-0.382362,-0.0150996,-0.143233,-0.909647,1.09733,0.271026,0.0881223,0.127569,0.113582,0.247177,0.416131,-0.517274,-0.495602,0.694108,8.03881e-05,-0.0880312,-0.1127,3.12177,5.18,-0.356257,-10.4551,-1.28874,-3.0838,4.43147,0.519333,3.43187,-4.36882,-0.130186,-0.967601,-0.963504,-2.24168,0.612556,-0.392597,0.0529219,0.64892,0.283987,0.882442,5.87152,0.425447,1.9847,-0.656378,0.298072,-0.645453,0.059618,-0.26155,-0.330333,-8.1453,5.80129,0.806652,10.2799,0.137084,0.273116,1.53552,-3.71676,-0.667747,8.98039,0.546946,0.440358,8.44476,2.55099,-9.27859,1.91114,-6.77814,-2.43699,2.914,-0.216029,0.57068,-0.0655639,3.99449,-2.77422,2.07097,-1.0782,-0.00697319,-0.113509,0.0941232,0,0,0,0,0,0,0,0,0,0,0,0,0,0,0,0,0,0,0,0,0,0,0,0,0,0,0,0,0,2.55789,2.55789,2.55789,6.3088,6.3088,1.81445,2.55789,2.55789,1.81445,6.3088,6.3088,0.907223,0.907223,1.81445,1.81445,0.907223,0.907223,1.81445,1.81445,0.907223,0.907223,0.907223,0.907223,0.907223,0.907223,1.06814,1.06814,1.06814,1.06814,40.1792,40.1792,40.1792,99.0984,99.0984,28.5012,40.1792,40.1792,28.5012,99.0984,99.0984,14.2506,14.2506,28.5012,28.5012,14.2506,14.2506,28.5012,28.5012,14.2506,14.2506,14.2506,14.2506,14.2506,14.2506,16.7783,16.7783,16.7783,16.7783,0,0,0,0,0,0,0,0,0,0,0,0,0,0,0,0,0,0,0,0,0,0,0,0,0,0,0,0,0,0,0,0,0,0,0,0,0,0,0,0,0,0,0,0,0,0,0,0,0,0,0,0,0,0,0,0,0,0,0,0,0,0,0,0,0,0,0,0,0,0,0,0,0,0,0,0,0,0,0,0,0,0,0,0,0,0,0,0,0,0,0,0,0,0,0,0,0,0,0,0,0,0,0,0,0,0,0,0,0,0,0,0,0,0,0,0,0,-1.12854,-1.38776,0.142271,-2.39165,1.42919,-0.475629,1.5915,-1.6939,0.257631,0.792105,-1.02324,0.154173,-1.67461,0.260813,-0.702604,0.100591,0.306742,-0.303583,0.982358,-1.05962,1.16765,-1.19294,-0.467462,1.12413,0.202102,-1.62827,-1.21259,-2.27041,0.314735,0.489689,-1.27325,-0.11939,-0.696708,0.537887,-0.255957,0.243793,-0.252635,-0.52,-0.256922,-0.580193,0.493019,-0.087267,-0.087267,-0.0523617,0.0676168,0.112991,-0.2086,-0.848922,0.897997,0.2618,-0.134444,0.13453,0.512104,0.0886375,0.826812,-0.942905,-0.448771,0.619431,-0.0226172,-0.0888749,-0.121307,1,-0.983295,0.164508,-0.0779006,0.6,0,0,0.230386,0.137236,3
9.22914,-2.7021,0.668766,0.177731,0.198996,0.776863,-1.15173,-1.37169,0.171148,9.22914,-2.7021,0.668766,0.177731,0.198996,0.776863,-1.15173,-1.37169,0.171148,-0.355511,0.561345,-0.0981428,0.592836,0.070671,-0.52,-0.537007,-0.92045,0.50158,-0.087267,-0.087267,-0.199059,-0.0375552,0.345461,-0.320603,-0.685732,0.797535,0.2618,0.0375015,0.128251,0.496039,-0.156951,0.655572,-0.918433,-0.442974,0.622128,-0.0260625,-0.0462821,-0.106603,0,0,0,0,0,0,0,0,0,0,0,0,0,0,0,0,0,0,0,0,0,0,0,0,0,0,0,0,0,-1.11806,0.130235,-0.425314,0.636663,-0.424541,-0.272708,-0.519384,-0.570177,0.141103,0.230209,-0.0845933,0.0422987,-0.400668,-0.0499227,-0.144662,-0.901254,1.10512,0.294735,0.05533,0.131899,0.240191,0.219401,0.447981,-0.529576,-0.493087,0.688825,-0.00529574,-0.0883575,-0.115,3.38212,5.46343,2.95325,-8.25841,2.693,-3.37964,5.19057,-0.223625,5.92096,-5.35563,-0.0570914,-1.66033,-0.980468,-1.28561,-0.444803,0.82181,0.706097,1.11508,-2.46573,0.0842692,5.56662,-1.86315,1.53612,-0.691392,0.2471,-0.0882352,-0.296045,0.113173,-0.0578908,8.52841,2.6506,-0.214749,13.404,-0.0108111,0.48558,-2.41064,-0.169192,-0.279752,1.65288,0.0449356,0.113669,7.51619,7.07694,-1.05417,0.0559793,-3.54284,-3.035,-1.15631,-0.0259768,-1.25836,-0.201572,3.945,-5.2208,0.188602,-0.886438,-0.0502196,-0.167944,0.0571927,0,0,0,0,0,0,0,0,0,0,0,0,0,0,0,0,0,0,0,0,0,0,0,0,0,0,0,0,0,2.55789,2.55789,2.55789,6.3088,6.3088,1.81445,2.55789,2.55789,1.81445,6.3088,6.3088,0.907223,0.907223,1.81445,1.81445,0.907223,0.907223,1.81445,1.81445,0.907223,0.907223,0.907223,0.907223,0.907223,0.907223,1.06814,1.06814,1.06814,1.06814,40.1792,40.1792,40.1792,99.0984,99.0984,28.5012,40.1792,40.1792,28.5012,99.0984,99.0984,14.2506,14.2506,28.5012,28.5012,14.2506,14.2506,28.5012,28.5012,14.2506,14.2506,14.2506,14.2506,14.2506,14.2506,16.7783,16.7783,16.7783,16.7783,0,0,0,0,0,0,0,0,0,0,0,0,0,0,0,0,0,0,0,0,0,0,0,0,0,0,0,0,0,0,0,0,0,0,0,0,0,0,0,0,0,0,0,0,0,0,0,0,0,0,0,0,0,0,0,0,0,0,0,0,0,0,0,0,0,0,0,0,0,0,0,0,0,0,0,0,0,0,0,0,0,0,0,0,0,0,0,0,0,0,0,0,0,0,0,0,0,0,0,0,0,0,0,0,0,0,0,0,0,0,0,0,0,0,0,0,0,-1.15173,-1.37169,0.171148,-2.01956,1.03875,-0.731007,1.36244,-1.6381,0.787686,0.696892,-1.01002,-0.0856297,-1.28255,0.297017,-0.0794657,-0.410936,0.292425,-0.349828,1.0252,-1.68104,1.13102,-0.621229,-0.179241,1.14365,-0.357864,-1.4309,-0.217202,-2.88269,1.23672,0.398523,-1.76372,-0.453874,-0.355511,0.561345,-0.0981428,0.592836,0.070671,-0.52,-0.537007,-0.92045,0.50158,-0.087267,-0.087267,-0.199059,-0.0375552,0.345461,-0.320603,-0.685732,0.797535,0.2618,0.0375015,0.128251,0.496039,-0.156951,0.655572,-0.918433,-0.442974,0.622128,-0.0260625,-0.0462821,-0.106603,0.705,-0.980244,0.180678,-0.0804844,0.6,0,0,0.231633,0.134773,3
12.4622,-3.92253,2.76513,-0.145653,0.388408,0.188793,-1.13428,-1.36003,0.152996,12.4622,-3.92253,2.76513,-0.145653,0.388408,0.188793,-1.13428,-1.36003,0.152996,-0.321113,0.237565,0.031178,1.26032,0.238681,-0.52,-0.771384,-0.838666,0.293074,-0.087267,-0.087267,-0.247817,-0.149682,0.473826,-0.296862,-0.67019,0.753676,0.2618,0.0327167,0.0974319,0.270184,-0.124294,0.549946,-0.664373,-0.288373,0.61192,-0.0240242,-0.0593263,-0.0722482,0,0,0,0,0,0,0,0,0,0,0,0,0,0,0,0,0,0,0,0,0,0,0,0,0,0,0,0,0,-1.04569,0.223748,-0.342832,0.548707,-0.299445,-0.292674,-0.456934,-0.619307,0.250385,0.140962,-0.0853509,-0.0120621,-0.43179,-0.0376879,-0.168731,-0.882322,1.13362,0.318993,0.0251537,0.136037,0.31214,0.138263,0.468871,-0.543067,-0.485218,0.690483,-0.011253,-0.076534,-0.112374,3.93459,4.00769,4.43607,-1.86431,5.80222,-0.0456465,1.43234,-4.04976,4.89257,-3.91627,-0.0248769,-3.05724,-1.99776,1.95901,-1.43427,1.22733,1.77768,1.10786,-0.854304,0.187318,2.72382,-4.51003,0.574823,-0.584474,0.223237,0.426227,-0.313586,0.716463,0.260009,18.1507,3.27768,-1.28455,18.0285,0.144268,-6.21524,-7.5539,-2.69845,-1.68185,1.85499,-0.0365118,0.0441143,7.30864,7.84659,-1.71829,1.80228,-6.35417,-3.6584,2.0403,-0.285884,0.139195,-0.166029,2.02596,-4.77818,0.24078,-1.44269,0.0800756,-0.228624,-0.157541,0,0,0,0,0,0,0,0,0,0,0,0,0,0,0,0,0,0,0,0,0,0,0,0,0,0,0,0,0,2.55789,2.55789,2.55789,6.3088,6.3088,1.81445,2.55789,2.55789,1.81445,6.3088,6.3088,0.907223,0.907223,1.81445,1.81445,0.907223,0.907223,1.81445,1.81445,0.907223,0.907223,0.907223,0.907223,0.907223,0.907223,1.06814,1.06814,1.06814,1.06814,40.1792,40.1792,40.1792,99.0984,99.0984,28.5012,40.1792,40.1792,28.5012,99.0984,99.0984,14.2506,14.2506,28.5012,28.5012,14.2506,14.2506,28.5012,28.5012,14.2506,14.2506,14.2506,14.2506,14.2506,14.2506,16.7783,16.7783,16.7783,16.7783,0,0,0,0,0,0,0,0,0,0,0,0,0,0,0,0,0,0,0,0,0,0,0,0,0,0,0,0,0,0,0,0,0,0,0,0,0,0,0,0,0,0,0,0,0,0,0,0,0,0,0,0,0,0,0,0,0,0,0,0,0,0,0,0,0,0,0,0,0,0,0,0,0,0,0,0,0,0,0,0,0,0,0,0,0,0,0,0,0,0,0,0,0,0,0,0,0,0,0,0,0,0,0,0,0,0,0,0,0,0,0,0,0,0,0,0,0,-1.13428,-1.36003,0.152996,-1.98412,0.797911,-0.676874,1.26244,-1.05882,1.08037,0.830377,-0.657519,-0.34129,-1.29346,0.159996,-0.0166434,-0.838986,0.222155,-0.322469,0.433872,-1.53168,0.616047,-0.796316,0.0569414,0.668239,-0.283403,-0.969764,1.68631,-2.80348,1.71585,-0.259402,-1.2137,-0.565048,-0.321113,0.237565,0.031178,1.26032,0.238681,-0.52,-0.771384,-0.838666,0.293074,-0.087267,-0.087267,-0.247817,-0.149682,0.473826,-0.296862,-0.67019,0.753676,0.2618,0.0327167,0.0974319,0.270184,-0.124294,0.549946,-0.664373,-0.288373,0.61192,-0.0240242,-0.0593263,-0.0722482,0.531,-0.977871,0.18959,-0.0884509,0.6,0,0,0.231633,0.134773,3
9.4135,-3.07946,2.91232,-0.242482,0.10324,0.0347982,-1.12697,-1.35631,0.141669,9.4135,-3.07946,2.91232,-0.242482,0.10324,0.0347982,-1.12697,-1.35631,0.141669,0.14153,0.197124,-0.216953,1.70634,0.376723,-0.358821,-1.22107,-0.827789,0.237034,-0.087267,-0.087267,-0.322353,-0.204694,0.5236,-0.190592,-0.765969,0.784783,0.2618,-0.0870908,0.0240287,-0.0219705,-0.0330553,0.45136,-0.56229,-0.209144,0.606038,-0.0280529,-0.0648946,-0.0544253,0,0,0,0,0,0,0,0,0,0,0,0,0,0,0,0,0,0,0,0,0,0,0,0,0,0,0,0,0,-0.986346,0.279296,-0.266197,0.638655,-0.160831,-0.288972,-0.472279,-0.726107,0.309189,0.0760092,-0.0855433,-0.0749998,-0.483924,0.0195214,-0.192461,-0.850982,1.16217,0.339387,0.021075,0.131332,0.317459,0.0675611,0.479093,-0.552275,-0.475306,0.700015,-0.0143468,-0.0642169,-0.105589,2.96821,2.05057,3.63353,7.64309,6.34946,0.241645,-2.25691,-6.06514,1.91474,-2.82939,-0.00579858,-3.00955,-3.00742,3.45468,-1.25747,1.80247,1.12376,0.943343,-0.0947383,-0.281804,-0.67096,-2.90255,0.325358,-0.345093,0.815545,0.58239,-0.155939,0.493331,0.423926,19.6816,-7.04688,2.90545,16.495,-0.295182,-7.0121,-7.07119,10.2937,-4.04566,1.5358,-0.143333,0.240954,7.35188,7.02889,-0.795021,1.02581,-6.87787,-3.93129,0.483291,-0.223903,-0.127839,-0.0844458,0.610984,-1.2311,1.88217,-1.97935,-0.00726143,-0.445712,0.140166,0,0,0,0,0,0,0,0,0,0,0,0,0,0,0,0,0,0,0,0,0,0,0,0,0,0,0,0,0,2.55789,2.55789,2.55789,6.3088,6.3088,1.81445,2.55789,2.55789,1.81445,6.3088,6.3088,0.907223,0.907223,1.81445,1.81445,0.907223,0.907223,1.81445,1.81445,0.907223,0.907223,0.907223,0.907223,0.907223,0.907223,1.06814,1.06814,1.06814,1.06814,40.1792,40.1792,40.1792,99.0984,99.0984,28.5012,40.1792,40.1792,28.5012,99.0984,99.0984,14.2506,14.2506,28.5012,28.5012,14.2506,14.2506,28.5012,28.5012,14.2506,14.2506,14.2506,14.2506,14.2506,14.2506,16.7783,16.7783,16.7783,16.7783,0,0,0,0,0,0,0,0,0,0,0,0,0,0,0,0,0,0,0,0,0,0,0,0,0,0,0,0,0,0,0,0,0,0,0,0,0,0,0,0,0,0,0,0,0,0,0,0,0,0,0,0,0,0,0,0,0,0,0,0,0,0,0,0,0,0,0,0,0,0,0,0,0,0,0,0,0,0,0,0,0,0,0,0,0,0,0,0,0,0,0,0,0,0,0,0,0,0,0,0,0,0,0,0,0,0,0,0,0,0,0,0,0,0,0,0,0,-1.12697,-1.35631,0.141669,-2.20251,0.573126,-0.434569,1.33336,-0.826056,1.30381,0.964801,-0.476868,-0.466722,-1.56664,0.0810473,0.828295,-1.66026,0.0547878,-0.376544,0.360013,-1.51182,-0.050095,-0.871058,-0.396228,0.54046,-0.0753694,-0.730532,2.95824,-3.62514,2.10951,-0.428559,-0.818147,-0.734998,0.14153,0.197124,-0.216953,1.70634,0.376723,-0.358821,-1.22107,-0.827789,0.237034,-0.087267,-0.087267,-0.322353,-0.204694,0.5236,-0.190592,-0.765969,0.784783,0.2618,-0.0870908,0.0240287,-0.0219705,-0.0330553,0.45136,-0.56229,-0.209144,0.606038,-0.0280529,-0.0648946,-0.0544253,0.528,-0.977085,0.192228,-0.0913963,0.6,0,0,0.24214,0.137675,3
10.5448,-2.36369,2.23017,-0.282806,-0.0414807,-0.0839501,-1.12835,-1.35654,0.137416,10.5448,-2.36369,2.23017,-0.282806,-0.0414807,-0.0839501,-1.12835,-1.35654,0.137416,-0.270697,-0.564165,0.427238,1.39654,0.130812,-0.382567,-1.21462,0.0476489,0.0792435,-0.087267,-0.087267,-0.116257,-0.187839,0.29688,-0.460046,-0.986362,1.11521,0.2618,-0.0192087,0.0844016,-0.0849639,0.245908,0.586698,-0.405356,-0.041079,0.642709,-0.0232765,-0.0909363,-0.101209,0,0,0,0,0,0,0,0,0,0,0,0,0,0,0,0,0,0,0,0,0,0,0,0,0,0,0,0,0,-0.906157,0.299183,-0.226186,0.853279,-0.0199599,-0.282095,-0.579237,-0.847651,0.336654,0.0334635,-0.0850867,-0.139459,-0.570135,0.0986696,-0.224463,-0.81062,1.17471,0.357224,0.0128901,0.109015,0.257214,0.0381491,0.479112,-0.554669,-0.453044,0.712624,-0.0171934,-0.0551437,-0.0963966,5.3614,0.341574,1.3721,11.9174,6.37997,0.362562,-7.318,-5.7505,0.92086,-1.89684,0.01374,-3.15863,-5.22493,3.99179,-1.95489,2.08277,0.217331,0.740388,-0.830528,-1.19164,-3.87838,-0.874074,-0.0389328,-0.0247951,1.62158,0.412444,-0.12483,0.410691,0.44315,29.687,-5.22395,-3.05762,11.6568,-0.79909,-2.83928,-8.34288,15.3935,-4.64988,-0.357232,-0.340828,0.224573,9.67554,4.96802,4.29313,-1.2081,-5.83169,-4.13142,-1.53724,-0.131879,-0.587038,-0.200104,-0.430418,-0.0394534,2.0232,-2.15445,-0.0933727,-0.655264,0.298645,0,0,0,0,0,0,0,0,0,0,0,0,0,0,0,0,0,0,0,0,0,0,0,0,0,0,0,0,0,2.55789,2.55789,2.55789,6.3088,6.3088,1.81445,2.55789,2.55789,1.81445,6.3088,6.3088,0.907223,0.907223,1.81445,1.81445,0.907223,0.907223,1.81445,1.81445,0.907223,0.907223,0.907223,0.907223,0.907223,0.907223,1.06814,1.06814,1.06814,1.06814,40.1792,40.1792,40.1792,99.0984,99.0984,28.5012,40.1792,40.1792,28.5012,99.0984,99.0984,14.2506,14.2506,28.5012,28.5012,14.2506,14.2506,28.5012,28.5012,14.2506,14.2506,14.2506,14.2506,14.2506,14.2506,16.7783,16.7783,16.7783,16.7783,0,0,0,0,0,0,0,0,0,0,0,0,0,0,0,0,0,0,0,0,0,0,0,0,0,0,0,0,0,0,0,0,0,0,0,0,0,0,0,0,0,0,0,0,0,0,0,0,0,0,0,0,0,0,0,0,0,0,0,0,0,0,0,0,0,0,0,0,0,0,0,0,0,0,0,0,0,0,0,0,0,0,0,0,0,0,0,0,0,0,0,0,0,0,0,0,0,0,0,0,0,0,0,0,0,0,0,0,0,0,0,0,0,0,0,0,0,-1.12835,-1.35654,0.137416,-2.70502,0.881711,-1.04895,2.08677,-0.468233,0.676915,1.37665,-0.0936642,-0.428291,-1.41186,0.573273,0.0754324,-1.64848,0.192444,-0.312433,-1.03035,0.0870225,-0.193726,-1.22061,0.780278,0.180683,0.560695,-1.35849,2.07477,-2.50367,1.40823,-0.386757,-0.872291,-0.265079,-0.270697,-0.564165,0.427238,1.39654,0.130812,-0.382567,-1.21462,0.0476489,0.0792435,-0.087267,-0.087267,-0.116257,-0.187839,0.29688,-0.460046,-0.986362,1.11521,0.2618,-0.0192087,0.0844016,-0.0849639,0.245908,0.586698,-0.405356,-0.041079,0.642709,-0.0232765,-0.0909363,-0.101209,0.698,-0.977135,0.192149,-0.0910343,0.6,0,0,0.24214,0.137675,3
8.96095,-1.0885,0.499656,-0.248598,-0.0774524,-0.117508,-1.13807,-1.35913,0.141105,8.96095,-1.0885,0.499656,-0.248598,-0.0774524,-0.117508,-1.13807,-1.35913,0.141105,0.0334421,-0.502615,0.353426,1.09278,0.21912,-0.223046,-0.768823,-0.203178,0.52,-0.087267,-0.087267,0.113521,-0.235183,0.351748,-0.208384,-1.07318,1.10978,0.2618,-0.247703,0.140451,-0.207796,-0.0700498,0.578278,-0.766825,-0.225548,0.662041,-0.0365767,-0.0742577,-0.134138,0,0,0,0,0,0,0,0,0,0,0,0,0,0,0,0,0,0,0,0,0,0,0,0,0,0,0,0,0,-0.777314,0.301805,-0.167308,1.0387,0.0291235,-0.276346,-0.748709,-0.926549,0.35044,-0.00649046,-0.0909261,-0.143093,-0.680266,0.172079,-0.256929,-0.7825,1.18259,0.348889,0.00763549,0.0995171,0.170249,0.0793297,0.474937,-0.550817,-0.404935,0.724132,-0.0180327,-0.055514,-0.100771,6.80743,-0.150782,3.73809,7.2168,1.82491,0.220557,-8.97474,-1.8309,-0.150278,-2.80217,-0.8343,3.1858,-5.63598,3.25165,-1.15557,0.942972,0.423812,-0.688452,-0.0803974,-0.221886,-4.14992,2.83972,-0.169584,0.303908,2.978,0.366009,-0.0378299,-0.173617,-0.32831,3.5531,-34.675,14.7829,-10.8396,-1.51176,-3.44052,3.5096,45.0762,-7.70227,7.85913,5.14849,-1.86934,11.9624,-2.35761,-3.55792,-3.81238,-1.33467,-1.24568,-0.626382,-0.0079971,0.111936,-0.158216,1.69008,1.84828,2.55539,-1.7191,-0.0705035,-0.454376,0.387315,0,0,0,0,0,0,0,0,0,0,0,0,0,0,0,0,0,0,0,0,0,0,0,0,0,0,0,0,0,2.55789,2.55789,2.55789,6.3088,6.3088,1.81445,2.55789,2.55789,1.81445,6.3088,6.3088,0.907223,0.907223,1.81445,1.81445,0.907223,0.907223,1.81445,1.81445,0.907223,0.907223,0.907223,0.907223,0.907223,0.907223,1.06814,1.06814,1.06814,1.06814,40.1792,40.1792,40.1792,99.0984,99.0984,28.5012,40.1792,40.1792,28.5012,99.0984,99.0984,14.2506,14.2506,28.5012,28.5012,14.2506,14.2506,28.5012,28.5012,14.2506,14.2506,14.2506,14.2506,14.2506,14.2506,16.7783,16.7783,16.7783,16.7783,0,0,0,0,0,0,0,0,0,0,0,0,0,0,0,0,0,0,0,0,0,0,0,0,0,0,0,0,0,0,0,0,0,0,0,0,0,0,0,0,0,0,0,0,0,0,0,0,0,0,0,0,0,0,0,0,0,0,0,0,0,0,0,0,0,0,0,0,0,0,0,0,0,0,0,0,0,0,0,0,0,0,0,0,0,0,0,0,0,0,0,0,0,0,0,0,0,0,0,0,0,0,0,0,0,0,0,0,0,0,0,0,0,0,0,0,0,-1.13807,-1.35913,0.141105,-2.90297,0.862511,-0.475136,2.07439,-1.29242,0.80202,1.2918,-0.514273,-0.53624,-1.93285,0.832758,0.630891,-0.834309,0.320242,-0.490957,-0.917941,-0.37107,-0.473796,-0.996736,0.645472,1.22058,-0.159721,-1.80049,1.20853,-2.758,1.66006,-0.299355,-0.508568,0.258839,0.0334421,-0.502615,0.353426,1.09278,0.21912,-0.223046,-0.768823,-0.203178,0.52,-0.087267,-0.087267,0.113521,-0.235183,0.351748,-0.208384,-1.07318,1.10978,0.2618,-0.247703,0.140451,-0.207796,-0.0700498,0.578278,-0.766825,-0.225548,0.662041,-0.0365767,-0.0742577,-0.134138,0.924,-0.977682,0.190725,-0.0880994,0.6,0,0,0.24406,0.138346,3
13.1314,-2.11747,2.00498,-0.271727,-0.117309,-0.182849,-1.13528,-1.36229,0.1333,13.1314,-2.11747,2.00498,-0.271727,-0.117309,-0.182849,-1.13528,-1.36229,0.1333,-0.44265,-0.321765,0.169726,0.460517,0.198245,-0.0963733,-0.425993,-0.0236174,0.319238,0.0483963,-0.087267,0.349039,-0.212397,0.222687,-0.410395,-1.09163,0.998493,0.2618,0.000478056,0.248081,-0.201416,-0.164115,0.41616,-0.630868,-0.172128,0.658183,-0.0274537,-0.0849204,-0.123066,0,0,0,0,0,0,0,0,0,0,0,0,0,0,0,0,0,0,0,0,0,0,0,0,0,0,0,0,0,-0.61008,0.27006,-0.104113,1.10893,0.0832474,-0.261914,-0.863802,-0.912688,0.401423,-0.0465129,-0.0976831,-0.0651544,-0.77112,0.209217,-0.285409,-0.771545,1.18724,0.346305,-0.0206969,0.108774,0.0920493,0.0631307,0.466687,-0.543543,-0.351498,0.734232,-0.0227166,-0.0565277,-0.107638,9.20598,-2.78699,2.44585,1.20767,2.33309,0.797991,-3.05523,2.11508,4.06188,-0.73167,-0.0655519,2.91758,-3.4289,0.735635,-1.33363,0.052197,0.0662387,-0.332955,-2.13084,0.555685,-3.91761,-2.01977,-0.448933,0.385209,2.40533,0.612067,-0.243955,0.0512162,-0.322665,3.20129,-24.6521,12.0527,-11.1877,-1.3796,-0.330573,12.5154,23.7943,-3.65634,1.49275,1.84745,-0.172914,10.8082,2.45831,4.73072,-4.44685,-1.21274,-1.99699,-2.87675,-0.0546623,-0.828634,-0.144579,1.99892,-3.51818,-0.372388,-1.82705,0.0284963,-0.333875,-0.0992571,0,0,0,0,0,0,0,0,0,0,0,0,0,0,0,0,0,0,0,0,0,0,0,0,0,0,0,0,0,2.55789,2.55789,2.55789,6.3088,6.3088,1.81445,2.55789,2.55789,1.81445,6.3088,6.3088,0.907223,0.907223,1.81445,1.81445,0.907223,0.907223,1.81445,1.81445,0.907223,0.907223,0.907223,0.907223,0.907223,0.907223,1.06814,1.06814,1.06814,1.06814,40.1792,40.1792,40.1792,99.0984,99.0984,28.5012,40.1792,40.1792,28.5012,99.0984,99.0984,14.2506,14.2506,28.5012,28.5012,14.2506,14.2506,28.5012,28.5012,14.2506,14.2506,14.2506,14.2506,14.2506,14.2506,16.7783,16.7783,16.7783,16.7783,0,0,0,0,0,0,0,0,0,0,0,0,0,0,0,0,0,0,0,0,0,0,0,0,0,0,0,0,0,0,0,0,0,0,0,0,0,0,0,0,0,0,0,0,0,0,0,0,0,0,0,0,0,0,0,0,0,0,0,0,0,0,0,0,0,0,0,0,0,0,0,0,0,0,0,0,0,0,0,0,0,0,0,0,0,0,0,0,0,0,0,0,0,0,0,0,0,0,0,0,0,0,0,0,0,0,0,0,0,0,0,0,0,0,0,0,0,-1.13528,-1.36229,0.1333,-2.94505,0.492865,-0.935741,1.82064,-0.982421,0.507748,0.92586,-0.392469,-0.484287,-1.36697,0.780974,-0.23861,-0.208189,0.565649,-0.368502,-0.587649,-0.0431331,-0.459248,-1.13986,0.309976,0.727895,-0.374197,-1.65187,-0.594543,-1.76981,1.60053,-0.115998,-0.219741,0.795843,-0.44265,-0.321765,0.169726,0.460517,0.198245,-0.0963733,-0.425993,-0.0236174,0.319238,0.0483963,-0.087267,0.349039,-0.212397,0.222687,-0.410395,-1.09163,0.998493,0.2618,0.000478056,0.248081,-0.201416,-0.164115,0.41616,-0.630868,-0.172128,0.658183,-0.0274537,-0.0849204,-0.123066,0.726,-0.978341,0.187679,-0.0873289,0.6,0,0,0.24096,0.137304,3
11.7291,0.234506,0.857564,-0.0909518,-0.980782,-0.00396589,-1.19399,-1.36885,0.189479,11.7291,0.234506,0.857564,-0.0909518,-0.980782,-0.00396589,-1.19399,-1.36885,0.189479,-0.882025,0.0926464,-0.243818,-0.177645,0.123312,0.443221,0.00773862,-0.176052,0.431021,0.668938,-0.087267,0.39089,-0.115954,-0.163621,-0.350483,-1.21334,0.872096,0.2618,-0.0619561,0.292986,-0.0493468,-0.201794,0.283061,-0.774434,-0.198344,0.645983,-0.0282779,-0.108315,-0.115488,0,0,0,0,0,0,0,0,0,0,0,0,0,0,0,0,0,0,0,0,0,0,0,0,0,0,0,0,0,-0.437999,0.214424,-0.0807381,1.03635,0.121607,-0.220017,-0.872773,-0.850981,0.443639,-0.0491021,-0.101023,0.0265713,-0.814419,0.206805,-0.271555,-0.789157,1.17132,0.330871,-0.0349968,0.142708,0.00157968,0.00580606,0.462326,-0.53523,-0.306059,0.750045,-0.0243516,-0.0559365,-0.112229,7.71006,-2.46346,0.195407,-6.51872,1.46776,2.22033,1.08854,3.83648,0.835492,0.240293,-0.0169103,5.14958,-1.29606,-0.613101,2.27536,-1.45511,-1.34823,-0.954029,0.0444548,1.79225,-4.11039,-2.95303,-0.0266886,0.395771,2.14035,0.735032,-0.0374827,0.0451622,-0.160102,-19.901,-15.2043,9.15411,-19.4638,-1.8884,-0.486207,15.8335,24.1195,-5.30998,8.68518,1.68757,0.0223673,9.85948,1.39866,-7.44864,-3.12116,-1.34405,-0.314641,1.07331,-0.126526,0.884344,0.230675,-0.602563,-1.72471,-0.000736446,-2.34449,-0.0100522,-0.533001,-0.00448653,0,0,0,0,0,0,0,0,0,0,0,0,0,0,0,0,0,0,0,0,0,0,0,0,0,0,0,0,0,2.55789,2.55789,2.55789,6.3088,6.3088,1.81445,2.55789,2.55789,1.81445,6.3088,6.3088,0.907223,0.907223,1.81445,1.81445,0.907223,0.907223,1.81445,1.81445,0.907223,0.907223,0.907223,0.907223,0.907223,0.907223,1.06814,1.06814,1.06814,1.06814,40.1792,40.1792,40.1792,99.0984,99.0984,28.5012,40.1792,40.1792,28.5012,99.0984,99.0984,14.2506,14.2506,28.5012,28.5012,14.2506,14.2506,28.5012,28.5012,14.2506,14.2506,14.2506,14.2506,14.2506,14.2506,16.7783,16.7783,16.7783,16.7783,0,0,0,0,0,0,0,0,0,0,0,0,0,0,0,0,0,0,0,0,0,0,0,0,0,0,0,0,0,0,0,0,0,0,0,0,0,0,0,0,0,0,0,0,0,0,0,0,0,0,0,0,0,0,0,0,0,0,0,0,0,0,0,0,0,0,0,0,0,0,0,0,0,0,0,0,0,0,0,0,0,0,0,0,0,0,0,0,0,0,0,0,0,0,0,0,0,0,0,0,0,0,0,0,0,0,0,0,0,0,0,0,0,0,0,0,0,-1.19399,-1.36885,0.189479,-3.22256,0.189388,-0.799136,1.53245,-1.30977,-0.373073,0.692285,-0.452244,-0.264386,-1.50933,0.617216,-1.04105,0.583948,0.668037,-0.379565,0.169203,-0.321529,-0.112516,-1.45387,-0.445293,0.98277,-0.460111,-1.55016,-2.41442,-0.000177579,1.38684,0.0789993,1.01059,0.891269,-0.882025,0.0926464,-0.243818,-0.177645,0.123312,0.443221,0.00773862,-0.176052,0.431021,0.668938,-0.087267,0.39089,-0.115954,-0.163621,-0.350483,-1.21334,0.872096,0.2618,-0.0619561,0.292986,-0.0493468,-0.201794,0.283061,-0.774434,-0.198344,0.645983,-0.0282779,-0.108315,-0.115488,0.739,-0.979679,0.186502,-0.0738012,0.6,0,0,0.24096,0.137304,3
15.8879,4.66781,5.80673,0.824772,-1.21845,0.913729,-1.29869,-1.36637,0.304013,15.8879,4.66781,5.80673,0.824772,-1.21845,0.913729,-1.29869,-1.36637,0.304013,-1.38419,0.319496,-0.625441,-0.5236,-0.0623016,0.52,0.178354,-0.264701,0.52,1.15654,-0.087267,0.398684,0.0913874,-0.496472,-0.418425,-1.25498,0.971769,0.2618,0.033307,0.243295,0.237231,-0.261711,0.0343749,-0.999902,-0.200155,0.632039,-0.0312144,-0.0946515,-0.124873,0,0,0,0,0,0,0,0,0,0,0,0,0,0,0,0,0,0,0,0,0,0,0,0,0,0,0,0,0,-0.296806,0.160361,-0.123859,0.818232,0.131253,-0.0599237,-0.822633,-0.780043,0.475104,0.039401,-0.109723,0.130077,-0.798009,0.168116,-0.212101,-0.833713,1.11836,0.314403,-0.0412379,0.183044,-0.0309624,-0.053335,0.479447,-0.537014,-0.273679,0.753992,-0.0248192,-0.0612593,-0.113087,6.0598,-2.51032,-3.93924,-13.1346,0.155808,8.62501,3.99964,2.79827,1.73939,7.47189,0.179608,4.60986,2.76127,-2.97849,3.65617,-2.53527,-3.63798,-0.683811,-0.325693,1.86714,-0.598988,-2.66658,1.79666,-0.606224,1.30554,-0.308645,-0.0355241,-0.448348,-0.0335136,-40.0774,5.43799,4.0086,-18.9899,-2.01009,-1.30169,25.208,18.1327,-4.91734,19.0506,1.24651,-0.537699,7.71808,-4.7826,-9.25963,-3.09954,-0.440413,-0.128716,-0.0509803,-0.13031,0.341081,0.325088,-4.31179,-2.86048,-0.192291,-1.42898,-0.0541227,-0.388806,0.0168978,0,0,0,0,0,0,0,0,0,0,0,0,0,0,0,0,0,0,0,0,0,0,0,0,0,0,0,0,0,2.55789,2.55789,2.55789,6.3088,6.3088,1.81445,2.55789,2.55789,1.81445,6.3088,6.3088,0.907223,0.907223,1.81445,1.81445,0.907223,0.907223,1.81445,1.81445,0.907223,0.907223,0.907223,0.907223,0.907223,0.907223,1.06814,1.06814,1.06814,1.06814,40.1792,40.1792,40.1792,99.0984,99.0984,28.5012,40.1792,40.1792,28.5012,99.0984,99.0984,14.2506,14.2506,28.5012,28.5012,14.2506,14.2506,28.5012,28.5012,14.2506,14.2506,14.2506,14.2506,14.2506,14.2506,16.7783,16.7783,16.7783,16.7783,0,0,0,0,0,0,0,0,0,0,0,0,0,0,0,0,0,0,0,0,0,0,0,0,0,0,0,0,0,0,0,0,0,0,0,0,0,0,0,0,0,0,0,0,0,0,0,0,0,0,0,0,0,0,0,0,0,0,0,0,0,0,0,0,0,0,0,0,0,0,0,0,0,0,0,0,0,0,0,0,0,0,0,0,0,0,0,0,0,0,0,0,0,0,0,0,0,0,0,0,0,0,0,0,0,0,0,0,0,0,0,0,0,0,0,0,0,-1.29869,-1.36637,0.304013,-3.31749,-0.377642,-0.954051,1.75971,-1.82386,-1.13201,0.623097,-0.456374,0.208372,-1.29212,0.430053,-1.95818,0.895547,0.554738,-0.41898,0.583505,-0.483432,0.540909,-1.27048,-1.14226,1.24796,-0.596728,-1.67613,-3.45156,1.39035,0.857518,-0.851133,1.63273,0.909038,-1.38419,0.319496,-0.625441,-0.5236,-0.0623016,0.52,0.178354,-0.264701,0.52,1.15654,-0.087267,0.398684,0.0913874,-0.496472,-0.418425,-1.25498,0.971769,0.2618,0.033307,0.243295,0.237231,-0.261711,0.0343749,-0.999902,-0.200155,0.632039,-0.0312144,-0.0946515,-0.124873,0.714,-0.979177,0.195538,-0.0545607,0.6,0,0,0.225188,0.130519,3
-9.40154,-0.0532849,-10.3009,1.61908,0.32655,1.20359,-1.35959,-1.34906,0.394226,-9.40154,-0.0532849,-10.3009,1.61908,0.32655,1.20359,-1.35959,-1.34906,0.394226,-1.01844,1.1451,-1.31236,-0.5236,-0.843746,0.52,-0.233465,-0.440321,0.387502,1.08733,-0.087267,0.290342,0.259211,-0.41286,-0.19224,-1.07657,0.70204,0.134184,-0.00847088,0.104093,0.0461522,-0.15316,-0.193154,-1.29572,-0.425144,0.567473,-0.0397403,-0.0847183,-0.0920085,0,0,0,0,0,0,0,0,0,0,0,0,0,0,0,0,0,0,0,0,0,0,0,0,0,0,0,0,0,-0.259556,0.191107,-0.265374,0.497261,0.0844876,0.113641,-0.687136,-0.67489,0.52298,0.242176,-0.135896,0.215786,-0.648158,0.0649992,-0.0788751,-0.894485,1.05327,0.303925,-0.0411824,0.202803,0.0163053,-0.111793,0.514409,-0.567838,-0.240497,0.748009,-0.0260727,-0.0674249,-0.115836,-2.04646,4.10681,-6.92455,-15.0768,-2.11588,6.78553,7.11475,5.63901,0.520167,10.5985,-0.477698,3.97854,9.69228,-6.09872,6.70825,-3.32968,-1.87828,-0.264195,0.555759,0.600628,3.18253,-2.4027,1.7296,-1.85204,1.32259,-0.755818,-0.0533307,-0.337294,-0.155103,-41.8362,-4.01479,3.19819,-8.58339,-1.35411,-0.807532,17.531,2.65371,-2.15191,26.8021,8.17387,-0.81289,2.44194,-5.83898,-21.7526,-2.34239,0.760741,-0.592202,1.2615,0.0329704,0.397734,0.0463004,-8.37285,-4.60237,-0.643551,-1.26074,-0.0305666,-0.142476,0.0101907,0,0,0,0,0,0,0,0,0,0,0,0,0,0,0,0,0,0,0,0,0,0,0,0,0,0,0,0,0,2.55789,2.55789,2.55789,6.3088,6.3088,1.81445,2.55789,2.55789,1.81445,6.3088,6.3088,0.907223,0.907223,1.81445,1.81445,0.907223,0.907223,1.81445,1.81445,0.907223,0.907223,0.907223,0.907223,0.907223,0.907223,1.06814,1.06814,1.06814,1.06814,40.1792,40.1792,40.1792,99.0984,99.0984,28.5012,40.1792,40.1792,28.5012,99.0984,99.0984,14.2506,14.2506,28.5012,28.5012,14.2506,14.2506,28.5012,28.5012,14.2506,14.2506,14.2506,14.2506,14.2506,14.2506,16.7783,16.7783,16.7783,16.7783,0,0,0,0,0,0,0,0,0,0,0,0,0,0,0,0,0,0,0,0,0,0,0,0,0,0,0,0,0,0,0,0,0,0,0,0,0,0,0,0,0,0,0,0,0,0,0,0,0,0,0,0,0,0,0,0,0,0,0,0,0,0,0,0,0,0,0,0,0,0,0,0,0,0,0,0,0,0,0,0,0,0,0,0,0,0,0,0,0,0,0,0,0,0,0,0,0,0,0,0,0,0,0,0,0,0,0,0,0,0,0,0,0,0,0,0,0,-1.35959,-1.34906,0.394226,-2.91072,-0.896431,-0.438327,1.1447,-2.49834,-0.941362,0.305954,-0.96937,0.591028,-1.38737,-0.436594,-1.2902,0.14343,0.237343,-0.53342,2.09132,-0.80417,0.105232,-1.13714,-2.3968,0.883544,-0.349221,-1.235,-4.44269,1.19296,-1.37097,-3.00768,1.20177,0.66201,-1.01844,1.1451,-1.31236,-0.5236,-0.843746,0.52,-0.233465,-0.440321,0.387502,1.08733,-0.087267,0.290342,0.259211,-0.41286,-0.19224,-1.07657,0.70204,0.134184,-0.00847088,0.104093,0.0461522,-0.15316,-0.193154,-1.29572,-0.425144,0.567473,-0.0397403,-0.0847183,-0.0920085,0.697,-0.976062,0.212832,-0.0447737,0.6,0,0,0.225188,0.130519,3
27.5617,8.73118,-9.37739,2.42351,-3.21098,-0.362591,-1.47815,-1.34743,0.557429,27.5617,8.73118,-9.37739,2.42351,-3.21098,-0.362591,-1.47815,-1.34743,0.557429,-1.393,0.91013,-0.629118,-0.5236,-0.808336,0.52,0.0581412,-0.270618,0.52,1.71819,-0.087267,0.378812,0.195508,-0.35788,-0.391847,-1.24779,1.26125,0.2618,0.133371,0.132941,0.534942,-0.144152,0.357602,-1.53758,-0.576488,0.596117,-0.0336596,-0.0785401,-0.198049,0,0,0,0,0,0,0,0,0,0,0,0,0,0,0,0,0,0,0,0,0,0,0,0,0,0,0,0,0,-0.248659,0.251215,-0.42216,0.236141,-0.125218,0.215122,-0.59702,-0.574488,0.471122,0.39975,-0.14466,0.264145,-0.508744,-0.0693579,0.0626718,-0.906488,1.02013,0.294589,-0.0252652,0.186531,0.0466068,-0.125694,0.553538,-0.632951,-0.230153,0.748298,-0.0305901,-0.064887,-0.103779,0.978379,3.49822,-10.3715,-13.5777,-11.5679,4.96887,3.61946,5.47969,-4.72253,7.50127,-0.453224,1.51144,7.28323,-8.07839,8.82606,0.474559,-1.35311,-0.853895,0.881451,-1.28428,0.942788,-0.210889,1.80828,-4.64032,-0.0827115,0.587008,-0.25988,0.41577,0.844806,-33.659,27.6158,-10.5498,9.84128,1.80923,-0.316171,4.91771,-8.23887,5.54275,20.7298,8.73743,-1.16343,4.54611,4.22461,-22.5514,-2.73083,-3.17711,-3.16064,-1.14908,-0.0259407,-0.911932,-0.193603,-12.3933,-5.53912,-2.84039,-3.53915,0.129076,-0.721445,-0.707771,0,0,0,0,0,0,0,0,0,0,0,0,0,0,0,0,0,0,0,0,0,0,0,0,0,0,0,0,0,2.55789,2.55789,2.55789,6.3088,6.3088,1.81445,2.55789,2.55789,1.81445,6.3088,6.3088,0.907223,0.907223,1.81445,1.81445,0.907223,0.907223,1.81445,1.81445,0.907223,0.907223,0.907223,0.907223,0.907223,0.907223,1.06814,1.06814,1.06814,1.06814,40.1792,40.1792,40.1792,99.0984,99.0984,28.5012,40.1792,40.1792,28.5012,99.0984,99.0984,14.2506,14.2506,28.5012,28.5012,14.2506,14.2506,28.5012,28.5012,14.2506,14.2506,14.2506,14.2506,14.2506,14.2506,16.7783,16.7783,16.7783,16.7783,0,0,0,0,0,0,0,0,0,0,0,0,0,0,0,0,0,0,0,0,0,0,0,0,0,0,0,0,0,0,0,0,0,0,0,0,0,0,0,0,0,0,0,0,0,0,0,0,0,0,0,0,0,0,0,0,0,0,0,0,0,0,0,0,0,0,0,0,0,0,0,0,0,0,0,0,0,0,0,0,0,0,0,0,0,0,0,0,0,0,0,0,0,0,0,0,0,0,0,0,0,0,0,0,0,0,0,0,0,0,0,0,0,0,0,0,0,-1.47815,-1.34743,0.557429,-3.30111,0.359347,-0.893451,2.41975,-3.0498,-0.816002,0.621538,-1.31445,0.445778,-1.06396,-0.0521148,-1.97426,0.676,0.303119,-0.451802,1.6622,-0.494238,1.21972,-1.05422,-1.14898,1.61762,-0.32868,-2.65835,-4.35817,2.99203,-1.26999,-2.33938,1.64084,0.86373,-1.393,0.91013,-0.629118,-0.5236,-0.808336,0.52,0.0581412,-0.270618,0.52,1.71819,-0.087267,0.378812,0.195508,-0.35788,-0.391847,-1.24779,1.26125,0.2618,0.133371,0.132941,0.534942,-0.144152,0.357602,-1.53758,-0.576488,0.596117,-0.0336596,-0.0785401,-0.198049,0.834,-0.975156,0.220568,-0.0204938,0.6,0,0,0.209374,0.12081,3
-0.770547,4.63463,-1.13964,2.30828,-2.54375,-1.91468,-1.72108,-1.37218,0.852655,-0.770547,4.63463,-1.13964,2.30828,-2.54375,-1.91468,-1.72108,-1.37218,0.852655,-0.890203,1.3592,-1.17129,-0.5236,-0.929373,0.52,-0.440501,-0.384254,0.52,1.49468,-0.087267,0.225133,0.212066,-0.0308178,-0.407042,-1.19814,1.16262,0.222261,0.0143228,0.0545394,0.429747,0.00466048,0.377635,-1.40101,-0.624717,0.572684,-0.0349463,-0.0836549,-0.182196,0,0,0,0,0,0,0,0,0,0,0,0,0,0,0,0,0,0,0,0,0,0,0,0,0,0,0,0,0,-0.266835,0.342989,-0.498034,0.0120595,-0.311223,0.285735,-0.574783,-0.45762,0.407521,0.604849,-0.158473,0.273348,-0.353437,-0.229352,0.220103,-0.906649,1.04064,0.275046,-0.00743195,0.167586,0.137357,-0.132574,0.577412,-0.735845,-0.253638,0.744284,-0.0334272,-0.0582905,-0.111793,-2.14423,4.50804,-0.927581,-9.1212,-7.98592,1.44859,0.941319,5.78139,-1.94886,13.3519,0.907866,0.0316687,8.98176,-8.59405,6.22465,-0.522909,2.53987,-0.605196,1.32016,-0.704137,5.92523,-0.380302,0.660299,-5.609,-2.063,-0.68511,-0.0667825,0.114667,-0.868387,-40.4859,11.2703,-2.61064,5.28955,1.19052,3.31679,23.8312,-7.15039,6.72859,32.2019,0.941334,1.43002,0.275467,11.0735,-29.1969,-4.52711,1.12426,0.8537,1.92687,0.162138,0.474646,0.178117,-3.83301,-6.58968,-2.93023,-1.81703,0.0768048,-0.505045,-0.578154,0,0,0,0,0,0,0,0,0,0,0,0,0,0,0,0,0,0,0,0,0,0,0,0,0,0,0,0,0,2.55789,2.55789,2.55789,6.3088,6.3088,1.81445,2.55789,2.55789,1.81445,6.3088,6.3088,0.907223,0.907223,1.81445,1.81445,0.907223,0.907223,1.81445,1.81445,0.907223,0.907223,0.907223,0.907223,0.907223,0.907223,1.06814,1.06814,1.06814,1.06814,40.1792,40.1792,40.1792,99.0984,99.0984,28.5012,40.1792,40.1792,28.5012,99.0984,99.0984,14.2506,14.2506,28.5012,28.5012,14.2506,14.2506,28.5012,28.5012,14.2506,14.2506,14.2506,14.2506,14.2506,14.2506,16.7783,16.7783,16.7783,16.7783,0,0,0,0,0,0,0,0,0,0,0,0,0,0,0,0,0,0,0,0,0,0,0,0,0,0,0,0,0,0,0,0,0,0,0,0,0,0,0,0,0,0,0,0,0,0,0,0,0,0,0,0,0,0,0,0,0,0,0,0,0,0,0,0,0,0,0,0,0,0,0,0,0,0,0,0,0,0,0,0,0,0,0,0,0,0,0,0,0,0,0,0,0,0,0,0,0,0,0,0,0,0,0,0,0,0,0,0,0,0,0,0,0,0,0,0,0,-1.72108,-1.37218,0.852655,-3.18791,0.405025,-0.928097,2.19487,-2.73843,-0.0702677,0.506777,-1.42442,0.483532,-1.3354,-0.36666,-1.05599,-0.234686,0.124355,-0.469073,2.48235,-0.701774,0.979865,-1.12287,-2.13916,1.45825,0.0106264,-2.44556,-4.81121,2.35464,-1.61516,-3.09286,1.22001,0.513325,-0.890203,1.3592,-1.17129,-0.5236,-0.929373,0.52,-0.440501,-0.384254,0.52,1.49468,-0.087267,0.225133,0.212066,-0.0308178,-0.407042,-1.19814,1.16262,0.222261,0.0143228,0.0545394,0.429747,0.00466048,0.377635,-1.40101,-0.624717,0.572684,-0.0349463,-0.0836549,-0.182196,0.682,-0.980341,0.195089,0.0295408,0.6,0,0,0.209374,0.12081,3
-8.96561,-2.84264,3.08804,1.56196,-0.913821,-2.29006,-1.9191,-1.4067,1.09267,-8.96561,-2.84264,3.08804,1.56196,-0.913821,-2.29006,-1.9191,-1.4067,1.09267,-0.525738,1.72484,-1.00427,-0.5236,-1.11602,0.52,-0.484053,-0.762921,0.33582,1.91131,-0.087267,0.0705164,0.141335,-0.265114,0.136288,-0.78841,0.684825,0.038272,-0.144211,0.0754497,0.394983,0.0143953,0.477581,-1.06068,-0.582017,0.536039,-0.0203915,-0.0775096,-0.153871,0,0,0,0,0,0,0,0,0,0,0,0,0,0,0,0,0,0,0,0,0,0,0,0,0,0,0,0,0,-0.31138,0.409646,-0.606217,-0.124545,-0.47916,0.29139,-0.560329,-0.362057,0.357893,0.834224,-0.146605,0.267233,-0.16608,-0.395864,0.300106,-0.939413,1.11025,0.262815,0.0128529,0.139713,0.236585,-0.107936,0.572065,-0.839392,-0.31717,0.728433,-0.0346539,-0.0583957,-0.12571,-2.86407,2.54624,-7.35608,-3.0421,-7.47391,-0.157866,0.529984,4.0941,-2.42949,10.9244,1.02584,-0.337061,9.53451,-7.97274,2.10959,-2.63129,3.81424,-0.449158,0.609481,-1.41964,4.02908,1.70735,-0.973602,-4.80694,-3.66711,-0.813683,-0.0204132,-0.0557764,-0.701705,-16.5068,31.5539,-4.47356,-15.2204,2.89227,6.71653,3.54451,-11.3915,8.96057,-2.32485,-0.53391,-0.299465,-2.9673,24.5887,-24.7069,-1.59911,-2.58481,-0.29783,-1.16813,0.0761786,-0.962477,0.0947571,-2.05119,-3.70484,-1.19408,-1.76214,0.0249724,-0.371944,-0.233993,0,0,0,0,0,0,0,0,0,0,0,0,0,0,0,0,0,0,0,0,0,0,0,0,0,0,0,0,0,2.55789,2.55789,2.55789,6.3088,6.3088,1.81445,2.55789,2.55789,1.81445,6.3088,6.3088,0.907223,0.907223,1.81445,1.81445,0.907223,0.907223,1.81445,1.81445,0.907223,0.907223,0.907223,0.907223,0.907223,0.907223,1.06814,1.06814,1.06814,1.06814,40.1792,40.1792,40.1792,99.0984,99.0984,28.5012,40.1792,40.1792,28.5012,99.0984,99.0984,14.2506,14.2506,28.5012,28.5012,14.2506,14.2506,28.5012,28.5012,14.2506,14.2506,14.2506,14.2506,14.2506,14.2506,16.7783,16.7783,16.7783,16.7783,0,0,0,0,0,0,0,0,0,0,0,0,0,0,0,0,0,0,0,0,0,0,0,0,0,0,0,0,0,0,0,0,0,0,0,0,0,0,0,0,0,0,0,0,0,0,0,0,0,0,0,0,0,0,0,0,0,0,0,0,0,0,0,0,0,0,0,0,0,0,0,0,0,0,0,0,0,0,0,0,0,0,0,0,0,0,0,0,0,0,0,0,0,0,0,0,0,0,0,0,0,0,0,0,0,0,0,0,0,0,0,0,0,0,0,0,0,-1.9191,-1.4067,1.09267,-2.25367,0.632913,0.310751,1.10545,-1.96244,-0.604486,0.0872639,-1.32706,0.322257,-1.69687,-0.858528,-0.390357,-0.314226,0.172033,-0.273708,3.15012,-1.39334,0.900601,-1.04038,-1.83414,0.765703,0.0328226,-2.06536,-5.06277,3.54277,-2.14742,-4.0468,1.56481,0.160784,-0.525738,1.72484,-1.00427,-0.5236,-1.11602,0.52,-0.484053,-0.762921,0.33582,1.91131,-0.087267,0.0705164,0.141335,-0.265114,0.136288,-0.78841,0.684825,0.038272,-0.144211,0.0754497,0.394983,0.0143953,0.477581,-1.06068,-0.582017,0.536039,-0.0203915,-0.0775096,-0.153871,0.713,-0.986566,0.153554,0.0557567,0.6,0,0,0.177493,0.107425,1.54294
0.516663,-29.9464,5.80783,0.386263,0.0982083,-0.372916,-1.97785,-1.42974,1.17246,0.516663,-29.9464,5.80783,0.386263,0.0982083,-0.372916,-1.97785,-1.42974,1.17246,-0.393859,1.3169,-1.01428,-0.5236,-1.95549,0.450802,-0.402241,-0.346478,0.399495,1.92278,-0.087267,0.0320942,0.14175,-0.614785,0.272938,-0.472697,0.82801,0.0931394,-0.121934,0.07564,0.442924,0.201287,0.610344,-0.964605,-0.485259,0.52974,-0.0174887,-0.0811644,-0.150269,0,0,0,0,0,0,0,0,0,0,0,0,0,0,0,0,0,0,0,0,0,0,0,0,0,0,0,0,0,-0.359405,0.471638,-0.699525,-0.136133,-0.650701,0.286777,-0.568837,-0.305388,0.294431,1.08967,-0.131166,0.229883,0.0020528,-0.529922,0.29814,-1.02938,1.1526,0.23222,-0.000383996,0.124283,0.301021,-0.0704603,0.563649,-0.909525,-0.4042,0.701003,-0.0306266,-0.0582378,-0.136822,-1.55268,3.38369,-2.867,0.391307,-7.49472,-0.220516,-1.21113,1.43424,-3.24035,13.4849,0.718826,-2.46977,7.20023,-4.93238,-1.19304,-5.83879,0.267807,-2.48788,-1.60252,-0.595555,2.28734,1.68018,0.0646937,-2.37424,-4.31702,-1.24002,0.217244,-0.085088,-0.520288,-1.59428,41.0772,-3.66758,-40.1734,1.5626,7.05305,5.05539,-23.5292,7.91891,0.344316,-0.398609,-0.111319,-4.84256,18.388,-2.53701,7.91068,-7.3811,-2.3506,-1.50386,-0.181878,-0.855747,-0.373498,-1.26198,0.435191,1.36494,-1.1125,-0.0870973,-0.307823,0.267473,0,0,0,0,0,0,0,0,0,0,0,0,0,0,0,0,0,0,0,0,0,0,0,0,0,0,0,0,0,2.55789,2.55789,2.55789,6.3088,6.3088,1.81445,2.55789,2.55789,1.81445,6.3088,6.3088,0.907223,0.907223,1.81445,1.81445,0.907223,0.907223,1.81445,1.81445,0.907223,0.907223,0.907223,0.907223,0.907223,0.907223,1.06814,1.06814,1.06814,1.06814,40.1792,40.1792,40.1792,99.0984,99.0984,28.5012,40.1792,40.1792,28.5012,99.0984,99.0984,14.2506,14.2506,28.5012,28.5012,14.2506,14.2506,28.5012,28.5012,14.2506,14.2506,14.2506,14.2506,14.2506,14.2506,16.7783,16.7783,16.7783,16.7783,0,0,0,0,0,0,0,0,0,0,0,0,0,0,0,0,0,0,0,0,0,0,0,0,0,0,0,0,0,0,0,0,0,0,0,0,0,0,0,0,0,0,0,0,0,0,0,0,0,0,0,0,0,0,0,0,0,0,0,0,0,0,0,0,0,0,0,0,0,0,0,0,0,0,0,0,0,0,0,0,0,0,0,0,0,0,0,0,0,0,0,0,0,0,0,0,0,0,0,0,0,0,0,0,0,0,0,0,0,0,0,0,0,0,0,0,0,-1.97785,-1.42974,1.17246,-1.53382,0.935624,0.622326,1.43193,-1.74337,-1.40177,0.212367,-1.10644,0.323205,-1.64608,-0.94308,-0.149501,-0.164809,0.172467,-0.234745,2.40509,-0.632783,1.00991,-1.08944,-1.8524,0.910889,0.458954,-2.01701,-5.23651,3.57547,-4.54138,-4.70992,1.02787,0.073178,-0.393859,1.3169,-1.01428,-0.5236,-1.95549,0.450802,-0.402241,-0.346478,0.399495,1.92278,-0.087267,0.0320942,0.14175,-0.614785,0.272938,-0.472697,0.82801,0.0931394,-0.121934,0.07564,0.442924,0.201287,0.610344,-0.964605,-0.485259,0.52974,-0.0174887,-0.0811644,-0.150269,0.649,-0.990068,0.129099,0.0556585,0.6,0,0,0.159789,0.104508,0.599202
7.59435,-5.78059,4.17864,-1.04982,-0.863173,0.80165,-2.01522,-1.41936,1.19758,7.59435,-5.78059,4.17864,-1.04982,-0.863173,0.80165,-2.01522,-1.41936,1.19758,-0.15358,0.967086,-0.677198,-0.5236,-1.71318,0.52,-0.571995,-0.327697,0.346248,1.65954,-0.087267,0.116539,0.115061,-0.670213,0.11774,-0.491959,0.881284,0.187553,0.0229001,0.0349317,0.266225,0.0915144,0.524123,-0.846297,-0.345454,0.546686,-0.0195863,-0.0773464,-0.138397,0,0,0,0,0,0,0,0,0,0,0,0,0,0,0,0,0,0,0,0,0,0,0,0,0,0,0,0,0,-0.339787,0.524522,-0.748861,-0.124411,-0.951588,0.282225,-0.601757,-0.301272,0.284589,1.34203,-0.11747,0.178493,0.111274,-0.557224,0.273207,-1.12738,1.12133,0.183476,-0.0559225,0.109689,0.326491,-0.00739083,0.573709,-0.930429,-0.460465,0.680788,-0.0256912,-0.057634,-0.146365,2.02727,2.6252,-2.58675,0.578206,-8.78438,-0.210902,-1.23294,-0.195655,0.701551,11.199,0.602028,-2.45782,4.65414,0.141967,-0.929326,-3.14491,-2.68905,-1.76454,-3.23747,-0.57974,0.524556,3.54128,0.981254,-0.521803,-1.78474,-1.10994,0.214643,0.0431173,-0.343692,-6.94425,25.5545,-4.29732,-43.1903,-32.2476,5.1885,11.476,-1.4165,2.23849,-13.1778,-0.818371,0.123219,-3.75896,-1.58063,1.80574,12.4605,-1.98843,0.765816,3.80212,0.0649191,1.08794,-0.178996,-0.245853,0.025489,1.3729,-1.41143,-0.0965253,-0.452072,0.327223,0,0,0,0,0,0,0,0,0,0,0,0,0,0,0,0,0,0,0,0,0,0,0,0,0,0,0,0,0,2.55789,2.55789,2.55789,6.3088,6.3088,1.81445,2.55789,2.55789,1.81445,6.3088,6.3088,0.907223,0.907223,1.81445,1.81445,0.907223,0.907223,1.81445,1.81445,0.907223,0.907223,0.907223,0.907223,0.907223,0.907223,1.06814,1.06814,1.06814,1.06814,40.1792,40.1792,40.1792,99.0984,99.0984,28.5012,40.1792,40.1792,28.5012,99.0984,99.0984,14.2506,14.2506,28.5012,28.5012,14.2506,14.2506,28.5012,28.5012,14.2506,14.2506,14.2506,14.2506,14.2506,14.2506,16.7783,16.7783,16.7783,16.7783,0,0,0,0,0,0,0,0,0,0,0,0,0,0,0,0,0,0,0,0,0,0,0,0,0,0,0,0,0,0,0,0,0,0,0,0,0,0,0,0,0,0,0,0,0,0,0,0,0,0,0,0,0,0,0,0,0,0,0,0,0,0,0,0,0,0,0,0,0,0,0,0,0,0,0,0,0,0,0,0,0,0,0,0,0,0,0,0,0,0,0,0,0,0,0,0,0,0,0,0,0,0,0,0,0,0,0,0,0,0,0,0,0,0,0,0,0,-2.01522,-1.41936,1.19758,-1.57774,0.739033,0.268458,1.5534,-1.47362,-1.52815,0.427639,-0.787669,0.26235,-1.31585,-0.715621,0.289327,-0.474836,0.0796478,-0.2629,1.76622,-0.598483,0.60702,-1.03819,-1.23679,0.78948,0.208662,-1.85765,-4.37681,2.82477,-3.85039,-4.35425,1.43626,0.26572,-0.15358,0.967086,-0.677198,-0.5236,-1.71318,0.52,-0.571995,-0.327697,0.346248,1.65954,-0.087267,0.116539,0.115061,-0.670213,0.11774,-0.491959,0.881284,0.187553,0.0229001,0.0349317,0.266225,0.0915144,0.524123,-0.846297,-0.345454,0.546686,-0.0195863,-0.0773464,-0.138397,0.682,-0.988555,0.136204,0.0648588,0.6,0,0,0.159789,0.104508,0.599202
25.0112,-8.5788,7.97155,-0.235442,0.476632,1.459,-1.90667,-1.39772,1.07924,25.0112,-8.5788,7.97155,-0.235442,0.476632,1.459,-1.90667,-1.39772,1.07924,0.168803,0.841148,-0.588575,-0.5236,-1.70974,0.52,-0.81994,-0.237278,0.0601682,1.33032,-0.087267,0.113911,0.0442869,-0.514919,0.167534,-0.607265,0.853393,0.254347,-0.0448405,-0.00291638,0.0978885,0.190868,0.329586,-0.625233,-0.206096,0.54526,-0.020117,-0.11862,-0.102572,0,0,0,0,0,0,0,0,0,0,0,0,0,0,0,0,0,0,0,0,0,0,0,0,0,0,0,0,0,-0.302131,0.562308,-0.71155,-0.081178,-1.00875,0.280307,-0.597126,-0.292831,0.318366,1.49986,-0.105599,0.149746,0.165541,-0.546523,0.213422,-1.11931,1.10378,0.204115,-0.107332,0.0949635,0.284545,0.0378337,0.611521,-0.921712,-0.502783,0.658738,-0.0224418,-0.0648962,-0.155854,1.3281,1.53198,3.8318,1.29376,-0.402035,-0.0209816,0.701551,0.994035,1.85154,5.52801,0.444301,-0.875766,1.45661,0.632452,-2.88626,2.46255,0.278606,1.47576,-1.56911,-0.656474,-2.62431,1.67871,1.89052,0.67681,-1.04485,-0.462464,0.132541,-0.185187,-0.316809,2.51184,12.4471,-7.94084,-54.6565,-50,6.88562,-0.615233,-3.59517,-2.5678,-20.5292,-1.07861,0.357714,-2.18245,-4.64522,2.62715,7.05928,-3.257,-3.19286,6.86247,-0.259175,2.13849,-0.78073,-2.90597,0.510015,3.41756,-1.29603,-0.0950162,0.0521287,0.675696,0,0,0,0,0,0,0,0,0,0,0,0,0,0,0,0,0,0,0,0,0,0,0,0,0,0,0,0,0,2.55789,2.55789,2.55789,6.3088,6.3088,1.81445,2.55789,2.55789,1.81445,6.3088,6.3088,0.907223,0.907223,1.81445,1.81445,0.907223,0.907223,1.81445,1.81445,0.907223,0.907223,0.907223,0.907223,0.907223,0.907223,1.06814,1.06814,1.06814,1.06814,40.1792,40.1792,40.1792,99.0984,99.0984,28.5012,40.1792,40.1792,28.5012,99.0984,99.0984,14.2506,14.2506,28.5012,28.5012,14.2506,14.2506,28.5012,28.5012,14.2506,14.2506,14.2506,14.2506,14.2506,14.2506,16.7783,16.7783,16.7783,16.7783,0,0,0,0,0,0,0,0,0,0,0,0,0,0,0,0,0,0,0,0,0,0,0,0,0,0,0,0,0,0,0,0,0,0,0,0,0,0,0,0,0,0,0,0,0,0,0,0,0,0,0,0,0,0,0,0,0,0,0,0,0,0,0,0,0,0,0,0,0,0,0,0,0,0,0,0,0,0,0,0,0,0,0,0,0,0,0,0,0,0,0,0,0,0,0,0,0,0,0,0,0,0,0,0,0,0,0,0,0,0,0,0,0,0,0,0,0,-1.90667,-1.39772,1.07924,-1.84064,0.295469,0.381995,1.4898,-0.969573,-1.17407,0.579937,-0.469919,0.100979,-1.4703,-0.734758,0.878104,-0.927665,-0.00664964,-0.270024,1.53621,-0.433348,0.223196,-1.5922,-1.07493,0.137189,0.435197,-1.37679,-3.95896,1.88591,-3.84056,-3.5673,1.52118,0.259729,0.168803,0.841148,-0.588575,-0.5236,-1.70974,0.52,-0.81994,-0.237278,0.0601682,1.33032,-0.087267,0.113911,0.0442869,-0.514919,0.167534,-0.607265,0.853393,0.254347,-0.0448405,-0.00291638,0.0978885,0.190868,0.329586,-0.625233,-0.206096,0.54526,-0.020117,-0.11862,-0.102572,1.016,-0.98506,0.162589,0.0567595,0.6,0,0,0.146555,0.0963506,0.527785
9.05219,-1.77087,-0.221381,-0.180525,-0.298972,1.46165,-1.86852,-1.36954,1.03637,9.05219,-1.77087,-0.221381,-0.180525,-0.298972,1.46165,-1.86852,-1.36954,1.03637,-0.32846,0.689854,-0.195409,-0.5236,-1.39651,0.52,-0.362454,-0.134701,-0.0895912,1.62423,-0.087267,0.150776,-0.054594,-0.505723,-0.00591183,-0.317221,0.548861,0.13612,0.220181,0.00208621,0.2936,0.0315399,0.460941,-0.573658,-0.137564,0.559451,-0.00415062,-0.0738178,-0.115849,0,0,0,0,0,0,0,0,0,0,0,0,0,0,0,0,0,0,0,0,0,0,0,0,0,0,0,0,0,-0.259969,0.59468,-0.639144,-0.0960914,-1.00207,0.280384,-0.585929,-0.268892,0.340124,1.53975,-0.096231,0.133449,0.164262,-0.535569,0.176744,-1.04243,1.11015,0.23659,-0.121401,0.0728359,0.22009,0.0814466,0.651484,-0.90384,-0.494879,0.655163,-0.020045,-0.0727599,-0.152883,2.53813,1.43299,2.52523,-1.01938,0.563543,0.00716105,0.189562,1.05809,0.314904,-0.294343,0.322138,-0.736131,-1.02804,0.457767,-1.13917,4.40356,0.298604,1.57777,-0.196827,-1.09215,-3.08221,2.19857,1.81746,1.13223,1.20327,-0.0331387,0.0821338,-0.415578,0.370569,11.0238,6.17476,-5.0362,-34.7261,-50,6.81406,-10.1506,-1.52373,-8.84209,-21.1798,-1.25416,0.393599,-0.946609,-0.254653,1.89852,2.35506,-3.91043,-2.3347,2.69537,-0.0895929,1.08028,-0.424947,-6.24498,3.02609,3.16415,-1.80639,-0.0939069,-0.32246,0.483245,0,0,0,0,0,0,0,0,0,0,0,0,0,0,0,0,0,0,0,0,0,0,0,0,0,0,0,0,0,2.55789,2.55789,2.55789,6.3088,6.3088,1.81445,2.55789,2.55789,1.81445,6.3088,6.3088,0.907223,0.907223,1.81445,1.81445,0.907223,0.907223,1.81445,1.81445,0.907223,0.907223,0.907223,0.907223,0.907223,0.907223,1.06814,1.06814,1.06814,1.06814,40.1792,40.1792,40.1792,99.0984,99.0984,28.5012,40.1792,40.1792,28.5012,99.0984,99.0984,14.2506,14.2506,28.5012,28.5012,14.2506,14.2506,28.5012,28.5012,14.2506,14.2506,14.2506,14.2506,14.2506,14.2506,16.7783,16.7783,16.7783,16.7783,0,0,0,0,0,0,0,0,0,0,0,0,0,0,0,0,0,0,0,0,0,0,0,0,0,0,0,0,0,0,0,0,0,0,0,0,0,0,0,0,0,0,0,0,0,0,0,0,0,0,0,0,0,0,0,0,0,0,0,0,0,0,0,0,0,0,0,0,0,0,0,0,0,0,0,0,0,0,0,0,0,0,0,0,0,0,0,0,0,0,0,0,0,0,0,0,0,0,0,0,0,0,0,0,0,0,0,0,0,0,0,0,0,0,0,0,0,-1.86852,-1.36954,1.03637,-1.17931,0.594972,-0.0134796,0.795439,-0.851978,-1.1531,0.310367,-0.31366,-0.12448,-0.866025,-0.544273,-0.0300622,-0.0921458,0.00475677,-0.0557123,1.2599,-0.246008,0.669438,-0.990832,-0.356882,-0.204277,0.0719141,-1.55501,-3.47526,2.72409,-2.94731,-2.69048,1.34602,0.343784,-0.32846,0.689854,-0.195409,-0.5236,-1.39651,0.52,-0.362454,-0.134701,-0.0895912,1.62423,-0.087267,0.150776,-0.054594,-0.505723,-0.00591183,-0.317221,0.548861,0.13612,0.220181,0.00208621,0.2936,0.0315399,0.460941,-0.573658,-0.137564,0.559451,-0.00415062,-0.0738178,-0.115849,0.959,-0.979817,0.191105,0.0586386,0.6,0,0,0.146555,0.0963506,0.527785
5.19188,-2.58781,-1.33302,-0.367612,0.0127052,1.79116,-1.84452,-1.33711,1.00594,5.19188,-2.58781,-1.33302,-0.367612,0.0127052,1.79116,-1.84452,-1.33711,1.00594,-0.49092,0.5992,-0.336598,-0.5236,-1.62726,0.52,-0.24042,-0.0908396,-0.0858151,1.56358,-0.087267,0.202516,-0.0499429,-0.643624,-0.156489,-0.383736,0.62777,0.161941,0.0812073,0.0372946,0.426657,0.0924398,0.519423,-0.655312,-0.140485,0.561445,-0.00424311,-0.0754302,-0.128263,0,0,0,0,0,0,0,0,0,0,0,0,0,0,0,0,0,0,0,0,0,0,0,0,0,0,0,0,0,-0.234903,0.629838,-0.553732,-0.103146,-0.988466,0.280102,-0.577888,-0.255779,0.319241,1.54035,-0.095113,0.129002,0.147846,-0.52854,0.154949,-0.968018,1.11169,0.24982,-0.0929829,0.058448,0.190799,0.0889516,0.686448,-0.872392,-0.453945,0.651842,-0.0149863,-0.0716401,-0.148992,0.267394,1.9556,5.05301,-0.0692644,0.656926,-0.0163927,0.744349,0.337123,-2.0819,0.494167,0.0572794,0.0656449,-0.446678,0.266806,-1.14761,3.3519,-0.198904,0.0952558,2.44089,-0.666326,-0.318637,-0.421571,1.62557,1.95382,2.52569,-0.179475,0.243832,0.200946,0.205614,-4.82917,-2.39023,1.8856,-41.0428,-44.5926,6.86893,6.99594,3.87789,-8.33751,5.75657,0.451589,0.283674,-2.42456,0.149856,-2.59208,6.30543,-7.90845,-3.53338,4.88938,-0.218774,1.91401,-0.501661,-4.68243,2.61454,2.34878,-1.35696,-0.0843884,-0.24288,0.360954,0,0,0,0,0,0,0,0,0,0,0,0,0,0,0,0,0,0,0,0,0,0,0,0,0,0,0,0,0,2.55789,2.55789,2.55789,6.3088,6.3088,1.81445,2.55789,2.55789,1.81445,6.3088,6.3088,0.907223,0.907223,1.81445,1.81445,0.907223,0.907223,1.81445,1.81445,0.907223,0.907223,0.907223,0.907223,0.907223,0.907223,1.06814,1.06814,1.06814,1.06814,40.1792,40.1792,40.1792,99.0984,99.0984,28.5012,40.1792,40.1792,28.5012,99.0984,99.0984,14.2506,14.2506,28.5012,28.5012,14.2506,14.2506,28.5012,28.5012,14.2506,14.2506,14.2506,14.2506,14.2506,14.2506,16.7783,16.7783,16.7783,16.7783,0,0,0,0,0,0,0,0,0,0,0,0,0,0,0,0,0,0,0,0,0,0,0,0,0,0,0,0,0,0,0,0,0,0,0,0,0,0,0,0,0,0,0,0,0,0,0,0,0,0,0,0,0,0,0,0,0,0,0,0,0,0,0,0,0,0,0,0,0,0,0,0,0,0,0,0,0,0,0,0,0,0,0,0,0,0,0,0,0,0,0,0,0,0,0,0,0,0,0,0,0,0,0,0,0,0,0,0,0,0,0,0,0,0,0,0,0,-1.84452,-1.33711,1.00594,-1.33098,0.728316,-0.356811,0.975359,-1.03816,-1.46753,0.369241,-0.320321,-0.113875,-1.1829,-0.517507,-0.326766,0.130729,0.0850355,-0.0569538,1.09434,-0.165903,0.972821,-1.01247,-0.614738,-0.195667,0.210772,-1.72163,-3.93106,2.55111,-3.60536,-2.27448,1.47501,0.461757,-0.49092,0.5992,-0.336598,-0.5236,-1.62726,0.52,-0.24042,-0.0908396,-0.0858151,1.56358,-0.087267,0.202516,-0.0499429,-0.643624,-0.156489,-0.383736,0.62777,0.161941,0.0812073,0.0372946,0.426657,0.0924398,0.519423,-0.655312,-0.140485,0.561445,-0.00424311,-0.0754302,-0.128263,0.66,-0.97282,0.222943,0.0625957,0.6,0,0,0.151213,0.0953424,0.750001
2.66789,-2.39733,-1.85156,-0.483451,0.819541,2.08853,-1.77968,-1.30133,0.929903,2.66789,-2.39733,-1.85156,-0.483451,0.819541,2.08853,-1.77968,-1.30133,0.929903,-0.221888,1.03319,-0.342229,-0.5236,-1.96185,0.0860017,-0.210974,-0.315853,-0.156919,1.21211,-0.087267,0.123298,-0.00542752,-0.526978,-0.0422957,-0.493591,0.528944,0.0394143,-0.117194,0.00782009,0.361021,0.0768848,0.39933,-0.940484,-0.339636,0.559303,-0.00727355,-0.0588269,-0.128002,0,0,0,0,0,0,0,0,0,0,0,0,0,0,0,0,0,0,0,0,0,0,0,0,0,0,0,0,0,-0.249363,0.662278,-0.487347,-0.102843,-0.981156,0.279968,-0.542756,-0.257417,0.256963,1.54733,-0.0934532,0.142591,0.157937,-0.525143,0.11949,-0.902033,1.10217,0.24982,-0.0591538,0.0531994,0.231248,0.0900241,0.71524,-0.825919,-0.396412,0.64801,-0.011083,-0.0688,-0.146572,-1.44157,1.38699,2.38796,0.0394675,0.181364,-0.00251959,2.35741,-0.212906,-3.6237,0.224213,0.0800984,0.933988,1.01935,0.116349,-2.1075,3.27791,-0.727524,-0.0192837,1.42898,-0.128557,2.67283,0.239571,1.28801,2.57213,3.05964,-0.198259,0.150321,0.110002,0.14353,-6.46041,-6.07201,-0.128072,-41.9361,-50,6.84661,6.50823,7.24648,-3.49879,0.144699,0.115719,0.0417053,-3.80841,-3.59537,-4.22638,4.50731,-6.17588,-2.47661,1.49075,-0.106407,0.421682,-0.172536,-3.95604,0.214354,0.97634,-1.24641,-0.0505916,-0.229823,0.173015,0,0,0,0,0,0,0,0,0,0,0,0,0,0,0,0,0,0,0,0,0,0,0,0,0,0,0,0,0,2.55789,2.55789,2.55789,6.3088,6.3088,1.81445,2.55789,2.55789,1.81445,6.3088,6.3088,0.907223,0.907223,1.81445,1.81445,0.907223,0.907223,1.81445,1.81445,0.907223,0.907223,0.907223,0.907223,0.907223,0.907223,1.06814,1.06814,1.06814,1.06814,40.1792,40.1792,40.1792,99.0984,99.0984,28.5012,40.1792,40.1792,28.5012,99.0984,99.0984,14.2506,14.2506,28.5012,28.5012,14.2506,14.2506,28.5012,28.5012,14.2506,14.2506,14.2506,14.2506,14.2506,14.2506,16.7783,16.7783,16.7783,16.7783,0,0,0,0,0,0,0,0,0,0,0,0,0,0,0,0,0,0,0,0,0,0,0,0,0,0,0,0,0,0,0,0,0,0,0,0,0,0,0,0,0,0,0,0,0,0,0,0,0,0,0,0,0,0,0,0,0,0,0,0,0,0,0,0,0,0,0,0,0,0,0,0,0,0,0,0,0,0,0,0,0,0,0,0,0,0,0,0,0,0,0,0,0,0,0,0,0,0,0,0,0,0,0,0,0,0,0,0,0,0,0,0,0,0,0,0,0,-1.77968,-1.30133,0.929903,-1.58146,0.454493,-0.0964385,0.750024,-1.68838,-1.20156,0.0898686,-0.774403,-0.0123753,-1.63527,-0.546261,0.164574,0.184508,0.0178306,-0.0976304,1.88694,-0.576852,0.823164,-0.789614,-0.625023,-0.357791,0.175305,-1.71813,-4.50186,1.54881,-4.55954,-1.66027,0.196092,0.281133,-0.221888,1.03319,-0.342229,-0.5236,-1.96185,0.0860017,-0.210974,-0.315853,-0.156919,1.21211,-0.087267,0.123298,-0.00542752,-0.526978,-0.0422957,-0.493591,0.528944,0.0394143,-0.117194,0.00782009,0.361021,0.0768848,0.39933,-0.940484,-0.339636,0.559303,-0.00727355,-0.0588269,-0.128002,0.699,-0.963913,0.260431,0.0552057,0.6,0,0,0.154496,0.0935056,1.2153
7.52995,-1.70364,-1.93986,-0.475561,1.14842,2.81937,-1.69096,-1.25438,0.827243,7.52995,-1.70364,-1.93986,-0.475561,1.14842,2.81937,-1.69096,-1.25438,0.827243,-0.750567,0.655765,-0.215703,-0.5236,-2.25091,-0.435477,-0.0873486,-0.181849,0.0837644,0.993541,-0.087267,0.134523,-0.00300781,-0.56575,-0.290927,-0.469497,0.772744,0.0463336,-0.051657,0.0130391,0.705055,0.183504,0.594256,-1.09363,-0.37982,0.585513,-0.00315281,-0.047995,-0.153577,0,0,0,0,0,0,0,0,0,0,0,0,0,0,0,0,0,0,0,0,0,0,0,0,0,0,0,0,0,-0.264543,0.69659,-0.438322,-0.102739,-0.979386,0.235379,-0.473603,-0.264499,0.172988,1.5076,-0.0896178,0.144344,0.169291,-0.523727,0.0685187,-0.843243,1.07105,0.233024,-0.0520704,0.0458776,0.28168,0.094408,0.740399,-0.767898,-0.353201,0.651386,-0.0102255,-0.0633732,-0.138962,-0.240032,1.94018,2.31559,-0.0087061,0.0426582,-2.51706,3.86476,-0.410109,-4.43334,-3.39793,0.108284,-0.317361,0.00357517,0.0516979,-2.52964,2.83972,-2.15681,-1.32626,-0.316038,-0.429867,1.99089,0.0830085,1.1815,2.95521,1.69563,0.427358,0.0353133,0.403931,0.386813,2.50867,8.79283,-2.02933,-41.6549,-50,0.306263,0.963877,-1.03637,-1.61113,-9.62505,-0.530955,-0.0461847,-2.61147,-0.186305,1.37646,2.50417,-5.91692,-3.27086,-1.47013,-0.161512,-0.749304,-0.351243,-5.92806,-5.07099,-1.34464,-1.95452,0.0152539,-0.322847,-0.231384,0,0,0,0,0,0,0,0,0,0,0,0,0,0,0,0,0,0,0,0,0,0,0,0,0,0,0,0,0,2.55789,2.55789,2.55789,6.3088,6.3088,1.81445,2.55789,2.55789,1.81445,6.3088,6.3088,0.907223,0.907223,1.81445,1.81445,0.907223,0.907223,1.81445,1.81445,0.907223,0.907223,0.907223,0.907223,0.907223,0.907223,1.06814,1.06814,1.06814,1.06814,40.1792,40.1792,40.1792,99.0984,99.0984,28.5012,40.1792,40.1792,28.5012,99.0984,99.0984,14.2506,14.2506,28.5012,28.5012,14.2506,14.2506,28.5012,28.5012,14.2506,14.2506,14.2506,14.2506,14.2506,14.2506,16.7783,16.7783,16.7783,16.7783,0,0,0,0,0,0,0,0,0,0,0,0,0,0,0,0,0,0,0,0,0,0,0,0,0,0,0,0,0,0,0,0,0,0,0,0,0,0,0,0,0,0,0,0,0,0,0,0,0,0,0,0,0,0,0,0,0,0,0,0,0,0,0,0,0,0,0,0,0,0,0,0,0,0,0,0,0,0,0,0,0,0,0,0,0,0,0,0,0,0,0,0,0,0,0,0,0,0,0,0,0,0,0,0,0,0,0,0,0,0,0,0,0,0,0,0,0,-1.69096,-1.25438,0.827243,-1.52652,0.898943,-0.663344,1.30591,-2.03757,-1.28997,0.105645,-0.866027,-0.0068581,-1.48584,-0.194455,-0.800968,0.410287,0.0297304,-0.0423191,1.19764,-0.332115,1.6076,-0.64422,-0.393944,0.190991,0.418407,-2.06141,-4.33196,0.92551,-5.38385,-0.642405,-0.992931,0.306726,-0.750567,0.655765,-0.215703,-0.5236,-2.25091,-0.435477,-0.0873486,-0.181849,0.0837644,0.993541,-0.087267,0.134523,-0.00300781,-0.56575,-0.290927,-0.469497,0.772744,0.0463336,-0.051657,0.0130391,0.705055,0.183504,0.594256,-1.09363,-0.37982,0.585513,-0.00315281,-0.047995,-0.153577,0.641,-0.950356,0.30892,0.0372999,0.6,0,0,0.154496,0.0935056,1.2153
4.82066,-4.55055,0.177866,-0.336062,1.37323,2.471,-1.61679,-1.20299,0.739845,4.82066,-4.55055,0.177866,-0.336062,1.37323,2.471,-1.61679,-1.20299,0.739845,-0.506564,0.904752,-0.608802,0.570953,-1.30897,-0.52,-0.263855,-1.55513,0.382741,-0.0105077,0.075076,-0.26747,0.120072,-0.0267311,-0.166057,-0.592069,0.983111,0.0503643,-0.2618,0.0338084,0.68474,0.0233009,0.63274,-1.29105,-0.67526,0.621501,-0.00713621,0.0132212,-0.151804,0,0,0,0,0,0,0,0,0,0,0,0,0,0,0,0,0,0,0,0,0,0,0,0,0,0,0,0,0,-0.304104,0.725296,-0.386986,-0.101643,-0.978843,0.0741741,-0.394088,-0.272663,0.0918738,1.40579,-0.087241,0.143301,0.176462,-0.523068,0.0289799,-0.778531,1.03743,0.197771,-0.0661835,0.0387609,0.368916,0.115825,0.76161,-0.718419,-0.317939,0.656948,-0.00862471,-0.0541658,-0.13689,-3.1796,0.883823,2.27433,0.107001,0.0194177,-8.52744,3.93326,-0.0455185,-3.32331,-5.98495,0.039506,0.0624024,0.555546,0.0361079,-1.72575,3.63826,-1.233,-1.71986,-0.483495,-0.3217,5.00917,1.26139,0.892672,2.08685,1.70351,0.102391,0.0733561,0.410869,0.0344144,-10.5051,-5.25397,1.12421,-42.4459,-50,0.934387,2.47794,4.07808,5.98601,-4.7777,-0.333326,-0.178565,-3.04182,-1.27519,-6.06537,1.27281,-2.61494,-1.20385,1.4445,-0.0776212,0.338544,-0.176578,-3.21021,-7.2488,-2.41227,-1.34661,0.0127305,-0.344525,-0.315669,0,0,0,0,0,0,0,0,0,0,0,0,0,0,0,0,0,0,0,0,0,0,0,0,0,0,0,0,0,2.55789,2.55789,2.55789,6.3088,6.3088,1.81445,2.55789,2.55789,1.81445,6.3088,6.3088,0.907223,0.907223,1.81445,1.81445,0.907223,0.907223,1.81445,1.81445,0.907223,0.907223,0.907223,0.907223,0.907223,0.907223,1.06814,1.06814,1.06814,1.06814,40.1792,40.1792,40.1792,99.0984,99.0984,28.5012,40.1792,40.1792,28.5012,99.0984,99.0984,14.2506,14.2506,28.5012,28.5012,14.2506,14.2506,28.5012,28.5012,14.2506,14.2506,14.2506,14.2506,14.2506,14.2506,16.7783,16.7783,16.7783,16.7783,0,0,0,0,0,0,0,0,0,0,0,0,0,0,0,0,0,0,0,0,0,0,0,0,0,0,0,0,0,0,0,0,0,0,0,0,0,0,0,0,0,0,0,0,0,0,0,0,0,0,0,0,0,0,0,0,0,0,0,0,0,0,0,0,0,0,0,0,0,0,0,0,0,0,0,0,0,0,0,0,0,0,0,0,0,0,0,0,0,0,0,0,0,0,0,0,0,0,0,0,0,0,0,0,0,0,0,0,0,0,0,0,0,0,0,0,0,-1.61679,-1.20299,0.739845,-1.806,0.98669,-0.378627,1.78557,-2.48769,-0.0609495,0.114836,-1.53966,0.273775,-2.29322,0.288594,-0.355337,0.0879284,0.0770865,-0.095787,1.65237,-2.84018,1.56128,0.177464,-1.11187,0.872687,0.0531285,-2.03761,-0.279607,-1.93779,-2.69768,1.24928,-2.52202,-0.609859,-0.506564,0.904752,-0.608802,0.570953,-1.30897,-0.52,-0.263855,-1.55513,0.382741,-0.0105077,0.075076,-0.26747,0.120072,-0.0267311,-0.166057,-0.592069,0.983111,0.0503643,-0.2618,0.0338084,0.68474,0.0233009,0.63274,-1.29105,-0.67526,0.621501,-0.00713621,0.0132212,-0.151804,0.824,-0.933118,0.35919,0.0165317,0.6,0,0,0.173073,0.0968478,3
5.8064,-8.07326,1.45841,0.179302,1.87691,1.68478,-1.53609,-1.15799,0.652597,5.8064,-8.07326,1.45841,0.179302,1.87691,1.68478,-1.53609,-1.15799,0.652597,-0.720328,-0.859848,-0.963766,2.64463,-0.571143,-0.52,-1.35772,-2.59265,0.52,-0.087267,0.480661,-0.75046,0.147182,0.5236,-0.234372,-0.407488,0.880773,0.214278,-0.00511497,0.0945076,0.903244,0.197589,0.470731,-0.748402,-0.411369,0.659252,0.00238371,-0.025345,-0.0112707,0,0,0,0,0,0,0,0,0,0,0,0,0,0,0,0,0,0,0,0,0,0,0,0,0,0,0,0,0,-0.388999,0.681768,-0.403017,0.0111721,-0.971018,-0.0861952,-0.294901,-0.337952,0.00742841,1.16433,-0.0383417,0.0712737,0.191101,-0.504649,-0.00518612,-0.691261,1.01654,0.171008,-0.0939778,0.0386185,0.468943,0.104298,0.773844,-0.684877,-0.321544,0.657753,-0.00953847,-0.0374641,-0.130224,-3.08415,-4.28361,-0.727484,7.90389,0.541087,-7.05859,4.7612,-5.90978,-3.93844,-15.4515,2.11806,-5.11059,0.121658,2.28774,-1.63177,5.03648,-0.550327,-0.553092,-1.9062,-0.0588403,4.52427,-1.29161,0.0821991,1.08778,-1.08278,0.0302612,-0.03157,0.985945,0.285287,3.66331,18.3467,-4.86013,6.80045,-36.7716,0.694067,-11.3397,-35.4802,17.9824,-24.0776,-2.3606,-0.362014,-1.08422,10.0371,-2.07846,-2.65135,0.165094,-0.659529,-1.75083,-0.0670638,-0.98558,-0.100949,-2.3225,-9.80326,-4.209,-0.926806,0.0752324,-0.15375,-0.699018,0,0,0,0,0,0,0,0,0,0,0,0,0,0,0,0,0,0,0,0,0,0,0,0,0,0,0,0,0,2.55789,2.55789,2.55789,6.3088,6.3088,1.81445,2.55789,2.55789,1.81445,6.3088,6.3088,0.907223,0.907223,1.81445,1.81445,0.907223,0.907223,1.81445,1.81445,0.907223,0.907223,0.907223,0.907223,0.907223,0.907223,1.06814,1.06814,1.06814,1.06814,40.1792,40.1792,40.1792,99.0984,99.0984,28.5012,40.1792,40.1792,28.5012,99.0984,99.0984,14.2506,14.2506,28.5012,28.5012,14.2506,14.2506,28.5012,28.5012,14.2506,14.2506,14.2506,14.2506,14.2506,14.2506,16.7783,16.7783,16.7783,16.7783,0,0,0,0,0,0,0,0,0,0,0,0,0,0,0,0,0,0,0,0,0,0,0,0,0,0,0,0,0,0,0,0,0,0,0,0,0,0,0,0,0,0,0,0,0,0,0,0,0,0,0,0,0,0,0,0,0,0,0,0,0,0,0,0,0,0,0,0,0,0,0,0,0,0,0,0,0,0,0,0,0,0,0,0,0,0,0,0,0,0,0,0,0,0,0,0,0,0,0,0,0,0,0,0,0,0,0,0,0,0,0,0,0,0,0,0,0,-1.53609,-1.15799,0.652597,-1.38513,0.617293,-0.534391,1.55223,-1.25041,1.45151,0.488575,-0.937962,0.335589,-1.37972,0.795324,-0.745741,-1.90983,0.215487,0.0319957,-1.57037,-4.73503,2.05949,-0.340197,-1.76015,1.49276,0.450523,-0.151282,5.63402,-4.66614,-0.593571,2.40591,-1.44625,-1.71112,-0.720328,-0.859848,-0.963766,2.64463,-0.571143,-0.52,-1.35772,-2.59265,0.52,-0.087267,0.480661,-0.75046,0.147182,0.5236,-0.234372,-0.407488,0.880773,0.214278,-0.00511497,0.0945076,0.903244,0.197589,0.470731,-0.748402,-0.411369,0.659252,0.00238371,-0.025345,-0.0112707,0.917,-0.915997,0.400943,-0.0139198,0.6,0,0,0.173073,0.0968478,3
28.2835,-57.4058,-4.95979,-1.47559,1.55963,-1.60494,-1.44914,-1.16039,0.552644,28.2835,-57.4058,-4.95979,-1.47559,1.55963,-1.60494,-1.44914,-1.16039,0.552644,0.120992,0.275782,-1.62474,2.33108,-0.724227,0.385389,-2.59173,-1.94065,0.266771,-0.087267,-0.087267,-0.715543,-0.00504917,0.49753,-0.00837609,-0.772047,0.338126,0.209842,-0.110362,-0.0449216,0.0607473,0.454593,0.279694,-0.311924,-0.236882,0.56862,-0.018146,-0.121361,0.0653229,0,0,0,0,0,0,0,0,0,0,0,0,0,0,0,0,0,0,0,0,0,0,0,0,0,0,0,0,0,-0.51153,0.413675,-0.521975,0.453073,-0.865862,-0.202706,-0.335493,-0.581262,-0.0318663,0.874005,0.0998796,-0.110547,0.155605,-0.367474,0.00847328,-0.58182,1.05299,0.184191,-0.0945837,0.0500243,0.572551,0.116886,0.73834,-0.672914,-0.332987,0.657556,-0.00761984,-0.0299925,-0.101087,-5.01492,-14.0777,-4.68188,29.3407,5.04709,-5.6686,-5.49401,-12.3839,-0.187414,-13.7055,6.26667,-10.4796,-3.74493,9.44117,0.133494,4.02489,4.21855,0.048214,2.34264,0.646564,5.92991,1.16233,-3.46699,1.44838,0.267129,0.285734,0.0653976,0.183874,1.76693,5.47543,-14.6292,-4.38213,44.2415,-4.02948,1.10504,-28.9201,-49.2208,16.441,-10.4608,-1.85995,0.16357,2.81797,9.52345,-7.46391,-1.69585,-5.9746,0.573309,-0.40212,-0.0249106,-0.312583,0.033455,-1.01139,-2.08064,-1.19251,-0.234843,0.103754,-0.0847803,-0.343652,0,0,0,0,0,0,0,0,0,0,0,0,0,0,0,0,0,0,0,0,0,0,0,0,0,0,0,0,0,2.55789,2.55789,2.55789,6.3088,6.3088,1.81445,2.55789,2.55789,1.81445,6.3088,6.3088,0.907223,0.907223,1.81445,1.81445,0.907223,0.907223,1.81445,1.81445,0.907223,0.907223,0.907223,0.907223,0.907223,0.907223,1.06814,1.06814,1.06814,1.06814,40.1792,40.1792,40.1792,99.0984,99.0984,28.5012,40.1792,40.1792,28.5012,99.0984,99.0984,14.2506,14.2506,28.5012,28.5012,14.2506,14.2506,28.5012,28.5012,14.2506,14.2506,14.2506,14.2506,14.2506,14.2506,16.7783,16.7783,16.7783,16.7783,0,0,0,0,0,0,0,0,0,0,0,0,0,0,0,0,0,0,0,0,0,0,0,0,0,0,0,0,0,0,0,0,0,0,0,0,0,0,0,0,0,0,0,0,0,0,0,0,0,0,0,0,0,0,0,0,0,0,0,0,0,0,0,0,0,0,0,0,0,0,0,0,0,0,0,0,0,0,0,0,0,0,0,0,0,0,0,0,0,0,0,0,0,0,0,0,0,0,0,0,0,0,0,0,0,0,0,0,0,0,0,0,0,0,0,0,0,-1.44914,-1.16039,0.552644,-2.21636,0.181709,-0.0190983,0.314941,-0.255199,1.13442,0.478461,-0.540115,-0.0115126,-1.6197,-0.421209,0.790786,-4.16353,-0.102426,-0.243568,0.50367,-3.54427,0.13851,-1.62899,-2.96731,0.608264,1.03652,0.876807,4.73984,-3.69451,-1.03013,-1.11701,0.878726,-1.63151,0.120992,0.275782,-1.62474,2.33108,-0.724227,0.385389,-2.59173,-1.94065,0.266771,-0.087267,-0.087267,-0.715543,-0.00504917,0.49753,-0.00837609,-0.772047,0.338126,0.209842,-0.110362,-0.0449216,0.0607473,0.454593,0.279694,-0.311924,-0.236882,0.56862,-0.018146,-0.121361,0.0653229,0.726,-0.916958,0.396036,-0.0484176,0.6,0,0,0.202353,0.102985,3
46.9844,-38.4212,4.36801,-2.47641,0.450796,-1.59946,-1.43978,-1.19679,0.49762,46.9844,-38.4212,4.36801,-2.47641,0.450796,-1.59946,-1.43978,-1.19679,0.49762,0.490639,0.515407,-0.313114,1.22056,-1.10845,0.111283,-1.58607,-0.609098,0.0128592,-0.087267,-0.087267,-0.336278,-0.12678,0.157378,0.433874,-0.833462,0.69968,0.2618,-0.2618,-0.138195,0.045922,0.647127,0.886905,-0.435885,-0.183899,0.596203,-0.0250079,-0.120665,-0.0510651,0,0,0,0,0,0,0,0,0,0,0,0,0,0,0,0,0,0,0,0,0,0,0,0,0,0,0,0,0,-0.5696,0.166482,-0.512738,0.871921,-0.865239,-0.14838,-0.608633,-0.802096,-0.00349564,0.637009,0.0644054,-0.284577,0.011428,-0.151064,0.0321602,-0.553856,1.1076,0.201303,-0.0301406,0.0259504,0.615565,0.190138,0.678711,-0.630783,-0.327633,0.65135,-0.00956099,-0.0441404,-0.0587813,-3.03522,-12.593,1.58717,16.7151,0.48351,5.78004,-18.2907,-10.2785,-0.111827,-10.8672,-2.47214,-6.02246,-7.98197,11.6563,1.27405,-0.736248,0.65162,1.63062,2.78944,-1.43207,-2.02846,4.19404,-2.36029,2.65351,0.25967,-0.437022,-0.151071,-1.12186,2.01303,33.6334,35.6918,-49.9011,37.3949,12.3895,5.25356,-34.4387,-19.4168,5.60391,-3.67961,-0.927919,0.597822,7.35194,-1.83316,-2.46902,-2.71185,-11.8708,-2.85388,-7.40647,0.323635,-5,0.0243392,-3.58624,2.57302,1.2093,-0.51656,-0.0427613,-0.16247,-0.0330964,0,0,0,0,0,0,0,0,0,0,0,0,0,0,0,0,0,0,0,0,0,0,0,0,0,0,0,0,0,2.55789,2.55789,2.55789,6.3088,6.3088,1.81445,2.55789,2.55789,1.81445,6.3088,6.3088,0.907223,0.907223,1.81445,1.81445,0.907223,0.907223,1.81445,1.81445,0.907223,0.907223,0.907223,0.907223,0.907223,0.907223,1.06814,1.06814,1.06814,1.06814,40.1792,40.1792,40.1792,99.0984,99.0984,28.5012,40.1792,40.1792,28.5012,99.0984,99.0984,14.2506,14.2506,28.5012,28.5012,14.2506,14.2506,28.5012,28.5012,14.2506,14.2506,14.2506,14.2506,14.2506,14.2506,16.7783,16.7783,16.7783,16.7783,0,0,0,0,0,0,0,0,0,0,0,0,0,0,0,0,0,0,0,0,0,0,0,0,0,0,0,0,0,0,0,0,0,0,0,0,0,0,0,0,0,0,0,0,0,0,0,0,0,0,0,0,0,0,0,0,0,0,0,0,0,0,0,0,0,0,0,0,0,0,0,0,0,0,0,0,0,0,0,0,0,0,0,0,0,0,0,0,0,0,0,0,0,0,0,0,0,0,0,0,0,0,0,0,0,0,0,0,0,0,0,0,0,0,0,0,0,-1.43978,-1.19679,0.49762,-2.3564,1.56621,0.989277,1.13932,-0.537842,0.358837,0.92199,-0.419308,-0.289071,-2.29273,-0.050961,1.46588,-2.32688,-0.315099,-0.335673,0.941302,-1.11241,0.104707,-1.61965,-0.571849,0.0293203,1.47551,-0.685429,1.57292,-2.90013,-2.12583,-0.525779,0.253736,-0.766748,0.490639,0.515407,-0.313114,1.22056,-1.10845,0.111283,-1.58607,-0.609098,0.0128592,-0.087267,-0.087267,-0.336278,-0.12678,0.157378,0.433874,-0.833462,0.69968,0.2618,-0.2618,-0.138195,0.045922,0.647127,0.886905,-0.435885,-0.183899,0.596203,-0.0250079,-0.120665,-0.0510651,0.628,-0.93087,0.36222,-0.0477315,0.6,0,0,0.233187,0.117325,3
2.31169,3.25313,2.83552,-3.33405,-0.158844,-1.13718,-1.49451,-1.22199,0.486647,2.31169,3.25313,2.83552,-3.33405,-0.158844,-1.13718,-1.49451,-1.22199,0.486647,-0.26192,0.391558,0.251,-0.222516,-0.732371,-0.250197,-0.345748,-0.20307,0.52,-0.0702794,-0.0577559,0.100108,-0.215031,-0.339302,-0.0809395,-0.877968,0.86967,0.2618,-0.246477,0.0341033,0.390576,0.328195,1.03555,-1.07197,-0.374154,0.635875,-0.0347317,-0.0705092,-0.184973,0,0,0,0,0,0,0,0,0,0,0,0,0,0,0,0,0,0,0,0,0,0,0,0,0,0,0,0,0,-0.548911,0.0420108,-0.43748,1.03713,-0.901886,-0.0724379,-0.892701,-0.868447,-0.0405318,0.430733,0.0232183,-0.312445,-0.164085,0.0569606,-0.00282436,-0.580724,1.0849,0.239044,-0.018432,-0.0174548,0.510772,0.305106,0.636753,-0.556414,-0.29453,0.643206,-0.0131129,-0.0621716,-0.0511181,3.90097,-2.09566,4.86919,3.85794,-0.751931,2.93927,-11.2421,2.07621,-2.81415,-9.19093,-1.77912,0.507373,-10.4309,8.84826,-3.624,-1.59265,-2.40476,1.73474,-0.959995,-1.98458,-6.16727,5.83775,-1.43623,3.64989,2.42156,-0.993478,-0.162335,-0.807757,-0.00725119,33.0102,25.6886,-6.97599,-8.59842,-14.8871,-0.109336,1.39918,7.75141,5.97385,7.15398,0.26626,-0.605442,9.40477,-13.3446,18.6043,-2.19689,-3.58125,-2.58449,-5.68263,0.105255,-1.23338,-0.381663,4.98806,-1.60244,-0.447571,0.111503,-0.0353235,-0.149137,0.0354033,0,0,0,0,0,0,0,0,0,0,0,0,0,0,0,0,0,0,0,0,0,0,0,0,0,0,0,0,0,2.55789,2.55789,2.55789,6.3088,6.3088,1.81445,2.55789,2.55789,1.81445,6.3088,6.3088,0.907223,0.907223,1.81445,1.81445,0.907223,0.907223,1.81445,1.81445,0.907223,0.907223,0.907223,0.907223,0.907223,0.907223,1.06814,1.06814,1.06814,1.06814,40.1792,40.1792,40.1792,99.0984,99.0984,28.5012,40.1792,40.1792,28.5012,99.0984,99.0984,14.2506,14.2506,28.5012,28.5012,14.2506,14.2506,28.5012,28.5012,14.2506,14.2506,14.2506,14.2506,14.2506,14.2506,16.7783,16.7783,16.7783,16.7783,0,0,0,0,0,0,0,0,0,0,0,0,0,0,0,0,0,0,0,0,0,0,0,0,0,0,0,0,0,0,0,0,0,0,0,0,0,0,0,0,0,0,0,0,0,0,0,0,0,0,0,0,0,0,0,0,0,0,0,0,0,0,0,0,0,0,0,0,0,0,0,0,0,0,0,0,0,0,0,0,0,0,0,0,0,0,0,0,0,0,0,0,0,0,0,0,0,0,0,0,0,0,0,0,0,0,0,0,0,0,0,0,0,0,0,0,0,-1.49451,-1.22199,0.486647,-2.45788,1.90515,-0.18455,1.52691,-1.98818,-0.773642,0.845042,-0.853109,-0.490291,-1.93005,0.481539,0.0914618,-0.0616358,0.077759,-0.466193,0.715114,-0.370872,0.890552,-0.946421,0.458408,1.42752,0.748318,-2.48283,-2.54238,-2.10824,-1.05335,0.870481,-0.570473,0.228256,-0.26192,0.391558,0.251,-0.222516,-0.732371,-0.250197,-0.345748,-0.20307,0.52,-0.0702794,-0.0577559,0.100108,-0.215031,-0.339302,-0.0809395,-0.877968,0.86967,0.2618,-0.246477,0.0341033,0.390576,0.328195,1.03555,-1.07197,-0.374154,0.635875,-0.0347317,-0.0705092,-0.184973,0.738,-0.939782,0.34078,-0.0260484,0.6,0,0,0.233187,0.117325,3
22.1401,11.9763,3.99902,-2.25059,0.627909,-1.57527,-1.53325,-1.24861,0.465819,22.1401,11.9763,3.99902,-2.25059,0.627909,-1.57527,-1.53325,-1.24861,0.465819,0.156774,-0.285985,0.326468,-0.169563,-0.309873,-0.284829,-0.399327,-0.373728,0.52,-0.087267,0.130387,0.42284,-0.224365,0.0294315,-0.170234,-1.18922,1.29187,0.2618,-0.146607,0.15035,0.264187,-0.211256,0.639533,-1.45384,-0.500692,0.70366,-0.0575946,0.000396021,-0.208519,0,0,0,0,0,0,0,0,0,0,0,0,0,0,0,0,0,0,0,0,0,0,0,0,0,0,0,0,0,-0.395701,0.0958179,-0.298295,0.885103,-0.856305,-0.102923,-0.963242,-0.72236,-0.0368892,0.261379,-0.000905396,-0.223405,-0.37325,0.1638,-0.120538,-0.602835,1.02724,0.272675,-0.0627331,-0.0045994,0.458046,0.341648,0.610125,-0.502145,-0.239237,0.618239,-0.0192732,-0.07161,-0.0746031,8.42542,5.47297,7.52285,-13.8383,2.17654,-2.4262,1.34374,9.77729,2.75241,-7.56895,-1.03283,5.8196,-9.16381,2.03731,-5.85121,0.4228,-2.62519,2.08116,-3.08068,1.08028,-1.06629,0.493529,-0.343238,1.6715,2.47172,-1.98625,-0.306523,-0.563769,-1.39895,-16.114,-0.727265,3.1715,-28.8752,-1.40321,0.174645,23.224,-2.84248,11.8703,15.0492,0.866817,-0.533746,10.7886,-19.2273,11.6769,-3.69593,0.36672,-3.41654,-0.421822,-0.405287,0.06944,-0.622245,6.69075,-9.79518,-4.26181,2.04417,0.0667279,0.464308,-0.381812,0,0,0,0,0,0,0,0,0,0,0,0,0,0,0,0,0,0,0,0,0,0,0,0,0,0,0,0,0,2.55789,2.55789,2.55789,6.3088,6.3088,1.81445,2.55789,2.55789,1.81445,6.3088,6.3088,0.907223,0.907223,1.81445,1.81445,0.907223,0.907223,1.81445,1.81445,0.907223,0.907223,0.907223,0.907223,0.907223,0.907223,1.06814,1.06814,1.06814,1.06814,40.1792,40.1792,40.1792,99.0984,99.0984,28.5012,40.1792,40.1792,28.5012,99.0984,99.0984,14.2506,14.2506,28.5012,28.5012,14.2506,14.2506,28.5012,28.5012,14.2506,14.2506,14.2506,14.2506,14.2506,14.2506,16.7783,16.7783,16.7783,16.7783,0,0,0,0,0,0,0,0,0,0,0,0,0,0,0,0,0,0,0,0,0,0,0,0,0,0,0,0,0,0,0,0,0,0,0,0,0,0,0,0,0,0,0,0,0,0,0,0,0,0,0,0,0,0,0,0,0,0,0,0,0,0,0,0,0,0,0,0,0,0,0,0,0,0,0,0,0,0,0,0,0,0,0,0,0,0,0,0,0,0,0,0,0,0,0,0,0,0,0,0,0,0,0,0,0,0,0,0,0,0,0,0,0,0,0,0,0,-1.53325,-1.24861,0.465819,-3.16757,1.00218,-0.388151,2.48957,-2.85888,0.0671068,1.08237,-1.14163,-0.511575,-1.70234,1.39139,0.856136,-0.159488,0.342813,-0.773072,-0.522303,-0.68255,0.602372,0.00531566,0.596238,2.75283,-0.481685,-2.79888,-2.39137,-2.34096,0.151504,1.40702,-0.64944,0.964117,0.156774,-0.285985,0.326468,-0.169563,-0.309873,-0.284829,-0.399327,-0.373728,0.52,-0.087267,0.130387,0.42284,-0.224365,0.0294315,-0.170234,-1.18922,1.29187,0.2618,-0.146607,0.15035,0.264187,-0.211256,0.639533,-1.45384,-0.500692,0.70366,-0.0575946,0.000396021,-0.208519,0.899,-0.948546,0.316416,-0.0118854,0.6,0,0,0.208435,0.110971,3
16.3097,8.314,1.8447,-1.0439,1.28026,-1.81623,-1.46772,-1.28707,0.362589,16.3097,8.314,1.8447,-1.0439,1.28026,-1.81623,-1.46772,-1.28707,0.362589,0.0795054,-0.472103,-0.117897,-0.442794,0.0252705,-0.16531,-0.831045,0.0267221,0.52,0.0789651,-0.087267,0.349361,-0.243743,-0.12319,-0.280229,-0.527671,0.784167,0.2618,0.2618,0.0911751,0.391932,-0.146856,0.478463,-0.789489,-0.0705059,0.684393,-0.0354321,-0.0194855,-0.101791,0,0,0,0,0,0,0,0,0,0,0,0,0,0,0,0,0,0,0,0,0,0,0,0,0,0,0,0,0,-0.226182,0.172173,-0.176516,0.56944,-0.699702,-0.154097,-0.904098,-0.549106,0.0700133,0.126808,0.0324738,-0.0465379,-0.514244,0.177783,-0.242089,-0.579925,1.01824,0.30274,-0.0975934,0.0480349,0.411433,0.236645,0.613451,-0.500866,-0.204503,0.60049,-0.032367,-0.0738831,-0.102307,6.4998,1.8632,4.05078,-13.2672,6.40316,-1.991,3.18541,6.01146,5.69007,-4.99614,1.46418,8.32818,-4.48683,-0.0447176,-4.65676,0.665209,0.616339,0.198356,-0.423667,2.07885,-2.11708,-6.84555,-0.432709,-0.831776,-0.0852326,1.6628,-0.670748,0.485974,-0.908326,-1.44385,-23.5887,9.71527,10.0191,-1.8751,-0.0970039,12.597,-8.75255,2.95228,10.5654,0.469904,-0.786845,8.31584,-4.3445,10.4756,-9.51794,3.4021,-2.07172,-0.358827,-0.519687,-0.146261,-0.365069,0.286823,-12.8469,-4.72105,0.864051,0.281482,1.15105,-0.766575,0,0,0,0,0,0,0,0,0,0,0,0,0,0,0,0,0,0,0,0,0,0,0,0,0,0,0,0,0,2.55789,2.55789,2.55789,6.3088,6.3088,1.81445,2.55789,2.55789,1.81445,6.3088,6.3088,0.907223,0.907223,1.81445,1.81445,0.907223,0.907223,1.81445,1.81445,0.907223,0.907223,0.907223,0.907223,0.907223,0.907223,1.06814,1.06814,1.06814,1.06814,40.1792,40.1792,40.1792,99.0984,99.0984,28.5012,40.1792,40.1792,28.5012,99.0984,99.0984,14.2506,14.2506,28.5012,28.5012,14.2506,14.2506,28.5012,28.5012,14.2506,14.2506,14.2506,14.2506,14.2506,14.2506,16.7783,16.7783,16.7783,16.7783,0,0,0,0,0,0,0,0,0,0,0,0,0,0,0,0,0,0,0,0,0,0,0,0,0,0,0,0,0,0,0,0,0,0,0,0,0,0,0,0,0,0,0,0,0,0,0,0,0,0,0,0,0,0,0,0,0,0,0,0,0,0,0,0,0,0,0,0,0,0,0,0,0,0,0,0,0,0,0,0,0,0,0,0,0,0,0,0,0,0,0,0,0,0,0,0,0,0,0,0,0,0,0,0,0,0,0,0,0,0,0,0,0,0,0,0,0,-1.46772,-1.28707,0.362589,-1.65916,0.634924,-0.638951,1.33196,-1.34409,-0.280885,0.71704,-0.16076,-0.555757,-0.29447,1.13278,0.715018,-0.947946,0.207888,-0.475593,-0.862215,0.0488034,0.893645,-0.261548,-0.215319,1.33349,-0.334846,-1.3663,-3.17056,-1.68263,1.10725,-0.33768,-0.376924,0.796579,0.0795054,-0.472103,-0.117897,-0.442794,0.0252705,-0.16531,-0.831045,0.0267221,0.52,0.0789651,-0.087267,0.349361,-0.243743,-0.12319,-0.280229,-0.527671,0.784167,0.2618,0.2618,0.0911751,0.391932,-0.146856,0.478463,-0.789489,-0.0705059,0.684393,-0.0354321,-0.0194855,-0.101791,0.645,-0.959072,0.281879,-0.026931,0.6,0,0,0.208435,0.110971,3
9.92065,5.73903,1.55252,-0.720027,0.510417,-1.17742,-1.42303,-1.31096,0.299453,9.92065,5.73903,1.55252,-0.720027,0.510417,-1.17742,-1.42303,-1.31096,0.299453,-0.823259,0.101312,-0.811532,-0.336382,0.115654,-0.132863,-0.434932,-0.17584,0.396064,0.676638,-0.087267,0.120758,-0.0927486,-0.691132,-0.317213,-0.330316,0.441558,0.217653,0.2618,0.0592106,0.458405,-0.0462876,0.251552,-0.635988,0.127063,0.652932,-0.0180888,-0.0485894,-0.0349056,0,0,0,0,0,0,0,0,0,0,0,0,0,0,0,0,0,0,0,0,0,0,0,0,0,0,0,0,0,-0.133736,0.168452,-0.173125,0.326103,-0.523503,-0.160676,-0.879281,-0.453189,0.191511,0.0848582,0.0047125,0.0705369,-0.586219,0.183967,-0.29568,-0.583105,1.01737,0.293828,-0.0621571,0.0657496,0.373741,0.13402,0.58485,-0.515258,-0.216701,0.669565,-0.0344896,-0.0519738,-0.108158,4.21777,-1.11493,-2.12685,-13.117,8.94716,0.18171,0.459645,5.03656,6.74285,-0.93888,-1.53551,5.26671,-3.80749,0.343045,-2.02222,-0.493817,-0.75936,-0.506741,3.24572,0.528919,-1.45592,-4.91477,-1.94804,-0.862245,-0.633474,4.43774,0.0451644,1.48162,-0.133213,-2.42497,-23.124,6.83531,5.58979,-2.20339,-0.413238,0.581021,6.60789,-2.75896,6.38148,0.678731,-0.869792,8.27688,-9.47031,4.23325,1.20698,-2.79595,0.0950814,3.81952,-0.145925,1.7378,0.469088,0.15838,-3.18826,2.68129,-4.3506,-0.0538854,-0.949057,0.253142,0,0,0,0,0,0,0,0,0,0,0,0,0,0,0,0,0,0,0,0,0,0,0,0,0,0,0,0,0,2.55789,2.55789,2.55789,6.3088,6.3088,1.81445,2.55789,2.55789,1.81445,6.3088,6.3088,0.907223,0.907223,1.81445,1.81445,0.907223,0.907223,1.81445,1.81445,0.907223,0.907223,0.907223,0.907223,0.907223,0.907223,1.06814,1.06814,1.06814,1.06814,40.1792,40.1792,40.1792,99.0984,99.0984,28.5012,40.1792,40.1792,28.5012,99.0984,99.0984,14.2506,14.2506,28.5012,28.5012,14.2506,14.2506,28.5012,28.5012,14.2506,14.2506,14.2506,14.2506,14.2506,14.2506,16.7783,16.7783,16.7783,16.7783,0,0,0,0,0,0,0,0,0,0,0,0,0,0,0,0,0,0,0,0,0,0,0,0,0,0,0,0,0,0,0,0,0,0,0,0,0,0,0,0,0,0,0,0,0,0,0,0,0,0,0,0,0,0,0,0,0,0,0,0,0,0,0,0,0,0,0,0,0,0,0,0,0,0,0,0,0,0,0,0,0,0,0,0,0,0,0,0,0,0,0,0,0,0,0,0,0,0,0,0,0,0,0,0,0,0,0,0,0,0,0,0,0,0,0,0,0,-1.42303,-1.31096,0.299453,-1.20917,0.117543,-0.723278,0.550775,-0.994096,-1.57585,0.49627,0.289716,-0.211476,-0.674015,0.71049,-0.933727,-0.224515,0.135006,-0.2428,0.185028,-0.321142,1.04521,-0.6522,-1.48213,0.903065,-0.10554,-0.468526,-2.8671,0.0217807,1.365,0.691384,-0.302941,0.275341,-0.823259,0.101312,-0.811532,-0.336382,0.115654,-0.132863,-0.434932,-0.17584,0.396064,0.676638,-0.087267,0.120758,-0.0927486,-0.691132,-0.317213,-0.330316,0.441558,0.217653,0.2618,0.0592106,0.458405,-0.0462876,0.251552,-0.635988,0.127063,0.652932,-0.0180888,-0.0485894,-0.0349056,0.677,-0.966433,0.254119,-0.037827,0.6,0,0,0.199553,0.110265,3
0.019748,12.1373,0.424141,0.970211,0.54238,-0.526177,-1.37391,-1.32344,0.253052,0.019748,12.1373,0.424141,0.970211,0.54238,-0.526177,-1.37391,-1.32344,0.253052,-1.30557,0.739677,-1.88788,-0.5236,-0.868156,-0.46764,-0.340706,0.275135,0.216159,0.79879,-0.087267,0.000467817,0.0613007,-0.625122,-0.486165,-0.188323,0.447438,0.0932973,0.2618,0.0163811,0.466565,0.190316,0.0132043,-0.796737,-0.0422121,0.605298,-0.0125653,-0.0513483,-0.0342767,0,0,0,0,0,0,0,0,0,0,0,0,0,0,0,0,0,0,0,0,0,0,0,0,0,0,0,0,0,-0.128177,0.171393,-0.328523,0.145335,-0.350488,-0.153001,-0.860257,-0.373943,0.271955,0.164129,-0.0256499,0.114018,-0.59506,0.137245,-0.297053,-0.580374,0.962005,0.295337,0.00752419,0.0692893,0.372258,0.0773353,0.555947,-0.548847,-0.210579,0.740606,-0.0280522,-0.0277055,-0.101272,-2.07193,1.79687,-9.40374,-6.87258,7.62179,0.363816,2.06318,3.28591,2.34496,6.4616,-1.11144,0.653173,2.17291,-4.568,0.901062,0.780239,-3.96124,0.438369,3.69559,0.154602,0.667983,-1.78578,-0.732469,-2.71228,2.06008,1.98726,0.372579,1.00683,0.453559,-23.7454,-6.3991,4.21617,-4.09474,-1.87561,-0.102246,12.7085,-0.47656,-1.02004,12.6449,1.12601,-0.608007,5.68267,-16.3127,-1.94725,3.00117,-4.0724,-2.94627,0.851806,-0.271443,0.744798,-0.0795026,-3.5141,0.904308,3.43728,-3.98418,-0.246333,-1.49135,0.679559,0,0,0,0,0,0,0,0,0,0,0,0,0,0,0,0,0,0,0,0,0,0,0,0,0,0,0,0,0,2.55789,2.55789,2.55789,6.3088,6.3088,1.81445,2.55789,2.55789,1.81445,6.3088,6.3088,0.907223,0.907223,1.81445,1.81445,0.907223,0.907223,1.81445,1.81445,0.907223,0.907223,0.907223,0.907223,0.907223,0.907223,1.06814,1.06814,1.06814,1.06814,40.1792,40.1792,40.1792,99.0984,99.0984,28.5012,40.1792,40.1792,28.5012,99.0984,99.0984,14.2506,14.2506,28.5012,28.5012,14.2506,14.2506,28.5012,28.5012,14.2506,14.2506,14.2506,14.2506,14.2506,14.2506,16.7783,16.7783,16.7783,16.7783,0,0,0,0,0,0,0,0,0,0,0,0,0,0,0,0,0,0,0,0,0,0,0,0,0,0,0,0,0,0,0,0,0,0,0,0,0,0,0,0,0,0,0,0,0,0,0,0,0,0,0,0,0,0,0,0,0,0,0,0,0,0,0,0,0,0,0,0,0,0,0,0,0,0,0,0,0,0,0,0,0,0,0,0,0,0,0,0,0,0,0,0,0,0,0,0,0,0,0,0,0,0,0,0,0,0,0,0,0,0,0,0,0,0,0,0,0,-1.37391,-1.32344,0.253052,-0.885415,-0.425913,-1.1085,0.564183,-1.36062,-1.42534,0.212727,-0.0962479,0.139772,-0.507287,0.0711158,-1.81458,-0.0524266,0.0373506,-0.16866,1.35089,0.502487,1.06382,-0.689231,-3.44789,0.492864,0.43394,-0.460084,-4.68474,0.370128,-1.44058,-0.397938,-1.06627,0.00106667,-1.30557,0.739677,-1.88788,-0.5236,-0.868156,-0.46764,-0.340706,0.275135,0.216159,0.79879,-0.087267,0.000467817,0.0613007,-0.625122,-0.486165,-0.188323,0.447438,0.0932973,0.2618,0.0163811,0.466565,0.190316,0.0132043,-0.796737,-0.0422121,0.605298,-0.0125653,-0.0513483,-0.0342767,0.797,-0.969564,0.240108,-0.0478949,0.6,0,0,0.199553,0.110265,3
2.39055,2.75814,-6.66713,1.94831,0.450997,-0.602843,-1.31539,-1.33291,0.224561,2.39055,2.75814,-6.66713,1.94831,0.450997,-0.602843,-1.31539,-1.33291,0.224561,-1.14064,1.21824,-1.46761,-0.5236,-1.67584,-0.52,-0.399199,0.224517,0.335134,1.29092,-0.087267,0.0802914,0.138262,-0.769404,-0.379765,-0.439656,0.972934,0.0576071,0.2618,-0.0118414,0.553774,-0.0285975,0.126117,-1.5643,-0.358315,0.594473,-0.0305268,-0.0287124,-0.0983631,0,0,0,0,0,0,0,0,0,0,0,0,0,0,0,0,0,0,0,0,0,0,0,0,0,0,0,0,0,-0.230968,0.250516,-0.672336,0.00610267,-0.458182,-0.223965,-0.805415,-0.287955,0.284848,0.311733,-0.0435617,0.0965437,-0.497989,-0.00319154,-0.222137,-0.532288,0.890586,0.279022,0.0764817,0.062508,0.39424,0.101557,0.561291,-0.609622,-0.171318,0.751504,-0.0230825,-0.019051,-0.0852318,-7.43522,6.02915,-19.6114,-7.60835,-6.39297,-4.13816,3.56561,5.35743,-0.486286,7.43017,-0.690322,-1.42043,6.42657,-9.12626,4.74025,3.32149,-3.1197,-1.34361,3.00374,-0.460821,1.20532,1.95102,0.562404,-3.21642,1.55995,-0.282141,0.198332,0.0590666,0.795287,-26.0373,5.65871,0.170164,-6.37227,-0.273612,0.547324,10.3234,9.90839,-1.47228,2.25228,0.100725,-0.122487,2.52111,-2.48792,-15.9332,2.08241,-3.47841,-3.01254,-0.207742,-0.255358,-0.040468,-0.495675,-8.29196,0.126047,0.386362,-2.31961,-0.0373343,-0.677025,-0.000369447,0,0,0,0,0,0,0,0,0,0,0,0,0,0,0,0,0,0,0,0,0,0,0,0,0,0,0,0,0,2.55789,2.55789,2.55789,6.3088,6.3088,1.81445,2.55789,2.55789,1.81445,6.3088,6.3088,0.907223,0.907223,1.81445,1.81445,0.907223,0.907223,1.81445,1.81445,0.907223,0.907223,0.907223,0.907223,0.907223,0.907223,1.06814,1.06814,1.06814,1.06814,40.1792,40.1792,40.1792,99.0984,99.0984,28.5012,40.1792,40.1792,28.5012,99.0984,99.0984,14.2506,14.2506,28.5012,28.5012,14.2506,14.2506,28.5012,28.5012,14.2506,14.2506,14.2506,14.2506,14.2506,14.2506,16.7783,16.7783,16.7783,16.7783,0,0,0,0,0,0,0,0,0,0,0,0,0,0,0,0,0,0,0,0,0,0,0,0,0,0,0,0,0,0,0,0,0,0,0,0,0,0,0,0,0,0,0,0,0,0,0,0,0,0,0,0,0,0,0,0,0,0,0,0,0,0,0,0,0,0,0,0,0,0,0,0,0,0,0,0,0,0,0,0,0,0,0,0,0,0,0,0,0,0,0,0,0,0,0,0,0,0,0,0,0,0,0,0,0,0,0,0,0,0,0,0,0,0,0,0,0,-1.31539,-1.33291,0.224561,-1.45848,-0.16846,-0.865901,1.76237,-3.11074,-1.75432,0.13135,-0.816994,0.315252,-0.419149,-0.0741816,-1.51338,-0.159253,-0.0269997,-0.409751,2.22491,0.410042,1.26266,-0.385396,-2.68033,0.76414,-0.0652052,-1.32029,-6.3244,1.77357,-3.7439,-2.4241,-1.26516,0.183072,-1.14064,1.21824,-1.46761,-0.5236,-1.67584,-0.52,-0.399199,0.224517,0.335134,1.29092,-0.087267,0.0802914,0.138262,-0.769404,-0.379765,-0.439656,0.972934,0.0576071,0.2618,-0.0118414,0.553774,-0.0285975,0.126117,-1.5643,-0.358315,0.594473,-0.0305268,-0.0287124,-0.0983631,0.686,-0.971838,0.228007,-0.059534,0.6,0,0,0.210945,0.118801,3
30.4155,-20.2003,5.8999,2.42622,2.39465,-1.18585,-1.11741,-1.33987,0.0679914,30.4155,-20.2003,5.8999,2.42622,2.39465,-1.18585,-1.11741,-1.33987,0.0679914,0.0629368,0.898584,-0.693793,-0.5236,-1.88991,-0.52,-0.120825,0.766119,0.52,0.402265,-0.087267,-0.0876491,0.187166,-0.437716,0.141651,-0.674518,1.5882,0.2618,-0.0351643,-0.0531714,0.922352,0.182072,0.625205,-1.82357,-0.801891,0.65211,-0.0450339,0.0520238,-0.267655,0,0,0,0,0,0,0,0,0,0,0,0,0,0,0,0,0,0,0,0,0,0,0,0,0,0,0,0,0,-0.41941,0.399953,-0.933901,-0.132315,-0.765932,-0.289179,-0.736517,-0.139876,0.26851,0.525492,-0.0569801,0.0879805,-0.366318,-0.227641,-0.169789,-0.463047,0.873603,0.23412,0.126199,0.0475947,0.434314,0.0881818,0.567561,-0.689846,-0.157981,0.727332,-0.0244346,-0.0190328,-0.0785345,-11.6679,6.53832,-9.89251,-3.77581,-14.7516,-1.21787,2.97215,8.42325,-1.59186,11.764,-0.436841,0.138271,6.55889,-12.1288,1.11328,3.71699,0.791289,-2.74885,2.13662,-0.980527,1.98863,-1.77694,0.164606,-4.33591,-0.158885,-1.44116,-0.132714,-0.193317,0.0631329,-2.08998,15.3324,4.07993,-8.54599,2.89713,-3.71304,5.02142,-5.85524,4.40887,3.4319,-0.250751,-0.18367,1.25301,6.14445,-7.54088,-2.83093,0.931047,-0.513721,0.131848,-0.00864286,-0.150574,-0.175024,-6.36915,-8.52949,-2.85744,-0.553106,0.0177235,-0.0229048,-0.440406,0,0,0,0,0,0,0,0,0,0,0,0,0,0,0,0,0,0,0,0,0,0,0,0,0,0,0,0,0,2.55789,2.55789,2.55789,6.3088,6.3088,1.81445,2.55789,2.55789,1.81445,6.3088,6.3088,0.907223,0.907223,1.81445,1.81445,0.907223,0.907223,1.81445,1.81445,0.907223,0.907223,0.907223,0.907223,0.907223,0.907223,1.06814,1.06814,1.06814,1.06814,40.1792,40.1792,40.1792,99.0984,99.0984,28.5012,40.1792,40.1792,28.5012,99.0984,99.0984,14.2506,14.2506,28.5012,28.5012,14.2506,14.2506,28.5012,28.5012,14.2506,14.2506,14.2506,14.2506,14.2506,14.2506,16.7783,16.7783,16.7783,16.7783,0,0,0,0,0,0,0,0,0,0,0,0,0,0,0,0,0,0,0,0,0,0,0,0,0,0,0,0,0,0,0,0,0,0,0,0,0,0,0,0,0,0,0,0,0,0,0,0,0,0,0,0,0,0,0,0,0,0,0,0,0,0,0,0,0,0,0,0,0,0,0,0,0,0,0,0,0,0,0,0,0,0,0,0,0,0,0,0,0,0,0,0,0,0,0,0,0,0,0,0,0,0,0,0,0,0,0,0,0,0,0,0,0,0,0,0,0,-1.11741,-1.33987,0.0679914,-1.99399,0.969509,0.322977,4.52246,-3.7019,-0.998035,1.00346,-1.82839,0.426757,-1.44824,0.699455,0.684758,0.349149,-0.121236,-0.604474,1.64111,1.39919,2.10305,0.698298,-1.26709,2.37,0.415143,-3.59264,-6.23315,-0.760662,-4.35438,-0.40532,-3.96621,-0.199849,0.0629368,0.898584,-0.693793,-0.5236,-1.88991,-0.52,-0.120825,0.766119,0.52,0.402265,-0.087267,-0.0876491,0.187166,-0.437716,0.141651,-0.674518,1.5882,0.2618,-0.0351643,-0.0531714,0.922352,0.182072,0.625205,-1.82357,-0.801891,0.65211,-0.0450339,0.0520238,-0.267655,0.807,-0.973455,0.205753,-0.100251,0.6,0,0,0.229555,0.129054,3
10.7731,-10.6264,6.6272,1.89638,1.24822,-1.30377,-0.883845,-1.34023,-0.126687,10.7731,-10.6264,6.6272,1.89638,1.24822,-1.30377,-0.883845,-1.34023,-0.126687,0.575646,1.07389,-0.828734,-0.5236,-0.981943,-0.52,-0.614313,-0.242563,0.52,-0.087267,-0.0336515,-0.489703,0.120558,0.0138708,-0.106817,-0.30899,1.5882,0.2618,0.0781464,-0.0328873,1.09892,0.347298,0.688874,-1.26409,-0.683953,0.664498,-0.0212576,0.0637034,-0.191006,0,0,0,0,0,0,0,0,0,0,0,0,0,0,0,0,0,0,0,0,0,0,0,0,0,0,0,0,0,-0.566691,0.516449,-0.94902,-0.14683,-0.991204,-0.292484,-0.62917,0.0609301,0.30207,0.602152,-0.0589893,0.0596358,-0.305761,-0.442153,-0.18944,-0.374406,0.893907,0.189736,0.12144,0.00879597,0.55372,0.0871076,0.578142,-0.760562,-0.21304,0.706035,-0.0313251,-0.00726773,-0.106511,-3.21731,5.43753,3.07522,0.504945,-4.20018,0.226681,6.80605,10.5153,4.26037,-0.585435,-0.301131,-2.2534,0.956672,-9.02304,-2.34961,4.45391,1.16554,-1.80771,-0.868917,-2.00666,7.02175,0.580473,0.494618,-3.32105,-3.93038,-0.44796,-0.279116,0.944155,-1.88634,35.0658,1.64586,3.12291,-39.5845,-50,-6.8198,3.85648,2.11119,-0.615912,-19.2158,-1.09396,-0.179682,5.96957,16.7409,13.2471,-8.27014,8.94757,5.37349,-2.89945,0.921964,-0.994638,0.85963,0.175337,-12.2354,-5.00667,-0.283973,0.084177,0.0528729,-0.751804,0,0,0,0,0,0,0,0,0,0,0,0,0,0,0,0,0,0,0,0,0,0,0,0,0,0,0,0,0,2.55789,2.55789,2.55789,6.3088,6.3088,1.81445,2.55789,2.55789,1.81445,6.3088,6.3088,0.907223,0.907223,1.81445,1.81445,0.907223,0.907223,1.81445,1.81445,0.907223,0.907223,0.907223,0.907223,0.907223,0.907223,1.06814,1.06814,1.06814,1.06814,40.1792,40.1792,40.1792,99.0984,99.0984,28.5012,40.1792,40.1792,28.5012,99.0984,99.0984,14.2506,14.2506,28.5012,28.5012,14.2506,14.2506,28.5012,28.5012,14.2506,14.2506,14.2506,14.2506,14.2506,14.2506,16.7783,16.7783,16.7783,16.7783,0,0,0,0,0,0,0,0,0,0,0,0,0,0,0,0,0,0,0,0,0,0,0,0,0,0,0,0,0,0,0,0,0,0,0,0,0,0,0,0,0,0,0,0,0,0,0,0,0,0,0,0,0,0,0,0,0,0,0,0,0,0,0,0,0,0,0,0,0,0,0,0,0,0,0,0,0,0,0,0,0,0,0,0,0,0,0,0,0,0,0,0,0,0,0,0,0,0,0,0,0,0,0,0,0,0,0,0,0,0,0,0,0,0,0,0,0,-0.883845,-1.34023,-0.126687,-1.16055,1.11468,-0.243554,3.68567,-2.42623,0.0316268,0.700486,-1.55948,0.274885,-1.18988,0.865736,1.62113,-0.552123,-0.0749864,-0.285334,1.96128,-0.443,2.50564,0.85507,-1.51354,2.00999,0.791873,-2.5638,-4.46479,-2.18057,-1.76507,0.939221,-4.44369,-1.11657,0.575646,1.07389,-0.828734,-0.5236,-0.981943,-0.52,-0.614313,-0.242563,0.52,-0.087267,-0.0336515,-0.489703,0.120558,0.0138708,-0.106817,-0.30899,1.5882,0.2618,0.0781464,-0.0328873,1.09892,0.347298,0.688874,-1.26409,-0.683953,0.664498,-0.0212576,0.0637034,-0.191006,0.748,-0.973536,0.176697,-0.144931,0.6,0,0,0.229555,0.129054,3
10.4514,-8.56829,6.97419,0.259443,0.454243,-2.16923,-0.701229,-1.35472,-0.293264,10.4514,-8.56829,6.97419,0.259443,0.454243,-2.16923,-0.701229,-1.35472,-0.293264,0.53311,0.614868,-0.30715,-0.335734,-0.440457,-0.52,-0.69962,-0.798458,0.518663,-0.087267,0.269544,-0.600557,0.0664206,0.12567,-0.0632737,-0.195934,1.15965,0.180616,0.121183,-0.0263015,1.14401,0.406737,0.702625,-0.842515,-0.479617,0.6391,-0.000527382,0.00415352,-0.11027,0,0,0,0,0,0,0,0,0,0,0,0,0,0,0,0,0,0,0,0,0,0,0,0,0,0,0,0,0,-0.534201,0.594339,-0.903294,-0.132203,-0.966318,-0.286894,-0.508339,0.184455,0.350314,0.499625,-0.048626,-0.0568043,-0.321594,-0.532953,-0.246629,-0.280262,0.939123,0.164279,0.103861,-0.0222148,0.700248,0.133211,0.553152,-0.814212,-0.297174,0.731332,-0.0306711,0.0128076,-0.126269,5.41237,2.80544,1.9366,0.737368,1.87851,0.25888,4.90513,2.69965,0.90488,-7.33377,0.366079,-7.04882,-2.57376,-0.878452,-2.81692,4.92763,3.0341,-0.69125,-0.632837,-1.15812,6.9805,2.79555,-2.79583,-2.10985,-4.2265,2.59298,0.118522,1.18772,-0.678356,33.058,11.8296,-1.8355,-43.3976,-13.2733,-7.11948,-17.2184,-25.4352,2.77704,-14.4853,-1.01127,0.0722163,8.16537,18.3924,9.10034,-4.71132,6.70341,4.22725,0.563588,0.931719,-0.595668,0.575291,4.17583,-4.46465,-1.80897,-3.69641,0.0431762,-0.304098,-0.373028,0,0,0,0,0,0,0,0,0,0,0,0,0,0,0,0,0,0,0,0,0,0,0,0,0,0,0,0,0,2.55789,2.55789,2.55789,6.3088,6.3088,1.81445,2.55789,2.55789,1.81445,6.3088,6.3088,0.907223,0.907223,1.81445,1.81445,0.907223,0.907223,1.81445,1.81445,0.907223,0.907223,0.907223,0.907223,0.907223,0.907223,1.06814,1.06814,1.06814,1.06814,40.1792,40.1792,40.1792,99.0984,99.0984,28.5012,40.1792,40.1792,28.5012,99.0984,99.0984,14.2506,14.2506,28.5012,28.5012,14.2506,14.2506,28.5012,28.5012,14.2506,14.2506,14.2506,14.2506,14.2506,14.2506,16.7783,16.7783,16.7783,16.7783,0,0,0,0,0,0,0,0,0,0,0,0,0,0,0,0,0,0,0,0,0,0,0,0,0,0,0,0,0,0,0,0,0,0,0,0,0,0,0,0,0,0,0,0,0,0,0,0,0,0,0,0,0,0,0,0,0,0,0,0,0,0,0,0,0,0,0,0,0,0,0,0,0,0,0,0,0,0,0,0,0,0,0,0,0,0,0,0,0,0,0,0,0,0,0,0,0,0,0,0,0,0,0,0,0,0,0,0,0,0,0,0,0,0,0,0,0,-0.701229,-1.35472,-0.293264,-0.902768,1.14604,-0.14427,2.1881,-1.465,0.286539,0.411822,-1.09358,0.151446,-1.09175,0.524832,1.54345,-0.707922,-0.05997,-0.00707887,1.12295,-1.45825,2.60847,0.0557512,-0.560958,1.1826,0.9274,-1.48011,-2.86525,-3.03919,-0.220889,1.80386,-3.5123,-1.36933,0.53311,0.614868,-0.30715,-0.335734,-0.440457,-0.52,-0.69962,-0.798458,0.518663,-0.087267,0.269544,-0.600557,0.0664206,0.12567,-0.0632737,-0.195934,1.15965,0.180616,0.121183,-0.0263015,1.14401,0.406737,0.702625,-0.842515,-0.479617,0.6391,-0.000527382,0.00415352,-0.11027,0.711,-0.976745,0.138323,-0.163814,0.6,0,0,0.299665,0.164741,3
26.5347,-2.98477,4.54373,-0.940752,-0.299008,-1.82181,-0.549453,-1.37487,-0.45767,26.5347,-2.98477,4.54373,-0.940752,-0.299008,-1.82181,-0.549453,-1.37487,-0.45767,-0.216226,0.893508,-0.393811,-0.5236,-1.35105,-0.52,-0.231315,0.477734,-0.00693731,0.204577,0.0445168,-0.252498,-0.0252944,-0.3105,-0.199451,-0.0392787,0.497119,-0.0090966,0.2618,0.0555126,0.921765,0.563998,0.811805,-0.715937,-0.314353,0.600681,0.0084369,-0.092696,-0.0803482,0,0,0,0,0,0,0,0,0,0,0,0,0,0,0,0,0,0,0,0,0,0,0,0,0,0,0,0,0,-0.378571,0.595634,-0.770046,-0.118143,-0.829314,-0.283199,-0.462217,0.146797,0.325288,0.352764,0.032748,-0.198591,-0.420398,-0.462384,-0.287896,-0.200071,0.993988,0.155268,0.109111,-0.0341633,0.827623,0.198229,0.48648,-0.833252,-0.378295,0.776163,-0.0228505,0.031409,-0.127977,8.3233,-2.20025,7.98729,0.628733,6.27233,0.1365,0.175478,-4.53527,-2.38482,-7.0539,3.78792,-6.56794,-6.40816,6.23623,-0.874895,3.7548,2.39944,-0.0470472,0.516109,-0.280243,5.87251,3.22286,-3.5228,-0.342964,-3.40654,1.81451,0.42289,0.831107,0.122239,15.5762,5.20653,-1.55847,-25.5762,-0.988462,-7.00657,-11.2172,-27.5699,9.51412,-0.176646,-0.51102,0.221791,12.3822,6.54437,8.70164,-3.09163,0.209549,1.05823,-0.61215,0.417292,-0.766514,0.095607,6.13011,0.17916,1.7781,-4.24506,-0.0736181,-1.33572,0.196043,0,0,0,0,0,0,0,0,0,0,0,0,0,0,0,0,0,0,0,0,0,0,0,0,0,0,0,0,0,2.55789,2.55789,2.55789,6.3088,6.3088,1.81445,2.55789,2.55789,1.81445,6.3088,6.3088,0.907223,0.907223,1.81445,1.81445,0.907223,0.907223,1.81445,1.81445,0.907223,0.907223,0.907223,0.907223,0.907223,0.907223,1.06814,1.06814,1.06814,1.06814,40.1792,40.1792,40.1792,99.0984,99.0984,28.5012,40.1792,40.1792,28.5012,99.0984,99.0984,14.2506,14.2506,28.5012,28.5012,14.2506,14.2506,28.5012,28.5012,14.2506,14.2506,14.2506,14.2506,14.2506,14.2506,16.7783,16.7783,16.7783,16.7783,0,0,0,0,0,0,0,0,0,0,0,0,0,0,0,0,0,0,0,0,0,0,0,0,0,0,0,0,0,0,0,0,0,0,0,0,0,0,0,0,0,0,0,0,0,0,0,0,0,0,0,0,0,0,0,0,0,0,0,0,0,0,0,0,0,0,0,0,0,0,0,0,0,0,0,0,0,0,0,0,0,0,0,0,0,0,0,0,0,0,0,0,0,0,0,0,0,0,0,0,0,0,0,0,0,0,0,0,0,0,0,0,0,0,0,0,0,-0.549453,-1.37487,-0.45767,-0.545579,1.39498,-0.454767,0.677461,-1.17639,-0.70797,-0.0207412,-0.716755,-0.0576738,-0.617042,0.00913936,0.174915,0.147357,0.126574,0.113246,1.63184,0.8725,2.10172,-1.24423,-0.719228,-0.0158178,1.28597,-1.07849,-5.02521,-1.32442,-2.81767,1.16214,-2.94541,-0.57572,-0.216226,0.893508,-0.393811,-0.5236,-1.35105,-0.52,-0.231315,0.477734,-0.00693731,0.204577,0.0445168,-0.252498,-0.0252944,-0.3105,-0.199451,-0.0392787,0.497119,-0.0090966,0.2618,0.0555126,0.921765,0.563998,0.811805,-0.715937,-0.314353,0.600681,0.0084369,-0.092696,-0.0803482,0.703,-0.980868,0.101663,-0.16602,0.6,0,0,0.299665,0.164741,3
6.43166,5.31177,-2.02906,-0.734765,-0.843069,-0.114851,-0.543884,-1.39463,-0.480896,6.43166,5.31177,-2.02906,-0.734765,-0.843069,-0.114851,-0.543884,-1.39463,-0.480896,-0.596056,0.583951,0.543854,-0.5236,-0.998764,-0.52,0.762762,0.671779,0.0483455,0.367797,0.747842,-0.0833408,-0.0272969,-0.0613865,-0.286033,-0.0392803,0.503549,-0.0200454,0.2618,0.0295038,1.07305,0.178876,0.879231,-1.22539,-0.49821,0.639091,-0.000505433,0.00954186,-0.163679,0,0,0,0,0,0,0,0,0,0,0,0,0,0,0,0,0,0,0,0,0,0,0,0,0,0,0,0,0,-0.261288,0.576522,-0.652635,-0.109548,-0.916477,-0.281696,-0.458823,0.0998262,0.271494,0.263502,0.0368905,-0.251681,-0.549897,-0.387845,-0.274333,-0.163082,1.00797,0.132898,0.149512,-0.0140131,0.879444,0.290191,0.45447,-0.833153,-0.447945,0.79239,-0.0133326,0.0214762,-0.123471,3.85422,0.531415,4.5618,0.281417,-2.64431,0.0373374,0.77722,-0.424384,-2.8069,-2.8259,-0.00490248,-0.699295,-5.76795,1.42967,1.50642,1.10466,-0.696368,-0.966821,2.1068,1.56405,1.18884,4.84586,-0.686388,0.0704375,-3.104,0.163032,0.420571,-0.983908,0.241117,-8.60141,12.1734,-1.39262,-42.9017,-23.1652,-6.86552,7.68227,17.0699,-2.9971,13.0588,0.840291,0.77397,12.7298,-1.06036,-0.32169,0.732139,-6.87873,-2.19286,-0.66756,-0.349734,-0.550988,-0.424679,5.77598,1.61101,4.75864,-3.49428,-0.0875268,-0.92304,0.469847,0,0,0,0,0,0,0,0,0,0,0,0,0,0,0,0,0,0,0,0,0,0,0,0,0,0,0,0,0,2.55789,2.55789,2.55789,6.3088,6.3088,1.81445,2.55789,2.55789,1.81445,6.3088,6.3088,0.907223,0.907223,1.81445,1.81445,0.907223,0.907223,1.81445,1.81445,0.907223,0.907223,0.907223,0.907223,0.907223,0.907223,1.06814,1.06814,1.06814,1.06814,40.1792,40.1792,40.1792,99.0984,99.0984,28.5012,40.1792,40.1792,28.5012,99.0984,99.0984,14.2506,14.2506,28.5012,28.5012,14.2506,14.2506,28.5012,28.5012,14.2506,14.2506,14.2506,14.2506,14.2506,14.2506,16.7783,16.7783,16.7783,16.7783,0,0,0,0,0,0,0,0,0,0,0,0,0,0,0,0,0,0,0,0,0,0,0,0,0,0,0,0,0,0,0,0,0,0,0,0,0,0,0,0,0,0,0,0,0,0,0,0,0,0,0,0,0,0,0,0,0,0,0,0,0,0,0,0,0,0,0,0,0,0,0,0,0,0,0,0,0,0,0,0,0,0,0,0,0,0,0,0,0,0,0,0,0,0,0,0,0,0,0,0,0,0,0,0,0,0,0,0,0,0,0,0,0,0,0,0,0,-0.543884,-1.39463,-0.480896,-0.545583,1.54871,-0.652185,0.692123,-2.33798,-0.139967,-0.0457054,-1.13597,-0.0622395,-0.186026,0.524708,-0.51878,1.96287,0.0672717,-0.00678426,1.06649,1.22689,2.44667,0.128077,0.993257,0.110233,0.407855,-2.197,-4.09267,-0.858958,-1.81304,3.16785,-3.23879,-0.190025,-0.596056,0.583951,0.543854,-0.5236,-0.998764,-0.52,0.762762,0.671779,0.0483455,0.367797,0.747842,-0.0833408,-0.0272969,-0.0613865,-0.286033,-0.0392803,0.503549,-0.0200454,0.2618,0.0295038,1.07305,0.178876,0.879231,-1.22539,-0.49821,0.639091,-0.000505433,0.00954186,-0.163679,0.704,-0.984523,0.0906882,-0.149967,0.6,0,0,0.318404,0.182623,3
18.019,2.65885,3.65713,-0.390345,-0.74227,-0.0317121,-0.591581,-1.40274,-0.443185,18.019,2.65885,3.65713,-0.390345,-0.74227,-0.0317121,-0.591581,-1.40274,-0.443185,0.0772279,-0.192059,-0.111612,2.68043,0.5236,-0.52,-0.93896,-2.7576,0.52,-0.087267,0.118225,-0.725898,-0.132415,0.5236,-0.786586,0.114135,0.675431,0.2618,0.2618,0.0704958,0.586115,-0.599354,0.0629234,-0.917198,-0.572768,0.682307,-0.0339672,0.177172,-0.125363,0,0,0,0,0,0,0,0,0,0,0,0,0,0,0,0,0,0,0,0,0,0,0,0,0,0,0,0,0,-0.219674,0.625172,-0.404705,-0.105352,-0.920317,-0.281505,-0.391488,0.117386,0.250111,0.230013,0.208238,-0.228217,-0.617378,-0.406064,-0.261319,-0.141882,0.97897,0.121066,0.176992,0.0195155,0.923803,0.299534,0.441966,-0.838899,-0.504062,0.786886,-0.00881545,0.0204927,-0.132125,-0.0481753,3.34143,14.5722,0.167067,0.505339,0.0152825,4.88949,1.50609,-0.288835,-0.736827,8.43931,1.98799,-1.00293,-2.29382,1.17333,1.7408,-1.88939,-0.601956,1.21526,1.21672,2.44125,-1.24288,-0.549296,-0.542335,-2.45449,-0.365599,0.158715,0.258482,-0.616592,-16.0662,-9.75883,1.4901,-42.5304,-10.6217,-6.81756,35.0144,18.7512,-5.11829,19.1277,0.249653,0.354355,9.75443,13.4294,-2.51001,0.0467044,-5.18349,-3.07056,0.324435,-1.04195,-0.0492718,-0.701569,6.7414,-5.05415,2.29722,-2.11505,-0.0299948,-0.448864,0.115356,0,0,0,0,0,0,0,0,0,0,0,0,0,0,0,0,0,0,0,0,0,0,0,0,0,0,0,0,0,2.55789,2.55789,2.55789,6.3088,6.3088,1.81445,2.55789,2.55789,1.81445,6.3088,6.3088,0.907223,0.907223,1.81445,1.81445,0.907223,0.907223,1.81445,1.81445,0.907223,0.907223,0.907223,0.907223,0.907223,0.907223,1.06814,1.06814,1.06814,1.06814,40.1792,40.1792,40.1792,99.0984,99.0984,28.5012,40.1792,40.1792,28.5012,99.0984,99.0984,14.2506,14.2506,28.5012,28.5012,14.2506,14.2506,28.5012,28.5012,14.2506,14.2506,14.2506,14.2506,14.2506,14.2506,16.7783,16.7783,16.7783,16.7783,0,0,0,0,0,0,0,0,0,0,0,0,0,0,0,0,0,0,0,0,0,0,0,0,0,0,0,0,0,0,0,0,0,0,0,0,0,0,0,0,0,0,0,0,0,0,0,0,0,0,0,0,0,0,0,0,0,0,0,0,0,0,0,0,0,0,0,0,0,0,0,0,0,0,0,0,0,0,0,0,0,0,0,0,0,0,0,0,0,0,0,0,0,0,0,0,0,0,0,0,0,0,0,0,0,0,0,0,0,0,0,0,0,0,0,0,0,-0.591581,-1.40274,-0.443185,-0.195781,-0.312548,-1.79349,1.08403,-1.63528,2.68162,0.616432,-1.30597,-0.301918,-0.108294,1.10478,0.710858,-1.14504,0.160737,-0.45593,-0.350762,-7.31818,1.3364,2.37812,-0.20384,2.94954,-1.36659,-1.6827,5.7361,-5.12646,3.61596,1.37233,-1.77629,-1.65512,0.0772279,-0.192059,-0.111612,2.68043,0.5236,-0.52,-0.93896,-2.7576,0.52,-0.087267,0.118225,-0.725898,-0.132415,0.5236,-0.786586,0.114135,0.675431,0.2618,0.2618,0.0704958,0.586115,-0.599354,0.0629234,-0.917198,-0.572768,0.682307,-0.0339672,0.177172,-0.125363,0.87,-0.985912,0.0932805,-0.138842,0.6,0,0,0.291707,0.172922,3
6.16828,-2.21462,-4.12434,-1.28272,-0.184702,-2.38011,-0.468965,-1.42861,-0.587331,6.16828,-2.21462,-4.12434,-1.28272,-0.184702,-2.38011,-0.468965,-1.42861,-0.587331,-0.173633,0.763577,-1.88303,2.62695,0.5236,0.0150363,-2.09852,-2.7576,0.52,-0.087267,-0.087267,-0.71668,-0.0713462,0.5236,-0.87267,-0.343207,0.229102,0.0934157,0.2618,0.20755,-0.0249329,-0.227252,0.174896,-0.723589,-0.356375,0.591324,-0.0259093,0.00722896,-0.00178434,0,0,0,0,0,0,0,0,0,0,0,0,0,0,0,0,0,0,0,0,0,0,0,0,0,0,0,0,0,-0.378854,0.497836,-0.293852,0.260258,-0.587688,-0.279895,-0.351694,-0.0292687,0.146729,0.189493,0.19906,-0.286458,-0.56038,-0.323337,-0.25832,-0.0393631,0.957263,0.17869,0.19486,0.052158,0.880043,0.141403,0.374521,-0.84874,-0.516307,0.787541,-0.0145059,0.059468,-0.132454,-8.85819,-12.6792,3.16396,31.0006,18.2372,0.107032,0.729466,-13.5148,-5.92891,-2.78921,-1.19637,-3.31196,3.31901,8.50099,-2.18194,6.52391,-0.162024,3.39496,1.08579,1.46371,-4.33756,-11.3388,-4.62859,-0.491531,0.0578344,0.057983,-0.294563,2.37423,0.208908,43.0712,1.5477,0.203636,57.0046,-3.92354,-7.03558,-25.8148,-78.6726,21.8567,-10.4461,-0.346281,-2.52283,2.74461,10.4964,-12.3948,-3.46316,-3.76004,-3.89241,0.14132,-1.1829,-0.468659,-0.599232,-0.427131,-0.54487,-0.866591,-1.89388,-0.0051386,-0.533737,-0.0922312,0,0,0,0,0,0,0,0,0,0,0,0,0,0,0,0,0,0,0,0,0,0,0,0,0,0,0,0,0,2.55789,2.55789,2.55789,6.3088,6.3088,1.81445,2.55789,2.55789,1.81445,6.3088,6.3088,0.907223,0.907223,1.81445,1.81445,0.907223,0.907223,1.81445,1.81445,0.907223,0.907223,0.907223,0.907223,0.907223,0.907223,1.06814,1.06814,1.06814,1.06814,40.1792,40.1792,40.1792,99.0984,99.0984,28.5012,40.1792,40.1792,28.5012,99.0984,99.0984,14.2506,14.2506,28.5012,28.5012,14.2506,14.2506,28.5012,28.5012,14.2506,14.2506,14.2506,14.2506,14.2506,14.2506,16.7783,16.7783,16.7783,16.7783,0,0,0,0,0,0,0,0,0,0,0,0,0,0,0,0,0,0,0,0,0,0,0,0,0,0,0,0,0,0,0,0,0,0,0,0,0,0,0,0,0,0,0,0,0,0,0,0,0,0,0,0,0,0,0,0,0,0,0,0,0,0,0,0,0,0,0,0,0,0,0,0,0,0,0,0,0,0,0,0,0,0,0,0,0,0,0,0,0,0,0,0,0,0,0,0,0,0,0,0,0,0,0,0,0,0,0,0,0,0,0,0,0,0,0,0,0,-0.468965,-1.42861,-0.587331,-1.23857,-0.0572385,-2.15301,0.0663555,-1.19383,1.55206,0.212997,-0.81257,-0.162677,-0.501148,-0.116456,0.252704,-3.26278,0.473235,-0.347772,1.39454,-6.13584,-0.0568496,0.0970319,-3.43903,1.55319,-0.518157,-0.0239506,5.58359,-5.15415,3.18191,-2.9907,0.0342842,-1.6341,-0.173633,0.763577,-1.88303,2.62695,0.5236,0.0150363,-2.09852,-2.7576,0.52,-0.087267,-0.087267,-0.71668,-0.0713462,0.5236,-0.87267,-0.343207,0.229102,0.0934157,0.2618,0.20755,-0.0249329,-0.227252,0.174896,-0.723589,-0.356375,0.591324,-0.0259093,0.00722896,-0.00178434,0.609,-0.989908,0.0640476,-0.12641,0.6,0,0,0.291707,0.172922,3
6.28404,-3.74445,-17.1595,-1.502,-1.43913,-0.857353,-0.341047,-1.46179,-0.743875,6.28404,-3.74445,-17.1595,-1.502,-1.43913,-0.857353,-0.341047,-1.46179,-0.743875,0.0556765,0.869874,-0.762126,1.90116,-0.0110612,0.0406188,-1.86537,-0.574049,-0.0585687,-0.087267,-0.087267,-0.119462,-0.00853015,0.20258,-0.577674,-1.32035,0.955541,0.2618,-0.0201566,-0.0500322,-0.470619,0.468208,0.542862,-0.522533,-0.2036,0.586397,-0.0211042,-0.09542,-0.073943,0,0,0,0,0,0,0,0,0,0,0,0,0,0,0,0,0,0,0,0,0,0,0,0,0,0,0,0,0,-0.511704,0.159788,-0.38113,0.870927,-0.276808,-0.220958,-0.431946,-0.34511,0.0668058,0.154127,0.12878,-0.301992,-0.565262,-0.107552,-0.26184,0.0537563,0.940259,0.197661,0.249499,0.0933238,0.709789,0.0134359,0.325155,-0.854811,-0.518214,0.779757,-0.0173018,0.0686618,-0.107103,-4.55156,-17.7348,-4.38476,27.7589,13.3178,3.02382,-7.26527,-16.5171,-2.11489,-1.518,-3.2045,0.242933,-2.67369,11.5673,0.269029,3.06442,-1.4809,0.330229,2.57836,2.27777,-10.331,-4.068,-0.970325,-0.203974,-0.0991919,-0.94186,-0.10376,-0.335562,1.4965,26.0765,68.6843,-47.9294,-0.413588,-5.00648,1.20802,-50.3451,-56.0933,17.3741,-14.896,-1.18772,-6.02686,9.02452,-2.31334,-18.2202,-8.66327,-8.9014,-3.57989,-4.57979,-0.401914,-1.35162,0.351814,-1.0846,2.05944,2.40593,-2.29473,-0.03653,-0.755595,0.183248,0,0,0,0,0,0,0,0,0,0,0,0,0,0,0,0,0,0,0,0,0,0,0,0,0,0,0,0,0,2.55789,2.55789,2.55789,6.3088,6.3088,1.81445,2.55789,2.55789,1.81445,6.3088,6.3088,0.907223,0.907223,1.81445,1.81445,0.907223,0.907223,1.81445,1.81445,0.907223,0.907223,0.907223,0.907223,0.907223,0.907223,1.06814,1.06814,1.06814,1.06814,40.1792,40.1792,40.1792,99.0984,99.0984,28.5012,40.1792,40.1792,28.5012,99.0984,99.0984,14.2506,14.2506,28.5012,28.5012,14.2506,14.2506,28.5012,28.5012,14.2506,14.2506,14.2506,14.2506,14.2506,14.2506,16.7783,16.7783,16.7783,16.7783,0,0,0,0,0,0,0,0,0,0,0,0,0,0,0,0,0,0,0,0,0,0,0,0,0,0,0,0,0,0,0,0,0,0,0,0,0,0,0,0,0,0,0,0,0,0,0,0,0,0,0,0,0,0,0,0,0,0,0,0,0,0,0,0,0,0,0,0,0,0,0,0,0,0,0,0,0,0,0,0,0,0,0,0,0,0,0,0,0,0,0,0,0,0,0,0,0,0,0,0,0,0,0,0,0,0,0,0,0,0,0,0,0,0,0,0,0,-0.341047,-1.46179,-0.743875,-3.46655,0.781759,-1.31715,1.72271,-0.735408,0.461903,0.941988,-0.464228,-0.0194496,-1.41402,-0.182592,0.671498,-2.83697,-0.114078,-0.283274,1.58868,-1.0484,-1.07306,-1.28079,-1.39189,-0.133542,1.06756,-0.992512,3.51381,-3.72883,1.00364,-1.83383,0.0926149,-0.272385,0.0556765,0.869874,-0.762126,1.90116,-0.0110612,0.0406188,-1.86537,-0.574049,-0.0585687,-0.087267,-0.087267,-0.119462,-0.00853015,0.20258,-0.577674,-1.32035,0.955541,0.2618,-0.0201566,-0.0500322,-0.470619,0.468208,0.542862,-0.522533,-0.2036,0.586397,-0.0211042,-0.09542,-0.073943,0.679,-0.994065,0.0363862,-0.102521,0.6,0,0,0.268017,0.167014,3
-7.03962,-1.62268,-2.46433,-1.90151,0.100458,1.41365,-0.511671,-1.46576,-0.607523,-7.03962,-1.62268,-2.46433,-1.90151,0.100458,1.41365,-0.511671,-1.46576,-0.607523,0.0713161,0.355581,0.168236,0.732451,0.0232684,-0.237741,-1.22514,-0.188606,0.24358,-0.087267,-0.087267,0.132672,-0.0821947,-0.00508609,-0.52366,-1.18477,1.05798,0.2618,0.0570776,-0.0711062,-0.323273,0.427359,0.657122,-0.749166,-0.149286,0.630184,-0.0225446,-0.0576568,-0.145559,0,0,0,0,0,0,0,0,0,0,0,0,0,0,0,0,0,0,0,0,0,0,0,0,0,0,0,0,0,-0.517431,-0.0415249,-0.338559,1.25216,-0.186842,-0.15668,-0.602076,-0.575929,0.0691742,0.112957,0.0739821,-0.268194,-0.705567,0.065954,-0.299664,0.0337613,0.901424,0.201169,0.275942,0.0556198,0.46948,0.0638579,0.334257,-0.844218,-0.52454,0.754343,-0.0183635,0.0367607,-0.102306,1.76279,-4.70355,4.33047,13.7421,3.05446,2.94728,-9.2826,-7.20789,0.245879,-2.32297,-2.44266,2.26085,-9.4151,6.1426,-2.72981,-3.63055,-2.41728,0.101946,0.122948,-2.57513,-12.7473,5.57325,1.01899,0.986083,-0.0557686,-1.35598,-0.0538835,-1.90496,-0.135654,19.3177,50.5107,-27.7024,-24.4828,-2.00156,0.277314,-28.0668,20.0885,-4.42225,-5.68439,-0.649439,0.14725,17.9551,-7.78802,-3.16574,-16.4885,2.80521,1.56483,-9.15067,0.89545,-2.11487,0.920628,2.08898,3.777,4.74163,-1.39983,0.0108471,-0.215126,0.619757,0,0,0,0,0,0,0,0,0,0,0,0,0,0,0,0,0,0,0,0,0,0,0,0,0,0,0,0,0,2.55789,2.55789,2.55789,6.3088,6.3088,1.81445,2.55789,2.55789,1.81445,6.3088,6.3088,0.907223,0.907223,1.81445,1.81445,0.907223,0.907223,1.81445,1.81445,0.907223,0.907223,0.907223,0.907223,0.907223,0.907223,1.06814,1.06814,1.06814,1.06814,40.1792,40.1792,40.1792,99.0984,99.0984,28.5012,40.1792,40.1792,28.5012,99.0984,99.0984,14.2506,14.2506,28.5012,28.5012,14.2506,14.2506,28.5012,28.5012,14.2506,14.2506,14.2506,14.2506,14.2506,14.2506,16.7783,16.7783,16.7783,16.7783,0,0,0,0,0,0,0,0,0,0,0,0,0,0,0,0,0,0,0,0,0,0,0,0,0,0,0,0,0,0,0,0,0,0,0,0,0,0,0,0,0,0,0,0,0,0,0,0,0,0,0,0,0,0,0,0,0,0,0,0,0,0,0,0,0,0,0,0,0,0,0,0,0,0,0,0,0,0,0,0,0,0,0,0,0,0,0,0,0,0,0,0,0,0,0,0,0,0,0,0,0,0,0,0,0,0,0,0,0,0,0,0,0,0,0,0,0,-0.511671,-1.46576,-0.607523,-3.15742,1.04228,-1.194,1.95629,-1.25215,-0.0115968,1.08594,-0.340387,-0.187412,-1.23792,0.405144,0.700061,-1.66769,-0.162129,-0.302609,0.649409,-0.344457,-0.737095,-0.773908,0.307255,0.555387,0.974421,-1.95379,0.180946,-2.40547,1.10154,0.133484,-0.542073,0.302506,0.0713161,0.355581,0.168236,0.732451,0.0232684,-0.237741,-1.22514,-0.188606,0.24358,-0.087267,-0.087267,0.132672,-0.0821947,-0.00508609,-0.52366,-1.18477,1.05798,0.2618,0.0570776,-0.0711062,-0.323273,0.427359,0.657122,-0.749166,-0.149286,0.630184,-0.0225446,-0.0576568,-0.145559,0.592,-0.994489,0.0513338,-0.091414,0.6,0,0,0.268017,0.167014,3
27.1899,-4.63428,8.82549,-2.33392,-0.761641,-0.37608,-0.628031,-1.46527,-0.53316,27.1899,-4.63428,8.82549,-2.33392,-0.761641,-0.37608,-0.628031,-1.46527,-0.53316,-0.479387,-0.432825,0.349228,-0.0470551,0.0334348,-0.31594,-0.0734367,0.302461,0.52,0.16968,0.225717,0.493891,-0.150279,-0.115152,-0.476616,-1.22126,1.40643,0.2618,0.0347924,0.00979081,0.116468,0.206342,0.26809,-1.19484,-0.238569,0.651503,-0.0356544,-0.0663825,-0.177268,0,0,0,0,0,0,0,0,0,0,0,0,0,0,0,0,0,0,0,0,0,0,0,0,0,0,0,0,0,-0.392354,-0.0729339,-0.245165,1.31782,-0.121044,-0.163101,-0.688766,-0.669275,0.122924,0.0549689,0.0301241,-0.181249,-0.839448,0.131516,-0.3542,-0.0151993,0.845362,0.21665,0.261156,0.0174148,0.254794,0.164184,0.326636,-0.819711,-0.468233,0.740807,-0.0199117,0.0102133,-0.116486,8.09688,0.195013,5.30786,-3.24408,2.63507,-1.08738,-2.47237,-3.35497,4.50597,-2.57179,-1.89358,5.02372,-5.01959,2.29392,-1.4976,-1.50894,-2.47331,0.438192,-0.903647,-1.58205,-9.10332,4.39822,-0.823063,1.73594,3.84569,-0.594638,-0.0252159,-0.913297,-0.67177,-1.00376,17.4121,3.93567,-44.122,-2.62514,-0.199943,-15.2862,28.0772,-4.14454,2.63698,0.368333,0.0229847,15.2798,-8.10862,-1.78993,-15.4448,5.30233,0.111884,-4.18477,0.157662,0.0725695,-0.279062,5.94682,-0.497748,1.49066,-1.79203,0.0939179,-0.043661,0.116447,0,0,0,0,0,0,0,0,0,0,0,0,0,0,0,0,0,0,0,0,0,0,0,0,0,0,0,0,0,2.55789,2.55789,2.55789,6.3088,6.3088,1.81445,2.55789,2.55789,1.81445,6.3088,6.3088,0.907223,0.907223,1.81445,1.81445,0.907223,0.907223,1.81445,1.81445,0.907223,0.907223,0.907223,0.907223,0.907223,0.907223,1.06814,1.06814,1.06814,1.06814,40.1792,40.1792,40.1792,99.0984,99.0984,28.5012,40.1792,40.1792,28.5012,99.0984,99.0984,14.2506,14.2506,28.5012,28.5012,14.2506,14.2506,28.5012,28.5012,14.2506,14.2506,14.2506,14.2506,14.2506,14.2506,16.7783,16.7783,16.7783,16.7783,0,0,0,0,0,0,0,0,0,0,0,0,0,0,0,0,0,0,0,0,0,0,0,0,0,0,0,0,0,0,0,0,0,0,0,0,0,0,0,0,0,0,0,0,0,0,0,0,0,0,0,0,0,0,0,0,0,0,0,0,0,0,0,0,0,0,0,0,0,0,0,0,0,0,0,0,0,0,0,0,0,0,0,0,0,0,0,0,0,0,0,0,0,0,0,0,0,0,0,0,0,0,0,0,0,0,0,0,0,0,0,0,0,0,0,0,0,-0.628031,-1.46527,-0.53316,-3.24062,0.155253,-1.08673,2.75079,-2.26834,-0.262557,1.38364,-0.543961,-0.342652,-1.28873,0.691311,-0.305704,0.435695,0.022324,-0.478578,-0.790481,0.552394,0.26556,-0.89103,0.637806,1.75422,0.470479,-2.37941,-2.04201,-1.42394,1.13053,1.67888,-0.720374,1.12612,-0.479387,-0.432825,0.349228,-0.0470551,0.0334348,-0.31594,-0.0734367,0.302461,0.52,0.16968,0.225717,0.493891,-0.150279,-0.115152,-0.476616,-1.22126,1.40643,0.2618,0.0347924,0.00979081,0.116468,0.206342,0.26809,-1.19484,-0.238569,0.651503,-0.0356544,-0.0663825,-0.177268,0.596,-0.994438,0.061885,-0.0852289,0.6,0,0,0.239077,0.153699,1.25044
17.3106,10.004,3.31102,-1.57755,-0.99404,-0.197587,-0.69552,-1.48317,-0.505458,17.3106,10.004,3.31102,-1.57755,-0.99404,-0.197587,-0.69552,-1.48317,-0.505458,-0.451088,-0.413043,-0.251363,-0.463035,0.282746,-0.12106,-0.37656,0.340569,0.305155,0.605632,-0.087267,0.591819,-0.106954,-0.233271,-0.596663,-0.778586,0.998161,0.2618,0.2618,0.138405,0.0681018,-0.109033,0.242497,-0.797336,-0.0732621,0.646423,-0.0182195,-0.0310957,-0.167908,0,0,0,0,0,0,0,0,0,0,0,0,0,0,0,0,0,0,0,0,0,0,0,0,0,0,0,0,0,-0.189335,-0.0678388,-0.133934,1.1036,-0.0703154,-0.200123,-0.712856,-0.700988,0.264671,0.0332926,0.0753235,-0.0334218,-0.930793,0.149091,-0.383722,-0.063075,0.806705,0.205536,0.236177,0.00973172,0.187834,0.190339,0.312662,-0.799684,-0.388354,0.735317,-0.0231831,-0.00744613,-0.130599,10.4879,-0.177153,5.31373,-14.7233,2.00099,-1.83451,-0.22208,0.271681,4.84554,-0.278538,2.12113,7.4692,-4.17443,-0.0752533,-0.878816,-3.5119,-1.84146,-1.38144,-0.778222,-0.21283,-0.644476,-0.0258625,0.192916,0.157544,3.97008,-0.511457,-0.15291,-0.759345,-0.677326,-38.2696,-14.5156,6.02598,-26.6703,-2.6271,0.0303309,26.5924,41.121,-2.95231,15.5103,0.456589,0.734415,14.8767,-7.56639,-0.545269,-13.6135,10.1135,3.83781,-4.11688,0.162845,-0.224788,0.141777,-0.535105,-5.95094,-1.36134,-0.993714,-0.0511346,-0.192769,-0.0507308,0,0,0,0,0,0,0,0,0,0,0,0,0,0,0,0,0,0,0,0,0,0,0,0,0,0,0,0,0,2.55789,2.55789,2.55789,6.3088,6.3088,1.81445,2.55789,2.55789,1.81445,6.3088,6.3088,0.907223,0.907223,1.81445,1.81445,0.907223,0.907223,1.81445,1.81445,0.907223,0.907223,0.907223,0.907223,0.907223,0.907223,1.06814,1.06814,1.06814,1.06814,40.1792,40.1792,40.1792,99.0984,99.0984,28.5012,40.1792,40.1792,28.5012,99.0984,99.0984,14.2506,14.2506,28.5012,28.5012,14.2506,14.2506,28.5012,28.5012,14.2506,14.2506,14.2506,14.2506,14.2506,14.2506,16.7783,16.7783,16.7783,16.7783,0,0,0,0,0,0,0,0,0,0,0,0,0,0,0,0,0,0,0,0,0,0,0,0,0,0,0,0,0,0,0,0,0,0,0,0,0,0,0,0,0,0,0,0,0,0,0,0,0,0,0,0,0,0,0,0,0,0,0,0,0,0,0,0,0,0,0,0,0,0,0,0,0,0,0,0,0,0,0,0,0,0,0,0,0,0,0,0,0,0,0,0,0,0,0,0,0,0,0,0,0,0,0,0,0,0,0,0,0,0,0,0,0,0,0,0,0,-0.69552,-1.48317,-0.505458,-2.23127,0.0968982,-1.36045,1.81989,-1.36199,-0.53188,0.987855,-0.167045,-0.243866,-0.671052,0.623122,-0.254021,-0.117908,0.315577,-0.244555,-0.754353,0.621991,0.155279,-0.417387,-0.459072,0.695784,-0.248606,-2.25378,-3.22828,-0.180711,1.84151,-1.38334,-0.276029,1.34941,-0.451088,-0.413043,-0.251363,-0.463035,0.282746,-0.12106,-0.37656,0.340569,0.305155,0.605632,-0.087267,0.591819,-0.106954,-0.233271,-0.596663,-0.778586,0.998161,0.2618,0.2618,0.138405,0.0681018,-0.109033,0.242497,-0.797336,-0.0732621,0.646423,-0.0182195,-0.0310957,-0.167908,0.789,-0.996163,0.0560805,-0.0671899,0.6,0,0,0.221706,0.142945,1.09661
13.0814,14.4484,-3.80913,-0.457999,-1.85761,-0.547856,-0.945912,-1.51019,-0.27391,13.0814,14.4484,-3.80913,-0.457999,-1.85761,-0.547856,-0.945912,-1.51019,-0.27391,-1.29461,-0.00875544,-0.75269,-0.5236,0.481194,0.139038,-0.182615,0.0979951,0.495635,1.27257,-0.087267,0.284691,-0.062652,-0.711651,-0.765766,-0.821554,0.884539,0.2618,0.2618,0.191342,0.413991,-0.234925,0.0466668,-0.703138,0.0943315,0.664762,-0.0154741,-0.0112299,-0.145557,0,0,0,0,0,0,0,0,0,0,0,0,0,0,0,0,0,0,0,0,0,0,0,0,0,0,0,0,0,-0.00850599,-0.106336,-0.104702,0.748402,0.0270385,-0.189323,-0.739204,-0.659246,0.314093,0.0873849,0.022204,0.138431,-0.982121,0.148038,-0.364126,-0.13219,0.756594,0.197495,0.251455,0.0368602,0.161711,0.122883,0.304482,-0.805474,-0.323411,0.732955,-0.0229591,-0.0121028,-0.141104,7.69919,-2.89384,-1.96663,-18.4487,4.31177,1.19886,-1.7783,3.09252,2.00718,4.63047,-2.5022,8.79523,-1.12655,-0.268456,2.3043,-3.14432,-2.81668,-0.0910234,1.26209,1.58556,-1.23148,-4.12378,-0.553204,-0.738158,2.77102,-0.172073,0.0705856,-0.0387064,-0.45582,-37.7189,-5.34232,-2.64032,-6.22052,-2.04299,-0.136343,18.9672,32.945,-3.54099,24.9473,5.44468,-1.41046,13.7411,-10.553,-10.2553,-6.3876,5.88998,1.98201,-1.9402,0.00747101,-0.172759,0.391985,-0.4021,0.669239,1.01371,-1.26594,0.00941657,-0.284856,0.0314019,0,0,0,0,0,0,0,0,0,0,0,0,0,0,0,0,0,0,0,0,0,0,0,0,0,0,0,0,0,2.55789,2.55789,2.55789,6.3088,6.3088,1.81445,2.55789,2.55789,1.81445,6.3088,6.3088,0.907223,0.907223,1.81445,1.81445,0.907223,0.907223,1.81445,1.81445,0.907223,0.907223,0.907223,0.907223,0.907223,0.907223,1.06814,1.06814,1.06814,1.06814,40.1792,40.1792,40.1792,99.0984,99.0984,28.5012,40.1792,40.1792,28.5012,99.0984,99.0984,14.2506,14.2506,28.5012,28.5012,14.2506,14.2506,28.5012,28.5012,14.2506,14.2506,14.2506,14.2506,14.2506,14.2506,16.7783,16.7783,16.7783,16.7783,0,0,0,0,0,0,0,0,0,0,0,0,0,0,0,0,0,0,0,0,0,0,0,0,0,0,0,0,0,0,0,0,0,0,0,0,0,0,0,0,0,0,0,0,0,0,0,0,0,0,0,0,0,0,0,0,0,0,0,0,0,0,0,0,0,0,0,0,0,0,0,0,0,0,0,0,0,0,0,0,0,0,0,0,0,0,0,0,0,0,0,0,0,0,0,0,0,0,0,0,0,0,0,0,0,0,0,0,0,0,0,0,0,0,0,0,0,-0.945912,-1.51019,-0.27391,-2.32925,-0.349615,-1.74602,1.56082,-1.1472,-1.62264,0.703047,0.215085,-0.142853,-0.734776,0.869274,-1.79456,0.2363,0.43628,-0.207703,-0.0159903,0.178971,0.943941,-0.150735,-1.37466,1.1301,-0.535652,-1.95376,-3.4642,1.72122,2.40743,-0.0862499,0.31702,0.649123,-1.29461,-0.00875544,-0.75269,-0.5236,0.481194,0.139038,-0.182615,0.0979951,0.495635,1.27257,-0.087267,0.284691,-0.062652,-0.711651,-0.765766,-0.821554,0.884539,0.2618,0.2618,0.191342,0.413991,-0.234925,0.0466668,-0.703138,0.0943315,0.664762,-0.0154741,-0.0112299,-0.145557,0.703,-0.998164,0.0491215,-0.0354317,0.6,0,0,0.221706,0.142945,1.09661
-3.86933,17.5543,-5.31078,1.56025,-0.312182,0.00954252,-1.31308,-1.52423,0.105605,-3.86933,17.5543,-5.31078,1.56025,-0.312182,0.00954252,-1.31308,-1.52423,0.105605,-1.80262,0.655829,-1.37062,-0.480741,0.130377,-0.297764,0.346799,0.024146,0.392538,1.3252,-0.087267,0.277181,0.0208961,-0.464371,-0.507841,-0.618416,0.506219,0.132316,0.168715,0.0088934,0.392406,-0.0307548,-0.206861,-0.959539,-0.0733786,0.590441,-0.0128176,-0.0219457,-0.0849128,0,0,0,0,0,0,0,0,0,0,0,0,0,0,0,0,0,0,0,0,0,0,0,0,0,0,0,0,0,0.0740924,-0.162465,-0.228093,0.433611,0.150732,-0.109705,-0.802415,-0.589235,0.380681,0.273218,-0.0287705,0.251327,-0.947074,0.130806,-0.306949,-0.200328,0.68985,0.198551,0.262883,0.0763115,0.206278,0.0267776,0.308605,-0.844577,-0.27192,0.719195,-0.020031,-0.0121121,-0.150546,1.95662,-1.94422,-7.79427,-13.517,5.53439,4.28964,-3.13581,3.40601,4.29554,12.5221,-1.08439,2.56923,4.08743,-1.89415,2.49507,-3.59317,-3.55568,0.135535,0.48657,1.83304,3.38513,-4.59315,0.807745,-3.22363,2.80162,-1.22436,0.143201,-0.0897795,-0.451295,-60.754,11.7936,-1.70519,-9.56546,-2.20923,-0.684487,33.3537,18.8901,-4.13009,25.5637,2.4799,-2.34194,9.47124,-21.1487,-17.6711,-5.69582,5.91114,1.57971,-0.842128,-0.0304027,0.00633979,0.433546,-4.42299,4.61469,2.82462,0.326971,-0.0940056,0.0699928,0.595143,0,0,0,0,0,0,0,0,0,0,0,0,0,0,0,0,0,0,0,0,0,0,0,0,0,0,0,0,0,2.55789,2.55789,2.55789,6.3088,6.3088,1.81445,2.55789,2.55789,1.81445,6.3088,6.3088,0.907223,0.907223,1.81445,1.81445,0.907223,0.907223,1.81445,1.81445,0.907223,0.907223,0.907223,0.907223,0.907223,0.907223,1.06814,1.06814,1.06814,1.06814,40.1792,40.1792,40.1792,99.0984,99.0984,28.5012,40.1792,40.1792,28.5012,99.0984,99.0984,14.2506,14.2506,28.5012,28.5012,14.2506,14.2506,28.5012,28.5012,14.2506,14.2506,14.2506,14.2506,14.2506,14.2506,16.7783,16.7783,16.7783,16.7783,0,0,0,0,0,0,0,0,0,0,0,0,0,0,0,0,0,0,0,0,0,0,0,0,0,0,0,0,0,0,0,0,0,0,0,0,0,0,0,0,0,0,0,0,0,0,0,0,0,0,0,0,0,0,0,0,0,0,0,0,0,0,0,0,0,0,0,0,0,0,0,0,0,0,0,0,0,0,0,0,0,0,0,0,0,0,0,0,0,0,0,0,0,0,0,0,0,0,0,0,0,0,0,0,0,0,0,0,0,0,0,0,0,0,0,0,0,-1.31308,-1.52423,0.105605,-1.86607,-0.927684,-1.15793,0.698209,-1.73182,-1.05881,0.301694,-0.16731,0.0476453,-0.983374,-0.128304,-2.72236,1.20318,0.0202778,-0.172046,1.19776,0.0440986,0.894726,-0.29457,-2.5032,0.895025,-0.0701241,-1.13976,-3.27878,1.87133,1.40699,-0.889396,-0.678932,0.632001,-1.80262,0.655829,-1.37062,-0.480741,0.130377,-0.297764,0.346799,0.024146,0.392538,1.3252,-0.087267,0.277181,0.0208961,-0.464371,-0.507841,-0.618416,0.506219,0.132316,0.168715,0.0088934,0.392406,-0.0307548,-0.206861,-0.959539,-0.0733786,0.590441,-0.0128176,-0.0219457,-0.0849128,0.803,-0.998916,0.0450157,-0.011865,0.6,0,0,0.186623,0.125599,0.637315
-13.1554,0.479809,-4.87038,2.0156,1.08671,-0.585464,-1.05672,-1.53008,-0.108418,-13.1554,0.479809,-4.87038,2.0156,1.08671,-0.585464,-1.05672,-1.53008,-0.108418,-1.53786,1.19237,-2.48916,-0.5236,-1.1642,-0.289516,-0.449354,0.202792,0.328045,1.20557,-0.087267,0.194811,0.181621,-0.025179,-0.712635,-0.575776,0.698076,0.0933022,0.2618,-0.0792069,0.329563,0.332222,-0.215923,-1.44146,-0.377251,0.537494,-0.0186517,-0.0828789,-0.0668459,0,0,0,0,0,0,0,0,0,0,0,0,0,0,0,0,0,0,0,0,0,0,0,0,0,0,0,0,0,0.0260554,-0.0964529,-0.466913,0.207598,0.154424,-0.148008,-0.765797,-0.504535,0.39468,0.533961,-0.0599921,0.270533,-0.738049,0.0494932,-0.19008,-0.254635,0.619079,0.192017,0.253687,0.0660462,0.274157,-0.00271041,0.294531,-0.909168,-0.226873,0.708284,-0.0183761,-0.0119641,-0.136873,-5.59664,6.63202,-11.3571,-9.05027,-0.167036,-2.78555,4.38554,4.38132,-3.84307,9.78868,-1.7497,0.296945,12.8367,-5.2723,6.63298,-2.27968,-2.64758,-0.612523,-1.03505,-0.921247,2.55446,-0.347082,-1.65157,-2.60592,1.5151,-0.353688,0.10361,0.142857,0.782763,-61.2316,15.0292,-7.76066,-12.1981,-1.35809,0.762042,34.5132,10.7745,5.32664,15.9521,8.42425,-0.215157,-0.0630485,-6.02254,-20.7263,-3.26296,0.857822,-0.707378,-0.783083,0.0103041,-0.672258,-0.0789748,-5.81089,1.58236,0.781013,-1.66889,-0.00798405,-0.308786,0.0308535,0,0,0,0,0,0,0,0,0,0,0,0,0,0,0,0,0,0,0,0,0,0,0,0,0,0,0,0,0,2.55789,2.55789,2.55789,6.3088,6.3088,1.81445,2.55789,2.55789,1.81445,6.3088,6.3088,0.907223,0.907223,1.81445,1.81445,0.907223,0.907223,1.81445,1.81445,0.907223,0.907223,0.907223,0.907223,0.907223,0.907223,1.06814,1.06814,1.06814,1.06814,40.1792,40.1792,40.1792,99.0984,99.0984,28.5012,40.1792,40.1792,28.5012,99.0984,99.0984,14.2506,14.2506,28.5012,28.5012,14.2506,14.2506,28.5012,28.5012,14.2506,14.2506,14.2506,14.2506,14.2506,14.2506,16.7783,16.7783,16.7783,16.7783,0,0,0,0,0,0,0,0,0,0,0,0,0,0,0,0,0,0,0,0,0,0,0,0,0,0,0,0,0,0,0,0,0,0,0,0,0,0,0,0,0,0,0,0,0,0,0,0,0,0,0,0,0,0,0,0,0,0,0,0,0,0,0,0,0,0,0,0,0,0,0,0,0,0,0,0,0,0,0,0,0,0,0,0,0,0,0,0,0,0,0,0,0,0,0,0,0,0,0,0,0,0,0,0,0,0,0,0,0,0,0,0,0,0,0,0,0,-1.05672,-1.53008,-0.108418,-1.76885,-0.948346,-1.62488,1.13566,-2.83066,-0.0574105,0.212738,-0.86017,0.414113,-0.104063,-0.839,-2.23882,-0.250854,-0.1806,-0.250355,2.17766,0.370364,0.751436,-1.11246,-4.54602,0.747975,0.7575,-0.89725,-4.49334,1.53016,-2.28481,-2.73964,-0.660125,0.444188,-1.53786,1.19237,-2.48916,-0.5236,-1.1642,-0.289516,-0.449354,0.202792,0.328045,1.20557,-0.087267,0.194811,0.181621,-0.025179,-0.712635,-0.575776,0.698076,0.0933022,0.2618,-0.0792069,0.329563,0.332222,-0.215923,-1.44146,-0.377251,0.537494,-0.0186517,-0.0828789,-0.0668459,0.68,-0.99917,0.0366866,-0.0176971,0.6,0,0,0.186623,0.125599,0.637315
-20.2394,1.27813,-15.4678,2.06731,2.39033,-0.970617,-0.390072,-1.5171,-0.739321,-20.2394,1.27813,-15.4678,2.06731,2.39033,-0.970617,-0.390072,-1.5171,-0.739321,-0.867569,1.17321,-0.935651,-0.5236,-1.90784,0.0687104,-0.389503,0.124889,0.384847,1.61841,-0.087267,0.241824,0.127491,-0.303084,-0.0997152,-0.504746,0.832927,0.146333,0.2618,-0.029005,0.615274,0.23098,0.409425,-1.29705,-0.465359,0.559743,-0.0144328,-0.028844,-0.18664,0,0,0,0,0,0,0,0,0,0,0,0,0,0,0,0,0,0,0,0,0,0,0,0,0,0,0,0,0,-0.113625,0.00176653,-0.819948,0.0452541,-0.123044,-0.187972,-0.725993,-0.417316,0.30647,0.684312,-0.0780798,0.271266,-0.492485,-0.0569001,-0.065682,-0.296109,0.598624,0.163184,0.238537,0.0312592,0.2943,0.0564225,0.263251,-0.962679,-0.221401,0.690777,-0.0179422,-0.0196192,-0.115119,-9.0633,5.37287,-23.0013,-9.7099,-16.6637,-1.77964,0.909853,5.48489,-4.86908,7.50947,-0.61612,-0.102316,13.9694,-7.12234,6.11922,-2.57874,-0.103654,-1.608,-0.971153,-1.99204,0.423559,4.41781,-2.00679,-3.57692,-0.464847,-1.48442,0.0198909,-0.715225,1.17781,-35.6024,35.5561,-10.1094,2.11401,0.844625,0.25943,8.61563,12.5161,9.15367,4.46094,3.1597,-1.01747,-2.68273,12.4243,-29.8083,-1.84931,1.73382,1.06456,2.23184,0.245071,0.0383169,0.0197151,-5.23814,-3.78289,-1.9617,-1.08396,-0.057513,-0.391581,-0.469254,0,0,0,0,0,0,0,0,0,0,0,0,0,0,0,0,0,0,0,0,0,0,0,0,0,0,0,0,0,2.55789,2.55789,2.55789,6.3088,6.3088,1.81445,2.55789,2.55789,1.81445,6.3088,6.3088,0.907223,0.907223,1.81445,1.81445,0.907223,0.907223,1.81445,1.81445,0.907223,0.907223,0.907223,0.907223,0.907223,0.907223,1.06814,1.06814,1.06814,1.06814,40.1792,40.1792,40.1792,99.0984,99.0984,28.5012,40.1792,40.1792,28.5012,99.0984,99.0984,14.2506,14.2506,28.5012,28.5012,14.2506,14.2506,28.5012,28.5012,14.2506,14.2506,14.2506,14.2506,14.2506,14.2506,16.7783,16.7783,16.7783,16.7783,0,0,0,0,0,0,0,0,0,0,0,0,0,0,0,0,0,0,0,0,0,0,0,0,0,0,0,0,0,0,0,0,0,0,0,0,0,0,0,0,0,0,0,0,0,0,0,0,0,0,0,0,0,0,0,0,0,0,0,0,0,0,0,0,0,0,0,0,0,0,0,0,0,0,0,0,0,0,0,0,0,0,0,0,0,0,0,0,0,0,0,0,0,0,0,0,0,0,0,0,0,0,0,0,0,0,0,0,0,0,0,0,0,0,0,0,0,-0.390072,-1.5171,-0.739321,-1.60689,0.477509,-0.227361,1.44314,-2.50138,-0.691062,0.333653,-1.06106,0.290692,-0.11169,-0.540353,-1.01465,-0.141546,-0.0661343,-0.193727,2.14267,0.228088,1.40289,-0.387163,-1.70881,0.87749,0.526658,-2.50521,-5.2074,2.70749,-4.40549,-2.60372,0.156667,0.551383,-0.867569,1.17321,-0.935651,-0.5236,-1.90784,0.0687104,-0.389503,0.124889,0.384847,1.61841,-0.087267,0.241824,0.127491,-0.303084,-0.0997152,-0.504746,0.832927,0.146333,0.2618,-0.029005,0.615274,0.23098,0.409425,-1.29705,-0.465359,0.559743,-0.0144328,-0.028844,-0.18664,0.689,-0.998559,0.0204087,-0.0496392,0.6,0,0,0.18501,0.12606,0.586275
11.2846,7.03999,1.59485,2.72187,-1.57388,-1.13265,0.0963163,-1.53332,-1.17482,11.2846,7.03999,1.59485,2.72187,-1.57388,-1.13265,0.0963163,-1.53332,-1.17482,-0.323382,1.16998,-1.02508,-0.5236,-1.20651,-0.143804,-0.312212,0.491081,0.487378,1.75422,-0.087267,0.158103,0.0141005,0.0267098,-0.13809,-0.576449,1.24309,0.233923,0.2618,-0.0334512,0.596365,0.145978,0.626485,-1.06371,-0.456662,0.590233,-0.0164114,-0.0181216,-0.195948,0,0,0,0,0,0,0,0,0,0,0,0,0,0,0,0,0,0,0,0,0,0,0,0,0,0,0,0,0,-0.237033,0.125775,-0.951279,-0.13867,-0.592513,-0.134122,-0.721975,-0.278435,0.240405,0.841903,-0.0959799,0.269217,-0.313782,-0.239042,0.0591394,-0.304566,0.580686,0.134754,0.232399,0.0091386,0.353681,0.109044,0.271779,-1.04447,-0.249342,0.650113,-0.0181505,-0.0257213,-0.119968,-5.10116,5.1122,0.388838,-4.9225,-21.5399,3.28396,-0.0142208,7.52097,-2.05107,9.34672,-0.018911,-0.142535,6.93315,-9.91484,5.21927,0.187885,-1.02572,-1.0833,0.0522642,-0.843314,4.00567,1.82979,1.42297,-4.1008,-2.36743,-2.1597,0.017706,-0.287489,-0.81522,-12.3818,28.2505,0.787627,1.12855,5.72866,-0.164605,13.5544,-2.36013,8.08963,21.8348,0.798097,-0.275764,0.053336,15.3744,-14.3631,-2.99284,4.52441,2.39068,0.84381,0.219563,0.226739,0.0643304,0.756715,-0.0047287,-1.13753,0.771678,0.0495431,0.227074,-0.31269,0,0,0,0,0,0,0,0,0,0,0,0,0,0,0,0,0,0,0,0,0,0,0,0,0,0,0,0,0,2.55789,2.55789,2.55789,6.3088,6.3088,1.81445,2.55789,2.55789,1.81445,6.3088,6.3088,0.907223,0.907223,1.81445,1.81445,0.907223,0.907223,1.81445,1.81445,0.907223,0.907223,0.907223,0.907223,0.907223,0.907223,1.06814,1.06814,1.06814,1.06814,40.1792,40.1792,40.1792,99.0984,99.0984,28.5012,40.1792,40.1792,28.5012,99.0984,99.0984,14.2506,14.2506,28.5012,28.5012,14.2506,14.2506,28.5012,28.5012,14.2506,14.2506,14.2506,14.2506,14.2506,14.2506,16.7783,16.7783,16.7783,16.7783,0,0,0,0,0,0,0,0,0,0,0,0,0,0,0,0,0,0,0,0,0,0,0,0,0,0,0,0,0,0,0,0,0,0,0,0,0,0,0,0,0,0,0,0,0,0,0,0,0,0,0,0,0,0,0,0,0,0,0,0,0,0,0,0,0,0,0,0,0,0,0,0,0,0,0,0,0,0,0,0,0,0,0,0,0,0,0,0,0,0,0,0,0,0,0,0,0,0,0,0,0,0,0,0,0,0,0,0,0,0,0,0,0,0,0,0,0,0.0963163,-1.53332,-1.17482,-1.77038,0.972428,-0.31486,2.37835,-1.96934,0.060901,0.533367,-1.04123,0.0321506,-0.700788,-0.131096,-0.0207878,-0.000386758,-0.0762721,-0.220285,2.13676,0.896876,1.35977,-0.243241,-1.87213,1.11127,0.332844,-2.63014,-5.39429,3.09479,-2.40548,-2.34332,-0.327888,0.36049,-0.323382,1.16998,-1.02508,-0.5236,-1.20651,-0.143804,-0.312212,0.491081,0.487378,1.75422,-0.087267,0.158103,0.0141005,0.0267098,-0.13809,-0.576449,1.24309,0.233923,0.2618,-0.0334512,0.596365,0.145978,0.626485,-1.06371,-0.456662,0.590233,-0.0164114,-0.0181216,-0.195948,0.94,-0.999298,-0.00360283,-0.0372904,0.6,0,0,0.18501,0.12606,0.586275
-2.03933,-15.4554,4.7242,1.31957,-0.364642,-0.885541,0.889829,-1.53887,-1.92687,-2.03933,-15.4554,4.7242,1.31957,-0.364642,-0.885541,0.889829,-1.53887,-1.92687,0.0614334,1.48098,-1.02762,-0.5236,-0.787498,-0.223959,-0.557934,0.139701,0.408464,1.78429,-0.087267,0.00736403,0.0313606,-0.0414963,-0.173197,-0.548648,1.37522,0.249622,0.0850875,-0.0167611,0.461732,0.10174,0.562573,-0.934249,-0.497405,0.583628,-0.0152011,0.00462464,-0.170751,0,0,0,0,0,0,0,0,0,0,0,0,0,0,0,0,0,0,0,0,0,0,0,0,0,0,0,0,0,-0.281699,0.205829,-0.944505,-0.157434,-0.780714,-0.1244,-0.707426,-0.101563,0.238317,1.03844,-0.110569,0.257208,-0.200126,-0.423124,0.0922026,-0.317227,0.58426,0.119852,0.237274,-0.00920898,0.424983,0.118406,0.304126,-1.09842,-0.317344,0.613197,-0.0181871,-0.0319648,-0.141417,-0.10548,3.78194,0.281693,0.666915,-6.93027,-0.23619,0.815394,9.59779,0.607751,8.24584,-1.08963,-0.568348,4.79496,-7.89985,-0.651461,-1.30209,1.41688,-0.578916,0.296713,-0.928263,3.17442,-0.0762869,1.67431,-1.39734,-3.49978,-1.43209,0.0155225,-0.251142,-1.12064,-0.500407,29.3601,-3.89981,-39.3198,1.65097,-0.162495,13.5901,0.278853,6.26363,18.4067,10.2387,-0.945951,-1.2875,27.3839,-6.07452,-2.66453,8.38913,4.33863,0.186157,0.481845,-0.427223,0.428243,3.12874,1.97031,1.17239,1.20727,0.0181275,0.518718,0.263109,0,0,0,0,0,0,0,0,0,0,0,0,0,0,0,0,0,0,0,0,0,0,0,0,0,0,0,0,0,2.55789,2.55789,2.55789,6.3088,6.3088,1.81445,2.55789,2.55789,1.81445,6.3088,6.3088,0.907223,0.907223,1.81445,1.81445,0.907223,0.907223,1.81445,1.81445,0.907223,0.907223,0.907223,0.907223,0.907223,0.907223,1.06814,1.06814,1.06814,1.06814,40.1792,40.1792,40.1792,99.0984,99.0984,28.5012,40.1792,40.1792,28.5012,99.0984,99.0984,14.2506,14.2506,28.5012,28.5012,14.2506,14.2506,28.5012,28.5012,14.2506,14.2506,14.2506,14.2506,14.2506,14.2506,16.7783,16.7783,16.7783,16.7783,0,0,0,0,0,0,0,0,0,0,0,0,0,0,0,0,0,0,0,0,0,0,0,0,0,0,0,0,0,0,0,0,0,0,0,0,0,0,0,0,0,0,0,0,0,0,0,0,0,0,0,0,0,0,0,0,0,0,0,0,0,0,0,0,0,0,0,0,0,0,0,0,0,0,0,0,0,0,0,0,0,0,0,0,0,0,0,0,0,0,0,0,0,0,0,0,0,0,0,0,0,0,0,0,0,0,0,0,0,0,0,0,0,0,0,0,0,0.889829,-1.53887,-1.92687,-1.70699,0.826702,-0.394907,2.67963,-1.67416,-0.0946157,0.569163,-1.13413,0.0715053,-1.17405,-0.219751,0.682012,-0.449156,-0.038217,-0.20404,2.70476,0.25514,1.05279,0.062075,-1.87676,0.931338,0.231978,-2.29193,-5.03672,3.18054,-1.21056,-2.41773,-0.51065,0.0167907,0.0614334,1.48098,-1.02762,-0.5236,-0.787498,-0.223959,-0.557934,0.139701,0.408464,1.78429,-0.087267,0.00736403,0.0313606,-0.0414963,-0.173197,-0.548648,1.37522,0.249622,0.0850875,-0.0167611,0.461732,0.10174,0.562573,-0.934249,-0.497405,0.583628,-0.0152011,0.00462464,-0.170751,0.675,-0.99949,-0.0248015,-0.0200958,0.6,0,0,0.20753,0.143113,0.635396
-4.23712,-33.0992,3.70758,-0.612849,0.487122,0.381011,0.898872,-1.53185,-1.92709,-4.23712,-33.0992,3.70758,-0.612849,0.487122,0.381011,0.898872,-1.53185,-1.92709,-0.0435643,1.50991,-0.887113,-0.5236,-1.577,-0.0959705,-0.60684,-0.0162672,0.141523,1.96704,-0.087267,0.0120823,0.00344216,-0.454439,-0.144001,-0.13407,0.895654,0.100453,0.139754,0.0078043,0.41868,0.242883,0.555395,-0.743382,-0.39282,0.5506,-0.00293357,-0.00720102,-0.126848,0,0,0,0,0,0,0,0,0,0,0,0,0,0,0,0,0,0,0,0,0,0,0,0,0,0,0,0,0,-0.239855,0.284773,-0.940349,-0.138808,-0.790786,-0.147249,-0.695331,0.0783563,0.243527,1.22891,-0.104051,0.207369,-0.116673,-0.542987,0.0357788,-0.353937,0.636788,0.111083,0.217835,-0.0229422,0.461424,0.105733,0.315436,-1.12616,-0.34242,0.638254,-0.0169344,-0.0247725,-0.155236,3.50016,3.66333,0.454533,0.927796,0.0612054,-1.22196,-0.0984166,7.98662,0.191355,10.099,0.33992,-3.17138,3.14832,-3.40171,-3.69968,-2.58247,3.69176,-0.500417,-1.79101,-0.588959,0.936834,-0.798018,0.153445,-0.164314,-0.931553,2.50361,0.00789979,0.8129,-0.297426,4.23536,38.2835,-4.28406,-43.9505,-0.279556,0.0211442,5.05847,-18.1722,4.72359,-5.64788,-0.198042,-0.0688552,-0.974303,22.0339,0.255635,-0.812571,7.56586,4.76618,-0.908806,0.607562,-0.919186,0.637829,3.25536,3.39449,-1.46041,-3.25024,0.0122444,-0.280556,0.103843,0,0,0,0,0,0,0,0,0,0,0,0,0,0,0,0,0,0,0,0,0,0,0,0,0,0,0,0,0,2.55789,2.55789,2.55789,6.3088,6.3088,1.81445,2.55789,2.55789,1.81445,6.3088,6.3088,0.907223,0.907223,1.81445,1.81445,0.907223,0.907223,1.81445,1.81445,0.907223,0.907223,0.907223,0.907223,0.907223,0.907223,1.06814,1.06814,1.06814,1.06814,40.1792,40.1792,40.1792,99.0984,99.0984,28.5012,40.1792,40.1792,28.5012,99.0984,99.0984,14.2506,14.2506,28.5012,28.5012,14.2506,14.2506,28.5012,28.5012,14.2506,14.2506,14.2506,14.2506,14.2506,14.2506,16.7783,16.7783,16.7783,16.7783,0,0,0,0,0,0,0,0,0,0,0,0,0,0,0,0,0,0,0,0,0,0,0,0,0,0,0,0,0,0,0,0,0,0,0,0,0,0,0,0,0,0,0,0,0,0,0,0,0,0,0,0,0,0,0,0,0,0,0,0,0,0,0,0,0,0,0,0,0,0,0,0,0,0,0,0,0,0,0,0,0,0,0,0,0,0,0,0,0,0,0,0,0,0,0,0,0,0,0,0,0,0,0,0,0,0,0,0,0,0,0,0,0,0,0,0,0,0.898872,-1.53185,-1.92709,-0.761714,0.810335,-0.328338,1.58616,-1.23896,-1.03617,0.229042,-0.895669,0.00784846,-1.04941,-0.663075,0.490252,-0.538475,0.0177946,-0.0393763,2.75759,-0.0297092,0.954633,-0.0966569,-1.62016,0.322687,0.553797,-1.70264,-5.25179,3.70168,-3.46202,-3.369,-0.218822,0.0275488,-0.0435643,1.50991,-0.887113,-0.5236,-1.577,-0.0959705,-0.60684,-0.0162672,0.141523,1.96704,-0.087267,0.0120823,0.00344216,-0.454439,-0.144001,-0.13407,0.895654,0.100453,0.139754,0.0078043,0.41868,0.242883,0.555395,-0.743382,-0.39282,0.5506,-0.00293357,-0.00720102,-0.126848,0.656,-0.999242,-0.030471,-0.0242363,0.6,0,0,0.198382,0.135208,0.606017
6.09266,-6.81644,1.15368,-2.53053,-0.0163167,0.722613,0.471506,-1.53743,-1.5369,6.09266,-6.81644,1.15368,-2.53053,-0.0163167,0.722613,0.471506,-1.53743,-1.5369,-0.199538,0.853607,-0.403432,-0.5236,-1.83107,-0.0777114,-0.410356,0.263321,0.233549,1.73746,-0.087267,0.0975274,-0.0135573,-0.603662,-0.321201,-0.114136,0.857082,0.140163,0.2618,-0.0120161,0.506519,0.159112,0.663395,-0.673857,-0.262863,0.584484,0.000432884,-0.00986662,-0.149793,0,0,0,0,0,0,0,0,0,0,0,0,0,0,0,0,0,0,0,0,0,0,0,0,0,0,0,0,0,-0.172167,0.354768,-0.907288,-0.123617,-0.941365,-0.141005,-0.721793,0.196901,0.217946,1.43371,-0.0990544,0.148749,-0.0676721,-0.556853,-0.0244018,-0.411784,0.723797,0.0984193,0.179121,-0.0222441,0.452008,0.126412,0.332402,-1.08479,-0.372742,0.660515,-0.0130386,-0.00573385,-0.151348,3.00823,3.80401,1.88421,0.596959,-3.76273,0.629218,-1.70654,4.45251,-2.81579,9.53583,0.236284,-2.55573,2.57146,0.409773,-2.54129,-2.77274,4.45829,-0.296537,-1.95314,0.35631,-1.14146,1.67635,1.46998,3.25175,-1.53207,-0.18277,0.220931,0.673332,0.273429,-2.4665,37.319,-3.99615,-43.4948,-34.547,0.159454,8.86163,-20.2582,2.2135,-7.05103,-0.319642,0.388656,-1.17965,2.40968,1.17597,6.42336,-1.47587,0.738294,2.35157,0.143652,0.474047,0.198488,1.96232,2.13877,1.15581,-1.8501,-0.0666996,-0.815658,0.118659,0,0,0,0,0,0,0,0,0,0,0,0,0,0,0,0,0,0,0,0,0,0,0,0,0,0,0,0,0,2.55789,2.55789,2.55789,6.3088,6.3088,1.81445,2.55789,2.55789,1.81445,6.3088,6.3088,0.907223,0.907223,1.81445,1.81445,0.907223,0.907223,1.81445,1.81445,0.907223,0.907223,0.907223,0.907223,0.907223,0.907223,1.06814,1.06814,1.06814,1.06814,40.1792,40.1792,40.1792,99.0984,99.0984,28.5012,40.1792,40.1792,28.5012,99.0984,99.0984,14.2506,14.2506,28.5012,28.5012,14.2506,14.2506,28.5012,28.5012,14.2506,14.2506,14.2506,14.2506,14.2506,14.2506,16.7783,16.7783,16.7783,16.7783,0,0,0,0,0,0,0,0,0,0,0,0,0,0,0,0,0,0,0,0,0,0,0,0,0,0,0,0,0,0,0,0,0,0,0,0,0,0,0,0,0,0,0,0,0,0,0,0,0,0,0,0,0,0,0,0,0,0,0,0,0,0,0,0,0,0,0,0,0,0,0,0,0,0,0,0,0,0,0,0,0,0,0,0,0,0,0,0,0,0,0,0,0,0,0,0,0,0,0,0,0,0,0,0,0,0,0,0,0,0,0,0,0,0,0,0,0,0.471506,-1.53743,-1.5369,-0.716261,1.05659,-0.732371,1.49821,-1.08044,-1.37641,0.319586,-0.599354,-0.030912,-0.553393,-0.208266,0.205392,-0.17963,-0.027398,0.00581046,1.55897,0.480911,1.15491,-0.132436,-0.7368,0.532516,0.362792,-2.01063,-4.85099,3.04699,-4.18658,-2.73424,-0.17719,0.222372,-0.199538,0.853607,-0.403432,-0.5236,-1.83107,-0.0777114,-0.410356,0.263321,0.233549,1.73746,-0.087267,0.0975274,-0.0135573,-0.603662,-0.321201,-0.114136,0.857082,0.140163,0.2618,-0.0120161,0.506519,0.159112,0.663395,-0.673857,-0.262863,0.584484,0.000432884,-0.00986662,-0.149793,0.685,-0.999444,-0.0151509,-0.0297159,0.6,0,0,0.198382,0.135208,0.606017
4.99973,-0.603464,2.11254,-2.43052,0.15167,1.34546,-0.253213,-1.53751,-0.862435,4.99973,-0.603464,2.11254,-2.43052,0.15167,1.34546,-0.253213,-1.53751,-0.862435,-0.0644892,0.671618,-0.134567,-0.5236,-1.15383,-0.241106,-0.409879,-0.00234449,0.0338147,1.39004,-0.087267,0.0357915,-0.066022,-0.313637,-0.456649,-0.0085057,0.631248,0.099038,0.2618,-0.00534039,0.432652,-0.104402,0.321567,-0.507717,-0.197476,0.595839,0.00777294,0.0213961,-0.145054,0,0,0,0,0,0,0,0,0,0,0,0,0,0,0,0,0,0,0,0,0,0,0,0,0,0,0,0,0,-0.11676,0.439947,-0.791192,-0.114052,-0.973924,-0.126727,-0.730853,0.268252,0.159435,1.56737,-0.0938227,0.125076,-0.0132951,-0.544294,-0.0851849,-0.476544,0.797083,0.105305,0.16325,-0.0178332,0.436764,0.139437,0.337962,-1.02781,-0.374133,0.687053,-0.00840146,0.00443584,-0.153905,2.33147,4.39603,6.95485,0.390208,-0.661675,0.759379,0.313899,2.92811,-2.86285,4.61894,0.171091,-0.469336,2.94671,0.643687,-3.11011,-3.25168,3.10739,0.61863,-0.148301,0.167299,-0.335783,0.300665,0.263784,2.66938,0.419138,1.31532,0.186723,0.396223,-0.165987,-9.43834,5.72451,-1.87751,-43.0929,-50,0.0492843,12.3495,-7.80773,7.17634,-13.5932,-0.500139,0.0903852,-2.55845,-2.84948,-1.14691,8.06204,-1.97312,-0.0800558,3.27048,-0.0659182,1.35159,0.00500438,4.11981,2.62153,1.36933,-2.66322,-0.0727769,-0.725299,0.276414,0,0,0,0,0,0,0,0,0,0,0,0,0,0,0,0,0,0,0,0,0,0,0,0,0,0,0,0,0,2.55789,2.55789,2.55789,6.3088,6.3088,1.81445,2.55789,2.55789,1.81445,6.3088,6.3088,0.907223,0.907223,1.81445,1.81445,0.907223,0.907223,1.81445,1.81445,0.907223,0.907223,0.907223,0.907223,0.907223,0.907223,1.06814,1.06814,1.06814,1.06814,40.1792,40.1792,40.1792,99.0984,99.0984,28.5012,40.1792,40.1792,28.5012,99.0984,99.0984,14.2506,14.2506,28.5012,28.5012,14.2506,14.2506,28.5012,28.5012,14.2506,14.2506,14.2506,14.2506,14.2506,14.2506,16.7783,16.7783,16.7783,16.7783,0,0,0,0,0,0,0,0,0,0,0,0,0,0,0,0,0,0,0,0,0,0,0,0,0,0,0,0,0,0,0,0,0,0,0,0,0,0,0,0,0,0,0,0,0,0,0,0,0,0,0,0,0,0,0,0,0,0,0,0,0,0,0,0,0,0,0,0,0,0,0,0,0,0,0,0,0,0,0,0,0,0,0,0,0,0,0,0,0,0,0,0,0,0,0,0,0,0,0,0,0,0,0,0,0,0,0,0,0,0,0,0,0,0,0,0,0,-0.253213,-1.53751,-0.862435,-0.475414,0.277185,-1.0412,0.983288,-0.701625,-0.715124,0.225817,-0.450266,-0.150537,-0.0689639,-0.055857,0.452036,-0.17876,-0.0121766,0.104334,1.2266,-0.0042818,0.98649,0.287193,-0.245764,0.077101,-0.238048,-1.94701,-4.03691,2.05622,-2.25526,-1.64252,-0.549745,0.0816082,-0.0644892,0.671618,-0.134567,-0.5236,-1.15383,-0.241106,-0.409879,-0.00234449,0.0338147,1.39004,-0.087267,0.0357915,-0.066022,-0.313637,-0.456649,-0.0085057,0.631248,0.099038,0.2618,-0.00534039,0.432652,-0.104402,0.321567,-0.507717,-0.197476,0.595839,0.00777294,0.0213961,-0.145054,0.677,-0.999446,0.00833642,-0.032216,0.6,0,0,0.205195,0.141433,0.609934
4.09434,-0.0797108,4.21622,-1.95111,0.333943,1.45316,-0.770523,-1.51785,-0.387812,4.09434,-0.0797108,4.21622,-1.95111,0.333943,1.45316,-0.770523,-1.51785,-0.387812,0.203619,1.05334,0.294886,0.0827998,0.00766727,-0.52,-0.567086,-1.31135,0.0508614,0.572614,-0.087267,-0.28466,-0.103788,0.0542011,-0.519982,0.161482,0.514704,0.0612465,0.2618,-0.0281283,0.472604,-0.43341,0.118014,-0.689449,-0.303407,0.614337,-0.000280991,0.102788,-0.13844,0,0,0,0,0,0,0,0,0,0,0,0,0,0,0,0,0,0,0,0,0,0,0,0,0,0,0,0,0,-0.0772825,0.525591,-0.625478,-0.10818,-0.96282,-0.150596,-0.69893,0.295049,0.0930215,1.58946,-0.0891609,0.106084,0.0614997,-0.531466,-0.159605,-0.525058,0.845486,0.12765,0.164051,-0.00765914,0.420245,0.0948843,0.328553,-0.976604,-0.35753,0.709787,-0.0036375,0.0189146,-0.15622,1.62831,3.8976,8.26328,0.224561,0.985903,-1.47197,2.23994,0.0779192,-3.49102,-1.08313,0.118992,-1.12637,4.02523,0.804524,-3.70253,-1.75558,1.94536,0.945691,0.203691,0.436734,-0.952027,-2.91474,-1.20348,2.33844,1.46486,1.63206,0.227646,0.730093,-0.0961838,-3.71569,-4.13918,-1.18875,-42.6269,-24.922,0.102536,6.22891,-12.7625,4.5012,-15.0466,-0.664683,-0.00254928,-5.38418,4.92047,-1.79423,9.0146,-4.85956,-2.64809,2.48495,-0.38985,1.03952,-0.253488,0.823022,4.57498,1.1078,-3.4397,-0.0478475,-0.674279,0.304222,0,0,0,0,0,0,0,0,0,0,0,0,0,0,0,0,0,0,0,0,0,0,0,0,0,0,0,0,0,2.55789,2.55789,2.55789,6.3088,6.3088,1.81445,2.55789,2.55789,1.81445,6.3088,6.3088,0.907223,0.907223,1.81445,1.81445,0.907223,0.907223,1.81445,1.81445,0.907223,0.907223,0.907223,0.907223,0.907223,0.907223,1.06814,1.06814,1.06814,1.06814,40.1792,40.1792,40.1792,99.0984,99.0984,28.5012,40.1792,40.1792,28.5012,99.0984,99.0984,14.2506,14.2506,28.5012,28.5012,14.2506,14.2506,28.5012,28.5012,14.2506,14.2506,14.2506,14.2506,14.2506,14.2506,16.7783,16.7783,16.7783,16.7783,0,0,0,0,0,0,0,0,0,0,0,0,0,0,0,0,0,0,0,0,0,0,0,0,0,0,0,0,0,0,0,0,0,0,0,0,0,0,0,0,0,0,0,0,0,0,0,0,0,0,0,0,0,0,0,0,0,0,0,0,0,0,0,0,0,0,0,0,0,0,0,0,0,0,0,0,0,0,0,0,0,0,0,0,0,0,0,0,0,0,0,0,0,0,0,0,0,0,0,0,0,0,0,0,0,0,0,0,0,0,0,0,0,0,0,0,0,-0.770523,-1.51785,-0.387812,-0.0878254,-0.186935,-1.18561,0.717556,-1.11599,0.123584,0.139648,-0.691797,-0.236646,-0.111101,0.192435,0.941691,-0.465871,-0.0641354,-0.00377165,1.92375,-2.39495,1.07758,1.37968,0.53856,0.115969,-0.988218,-1.85823,-1.6717,-0.274869,1.05705,-0.0448703,-1.78258,-0.649054,0.203619,1.05334,0.294886,0.0827998,0.00766727,-0.52,-0.567086,-1.31135,0.0508614,0.572614,-0.087267,-0.28466,-0.103788,0.0542011,-0.519982,0.161482,0.514704,0.0612465,0.2618,-0.0281283,0.472604,-0.43341,0.118014,-0.689449,-0.303407,0.614337,-0.000280991,0.102788,-0.13844,0.988,-0.998599,0.0368589,-0.0379722,0.6,0,0,0.205195,0.141433,0.609934
19.4943,-2.06139,1.37554,-0.835801,0.513976,1.3555,-0.981816,-1.49007,-0.201208,19.4943,-2.06139,1.37554,-0.835801,0.513976,1.3555,-0.981816,-1.49007,-0.201208,-0.530379,0.752859,-0.39152,-0.271869,-0.289568,-0.323433,-0.640722,-0.95979,-0.0862183,1.1949,-0.087267,-0.301718,-0.0645723,-0.151217,-0.629899,0.192797,0.0101709,-0.165264,0.2618,0.0599573,0.799435,-0.279958,0.31653,-0.682884,-0.205961,0.5796,0.00745428,0.0151643,-0.106423,0,0,0,0,0,0,0,0,0,0,0,0,0,0,0,0,0,0,0,0,0,0,0,0,0,0,0,0,0,-0.0884255,0.596432,-0.398323,-0.0913929,-0.725081,-0.239955,-0.659803,0.222247,-0.00945402,1.45915,-0.0821461,0.0247889,0.13044,-0.516583,-0.193114,-0.496577,0.889619,0.155865,0.147059,-0.00120876,0.404988,-0.0188804,0.351119,-0.924992,-0.362021,0.693208,-0.00236639,0.0407715,-0.155323,-0.857278,2.80603,12.2126,1.29801,11.8261,-4.56622,2.32448,-6.52671,-6.11621,-9.83571,0.154809,-5.1276,3.00488,1.17061,-0.783029,3.44122,2.68764,1.22572,-0.850205,0.10856,-0.719676,-6.21642,1.85579,2.50598,-0.532222,-1.22569,0.00917641,0.916222,0.0570199,14.3509,10.7733,-2.65037,9.6121,-2.06251,0.338124,-1.64409,-46.8253,12.2659,-30.3123,-1.67515,0.121012,-6.06625,14.598,-7.77597,6.62617,-7.6306,-5.01118,4.99694,-0.518408,1.62852,-0.342821,-4.99539,1.14795,1.36546,0.0523577,0.0201457,0.0530424,0.234201,0,0,0,0,0,0,0,0,0,0,0,0,0,0,0,0,0,0,0,0,0,0,0,0,0,0,0,0,0,2.55789,2.55789,2.55789,6.3088,6.3088,1.81445,2.55789,2.55789,1.81445,6.3088,6.3088,0.907223,0.907223,1.81445,1.81445,0.907223,0.907223,1.81445,1.81445,0.907223,0.907223,0.907223,0.907223,0.907223,0.907223,1.06814,1.06814,1.06814,1.06814,40.1792,40.1792,40.1792,99.0984,99.0984,28.5012,40.1792,40.1792,28.5012,99.0984,99.0984,14.2506,14.2506,28.5012,28.5012,14.2506,14.2506,28.5012,28.5012,14.2506,14.2506,14.2506,14.2506,14.2506,14.2506,16.7783,16.7783,16.7783,16.7783,0,0,0,0,0,0,0,0,0,0,0,0,0,0,0,0,0,0,0,0,0,0,0,0,0,0,0,0,0,0,0,0,0,0,0,0,0,0,0,0,0,0,0,0,0,0,0,0,0,0,0,0,0,0,0,0,0,0,0,0,0,0,0,0,0,0,0,0,0,0,0,0,0,0,0,0,0,0,0,0,0,0,0,0,0,0,0,0,0,0,0,0,0,0,0,0,0,0,0,0,0,0,0,0,0,0,0,0,0,0,0,0,0,0,0,0,0,-0.981816,-1.49007,-0.201208,-0.0164225,0.2657,-1.43623,-0.432829,-1.10102,-0.34479,-0.376818,-0.469611,-0.147231,0.0987519,-0.273827,-0.398831,-0.600354,0.136709,0.100056,1.37497,-1.75289,1.82279,0.203545,-0.715044,-0.196586,-0.638333,-1.42849,-2.68313,1.49973,0.20941,-1.16685,-0.737458,-0.687946,-0.530379,0.752859,-0.39152,-0.271869,-0.289568,-0.323433,-0.640722,-0.95979,-0.0862183,1.1949,-0.087267,-0.301718,-0.0645723,-0.151217,-0.629899,0.192797,0.0101709,-0.165264,0.2618,0.0599573,0.799435,-0.279958,0.31653,-0.682884,-0.205961,0.5796,0.00745428,0.0151643,-0.106423,0.769,-0.996744,0.0670479,-0.0447933,0.6,0,0,0.197248,0.133513,0.660593
5.37733,-0.779318,-1.27608,-0.800701,0.428322,1.40208,-1.08386,-1.4619,-0.115393,5.37733,-0.779318,-1.27608,-0.800701,0.428322,1.40208,-1.08386,-1.4619,-0.115393,-0.644364,1.13441,-0.323603,-0.5236,-0.777036,-0.0792538,-0.174964,-0.358438,-0.344675,1.50015,-0.087267,-0.160956,-0.0242542,-0.0424913,-0.166736,-0.48763,0.106447,-0.138596,0.114922,-0.000467399,0.600867,-0.0464306,0.337586,-1.15099,-0.436394,0.568078,-0.0103153,-0.0568141,-0.108512,0,0,0,0,0,0,0,0,0,0,0,0,0,0,0,0,0,0,0,0,0,0,0,0,0,0,0,0,0,-0.12875,0.598512,-0.318215,-0.0909158,-0.599615,-0.267609,-0.639294,0.0375375,-0.144689,1.32269,-0.0862104,-0.0660913,0.193724,-0.47226,-0.173823,-0.420569,0.93486,0.14516,0.138149,0.0218996,0.458398,-0.0906753,0.396445,-0.876269,-0.352626,0.675164,0.000229393,0.0409813,-0.148506,-2.78919,-1.43021,0.363429,-0.323585,5.01838,-0.314083,0.264768,-10.601,-6.67287,-4.25755,-0.119064,-3.92032,3.31583,2.84673,1.70361,3.92451,1.48417,-1.11561,0.066433,1.34173,4.17925,-2.48636,2.34999,2.3424,1.12942,-0.818439,0.125377,-0.295472,0.490671,-9.34482,9.25467,-4.45924,-15.5053,-0.94627,-0.863619,-0.857321,-14.1778,13.6365,16.0829,0.746793,0.218581,-6.59078,4.36364,-15.9849,5.30145,-14.6478,-6.93828,3.62422,-0.663631,1.2575,-0.418258,-3.23153,0.697215,1.17394,-0.741825,-0.0161479,-0.145369,0.212436,0,0,0,0,0,0,0,0,0,0,0,0,0,0,0,0,0,0,0,0,0,0,0,0,0,0,0,0,0,2.55789,2.55789,2.55789,6.3088,6.3088,1.81445,2.55789,2.55789,1.81445,6.3088,6.3088,0.907223,0.907223,1.81445,1.81445,0.907223,0.907223,1.81445,1.81445,0.907223,0.907223,0.907223,0.907223,0.907223,0.907223,1.06814,1.06814,1.06814,1.06814,40.1792,40.1792,40.1792,99.0984,99.0984,28.5012,40.1792,40.1792,28.5012,99.0984,99.0984,14.2506,14.2506,28.5012,28.5012,14.2506,14.2506,28.5012,28.5012,14.2506,14.2506,14.2506,14.2506,14.2506,14.2506,16.7783,16.7783,16.7783,16.7783,0,0,0,0,0,0,0,0,0,0,0,0,0,0,0,0,0,0,0,0,0,0,0,0,0,0,0,0,0,0,0,0,0,0,0,0,0,0,0,0,0,0,0,0,0,0,0,0,0,0,0,0,0,0,0,0,0,0,0,0,0,0,0,0,0,0,0,0,0,0,0,0,0,0,0,0,0,0,0,0,0,0,0,0,0,0,0,0,0,0,0,0,0,0,0,0,0,0,0,0,0,0,0,0,0,0,0,0,0,0,0,0,0,0,0,0,0,-1.08386,-1.4619,-0.115393,-1.56786,0.313711,-0.380175,-0.21331,-2.16835,-0.0968845,-0.316013,-0.995022,-0.0553021,-1.10603,-0.428475,-0.607005,0.250274,-0.00106572,-0.138459,2.07181,-0.654626,1.37004,-0.762596,-0.591005,-0.785893,-0.105866,-1.45652,-3.76673,2.37024,-1.18073,-0.0191053,-0.180707,-0.366996,-0.644364,1.13441,-0.323603,-0.5236,-0.777036,-0.0792538,-0.174964,-0.358438,-0.344675,1.50015,-0.087267,-0.160956,-0.0242542,-0.0424913,-0.166736,-0.48763,0.106447,-0.138596,0.114922,-0.000467399,0.600867,-0.0464306,0.337586,-1.15099,-0.436394,0.568078,-0.0103153,-0.0568141,-0.108512,0.748,-0.994076,0.0960502,-0.0508552,0.6,0,0,0.199741,0.128402,0.970465
5.81938,2.36358,-1.05197,-0.84215,0.976577,2.58457,-1.14223,-1.41832,-0.0732832,5.81938,2.36358,-1.05197,-0.84215,0.976577,2.58457,-1.14223,-1.41832,-0.0732832,-0.690832,0.998103,-0.175618,-0.5236,-1.31968,-0.52,0.105856,-0.358172,-0.0513668,1.20391,-0.087267,-0.0635043,-0.00815945,-0.106696,-0.204964,-0.515006,0.373257,-0.0962658,0.0767352,0.0196995,0.726555,0.0170322,0.466361,-1.43815,-0.611904,0.599995,-0.0136117,-0.0263063,-0.156234,0,0,0,0,0,0,0,0,0,0,0,0,0,0,0,0,0,0,0,0,0,0,0,0,0,0,0,0,0,-0.182453,0.595161,-0.300449,-0.0955093,-0.638682,-0.227441,-0.628612,-0.146867,-0.263131,1.293,-0.0904593,-0.105638,0.24534,-0.428622,-0.145851,-0.373297,0.928429,0.112196,0.148351,0.027844,0.518695,-0.0872717,0.461681,-0.830871,-0.343501,0.666093,-0.00123317,0.0200208,-0.135314,-2.80064,1.15894,0.967889,-0.196863,-2.19905,2.3438,0.935181,-7.71858,-5.32785,0.226855,-0.124893,-0.9638,2.10307,1.40033,0.99088,1.19061,-1.79204,-1.67036,0.487513,0.0789865,2.27603,1.04315,3.80651,2.10679,0.127726,-0.170401,-0.115038,-1.1625,0.617453,-11.7304,19.5004,-3.46038,-41.1635,0.184843,-0.00618817,16.1585,11.4915,7.30067,20.8175,1.19176,0.159301,-5.77319,8.23603,-2.51372,-2.85386,-10.3954,-4.15805,-1.87256,-0.465951,-0.933045,-0.314634,-5.04856,-6.4535,-1.45915,-1.41026,-0.0315478,-0.0466355,-0.213634,0,0,0,0,0,0,0,0,0,0,0,0,0,0,0,0,0,0,0,0,0,0,0,0,0,0,0,0,0,2.55789,2.55789,2.55789,6.3088,6.3088,1.81445,2.55789,2.55789,1.81445,6.3088,6.3088,0.907223,0.907223,1.81445,1.81445,0.907223,0.907223,1.81445,1.81445,0.907223,0.907223,0.907223,0.907223,0.907223,0.907223,1.06814,1.06814,1.06814,1.06814,40.1792,40.1792,40.1792,99.0984,99.0984,28.5012,40.1792,40.1792,28.5012,99.0984,99.0984,14.2506,14.2506,28.5012,28.5012,14.2506,14.2506,28.5012,28.5012,14.2506,14.2506,14.2506,14.2506,14.2506,14.2506,16.7783,16.7783,16.7783,16.7783,0,0,0,0,0,0,0,0,0,0,0,0,0,0,0,0,0,0,0,0,0,0,0,0,0,0,0,0,0,0,0,0,0,0,0,0,0,0,0,0,0,0,0,0,0,0,0,0,0,0,0,0,0,0,0,0,0,0,0,0,0,0,0,0,0,0,0,0,0,0,0,0,0,0,0,0,0,0,0,0,0,0,0,0,0,0,0,0,0,0,0,0,0,0,0,0,0,0,0,0,0,0,0,0,0,0,0,0,0,0,0,0,0,0,0,0,0,-1.14223,-1.41832,-0.0732832,-1.63028,0.607331,-0.467338,0.395044,-2.8231,-0.243277,-0.219496,-1.3952,-0.0186044,-1.1931,-6.1913e-05,-0.691872,0.763142,0.0449169,-0.182705,1.82287,-0.65414,1.65662,-0.3531,-0.320736,-0.117121,0.038835,-2.09708,-4.0107,1.52543,-2.72823,0.729533,-1.2119,-0.144796,-0.690832,0.998103,-0.175618,-0.5236,-1.31968,-0.52,0.105856,-0.358172,-0.0513668,1.20391,-0.087267,-0.0635043,-0.00815945,-0.106696,-0.204964,-0.515006,0.373257,-0.0962658,0.0767352,0.0196995,0.726555,0.0170322,0.466361,-1.43815,-0.611904,0.599995,-0.0136117,-0.0263063,-0.156234,0.676,-0.988397,0.138154,-0.0631201,0.6,0,0,0.199741,0.128402,0.970465
14.7295,-0.978302,1.45996,-0.589203,1.40807,3.16224,-1.15236,-1.35225,-0.0766138,14.7295,-0.978302,1.45996,-0.589203,1.40807,3.16224,-1.15236,-1.35225,-0.0766138,-0.161358,0.476946,-0.397609,0.612839,-0.43236,-0.52,-0.545898,-1.89724,0.345315,0.259799,0.0334637,-0.376852,0.0179859,0.414749,-0.291381,-0.224007,0.48379,-0.0238565,0.246988,0.00802864,0.743602,-0.297654,0.177263,-1.38335,-0.669999,0.63327,-0.0174524,0.0832358,-0.137933,0,0,0,0,0,0,0,0,0,0,0,0,0,0,0,0,0,0,0,0,0,0,0,0,0,0,0,0,0,-0.24082,0.648662,-0.256698,-0.0939332,-0.812289,-0.279482,-0.580494,-0.254625,-0.343126,1.27578,-0.0900519,-0.0985714,0.280713,-0.420225,-0.146518,-0.361596,0.874344,0.078148,0.145263,0.0306078,0.578429,-0.0569489,0.547361,-0.799018,-0.351373,0.665597,-0.00409197,0.00566523,-0.131693,-3.92988,3.20353,3.8205,1.23652,-8.09634,-2.08589,3.4562,-3.3125,-2.78467,-1.70853,-0.0165152,0.89041,1.38091,-0.217474,-0.557333,0.477602,-3.23969,-1.671,-0.323771,0.156116,2.99002,1.53387,4.39748,1.16035,-0.559443,0.39236,-0.143707,-0.437249,0.0389497,-9.38205,6.04192,-4.40182,-46.9727,1.42211,-2.1389,19.7638,5.55965,13.7024,2.49267,0.304133,-0.266293,-5.4488,9.08864,-0.9967,-2.55796,-4.36497,-1.98185,-1.38517,-0.296776,-0.585521,-0.33211,-5.06407,-10.1997,-3.20135,-1.35908,-0.010619,-0.0232941,-0.45057,0,0,0,0,0,0,0,0,0,0,0,0,0,0,0,0,0,0,0,0,0,0,0,0,0,0,0,0,0,2.55789,2.55789,2.55789,6.3088,6.3088,1.81445,2.55789,2.55789,1.81445,6.3088,6.3088,0.907223,0.907223,1.81445,1.81445,0.907223,0.907223,1.81445,1.81445,0.907223,0.907223,0.907223,0.907223,0.907223,0.907223,1.06814,1.06814,1.06814,1.06814,40.1792,40.1792,40.1792,99.0984,99.0984,28.5012,40.1792,40.1792,28.5012,99.0984,99.0984,14.2506,14.2506,28.5012,28.5012,14.2506,14.2506,28.5012,28.5012,14.2506,14.2506,14.2506,14.2506,14.2506,14.2506,16.7783,16.7783,16.7783,16.7783,0,0,0,0,0,0,0,0,0,0,0,0,0,0,0,0,0,0,0,0,0,0,0,0,0,0,0,0,0,0,0,0,0,0,0,0,0,0,0,0,0,0,0,0,0,0,0,0,0,0,0,0,0,0,0,0,0,0,0,0,0,0,0,0,0,0,0,0,0,0,0,0,0,0,0,0,0,0,0,0,0,0,0,0,0,0,0,0,0,0,0,0,0,0,0,0,0,0,0,0,0,0,0,0,0,0,0,0,0,0,0,0,0,0,0,0,0,-1.15236,-1.35225,-0.0766138,-0.966779,-0.0518435,-0.664377,0.647069,-2.69817,0.94567,-0.0543952,-1.52766,0.0410098,-0.804902,0.446571,0.275122,-0.427174,0.0183061,-0.234258,0.87106,-3.46498,1.69549,1.11725,-0.726165,0.787352,-0.678681,-1.85143,-0.160158,-1.16694,-0.197796,1.13062,-1.95058,-0.85926,-0.161358,0.476946,-0.397609,0.612839,-0.43236,-0.52,-0.545898,-1.89724,0.345315,0.259799,0.0334637,-0.376852,0.0179859,0.414749,-0.291381,-0.224007,0.48379,-0.0238565,0.246988,0.00802864,0.743602,-0.297654,0.177263,-1.38335,-0.669999,0.63327,-0.0174524,0.0832358,-0.137933,0.715,-0.976213,0.198106,-0.088098,0.6,0,0,0.220461,0.132003,3
17.3366,-22.088,1.81839,-1.83831,0.427674,1.54698,-1.1784,-1.30118,-0.0721451,17.3366,-22.088,1.81839,-1.83831,0.427674,1.54698,-1.1784,-1.30118,-0.0721451,-0.21875,-0.762125,-0.832068,2.48785,-0.00105599,-0.52,-1.62806,-2.39624,0.52,-0.087267,-0.087267,-0.879161,0.179647,0.5236,-0.440297,-0.350523,0.834152,0.239082,0.140698,0.0316948,0.533099,-0.177569,0.165795,-0.746291,-0.45687,0.633668,-0.0122188,0.00766999,-0.0262961,0,0,0,0,0,0,0,0,0,0,0,0,0,0,0,0,0,0,0,0,0,0,0,0,0,0,0,0,0,-0.326925,0.628355,-0.230505,0.0138594,-0.734734,-0.289782,-0.486781,-0.33389,-0.371843,1.1472,-0.051323,-0.139478,0.306294,-0.380313,-0.159138,-0.330602,0.822968,0.0648055,0.156169,0.0326236,0.620957,-0.0966022,0.589828,-0.773525,-0.36525,0.697653,-0.00840781,0.0265196,-0.123765,-2.4314,-3.02922,-0.355562,6.97256,4.89941,0.0857235,5.70602,-3.91767,-0.281604,-9.48473,1.66661,-3.34143,0.858035,4.05856,-1.02337,2.4418,-1.36042,-0.40983,1.07117,-0.100624,1.9031,-3.05829,0.0903079,1.57624,-0.619082,2.44328,-0.162618,1.72195,0.468301,14.0576,0.769174,-5.99698,17.731,-0.958082,-6.6089,-16.3946,-53.084,21.5299,-32.1552,-2.30527,-0.49815,-5.04801,16.3959,-1.9537,-0.491857,-3.38904,-1.82531,0.886829,-0.293758,0.0694634,-0.1691,-6.27647,-9.99546,-3.7963,-3.51142,0.0355115,-0.770485,-0.740129,0,0,0,0,0,0,0,0,0,0,0,0,0,0,0,0,0,0,0,0,0,0,0,0,0,0,0,0,0,2.55789,2.55789,2.55789,6.3088,6.3088,1.81445,2.55789,2.55789,1.81445,6.3088,6.3088,0.907223,0.907223,1.81445,1.81445,0.907223,0.907223,1.81445,1.81445,0.907223,0.907223,0.907223,0.907223,0.907223,0.907223,1.06814,1.06814,1.06814,1.06814,40.1792,40.1792,40.1792,99.0984,99.0984,28.5012,40.1792,40.1792,28.5012,99.0984,99.0984,14.2506,14.2506,28.5012,28.5012,14.2506,14.2506,28.5012,28.5012,14.2506,14.2506,14.2506,14.2506,14.2506,14.2506,16.7783,16.7783,16.7783,16.7783,0,0,0,0,0,0,0,0,0,0,0,0,0,0,0,0,0,0,0,0,0,0,0,0,0,0,0,0,0,0,0,0,0,0,0,0,0,0,0,0,0,0,0,0,0,0,0,0,0,0,0,0,0,0,0,0,0,0,0,0,0,0,0,0,0,0,0,0,0,0,0,0,0,0,0,0,0,0,0,0,0,0,0,0,0,0,0,0,0,0,0,0,0,0,0,0,0,0,0,0,0,0,0,0,0,0,0,0,0,0,0,0,0,0,0,0,0,-1.1784,-1.30118,-0.0721451,-1.25525,-0.0779901,-1.00392,1.44593,-1.2456,1.49558,0.545131,-1.04171,0.409614,-1.04725,0.451908,0.170304,-2.40356,0.0722674,-0.164009,-1.39189,-4.37632,1.21552,0.102952,-1.51963,1.35066,-0.404876,-0.352964,5.18692,-4.8733,1.03218,0.104121,-1.41088,-2.00457,-0.21875,-0.762125,-0.832068,2.48785,-0.00105599,-0.52,-1.62806,-2.39624,0.52,-0.087267,-0.087267,-0.879161,0.179647,0.5236,-0.440297,-0.350523,0.834152,0.239082,0.140698,0.0316948,0.533099,-0.177569,0.165795,-0.746291,-0.45687,0.633668,-0.0122188,0.00766999,-0.0262961,0.993,-0.963873,0.246116,-0.101857,0.6,0,0,0.220461,0.132003,3
5.79686,-22.8168,-16.0157,-4.64273,-0.72288,-0.233585,-1.2844,-1.29821,-0.0350428,5.79686,-22.8168,-16.0157,-4.64273,-0.72288,-0.233585,-1.2844,-1.29821,-0.0350428,0.0823116,-0.0908868,-1.01953,2.0315,-0.270453,-0.0480484,-2.31381,-1.27349,0.148872,-0.087267,-0.087267,-0.762132,0.110064,-0.155693,-0.397482,-0.502062,0.581781,0.2618,0.0776365,-0.0324238,-0.137379,0.344989,0.0126528,-0.081761,-0.0128369,0.55828,-0.00695567,-0.130986,0.0791114,0,0,0,0,0,0,0,0,0,0,0,0,0,0,0,0,0,0,0,0,0,0,0,0,0,0,0,0,0,-0.446097,0.454534,-0.380703,0.38951,-0.583237,-0.285522,-0.448271,-0.436898,-0.309198,0.930881,-0.0511512,-0.290176,0.28905,-0.219434,-0.133476,-0.249728,0.844222,0.0966692,0.163391,0.0246019,0.62439,-0.134576,0.553988,-0.713255,-0.371583,0.741198,-0.00959658,0.0452301,-0.0971453,-6.46364,-11.981,-7.62523,21.3631,4.64095,0.231479,-0.78266,-6.78185,5.62819,-11.4913,-0.216533,-7.44304,-2.53886,11.2513,2.19436,4.26684,3.0091,2.3819,0.0986742,-0.202745,-0.662478,-1.17092,-2.21763,3.94749,-0.200675,1.19917,0.0115859,0.462723,1.41382,25.519,-20.4013,3.22359,73.822,29.827,-7.1054,-46.625,-63.2552,14.3652,-31.1734,-2.4382,-0.0862133,0.40901,2.5006,-12.5274,-5.30286,-2.48764,-0.037027,-0.801913,0.334315,-0.771141,0.508626,-3.49466,-3.85664,-1.03721,-3.34189,-0.0437288,-1.19865,-0.327814,0,0,0,0,0,0,0,0,0,0,0,0,0,0,0,0,0,0,0,0,0,0,0,0,0,0,0,0,0,2.55789,2.55789,2.55789,6.3088,6.3088,1.81445,2.55789,2.55789,1.81445,6.3088,6.3088,0.907223,0.907223,1.81445,1.81445,0.907223,0.907223,1.81445,1.81445,0.907223,0.907223,0.907223,0.907223,0.907223,0.907223,1.06814,1.06814,1.06814,1.06814,40.1792,40.1792,40.1792,99.0984,99.0984,28.5012,40.1792,40.1792,28.5012,99.0984,99.0984,14.2506,14.2506,28.5012,28.5012,14.2506,14.2506,28.5012,28.5012,14.2506,14.2506,14.2506,14.2506,14.2506,14.2506,16.7783,16.7783,16.7783,16.7783,0,0,0,0,0,0,0,0,0,0,0,0,0,0,0,0,0,0,0,0,0,0,0,0,0,0,0,0,0,0,0,0,0,0,0,0,0,0,0,0,0,0,0,0,0,0,0,0,0,0,0,0,0,0,0,0,0,0,0,0,0,0,0,0,0,0,0,0,0,0,0,0,0,0,0,0,0,0,0,0,0,0,0,0,0,0,0,0,0,0,0,0,0,0,0,0,0,0,0,0,0,0,0,0,0,0,0,0,0,0,0,0,0,0,0,0,0,-1.2844,-1.29821,-0.0350428,-1.60077,-0.42717,-0.906298,0.870499,0.269597,-0.354996,0.677101,-0.0292694,0.250956,-1.19104,-0.559996,0.720143,-3.65597,-0.0739295,-0.0933637,-0.165989,-2.32582,-0.313238,-1.75819,-1.862,0.339442,0.78661,1.06189,3.88552,-3.89299,0.26392,-3.36732,-0.109555,-1.73774,0.0823116,-0.0908868,-1.01953,2.0315,-0.270453,-0.0480484,-2.31381,-1.27349,0.148872,-0.087267,-0.087267,-0.762132,0.110064,-0.155693,-0.397482,-0.502062,0.581781,0.2618,0.0776365,-0.0324238,-0.137379,0.344989,0.0126528,-0.081761,-0.0128369,0.55828,-0.00695567,-0.130986,0.0791114,0.779,-0.963077,0.25826,-0.0760563,0.6,0,0,0.257649,0.138683,3
-13.2166,15.3303,-11.1821,-2.52777,0.607108,-0.407246,-1.37612,-1.30061,-0.0169176,-13.2166,15.3303,-11.1821,-2.52777,0.607108,-0.407246,-1.37612,-1.30061,-0.0169176,0.362921,0.327959,-0.328111,1.42913,-0.838867,-0.135323,-1.75038,-0.665506,0.00900874,-0.087267,-0.087267,-0.340897,0.0133246,-0.186721,0.0561481,-0.685576,0.596969,0.2618,-0.245456,-0.0929923,-0.383224,0.494165,0.417459,-0.303649,-0.116405,0.585526,-0.0202541,-0.10576,-0.0014811,0,0,0,0,0,0,0,0,0,0,0,0,0,0,0,0,0,0,0,0,0,0,0,0,0,0,0,0,0,-0.556275,0.208489,-0.426583,0.755785,-0.522936,-0.260187,-0.56789,-0.583738,-0.154386,0.690223,-0.0547725,-0.329013,0.180634,0.00525921,-0.0812278,-0.189699,0.885662,0.145092,0.194898,0.00956338,0.515911,-0.0470519,0.543709,-0.66372,-0.352909,0.725935,-0.00780166,0.0197708,-0.0619168,-4.73348,-11.3903,0.0442091,15.8575,2.66746,1.49559,-8.89026,-6.78185,7.34929,-12.2108,-0.245944,0.322176,-6.56498,10.079,1.26406,0.499485,2.11511,0.966536,4.36512,-0.424904,-7.55969,6.64606,-0.0357216,1.22306,1.53308,-2.49081,0.0344535,-2.03734,1.8055,37.9084,16.6722,-23.5673,26.6842,8.38134,3.30799,-49.2807,-10.5807,-4.98838,-1.93647,-1.78242,-6.23341,4.79022,-22.8634,-12.2476,-5.40231,-6.00542,1.10904,-10.0917,-0.17448,-2.41068,-0.266693,-7.71153,6.93016,3.58128,-0.587723,-0.0373989,-0.518126,0.476869,0,0,0,0,0,0,0,0,0,0,0,0,0,0,0,0,0,0,0,0,0,0,0,0,0,0,0,0,0,2.55789,2.55789,2.55789,6.3088,6.3088,1.81445,2.55789,2.55789,1.81445,6.3088,6.3088,0.907223,0.907223,1.81445,1.81445,0.907223,0.907223,1.81445,1.81445,0.907223,0.907223,0.907223,0.907223,0.907223,0.907223,1.06814,1.06814,1.06814,1.06814,40.1792,40.1792,40.1792,99.0984,99.0984,28.5012,40.1792,40.1792,28.5012,99.0984,99.0984,14.2506,14.2506,28.5012,28.5012,14.2506,14.2506,28.5012,28.5012,14.2506,14.2506,14.2506,14.2506,14.2506,14.2506,16.7783,16.7783,16.7783,16.7783,0,0,0,0,0,0,0,0,0,0,0,0,0,0,0,0,0,0,0,0,0,0,0,0,0,0,0,0,0,0,0,0,0,0,0,0,0,0,0,0,0,0,0,0,0,0,0,0,0,0,0,0,0,0,0,0,0,0,0,0,0,0,0,0,0,0,0,0,0,0,0,0,0,0,0,0,0,0,0,0,0,0,0,0,0,0,0,0,0,0,0,0,0,0,0,0,0,0,0,0,0,0,0,0,0,0,0,0,0,0,0,0,0,0,0,0,0,-1.37612,-1.30061,-0.0169176,-2.0192,0.495828,0.128023,0.905129,-0.236329,-0.425743,0.920131,-0.265414,0.0303813,-1.92772,-0.194281,1.23263,-2.62695,-0.212032,-0.271865,0.598962,-1.21543,-0.873788,-1.41958,-0.599238,0.0205408,1.12674,-0.0198803,2.1677,-3.1988,-1.35705,-1.42977,-0.308551,-0.777279,0.362921,0.327959,-0.328111,1.42913,-0.838867,-0.135323,-1.75038,-0.665506,0.00900874,-0.087267,-0.087267,-0.340897,0.0133246,-0.186721,0.0561481,-0.685576,0.596969,0.2618,-0.245456,-0.0929923,-0.383224,0.494165,0.417459,-0.303649,-0.116405,0.585526,-0.0202541,-0.10576,-0.0014811,0.731,-0.963721,0.261872,-0.0516335,0.6,0,0,0.227502,0.125061,3
42.414,-29.5376,11.2366,-1.92977,0.999116,-1.63297,-1.27181,-1.32195,-0.161845,42.414,-29.5376,11.2366,-1.92977,0.999116,-1.63297,-1.27181,-1.32195,-0.161845,0.226686,-0.0465618,0.774226,0.682462,-0.822384,-0.52,-0.92751,-0.507028,0.364568,-0.087267,-0.087267,0.168152,-0.157019,-0.00273141,-0.0582821,-0.457025,0.652769,0.2618,0.14083,-0.132431,-0.106401,0.255282,0.715114,-0.799984,-0.212256,0.638721,-0.0253575,-0.0215754,-0.135929,0,0,0,0,0,0,0,0,0,0,0,0,0,0,0,0,0,0,0,0,0,0,0,0,0,0,0,0,0,-0.580195,0.0751345,-0.368321,0.969715,-0.600087,-0.229919,-0.756933,-0.657816,-0.0568932,0.458028,-0.0620579,-0.308417,0.0196107,0.184531,-0.123841,-0.185536,0.932852,0.176205,0.222742,-0.0127511,0.370603,0.0995939,0.520397,-0.650012,-0.316377,0.667081,-0.0110429,-0.0211312,-0.0439786,0.168632,-3.22402,3.4372,7.36691,-3.89271,1.36508,-9.10968,-1.20705,1.50423,-10.381,-0.460853,1.20507,-8.74188,8.03967,-2.67587,0.658117,1.6396,2.57094,-1.73393,-1.25565,-8.28873,6.77913,-1.35972,1.24263,1.85555,-2.18339,-0.220675,-1.92778,0.587253,37.4633,19.7873,-7.57133,-2.99117,0.622988,0.236229,-16.4688,3.91964,-2.41414,11.7983,0.990088,-1.53366,7.69137,-25.0288,10.5621,-7.68753,-6.36566,-2.11751,-11.0866,-0.0164961,-3.70592,-0.531137,-0.175678,4.20839,1.22244,1.27062,0.0704208,0.656812,0.0865575,0,0,0,0,0,0,0,0,0,0,0,0,0,0,0,0,0,0,0,0,0,0,0,0,0,0,0,0,0,2.55789,2.55789,2.55789,6.3088,6.3088,1.81445,2.55789,2.55789,1.81445,6.3088,6.3088,0.907223,0.907223,1.81445,1.81445,0.907223,0.907223,1.81445,1.81445,0.907223,0.907223,0.907223,0.907223,0.907223,0.907223,1.06814,1.06814,1.06814,1.06814,40.1792,40.1792,40.1792,99.0984,99.0984,28.5012,40.1792,40.1792,28.5012,99.0984,99.0984,14.2506,14.2506,28.5012,28.5012,14.2506,14.2506,28.5012,28.5012,14.2506,14.2506,14.2506,14.2506,14.2506,14.2506,16.7783,16.7783,16.7783,16.7783,0,0,0,0,0,0,0,0,0,0,0,0,0,0,0,0,0,0,0,0,0,0,0,0,0,0,0,0,0,0,0,0,0,0,0,0,0,0,0,0,0,0,0,0,0,0,0,0,0,0,0,0,0,0,0,0,0,0,0,0,0,0,0,0,0,0,0,0,0,0,0,0,0,0,0,0,0,0,0,0,0,0,0,0,0,0,0,0,0,0,0,0,0,0,0,0,0,0,0,0,0,0,0,0,0,0,0,0,0,0,0,0,0,0,0,0,0,-1.27181,-1.32195,-0.161845,-1.49808,1.17451,-0.132889,1.03236,-1.36802,-0.00622788,0.879724,-0.483965,-0.358018,-1.04695,0.519743,0.983818,-1.12412,-0.301955,-0.340365,-0.0850372,-0.925999,-0.242606,-0.289599,1.41399,0.831251,0.582069,-1.82453,0.038389,-3.04325,-1.31005,-0.915364,-1.4887,0.383403,0.226686,-0.0465618,0.774226,0.682462,-0.822384,-0.52,-0.92751,-0.507028,0.364568,-0.087267,-0.087267,0.168152,-0.157019,-0.00273141,-0.0582821,-0.457025,0.652769,0.2618,0.14083,-0.132431,-0.106401,0.255282,0.715114,-0.799984,-0.212256,0.638721,-0.0253575,-0.0215754,-0.135929,0.703,-0.969197,0.23536,-0.0725441,0.6,0,0,0.227502,0.125061,3
37.2964,14.1915,34.6143,-1.73441,0.499345,-1.57348,-1.23319,-1.34424,-0.248051,37.2964,14.1915,34.6143,-1.73441,0.499345,-1.57348,-1.23319,-1.34424,-0.248051,0.68364,-0.725018,0.760921,0.38639,-0.133784,-0.474629,-0.857775,-0.26936,0.52,-0.087267,-0.087267,0.66324,-0.285113,0.5236,-0.146606,-0.524345,0.83454,0.2618,0.240425,-0.0091215,-0.241776,0.0773888,0.501406,-0.856164,-0.233133,0.660567,-0.0312115,-0.00457132,-0.165212,0,0,0,0,0,0,0,0,0,0,0,0,0,0,0,0,0,0,0,0,0,0,0,0,0,0,0,0,0,-0.49484,0.0759274,-0.206489,0.971479,-0.659543,-0.281102,-0.889558,-0.633315,-0.00639858,0.279993,-0.06954,-0.206446,-0.184162,0.34759,-0.226041,-0.207948,0.952747,0.222553,0.206693,-0.0399076,0.226936,0.16533,0.496057,-0.617375,-0.264182,0.629782,-0.0150189,-0.0351762,-0.0607108,5.93253,1.62674,10.5623,-3.55591,-2.6046,-1.92395,-5.01033,2.84433,2.78388,-7.85826,-0.293427,6.64853,-10.4861,6.7709,-6.08352,-0.926739,-0.225652,2.78127,-0.589213,-1.30653,-6.02163,1.93178,-0.832917,0.992587,2.67674,-1.97518,-0.206667,-0.371876,-1.105,13.9372,-8.3501,13.355,-9.52456,0.343914,-2.44537,11.7649,-1.09861,5.16666,12.2707,0.285493,-0.48442,10.0064,-23.1185,15.7975,-1.71929,-4.46895,-2.35942,-1.66376,-0.101328,0.59487,-0.4242,3.97981,-3.5587,-1.81475,2.06517,0.0140553,0.483621,-0.100888,0,0,0,0,0,0,0,0,0,0,0,0,0,0,0,0,0,0,0,0,0,0,0,0,0,0,0,0,0,2.55789,2.55789,2.55789,6.3088,6.3088,1.81445,2.55789,2.55789,1.81445,6.3088,6.3088,0.907223,0.907223,1.81445,1.81445,0.907223,0.907223,1.81445,1.81445,0.907223,0.907223,0.907223,0.907223,0.907223,0.907223,1.06814,1.06814,1.06814,1.06814,40.1792,40.1792,40.1792,99.0984,99.0984,28.5012,40.1792,40.1792,28.5012,99.0984,99.0984,14.2506,14.2506,28.5012,28.5012,14.2506,14.2506,28.5012,28.5012,14.2506,14.2506,14.2506,14.2506,14.2506,14.2506,16.7783,16.7783,16.7783,16.7783,0,0,0,0,0,0,0,0,0,0,0,0,0,0,0,0,0,0,0,0,0,0,0,0,0,0,0,0,0,0,0,0,0,0,0,0,0,0,0,0,0,0,0,0,0,0,0,0,0,0,0,0,0,0,0,0,0,0,0,0,0,0,0,0,0,0,0,0,0,0,0,0,0,0,0,0,0,0,0,0,0,0,0,0,0,0,0,0,0,0,0,0,0,0,0,0,0,0,0,0,0,0,0,0,0,0,0,0,0,0,0,0,0,0,0,0,0,-1.23319,-1.34424,-0.248051,-1.65158,0.687235,-0.334277,1.44682,-1.49612,1.21639,1.00026,-0.531566,-0.650086,-0.819867,0.812976,1.81837,-0.996765,-0.0207979,-0.418942,-1.32412,-0.49194,-0.551274,-0.0613593,1.38969,1.29902,0.176454,-2.21758,-0.805934,-3.70381,0.653667,-1.99134,-1.0822,1.51225,0.68364,-0.725018,0.760921,0.38639,-0.133784,-0.474629,-0.857775,-0.26936,0.52,-0.087267,-0.087267,0.66324,-0.285113,0.5236,-0.146606,-0.524345,0.83454,0.2618,0.240425,-0.0091215,-0.241776,0.0773888,0.501406,-0.856164,-0.233133,0.660567,-0.0312115,-0.00457132,-0.165212,0.698,-0.974447,0.21194,-0.0743999,0.6,0,0,0.236324,0.131827,3
14.4383,9.55617,8.96744,-0.765092,0.390724,-1.82721,-1.10425,-1.38464,-0.402874,14.4383,9.55617,8.96744,-0.765092,0.390724,-1.82721,-1.10425,-1.38464,-0.402874,0.112783,-0.66563,0.213764,-0.117253,-0.097389,-0.0819112,-0.67042,-0.142866,0.329476,-0.087267,-0.087267,0.847708,-0.284818,0.345648,-0.444043,-0.259345,0.617877,0.2618,0.2618,0.0307409,-0.0862663,0.180512,0.383408,-0.327864,0.114029,0.662304,-0.0071267,-0.00242707,-0.127825,0,0,0,0,0,0,0,0,0,0,0,0,0,0,0,0,0,0,0,0,0,0,0,0,0,0,0,0,0,-0.324742,0.060268,0.00294278,0.808232,-0.520931,-0.289621,-0.975225,-0.550744,0.102791,0.13668,-0.076088,0.024549,-0.402707,0.472916,-0.364077,-0.182553,0.937892,0.275199,0.21622,-0.0319008,0.0826431,0.165085,0.466082,-0.604311,-0.215099,0.628948,-0.0207079,-0.0397291,-0.0869841,8.26798,-2.56015,8.1314,-8.4838,6.19289,0.183505,-2.82422,4.09779,5.78679,-5.35135,-0.26395,11.2595,-10.2737,4.49659,-6.43886,0.428342,-1.30104,0.676777,1.10255,0.523432,-5.63814,-0.980084,-1.85207,0.146222,1.85168,2.5728,-0.20355,0.388061,-1.08697,19.8559,-25.854,9.61541,10.5767,-0.788198,-5.51588,12.3239,1.19227,1.71122,11.9484,0.549829,-0.979052,10.641,-7.0534,17.4486,-5.50347,-0.497268,-2.08849,-1.16036,-0.181009,0.565144,-0.486306,2.06311,-3.80443,-1.98163,-1.78069,0.0499134,0.495533,-0.150098,0,0,0,0,0,0,0,0,0,0,0,0,0,0,0,0,0,0,0,0,0,0,0,0,0,0,0,0,0,2.55789,2.55789,2.55789,6.3088,6.3088,1.81445,2.55789,2.55789,1.81445,6.3088,6.3088,0.907223,0.907223,1.81445,1.81445,0.907223,0.907223,1.81445,1.81445,0.907223,0.907223,0.907223,0.907223,0.907223,0.907223,1.06814,1.06814,1.06814,1.06814,40.1792,40.1792,40.1792,99.0984,99.0984,28.5012,40.1792,40.1792,28.5012,99.0984,99.0984,14.2506,14.2506,28.5012,28.5012,14.2506,14.2506,28.5012,28.5012,14.2506,14.2506,14.2506,14.2506,14.2506,14.2506,16.7783,16.7783,16.7783,16.7783,0,0,0,0,0,0,0,0,0,0,0,0,0,0,0,0,0,0,0,0,0,0,0,0,0,0,0,0,0,0,0,0,0,0,0,0,0,0,0,0,0,0,0,0,0,0,0,0,0,0,0,0,0,0,0,0,0,0,0,0,0,0,0,0,0,0,0,0,0,0,0,0,0,0,0,0,0,0,0,0,0,0,0,0,0,0,0,0,0,0,0,0,0,0,0,0,0,0,0,0,0,0,0,0,0,0,0,0,0,0,0,0,0,0,0,0,0,-1.10425,-1.38464,-0.402874,-1.04735,0.418188,-1.01246,0.9528,-0.291543,0.788113,0.701364,0.259997,-0.649413,-0.151411,0.836284,0.775793,-0.654594,0.0700924,-0.0956593,-1.21566,-0.26092,-0.196696,-0.0325777,0.390404,0.751238,0.411585,-1.71576,-2.2422,-2.63234,0.757457,-1.81213,-0.186766,1.93286,0.112783,-0.66563,0.213764,-0.117253,-0.097389,-0.0819112,-0.67042,-0.142866,0.329476,-0.087267,-0.087267,0.847708,-0.284818,0.345648,-0.444043,-0.259345,0.617877,0.2618,0.2618,0.0307409,-0.0862663,0.180512,0.383408,-0.327864,0.114029,0.662304,-0.0071267,-0.00242707,-0.127825,0.784,-0.982177,0.168766,-0.0827384,0.6,0,0,0.236324,0.131827,3
14.5744,4.76596,6.51708,-0.384308,-0.198534,-1.15273,-1.03883,-1.40597,-0.479503,14.5744,4.76596,6.51708,-0.384308,-0.198534,-1.15273,-1.03883,-1.40597,-0.479503,-0.917719,0.200802,-0.655242,-0.253649,0.107785,0.295751,-0.261984,-0.127698,0.449351,0.62749,-0.087267,0.439752,-0.161726,-0.376175,-0.658388,-0.539856,0.718231,0.2618,0.2618,0.0638445,0.0279922,0.144591,0.0174953,-0.169628,0.226206,0.683213,-0.00162831,-0.0210581,-0.090489,0,0,0,0,0,0,0,0,0,0,0,0,0,0,0,0,0,0,0,0,0,0,0,0,0,0,0,0,0,-0.188739,-0.0139471,0.0666145,0.618849,-0.414621,-0.246872,-1.00033,-0.484601,0.178723,0.0536796,-0.0804273,0.229083,-0.56892,0.52196,-0.46519,-0.182952,0.894189,0.278811,0.229712,-0.0165549,0.0224136,0.162672,0.428971,-0.604055,-0.174574,0.687418,-0.0177186,-0.0199946,-0.103046,6.60896,-4.69134,0.317534,-11.3908,5.18356,2.88136,-0.572139,3.48984,3.19616,-3.95701,-0.211702,10.8585,-8.1479,1.43577,-4.53208,-0.0930238,-3.22595,0.0471747,0.652465,0.85994,-2.21854,0.25979,-1.99107,-0.0180937,2.62631,3.26026,0.238398,1.30801,-0.705735,-4.96911,-14.523,3.76059,-3.1995,-1.38019,-0.442062,15.018,5.0544,-1.62123,11.3284,0.668342,-0.961777,11.4535,-8.04324,9.11424,-0.992129,-1.24458,-0.60877,-0.22616,-0.111967,0.541183,0.0490893,1.14867,3.94813,1.86756,-3.87247,-0.0760382,-1.0557,0.36407,0,0,0,0,0,0,0,0,0,0,0,0,0,0,0,0,0,0,0,0,0,0,0,0,0,0,0,0,0,2.55789,2.55789,2.55789,6.3088,6.3088,1.81445,2.55789,2.55789,1.81445,6.3088,6.3088,0.907223,0.907223,1.81445,1.81445,0.907223,0.907223,1.81445,1.81445,0.907223,0.907223,0.907223,0.907223,0.907223,0.907223,1.06814,1.06814,1.06814,1.06814,40.1792,40.1792,40.1792,99.0984,99.0984,28.5012,40.1792,40.1792,28.5012,99.0984,99.0984,14.2506,14.2506,28.5012,28.5012,14.2506,14.2506,28.5012,28.5012,14.2506,14.2506,14.2506,14.2506,14.2506,14.2506,16.7783,16.7783,16.7783,16.7783,0,0,0,0,0,0,0,0,0,0,0,0,0,0,0,0,0,0,0,0,0,0,0,0,0,0,0,0,0,0,0,0,0,0,0,0,0,0,0,0,0,0,0,0,0,0,0,0,0,0,0,0,0,0,0,0,0,0,0,0,0,0,0,0,0,0,0,0,0,0,0,0,0,0,0,0,0,0,0,0,0,0,0,0,0,0,0,0,0,0,0,0,0,0,0,0,0,0,0,0,0,0,0,0,0,0,0,0,0,0,0,0,0,0,0,0,0,-1.03883,-1.40597,-0.479503,-1.68694,-0.416129,-1.50119,1.18162,0.0692502,-0.857717,0.709553,0.515772,-0.368751,-0.756736,1.11694,-1.10624,0.0913451,0.145572,-0.0218562,0.366731,-0.233218,0.0638251,-0.282656,-1.19669,1.02456,0.329682,-1.2146,-2.63117,-0.118376,1.34256,0.691508,0.674342,1.00268,-0.917719,0.200802,-0.655242,-0.253649,0.107785,0.295751,-0.261984,-0.127698,0.449351,0.62749,-0.087267,0.439752,-0.161726,-0.376175,-0.658388,-0.539856,0.718231,0.2618,0.2618,0.0638445,0.0279922,0.144591,0.0174953,-0.169628,0.226206,0.683213,-0.00162831,-0.0210581,-0.090489,1,-0.986446,0.141411,-0.0832286,0.6,0,0,0.23383,0.136112,3
15.167,-3.0557,-1.63298,0.488639,-0.139846,-0.175319,-1.01786,-1.41546,-0.495967,15.167,-3.0557,-1.63298,0.488639,-0.139846,-0.175319,-1.01786,-1.41546,-0.495967,-1.39109,0.638555,-1.5843,-0.5236,-0.205971,0.306651,-0.374677,-0.294249,0.390182,1.18025,-0.087267,0.154766,0.0322093,-0.556594,-0.688631,-0.496411,0.684371,0.193705,0.2618,0.04273,0.104293,-0.0912383,-0.2307,-0.54301,0.122162,0.619817,-0.00565956,-0.0155675,-0.062412,0,0,0,0,0,0,0,0,0,0,0,0,0,0,0,0,0,0,0,0,0,0,0,0,0,0,0,0,0,-0.11118,-0.0697636,-0.0643612,0.426171,-0.274156,-0.1146,-0.991994,-0.40763,0.248554,0.101062,-0.0895872,0.316383,-0.655819,0.482152,-0.506647,-0.204133,0.804548,0.271078,0.250558,0.00498779,0.0136866,0.159824,0.403385,-0.603916,-0.123576,0.73816,-0.0123546,-0.00355727,-0.109469,1.73867,-0.398891,-9.53143,-8.5222,6.28995,6.91904,0.771014,4.08215,3.54402,5.73304,-0.176217,0.504604,-1.28667,-3.60832,0.300198,-1.04889,-4.62702,-0.483386,0.943934,0.956795,0.422862,-0.265653,-0.655019,0.220589,2.7903,1.78853,0.233249,0.492764,-0.144744,-37.6748,13.3762,-0.456043,-14.3056,-1.84954,-0.827637,27.6474,1.15941,-0.614278,19.0407,1.5933,0.908986,8.68009,-18.4653,-4.07205,-3.78918,2.92687,0.590367,-1.45112,-0.0399897,-0.117122,0.0189309,-4.79729,6.05614,2.59692,-2.98059,-0.0722822,-0.867753,0.49233,0,0,0,0,0,0,0,0,0,0,0,0,0,0,0,0,0,0,0,0,0,0,0,0,0,0,0,0,0,2.55789,2.55789,2.55789,6.3088,6.3088,1.81445,2.55789,2.55789,1.81445,6.3088,6.3088,0.907223,0.907223,1.81445,1.81445,0.907223,0.907223,1.81445,1.81445,0.907223,0.907223,0.907223,0.907223,0.907223,0.907223,1.06814,1.06814,1.06814,1.06814,40.1792,40.1792,40.1792,99.0984,99.0984,28.5012,40.1792,40.1792,28.5012,99.0984,99.0984,14.2506,14.2506,28.5012,28.5012,14.2506,14.2506,28.5012,28.5012,14.2506,14.2506,14.2506,14.2506,14.2506,14.2506,16.7783,16.7783,16.7783,16.7783,0,0,0,0,0,0,0,0,0,0,0,0,0,0,0,0,0,0,0,0,0,0,0,0,0,0,0,0,0,0,0,0,0,0,0,0,0,0,0,0,0,0,0,0,0,0,0,0,0,0,0,0,0,0,0,0,0,0,0,0,0,0,0,0,0,0,0,0,0,0,0,0,0,0,0,0,0,0,0,0,0,0,0,0,0,0,0,0,0,0,0,0,0,0,0,0,0,0,0,0,0,0,0,0,0,0,0,0,0,0,0,0,0,0,0,0,0,-1.01786,-1.41546,-0.495967,-1.58789,-0.982038,-1.57015,1.10441,-0.782096,-1.26909,0.441667,0.278541,0.0734404,-0.64212,0.265996,-1.97078,-0.114468,0.0974286,-0.0759663,1.16621,-0.537395,0.237799,-0.208957,-2.89345,0.889654,-0.208033,-0.837735,-3.49285,1.45796,0.447807,-0.188513,0.699194,0.352882,-1.39109,0.638555,-1.5843,-0.5236,-0.205971,0.306651,-0.374677,-0.294249,0.390182,1.18025,-0.087267,0.154766,0.0322093,-0.556594,-0.688631,-0.496411,0.684371,0.193705,0.2618,0.04273,0.104293,-0.0912383,-0.2307,-0.54301,0.122162,0.619817,-0.00565956,-0.0155675,-0.062412,0.55,-0.98796,0.131655,-0.0812501,0.6,0,0,0.23383,0.136112,3
10.4313,-1.17694,-7.51045,0.862496,0.363807,0.385756,-1.00235,-1.41064,-0.496297,10.4313,-1.17694,-7.51045,0.862496,0.363807,0.385756,-1.00235,-1.41064,-0.496297,-1.58679,0.963677,-1.93075,-0.5236,-1.13857,0.191196,-0.485147,0.0661968,0.332186,1.53288,-0.087267,0.0276381,0.176711,-0.593936,-0.724971,-0.539311,0.924994,0.143649,0.2618,-0.00287649,0.165132,-0.201471,-0.403941,-1.29762,-0.255124,0.584501,-0.0208409,-0.0288897,-0.0676776,0,0,0,0,0,0,0,0,0,0,0,0,0,0,0,0,0,0,0,0,0,0,0,0,0,0,0,0,0,-0.11862,-0.0286948,-0.385188,0.244443,-0.245025,0.00251032,-0.976013,-0.337781,0.288797,0.312486,-0.0935685,0.288462,-0.598592,0.374646,-0.454781,-0.227244,0.716768,0.252943,0.266402,0.0161726,0.038656,0.108845,0.397906,-0.597281,-0.0720357,0.757896,-0.00958294,0.00564621,-0.101836,-2.6901,4.87021,-18.2044,-9.62341,0.889016,5.07534,0.769536,2.94305,0.702874,12.5558,0.055492,-1.96104,6.02296,-6.36305,4.42397,-0.864767,-3.75917,-1.24349,0.361779,0.37587,1.48729,-3.24686,0.0442869,0.404604,2.48479,0.329296,0.102433,0.322486,0.530335,-45.9016,16.557,-2.73207,-17.636,-1.79353,-0.565665,22.5358,-5.86158,1.13215,9.45603,0.490069,-0.172511,4.22952,-15.7972,-13.9499,-3.01036,2.99229,0.420924,-0.968286,0.0345649,-0.416384,0.018567,-8.92664,0.411164,0.560412,-2.82727,-0.0441665,-0.744615,0.109324,0,0,0,0,0,0,0,0,0,0,0,0,0,0,0,0,0,0,0,0,0,0,0,0,0,0,0,0,0,2.55789,2.55789,2.55789,6.3088,6.3088,1.81445,2.55789,2.55789,1.81445,6.3088,6.3088,0.907223,0.907223,1.81445,1.81445,0.907223,0.907223,1.81445,1.81445,0.907223,0.907223,0.907223,0.907223,0.907223,0.907223,1.06814,1.06814,1.06814,1.06814,40.1792,40.1792,40.1792,99.0984,99.0984,28.5012,40.1792,40.1792,28.5012,99.0984,99.0984,14.2506,14.2506,28.5012,28.5012,14.2506,14.2506,28.5012,28.5012,14.2506,14.2506,14.2506,14.2506,14.2506,14.2506,16.7783,16.7783,16.7783,16.7783,0,0,0,0,0,0,0,0,0,0,0,0,0,0,0,0,0,0,0,0,0,0,0,0,0,0,0,0,0,0,0,0,0,0,0,0,0,0,0,0,0,0,0,0,0,0,0,0,0,0,0,0,0,0,0,0,0,0,0,0,0,0,0,0,0,0,0,0,0,0,0,0,0,0,0,0,0,0,0,0,0,0,0,0,0,0,0,0,0,0,0,0,0,0,0,0,0,0,0,0,0,0,0,0,0,0,0,0,0,0,0,0,0,0,0,0,0,-1.00235,-1.41064,-0.496297,-1.6857,-1.37705,-1.65301,1.65306,-2.50268,-1.35423,0.327535,-0.581707,0.402919,0.0184225,-0.208043,-2.32818,-0.316223,-0.00655868,-0.27974,1.75999,0.120897,0.376517,-0.387777,-3.52619,0.757418,-0.459373,-0.908413,-4.8468,2.46356,-2.21173,-1.35889,0.435946,0.0630177,-1.58679,0.963677,-1.93075,-0.5236,-1.13857,0.191196,-0.485147,0.0661968,0.332186,1.53288,-0.087267,0.0276381,0.176711,-0.593936,-0.724971,-0.539311,0.924994,0.143649,0.2618,-0.00287649,0.165132,-0.201471,-0.403941,-1.29762,-0.255124,0.584501,-0.0208409,-0.0288897,-0.0676776,0.593,-0.987203,0.134393,-0.0858464,0.6,0,0,0.232353,0.139544,3
7.14063,1.44166,-9.65008,1.49006,1.06706,1.03526,-0.956806,-1.39034,-0.518004,7.14063,1.44166,-9.65008,1.49006,1.06706,1.03526,-0.956806,-1.39034,-0.518004,-1.0551,0.865044,-0.949041,-0.5236,-1.76647,-0.405519,0.0378593,0.836398,0.52,1.42809,-0.087267,0.139001,0.176519,-0.728405,-0.240105,-0.564803,1.41865,0.252705,0.2618,0.0145288,0.550884,-0.12279,0.157612,-1.63416,-0.539582,0.607096,-0.026405,0.00661026,-0.188288,0,0,0,0,0,0,0,0,0,0,0,0,0,0,0,0,0,0,0,0,0,0,0,0,0,0,0,0,0,-0.246029,0.139718,-0.764475,0.0592562,-0.456282,0.0596935,-0.950997,-0.263354,0.273675,0.602847,-0.0923952,0.231393,-0.431774,0.194641,-0.341258,-0.246244,0.662196,0.209242,0.271485,0.0120046,0.0744639,0.0283514,0.40498,-0.599896,-0.051321,0.753788,-0.0115816,0.00661536,-0.0851983,-9.84867,10.5396,-18.5435,-9.42899,-10.7306,2.06139,1.74533,4.39345,-2.39637,14.7324,0.186399,-2.98349,9.42677,-11.2203,6.13761,-0.898043,-1.89222,-2.54317,-0.0116038,-0.353641,1.73841,-4.17117,0.721631,-0.689218,0.0771856,-0.65961,-0.119452,-0.154687,0.733188,-31.3677,7.65184,-0.262646,-0.0683527,0.152761,-0.0169345,14.9897,2.72358,5.11992,0.74902,-0.563,-0.218193,0.46163,-3.74557,-21.9728,-3.36426,5.54197,2.66225,-0.43526,0.102214,-0.305811,0.448816,-12.1202,-9.47926,-3.10003,-2.25204,-0.026752,-0.479821,-0.518701,0,0,0,0,0,0,0,0,0,0,0,0,0,0,0,0,0,0,0,0,0,0,0,0,0,0,0,0,0,2.55789,2.55789,2.55789,6.3088,6.3088,1.81445,2.55789,2.55789,1.81445,6.3088,6.3088,0.907223,0.907223,1.81445,1.81445,0.907223,0.907223,1.81445,1.81445,0.907223,0.907223,0.907223,0.907223,0.907223,0.907223,1.06814,1.06814,1.06814,1.06814,40.1792,40.1792,40.1792,99.0984,99.0984,28.5012,40.1792,40.1792,28.5012,99.0984,99.0984,14.2506,14.2506,28.5012,28.5012,14.2506,14.2506,28.5012,28.5012,14.2506,14.2506,14.2506,14.2506,14.2506,14.2506,16.7783,16.7783,16.7783,16.7783,0,0,0,0,0,0,0,0,0,0,0,0,0,0,0,0,0,0,0,0,0,0,0,0,0,0,0,0,0,0,0,0,0,0,0,0,0,0,0,0,0,0,0,0,0,0,0,0,0,0,0,0,0,0,0,0,0,0,0,0,0,0,0,0,0,0,0,0,0,0,0,0,0,0,0,0,0,0,0,0,0,0,0,0,0,0,0,0,0,0,0,0,0,0,0,0,0,0,0,0,0,0,0,0,0,0,0,0,0,0,0,0,0,0,0,0,0,-0.956806,-1.39034,-0.518004,-1.74383,-0.0966485,-0.547464,2.77865,-3.27003,-1.66084,0.576192,-1.2303,0.402481,-0.24745,0.095252,-1.35715,0.638958,0.033127,-0.354426,1.57986,1.52754,1.25607,0.0887273,-1.73326,1.58874,-0.279974,-2.52733,-6.31908,2.16473,-4.00235,-1.70735,-0.924623,0.316936,-1.0551,0.865044,-0.949041,-0.5236,-1.76647,-0.405519,0.0378593,0.836398,0.52,1.42809,-0.087267,0.139001,0.176519,-0.728405,-0.240105,-0.564803,1.41865,0.252705,0.2618,0.0145288,0.550884,-0.12279,0.157612,-1.63416,-0.539582,0.607096,-0.026405,0.00661026,-0.188288,0.652,-0.983762,0.146697,-0.103403,0.6,0,0,0.2412,0.143181,3
5.94145,-6.56479,-1.41168,2.1088,2.32677,0.405922,-0.827955,-1.354,-0.610104,5.94145,-6.56479,-1.41168,2.1088,2.32677,0.405922,-0.827955,-1.354,-0.610104,0.187799,0.906559,-1.39721,-0.5236,-1.5362,-0.52,-0.583348,0.761955,0.52,0.423931,-0.087267,-0.146261,0.164362,-0.514895,0.000868429,-0.310598,1.5882,0.2618,0.139163,-0.00480461,0.66677,0.343327,0.375368,-1.12919,-0.442271,0.617726,-0.0200733,0.00590842,-0.160081,0,0,0,0,0,0,0,0,0,0,0,0,0,0,0,0,0,0,0,0,0,0,0,0,0,0,0,0,0,-0.476133,0.378974,-0.920293,-0.117735,-0.795949,-0.0422271,-0.857815,-0.0909739,0.254677,0.84421,-0.0884115,0.202045,-0.282942,-0.085565,-0.276257,-0.254382,0.656068,0.168599,0.254386,0.0076893,0.170249,-0.0319955,0.425467,-0.628334,-0.0824669,0.718523,-0.0154884,0.00558275,-0.0946347,-12.4979,10.3021,-3.15266,-5.74342,-15.6931,-6.13874,6.18828,11.3106,0.083334,10.1743,0.149305,-0.715107,6.36116,-14.9917,0.802176,0.141002,1.19621,-1.40851,-0.819983,-0.196545,5.64182,-2.35079,0.751083,-2.04534,-2.28029,-1.88956,-0.181179,-0.11635,-0.886938,6.83389,-8.26751,7.49946,4.59638,4.01299,0.820877,20.9898,10.1485,7.64147,-6.47144,-0.855006,-0.209461,0.902516,8.04849,-1.25488,-4.41496,10.1245,5.15589,1.77502,0.26782,0.412492,0.866063,-4.60519,-12.6625,-4.54785,0.179395,0.0113366,0.125738,-0.662379,0,0,0,0,0,0,0,0,0,0,0,0,0,0,0,0,0,0,0,0,0,0,0,0,0,0,0,0,0,2.55789,2.55789,2.55789,6.3088,6.3088,1.81445,2.55789,2.55789,1.81445,6.3088,6.3088,0.907223,0.907223,1.81445,1.81445,0.907223,0.907223,1.81445,1.81445,0.907223,0.907223,0.907223,0.907223,0.907223,0.907223,1.06814,1.06814,1.06814,1.06814,40.1792,40.1792,40.1792,99.0984,99.0984,28.5012,40.1792,40.1792,28.5012,99.0984,99.0984,14.2506,14.2506,28.5012,28.5012,14.2506,14.2506,28.5012,28.5012,14.2506,14.2506,14.2506,14.2506,14.2506,14.2506,16.7783,16.7783,16.7783,16.7783,0,0,0,0,0,0,0,0,0,0,0,0,0,0,0,0,0,0,0,0,0,0,0,0,0,0,0,0,0,0,0,0,0,0,0,0,0,0,0,0,0,0,0,0,0,0,0,0,0,0,0,0,0,0,0,0,0,0,0,0,0,0,0,0,0,0,0,0,0,0,0,0,0,0,0,0,0,0,0,0,0,0,0,0,0,0,0,0,0,0,0,0,0,0,0,0,0,0,0,0,0,0,0,0,0,0,0,0,0,0,0,0,0,0,0,0,0,-0.827955,-1.354,-0.610104,-1.16421,0.399857,0.0019801,3.62791,-2.11865,-1.17401,0.776036,-1.00842,0.374761,-1.05076,0.237929,0.912797,-0.49557,-0.010955,-0.269438,1.65568,1.39158,1.5203,0.0793067,-2.55177,1.75793,0.78282,-2.14871,-6.68309,-0.698877,-3.34568,-1.54501,-3.24011,-0.33349,0.187799,0.906559,-1.39721,-0.5236,-1.5362,-0.52,-0.583348,0.761955,0.52,0.423931,-0.087267,-0.146261,0.164362,-0.514895,0.000868429,-0.310598,1.5882,0.2618,0.139163,-0.00480461,0.66677,0.343327,0.375368,-1.12919,-0.442271,0.617726,-0.0200733,0.00590842,-0.160081,0.949,-0.976591,0.158435,-0.145493,0.6,0,0,0.2412,0.143181,3
10.7078,-9.73287,6.46088,1.18939,1.90248,-1.60209,-0.622653,-1.32957,-0.786624,10.7078,-9.73287,6.46088,1.18939,1.90248,-1.60209,-0.622653,-1.32957,-0.786624,0.459791,1.02592,-0.48987,-0.5236,-0.945431,-0.52,-0.639138,-0.117608,0.489677,0.305766,-0.087267,-0.373442,0.0633144,-0.410436,-0.0764073,0.0399032,1.47505,0.228766,0.168674,0.0229332,0.934797,0.341576,0.749241,-0.828292,-0.414851,0.640742,0.00287695,0.040343,-0.156043,0,0,0,0,0,0,0,0,0,0,0,0,0,0,0,0,0,0,0,0,0,0,0,0,0,0,0,0,0,-0.659015,0.5166,-1.04889,-0.147488,-0.950842,-0.161989,-0.716049,0.157577,0.288524,0.885018,-0.0793462,0.135372,-0.193772,-0.337305,-0.3058,-0.215983,0.722986,0.147338,0.221594,-0.00268613,0.299294,0.0198532,0.413145,-0.666158,-0.13091,0.696277,-0.0176373,0.0059704,-0.106352,-5.52594,5.11938,-7.1051,0.269609,-2.74686,-5.48957,6.9079,12.4922,3.82952,-2.66192,0.176126,-4.56168,2.85271,-9.61487,-2.72865,3.25778,4.83061,-0.412267,-1.55263,-0.466245,6.18595,4.57352,-1.72323,-1.61832,-2.28237,-0.559519,-0.0682567,0.17034,-0.459185,49.7284,2.37924,4.04438,-37.6909,-37.1987,-0.27325,-12.1815,-7.06498,0.712517,-32.9603,-2.14261,-0.0597196,2.30367,13.1222,13.2609,-4.00115,8.31753,4.27368,0.652992,0.413981,-0.336634,0.610385,0.805851,-5.12261,-2.39186,-0.649781,0.0365413,-0.149299,-0.414994,0,0,0,0,0,0,0,0,0,0,0,0,0,0,0,0,0,0,0,0,0,0,0,0,0,0,0,0,0,2.55789,2.55789,2.55789,6.3088,6.3088,1.81445,2.55789,2.55789,1.81445,6.3088,6.3088,0.907223,0.907223,1.81445,1.81445,0.907223,0.907223,1.81445,1.81445,0.907223,0.907223,0.907223,0.907223,0.907223,0.907223,1.06814,1.06814,1.06814,1.06814,40.1792,40.1792,40.1792,99.0984,99.0984,28.5012,40.1792,40.1792,28.5012,99.0984,99.0984,14.2506,14.2506,28.5012,28.5012,14.2506,14.2506,28.5012,28.5012,14.2506,14.2506,14.2506,14.2506,14.2506,14.2506,16.7783,16.7783,16.7783,16.7783,0,0,0,0,0,0,0,0,0,0,0,0,0,0,0,0,0,0,0,0,0,0,0,0,0,0,0,0,0,0,0,0,0,0,0,0,0,0,0,0,0,0,0,0,0,0,0,0,0,0,0,0,0,0,0,0,0,0,0,0,0,0,0,0,0,0,0,0,0,0,0,0,0,0,0,0,0,0,0,0,0,0,0,0,0,0,0,0,0,0,0,0,0,0,0,0,0,0,0,0,0,0,0,0,0,0,0,0,0,0,0,0,0,0,0,0,0,-0.622653,-1.32957,-0.786624,-0.365037,1.25233,-0.174216,2.90724,-1.43257,-0.935836,0.521609,-0.945901,0.144363,-0.983467,0.546868,1.40954,-0.597461,0.05229,0.0386163,1.87366,-0.214791,2.13143,0.541511,-0.894663,1.11651,0.778828,-2.09452,-5.27665,-1.03585,-1.66095,-0.0612692,-4.1231,-0.851485,0.459791,1.02592,-0.48987,-0.5236,-0.945431,-0.52,-0.639138,-0.117608,0.489677,0.305766,-0.087267,-0.373442,0.0633144,-0.410436,-0.0764073,0.0399032,1.47505,0.228766,0.168674,0.0229332,0.934797,0.341576,0.749241,-0.828292,-0.414851,0.640742,0.00287695,0.040343,-0.156043,0.669,-0.971046,0.139319,-0.194059,0.6,0,0,0.302495,0.168131,3
12.2022,-1.73764,6.16245,0.473456,0.691772,-2.25985,-0.408693,-1.32816,-0.992218,12.2022,-1.73764,6.16245,0.473456,0.691772,-2.25985,-0.408693,-1.32816,-0.992218,0.242793,0.740568,-0.173393,-0.5236,-0.953405,-0.52,-0.431725,-0.0899595,0.52,0.0878399,-0.0342661,-0.360926,0.0495126,-0.266139,-0.27141,-0.00993111,1.46287,0.239701,0.198062,0.0109325,1.22127,0.396618,0.958908,-1.00875,-0.493377,0.661027,0.00336349,0.048503,-0.191618,0,0,0,0,0,0,0,0,0,0,0,0,0,0,0,0,0,0,0,0,0,0,0,0,0,0,0,0,0,-0.680389,0.606108,-0.988271,-0.134084,-0.935325,-0.257527,-0.602978,0.319705,0.356988,0.788757,-0.078301,0.00728095,-0.187165,-0.432738,-0.364481,-0.129052,0.83541,0.145987,0.199742,-0.00255487,0.454481,0.102847,0.380569,-0.685512,-0.183121,0.67543,-0.0133895,0.0142288,-0.115651,2.57905,4.10034,7.21477,0.75265,1.23222,-4.01409,4.71984,4.40036,2.18802,-5.9091,-0.0491472,-6.76284,-1.68101,-1.58331,-2.53155,4.96183,5.81284,0.0554542,-0.286065,0.0826063,8.00408,3.62308,-1.14026,-0.621839,-2.70652,-1.37243,0.266023,0.337923,-0.505532,41.3904,6.51536,2.66689,-43.2512,-8.66571,-0.166346,-13.661,-30.3065,-0.66388,-12.5203,-0.685168,0.62937,4.67092,4.41412,12.9562,-1.85262,3.99339,2.31033,-0.0398081,0.277901,-0.280837,0.106223,6.37736,-1.45787,-0.898589,0.798044,-0.00763442,0.0458324,-0.158238,0,0,0,0,0,0,0,0,0,0,0,0,0,0,0,0,0,0,0,0,0,0,0,0,0,0,0,0,0,2.55789,2.55789,2.55789,6.3088,6.3088,1.81445,2.55789,2.55789,1.81445,6.3088,6.3088,0.907223,0.907223,1.81445,1.81445,0.907223,0.907223,1.81445,1.81445,0.907223,0.907223,0.907223,0.907223,0.907223,0.907223,1.06814,1.06814,1.06814,1.06814,40.1792,40.1792,40.1792,99.0984,99.0984,28.5012,40.1792,40.1792,28.5012,99.0984,99.0984,14.2506,14.2506,28.5012,28.5012,14.2506,14.2506,28.5012,28.5012,14.2506,14.2506,14.2506,14.2506,14.2506,14.2506,16.7783,16.7783,16.7783,16.7783,0,0,0,0,0,0,0,0,0,0,0,0,0,0,0,0,0,0,0,0,0,0,0,0,0,0,0,0,0,0,0,0,0,0,0,0,0,0,0,0,0,0,0,0,0,0,0,0,0,0,0,0,0,0,0,0,0,0,0,0,0,0,0,0,0,0,0,0,0,0,0,0,0,0,0,0,0,0,0,0,0,0,0,0,0,0,0,0,0,0,0,0,0,0,0,0,0,0,0,0,0,0,0,0,0,0,0,0,0,0,0,0,0,0,0,0,0,-0.408693,-1.32816,-0.992218,-0.478664,1.73039,-0.618842,2.87946,-1.84403,-0.606823,0.546541,-1.12495,0.112894,-0.916458,0.819138,1.01324,-0.218657,0.0249272,0.0451469,1.35252,-0.164296,2.78461,0.651039,-0.316672,1.35122,0.904328,-2.57202,-4.6654,-1.65733,-1.68369,0.937468,-4.27762,-0.822948,0.242793,0.740568,-0.173393,-0.5236,-0.953405,-0.52,-0.431725,-0.0899595,0.52,0.0878399,-0.0342661,-0.360926,0.0495126,-0.266139,-0.27141,-0.00993111,1.46287,0.239701,0.198062,0.0109325,1.22127,0.396618,0.958908,-1.00875,-0.493377,0.661027,0.00336349,0.048503,-0.191618,0.675,-0.970708,0.095483,-0.220475,0.6,0,0,0.302495,0.168131,3
13.3385,-0.32604,6.52772,0.0997429,-0.0931096,-1.43216,-0.24462,-1.33752,-1.15389,13.3385,-0.32604,6.52772,0.0997429,-0.0931096,-1.43216,-0.24462,-1.33752,-1.15389,-0.195742,0.453651,0.406769,-0.263632,-0.289269,-0.52,0.0475795,-0.0617698,0.128032,0.0437115,0.363721,-0.327026,-0.0342048,0.260714,-0.390229,0.141988,0.817774,0.0975786,0.2618,0.0281068,1.06651,0.00317385,0.737703,-1.01475,-0.515449,0.664203,0.0037621,0.0770594,-0.176341,0,0,0,0,0,0,0,0,0,0,0,0,0,0,0,0,0,0,0,0,0,0,0,0,0,0,0,0,0,-0.575218,0.669378,-0.791569,-0.12095,-0.915373,-0.289627,-0.513584,0.339393,0.372428,0.632845,-0.0658583,-0.104206,-0.250912,-0.425134,-0.398475,-0.0332385,0.942236,0.147733,0.204382,-0.0063639,0.651346,0.173304,0.378348,-0.700376,-0.236835,0.65216,-0.00876341,0.0175738,-0.131262,6.96521,2.05282,10.3402,0.551761,0.798954,-0.271755,4.10039,-1.22764,-0.155191,-8.52561,0.512342,-4.58692,-4.41731,1.66632,-0.947473,4.32309,4.94718,0.0944833,0.534954,-0.314363,10.0719,3.20838,-0.377331,-0.728707,-2.88888,0.741762,0.17684,0.444387,-0.769876,16.3849,-2.94296,-1.17776,-43.436,-8.91138,-5.81962,-7.19793,-15.1687,4.1744,-1.88132,-0.187716,0.557656,7.88625,2.00938,5.58824,-3.60958,2.99222,2.47595,-1.07624,0.509814,-0.892096,0.273427,8.35543,-3.71395,-1.21982,-0.000709485,0.0234363,0.365219,-0.204374,0,0,0,0,0,0,0,0,0,0,0,0,0,0,0,0,0,0,0,0,0,0,0,0,0,0,0,0,0,2.55789,2.55789,2.55789,6.3088,6.3088,1.81445,2.55789,2.55789,1.81445,6.3088,6.3088,0.907223,0.907223,1.81445,1.81445,0.907223,0.907223,1.81445,1.81445,0.907223,0.907223,0.907223,0.907223,0.907223,0.907223,1.06814,1.06814,1.06814,1.06814,40.1792,40.1792,40.1792,99.0984,99.0984,28.5012,40.1792,40.1792,28.5012,99.0984,99.0984,14.2506,14.2506,28.5012,28.5012,14.2506,14.2506,28.5012,28.5012,14.2506,14.2506,14.2506,14.2506,14.2506,14.2506,16.7783,16.7783,16.7783,16.7783,0,0,0,0,0,0,0,0,0,0,0,0,0,0,0,0,0,0,0,0,0,0,0,0,0,0,0,0,0,0,0,0,0,0,0,0,0,0,0,0,0,0,0,0,0,0,0,0,0,0,0,0,0,0,0,0,0,0,0,0,0,0,0,0,0,0,0,0,0,0,0,0,0,0,0,0,0,0,0,0,0,0,0,0,0,0,0,0,0,0,0,0,0,0,0,0,0,0,0,0,0,0,0,0,0,0,0,0,0,0,0,0,0,0,0,0,0,-0.24462,-1.33752,-1.15389,-0.132274,1.22602,-0.88976,1.40859,-1.85772,0.594454,0.222489,-1.17527,-0.0779902,0.0317594,0.861769,0.212325,0.65671,0.0640864,0.0504974,0.828515,-0.112812,2.43175,1.03434,0.742895,0.291927,0.00723668,-2.36697,-2.65964,-1.78317,0.210262,2.07243,-3.70907,-0.745652,-0.195742,0.453651,0.406769,-0.263632,-0.289269,-0.52,0.0475795,-0.0617698,0.128032,0.0437115,0.363721,-0.327026,-0.0342048,0.260714,-0.390229,0.141988,0.817774,0.0975786,0.2618,0.0281068,1.06651,0.00317385,0.737703,-1.01475,-0.515449,0.664203,0.0037621,0.0770594,-0.176341,0.664,-0.972915,0.0559851,-0.224283,0.6,0,0,0.381578,0.209534,3
16.5643,2.54956,2.57044,-0.407663,-0.245333,-0.566542,-0.178611,-1.34435,-1.22616,16.5643,2.54956,2.57044,-0.407663,-0.245333,-0.566542,-0.178611,-1.34435,-1.22616,-0.0308099,-0.209877,0.481401,1.78574,0.5236,-0.52,-0.762054,-1.83051,0.390011,-0.087267,0.156638,-0.601106,-0.144064,0.5236,-0.564534,0.110248,0.508236,0.171554,0.2618,0.0492916,0.574286,-0.521782,0.158633,-0.768763,-0.480727,0.668404,-0.0162057,0.100528,-0.0969696,0,0,0,0,0,0,0,0,0,0,0,0,0,0,0,0,0,0,0,0,0,0,0,0,0,0,0,0,0,-0.447939,0.67464,-0.502812,-0.109906,-0.757034,-0.28825,-0.441418,0.264882,0.325061,0.459508,0.0423983,-0.173805,-0.33865,-0.370085,-0.408989,0.0412084,1.02307,0.156328,0.229117,0.00767147,0.793372,0.155326,0.35459,-0.711778,-0.303778,0.690606,-0.00483569,0.0452437,-0.142613,5.56365,-1.21854,15.1217,0.521021,7.55285,0.186583,3.41356,-5.1012,-3.62401,-8.14018,5.04744,-2.70535,-3.82093,3.25017,-0.346381,3.43939,3.34162,0.523921,1.32696,0.774618,5.47174,-2.22165,-1.45339,-0.514903,-3.60779,2.1052,0.198476,1.59498,-0.503197,-4.47402,-6.5309,-1.72472,-18.5326,-1.27551,-6.91853,10.8613,-0.850156,0.507452,9.61205,-0.047111,0.321729,7.85599,12.3743,1.48981,-1.46747,-6.01179,-2.4798,-1.52731,-0.40382,-1.12147,-0.205285,6.69544,-3.90846,0.198136,-2.62982,-0.0632883,-1.12466,-0.0328793,0,0,0,0,0,0,0,0,0,0,0,0,0,0,0,0,0,0,0,0,0,0,0,0,0,0,0,0,0,2.55789,2.55789,2.55789,6.3088,6.3088,1.81445,2.55789,2.55789,1.81445,6.3088,6.3088,0.907223,0.907223,1.81445,1.81445,0.907223,0.907223,1.81445,1.81445,0.907223,0.907223,0.907223,0.907223,0.907223,0.907223,1.06814,1.06814,1.06814,1.06814,40.1792,40.1792,40.1792,99.0984,99.0984,28.5012,40.1792,40.1792,28.5012,99.0984,99.0984,14.2506,14.2506,28.5012,28.5012,14.2506,14.2506,28.5012,28.5012,14.2506,14.2506,14.2506,14.2506,14.2506,14.2506,16.7783,16.7783,16.7783,16.7783,0,0,0,0,0,0,0,0,0,0,0,0,0,0,0,0,0,0,0,0,0,0,0,0,0,0,0,0,0,0,0,0,0,0,0,0,0,0,0,0,0,0,0,0,0,0,0,0,0,0,0,0,0,0,0,0,0,0,0,0,0,0,0,0,0,0,0,0,0,0,0,0,0,0,0,0,0,0,0,0,0,0,0,0,0,0,0,0,0,0,0,0,0,0,0,0,0,0,0,0,0,0,0,0,0,0,0,0,0,0,0,0,0,0,0,0,0,-0.178611,-1.34435,-1.22616,-0.204644,-0.0943211,-1.28719,0.702809,-1.29684,2.69917,0.391161,-1.09611,-0.32848,0.604021,0.918163,0.513546,-0.821947,0.11239,-0.217524,-0.383305,-3.34312,1.30943,1.34936,0.879197,0.889263,-1.18972,-1.30159,3.18467,-3.65927,3.88794,1.48188,-1.94147,-1.37058,-0.0308099,-0.209877,0.481401,1.78574,0.5236,-0.52,-0.762054,-1.83051,0.390011,-0.087267,0.156638,-0.601106,-0.144064,0.5236,-0.564534,0.110248,0.508236,0.171554,0.2618,0.0492916,0.574286,-0.521782,0.158633,-0.768763,-0.480727,0.668404,-0.0162057,0.100528,-0.0969696,0.691,-0.974471,0.0398875,-0.220941,0.6,0,0,0.385643,0.223393,3
10.0106,2.8785,-1.22877,-0.705464,-0.287678,-1.20772,-0.0978757,-1.35418,-1.32236,10.0106,2.8785,-1.22877,-0.705464,-0.287678,-1.20772,-0.0978757,-1.35418,-1.32236,0.118022,0.411951,-1.25096,2.9671,0.5236,0.0861701,-1.92297,-2.7576,0.52,-0.087267,-0.087267,-0.655891,-0.177142,0.5236,-0.760064,-0.172723,0.311226,0.189818,0.2618,0.124113,0.0691234,-0.447771,-0.0174086,-0.725294,-0.442118,0.621113,-0.0365513,0.0642615,-0.0372529,0,0,0,0,0,0,0,0,0,0,0,0,0,0,0,0,0,0,0,0,0,0,0,0,0,0,0,0,0,-0.465364,0.52278,-0.246361,0.188323,-0.435613,-0.284069,-0.443173,0.0511314,0.200266,0.315361,0.0761952,-0.259935,-0.396784,-0.218477,-0.398382,0.135911,1.06816,0.204931,0.2611,0.0388969,0.802764,0.0190032,0.307133,-0.72342,-0.361993,0.731081,-0.00642105,0.0757731,-0.135663,-2.11129,-10.7902,11.9961,22.1132,15.6777,0.202029,-1.5326,-14.1937,-6.31688,-6.66881,1.26468,-4.79798,-3.20401,10.3153,-0.270685,4.91877,1.53829,2.43009,1.69071,1.44355,-2.22222,-8.19288,-2.40928,-0.640913,-2.76125,1.47163,-0.120148,1.30584,0.557439,23.7188,-3.57476,-0.81643,25.0423,-3.42374,-7.09394,-9.3034,-41.6594,17.1207,1.53538,0.00763559,-0.595221,6.23432,3.67091,-4.89703,-4.78601,-9.49538,-5.5374,-3.02324,-1.22032,-1.47282,-0.397289,0.104255,-0.0911283,0.70029,-2.76229,-0.0383127,-1.02139,0.05356,0,0,0,0,0,0,0,0,0,0,0,0,0,0,0,0,0,0,0,0,0,0,0,0,0,0,0,0,0,2.55789,2.55789,2.55789,6.3088,6.3088,1.81445,2.55789,2.55789,1.81445,6.3088,6.3088,0.907223,0.907223,1.81445,1.81445,0.907223,0.907223,1.81445,1.81445,0.907223,0.907223,0.907223,0.907223,0.907223,0.907223,1.06814,1.06814,1.06814,1.06814,40.1792,40.1792,40.1792,99.0984,99.0984,28.5012,40.1792,40.1792,28.5012,99.0984,99.0984,14.2506,14.2506,28.5012,28.5012,14.2506,14.2506,28.5012,28.5012,14.2506,14.2506,14.2506,14.2506,14.2506,14.2506,16.7783,16.7783,16.7783,16.7783,0,0,0,0,0,0,0,0,0,0,0,0,0,0,0,0,0,0,0,0,0,0,0,0,0,0,0,0,0,0,0,0,0,0,0,0,0,0,0,0,0,0,0,0,0,0,0,0,0,0,0,0,0,0,0,0,0,0,0,0,0,0,0,0,0,0,0,0,0,0,0,0,0,0,0,0,0,0,0,0,0,0,0,0,0,0,0,0,0,0,0,0,0,0,0,0,0,0,0,0,0,0,0,0,0,0,0,0,0,0,0,0,0,0,0,0,0,-0.0978757,-1.35418,-1.32236,-0.849845,-0.495713,-1.73302,0.253606,-1.19772,3.57178,0.432804,-1.00807,-0.403902,0.0423635,0.283389,0.785361,-2.94217,0.282991,-0.490615,0.752358,-5.43353,0.157608,0.86256,-2.28467,1.58034,-1.02096,-0.500033,6.87841,-5.58501,3.9965,-1.86154,0.196476,-1.4955,0.118022,0.411951,-1.25096,2.9671,0.5236,0.0861701,-1.92297,-2.7576,0.52,-0.087267,-0.087267,-0.655891,-0.177142,0.5236,-0.760064,-0.172723,0.311226,0.189818,0.2618,0.124113,0.0691234,-0.447771,-0.0174086,-0.725294,-0.442118,0.621113,-0.0365513,0.0642615,-0.0372529,0.895,-0.97663,0.0210026,-0.213899,0.6,0,0,0.385643,0.223393,3
11.8794,11.617,-22.1574,0.0530895,-1.22759,0.381269,-0.0861023,-1.3722,-1.34036,11.8794,11.617,-22.1574,0.0530895,-1.22759,0.381269,-0.0861023,-1.3722,-1.34036,-0.25493,0.669542,-0.882397,2.56647,0.359346,-0.0567757,-1.61467,-1.06334,0.00794852,-0.087267,-0.087267,-0.013587,-0.115616,0.5236,-0.77533,-0.78408,0.641686,0.2618,0.2618,-0.00773146,-0.229652,0.174939,0.371696,-0.54089,-0.221845,0.576404,-0.0249979,-0.0634019,-0.0418003,0,0,0,0,0,0,0,0,0,0,0,0,0,0,0,0,0,0,0,0,0,0,0,0,0,0,0,0,0,-0.550734,0.202179,-0.244923,0.794028,-0.17158,-0.20442,-0.541672,-0.275327,0.0767529,0.215304,0.0376107,-0.297059,-0.48808,-0.00380177,-0.398843,0.192665,1.0612,0.237258,0.300965,0.0703754,0.677492,-0.112613,0.295687,-0.75439,-0.419341,0.750559,-0.0130238,0.0884929,-0.115208,-3.45085,-17.741,-0.6971,31.9792,11.6449,4.09816,-6.80682,-16.9593,-4.82329,-4.06733,-1.85029,-0.151275,-5.8442,10.169,-1.15787,1.25071,-1.59132,1.28568,1.55203,1.45557,-8.22061,-5.48837,0.570825,-2.5746,-2.53572,0.560955,-0.335686,0.489145,1.07012,36.5199,52.5544,-36.6528,17.3423,-4.68418,0.792533,-39.3257,-57.6118,21.9167,-4.33609,-0.646728,-4.80513,9.46072,-3.37472,-8.93287,-6.46202,-9.51292,-3.59926,-4.02131,-0.565612,-1.51806,0.223856,-4.75937,2.44842,2.06132,-3.17,-0.0318787,-0.828942,0.171247,0,0,0,0,0,0,0,0,0,0,0,0,0,0,0,0,0,0,0,0,0,0,0,0,0,0,0,0,0,2.55789,2.55789,2.55789,6.3088,6.3088,1.81445,2.55789,2.55789,1.81445,6.3088,6.3088,0.907223,0.907223,1.81445,1.81445,0.907223,0.907223,1.81445,1.81445,0.907223,0.907223,0.907223,0.907223,0.907223,0.907223,1.06814,1.06814,1.06814,1.06814,40.1792,40.1792,40.1792,99.0984,99.0984,28.5012,40.1792,40.1792,28.5012,99.0984,99.0984,14.2506,14.2506,28.5012,28.5012,14.2506,14.2506,28.5012,28.5012,14.2506,14.2506,14.2506,14.2506,14.2506,14.2506,16.7783,16.7783,16.7783,16.7783,0,0,0,0,0,0,0,0,0,0,0,0,0,0,0,0,0,0,0,0,0,0,0,0,0,0,0,0,0,0,0,0,0,0,0,0,0,0,0,0,0,0,0,0,0,0,0,0,0,0,0,0,0,0,0,0,0,0,0,0,0,0,0,0,0,0,0,0,0,0,0,0,0,0,0,0,0,0,0,0,0,0,0,0,0,0,0,0,0,0,0,0,0,0,0,0,0,0,0,0,0,0,0,0,0,0,0,0,0,0,0,0,0,0,0,0,0,-0.0861023,-1.3722,-1.34036,-2.2438,0.391485,-1.76783,1.00709,-0.777262,2.0548,0.671686,-0.505829,-0.263616,-0.430483,-0.316715,0.104229,-2.37911,-0.0176285,-0.335538,1.2228,-1.942,-0.523629,-0.851023,-1.61155,0.0181234,0.398877,-0.561071,5.41113,-4.78482,2.05995,-3.44623,-0.129454,-0.0309797,-0.25493,0.669542,-0.882397,2.56647,0.359346,-0.0567757,-1.61467,-1.06334,0.00794852,-0.087267,-0.087267,-0.013587,-0.115616,0.5236,-0.77533,-0.78408,0.641686,0.2618,0.2618,-0.00773146,-0.229652,0.174939,0.371696,-0.54089,-0.221845,0.576404,-0.0249979,-0.0634019,-0.0418003,0.962,-0.980345,0.0169663,-0.196561,0.6,0,0,0.369337,0.222125,3
1.9168,-3.9821,-0.228325,-0.101015,-1.46237,1.8558,-0.237414,-1.39775,-1.18285,1.9168,-3.9821,-0.228325,-0.101015,-1.46237,1.8558,-0.237414,-1.39775,-1.18285,-0.382932,0.959959,-0.749459,1.96181,0.0493621,-0.0153539,-1.16649,-1.12683,0.249441,-0.087267,-0.087267,0.141396,-0.0272662,0.454176,-0.794797,-1.065,0.572416,0.2618,0.121107,-0.0341116,-0.599081,0.227258,0.540925,-0.913248,-0.354588,0.60901,-0.0266004,-0.0166316,-0.121307,0,0,0,0,0,0,0,0,0,0,0,0,0,0,0,0,0,0,0,0,0,0,0,0,0,0,0,0,0,-0.583563,-0.0484467,-0.174623,1.32251,-0.0165078,-0.165098,-0.685733,-0.527264,0.0226274,0.135094,0.00615666,-0.242294,-0.634344,0.126532,-0.434217,0.156258,1.0089,0.249484,0.340711,0.0517277,0.477106,-0.0949081,0.347094,-0.813045,-0.443846,0.741138,-0.0167958,0.0661463,-0.103096,-0.704933,-8.60532,4.73609,22.3448,6.40131,1.32736,-7.317,-9.02241,-1.81894,-3.77614,-1.41089,3.8343,-8.00605,3.97467,-1.77116,-3.75732,-3.22294,0.616197,1.31149,-1.21869,-10.1316,3.81852,3.00243,-2.42287,-0.924636,-0.0453026,-0.20605,-1.73746,0.521333,15.3781,51.9098,-40.2652,-17.88,-3.29688,0.684709,-19.1851,2.48284,2.93669,1.66583,-0.411623,-0.0963768,14.4004,3.55747,-6.53308,-10.3726,-2.476,-0.630864,-4.95087,0.315654,-1.04609,0.584167,-2.34789,6.17937,4.00858,-2.56534,0.0849136,-0.318923,0.46929,0,0,0,0,0,0,0,0,0,0,0,0,0,0,0,0,0,0,0,0,0,0,0,0,0,0,0,0,0,2.55789,2.55789,2.55789,6.3088,6.3088,1.81445,2.55789,2.55789,1.81445,6.3088,6.3088,0.907223,0.907223,1.81445,1.81445,0.907223,0.907223,1.81445,1.81445,0.907223,0.907223,0.907223,0.907223,0.907223,0.907223,1.06814,1.06814,1.06814,1.06814,40.1792,40.1792,40.1792,99.0984,99.0984,28.5012,40.1792,40.1792,28.5012,99.0984,99.0984,14.2506,14.2506,28.5012,28.5012,14.2506,14.2506,28.5012,28.5012,14.2506,14.2506,14.2506,14.2506,14.2506,14.2506,16.7783,16.7783,16.7783,16.7783,0,0,0,0,0,0,0,0,0,0,0,0,0,0,0,0,0,0,0,0,0,0,0,0,0,0,0,0,0,0,0,0,0,0,0,0,0,0,0,0,0,0,0,0,0,0,0,0,0,0,0,0,0,0,0,0,0,0,0,0,0,0,0,0,0,0,0,0,0,0,0,0,0,0,0,0,0,0,0,0,0,0,0,0,0,0,0,0,0,0,0,0,0,0,0,0,0,0,0,0,0,0,0,0,0,0,0,0,0,0,0,0,0,0,0,0,0,-0.237414,-1.39775,-1.18285,-2.88432,0.777343,-1.81222,0.849147,-1.62628,1.03557,0.75104,-0.808497,-0.0621697,-1.09192,0.120942,-0.129546,-1.56058,-0.0777778,-0.357048,1.7532,-2.05796,-1.36596,-0.223241,-1.36876,0.568751,0.51817,-1.62827,3.68677,-4.05239,1.17596,-0.626027,-0.0350084,0.322396,-0.382932,0.959959,-0.749459,1.96181,0.0493621,-0.0153539,-1.16649,-1.12683,0.249441,-0.087267,-0.087267,0.141396,-0.0272662,0.454176,-0.794797,-1.065,0.572416,0.2618,0.121107,-0.0341116,-0.599081,0.227258,0.540925,-0.913248,-0.354588,0.60901,-0.0266004,-0.0166316,-0.121307,0.794,-0.985065,0.040496,-0.167354,0.6,0,0,0.369337,0.222125,3
7.78693,-3.26755,15.6081,-0.527207,-0.371031,1.43861,-0.462055,-1.40071,-0.962303,7.78693,-3.26755,15.6081,-0.527207,-0.371031,1.43861,-0.462055,-1.40071,-0.962303,-0.267216,0.284054,-0.0314676,0.754261,-0.0632433,-0.261083,-0.912785,-0.499276,0.302412,-0.087267,-0.087267,0.46157,-0.0524053,0.0879268,-0.686616,-0.856434,0.683601,0.2618,0.238301,0.0348705,-0.651394,0.199764,0.530342,-0.813064,-0.25642,0.622153,-0.0130039,-0.000132524,-0.167224,0,0,0,0,0,0,0,0,0,0,0,0,0,0,0,0,0,0,0,0,0,0,0,0,0,0,0,0,0,-0.560538,-0.146438,-0.0956566,1.63202,0.0159129,-0.130592,-0.799178,-0.645549,0.020227,0.0597461,-0.018779,-0.144562,-0.770872,0.165623,-0.461692,0.0799408,0.917339,0.279827,0.349728,0.0315483,0.232654,-0.00765649,0.402557,-0.836864,-0.452038,0.731728,-0.0199691,0.0438657,-0.109478,1.9031,-2.34947,2.54915,10.9417,0.936889,1.66868,-4.38502,-4.07879,0.78274,-3.38821,-1.11871,5.02666,-5.33537,0.803463,-0.310087,-3.53243,-5.33115,1.46565,-0.343179,-0.902822,-12.4625,4.22123,2.78356,-0.468209,0.419622,-0.868959,-0.113753,-0.866238,-0.487546,2.63218,51.4945,-33.5088,-38.6902,-2.78365,0.270264,-3.29153,-8.55168,5.38436,7.16368,0.250851,-0.430219,15.5915,6.51907,-8.47644,-13.1968,-0.274137,-3.32918,-6.23867,-0.140808,-0.697006,-0.474292,-0.50255,-0.586588,1.18831,-1.19715,0.0122253,-0.0894745,0.351629,0,0,0,0,0,0,0,0,0,0,0,0,0,0,0,0,0,0,0,0,0,0,0,0,0,0,0,0,0,2.55789,2.55789,2.55789,6.3088,6.3088,1.81445,2.55789,2.55789,1.81445,6.3088,6.3088,0.907223,0.907223,1.81445,1.81445,0.907223,0.907223,1.81445,1.81445,0.907223,0.907223,0.907223,0.907223,0.907223,0.907223,1.06814,1.06814,1.06814,1.06814,40.1792,40.1792,40.1792,99.0984,99.0984,28.5012,40.1792,40.1792,28.5012,99.0984,99.0984,14.2506,14.2506,28.5012,28.5012,14.2506,14.2506,28.5012,28.5012,14.2506,14.2506,14.2506,14.2506,14.2506,14.2506,16.7783,16.7783,16.7783,16.7783,0,0,0,0,0,0,0,0,0,0,0,0,0,0,0,0,0,0,0,0,0,0,0,0,0,0,0,0,0,0,0,0,0,0,0,0,0,0,0,0,0,0,0,0,0,0,0,0,0,0,0,0,0,0,0,0,0,0,0,0,0,0,0,0,0,0,0,0,0,0,0,0,0,0,0,0,0,0,0,0,0,0,0,0,0,0,0,0,0,0,0,0,0,0,0,0,0,0,0,0,0,0,0,0,0,0,0,0,0,0,0,0,0,0,0,0,0,-0.462055,-1.40071,-0.962303,-2.40877,0.753212,-1.56555,1.10266,-1.39785,0.200482,0.875132,-0.584664,-0.119489,-0.824711,0.297357,0.0817907,-1.09723,0.0795081,-0.174547,0.518776,-0.911842,-1.48524,-0.00177883,-0.0574703,0.68953,0.455481,-2.2446,0.243142,-2.41276,0.854832,-0.46105,-0.595295,1.05243,-0.267216,0.284054,-0.0314676,0.754261,-0.0632433,-0.261083,-0.912785,-0.499276,0.302412,-0.087267,-0.087267,0.46157,-0.0524053,0.0879268,-0.686616,-0.856434,0.683601,0.2618,0.238301,0.0348705,-0.651394,0.199764,0.530342,-0.813064,-0.25642,0.622153,-0.0130039,-0.000132524,-0.167224,0.723,-0.985569,0.0754592,-0.151521,0.6,0,0,0.318977,0.195195,3
10.9918,-1.85826,5.10529,-1.08116,-0.479242,-0.0613827,-0.540999,-1.40232,-0.900727,10.9918,-1.85826,5.10529,-1.08116,-0.479242,-0.0613827,-0.540999,-1.40232,-0.900727,-0.750189,-0.24697,-0.38395,-0.341596,-0.0114753,0.00309008,-0.394695,0.43328,0.492548,0.62445,-0.087267,0.631058,-0.10884,-0.252253,-0.546625,-0.894267,1.1067,0.2618,0.261221,0.113577,-0.204763,0.153657,0.357669,-0.722913,-0.0788603,0.652446,-0.0145017,-0.0578079,-0.187734,0,0,0,0,0,0,0,0,0,0,0,0,0,0,0,0,0,0,0,0,0,0,0,0,0,0,0,0,0,-0.464348,-0.165771,-0.0287221,1.64822,0.00985065,-0.155215,-0.886556,-0.699825,0.0922988,0.00147984,-0.037665,-0.0016357,-0.87404,0.191472,-0.470841,0.0273197,0.825726,0.296898,0.347967,0.0297937,-0.00417818,0.058061,0.430187,-0.838486,-0.412164,0.714024,-0.0189924,0.0330435,-0.125021,6.54321,-0.0126413,3.37206,-5.85595,-0.672178,-1.80377,-3.75643,-1.77338,4.38942,-2.58558,-0.836322,7.70855,-4.93522,1.06047,-0.0950508,-2.52121,-4.146,0.145074,0.166392,0.095324,-10.5847,2.59015,0.468226,0.221402,2.2666,-0.501006,0.0349532,-0.523352,-0.65727,-7.82313,18.6754,-8.87728,-58.8389,-3.40068,0.237808,8.87389,12.9002,-1.86233,7.57417,0.345266,-0.269046,16.1554,-5.09933,-5.58981,-10.4423,1.64661,-1.52965,-3.35963,-0.0167952,0.402548,-0.386529,0.555164,0.242852,-0.000706753,-0.364611,0.0075687,-0.105506,0.0929615,0,0,0,0,0,0,0,0,0,0,0,0,0,0,0,0,0,0,0,0,0,0,0,0,0,0,0,0,0,2.55789,2.55789,2.55789,6.3088,6.3088,1.81445,2.55789,2.55789,1.81445,6.3088,6.3088,0.907223,0.907223,1.81445,1.81445,0.907223,0.907223,1.81445,1.81445,0.907223,0.907223,0.907223,0.907223,0.907223,0.907223,1.06814,1.06814,1.06814,1.06814,40.1792,40.1792,40.1792,99.0984,99.0984,28.5012,40.1792,40.1792,28.5012,99.0984,99.0984,14.2506,14.2506,28.5012,28.5012,14.2506,14.2506,28.5012,28.5012,14.2506,14.2506,14.2506,14.2506,14.2506,14.2506,16.7783,16.7783,16.7783,16.7783,0,0,0,0,0,0,0,0,0,0,0,0,0,0,0,0,0,0,0,0,0,0,0,0,0,0,0,0,0,0,0,0,0,0,0,0,0,0,0,0,0,0,0,0,0,0,0,0,0,0,0,0,0,0,0,0,0,0,0,0,0,0,0,0,0,0,0,0,0,0,0,0,0,0,0,0,0,0,0,0,0,0,0,0,0,0,0,0,0,0,0,0,0,0,0,0,0,0,0,0,0,0,0,0,0,0,0,0,0,0,0,0,0,0,0,0,0,-0.540999,-1.40232,-0.900727,-2.49504,0.359502,-1.24636,2.06736,-1.19229,-0.575162,1.09396,-0.179809,-0.248166,-0.77245,0.70396,-0.800277,-0.151029,0.258968,-0.194651,-0.451048,0.791313,-0.466879,-0.775935,-0.701219,1.12306,0.350353,-2.51989,-2.88197,-0.127047,1.00246,0.0630119,0.00704568,1.43888,-0.750189,-0.24697,-0.38395,-0.341596,-0.0114753,0.00309008,-0.394695,0.43328,0.492548,0.62445,-0.087267,0.631058,-0.10884,-0.252253,-0.546625,-0.894267,1.1067,0.2618,0.261221,0.113577,-0.204763,0.153657,0.357669,-0.722913,-0.0788603,0.652446,-0.0145017,-0.0578079,-0.187734,0.648,-0.985841,0.0863551,-0.143737,0.6,0,0,0.293318,0.174731,3
26.8018,2.69899,-4.4036,-0.984375,-1.41725,-0.224665,-0.593571,-1.42034,-0.869817,26.8018,2.69899,-4.4036,-0.984375,-1.41725,-0.224665,-0.593571,-1.42034,-0.869817,-1.80071,-0.128265,-0.999435,-0.5236,0.337049,0.12526,0.13128,0.258013,0.52,1.38132,-0.087267,0.426094,-0.0480958,-0.742247,-0.715113,-0.96185,1.14412,0.2618,0.20452,0.165313,0.403998,-0.0573955,-0.0420413,-0.876085,0.0646977,0.642941,-0.0129213,-0.0538351,-0.170729,0,0,0,0,0,0,0,0,0,0,0,0,0,0,0,0,0,0,0,0,0,0,0,0,0,0,0,0,0,-0.28518,-0.194052,-0.0161953,1.34401,0.0170446,-0.127929,-0.954148,-0.710852,0.270849,0.0647002,-0.0578705,0.159212,-0.955883,0.194489,-0.466703,-0.0270686,0.762371,0.276743,0.345649,0.0491857,-0.100769,0.0890157,0.409773,-0.829631,-0.36253,0.733962,-0.0179711,0.0177124,-0.143593,10.3764,-3.06674,-2.14357,-20.9615,0.0502915,2.10583,-2.46809,-0.340247,10.8309,6.18122,-0.645741,7.80119,-3.12773,-0.626401,0.612853,-3.01844,-2.54219,-1.72347,0.214144,1.13486,-1.88598,0.873238,-0.973968,0.408655,2.67429,1.04964,0.0866895,-0.664287,-0.94055,-44.3545,4.95867,-11.0766,-43.1991,-3.56896,0.00353987,29.1126,46.9462,-12.8605,19.5642,1.44154,-0.274756,15.0139,-11.8695,-2.75876,-9.74946,7.18269,2.45015,-2.57491,-0.0962152,0.454286,0.0515829,0.27257,1.10466,1.72967,-2.54365,-0.0264328,-0.54413,0.265836,0,0,0,0,0,0,0,0,0,0,0,0,0,0,0,0,0,0,0,0,0,0,0,0,0,0,0,0,0,2.55789,2.55789,2.55789,6.3088,6.3088,1.81445,2.55789,2.55789,1.81445,6.3088,6.3088,0.907223,0.907223,1.81445,1.81445,0.907223,0.907223,1.81445,1.81445,0.907223,0.907223,0.907223,0.907223,0.907223,0.907223,1.06814,1.06814,1.06814,1.06814,40.1792,40.1792,40.1792,99.0984,99.0984,28.5012,40.1792,40.1792,28.5012,99.0984,99.0984,14.2506,14.2506,28.5012,28.5012,14.2506,14.2506,28.5012,28.5012,14.2506,14.2506,14.2506,14.2506,14.2506,14.2506,16.7783,16.7783,16.7783,16.7783,0,0,0,0,0,0,0,0,0,0,0,0,0,0,0,0,0,0,0,0,0,0,0,0,0,0,0,0,0,0,0,0,0,0,0,0,0,0,0,0,0,0,0,0,0,0,0,0,0,0,0,0,0,0,0,0,0,0,0,0,0,0,0,0,0,0,0,0,0,0,0,0,0,0,0,0,0,0,0,0,0,0,0,0,0,0,0,0,0,0,0,0,0,0,0,0,0,0,0,0,0,0,0,0,0,0,0,0,0,0,0,0,0,0,0,0,0,-0.593571,-1.42034,-0.869817,-2.64913,-0.551878,-1.63053,2.15269,-1.54154,-1.6924,0.887953,0.147517,-0.109663,-0.901734,0.57638,-2.71887,0.809575,0.376929,-0.173438,-0.234255,0.471217,0.921156,-0.72261,-1.8253,1.40376,-0.130868,-2.29164,-3.6063,2.03135,1.99637,0.563012,0.285604,0.971536,-1.80071,-0.128265,-0.999435,-0.5236,0.337049,0.12526,0.13128,0.258013,0.52,1.38132,-0.087267,0.426094,-0.0480958,-0.742247,-0.715113,-0.96185,1.14412,0.2618,0.20452,0.165313,0.403998,-0.0573955,-0.0420413,-0.876085,0.0646977,0.642941,-0.0129213,-0.0538351,-0.170729,0.858,-0.988703,0.0838375,-0.124251,0.6,0,0,0.293318,0.174731,3
9.55724,18.5156,-11.3306,0.474814,-2.61183,0.277862,-0.841601,-1.45321,-0.624173,9.55724,18.5156,-11.3306,0.474814,-2.61183,0.277862,-0.841601,-1.45321,-0.624173,-2.33118,0.225568,-1.59363,-0.5236,0.00346231,0.00332179,0.309577,0.00275555,0.507787,1.49836,-0.087267,0.402809,0.0554869,-0.610823,-0.79962,-0.980652,1.01899,0.247897,0.115902,0.133371,0.559933,0.00101483,-0.254627,-1.12441,-0.0189452,0.591776,-0.0126248,-0.0521557,-0.109404,0,0,0,0,0,0,0,0,0,0,0,0,0,0,0,0,0,0,0,0,0,0,0,0,0,0,0,0,0,-0.124248,-0.267662,-0.181067,0.914329,0.106156,-0.0637112,-0.992354,-0.710557,0.436137,0.280992,-0.0896941,0.275302,-0.956317,0.1638,-0.398377,-0.0934221,0.70034,0.241164,0.33145,0.0804201,-0.0137128,0.0568094,0.417383,-0.850203,-0.289522,0.748464,-0.0152421,0.00775872,-0.157737,6.00735,-3.10166,-11.8212,-20.5805,4.08597,3.32221,-1.41228,1.09855,3.06769,10.1271,-2.98838,7.13216,1.94459,-2.02328,5.08445,-3.48823,-3.35375,-1.70025,-0.758307,1.45116,7.04841,-2.31448,1.16847,-2.33502,4.26226,0.230553,0.113098,-0.457466,-0.464802,-83.3068,14.0981,-4.5984,-14.6109,-3.0454,-0.564008,48.7464,36.8314,-5.16715,42.8462,20.3806,-3.67353,11.493,-22.4432,-17.5846,-9.31538,9.25697,3.69589,-2.13669,-0.126262,-0.19034,0.433812,-7.50828,1.44401,1.30948,-2.12954,-0.0934571,-0.579821,0.32382,0,0,0,0,0,0,0,0,0,0,0,0,0,0,0,0,0,0,0,0,0,0,0,0,0,0,0,0,0,2.55789,2.55789,2.55789,6.3088,6.3088,1.81445,2.55789,2.55789,1.81445,6.3088,6.3088,0.907223,0.907223,1.81445,1.81445,0.907223,0.907223,1.81445,1.81445,0.907223,0.907223,0.907223,0.907223,0.907223,0.907223,1.06814,1.06814,1.06814,1.06814,40.1792,40.1792,40.1792,99.0984,99.0984,28.5012,40.1792,40.1792,28.5012,99.0984,99.0984,14.2506,14.2506,28.5012,28.5012,14.2506,14.2506,28.5012,28.5012,14.2506,14.2506,14.2506,14.2506,14.2506,14.2506,16.7783,16.7783,16.7783,16.7783,0,0,0,0,0,0,0,0,0,0,0,0,0,0,0,0,0,0,0,0,0,0,0,0,0,0,0,0,0,0,0,0,0,0,0,0,0,0,0,0,0,0,0,0,0,0,0,0,0,0,0,0,0,0,0,0,0,0,0,0,0,0,0,0,0,0,0,0,0,0,0,0,0,0,0,0,0,0,0,0,0,0,0,0,0,0,0,0,0,0,0,0,0,0,0,0,0,0,0,0,0,0,0,0,0,0,0,0,0,0,0,0,0,0,0,0,0,-0.841601,-1.45321,-0.624173,-2.692,-1.03659,-1.82321,1.86739,-2.10775,-1.39274,0.565229,-0.043197,0.126516,-1.10379,-0.110387,-3.68768,1.13521,0.3041,-0.169458,0.411961,0.00503255,1.2767,-0.700068,-2.91049,1.1578,0.00231391,-1.4685,-3.49812,2.36513,1.04506,0.342096,0.00757402,0.918445,-2.33118,0.225568,-1.59363,-0.5236,0.00346231,0.00332179,0.309577,0.00275555,0.507787,1.49836,-0.087267,0.402809,0.0554869,-0.610823,-0.79962,-0.980652,1.01899,0.247897,0.115902,0.133371,0.559933,0.00101483,-0.254627,-1.12441,-0.0189452,0.591776,-0.0126248,-0.0521557,-0.109404,0.901,-0.993095,0.0874839,-0.0781641,0.6,0,0,0.259978,0.159281,3
1.66921,21.8427,-13.8213,2.19502,-1.06058,-0.59611,-1.11716,-1.48092,-0.314885,1.66921,21.8427,-13.8213,2.19502,-1.06058,-0.59611,-1.11716,-1.48092,-0.314885,-2.34722,0.795873,-2.47963,-0.5236,-0.950071,-0.459372,0.24401,0.576539,0.427279,1.50384,-0.087267,0.340068,0.0806294,-0.25219,-0.807153,-0.767016,0.969984,0.20195,0.2618,-0.00372813,0.57336,0.329283,-0.134297,-1.45868,-0.260992,0.559244,-0.01549,-0.0894053,-0.0822638,0,0,0,0,0,0,0,0,0,0,0,0,0,0,0,0,0,0,0,0,0,0,0,0,0,0,0,0,0,-0.0558519,-0.278069,-0.502669,0.532099,0.0875328,-0.0353186,-1.00608,-0.673384,0.423939,0.485161,-0.13307,0.31731,-0.839234,0.0956612,-0.268144,-0.15962,0.627166,0.218628,0.296427,0.0970783,0.163705,0.0302995,0.423169,-0.934554,-0.212257,0.74766,-0.0139186,-0.000588425,-0.146618,0.0435901,2.10768,-14.5076,-15.0232,-1.02257,0.754626,-0.044877,1.74012,-1.65071,9.55425,-0.859885,-0.22579,8.20014,-3.95796,6.11609,-2.97468,-2.9305,-0.754487,-1.71886,0.486612,7.53692,-0.692811,-0.549143,-4.84952,2.72097,-0.272394,0.0520819,-0.349342,0.671169,-88,15.7767,-6.773,-10.1806,-1.84926,-0.291936,52.977,22.1014,5.128,42.4008,10.6512,1.2371,6.06712,-13.4748,-26.0295,-9.09232,8.2349,2.16486,-2.07071,0.0653773,-1.17793,0.219473,-9.23359,1.32661,0.220895,-2.39845,-0.0341721,-0.508375,-0.091419,0,0,0,0,0,0,0,0,0,0,0,0,0,0,0,0,0,0,0,0,0,0,0,0,0,0,0,0,0,2.55789,2.55789,2.55789,6.3088,6.3088,1.81445,2.55789,2.55789,1.81445,6.3088,6.3088,0.907223,0.907223,1.81445,1.81445,0.907223,0.907223,1.81445,1.81445,0.907223,0.907223,0.907223,0.907223,0.907223,0.907223,1.06814,1.06814,1.06814,1.06814,40.1792,40.1792,40.1792,99.0984,99.0984,28.5012,40.1792,40.1792,28.5012,99.0984,99.0984,14.2506,14.2506,28.5012,28.5012,14.2506,14.2506,28.5012,28.5012,14.2506,14.2506,14.2506,14.2506,14.2506,14.2506,16.7783,16.7783,16.7783,16.7783,0,0,0,0,0,0,0,0,0,0,0,0,0,0,0,0,0,0,0,0,0,0,0,0,0,0,0,0,0,0,0,0,0,0,0,0,0,0,0,0,0,0,0,0,0,0,0,0,0,0,0,0,0,0,0,0,0,0,0,0,0,0,0,0,0,0,0,0,0,0,0,0,0,0,0,0,0,0,0,0,0,0,0,0,0,0,0,0,0,0,0,0,0,0,0,0,0,0,0,0,0,0,0,0,0,0,0,0,0,0,0,0,0,0,0,0,0,-1.11716,-1.48092,-0.314885,-2.20489,-0.76223,-1.84039,1.75564,-2.86991,-0.575018,0.460467,-0.595088,0.183843,-0.671118,-0.547054,-3.71699,1.01546,-0.00850051,-0.207916,1.45353,1.05295,1.30732,-1.20006,-4.52861,0.974238,0.750797,-1.1042,-4.38492,2.38077,-1.67418,-0.617743,-1.04741,0.775388,-2.34722,0.795873,-2.47963,-0.5236,-0.950071,-0.459372,0.24401,0.576539,0.427279,1.50384,-0.087267,0.340068,0.0806294,-0.25219,-0.807153,-0.767016,0.969984,0.20195,0.2618,-0.00372813,0.57336,0.329283,-0.134297,-1.45868,-0.260992,0.559244,-0.01549,-0.0894053,-0.0822638,0.66,-0.995781,0.0820445,-0.0410907,0.6,0,0,0.259978,0.159281,3
7.98146,21.178,-19.9757,3.12768,-0.153299,-1.34705,-1.08588,-1.50182,-0.29768,7.98146,21.178,-19.9757,3.12768,-0.153299,-1.34705,-1.08588,-1.50182,-0.29768,-2.08963,1.21018,-2.09361,-0.5236,-1.46946,-0.298719,-0.153617,0.462471,0.404377,1.66726,-0.087267,0.364393,0.0830454,-0.0693214,-0.87267,-0.793014,0.978503,0.15162,0.2618,-0.00494798,0.739859,0.336243,0.223902,-1.55919,-0.392148,0.568588,-0.0127687,-0.0819971,-0.156296,0,0,0,0,0,0,0,0,0,0,0,0,0,0,0,0,0,0,0,0,0,0,0,0,0,0,0,0,0,-0.109993,-0.205145,-0.822428,0.293622,-0.136952,-0.121959,-0.98663,-0.617749,0.384041,0.665257,-0.137663,0.305611,-0.652461,0.000372971,-0.134317,-0.207971,0.592889,0.196839,0.281409,0.0758404,0.272259,0.0803619,0.405457,-1.03051,-0.194195,0.734742,-0.014221,-0.0129972,-0.127093,-5.13132,5.04392,-19.5418,-12.6386,-12.7992,-5.76087,2.06862,3.43478,-2.83246,10.1689,0.0679982,-0.758874,12.0639,-6.79422,7.68886,-2.44159,-1.17112,-1.13831,-0.568497,-1.53082,5.23783,3.88636,-1.16467,-6.10336,-0.00426934,-1.15147,0.00480438,-0.838718,1.05968,-78.314,27.7253,-18.2409,-2.84676,0.137904,0.822783,44.9522,38.8704,5.94044,20.4998,4.56451,1.15924,0.238873,3.91229,-33.0255,-5.77299,6.53153,2.25489,0.443462,0.245413,-0.44524,0.10852,-6.65324,-1.03395,-1.104,-1.84488,-0.0243725,-0.438458,-0.394984,0,0,0,0,0,0,0,0,0,0,0,0,0,0,0,0,0,0,0,0,0,0,0,0,0,0,0,0,0,2.55789,2.55789,2.55789,6.3088,6.3088,1.81445,2.55789,2.55789,1.81445,6.3088,6.3088,0.907223,0.907223,1.81445,1.81445,0.907223,0.907223,1.81445,1.81445,0.907223,0.907223,0.907223,0.907223,0.907223,0.907223,1.06814,1.06814,1.06814,1.06814,40.1792,40.1792,40.1792,99.0984,99.0984,28.5012,40.1792,40.1792,28.5012,99.0984,99.0984,14.2506,14.2506,28.5012,28.5012,14.2506,14.2506,28.5012,28.5012,14.2506,14.2506,14.2506,14.2506,14.2506,14.2506,16.7783,16.7783,16.7783,16.7783,0,0,0,0,0,0,0,0,0,0,0,0,0,0,0,0,0,0,0,0,0,0,0,0,0,0,0,0,0,0,0,0,0,0,0,0,0,0,0,0,0,0,0,0,0,0,0,0,0,0,0,0,0,0,0,0,0,0,0,0,0,0,0,0,0,0,0,0,0,0,0,0,0,0,0,0,0,0,0,0,0,0,0,0,0,0,0,0,0,0,0,0,0,0,0,0,0,0,0,0,0,0,0,0,0,0,0,0,0,0,0,0,0,0,0,0,0,-1.08588,-1.50182,-0.29768,-2.26417,0.0544984,-2.00839,1.77507,-3.09908,-0.15806,0.345708,-0.894136,0.189352,-0.0507614,-0.421637,-3.24654,0.289259,-0.0112819,-0.171389,2.21019,0.844625,1.68695,-1.10062,-3.82363,0.92202,0.766667,-2.09791,-4.91964,2.8468,-3.15535,-1.12251,-0.68111,0.830853,-2.08963,1.21018,-2.09361,-0.5236,-1.46946,-0.298719,-0.153617,0.462471,0.404377,1.66726,-0.087267,0.364393,0.0830454,-0.0693214,-0.87267,-0.793014,0.978503,0.15162,0.2618,-0.00494798,0.739859,0.336243,0.223902,-1.55919,-0.392148,0.568588,-0.0127687,-0.0819971,-0.156296,0.65,-0.997622,0.0609735,-0.0321253,0.6,0,0,0.204268,0.131845,0.949136
81.3971,4.425,11.2376,2.93428,-1.33095,-2.03875,-0.555619,-1.5173,-0.768781,81.3971,4.425,11.2376,2.93428,-1.33095,-2.03875,-0.555619,-1.5173,-0.768781,-0.950917,1.54569,-0.992779,-0.5236,-1.18261,-0.360775,-0.0943977,0.434311,0.52,2.09648,-0.087267,0.214439,-0.00944261,0.0162223,-0.242819,-0.657296,1.18959,0.216314,0.2618,-0.0231242,0.691744,0.181104,0.658268,-1.38526,-0.503681,0.584962,-0.0247239,-0.0098938,-0.220556,0,0,0,0,0,0,0,0,0,0,0,0,0,0,0,0,0,0,0,0,0,0,0,0,0,0,0,0,0,-0.27935,-0.0307893,-1.12003,0.0441755,-0.486996,-0.181071,-0.925966,-0.464357,0.331784,0.887835,-0.131605,0.290681,-0.429102,-0.199395,0.0236226,-0.258544,0.602576,0.170141,0.266403,0.0505162,0.390891,0.150345,0.389267,-1.14912,-0.222258,0.70112,-0.0145366,-0.031127,-0.125863,-8.81493,9.09927,-12.9692,-12.0032,-15.7407,-1.74922,3.13335,9.30713,-4.14521,9.58278,-0.345308,-0.577288,9.20014,-12.0142,9.3254,-0.408524,0.981125,-1.20336,-0.27176,-1.07963,5.74155,3.02027,-0.476233,-5.7682,-1.2328,-1.28367,-0.0775864,-0.828015,-0.124768,-50.4469,26.8293,-6.15253,18.7405,2.00439,-0.168265,23.0186,14.6243,8.49768,14.7185,6.42687,1.61138,-1.25631,24.3203,-41.5163,-6.68993,4.54474,1.77851,0.460687,0.183544,-0.145292,-0.0965263,-1.98146,-0.677176,-1.26173,-0.794289,0.110317,0.0561728,-0.36269,0,0,0,0,0,0,0,0,0,0,0,0,0,0,0,0,0,0,0,0,0,0,0,0,0,0,0,0,0,2.55789,2.55789,2.55789,6.3088,6.3088,1.81445,2.55789,2.55789,1.81445,6.3088,6.3088,0.907223,0.907223,1.81445,1.81445,0.907223,0.907223,1.81445,1.81445,0.907223,0.907223,0.907223,0.907223,0.907223,0.907223,1.06814,1.06814,1.06814,1.06814,40.1792,40.1792,40.1792,99.0984,99.0984,28.5012,40.1792,40.1792,28.5012,99.0984,99.0984,14.2506,14.2506,28.5012,28.5012,14.2506,14.2506,28.5012,28.5012,14.2506,14.2506,14.2506,14.2506,14.2506,14.2506,16.7783,16.7783,16.7783,16.7783,0,0,0,0,0,0,0,0,0,0,0,0,0,0,0,0,0,0,0,0,0,0,0,0,0,0,0,0,0,0,0,0,0,0,0,0,0,0,0,0,0,0,0,0,0,0,0,0,0,0,0,0,0,0,0,0,0,0,0,0,0,0,0,0,0,0,0,0,0,0,0,0,0,0,0,0,0,0,0,0,0,0,0,0,0,0,0,0,0,0,0,0,0,0,0,0,0,0,0,0,0,0,0,0,0,0,0,0,0,0,0,0,0,0,0,0,0,-0.555619,-1.5173,-0.768781,-1.95472,1.0449,-0.55365,2.25636,-2.70251,0.0369884,0.493219,-1.14844,-0.0215301,-0.698204,-0.201854,-1.16687,0.397413,-0.0527256,-0.33186,2.82295,0.793194,1.57725,-0.132801,-1.81314,1.24506,0.412936,-2.96045,-5.12329,4.07081,-2.33734,-1.66373,-0.822603,0.488942,-0.950917,1.54569,-0.992779,-0.5236,-1.18261,-0.360775,-0.0943977,0.434311,0.52,2.09648,-0.087267,0.214439,-0.00944261,0.0162223,-0.242819,-0.657296,1.18959,0.216314,0.2618,-0.0231242,0.691744,0.181104,0.658268,-1.38526,-0.503681,0.584962,-0.0247239,-0.0098938,-0.220556,0.705,-0.998569,0.0282033,-0.0454259,0.6,0,0,0.204268,0.131845,0.949136
-11.2178,-11.1246,6.54744,1.50212,-0.777157,-1.62291,0.565044,-1.55008,-1.84487,-11.2178,-11.1246,6.54744,1.50212,-0.777157,-1.62291,0.565044,-1.55008,-1.84487,-0.225921,1.58506,-0.982672,-0.5236,-1.16307,-0.52,-0.447066,-0.0630867,0.52,1.69072,-0.087267,-0.0301,0.0782997,-0.123145,-0.277362,-0.446796,1.49497,0.225564,0.057677,-0.012269,0.652081,0.119804,0.747473,-1.24929,-0.590049,0.589101,-0.023676,0.034714,-0.196748,0,0,0,0,0,0,0,0,0,0,0,0,0,0,0,0,0,0,0,0,0,0,0,0,0,0,0,0,0,-0.414137,0.142485,-1.15354,-0.146242,-0.683408,-0.228788,-0.870983,-0.233177,0.269938,1.10821,-0.134011,0.280277,-0.302923,-0.444861,0.140243,-0.267434,0.63872,0.155203,0.268099,0.0262684,0.484733,0.166143,0.403183,-1.22475,-0.286838,0.660188,-0.0179981,-0.0339434,-0.146012,-4.60333,6.81586,3.01159,-4.08905,-8.31146,-2.25013,2.65833,12.4969,-2.18241,12.2975,0.661521,-0.532238,5.31468,-11.6202,2.01308,-1.29091,2.67487,-0.502281,0.148717,-1.21734,3.9974,-0.0551947,1.29294,-2.26402,-4.10281,-2.08611,-0.119344,-0.0187414,-1.37222,-9.03435,38.2968,-0.165093,-4.28047,3.41211,0.337835,24.7251,-3.87754,11.4776,24.9858,1.97795,-0.491146,-0.471424,33.9635,-15.989,-4.64712,5.67169,2.69462,-0.444771,0.386955,-0.678726,0.222019,2.56802,-0.0541779,0.488791,0.985944,0.0264726,0.417803,0.155163,0,0,0,0,0,0,0,0,0,0,0,0,0,0,0,0,0,0,0,0,0,0,0,0,0,0,0,0,0,2.55789,2.55789,2.55789,6.3088,6.3088,1.81445,2.55789,2.55789,1.81445,6.3088,6.3088,0.907223,0.907223,1.81445,1.81445,0.907223,0.907223,1.81445,1.81445,0.907223,0.907223,0.907223,0.907223,0.907223,0.907223,1.06814,1.06814,1.06814,1.06814,40.1792,40.1792,40.1792,99.0984,99.0984,28.5012,40.1792,40.1792,28.5012,99.0984,99.0984,14.2506,14.2506,28.5012,28.5012,14.2506,14.2506,28.5012,28.5012,14.2506,14.2506,14.2506,14.2506,14.2506,14.2506,16.7783,16.7783,16.7783,16.7783,0,0,0,0,0,0,0,0,0,0,0,0,0,0,0,0,0,0,0,0,0,0,0,0,0,0,0,0,0,0,0,0,0,0,0,0,0,0,0,0,0,0,0,0,0,0,0,0,0,0,0,0,0,0,0,0,0,0,0,0,0,0,0,0,0,0,0,0,0,0,0,0,0,0,0,0,0,0,0,0,0,0,0,0,0,0,0,0,0,0,0,0,0,0,0,0,0,0,0,0,0,0,0,0,0,0,0,0,0,0,0,0,0,0,0,0,0,0.565044,-1.55008,-1.84487,-1.47476,1.24829,-0.632413,2.95265,-2.39249,-0.280783,0.514309,-1.34537,0.178531,-1.23655,-0.1463,0.157208,-0.246675,-0.0279746,-0.317795,2.89483,-0.115217,1.48681,0.465955,-1.79468,1.89479,0.273164,-2.64088,-5.40947,2.9137,-2.28161,-2.10833,-2.09556,-0.0686309,-0.225921,1.58506,-0.982672,-0.5236,-1.16307,-0.52,-0.447066,-0.0630867,0.52,1.69072,-0.087267,-0.0301,0.0782997,-0.123145,-0.277362,-0.446796,1.49497,0.225564,0.057677,-0.012269,0.652081,0.119804,0.747473,-1.24929,-0.590049,0.589101,-0.023676,0.034714,-0.196748,0.93,-0.999785,-0.0110894,-0.0174911,0.6,0,0,0.207618,0.138277,0.777167
-16.4968,-24.1829,8.34385,-2.03805,0.912954,0.0193438,0.855757,-1.53355,-2.13881,-16.4968,-24.1829,8.34385,-2.03805,0.912954,0.0193438,0.855757,-1.53355,-2.13881,0.382228,1.63178,-1.18674,-0.5236,-1.35758,-0.472497,-0.827441,-0.365392,0.52,1.57383,-0.087267,-0.158478,0.126969,-0.418886,-0.136793,-0.351494,1.29915,0.173518,-0.127821,0.0348035,0.516704,0.22059,0.614706,-1.01475,-0.597765,0.5569,-0.0152458,0.0129104,-0.144451,0,0,0,0,0,0,0,0,0,0,0,0,0,0,0,0,0,0,0,0,0,0,0,0,0,0,0,0,0,-0.439726,0.227254,-1.08007,-0.15822,-0.815617,-0.282474,-0.830666,-0.0193693,0.246715,1.31995,-0.120217,0.226874,-0.206269,-0.589826,0.0935129,-0.314051,0.727514,0.138858,0.229629,0.00517665,0.551809,0.149085,0.423525,-1.23082,-0.343479,0.651794,-0.0195988,-0.0236041,-0.165593,1.29128,2.15767,4.00381,0.762905,-5.64482,-1.15411,0.629111,8.84633,0.670165,9.46923,0.712696,-3.85475,3.53239,-1.80302,-4.54078,-3.68143,5.83401,-0.950087,-3.04701,-1.01941,2.39632,-1.16127,1.2419,2.46241,-2.60136,0.255575,-0.105362,1.09453,-0.493423,6.91459,48.6708,-6.19233,-40.024,1.19458,-4.12323,13.8777,-24.4799,6.99161,-23.1058,-1.18489,-0.333478,0.820084,18.0465,-3.68962,1.04505,6.03404,4.34204,0.210196,0.669345,-0.902457,0.611302,3.7321,-1.87245,-1.54628,-1.61031,0.0687623,-0.0795395,0.0448726,0,0,0,0,0,0,0,0,0,0,0,0,0,0,0,0,0,0,0,0,0,0,0,0,0,0,0,0,0,2.55789,2.55789,2.55789,6.3088,6.3088,1.81445,2.55789,2.55789,1.81445,6.3088,6.3088,0.907223,0.907223,1.81445,1.81445,0.907223,0.907223,1.81445,1.81445,0.907223,0.907223,0.907223,0.907223,0.907223,0.907223,1.06814,1.06814,1.06814,1.06814,40.1792,40.1792,40.1792,99.0984,99.0984,28.5012,40.1792,40.1792,28.5012,99.0984,99.0984,14.2506,14.2506,28.5012,28.5012,14.2506,14.2506,28.5012,28.5012,14.2506,14.2506,14.2506,14.2506,14.2506,14.2506,16.7783,16.7783,16.7783,16.7783,0,0,0,0,0,0,0,0,0,0,0,0,0,0,0,0,0,0,0,0,0,0,0,0,0,0,0,0,0,0,0,0,0,0,0,0,0,0,0,0,0,0,0,0,0,0,0,0,0,0,0,0,0,0,0,0,0,0,0,0,0,0,0,0,0,0,0,0,0,0,0,0,0,0,0,0,0,0,0,0,0,0,0,0,0,0,0,0,0,0,0,0,0,0,0,0,0,0,0,0,0,0,0,0,0,0,0,0,0,0,0,0,0,0,0,0,0,0.855757,-1.53355,-2.13881,-1.25746,0.945571,-0.311903,2.50618,-1.85771,-0.955101,0.395638,-1.36296,0.289502,-1.6595,-0.578511,1.26789,-0.941365,0.0793554,-0.204639,2.98016,-0.667327,1.17814,0.173292,-2.16739,1.53578,0.502967,-1.93892,-5.51161,2.58034,-2.8363,-2.82164,-1.07734,-0.361345,0.382228,1.63178,-1.18674,-0.5236,-1.35758,-0.472497,-0.827441,-0.365392,0.52,1.57383,-0.087267,-0.158478,0.126969,-0.418886,-0.136793,-0.351494,1.29915,0.173518,-0.127821,0.0348035,0.516704,0.22059,0.614706,-1.01475,-0.597765,0.5569,-0.0152458,0.0129104,-0.144451,0.956,-0.999307,-0.0281145,-0.0244126,0.6,0,0,0.202595,0.139274,0.596369
10.4689,-1.35606,0.135182,-3.18573,1.05178,0.25254,0.433462,-1.5157,-1.77426,10.4689,-1.35606,0.135182,-3.18573,1.05178,0.25254,0.433462,-1.5157,-1.77426,0.452377,0.981483,-0.52536,-0.5236,-1.3091,0.0186213,-0.839743,0.16764,0.404789,1.28117,-0.087267,-0.0392744,0.0500221,-0.575462,-0.185694,-0.326045,1.07375,0.2166,0.0923206,0.0269481,0.457761,0.205204,0.700301,-0.622933,-0.347871,0.581198,-0.00709055,-0.0163055,-0.139508,0,0,0,0,0,0,0,0,0,0,0,0,0,0,0,0,0,0,0,0,0,0,0,0,0,0,0,0,0,-0.357902,0.269541,-1.06524,-0.139108,-0.923038,-0.286609,-0.809861,0.12217,0.245836,1.4509,-0.107939,0.129811,-0.150861,-0.580377,-0.0275436,-0.38919,0.853457,0.130999,0.144006,0.00142362,0.560814,0.15291,0.44034,-1.15845,-0.392043,0.657011,-0.0184174,-0.00637638,-0.161692,5.48957,2.60992,-0.780723,0.912592,-2.18044,0.14675,1.19195,5.84498,-0.97089,4.30389,0.463615,-4.96764,1.86267,1.28303,-6.09204,-3.71139,6.31769,-0.117318,-4.57091,0.208622,-0.719947,0.729334,0.54766,3.53143,-1.7482,0.561702,0.0952267,0.942199,0.4521,16.5443,48.7238,-3.25963,-43.8533,-26.7422,-5.49893,-3.69881,-34.6448,9.12564,-16.7952,-0.981385,0.341361,2.15359,2.45812,7.82761,3.85355,0.794349,1.56809,0.279422,0.325112,-0.118392,0.347622,2.27336,-0.984402,-1.62157,-2.75748,-0.0524336,-0.549084,-0.120795,0,0,0,0,0,0,0,0,0,0,0,0,0,0,0,0,0,0,0,0,0,0,0,0,0,0,0,0,0,2.55789,2.55789,2.55789,6.3088,6.3088,1.81445,2.55789,2.55789,1.81445,6.3088,6.3088,0.907223,0.907223,1.81445,1.81445,0.907223,0.907223,1.81445,1.81445,0.907223,0.907223,0.907223,0.907223,0.907223,0.907223,1.06814,1.06814,1.06814,1.06814,40.1792,40.1792,40.1792,99.0984,99.0984,28.5012,40.1792,40.1792,28.5012,99.0984,99.0984,14.2506,14.2506,28.5012,28.5012,14.2506,14.2506,28.5012,28.5012,14.2506,14.2506,14.2506,14.2506,14.2506,14.2506,16.7783,16.7783,16.7783,16.7783,0,0,0,0,0,0,0,0,0,0,0,0,0,0,0,0,0,0,0,0,0,0,0,0,0,0,0,0,0,0,0,0,0,0,0,0,0,0,0,0,0,0,0,0,0,0,0,0,0,0,0,0,0,0,0,0,0,0,0,0,0,0,0,0,0,0,0,0,0,0,0,0,0,0,0,0,0,0,0,0,0,0,0,0,0,0,0,0,0,0,0,0,0,0,0,0,0,0,0,0,0,0,0,0,0,0,0,0,0,0,0,0,0,0,0,0,0,0.433462,-1.5157,-1.77426,-1.19944,1.14074,-0.4234,1.99224,-0.964329,-1.31211,0.493869,-0.793181,0.114055,-1.15756,-0.252374,1.396,-0.963832,0.0614442,-0.095174,1.79251,0.306166,1.04374,-0.218863,-0.95948,0.922959,0.467885,-1.87257,-4.92099,1.74575,-2.69804,-2.47514,0.0424584,-0.0895497,0.452377,0.981483,-0.52536,-0.5236,-1.3091,0.0186213,-0.839743,0.16764,0.404789,1.28117,-0.087267,-0.0392744,0.0500221,-0.575462,-0.185694,-0.326045,1.07375,0.2166,0.0923206,0.0269481,0.457761,0.205204,0.700301,-0.622933,-0.347871,0.581198,-0.00709055,-0.0163055,-0.139508,0.687,-0.998483,-0.0231285,-0.0499734,0.6,0,0,0.202595,0.139274,0.596369
14.2425,1.43399,1.3765,-2.78553,-0.0366514,0.58549,0.168268,-1.50969,-1.56832,14.2425,1.43399,1.3765,-2.78553,-0.0366514,0.58549,0.168268,-1.50969,-1.56832,0.408172,0.780313,-0.000820207,-0.5236,-0.736099,-0.370412,-0.413797,0.179255,0.261666,1.0051,-0.087267,-0.065056,-0.0457454,-0.318009,-0.299729,-0.143226,0.843189,0.183622,0.2618,0.0153128,0.409091,-0.127816,0.512913,-0.611067,-0.332063,0.616411,-0.00224591,0.0256217,-0.157592,0,0,0,0,0,0,0,0,0,0,0,0,0,0,0,0,0,0,0,0,0,0,0,0,0,0,0,0,0,-0.237182,0.343166,-0.964854,-0.123964,-0.940346,-0.217099,-0.778949,0.233523,0.227527,1.46896,-0.0988468,0.066417,-0.147651,-0.555408,-0.130044,-0.471346,0.953398,0.143456,0.0968625,0.00616449,0.516348,0.163653,0.448674,-1.10301,-0.399011,0.680596,-0.0145025,0.00438212,-0.157777,6.30725,4.15209,7.18573,0.623904,-0.346176,4.00918,1.56334,5.26083,-0.908875,-1.2173,0.300739,-2.11875,-0.886717,1.08842,-4.08512,-4.01416,4.08419,1.01526,-1.3322,0.296046,-2.29095,0.502807,0.70697,2.44561,0.0973124,0.753751,0.176524,0.566417,0.238451,12.1429,15.486,-0.13559,-43.6057,-34.078,-0.520624,-6.45574,-15.9408,6.57766,-13.1694,-0.872379,0.484019,3.48481,-2.56815,6.04808,5.72665,-1.98364,0.44105,2.33633,0.05092,1.27731,0.161113,3.29478,4.79602,0.39077,-3.1187,-0.0699988,-0.885473,0.0983087,0,0,0,0,0,0,0,0,0,0,0,0,0,0,0,0,0,0,0,0,0,0,0,0,0,0,0,0,0,2.55789,2.55789,2.55789,6.3088,6.3088,1.81445,2.55789,2.55789,1.81445,6.3088,6.3088,0.907223,0.907223,1.81445,1.81445,0.907223,0.907223,1.81445,1.81445,0.907223,0.907223,0.907223,0.907223,0.907223,0.907223,1.06814,1.06814,1.06814,1.06814,40.1792,40.1792,40.1792,99.0984,99.0984,28.5012,40.1792,40.1792,28.5012,99.0984,99.0984,14.2506,14.2506,28.5012,28.5012,14.2506,14.2506,28.5012,28.5012,14.2506,14.2506,14.2506,14.2506,14.2506,14.2506,16.7783,16.7783,16.7783,16.7783,0,0,0,0,0,0,0,0,0,0,0,0,0,0,0,0,0,0,0,0,0,0,0,0,0,0,0,0,0,0,0,0,0,0,0,0,0,0,0,0,0,0,0,0,0,0,0,0,0,0,0,0,0,0,0,0,0,0,0,0,0,0,0,0,0,0,0,0,0,0,0,0,0,0,0,0,0,0,0,0,0,0,0,0,0,0,0,0,0,0,0,0,0,0,0,0,0,0,0,0,0,0,0,0,0,0,0,0,0,0,0,0,0,0,0,0,0,0.168268,-1.50969,-1.56832,-0.782589,0.713473,-0.683413,1.46653,-0.937275,-0.725093,0.418676,-0.757137,-0.104304,-0.533365,0.220284,1.31527,-0.185915,0.0349147,-0.0301461,1.42511,0.327379,0.932768,0.343911,-0.00149797,0.596625,-0.291432,-2.1153,-4.23999,0.958467,-1.06399,-0.830989,-0.844577,-0.148334,0.408172,0.780313,-0.000820207,-0.5236,-0.736099,-0.370412,-0.413797,0.179255,0.261666,1.0051,-0.087267,-0.065056,-0.0457454,-0.318009,-0.299729,-0.143226,0.843189,0.183622,0.2618,0.0153128,0.409091,-0.127816,0.512913,-0.611067,-0.332063,0.616411,-0.00224591,0.0256217,-0.157592,0.681,-0.998133,-0.0102279,-0.0602089,0.6,0,0,0.236691,0.159394,0.804547
11.6567,0.606037,2.66859,-2.25729,-0.653927,0.660721,-0.0959271,-1.51616,-1.35342,11.6567,0.606037,2.66859,-2.25729,-0.653927,0.660721,-0.0959271,-1.51616,-1.35342,0.23581,0.87802,0.0292323,-0.5236,-0.251194,-0.52,-0.408748,-0.161324,0.0928368,0.976286,-0.087267,-0.0987934,-0.144207,-0.195208,-0.5583,-0.00146954,0.501423,0.0964712,0.2618,0.0201087,0.514638,-0.270016,0.356749,-0.639983,-0.287196,0.610386,-0.0017558,0.0476261,-0.15886,0,0,0,0,0,0,0,0,0,0,0,0,0,0,0,0,0,0,0,0,0,0,0,0,0,0,0,0,0,-0.0994944,0.428748,-0.734258,-0.114348,-0.886655,-0.239846,-0.722266,0.317619,0.207503,1.389,-0.0936145,0.0284665,-0.165789,-0.538774,-0.212574,-0.545272,1.01487,0.17152,0.100742,0.0166341,0.460967,0.108748,0.442057,-1.0668,-0.379313,0.709536,-0.0107091,0.0198981,-0.157413,7.04531,4.04914,12.4413,0.383882,2.48262,-2.13133,3.4168,3.20301,-1.18886,-5.56956,0.134603,-1.69447,-0.800128,0.663401,-3.60793,-3.06214,2.4283,1.32271,0.899554,0.358742,-2.48257,-3.64143,-0.683671,1.58789,1.06772,1.3263,0.16672,0.940721,0.0173282,2.83522,3.84717,-1.89259,-43.0269,-0.761016,0.137585,3.95905,-14.0653,3.53628,-5.13722,-0.329783,0.209298,2.45411,5.10106,4.23632,8.63016,-4.66763,-2.0232,3.0618,-0.375808,1.5789,-0.127905,1.89197,5.33547,-0.819731,-3.70691,-0.0787817,-0.727881,0.10312,0,0,0,0,0,0,0,0,0,0,0,0,0,0,0,0,0,0,0,0,0,0,0,0,0,0,0,0,0,2.55789,2.55789,2.55789,6.3088,6.3088,1.81445,2.55789,2.55789,1.81445,6.3088,6.3088,0.907223,0.907223,1.81445,1.81445,0.907223,0.907223,1.81445,1.81445,0.907223,0.907223,0.907223,0.907223,0.907223,0.907223,1.06814,1.06814,1.06814,1.06814,40.1792,40.1792,40.1792,99.0984,99.0984,28.5012,40.1792,40.1792,28.5012,99.0984,99.0984,14.2506,14.2506,28.5012,28.5012,14.2506,14.2506,28.5012,28.5012,14.2506,14.2506,14.2506,14.2506,14.2506,14.2506,16.7783,16.7783,16.7783,16.7783,0,0,0,0,0,0,0,0,0,0,0,0,0,0,0,0,0,0,0,0,0,0,0,0,0,0,0,0,0,0,0,0,0,0,0,0,0,0,0,0,0,0,0,0,0,0,0,0,0,0,0,0,0,0,0,0,0,0,0,0,0,0,0,0,0,0,0,0,0,0,0,0,0,0,0,0,0,0,0,0,0,0,0,0,0,0,0,0,0,0,0,0,0,0,0,0,0,0,0,0,0,0,0,0,0,0,0,0,0,0,0,0,0,0,0,0,0,-0.0959271,-1.51616,-1.35342,-0.459371,0.357404,-1.27298,0.687274,-1.0032,-0.445094,0.219964,-0.654835,-0.328807,-0.156217,0.139409,1.00048,-0.176694,0.0458498,-0.0235675,1.60355,-0.294631,1.17343,0.639269,0.0533878,0.211677,-0.615662,-2.13232,-3.75446,0.876303,0.318844,0.18434,-1.25924,-0.225259,0.23581,0.87802,0.0292323,-0.5236,-0.251194,-0.52,-0.408748,-0.161324,0.0928368,0.976286,-0.087267,-0.0987934,-0.144207,-0.195208,-0.5583,-0.00146954,0.501423,0.0964712,0.2618,0.0201087,0.514638,-0.270016,0.356749,-0.639983,-0.287196,0.610386,-0.0017558,0.0476261,-0.15886,0.589,-0.998508,0.00523004,-0.0543541,0.6,0,0,0.236691,0.159394,0.804547
3.84754,-2.80948,1.58827,-1.88894,-1.0318,0.805715,-0.530073,-1.52908,-0.959538,3.84754,-2.80948,1.58827,-1.88894,-1.0318,0.805715,-0.530073,-1.52908,-0.959538,-0.310004,0.880144,-0.309684,-0.5236,-0.480224,-0.451398,-0.307272,-0.0805667,-0.0650801,1.44417,-0.087267,-0.0405795,-0.170483,-0.38236,-0.704171,0.0616971,0.191819,-0.0448672,0.2618,0.0664612,0.738506,-0.111747,0.417668,-0.688872,-0.176057,0.595175,0.00299119,0.0122919,-0.146306,0,0,0,0,0,0,0,0,0,0,0,0,0,0,0,0,0,0,0,0,0,0,0,0,0,0,0,0,0,0.0185521,0.493286,-0.511072,-0.108538,-0.721711,-0.287946,-0.657721,0.332685,0.154714,1.27055,-0.092386,-0.00683945,-0.162799,-0.522854,-0.268607,-0.584315,1.04805,0.194474,0.115406,0.0275824,0.443112,0.0206871,0.415111,-1.04269,-0.347539,0.738559,-0.00741627,0.0411157,-0.158527,5.03313,2.55597,9.89526,0.227751,7.63306,-0.848061,3.01439,-1.05137,-3.64964,-5.73757,0.0241145,-1.63835,0.77498,1.02313,-2.24451,-1.15793,1.06213,0.838842,0.765738,0.451088,-0.189437,-4.31213,-1.73947,0.934749,2.00003,1.56363,0.175327,0.964357,-0.12115,-4.14832,8.76937,-3.55377,-42.6082,-1.57004,-4.59944,2.43279,-18.0758,4.37834,6.57615,0.33226,0.184127,-0.347021,7.6206,-4.12138,9.44477,-8.85943,-4.43182,2.90835,-0.537358,1.24069,-0.255776,0.526908,4.71728,-0.536878,-3.42917,-0.0721125,-0.945453,0.0763034,0,0,0,0,0,0,0,0,0,0,0,0,0,0,0,0,0,0,0,0,0,0,0,0,0,0,0,0,0,2.55789,2.55789,2.55789,6.3088,6.3088,1.81445,2.55789,2.55789,1.81445,6.3088,6.3088,0.907223,0.907223,1.81445,1.81445,0.907223,0.907223,1.81445,1.81445,0.907223,0.907223,0.907223,0.907223,0.907223,0.907223,1.06814,1.06814,1.06814,1.06814,40.1792,40.1792,40.1792,99.0984,99.0984,28.5012,40.1792,40.1792,28.5012,99.0984,99.0984,14.2506,14.2506,28.5012,28.5012,14.2506,14.2506,28.5012,28.5012,14.2506,14.2506,14.2506,14.2506,14.2506,14.2506,16.7783,16.7783,16.7783,16.7783,0,0,0,0,0,0,0,0,0,0,0,0,0,0,0,0,0,0,0,0,0,0,0,0,0,0,0,0,0,0,0,0,0,0,0,0,0,0,0,0,0,0,0,0,0,0,0,0,0,0,0,0,0,0,0,0,0,0,0,0,0,0,0,0,0,0,0,0,0,0,0,0,0,0,0,0,0,0,0,0,0,0,0,0,0,0,0,0,0,0,0,0,0,0,0,0,0,0,0,0,0,0,0,0,0,0,0,0,0,0,0,0,0,0,0,0,0,-0.530073,-1.52908,-0.959538,-0.315344,0.496304,-1.60558,-0.0186529,-1.11468,-0.871819,-0.102302,-0.401427,-0.388718,-0.086513,-0.0647665,0.00364533,0.00863464,0.151538,0.0401497,1.60743,-0.147141,1.68387,0.16499,-0.565585,-0.148389,-0.254794,-1.96381,-4.66773,2.21059,-0.334294,-0.313129,-1.02923,-0.0925254,-0.310004,0.880144,-0.309684,-0.5236,-0.480224,-0.451398,-0.307272,-0.0805667,-0.0650801,1.44417,-0.087267,-0.0405795,-0.170483,-0.38236,-0.704171,0.0616971,0.191819,-0.0448672,0.2618,0.0664612,0.738506,-0.111747,0.417668,-0.688872,-0.176057,0.595175,0.00299119,0.0122919,-0.146306,0.69,-0.99913,0.0210865,-0.035983,0.6,0,0,0.237293,0.162835,0.753025
-1.79584,-1.96833,0.268266,-1.66527,-1.0711,1.6833,-1.34235,-1.52186,-0.183023,-1.79584,-1.96833,0.268266,-1.66527,-1.0711,1.6833,-1.34235,-1.52186,-0.183023,-0.599064,1.14814,-0.627822,-0.5236,-0.884034,-0.491633,-0.0894073,-0.178304,-0.00454508,1.73826,-0.087267,0.0601282,-0.101741,-0.546383,-0.618862,-0.0649904,0.243467,-0.111976,0.2618,0.0513299,0.776806,0.0170334,0.433565,-0.994461,-0.244205,0.585913,0.00126688,-0.000823477,-0.143285,0,0,0,0,0,0,0,0,0,0,0,0,0,0,0,0,0,0,0,0,0,0,0,0,0,0,0,0,0,0.0660459,0.526415,-0.409241,-0.104544,-0.650925,-0.288804,-0.626568,0.276445,0.0596329,1.23104,-0.095679,-0.0221942,-0.126636,-0.495776,-0.287789,-0.601275,1.05038,0.185267,0.127455,0.045935,0.486109,-0.0177829,0.395381,-1.02184,-0.309646,0.754871,-0.00355941,0.0512177,-0.158751,0.67792,1.42012,2.76628,0.155302,2.7998,0.249153,1.08678,-3.75801,-5.22725,0.464556,-0.0504259,-0.289245,2.71344,1.27656,-0.680172,-0.514278,-0.869358,-0.783586,0.618466,1.00735,2.93223,-0.968835,-0.381408,1.10611,1.51086,0.0672684,0.158273,0.272141,0.0605246,-17.4609,10.753,-3.449,-42.5506,-0.761604,-5.02988,10.1915,-5.33958,5.60012,20.4183,1.27998,0.0438263,-2.84351,0.901046,-10.7501,10.0081,-11.6545,-5.14875,2.73132,-0.605874,1.03197,-0.419077,1.00288,3.93971,0.134841,-3.42702,-0.0807292,-0.898889,0.199591,0,0,0,0,0,0,0,0,0,0,0,0,0,0,0,0,0,0,0,0,0,0,0,0,0,0,0,0,0,2.55789,2.55789,2.55789,6.3088,6.3088,1.81445,2.55789,2.55789,1.81445,6.3088,6.3088,0.907223,0.907223,1.81445,1.81445,0.907223,0.907223,1.81445,1.81445,0.907223,0.907223,0.907223,0.907223,0.907223,0.907223,1.06814,1.06814,1.06814,1.06814,40.1792,40.1792,40.1792,99.0984,99.0984,28.5012,40.1792,40.1792,28.5012,99.0984,99.0984,14.2506,14.2506,28.5012,28.5012,14.2506,14.2506,28.5012,28.5012,14.2506,14.2506,14.2506,14.2506,14.2506,14.2506,16.7783,16.7783,16.7783,16.7783,0,0,0,0,0,0,0,0,0,0,0,0,0,0,0,0,0,0,0,0,0,0,0,0,0,0,0,0,0,0,0,0,0,0,0,0,0,0,0,0,0,0,0,0,0,0,0,0,0,0,0,0,0,0,0,0,0,0,0,0,0,0,0,0,0,0,0,0,0,0,0,0,0,0,0,0,0,0,0,0,0,0,0,0,0,0,0,0,0,0,0,0,0,0,0,0,0,0,0,0,0,0,0,0,0,0,0,0,0,0,0,0,0,0,0,0,0,-1.34235,-1.52186,-0.183023,-0.604205,0.532551,-1.41107,0.0991098,-1.81145,-1.24581,-0.255318,-0.556811,-0.23198,-0.528638,-0.189079,-0.524273,0.406528,0.117037,0.017005,2.09688,-0.325641,1.7712,-0.0110533,-1.14661,-0.0103632,0.038838,-1.92326,-5.64812,3.04926,-1.48586,-0.739101,-1.12097,0.137098,-0.599064,1.14814,-0.627822,-0.5236,-0.884034,-0.491633,-0.0894073,-0.178304,-0.00454508,1.73826,-0.087267,0.0601282,-0.101741,-0.546383,-0.618862,-0.0649904,0.243467,-0.111976,0.2618,0.0513299,0.776806,0.0170334,0.433565,-0.994461,-0.244205,0.585913,0.00126688,-0.000823477,-0.143285,0.564,-0.998803,0.0476454,-0.0110778,0.6,0,0,0.19837,0.13523,0.63042
27.1483,0.27093,4.41662,-0.560426,1.08618,2.34839,-1.3932,-1.47754,-0.153202,27.1483,0.27093,4.41662,-0.560426,1.08618,2.34839,-1.3932,-1.47754,-0.153202,-0.467724,1.28232,-0.592166,-0.5236,-1.14178,-0.52,0.0991222,-0.7619,0.158629,1.45039,-0.087267,-0.02452,-0.0542108,-0.274684,-0.415643,-0.0581001,0.364704,-0.14678,0.217737,0.0117205,0.752692,0.0149608,0.39122,-1.32007,-0.491822,0.607164,-0.00384865,0.0365774,-0.155064,0,0,0,0,0,0,0,0,0,0,0,0,0,0,0,0,0,0,0,0,0,0,0,0,0,0,0,0,0,0.0239464,0.565068,-0.425606,-0.102258,-0.706443,-0.284283,-0.615668,0.191381,-0.0521688,1.29335,-0.0978966,-0.00506761,-0.0478773,-0.493453,-0.311775,-0.575994,1.04093,0.169654,0.126559,0.0619541,0.544543,-0.0024452,0.439436,-1.00201,-0.310278,0.720807,-0.0014458,0.0413153,-0.160034,-4.52593,2.62482,-2.18746,0.0572283,-2.8565,0.179872,-0.0867034,-4.22687,-5.56191,4.57502,-0.0109522,1.33707,4.49466,-0.864695,-0.785886,3.09146,-0.102675,-0.786251,-0.133436,0.811333,2.6173,1.30001,4.03162,0.819727,-0.497925,-2.53281,0.0377953,-0.975988,-0.110274,-14.8353,17.3567,-2.83594,-42.1867,0.441134,-6.24349,21.226,-4.16397,11.2666,17.2296,1.23845,-0.228835,-4.68319,-0.335453,-7.01247,4.80324,-11.3052,-6.82783,4.34831,-0.875968,0.957606,-0.884687,-3.45548,-0.662527,1.46988,0.436981,-0.00589593,0.265634,0.417498,0,0,0,0,0,0,0,0,0,0,0,0,0,0,0,0,0,0,0,0,0,0,0,0,0,0,0,0,0,2.55789,2.55789,2.55789,6.3088,6.3088,1.81445,2.55789,2.55789,1.81445,6.3088,6.3088,0.907223,0.907223,1.81445,1.81445,0.907223,0.907223,1.81445,1.81445,0.907223,0.907223,0.907223,0.907223,0.907223,0.907223,1.06814,1.06814,1.06814,1.06814,40.1792,40.1792,40.1792,99.0984,99.0984,28.5012,40.1792,40.1792,28.5012,99.0984,99.0984,14.2506,14.2506,28.5012,28.5012,14.2506,14.2506,28.5012,28.5012,14.2506,14.2506,14.2506,14.2506,14.2506,14.2506,16.7783,16.7783,16.7783,16.7783,0,0,0,0,0,0,0,0,0,0,0,0,0,0,0,0,0,0,0,0,0,0,0,0,0,0,0,0,0,0,0,0,0,0,0,0,0,0,0,0,0,0,0,0,0,0,0,0,0,0,0,0,0,0,0,0,0,0,0,0,0,0,0,0,0,0,0,0,0,0,0,0,0,0,0,0,0,0,0,0,0,0,0,0,0,0,0,0,0,0,0,0,0,0,0,0,0,0,0,0,0,0,0,0,0,0,0,0,0,0,0,0,0,0,0,0,0,-1.3932,-1.47754,-0.153202,-0.588494,0.436001,-0.947708,0.375541,-2.55387,-0.626307,-0.334672,-1.1214,-0.123606,-0.871599,0.0961567,-0.284403,0.750845,0.0267238,-0.0516592,2.34194,-1.39148,1.71621,0.490966,-1.08149,0.361689,0.0341121,-2.08137,-5.11744,2.22832,-2.2209,-0.100166,-2.26976,-0.055908,-0.467724,1.28232,-0.592166,-0.5236,-1.14178,-0.52,0.0991222,-0.7619,0.158629,1.45039,-0.087267,-0.02452,-0.0542108,-0.274684,-0.415643,-0.0581001,0.364704,-0.14678,0.217737,0.0117205,0.752692,0.0149608,0.39122,-1.32007,-0.491822,0.607164,-0.00384865,0.0365774,-0.155064,0.571,-0.995655,0.0916564,-0.016451,0.6,0,0,0.19837,0.13523,0.63042
9.79109,-9.26398,2.00691,-0.237506,1.24986,2.60915,-1.30181,-1.42216,-0.250817,9.79109,-9.26398,2.00691,-0.237506,1.24986,2.60915,-1.30181,-1.42216,-0.250817,-0.519548,0.498026,-0.519399,0.429721,-0.751253,-0.52,-0.409999,-2.14561,0.506159,0.739393,-0.087267,-0.35233,0.0527838,0.254081,-0.460961,-0.109892,0.82917,0.0796285,0.2618,-0.00786621,0.870109,-0.0306235,0.166728,-1.22528,-0.563951,0.657488,-0.00955675,0.0843486,-0.122533,0,0,0,0,0,0,0,0,0,0,0,0,0,0,0,0,0,0,0,0,0,0,0,0,0,0,0,0,0,-0.0820742,0.625716,-0.457261,-0.102196,-0.819808,-0.282079,-0.5858,0.0966379,-0.162546,1.35729,-0.0951937,0.00437128,0.0498468,-0.523663,-0.328703,-0.502571,1.03089,0.134592,0.134795,0.0654058,0.592093,0.0174801,0.527389,-0.988346,-0.332681,0.68791,-0.00240077,0.0311744,-0.157362,-5.30401,2.80234,-0.988974,-0.0273023,-5.14758,0.0695253,2.84791,-5.18496,-4.99831,2.32575,0.114375,0.0260159,5.02669,-1.32202,-1.17914,3.93138,-0.82514,-2.19864,0.686858,-0.174942,2.20966,0.622481,4.036,0.643329,-1.20021,-0.667488,-0.0493402,-0.144783,0.188154,-1.99498,18.8229,-2.48666,-41.6137,0.719279,-6.913,20.992,-21.925,18.5206,-5.05922,0.0254033,-0.473674,-5.93427,10.0424,-0.56512,2.93476,-8.74196,-4.19985,1.15059,-0.655112,0.337327,-0.655929,-5.77143,-5.23392,-1.08378,-0.365216,0.0226707,0.314527,-0.137213,0,0,0,0,0,0,0,0,0,0,0,0,0,0,0,0,0,0,0,0,0,0,0,0,0,0,0,0,0,2.55789,2.55789,2.55789,6.3088,6.3088,1.81445,2.55789,2.55789,1.81445,6.3088,6.3088,0.907223,0.907223,1.81445,1.81445,0.907223,0.907223,1.81445,1.81445,0.907223,0.907223,0.907223,0.907223,0.907223,0.907223,1.06814,1.06814,1.06814,1.06814,40.1792,40.1792,40.1792,99.0984,99.0984,28.5012,40.1792,40.1792,28.5012,99.0984,99.0984,14.2506,14.2506,28.5012,28.5012,14.2506,14.2506,28.5012,28.5012,14.2506,14.2506,14.2506,14.2506,14.2506,14.2506,16.7783,16.7783,16.7783,16.7783,0,0,0,0,0,0,0,0,0,0,0,0,0,0,0,0,0,0,0,0,0,0,0,0,0,0,0,0,0,0,0,0,0,0,0,0,0,0,0,0,0,0,0,0,0,0,0,0,0,0,0,0,0,0,0,0,0,0,0,0,0,0,0,0,0,0,0,0,0,0,0,0,0,0,0,0,0,0,0,0,0,0,0,0,0,0,0,0,0,0,0,0,0,0,0,0,0,0,0,0,0,0,0,0,0,0,0,0,0,0,0,0,0,0,0,0,0,-1.30181,-1.42216,-0.250817,-0.706585,-0.0758633,-1.05104,1.43457,-2.33773,0.57933,0.181561,-1.28586,0.120352,-0.623546,0.771639,-0.379051,-0.178979,-0.0179357,-0.128277,0.90956,-3.91858,1.98393,1.13218,-0.948594,1.15409,-0.0698247,-1.64472,-0.682366,0.200744,-1.1072,0.657247,-1.87582,-0.803348,-0.519548,0.498026,-0.519399,0.429721,-0.751253,-0.52,-0.409999,-2.14561,0.506159,0.739393,-0.087267,-0.35233,0.0527838,0.254081,-0.460961,-0.109892,0.82917,0.0796285,0.2618,-0.00786621,0.870109,-0.0306235,0.166728,-1.22528,-0.563951,0.657488,-0.00955675,0.0843486,-0.122533,0.652,-0.988973,0.142767,-0.0393567,0.6,0,0,0.182701,0.117541,0.846778
7.60706,-6.89978,1.52932,-0.682665,1.34323,1.28541,-1.22841,-1.38048,-0.334868,7.60706,-6.89978,1.52932,-0.682665,1.34323,1.28541,-1.22841,-1.38048,-0.334868,-0.52582,-1.26114,-0.952931,2.9671,0.044542,-0.159985,-1.74643,-2.7576,0.52,-0.087267,-0.0152489,-1.03126,0.319761,0.5236,-0.305872,-0.506414,1.17175,0.2618,0.2618,0.0379129,0.724211,-0.110234,-0.103628,-0.845295,-0.56008,0.679561,-0.0118623,0.0399224,0.0182018,0,0,0,0,0,0,0,0,0,0,0,0,0,0,0,0,0,0,0,0,0,0,0,0,0,0,0,0,0,-0.230119,0.589125,-0.471361,-0.0133801,-0.808874,-0.280896,-0.522473,-0.0925741,-0.247837,1.33175,-0.0865188,-0.0563215,0.160035,-0.485559,-0.334391,-0.396963,1.02,0.123439,0.151754,0.0499043,0.649004,0.0107127,0.555911,-0.966998,-0.360229,0.700187,-0.00499327,0.0436,-0.143885,-6.75976,-5.26242,0.371078,6.39938,0.986666,0.0525687,3.59591,-12.6577,-3.19003,-3.79274,0.30534,-4.25981,5.24796,4.6499,0.129384,5.68973,-0.226078,-0.125646,1.46588,-0.852615,3.10484,-0.606208,-0.143049,1.35221,-1.5791,1.24016,-0.0809775,0.99883,0.678878,6.42146,7.89249,-2.18171,5.26536,-0.444895,-6.91141,-4.16596,-52.5423,27.6598,-37.9933,-2.11332,-0.493836,-6.28836,13.934,-3.74738,-0.918563,-2.47671,-1.04471,0.843988,-0.0608286,0.434617,-0.0596972,-5.63433,-4.82997,-1.53333,-1.92506,0.0217673,-0.309937,-0.383439,0,0,0,0,0,0,0,0,0,0,0,0,0,0,0,0,0,0,0,0,0,0,0,0,0,0,0,0,0,2.55789,2.55789,2.55789,6.3088,6.3088,1.81445,2.55789,2.55789,1.81445,6.3088,6.3088,0.907223,0.907223,1.81445,1.81445,0.907223,0.907223,1.81445,1.81445,0.907223,0.907223,0.907223,0.907223,0.907223,0.907223,1.06814,1.06814,1.06814,1.06814,40.1792,40.1792,40.1792,99.0984,99.0984,28.5012,40.1792,40.1792,28.5012,99.0984,99.0984,14.2506,14.2506,28.5012,28.5012,14.2506,14.2506,28.5012,28.5012,14.2506,14.2506,14.2506,14.2506,14.2506,14.2506,16.7783,16.7783,16.7783,16.7783,0,0,0,0,0,0,0,0,0,0,0,0,0,0,0,0,0,0,0,0,0,0,0,0,0,0,0,0,0,0,0,0,0,0,0,0,0,0,0,0,0,0,0,0,0,0,0,0,0,0,0,0,0,0,0,0,0,0,0,0,0,0,0,0,0,0,0,0,0,0,0,0,0,0,0,0,0,0,0,0,0,0,0,0,0,0,0,0,0,0,0,0,0,0,0,0,0,0,0,0,0,0,0,0,0,0,0,0,0,0,0,0,0,0,0,0,0,-1.22841,-1.38048,-0.334868,-1.61069,-0.692302,-0.697418,2.21568,-1.47134,2.41539,0.847872,-1.27704,0.729088,-0.650664,1.06792,-0.390506,-2.61974,0.0864453,-0.159224,-2.30325,-5.68776,1.65127,0.535864,-1.74036,1.75738,-0.251345,0.244316,7.2365,-3.35288,1.16221,0.9917,-0.364781,-2.35137,-0.52582,-1.26114,-0.952931,2.9671,0.044542,-0.159985,-1.74643,-2.7576,0.52,-0.087267,-0.0152489,-1.03126,0.319761,0.5236,-0.305872,-0.506414,1.17175,0.2618,0.2618,0.0379129,0.724211,-0.110234,-0.103628,-0.845295,-0.56008,0.679561,-0.0118623,0.0399224,0.0182018,0.573,-0.981944,0.17819,-0.0635119,0.6,0,0,0.182701,0.117541,0.846778
14.855,1.46947,-26.3082,-1.25462,0.650519,0.0473878,-1.17991,-1.36524,-0.406115,14.855,1.46947,-26.3082,-1.25462,0.650519,0.0473878,-1.17991,-1.36524,-0.406115,0.263996,0.060441,-1.72189,2.65991,-0.640033,0.52,-2.73532,-1.37753,0.010062,-0.087267,-0.087267,-0.788124,0.257366,0.475539,0.0308566,-1.0942,0.647404,0.2618,-0.220807,-0.0935108,-0.409453,0.555876,-0.297107,-0.0873491,-0.187571,0.566698,-0.0164675,-0.150755,0.109649,0,0,0,0,0,0,0,0,0,0,0,0,0,0,0,0,0,0,0,0,0,0,0,0,0,0,0,0,0,-0.443365,0.267144,-0.590306,0.481621,-0.598533,-0.244131,-0.531353,-0.45843,-0.259533,1.1501,-0.0553175,-0.257377,0.23961,-0.298013,-0.251843,-0.278536,1.0211,0.144473,0.198844,0.0391595,0.688506,-0.022358,0.506306,-0.929062,-0.406107,0.739816,-0.00710443,0.0567672,-0.102765,-9.18383,-22.6948,-5.44092,35.2329,11.0054,1.66915,-3.5379,-21.7995,2.61606,-12.9207,1.27212,-12.1826,2.19182,13.0289,5.68812,5.39061,0.688734,1.18019,2.69905,-0.475521,1.70593,-1.87006,-3.12603,1.6753,-2.61529,1.70447,-0.0308108,0.578603,2.18045,22.2172,-6.86844,1.47404,33.4016,-5.20817,-0.881197,-41.7676,-39.6931,18.9966,-48.0056,-4.3361,-0.284631,-1.19729,1.77366,-11.3839,-8.13284,1.69995,1.16357,-2.9533,0.390608,-0.976951,0.412763,-5.87674,-0.411907,0.0947758,-2.94453,-0.0378213,-0.903333,-0.308798,0,0,0,0,0,0,0,0,0,0,0,0,0,0,0,0,0,0,0,0,0,0,0,0,0,0,0,0,0,2.55789,2.55789,2.55789,6.3088,6.3088,1.81445,2.55789,2.55789,1.81445,6.3088,6.3088,0.907223,0.907223,1.81445,1.81445,0.907223,0.907223,1.81445,1.81445,0.907223,0.907223,0.907223,0.907223,0.907223,0.907223,1.06814,1.06814,1.06814,1.06814,40.1792,40.1792,40.1792,99.0984,99.0984,28.5012,40.1792,40.1792,28.5012,99.0984,99.0984,14.2506,14.2506,28.5012,28.5012,14.2506,14.2506,28.5012,28.5012,14.2506,14.2506,14.2506,14.2506,14.2506,14.2506,16.7783,16.7783,16.7783,16.7783,0,0,0,0,0,0,0,0,0,0,0,0,0,0,0,0,0,0,0,0,0,0,0,0,0,0,0,0,0,0,0,0,0,0,0,0,0,0,0,0,0,0,0,0,0,0,0,0,0,0,0,0,0,0,0,0,0,0,0,0,0,0,0,0,0,0,0,0,0,0,0,0,0,0,0,0,0,0,0,0,0,0,0,0,0,0,0,0,0,0,0,0,0,0,0,0,0,0,0,0,0,0,0,0,0,0,0,0,0,0,0,0,0,0,0,0,0,-1.17991,-1.36524,-0.406115,-2.9509,-1.13345,0.0703561,1.02013,0.256855,1.08428,0.852034,-0.427681,0.58682,-1.87152,-0.447003,1.05196,-4.42578,-0.213214,-0.221037,0.110385,-2.51583,-0.933594,-2.02354,-3.14474,0.0229423,1.26745,1.47179,5.67758,-2.84738,-0.790029,-1.97029,1.19052,-1.797,0.263996,0.060441,-1.72189,2.65991,-0.640033,0.52,-2.73532,-1.37753,0.010062,-0.087267,-0.087267,-0.788124,0.257366,0.475539,0.0308566,-1.0942,0.647404,0.2618,-0.220807,-0.0935108,-0.409453,0.555876,-0.297107,-0.0873491,-0.187571,0.566698,-0.0164675,-0.150755,0.109649,0.732,-0.978947,0.188717,-0.0777692,0.6,0,0,0.218125,0.128281,3
-2.79196,-5.36956,-16.0263,-2.09073,-0.530234,1.12808,-1.25289,-1.35625,-0.365803,-2.79196,-5.36956,-16.0263,-2.09073,-0.530234,1.12808,-1.25289,-1.35625,-0.365803,-0.210407,0.503531,-0.146134,1.1046,-1.35563,0.143783,-1.28279,-0.0111937,-0.225639,0.196191,-0.087267,-0.186913,0.0412077,-0.106768,0.168244,-0.993377,0.801412,0.2618,-0.2618,-0.107646,-0.285898,0.733753,0.416181,-0.185951,-0.0775759,0.587571,-0.0183146,-0.156107,-0.0296594,0,0,0,0,0,0,0,0,0,0,0,0,0,0,0,0,0,0,0,0,0,0,0,0,0,0,0,0,0,-0.516738,-0.113205,-0.663724,1.07749,-0.583552,-0.0750203,-0.739846,-0.797797,-0.112528,0.835685,-0.0559596,-0.349348,0.185455,-0.0290764,-0.124122,-0.207746,1.01188,0.177828,0.196728,-0.00231782,0.690562,0.0667318,0.463043,-0.887516,-0.445815,0.765903,-0.00945113,0.0313248,-0.0570671,-0.408225,-15.2437,-3.21639,25.5225,-0.517612,9.20191,-15.2324,-12.7844,8.53544,-16.6498,-0.303523,-0.17487,-5.34897,13.1831,5.59997,1.31262,-1.29659,1.80522,-1.75741,-1.93005,-2.33732,7.56349,-1.63855,2.73996,-1.40246,0.695563,-0.124288,-1.858,2.12946,33.9332,46.7104,-34.605,-3.78959,-2.37729,0.307299,-44.4412,10.297,-12.0654,10.7418,-1.42994,-5.6468,5.46948,-8.96364,-6.14743,-14.2708,-4.15858,-0.746388,-9.16526,0.541788,-5,0.367123,-9.36001,9.12688,5.03418,-4.21642,0.0164078,-1.13877,0.529713,0,0,0,0,0,0,0,0,0,0,0,0,0,0,0,0,0,0,0,0,0,0,0,0,0,0,0,0,0,2.55789,2.55789,2.55789,6.3088,6.3088,1.81445,2.55789,2.55789,1.81445,6.3088,6.3088,0.907223,0.907223,1.81445,1.81445,0.907223,0.907223,1.81445,1.81445,0.907223,0.907223,0.907223,0.907223,0.907223,0.907223,1.06814,1.06814,1.06814,1.06814,40.1792,40.1792,40.1792,99.0984,99.0984,28.5012,40.1792,40.1792,28.5012,99.0984,99.0984,14.2506,14.2506,28.5012,28.5012,14.2506,14.2506,28.5012,28.5012,14.2506,14.2506,14.2506,14.2506,14.2506,14.2506,16.7783,16.7783,16.7783,16.7783,0,0,0,0,0,0,0,0,0,0,0,0,0,0,0,0,0,0,0,0,0,0,0,0,0,0,0,0,0,0,0,0,0,0,0,0,0,0,0,0,0,0,0,0,0,0,0,0,0,0,0,0,0,0,0,0,0,0,0,0,0,0,0,0,0,0,0,0,0,0,0,0,0,0,0,0,0,0,0,0,0,0,0,0,0,0,0,0,0,0,0,0,0,0,0,0,0,0,0,0,0,0,0,0,0,0,0,0,0,0,0,0,0,0,0,0,0,-1.25289,-1.35625,-0.365803,-2.72102,0.492913,0.383613,1.37128,0.0320324,-0.243441,1.10123,-0.176881,0.0939576,-2.41349,-0.166829,0.185541,-1.77298,-0.245443,-0.245831,0.919613,-0.0204434,-0.651876,-2.09537,-0.26689,-0.514479,1.67303,-0.398108,1.24221,-1.34833,-2.83072,-1.35058,0.32784,-0.42618,-0.210407,0.503531,-0.146134,1.1046,-1.35563,0.143783,-1.28279,-0.0111937,-0.225639,0.196191,-0.087267,-0.186913,0.0412077,-0.106768,0.168244,-0.993377,0.801412,0.2618,-0.2618,-0.107646,-0.285898,0.733753,0.416181,-0.185951,-0.0775759,0.587571,-0.0183146,-0.156107,-0.0296594,0.561,-0.977073,0.202236,-0.0665492,0.6,0,0,0.232782,0.133574,3
13.4915,-7.79504,13.7727,-3.21914,1.0178,1.65709,-1.31691,-1.32103,-0.35963,13.4915,-7.79504,13.7727,-3.21914,1.0178,1.65709,-1.31691,-1.32103,-0.35963,-0.362222,0.090615,0.827639,-0.233342,-0.841195,-0.454954,-0.177193,0.10973,0.509377,0.390756,-0.087267,0.258257,-0.113543,-0.407194,-0.0149582,-0.534151,0.533669,0.220429,0.0534787,-0.0019167,0.196287,0.0849022,0.711942,-0.99687,-0.321453,0.605507,-0.0237308,-0.0335083,-0.172513,0,0,0,0,0,0,0,0,0,0,0,0,0,0,0,0,0,0,0,0,0,0,0,0,0,0,0,0,0,-0.505644,-0.221955,-0.603012,1.28853,-0.803114,-0.00288663,-0.962889,-0.906567,-0.025519,0.554723,-0.0693259,-0.315169,0.0617971,0.181962,-0.0993939,-0.214502,0.983179,0.213573,0.144926,-0.0344211,0.545167,0.241812,0.448345,-0.791306,-0.43049,0.747948,-0.011124,-0.0113525,-0.0547546,-0.113319,0.762311,5.97508,1.51791,-10.8988,2.08929,-6.44217,-0.154046,0.931181,-10.7793,-0.574172,2.2995,-6.27335,7.64024,-1.11018,-0.885854,-0.750132,0.762683,-2.0608,-1.02734,-10.7198,8.74458,-0.0586396,5.98158,2.39462,-2.12289,-0.069509,-2.22974,-0.258449,11.7549,29.8315,3.99012,-33.5848,14.9119,0.527908,5.30521,38.9285,-8.28557,35.2304,1.99305,-0.196351,5.2571,-23.0707,9.17824,-11.0502,-1.3146,-2.60983,-5.60448,0.085835,-2.47328,-0.629088,-0.400695,3.31095,3.24354,-0.821349,-0.0548324,-0.0428744,0.762176,0,0,0,0,0,0,0,0,0,0,0,0,0,0,0,0,0,0,0,0,0,0,0,0,0,0,0,0,0,2.55789,2.55789,2.55789,6.3088,6.3088,1.81445,2.55789,2.55789,1.81445,6.3088,6.3088,0.907223,0.907223,1.81445,1.81445,0.907223,0.907223,1.81445,1.81445,0.907223,0.907223,0.907223,0.907223,0.907223,0.907223,1.06814,1.06814,1.06814,1.06814,40.1792,40.1792,40.1792,99.0984,99.0984,28.5012,40.1792,40.1792,28.5012,99.0984,99.0984,14.2506,14.2506,28.5012,28.5012,14.2506,14.2506,28.5012,28.5012,14.2506,14.2506,14.2506,14.2506,14.2506,14.2506,16.7783,16.7783,16.7783,16.7783,0,0,0,0,0,0,0,0,0,0,0,0,0,0,0,0,0,0,0,0,0,0,0,0,0,0,0,0,0,0,0,0,0,0,0,0,0,0,0,0,0,0,0,0,0,0,0,0,0,0,0,0,0,0,0,0,0,0,0,0,0,0,0,0,0,0,0,0,0,0,0,0,0,0,0,0,0,0,0,0,0,0,0,0,0,0,0,0,0,0,0,0,0,0,0,0,0,0,0,0,0,0,0,0,0,0,0,0,0,0,0,0,0,0,0,0,0,-1.31691,-1.32103,-0.35963,-1.67394,1.16728,-0.0341063,0.760799,-1.81694,-0.928444,0.5026,-0.732946,-0.25889,-1.24612,0.0739239,-0.0917218,0.246202,-0.00437026,-0.31853,0.165493,0.200403,0.447554,-0.44977,1.51154,1.16143,0.193585,-2.31558,-2.57326,-0.793485,-1.36369,0.200283,-1.03734,0.588851,-0.362222,0.090615,0.827639,-0.233342,-0.841195,-0.454954,-0.177193,0.10973,0.509377,0.390756,-0.087267,0.258257,-0.113543,-0.407194,-0.0149582,-0.534151,0.533669,0.220429,0.0534787,-0.0019167,0.196287,0.0849022,0.711942,-0.99687,-0.321453,0.605507,-0.0237308,-0.0335083,-0.172513,0.868,-0.96897,0.239253,-0.0620831,0.6,0,0,0.232782,0.133574,3
-15.5126,9.7423,11.8919,-2.25588,1.7868,-0.121308,-1.25854,-1.30674,-0.478188,-15.5126,9.7423,11.8919,-2.25588,1.7868,-0.121308,-1.25854,-1.30674,-0.478188,0.763564,-0.775598,1.11987,-0.0630746,-0.313599,-0.52,-0.506341,-0.27822,0.52,-0.087267,-0.087267,0.595484,-0.25789,0.30323,0.129735,-0.686479,1.09179,0.2618,-0.0335621,0.037191,0.0711263,-0.189445,0.484578,-1.22157,-0.418966,0.639247,-0.047489,0.0191391,-0.213967,0,0,0,0,0,0,0,0,0,0,0,0,0,0,0,0,0,0,0,0,0,0,0,0,0,0,0,0,0,-0.46963,-0.119672,-0.460203,1.10789,-0.840086,-0.0467294,-1.02103,-0.802234,0.0806764,0.413153,-0.0799513,-0.192952,-0.0725907,0.300989,-0.165784,-0.243373,1.00363,0.217455,0.143761,-0.0194258,0.42519,0.280344,0.431192,-0.687615,-0.350856,0.684854,-0.0144785,-0.0305932,-0.077818,3.11625,8.61873,8.7248,-15.5118,-0.118152,-4.56,0.500074,8.28241,7.29232,-4.73435,-0.380864,7.4457,-7.18862,3.82237,-4.288,-1.75028,0.0731451,1.27415,0.312254,0.737814,-3.67623,-2.43809,-0.624713,4.2422,4.15479,-3.31486,-0.174919,-0.62795,-1.2579,-2.33536,-10.961,31.2893,-43.5887,1.47245,-4.38285,35.6553,17.1825,-0.656322,29.2458,1.83114,-0.144868,5.58371,-28.1695,11.0503,-2.93009,-7.33508,-1.79323,-3.10199,-0.494662,0.135911,-0.939004,4.6527,-8.31928,-3.38293,2.20377,0.0311749,0.599102,-0.254719,0,0,0,0,0,0,0,0,0,0,0,0,0,0,0,0,0,0,0,0,0,0,0,0,0,0,0,0,0,2.55789,2.55789,2.55789,6.3088,6.3088,1.81445,2.55789,2.55789,1.81445,6.3088,6.3088,0.907223,0.907223,1.81445,1.81445,0.907223,0.907223,1.81445,1.81445,0.907223,0.907223,0.907223,0.907223,0.907223,0.907223,1.06814,1.06814,1.06814,1.06814,40.1792,40.1792,40.1792,99.0984,99.0984,28.5012,40.1792,40.1792,28.5012,99.0984,99.0984,14.2506,14.2506,28.5012,28.5012,14.2506,14.2506,28.5012,28.5012,14.2506,14.2506,14.2506,14.2506,14.2506,14.2506,16.7783,16.7783,16.7783,16.7783,0,0,0,0,0,0,0,0,0,0,0,0,0,0,0,0,0,0,0,0,0,0,0,0,0,0,0,0,0,0,0,0,0,0,0,0,0,0,0,0,0,0,0,0,0,0,0,0,0,0,0,0,0,0,0,0,0,0,0,0,0,0,0,0,0,0,0,0,0,0,0,0,0,0,0,0,0,0,0,0,0,0,0,0,0,0,0,0,0,0,0,0,0,0,0,0,0,0,0,0,0,0,0,0,0,0,0,0,0,0,0,0,0,0,0,0,0,-1.25854,-1.30674,-0.478188,-2.02126,0.648867,0.29581,2.03337,-2.32929,0.691394,1.00689,-0.955285,-0.588015,-1.44458,0.5268,1.96433,-0.35493,0.0847992,-0.637429,-1.4165,-0.508122,0.162175,0.256898,2.04526,2.37582,-0.431954,-2.87201,-2.0877,-2.59146,0.140881,-0.840916,-1.37697,1.35776,0.763564,-0.775598,1.11987,-0.0630746,-0.313599,-0.52,-0.506341,-0.27822,0.52,-0.087267,-0.087267,0.595484,-0.25789,0.30323,0.129735,-0.686479,1.09179,0.2618,-0.0335621,0.037191,0.0711263,-0.189445,0.484578,-1.22157,-0.418966,0.639247,-0.047489,0.0191391,-0.213967,0.749,-0.96534,0.248374,-0.0801784,0.6,0,0,0.22584,0.124823,3
21.9569,9.37197,1.52105,-1.27961,0.0782691,-0.879433,-1.19819,-1.3114,-0.583213,21.9569,9.37197,1.52105,-1.27961,0.0782691,-0.879433,-1.19819,-1.3114,-0.583213,0.520589,-0.720901,0.0334144,-0.233581,0.174921,-0.232092,-1.09103,0.132307,-0.0105379,-0.0344031,-0.087267,0.583551,-0.291687,0.326759,-0.355519,-0.18472,0.613119,0.2618,0.2618,0.11572,0.144985,-0.0428732,0.346219,-0.335198,0.089734,0.619853,-0.031257,-0.0249152,-0.092056,0,0,0,0,0,0,0,0,0,0,0,0,0,0,0,0,0,0,0,0,0,0,0,0,0,0,0,0,0,-0.315872,0.0307917,-0.186901,0.733896,-0.692806,-0.179107,-0.963088,-0.663977,0.234521,0.274327,-0.0819788,0.0215678,-0.237113,0.390381,-0.282542,-0.263452,0.999005,0.246062,0.134534,-0.000774963,0.344844,0.161931,0.41036,-0.626793,-0.267724,0.639598,-0.0247927,-0.0289338,-0.105198,8.63786,4.33164,14.3748,-15.9059,6.1596,-5.55493,2.6989,4.39666,6.36585,-6.93415,-0.144847,9.99713,-7.37042,3.91428,-4.45855,0.0156038,-0.574799,0.672365,-0.610637,0.676991,-3.60192,-5.79105,-0.291589,1.52634,2.93428,-1.53913,-0.451193,0.327926,-1.15693,22.3871,-44.4179,17.3503,20.928,-1.38829,0.346214,11.6797,3.8224,-3.33149,6.92379,0.313782,-0.787317,6.211,-9.66854,19.8701,-5.9804,1.6938,-0.996553,-3.71495,-0.100252,-0.671385,0.180712,1.50449,-10.0161,-4.95302,1.62344,0.107125,0.461131,-0.61451,0,0,0,0,0,0,0,0,0,0,0,0,0,0,0,0,0,0,0,0,0,0,0,0,0,0,0,0,0,2.55789,2.55789,2.55789,6.3088,6.3088,1.81445,2.55789,2.55789,1.81445,6.3088,6.3088,0.907223,0.907223,1.81445,1.81445,0.907223,0.907223,1.81445,1.81445,0.907223,0.907223,0.907223,0.907223,0.907223,0.907223,1.06814,1.06814,1.06814,1.06814,40.1792,40.1792,40.1792,99.0984,99.0984,28.5012,40.1792,40.1792,28.5012,99.0984,99.0984,14.2506,14.2506,28.5012,28.5012,14.2506,14.2506,28.5012,28.5012,14.2506,14.2506,14.2506,14.2506,14.2506,14.2506,16.7783,16.7783,16.7783,16.7783,0,0,0,0,0,0,0,0,0,0,0,0,0,0,0,0,0,0,0,0,0,0,0,0,0,0,0,0,0,0,0,0,0,0,0,0,0,0,0,0,0,0,0,0,0,0,0,0,0,0,0,0,0,0,0,0,0,0,0,0,0,0,0,0,0,0,0,0,0,0,0,0,0,0,0,0,0,0,0,0,0,0,0,0,0,0,0,0,0,0,0,0,0,0,0,0,0,0,0,0,0,0,0,0,0,0,0,0,0,0,0,0,0,0,0,0,0,-1.19819,-1.3114,-0.583213,-0.877199,0.333393,-0.81062,0.941953,-0.308265,0.745044,0.701911,0.204602,-0.665075,-0.0373634,0.26648,1.52058,-1.42277,0.263854,-0.419552,-1.3166,0.241637,0.33058,-0.334429,0.0610256,-0.0240275,-0.0977552,-1.23564,-2.57394,-2.00593,1.53402,-1.91617,-0.529192,1.33056,0.520589,-0.720901,0.0334144,-0.233581,0.174921,-0.232092,-1.09103,0.132307,-0.0105379,-0.0344031,-0.087267,0.583551,-0.291687,0.326759,-0.355519,-0.18472,0.613119,0.2618,0.2618,0.11572,0.144985,-0.0428732,0.346219,-0.335198,0.089734,0.619853,-0.031257,-0.0249152,-0.092056,0.797,-0.966139,0.240353,-0.0938364,0.6,0,0,0.22584,0.124823,3
12.8812,3.50829,1.42032,-0.150382,-1.22578,-0.876739,-1.24023,-1.3306,-0.551243,12.8812,3.50829,1.42032,-0.150382,-1.22578,-0.876739,-1.24023,-1.3306,-0.551243,-0.944592,0.148115,-0.360068,-0.268476,0.344176,0.17984,-0.426954,-0.254344,0.267648,0.937327,-0.0364751,0.419058,-0.193192,-0.574118,-0.65612,-0.457612,0.592542,0.2618,0.2618,0.100015,0.268229,0.0271536,0.111808,-0.232585,0.260011,0.661218,-0.00783668,-0.0203333,-0.0938026,0,0,0,0,0,0,0,0,0,0,0,0,0,0,0,0,0,0,0,0,0,0,0,0,0,0,0,0,0,-0.170775,0.0299059,-0.0602186,0.471115,-0.486104,-0.209369,-0.943343,-0.603834,0.281414,0.178974,-0.0840847,0.174483,-0.360404,0.443744,-0.326786,-0.255925,0.963505,0.255753,0.148062,0.0246793,0.279804,0.0958661,0.418426,-0.611392,-0.212645,0.619488,-0.027275,-0.0297949,-0.111155,7.3922,-2.56805,1.50105,-13.4383,10.6226,-0.311621,-0.105372,3.38698,0.00971897,-4.05017,-0.0684274,7.35014,-6.81925,2.21731,-1.17792,0.897797,-2.87998,0.742494,1.42268,1.59146,-3.10181,-2.4854,0.815162,0.571008,3.18456,-0.905784,-0.0739105,-0.183304,0.042042,9.05294,-24.7062,-2.30812,14.4211,-1.64799,0.0595408,-6.22885,21.5556,-9.14776,5.15432,0.158443,-0.865041,6.91287,-7.53369,1.63551,0.350585,-2.58974,-1.03096,0.865728,-0.124999,0.972355,0.366874,-1.7013,3.40484,1.4986,0.982286,0.00786163,0.264933,0.313933,0,0,0,0,0,0,0,0,0,0,0,0,0,0,0,0,0,0,0,0,0,0,0,0,0,0,0,0,0,2.55789,2.55789,2.55789,6.3088,6.3088,1.81445,2.55789,2.55789,1.81445,6.3088,6.3088,0.907223,0.907223,1.81445,1.81445,0.907223,0.907223,1.81445,1.81445,0.907223,0.907223,0.907223,0.907223,0.907223,0.907223,1.06814,1.06814,1.06814,1.06814,40.1792,40.1792,40.1792,99.0984,99.0984,28.5012,40.1792,40.1792,28.5012,99.0984,99.0984,14.2506,14.2506,28.5012,28.5012,14.2506,14.2506,28.5012,28.5012,14.2506,14.2506,14.2506,14.2506,14.2506,14.2506,16.7783,16.7783,16.7783,16.7783,0,0,0,0,0,0,0,0,0,0,0,0,0,0,0,0,0,0,0,0,0,0,0,0,0,0,0,0,0,0,0,0,0,0,0,0,0,0,0,0,0,0,0,0,0,0,0,0,0,0,0,0,0,0,0,0,0,0,0,0,0,0,0,0,0,0,0,0,0,0,0,0,0,0,0,0,0,0,0,0,0,0,0,0,0,0,0,0,0,0,0,0,0,0,0,0,0,0,0,0,0,0,0,0,0,0,0,0,0,0,0,0,0,0,0,0,0,-1.24023,-1.3306,-0.551243,-1.49942,-0.201086,-1.49602,0.895034,-0.0742981,-1.30905,0.672143,0.592851,-0.440498,-0.632353,0.821708,-1.15532,-0.209944,0.228045,-0.105189,0.270506,-0.464517,0.611588,-0.272927,-0.657603,0.610265,0.0619128,-1.25908,-2.67345,0.765202,2.01669,0.931168,0.410052,0.955493,-0.944592,0.148115,-0.360068,-0.268476,0.344176,0.17984,-0.426954,-0.254344,0.267648,0.937327,-0.0364751,0.419058,-0.193192,-0.574118,-0.65612,-0.457612,0.592542,0.2618,0.2618,0.100015,0.268229,0.0271536,0.111808,-0.232585,0.260011,0.661218,-0.00783668,-0.0203333,-0.0938026,0.93,-0.971291,0.225015,-0.0772149,0.6,0,0,0.249269,0.135351,3
2.98856,4.0589,-1.95791,0.987153,-0.549964,0.26868,-1.30496,-1.34007,-0.473313,2.98856,4.0589,-1.95791,0.987153,-0.549964,0.26868,-1.30496,-1.34007,-0.473313,-1.4277,0.604591,-1.4826,-0.431119,-0.120083,0.2143,-0.431134,-0.460115,0.271491,1.30775,-0.087267,0.231456,0.0164083,-0.51794,-0.70136,-0.394795,0.596414,0.220302,0.2618,0.0318773,0.177944,-0.00798307,-0.20567,-0.575372,0.0865019,0.613055,-0.00944199,-0.00682219,-0.0764945,0,0,0,0,0,0,0,0,0,0,0,0,0,0,0,0,0,0,0,0,0,0,0,0,0,0,0,0,0,-0.106225,0.0155267,-0.120407,0.28302,-0.263425,-0.121823,-0.952031,-0.522784,0.280241,0.261566,-0.0796897,0.265866,-0.434017,0.426333,-0.309939,-0.254168,0.882107,0.263468,0.179472,0.0475818,0.259513,0.0707869,0.448586,-0.607378,-0.146178,0.614522,-0.0225172,-0.0355083,-0.114406,0.725155,1.51536,-4.56622,-7.21046,9.85431,5.04917,0.496165,4.09849,-0.178838,8.27482,0.529378,3.0415,-1.1048,-3.11401,1.75669,-0.343348,-4.57792,0.355039,1.46846,0.92023,-0.0450381,-0.715651,1.71014,0.127396,3.35041,0.324634,0.261683,-0.1967,-0.137548,-36.4164,2.75718,1.5963,-8.87962,-1.94681,-0.543696,20.6919,0.481832,-0.183568,18.587,1.24907,-0.660686,4.82601,-23.7253,-12.8212,-2.6322,-0.116708,-0.663703,-0.311354,-0.0895546,0.242666,0.0616398,-6.31351,5.25299,2.83202,0.568167,-0.0354579,0.500125,0.513485,0,0,0,0,0,0,0,0,0,0,0,0,0,0,0,0,0,0,0,0,0,0,0,0,0,0,0,0,0,2.55789,2.55789,2.55789,6.3088,6.3088,1.81445,2.55789,2.55789,1.81445,6.3088,6.3088,0.907223,0.907223,1.81445,1.81445,0.907223,0.907223,1.81445,1.81445,0.907223,0.907223,0.907223,0.907223,0.907223,0.907223,1.06814,1.06814,1.06814,1.06814,40.1792,40.1792,40.1792,99.0984,99.0984,28.5012,40.1792,40.1792,28.5012,99.0984,99.0984,14.2506,14.2506,28.5012,28.5012,14.2506,14.2506,28.5012,28.5012,14.2506,14.2506,14.2506,14.2506,14.2506,14.2506,16.7783,16.7783,16.7783,16.7783,0,0,0,0,0,0,0,0,0,0,0,0,0,0,0,0,0,0,0,0,0,0,0,0,0,0,0,0,0,0,0,0,0,0,0,0,0,0,0,0,0,0,0,0,0,0,0,0,0,0,0,0,0,0,0,0,0,0,0,0,0,0,0,0,0,0,0,0,0,0,0,0,0,0,0,0,0,0,0,0,0,0,0,0,0,0,0,0,0,0,0,0,0,0,0,0,0,0,0,0,0,0,0,0,0,0,0,0,0,0,0,0,0,0,0,0,0,-1.30496,-1.34007,-0.473313,-1.35619,-0.924967,-1.59917,0.903864,-0.855884,-1.18096,0.50231,0.197233,0.0374125,-0.629691,0.175233,-2.03763,-0.217577,0.0726833,-0.126737,1.10418,-0.840321,0.405731,-0.0915719,-2.70771,0.619027,-0.0182022,-1.02676,-3.13727,1.82155,0.692741,0.0271759,0.488625,0.527743,-1.4277,0.604591,-1.4826,-0.431119,-0.120083,0.2143,-0.431134,-0.460115,0.271491,1.30775,-0.087267,0.231456,0.0164083,-0.51794,-0.70136,-0.394795,0.596414,0.220302,0.2618,0.0318773,0.177944,-0.00798307,-0.20567,-0.575372,0.0865019,0.613055,-0.00944199,-0.00682219,-0.0764945,0.739,-0.9735,0.220654,-0.0600794,0.6,0,0,0.249269,0.135351,3
10.2407,-1.84527,-7.44942,1.54206,0.729892,0.754391,-1.28829,-1.32942,-0.46327,10.2407,-1.84527,-7.44942,1.54206,0.729892,0.754391,-1.28829,-1.32942,-0.46327,-1.48535,1.23063,-1.97365,-0.5236,-1.212,0.182444,-0.749589,-0.264975,0.473589,1.59216,-0.087267,0.0753367,0.260179,-0.51131,-0.698675,-0.536915,1.00682,0.136589,0.2618,-0.0213806,0.123434,-0.233936,-0.376627,-1.67357,-0.441842,0.569512,-0.035182,-0.00704586,-0.0858521,0,0,0,0,0,0,0,0,0,0,0,0,0,0,0,0,0,0,0,0,0,0,0,0,0,0,0,0,0,-0.147046,0.0662784,-0.391214,0.150216,-0.212586,-0.0305866,-0.916783,-0.458877,0.250085,0.489692,-0.0832086,0.277152,-0.374476,0.319719,-0.249577,-0.25893,0.794701,0.263097,0.206893,0.0484027,0.245295,0.0548525,0.471888,-0.603084,-0.0908591,0.636706,-0.0187967,-0.0292256,-0.107589,-4.11746,4.25812,-16.5998,-6.79228,1.69951,4.00626,3.06894,2.65671,-2.6742,12.3943,-0.031944,-0.305292,5.66822,-7.01679,3.28846,-0.334698,-4.02542,-0.352244,1.08042,-0.234523,-0.918498,-0.864501,0.592161,0.252665,2.35037,1.49337,0.171911,0.598463,0.436082,-43.021,12.1891,-2.38086,-16.4228,-1.74873,-0.31744,11.9138,-6.81786,4.91622,5.25702,-0.157689,-0.430334,1.05015,-11.8715,-18.2019,-1.56034,0.864492,-0.73351,-0.603285,-0.049623,-0.134163,-0.142748,-10.1849,0.187356,0.421928,-1.95386,-0.0254315,-0.213171,0.0637399,0,0,0,0,0,0,0,0,0,0,0,0,0,0,0,0,0,0,0,0,0,0,0,0,0,0,0,0,0,2.55789,2.55789,2.55789,6.3088,6.3088,1.81445,2.55789,2.55789,1.81445,6.3088,6.3088,0.907223,0.907223,1.81445,1.81445,0.907223,0.907223,1.81445,1.81445,0.907223,0.907223,0.907223,0.907223,0.907223,0.907223,1.06814,1.06814,1.06814,1.06814,40.1792,40.1792,40.1792,99.0984,99.0984,28.5012,40.1792,40.1792,28.5012,99.0984,99.0984,14.2506,14.2506,28.5012,28.5012,14.2506,14.2506,28.5012,28.5012,14.2506,14.2506,14.2506,14.2506,14.2506,14.2506,16.7783,16.7783,16.7783,16.7783,0,0,0,0,0,0,0,0,0,0,0,0,0,0,0,0,0,0,0,0,0,0,0,0,0,0,0,0,0,0,0,0,0,0,0,0,0,0,0,0,0,0,0,0,0,0,0,0,0,0,0,0,0,0,0,0,0,0,0,0,0,0,0,0,0,0,0,0,0,0,0,0,0,0,0,0,0,0,0,0,0,0,0,0,0,0,0,0,0,0,0,0,0,0,0,0,0,0,0,0,0,0,0,0,0,0,0,0,0,0,0,0,0,0,0,0,0,-1.28829,-1.32942,-0.46327,-1.68024,-1.31477,-1.59305,1.83963,-3.35989,-1.16584,0.311438,-1.00744,0.593234,-0.0689323,-0.409229,-2.14292,-0.799181,-0.0487499,-0.472236,2.24754,-0.483931,0.281442,-0.0945742,-3.60453,1.07983,-0.533397,-1.15236,-4.78349,2.63261,-2.42113,-2.65901,0.415992,0.171775,-1.48535,1.23063,-1.97365,-0.5236,-1.212,0.182444,-0.749589,-0.264975,0.473589,1.59216,-0.087267,0.0753367,0.260179,-0.51131,-0.698675,-0.536915,1.00682,0.136589,0.2618,-0.0213806,0.123434,-0.233936,-0.376627,-1.67357,-0.441842,0.569512,-0.035182,-0.00704586,-0.0858521,0.735,-0.971011,0.229561,-0.066634,0.6,0,0,0.222968,0.126219,3
84.5029,14.1944,18.1717,2.42729,0.657491,0.524259,-1.17645,-1.3061,-0.538575,84.5029,14.1944,18.1717,2.42729,0.657491,0.524259,-1.17645,-1.3061,-0.538575,-0.443402,0.66236,-0.308841,-0.5236,-1.58131,-0.199003,-0.204906,0.522528,0.52,1.36009,-0.087267,0.159135,0.189067,-0.521936,-0.173276,-0.619201,1.5882,0.2618,0.2618,0.0538142,0.653895,-0.29662,0.42685,-1.83625,-0.748345,0.616193,-0.0305602,0.0632779,-0.254477,0,0,0,0,0,0,0,0,0,0,0,0,0,0,0,0,0,0,0,0,0,0,0,0,0,0,0,0,0,-0.285375,0.197987,-0.757293,-0.00360568,-0.447034,0.0295689,-0.862315,-0.372506,0.195554,0.765874,-0.0830444,0.243064,-0.234298,0.138819,-0.171582,-0.256385,0.748504,0.231267,0.226679,0.0325763,0.217968,-0.00561911,0.481699,-0.616047,-0.071682,0.658524,-0.0224258,-0.0161287,-0.0903584,-7.66651,7.79857,-17.7595,-9.15221,-12.2945,2.77037,2.13116,5.75798,-2.8484,13.6478,0.0791291,-2.19933,6.15838,-10.201,4.72672,1.5674,-1.67142,-2.16662,1.04273,-0.934289,-1.63112,-3.76296,0.618056,-1.79129,0.287005,1.44097,-0.253184,0.614491,0.904305,-28.1791,22.2634,-3.54488,2.39486,2.06274,-0.487715,-1.46505,-9.20051,13.1133,-3.38203,-0.928035,-0.458181,0.935929,-0.570401,-22.3377,-4.74483,5.01234,0.997532,-0.609116,0.0690401,0.067399,0.0613654,-12.6303,-13.7595,-5.53441,-2.61847,0.0439996,-0.450908,-0.860018,0,0,0,0,0,0,0,0,0,0,0,0,0,0,0,0,0,0,0,0,0,0,0,0,0,0,0,0,0,2.55789,2.55789,2.55789,6.3088,6.3088,1.81445,2.55789,2.55789,1.81445,6.3088,6.3088,0.907223,0.907223,1.81445,1.81445,0.907223,0.907223,1.81445,1.81445,0.907223,0.907223,0.907223,0.907223,0.907223,0.907223,1.06814,1.06814,1.06814,1.06814,40.1792,40.1792,40.1792,99.0984,99.0984,28.5012,40.1792,40.1792,28.5012,99.0984,99.0984,14.2506,14.2506,28.5012,28.5012,14.2506,14.2506,28.5012,28.5012,14.2506,14.2506,14.2506,14.2506,14.2506,14.2506,16.7783,16.7783,16.7783,16.7783,0,0,0,0,0,0,0,0,0,0,0,0,0,0,0,0,0,0,0,0,0,0,0,0,0,0,0,0,0,0,0,0,0,0,0,0,0,0,0,0,0,0,0,0,0,0,0,0,0,0,0,0,0,0,0,0,0,0,0,0,0,0,0,0,0,0,0,0,0,0,0,0,0,0,0,0,0,0,0,0,0,0,0,0,0,0,0,0,0,0,0,0,0,0,0,0,0,0,0,0,0,0,0,0,0,0,0,0,0,0,0,0,0,0,0,0,0,-1.17645,-1.3061,-0.538575,-1.86786,0.517241,-0.395087,3.34592,-3.73082,-1.19007,0.739284,-1.7063,0.431092,-0.212762,0.217352,-0.239983,0.195588,0.122702,-0.410199,1.20969,0.954308,1.49094,0.849358,-0.564045,2.19878,-0.676323,-3.41576,-5.5043,1.97083,-3.47433,-1.76512,-0.453746,0.362843,-0.443402,0.66236,-0.308841,-0.5236,-1.58131,-0.199003,-0.204906,0.522528,0.52,1.36009,-0.087267,0.159135,0.189067,-0.521936,-0.173276,-0.619201,1.5882,0.2618,0.2618,0.0538142,0.653895,-0.29662,0.42685,-1.83625,-0.748345,0.616193,-0.0305602,0.0632779,-0.254477,0.714,-0.965173,0.241533,-0.100514,0.6,0,0,0.235965,0.130405,3
-1.85274,-3.33577,4.66518,2.50561,0.429836,-0.825965,-1.09572,-1.3093,-0.569744,-1.85274,-3.33577,4.66518,2.50561,0.429836,-0.825965,-1.09572,-1.3093,-0.569744,0.103631,1.16207,-1.33299,-0.5236,-1.1099,-0.52,-0.519422,0.707719,0.52,0.572163,-0.087267,-0.12094,0.106985,-0.0605669,-0.229825,-0.435164,1.55223,0.259374,0.2618,-0.0125075,0.576723,0.183945,0.433156,-1.04266,-0.468075,0.622412,-0.016167,0.00512236,-0.158693,0,0,0,0,0,0,0,0,0,0,0,0,0,0,0,0,0,0,0,0,0,0,0,0,0,0,0,0,0,-0.387855,0.373543,-0.780665,-0.145104,-0.750753,-0.0154549,-0.75705,-0.201798,0.19503,0.966587,-0.0806533,0.217639,-0.165163,-0.060264,-0.136673,-0.205438,0.738109,0.192489,0.237808,0.0290022,0.285477,-0.0918488,0.484202,-0.656213,-0.108888,0.676528,-0.0259833,0.0104104,-0.106369,-3.87091,7.38025,5.68461,-2.498,-13.5212,-3.08172,7.29165,9.75741,1.77604,7.78789,0.0561481,-0.810538,2.77837,-9.32856,-0.67032,2.50212,0.637327,-1.83292,0.84155,-0.052378,5.74293,-4.23685,-0.272608,-2.29959,-3.3,0.311552,-0.0726093,1.34487,-1.46083,7.84604,-7.77554,5.99156,-16.557,3.3091,0.397208,4.808,5.20467,6.58884,-10.7172,-1.04305,-0.0869435,2.64698,3.57506,-0.58439,-8.13335,11.7829,5.26082,-0.574333,0.383209,0.307417,0.88297,-0.654272,-14.9062,-6.36894,-1.43619,0.0174654,-0.5647,-1.00449,0,0,0,0,0,0,0,0,0,0,0,0,0,0,0,0,0,0,0,0,0,0,0,0,0,0,0,0,0,2.55789,2.55789,2.55789,6.3088,6.3088,1.81445,2.55789,2.55789,1.81445,6.3088,6.3088,0.907223,0.907223,1.81445,1.81445,0.907223,0.907223,1.81445,1.81445,0.907223,0.907223,0.907223,0.907223,0.907223,0.907223,1.06814,1.06814,1.06814,1.06814,40.1792,40.1792,40.1792,99.0984,99.0984,28.5012,40.1792,40.1792,28.5012,99.0984,99.0984,14.2506,14.2506,28.5012,28.5012,14.2506,14.2506,28.5012,28.5012,14.2506,14.2506,14.2506,14.2506,14.2506,14.2506,16.7783,16.7783,16.7783,16.7783,0,0,0,0,0,0,0,0,0,0,0,0,0,0,0,0,0,0,0,0,0,0,0,0,0,0,0,0,0,0,0,0,0,0,0,0,0,0,0,0,0,0,0,0,0,0,0,0,0,0,0,0,0,0,0,0,0,0,0,0,0,0,0,0,0,0,0,0,0,0,0,0,0,0,0,0,0,0,0,0,0,0,0,0,0,0,0,0,0,0,0,0,0,0,0,0,0,0,0,0,0,0,0,0,0,0,0,0,0,0,0,0,0,0,0,0,0,-1.09572,-1.3093,-0.569744,-1.44824,0.531619,-0.524024,3.08322,-1.92135,-0.138099,0.591398,-1.06726,0.243936,-0.749278,0.300822,0.759079,-0.378821,-0.0285183,-0.217004,2.12232,1.29253,1.31499,0.0687557,-2.43447,1.44649,0.419412,-2.13008,-5.58157,-0.276156,-2.12999,-0.863347,-2.72562,-0.275754,0.103631,1.16207,-1.33299,-0.5236,-1.1099,-0.52,-0.519422,0.707719,0.52,0.572163,-0.087267,-0.12094,0.106985,-0.0605669,-0.229825,-0.435164,1.55223,0.259374,0.2618,-0.0125075,0.576723,0.183945,0.433156,-1.04266,-0.468075,0.622412,-0.016167,0.00512236,-0.158693,0.693,-0.966004,0.229898,-0.118253,0.6,0,0,0.235965,0.130405,3
9.64752,-14.2763,-0.870796,1.53948,0.540911,-1.86803,-0.948347,-1.32692,-0.67807,9.64752,-14.2763,-0.870796,1.53948,0.540911,-1.86803,-0.948347,-1.32692,-0.67807,0.183668,1.2379,-0.617198,-0.5236,-0.9495,-0.52,-0.578289,-0.0899164,0.237534,0.810133,-0.087267,-0.220907,0.0309759,-0.238978,-0.189685,-0.137345,0.945986,0.0632685,0.260272,0.0620266,0.609962,0.176451,0.625459,-0.604687,-0.333895,0.595479,0.00990251,-0.00939019,-0.0994961,0,0,0,0,0,0,0,0,0,0,0,0,0,0,0,0,0,0,0,0,0,0,0,0,0,0,0,0,0,-0.410639,0.497041,-0.849387,-0.14762,-0.858274,-0.13409,-0.575536,0.0213303,0.255591,0.988226,-0.0746542,0.151186,-0.116744,-0.230699,-0.185412,-0.150206,0.776332,0.160365,0.255191,0.00941448,0.380745,-0.0729358,0.459276,-0.702643,-0.179016,0.683585,-0.023661,0.0202181,-0.120228,0.650873,5.68284,-7.17213,0.768803,-4.08139,-6.24221,8.96304,11.7618,4.6684,-2.62408,0.0829864,-4.45254,1.70616,-6.96197,-2.81519,2.95305,3.05967,-1.18461,0.831136,-1.02569,4.05726,3.18542,-1.75788,-2.01849,-3.23598,0.246582,0.14146,0.178622,-0.414904,19.7992,12.4607,-1.9641,-41.4505,0.890687,0.250816,-20.5112,-1.64481,-0.0103774,-27.8165,-1.97661,-0.00741083,1.5152,17.9023,3.82639,-6.63544,8.59539,5.13268,-1.24208,0.637795,-0.879671,0.912432,1.12841,-2.98179,-1.19253,-1.32605,-0.0253792,-0.465649,-0.199449,0,0,0,0,0,0,0,0,0,0,0,0,0,0,0,0,0,0,0,0,0,0,0,0,0,0,0,0,0,2.55789,2.55789,2.55789,6.3088,6.3088,1.81445,2.55789,2.55789,1.81445,6.3088,6.3088,0.907223,0.907223,1.81445,1.81445,0.907223,0.907223,1.81445,1.81445,0.907223,0.907223,0.907223,0.907223,0.907223,0.907223,1.06814,1.06814,1.06814,1.06814,40.1792,40.1792,40.1792,99.0984,99.0984,28.5012,40.1792,40.1792,28.5012,99.0984,99.0984,14.2506,14.2506,28.5012,28.5012,14.2506,14.2506,28.5012,28.5012,14.2506,14.2506,14.2506,14.2506,14.2506,14.2506,16.7783,16.7783,16.7783,16.7783,0,0,0,0,0,0,0,0,0,0,0,0,0,0,0,0,0,0,0,0,0,0,0,0,0,0,0,0,0,0,0,0,0,0,0,0,0,0,0,0,0,0,0,0,0,0,0,0,0,0,0,0,0,0,0,0,0,0,0,0,0,0,0,0,0,0,0,0,0,0,0,0,0,0,0,0,0,0,0,0,0,0,0,0,0,0,0,0,0,0,0,0,0,0,0,0,0,0,0,0,0,0,0,0,0,0,0,0,0,0,0,0,0,0,0,0,0,-0.948347,-1.32692,-0.67807,-0.76918,0.970089,-0.432501,1.70092,-0.922726,-0.544894,0.144259,-0.761314,0.0706282,-0.774613,-0.0606783,0.905252,-0.486332,0.141427,0.132918,2.2608,-0.164217,1.39078,-0.126041,-1.12721,0.541602,0.402325,-1.3355,-4.76622,0.402478,-1.67255,-0.551901,-2.16269,-0.50369,0.183668,1.2379,-0.617198,-0.5236,-0.9495,-0.52,-0.578289,-0.0899164,0.237534,0.810133,-0.087267,-0.220907,0.0309759,-0.238978,-0.189685,-0.137345,0.945986,0.0632685,0.260272,0.0620266,0.609962,0.176451,0.625459,-0.604687,-0.333895,0.595479,0.00990251,-0.00939019,-0.0994961,0.888,-0.970409,0.196181,-0.140782,0.6,0,0,0.278854,0.149733,3
11.4858,-10.4687,0.91037,0.212519,-0.997258,-0.951953,-0.906006,-1.35147,-0.707425,11.4858,-10.4687,0.91037,0.212519,-0.997258,-0.951953,-0.906006,-1.35147,-0.707425,-0.305553,0.610785,-0.445562,-0.5236,-1.41598,-0.52,-0.350552,0.57327,0.234342,0.936412,-0.087267,-0.0816457,0.0192007,-0.464607,-0.449291,-0.0253421,0.884833,0.0702959,0.2618,0.0677476,0.859481,0.314582,0.769276,-0.61347,-0.230167,0.600043,0.0137707,-0.0201343,-0.124796,0,0,0,0,0,0,0,0,0,0,0,0,0,0,0,0,0,0,0,0,0,0,0,0,0,0,0,0,0,-0.382718,0.597411,-0.841331,-0.130952,-0.880107,-0.242759,-0.454154,0.183546,0.31905,0.951093,-0.0771458,0.0467181,-0.131384,-0.302066,-0.198675,-0.100088,0.846685,0.127633,0.273567,0.0148931,0.455875,-0.0107769,0.459747,-0.712833,-0.243431,0.670457,-0.0153544,0.0170208,-0.120287,2.49606,4.53816,3.60012,0.76867,-0.351686,-4.58665,4.68164,5.09905,0.971225,-1.48844,-0.114808,-5.12581,-1.9051,-1.65037,0.28286,2.47069,3.46054,-1.22673,0.706114,0.64293,3.36728,2.90602,0.827483,0.164591,-2.6571,-1.07928,0.435081,-0.33819,0.149045,17.2872,14.266,0.507725,-43.7717,-4.26929,0.466783,-17.0913,-25.0469,-4.90253,-4.82433,-0.286097,0.812528,3.83894,5.23588,0.0188387,-2.68314,-1.65575,0.570063,-1.69387,0.116498,-0.865394,0.066082,1.72085,1.47094,1.19407,-0.180978,-0.0420917,-0.116509,0.206582,0,0,0,0,0,0,0,0,0,0,0,0,0,0,0,0,0,0,0,0,0,0,0,0,0,0,0,0,0,2.55789,2.55789,2.55789,6.3088,6.3088,1.81445,2.55789,2.55789,1.81445,6.3088,6.3088,0.907223,0.907223,1.81445,1.81445,0.907223,0.907223,1.81445,1.81445,0.907223,0.907223,0.907223,0.907223,0.907223,0.907223,1.06814,1.06814,1.06814,1.06814,40.1792,40.1792,40.1792,99.0984,99.0984,28.5012,40.1792,40.1792,28.5012,99.0984,99.0984,14.2506,14.2506,28.5012,28.5012,14.2506,14.2506,28.5012,28.5012,14.2506,14.2506,14.2506,14.2506,14.2506,14.2506,16.7783,16.7783,16.7783,16.7783,0,0,0,0,0,0,0,0,0,0,0,0,0,0,0,0,0,0,0,0,0,0,0,0,0,0,0,0,0,0,0,0,0,0,0,0,0,0,0,0,0,0,0,0,0,0,0,0,0,0,0,0,0,0,0,0,0,0,0,0,0,0,0,0,0,0,0,0,0,0,0,0,0,0,0,0,0,0,0,0,0,0,0,0,0,0,0,0,0,0,0,0,0,0,0,0,0,0,0,0,0,0,0,0,0,0,0,0,0,0,0,0,0,0,0,0,0,-0.906006,-1.35147,-0.707425,-0.513802,1.29801,-1.02443,1.56149,-0.942753,-1.05935,0.160282,-0.524805,0.0437795,-0.312335,0.000581156,0.0117739,-0.0704081,0.154471,0.184839,1.11549,1.04698,1.9597,-0.270255,-0.813743,0.534322,0.717278,-1.67509,-5.21063,0.762593,-3.00283,-0.907769,-2.03245,-0.18616,-0.305553,0.610785,-0.445562,-0.5236,-1.41598,-0.52,-0.350552,0.57327,0.234342,0.936412,-0.087267,-0.0816457,0.0192007,-0.464607,-0.449291,-0.0253421,0.884833,0.0702959,0.2618,0.0677476,0.859481,0.314582,0.769276,-0.61347,-0.230167,0.600043,0.0137707,-0.0201343,-0.124796,0.7,-0.976043,0.171243,-0.134222,0.6,0,0,0.278854,0.149733,3
8.9904,-2.25612,0.64877,0.115787,-1.09724,-0.901561,-0.934177,-1.3794,-0.67647,8.9904,-2.25612,0.64877,0.115787,-1.09724,-0.901561,-0.934177,-1.3794,-0.67647,-0.111326,0.984912,0.130454,-0.5236,-0.663817,-0.52,-0.0850991,0.239695,0.0981215,0.602224,-0.087267,-0.228158,0.0268882,-0.011659,-0.445716,-0.134609,0.671088,0.038587,0.2618,0.0255427,0.587942,-0.206145,0.525186,-0.872083,-0.456215,0.618666,0.00289318,0.0494229,-0.153371,0,0,0,0,0,0,0,0,0,0,0,0,0,0,0,0,0,0,0,0,0,0,0,0,0,0,0,0,0,-0.346884,0.673736,-0.749226,-0.117833,-0.904969,-0.293265,-0.379017,0.261373,0.322665,0.936834,-0.0801641,-0.0113512,-0.164683,-0.322315,-0.17824,-0.0454544,0.907565,0.116506,0.274996,0.0280551,0.555644,0.0695412,0.493936,-0.71265,-0.268602,0.63936,-0.00688346,0.00508715,-0.124569,0.956036,3.17123,4.59924,0.541075,-1.53586,-0.590459,3.17655,3.2866,-0.170249,-0.252178,-0.115414,-1.6717,-1.24991,-0.75473,1.54132,2.90446,2.68865,-0.140287,0.071362,0.742913,5.28343,4.1708,2.34487,-0.118429,-0.513383,-1.75665,0.351523,-0.743906,-0.227805,-1.10346,-10.7398,0.531924,-43.6992,-41.1089,-4.96109,-6.96784,4.0933,-2.34659,1.84924,0.0434243,0.603989,3.80815,-2.64749,-10.2707,-2.22695,-2.74602,-0.947958,-0.418343,-0.0768369,-0.391447,-0.241305,1.95728,1.50691,1.08602,1.1603,-0.0358824,0.332107,0.25687,0,0,0,0,0,0,0,0,0,0,0,0,0,0,0,0,0,0,0,0,0,0,0,0,0,0,0,0,0,2.55789,2.55789,2.55789,6.3088,6.3088,1.81445,2.55789,2.55789,1.81445,6.3088,6.3088,0.907223,0.907223,1.81445,1.81445,0.907223,0.907223,1.81445,1.81445,0.907223,0.907223,0.907223,0.907223,0.907223,0.907223,1.06814,1.06814,1.06814,1.06814,40.1792,40.1792,40.1792,99.0984,99.0984,28.5012,40.1792,40.1792,28.5012,99.0984,99.0984,14.2506,14.2506,28.5012,28.5012,14.2506,14.2506,28.5012,28.5012,14.2506,14.2506,14.2506,14.2506,14.2506,14.2506,16.7783,16.7783,16.7783,16.7783,0,0,0,0,0,0,0,0,0,0,0,0,0,0,0,0,0,0,0,0,0,0,0,0,0,0,0,0,0,0,0,0,0,0,0,0,0,0,0,0,0,0,0,0,0,0,0,0,0,0,0,0,0,0,0,0,0,0,0,0,0,0,0,0,0,0,0,0,0,0,0,0,0,0,0,0,0,0,0,0,0,0,0,0,0,0,0,0,0,0,0,0,0,0,0,0,0,0,0,0,0,0,0,0,0,0,0,0,0,0,0,0,0,0,0,0,0,-0.934177,-1.3794,-0.67647,-0.762942,0.741457,-1.01628,1.07413,-1.53242,-0.0265836,0.0879821,-1.04021,0.0613078,-0.158785,0.250548,0.366497,0.414396,0.0582398,0.0388342,1.79877,0.437762,1.34057,0.663386,0.238252,0.223727,-0.47003,-2.05864,-3.85945,-0.19043,-0.857855,0.304546,-2.08431,-0.520224,-0.111326,0.984912,0.130454,-0.5236,-0.663817,-0.52,-0.0850991,0.239695,0.0981215,0.602224,-0.087267,-0.228158,0.0268882,-0.011659,-0.445716,-0.134609,0.671088,0.038587,0.2618,0.0255427,0.587942,-0.206145,0.525186,-0.872083,-0.456215,0.618666,0.00289318,0.0494229,-0.153371,0.664,-0.981739,0.152967,-0.113088,0.6,0,0,0.289059,0.160081,3
8.73918,-1.96412,-0.100167,-0.147963,-0.63681,0.079047,-0.997389,-1.39287,-0.614017,8.73918,-1.96412,-0.100167,-0.147963,-0.63681,0.079047,-0.997389,-1.39287,-0.614017,0.0969698,0.32382,0.575239,0.822725,0.501032,-0.52,-0.546139,-1.06793,0.268078,-0.087267,0.0132752,-0.557223,-0.0477835,0.5236,-0.655658,-0.138425,0.601253,0.131527,0.2618,0.0070203,0.496929,-0.522445,0.0560437,-0.672914,-0.442848,0.622525,-0.00517248,0.0908498,-0.136565,0,0,0,0,0,0,0,0,0,0,0,0,0,0,0,0,0,0,0,0,0,0,0,0,0,0,0,0,0,-0.316035,0.742467,-0.551943,-0.110597,-0.844455,-0.292529,-0.29336,0.294952,0.296247,0.88297,-0.0804275,-0.0634513,-0.201007,-0.329762,-0.154771,-0.0154496,0.942344,0.126315,0.292607,0.0413137,0.602395,0.0444986,0.502569,-0.716664,-0.287929,0.669631,-0.00372624,0.0192962,-0.128328,2.13516,3.29616,11.4925,0.263202,2.91408,0.259851,4.89506,0.411667,-2.25197,-4.06314,-0.0813788,-2.87495,-1.93901,-0.0906021,0.879986,0.112567,0.809926,0.91003,1.56506,0.363981,1.23625,-3.54979,-0.239835,-0.230424,-1.44149,2.2081,0.146894,1.39685,-0.251465,3.1641,1.29393,-1.34146,-42.6356,-0.487883,-6.90831,-3.68084,-3.83456,-1.984,-3.70392,-0.236986,0.22202,4.98117,9.36515,-9.91702,-1.98562,-4.70783,-4.08531,-3.59758,-0.587941,-1.3332,-0.47954,0.469274,-2.01397,-1.20739,-3.15964,-0.0393417,-0.920981,-0.170765,0,0,0,0,0,0,0,0,0,0,0,0,0,0,0,0,0,0,0,0,0,0,0,0,0,0,0,0,0,2.55789,2.55789,2.55789,6.3088,6.3088,1.81445,2.55789,2.55789,1.81445,6.3088,6.3088,0.907223,0.907223,1.81445,1.81445,0.907223,0.907223,1.81445,1.81445,0.907223,0.907223,0.907223,0.907223,0.907223,0.907223,1.06814,1.06814,1.06814,1.06814,40.1792,40.1792,40.1792,99.0984,99.0984,28.5012,40.1792,40.1792,28.5012,99.0984,99.0984,14.2506,14.2506,28.5012,28.5012,14.2506,14.2506,28.5012,28.5012,14.2506,14.2506,14.2506,14.2506,14.2506,14.2506,16.7783,16.7783,16.7783,16.7783,0,0,0,0,0,0,0,0,0,0,0,0,0,0,0,0,0,0,0,0,0,0,0,0,0,0,0,0,0,0,0,0,0,0,0,0,0,0,0,0,0,0,0,0,0,0,0,0,0,0,0,0,0,0,0,0,0,0,0,0,0,0,0,0,0,0,0,0,0,0,0,0,0,0,0,0,0,0,0,0,0,0,0,0,0,0,0,0,0,0,0,0,0,0,0,0,0,0,0,0,0,0,0,0,0,0,0,0,0,0,0,0,0,0,0,0,0,-0.997389,-1.39287,-0.614017,-0.771643,-0.328235,-1.49497,0.914898,-1.07829,1.58643,0.299894,-1.00974,-0.108951,0.138866,0.302341,0.746913,-0.427614,0.016007,-0.0694284,0.591402,-1.95039,1.13305,1.21945,1.05058,0.611245,-1.19123,-1.83306,0.438384,-2.8522,2.46401,1.07304,-2.07804,-1.27052,0.0969698,0.32382,0.575239,0.822725,0.501032,-0.52,-0.546139,-1.06793,0.268078,-0.087267,0.0132752,-0.557223,-0.0477835,0.5236,-0.655658,-0.138425,0.601253,0.131527,0.2618,0.0070203,0.496929,-0.522445,0.0560437,-0.672914,-0.442848,0.622525,-0.00517248,0.0908498,-0.136565,0.643,-0.984212,0.148683,-0.0960171,0.6,0,0,0.252748,0.147336,3
14.3714,-18.4706,-3.2473,-0.754196,-0.350937,-1.03013,-1.01555,-1.40833,-0.603677,14.3714,-18.4706,-3.2473,-0.754196,-0.350937,-1.03013,-1.01555,-1.40833,-0.603677,-0.0202241,0.0229068,-0.745185,1.90508,0.5236,-0.146746,-1.58435,-2.54315,0.52,-0.087267,-0.087267,-0.821404,-0.0819709,0.5236,-0.872378,-0.0145528,-0.0568832,-0.0151797,0.2618,0.177238,0.293632,-0.493392,-0.101176,-0.354045,-0.240047,0.583862,-0.00870896,0.0369192,-0.0452917,0,0,0,0,0,0,0,0,0,0,0,0,0,0,0,0,0,0,0,0,0,0,0,0,0,0,0,0,0,-0.323258,0.738415,-0.288652,0.0340657,-0.518984,-0.287035,-0.249907,0.241416,0.309314,0.727754,-0.02539,-0.222437,-0.21611,-0.280158,-0.133432,0.00105916,0.94759,0.167173,0.31458,0.0473493,0.603294,-0.0825814,0.464339,-0.721769,-0.306729,0.721951,-0.00318901,0.0542473,-0.129716,-0.0511254,-2.65926,13.6849,10.5752,16.436,0.260494,1.65155,-6.51583,0.200758,-10.1374,0.367517,-8.72987,0.218009,4.8327,0.281822,1.39597,0.434051,2.15539,0.539185,0.0560827,-0.517108,-6.83005,-2.79253,0.00748373,-0.683078,2.45115,0.0137181,1.70749,-0.020987,18.1055,-11.201,0.622643,14.5907,-2.52596,-7.11258,-15.6547,-39.2533,-3.2575,-21.076,-7.08642,3.76118,2.35922,15.4682,-15.7561,-3.07679,-5.14571,-4.96164,-2.71366,-0.67066,-1.11356,-0.147011,-3.43881,0.799191,-1.29986,-4.34919,-0.0446637,-1.20671,-0.0918688,0,0,0,0,0,0,0,0,0,0,0,0,0,0,0,0,0,0,0,0,0,0,0,0,0,0,0,0,0,2.55789,2.55789,2.55789,6.3088,6.3088,1.81445,2.55789,2.55789,1.81445,6.3088,6.3088,0.907223,0.907223,1.81445,1.81445,0.907223,0.907223,1.81445,1.81445,0.907223,0.907223,0.907223,0.907223,0.907223,0.907223,1.06814,1.06814,1.06814,1.06814,40.1792,40.1792,40.1792,99.0984,99.0984,28.5012,40.1792,40.1792,28.5012,99.0984,99.0984,14.2506,14.2506,28.5012,28.5012,14.2506,14.2506,28.5012,28.5012,14.2506,14.2506,14.2506,14.2506,14.2506,14.2506,16.7783,16.7783,16.7783,16.7783,0,0,0,0,0,0,0,0,0,0,0,0,0,0,0,0,0,0,0,0,0,0,0,0,0,0,0,0,0,0,0,0,0,0,0,0,0,0,0,0,0,0,0,0,0,0,0,0,0,0,0,0,0,0,0,0,0,0,0,0,0,0,0,0,0,0,0,0,0,0,0,0,0,0,0,0,0,0,0,0,0,0,0,0,0,0,0,0,0,0,0,0,0,0,0,0,0,0,0,0,0,0,0,0,0,0,0,0,0,0,0,0,0,0,0,0,0,-1.01555,-1.40833,-0.603677,-0.489202,-0.686712,-1.98911,-0.585719,-0.351239,1.83835,-0.0346111,-0.547332,-0.186902,0.0208932,-0.216619,0.532879,-2.32373,0.40412,-0.116897,0.0418353,-4.64463,0.66951,0.495554,-1.36095,1.54237,-1.12498,-0.607935,3.525,-3.8799,3.38728,-1.35199,-0.334596,-1.87288,-0.0202241,0.0229068,-0.745185,1.90508,0.5236,-0.146746,-1.58435,-2.54315,0.52,-0.087267,-0.087267,-0.821404,-0.0819709,0.5236,-0.872378,-0.0145528,-0.0568832,-0.0151797,0.2618,0.177238,0.293632,-0.493392,-0.101176,-0.354045,-0.240047,0.583862,-0.00870896,0.0369192,-0.0452917,0.627,-0.986831,0.137456,-0.0852706,0.6,0,0,0.252748,0.147336,3
3.54044,3.96692,-9.07904,-1.51072,0.119613,-1.21222,-0.963651,-1.42828,-0.683161,3.54044,3.96692,-9.07904,-1.51072,0.119613,-1.21222,-0.963651,-1.42828,-0.683161,-0.279814,0.213369,-0.573623,1.53174,-0.189501,-0.0195768,-1.39287,-0.475233,0.198678,-0.087267,-0.087267,-0.298298,0.00435458,0.289585,-0.676957,-0.55024,0.274566,0.126235,0.2618,0.0631268,-0.0903169,0.0411812,0.195629,-0.372048,-0.0631731,0.57837,-0.0105129,-0.0545438,-0.0321694,0,0,0,0,0,0,0,0,0,0,0,0,0,0,0,0,0,0,0,0,0,0,0,0,0,0,0,0,0,-0.349838,0.525014,-0.28777,0.422807,-0.236219,-0.249336,-0.248349,-0.0423822,0.182538,0.533104,-0.0395134,-0.318639,-0.191564,-0.0996778,-0.141248,0.0318456,0.972466,0.176506,0.323946,0.0889847,0.55008,-0.191057,0.406081,-0.703697,-0.312367,0.749476,-0.00405122,0.0719525,-0.11533,-0.152906,-15.3308,-2.80748,22.3161,12.5661,1.64514,-2.22227,-18.8972,-8.55012,-8.42809,-0.616762,-1.06518,0.127274,12.1491,-0.385201,1.50149,1.36876,-0.464354,0.319439,2.37787,-3.36229,-4.45938,-2.70485,1.32807,-0.0102412,0.301381,-0.0382799,0.438879,0.929032,14.9759,16.2646,-9.89577,9.72381,-3.7976,-0.211021,-50.2972,-55.4551,24.9027,-7.55669,-0.902122,-5.74887,0.834522,-2.64634,-20.0696,-2.03904,-16.0232,-4.76335,-2.48519,-0.905242,-0.68608,-0.246476,-4.73177,3.75842,1.03,-3.42014,-0.0297458,-1.12903,0.208422,0,0,0,0,0,0,0,0,0,0,0,0,0,0,0,0,0,0,0,0,0,0,0,0,0,0,0,0,0,2.55789,2.55789,2.55789,6.3088,6.3088,1.81445,2.55789,2.55789,1.81445,6.3088,6.3088,0.907223,0.907223,1.81445,1.81445,0.907223,0.907223,1.81445,1.81445,0.907223,0.907223,0.907223,0.907223,0.907223,0.907223,1.06814,1.06814,1.06814,1.06814,40.1792,40.1792,40.1792,99.0984,99.0984,28.5012,40.1792,40.1792,28.5012,99.0984,99.0984,14.2506,14.2506,28.5012,28.5012,14.2506,14.2506,28.5012,28.5012,14.2506,14.2506,14.2506,14.2506,14.2506,14.2506,16.7783,16.7783,16.7783,16.7783,0,0,0,0,0,0,0,0,0,0,0,0,0,0,0,0,0,0,0,0,0,0,0,0,0,0,0,0,0,0,0,0,0,0,0,0,0,0,0,0,0,0,0,0,0,0,0,0,0,0,0,0,0,0,0,0,0,0,0,0,0,0,0,0,0,0,0,0,0,0,0,0,0,0,0,0,0,0,0,0,0,0,0,0,0,0,0,0,0,0,0,0,0,0,0,0,0,0,0,0,0,0,0,0,0,0,0,0,0,0,0,0,0,0,0,0,0,-0.963651,-1.42828,-0.683161,-1.71062,-0.00996632,-1.54353,0.170018,-0.392286,0.660283,0.287829,-0.144041,0.00992888,-0.3325,-0.290333,0.0587824,-1.97402,0.143935,-0.141111,0.389682,-0.867932,-0.205931,-0.732123,-1.04762,0.453005,0.0938971,-0.431799,2.46032,-2.85916,0.494777,-2.66924,-0.0446371,-0.680149,-0.279814,0.213369,-0.573623,1.53174,-0.189501,-0.0195768,-1.39287,-0.475233,0.198678,-0.087267,-0.087267,-0.298298,0.00435458,0.289585,-0.676957,-0.55024,0.274566,0.126235,0.2618,0.0631268,-0.0903169,0.0411812,0.195629,-0.372048,-0.0631731,0.57837,-0.0105129,-0.0545438,-0.0321694,0.815,-0.989862,0.116648,-0.0810328,0.6,0,0,0.234302,0.140438,3
12.0062,-4.13417,-3.32263,-1.50326,-0.566056,0.459846,-1.0083,-1.43635,-0.668248,12.0062,-4.13417,-3.32263,-1.50326,-0.566056,0.459846,-1.0083,-1.43635,-0.668248,-0.518125,0.551307,-0.221734,1.1614,-0.608005,-0.104046,-0.930838,-0.39814,0.209202,-0.0505685,-0.087267,-0.0967055,0.0624961,-0.0296438,-0.664939,-0.669256,0.345036,0.20513,0.240665,0.0224739,-0.560543,0.148261,0.201281,-0.598459,-0.197396,0.607365,-0.00934976,-0.0106113,-0.0851247,0,0,0,0,0,0,0,0,0,0,0,0,0,0,0,0,0,0,0,0,0,0,0,0,0,0,0,0,0,-0.340679,0.288893,-0.286753,0.777512,-0.198472,-0.195832,-0.325593,-0.322289,0.114102,0.376767,-0.049812,-0.308432,-0.226827,0.109494,-0.124545,0.022223,0.966365,0.178421,0.343821,0.0910022,0.423911,-0.170462,0.392183,-0.670669,-0.307974,0.736011,-0.00541685,0.0534598,-0.0998959,0.511051,-8.72836,0.725482,14.1959,0.403145,2.6928,-4.77727,-9.57073,0.0653441,-7.34307,-0.509415,1.05962,-2.6677,8.60275,1.5647,-2.01949,-1.70348,0.554833,0.853369,-0.262396,-7.22345,3.30658,0.749803,1.7941,0.898114,-1.2906,-0.0601821,-1.41584,0.632331,1.35555,19.9885,-13.4034,-15.8444,-1.79234,0.159686,-31.3235,19.5937,3.20931,-0.165674,-0.571858,-0.759454,5.53217,-10.6492,-18.3972,-6.63875,-8.59317,-2.37076,-4.04474,-0.129919,-0.922599,0.173205,-3.19667,2.669,2.93229,-1.46686,-0.0155969,-0.366835,0.460906,0,0,0,0,0,0,0,0,0,0,0,0,0,0,0,0,0,0,0,0,0,0,0,0,0,0,0,0,0,2.55789,2.55789,2.55789,6.3088,6.3088,1.81445,2.55789,2.55789,1.81445,6.3088,6.3088,0.907223,0.907223,1.81445,1.81445,0.907223,0.907223,1.81445,1.81445,0.907223,0.907223,0.907223,0.907223,0.907223,0.907223,1.06814,1.06814,1.06814,1.06814,40.1792,40.1792,40.1792,99.0984,99.0984,28.5012,40.1792,40.1792,28.5012,99.0984,99.0984,14.2506,14.2506,28.5012,28.5012,14.2506,14.2506,28.5012,28.5012,14.2506,14.2506,14.2506,14.2506,14.2506,14.2506,16.7783,16.7783,16.7783,16.7783,0,0,0,0,0,0,0,0,0,0,0,0,0,0,0,0,0,0,0,0,0,0,0,0,0,0,0,0,0,0,0,0,0,0,0,0,0,0,0,0,0,0,0,0,0,0,0,0,0,0,0,0,0,0,0,0,0,0,0,0,0,0,0,0,0,0,0,0,0,0,0,0,0,0,0,0,0,0,0,0,0,0,0,0,0,0,0,0,0,0,0,0,0,0,0,0,0,0,0,0,0,0,0,0,0,0,0,0,0,0,0,0,0,0,0,0,0,-1.0083,-1.43635,-0.668248,-1.98199,0.0029212,-1.51613,0.330696,-0.908527,-0.0675908,0.467718,-0.450084,0.142497,-0.81932,0.098858,-0.376452,-1.1302,0.0512428,-0.125499,1.00687,-0.727135,-1.27809,-0.142432,-0.40496,0.477002,0.33805,-1.1426,1.40421,-2.05203,-0.698694,-0.566809,-0.237235,-0.220498,-0.518125,0.551307,-0.221734,1.1614,-0.608005,-0.104046,-0.930838,-0.39814,0.209202,-0.0505685,-0.087267,-0.0967055,0.0624961,-0.0296438,-0.664939,-0.669256,0.345036,0.20513,0.240665,0.0224739,-0.560543,0.148261,0.201281,-0.598459,-0.197396,0.607365,-0.00934976,-0.0106113,-0.0851247,0.69,-0.990976,0.113386,-0.071482,0.6,0,0,0.234302,0.140438,3
6.39445,9.55942,3.77811,-0.883416,-0.00303109,1.33205,-1.12775,-1.42131,-0.572038,6.39445,9.55942,3.77811,-0.883416,-0.00303109,1.33205,-1.12775,-1.42131,-0.572038,-0.464705,0.0246913,0.364862,0.812244,-0.498812,-0.235495,-0.651983,-0.260682,0.334249,0.0395079,-0.087267,0.0699631,0.06499,0.0228192,-0.536539,-0.436387,0.427707,0.222337,0.2618,0.031423,-0.4384,0.0265397,0.188164,-0.673993,-0.23563,0.607856,-0.0025072,0.0307923,-0.115198,0,0,0,0,0,0,0,0,0,0,0,0,0,0,0,0,0,0,0,0,0,0,0,0,0,0,0,0,0,-0.309815,0.199187,-0.233683,0.938458,-0.309473,-0.174039,-0.404063,-0.437432,0.145628,0.246736,-0.0596989,-0.261899,-0.294647,0.229283,-0.115123,-0.0397856,0.896366,0.20337,0.361867,0.0774674,0.211383,-0.0884361,0.418049,-0.638392,-0.287486,0.707713,-0.00647364,0.0327254,-0.0958115,0.971291,-2.11116,3.00471,2.94407,-6.10278,0.310778,-3.01733,-3.59992,1.83708,-5.63589,-0.457496,2.76413,-3.60936,4.01887,-0.366853,-3.66021,-4.79985,1.2518,0.40879,-0.762046,-11.7093,4.05836,1.49402,1.34547,0.943675,-1.18572,-0.0462402,-0.807497,0.0722221,-11.508,20.3739,-7.23565,-0.243474,8.85986,1.51675,-13.2259,11.4471,-1.54168,6.33357,0.137721,-0.0893886,8.27179,-15.2159,-15.1818,-5.81356,-3.87332,-2.31141,-4.48754,-0.113092,-0.5923,-0.289481,-4.35998,-0.69404,0.443445,-0.380339,0.00156082,0.15196,0.104636,0,0,0,0,0,0,0,0,0,0,0,0,0,0,0,0,0,0,0,0,0,0,0,0,0,0,0,0,0,2.55789,2.55789,2.55789,6.3088,6.3088,1.81445,2.55789,2.55789,1.81445,6.3088,6.3088,0.907223,0.907223,1.81445,1.81445,0.907223,0.907223,1.81445,1.81445,0.907223,0.907223,0.907223,0.907223,0.907223,0.907223,1.06814,1.06814,1.06814,1.06814,40.1792,40.1792,40.1792,99.0984,99.0984,28.5012,40.1792,40.1792,28.5012,99.0984,99.0984,14.2506,14.2506,28.5012,28.5012,14.2506,14.2506,28.5012,28.5012,14.2506,14.2506,14.2506,14.2506,14.2506,14.2506,16.7783,16.7783,16.7783,16.7783,0,0,0,0,0,0,0,0,0,0,0,0,0,0,0,0,0,0,0,0,0,0,0,0,0,0,0,0,0,0,0,0,0,0,0,0,0,0,0,0,0,0,0,0,0,0,0,0,0,0,0,0,0,0,0,0,0,0,0,0,0,0,0,0,0,0,0,0,0,0,0,0,0,0,0,0,0,0,0,0,0,0,0,0,0,0,0,0,0,0,0,0,0,0,0,0,0,0,0,0,0,0,0,0,0,0,0,0,0,0,0,0,0,0,0,0,0,-1.12775,-1.42131,-0.572038,-1.45103,-0.0269866,-1.22336,0.519194,-1.08075,0.05203,0.50695,-0.53726,0.148184,-0.439501,0.105446,-0.278889,-0.62092,0.0716476,-0.0336533,0.0450945,-0.476092,-0.999596,0.413315,0.666358,0.762122,0.0605133,-1.54627,0.408496,-1.79516,-0.387304,-0.410289,-0.536952,0.159523,-0.464705,0.0246913,0.364862,0.812244,-0.498812,-0.235495,-0.651983,-0.260682,0.334249,0.0395079,-0.087267,0.0699631,0.06499,0.0228192,-0.536539,-0.436387,0.427707,0.222337,0.2618,0.031423,-0.4384,0.0265397,0.188164,-0.673993,-0.23563,0.607856,-0.0025072,0.0307923,-0.115198,0.653,-0.988847,0.134555,-0.0638481,0.6,0,0,0.226836,0.139589,1.91747
7.07116,2.56194,2.61015,-0.698853,0.241371,0.536355,-1.16423,-1.40293,-0.551663,7.07116,2.56194,2.61015,-0.698853,0.241371,0.536355,-1.16423,-1.40293,-0.551663,-0.194412,-0.334335,0.394488,0.317414,-0.421156,-0.101068,-0.496162,-0.154238,0.263541,-0.0776654,-0.087267,0.405595,-0.08891,0.218004,-0.406759,-0.254707,0.519956,0.2618,0.2618,0.0589317,-0.383261,0.0460293,0.222351,-0.43775,-0.0642228,0.603981,-0.00179,0.00660529,-0.135814,0,0,0,0,0,0,0,0,0,0,0,0,0,0,0,0,0,0,0,0,0,0,0,0,0,0,0,0,0,-0.280326,0.180762,-0.160369,0.932633,-0.366622,-0.178255,-0.455187,-0.482463,0.214025,0.168239,-0.068358,-0.18377,-0.36996,0.296403,-0.144487,-0.0971235,0.798876,0.226242,0.348215,0.0648466,0.0211679,-0.0434319,0.427289,-0.613901,-0.265377,0.692809,-0.00589754,0.0305902,-0.0987038,1.77609,-0.168062,3.98342,-1.30906,-2.17543,-0.268348,-2.1685,-1.48247,3.83488,-2.89911,-0.354364,4.20192,-3.67935,2.76636,-1.91812,-2.26687,-4.84763,0.760582,-0.946318,-0.571016,-8.06606,1.42846,-0.172135,1.05862,1.10187,-0.527213,0.0511759,0.183483,-0.181632,-11.7578,-5.4686,11.2585,-4.29287,0.667323,-1.08372,-2.28942,12.9202,-3.45088,5.98382,0.381983,-0.125649,9.4903,-12.963,-7.81618,-2.73534,-1.04587,-1.62147,-0.786826,0.0360929,0.778977,-0.340106,-3.33046,-1.8363,-0.562431,-0.851463,0.00410714,-0.167241,-0.0811165,0,0,0,0,0,0,0,0,0,0,0,0,0,0,0,0,0,0,0,0,0,0,0,0,0,0,0,0,0,2.55789,2.55789,2.55789,6.3088,6.3088,1.81445,2.55789,2.55789,1.81445,6.3088,6.3088,0.907223,0.907223,1.81445,1.81445,0.907223,0.907223,1.81445,1.81445,0.907223,0.907223,0.907223,0.907223,0.907223,0.907223,1.06814,1.06814,1.06814,1.06814,40.1792,40.1792,40.1792,99.0984,99.0984,28.5012,40.1792,40.1792,28.5012,99.0984,99.0984,14.2506,14.2506,28.5012,28.5012,14.2506,14.2506,28.5012,28.5012,14.2506,14.2506,14.2506,14.2506,14.2506,14.2506,16.7783,16.7783,16.7783,16.7783,0,0,0,0,0,0,0,0,0,0,0,0,0,0,0,0,0,0,0,0,0,0,0,0,0,0,0,0,0,0,0,0,0,0,0,0,0,0,0,0,0,0,0,0,0,0,0,0,0,0,0,0,0,0,0,0,0,0,0,0,0,0,0,0,0,0,0,0,0,0,0,0,0,0,0,0,0,0,0,0,0,0,0,0,0,0,0,0,0,0,0,0,0,0,0,0,0,0,0,0,0,0,0,0,0,0,0,0,0,0,0,0,0,0,0,0,0,-1.16423,-1.40293,-0.551663,-1.03678,0.0509626,-0.92745,0.729532,-0.542093,0.49707,0.606194,-0.146434,-0.202724,-0.465808,0.0534288,0.214755,-0.336341,0.13437,-0.0240265,-0.610606,-0.281689,-0.873874,0.0886606,0.720464,0.600901,0.104951,-1.82298,-1.00264,-2.12931,-0.165847,-2.1485,-0.230446,0.924797,-0.194412,-0.334335,0.394488,0.317414,-0.421156,-0.101068,-0.496162,-0.154238,0.263541,-0.0776654,-0.087267,0.405595,-0.08891,0.218004,-0.406759,-0.254707,0.519956,0.2618,0.2618,0.0589317,-0.383261,0.0460293,0.222351,-0.43775,-0.0642228,0.603981,-0.00179,0.00660529,-0.135814,0.714,-0.985943,0.153464,-0.0660741,0.6,0,0,0.221686,0.133087,3
19.7969,6.48232,5.02367,-0.896807,0.589138,-1.71007,-1.05512,-1.42053,-0.679376,19.7969,6.48232,5.02367,-0.896807,0.589138,-1.71007,-1.05512,-1.42053,-0.679376,-0.344455,-0.176574,0.169423,-0.325931,-0.215718,0.157181,-0.359876,-0.078736,0.202451,0.589259,-0.087267,0.554731,-0.199312,0.0155873,-0.380305,-0.253402,0.548421,0.2618,0.2618,0.100367,-0.255765,-0.0171679,0.259633,-0.252324,0.129502,0.625325,-0.00318107,0.0108266,-0.159694,0,0,0,0,0,0,0,0,0,0,0,0,0,0,0,0,0,0,0,0,0,0,0,0,0,0,0,0,0,-0.222118,0.171092,-0.0813844,0.830597,-0.37993,-0.159576,-0.495408,-0.510447,0.277691,0.101057,-0.0734449,-0.0494791,-0.415134,0.360421,-0.179277,-0.0809011,0.724503,0.254597,0.307607,0.059898,-0.112947,-0.0124345,0.387393,-0.598934,-0.219365,0.693279,-0.00489187,0.0299013,-0.107255,3.27775,-0.670757,3.79573,-7.06311,-0.603153,1.1081,-1.89948,-1.17677,2.47939,-3.46235,-0.232512,7.49802,-1.74146,3.18569,-1.43469,1.39101,-3.16951,0.809902,-1.60555,-0.105911,-5.72339,1.33617,-2.62705,0.686586,2.5655,0.592508,0.0564739,-0.0901091,-0.473508,-7.47879,-18.5886,9.53378,-8.48246,-0.404869,-0.348192,4.49671,17.5282,-5.0944,3.75312,0.214294,-0.171015,6.30272,-9.81101,-3.39284,-3.72481,-0.149272,-1.55665,1.94068,0.101854,1.37794,-0.429897,-0.049659,1.65795,-0.0280199,-1.96703,-0.00576237,-0.258579,0.0223873,0,0,0,0,0,0,0,0,0,0,0,0,0,0,0,0,0,0,0,0,0,0,0,0,0,0,0,0,0,2.55789,2.55789,2.55789,6.3088,6.3088,1.81445,2.55789,2.55789,1.81445,6.3088,6.3088,0.907223,0.907223,1.81445,1.81445,0.907223,0.907223,1.81445,1.81445,0.907223,0.907223,0.907223,0.907223,0.907223,0.907223,1.06814,1.06814,1.06814,1.06814,40.1792,40.1792,40.1792,99.0984,99.0984,28.5012,40.1792,40.1792,28.5012,99.0984,99.0984,14.2506,14.2506,28.5012,28.5012,14.2506,14.2506,28.5012,28.5012,14.2506,14.2506,14.2506,14.2506,14.2506,14.2506,16.7783,16.7783,16.7783,16.7783,0,0,0,0,0,0,0,0,0,0,0,0,0,0,0,0,0,0,0,0,0,0,0,0,0,0,0,0,0,0,0,0,0,0,0,0,0,0,0,0,0,0,0,0,0,0,0,0,0,0,0,0,0,0,0,0,0,0,0,0,0,0,0,0,0,0,0,0,0,0,0,0,0,0,0,0,0,0,0,0,0,0,0,0,0,0,0,0,0,0,0,0,0,0,0,0,0,0,0,0,0,0,0,0,0,0,0,0,0,0,0,0,0,0,0,0,0,-1.05512,-1.42053,-0.679376,-1.0338,0.135969,-0.867133,0.794435,-0.119304,0.0355406,0.634199,0.295277,-0.454451,-0.346466,0.339931,-0.0592726,-0.0874366,0.228846,-0.0426984,-0.322483,-0.143798,-0.58317,0.145322,0.309423,0.461608,-0.0391445,-2.14353,-2.8373,-0.227402,0.420011,-1.28244,0.358387,1.26484,-0.344455,-0.176574,0.169423,-0.325931,-0.215718,0.157181,-0.359876,-0.078736,0.202451,0.589259,-0.087267,0.554731,-0.199312,0.0155873,-0.380305,-0.253402,0.548421,0.2618,0.2618,0.100367,-0.255765,-0.0171679,0.259633,-0.252324,0.129502,0.625325,-0.00318107,0.0108266,-0.159694,0.613,-0.988731,0.130234,-0.0738209,0.6,0,0,0.221686,0.133087,3
4.88514,5.19342,-1.13511,-0.567687,0.462049,-1.25188,-0.897983,-1.44278,-0.853604,4.88514,5.19342,-1.13511,-0.567687,0.462049,-1.25188,-0.897983,-1.44278,-0.853604,-0.798484,0.166218,-0.264003,-0.497895,-0.213185,0.513666,-0.0645574,-0.0160108,0.52,0.899255,-0.087267,0.329082,-0.0538509,-0.466445,-0.432255,-0.682898,1.12324,0.2618,0.2618,0.0424181,-0.0748433,-0.204098,-0.0499169,-0.589416,0.0584548,0.680192,-0.0192007,0.0047423,-0.163726,0,0,0,0,0,0,0,0,0,0,0,0,0,0,0,0,0,0,0,0,0,0,0,0,0,0,0,0,0,-0.14787,0.16285,-0.0302759,0.598162,-0.335175,-0.0837172,-0.555766,-0.507422,0.314473,0.146836,-0.0826165,0.108247,-0.435505,0.406527,-0.186882,-0.0597719,0.659684,0.258893,0.288686,0.0682491,-0.17816,-0.00677064,0.337417,-0.584394,-0.159672,0.709101,-0.00414355,0.0312994,-0.124166,3.72729,0.063017,1.0826,-13.5622,2.06292,4.11764,-2.52594,1.0255,0.850487,5.24991,-0.207087,7.57422,-0.224138,1.05685,-0.068942,0.451034,-3.39027,-0.246858,-0.420704,0.549079,-1.8996,-0.179953,-2.05315,0.757756,2.96634,0.478308,0.0360353,0.0939526,-0.863888,-17.3952,-13.4199,4.61135,-8.98086,-1.2912,-0.571209,14.8522,15.0267,-5.08457,13.4309,1.05099,-0.45145,3.74053,-13.5408,-5.40162,-3.2902,1.36187,0.392525,0.113771,-0.0281323,0.730993,-0.0273438,0.804513,4.06643,1.47036,-2.02469,-0.0219382,-0.458781,0.32758,0,0,0,0,0,0,0,0,0,0,0,0,0,0,0,0,0,0,0,0,0,0,0,0,0,0,0,0,0,2.55789,2.55789,2.55789,6.3088,6.3088,1.81445,2.55789,2.55789,1.81445,6.3088,6.3088,0.907223,0.907223,1.81445,1.81445,0.907223,0.907223,1.81445,1.81445,0.907223,0.907223,0.907223,0.907223,0.907223,0.907223,1.06814,1.06814,1.06814,1.06814,40.1792,40.1792,40.1792,99.0984,99.0984,28.5012,40.1792,40.1792,28.5012,99.0984,99.0984,14.2506,14.2506,28.5012,28.5012,14.2506,14.2506,28.5012,28.5012,14.2506,14.2506,14.2506,14.2506,14.2506,14.2506,16.7783,16.7783,16.7783,16.7783,0,0,0,0,0,0,0,0,0,0,0,0,0,0,0,0,0,0,0,0,0,0,0,0,0,0,0,0,0,0,0,0,0,0,0,0,0,0,0,0,0,0,0,0,0,0,0,0,0,0,0,0,0,0,0,0,0,0,0,0,0,0,0,0,0,0,0,0,0,0,0,0,0,0,0,0,0,0,0,0,0,0,0,0,0,0,0,0,0,0,0,0,0,0,0,0,0,0,0,0,0,0,0,0,0,0,0,0,0,0,0,0,0,0,0,0,0,-0.897983,-1.44278,-0.853604,-2.0131,-0.569835,-0.985584,2.10507,-0.887908,-1.06354,1.03397,0.133283,-0.122785,-0.664724,1.07639,-0.888481,0.451912,0.0967175,-0.257725,0.303569,-0.029241,-0.17065,0.0636543,-0.482156,1.38763,-0.465365,-2.19764,-3.3277,0.656632,0.427235,-0.743746,1.17121,0.750339,-0.798484,0.166218,-0.264003,-0.497895,-0.213185,0.513666,-0.0645574,-0.0160108,0.52,0.899255,-0.087267,0.329082,-0.0538509,-0.466445,-0.432255,-0.682898,1.12324,0.2618,0.2618,0.0424181,-0.0748433,-0.204098,-0.0499169,-0.589416,0.0584548,0.680192,-0.0192007,0.0047423,-0.163726,0.806,-0.991818,0.0998416,-0.079558,0.6,0,0,0.225875,0.137754,3
15.2539,13.918,5.16742,0.997121,-0.0873214,-0.0877329,-0.805531,-1.44747,-0.94074,15.2539,13.918,5.16742,0.997121,-0.0873214,-0.0877329,-0.805531,-1.44747,-0.94074,-0.603815,0.374218,-0.721022,-0.5236,-0.654645,0.318459,-0.313771,0.157757,0.34176,0.753468,-0.087267,0.168513,0.147719,-0.330123,-0.451795,-0.552564,1.0716,0.2618,0.2618,-0.0645764,-0.217672,-0.254873,-0.325275,-0.898777,-0.119386,0.601513,-0.0239707,0.00632895,-0.109213,0,0,0,0,0,0,0,0,0,0,0,0,0,0,0,0,0,0,0,0,0,0,0,0,0,0,0,0,0,-0.0737851,0.185427,-0.0897739,0.305799,-0.297024,0.0811271,-0.552603,-0.441207,0.369922,0.318557,-0.0865203,0.2034,-0.41819,0.3616,-0.180742,-0.0748665,0.582644,0.226996,0.304651,0.064613,-0.161467,-0.0581059,0.317135,-0.581697,-0.10876,0.717932,-0.00774929,0.0271593,-0.138817,2.99643,2.01272,-4.382,-12.3524,1.44092,7.38613,2.2998,4.10395,2.90173,8.52298,-0.0193235,2.67324,1.50122,-4.29099,0.616747,-1.08085,-3.71672,-1.89645,1.33389,-0.200684,2.00721,-2.92317,-0.305602,-0.554025,2.06825,0.567955,-0.179772,-0.193519,-0.537102,-37.0787,-5.22055,3.75617,-2.28741,-0.826547,-1.08275,14.7131,7.15107,-1.0006,5.12791,0.130314,-0.70781,4.04855,-16.6017,-8.03463,-7.70148,10.9688,4.30971,-3.53384,-0.123694,-0.451036,0.520582,-4.89202,0.268736,0.565039,-1.18881,0.0013343,-0.153406,0.163724,0,0,0,0,0,0,0,0,0,0,0,0,0,0,0,0,0,0,0,0,0,0,0,0,0,0,0,0,0,2.55789,2.55789,2.55789,6.3088,6.3088,1.81445,2.55789,2.55789,1.81445,6.3088,6.3088,0.907223,0.907223,1.81445,1.81445,0.907223,0.907223,1.81445,1.81445,0.907223,0.907223,0.907223,0.907223,0.907223,0.907223,1.06814,1.06814,1.06814,1.06814,40.1792,40.1792,40.1792,99.0984,99.0984,28.5012,40.1792,40.1792,28.5012,99.0984,99.0984,14.2506,14.2506,28.5012,28.5012,14.2506,14.2506,28.5012,28.5012,14.2506,14.2506,14.2506,14.2506,14.2506,14.2506,16.7783,16.7783,16.7783,16.7783,0,0,0,0,0,0,0,0,0,0,0,0,0,0,0,0,0,0,0,0,0,0,0,0,0,0,0,0,0,0,0,0,0,0,0,0,0,0,0,0,0,0,0,0,0,0,0,0,0,0,0,0,0,0,0,0,0,0,0,0,0,0,0,0,0,0,0,0,0,0,0,0,0,0,0,0,0,0,0,0,0,0,0,0,0,0,0,0,0,0,0,0,0,0,0,0,0,0,0,0,0,0,0,0,0,0,0,0,0,0,0,0,0,0,0,0,0,-0.805531,-1.44747,-0.94074,-1.71592,-1.19768,-1.03014,1.98734,-1.59328,-0.752714,0.800593,-0.272212,0.336813,-0.476695,0.0203022,-0.532951,-0.00323372,-0.147241,-0.321751,0.683445,0.288117,-0.496313,0.0849513,-1.31682,0.779246,-0.581135,-1.46593,-3.8359,0.240881,-0.831698,-2.19374,0.726118,0.384226,-0.603815,0.374218,-0.721022,-0.5236,-0.654645,0.318459,-0.313771,0.157757,0.34176,0.753468,-0.087267,0.168513,0.147719,-0.330123,-0.451795,-0.552564,1.0716,0.2618,0.2618,-0.0645764,-0.217672,-0.254873,-0.325275,-0.898777,-0.119386,0.601513,-0.0239707,0.00632895,-0.109213,0.585,-0.992374,0.0890644,-0.0852141,0.6,0,0,0.225875,0.137754,3
14.1547,5.6308,-0.59612,1.74229,-0.608966,-1.00673,-0.759522,-1.46021,-0.960231,14.1547,5.6308,-0.59612,1.74229,-0.608966,-1.00673,-0.759522,-1.46021,-0.960231,-0.931063,0.657213,-0.938204,-0.5236,-0.885697,0.468392,-0.565316,0.224821,0.345828,1.18908,-0.087267,0.12103,0.163396,-0.189791,-0.75523,-0.680727,1.24216,0.2618,0.2618,-0.0409104,-0.00287463,-0.301947,-0.194952,-1.12369,-0.280494,0.60114,-0.02021,0.00451769,-0.135453,0,0,0,0,0,0,0,0,0,0,0,0,0,0,0,0,0,0,0,0,0,0,0,0,0,0,0,0,0,-0.0372613,0.231022,-0.224158,0.108359,-0.376581,0.154364,-0.490365,-0.362209,0.391319,0.444145,-0.0851115,0.215546,-0.365084,0.261984,-0.15223,-0.0738702,0.521821,0.20168,0.323972,0.0399835,-0.149841,-0.112627,0.304474,-0.601729,-0.0822322,0.727601,-0.0114996,0.0296473,-0.131589,1.20055,3.09852,-8.52669,-10.1025,-4.41678,2.865,3.90292,4.54521,0.189382,5.86041,0.0504528,-0.34877,3.8774,-6.13222,2.17977,0.878339,-2.8246,-1.18325,0.675049,-1.60563,-0.102762,-2.84307,-1.07899,-1.44398,1.02837,0.45967,-0.18589,0.246586,0.65492,-26.3355,-1.51593,1.33888,0.632777,0.327014,-0.579937,-2.45668,9.68108,-2.02614,-6.56566,-0.564365,-0.466156,4.063,-6.25641,-12.1891,-7.4634,10.4706,3.83033,-3.13959,-0.0423735,-0.961054,0.541515,-8.09132,-3.02036,-1.51767,-2.62608,-0.00837823,-0.647488,-0.317113,0,0,0,0,0,0,0,0,0,0,0,0,0,0,0,0,0,0,0,0,0,0,0,0,0,0,0,0,0,2.55789,2.55789,2.55789,6.3088,6.3088,1.81445,2.55789,2.55789,1.81445,6.3088,6.3088,0.907223,0.907223,1.81445,1.81445,0.907223,0.907223,1.81445,1.81445,0.907223,0.907223,0.907223,0.907223,0.907223,0.907223,1.06814,1.06814,1.06814,1.06814,40.1792,40.1792,40.1792,99.0984,99.0984,28.5012,40.1792,40.1792,28.5012,99.0984,99.0984,14.2506,14.2506,28.5012,28.5012,14.2506,14.2506,28.5012,28.5012,14.2506,14.2506,14.2506,14.2506,14.2506,14.2506,16.7783,16.7783,16.7783,16.7783,0,0,0,0,0,0,0,0,0,0,0,0,0,0,0,0,0,0,0,0,0,0,0,0,0,0,0,0,0,0,0,0,0,0,0,0,0,0,0,0,0,0,0,0,0,0,0,0,0,0,0,0,0,0,0,0,0,0,0,0,0,0,0,0,0,0,0,0,0,0,0,0,0,0,0,0,0,0,0,0,0,0,0,0,0,0,0,0,0,0,0,0,0,0,0,0,0,0,0,0,0,0,0,0,0,0,0,0,0,0,0,0,0,0,0,0,0,-0.759522,-1.46021,-0.960231,-2.00815,-0.900529,-1.722,2.37622,-2.10609,-0.432742,0.700835,-0.639553,0.372559,0.0636452,0.0152992,-1.13061,-0.462639,-0.0932797,-0.271271,1.20029,0.410598,-0.00655444,0.0606394,-1.71347,0.788523,-0.688468,-1.81813,-3.97772,1.48315,-1.4906,-1.81507,1.06798,0.27596,-0.931063,0.657213,-0.938204,-0.5236,-0.885697,0.468392,-0.565316,0.224821,0.345828,1.18908,-0.087267,0.12103,0.163396,-0.189791,-0.75523,-0.680727,1.24216,0.2618,0.2618,-0.0409104,-0.00287463,-0.301947,-0.194952,-1.12369,-0.280494,0.60114,-0.02021,0.00451769,-0.135453,0.588,-0.993892,0.07599,-0.0800281,0.6,0,0,0.233122,0.145118,1.72339
9.77429,2.50845,-1.83605,1.8814,-0.706333,-0.859812,-0.695647,-1.48366,-0.987859,9.77429,2.50845,-1.83605,1.8814,-0.706333,-0.859812,-0.695647,-1.48366,-0.987859,-0.755688,0.768846,-0.356602,-0.5236,-0.982824,0.184941,-0.109138,0.401465,0.356246,1.35655,-0.087267,0.103714,0.112118,-0.192174,-0.401066,-0.494465,1.01603,0.20549,0.2618,0.0134477,0.231805,-0.301385,0.191589,-1.12485,-0.400224,0.609178,-0.0123147,0.0175067,-0.162179,0,0,0,0,0,0,0,0,0,0,0,0,0,0,0,0,0,0,0,0,0,0,0,0,0,0,0,0,0,-0.0526576,0.299767,-0.400502,-0.0601557,-0.509974,0.234739,-0.447008,-0.264506,0.38877,0.615058,-0.0864419,0.195916,-0.283134,0.140428,-0.0936711,-0.0566944,0.491148,0.171823,0.324495,0.0179113,-0.116988,-0.172948,0.296292,-0.634001,-0.086973,0.723817,-0.0135894,0.0304524,-0.124399,-2.05993,3.69063,-8.36987,-7.32491,-6.00512,3.8735,1.52663,4.89278,-0.632816,9.51972,0.0642685,-1.16064,4.29251,-6.1377,2.97192,0.713292,-0.600061,-1.39699,-0.136904,-0.841137,2.14843,-2.89691,-0.174602,-1.8839,-0.906647,-0.444701,-0.0772312,-0.109054,0.159206,-30.7751,5.31789,-0.354364,0.233254,0.669556,-0.388976,-8.51458,7.43535,-0.350863,-1.6325,-0.388122,-0.038157,2.64958,1.32185,-24.2211,-9.54345,11.3985,5.15167,-1.55985,-0.071007,-0.287415,0.776628,-6.86753,-5.39392,-2.02875,-1.60812,-0.0288558,-0.340138,-0.380005,0,0,0,0,0,0,0,0,0,0,0,0,0,0,0,0,0,0,0,0,0,0,0,0,0,0,0,0,0,2.55789,2.55789,2.55789,6.3088,6.3088,1.81445,2.55789,2.55789,1.81445,6.3088,6.3088,0.907223,0.907223,1.81445,1.81445,0.907223,0.907223,1.81445,1.81445,0.907223,0.907223,0.907223,0.907223,0.907223,0.907223,1.06814,1.06814,1.06814,1.06814,40.1792,40.1792,40.1792,99.0984,99.0984,28.5012,40.1792,40.1792,28.5012,99.0984,99.0984,14.2506,14.2506,28.5012,28.5012,14.2506,14.2506,28.5012,28.5012,14.2506,14.2506,14.2506,14.2506,14.2506,14.2506,16.7783,16.7783,16.7783,16.7783,0,0,0,0,0,0,0,0,0,0,0,0,0,0,0,0,0,0,0,0,0,0,0,0,0,0,0,0,0,0,0,0,0,0,0,0,0,0,0,0,0,0,0,0,0,0,0,0,0,0,0,0,0,0,0,0,0,0,0,0,0,0,0,0,0,0,0,0,0,0,0,0,0,0,0,0,0,0,0,0,0,0,0,0,0,0,0,0,0,0,0,0,0,0,0,0,0,0,0,0,0,0,0,0,0,0,0,0,0,0,0,0,0,0,0,0,0,-0.695647,-1.48366,-0.987859,-1.58345,-0.019179,-0.914471,1.86062,-2.10876,-0.438175,0.468538,-0.912551,0.255641,9.00159e-05,0.123193,-0.81032,0.370493,0.0306622,-0.165297,1.40417,0.733207,0.528539,0.234987,-0.651273,0.812276,-0.687188,-2.17688,-4.08394,1.96073,-1.76759,-1.14496,0.421683,0.236479,-0.755688,0.768846,-0.356602,-0.5236,-0.982824,0.184941,-0.109138,0.401465,0.356246,1.35655,-0.087267,0.103714,0.112118,-0.192174,-0.401066,-0.494465,1.01603,0.20549,0.2618,0.0134477,0.231805,-0.301385,0.191589,-1.12485,-0.400224,0.609178,-0.0123147,0.0175067,-0.162179,0.533,-0.996206,0.0557707,-0.0668013,0.6,0,0,0.233122,0.145118,1.72339
5.12165,-6.52527,-1.44104,1.7816,-0.296581,-0.723655,-0.578171,-1.49919,-1.0672,5.12165,-6.52527,-1.44104,1.7816,-0.296581,-0.723655,-0.578171,-1.49919,-1.0672,-0.362704,0.91678,-0.751328,-0.5236,-1.12104,-0.000135045,-0.335509,0.200992,0.225873,1.25093,-0.087267,0.0467223,0.0695312,-0.15545,-0.279275,-0.255731,0.685758,0.0720648,0.2618,0.0265247,0.310662,-0.117494,0.286925,-0.877123,-0.328097,0.591251,-0.000423245,-0.000869274,-0.125064,0,0,0,0,0,0,0,0,0,0,0,0,0,0,0,0,0,0,0,0,0,0,0,0,0,0,0,0,0,-0.12335,0.387585,-0.435913,-0.131119,-0.638784,0.232189,-0.407535,-0.155089,0.373157,0.753078,-0.118821,0.166309,-0.204325,0.0103759,-0.0518446,-0.0526772,0.492599,0.146974,0.314852,0.0145595,-0.0348276,-0.220003,0.301292,-0.673464,-0.128693,0.703149,-0.0132918,0.0284854,-0.12742,-4.2747,4.19846,1.24872,-0.669996,-5.59712,-0.903913,1.6588,5.82905,-0.920585,2.9317,-2.26593,-1.9192,3.45279,-6.27333,1.49243,-0.0854957,0.787625,-1.00521,-0.48855,0.024535,4.5854,-1.99208,0.347104,-1.99353,-2.50081,-1.15782,0.0348611,-0.147974,-0.305157,-14.8823,4.60957,0.743653,-32.5315,1.36454,0.325537,7.31593,8.1976,1.34813,38.6437,18.3377,0.759103,1.36715,5.50537,-12.7805,-6.24724,6.9396,3.57573,-0.61124,-0.0373675,-0.294136,0.655771,-1.89823,-4.67878,-1.6698,-0.348019,-0.0209153,-0.0382264,-0.279599,0,0,0,0,0,0,0,0,0,0,0,0,0,0,0,0,0,0,0,0,0,0,0,0,0,0,0,0,0,2.55789,2.55789,2.55789,6.3088,6.3088,1.81445,2.55789,2.55789,1.81445,6.3088,6.3088,0.907223,0.907223,1.81445,1.81445,0.907223,0.907223,1.81445,1.81445,0.907223,0.907223,0.907223,0.907223,0.907223,0.907223,1.06814,1.06814,1.06814,1.06814,40.1792,40.1792,40.1792,99.0984,99.0984,28.5012,40.1792,40.1792,28.5012,99.0984,99.0984,14.2506,14.2506,28.5012,28.5012,14.2506,14.2506,28.5012,28.5012,14.2506,14.2506,14.2506,14.2506,14.2506,14.2506,16.7783,16.7783,16.7783,16.7783,0,0,0,0,0,0,0,0,0,0,0,0,0,0,0,0,0,0,0,0,0,0,0,0,0,0,0,0,0,0,0,0,0,0,0,0,0,0,0,0,0,0,0,0,0,0,0,0,0,0,0,0,0,0,0,0,0,0,0,0,0,0,0,0,0,0,0,0,0,0,0,0,0,0,0,0,0,0,0,0,0,0,0,0,0,0,0,0,0,0,0,0,0,0,0,0,0,0,0,0,0,0,0,0,0,0,0,0,0,0,0,0,0,0,0,0,0,-0.578171,-1.49919,-1.0672,-1.03911,0.198198,-0.636774,1.10758,-1.54391,-0.354441,0.164315,-0.748093,0.158538,-0.0334647,-0.11744,-0.0926027,-0.0429358,0.060479,-0.00568107,1.67434,0.367078,0.70834,-0.011668,-1.37217,0.515013,-0.267899,-1.67869,-4.47438,1.65952,-2.16175,-1.64186,-0.000307917,0.106532,-0.362704,0.91678,-0.751328,-0.5236,-1.12104,-0.000135045,-0.335509,0.200992,0.225873,1.25093,-0.087267,0.0467223,0.0695312,-0.15545,-0.279275,-0.255731,0.685758,0.0720648,0.2618,0.0265247,0.310662,-0.117494,0.286925,-0.877123,-0.328097,0.591251,-0.000423245,-0.000869274,-0.125064,0.541,-0.997437,0.0391012,-0.05992,0.6,0,0,0.225212,0.145115,1.1122
3.47247,-5.82354,1.32042,0.989811,0.099693,-0.210397,-0.457186,-1.5044,-1.1616,3.47247,-5.82354,1.32042,0.989811,0.099693,-0.210397,-0.457186,-1.5044,-1.1616,-0.335112,0.966792,-0.199766,-0.5236,-1.05714,-0.00916308,-0.277468,0.00441557,0.169617,1.35297,-0.087267,0.0354221,0.0710659,-0.300747,-0.204016,-0.259555,0.741191,0.112614,0.2618,0.0430156,0.296763,-0.128823,0.434176,-0.721202,-0.26401,0.595587,0.00175239,-0.00326673,-0.136697,0,0,0,0,0,0,0,0,0,0,0,0,0,0,0,0,0,0,0,0,0,0,0,0,0,0,0,0,0,-0.189944,0.452176,-0.477256,-0.126574,-0.767673,0.177506,-0.397097,-0.0383423,0.355986,0.796442,-0.140023,0.114544,-0.15619,-0.0984499,-0.0390197,-0.0627144,0.52098,0.117516,0.30005,0.0173992,0.0592066,-0.2109,0.308019,-0.715754,-0.164739,0.693936,-0.00962103,0.0233556,-0.128105,-2.39198,2.66755,-3.43401,0.523183,-5.6941,-2.97543,-0.286471,5.66875,-0.778561,2.41048,-0.474665,-2.69792,1.68275,-4.70309,-0.0303433,-0.790644,1.67565,-1.35292,-0.731071,0.159016,4.33818,1.22039,0.258302,-2.04446,-1.46762,-0.0480381,0.178667,-0.162552,0.10768,-0.492968,11.8549,-2.58679,-42.4229,0.944398,0.303639,2.83253,-4.57406,-2.31459,31.1034,8.76077,1.45895,1.64045,6.92142,-7.04255,-2.09235,0.908392,1.23836,0.258944,-0.0161513,-0.349654,0.270312,-0.567481,-0.471512,-1.01085,-1.59995,-0.0395625,-0.203219,-0.0488894,0,0,0,0,0,0,0,0,0,0,0,0,0,0,0,0,0,0,0,0,0,0,0,0,0,0,0,0,0,2.55789,2.55789,2.55789,6.3088,6.3088,1.81445,2.55789,2.55789,1.81445,6.3088,6.3088,0.907223,0.907223,1.81445,1.81445,0.907223,0.907223,1.81445,1.81445,0.907223,0.907223,0.907223,0.907223,0.907223,0.907223,1.06814,1.06814,1.06814,1.06814,40.1792,40.1792,40.1792,99.0984,99.0984,28.5012,40.1792,40.1792,28.5012,99.0984,99.0984,14.2506,14.2506,28.5012,28.5012,14.2506,14.2506,28.5012,28.5012,14.2506,14.2506,14.2506,14.2506,14.2506,14.2506,16.7783,16.7783,16.7783,16.7783,0,0,0,0,0,0,0,0,0,0,0,0,0,0,0,0,0,0,0,0,0,0,0,0,0,0,0,0,0,0,0,0,0,0,0,0,0,0,0,0,0,0,0,0,0,0,0,0,0,0,0,0,0,0,0,0,0,0,0,0,0,0,0,0,0,0,0,0,0,0,0,0,0,0,0,0,0,0,0,0,0,0,0,0,0,0,0,0,0,0,0,0,0,0,0,0,0,0,0,0,0,0,0,0,0,0,0,0,0,0,0,0,0,0,0,0,0,-0.457186,-1.5044,-1.1616,-1.04783,0.533946,-0.465177,1.23397,-1.18839,-0.685733,0.256772,-0.60197,0.162037,-0.299882,-0.0592374,-0.0422097,0.0630676,0.0980799,0.0235217,1.76568,0.00806429,0.676649,-0.0438482,-0.364839,0.386743,-0.29373,-1.83484,-4.19846,1.9505,-1.97952,-1.88277,-0.0208927,0.0807659,-0.335112,0.966792,-0.199766,-0.5236,-1.05714,-0.00916308,-0.277468,0.00441557,0.169617,1.35297,-0.087267,0.0354221,0.0710659,-0.300747,-0.204016,-0.259555,0.741191,0.112614,0.2618,0.0430156,0.296763,-0.128823,0.434176,-0.721202,-0.26401,0.595587,0.00175239,-0.00326673,-0.136697,0.847,-0.997797,0.0292869,-0.0595324,0.6,0,0,0.222873,0.148412,0.845021
4.23594,-2.87518,0.864461,0.524984,0.19188,0.230412,-0.426061,-1.50128,-1.17903,4.23594,-2.87518,0.864461,0.524984,0.19188,0.230412,-0.426061,-1.50128,-1.17903,-0.195515,0.993272,-0.500921,-0.5236,-1.23612,-0.144822,-0.473973,0.161087,0.153738,1.1015,-0.087267,-0.0293976,0.0917437,-0.299072,-0.29315,-0.262533,0.801845,0.0948395,0.2618,0.024659,0.301553,-0.0415145,0.371431,-0.587403,-0.208462,0.58647,0.000143383,-0.0239153,-0.114576,0,0,0,0,0,0,0,0,0,0,0,0,0,0,0,0,0,0,0,0,0,0,0,0,0,0,0,0,0,-0.221632,0.50901,-0.43334,-0.116847,-0.847361,0.122742,-0.415245,0.0563766,0.332355,0.865152,-0.145637,0.0637038,-0.132127,-0.173021,-0.0539908,-0.0846918,0.556945,0.101965,0.291653,0.0235515,0.130405,-0.19207,0.311166,-0.74882,-0.192618,0.697305,-0.00625221,0.0219496,-0.130214,-0.943699,2.78316,4.39889,0.422707,-3.37325,-2.29171,-1.04528,3.90264,-1.77971,4.01206,0.00730852,-2.07696,1.11121,-3.1942,-1.30535,-1.33669,1.81846,-0.453021,-0.226565,0.315338,3.05672,0.820944,0.146191,-1.39416,-1.40539,0.269226,0.15161,-0.0112853,-0.168345,-1.87747,11.3729,-1.35545,-42.9994,0.505603,0.443258,8.1578,-12.2106,-1.77943,24.3668,6.09197,1.56221,1.93323,2.11797,-2.1698,-1.35594,1.02091,1.18694,-0.401906,-0.00787546,-0.400385,0.167581,1.62895,1.65668,0.212674,-1.96743,-0.027187,-0.399691,0.0656337,0,0,0,0,0,0,0,0,0,0,0,0,0,0,0,0,0,0,0,0,0,0,0,0,0,0,0,0,0,2.55789,2.55789,2.55789,6.3088,6.3088,1.81445,2.55789,2.55789,1.81445,6.3088,6.3088,0.907223,0.907223,1.81445,1.81445,0.907223,0.907223,1.81445,1.81445,0.907223,0.907223,0.907223,0.907223,0.907223,0.907223,1.06814,1.06814,1.06814,1.06814,40.1792,40.1792,40.1792,99.0984,99.0984,28.5012,40.1792,40.1792,28.5012,99.0984,99.0984,14.2506,14.2506,28.5012,28.5012,14.2506,14.2506,28.5012,28.5012,14.2506,14.2506,14.2506,14.2506,14.2506,14.2506,16.7783,16.7783,16.7783,16.7783,0,0,0,0,0,0,0,0,0,0,0,0,0,0,0,0,0,0,0,0,0,0,0,0,0,0,0,0,0,0,0,0,0,0,0,0,0,0,0,0,0,0,0,0,0,0,0,0,0,0,0,0,0,0,0,0,0,0,0,0,0,0,0,0,0,0,0,0,0,0,0,0,0,0,0,0,0,0,0,0,0,0,0,0,0,0,0,0,0,0,0,0,0,0,0,0,0,0,0,0,0,0,0,0,0,0,0,0,0,0,0,0,0,0,0,0,0,-0.426061,-1.50128,-1.17903,-1.05462,0.390879,-0.668412,1.37227,-0.883318,-0.681914,0.216243,-0.475314,0.209185,-0.384688,-0.18161,0.21274,-0.295816,0.0562251,0.00192458,1.81404,0.294199,0.687571,-0.321007,-0.914846,0.350538,-0.0946572,-1.53792,-4.52911,1.23338,-2.48991,-2.171,-0.330208,-0.0670295,-0.195515,0.993272,-0.500921,-0.5236,-1.23612,-0.144822,-0.473973,0.161087,0.153738,1.1015,-0.087267,-0.0293976,0.0917437,-0.299072,-0.29315,-0.262533,0.801845,0.0948395,0.2618,0.024659,0.301553,-0.0415145,0.371431,-0.587403,-0.208462,0.58647,0.000143383,-0.0239153,-0.114576,0.533,-0.997585,0.0287065,-0.0632493,0.6,0,0,0.222873,0.148412,0.845021
20.1151,2.22819,5.26379,0.362694,0.436912,0.497508,-0.459362,-1.48872,-1.13696,20.1151,2.22819,5.26379,0.362694,0.436912,0.497508,-0.459362,-1.48872,-1.13696,0.154413,1.01928,0.0569263,-0.491997,-0.595725,-0.379078,-0.559685,-0.205576,0.0471262,0.725175,-0.087267,-0.230604,0.0607437,-0.040639,-0.203072,-0.287961,0.711498,0.07036,0.2618,0.0247935,0.176109,-0.315329,0.273307,-0.568821,-0.274995,0.600491,0.00134807,0.00290961,-0.098522,0,0,0,0,0,0,0,0,0,0,0,0,0,0,0,0,0,0,0,0,0,0,0,0,0,0,0,0,0,-0.226763,0.562317,-0.413329,-0.110295,-0.913945,0.0551352,-0.422948,0.12563,0.277722,0.932849,-0.130796,0.0330049,-0.104,-0.24017,-0.0987041,-0.117028,0.596584,0.0919606,0.285751,0.0244074,0.182076,-0.158536,0.308689,-0.774056,-0.21697,0.703983,-0.00394933,0.0187732,-0.129973,0.105469,2.67324,-0.434537,0.243838,-1.27968,-3.33977,-0.246765,3.16875,-3.09928,2.89969,0.711936,-1.18609,1.33638,-3.32189,-2.27672,-1.57678,1.99532,-0.407126,-0.21429,-0.016641,2.15656,1.83009,-0.287745,-1.17402,-0.846818,0.469383,0.090221,-0.173379,0.0788811,1.23985,10.7164,-2.58484,-42.5641,-22.4571,0.366712,-1.54315,-6.59904,1.9346,-1.78352,-0.196508,0.207337,1.52664,4.21348,-1.14503,-0.568968,1.11192,0.868316,-0.188859,0.0211824,-0.273787,0.0285061,1.15322,3.68353,0.993387,-2.38943,-0.0290999,-0.517892,0.184458,0,0,0,0,0,0,0,0,0,0,0,0,0,0,0,0,0,0,0,0,0,0,0,0,0,0,0,0,0,2.55789,2.55789,2.55789,6.3088,6.3088,1.81445,2.55789,2.55789,1.81445,6.3088,6.3088,0.907223,0.907223,1.81445,1.81445,0.907223,0.907223,1.81445,1.81445,0.907223,0.907223,0.907223,0.907223,0.907223,0.907223,1.06814,1.06814,1.06814,1.06814,40.1792,40.1792,40.1792,99.0984,99.0984,28.5012,40.1792,40.1792,28.5012,99.0984,99.0984,14.2506,14.2506,28.5012,28.5012,14.2506,14.2506,28.5012,28.5012,14.2506,14.2506,14.2506,14.2506,14.2506,14.2506,16.7783,16.7783,16.7783,16.7783,0,0,0,0,0,0,0,0,0,0,0,0,0,0,0,0,0,0,0,0,0,0,0,0,0,0,0,0,0,0,0,0,0,0,0,0,0,0,0,0,0,0,0,0,0,0,0,0,0,0,0,0,0,0,0,0,0,0,0,0,0,0,0,0,0,0,0,0,0,0,0,0,0,0,0,0,0,0,0,0,0,0,0,0,0,0,0,0,0,0,0,0,0,0,0,0,0,0,0,0,0,0,0,0,0,0,0,0,0,0,0,0,0,0,0,0,0,-0.459362,-1.48872,-1.13696,-1.1126,0.167147,-0.463025,1.16627,-0.84095,-0.0926611,0.160428,-0.627017,0.138502,-0.612803,0.00659118,0.851824,-0.452354,0.0565317,0.0180947,1.86155,-0.37545,0.401546,0.0390547,0.103966,0.107452,-0.718982,-1.32243,-3.31088,0.160196,-0.663675,-1.21127,-0.864336,-0.525801,0.154413,1.01928,0.0569263,-0.491997,-0.595725,-0.379078,-0.559685,-0.205576,0.0471262,0.725175,-0.087267,-0.230604,0.0607437,-0.040639,-0.203072,-0.287961,0.711498,0.07036,0.2618,0.0247935,0.176109,-0.315329,0.273307,-0.568821,-0.274995,0.600491,0.00134807,0.00290961,-0.098522,0.752,-0.996634,0.0363478,-0.0734814,0.6,0,0,0.226426,0.150899,0.859211
11.0425,-6.4349,3.077,-0.0483445,-0.271576,0.629201,-0.561134,-1.48214,-1.03126,11.0425,-6.4349,3.077,-0.0483445,-0.271576,0.629201,-0.561134,-1.48214,-1.03126,-0.251544,0.803227,-0.00685302,-0.391889,-0.472092,-0.414904,-0.516481,-0.345888,0.0074331,0.742876,-0.087267,-0.284943,-0.030036,-0.0699107,-0.501022,0.0143034,0.334509,-0.0426349,0.2618,0.090019,0.434199,-0.307841,0.351355,-0.447441,-0.184668,0.602176,0.0138313,0.00616029,-0.0953505,0,0,0,0,0,0,0,0,0,0,0,0,0,0,0,0,0,0,0,0,0,0,0,0,0,0,0,0,0,-0.19737,0.620515,-0.315526,-0.107069,-0.833177,-0.0559422,-0.411621,0.153628,0.198159,0.931366,-0.116627,-0.0238495,-0.0896065,-0.288062,-0.142671,-0.144527,0.633712,0.089844,0.289806,0.0264666,0.196258,-0.181459,0.294588,-0.789854,-0.22778,0.721039,-0.00233159,0.022638,-0.123477,2.46693,2.69772,6.78056,0.128693,3.82601,-5.42153,0.94004,0.0845306,-4.5364,-1.76156,0.541348,-3.42741,0.25959,-1.52604,-1.90183,-1.20456,1.91942,-0.197084,0.183542,0.0470045,0.145263,-2.13369,-0.968394,-0.420243,-0.319213,1.05425,0.0814087,0.376936,0.380997,8.49356,9.08424,-1.83152,-38.9619,-0.639351,0.656241,-8.2307,-15.2117,3.56784,-10.8269,-0.587274,0.0882561,1.82631,10.0741,1.83302,-0.94571,-0.560168,-0.268899,-1.18767,-0.079829,-0.454324,-0.0433502,0.51556,3.58995,-0.347026,-3.09435,-0.0229333,-0.701376,0.0194647,0,0,0,0,0,0,0,0,0,0,0,0,0,0,0,0,0,0,0,0,0,0,0,0,0,0,0,0,0,2.55789,2.55789,2.55789,6.3088,6.3088,1.81445,2.55789,2.55789,1.81445,6.3088,6.3088,0.907223,0.907223,1.81445,1.81445,0.907223,0.907223,1.81445,1.81445,0.907223,0.907223,0.907223,0.907223,0.907223,0.907223,1.06814,1.06814,1.06814,1.06814,40.1792,40.1792,40.1792,99.0984,99.0984,28.5012,40.1792,40.1792,28.5012,99.0984,99.0984,14.2506,14.2506,28.5012,28.5012,14.2506,14.2506,28.5012,28.5012,14.2506,14.2506,14.2506,14.2506,14.2506,14.2506,16.7783,16.7783,16.7783,16.7783,0,0,0,0,0,0,0,0,0,0,0,0,0,0,0,0,0,0,0,0,0,0,0,0,0,0,0,0,0,0,0,0,0,0,0,0,0,0,0,0,0,0,0,0,0,0,0,0,0,0,0,0,0,0,0,0,0,0,0,0,0,0,0,0,0,0,0,0,0,0,0,0,0,0,0,0,0,0,0,0,0,0,0,0,0,0,0,0,0,0,0,0,0,0,0,0,0,0,0,0,0,0,0,0,0,0,0,0,0,0,0,0,0,0,0,0,0,-0.561134,-1.48214,-1.03126,-0.423407,0.345104,-1.14238,0.306695,-0.56419,-0.159403,-0.0972118,-0.421061,-0.0684851,-0.126051,0.0292112,0.110412,-0.37345,0.205252,0.185653,1.46696,-0.631706,0.990017,0.0826875,-0.0125159,0.0169482,-0.701909,-1.27986,-3.0254,0.210677,-0.311102,-0.958398,-0.946023,-0.649698,-0.251544,0.803227,-0.00685302,-0.391889,-0.472092,-0.414904,-0.516481,-0.345888,0.0074331,0.742876,-0.087267,-0.284943,-0.030036,-0.0699107,-0.501022,0.0143034,0.334509,-0.0426349,0.2618,0.090019,0.434199,-0.307841,0.351355,-0.447441,-0.184668,0.602176,0.0138313,0.00616029,-0.0953505,0.692,-0.996073,0.0471169,-0.0749637,0.6,0,0,0.226426,0.150899,0.859211
11.2449,-4.17986,-1.31718,-0.138715,-0.34469,0.437553,-0.727532,-1.48283,-0.866199,11.2449,-4.17986,-1.31718,-0.138715,-0.34469,0.437553,-0.727532,-1.48283,-0.866199,-0.424988,0.902724,0.182152,-0.25619,-0.430677,-0.52,-0.186961,-0.412349,0.0798873,0.644164,-0.087267,-0.318087,-0.0701707,0.0514764,-0.486491,-0.0347227,0.319037,-0.0435889,0.2618,0.0855212,0.498909,-0.391016,0.394946,-0.655142,-0.263074,0.620649,0.00627253,0.0245047,-0.119211,0,0,0,0,0,0,0,0,0,0,0,0,0,0,0,0,0,0,0,0,0,0,0,0,0,0,0,0,0,-0.180748,0.652456,-0.212496,-0.103674,-0.73738,-0.154686,-0.424014,0.123977,0.0957571,0.89204,-0.108741,-0.0935478,-0.0863084,-0.298365,-0.140559,-0.133415,0.675648,0.0847452,0.262524,0.0413585,0.23554,-0.213403,0.301027,-0.786863,-0.238018,0.715514,0.00177316,0.0252355,-0.118996,-0.0209291,0.79522,4.10697,0.177823,4.27339,-4.36265,-1.22754,-2.48696,-5.25939,-2.00155,0.336417,-3.24834,0.376119,0.164349,0.771923,1.36225,2.08266,-0.190276,-1.57857,0.898224,2.41553,-1.26989,0.723481,0.446135,-0.374252,-0.793311,0.208535,-0.107996,0.159911,-2.98784,3.73275,-2.30138,-29.6776,-0.702468,0.507878,-0.796292,-13.102,6.82383,-2.47929,-0.00740903,0.212283,0.514504,6.45016,-11.5965,1.00204,-6.70696,-3.24359,2.86004,-0.109173,0.675839,-0.182145,0.039441,4.45164,1.20496,-1.02946,-0.0181016,-0.255169,0.220041,0,0,0,0,0,0,0,0,0,0,0,0,0,0,0,0,0,0,0,0,0,0,0,0,0,0,0,0,0,2.55789,2.55789,2.55789,6.3088,6.3088,1.81445,2.55789,2.55789,1.81445,6.3088,6.3088,0.907223,0.907223,1.81445,1.81445,0.907223,0.907223,1.81445,1.81445,0.907223,0.907223,0.907223,0.907223,0.907223,0.907223,1.06814,1.06814,1.06814,1.06814,40.1792,40.1792,40.1792,99.0984,99.0984,28.5012,40.1792,40.1792,28.5012,99.0984,99.0984,14.2506,14.2506,28.5012,28.5012,14.2506,14.2506,28.5012,28.5012,14.2506,14.2506,14.2506,14.2506,14.2506,14.2506,16.7783,16.7783,16.7783,16.7783,0,0,0,0,0,0,0,0,0,0,0,0,0,0,0,0,0,0,0,0,0,0,0,0,0,0,0,0,0,0,0,0,0,0,0,0,0,0,0,0,0,0,0,0,0,0,0,0,0,0,0,0,0,0,0,0,0,0,0,0,0,0,0,0,0,0,0,0,0,0,0,0,0,0,0,0,0,0,0,0,0,0,0,0,0,0,0,0,0,0,0,0,0,0,0,0,0,0,0,0,0,0,0,0,0,0,0,0,0,0,0,0,0,0,0,0,0,-0.727532,-1.48283,-0.866199,-0.535191,0.444495,-1.10925,0.271417,-1.03777,0.117371,-0.0993871,-0.599835,-0.159996,-0.274494,0.277164,-0.206353,0.228362,0.194997,0.0841941,1.64867,-0.753085,1.13756,0.328918,0.332669,0.182151,-0.891556,-1.60013,-2.63841,-0.070826,-0.192997,-0.356463,-1.18988,-0.725271,-0.424988,0.902724,0.182152,-0.25619,-0.430677,-0.52,-0.186961,-0.412349,0.0798873,0.644164,-0.087267,-0.318087,-0.0701707,0.0514764,-0.486491,-0.0347227,0.319037,-0.0435889,0.2618,0.0855212,0.498909,-0.391016,0.394946,-0.655142,-0.263074,0.620649,0.00627253,0.0245047,-0.119211,0.74,-0.996133,0.0584264,-0.0656122,0.6,0,0,0.224424,0.146296,1.01487
7.59072,-0.611132,-1.02569,-0.185018,0.225591,0.540356,-0.806802,-1.47587,-0.789902,7.59072,-0.611132,-1.02569,-0.185018,0.225591,0.540356,-0.806802,-1.47587,-0.789902,-0.597468,0.790681,0.0717616,-0.274843,-0.582977,-0.52,-0.0718403,-0.297976,-0.105701,0.580146,-0.087267,-0.260564,-0.0617743,0.0992741,-0.41446,-0.0287394,0.134629,-0.134474,0.2618,0.0809456,0.538576,-0.307545,0.372489,-0.759369,-0.305915,0.60902,0.00605928,0.00624551,-0.105236,0,0,0,0,0,0,0,0,0,0,0,0,0,0,0,0,0,0,0,0,0,0,0,0,0,0,0,0,0,-0.188723,0.666413,-0.107113,-0.0995342,-0.654747,-0.253238,-0.430804,0.0645828,0.00043156,0.833466,-0.103214,-0.153084,-0.0675395,-0.289866,-0.133286,-0.106544,0.709832,0.0819097,0.240112,0.0565701,0.292281,-0.251594,0.32082,-0.776013,-0.247598,0.696928,0.00342737,0.0241335,-0.119123,-0.640288,0.521808,5.43922,0.207373,3.61683,-4.52913,0.3111,-3.20807,-4.17272,-3.33309,0.208537,-2.66587,1.3829,0.613012,0.0815533,1.28279,1.34925,-0.192564,-0.658154,0.663439,2.8954,-1.99927,1.00659,0.537438,-0.435398,-0.654383,0.0484365,-0.0560988,-0.07102,-8.00426,8.04843,-2.10618,-16.8259,-0.628817,0.638242,9.27822,-11.2898,9.89533,1.58588,0.237577,0.0669465,-1.18209,8.72725,-10.2863,-0.109613,-6.83557,-3.26521,1.9567,-0.185527,0.371839,-0.190435,0.133126,1.23125,0.201667,-0.480312,-0.00405591,0.0869906,0.0742965,0,0,0,0,0,0,0,0,0,0,0,0,0,0,0,0,0,0,0,0,0,0,0,0,0,0,0,0,0,2.55789,2.55789,2.55789,6.3088,6.3088,1.81445,2.55789,2.55789,1.81445,6.3088,6.3088,0.907223,0.907223,1.81445,1.81445,0.907223,0.907223,1.81445,1.81445,0.907223,0.907223,0.907223,0.907223,0.907223,0.907223,1.06814,1.06814,1.06814,1.06814,40.1792,40.1792,40.1792,99.0984,99.0984,28.5012,40.1792,40.1792,28.5012,99.0984,99.0984,14.2506,14.2506,28.5012,28.5012,14.2506,14.2506,28.5012,28.5012,14.2506,14.2506,14.2506,14.2506,14.2506,14.2506,16.7783,16.7783,16.7783,16.7783,0,0,0,0,0,0,0,0,0,0,0,0,0,0,0,0,0,0,0,0,0,0,0,0,0,0,0,0,0,0,0,0,0,0,0,0,0,0,0,0,0,0,0,0,0,0,0,0,0,0,0,0,0,0,0,0,0,0,0,0,0,0,0,0,0,0,0,0,0,0,0,0,0,0,0,0,0,0,0,0,0,0,0,0,0,0,0,0,0,0,0,0,0,0,0,0,0,0,0,0,0,0,0,0,0,0,0,0,0,0,0,0,0,0,0,0,0,-0.806802,-1.47587,-0.789902,-0.521549,0.393291,-0.945011,-0.149052,-1.27542,0.226355,-0.306615,-0.697516,-0.140852,-0.238903,0.121077,-0.521358,0.438611,0.184564,0.0813316,1.44404,-0.544201,1.22801,0.0838314,0.13106,-0.241008,-0.701232,-1.41255,-2.69161,-0.25339,-0.62732,0.0044831,-1.38221,-0.594113,-0.597468,0.790681,0.0717616,-0.274843,-0.582977,-0.52,-0.0718403,-0.297976,-0.105701,0.580146,-0.087267,-0.260564,-0.0617743,0.0992741,-0.41446,-0.0287394,0.134629,-0.134474,0.2618,0.0809456,0.538576,-0.307545,0.372489,-0.759369,-0.305915,0.60902,0.00605928,0.00624551,-0.105236,0.923,-0.995497,0.068444,-0.0655751,0.6,0,0,0.211797,0.136875,1.00914
10.7997,2.89483,0.554274,-0.0616789,0.310849,1.05146,-0.869012,-1.45964,-0.730265,10.7997,2.89483,0.554274,-0.0616789,0.310849,1.05146,-0.869012,-1.45964,-0.730265,-0.322091,0.620052,-0.0272274,0.141996,-0.147656,-0.52,-0.317647,-0.917574,-0.0178888,0.239447,-0.087267,-0.350962,-0.0250417,0.342668,-0.34086,-0.147202,0.0549842,-0.159513,0.2618,0.0521295,0.459761,-0.436181,0.241058,-0.951634,-0.391902,0.616318,-0.000260855,0.0206121,-0.0847838,0,0,0,0,0,0,0,0,0,0,0,0,0,0,0,0,0,0,0,0,0,0,0,0,0,0,0,0,0,-0.219673,0.668344,-0.0405798,-0.0961606,-0.632366,-0.290258,-0.410886,-0.00304571,-0.0803451,0.758409,-0.0997939,-0.188193,-0.0275602,-0.280544,-0.130257,-0.0866392,0.721363,0.0640964,0.236256,0.0683887,0.353812,-0.266347,0.352739,-0.765023,-0.263341,0.682323,0.00430299,0.0206764,-0.116655,-1.43009,-0.22126,2.55462,0.12033,0.779567,-0.352623,1.59222,-3.41234,-3.4877,-3.70072,0.129352,-1.22591,2.02299,0.465115,0.0783288,0.792707,-0.268164,-1.17515,0.181852,0.548883,2.99929,-0.300915,2.03451,0.483873,-0.954962,-0.615326,0.0340725,-0.244325,0.145117,-11.1698,5.29294,-1.9653,-18.5058,-0.028768,-5.62243,10.0323,-3.37614,5.7662,5.43713,0.415651,0.110841,-2.33396,10.0408,-8.31416,0.101206,-8.31727,-3.63206,0.54323,-0.314568,-0.0442942,-0.305644,-1.5276,-0.38224,0.233032,-0.349561,-0.015937,-0.0300208,0.0375725,0,0,0,0,0,0,0,0,0,0,0,0,0,0,0,0,0,0,0,0,0,0,0,0,0,0,0,0,0,2.55789,2.55789,2.55789,6.3088,6.3088,1.81445,2.55789,2.55789,1.81445,6.3088,6.3088,0.907223,0.907223,1.81445,1.81445,0.907223,0.907223,1.81445,1.81445,0.907223,0.907223,0.907223,0.907223,0.907223,0.907223,1.06814,1.06814,1.06814,1.06814,40.1792,40.1792,40.1792,99.0984,99.0984,28.5012,40.1792,40.1792,28.5012,99.0984,99.0984,14.2506,14.2506,28.5012,28.5012,14.2506,14.2506,28.5012,28.5012,14.2506,14.2506,14.2506,14.2506,14.2506,14.2506,16.7783,16.7783,16.7783,16.7783,0,0,0,0,0,0,0,0,0,0,0,0,0,0,0,0,0,0,0,0,0,0,0,0,0,0,0,0,0,0,0,0,0,0,0,0,0,0,0,0,0,0,0,0,0,0,0,0,0,0,0,0,0,0,0,0,0,0,0,0,0,0,0,0,0,0,0,0,0,0,0,0,0,0,0,0,0,0,0,0,0,0,0,0,0,0,0,0,0,0,0,0,0,0,0,0,0,0,0,0,0,0,0,0,0,0,0,0,0,0,0,0,0,0,0,0,0,-0.869012,-1.45964,-0.730265,-0.791655,0.0936161,-0.777194,-0.330651,-1.7138,0.781316,-0.363705,-0.893577,-0.0570975,-0.36224,0.219036,-0.0184296,-0.010314,0.118861,-0.00350137,1.13242,-1.67579,1.0483,0.276669,-0.0497262,-0.0407882,-0.994536,-1.13802,-1.50289,-1.22498,0.614108,0.456249,-1.5694,-0.800229,-0.322091,0.620052,-0.0272274,0.141996,-0.147656,-0.52,-0.317647,-0.917574,-0.0178888,0.239447,-0.087267,-0.350962,-0.0250417,0.342668,-0.34086,-0.147202,0.0549842,-0.159513,0.2618,0.0521295,0.459761,-0.436181,0.241058,-0.951634,-0.391902,0.616318,-0.000260855,0.0206121,-0.0847838,0.556,-0.993829,0.0847126,-0.0716111,0.6,0,0,0.211797,0.136875,1.00914
10.4437,-5.72672,1.56946,-0.4584,0.133974,0.907717,-0.951511,-1.44034,-0.651696,10.4437,-5.72672,1.56946,-0.4584,0.133974,0.907717,-0.951511,-1.44034,-0.651696,-0.482702,0.197115,-0.208066,0.911934,-0.0359186,-0.52,-0.582695,-0.999835,0.0653572,-0.087267,-0.087267,-0.375971,0.0151695,0.5236,-0.455018,-0.33519,0.284662,-0.0306996,0.2618,0.0391101,0.381966,-0.310458,0.173932,-0.877858,-0.3732,0.60386,-0.00537901,-0.011539,-0.0534789,0,0,0,0,0,0,0,0,0,0,0,0,0,0,0,0,0,0,0,0,0,0,0,0,0,0,0,0,0,-0.242327,0.631256,-0.0174989,-0.0591876,-0.509697,-0.288951,-0.362694,-0.102715,-0.147509,0.653999,-0.0951771,-0.223559,0.0124395,-0.24399,-0.129398,-0.0690311,0.702415,0.0431988,0.245904,0.0741604,0.394182,-0.296388,0.389587,-0.753111,-0.282458,0.680649,0.00331726,0.0211592,-0.107572,-0.666526,-3.00944,0.721338,2.86068,5.824,0.202109,2.75562,-6.0982,-2.95648,-5.93714,0.156293,-1.90396,1.99356,3.10535,0.0701984,1.13117,-1.26478,-1.00327,0.497539,0.134005,1.50873,-1.8261,1.55014,0.742641,-0.784828,0.239125,-0.0546562,0.190274,0.513968,-1.18372,6.54347,-2.18558,2.93179,-0.825024,-6.92604,-4.96339,-18.043,9.18313,-4.93619,-0.25631,-0.114672,-2.29174,11.7257,-6.11837,-2.04361,-8.16385,-4.01238,-0.442743,-0.44764,-0.451879,-0.366407,-3.54218,-3.45176,-0.824229,-1.2688,-7.27906e-05,-0.180769,-0.159251,0,0,0,0,0,0,0,0,0,0,0,0,0,0,0,0,0,0,0,0,0,0,0,0,0,0,0,0,0,2.55789,2.55789,2.55789,6.3088,6.3088,1.81445,2.55789,2.55789,1.81445,6.3088,6.3088,0.907223,0.907223,1.81445,1.81445,0.907223,0.907223,1.81445,1.81445,0.907223,0.907223,0.907223,0.907223,0.907223,0.907223,1.06814,1.06814,1.06814,1.06814,40.1792,40.1792,40.1792,99.0984,99.0984,28.5012,40.1792,40.1792,28.5012,99.0984,99.0984,14.2506,14.2506,28.5012,28.5012,14.2506,14.2506,28.5012,28.5012,14.2506,14.2506,14.2506,14.2506,14.2506,14.2506,16.7783,16.7783,16.7783,16.7783,0,0,0,0,0,0,0,0,0,0,0,0,0,0,0,0,0,0,0,0,0,0,0,0,0,0,0,0,0,0,0,0,0,0,0,0,0,0,0,0,0,0,0,0,0,0,0,0,0,0,0,0,0,0,0,0,0,0,0,0,0,0,0,0,0,0,0,0,0,0,0,0,0,0,0,0,0,0,0,0,0,0,0,0,0,0,0,0,0,0,0,0,0,0,0,0,0,0,0,0,0,0,0,0,0,0,0,0,0,0,0,0,0,0,0,0,0,-0.951511,-1.44034,-0.651696,-1.22029,-0.0594386,-1.03749,0.193038,-1.54558,1.24525,-0.0699982,-0.850933,0.034588,-0.481348,0.0518073,-0.311758,-0.494379,0.0891748,-0.0722007,0.359996,-1.82603,0.87092,-0.154884,-0.379996,0.149021,-0.707875,-0.717829,0.692789,-2.33285,0.932756,0.372197,-1.23848,-0.857251,-0.482702,0.197115,-0.208066,0.911934,-0.0359186,-0.52,-0.582695,-0.999835,0.0653572,-0.087267,-0.087267,-0.375971,0.0151695,0.5236,-0.455018,-0.33519,0.284662,-0.0306996,0.2618,0.0391101,0.381966,-0.310458,0.173932,-0.877858,-0.3732,0.60386,-0.00537901,-0.011539,-0.0534789,0.714,-0.991502,0.105931,-0.0755105,0.6,0,0,0.221381,0.139022,1.42266
13.8782,-10.0636,-1.22583,-1.28916,-0.0336949,0.615525,-1.02024,-1.42746,-0.600399,13.8782,-10.0636,-1.22583,-1.28916,-0.0336949,0.615525,-1.02024,-1.42746,-0.600399,-0.289756,0.138874,-0.69951,1.34012,-0.178532,-0.211327,-1.2996,-1.11388,0.0835687,-0.087267,-0.087267,-0.416404,0.0472504,0.384306,-0.513538,-0.462189,0.308514,0.100658,0.2618,0.0287374,-0.0256691,-0.0514707,0.010304,-0.518466,-0.197803,0.572352,-0.00957219,-0.0860949,0.0142591,0,0,0,0,0,0,0,0,0,0,0,0,0,0,0,0,0,0,0,0,0,0,0,0,0,0,0,0,0,-0.28484,0.53212,-0.0544087,0.127456,-0.385439,-0.285012,-0.301911,-0.243589,-0.174354,0.499385,-0.0906596,-0.260991,0.0539082,-0.14505,-0.124794,-0.0426009,0.674046,0.0357587,0.25791,0.0686248,0.40505,-0.307593,0.413881,-0.72981,-0.295796,0.690167,0.00127377,0.0201863,-0.0924394,-2.27453,-6.13575,-2.12592,12.1476,5.73375,0.166209,2.80304,-7.60957,0.325798,-8.41164,0.134141,-1.77251,1.80735,6.4364,0.514028,1.45129,-1.31206,-0.0562676,0.572319,-0.29889,0.133982,-0.0110345,1.09531,1.53292,-0.51049,0.480203,-0.0964566,-0.106831,0.757726,-1.941,1.345,-0.504778,4.0592,-1.36089,-7.00609,-18.5375,-11.7486,6.91996,-6.62835,-0.581045,-0.050375,-2.23471,8.24163,-10.1746,-5.43375,-4.35915,-1.75854,-0.9134,-0.142386,-0.476259,0.00406344,-4.36595,-3.39622,-0.6247,-1.9787,-0.00639543,-0.420556,-0.154742,0,0,0,0,0,0,0,0,0,0,0,0,0,0,0,0,0,0,0,0,0,0,0,0,0,0,0,0,0,2.55789,2.55789,2.55789,6.3088,6.3088,1.81445,2.55789,2.55789,1.81445,6.3088,6.3088,0.907223,0.907223,1.81445,1.81445,0.907223,0.907223,1.81445,1.81445,0.907223,0.907223,0.907223,0.907223,0.907223,0.907223,1.06814,1.06814,1.06814,1.06814,40.1792,40.1792,40.1792,99.0984,99.0984,28.5012,40.1792,40.1792,28.5012,99.0984,99.0984,14.2506,14.2506,28.5012,28.5012,14.2506,14.2506,28.5012,28.5012,14.2506,14.2506,14.2506,14.2506,14.2506,14.2506,16.7783,16.7783,16.7783,16.7783,0,0,0,0,0,0,0,0,0,0,0,0,0,0,0,0,0,0,0,0,0,0,0,0,0,0,0,0,0,0,0,0,0,0,0,0,0,0,0,0,0,0,0,0,0,0,0,0,0,0,0,0,0,0,0,0,0,0,0,0,0,0,0,0,0,0,0,0,0,0,0,0,0,0,0,0,0,0,0,0,0,0,0,0,0,0,0,0,0,0,0,0,0,0,0,0,0,0,0,0,0,0,0,0,0,0,0,0,0,0,0,0,0,0,0,0,0,-1.02024,-1.42746,-0.600399,-1.50986,-0.432526,-1.17092,0.247422,-0.726135,0.876256,0.22951,-0.451012,0.107736,-0.749973,-0.371113,0.040625,-1.80369,0.0655242,-0.128484,0.253629,-2.03431,-0.058528,-1.15562,-1.27754,0.190545,-0.117358,0.191395,1.91387,-3.28234,0.526056,-1.31275,-0.481847,-0.949442,-0.289756,0.138874,-0.69951,1.34012,-0.178532,-0.211327,-1.2996,-1.11388,0.0835687,-0.087267,-0.087267,-0.416404,0.0472504,0.384306,-0.513538,-0.462189,0.308514,0.100658,0.2618,0.0287374,-0.0256691,-0.0514707,0.010304,-0.518466,-0.197803,0.572352,-0.00957219,-0.0860949,0.0142591,0.745,-0.989745,0.121735,-0.0747287,0.6,0,0,0.221381,0.139022,1.42266
13.2321,-8.0461,-4.16731,-2.05158,-1.04274,0.501969,-1.16749,-1.42528,-0.486561,13.2321,-8.0461,-4.16731,-2.05158,-1.04274,0.501969,-1.16749,-1.42528,-0.486561,-0.598729,0.0820507,0.000103035,0.964912,-0.689999,-0.241512,-0.986242,-0.324414,-0.0926589,-0.087267,-0.087267,-0.0996665,0.0500034,-0.08115,-0.521875,-0.501004,0.583706,0.258609,0.211659,0.0316791,-0.153374,0.214962,0.227528,-0.373382,-0.0942597,0.572252,-0.00313381,-0.0973741,-0.0167138,0,0,0,0,0,0,0,0,0,0,0,0,0,0,0,0,0,0,0,0,0,0,0,0,0,0,0,0,0,-0.335904,0.379068,-0.166493,0.420788,-0.325562,-0.268828,-0.293333,-0.40051,-0.128948,0.358633,-0.0882937,-0.275019,0.0720532,0.00644571,-0.082398,-0.00531355,0.64616,0.0537173,0.280519,0.0589813,0.333176,-0.257994,0.436112,-0.692095,-0.293649,0.701353,-0.00134287,0.0055229,-0.0682727,-1.88406,-8.09452,-5.94946,14.8766,2.55234,0.772967,-1.33356,-7.91144,3.30953,-6.07535,0.111489,-0.0818222,0.00158883,8.23025,2.97292,1.87134,-1.3744,1.35364,1.092,-0.398716,-4.95236,3.29377,1.06882,2.15637,0.593662,0.697458,-0.116709,-0.94384,1.23544,7.19326,10.5352,-6.02046,-1.36266,-1.49966,0.213549,-37.9432,-9.03023,0.42775,-6.07046,-0.605962,-1.87843,-0.548627,-3.55276,-17.3527,-8.22858,-3.59048,-1.02343,-2.54234,-0.0587553,-0.75636,0.0356834,-7.11002,0.545194,1.04629,-2.61219,-0.000579588,-0.592738,0.0494213,0,0,0,0,0,0,0,0,0,0,0,0,0,0,0,0,0,0,0,0,0,0,0,0,0,0,0,0,0,2.55789,2.55789,2.55789,6.3088,6.3088,1.81445,2.55789,2.55789,1.81445,6.3088,6.3088,0.907223,0.907223,1.81445,1.81445,0.907223,0.907223,1.81445,1.81445,0.907223,0.907223,0.907223,0.907223,0.907223,0.907223,1.06814,1.06814,1.06814,1.06814,40.1792,40.1792,40.1792,99.0984,99.0984,28.5012,40.1792,40.1792,28.5012,99.0984,99.0984,14.2506,14.2506,28.5012,28.5012,14.2506,14.2506,28.5012,28.5012,14.2506,14.2506,14.2506,14.2506,14.2506,14.2506,16.7783,16.7783,16.7783,16.7783,0,0,0,0,0,0,0,0,0,0,0,0,0,0,0,0,0,0,0,0,0,0,0,0,0,0,0,0,0,0,0,0,0,0,0,0,0,0,0,0,0,0,0,0,0,0,0,0,0,0,0,0,0,0,0,0,0,0,0,0,0,0,0,0,0,0,0,0,0,0,0,0,0,0,0,0,0,0,0,0,0,0,0,0,0,0,0,0,0,0,0,0,0,0,0,0,0,0,0,0,0,0,0,0,0,0,0,0,0,0,0,0,0,0,0,0,0,-1.16749,-1.42528,-0.486561,-1.59836,0.0627674,-1.18993,0.874888,-0.395329,-0.18503,0.589654,-0.214921,0.114013,-0.885456,-0.372454,-0.523662,-1.23139,0.0722316,-0.042064,0.149852,-0.592487,-0.349708,-1.30702,0.000188177,-0.211272,0.490136,-0.224344,0.843867,-2.54126,-0.932521,-1.39794,-0.550672,-0.22725,-0.598729,0.0820507,0.000103035,0.964912,-0.689999,-0.241512,-0.986242,-0.324414,-0.0926589,-0.087267,-0.087267,-0.0996665,0.0500034,-0.08115,-0.521875,-0.501004,0.583706,0.258609,0.211659,0.0316791,-0.153374,0.214962,0.227528,-0.373382,-0.0942597,0.572252,-0.00313381,-0.0973741,-0.0167138,0.59,-0.989431,0.13337,-0.0569091,0.6,0,0,0.226182,0.138007,3
7.44763,10.5012,2.90698,-1.18,-0.397903,0.715846,-1.33489,-1.41589,-0.353797,7.44763,10.5012,2.90698,-1.18,-0.397903,0.715846,-1.33489,-1.41589,-0.353797,-0.170943,0.0287501,0.228225,0.877554,-0.548146,-0.342287,-0.84333,-0.39947,0.0622829,-0.087267,-0.087267,0.143636,0.0351523,0.0486965,-0.348661,-0.426781,0.620529,0.2618,0.218434,-0.014745,-0.232749,0.0984471,0.280369,-0.583876,-0.174901,0.585586,-0.00733181,-0.0439408,-0.067311,0,0,0,0,0,0,0,0,0,0,0,0,0,0,0,0,0,0,0,0,0,0,0,0,0,0,0,0,0,-0.35199,0.293782,-0.150025,0.592533,-0.435637,-0.262564,-0.331132,-0.51761,-0.0587307,0.240555,-0.0869807,-0.245507,0.0536462,0.141939,-0.0321114,0.0206137,0.614323,0.0848242,0.301226,0.0489984,0.220382,-0.148465,0.465851,-0.650749,-0.273738,0.701671,-0.00164799,-0.0137908,-0.0561221,-1.20004,-1.95705,3.92298,3.2145,-6.07412,-0.0248476,-1.61684,-4.21719,2.77083,-5.57783,0.0165088,2.1417,-0.721611,4.81635,1.85477,0.383662,-1.05736,0.375768,1.89914,-0.410562,-5.45111,6.03835,1.64919,1.67914,1.1078,-0.66006,-0.00603035,-1.03841,0.388896,-7.54359,-2.84968,-3.55036,13.3042,13.8451,0.577495,-22.0165,19.1337,-6.28851,2.46107,-0.173853,0.219118,0.771493,-15.8165,-17.4912,-7.94065,0.681679,3.74456,-5.46319,0.126088,-0.308101,-0.259753,-4.93745,2.31654,1.63376,-1.57288,-0.0215265,-0.343252,0.249107,0,0,0,0,0,0,0,0,0,0,0,0,0,0,0,0,0,0,0,0,0,0,0,0,0,0,0,0,0,2.55789,2.55789,2.55789,6.3088,6.3088,1.81445,2.55789,2.55789,1.81445,6.3088,6.3088,0.907223,0.907223,1.81445,1.81445,0.907223,0.907223,1.81445,1.81445,0.907223,0.907223,0.907223,0.907223,0.907223,0.907223,1.06814,1.06814,1.06814,1.06814,40.1792,40.1792,40.1792,99.0984,99.0984,28.5012,40.1792,40.1792,28.5012,99.0984,99.0984,14.2506,14.2506,28.5012,28.5012,14.2506,14.2506,28.5012,28.5012,14.2506,14.2506,14.2506,14.2506,14.2506,14.2506,16.7783,16.7783,16.7783,16.7783,0,0,0,0,0,0,0,0,0,0,0,0,0,0,0,0,0,0,0,0,0,0,0,0,0,0,0,0,0,0,0,0,0,0,0,0,0,0,0,0,0,0,0,0,0,0,0,0,0,0,0,0,0,0,0,0,0,0,0,0,0,0,0,0,0,0,0,0,0,0,0,0,0,0,0,0,0,0,0,0,0,0,0,0,0,0,0,0,0,0,0,0,0,0,0,0,0,0,0,0,0,0,0,0,0,0,0,0,0,0,0,0,0,0,0,0,0,-1.33489,-1.41589,-0.353797,-1.42912,0.18325,-0.794982,0.958848,-0.875275,0.111033,0.655225,-0.398792,0.0801508,-0.870008,-0.193479,0.257616,-0.970384,-0.0336202,-0.0984124,0.0525072,-0.729564,-0.530691,-0.589802,0.416814,0.142011,0.224469,-0.903493,0.594744,-2.5697,-0.527989,-0.788394,-0.780448,0.327505,-0.170943,0.0287501,0.228225,0.877554,-0.548146,-0.342287,-0.84333,-0.39947,0.0622829,-0.087267,-0.087267,0.143636,0.0351523,0.0486965,-0.348661,-0.426781,0.620529,0.2618,0.218434,-0.014745,-0.232749,0.0984471,0.280369,-0.583876,-0.174901,0.585586,-0.00733181,-0.0439408,-0.067311,0.678,-0.988026,0.150014,-0.0360612,0.6,0,0,0.207929,0.127363,1.73584
5.32377,0.050815,2.00606,-0.633149,0.463322,0.0633705,-1.32819,-1.4118,-0.376059,5.32377,0.050815,2.00606,-0.633149,0.463322,0.0633705,-1.32819,-1.4118,-0.376059,0.302589,-0.236634,0.428927,0.938926,-0.32796,-0.422268,-0.807327,-0.450405,0.147524,-0.087267,-0.087267,0.225751,-0.0331031,0.356354,-0.208955,-0.373732,0.682672,0.2618,0.227733,0.0171111,-0.230898,-0.0419615,0.283659,-0.671734,-0.212595,0.596756,-0.0146047,-0.0202495,-0.0867421,0,0,0,0,0,0,0,0,0,0,0,0,0,0,0,0,0,0,0,0,0,0,0,0,0,0,0,0,0,-0.366688,0.277129,-0.0604217,0.608998,-0.492171,-0.264856,-0.355183,-0.572559,0.00381621,0.147803,-0.0871302,-0.161687,0.0425804,0.213034,-0.0206767,0.0222781,0.603419,0.104659,0.329831,0.0332862,0.120875,-0.0730043,0.480801,-0.623462,-0.247372,0.686473,-0.00313644,-0.0230549,-0.0572196,-0.540348,-0.250936,4.42846,0.406737,-1.95246,-0.130997,-1.10471,-1.83475,3.0829,-3.88826,-0.00866947,4.89921,-0.838065,2.88179,-0.0864036,0.0196426,-0.725401,1.91394,0.377511,-0.796542,-4.61645,2.65073,0.435589,1.32031,1.26353,-0.623828,-0.0705767,-0.25041,-0.178143,9.18262,-9.14144,0.396771,24.555,7.17591,-1.97169,-16.8939,11.9196,-3.92514,1.44796,0.0426325,0.0208254,0.514684,-9.97553,-9.3481,-6.45086,0.790784,1.38016,-4.24083,0.0414164,-0.939759,0.0264429,-3.25349,-0.601947,-0.0839836,-0.922754,0.0111998,-0.0891969,0.00570036,0,0,0,0,0,0,0,0,0,0,0,0,0,0,0,0,0,0,0,0,0,0,0,0,0,0,0,0,0,2.55789,2.55789,2.55789,6.3088,6.3088,1.81445,2.55789,2.55789,1.81445,6.3088,6.3088,0.907223,0.907223,1.81445,1.81445,0.907223,0.907223,1.81445,1.81445,0.907223,0.907223,0.907223,0.907223,0.907223,0.907223,1.06814,1.06814,1.06814,1.06814,40.1792,40.1792,40.1792,99.0984,99.0984,28.5012,40.1792,40.1792,28.5012,99.0984,99.0984,14.2506,14.2506,28.5012,28.5012,14.2506,14.2506,28.5012,28.5012,14.2506,14.2506,14.2506,14.2506,14.2506,14.2506,16.7783,16.7783,16.7783,16.7783,0,0,0,0,0,0,0,0,0,0,0,0,0,0,0,0,0,0,0,0,0,0,0,0,0,0,0,0,0,0,0,0,0,0,0,0,0,0,0,0,0,0,0,0,0,0,0,0,0,0,0,0,0,0,0,0,0,0,0,0,0,0,0,0,0,0,0,0,0,0,0,0,0,0,0,0,0,0,0,0,0,0,0,0,0,0,0,0,0,0,0,0,0,0,0,0,0,0,0,0,0,0,0,0,0,0,0,0,0,0,0,0,0,0,0,0,0,-1.32819,-1.4118,-0.376059,-1.30817,0.190751,-0.476438,1.10054,-1.0756,0.812523,0.697692,-0.484737,-0.0754783,-0.848806,-0.0435394,1.12244,-0.90463,0.0390149,-0.196034,-0.432171,-0.822588,-0.526471,-0.271802,0.783362,0.336368,-0.0956763,-1.16431,0.769762,-3.09398,0.0999264,-1.042,-0.962814,0.514734,0.302589,-0.236634,0.428927,0.938926,-0.32796,-0.422268,-0.807327,-0.450405,0.147524,-0.087267,-0.087267,0.225751,-0.0331031,0.356354,-0.208955,-0.373732,0.682672,0.2618,0.227733,0.0171111,-0.230898,-0.0419615,0.283659,-0.671734,-0.212595,0.596756,-0.0146047,-0.0202495,-0.0867421,0.568,-0.987387,0.15369,-0.0380359,0.6,0,0,0.207929,0.127363,1.73584
2.8731,-4.4231,-0.374824,-1.08331,0.648208,0.190994,-1.2739,-1.40571,-0.449561,2.8731,-4.4231,-0.374824,-1.08331,0.648208,0.190994,-1.2739,-1.40571,-0.449561,0.294201,-0.372929,0.435651,0.55218,-0.252139,-0.377474,-0.904561,-0.221413,0.0197653,-0.087267,-0.087267,0.353292,-0.085527,0.218552,-0.367787,-0.203495,0.620011,0.2618,0.2618,0.0153866,-0.239317,0.00746811,0.23275,-0.446518,0.0174697,0.601394,-0.0125707,-0.0237948,-0.0785486,0,0,0,0,0,0,0,0,0,0,0,0,0,0,0,0,0,0,0,0,0,0,0,0,0,0,0,0,0,-0.344158,0.263602,0.0382871,0.609431,-0.472329,-0.268071,-0.37437,-0.609759,0.0731889,0.0855185,-0.0873465,-0.0590816,0.000632661,0.287193,-0.0521875,0.0145666,0.598496,0.145651,0.323247,0.0271615,0.0345067,-0.0546592,0.478446,-0.590516,-0.223376,0.682131,-0.00615758,-0.0207841,-0.063038,2.00232,-1.08787,4.99243,0.45492,1.29135,-0.166928,-1.05339,-1.89711,3.35874,-2.597,0.000784568,4.91382,-3.02231,4.20375,-2.38838,-0.736639,0.186801,1.80999,-0.562802,-0.16968,-3.98499,0.250277,-0.562454,1.71602,1.21975,0.227973,-0.145064,0.307096,-0.280264,21.2441,-17.5884,3.1763,30.7697,6.37476,-4.09525,-14.9247,11.1512,-3.97172,-0.643106,0.0131952,-0.363317,2.01399,-5.33563,-0.459847,-4.95863,1.09766,0.00179824,-1.77668,0.012361,-0.196106,-0.079148,-2.3344,-2.66565,-0.934737,-1.59495,0.0144071,-0.282411,-0.0924846,0,0,0,0,0,0,0,0,0,0,0,0,0,0,0,0,0,0,0,0,0,0,0,0,0,0,0,0,0,2.55789,2.55789,2.55789,6.3088,6.3088,1.81445,2.55789,2.55789,1.81445,6.3088,6.3088,0.907223,0.907223,1.81445,1.81445,0.907223,0.907223,1.81445,1.81445,0.907223,0.907223,0.907223,0.907223,0.907223,0.907223,1.06814,1.06814,1.06814,1.06814,40.1792,40.1792,40.1792,99.0984,99.0984,28.5012,40.1792,40.1792,28.5012,99.0984,99.0984,14.2506,14.2506,28.5012,28.5012,14.2506,14.2506,28.5012,28.5012,14.2506,14.2506,14.2506,14.2506,14.2506,14.2506,16.7783,16.7783,16.7783,16.7783,0,0,0,0,0,0,0,0,0,0,0,0,0,0,0,0,0,0,0,0,0,0,0,0,0,0,0,0,0,0,0,0,0,0,0,0,0,0,0,0,0,0,0,0,0,0,0,0,0,0,0,0,0,0,0,0,0,0,0,0,0,0,0,0,0,0,0,0,0,0,0,0,0,0,0,0,0,0,0,0,0,0,0,0,0,0,0,0,0,0,0,0,0,0,0,0,0,0,0,0,0,0,0,0,0,0,0,0,0,0,0,0,0,0,0,0,0,-1.2739,-1.40571,-0.449561,-0.920008,0.0746743,-0.838591,0.957666,-0.562085,0.498321,0.722172,0.0398327,-0.19501,-0.55117,0.0187144,1.10712,-1.08221,0.035083,-0.168733,-0.681091,-0.404373,-0.545666,-0.319389,0.795643,0.0450669,0.017028,-1.05433,-0.333143,-2.75944,0.316147,-2.12427,-0.860678,0.805542,0.294201,-0.372929,0.435651,0.55218,-0.252139,-0.377474,-0.904561,-0.221413,0.0197653,-0.087267,-0.087267,0.353292,-0.085527,0.218552,-0.367787,-0.203495,0.620011,0.2618,0.2618,0.0153866,-0.239317,0.00746811,0.23275,-0.446518,0.0174697,0.601394,-0.0125707,-0.0237948,-0.0785486,0.559,-0.986404,0.157149,-0.048078,0.6,0,0,0.214017,0.129954,3
9.35793,-5.30757,1.62418,-1.32415,0.7907,0.141094,-1.18447,-1.39604,-0.565964,9.35793,-5.30757,1.62418,-1.32415,0.7907,0.141094,-1.18447,-1.39604,-0.565964,-0.206541,-0.0964864,0.278799,0.112551,-0.368196,-0.185042,-0.655505,-0.350936,0.172317,0.112183,-0.087267,0.445098,-0.0680547,-0.0889949,-0.468219,-0.166453,0.557952,0.2618,0.2618,0.0145038,-0.278704,0.033585,0.22206,-0.362543,0.136551,0.626541,-0.00580798,-0.00212567,-0.0912229,0,0,0,0,0,0,0,0,0,0,0,0,0,0,0,0,0,0,0,0,0,0,0,0,0,0,0,0,0,-0.264646,0.225927,0.13359,0.587541,-0.411163,-0.269727,-0.417741,-0.640359,0.121639,0.040908,-0.0869778,0.057284,-0.0984426,0.381496,-0.128998,-0.00659214,0.608068,0.182582,0.308032,0.0234903,-0.047868,-0.0386369,0.449128,-0.55256,-0.183871,0.694286,-0.00786798,-0.0136615,-0.0706667,4.08879,-1.91487,3.42293,-1.5759,2.44495,-0.0232822,-2.24157,-0.630283,1.04027,-1.76044,0.00238045,5.04804,-5.09145,4.06771,-3.46636,-0.943321,0.723635,1.44143,-0.633363,-0.144751,-3.33307,0.796141,-1.55669,1.95591,2.24517,0.795053,-0.0616598,0.359433,-0.266335,12.3232,-19.3424,3.29739,5.94625,0.106049,-3.02177,-14.1668,18.8471,-5.04734,-1.54616,-0.0356224,-0.329795,4.57026,-11.9229,-0.624088,-1.98381,-0.433413,-0.353701,-0.182768,0.0170025,0.292753,-0.0629633,-1.72167,-0.169183,0.93961,-2.36131,-0.0125849,-0.536578,0.169484,0,0,0,0,0,0,0,0,0,0,0,0,0,0,0,0,0,0,0,0,0,0,0,0,0,0,0,0,0,2.55789,2.55789,2.55789,6.3088,6.3088,1.81445,2.55789,2.55789,1.81445,6.3088,6.3088,0.907223,0.907223,1.81445,1.81445,0.907223,0.907223,1.81445,1.81445,0.907223,0.907223,0.907223,0.907223,0.907223,0.907223,1.06814,1.06814,1.06814,1.06814,40.1792,40.1792,40.1792,99.0984,99.0984,28.5012,40.1792,40.1792,28.5012,99.0984,99.0984,14.2506,14.2506,28.5012,28.5012,14.2506,14.2506,28.5012,28.5012,14.2506,14.2506,14.2506,14.2506,14.2506,14.2506,16.7783,16.7783,16.7783,16.7783,0,0,0,0,0,0,0,0,0,0,0,0,0,0,0,0,0,0,0,0,0,0,0,0,0,0,0,0,0,0,0,0,0,0,0,0,0,0,0,0,0,0,0,0,0,0,0,0,0,0,0,0,0,0,0,0,0,0,0,0,0,0,0,0,0,0,0,0,0,0,0,0,0,0,0,0,0,0,0,0,0,0,0,0,0,0,0,0,0,0,0,0,0,0,0,0,0,0,0,0,0,0,0,0,0,0,0,0,0,0,0,0,0,0,0,0,0,-1.18447,-1.39604,-0.565964,-0.83555,0.0502988,-1.06759,0.816167,-0.370613,-0.202917,0.670279,0.31135,-0.155171,-0.511588,0.356244,0.192603,-0.627352,0.03307,-0.0779586,-0.176216,-0.640925,-0.635473,-0.0285321,0.509179,0.3929,0.0765771,-1.22445,-1.58686,-1.58791,-0.0148171,-1.26042,-0.421914,1.01487,-0.206541,-0.0964864,0.278799,0.112551,-0.368196,-0.185042,-0.655505,-0.350936,0.172317,0.112183,-0.087267,0.445098,-0.0680547,-0.0889949,-0.468219,-0.166453,0.557952,0.2618,0.2618,0.0145038,-0.278704,0.033585,0.22206,-0.362543,0.136551,0.626541,-0.00580798,-0.00212567,-0.0912229,0.55,-0.984917,0.160602,-0.0643794,0.6,0,0,0.214017,0.129954,3
14.8392,5.60227,3.2896,-0.666918,0.719573,0.0716819,-1.13638,-1.38861,-0.632864,14.8392,5.60227,3.2896,-0.666918,0.719573,0.0716819,-1.13638,-1.38861,-0.632864,-0.529746,0.503747,-0.341146,-0.2553,-0.561236,0.209242,-0.465153,-0.432151,0.320183,0.370572,-0.087267,0.259105,0.0359487,-0.303715,-0.427842,-0.328204,0.620349,0.2618,0.2618,-0.030329,-0.357431,-0.0647105,-0.0227454,-0.468165,0.0641159,0.640406,-0.0113956,-0.0079619,-0.0703547,0,0,0,0,0,0,0,0,0,0,0,0,0,0,0,0,0,0,0,0,0,0,0,0,0,0,0,0,0,-0.188326,0.192916,0.164368,0.51558,-0.39714,-0.252777,-0.451372,-0.629646,0.140728,0.0372846,-0.088514,0.150288,-0.182249,0.429662,-0.18767,-0.0299522,0.625577,0.19373,0.313624,0.02075,-0.103778,-0.0203141,0.420273,-0.519992,-0.137368,0.707682,-0.00734201,-0.00506592,-0.0784915,4.10374,-1.5767,0.548581,-5.32637,0.497565,1.16268,-1.38018,1.43617,0.960383,0.726919,-0.0283558,5.02248,-4.11151,1.49724,-2.92158,-1.40353,0.975347,0.275046,0.583611,-0.110131,-2.61535,0.93712,-1.58071,1.58117,2.85133,0.714137,0.0493357,0.500265,-0.418063,-11.1155,-7.48349,2.75433,-8.19249,-0.34813,-0.145957,-4.48275,8.0595,-0.898064,3.79305,0.368819,-0.302772,5.35544,-17.8749,-2.6357,-0.704196,-1.85057,1.4062,-2.54694,0.0195051,-0.0687556,-0.101456,-1.40699,0.801511,1.44831,-2.11096,-0.0265849,-0.474471,0.24757,0,0,0,0,0,0,0,0,0,0,0,0,0,0,0,0,0,0,0,0,0,0,0,0,0,0,0,0,0,2.55789,2.55789,2.55789,6.3088,6.3088,1.81445,2.55789,2.55789,1.81445,6.3088,6.3088,0.907223,0.907223,1.81445,1.81445,0.907223,0.907223,1.81445,1.81445,0.907223,0.907223,0.907223,0.907223,0.907223,0.907223,1.06814,1.06814,1.06814,1.06814,40.1792,40.1792,40.1792,99.0984,99.0984,28.5012,40.1792,40.1792,28.5012,99.0984,99.0984,14.2506,14.2506,28.5012,28.5012,14.2506,14.2506,28.5012,28.5012,14.2506,14.2506,14.2506,14.2506,14.2506,14.2506,16.7783,16.7783,16.7783,16.7783,0,0,0,0,0,0,0,0,0,0,0,0,0,0,0,0,0,0,0,0,0,0,0,0,0,0,0,0,0,0,0,0,0,0,0,0,0,0,0,0,0,0,0,0,0,0,0,0,0,0,0,0,0,0,0,0,0,0,0,0,0,0,0,0,0,0,0,0,0,0,0,0,0,0,0,0,0,0,0,0,0,0,0,0,0,0,0,0,0,0,0,0,0,0,0,0,0,0,0,0,0,0,0,0,0,0,0,0,0,0,0,0,0,0,0,0,0,-1.13638,-1.38861,-0.632864,-1.20436,-0.507882,-0.975523,0.958437,-0.611442,-0.692501,0.613481,0.146191,0.0819667,-0.596553,0.54236,-0.397676,-0.279708,-0.0691531,-0.15296,0.920007,-0.78925,-0.814977,-0.10687,-0.623046,0.730049,-0.147546,-0.944347,-2.63587,-0.851044,-0.565319,-1.63498,0.477093,0.590784,-0.529746,0.503747,-0.341146,-0.2553,-0.561236,0.209242,-0.465153,-0.432151,0.320183,0.370572,-0.087267,0.259105,0.0359487,-0.303715,-0.427842,-0.328204,0.620349,0.2618,0.2618,-0.030329,-0.357431,-0.0647105,-0.0227454,-0.468165,0.0641159,0.640406,-0.0113956,-0.0079619,-0.0703547,0.519,-0.98345,0.164352,-0.0762558,0.6,0,0,0.226775,0.134738,3
19.4275,9.27885,3.57582,0.431734,-0.325089,-0.247182,-1.10679,-1.39458,-0.663804,19.4275,9.27885,3.57582,0.431734,-0.325089,-0.247182,-1.10679,-1.39458,-0.663804,-0.708396,0.622522,-0.146031,-0.5236,-0.580249,0.135595,-0.275726,-0.232706,0.258465,0.777143,-0.087267,0.168682,0.0990612,-0.301575,-0.399871,-0.40286,0.732987,0.207319,0.2618,4.02638e-06,-0.138483,-0.309516,-0.0774246,-0.759155,-0.0972647,0.624551,-0.0108325,0.00117925,-0.093358,0,0,0,0,0,0,0,0,0,0,0,0,0,0,0,0,0,0,0,0,0,0,0,0,0,0,0,0,0,-0.131953,0.172961,0.0843298,0.366365,-0.436497,-0.14449,-0.475527,-0.569758,0.167338,0.0950241,-0.0903371,0.203173,-0.220333,0.416807,-0.196907,-0.0312372,0.62816,0.211141,0.319464,0.00885528,-0.163381,-0.0250462,0.396935,-0.503985,-0.0788564,0.718476,-0.00805225,0.00167593,-0.0777904,2.02948,0.0743668,-6.26971,-8.49185,-1.94419,5.96485,-0.742398,4.02579,1.306,3.84437,0.0118494,1.3848,-0.867942,-2.31817,1.0047,0.262402,-0.634354,0.825243,0.2033,-0.626507,-2.84023,-0.673447,-0.51949,0.405278,2.6007,0.430995,-0.0393291,0.192373,0.121015,-21.3843,13.9141,-1.98189,-9.93651,-0.144649,-0.693588,2.63372,-4.0476,1.9268,4.09642,0.318308,-0.542328,4.51278,-17.0299,-7.99159,-4.47266,0.301352,-0.115763,-2.1339,0.0145694,-0.188541,0.014541,-5.40716,0.0536578,-0.210622,-1.66717,0.00804543,-0.423271,-0.0417446,0,0,0,0,0,0,0,0,0,0,0,0,0,0,0,0,0,0,0,0,0,0,0,0,0,0,0,0,0,2.55789,2.55789,2.55789,6.3088,6.3088,1.81445,2.55789,2.55789,1.81445,6.3088,6.3088,0.907223,0.907223,1.81445,1.81445,0.907223,0.907223,1.81445,1.81445,0.907223,0.907223,0.907223,0.907223,0.907223,0.907223,1.06814,1.06814,1.06814,1.06814,40.1792,40.1792,40.1792,99.0984,99.0984,28.5012,40.1792,40.1792,28.5012,99.0984,99.0984,14.2506,14.2506,28.5012,28.5012,14.2506,14.2506,28.5012,28.5012,14.2506,14.2506,14.2506,14.2506,14.2506,14.2506,16.7783,16.7783,16.7783,16.7783,0,0,0,0,0,0,0,0,0,0,0,0,0,0,0,0,0,0,0,0,0,0,0,0,0,0,0,0,0,0,0,0,0,0,0,0,0,0,0,0,0,0,0,0,0,0,0,0,0,0,0,0,0,0,0,0,0,0,0,0,0,0,0,0,0,0,0,0,0,0,0,0,0,0,0,0,0,0,0,0,0,0,0,0,0,0,0,0,0,0,0,0,0,0,0,0,0,0,0,0,0,0,0,0,0,0,0,0,0,0,0,0,0,0,0,0,0,-1.10679,-1.39458,-0.663804,-1.37458,-0.632556,-0.911745,1.21526,-1.27493,-0.687621,0.472707,-0.221773,0.225869,-0.126391,0.32954,-0.723949,0.0662489,9.18054e-06,-0.145401,1.13693,-0.424998,-0.315755,0.0158287,-0.266701,0.589327,-0.705728,-1.25311,-3.43664,0.308396,-0.619541,-1.85051,0.30917,0.384611,-0.708396,0.622522,-0.146031,-0.5236,-0.580249,0.135595,-0.275726,-0.232706,0.258465,0.777143,-0.087267,0.168682,0.0990612,-0.301575,-0.399871,-0.40286,0.732987,0.207319,0.2618,4.02638e-06,-0.138483,-0.309516,-0.0774246,-0.759155,-0.0972647,0.624551,-0.0108325,0.00117925,-0.093358,0.856,-0.984514,0.156769,-0.0784542,0.6,0,0,0.226775,0.134738,3
14.3304,8.46102,2.97367,1.36044,-0.981681,0.437314,-1.17048,-1.39818,-0.580337,14.3304,8.46102,2.97367,1.36044,-0.981681,0.437314,-1.17048,-1.39818,-0.580337,-0.981904,0.842194,-0.572056,-0.5236,-0.702175,0.172045,-0.340795,-0.0606516,0.352706,1.19704,-0.087267,0.0183973,0.164702,-0.300824,-0.606,-0.504645,0.92401,0.177434,0.2618,0.0402349,0.0695539,-0.369162,-0.088001,-0.986239,-0.225327,0.611654,-0.0118934,0.0112842,-0.108197,0,0,0,0,0,0,0,0,0,0,0,0,0,0,0,0,0,0,0,0,0,0,0,0,0,0,0,0,0,-0.096822,0.224228,0.00249352,0.165244,-0.473091,-0.0609943,-0.488536,-0.469868,0.187137,0.229938,-0.0921355,0.205778,-0.22556,0.336085,-0.156625,-0.0287524,0.608744,0.213544,0.31876,0.0033057,-0.170815,-0.0857155,0.401357,-0.501393,-0.0502081,0.722672,-0.00889162,0.00708056,-0.0773018,1.15552,4.11996,-2.94467,-10.3276,-1.64638,3.33597,0.0661269,5.339,0.307991,7.86909,0.0513108,-0.389906,0.463434,-5.37596,2.57979,-0.011032,-1.2345,-0.467703,0.0780899,-0.0581621,0.665765,-3.74301,0.737219,-0.209031,0.63814,0.106083,-0.0272446,0.255533,-0.0723839,-27.9381,6.38065,1.64842,-4.33683,-0.268424,-0.47839,8.98189,-3.71523,1.18704,6.14377,0.276947,-0.212569,4.38339,-9.18429,-11.3287,-5.33684,2.79698,0.489262,-1.70645,0.0297064,-0.0558261,0.12475,-7.38921,-3.56742,-1.34782,-1.76858,-0.000269955,-0.377579,-0.214637,0,0,0,0,0,0,0,0,0,0,0,0,0,0,0,0,0,0,0,0,0,0,0,0,0,0,0,0,0,2.55789,2.55789,2.55789,6.3088,6.3088,1.81445,2.55789,2.55789,1.81445,6.3088,6.3088,0.907223,0.907223,1.81445,1.81445,0.907223,0.907223,1.81445,1.81445,0.907223,0.907223,0.907223,0.907223,0.907223,0.907223,1.06814,1.06814,1.06814,1.06814,40.1792,40.1792,40.1792,99.0984,99.0984,28.5012,40.1792,40.1792,28.5012,99.0984,99.0984,14.2506,14.2506,28.5012,28.5012,14.2506,14.2506,28.5012,28.5012,14.2506,14.2506,14.2506,14.2506,14.2506,14.2506,16.7783,16.7783,16.7783,16.7783,0,0,0,0,0,0,0,0,0,0,0,0,0,0,0,0,0,0,0,0,0,0,0,0,0,0,0,0,0,0,0,0,0,0,0,0,0,0,0,0,0,0,0,0,0,0,0,0,0,0,0,0,0,0,0,0,0,0,0,0,0,0,0,0,0,0,0,0,0,0,0,0,0,0,0,0,0,0,0,0,0,0,0,0,0,0,0,0,0,0,0,0,0,0,0,0,0,0,0,0,0,0,0,0,0,0,0,0,0,0,0,0,0,0,0,0,0,-1.17048,-1.39818,-0.580337,-1.60666,-0.656671,-1.38174,1.65081,-1.7927,-0.685908,0.404568,-0.513767,0.375537,-0.0733975,0.156423,-1.22346,-0.0525891,0.0917396,-0.159641,1.53812,-0.11077,0.15859,0.151464,-1.04476,0.804204,-0.841726,-1.45229,-4.14019,1.50584,-0.967242,-1.37115,0.392279,0.0419478,-0.981904,0.842194,-0.572056,-0.5236,-0.702175,0.172045,-0.340795,-0.0606516,0.352706,1.19704,-0.087267,0.0183973,0.164702,-0.300824,-0.606,-0.504645,0.92401,0.177434,0.2618,0.0402349,0.0695539,-0.369162,-0.088001,-0.986239,-0.225327,0.611654,-0.0118934,0.0112842,-0.108197,0.69,-0.985139,0.15818,-0.0669367,0.6,0,0,0.230757,0.135776,3
8.40026,7.16806,1.61193,2.11357,-1.05469,0.788309,-1.27874,-1.39122,-0.433268,8.40026,7.16806,1.61193,2.11357,-1.05469,0.788309,-1.27874,-1.39122,-0.433268,-0.968708,1.02829,-0.546935,-0.5236,-0.856301,-0.0656734,-0.173774,0.0706344,0.209933,1.27834,-0.087267,0.0248908,0.182898,-0.330841,-0.511594,-0.430583,0.896385,0.100613,0.2618,0.0619779,0.185396,-0.305071,0.0717511,-0.999093,-0.289971,0.605354,-0.00689108,0.00433798,-0.100036,0,0,0,0,0,0,0,0,0,0,0,0,0,0,0,0,0,0,0,0,0,0,0,0,0,0,0,0,0,-0.10532,0.316044,-0.120459,-0.0109946,-0.532216,0.00307816,-0.484524,-0.350283,0.201239,0.444372,-0.092329,0.17076,-0.199984,0.201756,-0.0978009,-0.0333474,0.585114,0.189476,0.316403,0.011539,-0.11662,-0.164168,0.425047,-0.517916,-0.0547466,0.724067,-0.00943824,0.01351,-0.0801573,-1.48508,5.09887,-7.12064,-7.73794,-2.67821,2.82281,0.79808,6.15585,0.428728,11.6133,0.140374,-2.23174,2.01109,-7.52503,2.87352,-0.232984,-1.02443,-1.40092,-0.157567,0.542838,3.29269,-3.7601,1.15214,-1.38984,-0.616242,0.206293,-0.0197557,0.355489,-0.176217,-32.0899,8.76005,-0.290911,-2.15189,0.0648763,-0.335987,4.29783,-3.71967,3.28924,3.09023,-0.263774,-0.201709,3.58657,-1.3087,-19.6444,-6.48438,5.77356,2.15153,-1.28299,-0.074362,-0.273326,0.463498,-8.37528,-5.56481,-1.92906,-2.05937,-0.0192799,-0.399228,-0.29014,0,0,0,0,0,0,0,0,0,0,0,0,0,0,0,0,0,0,0,0,0,0,0,0,0,0,0,0,0,2.55789,2.55789,2.55789,6.3088,6.3088,1.81445,2.55789,2.55789,1.81445,6.3088,6.3088,0.907223,0.907223,1.81445,1.81445,0.907223,0.907223,1.81445,1.81445,0.907223,0.907223,0.907223,0.907223,0.907223,0.907223,1.06814,1.06814,1.06814,1.06814,40.1792,40.1792,40.1792,99.0984,99.0984,28.5012,40.1792,40.1792,28.5012,99.0984,99.0984,14.2506,14.2506,28.5012,28.5012,14.2506,14.2506,28.5012,28.5012,14.2506,14.2506,14.2506,14.2506,14.2506,14.2506,16.7783,16.7783,16.7783,16.7783,0,0,0,0,0,0,0,0,0,0,0,0,0,0,0,0,0,0,0,0,0,0,0,0,0,0,0,0,0,0,0,0,0,0,0,0,0,0,0,0,0,0,0,0,0,0,0,0,0,0,0,0,0,0,0,0,0,0,0,0,0,0,0,0,0,0,0,0,0,0,0,0,0,0,0,0,0,0,0,0,0,0,0,0,0,0,0,0,0,0,0,0,0,0,0,0,0,0,0,0,0,0,0,0,0,0,0,0,0,0,0,0,0,0,0,0,0,-1.27874,-1.39122,-0.433268,-1.43779,-0.29242,-1.16649,1.58783,-1.82201,-0.754351,0.229407,-0.661163,0.417025,-0.283538,0.0718625,-1.19936,0.252447,0.141316,-0.0924966,1.878,0.129002,0.42272,0.0582273,-0.998884,0.478668,-0.695592,-1.34275,-4.58072,1.73769,-1.40677,-1.26205,-0.149742,0.0567536,-0.968708,1.02829,-0.546935,-0.5236,-0.856301,-0.0656734,-0.173774,0.0706344,0.209933,1.27834,-0.087267,0.0248908,0.182898,-0.330841,-0.511594,-0.430583,0.896385,0.100613,0.2618,0.0619779,0.185396,-0.305071,0.0717511,-0.999093,-0.289971,0.605354,-0.00689108,0.00433798,-0.100036,0.678,-0.983919,0.171051,-0.051428,0.6,0,0,0.217997,0.129672,3
2.1129,4.20987,0.210899,2.56422,-0.715375,0.46749,-1.34314,-1.38278,-0.318938,2.1129,4.20987,0.210899,2.56422,-0.715375,0.46749,-1.34314,-1.38278,-0.318938,-0.843425,0.904221,-0.819854,-0.5236,-1.17363,-0.218339,-0.269982,0.208575,0.104293,1.2688,-0.087267,0.0687051,0.151781,-0.281824,-0.505408,-0.246072,0.729308,0.0159407,0.2618,0.0616358,0.420118,-0.0922065,0.236858,-0.945631,-0.286236,0.582631,0.00397374,-0.0171395,-0.0854036,0,0,0,0,0,0,0,0,0,0,0,0,0,0,0,0,0,0,0,0,0,0,0,0,0,0,0,0,0,-0.16404,0.433659,-0.240152,-0.124807,-0.618562,-0.00541817,-0.440036,-0.227681,0.180821,0.662096,-0.0898156,0.131487,-0.140609,0.0316977,-0.0520047,-0.035893,0.573055,0.151145,0.30947,0.0247566,-0.0375377,-0.213142,0.447414,-0.557272,-0.08114,0.723576,-0.00864445,0.018829,-0.0810372,-4.68967,5.88324,-5.31401,-2.39956,-3.95248,-1.13939,3.19569,5.99753,-1.92627,10.0139,0.139585,-1.68611,3.78232,-8.9742,1.69294,-0.010523,-0.282848,-1.92203,-0.40465,0.647344,3.90165,-1.893,0.889467,-2.44372,-1.64175,-0.103665,0.0503917,0.187826,-0.0457169,-21.6397,9.05889,1.28417,-20.0325,1.66794,0.327165,3.23853,-2.96412,4.01615,-1.5473,-0.602634,0.0174643,1.42561,5.39766,-16.4032,-5.59035,4.9357,2.04869,-0.665674,-0.0569372,-0.339593,0.412821,-6.22809,-4.23112,-1.55753,-1.86643,-0.0248868,-0.448208,-0.280588,0,0,0,0,0,0,0,0,0,0,0,0,0,0,0,0,0,0,0,0,0,0,0,0,0,0,0,0,0,2.55789,2.55789,2.55789,6.3088,6.3088,1.81445,2.55789,2.55789,1.81445,6.3088,6.3088,0.907223,0.907223,1.81445,1.81445,0.907223,0.907223,1.81445,1.81445,0.907223,0.907223,0.907223,0.907223,0.907223,0.907223,1.06814,1.06814,1.06814,1.06814,40.1792,40.1792,40.1792,99.0984,99.0984,28.5012,40.1792,40.1792,28.5012,99.0984,99.0984,14.2506,14.2506,28.5012,28.5012,14.2506,14.2506,28.5012,28.5012,14.2506,14.2506,14.2506,14.2506,14.2506,14.2506,16.7783,16.7783,16.7783,16.7783,0,0,0,0,0,0,0,0,0,0,0,0,0,0,0,0,0,0,0,0,0,0,0,0,0,0,0,0,0,0,0,0,0,0,0,0,0,0,0,0,0,0,0,0,0,0,0,0,0,0,0,0,0,0,0,0,0,0,0,0,0,0,0,0,0,0,0,0,0,0,0,0,0,0,0,0,0,0,0,0,0,0,0,0,0,0,0,0,0,0,0,0,0,0,0,0,0,0,0,0,0,0,0,0,0,0,0,0,0,0,0,0,0,0,0,0,0,-1.34314,-1.38278,-0.318938,-1.01709,0.0840407,-1.15238,1.20687,-1.70011,-0.642588,0.0363464,-0.652646,0.346076,-0.166774,-0.233143,-0.970557,0.0767383,0.140536,0.0533381,1.6514,0.380927,0.957911,-0.230057,-1.49732,0.237798,-0.21024,-1.14634,-5.0214,1.71049,-2.31172,-1.93326,-0.497836,0.156654,-0.843425,0.904221,-0.819854,-0.5236,-1.17363,-0.218339,-0.269982,0.208575,0.104293,1.2688,-0.087267,0.0687051,0.151781,-0.281824,-0.505408,-0.246072,0.729308,0.0159407,0.2618,0.0616358,0.420118,-0.0922065,0.236858,-0.945631,-0.286236,0.582631,0.00397374,-0.0171395,-0.0854036,0.612,-0.982376,0.182092,-0.0421853,0.6,0,0,0.217997,0.129672,3
1.26923,-4.54403,0.11446,2.24671,-0.223308,-0.0344301,-1.34529,-1.38016,-0.267014,1.26923,-4.54403,0.11446,2.24671,-0.223308,-0.0344301,-1.34529,-1.38016,-0.267014,-0.477748,0.952644,-0.470642,-0.5236,-1.18115,-0.52,-0.318063,0.118281,0.216446,1.14339,-0.087267,0.032161,0.12143,-0.264582,-0.400334,-0.171539,0.878976,0.052914,0.2618,0.0623572,0.520478,-0.0588176,0.43726,-0.87808,-0.322016,0.594889,0.00664312,0.00569984,-0.115014,0,0,0,0,0,0,0,0,0,0,0,0,0,0,0,0,0,0,0,0,0,0,0,0,0,0,0,0,0,-0.274517,0.530183,-0.378988,-0.131446,-0.764038,-0.0575472,-0.366116,-0.10841,0.136362,0.838047,-0.0870315,0.11044,-0.0591604,-0.141338,-0.0362017,-0.041104,0.571975,0.114083,0.295577,0.0347149,0.0737509,-0.199096,0.461003,-0.609834,-0.117447,0.715392,-0.00529024,0.0179186,-0.0798568,-5.70423,4.00192,-7.05935,0.456684,-6.58467,-2.74328,3.90657,5.90329,-2.19273,7.83006,0.123668,-0.708199,4.19984,-8.06405,0.0266856,-0.262084,0.405589,-1.82877,-0.759804,0.416844,5.80236,1.66867,0.342617,-2.66045,-1.793,-0.557861,0.168005,-0.158982,0.0668446,-8.66449,4.70679,0.226737,-41.1813,1.0071,0.378912,-5.71419,-1.94548,3.00162,-6.4957,-0.809155,0.0662501,-0.653393,10.4673,-13.7417,-2.64022,2.026,0.439639,0.367314,0.00692109,-0.285989,0.0588989,-3.593,-2.44146,-0.805581,-1.66221,-0.0258655,-0.433834,-0.168401,0,0,0,0,0,0,0,0,0,0,0,0,0,0,0,0,0,0,0,0,0,0,0,0,0,0,0,0,0,2.55789,2.55789,2.55789,6.3088,6.3088,1.81445,2.55789,2.55789,1.81445,6.3088,6.3088,0.907223,0.907223,1.81445,1.81445,0.907223,0.907223,1.81445,1.81445,0.907223,0.907223,0.907223,0.907223,0.907223,0.907223,1.06814,1.06814,1.06814,1.06814,40.1792,40.1792,40.1792,99.0984,99.0984,28.5012,40.1792,40.1792,28.5012,99.0984,99.0984,14.2506,14.2506,28.5012,28.5012,14.2506,14.2506,28.5012,28.5012,14.2506,14.2506,14.2506,14.2506,14.2506,14.2506,16.7783,16.7783,16.7783,16.7783,0,0,0,0,0,0,0,0,0,0,0,0,0,0,0,0,0,0,0,0,0,0,0,0,0,0,0,0,0,0,0,0,0,0,0,0,0,0,0,0,0,0,0,0,0,0,0,0,0,0,0,0,0,0,0,0,0,0,0,0,0,0,0,0,0,0,0,0,0,0,0,0,0,0,0,0,0,0,0,0,0,0,0,0,0,0,0,0,0,0,0,0,0,0,0,0,0,0,0,0,0,0,0,0,0,0,0,0,0,0,0,0,0,0,0,0,0,-1.34529,-1.38016,-0.267014,-0.847147,0.540975,-0.912801,1.54813,-1.54609,-0.603274,0.120649,-0.734229,0.276873,-0.284573,-0.0686044,-0.30271,-0.0110731,0.142181,0.0891684,1.73984,0.216019,1.18674,0.076507,-0.859548,0.493519,-0.13411,-1.5438,-4.97563,1.35285,-2.33316,-2.03793,-1.23676,0.0733303,-0.477748,0.952644,-0.470642,-0.5236,-1.18115,-0.52,-0.318063,0.118281,0.216446,1.14339,-0.087267,0.032161,0.12143,-0.264582,-0.400334,-0.171539,0.878976,0.052914,0.2618,0.0623572,0.520478,-0.0588176,0.43726,-0.87808,-0.322016,0.594889,0.00664312,0.00569984,-0.115014,0.596,-0.981884,0.184683,-0.0423673,0.6,0,0,0.208277,0.123459,3
14.8095,-22.3247,-1.64862,1.31562,0.239004,0.0521527,-1.299,-1.38242,-0.278907,14.8095,-22.3247,-1.64862,1.31562,0.239004,0.0521527,-1.299,-1.38242,-0.278907,-0.312133,1.08739,-0.227748,-0.5236,-0.993178,-0.52,-0.124345,-0.00111229,0.173847,0.883766,-0.087267,-0.0625782,0.100393,-0.16319,-0.305383,-0.133623,0.890003,0.0573008,0.2618,0.0303392,0.561714,-0.0482707,0.514111,-0.826093,-0.386308,0.608086,0.00858403,0.0246895,-0.133328,0,0,0,0,0,0,0,0,0,0,0,0,0,0,0,0,0,0,0,0,0,0,0,0,0,0,0,0,0,-0.358992,0.60523,-0.425575,-0.120725,-0.877016,-0.172673,-0.297705,0.00321591,0.116952,0.911806,-0.109134,0.092083,0.00338305,-0.267422,-0.0551748,-0.0506092,0.595492,0.0891599,0.283778,0.0411086,0.192254,-0.166126,0.46659,-0.646558,-0.160614,0.694375,-0.0021671,0.0166795,-0.0861954,-3.24304,3.34881,-0.133717,0.50308,-4.88926,-5.80515,1.65706,5.08404,0.375167,0.427005,-1.20373,-1.31127,1.61544,-4.59271,-0.799384,-0.501248,2.15767,-1.22945,-0.471863,0.25281,5.57717,1.61931,0.960962,-0.970904,-2.43297,-1.67348,0.148171,-0.216137,-0.520978,3.80186,5.32692,-1.04061,-43.1002,0.728552,0.657702,-6.10786,-8.34703,2.73863,18.6673,10.4762,0.218131,-0.0130721,8.84796,-8.28116,-1.1749,2.4052,1.08588,0.1017,0.067492,-0.37424,0.0660627,-1.1505,-2.31226,-0.121477,-0.00659427,-0.00852562,-0.0190123,0.0477158,0,0,0,0,0,0,0,0,0,0,0,0,0,0,0,0,0,0,0,0,0,0,0,0,0,0,0,0,0,2.55789,2.55789,2.55789,6.3088,6.3088,1.81445,2.55789,2.55789,1.81445,6.3088,6.3088,0.907223,0.907223,1.81445,1.81445,0.907223,0.907223,1.81445,1.81445,0.907223,0.907223,0.907223,0.907223,0.907223,0.907223,1.06814,1.06814,1.06814,1.06814,40.1792,40.1792,40.1792,99.0984,99.0984,28.5012,40.1792,40.1792,28.5012,99.0984,99.0984,14.2506,14.2506,28.5012,28.5012,14.2506,14.2506,28.5012,28.5012,14.2506,14.2506,14.2506,14.2506,14.2506,14.2506,16.7783,16.7783,16.7783,16.7783,0,0,0,0,0,0,0,0,0,0,0,0,0,0,0,0,0,0,0,0,0,0,0,0,0,0,0,0,0,0,0,0,0,0,0,0,0,0,0,0,0,0,0,0,0,0,0,0,0,0,0,0,0,0,0,0,0,0,0,0,0,0,0,0,0,0,0,0,0,0,0,0,0,0,0,0,0,0,0,0,0,0,0,0,0,0,0,0,0,0,0,0,0,0,0,0,0,0,0,0,0,0,0,0,0,0,0,0,0,0,0,0,0,0,0,0,0,-1.299,-1.38242,-0.278907,-0.760693,0.716205,-0.696304,1.57328,-1.42755,-0.372089,0.130652,-0.880822,0.228907,-0.483812,0.108532,-0.000242689,0.342719,0.0691763,0.11522,1.98592,-0.0020314,1.28076,0.331399,-0.415942,0.396389,-0.110062,-1.78961,-4.3786,0.612461,-1.79711,-1.28656,-1.9827,-0.142685,-0.312133,1.08739,-0.227748,-0.5236,-0.993178,-0.52,-0.124345,-0.00111229,0.173847,0.883766,-0.087267,-0.0625782,0.100393,-0.16319,-0.305383,-0.133623,0.890003,0.0573008,0.2618,0.0303392,0.561714,-0.0482707,0.514111,-0.826093,-0.386308,0.608086,0.00858403,0.0246895,-0.133328,0.659,-0.982311,0.180385,-0.0502718,0.6,0,0,0.208277,0.123459,3
6.26323,-6.85565,-1.62648,0.851657,0.850895,0.0598432,-1.22506,-1.37741,-0.333358,6.26323,-6.85565,-1.62648,0.851657,0.850895,0.0598432,-1.22506,-1.37741,-0.333358,-0.0146694,1.21254,0.00891165,-0.434736,-0.528938,-0.52,-0.277755,-0.471726,0.0840797,0.451888,-0.087267,-0.258499,0.0709907,0.0364376,-0.242968,-0.114892,0.660972,0.00640014,0.2618,0.0310234,0.41318,-0.263579,0.405102,-0.794536,-0.460863,0.611679,0.00628155,0.0370513,-0.113838,0,0,0,0,0,0,0,0,0,0,0,0,0,0,0,0,0,0,0,0,0,0,0,0,0,0,0,0,0,-0.388829,0.671721,-0.37652,-0.113033,-0.893715,-0.269571,-0.278204,0.0845247,0.13935,0.903209,-0.105841,0.0558677,0.0169467,-0.331447,-0.0827214,-0.059268,0.646937,0.0801459,0.276576,0.0386905,0.294962,-0.136624,0.492067,-0.655407,-0.211122,0.660442,0.000663288,0.013143,-0.0980602,-0.256349,3.2197,3.20634,0.307362,-0.12713,-3.45591,0.79893,3.22214,1.27607,-0.454768,0.3714,-1.97794,0.347252,-2.38201,-1.97947,-0.444425,2.73612,0.169122,-0.175155,-0.193117,4.61994,1.2866,1.34863,-0.270863,-2.3909,-1.50355,0.133642,-0.140333,-0.583616,4.24011,8.56996,-2.11329,-42.6571,-8.80364,0.526632,4.13704,-11.8998,-1.29559,1.1408,-0.413454,0.0349001,0.859607,9.2612,-3.02587,-0.849126,0.753372,0.212123,0.379761,0.0430964,-0.353604,-0.0651941,-0.872596,-2.18476,-0.334232,0.771532,-0.00969548,0.344764,0.0283885,0,0,0,0,0,0,0,0,0,0,0,0,0,0,0,0,0,0,0,0,0,0,0,0,0,0,0,0,0,2.55789,2.55789,2.55789,6.3088,6.3088,1.81445,2.55789,2.55789,1.81445,6.3088,6.3088,0.907223,0.907223,1.81445,1.81445,0.907223,0.907223,1.81445,1.81445,0.907223,0.907223,0.907223,0.907223,0.907223,0.907223,1.06814,1.06814,1.06814,1.06814,40.1792,40.1792,40.1792,99.0984,99.0984,28.5012,40.1792,40.1792,28.5012,99.0984,99.0984,14.2506,14.2506,28.5012,28.5012,14.2506,14.2506,28.5012,28.5012,14.2506,14.2506,14.2506,14.2506,14.2506,14.2506,16.7783,16.7783,16.7783,16.7783,0,0,0,0,0,0,0,0,0,0,0,0,0,0,0,0,0,0,0,0,0,0,0,0,0,0,0,0,0,0,0,0,0,0,0,0,0,0,0,0,0,0,0,0,0,0,0,0,0,0,0,0,0,0,0,0,0,0,0,0,0,0,0,0,0,0,0,0,0,0,0,0,0,0,0,0,0,0,0,0,0,0,0,0,0,0,0,0,0,0,0,0,0,0,0,0,0,0,0,0,0,0,0,0,0,0,0,0,0,0,0,0,0,0,0,0,0,-1.22506,-1.37741,-0.333358,-0.717986,0.467652,-0.553991,1.05106,-1.3556,0.0830814,0.014593,-1.05081,0.161866,-0.545281,0.156765,0.543024,0.0625425,0.0707363,0.0843151,2.2145,-0.861527,0.942092,0.497327,0.0162756,0.19171,-0.600986,-1.52801,-3.14758,-0.61915,-0.473214,-0.699394,-2.07803,-0.589404,-0.0146694,1.21254,0.00891165,-0.434736,-0.528938,-0.52,-0.277755,-0.471726,0.0840797,0.451888,-0.087267,-0.258499,0.0709907,0.0364376,-0.242968,-0.114892,0.660972,0.00640014,0.2618,0.0310234,0.41318,-0.263579,0.405102,-0.794536,-0.460863,0.611679,0.00628155,0.0370513,-0.113838,0.525,-0.98136,0.180806,-0.0651278,0.6,0,0,0.209278,0.1237,3
10.0664,-4.05322,1.00204,0.59034,0.649732,0.25375,-1.14402,-1.36908,-0.401318,10.0664,-4.05322,1.00204,0.59034,0.649732,0.25375,-1.14402,-1.36908,-0.401318,-0.273711,0.909876,0.0624086,-0.227881,-0.367719,-0.52,-0.286002,-0.319122,-0.0828619,0.259991,-0.087267,-0.34606,0.0140611,0.0648106,-0.380322,0.0222947,0.391605,-0.0516506,0.2618,0.0808579,0.461546,-0.266374,0.376678,-0.610561,-0.364989,0.604724,0.0110335,0.00959676,-0.0841672,0,0,0,0,0,0,0,0,0,0,0,0,0,0,0,0,0,0,0,0,0,0,0,0,0,0,0,0,0,-0.362932,0.730595,-0.270735,-0.108073,-0.80077,-0.290949,-0.255002,0.103282,0.149406,0.843419,-0.0922572,-0.0256086,0.0142264,-0.358833,-0.121491,-0.0671846,0.693688,0.0888771,0.284512,0.0409947,0.348036,-0.153734,0.512893,-0.66204,-0.255607,0.655688,0.00231019,0.0160293,-0.102427,2.51856,2.54389,5.88676,0.216797,4.36785,-0.100615,1.19227,-0.961881,-0.316377,-4.55208,0.370838,-4.66547,-0.68889,-0.525433,-1.66884,-0.72151,1.55836,0.967284,0.803233,0.119302,1.88624,-1.64827,0.828823,-0.410014,-2.05172,0.632662,0.0732473,0.438189,-0.0901965,8.33836,12.7762,-3.518,-33.7378,-0.62838,-6.16047,-4.00509,-21.6979,-1.69656,-12.1453,-2.22059,0.862022,1.29774,12.5206,-0.372731,-0.153213,-2.01381,-3.86216,-1.95366,-0.234764,-0.759383,-0.0858441,-2.29259,-1.5267,-1.10701,-1.27004,-0.0102406,-0.0422651,-0.0884977,0,0,0,0,0,0,0,0,0,0,0,0,0,0,0,0,0,0,0,0,0,0,0,0,0,0,0,0,0,2.55789,2.55789,2.55789,6.3088,6.3088,1.81445,2.55789,2.55789,1.81445,6.3088,6.3088,0.907223,0.907223,1.81445,1.81445,0.907223,0.907223,1.81445,1.81445,0.907223,0.907223,0.907223,0.907223,0.907223,0.907223,1.06814,1.06814,1.06814,1.06814,40.1792,40.1792,40.1792,99.0984,99.0984,28.5012,40.1792,40.1792,28.5012,99.0984,99.0984,14.2506,14.2506,28.5012,28.5012,14.2506,14.2506,28.5012,28.5012,14.2506,14.2506,14.2506,14.2506,14.2506,14.2506,16.7783,16.7783,16.7783,16.7783,0,0,0,0,0,0,0,0,0,0,0,0,0,0,0,0,0,0,0,0,0,0,0,0,0,0,0,0,0,0,0,0,0,0,0,0,0,0,0,0,0,0,0,0,0,0,0,0,0,0,0,0,0,0,0,0,0,0,0,0,0,0,0,0,0,0,0,0,0,0,0,0,0,0,0,0,0,0,0,0,0,0,0,0,0,0,0,0,0,0,0,0,0,0,0,0,0,0,0,0,0,0,0,0,0,0,0,0,0,0,0,0,0,0,0,0,0,-1.14402,-1.36908,-0.401318,-0.405186,0.402844,-0.867171,0.436878,-0.936119,0.147775,-0.117768,-0.832211,0.0320607,-0.272922,0.063408,0.0699277,0.0474817,0.184364,0.148099,1.66173,-0.582821,1.05237,0.128814,0.113979,-0.188933,-0.60736,-1.12975,-2.55768,-1.16639,-0.0134572,-0.298337,-2.08641,-0.78905,-0.273711,0.909876,0.0624086,-0.227881,-0.367719,-0.52,-0.286002,-0.319122,-0.0828619,0.259991,-0.087267,-0.34606,0.0140611,0.0648106,-0.380322,0.0222947,0.391605,-0.0516506,0.2618,0.0808579,0.461546,-0.266374,0.376678,-0.610561,-0.364989,0.604724,0.0110335,0.00959676,-0.0841672,0.553,-0.979725,0.182377,-0.0829316,0.6,0,0,0.229354,0.132931,3
11.2227,-6.48816,1.65194,0.236977,0.28843,0.190081,-1.10301,-1.3607,-0.434421,11.2227,-6.48816,1.65194,0.236977,0.28843,0.190081,-1.10301,-1.3607,-0.434421,-0.262509,0.77126,0.258697,0.174124,-0.161586,-0.52,-0.154524,-0.67811,-0.0141568,-0.0818634,-0.087267,-0.407523,-0.0446106,0.269801,-0.31443,-0.0314958,0.246247,-0.065651,0.2618,0.0701919,0.444434,-0.34997,0.369515,-0.809085,-0.424,0.613682,0.00207519,0.00287323,-0.0712411,0,0,0,0,0,0,0,0,0,0,0,0,0,0,0,0,0,0,0,0,0,0,0,0,0,0,0,0,0,-0.326251,0.762696,-0.169536,-0.102349,-0.685734,-0.288165,-0.234933,0.0461555,0.0983923,0.714543,-0.0893172,-0.115625,0.00487734,-0.355067,-0.137364,-0.074437,0.717854,0.0971737,0.289508,0.0563681,0.386007,-0.178595,0.52502,-0.669099,-0.288974,0.676511,0.00476915,0.0226415,-0.0997106,1.41298,0.9043,4.54445,0.297987,5.13868,0.206248,0.588883,-3.91734,-3.66418,-7.07877,0.0503953,-4.08933,-0.503576,0.908997,0.0439701,-0.337534,0.566109,0.516838,0.186524,0.899119,1.8252,-1.01549,0.40035,-0.222651,-1.27159,1.24984,0.119792,0.328964,0.205746,-1.458,3.33932,-2.21172,-14.3063,-0.937228,-6.96782,-3.83407,-5.3392,1.09561,-1.64779,-0.176403,0.432023,0.539471,10.6809,-6.69824,1.7188,-5.22796,-5.18744,-1.19268,-0.450687,-0.570779,-0.301956,-2.52594,1.05373,0.123701,-2.46875,-0.0220597,-0.545891,0.0504033,0,0,0,0,0,0,0,0,0,0,0,0,0,0,0,0,0,0,0,0,0,0,0,0,0,0,0,0,0,2.55789,2.55789,2.55789,6.3088,6.3088,1.81445,2.55789,2.55789,1.81445,6.3088,6.3088,0.907223,0.907223,1.81445,1.81445,0.907223,0.907223,1.81445,1.81445,0.907223,0.907223,0.907223,0.907223,0.907223,0.907223,1.06814,1.06814,1.06814,1.06814,40.1792,40.1792,40.1792,99.0984,99.0984,28.5012,40.1792,40.1792,28.5012,99.0984,99.0984,14.2506,14.2506,28.5012,28.5012,14.2506,14.2506,28.5012,28.5012,14.2506,14.2506,14.2506,14.2506,14.2506,14.2506,16.7783,16.7783,16.7783,16.7783,0,0,0,0,0,0,0,0,0,0,0,0,0,0,0,0,0,0,0,0,0,0,0,0,0,0,0,0,0,0,0,0,0,0,0,0,0,0,0,0,0,0,0,0,0,0,0,0,0,0,0,0,0,0,0,0,0,0,0,0,0,0,0,0,0,0,0,0,0,0,0,0,0,0,0,0,0,0,0,0,0,0,0,0,0,0,0,0,0,0,0,0,0,0,0,0,0,0,0,0,0,0,0,0,0,0,0,0,0,0,0,0,0,0,0,0,0,-1.10301,-1.3607,-0.434421,-0.527834,0.38651,-0.716933,0.105448,-1.38878,0.615173,-0.149691,-0.966762,-0.101717,-0.433135,0.183653,0.0903868,0.287602,0.160045,0.0278546,1.40857,-1.23845,1.01335,0.0385664,0.472466,-0.032279,-0.797967,-0.956246,-1.41126,-2.14128,0.574382,0.604463,-2.26214,-0.929194,-0.262509,0.77126,0.258697,0.174124,-0.161586,-0.52,-0.154524,-0.67811,-0.0141568,-0.0818634,-0.087267,-0.407523,-0.0446106,0.269801,-0.31443,-0.0314958,0.246247,-0.065651,0.2618,0.0701919,0.444434,-0.34997,0.369515,-0.809085,-0.424,0.613682,0.00207519,0.00287323,-0.0712411,0.561,-0.97801,0.186153,-0.0940414,0.6,0,0,0.229354,0.132931,3
13.1931,-10.4902,1.61812,-0.455654,-0.26278,-0.423056,-1.10392,-1.36232,-0.435602,13.1931,-10.4902,1.61812,-0.455654,-0.26278,-0.423056,-1.10392,-1.36232,-0.435602,-0.080169,0.135841,-0.232816,1.20108,0.285853,-0.52,-0.77691,-1.43526,0.173954,-0.087267,-0.087267,-0.512947,-0.0851285,0.5236,-0.483729,-0.144359,0.138569,-0.0300493,0.2618,0.0549936,0.367342,-0.375301,0.167189,-0.753622,-0.360913,0.616711,-0.00648082,0.00395507,-0.0403027,0,0,0,0,0,0,0,0,0,0,0,0,0,0,0,0,0,0,0,0,0,0,0,0,0,0,0,0,0,-0.305544,0.759518,-0.0597707,-0.057417,-0.548028,-0.284608,-0.204896,-0.0600761,0.00977542,0.528484,-0.0874673,-0.192995,0.00656064,-0.309601,-0.129536,-0.0726929,0.726326,0.0990196,0.291177,0.0708923,0.413012,-0.210769,0.521179,-0.671387,-0.306134,0.707353,0.00472662,0.0290709,-0.0909491,1.24675,-0.911291,5.71375,3.2917,6.22518,0.148026,2.32967,-5.97835,-4.46509,-10.1171,-0.0073541,-3.49434,0.78411,3.42888,0.358057,0.501557,0.532799,-0.235436,0.0350002,0.545979,1.06624,-1.75103,-0.814243,-0.00252725,-0.481077,1.67921,-0.0240927,0.362896,0.492732,-1.1293,2.38822,-1.50028,3.36877,-0.94573,-6.98202,-3.61769,-10.155,7.4138,1.81459,-0.00857645,0.115696,-1.34672,10.9104,-5.82522,0.204673,-7.27035,-4.48344,-0.876295,-0.522086,-0.53154,-0.422431,-1.53518,-1.93225,-1.20949,-3.32012,-0.0173666,-0.806451,-0.186084,0,0,0,0,0,0,0,0,0,0,0,0,0,0,0,0,0,0,0,0,0,0,0,0,0,0,0,0,0,2.55789,2.55789,2.55789,6.3088,6.3088,1.81445,2.55789,2.55789,1.81445,6.3088,6.3088,0.907223,0.907223,1.81445,1.81445,0.907223,0.907223,1.81445,1.81445,0.907223,0.907223,0.907223,0.907223,0.907223,0.907223,1.06814,1.06814,1.06814,1.06814,40.1792,40.1792,40.1792,99.0984,99.0984,28.5012,40.1792,40.1792,28.5012,99.0984,99.0984,14.2506,14.2506,28.5012,28.5012,14.2506,14.2506,28.5012,28.5012,14.2506,14.2506,14.2506,14.2506,14.2506,14.2506,16.7783,16.7783,16.7783,16.7783,0,0,0,0,0,0,0,0,0,0,0,0,0,0,0,0,0,0,0,0,0,0,0,0,0,0,0,0,0,0,0,0,0,0,0,0,0,0,0,0,0,0,0,0,0,0,0,0,0,0,0,0,0,0,0,0,0,0,0,0,0,0,0,0,0,0,0,0,0,0,0,0,0,0,0,0,0,0,0,0,0,0,0,0,0,0,0,0,0,0,0,0,0,0,0,0,0,0,0,0,0,0,0,0,0,0,0,0,0,0,0,0,0,0,0,0,0,-1.10392,-1.36232,-0.435602,-0.785173,-0.0748133,-1.10295,-0.140068,-1.26231,1.65793,-0.0685154,-0.822917,-0.194102,-0.176948,0.224303,0.4234,-0.849079,0.125391,-0.0869898,0.248091,-2.62126,0.837576,0.0530876,-0.425199,0.396633,-0.855723,-0.54097,1.51736,-3.4057,1.85037,0.701002,-1.53141,-1.16957,-0.080169,0.135841,-0.232816,1.20108,0.285853,-0.52,-0.77691,-1.43526,0.173954,-0.087267,-0.087267,-0.512947,-0.0851285,0.5236,-0.483729,-0.144359,0.138569,-0.0300493,0.2618,0.0549936,0.367342,-0.375301,0.167189,-0.753622,-0.360913,0.616711,-0.00648082,0.00395507,-0.0403027,0.57,-0.978347,0.184821,-0.0931571,0.6,0,0,0.247076,0.140306,3
11.1608,-16.4431,-2.11043,-1.91996,-0.710276,-0.664664,-1.14253,-1.37945,-0.42281,11.1608,-16.4431,-2.11043,-1.91996,-0.710276,-0.664664,-1.14253,-1.37945,-0.42281,-0.216221,0.1155,-0.497791,1.88904,-0.0591269,-0.167864,-1.30898,-1.21346,0.107155,-0.087267,-0.087267,-0.449525,-0.061393,0.5236,-0.652398,-0.435221,0.269371,0.166273,0.2618,0.00148519,-0.204502,-0.043548,-0.0812286,-0.427144,-0.129595,0.578542,-0.0142281,-0.0603725,0.0116615,0,0,0,0,0,0,0,0,0,0,0,0,0,0,0,0,0,0,0,0,0,0,0,0,0,0,0,0,0,-0.301446,0.659592,-0.0680044,0.170705,-0.332532,-0.282099,-0.178369,-0.233519,-0.0528056,0.367106,-0.087734,-0.269382,0.0192065,-0.169213,-0.117245,-0.0571797,0.747389,0.0973956,0.291512,0.0752703,0.41574,-0.248742,0.487419,-0.654696,-0.30724,0.742943,0.00215111,0.0370162,-0.0768986,0.753261,-7.68541,-2.104,15.1006,10.1007,0.0904507,0.367468,-10.595,-1.51191,-6.68467,0.0359351,-3.79621,-0.0635703,9.67195,0.860191,0.710456,1.14793,0.0514114,-0.0386669,0.0898232,-0.291307,-1.8055,-1.94983,1.60952,-0.0525326,1.60425,-0.127225,0.412183,0.712784,7.74466,-2.97767,-1.12234,10.7211,-2.2278,-6.95633,-25.5182,-22.7557,9.81119,-2.86287,-0.132347,-0.0735782,-1.60375,3.4929,-11.8251,-1.90737,-9.71048,-3.74237,-0.785126,-0.378105,-0.461644,-0.17125,-2.81263,-2.70821,-0.763976,-3.89297,-0.00516833,-0.987049,-0.143247,0,0,0,0,0,0,0,0,0,0,0,0,0,0,0,0,0,0,0,0,0,0,0,0,0,0,0,0,0,2.55789,2.55789,2.55789,6.3088,6.3088,1.81445,2.55789,2.55789,1.81445,6.3088,6.3088,0.907223,0.907223,1.81445,1.81445,0.907223,0.907223,1.81445,1.81445,0.907223,0.907223,0.907223,0.907223,0.907223,0.907223,1.06814,1.06814,1.06814,1.06814,40.1792,40.1792,40.1792,99.0984,99.0984,28.5012,40.1792,40.1792,28.5012,99.0984,99.0984,14.2506,14.2506,28.5012,28.5012,14.2506,14.2506,28.5012,28.5012,14.2506,14.2506,14.2506,14.2506,14.2506,14.2506,16.7783,16.7783,16.7783,16.7783,0,0,0,0,0,0,0,0,0,0,0,0,0,0,0,0,0,0,0,0,0,0,0,0,0,0,0,0,0,0,0,0,0,0,0,0,0,0,0,0,0,0,0,0,0,0,0,0,0,0,0,0,0,0,0,0,0,0,0,0,0,0,0,0,0,0,0,0,0,0,0,0,0,0,0,0,0,0,0,0,0,0,0,0,0,0,0,0,0,0,0,0,0,0,0,0,0,0,0,0,0,0,0,0,0,0,0,0,0,0,0,0,0,0,0,0,0,-1.14253,-1.37945,-0.42281,-1.44837,-0.641229,-1.48753,0.158172,-0.51791,1.26102,0.379119,-0.295491,-0.139982,-0.492057,-0.288022,0.174924,-1.82081,0.00338638,-0.190979,0.21094,-2.21617,-0.466285,-0.81036,-0.90913,0.244325,-0.0992938,0.156528,3.47925,-3.60817,0.866571,-1.22237,-0.382747,-1.02496,-0.216221,0.1155,-0.497791,1.88904,-0.0591269,-0.167864,-1.30898,-1.21346,0.107155,-0.087267,-0.087267,-0.449525,-0.061393,0.5236,-0.652398,-0.435221,0.269371,0.166273,0.2618,0.00148519,-0.204502,-0.043548,-0.0812286,-0.427144,-0.129595,0.578542,-0.0142281,-0.0603725,0.0116615,0.853,-0.981749,0.173005,-0.0789809,0.6,0,0,0.247076,0.140306,3
16.9623,10.0113,-7.59211,-2.0307,-1.42609,-0.0849042,-1.28386,-1.39675,-0.322521,16.9623,10.0113,-7.59211,-2.0307,-1.42609,-0.0849042,-1.28386,-1.39675,-0.322521,-0.441525,0.172613,-0.259383,1.55049,-0.393235,-0.194164,-1.15023,-0.483226,-0.101612,-0.087267,-0.087267,-0.215939,0.0273301,0.0210236,-0.618113,-0.495375,0.412462,0.217711,0.2618,0.0221099,-0.34231,0.118985,0.120332,-0.420239,-0.119615,0.574693,-0.00819338,-0.0594115,-0.0175624,0,0,0,0,0,0,0,0,0,0,0,0,0,0,0,0,0,0,0,0,0,0,0,0,0,0,0,0,0,-0.325789,0.486529,-0.121966,0.519332,-0.296823,-0.262066,-0.21988,-0.445222,-0.0490476,0.258779,-0.0863139,-0.290415,0.00699102,0.0341071,-0.0717413,-0.0408226,0.751781,0.125111,0.303722,0.0601098,0.313641,-0.217188,0.464845,-0.619474,-0.29686,0.757443,-0.00151492,0.0305673,-0.0584787,-2.90383,-8.35388,0.0245996,11.6307,-1.72059,0.467369,-3.51205,-10.1301,0.747397,-4.78524,0.0730995,0.0874808,-0.510378,9.58164,3.24294,0.506795,-0.736635,1.81118,0.662615,-0.779011,-7.43009,2.79697,-0.0619548,1.63535,0.738726,-0.0909687,-0.176107,-0.720585,0.9429,10.1528,6.13148,-13.6643,53.5265,36.9422,1.54029,-35.4616,-5.36328,3.16289,-4.46597,-0.565528,-2.23112,-0.411652,-3.39124,-21.9906,-6.19893,-6.45536,-2.05412,-2.5047,-0.126865,-0.89446,0.0331478,-7.48553,1.24166,1.72237,-3.07865,-0.0263702,-0.830702,0.176502,0,0,0,0,0,0,0,0,0,0,0,0,0,0,0,0,0,0,0,0,0,0,0,0,0,0,0,0,0,2.55789,2.55789,2.55789,6.3088,6.3088,1.81445,2.55789,2.55789,1.81445,6.3088,6.3088,0.907223,0.907223,1.81445,1.81445,0.907223,0.907223,1.81445,1.81445,0.907223,0.907223,0.907223,0.907223,0.907223,0.907223,1.06814,1.06814,1.06814,1.06814,40.1792,40.1792,40.1792,99.0984,99.0984,28.5012,40.1792,40.1792,28.5012,99.0984,99.0984,14.2506,14.2506,28.5012,28.5012,14.2506,14.2506,28.5012,28.5012,14.2506,14.2506,14.2506,14.2506,14.2506,14.2506,16.7783,16.7783,16.7783,16.7783,0,0,0,0,0,0,0,0,0,0,0,0,0,0,0,0,0,0,0,0,0,0,0,0,0,0,0,0,0,0,0,0,0,0,0,0,0,0,0,0,0,0,0,0,0,0,0,0,0,0,0,0,0,0,0,0,0,0,0,0,0,0,0,0,0,0,0,0,0,0,0,0,0,0,0,0,0,0,0,0,0,0,0,0,0,0,0,0,0,0,0,0,0,0,0,0,0,0,0,0,0,0,0,0,0,0,0,0,0,0,0,0,0,0,0,0,0,-1.28386,-1.39675,-0.322521,-1.58552,-0.181651,-1.40936,0.484435,-0.502167,0.0479359,0.496404,-0.272735,0.0623153,-0.71333,-0.339689,-0.236555,-1.53088,0.0504127,-0.109977,0.315249,-0.88253,-0.780501,-0.797461,-0.473718,-0.231685,0.271297,-0.235734,2.5138,-2.6211,-0.0862236,-1.24472,-0.442713,-0.492363,-0.441525,0.172613,-0.259383,1.55049,-0.393235,-0.194164,-1.15023,-0.483226,-0.101612,-0.087267,-0.087267,-0.215939,0.0273301,0.0210236,-0.618113,-0.495375,0.412462,0.217711,0.2618,0.0221099,-0.34231,0.118985,0.120332,-0.420239,-0.119615,0.574693,-0.00819338,-0.0594115,-0.0175624,0.727,-0.984892,0.166088,-0.0490094,0.6,0,0,0.234923,0.136315,3
1.15065,6.37662,4.34355,-0.959134,-0.839079,0.959471,-1.45427,-1.39019,-0.177574,1.15065,6.37662,4.34355,-0.959134,-0.839079,0.959471,-1.45427,-1.39019,-0.177574,-0.348465,0.178281,0.0243606,1.25973,-0.504207,-0.231693,-1.05516,-0.523131,0.0133501,-0.087267,-0.087267,-0.0674626,0.0714179,-0.0878614,-0.4913,-0.505732,0.52245,0.249809,0.200045,0.0234896,-0.384698,0.107681,0.273415,-0.584681,-0.211426,0.586951,-0.0102314,-0.032548,-0.0617019,0,0,0,0,0,0,0,0,0,0,0,0,0,0,0,0,0,0,0,0,0,0,0,0,0,0,0,0,0,-0.423152,0.373474,-0.100731,0.687244,-0.361601,-0.264383,-0.287611,-0.583525,-0.028784,0.170086,-0.0853235,-0.276803,-0.00696455,0.164079,-0.0151626,-0.0476808,0.706229,0.15795,0.316172,0.0493911,0.149609,-0.134971,0.485421,-0.594922,-0.284378,0.739989,-0.0032253,0.0131228,-0.0497,-5.71769,-3.72679,1.01335,7.56145,-2.29411,-0.082626,-3.06009,-4.37933,1.0109,-3.9104,0.0132613,0.859069,-1.13907,4.2579,1.99476,-0.894524,-3.23496,1.53827,0.318195,-0.410448,-7.92088,4.28945,1.42717,0.988169,0.741367,-1.12738,-0.065211,-0.930439,0.243944,13.2579,1.99172,-9.1015,39.5476,12.4165,2.19247,-26.8969,16.0777,-3.91365,-0.652035,-0.298358,0.109496,1.36175,-12.2512,-21.1278,-5.68549,-1.46622,-1.0715,-2.27367,-0.0175946,0.108525,-0.229177,-6.44822,1.60489,1.73814,-1.6076,-0.0163378,-0.249212,0.276433,0,0,0,0,0,0,0,0,0,0,0,0,0,0,0,0,0,0,0,0,0,0,0,0,0,0,0,0,0,2.55789,2.55789,2.55789,6.3088,6.3088,1.81445,2.55789,2.55789,1.81445,6.3088,6.3088,0.907223,0.907223,1.81445,1.81445,0.907223,0.907223,1.81445,1.81445,0.907223,0.907223,0.907223,0.907223,0.907223,0.907223,1.06814,1.06814,1.06814,1.06814,40.1792,40.1792,40.1792,99.0984,99.0984,28.5012,40.1792,40.1792,28.5012,99.0984,99.0984,14.2506,14.2506,28.5012,28.5012,14.2506,14.2506,28.5012,28.5012,14.2506,14.2506,14.2506,14.2506,14.2506,14.2506,16.7783,16.7783,16.7783,16.7783,0,0,0,0,0,0,0,0,0,0,0,0,0,0,0,0,0,0,0,0,0,0,0,0,0,0,0,0,0,0,0,0,0,0,0,0,0,0,0,0,0,0,0,0,0,0,0,0,0,0,0,0,0,0,0,0,0,0,0,0,0,0,0,0,0,0,0,0,0,0,0,0,0,0,0,0,0,0,0,0,0,0,0,0,0,0,0,0,0,0,0,0,0,0,0,0,0,0,0,0,0,0,0,0,0,0,0,0,0,0,0,0,0,0,0,0,0,-1.45427,-1.39019,-0.177574,-1.60914,0.167393,-1.12021,0.735218,-0.877111,-0.200333,0.56959,-0.482071,0.16284,-0.911938,-0.175153,-0.0665964,-1.35726,0.0535586,-0.137333,0.325599,-0.95541,-0.877149,-0.436881,0.0444904,0.0304395,0.245524,-0.828204,1.68462,-2.34244,-0.402687,-0.248904,-0.528282,-0.153821,-0.348465,0.178281,0.0243606,1.25973,-0.504207,-0.231693,-1.05516,-0.523131,0.0133501,-0.087267,-0.087267,-0.0674626,0.0714179,-0.0878614,-0.4913,-0.505732,0.52245,0.249809,0.200045,0.0234896,-0.384698,0.107681,0.273415,-0.584681,-0.211426,0.586951,-0.0102314,-0.032548,-0.0617019,0.807,-0.983735,0.178407,-0.0208841,0.6,0,0,0.199256,0.120191,3
1.21085,-2.05035,3.74787,-0.933047,0.472551,0.595316,-1.49549,-1.37314,-0.154635,1.21085,-2.05035,3.74787,-0.933047,0.472551,0.595316,-1.49549,-1.37314,-0.154635,0.0961392,-0.250649,0.413421,0.925865,-0.400135,-0.355321,-0.941969,-0.439743,0.164416,-0.087267,-0.087267,0.127806,-0.00250655,0.0605086,-0.315006,-0.510748,0.729197,0.2618,0.157094,0.04576,-0.321631,0.0314972,0.336675,-0.640083,-0.19155,0.611145,-0.0147512,-0.0218237,-0.0959224,0,0,0,0,0,0,0,0,0,0,0,0,0,0,0,0,0,0,0,0,0,0,0,0,0,0,0,0,0,-0.496011,0.333997,-0.05886,0.820418,-0.405708,-0.263502,-0.345129,-0.635485,0.00643032,0.106681,-0.0853097,-0.234203,-0.0551295,0.233937,-0.0158221,-0.0659789,0.64393,0.189016,0.30365,0.0421506,0.0064491,-0.063818,0.502554,-0.571221,-0.267582,0.716569,-0.00510468,0.00149071,-0.0519252,-2.24802,-0.939367,2.36678,5.99819,-1.84538,0.101811,-2.87031,-1.4818,1.78968,-2.65623,0.00165456,2.62633,-3.04995,2.99484,-1.40428,-0.664375,-2.79096,1.54178,-1.28798,-0.344061,-6.61755,3.09104,0.270503,1.27039,0.92403,-1.15575,-0.0894312,-0.443709,-0.180578,12.0181,-3.52627,-2.68169,6.22372,2.03861,0.76889,-21.4883,8.71463,-3.11117,-2.33737,-0.207813,0.0684448,4.41113,-14.6297,-11.4672,-5.63697,0.806594,-1.05698,-0.812787,0.0400628,0.34937,-0.351409,-3.61285,-1.30391,0.00745634,-0.962763,0.00944537,-0.0958081,0.0344035,0,0,0,0,0,0,0,0,0,0,0,0,0,0,0,0,0,0,0,0,0,0,0,0,0,0,0,0,0,2.55789,2.55789,2.55789,6.3088,6.3088,1.81445,2.55789,2.55789,1.81445,6.3088,6.3088,0.907223,0.907223,1.81445,1.81445,0.907223,0.907223,1.81445,1.81445,0.907223,0.907223,0.907223,0.907223,0.907223,0.907223,1.06814,1.06814,1.06814,1.06814,40.1792,40.1792,40.1792,99.0984,99.0984,28.5012,40.1792,40.1792,28.5012,99.0984,99.0984,14.2506,14.2506,28.5012,28.5012,14.2506,14.2506,28.5012,28.5012,14.2506,14.2506,14.2506,14.2506,14.2506,14.2506,16.7783,16.7783,16.7783,16.7783,0,0,0,0,0,0,0,0,0,0,0,0,0,0,0,0,0,0,0,0,0,0,0,0,0,0,0,0,0,0,0,0,0,0,0,0,0,0,0,0,0,0,0,0,0,0,0,0,0,0,0,0,0,0,0,0,0,0,0,0,0,0,0,0,0,0,0,0,0,0,0,0,0,0,0,0,0,0,0,0,0,0,0,0,0,0,0,0,0,0,0,0,0,0,0,0,0,0,0,0,0,0,0,0,0,0,0,0,0,0,0,0,0,0,0,0,0,-1.49549,-1.37314,-0.154635,-1.62058,0.311633,-0.718244,1.20662,-1.00343,0.137966,0.782256,-0.436754,-0.00571519,-1.00987,0.149596,0.745396,-1.15053,0.104337,-0.198,-0.457767,-0.803116,-0.733351,-0.292932,0.755043,0.374885,0.0718168,-1.28753,0.732515,-2.70911,-0.105901,-0.623562,-0.810167,0.29141,0.0961392,-0.250649,0.413421,0.925865,-0.400135,-0.355321,-0.941969,-0.439743,0.164416,-0.087267,-0.087267,0.127806,-0.00250655,0.0605086,-0.315006,-0.510748,0.729197,0.2618,0.157094,0.04576,-0.321631,0.0314972,0.336675,-0.640083,-0.19155,0.611145,-0.0147512,-0.0218237,-0.0959224,0.709,-0.980529,0.195818,-0.0147749,0.6,0,0,0.199256,0.120191,3
13.9745,-9.30118,3.69264,-1.12672,1.76704,-0.552051,-1.37619,-1.37039,-0.298566,13.9745,-9.30118,3.69264,-1.12672,1.76704,-0.552051,-1.37619,-1.37039,-0.298566,0.157661,-0.564997,0.633265,0.263352,-0.326411,-0.287198,-0.804081,-0.216537,0.193277,-0.087267,-0.087267,0.513282,-0.129461,0.116087,-0.271373,-0.396367,0.792483,0.2618,0.2618,0.0578935,-0.245168,0.0779698,0.357797,-0.571115,-0.0237433,0.624733,-0.0154206,-0.0281284,-0.121619,0,0,0,0,0,0,0,0,0,0,0,0,0,0,0,0,0,0,0,0,0,0,0,0,0,0,0,0,0,-0.462562,0.307276,0.0240124,0.87201,-0.405928,-0.263915,-0.416488,-0.665477,0.0737141,0.062306,-0.0852475,-0.15089,-0.143609,0.315685,-0.0938809,-0.0783931,0.613672,0.215011,0.267274,0.0404799,-0.0955676,-0.0265058,0.48344,-0.547264,-0.238065,0.693877,-0.00758308,-0.00434743,-0.0615081,3.39256,-1.84171,4.40224,0.784268,0.0786203,-0.0929611,-3.71795,-1.33418,3.37073,-2.17239,-0.032012,4.61812,-4.74273,4.38146,-4.87096,-0.445795,-0.604169,1.01148,-1.78572,0.00268866,-4.2259,1.25222,-1.52845,1.06476,1.70446,-1.14529,-0.137056,-0.271714,-0.471179,14.2732,-18.0214,4.2527,-0.864642,-0.0383227,-2.45045,-11.3306,12.6679,-3.78881,-1.82555,0.118234,-0.141545,6.34052,-15.0496,2.30876,-5.66628,2.36766,-0.553407,0.0944498,0.0786463,0.622983,-0.345684,-0.803547,-2.22453,-0.814502,-0.137898,0.0188469,-0.0187059,-0.0597126,0,0,0,0,0,0,0,0,0,0,0,0,0,0,0,0,0,0,0,0,0,0,0,0,0,0,0,0,0,2.55789,2.55789,2.55789,6.3088,6.3088,1.81445,2.55789,2.55789,1.81445,6.3088,6.3088,0.907223,0.907223,1.81445,1.81445,0.907223,0.907223,1.81445,1.81445,0.907223,0.907223,0.907223,0.907223,0.907223,0.907223,1.06814,1.06814,1.06814,1.06814,40.1792,40.1792,40.1792,99.0984,99.0984,28.5012,40.1792,40.1792,28.5012,99.0984,99.0984,14.2506,14.2506,28.5012,28.5012,14.2506,14.2506,28.5012,28.5012,14.2506,14.2506,14.2506,14.2506,14.2506,14.2506,16.7783,16.7783,16.7783,16.7783,0,0,0,0,0,0,0,0,0,0,0,0,0,0,0,0,0,0,0,0,0,0,0,0,0,0,0,0,0,0,0,0,0,0,0,0,0,0,0,0,0,0,0,0,0,0,0,0,0,0,0,0,0,0,0,0,0,0,0,0,0,0,0,0,0,0,0,0,0,0,0,0,0,0,0,0,0,0,0,0,0,0,0,0,0,0,0,0,0,0,0,0,0,0,0,0,0,0,0,0,0,0,0,0,0,0,0,0,0,0,0,0,0,0,0,0,0,-1.37619,-1.37039,-0.298566,-1.35978,0.359792,-0.618758,1.35092,-0.846179,0.264691,0.891148,-0.0541371,-0.295184,-0.762534,0.331978,0.857756,-0.898702,0.132003,-0.206985,-1.03187,-0.395468,-0.559008,-0.377559,1.15655,0.440691,0.177779,-1.63246,-1.15681,-2.41493,0.104343,-1.75824,-0.65484,1.17033,0.157661,-0.564997,0.633265,0.263352,-0.326411,-0.287198,-0.804081,-0.216537,0.193277,-0.087267,-0.087267,0.513282,-0.129461,0.116087,-0.271373,-0.396367,0.792483,0.2618,0.2618,0.0578935,-0.245168,0.0779698,0.357797,-0.571115,-0.0237433,0.624733,-0.0154206,-0.0281284,-0.121619,0.72,-0.979986,0.195311,-0.0384963,0.6,0,0,0.193089,0.114867,3
12.3996,7.13311,0.490557,-1.07569,1.13296,-1.71322,-1.21009,-1.39463,-0.496114,12.3996,7.13311,0.490557,-1.07569,1.13296,-1.71322,-1.21009,-1.39463,-0.496114,-0.273427,-0.119957,0.168661,-0.223191,-0.365062,0.0963009,-0.418345,-0.210006,0.288172,0.306889,-0.087267,0.59362,-0.132313,-0.12192,-0.285147,-0.411652,0.758511,0.2618,0.2618,0.0335089,-0.219914,0.0110093,0.306517,-0.459242,0.102526,0.656716,-0.0137361,-0.0246004,-0.118602,0,0,0,0,0,0,0,0,0,0,0,0,0,0,0,0,0,0,0,0,0,0,0,0,0,0,0,0,0,-0.350489,0.24301,0.134114,0.757645,-0.382046,-0.264408,-0.519616,-0.68273,0.153281,0.0145345,-0.0858578,0.0166346,-0.239672,0.426343,-0.175273,-0.0601548,0.624111,0.234057,0.246704,0.0434676,-0.165292,0.00672819,0.42362,-0.526619,-0.18516,0.701171,-0.0101757,-0.00783078,-0.0774284,5.40483,-3.59066,4.57814,-7.83897,0.889699,0.0187657,-5.11725,0.0704181,3.12364,-2.02567,-0.0350086,8.35931,-4.42635,4.65835,-3.02228,0.98971,0.739355,0.493095,-0.0478648,0.192437,-2.21566,1.35806,-2.88157,0.674254,2.41522,0.692738,-0.0772702,0.0318381,-0.718213,6.8115,-23.721,8.22876,-1.87796,-0.190019,-0.675679,1.35526,19.1099,-4.699,2.5865,0.0625828,-0.380028,5.42788,-17.3821,2.6895,-5.7314,1.73353,-0.231764,0.785726,0.0429152,0.978365,-0.243103,1.66672,-1.27331,0.110809,-2.05106,-0.00227783,-0.354392,0.0218501,0,0,0,0,0,0,0,0,0,0,0,0,0,0,0,0,0,0,0,0,0,0,0,0,0,0,0,0,0,2.55789,2.55789,2.55789,6.3088,6.3088,1.81445,2.55789,2.55789,1.81445,6.3088,6.3088,0.907223,0.907223,1.81445,1.81445,0.907223,0.907223,1.81445,1.81445,0.907223,0.907223,0.907223,0.907223,0.907223,0.907223,1.06814,1.06814,1.06814,1.06814,40.1792,40.1792,40.1792,99.0984,99.0984,28.5012,40.1792,40.1792,28.5012,99.0984,99.0984,14.2506,14.2506,28.5012,28.5012,14.2506,14.2506,28.5012,28.5012,14.2506,14.2506,14.2506,14.2506,14.2506,14.2506,16.7783,16.7783,16.7783,16.7783,0,0,0,0,0,0,0,0,0,0,0,0,0,0,0,0,0,0,0,0,0,0,0,0,0,0,0,0,0,0,0,0,0,0,0,0,0,0,0,0,0,0,0,0,0,0,0,0,0,0,0,0,0,0,0,0,0,0,0,0,0,0,0,0,0,0,0,0,0,0,0,0,0,0,0,0,0,0,0,0,0,0,0,0,0,0,0,0,0,0,0,0,0,0,0,0,0,0,0,0,0,0,0,0,0,0,0,0,0,0,0,0,0,0,0,0,0,-1.21009,-1.39463,-0.496114,-1.39463,0.24287,-0.650165,1.27346,-0.591099,-0.27799,0.82297,0.23377,-0.301687,-0.687173,0.761278,0.0704474,-0.194221,0.0764037,-0.184376,-0.219081,-0.38354,-0.501427,-0.330202,0.30803,0.657061,0.0251023,-1.59195,-2.54431,-1.03265,-0.00587955,-0.937857,0.219576,1.35351,-0.273427,-0.119957,0.168661,-0.223191,-0.365062,0.0963009,-0.418345,-0.210006,0.288172,0.306889,-0.087267,0.59362,-0.132313,-0.12192,-0.285147,-0.411652,0.758511,0.2618,0.2618,0.0335089,-0.219914,0.0110093,0.306517,-0.459242,0.102526,0.656716,-0.0137361,-0.0246004,-0.118602,0.635,-0.984094,0.167215,-0.059979,0.6,0,0,0.193089,0.114867,3
11.3925,6.53281,1.21133,-0.368085,0.868175,-1.05472,-1.06891,-1.40963,-0.651569,11.3925,6.53281,1.21133,-0.368085,0.868175,-1.05472,-1.06891,-1.40963,-0.651569,-0.512181,0.448369,-0.364647,-0.420495,-0.423448,0.176356,-0.222482,-0.141135,0.305914,0.5381,-0.087267,0.270801,0.0230438,-0.37635,-0.234558,-0.442285,0.798014,0.2618,0.2618,-0.0213849,-0.225159,-0.218708,-0.0170341,-0.572618,0.0539481,0.656352,-0.0186844,-0.0167068,-0.0881882,0,0,0,0,0,0,0,0,0,0,0,0,0,0,0,0,0,0,0,0,0,0,0,0,0,0,0,0,0,-0.270824,0.183129,0.150568,0.572266,-0.374803,-0.19146,-0.586358,-0.650191,0.200409,0.0304506,-0.0899642,0.160423,-0.296649,0.47041,-0.213358,-0.0508689,0.629249,0.238184,0.256704,0.0423591,-0.186969,0.013055,0.38339,-0.517281,-0.144636,0.710166,-0.0108889,-0.00802461,-0.0906784,3.63149,-2.55486,-1.54054,-11.5177,0.254967,4.90389,-2.20089,3.06141,2.12335,2.63539,-0.094076,7.43571,-2.08368,0.634209,-1.41282,0.159361,-0.0819452,0.0331194,0.820697,-0.108985,-0.584421,-0.0727485,-1.7075,0.405884,2.16225,0.32614,-0.0267608,-0.0422195,-0.678775,-9.57144,-5.14502,3.60325,-8.89658,-0.734838,-0.602413,13.1499,10.7422,-1.47206,12.787,1.02299,-0.531492,4.37281,-18.714,0.701686,-5.36171,1.84494,0.529003,-1.24546,-0.0230185,0.142464,0.000826456,0.521231,0.448124,1.59871,-1.28765,-0.0189447,-0.242163,0.259498,0,0,0,0,0,0,0,0,0,0,0,0,0,0,0,0,0,0,0,0,0,0,0,0,0,0,0,0,0,2.55789,2.55789,2.55789,6.3088,6.3088,1.81445,2.55789,2.55789,1.81445,6.3088,6.3088,0.907223,0.907223,1.81445,1.81445,0.907223,0.907223,1.81445,1.81445,0.907223,0.907223,0.907223,0.907223,0.907223,0.907223,1.06814,1.06814,1.06814,1.06814,40.1792,40.1792,40.1792,99.0984,99.0984,28.5012,40.1792,40.1792,28.5012,99.0984,99.0984,14.2506,14.2506,28.5012,28.5012,14.2506,14.2506,28.5012,28.5012,14.2506,14.2506,14.2506,14.2506,14.2506,14.2506,16.7783,16.7783,16.7783,16.7783,0,0,0,0,0,0,0,0,0,0,0,0,0,0,0,0,0,0,0,0,0,0,0,0,0,0,0,0,0,0,0,0,0,0,0,0,0,0,0,0,0,0,0,0,0,0,0,0,0,0,0,0,0,0,0,0,0,0,0,0,0,0,0,0,0,0,0,0,0,0,0,0,0,0,0,0,0,0,0,0,0,0,0,0,0,0,0,0,0,0,0,0,0,0,0,0,0,0,0,0,0,0,0,0,0,0,0,0,0,0,0,0,0,0,0,0,0,-1.06891,-1.40963,-0.651569,-1.46447,-0.494859,-0.534816,1.36353,-0.849606,-0.858116,0.707228,0.123007,0.0525422,-0.623454,0.756397,-0.365597,0.163489,-0.0487597,-0.250794,0.818868,-0.257759,-0.513385,-0.224249,-0.665966,0.697514,-0.498677,-1.18372,-3.10697,-0.373295,-0.172383,-1.6873,0.40211,0.617454,-0.512181,0.448369,-0.364647,-0.420495,-0.423448,0.176356,-0.222482,-0.141135,0.305914,0.5381,-0.087267,0.270801,0.0230438,-0.37635,-0.234558,-0.442285,0.798014,0.2618,0.2618,-0.0213849,-0.225159,-0.218708,-0.0170341,-0.572618,0.0539481,0.656352,-0.0186844,-0.0167068,-0.0881882,0.637,-0.987041,0.14068,-0.077198,0.6,0,0,0.216717,0.128455,3
12.843,1.57652,-1.02245,0.377978,0.393959,-0.391915,-0.944841,-1.41536,-0.775001,12.843,1.57652,-1.02245,0.377978,0.393959,-0.391915,-0.944841,-1.41536,-0.775001,-0.560462,0.833507,-0.598457,-0.5236,-0.860029,0.127621,-0.454176,-0.205199,0.290824,0.749684,-0.087267,0.0599951,0.159061,-0.466078,-0.330152,-0.376114,0.784277,0.212291,0.2618,-0.0696949,-0.236554,-0.359868,-0.151097,-0.830974,-0.075194,0.615545,-0.0228437,0.0150926,-0.0742764,0,0,0,0,0,0,0,0,0,0,0,0,0,0,0,0,0,0,0,0,0,0,0,0,0,0,0,0,0,-0.233516,0.180417,0.0353791,0.33609,-0.384742,-0.0913561,-0.579898,-0.547848,0.22631,0.125856,-0.0920042,0.227679,-0.288741,0.420001,-0.208797,-0.0513632,0.618603,0.238401,0.277344,0.0274221,-0.192421,-0.0367108,0.358156,-0.515789,-0.104566,0.7176,-0.0125881,-0.00723755,-0.0942442,0.475808,2.13071,-7.4589,-11.6697,-0.518206,4.58282,1.88176,6.46012,0.731354,5.65587,0.0214063,1.3124,2.02586,-4.60527,1.52473,-0.317612,-0.666653,-0.364529,1.13871,-0.751484,0.0108256,-3.18809,-0.801742,-0.0687631,1.8492,0.440659,-0.0861647,0.0947633,-0.00631097,-13.1061,6.71312,2.35843,-2.92086,-0.606719,-0.689872,10.3216,0.841972,0.789121,6.47309,0.444131,-0.7159,2.89593,-15.2202,-3.03349,-5.37318,3.13665,1.1536,-2.48324,0.0056489,-0.420662,0.222624,-4.54004,-0.758379,0.597651,-1.48027,-0.00903277,-0.249513,0.117105,0,0,0,0,0,0,0,0,0,0,0,0,0,0,0,0,0,0,0,0,0,0,0,0,0,0,0,0,0,2.55789,2.55789,2.55789,6.3088,6.3088,1.81445,2.55789,2.55789,1.81445,6.3088,6.3088,0.907223,0.907223,1.81445,1.81445,0.907223,0.907223,1.81445,1.81445,0.907223,0.907223,0.907223,0.907223,0.907223,0.907223,1.06814,1.06814,1.06814,1.06814,40.1792,40.1792,40.1792,99.0984,99.0984,28.5012,40.1792,40.1792,28.5012,99.0984,99.0984,14.2506,14.2506,28.5012,28.5012,14.2506,14.2506,28.5012,28.5012,14.2506,14.2506,14.2506,14.2506,14.2506,14.2506,16.7783,16.7783,16.7783,16.7783,0,0,0,0,0,0,0,0,0,0,0,0,0,0,0,0,0,0,0,0,0,0,0,0,0,0,0,0,0,0,0,0,0,0,0,0,0,0,0,0,0,0,0,0,0,0,0,0,0,0,0,0,0,0,0,0,0,0,0,0,0,0,0,0,0,0,0,0,0,0,0,0,0,0,0,0,0,0,0,0,0,0,0,0,0,0,0,0,0,0,0,0,0,0,0,0,0,0,0,0,0,0,0,0,0,0,0,0,0,0,0,0,0,0,0,0,0,-0.944841,-1.41536,-0.775001,-1.3136,-0.800537,-0.752779,1.33221,-1.43868,-1.0627,0.484045,-0.17145,0.362674,-0.384138,0.208658,-0.453773,-0.25966,-0.158911,-0.306624,1.52226,-0.374761,-0.539367,0.202582,-1.09298,0.663108,-0.820536,-0.996986,-3.82413,0.230092,-1.4174,-2.61568,0.290989,0.136795,-0.560462,0.833507,-0.598457,-0.5236,-0.860029,0.127621,-0.454176,-0.205199,0.290824,0.749684,-0.087267,0.0599951,0.159061,-0.466078,-0.330152,-0.376114,0.784277,0.212291,0.2618,-0.0696949,-0.236554,-0.359868,-0.151097,-0.830974,-0.075194,0.615545,-0.0228437,0.0150926,-0.0742764,0.635,-0.987944,0.125459,-0.0906994,0.6,0,0,0.216717,0.128455,3
15.0624,9.73368,1.85337,1.5953,-0.952279,-0.487755,-0.94216,-1.42698,-0.75496,15.0624,9.73368,1.85337,1.5953,-0.952279,-0.487755,-0.94216,-1.42698,-0.75496,-0.672902,0.754224,-0.61694,-0.5236,-0.846704,0.0366991,-0.423507,0.110089,0.42169,1.00362,-0.087267,-0.0309563,0.182771,-0.395176,-0.498443,-0.433003,1.06451,0.207486,0.2618,-0.00377224,0.0211507,-0.463129,-0.0279731,-1.04906,-0.253964,0.629923,-0.0217122,0.0381255,-0.104122,0,0,0,0,0,0,0,0,0,0,0,0,0,0,0,0,0,0,0,0,0,0,0,0,0,0,0,0,0,-0.208563,0.255179,-0.117523,0.106341,-0.505181,-0.0258049,-0.542553,-0.401666,0.226841,0.268447,-0.0915049,0.207405,-0.258368,0.291481,-0.163668,-0.0433112,0.589624,0.225351,0.300199,0.00332029,-0.192123,-0.119524,0.35361,-0.535847,-0.0727484,0.723089,-0.0151324,0.00416118,-0.0872919,0.93878,4.91095,-7.54924,-10.7431,-5.67157,2.63585,1.92712,7.48056,-0.835928,7.52498,0.104266,-2.00585,1.78198,-7.54492,2.86457,1.01647,-1.76088,-0.860321,0.869886,-1.16068,0.0104865,-4.16556,-0.0643775,-1.62365,1.28284,0.260031,-0.122649,0.673599,0.428809,-16.8996,11.605,-0.305112,4.91857,0.627588,-0.439643,-1.1111,-10.7566,2.97563,1.23609,-0.172987,-0.38256,4.48593,-8.65362,-9.62255,-5.54111,4.29968,1.08272,-2.76252,0.0225314,-0.652403,0.318177,-7.129,-2.87726,-1.22907,-2.07847,0.00207777,-0.526326,-0.236599,0,0,0,0,0,0,0,0,0,0,0,0,0,0,0,0,0,0,0,0,0,0,0,0,0,0,0,0,0,2.55789,2.55789,2.55789,6.3088,6.3088,1.81445,2.55789,2.55789,1.81445,6.3088,6.3088,0.907223,0.907223,1.81445,1.81445,0.907223,0.907223,1.81445,1.81445,0.907223,0.907223,0.907223,0.907223,0.907223,0.907223,1.06814,1.06814,1.06814,1.06814,40.1792,40.1792,40.1792,99.0984,99.0984,28.5012,40.1792,40.1792,28.5012,99.0984,99.0984,14.2506,14.2506,28.5012,28.5012,14.2506,14.2506,28.5012,28.5012,14.2506,14.2506,14.2506,14.2506,14.2506,14.2506,16.7783,16.7783,16.7783,16.7783,0,0,0,0,0,0,0,0,0,0,0,0,0,0,0,0,0,0,0,0,0,0,0,0,0,0,0,0,0,0,0,0,0,0,0,0,0,0,0,0,0,0,0,0,0,0,0,0,0,0,0,0,0,0,0,0,0,0,0,0,0,0,0,0,0,0,0,0,0,0,0,0,0,0,0,0,0,0,0,0,0,0,0,0,0,0,0,0,0,0,0,0,0,0,0,0,0,0,0,0,0,0,0,0,0,0,0,0,0,0,0,0,0,0,0,0,0,-0.94216,-1.42698,-0.75496,-1.44331,-0.519801,-1.1365,1.97118,-1.93593,-0.90104,0.47309,-0.579063,0.416737,-0.00529216,0.40165,-0.659126,-0.203649,-0.00860109,-0.291436,1.37746,0.201059,0.0482257,0.511745,-1.12674,0.961495,-1.05598,-1.3976,-4.14508,0.95425,-1.3794,-1.67656,0.0836776,-0.0705834,-0.672902,0.754224,-0.61694,-0.5236,-0.846704,0.0366991,-0.423507,0.110089,0.42169,1.00362,-0.087267,-0.0309563,0.182771,-0.395176,-0.498443,-0.433003,1.06451,0.207486,0.2618,-0.00377224,0.0211507,-0.463129,-0.0279731,-1.04906,-0.253964,0.629923,-0.0217122,0.0381255,-0.104122,0.674,-0.989676,0.115925,-0.0842809,0.6,0,0,0.237197,0.142386,3
4.42832,3.4176,0.0810631,1.99329,-0.783776,-0.557231,-0.97947,-1.44516,-0.680084,4.42832,3.4176,0.0810631,1.99329,-0.783776,-0.557231,-0.97947,-1.44516,-0.680084,-0.663347,0.903843,-0.500624,-0.5236,-0.9573,-0.263495,-0.224606,0.221889,0.271544,1.0636,-0.087267,-0.0148924,0.158621,-0.292304,-0.40738,-0.33481,0.953573,0.11002,0.2618,0.0390129,0.251402,-0.330239,0.156985,-1.04127,-0.32115,0.61766,-0.00986138,0.0205238,-0.100937,0,0,0,0,0,0,0,0,0,0,0,0,0,0,0,0,0,0,0,0,0,0,0,0,0,0,0,0,0,-0.207842,0.363912,-0.254804,-0.0747708,-0.59762,-0.00298069,-0.509552,-0.244507,0.235756,0.445845,-0.090597,0.152606,-0.219241,0.131465,-0.111667,-0.0229205,0.568386,0.198331,0.303513,-0.00220899,-0.146626,-0.212918,0.355615,-0.57331,-0.0727343,0.721948,-0.0170813,0.0182177,-0.0837038,-0.654866,5.50881,-6.1737,-7.7133,-3.9789,0.660135,1.81753,7.75592,0.802367,9.08599,0.118682,-2.86187,2.31549,-8.17022,2.09024,0.980871,-0.422375,-1.51136,0.00957008,0.0532366,2.94542,-4.59494,-0.0243757,-2.15971,-0.694692,-0.14144,-0.0680625,0.6371,0.0123166,-17.4571,1.91728,1.20017,4.39935,0.435915,-0.0905241,-0.842921,-5.23828,3.80165,-1.00521,-0.357928,-0.0562619,3.80299,-0.646355,-14.9399,-6.7012,7.55968,2.95253,-1.20599,-0.0529135,-0.223042,0.561769,-5.5099,-4.95174,-2.04499,-1.38949,-0.00228984,-0.346646,-0.378357,0,0,0,0,0,0,0,0,0,0,0,0,0,0,0,0,0,0,0,0,0,0,0,0,0,0,0,0,0,2.55789,2.55789,2.55789,6.3088,6.3088,1.81445,2.55789,2.55789,1.81445,6.3088,6.3088,0.907223,0.907223,1.81445,1.81445,0.907223,0.907223,1.81445,1.81445,0.907223,0.907223,0.907223,0.907223,0.907223,0.907223,1.06814,1.06814,1.06814,1.06814,40.1792,40.1792,40.1792,99.0984,99.0984,28.5012,40.1792,40.1792,28.5012,99.0984,99.0984,14.2506,14.2506,28.5012,28.5012,14.2506,14.2506,28.5012,28.5012,14.2506,14.2506,14.2506,14.2506,14.2506,14.2506,16.7783,16.7783,16.7783,16.7783,0,0,0,0,0,0,0,0,0,0,0,0,0,0,0,0,0,0,0,0,0,0,0,0,0,0,0,0,0,0,0,0,0,0,0,0,0,0,0,0,0,0,0,0,0,0,0,0,0,0,0,0,0,0,0,0,0,0,0,0,0,0,0,0,0,0,0,0,0,0,0,0,0,0,0,0,0,0,0,0,0,0,0,0,0,0,0,0,0,0,0,0,0,0,0,0,0,0,0,0,0,0,0,0,0,0,0,0,0,0,0,0,0,0,0,0,0,-0.97947,-1.44516,-0.680084,-1.21942,-0.0980787,-0.928867,1.71822,-1.91819,-0.666482,0.250855,-0.732255,0.361671,-0.0652385,0.237038,-0.641675,0.15961,0.0889534,-0.132366,1.65072,0.405243,0.573222,0.275483,-0.914304,0.619147,-0.752977,-1.35484,-4.62989,1.12531,-1.6948,-1.24932,-0.600794,-0.0339562,-0.663347,0.903843,-0.500624,-0.5236,-0.9573,-0.263495,-0.224606,0.221889,0.271544,1.0636,-0.087267,-0.0148924,0.158621,-0.292304,-0.40738,-0.33481,0.953573,0.11002,0.2618,0.0390129,0.251402,-0.330239,0.156985,-1.04127,-0.32115,0.61766,-0.00986138,0.0205238,-0.100937,0.631,-0.992119,0.104025,-0.0698508,0.6,0,0,0.231989,0.142384,3
1.5544,0.436587,0.861744,1.94822,-0.0854012,-0.187842,-0.960898,-1.45721,-0.657301,1.5544,0.436587,0.861744,1.94822,-0.0854012,-0.187842,-0.960898,-1.45721,-0.657301,-0.445898,1.03249,-0.759378,-0.5236,-1.16582,-0.52,-0.291787,0.11613,0.179843,0.992975,-0.087267,-0.0448937,0.140617,-0.287158,-0.297765,-0.154907,0.772059,0.00553569,0.2618,0.0659867,0.405286,-0.0898766,0.281677,-0.893935,-0.303706,0.595088,0.00201478,-0.00932711,-0.0824061,0,0,0,0,0,0,0,0,0,0,0,0,0,0,0,0,0,0,0,0,0,0,0,0,0,0,0,0,0,-0.25348,0.467719,-0.337885,-0.135216,-0.695508,-0.0619077,-0.455714,-0.101395,0.232386,0.611899,-0.0887924,0.104862,-0.164837,-0.0350163,-0.0923536,-0.0122878,0.572079,0.154225,0.295638,0.00749749,-0.0514763,-0.262676,0.354787,-0.623521,-0.0996631,0.719442,-0.0151189,0.024575,-0.0838484,-3.02655,4.69439,-2.87978,-0.362744,-4.26096,-3.4629,3.33429,6.6997,-0.703553,7.55967,0.0939301,-2.01938,2.76091,-8.11582,-0.101834,-0.0319458,0.555621,-2.3346,-0.473578,0.59538,5.11348,-1.70248,-0.242475,-2.8592,-1.33331,0.346194,0.131235,0.211834,-0.0559339,-9.14015,5.55317,1.12083,-34.3283,1.05416,0.540094,1.2676,-3.85868,2.23668,-2.54597,-0.425844,0.133535,2.17905,7.11551,-9.16904,-4.66109,5.01303,2.94626,-0.105794,-0.0866499,-0.265567,0.589774,-2.65207,-3.49362,-1.97574,-1.9872,-0.0561013,-0.253534,-0.222262,0,0,0,0,0,0,0,0,0,0,0,0,0,0,0,0,0,0,0,0,0,0,0,0,0,0,0,0,0,2.55789,2.55789,2.55789,6.3088,6.3088,1.81445,2.55789,2.55789,1.81445,6.3088,6.3088,0.907223,0.907223,1.81445,1.81445,0.907223,0.907223,1.81445,1.81445,0.907223,0.907223,0.907223,0.907223,0.907223,0.907223,1.06814,1.06814,1.06814,1.06814,40.1792,40.1792,40.1792,99.0984,99.0984,28.5012,40.1792,40.1792,28.5012,99.0984,99.0984,14.2506,14.2506,28.5012,28.5012,14.2506,14.2506,28.5012,28.5012,14.2506,14.2506,14.2506,14.2506,14.2506,14.2506,16.7783,16.7783,16.7783,16.7783,0,0,0,0,0,0,0,0,0,0,0,0,0,0,0,0,0,0,0,0,0,0,0,0,0,0,0,0,0,0,0,0,0,0,0,0,0,0,0,0,0,0,0,0,0,0,0,0,0,0,0,0,0,0,0,0,0,0,0,0,0,0,0,0,0,0,0,0,0,0,0,0,0,0,0,0,0,0,0,0,0,0,0,0,0,0,0,0,0,0,0,0,0,0,0,0,0,0,0,0,0,0,0,0,0,0,0,0,0,0,0,0,0,0,0,0,0,-0.960898,-1.45721,-0.657301,-0.809223,0.186231,-0.678934,1.30435,-1.58224,-0.654749,0.0126219,-0.692481,0.32062,-0.289611,-0.0659266,-0.244542,0.0369158,0.150456,0.0270437,1.88566,0.212091,0.924092,-0.125195,-1.38687,0.410059,-0.204928,-1.10611,-5.24453,0.923898,-2.28946,-1.75203,-1.31536,-0.102362,-0.445898,1.03249,-0.759378,-0.5236,-1.16582,-0.52,-0.291787,0.11613,0.179843,0.992975,-0.087267,-0.0448937,0.140617,-0.287158,-0.297765,-0.154907,0.772059,0.00553569,0.2618,0.0659867,0.405286,-0.0898766,0.281677,-0.893935,-0.303706,0.595088,0.00201478,-0.00932711,-0.0824061,0.964,-0.993556,0.0929109,-0.0649231,0.6,0,0,0.231989,0.142384,3
6.11968,-5.56953,-0.200877,1.39736,0.0926897,0.0872567,-0.917392,-1.45711,-0.666701,6.11968,-5.56953,-0.200877,1.39736,0.0926897,0.0872567,-0.917392,-1.45711,-0.666701,-0.638371,0.836499,-0.358481,-0.5236,-1.08578,-0.52,-0.0870762,0.204455,0.0891811,0.993049,-0.087267,-0.0381644,0.130159,-0.312428,-0.37232,-0.0454849,0.775993,0.00850871,0.2618,0.0721979,0.619983,0.000966191,0.47845,-0.750003,-0.247509,0.605772,0.0132248,0.00223022,-0.105103,0,0,0,0,0,0,0,0,0,0,0,0,0,0,0,0,0,0,0,0,0,0,0,0,0,0,0,0,0,-0.309099,0.547154,-0.42665,-0.127679,-0.819746,-0.177028,-0.381102,0.0178428,0.198554,0.733029,-0.0867347,0.0650884,-0.112387,-0.186016,-0.107825,-0.0176005,0.591553,0.100155,0.2808,0.0221982,0.0651284,-0.238558,0.352917,-0.679693,-0.133282,0.721662,-0.0104032,0.0248996,-0.0817571,-2.33315,3.48219,-4.80222,0.594389,-5.57737,-5.77578,3.85509,5.36835,-2.09404,5.07339,0.0703097,-1.86721,2.35688,-6.78307,-1.16904,-0.434378,1.2235,-2.49941,-0.729764,0.717876,5.67795,2.04797,-0.0943234,-2.69069,-1.65001,0.161601,0.234417,-0.0839069,0.109019,0.583959,10.6543,-1.24032,-42.8192,0.921393,0.691905,-5.95442,-9.66789,3.11468,-6.30423,-0.515301,0.116735,1.47452,9.41151,-3.4614,-1.59575,1.543,1.89278,0.802901,-0.0282592,-0.271267,0.308255,-0.94552,-0.653915,-0.951245,-2.26983,-0.0443361,-0.47825,-0.127405,0,0,0,0,0,0,0,0,0,0,0,0,0,0,0,0,0,0,0,0,0,0,0,0,0,0,0,0,0,2.55789,2.55789,2.55789,6.3088,6.3088,1.81445,2.55789,2.55789,1.81445,6.3088,6.3088,0.907223,0.907223,1.81445,1.81445,0.907223,0.907223,1.81445,1.81445,0.907223,0.907223,0.907223,0.907223,0.907223,0.907223,1.06814,1.06814,1.06814,1.06814,40.1792,40.1792,40.1792,99.0984,99.0984,28.5012,40.1792,40.1792,28.5012,99.0984,99.0984,14.2506,14.2506,28.5012,28.5012,14.2506,14.2506,28.5012,28.5012,14.2506,14.2506,14.2506,14.2506,14.2506,14.2506,16.7783,16.7783,16.7783,16.7783,0,0,0,0,0,0,0,0,0,0,0,0,0,0,0,0,0,0,0,0,0,0,0,0,0,0,0,0,0,0,0,0,0,0,0,0,0,0,0,0,0,0,0,0,0,0,0,0,0,0,0,0,0,0,0,0,0,0,0,0,0,0,0,0,0,0,0,0,0,0,0,0,0,0,0,0,0,0,0,0,0,0,0,0,0,0,0,0,0,0,0,0,0,0,0,0,0,0,0,0,0,0,0,0,0,0,0,0,0,0,0,0,0,0,0,0,0,-0.917392,-1.45711,-0.666701,-0.55973,0.634893,-0.848927,1.31332,-1.25406,-0.712366,0.0194007,-0.564345,0.296775,-0.189765,0.0774823,-0.596061,0.410785,0.164618,0.177512,1.52772,0.373403,1.41362,0.0299355,-0.654704,0.203342,0.00220301,-1.41077,-4.94704,0.924109,-2.06118,-1.34811,-1.9386,-0.0870187,-0.638371,0.836499,-0.358481,-0.5236,-1.08578,-0.52,-0.0870762,0.204455,0.0891811,0.993049,-0.087267,-0.0381644,0.130159,-0.312428,-0.37232,-0.0454849,0.775993,0.00850871,0.2618,0.0721979,0.619983,0.000966191,0.47845,-0.750003,-0.247509,0.605772,0.0132248,0.00223022,-0.105103,0.583,-0.993545,0.0900731,-0.0689591,0.6,0,0,0.222323,0.139945,1.3686
22.5189,-15.2193,2.07342,1.01598,-0.137869,0.958159,-0.936531,-1.44938,-0.624592,22.5189,-15.2193,2.07342,1.01598,-0.137869,0.958159,-0.936531,-1.44938,-0.624592,-0.209416,1.15675,-0.444812,-0.5236,-0.878552,-0.52,-0.281542,-0.239934,0.167168,0.534543,-0.087267,-0.198002,0.152132,-0.133164,-0.347458,-0.105616,0.75375,-0.0242757,0.2618,0.0462073,0.549126,-0.102471,0.446153,-0.82856,-0.416811,0.611467,0.00858143,0.024046,-0.105115,0,0,0,0,0,0,0,0,0,0,0,0,0,0,0,0,0,0,0,0,0,0,0,0,0,0,0,0,0,-0.358953,0.611161,-0.43617,-0.116935,-0.887489,-0.274129,-0.305265,0.107044,0.155909,0.816749,-0.0862001,0.0341787,-0.0727272,-0.299375,-0.127635,-0.0273493,0.620578,0.0570237,0.264616,0.0334764,0.200591,-0.184337,0.364396,-0.723064,-0.17148,0.716966,-0.00422787,0.024151,-0.0876033,-2.98067,2.70381,1.40403,0.452406,-1.74752,-3.41697,3.30229,3.77524,-1.97537,3.61132,0.0147011,-1.30643,1.37796,-4.76296,-0.0890409,-0.377743,1.6562,-1.85803,-0.463487,0.483047,6.70841,2.69315,1.82148,-1.42423,-2.53966,-0.881294,0.27831,-0.172987,-0.473246,-3.97776,1.95979,-0.103481,-43.2048,-6.30432,0.627936,0.341216,-5.79199,1.68555,-5.36446,-0.162709,0.159408,1.57387,8.40381,-6.40505,0.144131,0.795506,2.11651,0.880245,0.118851,-0.0315761,0.213774,0.205549,1.02341,1.09967,-1.00348,-0.00552204,-0.228557,0.189868,0,0,0,0,0,0,0,0,0,0,0,0,0,0,0,0,0,0,0,0,0,0,0,0,0,0,0,0,0,2.55789,2.55789,2.55789,6.3088,6.3088,1.81445,2.55789,2.55789,1.81445,6.3088,6.3088,0.907223,0.907223,1.81445,1.81445,0.907223,0.907223,1.81445,1.81445,0.907223,0.907223,0.907223,0.907223,0.907223,0.907223,1.06814,1.06814,1.06814,1.06814,40.1792,40.1792,40.1792,99.0984,99.0984,28.5012,40.1792,40.1792,28.5012,99.0984,99.0984,14.2506,14.2506,28.5012,28.5012,14.2506,14.2506,28.5012,28.5012,14.2506,14.2506,14.2506,14.2506,14.2506,14.2506,16.7783,16.7783,16.7783,16.7783,0,0,0,0,0,0,0,0,0,0,0,0,0,0,0,0,0,0,0,0,0,0,0,0,0,0,0,0,0,0,0,0,0,0,0,0,0,0,0,0,0,0,0,0,0,0,0,0,0,0,0,0,0,0,0,0,0,0,0,0,0,0,0,0,0,0,0,0,0,0,0,0,0,0,0,0,0,0,0,0,0,0,0,0,0,0,0,0,0,0,0,0,0,0,0,0,0,0,0,0,0,0,0,0,0,0,0,0,0,0,0,0,0,0,0,0,0,-0.936531,-1.44938,-0.624592,-0.696836,0.561252,-0.792238,1.2626,-1.43318,-0.303627,-0.055351,-0.95037,0.346877,-0.455834,0.153911,0.187352,0.0556266,0.105357,0.115186,2.1126,-0.438199,1.25206,0.322761,-0.812372,0.381159,-0.233644,-1.41092,-4.26275,-0.383438,-1.47023,-1.00536,-2.26084,-0.451465,-0.209416,1.15675,-0.444812,-0.5236,-0.878552,-0.52,-0.281542,-0.239934,0.167168,0.534543,-0.087267,-0.198002,0.152132,-0.133164,-0.347458,-0.105616,0.75375,-0.0242757,0.2618,0.0462073,0.549126,-0.102471,0.446153,-0.82856,-0.416811,0.611467,0.00858143,0.024046,-0.105115,0.665,-0.992638,0.0975624,-0.0717737,0.6,0,0,0.222323,0.139945,1.3686
3.74018,-4.71069,0.519646,0.845239,0.252742,0.548218,-1.00248,-1.43597,-0.539475,3.74018,-4.71069,0.519646,0.845239,0.252742,0.548218,-1.00248,-1.43597,-0.539475,-0.0847604,0.853683,0.274054,0.131521,-0.079993,-0.52,-0.372016,-0.92437,0.136425,-0.0376547,-0.087267,-0.436902,0.0416491,0.23517,-0.384165,-0.0302001,0.660657,0.0381472,0.2618,0.0481359,0.598633,-0.318395,0.345285,-0.730643,-0.42709,0.629505,0.00784162,0.0590008,-0.108102,0,0,0,0,0,0,0,0,0,0,0,0,0,0,0,0,0,0,0,0,0,0,0,0,0,0,0,0,0,-0.395156,0.664448,-0.417169,-0.110721,-0.883007,-0.293834,-0.258793,0.167767,0.126809,0.802806,-0.0742448,-0.00711973,-0.0629945,-0.380583,-0.124303,-0.0196914,0.656198,0.0348956,0.26032,0.0383777,0.303728,-0.154936,0.404164,-0.742572,-0.227961,0.699709,-0.00059691,0.0239688,-0.0926958,-0.366877,2.62749,0.733081,0.224194,0.278335,-0.0159273,1.56586,2.2082,-1.0174,-2.67228,0.293647,-2.70081,-0.0313326,-3.37303,-0.299407,1.05329,2.0634,-0.621021,-0.291162,0.161879,4.16177,0.992359,1.80305,-0.742768,-2.92976,-1.03609,0.149819,0.0769216,-0.179802,9.19694,13.1646,-2.97588,-42.3726,-1.39562,-6.2324,-5.09723,-22.4326,3.07564,-11.3324,-3.58899,-0.455536,3.03253,13.3107,-6.10808,-2.04059,-0.344126,-0.473005,0.546416,-0.0326319,-0.315833,-0.156334,-1.03326,-0.530711,-0.112356,-0.47375,-0.00447979,-0.0895636,-0.0243012,0,0,0,0,0,0,0,0,0,0,0,0,0,0,0,0,0,0,0,0,0,0,0,0,0,0,0,0,0,2.55789,2.55789,2.55789,6.3088,6.3088,1.81445,2.55789,2.55789,1.81445,6.3088,6.3088,0.907223,0.907223,1.81445,1.81445,0.907223,0.907223,1.81445,1.81445,0.907223,0.907223,0.907223,0.907223,0.907223,0.907223,1.06814,1.06814,1.06814,1.06814,40.1792,40.1792,40.1792,99.0984,99.0984,28.5012,40.1792,40.1792,28.5012,99.0984,99.0984,14.2506,14.2506,28.5012,28.5012,14.2506,14.2506,28.5012,28.5012,14.2506,14.2506,14.2506,14.2506,14.2506,14.2506,16.7783,16.7783,16.7783,16.7783,0,0,0,0,0,0,0,0,0,0,0,0,0,0,0,0,0,0,0,0,0,0,0,0,0,0,0,0,0,0,0,0,0,0,0,0,0,0,0,0,0,0,0,0,0,0,0,0,0,0,0,0,0,0,0,0,0,0,0,0,0,0,0,0,0,0,0,0,0,0,0,0,0,0,0,0,0,0,0,0,0,0,0,0,0,0,0,0,0,0,0,0,0,0,0,0,0,0,0,0,0,0,0,0,0,0,0,0,0,0,0,0,0,0,0,0,0,-1.00248,-1.43597,-0.539475,-0.524879,0.331264,-0.875934,1.05034,-1.20992,0.536211,0.0869795,-0.973807,0.094964,-0.269457,0.396033,0.415014,-0.109609,0.109755,0.105255,1.55911,-1.6882,1.36494,0.791948,0.500514,0.311063,-0.725972,-1.45102,-1.53276,-2.01521,0.807066,0.6221,-2.56397,-0.996179,-0.0847604,0.853683,0.274054,0.131521,-0.079993,-0.52,-0.372016,-0.92437,0.136425,-0.0376547,-0.087267,-0.436902,0.0416491,0.23517,-0.384165,-0.0302001,0.660657,0.0381472,0.2618,0.0481359,0.598633,-0.318395,0.345285,-0.730643,-0.42709,0.629505,0.00784162,0.0590008,-0.108102,0.648,-0.990924,0.113291,-0.0723476,0.6,0,0,0.220927,0.138212,1.48258
30.3996,-10.1435,0.605031,0.243355,0.34268,-0.34407,-0.918141,-1.42856,-0.613505,30.3996,-10.1435,0.605031,0.243355,0.34268,-0.34407,-0.918141,-1.42856,-0.613505,-0.339917,0.479804,-0.0422214,0.639958,0.0902464,-0.52,-0.637572,-1.32562,0.158409,-0.087267,-0.087267,-0.522776,-0.0553842,0.372942,-0.493872,0.0629292,0.239946,-0.0433601,0.2618,0.103166,0.658679,-0.281574,0.359713,-0.587447,-0.303097,0.608757,0.00604964,0.0135139,-0.0594218,0,0,0,0,0,0,0,0,0,0,0,0,0,0,0,0,0,0,0,0,0,0,0,0,0,0,0,0,0,-0.370334,0.689103,-0.269069,-0.0815403,-0.686562,-0.289813,-0.217382,0.130216,0.0866099,0.664775,-0.0678124,-0.109882,-0.0618118,-0.397941,-0.148233,0.0110545,0.693524,0.0457781,0.257978,0.0438262,0.38261,-0.182358,0.409008,-0.750548,-0.276172,0.700283,0.00153327,0.0335052,-0.0964115,1.7333,-0.195601,9.94181,2.4106,9.72745,0.262949,1.42246,-5.0859,-3.27392,-9.15009,-0.194095,-5.64877,-0.450655,1.30505,-0.216551,2.26285,2.04564,0.681663,0.0198271,0.225303,3.70306,-2.05026,-0.521222,-0.196911,-1.76736,0.792678,0.111594,0.711092,-0.183185,7.199,6.39236,-2.71665,6.87459,-1.29783,-7.02265,-10.596,-31.2136,6.66161,-14.9688,-0.364476,0.456193,1.66256,16.5716,-5.41413,-2.34382,-2.17475,-1.49266,0.096589,-0.155678,-0.253493,-0.13126,-0.518453,0.447528,-0.38863,-1.82922,-0.00768645,-0.272442,0.00379009,0,0,0,0,0,0,0,0,0,0,0,0,0,0,0,0,0,0,0,0,0,0,0,0,0,0,0,0,0,2.55789,2.55789,2.55789,6.3088,6.3088,1.81445,2.55789,2.55789,1.81445,6.3088,6.3088,0.907223,0.907223,1.81445,1.81445,0.907223,0.907223,1.81445,1.81445,0.907223,0.907223,0.907223,0.907223,0.907223,0.907223,1.06814,1.06814,1.06814,1.06814,40.1792,40.1792,40.1792,99.0984,99.0984,28.5012,40.1792,40.1792,28.5012,99.0984,99.0984,14.2506,14.2506,28.5012,28.5012,14.2506,14.2506,28.5012,28.5012,14.2506,14.2506,14.2506,14.2506,14.2506,14.2506,16.7783,16.7783,16.7783,16.7783,0,0,0,0,0,0,0,0,0,0,0,0,0,0,0,0,0,0,0,0,0,0,0,0,0,0,0,0,0,0,0,0,0,0,0,0,0,0,0,0,0,0,0,0,0,0,0,0,0,0,0,0,0,0,0,0,0,0,0,0,0,0,0,0,0,0,0,0,0,0,0,0,0,0,0,0,0,0,0,0,0,0,0,0,0,0,0,0,0,0,0,0,0,0,0,0,0,0,0,0,0,0,0,0,0,0,0,0,0,0,0,0,0,0,0,0,0,-0.918141,-1.42856,-0.613505,-0.312535,0.36416,-1.12608,0.0910815,-0.883418,0.850345,-0.0988654,-0.691092,-0.126281,-0.0112996,0.117545,-0.0509848,-0.594601,0.235229,0.0812022,0.876279,-2.42102,1.50185,0.181392,-0.0771101,0.361187,-0.642017,-0.797599,-0.0828208,-2.17053,1.29255,0.0755852,-1.68668,-1.19198,-0.339917,0.479804,-0.0422214,0.639958,0.0902464,-0.52,-0.637572,-1.32562,0.158409,-0.087267,-0.087267,-0.522776,-0.0553842,0.372942,-0.493872,0.0629292,0.239946,-0.0433601,0.2618,0.103166,0.658679,-0.281574,0.359713,-0.587447,-0.303097,0.608757,0.00604964,0.0135139,-0.0594218,0.618,-0.989902,0.112621,-0.0860879,0.6,0,0,0.229221,0.14016,3
21.0148,-19.5131,-0.310971,-0.951434,-0.206886,-0.833949,-0.860633,-1.43611,-0.678852,21.0148,-19.5131,-0.310971,-0.951434,-0.206886,-0.833949,-0.860633,-1.43611,-0.678852,0.0480335,0.333969,-0.492137,1.33204,0.251131,-0.349129,-1.1317,-1.2096,0.199587,-0.087267,-0.087267,-0.503862,-0.0701596,0.5236,-0.388394,-0.494713,0.352325,0.108221,0.2618,0.0330024,0.184558,-0.185408,0.1614,-0.663205,-0.31697,0.602475,-0.013618,-0.0356508,-0.0307417,0,0,0,0,0,0,0,0,0,0,0,0,0,0,0,0,0,0,0,0,0,0,0,0,0,0,0,0,0,-0.363882,0.616309,-0.16324,0.0593059,-0.480032,-0.285171,-0.207923,-0.0370594,-0.0101152,0.478954,-0.0725872,-0.217066,-0.0672677,-0.314593,-0.135106,0.0599069,0.733251,0.0606474,0.262812,0.0624516,0.460362,-0.209142,0.388053,-0.740577,-0.298429,0.718499,0.0029478,0.0408482,-0.0908971,0.62481,-5.44898,3.37132,8.79359,9.23573,0.181928,0.793096,-9.95407,-4.93631,-8.98352,-0.253323,-4.88283,0.402213,6.22787,0.596068,2.24681,1.75329,1.23725,1.04109,1.103,3.94022,-1.01056,-1.52979,1.12496,-0.310886,1.05809,0.0557138,0.208166,0.419911,-0.144745,7.44206,-3.75036,3.97226,-1.66979,-7.03507,-19.2043,-27.5604,13.8551,-0.127947,0.143697,0.0686388,-0.0953053,9.32045,-11.1844,-2.01632,-8.65793,-4.95443,-1.37878,-0.373137,-0.621416,-0.0782699,0.785781,1.26214,0.409785,-2.75411,-0.00496276,-0.705088,0.0954957,0,0,0,0,0,0,0,0,0,0,0,0,0,0,0,0,0,0,0,0,0,0,0,0,0,0,0,0,0,2.55789,2.55789,2.55789,6.3088,6.3088,1.81445,2.55789,2.55789,1.81445,6.3088,6.3088,0.907223,0.907223,1.81445,1.81445,0.907223,0.907223,1.81445,1.81445,0.907223,0.907223,0.907223,0.907223,0.907223,0.907223,1.06814,1.06814,1.06814,1.06814,40.1792,40.1792,40.1792,99.0984,99.0984,28.5012,40.1792,40.1792,28.5012,99.0984,99.0984,14.2506,14.2506,28.5012,28.5012,14.2506,14.2506,28.5012,28.5012,14.2506,14.2506,14.2506,14.2506,14.2506,14.2506,16.7783,16.7783,16.7783,16.7783,0,0,0,0,0,0,0,0,0,0,0,0,0,0,0,0,0,0,0,0,0,0,0,0,0,0,0,0,0,0,0,0,0,0,0,0,0,0,0,0,0,0,0,0,0,0,0,0,0,0,0,0,0,0,0,0,0,0,0,0,0,0,0,0,0,0,0,0,0,0,0,0,0,0,0,0,0,0,0,0,0,0,0,0,0,0,0,0,0,0,0,0,0,0,0,0,0,0,0,0,0,0,0,0,0,0,0,0,0,0,0,0,0,0,0,0,0,-0.860633,-1.43611,-0.678852,-1.58401,-0.0880124,-0.885576,0.347316,-1.05615,1.68086,0.246755,-0.722722,-0.159971,-0.626553,0.0332168,0.65754,-1.49705,0.0752488,-0.18279,0.609938,-2.20913,0.42081,-0.478529,-0.898803,0.455078,-0.422749,-0.412635,1.89083,-3.164,1.75135,0.143675,-0.79605,-1.14885,0.0480335,0.333969,-0.492137,1.33204,0.251131,-0.349129,-1.1317,-1.2096,0.199587,-0.087267,-0.087267,-0.503862,-0.0701596,0.5236,-0.388394,-0.494713,0.352325,0.108221,0.2618,0.0330024,0.184558,-0.185408,0.1614,-0.663205,-0.31697,0.602475,-0.013618,-0.0356508,-0.0307417,0.737,-0.990944,0.101815,-0.0875422,0.6,0,0,0.229221,0.14016,3
11.0554,-12.0017,-4.50297,-1.90222,-0.49796,-0.648819,-0.865779,-1.45117,-0.704661,11.0554,-12.0017,-4.50297,-1.90222,-0.49796,-0.648819,-0.865779,-1.45117,-0.704661,-0.306859,0.496157,-0.0970994,1.29835,-0.339916,-0.257488,-1.03174,-0.661122,0.0349562,-0.087267,-0.087267,-0.275911,-0.0854345,0.340763,-0.576453,-0.535463,0.296886,0.193225,0.2618,-0.0156183,-0.230778,0.14782,0.143832,-0.436794,-0.126978,0.580556,-0.0143856,-0.0790985,-0.0149134,0,0,0,0,0,0,0,0,0,0,0,0,0,0,0,0,0,0,0,0,0,0,0,0,0,0,0,0,0,-0.351759,0.464855,-0.187844,0.328746,-0.284944,-0.279473,-0.217735,-0.240464,-0.0474539,0.336151,-0.0758803,-0.285928,-0.0780075,-0.151905,-0.121452,0.0811079,0.779964,0.0792355,0.313388,0.0639386,0.459718,-0.208273,0.35895,-0.700135,-0.304582,0.734006,-0.000540757,0.0347777,-0.0766105,1.2606,-8.4353,-2.11639,15.0522,8.78101,0.302961,-1.90855,-10.1388,0.502856,-5.98765,-0.107793,-1.38553,-1.56059,9.28828,0.825382,0.607714,2.90152,0.631716,2.51553,-0.20117,-2.11986,0.418506,-1.2918,2.50949,-0.222607,0.307738,-0.19132,-0.450526,0.75143,13.5645,15.548,-6.47911,6.85102,-2.18748,-2.53348,-32.7875,-13.7374,6.87071,-4.27487,-0.415243,-1.47145,1.27612,3.20693,-9.05085,-8.80257,-8.54679,-0.440108,-6.18084,-0.272026,-2.17547,-0.0310452,-1.46903,-1.60879,0.0326332,-2.95854,-0.00090947,-0.666233,-0.0388484,0,0,0,0,0,0,0,0,0,0,0,0,0,0,0,0,0,0,0,0,0,0,0,0,0,0,0,0,0,2.55789,2.55789,2.55789,6.3088,6.3088,1.81445,2.55789,2.55789,1.81445,6.3088,6.3088,0.907223,0.907223,1.81445,1.81445,0.907223,0.907223,1.81445,1.81445,0.907223,0.907223,0.907223,0.907223,0.907223,0.907223,1.06814,1.06814,1.06814,1.06814,40.1792,40.1792,40.1792,99.0984,99.0984,28.5012,40.1792,40.1792,28.5012,99.0984,99.0984,14.2506,14.2506,28.5012,28.5012,14.2506,14.2506,28.5012,28.5012,14.2506,14.2506,14.2506,14.2506,14.2506,14.2506,16.7783,16.7783,16.7783,16.7783,0,0,0,0,0,0,0,0,0,0,0,0,0,0,0,0,0,0,0,0,0,0,0,0,0,0,0,0,0,0,0,0,0,0,0,0,0,0,0,0,0,0,0,0,0,0,0,0,0,0,0,0,0,0,0,0,0,0,0,0,0,0,0,0,0,0,0,0,0,0,0,0,0,0,0,0,0,0,0,0,0,0,0,0,0,0,0,0,0,0,0,0,0,0,0,0,0,0,0,0,0,0,0,0,0,0,0,0,0,0,0,0,0,0,0,0,0,-0.865779,-1.45117,-0.704661,-1.67693,-0.128069,-1.31437,0.220909,-0.539914,0.776974,0.440573,-0.289523,-0.194799,-0.638626,-0.260987,0.00938874,-1.31449,-0.0356113,-0.193093,0.906145,-1.20743,-0.526196,-1.06171,-0.177336,0.0797035,0.337044,-0.200177,1.79474,-2.95968,0.0658306,-0.957713,-0.587099,-0.629104,-0.306859,0.496157,-0.0970994,1.29835,-0.339916,-0.257488,-1.03174,-0.661122,0.0349562,-0.087267,-0.087267,-0.275911,-0.0854345,0.340763,-0.576453,-0.535463,0.296886,0.193225,0.2618,-0.0156183,-0.230778,0.14782,0.143832,-0.436794,-0.126978,0.580556,-0.0143856,-0.0790985,-0.0149134,0.62,-0.992854,0.0908897,-0.0773383,0.6,0,0,0.234857,0.144789,3
6.89142,2.18479,-2.31427,-1.68398,-0.354392,-0.19291,-0.89098,-1.46578,-0.715574,6.89142,2.18479,-2.31427,-1.68398,-0.354392,-0.19291,-0.89098,-1.46578,-0.715574,-0.314252,0.286567,0.150604,0.9941,-0.383448,-0.364111,-0.883478,-0.480567,0.0915371,-0.087267,-0.087267,-0.00373954,-0.0653937,0.126388,-0.661248,-0.430946,0.254102,0.177941,0.2618,0.0086437,-0.27023,0.123015,0.283026,-0.577156,-0.142362,0.588197,-0.010919,-0.0386564,-0.059984,0,0,0,0,0,0,0,0,0,0,0,0,0,0,0,0,0,0,0,0,0,0,0,0,0,0,0,0,0,-0.322488,0.353479,-0.148955,0.60631,-0.28337,-0.272596,-0.284566,-0.402689,-0.0166776,0.225985,-0.0776513,-0.286942,-0.126044,0.0118309,-0.10279,0.0888612,0.820367,0.113421,0.356284,0.0466105,0.344508,-0.134197,0.338478,-0.65149,-0.300601,0.731306,-0.00403312,0.015663,-0.0639409,1.69358,-3.54342,3.50336,12.371,-0.710566,0.315667,-4.20295,-6.45616,1.6983,-5.05635,-0.105907,0.463434,-3.15604,7.04844,0.93577,-0.290844,0.689039,2.77716,1.42247,-0.753431,-7.4931,4.69455,-0.52072,2.44259,0.240336,-0.428151,-0.153235,-1.10675,0.545906,-3.31117,15.3337,-6.45073,-9.21655,-1.14224,-0.146684,-19.9635,6.41993,-1.59573,0.612284,-0.321086,-0.209623,3.18647,-3.45299,-15.1891,-8.87176,-8.31153,-2.51508,-5.5307,-0.175393,-1.64557,-0.116484,-2.16179,0.926458,2.23301,-2.17759,-0.00936096,-0.441743,0.236312,0,0,0,0,0,0,0,0,0,0,0,0,0,0,0,0,0,0,0,0,0,0,0,0,0,0,0,0,0,2.55789,2.55789,2.55789,6.3088,6.3088,1.81445,2.55789,2.55789,1.81445,6.3088,6.3088,0.907223,0.907223,1.81445,1.81445,0.907223,0.907223,1.81445,1.81445,0.907223,0.907223,0.907223,0.907223,0.907223,0.907223,1.06814,1.06814,1.06814,1.06814,40.1792,40.1792,40.1792,99.0984,99.0984,28.5012,40.1792,40.1792,28.5012,99.0984,99.0984,14.2506,14.2506,28.5012,28.5012,14.2506,14.2506,28.5012,28.5012,14.2506,14.2506,14.2506,14.2506,14.2506,14.2506,16.7783,16.7783,16.7783,16.7783,0,0,0,0,0,0,0,0,0,0,0,0,0,0,0,0,0,0,0,0,0,0,0,0,0,0,0,0,0,0,0,0,0,0,0,0,0,0,0,0,0,0,0,0,0,0,0,0,0,0,0,0,0,0,0,0,0,0,0,0,0,0,0,0,0,0,0,0,0,0,0,0,0,0,0,0,0,0,0,0,0,0,0,0,0,0,0,0,0,0,0,0,0,0,0,0,0,0,0,0,0,0,0,0,0,0,0,0,0,0,0,0,0,0,0,0,0,-0.89098,-1.46578,-0.715574,-1.43862,0.189307,-1.50771,0.123357,-0.859953,0.288177,0.405723,-0.3246,-0.149104,-0.497481,-0.158432,-0.00411305,-1.04371,0.0197085,-0.146562,0.523366,-0.877673,-0.616152,-0.518872,0.275053,0.208714,0.280487,-0.805145,0.927106,-2.84167,-0.0583121,-1.08256,-0.830209,-0.00852651,-0.314252,0.286567,0.150604,0.9941,-0.383448,-0.364111,-0.883478,-0.480567,0.0915371,-0.087267,-0.087267,-0.00373954,-0.0653937,0.126388,-0.661248,-0.430946,0.254102,0.177941,0.2618,0.0086437,-0.27023,0.123015,0.283026,-0.577156,-0.142362,0.588197,-0.010919,-0.0386564,-0.059984,0.648,-0.994491,0.081519,-0.0658964,0.6,0,0,0.234857,0.144789,3
5.5182,8.0947,1.63679,-1.17687,0.231171,1.00218,-0.972317,-1.45773,-0.662726,5.5182,8.0947,1.63679,-1.17687,0.231171,1.00218,-0.972317,-1.45773,-0.662726,-0.360838,-0.065264,0.393405,0.613428,-0.403491,-0.30327,-0.776159,-0.234203,0.0768014,-0.0184081,-0.087267,0.334907,-0.0339203,0.0472075,-0.559306,-0.336745,0.273928,0.176004,0.2618,0.0774307,-0.353344,0.0702909,0.294536,-0.519137,-0.119227,0.590406,-0.000360297,-0.0302042,-0.0924942,0,0,0,0,0,0,0,0,0,0,0,0,0,0,0,0,0,0,0,0,0,0,0,0,0,0,0,0,0,-0.256522,0.312645,-0.0572943,0.758006,-0.316451,-0.269943,-0.365597,-0.498342,0.0272609,0.135962,-0.0799978,-0.231823,-0.205648,0.127212,-0.105822,0.0559016,0.807919,0.163078,0.367893,0.0399005,0.19536,-0.0542309,0.34423,-0.607616,-0.287087,0.711338,-0.00547397,0.00176032,-0.0644561,3.43929,-1.30804,5.02904,2.67238,-3.00662,-0.0118859,-3.6559,-3.83424,2.14637,-4.00145,-0.121755,3.67841,-4.20201,4.72272,-0.918619,-2.62062,-1.68785,2.03084,-0.0329633,-0.276437,-7.02783,3.40925,0.828831,1.91455,0.80437,-1.15188,-0.0950916,-0.624094,-0.0703115,-11.4963,2.46729,-4.16088,-0.41553,11.8096,-2.69772,-11.4319,10.595,-2.13252,3.0839,0.024527,0.0330098,5.7383,-8.79776,-14.3886,-4.79728,-6.63728,-3.36956,-3.1786,-0.212832,-0.331362,-0.58302,-1.6002,-1.2548,1.17371,-0.734352,-0.00947894,-0.0379924,0.199518,0,0,0,0,0,0,0,0,0,0,0,0,0,0,0,0,0,0,0,0,0,0,0,0,0,0,0,0,0,2.55789,2.55789,2.55789,6.3088,6.3088,1.81445,2.55789,2.55789,1.81445,6.3088,6.3088,0.907223,0.907223,1.81445,1.81445,0.907223,0.907223,1.81445,1.81445,0.907223,0.907223,0.907223,0.907223,0.907223,0.907223,1.06814,1.06814,1.06814,1.06814,40.1792,40.1792,40.1792,99.0984,99.0984,28.5012,40.1792,40.1792,28.5012,99.0984,99.0984,14.2506,14.2506,28.5012,28.5012,14.2506,14.2506,28.5012,28.5012,14.2506,14.2506,14.2506,14.2506,14.2506,14.2506,16.7783,16.7783,16.7783,16.7783,0,0,0,0,0,0,0,0,0,0,0,0,0,0,0,0,0,0,0,0,0,0,0,0,0,0,0,0,0,0,0,0,0,0,0,0,0,0,0,0,0,0,0,0,0,0,0,0,0,0,0,0,0,0,0,0,0,0,0,0,0,0,0,0,0,0,0,0,0,0,0,0,0,0,0,0,0,0,0,0,0,0,0,0,0,0,0,0,0,0,0,0,0,0,0,0,0,0,0,0,0,0,0,0,0,0,0,0,0,0,0,0,0,0,0,0,0,-0.972317,-1.45773,-0.662726,-1.22383,0.215551,-1.27527,0.168564,-0.727664,0.107638,0.401306,-0.271848,-0.0773416,-0.300099,-0.128771,-0.0891946,-0.847708,0.17655,-0.00483614,-0.119194,-0.427732,-0.80566,-0.405421,0.718486,0.175115,0.16027,-1.24152,-0.158479,-1.96032,-0.115472,-1.57729,-0.691486,0.763622,-0.360838,-0.065264,0.393405,0.613428,-0.403491,-0.30327,-0.776159,-0.234203,0.0768014,-0.0184081,-0.087267,0.334907,-0.0339203,0.0472075,-0.559306,-0.336745,0.273928,0.176004,0.2618,0.0774307,-0.353344,0.0702909,0.294536,-0.519137,-0.119227,0.590406,-0.000360297,-0.0302042,-0.0924942,0.686,-0.993614,0.093218,-0.0635659,0.6,0,0,0.221886,0.140817,1.256
9.0867,5.21306,1.3894,-0.735884,0.248395,1.25237,-1.04871,-1.43464,-0.604642,9.0867,5.21306,1.3894,-0.735884,0.248395,1.25237,-1.04871,-1.43464,-0.604642,-0.346835,-0.0442571,0.431696,0.0289078,-0.255315,-0.221913,-0.574655,-0.201874,0.134979,0.30051,-0.087267,0.426505,-0.0720386,-0.0432646,-0.447941,-0.347415,0.470752,0.238557,0.2618,0.107382,-0.385839,-0.0982103,0.216724,-0.542435,-0.0412459,0.611648,-0.00572361,-0.0250971,-0.115579,0,0,0,0,0,0,0,0,0,0,0,0,0,0,0,0,0,0,0,0,0,0,0,0,0,0,0,0,0,-0.19591,0.287107,0.0373139,0.740697,-0.34711,-0.269491,-0.432309,-0.560028,0.0766293,0.0792803,-0.0827707,-0.104848,-0.288133,0.205327,-0.137169,-0.000851599,0.756805,0.194044,0.357471,0.0490605,0.0543998,-0.00852228,0.360456,-0.572671,-0.267641,0.691337,-0.00456387,-0.00636594,-0.0725869,2.62125,-1.24045,4.07313,-1.88911,-1.13881,0.0641879,-3.0196,-2.44238,2.36302,-2.09111,-0.102869,7.2083,-4.00366,3.13464,-1.80561,-2.83573,-3.18345,1.07864,-0.869527,0.54573,-6.67225,1.69575,0.716115,1.71126,0.780353,-0.7746,0.0603595,-0.281455,-0.437493,-13.3827,-11.0087,3.73975,-1.31602,1.66992,-1.0604,-6.1137,19.5194,-4.30506,3.86347,0.224696,-0.123964,7.16872,-10.3604,-8.87334,-2.28582,-4.20602,-2.60943,-1.33183,-0.100981,0.18796,-0.447081,-1.60772,-0.696749,1.25406,-0.79258,-0.0247254,-0.109902,0.183389,0,0,0,0,0,0,0,0,0,0,0,0,0,0,0,0,0,0,0,0,0,0,0,0,0,0,0,0,0,2.55789,2.55789,2.55789,6.3088,6.3088,1.81445,2.55789,2.55789,1.81445,6.3088,6.3088,0.907223,0.907223,1.81445,1.81445,0.907223,0.907223,1.81445,1.81445,0.907223,0.907223,0.907223,0.907223,0.907223,0.907223,1.06814,1.06814,1.06814,1.06814,40.1792,40.1792,40.1792,99.0984,99.0984,28.5012,40.1792,40.1792,28.5012,99.0984,99.0984,14.2506,14.2506,28.5012,28.5012,14.2506,14.2506,28.5012,28.5012,14.2506,14.2506,14.2506,14.2506,14.2506,14.2506,16.7783,16.7783,16.7783,16.7783,0,0,0,0,0,0,0,0,0,0,0,0,0,0,0,0,0,0,0,0,0,0,0,0,0,0,0,0,0,0,0,0,0,0,0,0,0,0,0,0,0,0,0,0,0,0,0,0,0,0,0,0,0,0,0,0,0,0,0,0,0,0,0,0,0,0,0,0,0,0,0,0,0,0,0,0,0,0,0,0,0,0,0,0,0,0,0,0,0,0,0,0,0,0,0,0,0,0,0,0,0,0,0,0,0,0,0,0,0,0,0,0,0,0,0,0,0,-1.04871,-1.43464,-0.604642,-1.24816,0.0381316,-1.02135,0.617343,-0.780785,-0.0986476,0.543933,-0.0940448,-0.164255,-0.439497,0.156345,-0.0636207,-0.479695,0.244841,-0.0768261,-0.080828,-0.368689,-0.879751,-0.33687,0.78842,0.307766,-0.223929,-1.55138,-1.82539,-1.05084,0.307092,-1.1837,-0.505983,0.972473,-0.346835,-0.0442571,0.431696,0.0289078,-0.255315,-0.221913,-0.574655,-0.201874,0.134979,0.30051,-0.087267,0.426505,-0.0720386,-0.0432646,-0.447941,-0.347415,0.470752,0.238557,0.2618,0.107382,-0.385839,-0.0982103,0.216724,-0.542435,-0.0412459,0.611648,-0.00572361,-0.0250971,-0.115579,0.623,-0.990745,0.117655,-0.0676908,0.6,0,0,0.220509,0.136915,1.60778
16.0624,10.2471,1.18927,-0.433064,0.420366,-0.673859,-0.98746,-1.43521,-0.679571,16.0624,10.2471,1.18927,-0.433064,0.420366,-0.673859,-0.98746,-1.43521,-0.679571,-0.670314,0.0660961,0.348847,-0.425693,-0.279963,0.0875266,-0.217432,-0.162542,0.336416,0.823317,-0.087267,0.431228,-0.0607604,-0.338119,-0.352252,-0.455983,0.777287,0.2618,0.2618,0.110046,-0.154038,-0.183903,0.132775,-0.669391,0.00808596,0.643752,-0.0109445,-0.0268901,-0.13707,0,0,0,0,0,0,0,0,0,0,0,0,0,0,0,0,0,0,0,0,0,0,0,0,0,0,0,0,0,-0.132729,0.269589,0.108858,0.620845,-0.32247,-0.259046,-0.500828,-0.586278,0.127866,0.094887,-0.0867562,0.0386262,-0.332233,0.2549,-0.163725,-0.00483434,0.697276,0.231291,0.323458,0.0632225,-0.0760816,-0.0121477,0.342689,-0.550231,-0.229259,0.690518,-0.00471894,-0.00845555,-0.0839297,3.2228,-0.42007,2.93946,-7.94538,1.14315,0.6636,-3.04238,-0.459156,2.14593,2.24266,-0.0819841,6.70086,-1.24508,1.47975,-0.889438,0.240434,-2.89285,1.15023,-1.25326,0.677146,-5.93584,-0.956536,-1.11276,0.75624,2.13589,0.0499858,-0.0057274,-0.0214799,-0.582976,-16.8857,-11.2504,5.2249,-10.8187,-0.692009,-0.109733,5.02905,17.0064,-3.86875,7.49859,0.570957,-0.517414,4.9589,-11.5918,-6.22359,-5.15428,-0.732436,-2.23241,0.762947,0.0214206,0.998024,-0.450477,-0.748543,-0.630183,0.794449,-1.36917,-0.00817576,-0.251768,0.0852887,0,0,0,0,0,0,0,0,0,0,0,0,0,0,0,0,0,0,0,0,0,0,0,0,0,0,0,0,0,2.55789,2.55789,2.55789,6.3088,6.3088,1.81445,2.55789,2.55789,1.81445,6.3088,6.3088,0.907223,0.907223,1.81445,1.81445,0.907223,0.907223,1.81445,1.81445,0.907223,0.907223,0.907223,0.907223,0.907223,0.907223,1.06814,1.06814,1.06814,1.06814,40.1792,40.1792,40.1792,99.0984,99.0984,28.5012,40.1792,40.1792,28.5012,99.0984,99.0984,14.2506,14.2506,28.5012,28.5012,14.2506,14.2506,28.5012,28.5012,14.2506,14.2506,14.2506,14.2506,14.2506,14.2506,16.7783,16.7783,16.7783,16.7783,0,0,0,0,0,0,0,0,0,0,0,0,0,0,0,0,0,0,0,0,0,0,0,0,0,0,0,0,0,0,0,0,0,0,0,0,0,0,0,0,0,0,0,0,0,0,0,0,0,0,0,0,0,0,0,0,0,0,0,0,0,0,0,0,0,0,0,0,0,0,0,0,0,0,0,0,0,0,0,0,0,0,0,0,0,0,0,0,0,0,0,0,0,0,0,0,0,0,0,0,0,0,0,0,0,0,0,0,0,0,0,0,0,0,0,0,0,-0.98746,-1.43521,-0.679571,-1.49571,-0.153279,-0.803171,1.31627,-1.07026,-0.770946,0.71504,0.0184368,-0.13854,-0.436213,0.587269,-0.6544,0.172713,0.250917,-0.146904,0.120713,-0.296854,-0.351222,-0.360937,0.637109,0.767063,-0.419317,-1.83984,-3.1218,0.440075,0.236801,-0.726307,0.199569,0.983244,-0.670314,0.0660961,0.348847,-0.425693,-0.279963,0.0875266,-0.217432,-0.162542,0.336416,0.823317,-0.087267,0.431228,-0.0607604,-0.338119,-0.352252,-0.455983,0.777287,0.2618,0.2618,0.110046,-0.154038,-0.183903,0.132775,-0.669391,0.00808596,0.643752,-0.0109445,-0.0268901,-0.13707,0.67,-0.990822,0.11282,-0.0744552,0.6,0,0,0.220509,0.136915,1.60778
15.4892,11.5021,2.53797,0.558966,-0.226549,0.0852755,-0.952244,-1.43927,-0.713924,15.4892,11.5021,2.53797,0.558966,-0.226549,0.0852755,-0.952244,-1.43927,-0.713924,-0.747214,0.453329,-0.600365,-0.5236,-0.429412,0.159315,-0.289406,-0.0714965,0.198331,0.797512,-0.087267,0.262217,0.106778,-0.384374,-0.45149,-0.516012,0.812455,0.245875,0.2618,0.0146807,-0.175565,-0.21397,-0.227383,-0.805838,-0.0488365,0.605639,-0.0199975,-0.0275504,-0.0931948,0,0,0,0,0,0,0,0,0,0,0,0,0,0,0,0,0,0,0,0,0,0,0,0,0,0,0,0,0,-0.069877,0.274341,0.143323,0.403118,-0.307255,-0.177142,-0.550564,-0.567128,0.195755,0.221624,-0.0910212,0.153153,-0.338971,0.248256,-0.164514,-0.0141703,0.636149,0.230658,0.310727,0.0759691,-0.126191,-0.0537558,0.33414,-0.546952,-0.185029,0.693268,-0.00575026,-0.0104468,-0.0996981,2.6357,0.938398,0.787217,-12.0111,0.554511,4.53849,-1.33914,1.82965,3.50922,8.13634,-0.0136889,4.9931,0.503822,-1.94899,0.680431,-0.97092,-3.37639,-0.655268,0.00379162,0.632611,-0.797979,-2.43104,0.365431,-0.473252,2.3885,-0.0238603,-0.047373,-0.117527,-0.789223,-31.1234,-10.2559,5.9639,-8.56202,-0.900615,-0.665322,17.5823,12.0429,-2.38149,10.4275,0.612922,-0.562686,3.71473,-13.9089,-6.27547,-5.47683,4.89569,1.95699,-1.19671,-0.0774737,0.473127,0.299027,-3.01655,-1.50344,0.777885,-0.916098,-0.0194845,-0.138501,0.191664,0,0,0,0,0,0,0,0,0,0,0,0,0,0,0,0,0,0,0,0,0,0,0,0,0,0,0,0,0,2.55789,2.55789,2.55789,6.3088,6.3088,1.81445,2.55789,2.55789,1.81445,6.3088,6.3088,0.907223,0.907223,1.81445,1.81445,0.907223,0.907223,1.81445,1.81445,0.907223,0.907223,0.907223,0.907223,0.907223,0.907223,1.06814,1.06814,1.06814,1.06814,40.1792,40.1792,40.1792,99.0984,99.0984,28.5012,40.1792,40.1792,28.5012,99.0984,99.0984,14.2506,14.2506,28.5012,28.5012,14.2506,14.2506,28.5012,28.5012,14.2506,14.2506,14.2506,14.2506,14.2506,14.2506,16.7783,16.7783,16.7783,16.7783,0,0,0,0,0,0,0,0,0,0,0,0,0,0,0,0,0,0,0,0,0,0,0,0,0,0,0,0,0,0,0,0,0,0,0,0,0,0,0,0,0,0,0,0,0,0,0,0,0,0,0,0,0,0,0,0,0,0,0,0,0,0,0,0,0,0,0,0,0,0,0,0,0,0,0,0,0,0,0,0,0,0,0,0,0,0,0,0,0,0,0,0,0,0,0,0,0,0,0,0,0,0,0,0,0,0,0,0,0,0,0,0,0,0,0,0,0,-0.952244,-1.43927,-0.713924,-1.63258,-0.974476,-1.02944,1.39646,-1.38137,-0.876411,0.560621,-0.111352,0.243464,-0.590741,0.0756841,-0.794843,0.0412645,0.0334734,-0.268419,0.827929,-0.130576,-0.400306,-0.3698,-1.09646,0.452214,-0.487874,-1.25092,-3.92946,0.366484,-0.189391,-1.84732,0.363255,0.597882,-0.747214,0.453329,-0.600365,-0.5236,-0.429412,0.159315,-0.289406,-0.0714965,0.198331,0.797512,-0.087267,0.262217,0.106778,-0.384374,-0.45149,-0.516012,0.812455,0.245875,0.2618,0.0146807,-0.175565,-0.21397,-0.227383,-0.805838,-0.0488365,0.605639,-0.0199975,-0.0275504,-0.0931948,0.543,-0.991363,0.10685,-0.0760478,0.6,0,0,0.225574,0.138845,1.91736
12.6545,7.54058,-0.387882,1.85307,-0.704171,-0.23422,-0.994868,-1.44406,-0.639695,12.6545,7.54058,-0.387882,1.85307,-0.704171,-0.23422,-0.994868,-1.44406,-0.639695,-0.913925,0.643499,-0.687881,-0.5236,-0.624705,0.222917,-0.306546,0.0972906,0.130206,1.0982,-0.087267,0.193856,0.183183,-0.303173,-0.564017,-0.717746,1.08577,0.215257,0.2618,0.024187,-0.0349174,-0.332236,-0.243802,-1.08439,-0.261699,0.598047,-0.0242661,-0.0222693,-0.0965068,0,0,0,0,0,0,0,0,0,0,0,0,0,0,0,0,0,0,0,0,0,0,0,0,0,0,0,0,0,-0.0439135,0.297122,-0.0223688,0.154471,-0.3388,-0.076716,-0.518822,-0.50635,0.224764,0.386643,-0.0895402,0.208863,-0.28872,0.145195,-0.130998,-0.0268867,0.551151,0.213614,0.318283,0.063693,-0.135458,-0.105852,0.342372,-0.580616,-0.137908,0.699922,-0.00945319,-0.010061,-0.10022,0.367327,2.08135,-10.3098,-10.5063,-1.38523,4.10519,2.85971,3.55441,0.216579,6.83832,0.085535,1.30138,3.33909,-6.17979,2.09688,-0.00582919,-3.77005,-0.750317,0.261261,-0.758043,-0.22903,-2.09976,-0.0454941,-2.20522,2.08515,0.613923,-0.176697,0.169874,0.238108,-29.5851,1.83905,2.56972,-1.63002,-0.268381,-0.73916,2.48999,8.94118,-1.35651,-1.98895,-0.297776,-0.485376,2.83268,-4.52556,-12.6568,-6.87298,7.11752,2.23321,-2.13566,-0.011454,-0.356612,0.362206,-8.15532,-1.33978,-0.605451,-2.18995,0.0103967,-0.447112,-0.118421,0,0,0,0,0,0,0,0,0,0,0,0,0,0,0,0,0,0,0,0,0,0,0,0,0,0,0,0,0,2.55789,2.55789,2.55789,6.3088,6.3088,1.81445,2.55789,2.55789,1.81445,6.3088,6.3088,0.907223,0.907223,1.81445,1.81445,0.907223,0.907223,1.81445,1.81445,0.907223,0.907223,0.907223,0.907223,0.907223,0.907223,1.06814,1.06814,1.06814,1.06814,40.1792,40.1792,40.1792,99.0984,99.0984,28.5012,40.1792,40.1792,28.5012,99.0984,99.0984,14.2506,14.2506,28.5012,28.5012,14.2506,14.2506,28.5012,28.5012,14.2506,14.2506,14.2506,14.2506,14.2506,14.2506,16.7783,16.7783,16.7783,16.7783,0,0,0,0,0,0,0,0,0,0,0,0,0,0,0,0,0,0,0,0,0,0,0,0,0,0,0,0,0,0,0,0,0,0,0,0,0,0,0,0,0,0,0,0,0,0,0,0,0,0,0,0,0,0,0,0,0,0,0,0,0,0,0,0,0,0,0,0,0,0,0,0,0,0,0,0,0,0,0,0,0,0,0,0,0,0,0,0,0,0,0,0,0,0,0,0,0,0,0,0,0,0,0,0,0,0,0,0,0,0,0,0,0,0,0,0,0,-0.994868,-1.44406,-0.639695,-2.09255,-1.01191,-1.28602,2.01965,-2.01649,-0.691264,0.490807,-0.596699,0.417675,-0.376932,-0.0262147,-1.09931,0.00996007,0.0551488,-0.325715,1.17524,0.177685,-0.0796153,-0.298913,-1.2563,0.296883,-0.757531,-1.29538,-4.1376,1.22399,-0.746318,-1.60962,0.508272,0.442012,-0.913925,0.643499,-0.687881,-0.5236,-0.624705,0.222917,-0.306546,0.0972906,0.130206,1.0982,-0.087267,0.193856,0.183183,-0.303173,-0.564017,-0.717746,1.08577,0.215257,0.2618,0.024187,-0.0349174,-0.332236,-0.243802,-1.08439,-0.261699,0.598047,-0.0242661,-0.0222693,-0.0965068,0.608,-0.991833,0.106726,-0.0698383,0.6,0,0,0.225574,0.138845,1.91736
9.32583,4.31679,-1.75679,2.13906,-0.885381,-0.547635,-1.04076,-1.4577,-0.556619,9.32583,4.31679,-1.75679,2.13906,-0.885381,-0.547635,-1.04076,-1.4577,-0.556619,-0.949718,0.69637,-0.804803,-0.5236,-0.852421,0.223364,-0.406111,0.231157,0.21627,1.40849,-0.087267,0.190525,0.149126,-0.283568,-0.652643,-0.57885,1.02837,0.155833,0.2618,0.00554121,0.234887,-0.282085,-0.0106499,-1.22486,-0.347636,0.593577,-0.0154407,-0.0104753,-0.121741,0,0,0,0,0,0,0,0,0,0,0,0,0,0,0,0,0,0,0,0,0,0,0,0,0,0,0,0,0,-0.0591166,0.357382,-0.193536,-0.00877746,-0.405366,-0.00221361,-0.472116,-0.429816,0.222192,0.536127,-0.089654,0.215018,-0.220829,0.0220787,-0.0857168,-0.0262323,0.502445,0.18912,0.3207,0.0530586,-0.115781,-0.159529,0.33972,-0.623253,-0.123326,0.709058,-0.0133804,-0.00581835,-0.0930748,-1.76586,4.09862,-8.58439,-8.06606,-3.48184,3.78557,2.64851,4.57489,-0.597242,8.84776,0.0804676,-0.115068,4.20012,-7.23281,2.5393,0.0600877,-1.85602,-1.57807,0.110504,-0.429646,1.60421,-3.25448,-0.404573,-2.56395,0.0378949,0.48033,-0.195093,0.246882,0.348115,-30.5278,1.64743,2.0886,-0.222009,0.24808,-0.476062,0.285031,9.9182,-1.8059,1.34105,-0.17512,-0.242688,2.18272,3.32625,-18.1868,-9.89186,10.1213,3.53899,-1.8857,-0.00588869,-0.246825,0.428998,-8.05313,-4.37227,-2.11398,-2.35822,0.0292688,-0.531672,-0.448588,0,0,0,0,0,0,0,0,0,0,0,0,0,0,0,0,0,0,0,0,0,0,0,0,0,0,0,0,0,2.55789,2.55789,2.55789,6.3088,6.3088,1.81445,2.55789,2.55789,1.81445,6.3088,6.3088,0.907223,0.907223,1.81445,1.81445,0.907223,0.907223,1.81445,1.81445,0.907223,0.907223,0.907223,0.907223,0.907223,0.907223,1.06814,1.06814,1.06814,1.06814,40.1792,40.1792,40.1792,99.0984,99.0984,28.5012,40.1792,40.1792,28.5012,99.0984,99.0984,14.2506,14.2506,28.5012,28.5012,14.2506,14.2506,28.5012,28.5012,14.2506,14.2506,14.2506,14.2506,14.2506,14.2506,16.7783,16.7783,16.7783,16.7783,0,0,0,0,0,0,0,0,0,0,0,0,0,0,0,0,0,0,0,0,0,0,0,0,0,0,0,0,0,0,0,0,0,0,0,0,0,0,0,0,0,0,0,0,0,0,0,0,0,0,0,0,0,0,0,0,0,0,0,0,0,0,0,0,0,0,0,0,0,0,0,0,0,0,0,0,0,0,0,0,0,0,0,0,0,0,0,0,0,0,0,0,0,0,0,0,0,0,0,0,0,0,0,0,0,0,0,0,0,0,0,0,0,0,0,0,0,-1.04076,-1.4577,-0.556619,-1.77586,-0.480303,-1.48809,1.88877,-2.33679,-0.646563,0.355315,-0.792644,0.340022,0.0231698,-0.0862197,-1.16468,-0.171878,0.0126345,-0.207255,1.2718,0.422169,0.535567,-0.140606,-1.46984,0.493118,-0.643183,-1.63409,-4.35511,2.10885,-1.39571,-2.03405,0.509292,0.434416,-0.949718,0.69637,-0.804803,-0.5236,-0.852421,0.223364,-0.406111,0.231157,0.21627,1.40849,-0.087267,0.190525,0.149126,-0.283568,-0.652643,-0.57885,1.02837,0.155833,0.2618,0.00554121,0.234887,-0.282085,-0.0106499,-1.22486,-0.347636,0.593577,-0.0154407,-0.0104753,-0.121741,0.545,-0.993612,0.0973686,-0.0570544,0.6,0,0,0.222691,0.137997,1.68386
3.10613,0.742997,-0.333175,2.12586,-0.499531,-0.963761,-1.05229,-1.47811,-0.502169,3.10613,0.742997,-0.333175,2.12586,-0.499531,-0.963761,-1.05229,-1.47811,-0.502169,-0.566512,0.94728,-0.652753,-0.5236,-1.01807,0.105665,-0.341219,0.217847,0.184941,1.48534,-0.087267,0.154685,0.0963038,-0.21851,-0.412313,-0.403023,0.845315,0.0901252,0.2618,0.0231158,0.323371,-0.201866,0.279585,-1.10843,-0.404717,0.586362,-0.00677793,0.00595468,-0.139397,0,0,0,0,0,0,0,0,0,0,0,0,0,0,0,0,0,0,0,0,0,0,0,0,0,0,0,0,0,-0.122864,0.439138,-0.358986,-0.125112,-0.524012,0.060913,-0.430629,-0.326259,0.219216,0.747481,-0.0889417,0.210684,-0.132547,-0.122856,-0.0404352,-0.0250659,0.489607,0.150832,0.310655,0.0406597,-0.0372301,-0.205395,0.333124,-0.679318,-0.138098,0.706402,-0.0143931,-0.000456061,-0.0928068,-4.63812,3.69369,-7.80652,-2.44328,-5.43428,2.66552,2.19324,5.38003,-0.225888,10.9214,0.130479,-0.222116,4.76082,-7.23032,1.61467,-0.056554,0.147071,-1.76473,-0.500628,-0.586561,4.47965,-1.82511,-0.486888,-3.05724,-1.16479,-0.415661,-0.0127159,0.173091,-0.138481,-22.439,0.852863,1.98322,-19.6529,2.06283,-0.239923,-4.16089,9.09969,0.196714,-1.98493,-0.571011,-0.0888534,-0.0865953,8.16348,-20.6767,-7.86771,7.69222,3.40117,-0.440675,0.0316235,-0.114708,0.571579,-4.55517,-5.1358,-2.01077,-1.4788,-0.00375879,-0.372324,-0.357246,0,0,0,0,0,0,0,0,0,0,0,0,0,0,0,0,0,0,0,0,0,0,0,0,0,0,0,0,0,2.55789,2.55789,2.55789,6.3088,6.3088,1.81445,2.55789,2.55789,1.81445,6.3088,6.3088,0.907223,0.907223,1.81445,1.81445,0.907223,0.907223,1.81445,1.81445,0.907223,0.907223,0.907223,0.907223,0.907223,0.907223,1.06814,1.06814,1.06814,1.06814,40.1792,40.1792,40.1792,99.0984,99.0984,28.5012,40.1792,40.1792,28.5012,99.0984,99.0984,14.2506,14.2506,28.5012,28.5012,14.2506,14.2506,28.5012,28.5012,14.2506,14.2506,14.2506,14.2506,14.2506,14.2506,16.7783,16.7783,16.7783,16.7783,0,0,0,0,0,0,0,0,0,0,0,0,0,0,0,0,0,0,0,0,0,0,0,0,0,0,0,0,0,0,0,0,0,0,0,0,0,0,0,0,0,0,0,0,0,0,0,0,0,0,0,0,0,0,0,0,0,0,0,0,0,0,0,0,0,0,0,0,0,0,0,0,0,0,0,0,0,0,0,0,0,0,0,0,0,0,0,0,0,0,0,0,0,0,0,0,0,0,0,0,0,0,0,0,0,0,0,0,0,0,0,0,0,0,0,0,0,-1.05229,-1.47811,-0.502169,-1.37495,0.181461,-0.940116,1.47138,-2.07132,-0.498225,0.205494,-0.922795,0.219582,-0.180113,-0.183052,-0.464822,-0.053364,0.0527063,-0.0909779,1.73004,0.39786,0.737319,0.0799276,-1.19214,0.421683,-0.460275,-1.87109,-4.59936,2.328,-1.8681,-2.33793,0.240926,0.352696,-0.566512,0.94728,-0.652753,-0.5236,-1.01807,0.105665,-0.341219,0.217847,0.184941,1.48534,-0.087267,0.154685,0.0963038,-0.21851,-0.412313,-0.403023,0.845315,0.0901252,0.2618,0.0231158,0.323371,-0.201866,0.279585,-1.10843,-0.404717,0.586362,-0.00677793,0.00595468,-0.139397,0.721,-0.995708,0.0803899,-0.045869,0.6,0,0,0.222691,0.137997,1.68386
4.95297,-11.95,1.60995,1.25887,-0.147244,-1.09236,-0.936178,-1.49737,-0.583992,4.95297,-11.95,1.60995,1.25887,-0.147244,-1.09236,-0.936178,-1.49737,-0.583992,-0.373677,1.09496,-0.520445,-0.5236,-1.11342,0.0387129,-0.332353,0.0322129,0.251667,1.53177,-0.087267,0.103334,0.0580078,-0.335975,-0.258523,-0.360885,0.840491,0.106725,0.2618,0.0460488,0.388961,-0.0906508,0.524279,-0.948061,-0.386104,0.59236,-0.00273701,-0.00208278,-0.14883,0,0,0,0,0,0,0,0,0,0,0,0,0,0,0,0,0,0,0,0,0,0,0,0,0,0,0,0,0,-0.20991,0.512523,-0.449717,-0.132406,-0.656309,0.0781835,-0.399322,-0.21496,0.203486,0.875477,-0.129069,0.198783,-0.0579154,-0.251771,-0.0268343,-0.032731,0.512628,0.115364,0.299795,0.0343042,0.0590866,-0.217731,0.32566,-0.729479,-0.17826,0.687851,-0.0128325,0.00389829,-0.100032,-3.56429,3.48729,-2.75706,0.440652,-5.84201,0.42716,0.216741,5.66928,-0.610729,3.17173,-1.67039,-0.959508,2.72667,-5.35683,0.14845,-0.505395,1.95752,-1.46674,-0.484735,-0.215075,4.58469,-0.176728,-0.425417,-1.97678,-2.23259,-1.05883,0.0991804,0.16019,-0.456713,-4.95014,8.64544,-0.794958,-40.9572,1.07679,0.0160602,0.920889,3.39488,0.849908,39.6822,15.7166,0.14937,-0.355868,10.84,-11.4423,-4.84119,3.16363,2.04647,-0.166888,0.0364366,-0.372363,0.410408,-0.316389,-3.57569,-1.24487,-0.599576,-0.00180969,-0.149039,-0.190937,0,0,0,0,0,0,0,0,0,0,0,0,0,0,0,0,0,0,0,0,0,0,0,0,0,0,0,0,0,2.55789,2.55789,2.55789,6.3088,6.3088,1.81445,2.55789,2.55789,1.81445,6.3088,6.3088,0.907223,0.907223,1.81445,1.81445,0.907223,0.907223,1.81445,1.81445,0.907223,0.907223,0.907223,0.907223,0.907223,0.907223,1.06814,1.06814,1.06814,1.06814,40.1792,40.1792,40.1792,99.0984,99.0984,28.5012,40.1792,40.1792,28.5012,99.0984,99.0984,14.2506,14.2506,28.5012,28.5012,14.2506,14.2506,28.5012,28.5012,14.2506,14.2506,14.2506,14.2506,14.2506,14.2506,16.7783,16.7783,16.7783,16.7783,0,0,0,0,0,0,0,0,0,0,0,0,0,0,0,0,0,0,0,0,0,0,0,0,0,0,0,0,0,0,0,0,0,0,0,0,0,0,0,0,0,0,0,0,0,0,0,0,0,0,0,0,0,0,0,0,0,0,0,0,0,0,0,0,0,0,0,0,0,0,0,0,0,0,0,0,0,0,0,0,0,0,0,0,0,0,0,0,0,0,0,0,0,0,0,0,0,0,0,0,0,0,0,0,0,0,0,0,0,0,0,0,0,0,0,0,0,-0.936178,-1.49737,-0.583992,-1.27887,0.739389,-0.589458,1.46038,-1.70565,-0.766056,0.243344,-0.880356,0.132264,-0.48587,-0.102546,-0.112642,-0.037172,0.104996,-0.036738,1.99976,0.0588314,0.886869,-0.0279564,-0.950504,0.573826,-0.206693,-1.99769,-4.71955,2.46039,-2.14002,-2.56292,0.0882693,0.235612,-0.373677,1.09496,-0.520445,-0.5236,-1.11342,0.0387129,-0.332353,0.0322129,0.251667,1.53177,-0.087267,0.103334,0.0580078,-0.335975,-0.258523,-0.360885,0.840491,0.106725,0.2618,0.0460488,0.388961,-0.0906508,0.524279,-0.948061,-0.386104,0.59236,-0.00273701,-0.00208278,-0.14883,0.834,-0.997305,0.0590792,-0.0434948,0.6,0,0,0.209794,0.134274,1.05981
4.72989,-6.62599,1.54988,0.306826,0.0161947,-0.153631,-0.812579,-1.50891,-0.693762,4.72989,-6.62599,1.54988,0.306826,0.0161947,-0.153631,-0.812579,-1.50891,-0.693762,-0.0847815,1.1887,-0.371459,-0.5236,-1.17799,-0.0122018,-0.468561,-0.0863045,0.193657,1.35133,-0.087267,0.058442,0.0623383,-0.391204,-0.18327,-0.321346,0.802348,0.105404,0.2618,0.0359713,0.191003,-0.0953086,0.487682,-0.748154,-0.316945,0.597505,-0.00490345,-0.00927625,-0.126078,0,0,0,0,0,0,0,0,0,0,0,0,0,0,0,0,0,0,0,0,0,0,0,0,0,0,0,0,0,-0.249606,0.579686,-0.464316,-0.12137,-0.778897,0.0697279,-0.421972,-0.106361,0.204955,0.946012,-0.146998,0.166695,-0.0291687,-0.330542,-0.0360089,-0.0558408,0.560905,0.0914773,0.294239,0.0354008,0.151355,-0.198413,0.322853,-0.758817,-0.219949,0.676904,-0.00994343,0.00291172,-0.1124,-0.787006,3.2146,0.0218813,0.529849,-5.39068,-0.557897,-1.66433,5.08283,0.242566,4.11527,-0.342438,-1.74906,0.630244,-2.99139,-1.01342,-1.84085,2.53353,-0.899615,-0.0925583,0.13112,4.35643,1.31104,-0.181848,-1.25881,-1.82934,0.484409,0.136674,0.0264786,-0.600806,-2.46794,12.6487,-2.22415,-43.1953,0.884116,0.127185,7.62015,-7.26514,0.853529,33.7861,8.65264,0.672195,0.594971,5.3801,-4.76994,-2.84365,1.75634,2.16203,-0.693156,0.0344029,-0.540161,0.382918,3.02506,-1.55389,-0.770533,-1.76544,-0.0273344,-0.0311154,0.0432813,0,0,0,0,0,0,0,0,0,0,0,0,0,0,0,0,0,0,0,0,0,0,0,0,0,0,0,0,0,2.55789,2.55789,2.55789,6.3088,6.3088,1.81445,2.55789,2.55789,1.81445,6.3088,6.3088,0.907223,0.907223,1.81445,1.81445,0.907223,0.907223,1.81445,1.81445,0.907223,0.907223,0.907223,0.907223,0.907223,0.907223,1.06814,1.06814,1.06814,1.06814,40.1792,40.1792,40.1792,99.0984,99.0984,28.5012,40.1792,40.1792,28.5012,99.0984,99.0984,14.2506,14.2506,28.5012,28.5012,14.2506,14.2506,28.5012,28.5012,14.2506,14.2506,14.2506,14.2506,14.2506,14.2506,16.7783,16.7783,16.7783,16.7783,0,0,0,0,0,0,0,0,0,0,0,0,0,0,0,0,0,0,0,0,0,0,0,0,0,0,0,0,0,0,0,0,0,0,0,0,0,0,0,0,0,0,0,0,0,0,0,0,0,0,0,0,0,0,0,0,0,0,0,0,0,0,0,0,0,0,0,0,0,0,0,0,0,0,0,0,0,0,0,0,0,0,0,0,0,0,0,0,0,0,0,0,0,0,0,0,0,0,0,0,0,0,0,0,0,0,0,0,0,0,0,0,0,0,0,0,0,-0.812579,-1.50891,-0.693762,-1.18872,0.655945,-0.417874,1.37341,-1.24985,-0.891983,0.240332,-0.722665,0.142138,-0.593933,-0.0334945,0.414976,-0.285932,0.0820182,-0.0658174,2.17096,-0.15762,0.435506,-0.124512,-0.678406,0.441556,-0.217313,-1.6923,-4.525,1.94584,-2.32416,-2.77205,-0.0278214,0.133253,-0.0847815,1.1887,-0.371459,-0.5236,-1.17799,-0.0122018,-0.468561,-0.0863045,0.193657,1.35133,-0.087267,0.058442,0.0623383,-0.391204,-0.18327,-0.321346,0.802348,0.105404,0.2618,0.0359713,0.191003,-0.0953086,0.487682,-0.748154,-0.316945,0.597505,-0.00490345,-0.00927625,-0.126078,0.579,-0.998086,0.0449023,-0.0425254,0.6,0,0,0.206571,0.136895,0.792412
0.700284,-2.89982,-1.98641,-0.0912754,0.659228,0.744978,-0.799484,-1.4987,-0.705373,0.700284,-2.89982,-1.98641,-0.0912754,0.659228,0.744978,-0.799484,-1.4987,-0.705373,0.144046,1.15227,-0.201979,-0.5236,-1.04595,0.00247624,-0.646905,-0.145917,-0.0170335,1.17788,-0.087267,-0.0172184,0.0296343,-0.373412,-0.108253,-0.215283,0.589378,0.0666981,0.2618,0.0340296,0.0370149,-0.126668,0.368815,-0.532043,-0.242386,0.594857,-0.0022038,-0.024693,-0.0902229,0,0,0,0,0,0,0,0,0,0,0,0,0,0,0,0,0,0,0,0,0,0,0,0,0,0,0,0,0,-0.234007,0.647665,-0.434915,-0.113129,-0.88454,0.0483323,-0.44683,-0.0200292,0.199203,1.03366,-0.136136,0.129615,-0.0263629,-0.378627,-0.0802417,-0.105683,0.610376,0.0827502,0.297462,0.0364615,0.18855,-0.174083,0.316855,-0.778765,-0.259268,0.692016,-0.00800794,0.00667405,-0.119288,1.53689,3.47443,1.86848,0.324099,-3.85234,-1.06174,-1.00315,3.60622,-0.960201,4.66788,0.768756,-1.55305,-0.141455,-2.06367,-2.8884,-2.99639,2.44512,-0.194395,-0.00247443,0.000354139,0.715211,1.1236,-0.290362,-0.793974,-2.08861,0.764824,0.0813819,0.250963,-0.251621,2.30129,13.1291,-2.17908,-42.7761,0.741512,0.208981,1.65636,-12.01,1.20584,3.16729,0.208789,0.458031,1.35548,3.36177,2.08653,-0.512943,0.572237,1.05502,-1.1,-0.0124713,-0.700222,0.113952,2.70805,1.16989,1.00779,-2.3802,-0.0352541,-0.520068,0.153344,0,0,0,0,0,0,0,0,0,0,0,0,0,0,0,0,0,0,0,0,0,0,0,0,0,0,0,0,0,2.55789,2.55789,2.55789,6.3088,6.3088,1.81445,2.55789,2.55789,1.81445,6.3088,6.3088,0.907223,0.907223,1.81445,1.81445,0.907223,0.907223,1.81445,1.81445,0.907223,0.907223,0.907223,0.907223,0.907223,0.907223,1.06814,1.06814,1.06814,1.06814,40.1792,40.1792,40.1792,99.0984,99.0984,28.5012,40.1792,40.1792,28.5012,99.0984,99.0984,14.2506,14.2506,28.5012,28.5012,14.2506,14.2506,28.5012,28.5012,14.2506,14.2506,14.2506,14.2506,14.2506,14.2506,16.7783,16.7783,16.7783,16.7783,0,0,0,0,0,0,0,0,0,0,0,0,0,0,0,0,0,0,0,0,0,0,0,0,0,0,0,0,0,0,0,0,0,0,0,0,0,0,0,0,0,0,0,0,0,0,0,0,0,0,0,0,0,0,0,0,0,0,0,0,0,0,0,0,0,0,0,0,0,0,0,0,0,0,0,0,0,0,0,0,0,0,0,0,0,0,0,0,0,0,0,0,0,0,0,0,0,0,0,0,0,0,0,0,0,0,0,0,0,0,0,0,0,0,0,0,0,-0.799484,-1.4987,-0.705373,-0.946886,0.384916,-0.246827,0.88782,-0.757091,-0.851417,0.152078,-0.552664,0.0675691,-0.498226,-0.0690369,0.832891,-0.611647,0.0775909,-0.0295809,2.10442,-0.266492,0.0843977,-0.331445,-0.36888,-0.038838,-0.288815,-1.21103,-4.07435,1.45121,-1.94759,-2.5711,0.00564608,-0.0392596,0.144046,1.15227,-0.201979,-0.5236,-1.04595,0.00247624,-0.646905,-0.145917,-0.0170335,1.17788,-0.087267,-0.0172184,0.0296343,-0.373412,-0.108253,-0.215283,0.589378,0.0666981,0.2618,0.0340296,0.0370149,-0.126668,0.368815,-0.532043,-0.242386,0.594857,-0.0022038,-0.024693,-0.0902229,0.689,-0.997402,0.0516511,-0.050216,0.6,0,0,0.206571,0.136895,0.792412
17.1553,-2.85359,2.17301,0.0799261,0.0568574,0.546983,-0.886917,-1.48482,-0.618071,17.1553,-2.85359,2.17301,0.0799261,0.0568574,0.546983,-0.886917,-1.48482,-0.618071,0.00874294,0.897124,0.249534,-0.520324,-0.530923,-0.209359,-0.487246,-0.0399128,-0.0943245,1.11793,-0.087267,-0.0857618,-0.0618198,-0.231549,-0.253505,-0.101471,0.516355,0.0863302,0.2618,0.0526993,0.136295,-0.285768,0.373045,-0.506045,-0.225542,0.614421,0.00330858,0.0017693,-0.105004,0,0,0,0,0,0,0,0,0,0,0,0,0,0,0,0,0,0,0,0,0,0,0,0,0,0,0,0,0,-0.197255,0.726109,-0.364541,-0.10845,-0.907189,0.033493,-0.485947,0.0306022,0.149664,1.10344,-0.120649,0.087298,-0.0461455,-0.417243,-0.108267,-0.138328,0.655382,0.0903254,0.290057,0.0372856,0.157853,-0.155422,0.321847,-0.78976,-0.2945,0.701051,-0.00601686,0.00723969,-0.117861,2.05789,3.49506,3.43564,0.14886,-0.0864002,-0.491029,-2.35295,1.38921,-2.99274,2.14314,0.572808,-1.93337,-1.50513,-1.49955,-0.287533,-0.190957,1.98384,0.577914,-0.792093,0.00396434,-2.18771,0.750626,0.732967,-0.210066,-1.28399,-0.158978,0.0801996,-0.154321,0.148998,8.97608,8.38894,-2.17746,-42.1038,-12.8104,0.0126293,-0.69754,-10.9037,0.319869,-6.67386,-0.336186,0.255193,2.3394,3.96627,0.665242,-0.788214,-2.67964,-1.68481,0.535412,-0.0548645,0.185904,-0.265435,0.0672897,3.89556,1.94923,-1.68722,-0.0221335,-0.398515,0.31276,0,0,0,0,0,0,0,0,0,0,0,0,0,0,0,0,0,0,0,0,0,0,0,0,0,0,0,0,0,2.55789,2.55789,2.55789,6.3088,6.3088,1.81445,2.55789,2.55789,1.81445,6.3088,6.3088,0.907223,0.907223,1.81445,1.81445,0.907223,0.907223,1.81445,1.81445,0.907223,0.907223,0.907223,0.907223,0.907223,0.907223,1.06814,1.06814,1.06814,1.06814,40.1792,40.1792,40.1792,99.0984,99.0984,28.5012,40.1792,40.1792,28.5012,99.0984,99.0984,14.2506,14.2506,28.5012,28.5012,14.2506,14.2506,28.5012,28.5012,14.2506,14.2506,14.2506,14.2506,14.2506,14.2506,16.7783,16.7783,16.7783,16.7783,0,0,0,0,0,0,0,0,0,0,0,0,0,0,0,0,0,0,0,0,0,0,0,0,0,0,0,0,0,0,0,0,0,0,0,0,0,0,0,0,0,0,0,0,0,0,0,0,0,0,0,0,0,0,0,0,0,0,0,0,0,0,0,0,0,0,0,0,0,0,0,0,0,0,0,0,0,0,0,0,0,0,0,0,0,0,0,0,0,0,0,0,0,0,0,0,0,0,0,0,0,0,0,0,0,0,0,0,0,0,0,0,0,0,0,0,0,-0.886917,-1.48482,-0.618071,-0.687384,0.394559,-0.578017,0.72132,-0.697812,-0.527954,0.196842,-0.514259,-0.140955,-0.271466,0.193564,0.585782,-0.320057,0.12016,0.04441,1.63844,-0.0728939,0.310766,0.0237488,0.455731,-0.215069,-0.65158,-1.40943,-3.39166,1.28025,-0.478874,-1.5429,-0.477359,-0.195545,0.00874294,0.897124,0.249534,-0.520324,-0.530923,-0.209359,-0.487246,-0.0399128,-0.0943245,1.11793,-0.087267,-0.0857618,-0.0618198,-0.231549,-0.253505,-0.101471,0.516355,0.0863302,0.2618,0.0526993,0.136295,-0.285768,0.373045,-0.506045,-0.225542,0.614421,0.00330858,0.0017693,-0.105004,1.381,-0.996384,0.0654829,-0.0541326,0.6,0,0,0.205755,0.135258,0.843548
9.17878,-1.98334,0.4157,-0.00419271,0.210151,0.336109,-0.913639,-1.47757,-0.590637,9.17878,-1.98334,0.4157,-0.00419271,0.210151,0.336109,-0.913639,-1.47757,-0.590637,-0.0837445,0.831336,0.264652,-0.447198,-0.254194,-0.197665,-0.437387,-0.0830827,-0.150658,1.22011,-0.087267,-0.105594,-0.119398,-0.113534,-0.370907,-0.0739479,0.415871,0.0391595,0.2618,0.0795389,0.296993,-0.425959,0.373272,-0.589657,-0.251911,0.611647,0.00339165,0.0276382,-0.130747,0,0,0,0,0,0,0,0,0,0,0,0,0,0,0,0,0,0,0,0,0,0,0,0,0,0,0,0,0,-0.150721,0.787372,-0.240753,-0.106273,-0.819881,-0.0180613,-0.523092,0.0401706,0.0926032,1.12591,-0.111926,0.0469249,-0.0734117,-0.433731,-0.113451,-0.131627,0.689737,0.1082,0.270292,0.0409994,0.136562,-0.172285,0.333663,-0.789422,-0.307591,0.696225,-0.0037608,0.00752883,-0.11796,2.80122,3.07798,7.96939,0.114652,4.6639,-3.18717,-1.71983,-0.0858771,-3.32202,0.621866,0.405211,-2.28331,-1.3103,-0.549401,-0.317904,0.633163,1.87203,0.99976,-1.0299,0.23368,-0.690868,-1.51201,0.609843,0.16984,-0.34809,-0.276261,0.127087,0.0816723,-0.0391071,-0.504757,-3.51975,-0.237845,-41.7436,-0.801612,0.3352,5.89935,-3.33793,0.45169,-5.34402,-0.142669,0.154156,1.38228,6.85763,-3.4235,-0.0868324,-4.12445,-2.44687,1.66624,-0.0464285,0.65907,-0.29357,0.0148027,3.91946,1.55218,-1.07492,-0.0170679,-0.179597,0.2644,0,0,0,0,0,0,0,0,0,0,0,0,0,0,0,0,0,0,0,0,0,0,0,0,0,0,0,0,0,2.55789,2.55789,2.55789,6.3088,6.3088,1.81445,2.55789,2.55789,1.81445,6.3088,6.3088,0.907223,0.907223,1.81445,1.81445,0.907223,0.907223,1.81445,1.81445,0.907223,0.907223,0.907223,0.907223,0.907223,0.907223,1.06814,1.06814,1.06814,1.06814,40.1792,40.1792,40.1792,99.0984,99.0984,28.5012,40.1792,40.1792,28.5012,99.0984,99.0984,14.2506,14.2506,28.5012,28.5012,14.2506,14.2506,28.5012,28.5012,14.2506,14.2506,14.2506,14.2506,14.2506,14.2506,16.7783,16.7783,16.7783,16.7783,0,0,0,0,0,0,0,0,0,0,0,0,0,0,0,0,0,0,0,0,0,0,0,0,0,0,0,0,0,0,0,0,0,0,0,0,0,0,0,0,0,0,0,0,0,0,0,0,0,0,0,0,0,0,0,0,0,0,0,0,0,0,0,0,0,0,0,0,0,0,0,0,0,0,0,0,0,0,0,0,0,0,0,0,0,0,0,0,0,0,0,0,0,0,0,0,0,0,0,0,0,0,0,0,0,0,0,0,0,0,0,0,0,0,0,0,0,-0.913639,-1.47757,-0.590637,-0.624629,0.395077,-0.845705,0.492208,-0.888457,-0.258868,0.0892877,-0.574382,-0.272239,-0.112246,0.156332,0.41687,-0.228997,0.181357,0.0455249,1.51829,-0.151736,0.677174,0.370978,0.483341,-0.343516,-0.971229,-1.75498,-3.18312,1.57164,0.310289,-0.913352,-0.450697,-0.240765,-0.0837445,0.831336,0.264652,-0.447198,-0.254194,-0.197665,-0.437387,-0.0830827,-0.150658,1.22011,-0.087267,-0.105594,-0.119398,-0.113534,-0.370907,-0.0739479,0.415871,0.0391595,0.2618,0.0795389,0.296993,-0.425959,0.373272,-0.589657,-0.251911,0.611647,0.00339165,0.0276382,-0.130747,0.752,-0.995658,0.0737017,-0.0568653,0.6,0,0,0.205755,0.135258,0.843548
6.54102,-1.68437,-0.470821,-0.248839,0.632623,0.280881,-0.883928,-1.46767,-0.623632,6.54102,-1.68437,-0.470821,-0.248839,0.632623,0.280881,-0.883928,-1.46767,-0.623632,-0.28061,1.01727,0.234788,-0.5236,-0.51929,-0.10016,-0.349074,-0.196649,-0.363763,1.47168,-0.087267,-0.0790948,-0.145948,-0.162496,-0.316595,-0.0622988,0.111872,-0.103732,0.2618,0.0906963,0.331586,-0.426293,0.332993,-0.726444,-0.276327,0.595981,0.00214008,0.0155328,-0.122016,0,0,0,0,0,0,0,0,0,0,0,0,0,0,0,0,0,0,0,0,0,0,0,0,0,0,0,0,0,-0.102962,0.829436,-0.100405,-0.103631,-0.671016,-0.0687244,-0.552758,0.0192826,0.0227491,1.14487,-0.106111,0.00403331,-0.0865475,-0.431696,-0.123277,-0.117303,0.727275,0.12301,0.248111,0.0511657,0.156946,-0.226545,0.346304,-0.779995,-0.309688,0.687087,-0.00169017,0.0135669,-0.122793,2.03583,1.43383,6.12122,0.133171,6.72535,-2.13384,-1.22624,-1.63833,-3.49178,1.14636,0.266511,-1.93007,-0.173743,0.505288,-0.669812,0.709643,1.78852,0.465354,-0.866467,0.533681,1.61707,-2.95819,0.620792,0.650617,0.0193256,-0.453452,0.0895796,0.362919,-0.267528,-4.46384,-3.77515,-1.00871,-34.8837,-1.15158,0.205151,7.83914,-0.276888,1.24852,0.506659,0.203554,0.190434,-0.237145,8.2999,-5.9434,-0.00894209,-6.04668,-3.29874,2.04564,-0.0765336,0.594253,-0.197093,-0.0424827,2.21659,0.746301,-1.02464,-0.00900212,-0.0959107,0.1644,0,0,0,0,0,0,0,0,0,0,0,0,0,0,0,0,0,0,0,0,0,0,0,0,0,0,0,0,0,2.55789,2.55789,2.55789,6.3088,6.3088,1.81445,2.55789,2.55789,1.81445,6.3088,6.3088,0.907223,0.907223,1.81445,1.81445,0.907223,0.907223,1.81445,1.81445,0.907223,0.907223,0.907223,0.907223,0.907223,0.907223,1.06814,1.06814,1.06814,1.06814,40.1792,40.1792,40.1792,99.0984,99.0984,28.5012,40.1792,40.1792,28.5012,99.0984,99.0984,14.2506,14.2506,28.5012,28.5012,14.2506,14.2506,28.5012,28.5012,14.2506,14.2506,14.2506,14.2506,14.2506,14.2506,16.7783,16.7783,16.7783,16.7783,0,0,0,0,0,0,0,0,0,0,0,0,0,0,0,0,0,0,0,0,0,0,0,0,0,0,0,0,0,0,0,0,0,0,0,0,0,0,0,0,0,0,0,0,0,0,0,0,0,0,0,0,0,0,0,0,0,0,0,0,0,0,0,0,0,0,0,0,0,0,0,0,0,0,0,0,0,0,0,0,0,0,0,0,0,0,0,0,0,0,0,0,0,0,0,0,0,0,0,0,0,0,0,0,0,0,0,0,0,0,0,0,0,0,0,0,0,-0.883928,-1.46767,-0.623632,-0.598067,0.303236,-0.721868,-0.200941,-1.20035,-0.370506,-0.236518,-0.630054,-0.332777,-0.12574,-0.0539494,0.0573282,-0.0677094,0.206797,0.0287255,1.85787,-0.359145,0.756049,0.208491,0.4288,-0.829417,-0.971991,-1.63778,-3.73212,2.28903,-0.4457,-0.912596,-0.228374,-0.180344,-0.28061,1.01727,0.234788,-0.5236,-0.51929,-0.10016,-0.349074,-0.196649,-0.363763,1.47168,-0.087267,-0.0790948,-0.145948,-0.162496,-0.316595,-0.0622988,0.111872,-0.103732,0.2618,0.0906963,0.331586,-0.426293,0.332993,-0.726444,-0.276327,0.595981,0.00214008,0.0155328,-0.122016,0.895,-0.994687,0.079603,-0.0652813,0.6,0,0,0.206378,0.133017,0.992833
12.0965,3.52073,1.14615,-0.0335235,0.386148,0.827286,-0.87762,-1.45263,-0.633282,12.0965,3.52073,1.14615,-0.0335235,0.386148,0.827286,-0.87762,-1.45263,-0.633282,-0.484732,1.08578,0.189971,-0.5236,-0.949681,-0.201443,-0.142056,-0.125942,-0.353994,1.58982,-0.087267,-0.00425315,-0.120688,-0.183578,-0.319421,-0.1748,0.163997,-0.142025,0.2618,0.0877484,0.366744,-0.36762,0.362485,-0.894619,-0.391874,0.598602,0.000850841,0.0121926,-0.143861,0,0,0,0,0,0,0,0,0,0,0,0,0,0,0,0,0,0,0,0,0,0,0,0,0,0,0,0,0,-0.0936007,0.854438,-0.00270772,-0.101992,-0.624784,-0.083066,-0.575218,-0.0318874,-0.0668266,1.1943,-0.1034,-0.0243677,-0.0768654,-0.425961,-0.125621,-0.108212,0.746818,0.111623,0.242129,0.0647372,0.196797,-0.274061,0.367685,-0.768325,-0.30981,0.680635,-0.000301293,0.0181001,-0.124882,0.122481,1.23644,4.30988,0.0339909,1.69077,-0.298396,-0.572604,-3.03104,-4.90872,3.28802,0.164919,-1.07338,0.743627,0.00473336,0.0409325,0.239785,0.0119549,-1.11163,0.0765049,0.662634,2.10089,-2.10267,1.72388,0.515647,-0.121924,-0.521727,0.0632234,0.1751,-0.0620859,-7.53492,3.46205,-1.39141,-42.0343,-0.21997,0.0749767,11.0298,0.768407,0.163771,7.98796,0.627229,0.217295,-1.63441,7.38969,-5.56436,0.408366,-9.27844,-4.29707,0.533996,-0.228879,0.0661508,-0.283229,-1.83071,0.132306,0.558132,-0.982401,-0.0269905,-0.247201,0.109248,0,0,0,0,0,0,0,0,0,0,0,0,0,0,0,0,0,0,0,0,0,0,0,0,0,0,0,0,0,2.55789,2.55789,2.55789,6.3088,6.3088,1.81445,2.55789,2.55789,1.81445,6.3088,6.3088,0.907223,0.907223,1.81445,1.81445,0.907223,0.907223,1.81445,1.81445,0.907223,0.907223,0.907223,0.907223,0.907223,0.907223,1.06814,1.06814,1.06814,1.06814,40.1792,40.1792,40.1792,99.0984,99.0984,28.5012,40.1792,40.1792,28.5012,99.0984,99.0984,14.2506,14.2506,28.5012,28.5012,14.2506,14.2506,28.5012,28.5012,14.2506,14.2506,14.2506,14.2506,14.2506,14.2506,16.7783,16.7783,16.7783,16.7783,0,0,0,0,0,0,0,0,0,0,0,0,0,0,0,0,0,0,0,0,0,0,0,0,0,0,0,0,0,0,0,0,0,0,0,0,0,0,0,0,0,0,0,0,0,0,0,0,0,0,0,0,0,0,0,0,0,0,0,0,0,0,0,0,0,0,0,0,0,0,0,0,0,0,0,0,0,0,0,0,0,0,0,0,0,0,0,0,0,0,0,0,0,0,0,0,0,0,0,0,0,0,0,0,0,0,0,0,0,0,0,0,0,0,0,0,0,-0.87762,-1.45263,-0.633282,-0.85458,0.370482,-0.728313,-0.0820898,-1.5838,-0.418576,-0.323831,-0.893512,-0.27518,-0.263275,-0.0187655,-0.315465,0.310373,0.200075,0.0114205,1.98299,-0.230011,0.836213,0.163657,0.34695,-0.807142,-0.838209,-1.931,-4.05186,2.62595,-1.67307,-0.697442,-0.45931,-0.00969759,-0.484732,1.08578,0.189971,-0.5236,-0.949681,-0.201443,-0.142056,-0.125942,-0.353994,1.58982,-0.087267,-0.00425315,-0.120688,-0.183578,-0.319421,-0.1748,0.163997,-0.142025,0.2618,0.0877484,0.366744,-0.36762,0.362485,-0.894619,-0.391874,0.598602,0.000850841,0.0121926,-0.143861,0.727,-0.993027,0.0906813,-0.0753281,0.6,0,0,0.219735,0.138797,1.31745
11.0319,1.04371,1.50533,0.319141,0.081184,1.57345,-0.96872,-1.42927,-0.537306,11.0319,1.04371,1.50533,0.319141,0.081184,1.57345,-0.96872,-1.42927,-0.537306,-0.410159,0.902785,0.107006,-0.510516,-0.669546,-0.464653,-0.13998,-0.0913363,-0.237913,1.28226,-0.087267,-0.0026404,-0.0654131,-0.00877592,-0.410759,-0.387201,0.461364,-0.0920872,0.2618,0.0876897,0.350161,-0.422377,0.295669,-1.05568,-0.51903,0.609117,-0.00358703,0.029961,-0.172361,0,0,0,0,0,0,0,0,0,0,0,0,0,0,0,0,0,0,0,0,0,0,0,0,0,0,0,0,0,-0.103203,0.884243,0.0578395,-0.10132,-0.704967,-0.111293,-0.561963,-0.0928189,-0.167287,1.27257,-0.101022,-0.0262861,-0.0537767,-0.439952,-0.12364,-0.110583,0.723865,0.0751762,0.249396,0.0749773,0.243305,-0.298709,0.417257,-0.761077,-0.323126,0.673659,0.000324806,0.0190919,-0.128622,-1.09414,1.70485,2.30069,0.0211323,-3.92166,-1.5465,1.56249,-2.88118,-4.90116,4.2043,0.148748,0.37538,1.50367,-1.10905,0.176504,-0.193249,-2.00166,-1.98314,0.44175,0.437044,2.28842,-0.897694,3.03856,0.294641,-0.890185,-0.348798,0.022147,0.00995162,-0.242572,-12.9223,3.97114,-0.645799,-41.9935,0.511406,0.233583,13.4354,5.96964,3.41239,5.84642,0.486992,0.0202338,-2.21629,9.16038,-5.85535,-0.721653,-6.36641,-2.66974,-0.431629,-0.214222,-0.295458,-0.164693,-3.3876,-2.16896,-0.202439,-0.863338,-0.0161907,-0.131063,-0.00449025,0,0,0,0,0,0,0,0,0,0,0,0,0,0,0,0,0,0,0,0,0,0,0,0,0,0,0,0,0,2.55789,2.55789,2.55789,6.3088,6.3088,1.81445,2.55789,2.55789,1.81445,6.3088,6.3088,0.907223,0.907223,1.81445,1.81445,0.907223,0.907223,1.81445,1.81445,0.907223,0.907223,0.907223,0.907223,0.907223,0.907223,1.06814,1.06814,1.06814,1.06814,40.1792,40.1792,40.1792,99.0984,99.0984,28.5012,40.1792,40.1792,28.5012,99.0984,99.0984,14.2506,14.2506,28.5012,28.5012,14.2506,14.2506,28.5012,28.5012,14.2506,14.2506,14.2506,14.2506,14.2506,14.2506,16.7783,16.7783,16.7783,16.7783,0,0,0,0,0,0,0,0,0,0,0,0,0,0,0,0,0,0,0,0,0,0,0,0,0,0,0,0,0,0,0,0,0,0,0,0,0,0,0,0,0,0,0,0,0,0,0,0,0,0,0,0,0,0,0,0,0,0,0,0,0,0,0,0,0,0,0,0,0,0,0,0,0,0,0,0,0,0,0,0,0,0,0,0,0,0,0,0,0,0,0,0,0,0,0,0,0,0,0,0,0,0,0,0,0,0,0,0,0,0,0,0,0,0,0,0,0,-0.96872,-1.42927,-0.537306,-1.33888,0.218134,-0.936572,0.595935,-1.95102,-0.02001,-0.209968,-1.18344,-0.149148,-0.475051,0.122375,-0.179271,0.314166,0.199941,-0.0481475,1.64878,-0.16681,0.798401,0.402156,0.195429,-0.542465,-0.963063,-2.31355,-3.36369,1.74886,-0.874193,-0.245236,-1.05945,-0.00602038,-0.410159,0.902785,0.107006,-0.510516,-0.669546,-0.464653,-0.13998,-0.0913363,-0.237913,1.28226,-0.087267,-0.0026404,-0.0654131,-0.00877592,-0.410759,-0.387201,0.461364,-0.0920872,0.2618,0.0876897,0.350161,-0.422377,0.295669,-1.05568,-0.51903,0.609117,-0.00358703,0.029961,-0.172361,0.747,-0.990001,0.116255,-0.0798893,0.6,0,0,0.219735,0.138797,1.31745
9.07578,-4.90451,1.21281,-0.0305995,0.338563,1.3133,-1.03698,-1.40146,-0.464993,9.07578,-4.90451,1.21281,-0.0305995,0.338563,1.3133,-1.03698,-1.40146,-0.464993,-0.165569,0.764746,0.0707459,-0.168795,-0.334077,-0.52,-0.556427,-0.538477,-0.247309,0.835541,-0.087267,-0.153614,-0.0321794,0.112005,-0.41664,-0.380383,0.408408,-0.113444,0.2618,0.0910591,0.314302,-0.469684,0.26366,-1.04646,-0.538529,0.599911,-0.00253405,0.0346506,-0.148232,0,0,0,0,0,0,0,0,0,0,0,0,0,0,0,0,0,0,0,0,0,0,0,0,0,0,0,0,0,-0.139294,0.914648,0.0756426,-0.10115,-0.700014,-0.19643,-0.511806,-0.134994,-0.246904,1.3176,-0.0958051,-0.0164011,-0.0134088,-0.458123,-0.125271,-0.110883,0.685121,0.0396994,0.256775,0.0810398,0.279197,-0.327252,0.469434,-0.7515,-0.347438,0.675388,-0.000569236,0.0232705,-0.136009,-2.06184,1.17518,0.388298,0.00368733,0.509515,-4.48001,2.85336,-1.51203,-2.9767,0.911356,0.189592,0.485729,2.20546,-0.435754,-0.0726803,0.188018,-1.72999,-1.64589,0.350696,0.210859,1.47807,-1.53519,2.16155,0.603026,-1.30366,0.463342,-0.0415884,0.354283,-0.402004,-5.80599,-3.6193,0.248645,-40.5977,-0.202726,0.474892,7.9249,5.78225,5.90343,-10.341,-0.402606,-0.244805,-2.66189,13.807,-7.97006,-4.0494,-1.63045,-0.79379,-0.488621,-0.102785,-0.335935,0.01772,-4.46137,-4.85166,-1.28866,-1.52512,-0.00240258,-0.228913,-0.188839,0,0,0,0,0,0,0,0,0,0,0,0,0,0,0,0,0,0,0,0,0,0,0,0,0,0,0,0,0,2.55789,2.55789,2.55789,6.3088,6.3088,1.81445,2.55789,2.55789,1.81445,6.3088,6.3088,0.907223,0.907223,1.81445,1.81445,0.907223,0.907223,1.81445,1.81445,0.907223,0.907223,0.907223,0.907223,0.907223,0.907223,1.06814,1.06814,1.06814,1.06814,40.1792,40.1792,40.1792,99.0984,99.0984,28.5012,40.1792,40.1792,28.5012,99.0984,99.0984,14.2506,14.2506,28.5012,28.5012,14.2506,14.2506,28.5012,28.5012,14.2506,14.2506,14.2506,14.2506,14.2506,14.2506,16.7783,16.7783,16.7783,16.7783,0,0,0,0,0,0,0,0,0,0,0,0,0,0,0,0,0,0,0,0,0,0,0,0,0,0,0,0,0,0,0,0,0,0,0,0,0,0,0,0,0,0,0,0,0,0,0,0,0,0,0,0,0,0,0,0,0,0,0,0,0,0,0,0,0,0,0,0,0,0,0,0,0,0,0,0,0,0,0,0,0,0,0,0,0,0,0,0,0,0,0,0,0,0,0,0,0,0,0,0,0,0,0,0,0,0,0,0,0,0,0,0,0,0,0,0,0,-1.03698,-1.40146,-0.464993,-1.32333,0.145151,-0.949981,0.475192,-1.93002,0.255383,-0.258664,-1.2279,-0.0733723,-0.611968,-0.00119109,0.267431,-0.446403,0.207624,-0.0340138,1.39668,-0.983436,0.716639,0.465104,0.129205,-0.56389,-1.07093,-1.98967,-2.38918,0.474934,0.0824808,-0.0495561,-1.36888,-0.350254,-0.165569,0.764746,0.0707459,-0.168795,-0.334077,-0.52,-0.556427,-0.538477,-0.247309,0.835541,-0.087267,-0.153614,-0.0321794,0.112005,-0.41664,-0.380383,0.408408,-0.113444,0.2618,0.0910591,0.314302,-0.469684,0.26366,-1.04646,-0.538529,0.599911,-0.00253405,0.0346506,-0.148232,0.768,-0.985696,0.145084,-0.0857534,0.6,0,0,0.230183,0.139662,3
8.75687,-3.45401,0.52567,-0.335992,0.235832,0.835394,-1.07046,-1.3813,-0.435195,8.75687,-3.45401,0.52567,-0.335992,0.235832,0.835394,-1.07046,-1.3813,-0.435195,-0.554627,0.702493,0.137074,-0.296504,-0.667852,-0.52,-0.584592,-0.515473,-0.241459,0.833982,-0.087267,-0.200747,-0.0401082,-0.140856,-0.488608,-0.232454,0.362221,-0.106294,0.2618,0.126578,0.443704,-0.323708,0.487519,-0.855966,-0.410699,0.598331,0.00486451,-0.00678384,-0.125239,0,0,0,0,0,0,0,0,0,0,0,0,0,0,0,0,0,0,0,0,0,0,0,0,0,0,0,0,0,-0.162489,0.912918,0.0800169,-0.098531,-0.606928,-0.279233,-0.47168,-0.175207,-0.282377,1.28697,-0.0700251,-0.0503204,0.021273,-0.44229,-0.11813,-0.098679,0.652706,0.010181,0.265804,0.086222,0.297337,-0.362468,0.501849,-0.737809,-0.375302,0.688237,-0.000867868,0.033163,-0.137651,0.258691,-0.962064,0.0966912,0.195087,4.37636,-2.58115,1.10652,-2.61997,-0.68421,-2.58311,1.30757,-3.25854,1.44424,1.68385,0.244119,0.785502,-1.52796,-1.44749,0.485958,0.216937,0.676591,-1.73695,1.33625,0.670857,-1.39166,0.663736,0.00601605,0.521422,-0.00695435,0.123842,-3.91792,-0.736524,-8.13618,-0.541523,-1.04417,-6.31093,-8.37875,2.60732,-30.0655,-11.1524,1.29168,-2.02933,13.1368,-9.0885,-4.69874,-2.12706,-0.986712,-0.934509,-0.1316,-0.36329,0.0271333,-4.63015,-5.00435,-1.06836,-2.12704,-0.0336169,-0.519459,-0.168326,0,0,0,0,0,0,0,0,0,0,0,0,0,0,0,0,0,0,0,0,0,0,0,0,0,0,0,0,0,2.55789,2.55789,2.55789,6.3088,6.3088,1.81445,2.55789,2.55789,1.81445,6.3088,6.3088,0.907223,0.907223,1.81445,1.81445,0.907223,0.907223,1.81445,1.81445,0.907223,0.907223,0.907223,0.907223,0.907223,0.907223,1.06814,1.06814,1.06814,1.06814,40.1792,40.1792,40.1792,99.0984,99.0984,28.5012,40.1792,40.1792,28.5012,99.0984,99.0984,14.2506,14.2506,28.5012,28.5012,14.2506,14.2506,28.5012,28.5012,14.2506,14.2506,14.2506,14.2506,14.2506,14.2506,16.7783,16.7783,16.7783,16.7783,0,0,0,0,0,0,0,0,0,0,0,0,0,0,0,0,0,0,0,0,0,0,0,0,0,0,0,0,0,0,0,0,0,0,0,0,0,0,0,0,0,0,0,0,0,0,0,0,0,0,0,0,0,0,0,0,0,0,0,0,0,0,0,0,0,0,0,0,0,0,0,0,0,0,0,0,0,0,0,0,0,0,0,0,0,0,0,0,0,0,0,0,0,0,0,0,0,0,0,0,0,0,0,0,0,0,0,0,0,0,0,0,0,0,0,0,0,-1.07046,-1.3813,-0.435195,-0.986039,0.655571,-1.11407,0.36988,-1.49567,-0.321167,-0.242361,-0.936435,-0.0914506,-0.59469,-0.0224081,-0.443118,-0.497842,0.28861,0.0652947,1.28298,-0.941424,1.01169,-0.0910572,0.250342,-0.55055,-0.738086,-1.68105,-2.75338,0.470488,-0.869362,-0.270183,-1.3517,-0.457722,-0.554627,0.702493,0.137074,-0.296504,-0.667852,-0.52,-0.584592,-0.515473,-0.241459,0.833982,-0.087267,-0.200747,-0.0401082,-0.140856,-0.488608,-0.232454,0.362221,-0.106294,0.2618,0.126578,0.443704,-0.323708,0.487519,-0.855966,-0.410699,0.598331,0.00486451,-0.00678384,-0.125239,0.721,-0.982098,0.165279,-0.0903644,0.6,0,0,0.230183,0.139662,3
14.7609,-4.46073,-0.473744,-0.273668,-0.203766,0.619106,-1.11228,-1.36847,-0.39846,14.7609,-4.46073,-0.473744,-0.273668,-0.203766,0.619106,-1.11228,-1.36847,-0.39846,-0.719193,0.850266,0.198488,-0.491362,-0.870669,-0.52,-0.138859,-0.35142,-0.305698,0.726205,-0.087267,-0.16982,0.00400897,-0.230051,-0.377026,-0.237655,0.422624,-0.0989171,0.242788,0.106663,0.425206,-0.263639,0.521104,-0.889014,-0.425532,0.603024,0.00382463,-0.0290781,-0.118109,0,0,0,0,0,0,0,0,0,0,0,0,0,0,0,0,0,0,0,0,0,0,0,0,0,0,0,0,0,-0.165515,0.889439,0.08227,-0.0955369,-0.617201,-0.293061,-0.438348,-0.237427,-0.298319,1.20534,-0.0697798,-0.10125,0.0637264,-0.407276,-0.110887,-0.0766951,0.615258,-0.016384,0.269206,0.0954412,0.332433,-0.363105,0.539022,-0.733501,-0.389182,0.691807,0.00128465,0.033322,-0.135666,-0.639448,-1.35596,0.311034,0.101443,-0.791315,0.050608,2.04481,-3.39502,-0.811723,-4.90325,-0.223754,-1.83732,2.60191,1.88986,0.575887,1.41057,-2.05349,-1.11746,0.11108,0.561965,2.00832,0.610136,2.22303,0.00608093,-0.319161,-0.22715,0.0907261,-0.268705,0.163835,-14.192,-4.33884,1.62993,-20.589,0.0151374,-6.41743,-11.0053,-2.87856,3.21935,-7.15023,-0.391043,0.293679,-3.77427,4.38688,-11.6867,-3.40125,-1.80207,-0.536,-0.420897,-0.0612363,-0.233967,0.0492773,-2.53528,-1.70414,-0.0725631,-1.5081,-0.0428889,-0.454809,-0.00863668,0,0,0,0,0,0,0,0,0,0,0,0,0,0,0,0,0,0,0,0,0,0,0,0,0,0,0,0,0,2.55789,2.55789,2.55789,6.3088,6.3088,1.81445,2.55789,2.55789,1.81445,6.3088,6.3088,0.907223,0.907223,1.81445,1.81445,0.907223,0.907223,1.81445,1.81445,0.907223,0.907223,0.907223,0.907223,0.907223,0.907223,1.06814,1.06814,1.06814,1.06814,40.1792,40.1792,40.1792,99.0984,99.0984,28.5012,40.1792,40.1792,28.5012,99.0984,99.0984,14.2506,14.2506,28.5012,28.5012,14.2506,14.2506,28.5012,28.5012,14.2506,14.2506,14.2506,14.2506,14.2506,14.2506,16.7783,16.7783,16.7783,16.7783,0,0,0,0,0,0,0,0,0,0,0,0,0,0,0,0,0,0,0,0,0,0,0,0,0,0,0,0,0,0,0,0,0,0,0,0,0,0,0,0,0,0,0,0,0,0,0,0,0,0,0,0,0,0,0,0,0,0,0,0,0,0,0,0,0,0,0,0,0,0,0,0,0,0,0,0,0,0,0,0,0,0,0,0,0,0,0,0,0,0,0,0,0,0,0,0,0,0,0,0,0,0,0,0,0,0,0,0,0,0,0,0,0,0,0,0,0,-1.11228,-1.36847,-0.39846,-0.997898,0.732149,-0.859656,0.507606,-1.57102,-0.524539,-0.225541,-0.970255,0.00914086,-0.814479,0.040584,-0.743668,0.316213,0.243202,0.0513368,1.55287,-0.641809,0.969513,-0.390306,0.362505,-0.697021,-0.601124,-1.58533,-3.30907,0.163135,-1.44775,0.0498785,-1.86946,-0.387207,-0.719193,0.850266,0.198488,-0.491362,-0.870669,-0.52,-0.138859,-0.35142,-0.305698,0.726205,-0.087267,-0.16982,0.00400897,-0.230051,-0.377026,-0.237655,0.422624,-0.0989171,0.242788,0.106663,0.425206,-0.263639,0.521104,-0.889014,-0.425532,0.603024,0.00382463,-0.0290781,-0.118109,0.92,-0.979602,0.180192,-0.088944,0.6,0,0,0.241259,0.140282,3
5.98635,-7.0011,2.76374,-0.142022,-0.0696506,0.414487,-1.15483,-1.3577,-0.358811,5.98635,-7.0011,2.76374,-0.142022,-0.0696506,0.414487,-1.15483,-1.3577,-0.358811,-0.127347,0.781886,0.122775,-0.116881,-0.611331,-0.52,-0.0994654,-0.755817,-0.144834,0.0202606,-0.0823583,-0.272639,0.0865838,0.0532706,-0.115382,-0.383535,0.561074,-0.0530597,0.0820674,0.00303295,0.305562,-0.32626,0.312003,-1.1984,-0.582621,0.592466,-0.00994679,-0.0067294,-0.110268,0,0,0,0,0,0,0,0,0,0,0,0,0,0,0,0,0,0,0,0,0,0,0,0,0,0,0,0,0,-0.216427,0.86724,0.104762,-0.0876779,-0.679462,-0.288646,-0.374332,-0.282929,-0.316895,1.08166,-0.0741509,-0.124997,0.117353,-0.380762,-0.108125,-0.0540108,0.576,-0.0453644,0.284028,0.100266,0.367511,-0.339552,0.565576,-0.732148,-0.402619,0.71006,0.00210307,0.0249584,-0.130846,-3.55447,-1.15531,1.36716,-0.421268,-2.88518,0.24969,3.62768,-1.39187,-0.746125,-6.53958,-0.241059,-0.836098,2.8138,1.06245,-0.145253,0.511106,-1.36495,-2.12327,1.6898,0.110726,1.88273,1.18053,0.631818,0.0931488,-0.639622,1.05273,0.0449018,-0.251499,0.220623,-11.8761,2.06497,0.194945,-39.2769,-0.707921,-7.0424,0.385467,1.07708,1.76032,5.18186,0.185734,0.139045,-4.00106,2.40212,-7.54063,-3.16138,-0.816712,2.11314,-4.00402,-0.0192266,-0.749752,-0.0240684,-1.36969,-2.33074,0.294121,-2.94255,-0.0153446,-0.61066,-0.019403,0,0,0,0,0,0,0,0,0,0,0,0,0,0,0,0,0,0,0,0,0,0,0,0,0,0,0,0,0,2.55789,2.55789,2.55789,6.3088,6.3088,1.81445,2.55789,2.55789,1.81445,6.3088,6.3088,0.907223,0.907223,1.81445,1.81445,0.907223,0.907223,1.81445,1.81445,0.907223,0.907223,0.907223,0.907223,0.907223,0.907223,1.06814,1.06814,1.06814,1.06814,40.1792,40.1792,40.1792,99.0984,99.0984,28.5012,40.1792,40.1792,28.5012,99.0984,99.0984,14.2506,14.2506,28.5012,28.5012,14.2506,14.2506,28.5012,28.5012,14.2506,14.2506,14.2506,14.2506,14.2506,14.2506,16.7783,16.7783,16.7783,16.7783,0,0,0,0,0,0,0,0,0,0,0,0,0,0,0,0,0,0,0,0,0,0,0,0,0,0,0,0,0,0,0,0,0,0,0,0,0,0,0,0,0,0,0,0,0,0,0,0,0,0,0,0,0,0,0,0,0,0,0,0,0,0,0,0,0,0,0,0,0,0,0,0,0,0,0,0,0,0,0,0,0,0,0,0,0,0,0,0,0,0,0,0,0,0,0,0,0,0,0,0,0,0,0,0,0,0,0,0,0,0,0,0,0,0,0,0,0,-1.15483,-1.3577,-0.358811,-1.33052,0.255377,-0.263083,0.823285,-2.27646,0.121462,-0.120981,-1.32843,0.19742,-1.18094,-0.10113,0.337237,0.388158,0.00691544,-0.133512,1.42798,-1.38037,0.696711,-0.0903265,0.224227,-0.330236,-0.743905,-1.4801,-2.24114,-1.85004,-0.708178,0.800321,-2.81051,-0.621643,-0.127347,0.781886,0.122775,-0.116881,-0.611331,-0.52,-0.0994654,-0.755817,-0.144834,0.0202606,-0.0823583,-0.272639,0.0865838,0.0532706,-0.115382,-0.383535,0.561074,-0.0530597,0.0820674,0.00303295,0.305562,-0.32626,0.312003,-1.1984,-0.582621,0.592466,-0.00994679,-0.0067294,-0.110268,0.697,-0.97738,0.193454,-0.0854574,0.6,0,0,0.240236,0.137066,3
18.0074,-8.60239,-0.379338,-0.248941,0.315637,-0.59251,-1.12269,-1.35871,-0.395217,18.0074,-8.60239,-0.379338,-0.248941,0.315637,-0.59251,-1.12269,-1.35871,-0.395217,0.113407,0.305337,-0.118608,0.708123,-0.049254,-0.52,-0.678434,-1.38754,0.0295085,-0.087267,-0.087267,-0.450218,0.0180629,0.431503,-0.26941,-0.237782,0.405239,-0.042779,0.2618,0.00245903,0.316907,-0.402093,0.221379,-1.03627,-0.493272,0.599915,-0.00913297,0.00173431,-0.0693182,0,0,0,0,0,0,0,0,0,0,0,0,0,0,0,0,0,0,0,0,0,0,0,0,0,0,0,0,0,-0.252326,0.826249,0.150394,-0.0905565,-0.665774,-0.284504,-0.275331,-0.309543,-0.321931,0.873265,-0.0721775,-0.156875,0.174762,-0.344016,-0.132515,-0.046929,0.558954,-0.0714318,0.295778,0.0812261,0.39376,-0.334956,0.560898,-0.734736,-0.416995,0.721173,-0.000217696,0.0253131,-0.121681,-0.481832,-3.04556,2.75078,0.00312677,0.874511,0.169632,5.12918,-1.66441,0.39934,-12.4728,-0.0479943,-1.86066,2.46021,2.69725,-1.13651,0.472422,-0.481865,-0.763343,-0.373924,-1.21852,0.627763,-0.126927,-0.994199,-0.346286,-0.837454,0.702948,-0.139665,0.12408,0.485819,6.42535,5.20644,-7.92179,-2.52179,-0.145493,-7.02663,-6.22716,-14.1014,4.65844,-9.00664,-0.970365,-0.00389764,-3.59788,6.88994,3.02258,-5.15423,0.544226,1.92936,-5.76613,-0.0356556,-1.94078,0.221921,-2.69303,-6.31344,-1.67857,-2.92312,-0.0120718,-0.648323,-0.334728,0,0,0,0,0,0,0,0,0,0,0,0,0,0,0,0,0,0,0,0,0,0,0,0,0,0,0,0,0,2.55789,2.55789,2.55789,6.3088,6.3088,1.81445,2.55789,2.55789,1.81445,6.3088,6.3088,0.907223,0.907223,1.81445,1.81445,0.907223,0.907223,1.81445,1.81445,0.907223,0.907223,0.907223,0.907223,0.907223,0.907223,1.06814,1.06814,1.06814,1.06814,40.1792,40.1792,40.1792,99.0984,99.0984,28.5012,40.1792,40.1792,28.5012,99.0984,99.0984,14.2506,14.2506,28.5012,28.5012,14.2506,14.2506,28.5012,28.5012,14.2506,14.2506,14.2506,14.2506,14.2506,14.2506,16.7783,16.7783,16.7783,16.7783,0,0,0,0,0,0,0,0,0,0,0,0,0,0,0,0,0,0,0,0,0,0,0,0,0,0,0,0,0,0,0,0,0,0,0,0,0,0,0,0,0,0,0,0,0,0,0,0,0,0,0,0,0,0,0,0,0,0,0,0,0,0,0,0,0,0,0,0,0,0,0,0,0,0,0,0,0,0,0,0,0,0,0,0,0,0,0,0,0,0,0,0,0,0,0,0,0,0,0,0,0,0,0,0,0,0,0,0,0,0,0,0,0,0,0,0,0,-1.12269,-1.35871,-0.395217,-0.998187,0.0487456,-0.614282,0.467965,-1.90678,0.983869,-0.0975404,-1.12471,0.0411852,-0.64339,-0.00113515,0.776934,-0.669229,0.00560683,-0.122589,0.557646,-2.5341,0.722579,0.023279,-0.216617,0.0672823,-0.916813,-0.930435,0.11157,-3.44442,0.894726,0.565471,-2.76388,-1.02654,0.113407,0.305337,-0.118608,0.708123,-0.049254,-0.52,-0.678434,-1.38754,0.0295085,-0.087267,-0.087267,-0.450218,0.0180629,0.431503,-0.26941,-0.237782,0.405239,-0.042779,0.2618,0.00245903,0.316907,-0.402093,0.221379,-1.03627,-0.493272,0.599915,-0.00913297,0.00173431,-0.0693182,0.58,-0.977594,0.189718,-0.0912009,0.6,0,0,0.240236,0.137066,3
14.6909,-25.1439,-1.18236,-1.62461,-0.321082,-1.65282,-1.08335,-1.38178,-0.454715,14.6909,-25.1439,-1.18236,-1.62461,-0.321082,-1.65282,-1.08335,-1.38178,-0.454715,-0.236985,0.0865702,-0.231384,1.45596,-0.414405,-0.52,-1.17057,-1.29847,0.0429392,-0.087267,-0.087267,-0.458369,-0.0548659,0.413799,-0.498125,-0.242458,0.41549,0.117258,0.2618,0.00618235,0.0738322,-0.010635,0.187879,-0.501612,-0.216909,0.591501,-0.00630555,-0.0682766,-0.0177505,0,0,0,0,0,0,0,0,0,0,0,0,0,0,0,0,0,0,0,0,0,0,0,0,0,0,0,0,0,-0.263462,0.701054,0.146072,0.0341691,-0.512736,-0.281792,-0.220738,-0.401811,-0.276811,0.640028,-0.0741841,-0.222171,0.196241,-0.223139,-0.127091,-0.0278026,0.570894,-0.0737577,0.292649,0.0590748,0.384784,-0.351905,0.511716,-0.735216,-0.419377,0.742069,-0.00253461,0.0313455,-0.10628,0.670599,-8.22511,-2.39934,9.25474,7.50763,0.090206,2.14345,-6.81409,2.93716,-11.0188,-0.150861,-3.70849,0.430426,8.61011,0.615437,1.05524,1.69673,-0.115346,0.15189,-1.01687,-0.701851,-1.03118,-3.28361,0.523584,0.278559,1.1065,-0.0938696,0.37432,0.82086,14.4534,3.81388,-5.20745,11.3297,-1.33213,-6.96956,-23.7368,-23.6483,3.67493,-3.68734,-0.334976,0.0422314,-3.04397,4.34957,-5.06117,-3.99753,-3.61974,0.884141,-0.946721,0.101916,-0.330149,0.192508,-1.27769,-4.57559,-1.32468,-3.59082,-0.00881256,-0.888313,-0.24953,0,0,0,0,0,0,0,0,0,0,0,0,0,0,0,0,0,0,0,0,0,0,0,0,0,0,0,0,0,2.55789,2.55789,2.55789,6.3088,6.3088,1.81445,2.55789,2.55789,1.81445,6.3088,6.3088,0.907223,0.907223,1.81445,1.81445,0.907223,0.907223,1.81445,1.81445,0.907223,0.907223,0.907223,0.907223,0.907223,0.907223,1.06814,1.06814,1.06814,1.06814,40.1792,40.1792,40.1792,99.0984,99.0984,28.5012,40.1792,40.1792,28.5012,99.0984,99.0984,14.2506,14.2506,28.5012,28.5012,14.2506,14.2506,28.5012,28.5012,14.2506,14.2506,14.2506,14.2506,14.2506,14.2506,16.7783,16.7783,16.7783,16.7783,0,0,0,0,0,0,0,0,0,0,0,0,0,0,0,0,0,0,0,0,0,0,0,0,0,0,0,0,0,0,0,0,0,0,0,0,0,0,0,0,0,0,0,0,0,0,0,0,0,0,0,0,0,0,0,0,0,0,0,0,0,0,0,0,0,0,0,0,0,0,0,0,0,0,0,0,0,0,0,0,0,0,0,0,0,0,0,0,0,0,0,0,0,0,0,0,0,0,0,0,0,0,0,0,0,0,0,0,0,0,0,0,0,0,0,0,0,-1.08335,-1.38178,-0.454715,-1.00885,-0.0276372,-1.13577,0.49134,-0.687706,0.943502,0.267361,-0.494574,-0.1251,-0.59607,-0.114078,0.137003,-1.56803,0.0140964,-0.0846372,0.158106,-2.37143,0.168345,-0.916454,-0.422583,0.0979057,-0.0242488,-0.23826,2.24421,-4.04834,-0.146596,-1.00973,-1.86086,-1.04513,-0.236985,0.0865702,-0.231384,1.45596,-0.414405,-0.52,-1.17057,-1.29847,0.0429392,-0.087267,-0.087267,-0.458369,-0.0548659,0.413799,-0.498125,-0.242458,0.41549,0.117258,0.2618,0.00618235,0.0738322,-0.010635,0.187879,-0.501612,-0.216909,0.591501,-0.00630555,-0.0682766,-0.0177505,0.747,-0.98219,0.166005,-0.0880021,0.6,0,0,0.243993,0.139137,3
12.502,-2.62139,-6.32347,-2.34346,-1.47595,-0.98122,-1.17689,-1.42112,-0.408445,12.502,-2.62139,-6.32347,-2.34346,-1.47595,-0.98122,-1.17689,-1.42112,-0.408445,-0.147424,0.162344,-0.369595,1.91061,-0.525885,-0.377674,-1.38668,-1.03569,-0.107041,-0.087267,-0.087267,-0.335661,-0.0176039,0.297331,-0.506486,-0.348089,0.4525,0.206447,0.2618,-0.0187604,-0.231329,0.11754,0.148426,-0.293742,-0.0937318,0.576888,-0.00533704,-0.0687516,-0.0037947,0,0,0,0,0,0,0,0,0,0,0,0,0,0,0,0,0,0,0,0,0,0,0,0,0,0,0,0,0,-0.305654,0.507482,0.0661491,0.334756,-0.507223,-0.281275,-0.239077,-0.571765,-0.190704,0.435444,-0.0767367,-0.281353,0.180134,-0.0110269,-0.0670258,0.00894444,0.60378,-0.0373572,0.294162,0.037962,0.319268,-0.288073,0.45927,-0.709695,-0.399343,0.753646,-0.00314534,0.0208375,-0.0852636,-3.59591,-8.65983,-1.985,11.5503,-1.36653,-0.0918326,-3.00007,-8.0537,3.99215,-8.17003,-0.0999844,-0.914621,-1.50523,9.66491,3.95634,1.62177,0.96024,2.61609,-0.0582437,-0.604645,-3.69783,4.29211,-1.17695,1.53805,1.02292,-0.230148,-0.0179599,-0.820297,0.915123,10.9809,4.87088,-5.73175,36.7334,19.405,-6.69378,-30.7495,-9.27423,-0.528418,-0.716718,-0.428166,-1.43089,-2.11278,-5.01177,-19.1246,-5.11929,-3.60954,-0.123177,-0.815081,0.1326,-0.223223,0.181471,-2.61613,1.6681,1.66114,-2.65527,-0.0358525,-0.678416,0.156135,0,0,0,0,0,0,0,0,0,0,0,0,0,0,0,0,0,0,0,0,0,0,0,0,0,0,0,0,0,2.55789,2.55789,2.55789,6.3088,6.3088,1.81445,2.55789,2.55789,1.81445,6.3088,6.3088,0.907223,0.907223,1.81445,1.81445,0.907223,0.907223,1.81445,1.81445,0.907223,0.907223,0.907223,0.907223,0.907223,0.907223,1.06814,1.06814,1.06814,1.06814,40.1792,40.1792,40.1792,99.0984,99.0984,28.5012,40.1792,40.1792,28.5012,99.0984,99.0984,14.2506,14.2506,28.5012,28.5012,14.2506,14.2506,28.5012,28.5012,14.2506,14.2506,14.2506,14.2506,14.2506,14.2506,16.7783,16.7783,16.7783,16.7783,0,0,0,0,0,0,0,0,0,0,0,0,0,0,0,0,0,0,0,0,0,0,0,0,0,0,0,0,0,0,0,0,0,0,0,0,0,0,0,0,0,0,0,0,0,0,0,0,0,0,0,0,0,0,0,0,0,0,0,0,0,0,0,0,0,0,0,0,0,0,0,0,0,0,0,0,0,0,0,0,0,0,0,0,0,0,0,0,0,0,0,0,0,0,0,0,0,0,0,0,0,0,0,0,0,0,0,0,0,0,0,0,0,0,0,0,0,-1.17689,-1.42112,-0.408445,-1.2497,-0.117595,-1.15484,0.575726,-0.213742,0.677944,0.47072,-0.213718,-0.0401388,-0.619259,-0.310226,0.30057,-1.96272,-0.0427756,-0.0716373,0.296494,-1.89152,-0.527453,-0.922829,-0.675002,-0.244065,0.268002,-0.050935,3.54076,-3.71436,-0.464508,-1.47026,-0.861135,-0.765341,-0.147424,0.162344,-0.369595,1.91061,-0.525885,-0.377674,-1.38668,-1.03569,-0.107041,-0.087267,-0.087267,-0.335661,-0.0176039,0.297331,-0.506486,-0.348089,0.4525,0.206447,0.2618,-0.0187604,-0.231329,0.11754,0.148426,-0.293742,-0.0937318,0.576888,-0.00533704,-0.0687516,-0.0037947,0.749,-0.988374,0.139359,-0.0607982,0.6,0,0,0.243993,0.139137,3
-8.87658,-2.79989,-0.0840666,-1.89526,-0.513326,0.0389485,-1.38939,-1.43701,-0.243778,-8.87658,-2.79989,-0.0840666,-1.89526,-0.513326,0.0389485,-1.38939,-1.43701,-0.243778,-0.00761076,0.33133,-0.166239,1.53248,-0.651781,-0.242286,-1.36497,-0.754019,-0.197587,-0.087267,-0.087267,-0.0890006,0.0219516,0.0242328,-0.437453,-0.417172,0.472698,0.240396,0.2618,-0.0456363,-0.313525,0.170555,0.248712,-0.403828,-0.128395,0.572825,-0.00521489,-0.0400115,-0.0399409,0,0,0,0,0,0,0,0,0,0,0,0,0,0,0,0,0,0,0,0,0,0,0,0,0,0,0,0,0,-0.448044,0.347451,0.0448629,0.649995,-0.555135,-0.281894,-0.341789,-0.725709,-0.123186,0.271933,-0.0790593,-0.280202,0.123576,0.179268,0.00619975,0.0279578,0.603397,0.03914,0.302669,0.0210591,0.169725,-0.16636,0.456025,-0.671046,-0.368994,0.728639,-0.00330544,-0.00098839,-0.0671268,-5.84895,-5.11748,-0.49224,14.6195,0.778658,0.0633608,-4.71703,-4.9613,2.01841,-5.58711,-0.101706,0.360378,-3.60692,6.90276,1.00444,-0.0828098,-0.459619,3.22488,0.120252,-0.628906,-6.46521,4.86914,0.124903,1.77592,1.54653,-1.37285,-0.0131811,-0.939795,0.659717,27.3356,5.50126,-17.0296,40.416,9.95429,-2.73536,-30.4772,0.408721,-3.15752,0.00879062,-0.196586,-1.09646,0.831242,-8.82652,-17.3777,-5.44143,-1.7373,-0.961661,-1.54083,0.00211501,0.0901911,-0.340871,-4.55899,3.88104,2.62226,-1.12871,-0.0241857,-0.158681,0.366516,0,0,0,0,0,0,0,0,0,0,0,0,0,0,0,0,0,0,0,0,0,0,0,0,0,0,0,0,0,2.55789,2.55789,2.55789,6.3088,6.3088,1.81445,2.55789,2.55789,1.81445,6.3088,6.3088,0.907223,0.907223,1.81445,1.81445,0.907223,0.907223,1.81445,1.81445,0.907223,0.907223,0.907223,0.907223,0.907223,0.907223,1.06814,1.06814,1.06814,1.06814,40.1792,40.1792,40.1792,99.0984,99.0984,28.5012,40.1792,40.1792,28.5012,99.0984,99.0984,14.2506,14.2506,28.5012,28.5012,14.2506,14.2506,28.5012,28.5012,14.2506,14.2506,14.2506,14.2506,14.2506,14.2506,16.7783,16.7783,16.7783,16.7783,0,0,0,0,0,0,0,0,0,0,0,0,0,0,0,0,0,0,0,0,0,0,0,0,0,0,0,0,0,0,0,0,0,0,0,0,0,0,0,0,0,0,0,0,0,0,0,0,0,0,0,0,0,0,0,0,0,0,0,0,0,0,0,0,0,0,0,0,0,0,0,0,0,0,0,0,0,0,0,0,0,0,0,0,0,0,0,0,0,0,0,0,0,0,0,0,0,0,0,0,0,0,0,0,0,0,0,0,0,0,0,0,0,0,0,0,0,-1.38939,-1.43701,-0.243778,-1.40721,0.111069,-0.997437,0.62178,-0.464748,0.0552533,0.548127,-0.292753,0.0500519,-0.733676,-0.364755,0.555915,-1.92307,-0.104055,-0.0699977,0.605119,-1.37709,-0.714868,-0.53706,-0.303607,-0.450517,0.388881,-0.536113,2.46242,-2.96914,-0.823533,-1.20334,-0.552435,-0.20293,-0.00761076,0.33133,-0.166239,1.53248,-0.651781,-0.242286,-1.36497,-0.754019,-0.197587,-0.087267,-0.087267,-0.0890006,0.0219516,0.0242328,-0.437453,-0.417172,0.472698,0.240396,0.2618,-0.0456363,-0.313525,0.170555,0.248712,-0.403828,-0.128395,0.572825,-0.00521489,-0.0400115,-0.0399409,0.793,-0.990952,0.130941,-0.0294695,0.6,0,0,0.220671,0.133828,3
-15.8354,8.56454,-0.231698,-1.46113,1.44816,0.122511,-1.3482,-1.43408,-0.30902,-15.8354,8.56454,-0.231698,-1.46113,1.44816,0.122511,-1.3482,-1.43408,-0.30902,0.247693,-0.169093,0.539032,1.07158,-0.677614,-0.44031,-1.13136,-0.533198,0.118216,-0.087267,-0.087267,0.276334,-0.0447574,0.109168,-0.302462,-0.535439,0.822286,0.2618,0.167745,-0.0564813,-0.314089,0.227219,0.443042,-0.644722,-0.181143,0.61362,-0.00970588,-0.0199359,-0.113401,0,0,0,0,0,0,0,0,0,0,0,0,0,0,0,0,0,0,0,0,0,0,0,0,0,0,0,0,0,-0.487454,0.298219,0.0484411,0.839519,-0.571525,-0.277578,-0.420449,-0.776607,-0.0959082,0.205008,-0.0798023,-0.257819,0.0402055,0.26931,-0.0235777,0.0126998,0.594168,0.084924,0.302802,0.00924782,0.077778,-0.0987962,0.448704,-0.647529,-0.345673,0.706104,-0.00343513,-0.00999695,-0.0626836,-0.970353,-2.33404,0.78634,12.1082,-1.24125,0.383999,-6.44936,-2.56268,1.46888,-4.27958,-0.0475111,2.35579,-7.57837,5.84695,-4.07895,-1.80394,-0.858008,3.17537,-0.0797233,-0.89223,-6.45201,4.68954,-1.08672,1.50972,1.63397,-1.50339,-0.0131214,-0.507677,0.173012,22.7639,7.93752,-10.4827,-7.88988,-0.0825834,0.341689,-22.6412,8.15845,-5.96453,-1.89529,-0.457262,0.452952,6.00073,-17.685,-5.49925,-4.71554,-1.03349,-1.27974,-1.0963,0.0160935,0.200491,-0.36909,-2.04412,2.07807,1.66454,-0.593726,-0.0159612,0.0514012,0.185959,0,0,0,0,0,0,0,0,0,0,0,0,0,0,0,0,0,0,0,0,0,0,0,0,0,0,0,0,0,2.55789,2.55789,2.55789,6.3088,6.3088,1.81445,2.55789,2.55789,1.81445,6.3088,6.3088,0.907223,0.907223,1.81445,1.81445,0.907223,0.907223,1.81445,1.81445,0.907223,0.907223,0.907223,0.907223,0.907223,0.907223,1.06814,1.06814,1.06814,1.06814,40.1792,40.1792,40.1792,99.0984,99.0984,28.5012,40.1792,40.1792,28.5012,99.0984,99.0984,14.2506,14.2506,28.5012,28.5012,14.2506,14.2506,28.5012,28.5012,14.2506,14.2506,14.2506,14.2506,14.2506,14.2506,16.7783,16.7783,16.7783,16.7783,0,0,0,0,0,0,0,0,0,0,0,0,0,0,0,0,0,0,0,0,0,0,0,0,0,0,0,0,0,0,0,0,0,0,0,0,0,0,0,0,0,0,0,0,0,0,0,0,0,0,0,0,0,0,0,0,0,0,0,0,0,0,0,0,0,0,0,0,0,0,0,0,0,0,0,0,0,0,0,0,0,0,0,0,0,0,0,0,0,0,0,0,0,0,0,0,0,0,0,0,0,0,0,0,0,0,0,0,0,0,0,0,0,0,0,0,0,-1.3482,-1.43408,-0.30902,-1.67687,0.55416,-0.689643,1.41887,-1.01401,0.248913,0.892701,-0.413024,-0.102051,-0.985584,0.182815,1.02218,-1.49642,-0.128783,-0.130279,-0.308819,-0.973794,-0.716153,-0.267593,0.984449,0.269544,0.518081,-1.52214,1.14807,-3.24707,-0.897202,-1.38516,-1.00395,0.630069,0.247693,-0.169093,0.539032,1.07158,-0.677614,-0.44031,-1.13136,-0.533198,0.118216,-0.087267,-0.087267,0.276334,-0.0447574,0.109168,-0.302462,-0.535439,0.822286,0.2618,0.167745,-0.0564813,-0.314089,0.227219,0.443042,-0.644722,-0.181143,0.61362,-0.00970588,-0.0199359,-0.113401,1.027,-0.990668,0.132931,-0.030088,0.6,0,0,0.220671,0.133828,3
6.86856,6.59793,3.61952,-1.35819,2.06185,-0.107943,-1.11098,-1.42125,-0.578592,6.86856,6.59793,3.61952,-1.35819,2.06185,-0.107943,-1.11098,-1.42125,-0.578592,0.178551,-0.7288,0.882781,0.267214,-0.56245,-0.315056,-0.940651,-0.39505,0.309048,-0.087267,-0.087267,0.781117,-0.175962,0.208374,-0.285649,-0.315295,0.67681,0.2618,0.2618,7.36634e-05,-0.275488,0.346224,0.489241,-0.580911,-0.0284886,0.632011,-0.00323197,-0.027374,-0.148175,0,0,0,0,0,0,0,0,0,0,0,0,0,0,0,0,0,0,0,0,0,0,0,0,0,0,0,0,0,-0.421487,0.266245,0.133414,0.961897,-0.598461,-0.274155,-0.573187,-0.797733,-0.0265119,0.125653,-0.0812448,-0.142893,-0.157805,0.394223,-0.153319,-0.032273,0.592598,0.131393,0.286758,-0.00899302,-0.0280082,-0.00767225,0.406328,-0.618576,-0.307657,0.689166,-0.00498754,-0.0138932,-0.0731022,4.79389,-1.53219,5.26488,2.89912,-1.25677,0.045079,-7.84037,0.222669,3.59534,-3.73379,-0.0861874,6.97906,-10.8035,5.74636,-7.32302,-2.47815,0.247506,1.75742,-0.992968,-0.816367,-4.57055,4.06635,-2.5324,1.12511,2.02349,-0.331572,-0.0790772,-0.0360058,-0.64363,15.0391,-13.7584,3.06709,-9.25652,0.00751939,-4.84076,-2.81279,10.8277,-2.59181,2.19449,-0.0944454,-0.17448,11.0317,-18.6534,8.55768,-5.04977,3.06032,0.42313,-1.66538,0.0693445,0.0699409,-0.360481,2.68457,-1.43418,-0.016098,-0.689003,-0.000919797,-0.0709723,0.0258871,0,0,0,0,0,0,0,0,0,0,0,0,0,0,0,0,0,0,0,0,0,0,0,0,0,0,0,0,0,2.55789,2.55789,2.55789,6.3088,6.3088,1.81445,2.55789,2.55789,1.81445,6.3088,6.3088,0.907223,0.907223,1.81445,1.81445,0.907223,0.907223,1.81445,1.81445,0.907223,0.907223,0.907223,0.907223,0.907223,0.907223,1.06814,1.06814,1.06814,1.06814,40.1792,40.1792,40.1792,99.0984,99.0984,28.5012,40.1792,40.1792,28.5012,99.0984,99.0984,14.2506,14.2506,28.5012,28.5012,14.2506,14.2506,28.5012,28.5012,14.2506,14.2506,14.2506,14.2506,14.2506,14.2506,16.7783,16.7783,16.7783,16.7783,0,0,0,0,0,0,0,0,0,0,0,0,0,0,0,0,0,0,0,0,0,0,0,0,0,0,0,0,0,0,0,0,0,0,0,0,0,0,0,0,0,0,0,0,0,0,0,0,0,0,0,0,0,0,0,0,0,0,0,0,0,0,0,0,0,0,0,0,0,0,0,0,0,0,0,0,0,0,0,0,0,0,0,0,0,0,0,0,0,0,0,0,0,0,0,0,0,0,0,0,0,0,0,0,0,0,0,0,0,0,0,0,0,0,0,0,0,-1.11098,-1.42125,-0.578592,-1.17492,0.659498,-0.651308,1.08717,-0.868515,0.475115,0.833784,-0.0649569,-0.401212,-0.520461,0.429669,0.895908,-1.14812,0.00016796,-0.0433817,-1.33103,-0.721491,-0.62814,-0.367433,1.61225,0.704661,0.789424,-1.9889,-1.1458,-2.95602,-0.568781,-2.05887,-0.718359,1.78103,0.178551,-0.7288,0.882781,0.267214,-0.56245,-0.315056,-0.940651,-0.39505,0.309048,-0.087267,-0.087267,0.781117,-0.175962,0.208374,-0.285649,-0.315295,0.67681,0.2618,0.2618,7.36634e-05,-0.275488,0.346224,0.489241,-0.580911,-0.0284886,0.632011,-0.00323197,-0.027374,-0.148175,1.79,-0.988839,0.133516,-0.0661194,0.6,0,0,0.200024,0.125154,1.21416
25.5679,7.909,8.10504,-0.880181,0.500847,-1.75787,-0.905611,-1.4282,-0.811105,25.5679,7.909,8.10504,-0.880181,0.500847,-1.75787,-0.905611,-1.4282,-0.811105,-0.240759,-0.293839,0.344692,-0.224923,-0.353568,0.0831467,-0.332898,-0.201647,0.389064,0.200279,-0.087267,0.796779,-0.215059,0.112372,-0.306335,-0.39551,0.688691,0.2618,0.2618,0.0492646,-0.25386,0.199582,0.348363,-0.353626,0.0902623,0.670102,0.00237903,-0.024317,-0.152734,0,0,0,0,0,0,0,0,0,0,0,0,0,0,0,0,0,0,0,0,0,0,0,0,0,0,0,0,0,-0.309191,0.199629,0.249958,0.868702,-0.588802,-0.271623,-0.740327,-0.773996,0.064308,0.0517905,-0.083321,0.0742398,-0.348656,0.514561,-0.259265,-0.0364214,0.599167,0.174365,0.27041,-0.0101905,-0.112101,0.0878393,0.344256,-0.601041,-0.244796,0.69768,-0.00496857,-0.0131907,-0.092407,5.23278,-4.4023,5.29218,-8.52506,0.447058,0.167378,-7.87742,2.04521,4.4114,-3.50563,-0.125508,12.0067,-8.2502,5.48011,-3.37902,1.25579,0.147147,1.97988,-0.20936,0.124875,-3.621,4.70684,-2.83649,0.584264,3.55495,0.507777,0.0310064,0.0900739,-0.93022,6.26594,-26.6876,11.7764,-9.75157,-0.292542,-1.53058,12.2425,10.6328,-1.03293,8.24166,0.365134,-0.599195,9.85721,-18.8093,5.57959,-5.01413,0.919586,-1.24721,0.425589,0.0382645,1.04354,-0.581034,4.70384,-0.271881,-0.0969226,-1.68107,-0.000669754,-0.333072,0.0626547,0,0,0,0,0,0,0,0,0,0,0,0,0,0,0,0,0,0,0,0,0,0,0,0,0,0,0,0,0,2.55789,2.55789,2.55789,6.3088,6.3088,1.81445,2.55789,2.55789,1.81445,6.3088,6.3088,0.907223,0.907223,1.81445,1.81445,0.907223,0.907223,1.81445,1.81445,0.907223,0.907223,0.907223,0.907223,0.907223,0.907223,1.06814,1.06814,1.06814,1.06814,40.1792,40.1792,40.1792,99.0984,99.0984,28.5012,40.1792,40.1792,28.5012,99.0984,99.0984,14.2506,14.2506,28.5012,28.5012,14.2506,14.2506,28.5012,28.5012,14.2506,14.2506,14.2506,14.2506,14.2506,14.2506,16.7783,16.7783,16.7783,16.7783,0,0,0,0,0,0,0,0,0,0,0,0,0,0,0,0,0,0,0,0,0,0,0,0,0,0,0,0,0,0,0,0,0,0,0,0,0,0,0,0,0,0,0,0,0,0,0,0,0,0,0,0,0,0,0,0,0,0,0,0,0,0,0,0,0,0,0,0,0,0,0,0,0,0,0,0,0,0,0,0,0,0,0,0,0,0,0,0,0,0,0,0,0,0,0,0,0,0,0,0,0,0,0,0,0,0,0,0,0,0,0,0,0,0,0,0,0,-0.905611,-1.4282,-0.811105,-1.35782,0.338281,-0.698474,1.11426,-0.350284,0.256219,0.728589,0.205807,-0.490357,-0.424653,0.940952,0.13011,-0.0381662,0.112328,0.0319329,-0.536646,-0.368273,-0.578827,-0.326399,0.629521,0.887106,0.455067,-2.0501,-2.54925,-1.33668,0.0268972,-1.06594,0.189583,1.81673,-0.240759,-0.293839,0.344692,-0.224923,-0.353568,0.0831467,-0.332898,-0.201647,0.389064,0.200279,-0.087267,0.796779,-0.215059,0.112372,-0.306335,-0.39551,0.688691,0.2618,0.2618,0.0492646,-0.25386,0.199582,0.348363,-0.353626,0.0902623,0.670102,0.00237903,-0.024317,-0.152734,0.821,-0.989851,0.111814,-0.087712,0.6,0,0,0.227732,0.137352,3
12.3816,3.84025,3.10073,-0.0128058,-0.256266,-1.01162,-0.780546,-1.44746,-0.942976,12.3816,3.84025,3.10073,-0.0128058,-0.256266,-1.01162,-0.780546,-1.44746,-0.942976,-0.806403,0.43486,-0.238669,-0.44162,-0.0969945,0.258027,-0.00629995,-0.0407452,0.348226,1.0182,-0.087267,0.3464,-0.128734,-0.235845,-0.430072,-0.491212,0.800816,0.2618,0.2618,0.0862991,-0.137501,-0.159376,-0.0140666,-0.296143,0.145237,0.677971,0.00464916,-0.00566507,-0.133247,0,0,0,0,0,0,0,0,0,0,0,0,0,0,0,0,0,0,0,0,0,0,0,0,0,0,0,0,0,-0.219018,0.126431,0.260152,0.638865,-0.526564,-0.189701,-0.804488,-0.701464,0.146349,0.0293995,-0.0888894,0.281604,-0.473245,0.553236,-0.301975,-0.0176656,0.588003,0.201445,0.282212,0.00303987,-0.157463,0.134643,0.309264,-0.59305,-0.179818,0.705755,-0.0029703,-0.0136738,-0.112113,4.08009,-2.68766,-2.19735,-12.8611,2.89799,4.76286,-0.308075,4.55202,4.15799,0.479797,-0.164511,7.53077,-4.80026,-0.203302,-1.15453,0.7196,-0.830751,0.910508,0.740787,0.742355,-1.41644,1.29016,-1.19701,0.355678,3.20465,0.486646,0.104572,-0.029788,-0.884228,-11.249,-9.53722,8.0704,-7.24499,-1.20917,-0.797099,20.8718,9.17181,-0.395038,15.4541,1.22073,-1.02801,8.13196,-12.8082,2.26122,-6.06289,2.14527,-0.0336776,-1.90523,-0.00937711,-0.0222442,-0.301201,1.68736,3.09764,1.03057,-1.08256,-0.0210141,-0.136655,0.273172,0,0,0,0,0,0,0,0,0,0,0,0,0,0,0,0,0,0,0,0,0,0,0,0,0,0,0,0,0,2.55789,2.55789,2.55789,6.3088,6.3088,1.81445,2.55789,2.55789,1.81445,6.3088,6.3088,0.907223,0.907223,1.81445,1.81445,0.907223,0.907223,1.81445,1.81445,0.907223,0.907223,0.907223,0.907223,0.907223,0.907223,1.06814,1.06814,1.06814,1.06814,40.1792,40.1792,40.1792,99.0984,99.0984,28.5012,40.1792,40.1792,28.5012,99.0984,99.0984,14.2506,14.2506,28.5012,28.5012,14.2506,14.2506,28.5012,28.5012,14.2506,14.2506,14.2506,14.2506,14.2506,14.2506,16.7783,16.7783,16.7783,16.7783,0,0,0,0,0,0,0,0,0,0,0,0,0,0,0,0,0,0,0,0,0,0,0,0,0,0,0,0,0,0,0,0,0,0,0,0,0,0,0,0,0,0,0,0,0,0,0,0,0,0,0,0,0,0,0,0,0,0,0,0,0,0,0,0,0,0,0,0,0,0,0,0,0,0,0,0,0,0,0,0,0,0,0,0,0,0,0,0,0,0,0,0,0,0,0,0,0,0,0,0,0,0,0,0,0,0,0,0,0,0,0,0,0,0,0,0,0,-0.780546,-1.44746,-0.942976,-1.57603,-0.488093,-0.980608,1.36992,-0.219216,-0.53775,0.65269,0.331155,-0.293527,-0.37187,1.04658,-0.902942,0.558309,0.196771,0.0624041,0.794197,-0.0744142,-0.313516,-0.0760403,-0.435889,0.79399,-0.363394,-1.78853,-3.16722,0.995823,0.758582,-0.647438,0.588327,0.789827,-0.806403,0.43486,-0.238669,-0.44162,-0.0969945,0.258027,-0.00629995,-0.0407452,0.348226,1.0182,-0.087267,0.3464,-0.128734,-0.235845,-0.430072,-0.491212,0.800816,0.2618,0.2618,0.0862991,-0.137501,-0.159376,-0.0140666,-0.296143,0.145237,0.677971,0.00464916,-0.00566507,-0.133247,0.72,-0.992404,0.0865682,-0.0874123,0.6,0,0,0.227732,0.137352,3
-9.57992,4.18658,-0.278962,0.614401,0.164899,-0.0147113,-0.735514,-1.45851,-0.980182,-9.57992,4.18658,-0.278962,0.614401,0.164899,-0.0147113,-0.735514,-1.45851,-0.980182,-0.917186,0.671458,-0.692168,-0.5236,-0.232637,0.380145,-0.342263,-0.191422,0.295618,1.27668,-0.087267,0.00641318,0.0434093,-0.452506,-0.587341,-0.417469,0.72801,0.205554,0.2618,0.0319739,-0.0516054,-0.43145,-0.294811,-0.616167,0.0328617,0.635125,-0.00678225,0.038684,-0.11012,0,0,0,0,0,0,0,0,0,0,0,0,0,0,0,0,0,0,0,0,0,0,0,0,0,0,0,0,0,-0.17001,0.138833,0.112153,0.365476,-0.401409,-0.0601214,-0.762302,-0.566173,0.221445,0.201718,-0.095586,0.318173,-0.507456,0.473061,-0.28502,-0.017087,0.566629,0.214327,0.297856,0.0251729,-0.154141,0.072789,0.297898,-0.586591,-0.113575,0.713547,-0.000405492,-0.0103792,-0.124624,1.43127,3.70295,-8.351,-11.693,5.09366,5.50204,4.70414,7.20994,2.28258,11.1193,0.0738798,-0.63047,0.677841,-6.36672,1.12808,-0.923636,-0.893971,0.0669938,0.724663,1.03429,0.80011,-3.9543,-0.296227,0.286034,2.7992,0.304068,0.108483,0.195485,-0.409807,-29.4729,4.19523,6.77531,-7.29218,-1.97621,-0.931047,20.1458,3.569,-0.847181,14.0091,0.650478,0.784384,5.13516,-9.78063,-6.30489,-6.15189,4.15099,1.07485,-2.35637,-0.0533272,-0.424832,0.198369,-4.19982,3.89014,1.19316,-0.907595,-0.0304894,-0.124018,0.301665,0,0,0,0,0,0,0,0,0,0,0,0,0,0,0,0,0,0,0,0,0,0,0,0,0,0,0,0,0,2.55789,2.55789,2.55789,6.3088,6.3088,1.81445,2.55789,2.55789,1.81445,6.3088,6.3088,0.907223,0.907223,1.81445,1.81445,0.907223,0.907223,1.81445,1.81445,0.907223,0.907223,0.907223,0.907223,0.907223,0.907223,1.06814,1.06814,1.06814,1.06814,40.1792,40.1792,40.1792,99.0984,99.0984,28.5012,40.1792,40.1792,28.5012,99.0984,99.0984,14.2506,14.2506,28.5012,28.5012,14.2506,14.2506,28.5012,28.5012,14.2506,14.2506,14.2506,14.2506,14.2506,14.2506,16.7783,16.7783,16.7783,16.7783,0,0,0,0,0,0,0,0,0,0,0,0,0,0,0,0,0,0,0,0,0,0,0,0,0,0,0,0,0,0,0,0,0,0,0,0,0,0,0,0,0,0,0,0,0,0,0,0,0,0,0,0,0,0,0,0,0,0,0,0,0,0,0,0,0,0,0,0,0,0,0,0,0,0,0,0,0,0,0,0,0,0,0,0,0,0,0,0,0,0,0,0,0,0,0,0,0,0,0,0,0,0,0,0,0,0,0,0,0,0,0,0,0,0,0,0,0,-0.735514,-1.45851,-0.980182,-1.40789,-1.12822,-1.3392,1.20392,-0.948903,-1.03176,0.468683,0.0749279,0.0989776,-0.0425092,0.471477,-1.10527,-0.0552696,0.0729037,-0.0910358,1.2263,-0.349599,-0.117665,0.519242,-1.26413,0.674039,-0.983749,-1.4781,-3.69936,1.73294,0.371762,-1.07689,0.866768,0.0146227,-0.917186,0.671458,-0.692168,-0.5236,-0.232637,0.380145,-0.342263,-0.191422,0.295618,1.27668,-0.087267,0.00641318,0.0434093,-0.452506,-0.587341,-0.417469,0.72801,0.205554,0.2618,0.0319739,-0.0516054,-0.43145,-0.294811,-0.616167,0.0328617,0.635125,-0.00678225,0.038684,-0.11012,1.965,-0.993728,0.0753129,-0.0826631,0.6,0,0,0.231897,0.144747,1.66057
10.0122,-1.49477,-5.60051,0.784773,0.288424,0.576428,-0.746241,-1.45106,-0.956433,10.0122,-1.49477,-5.60051,0.784773,0.288424,0.576428,-0.746241,-1.45106,-0.956433,-0.831288,0.705582,-1.03732,-0.5236,-1.05349,0.150429,-0.508722,0.106832,0.412044,1.0774,-0.087267,-0.0706733,0.20599,-0.606791,-0.541661,-0.365877,0.873242,0.135665,0.2618,-0.011374,0.0318524,-0.445467,-0.256987,-1.19934,-0.285076,0.60339,-0.0205971,0.0426501,-0.0985084,0,0,0,0,0,0,0,0,0,0,0,0,0,0,0,0,0,0,0,0,0,0,0,0,0,0,0,0,0,-0.193976,0.229873,-0.0777761,0.167499,-0.35371,0.0474595,-0.684093,-0.437031,0.225262,0.436854,-0.0937103,0.266216,-0.452119,0.344399,-0.240603,-0.0385981,0.558398,0.20849,0.301002,0.0294164,-0.127097,-0.0383612,0.297663,-0.582736,-0.0707066,0.717115,-0.0013506,0.00245854,-0.123289,-3.51287,6.04372,-11.0325,-10.5704,2.14493,5.60166,4.00942,7.00478,-1.4308,13.4434,0.223503,-3.80094,4.70935,-7.53354,3.30598,-1.0971,-0.0272885,-0.532631,-0.241689,0.0473178,1.55208,-6.68531,0.169606,0.236585,1.93624,0.0867349,-0.0876108,0.8401,0.2367,-21.5452,3.3405,3.11499,-3.08441,-1.58386,-0.7082,3.8592,-7.61384,3.86853,0.0851091,-0.649618,-0.388252,3.21118,-9.67715,-15.621,-4.40318,2.52662,0.827704,-0.846593,-0.00123441,-0.363788,0.374356,-8.58299,-0.681151,-0.324021,-1.49919,0.00363824,-0.28349,-0.0281946,0,0,0,0,0,0,0,0,0,0,0,0,0,0,0,0,0,0,0,0,0,0,0,0,0,0,0,0,0,2.55789,2.55789,2.55789,6.3088,6.3088,1.81445,2.55789,2.55789,1.81445,6.3088,6.3088,0.907223,0.907223,1.81445,1.81445,0.907223,0.907223,1.81445,1.81445,0.907223,0.907223,0.907223,0.907223,0.907223,0.907223,1.06814,1.06814,1.06814,1.06814,40.1792,40.1792,40.1792,99.0984,99.0984,28.5012,40.1792,40.1792,28.5012,99.0984,99.0984,14.2506,14.2506,28.5012,28.5012,14.2506,14.2506,28.5012,28.5012,14.2506,14.2506,14.2506,14.2506,14.2506,14.2506,16.7783,16.7783,16.7783,16.7783,0,0,0,0,0,0,0,0,0,0,0,0,0,0,0,0,0,0,0,0,0,0,0,0,0,0,0,0,0,0,0,0,0,0,0,0,0,0,0,0,0,0,0,0,0,0,0,0,0,0,0,0,0,0,0,0,0,0,0,0,0,0,0,0,0,0,0,0,0,0,0,0,0,0,0,0,0,0,0,0,0,0,0,0,0,0,0,0,0,0,0,0,0,0,0,0,0,0,0,0,0,0,0,0,0,0,0,0,0,0,0,0,0,0,0,0,0,-0.746241,-1.45106,-0.956433,-1.29026,-1.04198,-1.23504,1.53506,-2.27861,-1.38354,0.30933,-0.650001,0.469678,0.0730802,0.0455035,-0.948391,-0.359279,-0.0259339,-0.276468,1.28862,0.19511,0.0726266,0.572478,-1.89449,0.939501,-1.01571,-1.32224,-4.35416,1.16467,-1.96911,-2.08153,0.342992,-0.161142,-0.831288,0.705582,-1.03732,-0.5236,-1.05349,0.150429,-0.508722,0.106832,0.412044,1.0774,-0.087267,-0.0706733,0.20599,-0.606791,-0.541661,-0.365877,0.873242,0.135665,0.2618,-0.011374,0.0318524,-0.445467,-0.256987,-1.19934,-0.285076,0.60339,-0.0205971,0.0426501,-0.0985084,0.697,-0.99284,0.0810953,-0.0877085,0.6,0,0,0.231897,0.144747,1.66057
25.622,17.7217,7.72804,2.00584,-0.0498141,0.32058,-0.745816,-1.43355,-0.927229,25.622,17.7217,7.72804,2.00584,-0.0498141,0.32058,-0.745816,-1.43355,-0.927229,-0.545141,0.763794,-0.764386,-0.5236,-1.08122,-0.319605,-0.353985,0.498661,0.454892,0.963295,-0.087267,-0.00687005,0.176538,-0.412523,-0.34322,-0.410537,1.18752,0.185497,0.2618,0.00515742,0.342802,-0.300429,0.083782,-1.29001,-0.38942,0.618948,-0.0168419,0.043296,-0.136143,0,0,0,0,0,0,0,0,0,0,0,0,0,0,0,0,0,0,0,0,0,0,0,0,0,0,0,0,0,-0.301065,0.367325,-0.350789,-0.0437272,-0.536124,0.0921379,-0.589724,-0.260984,0.19584,0.663882,-0.0875188,0.175712,-0.347097,0.153987,-0.171125,-0.0532648,0.56937,0.178642,0.294726,0.0188222,-0.0855075,-0.164779,0.308514,-0.591052,-0.0622005,0.709963,-0.00645636,0.0194409,-0.109043,-3.95781,5.67409,-11.3677,-9.27437,-8.33896,1.16388,3.9414,8.26952,-0.551481,7.99633,0.17797,-3.92162,3.35207,-8.98446,2.89361,0.439458,0.247591,-1.41592,0.0152571,-0.496872,1.85243,-4.99772,0.456927,-1.40445,-0.152196,0.0289205,-0.224666,0.725984,0.677965,-10.7,-0.927095,1.4674,10.511,1.42787,-0.478046,-6.54257,-5.94256,7.36998,-10.307,-1.18153,0.0134136,4.704,-5.91462,-15.788,-4.55176,4.00207,1.43256,-0.904314,0.0230183,0.0360966,0.53931,-8.57969,-7.65604,-3.05475,-1.64477,0.00344413,-0.344327,-0.534802,0,0,0,0,0,0,0,0,0,0,0,0,0,0,0,0,0,0,0,0,0,0,0,0,0,0,0,0,0,2.55789,2.55789,2.55789,6.3088,6.3088,1.81445,2.55789,2.55789,1.81445,6.3088,6.3088,0.907223,0.907223,1.81445,1.81445,0.907223,0.907223,1.81445,1.81445,0.907223,0.907223,0.907223,0.907223,0.907223,0.907223,1.06814,1.06814,1.06814,1.06814,40.1792,40.1792,40.1792,99.0984,99.0984,28.5012,40.1792,40.1792,28.5012,99.0984,99.0984,14.2506,14.2506,28.5012,28.5012,14.2506,14.2506,28.5012,28.5012,14.2506,14.2506,14.2506,14.2506,14.2506,14.2506,16.7783,16.7783,16.7783,16.7783,0,0,0,0,0,0,0,0,0,0,0,0,0,0,0,0,0,0,0,0,0,0,0,0,0,0,0,0,0,0,0,0,0,0,0,0,0,0,0,0,0,0,0,0,0,0,0,0,0,0,0,0,0,0,0,0,0,0,0,0,0,0,0,0,0,0,0,0,0,0,0,0,0,0,0,0,0,0,0,0,0,0,0,0,0,0,0,0,0,0,0,0,0,0,0,0,0,0,0,0,0,0,0,0,0,0,0,0,0,0,0,0,0,0,0,0,0,-0.745816,-1.43355,-0.927229,-1.39208,-0.264989,-0.782576,2.25164,-2.48534,-0.940593,0.422953,-0.887917,0.402523,-0.0164716,0.254336,-0.425792,-0.0766776,0.0117594,-0.226063,1.39494,0.910718,0.781623,0.581147,-1.39602,1.0372,-0.685008,-1.8274,-5.05846,0.839258,-2.0482,-1.61664,-0.728732,-0.0156644,-0.545141,0.763794,-0.764386,-0.5236,-1.08122,-0.319605,-0.353985,0.498661,0.454892,0.963295,-0.087267,-0.00687005,0.176538,-0.412523,-0.34322,-0.410537,1.18752,0.185497,0.2618,0.00515742,0.342802,-0.300429,0.083782,-1.29001,-0.38942,0.618948,-0.0168419,0.043296,-0.136143,3.27,-0.990646,0.0926048,-0.100221,0.6,0,0,0.232706,0.146009,1.55896
2.03212,0.0380802,1.94166,2.44434,-0.206112,-0.61401,-0.703545,-1.43918,-0.927475,2.03212,0.0380802,1.94166,2.44434,-0.206112,-0.61401,-0.703545,-1.43918,-0.927475,-0.253299,1.02132,-0.695081,-0.5236,-0.661678,-0.52,-0.352395,0.403005,0.263561,0.821222,-0.087267,-0.050596,0.0922778,-0.0709933,-0.284226,-0.337507,1.17348,0.150156,0.2618,0.0450537,0.566111,-0.092431,0.347439,-0.983797,-0.35589,0.623414,-0.00161379,0.0294467,-0.142374,0,0,0,0,0,0,0,0,0,0,0,0,0,0,0,0,0,0,0,0,0,0,0,0,0,0,0,0,0,-0.365484,0.463025,-0.48659,-0.144294,-0.673741,0.012422,-0.506172,-0.103011,0.215398,0.767148,-0.0848643,0.123411,-0.302741,-0.00826703,-0.135998,-0.034322,0.580842,0.151615,0.289086,0.0135393,-0.00345306,-0.217866,0.310601,-0.626916,-0.0797964,0.708809,-0.00902757,0.031704,-0.104469,-3.83365,4.5341,-5.55767,-1.6527,-6.70524,-5.55218,5.10222,8.98646,2.14076,4.38488,0.0805965,-2.291,2.20881,-8.81517,1.12912,1.25435,1.16557,-1.36036,-0.184884,-0.188155,5.51808,-2.01982,-0.245088,-2.34536,-1.49769,-0.195155,-0.102951,0.578451,0.0225856,2.30026,0.280284,3.4707,-23.1716,2.17436,0.552772,-6.33091,1.88752,3.39656,-8.79737,-0.801897,0.246378,4.88266,4.16161,-8.2844,-6.4314,7.7698,3.48827,-0.331534,0.0564434,0.0830203,0.696913,-3.12893,-7.45198,-3.16368,-1.32478,-0.0184386,-0.433594,-0.587318,0,0,0,0,0,0,0,0,0,0,0,0,0,0,0,0,0,0,0,0,0,0,0,0,0,0,0,0,0,2.55789,2.55789,2.55789,6.3088,6.3088,1.81445,2.55789,2.55789,1.81445,6.3088,6.3088,0.907223,0.907223,1.81445,1.81445,0.907223,0.907223,1.81445,1.81445,0.907223,0.907223,0.907223,0.907223,0.907223,0.907223,1.06814,1.06814,1.06814,1.06814,40.1792,40.1792,40.1792,99.0984,99.0984,28.5012,40.1792,40.1792,28.5012,99.0984,99.0984,14.2506,14.2506,28.5012,28.5012,14.2506,14.2506,28.5012,28.5012,14.2506,14.2506,14.2506,14.2506,14.2506,14.2506,16.7783,16.7783,16.7783,16.7783,0,0,0,0,0,0,0,0,0,0,0,0,0,0,0,0,0,0,0,0,0,0,0,0,0,0,0,0,0,0,0,0,0,0,0,0,0,0,0,0,0,0,0,0,0,0,0,0,0,0,0,0,0,0,0,0,0,0,0,0,0,0,0,0,0,0,0,0,0,0,0,0,0,0,0,0,0,0,0,0,0,0,0,0,0,0,0,0,0,0,0,0,0,0,0,0,0,0,0,0,0,0,0,0,0,0,0,0,0,0,0,0,0,0,0,0,0,-0.703545,-1.43918,-0.927475,-1.22557,0.336175,-0.648064,2.21964,-1.78714,-0.161872,0.342371,-0.811465,0.210402,-0.238382,0.314279,0.107208,-0.0737743,0.102727,-0.0216613,1.86527,0.736019,1.29079,0.395252,-1.26945,0.600946,-0.210752,-1.91103,-5.13013,0.434099,-0.851756,-0.62038,-1.94722,-0.115364,-0.253299,1.02132,-0.695081,-0.5236,-0.661678,-0.52,-0.352395,0.403005,0.263561,0.821222,-0.087267,-0.050596,0.0922778,-0.0709933,-0.284226,-0.337507,1.17348,0.150156,0.2618,0.0450537,0.566111,-0.092431,0.347439,-0.983797,-0.35589,0.623414,-0.00161379,0.0294467,-0.142374,0.757,-0.991351,0.0849011,-0.100076,0.6,0,0,0.249957,0.153584,3
4.99659,-9.16541,0.879714,1.63425,-0.0117264,-1.1077,-0.550904,-1.44971,-1.0399,4.99659,-9.16541,0.879714,1.63425,-0.0117264,-1.1077,-0.550904,-1.44971,-1.0399,-0.248446,1.04783,-0.424853,-0.5236,-0.821746,-0.52,-0.37522,0.156045,0.233767,0.898035,-0.087267,-0.0784751,0.0385288,-0.113634,-0.375661,-0.147435,0.95415,0.0924958,0.2618,0.0593958,0.706325,0.033224,0.580109,-0.811964,-0.323764,0.615743,0.0108172,0.0269206,-0.147141,0,0,0,0,0,0,0,0,0,0,0,0,0,0,0,0,0,0,0,0,0,0,0,0,0,0,0,0,0,-0.417466,0.54068,-0.551249,-0.142076,-0.679222,-0.126792,-0.396653,0.0590272,0.252576,0.817658,-0.0830689,0.0752579,-0.271693,-0.16053,-0.138955,-0.0136506,0.62698,0.121206,0.282899,0.018082,0.139666,-0.208094,0.301516,-0.665398,-0.123475,0.697944,-0.00745124,0.0363997,-0.108945,-1.47363,3.513,-2.06551,0.757411,0.249551,-6.57519,5.39696,7.23445,1.53284,1.47054,0.0324012,-2.3464,1.0371,-6.40119,-0.73355,0.920337,3.13812,-1.25321,-0.07022,0.330229,7.32852,1.27086,-0.58367,-1.54793,-2.32276,-0.715523,0.112368,0.0551262,-0.326532,10.8379,10.4283,-0.2849,-42.1014,0.18696,0.740594,-11.7688,-4.62695,-2.49851,-9.52296,-0.670786,0.314245,4.19274,14.3202,-2.95131,-5.42072,5.17917,3.21637,-0.328608,0.0874497,-0.476976,0.541148,1.14104,-3.11461,-1.23916,-0.525547,-0.0210883,-0.196672,-0.22771,0,0,0,0,0,0,0,0,0,0,0,0,0,0,0,0,0,0,0,0,0,0,0,0,0,0,0,0,0,2.55789,2.55789,2.55789,6.3088,6.3088,1.81445,2.55789,2.55789,1.81445,6.3088,6.3088,0.907223,0.907223,1.81445,1.81445,0.907223,0.907223,1.81445,1.81445,0.907223,0.907223,0.907223,0.907223,0.907223,0.907223,1.06814,1.06814,1.06814,1.06814,40.1792,40.1792,40.1792,99.0984,99.0984,28.5012,40.1792,40.1792,28.5012,99.0984,99.0984,14.2506,14.2506,28.5012,28.5012,14.2506,14.2506,28.5012,28.5012,14.2506,14.2506,14.2506,14.2506,14.2506,14.2506,16.7783,16.7783,16.7783,16.7783,0,0,0,0,0,0,0,0,0,0,0,0,0,0,0,0,0,0,0,0,0,0,0,0,0,0,0,0,0,0,0,0,0,0,0,0,0,0,0,0,0,0,0,0,0,0,0,0,0,0,0,0,0,0,0,0,0,0,0,0,0,0,0,0,0,0,0,0,0,0,0,0,0,0,0,0,0,0,0,0,0,0,0,0,0,0,0,0,0,0,0,0,0,0,0,0,0,0,0,0,0,0,0,0,0,0,0,0,0,0,0,0,0,0,0,0,0,-0.550904,-1.44971,-1.0399,-0.792187,0.866685,-0.856543,1.71954,-1.39534,-0.259097,0.2109,-0.738214,0.0878495,-0.251557,0.211314,0.116071,-0.115461,0.135428,0.145196,1.91369,0.28499,1.61049,0.361346,-0.775921,0.533012,0.0757541,-1.97503,-4.94326,0.653152,-1.30823,-0.731355,-2.12895,-0.178931,-0.248446,1.04783,-0.424853,-0.5236,-0.821746,-0.52,-0.37522,0.156045,0.233767,0.898035,-0.087267,-0.0784751,0.0385288,-0.113634,-0.375661,-0.147435,0.95415,0.0924958,0.2618,0.0593958,0.706325,0.033224,0.580109,-0.811964,-0.323764,0.615743,0.0108172,0.0269206,-0.147141,0.852,-0.992678,0.0632309,-0.102923,0.6,0,0,0.249957,0.153584,3
8.5405,-8.372,2.52726,0.481974,-0.0285504,-0.72706,-0.366914,-1.46007,-1.20409,8.5405,-8.372,2.52726,0.481974,-0.0285504,-0.72706,-0.366914,-1.46007,-1.20409,-0.235779,1.08605,-0.10687,-0.5236,-1.07176,-0.52,-0.244627,0.126085,0.228262,0.709871,-0.087267,-0.102035,0.00771142,-0.172175,-0.360955,-0.0813157,0.795699,0.0715171,0.2618,0.0359953,0.680208,0.0536023,0.628478,-0.816554,-0.347018,0.612256,0.00830343,0.0228707,-0.148324,0,0,0,0,0,0,0,0,0,0,0,0,0,0,0,0,0,0,0,0,0,0,0,0,0,0,0,0,0,-0.419023,0.608703,-0.528302,-0.12656,-0.715297,-0.237755,-0.319413,0.178177,0.283665,0.811737,-0.096148,0.0189811,-0.268191,-0.253989,-0.160747,0.00279348,0.700805,0.100541,0.28009,0.0265691,0.294182,-0.156797,0.295523,-0.684548,-0.167315,0.681796,-0.00272854,0.0333815,-0.117965,1.01675,3.0356,2.46328,0.693533,-1.72486,-4.71834,2.6125,4.75986,1.54458,-0.950571,-0.680963,-3.16425,-0.700968,-3.20396,-1.24086,0.435454,3.94043,-0.857553,-0.0945949,0.44868,7.38785,2.80334,-0.549771,-0.651345,-1.70702,0.60512,0.241655,-0.306178,-0.480619,4.8927,9.81828,-1.80677,-43.7515,0.337056,0.545935,-9.29055,-13.3917,-4.19309,14.3873,5.18754,1.35019,4.78034,10.1876,-3.94761,-2.65606,0.16431,1.34579,-0.316059,0.0630975,-0.785446,0.189657,4.40874,-1.20906,-0.626544,-1.19022,-0.0321944,0.285681,0.0274336,0,0,0,0,0,0,0,0,0,0,0,0,0,0,0,0,0,0,0,0,0,0,0,0,0,0,0,0,0,2.55789,2.55789,2.55789,6.3088,6.3088,1.81445,2.55789,2.55789,1.81445,6.3088,6.3088,0.907223,0.907223,1.81445,1.81445,0.907223,0.907223,1.81445,1.81445,0.907223,0.907223,0.907223,0.907223,0.907223,0.907223,1.06814,1.06814,1.06814,1.06814,40.1792,40.1792,40.1792,99.0984,99.0984,28.5012,40.1792,40.1792,28.5012,99.0984,99.0984,14.2506,14.2506,28.5012,28.5012,14.2506,14.2506,28.5012,28.5012,14.2506,14.2506,14.2506,14.2506,14.2506,14.2506,16.7783,16.7783,16.7783,16.7783,0,0,0,0,0,0,0,0,0,0,0,0,0,0,0,0,0,0,0,0,0,0,0,0,0,0,0,0,0,0,0,0,0,0,0,0,0,0,0,0,0,0,0,0,0,0,0,0,0,0,0,0,0,0,0,0,0,0,0,0,0,0,0,0,0,0,0,0,0,0,0,0,0,0,0,0,0,0,0,0,0,0,0,0,0,0,0,0,0,0,0,0,0,0,0,0,0,0,0,0,0,0,0,0,0,0,0,0,0,0,0,0,0,0,0,0,0,-0.366914,-1.46007,-1.20409,-0.641428,0.976972,-0.823014,1.35825,-1.40581,-0.392575,0.163066,-0.791236,0.0175828,-0.336345,0.164501,0.139204,0.123045,0.0820729,0.111454,1.98348,0.230272,1.55094,0.306985,-0.19518,0.52046,0.122219,-1.9909,-4.60847,0.116553,-2.02121,-0.573592,-2.37997,-0.232649,-0.235779,1.08605,-0.10687,-0.5236,-1.07176,-0.52,-0.244627,0.126085,0.228262,0.709871,-0.087267,-0.102035,0.00771142,-0.172175,-0.360955,-0.0813157,0.795699,0.0715171,0.2618,0.0359953,0.680208,0.0536023,0.628478,-0.816554,-0.347018,0.612256,0.00830343,0.0228707,-0.148324,1.145,-0.993876,0.0396396,-0.103143,0.6,0,0,0.254253,0.160651,1.63049
31.8077,-4.75355,0.392049,0.0883343,-0.105907,0.356036,-0.351457,-1.45922,-1.21537,31.8077,-4.75355,0.392049,0.0883343,-0.105907,0.356036,-0.351457,-1.45922,-1.21537,0.0695481,1.20241,0.184262,-0.462825,-0.528065,-0.52,-0.360521,-0.358056,0.158192,0.154881,-0.087267,-0.279235,-0.041471,0.0666472,-0.355655,-0.0596568,0.541995,0.023953,0.2618,0.029583,0.471547,-0.193815,0.389038,-0.780236,-0.379106,0.614624,0.00133522,0.0313843,-0.118963,0,0,0,0,0,0,0,0,0,0,0,0,0,0,0,0,0,0,0,0,0,0,0,0,0,0,0,0,0,-0.382613,0.66992,-0.424583,-0.115737,-0.807883,-0.29057,-0.270084,0.24622,0.300487,0.781588,-0.0958799,-0.0407827,-0.29496,-0.306759,-0.190478,-0.00123025,0.768298,0.0918225,0.282306,0.0302711,0.414308,-0.101833,0.282881,-0.695762,-0.206627,0.711171,0.00093875,0.0373477,-0.125631,1.92031,2.95043,5.95863,0.421531,-4.29023,-0.68375,2.05199,2.40522,0.109551,-1.63822,0.0307793,-2.5981,-1.63667,-2.30957,-1.0461,-0.297267,2.92566,-0.136935,0.114202,0.133561,5.03447,2.57814,-0.379583,-0.504112,-2.21351,1.55037,0.15674,0.448972,-0.342617,0.492598,9.35979,-2.20126,-43.1494,0.773245,-4.86367,-4.99926,-11.2362,-2.53331,3.15068,0.808607,1.50775,5.66084,8.14266,-2.1312,-0.716692,-2.22639,-0.228861,-0.865413,-0.0350011,-0.812216,-0.103604,5.40132,-1.25512,-0.0533495,-3.31858,-0.0455528,-0.68379,-0.0205345,0,0,0,0,0,0,0,0,0,0,0,0,0,0,0,0,0,0,0,0,0,0,0,0,0,0,0,0,0,2.55789,2.55789,2.55789,6.3088,6.3088,1.81445,2.55789,2.55789,1.81445,6.3088,6.3088,0.907223,0.907223,1.81445,1.81445,0.907223,0.907223,1.81445,1.81445,0.907223,0.907223,0.907223,0.907223,0.907223,0.907223,1.06814,1.06814,1.06814,1.06814,40.1792,40.1792,40.1792,99.0984,99.0984,28.5012,40.1792,40.1792,28.5012,99.0984,99.0984,14.2506,14.2506,28.5012,28.5012,14.2506,14.2506,28.5012,28.5012,14.2506,14.2506,14.2506,14.2506,14.2506,14.2506,16.7783,16.7783,16.7783,16.7783,0,0,0,0,0,0,0,0,0,0,0,0,0,0,0,0,0,0,0,0,0,0,0,0,0,0,0,0,0,0,0,0,0,0,0,0,0,0,0,0,0,0,0,0,0,0,0,0,0,0,0,0,0,0,0,0,0,0,0,0,0,0,0,0,0,0,0,0,0,0,0,0,0,0,0,0,0,0,0,0,0,0,0,0,0,0,0,0,0,0,0,0,0,0,0,0,0,0,0,0,0,0,0,0,0,0,0,0,0,0,0,0,0,0,0,0,0,-0.351457,-1.45922,-1.21537,-0.592043,0.431026,-0.81093,0.779782,-1.323,0.151962,0.0546153,-0.864399,-0.094558,-0.293011,0.196295,0.696832,-0.0886159,0.0674522,0.0179222,2.19599,-0.653928,1.07517,0.42126,0.336523,0.360694,-0.441918,-1.5968,-3.22769,-1.46614,-0.470725,-0.0161958,-2.53407,-0.636684,0.0695481,1.20241,0.184262,-0.462825,-0.528065,-0.52,-0.360521,-0.358056,0.158192,0.154881,-0.087267,-0.279235,-0.041471,0.0666472,-0.355655,-0.0596568,0.541995,0.023953,0.2618,0.029583,0.471547,-0.193815,0.389038,-0.780236,-0.379106,0.614624,0.00133522,0.0313843,-0.118963,0.655,-0.993782,0.0383336,-0.104542,0.6,0,0,0.254253,0.160651,1.63049
